election,year,chamber,region,province,list_position,candidate,sex,is_titular,is_elected,abbreviation,coalicion,socios_coalicion,printed_party,printed_abbr,source_doc,lector
autonomous_2015_03,2015,Parlamento de Andalucía,Andalucia,Almería,1,Marta Bosquet Aznar,Mujer,TRUE,TRUE,Cs,FALSE,,CIUDADANOS-PARTIDO DE LA CIUDADANÍA (C's),,https://www.juntadeandalucia.es/eboja/2015/37/BOJA15-037-00047-3345-01_00064612.pdf,andalucia
autonomous_2015_03,2015,Parlamento de Andalucía,Andalucia,Almería,2,David Bonillo Viciana,Hombre,TRUE,FALSE,Cs,FALSE,,CIUDADANOS-PARTIDO DE LA CIUDADANÍA (C's),,https://www.juntadeandalucia.es/eboja/2015/37/BOJA15-037-00047-3345-01_00064612.pdf,andalucia
autonomous_2015_03,2015,Parlamento de Andalucía,Andalucia,Almería,3,Rosa Alcaraz Pardo,Mujer,TRUE,FALSE,Cs,FALSE,,CIUDADANOS-PARTIDO DE LA CIUDADANÍA (C's),,https://www.juntadeandalucia.es/eboja/2015/37/BOJA15-037-00047-3345-01_00064612.pdf,andalucia
autonomous_2015_03,2015,Parlamento de Andalucía,Andalucia,Almería,4,Juan Jesús Cano Castañeda,Hombre,TRUE,FALSE,Cs,FALSE,,CIUDADANOS-PARTIDO DE LA CIUDADANÍA (C's),,https://www.juntadeandalucia.es/eboja/2015/37/BOJA15-037-00047-3345-01_00064612.pdf,andalucia
autonomous_2015_03,2015,Parlamento de Andalucía,Andalucia,Almería,5,Almudena Serrano Felices,Mujer,TRUE,FALSE,Cs,FALSE,,CIUDADANOS-PARTIDO DE LA CIUDADANÍA (C's),,https://www.juntadeandalucia.es/eboja/2015/37/BOJA15-037-00047-3345-01_00064612.pdf,andalucia
autonomous_2015_03,2015,Parlamento de Andalucía,Andalucia,Almería,6,Diego Clemente Giménez,Hombre,TRUE,FALSE,Cs,FALSE,,CIUDADANOS-PARTIDO DE LA CIUDADANÍA (C's),,https://www.juntadeandalucia.es/eboja/2015/37/BOJA15-037-00047-3345-01_00064612.pdf,andalucia
autonomous_2015_03,2015,Parlamento de Andalucía,Andalucia,Almería,7,Concepción Maria Samper Márquez,Mujer,TRUE,FALSE,Cs,FALSE,,CIUDADANOS-PARTIDO DE LA CIUDADANÍA (C's),,https://www.juntadeandalucia.es/eboja/2015/37/BOJA15-037-00047-3345-01_00064612.pdf,andalucia
autonomous_2015_03,2015,Parlamento de Andalucía,Andalucia,Almería,8,Leonardo Federico García Barrera,Hombre,TRUE,FALSE,Cs,FALSE,,CIUDADANOS-PARTIDO DE LA CIUDADANÍA (C's),,https://www.juntadeandalucia.es/eboja/2015/37/BOJA15-037-00047-3345-01_00064612.pdf,andalucia
autonomous_2015_03,2015,Parlamento de Andalucía,Andalucia,Almería,9,Maria Isabel Hernández Orlandi,Mujer,TRUE,FALSE,Cs,FALSE,,CIUDADANOS-PARTIDO DE LA CIUDADANÍA (C's),,https://www.juntadeandalucia.es/eboja/2015/37/BOJA15-037-00047-3345-01_00064612.pdf,andalucia
autonomous_2015_03,2015,Parlamento de Andalucía,Andalucia,Almería,10,José Luis Túnez Cano,Hombre,TRUE,FALSE,Cs,FALSE,,CIUDADANOS-PARTIDO DE LA CIUDADANÍA (C's),,https://www.juntadeandalucia.es/eboja/2015/37/BOJA15-037-00047-3345-01_00064612.pdf,andalucia
autonomous_2015_03,2015,Parlamento de Andalucía,Andalucia,Almería,11,Carmen Díaz Rodríguez,Mujer,TRUE,FALSE,Cs,FALSE,,CIUDADANOS-PARTIDO DE LA CIUDADANÍA (C's),,https://www.juntadeandalucia.es/eboja/2015/37/BOJA15-037-00047-3345-01_00064612.pdf,andalucia
autonomous_2015_03,2015,Parlamento de Andalucía,Andalucia,Almería,12,Roberto Jesús Baca Rodríguez,Hombre,TRUE,FALSE,Cs,FALSE,,CIUDADANOS-PARTIDO DE LA CIUDADANÍA (C's),,https://www.juntadeandalucia.es/eboja/2015/37/BOJA15-037-00047-3345-01_00064612.pdf,andalucia
autonomous_2015_03,2015,Parlamento de Andalucía,Andalucia,Almería,1,Maria De Gádor Medina Robles,Mujer,FALSE,FALSE,Cs,FALSE,,CIUDADANOS-PARTIDO DE LA CIUDADANÍA (C's),,https://www.juntadeandalucia.es/eboja/2015/37/BOJA15-037-00047-3345-01_00064612.pdf,andalucia
autonomous_2015_03,2015,Parlamento de Andalucía,Andalucia,Almería,2,Pedro Maria Lázaro Giménez De Cisneros,Hombre,FALSE,FALSE,Cs,FALSE,,CIUDADANOS-PARTIDO DE LA CIUDADANÍA (C's),,https://www.juntadeandalucia.es/eboja/2015/37/BOJA15-037-00047-3345-01_00064612.pdf,andalucia
autonomous_2015_03,2015,Parlamento de Andalucía,Andalucia,Almería,3,Eva Maria García Cruz,Mujer,FALSE,FALSE,Cs,FALSE,,CIUDADANOS-PARTIDO DE LA CIUDADANÍA (C's),,https://www.juntadeandalucia.es/eboja/2015/37/BOJA15-037-00047-3345-01_00064612.pdf,andalucia
autonomous_2015_03,2015,Parlamento de Andalucía,Andalucia,Almería,4,Francisco Javier Abarca Martínez,Hombre,FALSE,FALSE,Cs,FALSE,,CIUDADANOS-PARTIDO DE LA CIUDADANÍA (C's),,https://www.juntadeandalucia.es/eboja/2015/37/BOJA15-037-00047-3345-01_00064612.pdf,andalucia
autonomous_2015_03,2015,Parlamento de Andalucía,Andalucia,Cádiz,1,Sergio Romero Jiménez,Hombre,TRUE,TRUE,Cs,FALSE,,CIUDADANOS-PARTIDO DE LA CIUDADANÍA (C's),,https://www.juntadeandalucia.es/eboja/2015/37/BOJA15-037-00047-3345-01_00064612.pdf,andalucia
autonomous_2015_03,2015,Parlamento de Andalucía,Andalucia,Cádiz,2,María de los Ángeles Noval Toimil,Mujer,TRUE,FALSE,Cs,FALSE,,CIUDADANOS-PARTIDO DE LA CIUDADANÍA (C's),,https://www.juntadeandalucia.es/eboja/2015/37/BOJA15-037-00047-3345-01_00064612.pdf,andalucia
autonomous_2015_03,2015,Parlamento de Andalucía,Andalucia,Cádiz,3,Francisco Javier del Cuvillo Llera,Hombre,TRUE,FALSE,Cs,FALSE,,CIUDADANOS-PARTIDO DE LA CIUDADANÍA (C's),,https://www.juntadeandalucia.es/eboja/2015/37/BOJA15-037-00047-3345-01_00064612.pdf,andalucia
autonomous_2015_03,2015,Parlamento de Andalucía,Andalucia,Cádiz,4,Crescencia Ronchel Pedrajas,Mujer,TRUE,FALSE,Cs,FALSE,,CIUDADANOS-PARTIDO DE LA CIUDADANÍA (C's),,https://www.juntadeandalucia.es/eboja/2015/37/BOJA15-037-00047-3345-01_00064612.pdf,andalucia
autonomous_2015_03,2015,Parlamento de Andalucía,Andalucia,Cádiz,5,Juan Luis Coma González,Hombre,TRUE,FALSE,Cs,FALSE,,CIUDADANOS-PARTIDO DE LA CIUDADANÍA (C's),,https://www.juntadeandalucia.es/eboja/2015/37/BOJA15-037-00047-3345-01_00064612.pdf,andalucia
autonomous_2015_03,2015,Parlamento de Andalucía,Andalucia,Cádiz,6,Lorena Jiménez Abad,Mujer,TRUE,FALSE,Cs,FALSE,,CIUDADANOS-PARTIDO DE LA CIUDADANÍA (C's),,https://www.juntadeandalucia.es/eboja/2015/37/BOJA15-037-00047-3345-01_00064612.pdf,andalucia
autonomous_2015_03,2015,Parlamento de Andalucía,Andalucia,Cádiz,7,Carlos Pérez González,Hombre,TRUE,FALSE,Cs,FALSE,,CIUDADANOS-PARTIDO DE LA CIUDADANÍA (C's),,https://www.juntadeandalucia.es/eboja/2015/37/BOJA15-037-00047-3345-01_00064612.pdf,andalucia
autonomous_2015_03,2015,Parlamento de Andalucía,Andalucia,Cádiz,8,Lucía Victoria Benítez Bernal,Mujer,TRUE,FALSE,Cs,FALSE,,CIUDADANOS-PARTIDO DE LA CIUDADANÍA (C's),,https://www.juntadeandalucia.es/eboja/2015/37/BOJA15-037-00047-3345-01_00064612.pdf,andalucia
autonomous_2015_03,2015,Parlamento de Andalucía,Andalucia,Cádiz,9,Juan Jiménez Ortiz,Hombre,TRUE,FALSE,Cs,FALSE,,CIUDADANOS-PARTIDO DE LA CIUDADANÍA (C's),,https://www.juntadeandalucia.es/eboja/2015/37/BOJA15-037-00047-3345-01_00064612.pdf,andalucia
autonomous_2015_03,2015,Parlamento de Andalucía,Andalucia,Cádiz,10,María del Carmen Ruiz Gallego,Mujer,TRUE,FALSE,Cs,FALSE,,CIUDADANOS-PARTIDO DE LA CIUDADANÍA (C's),,https://www.juntadeandalucia.es/eboja/2015/37/BOJA15-037-00047-3345-01_00064612.pdf,andalucia
autonomous_2015_03,2015,Parlamento de Andalucía,Andalucia,Cádiz,11,José Félix Nieto Villaseca,Hombre,TRUE,FALSE,Cs,FALSE,,CIUDADANOS-PARTIDO DE LA CIUDADANÍA (C's),,https://www.juntadeandalucia.es/eboja/2015/37/BOJA15-037-00047-3345-01_00064612.pdf,andalucia
autonomous_2015_03,2015,Parlamento de Andalucía,Andalucia,Cádiz,12,María Isabel Soto Fernández,Mujer,TRUE,FALSE,Cs,FALSE,,CIUDADANOS-PARTIDO DE LA CIUDADANÍA (C's),,https://www.juntadeandalucia.es/eboja/2015/37/BOJA15-037-00047-3345-01_00064612.pdf,andalucia
autonomous_2015_03,2015,Parlamento de Andalucía,Andalucia,Cádiz,13,José Luis Martín García,Hombre,TRUE,FALSE,Cs,FALSE,,CIUDADANOS-PARTIDO DE LA CIUDADANÍA (C's),,https://www.juntadeandalucia.es/eboja/2015/37/BOJA15-037-00047-3345-01_00064612.pdf,andalucia
autonomous_2015_03,2015,Parlamento de Andalucía,Andalucia,Cádiz,14,Magdalena Sánchez Taura,Mujer,TRUE,FALSE,Cs,FALSE,,CIUDADANOS-PARTIDO DE LA CIUDADANÍA (C's),,https://www.juntadeandalucia.es/eboja/2015/37/BOJA15-037-00047-3345-01_00064612.pdf,andalucia
autonomous_2015_03,2015,Parlamento de Andalucía,Andalucia,Cádiz,15,Álvaro Tobío Galán,Hombre,TRUE,FALSE,Cs,FALSE,,CIUDADANOS-PARTIDO DE LA CIUDADANÍA (C's),,https://www.juntadeandalucia.es/eboja/2015/37/BOJA15-037-00047-3345-01_00064612.pdf,andalucia
autonomous_2015_03,2015,Parlamento de Andalucía,Andalucia,Cádiz,1,María Arana Figueroa,Mujer,FALSE,FALSE,Cs,FALSE,,CIUDADANOS-PARTIDO DE LA CIUDADANÍA (C's),,https://www.juntadeandalucia.es/eboja/2015/37/BOJA15-037-00047-3345-01_00064612.pdf,andalucia
autonomous_2015_03,2015,Parlamento de Andalucía,Andalucia,Cádiz,2,Nicolás Fuentes Sanzo,Hombre,FALSE,FALSE,Cs,FALSE,,CIUDADANOS-PARTIDO DE LA CIUDADANÍA (C's),,https://www.juntadeandalucia.es/eboja/2015/37/BOJA15-037-00047-3345-01_00064612.pdf,andalucia
autonomous_2015_03,2015,Parlamento de Andalucía,Andalucia,Cádiz,3,María Jesús Herencia Montaño,Mujer,FALSE,FALSE,Cs,FALSE,,CIUDADANOS-PARTIDO DE LA CIUDADANÍA (C's),,https://www.juntadeandalucia.es/eboja/2015/37/BOJA15-037-00047-3345-01_00064612.pdf,andalucia
autonomous_2015_03,2015,Parlamento de Andalucía,Andalucia,Cádiz,4,Alberto Manuel Pérez Palacios,Hombre,FALSE,FALSE,Cs,FALSE,,CIUDADANOS-PARTIDO DE LA CIUDADANÍA (C's),,https://www.juntadeandalucia.es/eboja/2015/37/BOJA15-037-00047-3345-01_00064612.pdf,andalucia
autonomous_2015_03,2015,Parlamento de Andalucía,Andalucia,Córdoba,1,María Isabel Albás Vives,Mujer,TRUE,TRUE,Cs,FALSE,,CIUDADANOS-PARTIDO DE LA CIUDADANÍA (C's),,https://www.juntadeandalucia.es/eboja/2015/37/BOJA15-037-00047-3345-01_00064612.pdf,andalucia
autonomous_2015_03,2015,Parlamento de Andalucía,Andalucia,Córdoba,2,Pedro Hidalgo Romero,Hombre,TRUE,FALSE,Cs,FALSE,,CIUDADANOS-PARTIDO DE LA CIUDADANÍA (C's),,https://www.juntadeandalucia.es/eboja/2015/37/BOJA15-037-00047-3345-01_00064612.pdf,andalucia
autonomous_2015_03,2015,Parlamento de Andalucía,Andalucia,Córdoba,3,Soraya García Cejas,Mujer,TRUE,FALSE,Cs,FALSE,,CIUDADANOS-PARTIDO DE LA CIUDADANÍA (C's),,https://www.juntadeandalucia.es/eboja/2015/37/BOJA15-037-00047-3345-01_00064612.pdf,andalucia
autonomous_2015_03,2015,Parlamento de Andalucía,Andalucia,Córdoba,4,Alfonso Díaz Moreno,Hombre,TRUE,FALSE,Cs,FALSE,,CIUDADANOS-PARTIDO DE LA CIUDADANÍA (C's),,https://www.juntadeandalucia.es/eboja/2015/37/BOJA15-037-00047-3345-01_00064612.pdf,andalucia
autonomous_2015_03,2015,Parlamento de Andalucía,Andalucia,Córdoba,5,Antonia Martínez Moreno,Mujer,TRUE,FALSE,Cs,FALSE,,CIUDADANOS-PARTIDO DE LA CIUDADANÍA (C's),,https://www.juntadeandalucia.es/eboja/2015/37/BOJA15-037-00047-3345-01_00064612.pdf,andalucia
autonomous_2015_03,2015,Parlamento de Andalucía,Andalucia,Córdoba,6,Israel Ortega Padilla,Hombre,TRUE,FALSE,Cs,FALSE,,CIUDADANOS-PARTIDO DE LA CIUDADANÍA (C's),,https://www.juntadeandalucia.es/eboja/2015/37/BOJA15-037-00047-3345-01_00064612.pdf,andalucia
autonomous_2015_03,2015,Parlamento de Andalucía,Andalucia,Córdoba,7,Beatriz De Las Nieves Naranjo Monsalves,Mujer,TRUE,FALSE,Cs,FALSE,,CIUDADANOS-PARTIDO DE LA CIUDADANÍA (C's),,https://www.juntadeandalucia.es/eboja/2015/37/BOJA15-037-00047-3345-01_00064612.pdf,andalucia
autonomous_2015_03,2015,Parlamento de Andalucía,Andalucia,Córdoba,8,Francisco Fermín Ruiz Calzado,Hombre,TRUE,FALSE,Cs,FALSE,,CIUDADANOS-PARTIDO DE LA CIUDADANÍA (C's),,https://www.juntadeandalucia.es/eboja/2015/37/BOJA15-037-00047-3345-01_00064612.pdf,andalucia
autonomous_2015_03,2015,Parlamento de Andalucía,Andalucia,Córdoba,9,María Josefa Alcaide Aguilar,Mujer,TRUE,FALSE,Cs,FALSE,,CIUDADANOS-PARTIDO DE LA CIUDADANÍA (C's),,https://www.juntadeandalucia.es/eboja/2015/37/BOJA15-037-00047-3345-01_00064612.pdf,andalucia
autonomous_2015_03,2015,Parlamento de Andalucía,Andalucia,Córdoba,10,Norberto Pablo Sánchez Pérez,Hombre,TRUE,FALSE,Cs,FALSE,,CIUDADANOS-PARTIDO DE LA CIUDADANÍA (C's),,https://www.juntadeandalucia.es/eboja/2015/37/BOJA15-037-00047-3345-01_00064612.pdf,andalucia
autonomous_2015_03,2015,Parlamento de Andalucía,Andalucia,Córdoba,11,María Soledad Franco Roldán,Mujer,TRUE,FALSE,Cs,FALSE,,CIUDADANOS-PARTIDO DE LA CIUDADANÍA (C's),,https://www.juntadeandalucia.es/eboja/2015/37/BOJA15-037-00047-3345-01_00064612.pdf,andalucia
autonomous_2015_03,2015,Parlamento de Andalucía,Andalucia,Córdoba,12,Miguel Lorenzo Sánchez De Pedro Crespo,Hombre,TRUE,FALSE,Cs,FALSE,,CIUDADANOS-PARTIDO DE LA CIUDADANÍA (C's),,https://www.juntadeandalucia.es/eboja/2015/37/BOJA15-037-00047-3345-01_00064612.pdf,andalucia
autonomous_2015_03,2015,Parlamento de Andalucía,Andalucia,Córdoba,1,Luisa María Campos Delgado,Mujer,FALSE,FALSE,Cs,FALSE,,CIUDADANOS-PARTIDO DE LA CIUDADANÍA (C's),,https://www.juntadeandalucia.es/eboja/2015/37/BOJA15-037-00047-3345-01_00064612.pdf,andalucia
autonomous_2015_03,2015,Parlamento de Andalucía,Andalucia,Córdoba,2,Don. José Tomás Valverde Abril,,FALSE,FALSE,Cs,FALSE,,CIUDADANOS-PARTIDO DE LA CIUDADANÍA (C's),,https://www.juntadeandalucia.es/eboja/2015/37/BOJA15-037-00047-3345-01_00064612.pdf,andalucia
autonomous_2015_03,2015,Parlamento de Andalucía,Andalucia,Córdoba,3,Lourdes María Fernández De Castillejo Giménez,Mujer,FALSE,FALSE,Cs,FALSE,,CIUDADANOS-PARTIDO DE LA CIUDADANÍA (C's),,https://www.juntadeandalucia.es/eboja/2015/37/BOJA15-037-00047-3345-01_00064612.pdf,andalucia
autonomous_2015_03,2015,Parlamento de Andalucía,Andalucia,Córdoba,4,José Manuel Jiménez Pastor,Hombre,FALSE,FALSE,Cs,FALSE,,CIUDADANOS-PARTIDO DE LA CIUDADANÍA (C's),,https://www.juntadeandalucia.es/eboja/2015/37/BOJA15-037-00047-3345-01_00064612.pdf,andalucia
autonomous_2015_03,2015,Parlamento de Andalucía,Andalucia,Granada,1,José Antonio Funes Arjona,Hombre,TRUE,TRUE,Cs,FALSE,,CIUDADANOS-PARTIDO DE LA CIUDADANÍA (C's),,https://www.juntadeandalucia.es/eboja/2015/37/BOJA15-037-00047-3345-01_00064612.pdf,andalucia
autonomous_2015_03,2015,Parlamento de Andalucía,Andalucia,Granada,2,Silvia Torres Contreras,Mujer,TRUE,FALSE,Cs,FALSE,,CIUDADANOS-PARTIDO DE LA CIUDADANÍA (C's),,https://www.juntadeandalucia.es/eboja/2015/37/BOJA15-037-00047-3345-01_00064612.pdf,andalucia
autonomous_2015_03,2015,Parlamento de Andalucía,Andalucia,Granada,3,Joaquín José López-Sidro Gil,Hombre,TRUE,FALSE,Cs,FALSE,,CIUDADANOS-PARTIDO DE LA CIUDADANÍA (C's),,https://www.juntadeandalucia.es/eboja/2015/37/BOJA15-037-00047-3345-01_00064612.pdf,andalucia
autonomous_2015_03,2015,Parlamento de Andalucía,Andalucia,Granada,4,Estrella María Hurtado La Rubia,Mujer,TRUE,FALSE,Cs,FALSE,,CIUDADANOS-PARTIDO DE LA CIUDADANÍA (C's),,https://www.juntadeandalucia.es/eboja/2015/37/BOJA15-037-00047-3345-01_00064612.pdf,andalucia
autonomous_2015_03,2015,Parlamento de Andalucía,Andalucia,Granada,5,Ulises Najarro Martín,Hombre,TRUE,FALSE,Cs,FALSE,,CIUDADANOS-PARTIDO DE LA CIUDADANÍA (C's),,https://www.juntadeandalucia.es/eboja/2015/37/BOJA15-037-00047-3345-01_00064612.pdf,andalucia
autonomous_2015_03,2015,Parlamento de Andalucía,Andalucia,Granada,6,Rocío Villaescusa Villena,Mujer,TRUE,FALSE,Cs,FALSE,,CIUDADANOS-PARTIDO DE LA CIUDADANÍA (C's),,https://www.juntadeandalucia.es/eboja/2015/37/BOJA15-037-00047-3345-01_00064612.pdf,andalucia
autonomous_2015_03,2015,Parlamento de Andalucía,Andalucia,Granada,7,Héctor Luis Sánchez Delgado,Hombre,TRUE,FALSE,Cs,FALSE,,CIUDADANOS-PARTIDO DE LA CIUDADANÍA (C's),,https://www.juntadeandalucia.es/eboja/2015/37/BOJA15-037-00047-3345-01_00064612.pdf,andalucia
autonomous_2015_03,2015,Parlamento de Andalucía,Andalucia,Granada,8,Dolores Margarita Alcalá Valverde,Mujer,TRUE,FALSE,Cs,FALSE,,CIUDADANOS-PARTIDO DE LA CIUDADANÍA (C's),,https://www.juntadeandalucia.es/eboja/2015/37/BOJA15-037-00047-3345-01_00064612.pdf,andalucia
autonomous_2015_03,2015,Parlamento de Andalucía,Andalucia,Granada,9,José Baena Nievas,Hombre,TRUE,FALSE,Cs,FALSE,,CIUDADANOS-PARTIDO DE LA CIUDADANÍA (C's),,https://www.juntadeandalucia.es/eboja/2015/37/BOJA15-037-00047-3345-01_00064612.pdf,andalucia
autonomous_2015_03,2015,Parlamento de Andalucía,Andalucia,Granada,10,María Eugenia Puente Gil,Mujer,TRUE,FALSE,Cs,FALSE,,CIUDADANOS-PARTIDO DE LA CIUDADANÍA (C's),,https://www.juntadeandalucia.es/eboja/2015/37/BOJA15-037-00047-3345-01_00064612.pdf,andalucia
autonomous_2015_03,2015,Parlamento de Andalucía,Andalucia,Granada,11,Jesús Guijarro Muñoz,Hombre,TRUE,FALSE,Cs,FALSE,,CIUDADANOS-PARTIDO DE LA CIUDADANÍA (C's),,https://www.juntadeandalucia.es/eboja/2015/37/BOJA15-037-00047-3345-01_00064612.pdf,andalucia
autonomous_2015_03,2015,Parlamento de Andalucía,Andalucia,Granada,12,Mónica Anaya Rodríguez,Mujer,TRUE,FALSE,Cs,FALSE,,CIUDADANOS-PARTIDO DE LA CIUDADANÍA (C's),,https://www.juntadeandalucia.es/eboja/2015/37/BOJA15-037-00047-3345-01_00064612.pdf,andalucia
autonomous_2015_03,2015,Parlamento de Andalucía,Andalucia,Granada,13,Juan Miguel Perea Gámez,Hombre,TRUE,FALSE,Cs,FALSE,,CIUDADANOS-PARTIDO DE LA CIUDADANÍA (C's),,https://www.juntadeandalucia.es/eboja/2015/37/BOJA15-037-00047-3345-01_00064612.pdf,andalucia
autonomous_2015_03,2015,Parlamento de Andalucía,Andalucia,Granada,1,Elena Álvarez Ortega,Mujer,FALSE,FALSE,Cs,FALSE,,CIUDADANOS-PARTIDO DE LA CIUDADANÍA (C's),,https://www.juntadeandalucia.es/eboja/2015/37/BOJA15-037-00047-3345-01_00064612.pdf,andalucia
autonomous_2015_03,2015,Parlamento de Andalucía,Andalucia,Granada,2,José Antonio Sánchez Marín,Hombre,FALSE,FALSE,Cs,FALSE,,CIUDADANOS-PARTIDO DE LA CIUDADANÍA (C's),,https://www.juntadeandalucia.es/eboja/2015/37/BOJA15-037-00047-3345-01_00064612.pdf,andalucia
autonomous_2015_03,2015,Parlamento de Andalucía,Andalucia,Granada,3,María Sandra Bullejos Carrillo,Mujer,FALSE,FALSE,Cs,FALSE,,CIUDADANOS-PARTIDO DE LA CIUDADANÍA (C's),,https://www.juntadeandalucia.es/eboja/2015/37/BOJA15-037-00047-3345-01_00064612.pdf,andalucia
autonomous_2015_03,2015,Parlamento de Andalucía,Andalucia,Granada,4,César Robles Pérez,Hombre,FALSE,FALSE,Cs,FALSE,,CIUDADANOS-PARTIDO DE LA CIUDADANÍA (C's),,https://www.juntadeandalucia.es/eboja/2015/37/BOJA15-037-00047-3345-01_00064612.pdf,andalucia
autonomous_2015_03,2015,Parlamento de Andalucía,Andalucia,Huelva,1,Julio Jesús Díaz Robledo,Hombre,TRUE,TRUE,Cs,FALSE,,CIUDADANOS-PARTIDO DE LA CIUDADANÍA (C's),,https://www.juntadeandalucia.es/eboja/2015/37/BOJA15-037-00047-3345-01_00064612.pdf,andalucia
autonomous_2015_03,2015,Parlamento de Andalucía,Andalucia,Huelva,2,María Martín Leyras,Mujer,TRUE,FALSE,Cs,FALSE,,CIUDADANOS-PARTIDO DE LA CIUDADANÍA (C's),,https://www.juntadeandalucia.es/eboja/2015/37/BOJA15-037-00047-3345-01_00064612.pdf,andalucia
autonomous_2015_03,2015,Parlamento de Andalucía,Andalucia,Huelva,3,Pedro Pérez Duarte,Hombre,TRUE,FALSE,Cs,FALSE,,CIUDADANOS-PARTIDO DE LA CIUDADANÍA (C's),,https://www.juntadeandalucia.es/eboja/2015/37/BOJA15-037-00047-3345-01_00064612.pdf,andalucia
autonomous_2015_03,2015,Parlamento de Andalucía,Andalucia,Huelva,4,María Victoria Cáceres Titos,Mujer,TRUE,FALSE,Cs,FALSE,,CIUDADANOS-PARTIDO DE LA CIUDADANÍA (C's),,https://www.juntadeandalucia.es/eboja/2015/37/BOJA15-037-00047-3345-01_00064612.pdf,andalucia
autonomous_2015_03,2015,Parlamento de Andalucía,Andalucia,Huelva,5,Lorenzo Bermejo León,Hombre,TRUE,FALSE,Cs,FALSE,,CIUDADANOS-PARTIDO DE LA CIUDADANÍA (C's),,https://www.juntadeandalucia.es/eboja/2015/37/BOJA15-037-00047-3345-01_00064612.pdf,andalucia
autonomous_2015_03,2015,Parlamento de Andalucía,Andalucia,Huelva,6,Inmaculada C. Bellerín López,Mujer,TRUE,FALSE,Cs,FALSE,,CIUDADANOS-PARTIDO DE LA CIUDADANÍA (C's),,https://www.juntadeandalucia.es/eboja/2015/37/BOJA15-037-00047-3345-01_00064612.pdf,andalucia
autonomous_2015_03,2015,Parlamento de Andalucía,Andalucia,Huelva,7,Francisco Javier Gutiérrez Domínguez,Hombre,TRUE,FALSE,Cs,FALSE,,CIUDADANOS-PARTIDO DE LA CIUDADANÍA (C's),,https://www.juntadeandalucia.es/eboja/2015/37/BOJA15-037-00047-3345-01_00064612.pdf,andalucia
autonomous_2015_03,2015,Parlamento de Andalucía,Andalucia,Huelva,8,María Elena Bago Sotillo,Mujer,TRUE,FALSE,Cs,FALSE,,CIUDADANOS-PARTIDO DE LA CIUDADANÍA (C's),,https://www.juntadeandalucia.es/eboja/2015/37/BOJA15-037-00047-3345-01_00064612.pdf,andalucia
autonomous_2015_03,2015,Parlamento de Andalucía,Andalucia,Huelva,9,Mario Pérez Ortega,Hombre,TRUE,FALSE,Cs,FALSE,,CIUDADANOS-PARTIDO DE LA CIUDADANÍA (C's),,https://www.juntadeandalucia.es/eboja/2015/37/BOJA15-037-00047-3345-01_00064612.pdf,andalucia
autonomous_2015_03,2015,Parlamento de Andalucía,Andalucia,Huelva,10,Berta Dyllis Riverson Camacho,Mujer,TRUE,FALSE,Cs,FALSE,,CIUDADANOS-PARTIDO DE LA CIUDADANÍA (C's),,https://www.juntadeandalucia.es/eboja/2015/37/BOJA15-037-00047-3345-01_00064612.pdf,andalucia
autonomous_2015_03,2015,Parlamento de Andalucía,Andalucia,Huelva,11,Ginés Márquez Pérez,Hombre,TRUE,FALSE,Cs,FALSE,,CIUDADANOS-PARTIDO DE LA CIUDADANÍA (C's),,https://www.juntadeandalucia.es/eboja/2015/37/BOJA15-037-00047-3345-01_00064612.pdf,andalucia
autonomous_2015_03,2015,Parlamento de Andalucía,Andalucia,Huelva,1,Almudena González De Sande,Mujer,FALSE,FALSE,Cs,FALSE,,CIUDADANOS-PARTIDO DE LA CIUDADANÍA (C's),,https://www.juntadeandalucia.es/eboja/2015/37/BOJA15-037-00047-3345-01_00064612.pdf,andalucia
autonomous_2015_03,2015,Parlamento de Andalucía,Andalucia,Huelva,2,Emilio Sánchez Estévez,Hombre,FALSE,FALSE,Cs,FALSE,,CIUDADANOS-PARTIDO DE LA CIUDADANÍA (C's),,https://www.juntadeandalucia.es/eboja/2015/37/BOJA15-037-00047-3345-01_00064612.pdf,andalucia
autonomous_2015_03,2015,Parlamento de Andalucía,Andalucia,Huelva,3,María Deseada Delgado Luis,Mujer,FALSE,FALSE,Cs,FALSE,,CIUDADANOS-PARTIDO DE LA CIUDADANÍA (C's),,https://www.juntadeandalucia.es/eboja/2015/37/BOJA15-037-00047-3345-01_00064612.pdf,andalucia
autonomous_2015_03,2015,Parlamento de Andalucía,Andalucia,Huelva,4,Juan Carlos Ojeda Baena,Hombre,FALSE,FALSE,Cs,FALSE,,CIUDADANOS-PARTIDO DE LA CIUDADANÍA (C's),,https://www.juntadeandalucia.es/eboja/2015/37/BOJA15-037-00047-3345-01_00064612.pdf,andalucia
autonomous_2015_03,2015,Parlamento de Andalucía,Andalucia,Jaén,1,Andrés Blázquez Lechuga,Hombre,TRUE,FALSE,Cs,FALSE,,CIUDADANOS-PARTIDO DE LA CIUDADANÍA (C's),,https://www.juntadeandalucia.es/eboja/2015/37/BOJA15-037-00047-3345-01_00064612.pdf,andalucia
autonomous_2015_03,2015,Parlamento de Andalucía,Andalucia,Jaén,2,Dolores Ciudad Campoy,Mujer,TRUE,FALSE,Cs,FALSE,,CIUDADANOS-PARTIDO DE LA CIUDADANÍA (C's),,https://www.juntadeandalucia.es/eboja/2015/37/BOJA15-037-00047-3345-01_00064612.pdf,andalucia
autonomous_2015_03,2015,Parlamento de Andalucía,Andalucia,Jaén,3,Rafael Luis Brazales Montesinos,Hombre,TRUE,FALSE,Cs,FALSE,,CIUDADANOS-PARTIDO DE LA CIUDADANÍA (C's),,https://www.juntadeandalucia.es/eboja/2015/37/BOJA15-037-00047-3345-01_00064612.pdf,andalucia
autonomous_2015_03,2015,Parlamento de Andalucía,Andalucia,Jaén,4,María Salud Anguita Verón,Mujer,TRUE,FALSE,Cs,FALSE,,CIUDADANOS-PARTIDO DE LA CIUDADANÍA (C's),,https://www.juntadeandalucia.es/eboja/2015/37/BOJA15-037-00047-3345-01_00064612.pdf,andalucia
autonomous_2015_03,2015,Parlamento de Andalucía,Andalucia,Jaén,5,Antonio Sutil Montero,Hombre,TRUE,FALSE,Cs,FALSE,,CIUDADANOS-PARTIDO DE LA CIUDADANÍA (C's),,https://www.juntadeandalucia.es/eboja/2015/37/BOJA15-037-00047-3345-01_00064612.pdf,andalucia
autonomous_2015_03,2015,Parlamento de Andalucía,Andalucia,Jaén,6,María José De La Torre Ávalos,Mujer,TRUE,FALSE,Cs,FALSE,,CIUDADANOS-PARTIDO DE LA CIUDADANÍA (C's),,https://www.juntadeandalucia.es/eboja/2015/37/BOJA15-037-00047-3345-01_00064612.pdf,andalucia
autonomous_2015_03,2015,Parlamento de Andalucía,Andalucia,Jaén,7,Guillermo Pérez Del Pino,Hombre,TRUE,FALSE,Cs,FALSE,,CIUDADANOS-PARTIDO DE LA CIUDADANÍA (C's),,https://www.juntadeandalucia.es/eboja/2015/37/BOJA15-037-00047-3345-01_00064612.pdf,andalucia
autonomous_2015_03,2015,Parlamento de Andalucía,Andalucia,Jaén,8,Susana Blanca Maroto Aguayo,Mujer,TRUE,FALSE,Cs,FALSE,,CIUDADANOS-PARTIDO DE LA CIUDADANÍA (C's),,https://www.juntadeandalucia.es/eboja/2015/37/BOJA15-037-00047-3345-01_00064612.pdf,andalucia
autonomous_2015_03,2015,Parlamento de Andalucía,Andalucia,Jaén,9,Juan Antonio Tobaruela Manjón,Hombre,TRUE,FALSE,Cs,FALSE,,CIUDADANOS-PARTIDO DE LA CIUDADANÍA (C's),,https://www.juntadeandalucia.es/eboja/2015/37/BOJA15-037-00047-3345-01_00064612.pdf,andalucia
autonomous_2015_03,2015,Parlamento de Andalucía,Andalucia,Jaén,10,Rosa Pilar García Sena,Mujer,TRUE,FALSE,Cs,FALSE,,CIUDADANOS-PARTIDO DE LA CIUDADANÍA (C's),,https://www.juntadeandalucia.es/eboja/2015/37/BOJA15-037-00047-3345-01_00064612.pdf,andalucia
autonomous_2015_03,2015,Parlamento de Andalucía,Andalucia,Jaén,11,José Miguel Llopis Alguacil,Hombre,TRUE,FALSE,Cs,FALSE,,CIUDADANOS-PARTIDO DE LA CIUDADANÍA (C's),,https://www.juntadeandalucia.es/eboja/2015/37/BOJA15-037-00047-3345-01_00064612.pdf,andalucia
autonomous_2015_03,2015,Parlamento de Andalucía,Andalucia,Jaén,1,Elena María López Ramos,Mujer,FALSE,FALSE,Cs,FALSE,,CIUDADANOS-PARTIDO DE LA CIUDADANÍA (C's),,https://www.juntadeandalucia.es/eboja/2015/37/BOJA15-037-00047-3345-01_00064612.pdf,andalucia
autonomous_2015_03,2015,Parlamento de Andalucía,Andalucia,Jaén,2,Juan Manuel Poza Moreno,Hombre,FALSE,FALSE,Cs,FALSE,,CIUDADANOS-PARTIDO DE LA CIUDADANÍA (C's),,https://www.juntadeandalucia.es/eboja/2015/37/BOJA15-037-00047-3345-01_00064612.pdf,andalucia
autonomous_2015_03,2015,Parlamento de Andalucía,Andalucia,Jaén,3,Juana Mena Fernández,Mujer,FALSE,FALSE,Cs,FALSE,,CIUDADANOS-PARTIDO DE LA CIUDADANÍA (C's),,https://www.juntadeandalucia.es/eboja/2015/37/BOJA15-037-00047-3345-01_00064612.pdf,andalucia
autonomous_2015_03,2015,Parlamento de Andalucía,Andalucia,Jaén,4,Roberto Ireneo Aybar León,Hombre,FALSE,FALSE,Cs,FALSE,,CIUDADANOS-PARTIDO DE LA CIUDADANÍA (C's),,https://www.juntadeandalucia.es/eboja/2015/37/BOJA15-037-00047-3345-01_00064612.pdf,andalucia
autonomous_2015_03,2015,Parlamento de Andalucía,Andalucia,Málaga,1,Irene Rivera Andrés,Mujer,TRUE,TRUE,Cs,FALSE,,CIUDADANOS-PARTIDO DE LA CIUDADANÍA (C's),,https://www.juntadeandalucia.es/eboja/2015/37/BOJA15-037-00047-3345-01_00064612.pdf,andalucia
autonomous_2015_03,2015,Parlamento de Andalucía,Andalucia,Málaga,2,Carlos Hernández White,Hombre,TRUE,TRUE,Cs,FALSE,,CIUDADANOS-PARTIDO DE LA CIUDADANÍA (C's),,https://www.juntadeandalucia.es/eboja/2015/37/BOJA15-037-00047-3345-01_00064612.pdf,andalucia
autonomous_2015_03,2015,Parlamento de Andalucía,Andalucia,Málaga,3,María Carmen Prieto Bonilla,Mujer,TRUE,FALSE,Cs,FALSE,,CIUDADANOS-PARTIDO DE LA CIUDADANÍA (C's),,https://www.juntadeandalucia.es/eboja/2015/37/BOJA15-037-00047-3345-01_00064612.pdf,andalucia
autonomous_2015_03,2015,Parlamento de Andalucía,Andalucia,Málaga,4,Santiago Antonio Martos Maldonado,Hombre,TRUE,FALSE,Cs,FALSE,,CIUDADANOS-PARTIDO DE LA CIUDADANÍA (C's),,https://www.juntadeandalucia.es/eboja/2015/37/BOJA15-037-00047-3345-01_00064612.pdf,andalucia
autonomous_2015_03,2015,Parlamento de Andalucía,Andalucia,Málaga,5,Ana Quelcutti Umbría,Mujer,TRUE,FALSE,Cs,FALSE,,CIUDADANOS-PARTIDO DE LA CIUDADANÍA (C's),,https://www.juntadeandalucia.es/eboja/2015/37/BOJA15-037-00047-3345-01_00064612.pdf,andalucia
autonomous_2015_03,2015,Parlamento de Andalucía,Andalucia,Málaga,6,José Antonio Calle Fuentes,Hombre,TRUE,FALSE,Cs,FALSE,,CIUDADANOS-PARTIDO DE LA CIUDADANÍA (C's),,https://www.juntadeandalucia.es/eboja/2015/37/BOJA15-037-00047-3345-01_00064612.pdf,andalucia
autonomous_2015_03,2015,Parlamento de Andalucía,Andalucia,Málaga,7,Ángeles Vergara Follana,Mujer,TRUE,FALSE,Cs,FALSE,,CIUDADANOS-PARTIDO DE LA CIUDADANÍA (C's),,https://www.juntadeandalucia.es/eboja/2015/37/BOJA15-037-00047-3345-01_00064612.pdf,andalucia
autonomous_2015_03,2015,Parlamento de Andalucía,Andalucia,Málaga,8,Juan Soriano Zurera,Hombre,TRUE,FALSE,Cs,FALSE,,CIUDADANOS-PARTIDO DE LA CIUDADANÍA (C's),,https://www.juntadeandalucia.es/eboja/2015/37/BOJA15-037-00047-3345-01_00064612.pdf,andalucia
autonomous_2015_03,2015,Parlamento de Andalucía,Andalucia,Málaga,9,María Eugenia Barranquero Cuevas,Mujer,TRUE,FALSE,Cs,FALSE,,CIUDADANOS-PARTIDO DE LA CIUDADANÍA (C's),,https://www.juntadeandalucia.es/eboja/2015/37/BOJA15-037-00047-3345-01_00064612.pdf,andalucia
autonomous_2015_03,2015,Parlamento de Andalucía,Andalucia,Málaga,10,José Luis López Peral,Hombre,TRUE,FALSE,Cs,FALSE,,CIUDADANOS-PARTIDO DE LA CIUDADANÍA (C's),,https://www.juntadeandalucia.es/eboja/2015/37/BOJA15-037-00047-3345-01_00064612.pdf,andalucia
autonomous_2015_03,2015,Parlamento de Andalucía,Andalucia,Málaga,11,Ana Blanco Torres,Mujer,TRUE,FALSE,Cs,FALSE,,CIUDADANOS-PARTIDO DE LA CIUDADANÍA (C's),,https://www.juntadeandalucia.es/eboja/2015/37/BOJA15-037-00047-3345-01_00064612.pdf,andalucia
autonomous_2015_03,2015,Parlamento de Andalucía,Andalucia,Málaga,12,Julio González Lanzas,Hombre,TRUE,FALSE,Cs,FALSE,,CIUDADANOS-PARTIDO DE LA CIUDADANÍA (C's),,https://www.juntadeandalucia.es/eboja/2015/37/BOJA15-037-00047-3345-01_00064612.pdf,andalucia
autonomous_2015_03,2015,Parlamento de Andalucía,Andalucia,Málaga,13,Dolores Pinto Gallardo,Mujer,TRUE,FALSE,Cs,FALSE,,CIUDADANOS-PARTIDO DE LA CIUDADANÍA (C's),,https://www.juntadeandalucia.es/eboja/2015/37/BOJA15-037-00047-3345-01_00064612.pdf,andalucia
autonomous_2015_03,2015,Parlamento de Andalucía,Andalucia,Málaga,14,Francisco Javier Toro Díaz,Hombre,TRUE,FALSE,Cs,FALSE,,CIUDADANOS-PARTIDO DE LA CIUDADANÍA (C's),,https://www.juntadeandalucia.es/eboja/2015/37/BOJA15-037-00047-3345-01_00064612.pdf,andalucia
autonomous_2015_03,2015,Parlamento de Andalucía,Andalucia,Málaga,15,María Luisa Valero González,Mujer,TRUE,FALSE,Cs,FALSE,,CIUDADANOS-PARTIDO DE LA CIUDADANÍA (C's),,https://www.juntadeandalucia.es/eboja/2015/37/BOJA15-037-00047-3345-01_00064612.pdf,andalucia
autonomous_2015_03,2015,Parlamento de Andalucía,Andalucia,Málaga,16,Luis Miguel Salvador García,Hombre,TRUE,FALSE,Cs,FALSE,,CIUDADANOS-PARTIDO DE LA CIUDADANÍA (C's),,https://www.juntadeandalucia.es/eboja/2015/37/BOJA15-037-00047-3345-01_00064612.pdf,andalucia
autonomous_2015_03,2015,Parlamento de Andalucía,Andalucia,Málaga,17,Sonia Ocaña García,Mujer,TRUE,FALSE,Cs,FALSE,,CIUDADANOS-PARTIDO DE LA CIUDADANÍA (C's),,https://www.juntadeandalucia.es/eboja/2015/37/BOJA15-037-00047-3345-01_00064612.pdf,andalucia
autonomous_2015_03,2015,Parlamento de Andalucía,Andalucia,Málaga,1,Francisco De Paula Narváez Olalla,Hombre,FALSE,FALSE,Cs,FALSE,,CIUDADANOS-PARTIDO DE LA CIUDADANÍA (C's),,https://www.juntadeandalucia.es/eboja/2015/37/BOJA15-037-00047-3345-01_00064612.pdf,andalucia
autonomous_2015_03,2015,Parlamento de Andalucía,Andalucia,Málaga,2,María del Rosario Alcalde Lázaro,Mujer,FALSE,FALSE,Cs,FALSE,,CIUDADANOS-PARTIDO DE LA CIUDADANÍA (C's),,https://www.juntadeandalucia.es/eboja/2015/37/BOJA15-037-00047-3345-01_00064612.pdf,andalucia
autonomous_2015_03,2015,Parlamento de Andalucía,Andalucia,Málaga,3,Antonio Molina Sánchez,Hombre,FALSE,FALSE,Cs,FALSE,,CIUDADANOS-PARTIDO DE LA CIUDADANÍA (C's),,https://www.juntadeandalucia.es/eboja/2015/37/BOJA15-037-00047-3345-01_00064612.pdf,andalucia
autonomous_2015_03,2015,Parlamento de Andalucía,Andalucia,Málaga,4,Beatriz González Mora,Mujer,FALSE,FALSE,Cs,FALSE,,CIUDADANOS-PARTIDO DE LA CIUDADANÍA (C's),,https://www.juntadeandalucia.es/eboja/2015/37/BOJA15-037-00047-3345-01_00064612.pdf,andalucia
autonomous_2015_03,2015,Parlamento de Andalucía,Andalucia,Sevilla,1,Juan Antonio Marín Lozano,Hombre,TRUE,TRUE,Cs,FALSE,,CIUDADANOS-PARTIDO DE LA CIUDADANÍA (C's),,https://www.juntadeandalucia.es/eboja/2015/37/BOJA15-037-00047-3345-01_00064612.pdf,andalucia
autonomous_2015_03,2015,Parlamento de Andalucía,Andalucia,Sevilla,2,Marta Escrivá Torralva,Mujer,TRUE,TRUE,Cs,FALSE,,CIUDADANOS-PARTIDO DE LA CIUDADANÍA (C's),,https://www.juntadeandalucia.es/eboja/2015/37/BOJA15-037-00047-3345-01_00064612.pdf,andalucia
autonomous_2015_03,2015,Parlamento de Andalucía,Andalucia,Sevilla,3,Eugenio Rodríguez Mallén,Hombre,TRUE,FALSE,Cs,FALSE,,CIUDADANOS-PARTIDO DE LA CIUDADANÍA (C's),,https://www.juntadeandalucia.es/eboja/2015/37/BOJA15-037-00047-3345-01_00064612.pdf,andalucia
autonomous_2015_03,2015,Parlamento de Andalucía,Andalucia,Sevilla,4,María Teresa García-Perla García,Mujer,TRUE,FALSE,Cs,FALSE,,CIUDADANOS-PARTIDO DE LA CIUDADANÍA (C's),,https://www.juntadeandalucia.es/eboja/2015/37/BOJA15-037-00047-3345-01_00064612.pdf,andalucia
autonomous_2015_03,2015,Parlamento de Andalucía,Andalucia,Sevilla,5,Manuel Lorenzo Varela Díaz,Hombre,TRUE,FALSE,Cs,FALSE,,CIUDADANOS-PARTIDO DE LA CIUDADANÍA (C's),,https://www.juntadeandalucia.es/eboja/2015/37/BOJA15-037-00047-3345-01_00064612.pdf,andalucia
autonomous_2015_03,2015,Parlamento de Andalucía,Andalucia,Sevilla,6,Antonia Ramírez Ramírez,Mujer,TRUE,FALSE,Cs,FALSE,,CIUDADANOS-PARTIDO DE LA CIUDADANÍA (C's),,https://www.juntadeandalucia.es/eboja/2015/37/BOJA15-037-00047-3345-01_00064612.pdf,andalucia
autonomous_2015_03,2015,Parlamento de Andalucía,Andalucia,Sevilla,7,José María Loarte Guerrero,Hombre,TRUE,FALSE,Cs,FALSE,,CIUDADANOS-PARTIDO DE LA CIUDADANÍA (C's),,https://www.juntadeandalucia.es/eboja/2015/37/BOJA15-037-00047-3345-01_00064612.pdf,andalucia
autonomous_2015_03,2015,Parlamento de Andalucía,Andalucia,Sevilla,8,María Virginia Millán Salmerón,Mujer,TRUE,FALSE,Cs,FALSE,,CIUDADANOS-PARTIDO DE LA CIUDADANÍA (C's),,https://www.juntadeandalucia.es/eboja/2015/37/BOJA15-037-00047-3345-01_00064612.pdf,andalucia
autonomous_2015_03,2015,Parlamento de Andalucía,Andalucia,Sevilla,9,Fidel Prieto Romero,Hombre,TRUE,FALSE,Cs,FALSE,,CIUDADANOS-PARTIDO DE LA CIUDADANÍA (C's),,https://www.juntadeandalucia.es/eboja/2015/37/BOJA15-037-00047-3345-01_00064612.pdf,andalucia
autonomous_2015_03,2015,Parlamento de Andalucía,Andalucia,Sevilla,10,Isabel María Marín Miguel,Mujer,TRUE,FALSE,Cs,FALSE,,CIUDADANOS-PARTIDO DE LA CIUDADANÍA (C's),,https://www.juntadeandalucia.es/eboja/2015/37/BOJA15-037-00047-3345-01_00064612.pdf,andalucia
autonomous_2015_03,2015,Parlamento de Andalucía,Andalucia,Sevilla,11,José María Fernández Martín,Hombre,TRUE,FALSE,Cs,FALSE,,CIUDADANOS-PARTIDO DE LA CIUDADANÍA (C's),,https://www.juntadeandalucia.es/eboja/2015/37/BOJA15-037-00047-3345-01_00064612.pdf,andalucia
autonomous_2015_03,2015,Parlamento de Andalucía,Andalucia,Sevilla,12,Lucrecia Bernáldez Rodríguez,Mujer,TRUE,FALSE,Cs,FALSE,,CIUDADANOS-PARTIDO DE LA CIUDADANÍA (C's),,https://www.juntadeandalucia.es/eboja/2015/37/BOJA15-037-00047-3345-01_00064612.pdf,andalucia
autonomous_2015_03,2015,Parlamento de Andalucía,Andalucia,Sevilla,13,Francisco Javier Millán de Cózar,Hombre,TRUE,FALSE,Cs,FALSE,,CIUDADANOS-PARTIDO DE LA CIUDADANÍA (C's),,https://www.juntadeandalucia.es/eboja/2015/37/BOJA15-037-00047-3345-01_00064612.pdf,andalucia
autonomous_2015_03,2015,Parlamento de Andalucía,Andalucia,Sevilla,14,Elisa María Díaz Salmerón,Mujer,TRUE,FALSE,Cs,FALSE,,CIUDADANOS-PARTIDO DE LA CIUDADANÍA (C's),,https://www.juntadeandalucia.es/eboja/2015/37/BOJA15-037-00047-3345-01_00064612.pdf,andalucia
autonomous_2015_03,2015,Parlamento de Andalucía,Andalucia,Sevilla,15,Carlos Gutiérrez Castro,Hombre,TRUE,FALSE,Cs,FALSE,,CIUDADANOS-PARTIDO DE LA CIUDADANÍA (C's),,https://www.juntadeandalucia.es/eboja/2015/37/BOJA15-037-00047-3345-01_00064612.pdf,andalucia
autonomous_2015_03,2015,Parlamento de Andalucía,Andalucia,Sevilla,16,María de los Santos Vílchez Aguilar,Mujer,TRUE,FALSE,Cs,FALSE,,CIUDADANOS-PARTIDO DE LA CIUDADANÍA (C's),,https://www.juntadeandalucia.es/eboja/2015/37/BOJA15-037-00047-3345-01_00064612.pdf,andalucia
autonomous_2015_03,2015,Parlamento de Andalucía,Andalucia,Sevilla,17,Faustino Rodríguez Ortega,Hombre,TRUE,FALSE,Cs,FALSE,,CIUDADANOS-PARTIDO DE LA CIUDADANÍA (C's),,https://www.juntadeandalucia.es/eboja/2015/37/BOJA15-037-00047-3345-01_00064612.pdf,andalucia
autonomous_2015_03,2015,Parlamento de Andalucía,Andalucia,Sevilla,18,María Carmen Alcántara Tabares,Mujer,TRUE,FALSE,Cs,FALSE,,CIUDADANOS-PARTIDO DE LA CIUDADANÍA (C's),,https://www.juntadeandalucia.es/eboja/2015/37/BOJA15-037-00047-3345-01_00064612.pdf,andalucia
autonomous_2015_03,2015,Parlamento de Andalucía,Andalucia,Sevilla,1,Pedro Taborda Martín,Hombre,FALSE,FALSE,Cs,FALSE,,CIUDADANOS-PARTIDO DE LA CIUDADANÍA (C's),,https://www.juntadeandalucia.es/eboja/2015/37/BOJA15-037-00047-3345-01_00064612.pdf,andalucia
autonomous_2015_03,2015,Parlamento de Andalucía,Andalucia,Sevilla,2,Susana Sánchez Castillo,Mujer,FALSE,FALSE,Cs,FALSE,,CIUDADANOS-PARTIDO DE LA CIUDADANÍA (C's),,https://www.juntadeandalucia.es/eboja/2015/37/BOJA15-037-00047-3345-01_00064612.pdf,andalucia
autonomous_2015_03,2015,Parlamento de Andalucía,Andalucia,Sevilla,3,Francisco Fernández Moraga,Hombre,FALSE,FALSE,Cs,FALSE,,CIUDADANOS-PARTIDO DE LA CIUDADANÍA (C's),,https://www.juntadeandalucia.es/eboja/2015/37/BOJA15-037-00047-3345-01_00064612.pdf,andalucia
autonomous_2015_03,2015,Parlamento de Andalucía,Andalucia,Sevilla,4,Carmen María Casín Guerra,Mujer,FALSE,FALSE,Cs,FALSE,,CIUDADANOS-PARTIDO DE LA CIUDADANÍA (C's),,https://www.juntadeandalucia.es/eboja/2015/37/BOJA15-037-00047-3345-01_00064612.pdf,andalucia
autonomous_2015_05,2015,Cortes de Castilla-La Mancha,Castilla-La Mancha,Albacete,1,MARIA FRANCISCA RUBIO GÓMEZ,Mujer,TRUE,FALSE,Cs,FALSE,,CIUDADANOS-PARTIDO DE LA CIUDADANIA,C’s,c_clm_2015_1.pdf,compartido
autonomous_2015_05,2015,Cortes de Castilla-La Mancha,Castilla-La Mancha,Albacete,2,ERNESTO LARIO MUÑOZ,Hombre,TRUE,FALSE,Cs,FALSE,,CIUDADANOS-PARTIDO DE LA CIUDADANIA,C’s,c_clm_2015_1.pdf,compartido
autonomous_2015_05,2015,Cortes de Castilla-La Mancha,Castilla-La Mancha,Albacete,3,MARIA TERESA GARCÍA ARCE,Mujer,TRUE,FALSE,Cs,FALSE,,CIUDADANOS-PARTIDO DE LA CIUDADANIA,C’s,c_clm_2015_1.pdf,compartido
autonomous_2015_05,2015,Cortes de Castilla-La Mancha,Castilla-La Mancha,Albacete,4,JESÚS SERRANO PLAZA,Hombre,TRUE,FALSE,Cs,FALSE,,CIUDADANOS-PARTIDO DE LA CIUDADANIA,C’s,c_clm_2015_1.pdf,compartido
autonomous_2015_05,2015,Cortes de Castilla-La Mancha,Castilla-La Mancha,Albacete,5,MARIA LLANOS PRIETO MARTÍNEZ,Mujer,TRUE,FALSE,Cs,FALSE,,CIUDADANOS-PARTIDO DE LA CIUDADANIA,C’s,c_clm_2015_1.pdf,compartido
autonomous_2015_05,2015,Cortes de Castilla-La Mancha,Castilla-La Mancha,Albacete,6,ROMÁN LACOBA MARTÍNEZ,Hombre,TRUE,FALSE,Cs,FALSE,,CIUDADANOS-PARTIDO DE LA CIUDADANIA,C’s,c_clm_2015_1.pdf,compartido
autonomous_2015_05,2015,Cortes de Castilla-La Mancha,Castilla-La Mancha,Albacete,1,ELENA CARRIÓN CANDEL,Mujer,FALSE,FALSE,Cs,FALSE,,CIUDADANOS-PARTIDO DE LA CIUDADANIA,C’s,c_clm_2015_1.pdf,compartido
autonomous_2015_05,2015,Cortes de Castilla-La Mancha,Castilla-La Mancha,Albacete,2,BERNARDO ARMERO CASTRO,Hombre,FALSE,FALSE,Cs,FALSE,,CIUDADANOS-PARTIDO DE LA CIUDADANIA,C’s,c_clm_2015_1.pdf,compartido
autonomous_2015_05,2015,Cortes de Castilla-La Mancha,Castilla-La Mancha,Albacete,3,MARÍA AGAPITA GARCÍA CORREOSO,Mujer,FALSE,FALSE,Cs,FALSE,,CIUDADANOS-PARTIDO DE LA CIUDADANIA,C’s,c_clm_2015_1.pdf,compartido
autonomous_2015_05,2015,Corts Valencianes,Comunidad Valenciana,Alicante,1,EMIGDIO TORMO MORATALLA,Hombre,TRUE,TRUE,Cs,FALSE,,CIUDADANOS-PARTIDO DE LA,,c_val_2015.pdf,compartido
autonomous_2015_05,2015,Corts Valencianes,Comunidad Valenciana,Alicante,2,EMILIO ARGÜESO TORRES,Hombre,TRUE,TRUE,Cs,FALSE,,CIUDADANOS-PARTIDO DE LA,,c_val_2015.pdf,compartido
autonomous_2015_05,2015,Corts Valencianes,Comunidad Valenciana,Alicante,3,MARIA DEL CARMEN SANCHEZ ZAMORA,Mujer,TRUE,TRUE,Cs,FALSE,,CIUDADANOS-PARTIDO DE LA,,c_val_2015.pdf,compartido
autonomous_2015_05,2015,Corts Valencianes,Comunidad Valenciana,Alicante,4,ANTONIO JOAQUIN WOODWARD POCH,Hombre,TRUE,TRUE,Cs,FALSE,,CIUDADANOS-PARTIDO DE LA,,c_val_2015.pdf,compartido
autonomous_2015_05,2015,Corts Valencianes,Comunidad Valenciana,Alicante,5,ROSA MARIA GARCIA GONZALEZ,Mujer,TRUE,TRUE,Cs,FALSE,,CIUDADANOS-PARTIDO DE LA,,c_val_2015.pdf,compartido
autonomous_2015_05,2015,Corts Valencianes,Comunidad Valenciana,Alicante,6,LUIS CRISOL LAFRONT,Hombre,TRUE,FALSE,Cs,FALSE,,CIUDADANOS-PARTIDO DE LA,,c_val_2015.pdf,compartido
autonomous_2015_05,2015,Corts Valencianes,Comunidad Valenciana,Alicante,7,MARINA INMACULADA MOLINA CORBALAN,Mujer,TRUE,FALSE,Cs,FALSE,,CIUDADANOS-PARTIDO DE LA,,c_val_2015.pdf,compartido
autonomous_2015_05,2015,Corts Valencianes,Comunidad Valenciana,Alicante,8,MARIO SANTACREU MIRA,Hombre,TRUE,FALSE,Cs,FALSE,,CIUDADANOS-PARTIDO DE LA,,c_val_2015.pdf,compartido
autonomous_2015_05,2015,Corts Valencianes,Comunidad Valenciana,Alicante,9,JOSE CANO FUSTER,Hombre,TRUE,FALSE,Cs,FALSE,,CIUDADANOS-PARTIDO DE LA,,c_val_2015.pdf,compartido
autonomous_2015_05,2015,Corts Valencianes,Comunidad Valenciana,Alicante,10,ENCARNACION SANCHEZ TORRES,Mujer,TRUE,FALSE,Cs,FALSE,,CIUDADANOS-PARTIDO DE LA,,c_val_2015.pdf,compartido
autonomous_2015_05,2015,Corts Valencianes,Comunidad Valenciana,Alicante,11,RAUL ALBALADEJO RIOS,Hombre,TRUE,FALSE,Cs,FALSE,,CIUDADANOS-PARTIDO DE LA,,c_val_2015.pdf,compartido
autonomous_2015_05,2015,Corts Valencianes,Comunidad Valenciana,Alicante,12,FAUSTINO CESAR ALONSO PUIG,Hombre,TRUE,FALSE,Cs,FALSE,,CIUDADANOS-PARTIDO DE LA,,c_val_2015.pdf,compartido
autonomous_2015_05,2015,Corts Valencianes,Comunidad Valenciana,Alicante,13,JOSE LUIS BERNAL ALBERDIN,Hombre,TRUE,FALSE,Cs,FALSE,,CIUDADANOS-PARTIDO DE LA,,c_val_2015.pdf,compartido
autonomous_2015_05,2015,Corts Valencianes,Comunidad Valenciana,Alicante,14,EVA MARIA SORIA PEREZ,Mujer,TRUE,FALSE,Cs,FALSE,,CIUDADANOS-PARTIDO DE LA,,c_val_2015.pdf,compartido
autonomous_2015_05,2015,Corts Valencianes,Comunidad Valenciana,Alicante,15,MARIA GONZALEZ ALONSO,Mujer,TRUE,FALSE,Cs,FALSE,,CIUDADANOS-PARTIDO DE LA,,c_val_2015.pdf,compartido
autonomous_2015_05,2015,Corts Valencianes,Comunidad Valenciana,Alicante,16,ANTONIO JOAQUIN MANRESA BALBOA,Hombre,TRUE,FALSE,Cs,FALSE,,CIUDADANOS-PARTIDO DE LA,,c_val_2015.pdf,compartido
autonomous_2015_05,2015,Corts Valencianes,Comunidad Valenciana,Alicante,17,ERNESTO SUCH MORA,Hombre,TRUE,FALSE,Cs,FALSE,,CIUDADANOS-PARTIDO DE LA,,c_val_2015.pdf,compartido
autonomous_2015_05,2015,Corts Valencianes,Comunidad Valenciana,Alicante,18,MARIA CARMEN CERRILLO GIMENEZ,Mujer,TRUE,FALSE,Cs,FALSE,,CIUDADANOS-PARTIDO DE LA,,c_val_2015.pdf,compartido
autonomous_2015_05,2015,Corts Valencianes,Comunidad Valenciana,Alicante,19,GUILLERMO ASENSIO GARCIA,Hombre,TRUE,FALSE,Cs,FALSE,,CIUDADANOS-PARTIDO DE LA,,c_val_2015.pdf,compartido
autonomous_2015_05,2015,Corts Valencianes,Comunidad Valenciana,Alicante,20,EVA MORA AGULLO,Mujer,TRUE,FALSE,Cs,FALSE,,CIUDADANOS-PARTIDO DE LA,,c_val_2015.pdf,compartido
autonomous_2015_05,2015,Corts Valencianes,Comunidad Valenciana,Alicante,21,SANTIAGO ALCARRANZA ALVAREZ,Hombre,TRUE,FALSE,Cs,FALSE,,CIUDADANOS-PARTIDO DE LA,,c_val_2015.pdf,compartido
autonomous_2015_05,2015,Corts Valencianes,Comunidad Valenciana,Alicante,22,ANA MILLAN MOLINA,Mujer,TRUE,FALSE,Cs,FALSE,,CIUDADANOS-PARTIDO DE LA,,c_val_2015.pdf,compartido
autonomous_2015_05,2015,Corts Valencianes,Comunidad Valenciana,Alicante,23,MARIA PAZ GALLUD CONESA,Mujer,TRUE,FALSE,Cs,FALSE,,CIUDADANOS-PARTIDO DE LA,,c_val_2015.pdf,compartido
autonomous_2015_05,2015,Corts Valencianes,Comunidad Valenciana,Alicante,24,JOSE ANTONIO ANDREO AZNAR,Hombre,TRUE,FALSE,Cs,FALSE,,CIUDADANOS-PARTIDO DE LA,,c_val_2015.pdf,compartido
autonomous_2015_05,2015,Corts Valencianes,Comunidad Valenciana,Alicante,25,CARLOS DIAZ DE ARGANDOÑA PAMIES,Hombre,TRUE,FALSE,Cs,FALSE,,CIUDADANOS-PARTIDO DE LA,,c_val_2015.pdf,compartido
autonomous_2015_05,2015,Corts Valencianes,Comunidad Valenciana,Alicante,26,ANA MARIA MATA BUIGUES,Mujer,TRUE,FALSE,Cs,FALSE,,CIUDADANOS-PARTIDO DE LA,,c_val_2015.pdf,compartido
autonomous_2015_05,2015,Corts Valencianes,Comunidad Valenciana,Alicante,27,EVA MARIA CRISOL ARJONA,Mujer,TRUE,FALSE,Cs,FALSE,,CIUDADANOS-PARTIDO DE LA,,c_val_2015.pdf,compartido
autonomous_2015_05,2015,Corts Valencianes,Comunidad Valenciana,Alicante,28,JUAN CARLOS ESTEVE VIVES,Hombre,TRUE,FALSE,Cs,FALSE,,CIUDADANOS-PARTIDO DE LA,,c_val_2015.pdf,compartido
autonomous_2015_05,2015,Corts Valencianes,Comunidad Valenciana,Alicante,29,JOSE GABRIEL FERRER CANO,Hombre,TRUE,FALSE,Cs,FALSE,,CIUDADANOS-PARTIDO DE LA,,c_val_2015.pdf,compartido
autonomous_2015_05,2015,Corts Valencianes,Comunidad Valenciana,Alicante,30,JUAN DELGADO GALINDO,Hombre,TRUE,FALSE,Cs,FALSE,,CIUDADANOS-PARTIDO DE LA,,c_val_2015.pdf,compartido
autonomous_2015_05,2015,Corts Valencianes,Comunidad Valenciana,Alicante,31,MARIA INMACULADA MARTINEZ ALBERT,Mujer,TRUE,FALSE,Cs,FALSE,,CIUDADANOS-PARTIDO DE LA,,c_val_2015.pdf,compartido
autonomous_2015_05,2015,Corts Valencianes,Comunidad Valenciana,Alicante,32,MAURICIO PERDOMO DUQUE,Hombre,TRUE,FALSE,Cs,FALSE,,CIUDADANOS-PARTIDO DE LA,,c_val_2015.pdf,compartido
autonomous_2015_05,2015,Corts Valencianes,Comunidad Valenciana,Alicante,33,SILVIA AYALA MONCHO,Mujer,TRUE,FALSE,Cs,FALSE,,CIUDADANOS-PARTIDO DE LA,,c_val_2015.pdf,compartido
autonomous_2015_05,2015,Corts Valencianes,Comunidad Valenciana,Alicante,34,LUIS JAVIER SARDI CATALAN,Hombre,TRUE,FALSE,Cs,FALSE,,CIUDADANOS-PARTIDO DE LA,,c_val_2015.pdf,compartido
autonomous_2015_05,2015,Corts Valencianes,Comunidad Valenciana,Alicante,35,DAVID CABALLERO MALAGON Suplents,Hombre,TRUE,FALSE,Cs,FALSE,,CIUDADANOS-PARTIDO DE LA,,c_val_2015.pdf,compartido
autonomous_2015_05,2015,Corts Valencianes,Comunidad Valenciana,Alicante,1,JOSE LUIS CIFUENTES HONRRUBIA,Hombre,FALSE,FALSE,Cs,FALSE,,CIUDADANOS-PARTIDO DE LA,,c_val_2015.pdf,compartido
autonomous_2015_05,2015,Asamblea de Extremadura,Extremadura,Badajoz,1,FRANCISCO FRUTOS GÓMEZ FERNÁNDEZ AGUADO,Hombre,TRUE,FALSE,Cs,FALSE,,CIUDADANOS-PARTIDO DE LA CIUDADANÍA,C's,jec_ext_2015_ba.pdf,compartido
autonomous_2015_05,2015,Asamblea de Extremadura,Extremadura,Badajoz,2,FRANCISCO JAVIER PAEZ AVIS,Hombre,TRUE,FALSE,Cs,FALSE,,CIUDADANOS-PARTIDO DE LA CIUDADANÍA,C's,jec_ext_2015_ba.pdf,compartido
autonomous_2015_05,2015,Asamblea de Extremadura,Extremadura,Badajoz,3,PAOLA ANTONIA OLIVARES SÁNCHEZ TOLEDO,Mujer,TRUE,FALSE,Cs,FALSE,,CIUDADANOS-PARTIDO DE LA CIUDADANÍA,C's,jec_ext_2015_ba.pdf,compartido
autonomous_2015_05,2015,Asamblea de Extremadura,Extremadura,Badajoz,4,ROCÍO BAÑOS CORZO,Mujer,TRUE,FALSE,Cs,FALSE,,CIUDADANOS-PARTIDO DE LA CIUDADANÍA,C's,jec_ext_2015_ba.pdf,compartido
autonomous_2015_05,2015,Asamblea de Extremadura,Extremadura,Badajoz,5,ALBERTO BLANCO PACHECO,Hombre,TRUE,FALSE,Cs,FALSE,,CIUDADANOS-PARTIDO DE LA CIUDADANÍA,C's,jec_ext_2015_ba.pdf,compartido
autonomous_2015_05,2015,Asamblea de Extremadura,Extremadura,Badajoz,6,ANTONIA CALDERÓN GAGO,Mujer,TRUE,FALSE,Cs,FALSE,,CIUDADANOS-PARTIDO DE LA CIUDADANÍA,C's,jec_ext_2015_ba.pdf,compartido
autonomous_2015_05,2015,Asamblea de Extremadura,Extremadura,Badajoz,7,MARIO JIMÉNEZ MALDONADO,Hombre,TRUE,FALSE,Cs,FALSE,,CIUDADANOS-PARTIDO DE LA CIUDADANÍA,C's,jec_ext_2015_ba.pdf,compartido
autonomous_2015_05,2015,Asamblea de Extremadura,Extremadura,Badajoz,8,LAURA HAYA IGNACIO,Mujer,TRUE,FALSE,Cs,FALSE,,CIUDADANOS-PARTIDO DE LA CIUDADANÍA,C's,jec_ext_2015_ba.pdf,compartido
autonomous_2015_05,2015,Asamblea de Extremadura,Extremadura,Badajoz,9,ALFREDO QUINTÍN DELGADO,Hombre,TRUE,FALSE,Cs,FALSE,,CIUDADANOS-PARTIDO DE LA CIUDADANÍA,C's,jec_ext_2015_ba.pdf,compartido
autonomous_2015_05,2015,Asamblea de Extremadura,Extremadura,Badajoz,10,JUAN LUIS LUNA SEOANE,Hombre,TRUE,FALSE,Cs,FALSE,,CIUDADANOS-PARTIDO DE LA CIUDADANÍA,C's,jec_ext_2015_ba.pdf,compartido
autonomous_2015_05,2015,Asamblea de Extremadura,Extremadura,Badajoz,11,ANA TERESA PONCE LATORRE,Mujer,TRUE,FALSE,Cs,FALSE,,CIUDADANOS-PARTIDO DE LA CIUDADANÍA,C's,jec_ext_2015_ba.pdf,compartido
autonomous_2015_05,2015,Asamblea de Extremadura,Extremadura,Badajoz,12,JAVIER FERNÁNDEZ DÍAZ,Hombre,TRUE,FALSE,Cs,FALSE,,CIUDADANOS-PARTIDO DE LA CIUDADANÍA,C's,jec_ext_2015_ba.pdf,compartido
autonomous_2015_05,2015,Asamblea de Extremadura,Extremadura,Badajoz,13,ÁNGELA DOLORES SOTO MORCILLO,Mujer,TRUE,FALSE,Cs,FALSE,,CIUDADANOS-PARTIDO DE LA CIUDADANÍA,C's,jec_ext_2015_ba.pdf,compartido
autonomous_2015_05,2015,Asamblea de Extremadura,Extremadura,Badajoz,14,YOLANDA GONZÁLEZ CANO,Mujer,TRUE,FALSE,Cs,FALSE,,CIUDADANOS-PARTIDO DE LA CIUDADANÍA,C's,jec_ext_2015_ba.pdf,compartido
autonomous_2015_05,2015,Asamblea de Extremadura,Extremadura,Badajoz,15,JOSÉ ÁNGEL PRIETO GARCÍA NÚMERO 80,Hombre,TRUE,FALSE,Cs,FALSE,,CIUDADANOS-PARTIDO DE LA CIUDADANÍA,C's,jec_ext_2015_ba.pdf,compartido
autonomous_2015_05,2015,Asamblea de Extremadura,Extremadura,Badajoz,16,MARÍA NATIVIDAD ESCOLAR BASILIO,Mujer,TRUE,FALSE,Cs,FALSE,,CIUDADANOS-PARTIDO DE LA CIUDADANÍA,C's,jec_ext_2015_ba.pdf,compartido
autonomous_2015_05,2015,Asamblea de Extremadura,Extremadura,Badajoz,17,VÍCTOR VEGA GARCÍA,Hombre,TRUE,FALSE,Cs,FALSE,,CIUDADANOS-PARTIDO DE LA CIUDADANÍA,C's,jec_ext_2015_ba.pdf,compartido
autonomous_2015_05,2015,Asamblea de Extremadura,Extremadura,Badajoz,18,FRANCISCO JAVIER TORRA MAYORAL,Hombre,TRUE,FALSE,Cs,FALSE,,CIUDADANOS-PARTIDO DE LA CIUDADANÍA,C's,jec_ext_2015_ba.pdf,compartido
autonomous_2015_05,2015,Asamblea de Extremadura,Extremadura,Badajoz,19,VÍCTOR DANIEL PÉREZ BORREGO,Hombre,TRUE,FALSE,Cs,FALSE,,CIUDADANOS-PARTIDO DE LA CIUDADANÍA,C's,jec_ext_2015_ba.pdf,compartido
autonomous_2015_05,2015,Asamblea de Extremadura,Extremadura,Badajoz,20,ISABEL MARÍA PÉREZ GONZÁLEZ,Mujer,TRUE,FALSE,Cs,FALSE,,CIUDADANOS-PARTIDO DE LA CIUDADANÍA,C's,jec_ext_2015_ba.pdf,compartido
autonomous_2015_05,2015,Asamblea de Extremadura,Extremadura,Badajoz,21,CARLOS HIDALGO PULGARÍN,Hombre,TRUE,FALSE,Cs,FALSE,,CIUDADANOS-PARTIDO DE LA CIUDADANÍA,C's,jec_ext_2015_ba.pdf,compartido
autonomous_2015_05,2015,Asamblea de Extremadura,Extremadura,Badajoz,22,MARIO JAVIER TURRILLO ASENSIO,Hombre,TRUE,FALSE,Cs,FALSE,,CIUDADANOS-PARTIDO DE LA CIUDADANÍA,C's,jec_ext_2015_ba.pdf,compartido
autonomous_2015_05,2015,Asamblea de Extremadura,Extremadura,Badajoz,23,INMACULADA HINOJOSA REDONDO,Mujer,TRUE,FALSE,Cs,FALSE,,CIUDADANOS-PARTIDO DE LA CIUDADANÍA,C's,jec_ext_2015_ba.pdf,compartido
autonomous_2015_05,2015,Asamblea de Extremadura,Extremadura,Badajoz,24,JUAN JESÚS GIL GARCÍA,Hombre,TRUE,FALSE,Cs,FALSE,,CIUDADANOS-PARTIDO DE LA CIUDADANÍA,C's,jec_ext_2015_ba.pdf,compartido
autonomous_2015_05,2015,Asamblea de Extremadura,Extremadura,Badajoz,25,SONIA MERCHÁN CORDOBÉS,Mujer,TRUE,FALSE,Cs,FALSE,,CIUDADANOS-PARTIDO DE LA CIUDADANÍA,C's,jec_ext_2015_ba.pdf,compartido
autonomous_2015_05,2015,Asamblea de Extremadura,Extremadura,Badajoz,26,BELÉN SÁNCHEZ NAVADIJO,Mujer,TRUE,FALSE,Cs,FALSE,,CIUDADANOS-PARTIDO DE LA CIUDADANÍA,C's,jec_ext_2015_ba.pdf,compartido
autonomous_2015_05,2015,Asamblea de Extremadura,Extremadura,Badajoz,27,JOSÉ RUBÉN MARTÍN GÓMEZ,Hombre,TRUE,FALSE,Cs,FALSE,,CIUDADANOS-PARTIDO DE LA CIUDADANÍA,C's,jec_ext_2015_ba.pdf,compartido
autonomous_2015_05,2015,Asamblea de Extremadura,Extremadura,Badajoz,28,SANTIAGO ROMÁN ORTIZ,Hombre,TRUE,FALSE,Cs,FALSE,,CIUDADANOS-PARTIDO DE LA CIUDADANÍA,C's,jec_ext_2015_ba.pdf,compartido
autonomous_2015_05,2015,Asamblea de Extremadura,Extremadura,Badajoz,29,JORGE LUIS MEDRANO SÁNCHEZ,Hombre,TRUE,FALSE,Cs,FALSE,,CIUDADANOS-PARTIDO DE LA CIUDADANÍA,C's,jec_ext_2015_ba.pdf,compartido
autonomous_2015_05,2015,Asamblea de Extremadura,Extremadura,Badajoz,30,MERCEDES PULGARÍN CHICOTE,Mujer,TRUE,FALSE,Cs,FALSE,,CIUDADANOS-PARTIDO DE LA CIUDADANÍA,C's,jec_ext_2015_ba.pdf,compartido
autonomous_2015_05,2015,Asamblea de Extremadura,Extremadura,Badajoz,31,MARÍA FELICIA GARCÍA DE PAREDES SERVÁN,Mujer,TRUE,FALSE,Cs,FALSE,,CIUDADANOS-PARTIDO DE LA CIUDADANÍA,C's,jec_ext_2015_ba.pdf,compartido
autonomous_2015_05,2015,Asamblea de Extremadura,Extremadura,Badajoz,32,CÉSAR TORRADO PACHECO,Hombre,TRUE,FALSE,Cs,FALSE,,CIUDADANOS-PARTIDO DE LA CIUDADANÍA,C's,jec_ext_2015_ba.pdf,compartido
autonomous_2015_05,2015,Asamblea de Extremadura,Extremadura,Badajoz,33,MILAGROS MONTSERRAT CARRACEDO MOLINA,Mujer,TRUE,FALSE,Cs,FALSE,,CIUDADANOS-PARTIDO DE LA CIUDADANÍA,C's,jec_ext_2015_ba.pdf,compartido
autonomous_2015_05,2015,Asamblea de Extremadura,Extremadura,Badajoz,34,JOSÉ IGNACIO ANTÓN GIL,Hombre,TRUE,FALSE,Cs,FALSE,,CIUDADANOS-PARTIDO DE LA CIUDADANÍA,C's,jec_ext_2015_ba.pdf,compartido
autonomous_2015_05,2015,Asamblea de Extremadura,Extremadura,Badajoz,35,LEONARDO MARTÍNEZ SUÁREZ,Hombre,TRUE,FALSE,Cs,FALSE,,CIUDADANOS-PARTIDO DE LA CIUDADANÍA,C's,jec_ext_2015_ba.pdf,compartido
autonomous_2015_05,2015,Asamblea de Extremadura,Extremadura,Badajoz,36,DAVID SILOS RODRÍGUEZ,Hombre,TRUE,FALSE,Cs,FALSE,,CIUDADANOS-PARTIDO DE LA CIUDADANÍA,C's,jec_ext_2015_ba.pdf,compartido
autonomous_2015_05,2015,Asamblea de Extremadura,Extremadura,Badajoz,1,LUIS GARCÍA DONCEL,Hombre,FALSE,FALSE,Cs,FALSE,,CIUDADANOS-PARTIDO DE LA CIUDADANÍA,C's,jec_ext_2015_ba.pdf,compartido
autonomous_2015_05,2015,Asamblea de Extremadura,Extremadura,Badajoz,2,MARÍA RODRÍGUEZ COMERÓN,Mujer,FALSE,FALSE,Cs,FALSE,,CIUDADANOS-PARTIDO DE LA CIUDADANÍA,C's,jec_ext_2015_ba.pdf,compartido
autonomous_2015_05,2015,Asamblea de Extremadura,Extremadura,Badajoz,3,OLIVIA BEGOÑA PÉREZ BORREGO,Mujer,FALSE,FALSE,Cs,FALSE,,CIUDADANOS-PARTIDO DE LA CIUDADANÍA,C's,jec_ext_2015_ba.pdf,compartido
autonomous_2015_05,2015,Cortes de Castilla y León,Castilla y Leon,Burgos,1,JOSE IGNACIO DELGADO PALACIOS,Hombre,TRUE,TRUE,Cs,FALSE,,CIUDADANOS-PARTIDO DE LA CIUDADANIA,C’s,jec_cyl_2015.pdf,compartido
autonomous_2015_05,2015,Cortes de Castilla y León,Castilla y Leon,Burgos,2,JULlAN RUIZ NAVAZO,Hombre,TRUE,FALSE,Cs,FALSE,,CIUDADANOS-PARTIDO DE LA CIUDADANIA,C’s,jec_cyl_2015.pdf,compartido
autonomous_2015_05,2015,Cortes de Castilla y León,Castilla y Leon,Burgos,3,ELlA SALINERO ONTOSO,Mujer,TRUE,FALSE,Cs,FALSE,,CIUDADANOS-PARTIDO DE LA CIUDADANIA,C’s,jec_cyl_2015.pdf,compartido
autonomous_2015_05,2015,Cortes de Castilla y León,Castilla y Leon,Burgos,4,EVA MARIA TAPIA BERLANGA,Mujer,TRUE,FALSE,Cs,FALSE,,CIUDADANOS-PARTIDO DE LA CIUDADANIA,C’s,jec_cyl_2015.pdf,compartido
autonomous_2015_05,2015,Cortes de Castilla y León,Castilla y Leon,Burgos,5,ERNESTO RUIZ LEIVAR,Hombre,TRUE,FALSE,Cs,FALSE,,CIUDADANOS-PARTIDO DE LA CIUDADANIA,C’s,jec_cyl_2015.pdf,compartido
autonomous_2015_05,2015,Cortes de Castilla y León,Castilla y Leon,Burgos,6,SUSANA LAGOS TORRES,Mujer,TRUE,FALSE,Cs,FALSE,,CIUDADANOS-PARTIDO DE LA CIUDADANIA,C’s,jec_cyl_2015.pdf,compartido
autonomous_2015_05,2015,Cortes de Castilla y León,Castilla y Leon,Burgos,7,FRANCISCO JAVIER HERMOSILLA GONZALEZ,Hombre,TRUE,FALSE,Cs,FALSE,,CIUDADANOS-PARTIDO DE LA CIUDADANIA,C’s,jec_cyl_2015.pdf,compartido
autonomous_2015_05,2015,Cortes de Castilla y León,Castilla y Leon,Burgos,8,PABLO CALVO ANDRES CV: BOCYL-D-28042015-1 Núm. 79,Hombre,TRUE,FALSE,Cs,FALSE,,CIUDADANOS-PARTIDO DE LA CIUDADANIA,C’s,jec_cyl_2015.pdf,compartido
autonomous_2015_05,2015,Cortes de Castilla y León,Castilla y Leon,Burgos,9,BEATRIZ ESTEBAN GOMEZ,Mujer,TRUE,FALSE,Cs,FALSE,,CIUDADANOS-PARTIDO DE LA CIUDADANIA,C’s,jec_cyl_2015.pdf,compartido
autonomous_2015_05,2015,Cortes de Castilla y León,Castilla y Leon,Burgos,10,RODOLFO CUESTA LOPEZ DE CASTRO,Hombre,TRUE,FALSE,Cs,FALSE,,CIUDADANOS-PARTIDO DE LA CIUDADANIA,C’s,jec_cyl_2015.pdf,compartido
autonomous_2015_05,2015,Cortes de Castilla y León,Castilla y Leon,Burgos,11,ELENA DIVINA MARTIN MARTIN,Mujer,TRUE,FALSE,Cs,FALSE,,CIUDADANOS-PARTIDO DE LA CIUDADANIA,C’s,jec_cyl_2015.pdf,compartido
autonomous_2015_05,2015,Cortes de Castilla y León,Castilla y Leon,Burgos,1,JAVIER FERNANDEZ GIL VARONA,Hombre,FALSE,FALSE,Cs,FALSE,,CIUDADANOS-PARTIDO DE LA CIUDADANIA,C’s,jec_cyl_2015.pdf,compartido
autonomous_2015_05,2015,Cortes de Castilla y León,Castilla y Leon,Burgos,2,JOSE MARIA FERNANDEZ GARCIA,Hombre,FALSE,FALSE,Cs,FALSE,,CIUDADANOS-PARTIDO DE LA CIUDADANIA,C’s,jec_cyl_2015.pdf,compartido
autonomous_2015_05,2015,Cortes de Castilla y León,Castilla y Leon,Burgos,3,JULlTA GLORIA ALVAREZ ALONSO,Mujer,FALSE,FALSE,Cs,FALSE,,CIUDADANOS-PARTIDO DE LA CIUDADANIA,C’s,jec_cyl_2015.pdf,compartido
autonomous_2015_05,2015,Parlamento de Cantabria,Cantabria,Cantabria,1,RUBÉN GÓMEZ GONZÁLEZ,Hombre,TRUE,TRUE,Cs,FALSE,,CIUDADANOS-PARTIDO DE LA CIUDADANIA,C's,jec_can_2015.pdf,compartido
autonomous_2015_05,2015,Parlamento de Cantabria,Cantabria,Cantabria,2,JUAN RAMÓN CARRANCIO DULANTO,Hombre,TRUE,TRUE,Cs,FALSE,,CIUDADANOS-PARTIDO DE LA CIUDADANIA,C's,jec_can_2015.pdf,compartido
autonomous_2015_05,2015,Parlamento de Cantabria,Cantabria,Cantabria,3,ESTEBAN MARTÍNEZ PÓO,Hombre,TRUE,FALSE,Cs,FALSE,,CIUDADANOS-PARTIDO DE LA CIUDADANIA,C's,jec_can_2015.pdf,compartido
autonomous_2015_05,2015,Parlamento de Cantabria,Cantabria,Cantabria,4,AYALA GÓMEZ DELGADO,Mujer,TRUE,FALSE,Cs,FALSE,,CIUDADANOS-PARTIDO DE LA CIUDADANIA,C's,jec_can_2015.pdf,compartido
autonomous_2015_05,2015,Parlamento de Cantabria,Cantabria,Cantabria,5,MARÍA LUDIVINA NAVA AGUADO,Mujer,TRUE,FALSE,Cs,FALSE,,CIUDADANOS-PARTIDO DE LA CIUDADANIA,C's,jec_can_2015.pdf,compartido
autonomous_2015_05,2015,Parlamento de Cantabria,Cantabria,Cantabria,6,ROBERTO MORALES HERRERO,Hombre,TRUE,FALSE,Cs,FALSE,,CIUDADANOS-PARTIDO DE LA CIUDADANIA,C's,jec_can_2015.pdf,compartido
autonomous_2015_05,2015,Parlamento de Cantabria,Cantabria,Cantabria,7,CARLOS PRACHT FERRER,Hombre,TRUE,FALSE,Cs,FALSE,,CIUDADANOS-PARTIDO DE LA CIUDADANIA,C's,jec_can_2015.pdf,compartido
autonomous_2015_05,2015,Parlamento de Cantabria,Cantabria,Cantabria,8,MARÍA ROSA GARCÍA LEÓN,Mujer,TRUE,FALSE,Cs,FALSE,,CIUDADANOS-PARTIDO DE LA CIUDADANIA,C's,jec_can_2015.pdf,compartido
autonomous_2015_05,2015,Parlamento de Cantabria,Cantabria,Cantabria,9,TATIANA FIGUEIREDO MAIA,Mujer,TRUE,FALSE,Cs,FALSE,,CIUDADANOS-PARTIDO DE LA CIUDADANIA,C's,jec_can_2015.pdf,compartido
autonomous_2015_05,2015,Parlamento de Cantabria,Cantabria,Cantabria,10,DAVID ACOSTA DESMEDT,Hombre,TRUE,FALSE,Cs,FALSE,,CIUDADANOS-PARTIDO DE LA CIUDADANIA,C's,jec_can_2015.pdf,compartido
autonomous_2015_05,2015,Parlamento de Cantabria,Cantabria,Cantabria,11,DAVID GONZÁLEZ DÍAZ,Hombre,TRUE,FALSE,Cs,FALSE,,CIUDADANOS-PARTIDO DE LA CIUDADANIA,C's,jec_can_2015.pdf,compartido
autonomous_2015_05,2015,Parlamento de Cantabria,Cantabria,Cantabria,12,ENRIQUE LLANO GONZÁLEZ,Hombre,TRUE,FALSE,Cs,FALSE,,CIUDADANOS-PARTIDO DE LA CIUDADANIA,C's,jec_can_2015.pdf,compartido
autonomous_2015_05,2015,Parlamento de Cantabria,Cantabria,Cantabria,13,MARÍA MONTSERRAT LUEZAS MORCUENDE,Mujer,TRUE,FALSE,Cs,FALSE,,CIUDADANOS-PARTIDO DE LA CIUDADANIA,C's,jec_can_2015.pdf,compartido
autonomous_2015_05,2015,Parlamento de Cantabria,Cantabria,Cantabria,14,CARMELO MORALES AROZAMENA,Hombre,TRUE,FALSE,Cs,FALSE,,CIUDADANOS-PARTIDO DE LA CIUDADANIA,C's,jec_can_2015.pdf,compartido
autonomous_2015_05,2015,Parlamento de Cantabria,Cantabria,Cantabria,15,GRACIELA GÓMEZ GONZÁLEZ,Mujer,TRUE,FALSE,Cs,FALSE,,CIUDADANOS-PARTIDO DE LA CIUDADANIA,C's,jec_can_2015.pdf,compartido
autonomous_2015_05,2015,Parlamento de Cantabria,Cantabria,Cantabria,16,MARÍA DEL ROCÍO ALVAREZ SALAMANCA,Mujer,TRUE,FALSE,Cs,FALSE,,CIUDADANOS-PARTIDO DE LA CIUDADANIA,C's,jec_can_2015.pdf,compartido
autonomous_2015_05,2015,Parlamento de Cantabria,Cantabria,Cantabria,17,IGNACIO HERNANDO MANZANEDO,Hombre,TRUE,FALSE,Cs,FALSE,,CIUDADANOS-PARTIDO DE LA CIUDADANIA,C's,jec_can_2015.pdf,compartido
autonomous_2015_05,2015,Parlamento de Cantabria,Cantabria,Cantabria,18,MARÍA CARMEN ESTEBAN AYARZA,Mujer,TRUE,FALSE,Cs,FALSE,,CIUDADANOS-PARTIDO DE LA CIUDADANIA,C's,jec_can_2015.pdf,compartido
autonomous_2015_05,2015,Parlamento de Cantabria,Cantabria,Cantabria,19,JUAN CARLOS MARTÍN DELGADO,Hombre,TRUE,FALSE,Cs,FALSE,,CIUDADANOS-PARTIDO DE LA CIUDADANIA,C's,jec_can_2015.pdf,compartido
autonomous_2015_05,2015,Parlamento de Cantabria,Cantabria,Cantabria,20,BENJAMÍN JORGE CASTRO MEANA,Hombre,TRUE,FALSE,Cs,FALSE,,CIUDADANOS-PARTIDO DE LA CIUDADANIA,C's,jec_can_2015.pdf,compartido
autonomous_2015_05,2015,Parlamento de Cantabria,Cantabria,Cantabria,21,CORA VIELVA SUMILLERA,Mujer,TRUE,FALSE,Cs,FALSE,,CIUDADANOS-PARTIDO DE LA CIUDADANIA,C's,jec_can_2015.pdf,compartido
autonomous_2015_05,2015,Parlamento de Cantabria,Cantabria,Cantabria,22,DIEGO MARAÑÓN GARCÍA,Hombre,TRUE,FALSE,Cs,FALSE,,CIUDADANOS-PARTIDO DE LA CIUDADANIA,C's,jec_can_2015.pdf,compartido
autonomous_2015_05,2015,Parlamento de Cantabria,Cantabria,Cantabria,23,MARÍA BEATRIZ ALONSO FERNÁNDEZ,Mujer,TRUE,FALSE,Cs,FALSE,,CIUDADANOS-PARTIDO DE LA CIUDADANIA,C's,jec_can_2015.pdf,compartido
autonomous_2015_05,2015,Parlamento de Cantabria,Cantabria,Cantabria,24,MIGUEL JOSÉ BALANYA VIDAL,Hombre,TRUE,FALSE,Cs,FALSE,,CIUDADANOS-PARTIDO DE LA CIUDADANIA,C's,jec_can_2015.pdf,compartido
autonomous_2015_05,2015,Parlamento de Cantabria,Cantabria,Cantabria,25,MARÍA CRISTINA MORALES ATECA,Mujer,TRUE,FALSE,Cs,FALSE,,CIUDADANOS-PARTIDO DE LA CIUDADANIA,C's,jec_can_2015.pdf,compartido
autonomous_2015_05,2015,Parlamento de Cantabria,Cantabria,Cantabria,26,ANA DÍAZ JUAN,Mujer,TRUE,FALSE,Cs,FALSE,,CIUDADANOS-PARTIDO DE LA CIUDADANIA,C's,jec_can_2015.pdf,compartido
autonomous_2015_05,2015,Parlamento de Cantabria,Cantabria,Cantabria,27,ROBERTO CAVADA SETIÉN,Hombre,TRUE,FALSE,Cs,FALSE,,CIUDADANOS-PARTIDO DE LA CIUDADANIA,C's,jec_can_2015.pdf,compartido
autonomous_2015_05,2015,Parlamento de Cantabria,Cantabria,Cantabria,28,MARÍA ANTONIA VIDAL DE LA PEÑA ALONSO,Mujer,TRUE,FALSE,Cs,FALSE,,CIUDADANOS-PARTIDO DE LA CIUDADANIA,C's,jec_can_2015.pdf,compartido
autonomous_2015_05,2015,Parlamento de Cantabria,Cantabria,Cantabria,29,ARTURO PÉREZ MERAYO,Hombre,TRUE,FALSE,Cs,FALSE,,CIUDADANOS-PARTIDO DE LA CIUDADANIA,C's,jec_can_2015.pdf,compartido
autonomous_2015_05,2015,Parlamento de Cantabria,Cantabria,Cantabria,30,MOISÉS MANUEL CALABUIG HERNÁNDEZ,Hombre,TRUE,FALSE,Cs,FALSE,,CIUDADANOS-PARTIDO DE LA CIUDADANIA,C's,jec_can_2015.pdf,compartido
autonomous_2015_05,2015,Parlamento de Cantabria,Cantabria,Cantabria,31,ALFREDO RUIZ RIVAS,Hombre,TRUE,FALSE,Cs,FALSE,,CIUDADANOS-PARTIDO DE LA CIUDADANIA,C's,jec_can_2015.pdf,compartido
autonomous_2015_05,2015,Parlamento de Cantabria,Cantabria,Cantabria,32,MARÍA JESÚS ALBA PÉREZ,Mujer,TRUE,FALSE,Cs,FALSE,,CIUDADANOS-PARTIDO DE LA CIUDADANIA,C's,jec_can_2015.pdf,compartido
autonomous_2015_05,2015,Parlamento de Cantabria,Cantabria,Cantabria,33,HUGO NIETO VALDÉS,Hombre,TRUE,FALSE,Cs,FALSE,,CIUDADANOS-PARTIDO DE LA CIUDADANIA,C's,jec_can_2015.pdf,compartido
autonomous_2015_05,2015,Parlamento de Cantabria,Cantabria,Cantabria,34,ESTELA LÓPEZ CALVA,Mujer,TRUE,FALSE,Cs,FALSE,,CIUDADANOS-PARTIDO DE LA CIUDADANIA,C's,jec_can_2015.pdf,compartido
autonomous_2015_05,2015,Parlamento de Cantabria,Cantabria,Cantabria,35,CARLOS TORAL DURÁN,Hombre,TRUE,FALSE,Cs,FALSE,,CIUDADANOS-PARTIDO DE LA CIUDADANIA,C's,jec_can_2015.pdf,compartido
autonomous_2015_05,2015,Parlamento de Cantabria,Cantabria,Cantabria,1,NOELIA RODERO CHACÓN,Mujer,FALSE,FALSE,Cs,FALSE,,CIUDADANOS-PARTIDO DE LA CIUDADANIA,C's,jec_can_2015.pdf,compartido
autonomous_2015_05,2015,Parlamento de Cantabria,Cantabria,Cantabria,2,VALENTINA MARTÍNEZ CAMPO,Mujer,FALSE,FALSE,Cs,FALSE,,CIUDADANOS-PARTIDO DE LA CIUDADANIA,C's,jec_can_2015.pdf,compartido
autonomous_2015_05,2015,Parlamento de Cantabria,Cantabria,Cantabria,3,MARÍA FELICIDAD GONZÁLEZ DÍAZ,Mujer,FALSE,FALSE,Cs,FALSE,,CIUDADANOS-PARTIDO DE LA CIUDADANIA,C's,jec_can_2015.pdf,compartido
autonomous_2015_05,2015,Parlamento de Cantabria,Cantabria,Cantabria,4,VÍCTOR GONZÁLEZ MIJARES,Hombre,FALSE,FALSE,Cs,FALSE,,CIUDADANOS-PARTIDO DE LA CIUDADANIA,C's,jec_can_2015.pdf,compartido
autonomous_2015_05,2015,Parlamento de Cantabria,Cantabria,Cantabria,5,FÉLIX LÓPEZ GALBAN O F I C I A L D E C A N T A B R I A,Hombre,FALSE,FALSE,Cs,FALSE,,CIUDADANOS-PARTIDO DE LA CIUDADANIA,C's,jec_can_2015.pdf,compartido
autonomous_2015_05,2015,Corts Valencianes,Comunidad Valenciana,Castellón,1,MERCEDES VENTURA CAMPOS,Mujer,TRUE,TRUE,Cs,FALSE,,CIUDADANOS-PARTIDO DE LA,,c_val_2015.pdf,compartido
autonomous_2015_05,2015,Corts Valencianes,Comunidad Valenciana,Castellón,2,DAVID DE MIGUEL MARTINEZ,Hombre,TRUE,TRUE,Cs,FALSE,,CIUDADANOS-PARTIDO DE LA,,c_val_2015.pdf,compartido
autonomous_2015_05,2015,Corts Valencianes,Comunidad Valenciana,Castellón,3,ALBERTO GARCIA SALVADOR,Hombre,TRUE,TRUE,Cs,FALSE,,CIUDADANOS-PARTIDO DE LA,,c_val_2015.pdf,compartido
autonomous_2015_05,2015,Corts Valencianes,Comunidad Valenciana,Castellón,4,SILVIA MARTINEZ MORENTE,Mujer,TRUE,FALSE,Cs,FALSE,,CIUDADANOS-PARTIDO DE LA,,c_val_2015.pdf,compartido
autonomous_2015_05,2015,Corts Valencianes,Comunidad Valenciana,Castellón,5,MARIA DEL ROSARIO DEL VIGO SANCHEZ,Mujer,TRUE,FALSE,Cs,FALSE,,CIUDADANOS-PARTIDO DE LA,,c_val_2015.pdf,compartido
autonomous_2015_05,2015,Corts Valencianes,Comunidad Valenciana,Castellón,6,EDUARDO FERRERES CASTELL,Hombre,TRUE,FALSE,Cs,FALSE,,CIUDADANOS-PARTIDO DE LA,,c_val_2015.pdf,compartido
autonomous_2015_05,2015,Corts Valencianes,Comunidad Valenciana,Castellón,7,JUAN RAMON VICENT DIAZ,Hombre,TRUE,FALSE,Cs,FALSE,,CIUDADANOS-PARTIDO DE LA,,c_val_2015.pdf,compartido
autonomous_2015_05,2015,Corts Valencianes,Comunidad Valenciana,Castellón,8,ROSEL MORMENEO PALLARES,Mujer,TRUE,FALSE,Cs,FALSE,,CIUDADANOS-PARTIDO DE LA,,c_val_2015.pdf,compartido
autonomous_2015_05,2015,Corts Valencianes,Comunidad Valenciana,Castellón,9,AGUSTIN GARCIA-SALAS IBAÑEZ,Hombre,TRUE,FALSE,Cs,FALSE,,CIUDADANOS-PARTIDO DE LA,,c_val_2015.pdf,compartido
autonomous_2015_05,2015,Corts Valencianes,Comunidad Valenciana,Castellón,10,VERONICA PEREZ VIDAL,Mujer,TRUE,FALSE,Cs,FALSE,,CIUDADANOS-PARTIDO DE LA,,c_val_2015.pdf,compartido
autonomous_2015_05,2015,Corts Valencianes,Comunidad Valenciana,Castellón,11,MARCOS SANTIAGO MARISCAL RINCON,Hombre,TRUE,FALSE,Cs,FALSE,,CIUDADANOS-PARTIDO DE LA,,c_val_2015.pdf,compartido
autonomous_2015_05,2015,Corts Valencianes,Comunidad Valenciana,Castellón,12,YOLANDA PITARCH HERRERA,Mujer,TRUE,FALSE,Cs,FALSE,,CIUDADANOS-PARTIDO DE LA,,c_val_2015.pdf,compartido
autonomous_2015_05,2015,Corts Valencianes,Comunidad Valenciana,Castellón,13,ALBA MASIA BOIX,Mujer,TRUE,FALSE,Cs,FALSE,,CIUDADANOS-PARTIDO DE LA,,c_val_2015.pdf,compartido
autonomous_2015_05,2015,Corts Valencianes,Comunidad Valenciana,Castellón,14,GUSTAVO MARTI ZAERA,Hombre,TRUE,FALSE,Cs,FALSE,,CIUDADANOS-PARTIDO DE LA,,c_val_2015.pdf,compartido
autonomous_2015_05,2015,Corts Valencianes,Comunidad Valenciana,Castellón,15,NATALIA ADÁN MIRÓ,Mujer,TRUE,FALSE,Cs,FALSE,,CIUDADANOS-PARTIDO DE LA,,c_val_2015.pdf,compartido
autonomous_2015_05,2015,Corts Valencianes,Comunidad Valenciana,Castellón,16,SALVADOR GARCIA SAEZ,Hombre,TRUE,FALSE,Cs,FALSE,,CIUDADANOS-PARTIDO DE LA,,c_val_2015.pdf,compartido
autonomous_2015_05,2015,Corts Valencianes,Comunidad Valenciana,Castellón,17,SONIA CELADES NEGRE,Mujer,TRUE,FALSE,Cs,FALSE,,CIUDADANOS-PARTIDO DE LA,,c_val_2015.pdf,compartido
autonomous_2015_05,2015,Corts Valencianes,Comunidad Valenciana,Castellón,18,AXEL MUNDINA NUÑEZ,Hombre,TRUE,FALSE,Cs,FALSE,,CIUDADANOS-PARTIDO DE LA,,c_val_2015.pdf,compartido
autonomous_2015_05,2015,Corts Valencianes,Comunidad Valenciana,Castellón,19,CRISTIAN GONZALEZ FERNANDEZ,Hombre,TRUE,FALSE,Cs,FALSE,,CIUDADANOS-PARTIDO DE LA,,c_val_2015.pdf,compartido
autonomous_2015_05,2015,Corts Valencianes,Comunidad Valenciana,Castellón,20,GLORIA TORRES ALEMANY,Mujer,TRUE,FALSE,Cs,FALSE,,CIUDADANOS-PARTIDO DE LA,,c_val_2015.pdf,compartido
autonomous_2015_05,2015,Corts Valencianes,Comunidad Valenciana,Castellón,21,ALEJANDRO ARIAS DE SAAVEDRA RODRIGUEZ,Hombre,TRUE,FALSE,Cs,FALSE,,CIUDADANOS-PARTIDO DE LA,,c_val_2015.pdf,compartido
autonomous_2015_05,2015,Corts Valencianes,Comunidad Valenciana,Castellón,22,INGRID VIZCARRO COLL,Mujer,TRUE,FALSE,Cs,FALSE,,CIUDADANOS-PARTIDO DE LA,,c_val_2015.pdf,compartido
autonomous_2015_05,2015,Corts Valencianes,Comunidad Valenciana,Castellón,23,ENRIQUE OCHOA DE ARANDA,Hombre,TRUE,FALSE,Cs,FALSE,,CIUDADANOS-PARTIDO DE LA,,c_val_2015.pdf,compartido
autonomous_2015_05,2015,Corts Valencianes,Comunidad Valenciana,Castellón,24,ANA MARIA RIERA LORIENTE Suplents,Mujer,TRUE,FALSE,Cs,FALSE,,CIUDADANOS-PARTIDO DE LA,,c_val_2015.pdf,compartido
autonomous_2015_05,2015,Corts Valencianes,Comunidad Valenciana,Castellón,1,PABLO ESPINOSA PEREZ-HERNANDEZ,Hombre,FALSE,FALSE,Cs,FALSE,,CIUDADANOS-PARTIDO DE LA,,c_val_2015.pdf,compartido
autonomous_2015_05,2015,Corts Valencianes,Comunidad Valenciana,Castellón,2,BEATRIZ SANCHEZ ESCRIG,Mujer,FALSE,FALSE,Cs,FALSE,,CIUDADANOS-PARTIDO DE LA,,c_val_2015.pdf,compartido
autonomous_2015_05,2015,Corts Valencianes,Comunidad Valenciana,Castellón,3,MANUEL HERNANDEZ GOMEZ,Hombre,FALSE,FALSE,Cs,FALSE,,CIUDADANOS-PARTIDO DE LA,,c_val_2015.pdf,compartido
autonomous_2015_05,2015,Junta General del Principado de Asturias,Asturias,Centro,1,Nicanor García Fernández,Hombre,TRUE,TRUE,Cs,FALSE,,Ciudadanos-Partido de la Ciudadanía,C’s,jec_ast_2015.pdf,compartido
autonomous_2015_05,2015,Junta General del Principado de Asturias,Asturias,Centro,2,José Ignacio Prendes Prendes (Independiente),Hombre,TRUE,TRUE,Cs,FALSE,,Ciudadanos-Partido de la Ciudadanía,C’s,jec_ast_2015.pdf,compartido
autonomous_2015_05,2015,Junta General del Principado de Asturias,Asturias,Centro,3,Diana María Sánchez Martín,Mujer,TRUE,TRUE,Cs,FALSE,,Ciudadanos-Partido de la Ciudadanía,C’s,jec_ast_2015.pdf,compartido
autonomous_2015_05,2015,Junta General del Principado de Asturias,Asturias,Centro,4,Luis Armando Fernández Bartolomé (Independiente),Hombre,TRUE,FALSE,Cs,FALSE,,Ciudadanos-Partido de la Ciudadanía,C’s,jec_ast_2015.pdf,compartido
autonomous_2015_05,2015,Junta General del Principado de Asturias,Asturias,Centro,5,Lucía Canga Díaz,Mujer,TRUE,FALSE,Cs,FALSE,,Ciudadanos-Partido de la Ciudadanía,C’s,jec_ast_2015.pdf,compartido
autonomous_2015_05,2015,Junta General del Principado de Asturias,Asturias,Centro,6,Pedro Herrero Mestre (Independiente),Hombre,TRUE,FALSE,Cs,FALSE,,Ciudadanos-Partido de la Ciudadanía,C’s,jec_ast_2015.pdf,compartido
autonomous_2015_05,2015,Junta General del Principado de Asturias,Asturias,Centro,7,Miguel Ángel Arias Alea,Hombre,TRUE,FALSE,Cs,FALSE,,Ciudadanos-Partido de la Ciudadanía,C’s,jec_ast_2015.pdf,compartido
autonomous_2015_05,2015,Junta General del Principado de Asturias,Asturias,Centro,8,María del Mar Jamart Cadenas (Independiente),Mujer,TRUE,FALSE,Cs,FALSE,,Ciudadanos-Partido de la Ciudadanía,C’s,jec_ast_2015.pdf,compartido
autonomous_2015_05,2015,Junta General del Principado de Asturias,Asturias,Centro,9,Francisco Javier Llaneza Álvarez,Hombre,TRUE,FALSE,Cs,FALSE,,Ciudadanos-Partido de la Ciudadanía,C’s,jec_ast_2015.pdf,compartido
autonomous_2015_05,2015,Junta General del Principado de Asturias,Asturias,Centro,10,Ana Cristina Esteban Ruiz (Independiente),Mujer,TRUE,FALSE,Cs,FALSE,,Ciudadanos-Partido de la Ciudadanía,C’s,jec_ast_2015.pdf,compartido
autonomous_2015_05,2015,Junta General del Principado de Asturias,Asturias,Centro,11,María del Carmen Fonte Lafuente,Mujer,TRUE,FALSE,Cs,FALSE,,Ciudadanos-Partido de la Ciudadanía,C’s,jec_ast_2015.pdf,compartido
autonomous_2015_05,2015,Junta General del Principado de Asturias,Asturias,Centro,12,Cristobal de la Coba Ortiz (Independiente),Hombre,TRUE,FALSE,Cs,FALSE,,Ciudadanos-Partido de la Ciudadanía,C’s,jec_ast_2015.pdf,compartido
autonomous_2015_05,2015,Junta General del Principado de Asturias,Asturias,Centro,13,Emilio Ramírez Payer,Hombre,TRUE,FALSE,Cs,FALSE,,Ciudadanos-Partido de la Ciudadanía,C’s,jec_ast_2015.pdf,compartido
autonomous_2015_05,2015,Junta General del Principado de Asturias,Asturias,Centro,14,Dolores Trinidad Urizar Nieto (Independiente),Mujer,TRUE,FALSE,Cs,FALSE,,Ciudadanos-Partido de la Ciudadanía,C’s,jec_ast_2015.pdf,compartido
autonomous_2015_05,2015,Junta General del Principado de Asturias,Asturias,Centro,15,Antonio Javier Pacho Rodríguez,Hombre,TRUE,FALSE,Cs,FALSE,,Ciudadanos-Partido de la Ciudadanía,C’s,jec_ast_2015.pdf,compartido
autonomous_2015_05,2015,Junta General del Principado de Asturias,Asturias,Centro,16,Javier Martín Antón (Independiente),Hombre,TRUE,FALSE,Cs,FALSE,,Ciudadanos-Partido de la Ciudadanía,C’s,jec_ast_2015.pdf,compartido
autonomous_2015_05,2015,Junta General del Principado de Asturias,Asturias,Centro,17,Laura Infanzón Méndez,Mujer,TRUE,FALSE,Cs,FALSE,,Ciudadanos-Partido de la Ciudadanía,C’s,jec_ast_2015.pdf,compartido
autonomous_2015_05,2015,Junta General del Principado de Asturias,Asturias,Centro,18,María Clarisa Álvarez Antuña (Independiente),Mujer,TRUE,FALSE,Cs,FALSE,,Ciudadanos-Partido de la Ciudadanía,C’s,jec_ast_2015.pdf,compartido
autonomous_2015_05,2015,Junta General del Principado de Asturias,Asturias,Centro,19,María Cristina Ablanedo Frade,Mujer,TRUE,FALSE,Cs,FALSE,,Ciudadanos-Partido de la Ciudadanía,C’s,jec_ast_2015.pdf,compartido
autonomous_2015_05,2015,Junta General del Principado de Asturias,Asturias,Centro,20,Hilario Orviz Fernández (Independiente),Hombre,TRUE,FALSE,Cs,FALSE,,Ciudadanos-Partido de la Ciudadanía,C’s,jec_ast_2015.pdf,compartido
autonomous_2015_05,2015,Junta General del Principado de Asturias,Asturias,Centro,21,María Pilar Ferreras Ponga,Mujer,TRUE,FALSE,Cs,FALSE,,Ciudadanos-Partido de la Ciudadanía,C’s,jec_ast_2015.pdf,compartido
autonomous_2015_05,2015,Junta General del Principado de Asturias,Asturias,Centro,22,María Guadalupe Fernández Brea (Independiente),Mujer,TRUE,FALSE,Cs,FALSE,,Ciudadanos-Partido de la Ciudadanía,C’s,jec_ast_2015.pdf,compartido
autonomous_2015_05,2015,Junta General del Principado de Asturias,Asturias,Centro,23,María José Feito Rodríguez,Mujer,TRUE,FALSE,Cs,FALSE,,Ciudadanos-Partido de la Ciudadanía,C’s,jec_ast_2015.pdf,compartido
autonomous_2015_05,2015,Junta General del Principado de Asturias,Asturias,Centro,24,José Ramón Carreño Morán (Independiente),Hombre,TRUE,FALSE,Cs,FALSE,,Ciudadanos-Partido de la Ciudadanía,C’s,jec_ast_2015.pdf,compartido
autonomous_2015_05,2015,Junta General del Principado de Asturias,Asturias,Centro,25,Miguel Ángel Izaguirre García,Hombre,TRUE,FALSE,Cs,FALSE,,Ciudadanos-Partido de la Ciudadanía,C’s,jec_ast_2015.pdf,compartido
autonomous_2015_05,2015,Junta General del Principado de Asturias,Asturias,Centro,26,Marta Langa Castillo (Independiente),Mujer,TRUE,FALSE,Cs,FALSE,,Ciudadanos-Partido de la Ciudadanía,C’s,jec_ast_2015.pdf,compartido
autonomous_2015_05,2015,Junta General del Principado de Asturias,Asturias,Centro,27,Diego Jesús Riera Blanco,Hombre,TRUE,FALSE,Cs,FALSE,,Ciudadanos-Partido de la Ciudadanía,C’s,jec_ast_2015.pdf,compartido
autonomous_2015_05,2015,Junta General del Principado de Asturias,Asturias,Centro,28,Manuel Cayado González (Independiente),Hombre,TRUE,FALSE,Cs,FALSE,,Ciudadanos-Partido de la Ciudadanía,C’s,jec_ast_2015.pdf,compartido
autonomous_2015_05,2015,Junta General del Principado de Asturias,Asturias,Centro,29,Rosa María Moya García,Mujer,TRUE,FALSE,Cs,FALSE,,Ciudadanos-Partido de la Ciudadanía,C’s,jec_ast_2015.pdf,compartido
autonomous_2015_05,2015,Junta General del Principado de Asturias,Asturias,Centro,30,Gregorio Fernández Delgado (Independiente),Hombre,TRUE,FALSE,Cs,FALSE,,Ciudadanos-Partido de la Ciudadanía,C’s,jec_ast_2015.pdf,compartido
autonomous_2015_05,2015,Junta General del Principado de Asturias,Asturias,Centro,31,Patricia Díaz de Abajo,Mujer,TRUE,FALSE,Cs,FALSE,,Ciudadanos-Partido de la Ciudadanía,C’s,jec_ast_2015.pdf,compartido
autonomous_2015_05,2015,Junta General del Principado de Asturias,Asturias,Centro,32,Mercedes Begoña Cadenas Pozuelo (Independiente),Mujer,TRUE,FALSE,Cs,FALSE,,Ciudadanos-Partido de la Ciudadanía,C’s,jec_ast_2015.pdf,compartido
autonomous_2015_05,2015,Junta General del Principado de Asturias,Asturias,Centro,33,Luis Antonio Priede Díaz,Hombre,TRUE,FALSE,Cs,FALSE,,Ciudadanos-Partido de la Ciudadanía,C’s,jec_ast_2015.pdf,compartido
autonomous_2015_05,2015,Junta General del Principado de Asturias,Asturias,Centro,34,Hermenegildo López Infanzón (Independiente),Hombre,TRUE,FALSE,Cs,FALSE,,Ciudadanos-Partido de la Ciudadanía,C’s,jec_ast_2015.pdf,compartido
autonomous_2015_05,2015,Junta General del Principado de Asturias,Asturias,Centro,1,Iziar Sánchez Suárez,Mujer,FALSE,FALSE,Cs,FALSE,,Ciudadanos-Partido de la Ciudadanía,C’s,jec_ast_2015.pdf,compartido
autonomous_2015_05,2015,Junta General del Principado de Asturias,Asturias,Centro,2,Ramón Mateo Escobar (Independiente),Hombre,FALSE,FALSE,Cs,FALSE,,Ciudadanos-Partido de la Ciudadanía,C’s,jec_ast_2015.pdf,compartido
autonomous_2015_05,2015,Junta General del Principado de Asturias,Asturias,Centro,3,Tomás García Fernández,Hombre,FALSE,FALSE,Cs,FALSE,,Ciudadanos-Partido de la Ciudadanía,C’s,jec_ast_2015.pdf,compartido
autonomous_2015_05,2015,Asamblea de Ceuta,Ceuta,Ceuta,1,JAVIER VARGA PECHARROMAN,Hombre,TRUE,TRUE,Cs,FALSE,,CIUDADANOS-PARTIDO DE LA CIUDADANIA,C's,c_ceu_2015.pdf,compartido
autonomous_2015_05,2015,Asamblea de Ceuta,Ceuta,Ceuta,2,ABDELMALIK MOHAMED AMAR,Hombre,TRUE,FALSE,Cs,FALSE,,CIUDADANOS-PARTIDO DE LA CIUDADANIA,C's,c_ceu_2015.pdf,compartido
autonomous_2015_05,2015,Asamblea de Ceuta,Ceuta,Ceuta,3,JUAN JOSE CONDE RODRIGUEZ,Hombre,TRUE,FALSE,Cs,FALSE,,CIUDADANOS-PARTIDO DE LA CIUDADANIA,C's,c_ceu_2015.pdf,compartido
autonomous_2015_05,2015,Asamblea de Ceuta,Ceuta,Ceuta,4,MARIA DEL CARMEN LEON ALVAREZ,Mujer,TRUE,FALSE,Cs,FALSE,,CIUDADANOS-PARTIDO DE LA CIUDADANIA,C's,c_ceu_2015.pdf,compartido
autonomous_2015_05,2015,Asamblea de Ceuta,Ceuta,Ceuta,5,BARBARA VILLANUEVA GALVEZ,Mujer,TRUE,FALSE,Cs,FALSE,,CIUDADANOS-PARTIDO DE LA CIUDADANIA,C's,c_ceu_2015.pdf,compartido
autonomous_2015_05,2015,Asamblea de Ceuta,Ceuta,Ceuta,6,FEDERICO TOMAS CUENCA ROMERO JIMENEZ,Hombre,TRUE,FALSE,Cs,FALSE,,CIUDADANOS-PARTIDO DE LA CIUDADANIA,C's,c_ceu_2015.pdf,compartido
autonomous_2015_05,2015,Asamblea de Ceuta,Ceuta,Ceuta,7,PRAKASH CHAINANI BADAMMAL SUNDERDAS,Hombre,TRUE,FALSE,Cs,FALSE,,CIUDADANOS-PARTIDO DE LA CIUDADANIA,C's,c_ceu_2015.pdf,compartido
autonomous_2015_05,2015,Asamblea de Ceuta,Ceuta,Ceuta,8,MARIANO CATARECHA GARCES,Hombre,TRUE,FALSE,Cs,FALSE,,CIUDADANOS-PARTIDO DE LA CIUDADANIA,C's,c_ceu_2015.pdf,compartido
autonomous_2015_05,2015,Asamblea de Ceuta,Ceuta,Ceuta,9,MARIA INMACULADA PILAR GRACIA,Mujer,TRUE,FALSE,Cs,FALSE,,CIUDADANOS-PARTIDO DE LA CIUDADANIA,C's,c_ceu_2015.pdf,compartido
autonomous_2015_05,2015,Asamblea de Ceuta,Ceuta,Ceuta,10,CONCEPCION GIL GALLARDO,Mujer,TRUE,FALSE,Cs,FALSE,,CIUDADANOS-PARTIDO DE LA CIUDADANIA,C's,c_ceu_2015.pdf,compartido
autonomous_2015_05,2015,Asamblea de Ceuta,Ceuta,Ceuta,11,MARIA ISABEL VERGARA RIVAS,Mujer,TRUE,FALSE,Cs,FALSE,,CIUDADANOS-PARTIDO DE LA CIUDADANIA,C's,c_ceu_2015.pdf,compartido
autonomous_2015_05,2015,Asamblea de Ceuta,Ceuta,Ceuta,12,ALEJANDRO JAVIER CASTILLO GALLARDO,Hombre,TRUE,FALSE,Cs,FALSE,,CIUDADANOS-PARTIDO DE LA CIUDADANIA,C's,c_ceu_2015.pdf,compartido
autonomous_2015_05,2015,Asamblea de Ceuta,Ceuta,Ceuta,13,ALBERTO LEON VAZQUEZ,Hombre,TRUE,FALSE,Cs,FALSE,,CIUDADANOS-PARTIDO DE LA CIUDADANIA,C's,c_ceu_2015.pdf,compartido
autonomous_2015_05,2015,Asamblea de Ceuta,Ceuta,Ceuta,14,TAMARA GUERRERO GOMEZ,Mujer,TRUE,FALSE,Cs,FALSE,,CIUDADANOS-PARTIDO DE LA CIUDADANIA,C's,c_ceu_2015.pdf,compartido
autonomous_2015_05,2015,Asamblea de Ceuta,Ceuta,Ceuta,15,KARIMA AOMAR DADI,Mujer,TRUE,FALSE,Cs,FALSE,,CIUDADANOS-PARTIDO DE LA CIUDADANIA,C's,c_ceu_2015.pdf,compartido
autonomous_2015_05,2015,Asamblea de Ceuta,Ceuta,Ceuta,16,PABLO SORIANO RODRIGUEZ,Hombre,TRUE,FALSE,Cs,FALSE,,CIUDADANOS-PARTIDO DE LA CIUDADANIA,C's,c_ceu_2015.pdf,compartido
autonomous_2015_05,2015,Asamblea de Ceuta,Ceuta,Ceuta,17,LUIS GIL GALLARDO,Hombre,TRUE,FALSE,Cs,FALSE,,CIUDADANOS-PARTIDO DE LA CIUDADANIA,C's,c_ceu_2015.pdf,compartido
autonomous_2015_05,2015,Asamblea de Ceuta,Ceuta,Ceuta,18,MARIA ARACELI RODRIGUEZ NAVARRO,Mujer,TRUE,FALSE,Cs,FALSE,,CIUDADANOS-PARTIDO DE LA CIUDADANIA,C's,c_ceu_2015.pdf,compartido
autonomous_2015_05,2015,Asamblea de Ceuta,Ceuta,Ceuta,19,DANIEL JESUS GONZALEZ RODRIGUEZ,Hombre,TRUE,FALSE,Cs,FALSE,,CIUDADANOS-PARTIDO DE LA CIUDADANIA,C's,c_ceu_2015.pdf,compartido
autonomous_2015_05,2015,Asamblea de Ceuta,Ceuta,Ceuta,20,ANA BELEN MELERO RUIZ,Mujer,TRUE,FALSE,Cs,FALSE,,CIUDADANOS-PARTIDO DE LA CIUDADANIA,C's,c_ceu_2015.pdf,compartido
autonomous_2015_05,2015,Asamblea de Ceuta,Ceuta,Ceuta,21,MARIA TERESA RODRIGUEZ CANALS,Mujer,TRUE,FALSE,Cs,FALSE,,CIUDADANOS-PARTIDO DE LA CIUDADANIA,C's,c_ceu_2015.pdf,compartido
autonomous_2015_05,2015,Asamblea de Ceuta,Ceuta,Ceuta,22,NATHALIA CASTILLO TORIO,Mujer,TRUE,FALSE,Cs,FALSE,,CIUDADANOS-PARTIDO DE LA CIUDADANIA,C's,c_ceu_2015.pdf,compartido
autonomous_2015_05,2015,Asamblea de Ceuta,Ceuta,Ceuta,23,JOSE CRISTOBAL JIMENEZ CHAMORRO,Hombre,TRUE,FALSE,Cs,FALSE,,CIUDADANOS-PARTIDO DE LA CIUDADANIA,C's,c_ceu_2015.pdf,compartido
autonomous_2015_05,2015,Asamblea de Ceuta,Ceuta,Ceuta,24,BADRIA ABDELKADER HASSEN,Mujer,TRUE,FALSE,Cs,FALSE,,CIUDADANOS-PARTIDO DE LA CIUDADANIA,C's,c_ceu_2015.pdf,compartido
autonomous_2015_05,2015,Asamblea de Ceuta,Ceuta,Ceuta,25,LAYE KABA OULARE,Hombre,TRUE,FALSE,Cs,FALSE,,CIUDADANOS-PARTIDO DE LA CIUDADANIA,C's,c_ceu_2015.pdf,compartido
autonomous_2015_05,2015,Asamblea de Ceuta,Ceuta,Ceuta,1,PATRICIA LEON VAZQUEZ,Mujer,FALSE,FALSE,Cs,FALSE,,CIUDADANOS-PARTIDO DE LA CIUDADANIA,C's,c_ceu_2015.pdf,compartido
autonomous_2015_05,2015,Asamblea de Ceuta,Ceuta,Ceuta,2,JUAN MANUEL PARRADO SOBRINO,Hombre,FALSE,FALSE,Cs,FALSE,,CIUDADANOS-PARTIDO DE LA CIUDADANIA,C's,c_ceu_2015.pdf,compartido
autonomous_2015_05,2015,Asamblea de Ceuta,Ceuta,Ceuta,3,FATIMA MOHAMED HAMED,Mujer,FALSE,FALSE,Cs,FALSE,,CIUDADANOS-PARTIDO DE LA CIUDADANIA,C's,c_ceu_2015.pdf,compartido
autonomous_2015_05,2015,Cortes de Castilla-La Mancha,Castilla-La Mancha,Ciudad Real,1,JESUS CAMPOS GARCIA DE MATEOS,Hombre,TRUE,FALSE,Cs,FALSE,,CIUDADANOS PARTIDO DE LA CIUDADANIA,C´s,c_clm_2015_2.pdf,compartido
autonomous_2015_05,2015,Cortes de Castilla-La Mancha,Castilla-La Mancha,Ciudad Real,2,ANA BLANES MARTIN-PORTUGUES,Mujer,TRUE,FALSE,Cs,FALSE,,CIUDADANOS PARTIDO DE LA CIUDADANIA,C´s,c_clm_2015_2.pdf,compartido
autonomous_2015_05,2015,Cortes de Castilla-La Mancha,Castilla-La Mancha,Ciudad Real,3,JULIO ROBLEDO GARRIDO,Hombre,TRUE,FALSE,Cs,FALSE,,CIUDADANOS PARTIDO DE LA CIUDADANIA,C´s,c_clm_2015_2.pdf,compartido
autonomous_2015_05,2015,Cortes de Castilla-La Mancha,Castilla-La Mancha,Ciudad Real,4,ANGELA LOPEZ CASTRO,Mujer,TRUE,FALSE,Cs,FALSE,,CIUDADANOS PARTIDO DE LA CIUDADANIA,C´s,c_clm_2015_2.pdf,compartido
autonomous_2015_05,2015,Cortes de Castilla-La Mancha,Castilla-La Mancha,Ciudad Real,5,SANTIAGO BENITO PERONA,Hombre,TRUE,FALSE,Cs,FALSE,,CIUDADANOS PARTIDO DE LA CIUDADANIA,C´s,c_clm_2015_2.pdf,compartido
autonomous_2015_05,2015,Cortes de Castilla-La Mancha,Castilla-La Mancha,Ciudad Real,6,MARÍA CRUZ RODRIGUEZ BARRIGUETE,Mujer,TRUE,FALSE,Cs,FALSE,,CIUDADANOS PARTIDO DE LA CIUDADANIA,C´s,c_clm_2015_2.pdf,compartido
autonomous_2015_05,2015,Cortes de Castilla-La Mancha,Castilla-La Mancha,Ciudad Real,7,JUAN CARLOS SENDARRUBIAS MARTIN,Hombre,TRUE,FALSE,Cs,FALSE,,CIUDADANOS PARTIDO DE LA CIUDADANIA,C´s,c_clm_2015_2.pdf,compartido
autonomous_2015_05,2015,Cortes de Castilla-La Mancha,Castilla-La Mancha,Ciudad Real,8,CAROLINA MORATO CALVO,Mujer,TRUE,FALSE,Cs,FALSE,,CIUDADANOS PARTIDO DE LA CIUDADANIA,C´s,c_clm_2015_2.pdf,compartido
autonomous_2015_05,2015,Cortes de Castilla-La Mancha,Castilla-La Mancha,Ciudad Real,1,JOSE DOMINGO DIAZ MELER,Hombre,FALSE,FALSE,Cs,FALSE,,CIUDADANOS PARTIDO DE LA CIUDADANIA,C´s,c_clm_2015_2.pdf,compartido
autonomous_2015_05,2015,Cortes de Castilla-La Mancha,Castilla-La Mancha,Ciudad Real,2,RAQUEL MARIN SAUCEDO,Mujer,FALSE,FALSE,Cs,FALSE,,CIUDADANOS PARTIDO DE LA CIUDADANIA,C´s,c_clm_2015_2.pdf,compartido
autonomous_2015_05,2015,Cortes de Castilla-La Mancha,Castilla-La Mancha,Ciudad Real,3,MANUEL ALMODOVAR RODRIGUEZ,Hombre,FALSE,FALSE,Cs,FALSE,,CIUDADANOS PARTIDO DE LA CIUDADANIA,C´s,c_clm_2015_2.pdf,compartido
autonomous_2015_05,2015,Asamblea Regional de Murcia,Murcia,Cuarta,1,FRANCISCO JOSÉ CAPARRÓS FERNÁNDEZ,Hombre,TRUE,FALSE,Cs,FALSE,,CIUDADANOS-PARTIDO DE LA CIUDADANÍA,C’s,jec_mur_2015.pdf,compartido
autonomous_2015_05,2015,Asamblea Regional de Murcia,Murcia,Cuarta,2,ANA FERNÁNDEZ DE GEA,Mujer,TRUE,FALSE,Cs,FALSE,,CIUDADANOS-PARTIDO DE LA CIUDADANÍA,C’s,jec_mur_2015.pdf,compartido
autonomous_2015_05,2015,Asamblea Regional de Murcia,Murcia,Cuarta,3,JOSÉ FERNÁNDEZ BUENDÍA,Hombre,TRUE,FALSE,Cs,FALSE,,CIUDADANOS-PARTIDO DE LA CIUDADANÍA,C’s,jec_mur_2015.pdf,compartido
autonomous_2015_05,2015,Asamblea Regional de Murcia,Murcia,Cuarta,4,MARTA CÉSPEDES PÉREZ,Mujer,TRUE,FALSE,Cs,FALSE,,CIUDADANOS-PARTIDO DE LA CIUDADANÍA,C’s,jec_mur_2015.pdf,compartido
autonomous_2015_05,2015,Asamblea Regional de Murcia,Murcia,Cuarta,1,JULIÁN GARCÍA GARCÍA,Hombre,FALSE,FALSE,Cs,FALSE,,CIUDADANOS-PARTIDO DE LA CIUDADANÍA,C’s,jec_mur_2015.pdf,compartido
autonomous_2015_05,2015,Cortes de Castilla-La Mancha,Castilla-La Mancha,Cuenca,1,JAIME SAIZ LEAL,Hombre,TRUE,FALSE,Cs,FALSE,,CIUDADANOS-PARTIDO DE LA CIUDADANIA,C’s,c_clm_2015_3.pdf,compartido
autonomous_2015_05,2015,Cortes de Castilla-La Mancha,Castilla-La Mancha,Cuenca,2,LAURA VICTORIA FERNANDEZ GONZALEZ,Mujer,TRUE,FALSE,Cs,FALSE,,CIUDADANOS-PARTIDO DE LA CIUDADANIA,C’s,c_clm_2015_3.pdf,compartido
autonomous_2015_05,2015,Cortes de Castilla-La Mancha,Castilla-La Mancha,Cuenca,3,DAVID PRIETO LOZANO,Hombre,TRUE,FALSE,Cs,FALSE,,CIUDADANOS-PARTIDO DE LA CIUDADANIA,C’s,c_clm_2015_3.pdf,compartido
autonomous_2015_05,2015,Cortes de Castilla-La Mancha,Castilla-La Mancha,Cuenca,4,ISABEL HERAS OLMEDA,Mujer,TRUE,FALSE,Cs,FALSE,,CIUDADANOS-PARTIDO DE LA CIUDADANIA,C’s,c_clm_2015_3.pdf,compartido
autonomous_2015_05,2015,Cortes de Castilla-La Mancha,Castilla-La Mancha,Cuenca,5,MIGUEL ANGEL PEREZ TEBAR,Hombre,TRUE,FALSE,Cs,FALSE,,CIUDADANOS-PARTIDO DE LA CIUDADANIA,C’s,c_clm_2015_3.pdf,compartido
autonomous_2015_05,2015,Cortes de Castilla-La Mancha,Castilla-La Mancha,Cuenca,1,MARIA ISABEL OCHOA IZQUIERDO,Mujer,FALSE,FALSE,Cs,FALSE,,CIUDADANOS-PARTIDO DE LA CIUDADANIA,C’s,c_clm_2015_3.pdf,compartido
autonomous_2015_05,2015,Cortes de Castilla-La Mancha,Castilla-La Mancha,Cuenca,2,ADOLFO FERNANDEZ GRIMALDOS,Hombre,FALSE,FALSE,Cs,FALSE,,CIUDADANOS-PARTIDO DE LA CIUDADANIA,C’s,c_clm_2015_3.pdf,compartido
autonomous_2015_05,2015,Cortes de Castilla-La Mancha,Castilla-La Mancha,Cuenca,3,OFELIA MARTINEZ MUÑOZ de abril de dos mil quince El Presidente JOSÉ EDUARDO MARTÍNEZ MEDIAVILLA El Secretario FERNANDO ARAGÓN CORREDOR,Mujer,FALSE,FALSE,Cs,FALSE,,CIUDADANOS-PARTIDO DE LA CIUDADANIA,C’s,c_clm_2015_3.pdf,compartido
autonomous_2015_05,2015,Asamblea de Extremadura,Extremadura,Cáceres,1,MARÍA VICTORIA DOMÍNGUEZ PAREDES,Mujer,TRUE,TRUE,Cs,FALSE,,CIUDADANOS-PARTIDO DE LA CIUDADANÍA,C's,jec_ext_2015_cc.pdf,compartido
autonomous_2015_05,2015,Asamblea de Extremadura,Extremadura,Cáceres,2,SOLEDAD CASTELLANO GÓMEZ,Mujer,TRUE,FALSE,Cs,FALSE,,CIUDADANOS-PARTIDO DE LA CIUDADANÍA,C's,jec_ext_2015_cc.pdf,compartido
autonomous_2015_05,2015,Asamblea de Extremadura,Extremadura,Cáceres,3,PABLO JOSÉ GALÁN MAÑANAS,Hombre,TRUE,FALSE,Cs,FALSE,,CIUDADANOS-PARTIDO DE LA CIUDADANÍA,C's,jec_ext_2015_cc.pdf,compartido
autonomous_2015_05,2015,Asamblea de Extremadura,Extremadura,Cáceres,4,MARÍA PILAR ILLESCAS RODRÍGUEZ,Mujer,TRUE,FALSE,Cs,FALSE,,CIUDADANOS-PARTIDO DE LA CIUDADANÍA,C's,jec_ext_2015_cc.pdf,compartido
autonomous_2015_05,2015,Asamblea de Extremadura,Extremadura,Cáceres,5,JOSÉ LUIS ESCASO ISLA,Hombre,TRUE,FALSE,Cs,FALSE,,CIUDADANOS-PARTIDO DE LA CIUDADANÍA,C's,jec_ext_2015_cc.pdf,compartido
autonomous_2015_05,2015,Asamblea de Extremadura,Extremadura,Cáceres,6,JULIÁN BURGOS MORA,Hombre,TRUE,FALSE,Cs,FALSE,,CIUDADANOS-PARTIDO DE LA CIUDADANÍA,C's,jec_ext_2015_cc.pdf,compartido
autonomous_2015_05,2015,Asamblea de Extremadura,Extremadura,Cáceres,7,FRANCISCO JAVIER CASTILLO BERMEJO,Hombre,TRUE,FALSE,Cs,FALSE,,CIUDADANOS-PARTIDO DE LA CIUDADANÍA,C's,jec_ext_2015_cc.pdf,compartido
autonomous_2015_05,2015,Asamblea de Extremadura,Extremadura,Cáceres,8,JOSÉ MIGUEL GONZÁLEZ DOMÍNGUEZ,Hombre,TRUE,FALSE,Cs,FALSE,,CIUDADANOS-PARTIDO DE LA CIUDADANÍA,C's,jec_ext_2015_cc.pdf,compartido
autonomous_2015_05,2015,Asamblea de Extremadura,Extremadura,Cáceres,9,TAMARA RODRÍGUEZ SÁNCHEZ,Mujer,TRUE,FALSE,Cs,FALSE,,CIUDADANOS-PARTIDO DE LA CIUDADANÍA,C's,jec_ext_2015_cc.pdf,compartido
autonomous_2015_05,2015,Asamblea de Extremadura,Extremadura,Cáceres,10,MARÍA GARCÍA GARCÍA,Mujer,TRUE,FALSE,Cs,FALSE,,CIUDADANOS-PARTIDO DE LA CIUDADANÍA,C's,jec_ext_2015_cc.pdf,compartido
autonomous_2015_05,2015,Asamblea de Extremadura,Extremadura,Cáceres,11,ALFREDO GONZÁLEZ CORBACHO,Hombre,TRUE,FALSE,Cs,FALSE,,CIUDADANOS-PARTIDO DE LA CIUDADANÍA,C's,jec_ext_2015_cc.pdf,compartido
autonomous_2015_05,2015,Asamblea de Extremadura,Extremadura,Cáceres,12,SILVIA HUERTA BARRIOS,Mujer,TRUE,FALSE,Cs,FALSE,,CIUDADANOS-PARTIDO DE LA CIUDADANÍA,C's,jec_ext_2015_cc.pdf,compartido
autonomous_2015_05,2015,Asamblea de Extremadura,Extremadura,Cáceres,13,JOSÉ LUIS TEOMIRO PUERTO,Hombre,TRUE,FALSE,Cs,FALSE,,CIUDADANOS-PARTIDO DE LA CIUDADANÍA,C's,jec_ext_2015_cc.pdf,compartido
autonomous_2015_05,2015,Asamblea de Extremadura,Extremadura,Cáceres,14,REBECA DOMÍNGUEZ MORCILLO,Mujer,TRUE,FALSE,Cs,FALSE,,CIUDADANOS-PARTIDO DE LA CIUDADANÍA,C's,jec_ext_2015_cc.pdf,compartido
autonomous_2015_05,2015,Asamblea de Extremadura,Extremadura,Cáceres,15,JOAQUÍN DAZA IZQUIERDO NÚMERO 80,Hombre,TRUE,FALSE,Cs,FALSE,,CIUDADANOS-PARTIDO DE LA CIUDADANÍA,C's,jec_ext_2015_cc.pdf,compartido
autonomous_2015_05,2015,Asamblea de Extremadura,Extremadura,Cáceres,16,ANA MARÍA BLÁZQUEZ GARCÍA,Mujer,TRUE,FALSE,Cs,FALSE,,CIUDADANOS-PARTIDO DE LA CIUDADANÍA,C's,jec_ext_2015_cc.pdf,compartido
autonomous_2015_05,2015,Asamblea de Extremadura,Extremadura,Cáceres,17,LUISA CHANCLÓN ENCINAS,Mujer,TRUE,FALSE,Cs,FALSE,,CIUDADANOS-PARTIDO DE LA CIUDADANÍA,C's,jec_ext_2015_cc.pdf,compartido
autonomous_2015_05,2015,Asamblea de Extremadura,Extremadura,Cáceres,18,LUIS CARLOS SÁNCHEZ BUENO,Hombre,TRUE,FALSE,Cs,FALSE,,CIUDADANOS-PARTIDO DE LA CIUDADANÍA,C's,jec_ext_2015_cc.pdf,compartido
autonomous_2015_05,2015,Asamblea de Extremadura,Extremadura,Cáceres,19,ÁNGEL MUÑOZ ARROYO,Hombre,TRUE,FALSE,Cs,FALSE,,CIUDADANOS-PARTIDO DE LA CIUDADANÍA,C's,jec_ext_2015_cc.pdf,compartido
autonomous_2015_05,2015,Asamblea de Extremadura,Extremadura,Cáceres,20,MARÍA DEL CARMEN GÓMEZ ARIÑO,Mujer,TRUE,FALSE,Cs,FALSE,,CIUDADANOS-PARTIDO DE LA CIUDADANÍA,C's,jec_ext_2015_cc.pdf,compartido
autonomous_2015_05,2015,Asamblea de Extremadura,Extremadura,Cáceres,21,TAMARA PAÑERO GONZÁLEZ,Mujer,TRUE,FALSE,Cs,FALSE,,CIUDADANOS-PARTIDO DE LA CIUDADANÍA,C's,jec_ext_2015_cc.pdf,compartido
autonomous_2015_05,2015,Asamblea de Extremadura,Extremadura,Cáceres,22,ÁNGEL SANTOS BRAVO GÓMEZ,Hombre,TRUE,FALSE,Cs,FALSE,,CIUDADANOS-PARTIDO DE LA CIUDADANÍA,C's,jec_ext_2015_cc.pdf,compartido
autonomous_2015_05,2015,Asamblea de Extremadura,Extremadura,Cáceres,23,DAVID GONZÁLEZ PEÑA,Hombre,TRUE,FALSE,Cs,FALSE,,CIUDADANOS-PARTIDO DE LA CIUDADANÍA,C's,jec_ext_2015_cc.pdf,compartido
autonomous_2015_05,2015,Asamblea de Extremadura,Extremadura,Cáceres,24,PATRICIA DE MARÍA GONZÁLEZ,Mujer,TRUE,FALSE,Cs,FALSE,,CIUDADANOS-PARTIDO DE LA CIUDADANÍA,C's,jec_ext_2015_cc.pdf,compartido
autonomous_2015_05,2015,Asamblea de Extremadura,Extremadura,Cáceres,25,CARLOS JESÚS TOVAR JIMÉNEZ,Hombre,TRUE,FALSE,Cs,FALSE,,CIUDADANOS-PARTIDO DE LA CIUDADANÍA,C's,jec_ext_2015_cc.pdf,compartido
autonomous_2015_05,2015,Asamblea de Extremadura,Extremadura,Cáceres,26,FRANCISCO JAVIER CONEJERO SÁNCHEZ,Hombre,TRUE,FALSE,Cs,FALSE,,CIUDADANOS-PARTIDO DE LA CIUDADANÍA,C's,jec_ext_2015_cc.pdf,compartido
autonomous_2015_05,2015,Asamblea de Extremadura,Extremadura,Cáceres,27,LAURA SIERRA TORRES,Mujer,TRUE,FALSE,Cs,FALSE,,CIUDADANOS-PARTIDO DE LA CIUDADANÍA,C's,jec_ext_2015_cc.pdf,compartido
autonomous_2015_05,2015,Asamblea de Extremadura,Extremadura,Cáceres,28,EVA MARÍA GONZÁLEZ SÁNCHEZ,Mujer,TRUE,FALSE,Cs,FALSE,,CIUDADANOS-PARTIDO DE LA CIUDADANÍA,C's,jec_ext_2015_cc.pdf,compartido
autonomous_2015_05,2015,Asamblea de Extremadura,Extremadura,Cáceres,29,ISAAC PÉREZ LOPO,Hombre,TRUE,FALSE,Cs,FALSE,,CIUDADANOS-PARTIDO DE LA CIUDADANÍA,C's,jec_ext_2015_cc.pdf,compartido
autonomous_2015_05,2015,Asamblea de Extremadura,Extremadura,Cáceres,1,LORENZO MATEO MELO,Hombre,FALSE,FALSE,Cs,FALSE,,CIUDADANOS-PARTIDO DE LA CIUDADANÍA,C's,jec_ext_2015_cc.pdf,compartido
autonomous_2015_05,2015,Asamblea de Extremadura,Extremadura,Cáceres,2,VICTORIA EUGENIA POLO NAHARRO,Mujer,FALSE,FALSE,Cs,FALSE,,CIUDADANOS-PARTIDO DE LA CIUDADANÍA,C's,jec_ext_2015_cc.pdf,compartido
autonomous_2015_05,2015,Asamblea de Extremadura,Extremadura,Cáceres,3,ANTONIO VEGA SÁNCHEZ,Hombre,FALSE,FALSE,Cs,FALSE,,CIUDADANOS-PARTIDO DE LA CIUDADANÍA,C's,jec_ext_2015_cc.pdf,compartido
autonomous_2015_05,2015,Parlamento de Canarias,Canarias,El Hierro,1,MIJAIL MORALES ZUVIA,Hombre,TRUE,FALSE,Cs,FALSE,,CIUDADANOS-PARTIDO DE LA CIUDADANIA,C's,c_cnr_2015.pdf,extra:main
autonomous_2015_05,2015,Parlamento de Canarias,Canarias,El Hierro,2,PAULA MARÍA MIRANDA POMPOSO,Mujer,TRUE,FALSE,Cs,FALSE,,CIUDADANOS-PARTIDO DE LA CIUDADANIA,C's,c_cnr_2015.pdf,extra:main
autonomous_2015_05,2015,Parlamento de Canarias,Canarias,El Hierro,3,ANTONIO BLANCO VÁZQUEZ,Hombre,TRUE,FALSE,Cs,FALSE,,CIUDADANOS-PARTIDO DE LA CIUDADANIA,C's,c_cnr_2015.pdf,extra:main
autonomous_2015_05,2015,Parlamento de Canarias,Canarias,El Hierro,1,SERGIO BERJÓN GARCÍA,Hombre,FALSE,FALSE,Cs,FALSE,,CIUDADANOS-PARTIDO DE LA CIUDADANIA,C's,c_cnr_2015.pdf,extra:main
autonomous_2015_05,2015,Parlamento de Canarias,Canarias,El Hierro,2,GLADYS MARÍA HERNÁNDEZ CARBALLO,Mujer,FALSE,FALSE,Cs,FALSE,,CIUDADANOS-PARTIDO DE LA CIUDADANIA,C's,c_cnr_2015.pdf,extra:main
autonomous_2015_05,2015,Parlamento de Canarias,Canarias,El Hierro,3,MIRIAM MORALES FERNÁNDEZ,Mujer,FALSE,FALSE,Cs,FALSE,,CIUDADANOS-PARTIDO DE LA CIUDADANIA,C's,c_cnr_2015.pdf,extra:main
autonomous_2015_05,2015,Parlamento de Canarias,Canarias,Fuerteventura,1,ANTONIO CORUJO TARREO,Hombre,TRUE,FALSE,Cs,FALSE,,CIUDADANOS-PARTIDO DE LA CIUDADANIA,C's,c_cnr_2015.pdf,extra:main
autonomous_2015_05,2015,Parlamento de Canarias,Canarias,Fuerteventura,2,CARLOS JOSE OLMEDO BATISTA,Hombre,TRUE,FALSE,Cs,FALSE,,CIUDADANOS-PARTIDO DE LA CIUDADANIA,C's,c_cnr_2015.pdf,extra:main
autonomous_2015_05,2015,Parlamento de Canarias,Canarias,Fuerteventura,3,JOAQUIN M. PEÑA PEREZ,Hombre,TRUE,FALSE,Cs,FALSE,,CIUDADANOS-PARTIDO DE LA CIUDADANIA,C's,c_cnr_2015.pdf,extra:main
autonomous_2015_05,2015,Parlamento de Canarias,Canarias,Fuerteventura,4,ROSARIO ARES MARTEN,Mujer,TRUE,FALSE,Cs,FALSE,,CIUDADANOS-PARTIDO DE LA CIUDADANIA,C's,c_cnr_2015.pdf,extra:main
autonomous_2015_05,2015,Parlamento de Canarias,Canarias,Fuerteventura,5,RITA DOLORES CALLERO PEREZ,Mujer,TRUE,FALSE,Cs,FALSE,,CIUDADANOS-PARTIDO DE LA CIUDADANIA,C's,c_cnr_2015.pdf,extra:main
autonomous_2015_05,2015,Parlamento de Canarias,Canarias,Fuerteventura,6,JAIME FELIPE MOREIRA CORDERO,Hombre,TRUE,FALSE,Cs,FALSE,,CIUDADANOS-PARTIDO DE LA CIUDADANIA,C's,c_cnr_2015.pdf,extra:main
autonomous_2015_05,2015,Parlamento de Canarias,Canarias,Fuerteventura,7,YASMINA L. HERNANDEZ MENDEZ,Mujer,TRUE,FALSE,Cs,FALSE,,CIUDADANOS-PARTIDO DE LA CIUDADANIA,C's,c_cnr_2015.pdf,extra:main
autonomous_2015_05,2015,Parlamento de Canarias,Canarias,Fuerteventura,1,Mª ELENA PRADO REY,Mujer,FALSE,FALSE,Cs,FALSE,,CIUDADANOS-PARTIDO DE LA CIUDADANIA,C's,c_cnr_2015.pdf,extra:main
autonomous_2015_05,2015,Parlamento de Canarias,Canarias,Fuerteventura,2,EDELYS EGÜES DELGADO,,FALSE,FALSE,Cs,FALSE,,CIUDADANOS-PARTIDO DE LA CIUDADANIA,C's,c_cnr_2015.pdf,extra:main
autonomous_2015_05,2015,Parlamento de Canarias,Canarias,Fuerteventura,3,EDUARDO CAJAL GUILLEN boc-a-2015-080-1949,Hombre,FALSE,FALSE,Cs,FALSE,,CIUDADANOS-PARTIDO DE LA CIUDADANIA,C's,c_cnr_2015.pdf,extra:main
autonomous_2015_05,2015,Parlamento de Canarias,Canarias,Gran Canaria,1,MANUEL C. ROMERO HERNANDEZ,Hombre,TRUE,FALSE,Cs,FALSE,,CIUDADANOS-PARTIDO DE LA CIUDADANIA,C's,c_cnr_2015.pdf,extra:main
autonomous_2015_05,2015,Parlamento de Canarias,Canarias,Gran Canaria,2,Mª MERCEDES ROMON VIEITEZ,Mujer,TRUE,FALSE,Cs,FALSE,,CIUDADANOS-PARTIDO DE LA CIUDADANIA,C's,c_cnr_2015.pdf,extra:main
autonomous_2015_05,2015,Parlamento de Canarias,Canarias,Gran Canaria,3,J. ALEJANDRO CANCHO DIZ,,TRUE,FALSE,Cs,FALSE,,CIUDADANOS-PARTIDO DE LA CIUDADANIA,C's,c_cnr_2015.pdf,extra:main
autonomous_2015_05,2015,Parlamento de Canarias,Canarias,Gran Canaria,4,MANUEL A. FLORIDO MAYOR,Hombre,TRUE,FALSE,Cs,FALSE,,CIUDADANOS-PARTIDO DE LA CIUDADANIA,C's,c_cnr_2015.pdf,extra:main
autonomous_2015_05,2015,Parlamento de Canarias,Canarias,Gran Canaria,5,Mª ISABEL DEL ROSARIO ROBAINA,Mujer,TRUE,FALSE,Cs,FALSE,,CIUDADANOS-PARTIDO DE LA CIUDADANIA,C's,c_cnr_2015.pdf,extra:main
autonomous_2015_05,2015,Parlamento de Canarias,Canarias,Gran Canaria,6,ROBERTO CASTRO RODRIGUEZ,Hombre,TRUE,FALSE,Cs,FALSE,,CIUDADANOS-PARTIDO DE LA CIUDADANIA,C's,c_cnr_2015.pdf,extra:main
autonomous_2015_05,2015,Parlamento de Canarias,Canarias,Gran Canaria,7,NATALIA LOURDES BATISTA ESTEVEZ,Mujer,TRUE,FALSE,Cs,FALSE,,CIUDADANOS-PARTIDO DE LA CIUDADANIA,C's,c_cnr_2015.pdf,extra:main
autonomous_2015_05,2015,Parlamento de Canarias,Canarias,Gran Canaria,8,OLGA Mª BOLIVAR TOLEDO,Mujer,TRUE,FALSE,Cs,FALSE,,CIUDADANOS-PARTIDO DE LA CIUDADANIA,C's,c_cnr_2015.pdf,extra:main
autonomous_2015_05,2015,Parlamento de Canarias,Canarias,Gran Canaria,9,SANTIAGO JOSE SANTOS PEÑATE,Hombre,TRUE,FALSE,Cs,FALSE,,CIUDADANOS-PARTIDO DE LA CIUDADANIA,C's,c_cnr_2015.pdf,extra:main
autonomous_2015_05,2015,Parlamento de Canarias,Canarias,Gran Canaria,10,JUSTO GERMAN QUINTANA MARTIN,Hombre,TRUE,FALSE,Cs,FALSE,,CIUDADANOS-PARTIDO DE LA CIUDADANIA,C's,c_cnr_2015.pdf,extra:main
autonomous_2015_05,2015,Parlamento de Canarias,Canarias,Gran Canaria,11,ALICIA ALVAREZ BERMUDEZ,Mujer,TRUE,FALSE,Cs,FALSE,,CIUDADANOS-PARTIDO DE LA CIUDADANIA,C's,c_cnr_2015.pdf,extra:main
autonomous_2015_05,2015,Parlamento de Canarias,Canarias,Gran Canaria,12,JOAQUIN A. CACERES MORENO,Hombre,TRUE,FALSE,Cs,FALSE,,CIUDADANOS-PARTIDO DE LA CIUDADANIA,C's,c_cnr_2015.pdf,extra:main
autonomous_2015_05,2015,Parlamento de Canarias,Canarias,Gran Canaria,13,MARTA CRUZ BAS,Mujer,TRUE,FALSE,Cs,FALSE,,CIUDADANOS-PARTIDO DE LA CIUDADANIA,C's,c_cnr_2015.pdf,extra:main
autonomous_2015_05,2015,Parlamento de Canarias,Canarias,Gran Canaria,14,PAULA GARCIA HORMIGA,Mujer,TRUE,FALSE,Cs,FALSE,,CIUDADANOS-PARTIDO DE LA CIUDADANIA,C's,c_cnr_2015.pdf,extra:main
autonomous_2015_05,2015,Parlamento de Canarias,Canarias,Gran Canaria,15,LEONARDO CALVO MARRERO,Hombre,TRUE,FALSE,Cs,FALSE,,CIUDADANOS-PARTIDO DE LA CIUDADANIA,C's,c_cnr_2015.pdf,extra:main
autonomous_2015_05,2015,Parlamento de Canarias,Canarias,Gran Canaria,1,Mª LUISA GARRIDO SANCHEZ,Mujer,FALSE,FALSE,Cs,FALSE,,CIUDADANOS-PARTIDO DE LA CIUDADANIA,C's,c_cnr_2015.pdf,extra:main
autonomous_2015_05,2015,Parlamento de Canarias,Canarias,Gran Canaria,2,ALEJANDRO GUTIERREZ LEON,Hombre,FALSE,FALSE,Cs,FALSE,,CIUDADANOS-PARTIDO DE LA CIUDADANIA,C's,c_cnr_2015.pdf,extra:main
autonomous_2015_05,2015,Parlamento de Canarias,Canarias,Gran Canaria,3,JAVIER A. AMADOR ALCAZAR,Hombre,FALSE,FALSE,Cs,FALSE,,CIUDADANOS-PARTIDO DE LA CIUDADANIA,C's,c_cnr_2015.pdf,extra:main
autonomous_2015_05,2015,Cortes de Castilla-La Mancha,Castilla-La Mancha,Guadalajara,1,LUIS MIGUEL SIMANCAS CANTADOR,Hombre,TRUE,FALSE,Cs,FALSE,,CIUDADANOS-PARTIDO DE LA CIUDADANIA,C’s,c_clm_2015_4.pdf,compartido
autonomous_2015_05,2015,Cortes de Castilla-La Mancha,Castilla-La Mancha,Guadalajara,2,ALMUDENA SANZ CEREZO,Mujer,TRUE,FALSE,Cs,FALSE,,CIUDADANOS-PARTIDO DE LA CIUDADANIA,C’s,c_clm_2015_4.pdf,compartido
autonomous_2015_05,2015,Cortes de Castilla-La Mancha,Castilla-La Mancha,Guadalajara,3,JUAN CARLOS GIL RODRIGO,Hombre,TRUE,FALSE,Cs,FALSE,,CIUDADANOS-PARTIDO DE LA CIUDADANIA,C’s,c_clm_2015_4.pdf,compartido
autonomous_2015_05,2015,Cortes de Castilla-La Mancha,Castilla-La Mancha,Guadalajara,4,ELENA MARTÍN MONZÓN,Mujer,TRUE,FALSE,Cs,FALSE,,CIUDADANOS-PARTIDO DE LA CIUDADANIA,C’s,c_clm_2015_4.pdf,compartido
autonomous_2015_05,2015,Cortes de Castilla-La Mancha,Castilla-La Mancha,Guadalajara,5,FRANCISCO GINÉS MARTÍNEZ,Hombre,TRUE,FALSE,Cs,FALSE,,CIUDADANOS-PARTIDO DE LA CIUDADANIA,C’s,c_clm_2015_4.pdf,compartido
autonomous_2015_05,2015,Cortes de Castilla-La Mancha,Castilla-La Mancha,Guadalajara,1,ORLENA MARÍA MIGUEL MUÑOZ,,FALSE,FALSE,Cs,FALSE,,CIUDADANOS-PARTIDO DE LA CIUDADANIA,C’s,c_clm_2015_4.pdf,compartido
autonomous_2015_05,2015,Cortes de Castilla-La Mancha,Castilla-La Mancha,Guadalajara,2,ANTONIO JOSÉ DE LAMO VILLAR,Hombre,FALSE,FALSE,Cs,FALSE,,CIUDADANOS-PARTIDO DE LA CIUDADANIA,C’s,c_clm_2015_4.pdf,compartido
autonomous_2015_05,2015,Cortes de Castilla-La Mancha,Castilla-La Mancha,Guadalajara,3,YOLANDA RAMÍREZ JUÁREZ,Mujer,FALSE,FALSE,Cs,FALSE,,CIUDADANOS-PARTIDO DE LA CIUDADANIA,C’s,c_clm_2015_4.pdf,compartido
autonomous_2015_05,2015,Cortes de Aragón,Aragon,Huesca,1,JESUS ESTEBAN SANSO OLMOS,Hombre,TRUE,TRUE,Cs,FALSE,,CIUDADANOS-PARTIDO DE LA CIUDADANIA,C’s,c_ara_2015.pdf,compartido
autonomous_2015_05,2015,Cortes de Aragón,Aragon,Huesca,2,IGNACIO DEL CORRAL BEAMONTE,Hombre,TRUE,FALSE,Cs,FALSE,,CIUDADANOS-PARTIDO DE LA CIUDADANIA,C’s,c_ara_2015.pdf,compartido
autonomous_2015_05,2015,Cortes de Aragón,Aragon,Huesca,3,JOSE MIGUEL LARDIES BUIL,Hombre,TRUE,FALSE,Cs,FALSE,,CIUDADANOS-PARTIDO DE LA CIUDADANIA,C’s,c_ara_2015.pdf,compartido
autonomous_2015_05,2015,Cortes de Aragón,Aragon,Huesca,4,PAULA MARTINEZ-GUISASOLA CORNAGO,Mujer,TRUE,FALSE,Cs,FALSE,,CIUDADANOS-PARTIDO DE LA CIUDADANIA,C’s,c_ara_2015.pdf,compartido
autonomous_2015_05,2015,Cortes de Aragón,Aragon,Huesca,5,PILAR ISABEL ALMARCEGUI NAVASCUES,Mujer,TRUE,FALSE,Cs,FALSE,,CIUDADANOS-PARTIDO DE LA CIUDADANIA,C’s,c_ara_2015.pdf,compartido
autonomous_2015_05,2015,Cortes de Aragón,Aragon,Huesca,6,FRANCISCO JOSE ALBERT FERNANDEZ,Hombre,TRUE,FALSE,Cs,FALSE,,CIUDADANOS-PARTIDO DE LA CIUDADANIA,C’s,c_ara_2015.pdf,compartido
autonomous_2015_05,2015,Cortes de Aragón,Aragon,Huesca,7,NOELIA FOLCH VILLAS,Mujer,TRUE,FALSE,Cs,FALSE,,CIUDADANOS-PARTIDO DE LA CIUDADANIA,C’s,c_ara_2015.pdf,compartido
autonomous_2015_05,2015,Cortes de Aragón,Aragon,Huesca,8,JOSE MANUEL CHARRO DE LA FUENTE,Hombre,TRUE,FALSE,Cs,FALSE,,CIUDADANOS-PARTIDO DE LA CIUDADANIA,C’s,c_ara_2015.pdf,compartido
autonomous_2015_05,2015,Cortes de Aragón,Aragon,Huesca,9,SARA LABRADOR PORTOLES,Mujer,TRUE,FALSE,Cs,FALSE,,CIUDADANOS-PARTIDO DE LA CIUDADANIA,C’s,c_ara_2015.pdf,compartido
autonomous_2015_05,2015,Cortes de Aragón,Aragon,Huesca,10,MIGUEL ANGEL ALMARCEGUI OCA,Hombre,TRUE,FALSE,Cs,FALSE,,CIUDADANOS-PARTIDO DE LA CIUDADANIA,C’s,c_ara_2015.pdf,compartido
autonomous_2015_05,2015,Cortes de Aragón,Aragon,Huesca,11,CRISTINA ALBA JIMENEZ,Mujer,TRUE,FALSE,Cs,FALSE,,CIUDADANOS-PARTIDO DE LA CIUDADANIA,C’s,c_ara_2015.pdf,compartido
autonomous_2015_05,2015,Cortes de Aragón,Aragon,Huesca,12,DAVID CAPILLA FUMANAL,Hombre,TRUE,FALSE,Cs,FALSE,,CIUDADANOS-PARTIDO DE LA CIUDADANIA,C’s,c_ara_2015.pdf,compartido
autonomous_2015_05,2015,Cortes de Aragón,Aragon,Huesca,13,ALBERTO RAMOS MARCO,Hombre,TRUE,FALSE,Cs,FALSE,,CIUDADANOS-PARTIDO DE LA CIUDADANIA,C’s,c_ara_2015.pdf,compartido
autonomous_2015_05,2015,Cortes de Aragón,Aragon,Huesca,14,MARIA ISABEL LACRUZ ALONSO,Mujer,TRUE,FALSE,Cs,FALSE,,CIUDADANOS-PARTIDO DE LA CIUDADANIA,C’s,c_ara_2015.pdf,compartido
autonomous_2015_05,2015,Cortes de Aragón,Aragon,Huesca,15,BEATRIZ ACIN FRANCO,Mujer,TRUE,FALSE,Cs,FALSE,,CIUDADANOS-PARTIDO DE LA CIUDADANIA,C’s,c_ara_2015.pdf,compartido
autonomous_2015_05,2015,Cortes de Aragón,Aragon,Huesca,16,MANUEL OJEDA ALARCON,Hombre,TRUE,FALSE,Cs,FALSE,,CIUDADANOS-PARTIDO DE LA CIUDADANIA,C’s,c_ara_2015.pdf,compartido
autonomous_2015_05,2015,Cortes de Aragón,Aragon,Huesca,17,MARIA DEL CARMEN SEGOVIANO REVILLA,Mujer,TRUE,FALSE,Cs,FALSE,,CIUDADANOS-PARTIDO DE LA CIUDADANIA,C’s,c_ara_2015.pdf,compartido
autonomous_2015_05,2015,Cortes de Aragón,Aragon,Huesca,18,VERONICA CALVILLO ZUBIAURRE,Mujer,TRUE,FALSE,Cs,FALSE,,CIUDADANOS-PARTIDO DE LA CIUDADANIA,C’s,c_ara_2015.pdf,compartido
autonomous_2015_05,2015,Cortes de Aragón,Aragon,Huesca,1,SUSANA ABIO SESE,Mujer,FALSE,FALSE,Cs,FALSE,,CIUDADANOS-PARTIDO DE LA CIUDADANIA,C’s,c_ara_2015.pdf,compartido
autonomous_2015_05,2015,Cortes de Aragón,Aragon,Huesca,2,MARIO MANUEL BARBOSA PEREZ,Hombre,FALSE,FALSE,Cs,FALSE,,CIUDADANOS-PARTIDO DE LA CIUDADANIA,C’s,c_ara_2015.pdf,compartido
autonomous_2015_05,2015,Cortes de Aragón,Aragon,Huesca,3,YOLANDA SIN CASASNOVAS La Secretario csv: BOA20150428022,Mujer,FALSE,FALSE,Cs,FALSE,,CIUDADANOS-PARTIDO DE LA CIUDADANIA,C’s,c_ara_2015.pdf,compartido
autonomous_2015_05,2015,Parlamento de Canarias,Canarias,La Gomera,1,MIGUEL ÁNGEL RODRÍGUEZ GONZÁLEZ,Hombre,TRUE,FALSE,Cs,FALSE,,CIUDADANOS-PARTIDO DE LA CIUDADANIA,C's,c_cnr_2015.pdf,extra:main
autonomous_2015_05,2015,Parlamento de Canarias,Canarias,La Gomera,2,JUAN PEDRO GUERRERO DE ESCALANTE DÍAZ,Hombre,TRUE,FALSE,Cs,FALSE,,CIUDADANOS-PARTIDO DE LA CIUDADANIA,C's,c_cnr_2015.pdf,extra:main
autonomous_2015_05,2015,Parlamento de Canarias,Canarias,La Gomera,3,LAURA SERAFINA VEGA CASANOVA,Mujer,TRUE,FALSE,Cs,FALSE,,CIUDADANOS-PARTIDO DE LA CIUDADANIA,C's,c_cnr_2015.pdf,extra:main
autonomous_2015_05,2015,Parlamento de Canarias,Canarias,La Gomera,4,MARÍA CARMEN SANZ ROSELLÓ,Mujer,TRUE,FALSE,Cs,FALSE,,CIUDADANOS-PARTIDO DE LA CIUDADANIA,C's,c_cnr_2015.pdf,extra:main
autonomous_2015_05,2015,Parlamento de Canarias,Canarias,La Gomera,1,PABLO JOSÉ ALONSO DORTA,Hombre,FALSE,FALSE,Cs,FALSE,,CIUDADANOS-PARTIDO DE LA CIUDADANIA,C's,c_cnr_2015.pdf,extra:main
autonomous_2015_05,2015,Parlamento de Canarias,Canarias,La Gomera,2,VERÓNICA QUINTERO MARTÍN,Mujer,FALSE,FALSE,Cs,FALSE,,CIUDADANOS-PARTIDO DE LA CIUDADANIA,C's,c_cnr_2015.pdf,extra:main
autonomous_2015_05,2015,Parlamento de Canarias,Canarias,La Gomera,3,PATRICIO MARAÑÓN MENDOZA boc-a-2015-080-1950,Hombre,FALSE,FALSE,Cs,FALSE,,CIUDADANOS-PARTIDO DE LA CIUDADANIA,C's,c_cnr_2015.pdf,extra:main
autonomous_2015_05,2015,Parlamento de Canarias,Canarias,La Palma,1,ENRIQUE ORTEGA DE LA MANO,Hombre,TRUE,FALSE,Cs,FALSE,,CIUDADANOS-PARTIDO DE LA CIUDADANIA,C's,c_cnr_2015.pdf,extra:main
autonomous_2015_05,2015,Parlamento de Canarias,Canarias,La Palma,2,VÍCTOR MANUEL LORENZO CRUZ,Hombre,TRUE,FALSE,Cs,FALSE,,CIUDADANOS-PARTIDO DE LA CIUDADANIA,C's,c_cnr_2015.pdf,extra:main
autonomous_2015_05,2015,Parlamento de Canarias,Canarias,La Palma,3,ANA MARÍA RODRÍGUEZ FRÍAS,Mujer,TRUE,FALSE,Cs,FALSE,,CIUDADANOS-PARTIDO DE LA CIUDADANIA,C's,c_cnr_2015.pdf,extra:main
autonomous_2015_05,2015,Parlamento de Canarias,Canarias,La Palma,4,JAIME JUAN CABEZOLA MARTÍN,Hombre,TRUE,FALSE,Cs,FALSE,,CIUDADANOS-PARTIDO DE LA CIUDADANIA,C's,c_cnr_2015.pdf,extra:main
autonomous_2015_05,2015,Parlamento de Canarias,Canarias,La Palma,5,ANA MARY RODRÍGUEZ LORENZO,Mujer,TRUE,FALSE,Cs,FALSE,,CIUDADANOS-PARTIDO DE LA CIUDADANIA,C's,c_cnr_2015.pdf,extra:main
autonomous_2015_05,2015,Parlamento de Canarias,Canarias,La Palma,6,JUAN ARTURO SAN GIL AYUT,Hombre,TRUE,FALSE,Cs,FALSE,,CIUDADANOS-PARTIDO DE LA CIUDADANIA,C's,c_cnr_2015.pdf,extra:main
autonomous_2015_05,2015,Parlamento de Canarias,Canarias,La Palma,7,MARÍA ROSARIO ORTIZ MARTÍN,Mujer,TRUE,FALSE,Cs,FALSE,,CIUDADANOS-PARTIDO DE LA CIUDADANIA,C's,c_cnr_2015.pdf,extra:main
autonomous_2015_05,2015,Parlamento de Canarias,Canarias,La Palma,8,MARÍA JOSEFINA PÉREZ VIÑA,Mujer,TRUE,FALSE,Cs,FALSE,,CIUDADANOS-PARTIDO DE LA CIUDADANIA,C's,c_cnr_2015.pdf,extra:main
autonomous_2015_05,2015,Parlamento de Canarias,Canarias,La Palma,1,SUSANA CLAVERO PÉREZ,Mujer,FALSE,FALSE,Cs,FALSE,,CIUDADANOS-PARTIDO DE LA CIUDADANIA,C's,c_cnr_2015.pdf,extra:main
autonomous_2015_05,2015,Parlamento de Canarias,Canarias,La Palma,2,VÍCTOR SÁNCHEZ ARIAS,Hombre,FALSE,FALSE,Cs,FALSE,,CIUDADANOS-PARTIDO DE LA CIUDADANIA,C's,c_cnr_2015.pdf,extra:main
autonomous_2015_05,2015,Parlamento de Canarias,Canarias,La Palma,3,DANIEL DENUC CALVO,Hombre,FALSE,FALSE,Cs,FALSE,,CIUDADANOS-PARTIDO DE LA CIUDADANIA,C's,c_cnr_2015.pdf,extra:main
autonomous_2015_05,2015,Parlamento de La Rioja,La Rioja,La Rioja,1,Diego Ubis López,Hombre,TRUE,TRUE,Cs,FALSE,,CIUDADANOS-PARTIDO DE LA CIUDADANÍA,C's,c_rio_2015.pdf,compartido
autonomous_2015_05,2015,Parlamento de La Rioja,La Rioja,La Rioja,2,Tomás Martínez Flaño,Hombre,TRUE,TRUE,Cs,FALSE,,CIUDADANOS-PARTIDO DE LA CIUDADANÍA,C's,c_rio_2015.pdf,compartido
autonomous_2015_05,2015,Parlamento de La Rioja,La Rioja,La Rioja,3,Luis David Vallejo García,Hombre,TRUE,TRUE,Cs,FALSE,,CIUDADANOS-PARTIDO DE LA CIUDADANÍA,C's,c_rio_2015.pdf,compartido
autonomous_2015_05,2015,Parlamento de La Rioja,La Rioja,La Rioja,4,Rebeca Grajea de la Torre,Mujer,TRUE,TRUE,Cs,FALSE,,CIUDADANOS-PARTIDO DE LA CIUDADANÍA,C's,c_rio_2015.pdf,compartido
autonomous_2015_05,2015,Parlamento de La Rioja,La Rioja,La Rioja,5,Lourdes Parra Casado,Mujer,TRUE,FALSE,Cs,FALSE,,CIUDADANOS-PARTIDO DE LA CIUDADANÍA,C's,c_rio_2015.pdf,compartido
autonomous_2015_05,2015,Parlamento de La Rioja,La Rioja,La Rioja,6,Virginia Domínguez Herrero,Mujer,TRUE,FALSE,Cs,FALSE,,CIUDADANOS-PARTIDO DE LA CIUDADANÍA,C's,c_rio_2015.pdf,compartido
autonomous_2015_05,2015,Parlamento de La Rioja,La Rioja,La Rioja,7,Modesto Fernández Gutiérrez,Hombre,TRUE,FALSE,Cs,FALSE,,CIUDADANOS-PARTIDO DE LA CIUDADANÍA,C's,c_rio_2015.pdf,compartido
autonomous_2015_05,2015,Parlamento de La Rioja,La Rioja,La Rioja,8,Ana María Pellejero Martínez,Mujer,TRUE,FALSE,Cs,FALSE,,CIUDADANOS-PARTIDO DE LA CIUDADANÍA,C's,c_rio_2015.pdf,compartido
autonomous_2015_05,2015,Parlamento de La Rioja,La Rioja,La Rioja,9,Fernando Castillo Alonso,Hombre,TRUE,FALSE,Cs,FALSE,,CIUDADANOS-PARTIDO DE LA CIUDADANÍA,C's,c_rio_2015.pdf,compartido
autonomous_2015_05,2015,Parlamento de La Rioja,La Rioja,La Rioja,10,Gorka Chavarri Ibáñez,Hombre,TRUE,FALSE,Cs,FALSE,,CIUDADANOS-PARTIDO DE LA CIUDADANÍA,C's,c_rio_2015.pdf,compartido
autonomous_2015_05,2015,Parlamento de La Rioja,La Rioja,La Rioja,11,Germán Rodríguez Hernández,Hombre,TRUE,FALSE,Cs,FALSE,,CIUDADANOS-PARTIDO DE LA CIUDADANÍA,C's,c_rio_2015.pdf,compartido
autonomous_2015_05,2015,Parlamento de La Rioja,La Rioja,La Rioja,12,María Teresa Martínez Vega,Mujer,TRUE,FALSE,Cs,FALSE,,CIUDADANOS-PARTIDO DE LA CIUDADANÍA,C's,c_rio_2015.pdf,compartido
autonomous_2015_05,2015,Parlamento de La Rioja,La Rioja,La Rioja,13,José Luis Peñaranda Talavante,Hombre,TRUE,FALSE,Cs,FALSE,,CIUDADANOS-PARTIDO DE LA CIUDADANÍA,C's,c_rio_2015.pdf,compartido
autonomous_2015_05,2015,Parlamento de La Rioja,La Rioja,La Rioja,14,Lorenia Gil Salcido,,TRUE,FALSE,Cs,FALSE,,CIUDADANOS-PARTIDO DE LA CIUDADANÍA,C's,c_rio_2015.pdf,compartido
autonomous_2015_05,2015,Parlamento de La Rioja,La Rioja,La Rioja,15,Fernando Pascual Villar,Hombre,TRUE,FALSE,Cs,FALSE,,CIUDADANOS-PARTIDO DE LA CIUDADANÍA,C's,c_rio_2015.pdf,compartido
autonomous_2015_05,2015,Parlamento de La Rioja,La Rioja,La Rioja,16,Juan Carlos Capellán Espinosa,Hombre,TRUE,FALSE,Cs,FALSE,,CIUDADANOS-PARTIDO DE LA CIUDADANÍA,C's,c_rio_2015.pdf,compartido
autonomous_2015_05,2015,Parlamento de La Rioja,La Rioja,La Rioja,17,María López Alesanco,Mujer,TRUE,FALSE,Cs,FALSE,,CIUDADANOS-PARTIDO DE LA CIUDADANÍA,C's,c_rio_2015.pdf,compartido
autonomous_2015_05,2015,Parlamento de La Rioja,La Rioja,La Rioja,18,Vanesa Lacalzada Villareal,Mujer,TRUE,FALSE,Cs,FALSE,,CIUDADANOS-PARTIDO DE LA CIUDADANÍA,C's,c_rio_2015.pdf,compartido
autonomous_2015_05,2015,Parlamento de La Rioja,La Rioja,La Rioja,19,Julio José Ruiz Royo,Hombre,TRUE,FALSE,Cs,FALSE,,CIUDADANOS-PARTIDO DE LA CIUDADANÍA,C's,c_rio_2015.pdf,compartido
autonomous_2015_05,2015,Parlamento de La Rioja,La Rioja,La Rioja,20,Federico Pérez Oteiza,Hombre,TRUE,FALSE,Cs,FALSE,,CIUDADANOS-PARTIDO DE LA CIUDADANÍA,C's,c_rio_2015.pdf,compartido
autonomous_2015_05,2015,Parlamento de La Rioja,La Rioja,La Rioja,21,Enrique Ruiz López,Hombre,TRUE,FALSE,Cs,FALSE,,CIUDADANOS-PARTIDO DE LA CIUDADANÍA,C's,c_rio_2015.pdf,compartido
autonomous_2015_05,2015,Parlamento de La Rioja,La Rioja,La Rioja,22,Cristina Labarga Miguel,Mujer,TRUE,FALSE,Cs,FALSE,,CIUDADANOS-PARTIDO DE LA CIUDADANÍA,C's,c_rio_2015.pdf,compartido
autonomous_2015_05,2015,Parlamento de La Rioja,La Rioja,La Rioja,23,Mariano Molina Rubio,Hombre,TRUE,FALSE,Cs,FALSE,,CIUDADANOS-PARTIDO DE LA CIUDADANÍA,C's,c_rio_2015.pdf,compartido
autonomous_2015_05,2015,Parlamento de La Rioja,La Rioja,La Rioja,24,María José Lázaro Martínez,Mujer,TRUE,FALSE,Cs,FALSE,,CIUDADANOS-PARTIDO DE LA CIUDADANÍA,C's,c_rio_2015.pdf,compartido
autonomous_2015_05,2015,Parlamento de La Rioja,La Rioja,La Rioja,25,Ignacio Gil de Miguel,Hombre,TRUE,FALSE,Cs,FALSE,,CIUDADANOS-PARTIDO DE LA CIUDADANÍA,C's,c_rio_2015.pdf,compartido
autonomous_2015_05,2015,Parlamento de La Rioja,La Rioja,La Rioja,26,Rubén Moreno del Álamo,Hombre,TRUE,FALSE,Cs,FALSE,,CIUDADANOS-PARTIDO DE LA CIUDADANÍA,C's,c_rio_2015.pdf,compartido
autonomous_2015_05,2015,Parlamento de La Rioja,La Rioja,La Rioja,27,Sandra Ruiz Berbés,Mujer,TRUE,FALSE,Cs,FALSE,,CIUDADANOS-PARTIDO DE LA CIUDADANÍA,C's,c_rio_2015.pdf,compartido
autonomous_2015_05,2015,Parlamento de La Rioja,La Rioja,La Rioja,28,Francisco Javier Adarraga Amigo,Hombre,TRUE,FALSE,Cs,FALSE,,CIUDADANOS-PARTIDO DE LA CIUDADANÍA,C's,c_rio_2015.pdf,compartido
autonomous_2015_05,2015,Parlamento de La Rioja,La Rioja,La Rioja,29,Nazareth Quijano Benés,Mujer,TRUE,FALSE,Cs,FALSE,,CIUDADANOS-PARTIDO DE LA CIUDADANÍA,C's,c_rio_2015.pdf,compartido
autonomous_2015_05,2015,Parlamento de La Rioja,La Rioja,La Rioja,30,Alfredo Ruiz Pastor,Hombre,TRUE,FALSE,Cs,FALSE,,CIUDADANOS-PARTIDO DE LA CIUDADANÍA,C's,c_rio_2015.pdf,compartido
autonomous_2015_05,2015,Parlamento de La Rioja,La Rioja,La Rioja,31,Belén Larrión Navajas,Mujer,TRUE,FALSE,Cs,FALSE,,CIUDADANOS-PARTIDO DE LA CIUDADANÍA,C's,c_rio_2015.pdf,compartido
autonomous_2015_05,2015,Parlamento de La Rioja,La Rioja,La Rioja,32,María Luisa Alonso García,Mujer,TRUE,FALSE,Cs,FALSE,,CIUDADANOS-PARTIDO DE LA CIUDADANÍA,C's,c_rio_2015.pdf,compartido
autonomous_2015_05,2015,Parlamento de La Rioja,La Rioja,La Rioja,33,Jesús David García Álvarez,Hombre,TRUE,FALSE,Cs,FALSE,,CIUDADANOS-PARTIDO DE LA CIUDADANÍA,C's,c_rio_2015.pdf,compartido
autonomous_2015_05,2015,Parlamento de La Rioja,La Rioja,La Rioja,1,Santiago Victoriano Benito,Hombre,FALSE,FALSE,Cs,FALSE,,CIUDADANOS-PARTIDO DE LA CIUDADANÍA,C's,c_rio_2015.pdf,compartido
autonomous_2015_05,2015,Parlamento de La Rioja,La Rioja,La Rioja,2,MaríaYolanda Hernández Jaén,,FALSE,FALSE,Cs,FALSE,,CIUDADANOS-PARTIDO DE LA CIUDADANÍA,C's,c_rio_2015.pdf,compartido
autonomous_2015_05,2015,Parlamento de La Rioja,La Rioja,La Rioja,3,Javier Corcuera García,Hombre,FALSE,FALSE,Cs,FALSE,,CIUDADANOS-PARTIDO DE LA CIUDADANÍA,C's,c_rio_2015.pdf,compartido
autonomous_2015_05,2015,Parlamento de Canarias,Canarias,Lanzarote,1,NEREIDA M. CAÑADO CAPARROS,Mujer,TRUE,FALSE,Cs,FALSE,,CIUDADANOS-PARTIDO DE LA CIUDADANIA,C's,c_cnr_2015.pdf,extra:main
autonomous_2015_05,2015,Parlamento de Canarias,Canarias,Lanzarote,2,FRANCISCO JUAN CABRERA PANASCO,Hombre,TRUE,FALSE,Cs,FALSE,,CIUDADANOS-PARTIDO DE LA CIUDADANIA,C's,c_cnr_2015.pdf,extra:main
autonomous_2015_05,2015,Parlamento de Canarias,Canarias,Lanzarote,3,RAFAEL ABELAIRA FERNANDEZ,Hombre,TRUE,FALSE,Cs,FALSE,,CIUDADANOS-PARTIDO DE LA CIUDADANIA,C's,c_cnr_2015.pdf,extra:main
autonomous_2015_05,2015,Parlamento de Canarias,Canarias,Lanzarote,4,ARMANDO NIVEIRO YUSTE,Hombre,TRUE,FALSE,Cs,FALSE,,CIUDADANOS-PARTIDO DE LA CIUDADANIA,C's,c_cnr_2015.pdf,extra:main
autonomous_2015_05,2015,Parlamento de Canarias,Canarias,Lanzarote,5,ROSANNA BOSHNAKOFF MEDINA,Mujer,TRUE,FALSE,Cs,FALSE,,CIUDADANOS-PARTIDO DE LA CIUDADANIA,C's,c_cnr_2015.pdf,extra:main
autonomous_2015_05,2015,Parlamento de Canarias,Canarias,Lanzarote,6,JESUS SAN JUAN SUAREZ,Hombre,TRUE,FALSE,Cs,FALSE,,CIUDADANOS-PARTIDO DE LA CIUDADANIA,C's,c_cnr_2015.pdf,extra:main
autonomous_2015_05,2015,Parlamento de Canarias,Canarias,Lanzarote,7,Mª DEL CARMEN PELLON RODRIGUEZ,Mujer,TRUE,FALSE,Cs,FALSE,,CIUDADANOS-PARTIDO DE LA CIUDADANIA,C's,c_cnr_2015.pdf,extra:main
autonomous_2015_05,2015,Parlamento de Canarias,Canarias,Lanzarote,8,MARIA DEL CARMEN LOPEZ RAMOS,Mujer,TRUE,FALSE,Cs,FALSE,,CIUDADANOS-PARTIDO DE LA CIUDADANIA,C's,c_cnr_2015.pdf,extra:main
autonomous_2015_05,2015,Parlamento de Canarias,Canarias,Lanzarote,1,PABLO DIAZ FERIA,Hombre,FALSE,FALSE,Cs,FALSE,,CIUDADANOS-PARTIDO DE LA CIUDADANIA,C's,c_cnr_2015.pdf,extra:main
autonomous_2015_05,2015,Parlamento de Canarias,Canarias,Lanzarote,2,Mª TRINIDAD DEL RIO ROMERO,Mujer,FALSE,FALSE,Cs,FALSE,,CIUDADANOS-PARTIDO DE LA CIUDADANIA,C's,c_cnr_2015.pdf,extra:main
autonomous_2015_05,2015,Parlamento de Canarias,Canarias,Lanzarote,3,VICTOR MANUEL DUQUE MEDRANO,Hombre,FALSE,FALSE,Cs,FALSE,,CIUDADANOS-PARTIDO DE LA CIUDADANIA,C's,c_cnr_2015.pdf,extra:main
autonomous_2015_05,2015,Cortes de Castilla y León,Castilla y Leon,León,1,MANUEL MITADIEL MARTINEZ,Hombre,TRUE,TRUE,Cs,FALSE,,CIUDADANOS-PARTIDO DE LA CIUDADANIA,C’s,jec_cyl_2015.pdf,compartido
autonomous_2015_05,2015,Cortes de Castilla y León,Castilla y Leon,León,2,SANTIAGO ALVAREZ LOPEZ,Hombre,TRUE,FALSE,Cs,FALSE,,CIUDADANOS-PARTIDO DE LA CIUDADANIA,C’s,jec_cyl_2015.pdf,compartido
autonomous_2015_05,2015,Cortes de Castilla y León,Castilla y Leon,León,3,JACOBO BRUNED HIDALGO,Hombre,TRUE,FALSE,Cs,FALSE,,CIUDADANOS-PARTIDO DE LA CIUDADANIA,C’s,jec_cyl_2015.pdf,compartido
autonomous_2015_05,2015,Cortes de Castilla y León,Castilla y Leon,León,4,MARIA JOSE MARTIN SANCHEZ,Mujer,TRUE,FALSE,Cs,FALSE,,CIUDADANOS-PARTIDO DE LA CIUDADANIA,C’s,jec_cyl_2015.pdf,compartido
autonomous_2015_05,2015,Cortes de Castilla y León,Castilla y Leon,León,5,NATALIA VIDAL FERNANDEZ,Mujer,TRUE,FALSE,Cs,FALSE,,CIUDADANOS-PARTIDO DE LA CIUDADANIA,C’s,jec_cyl_2015.pdf,compartido
autonomous_2015_05,2015,Cortes de Castilla y León,Castilla y Leon,León,6,ANTONIO VIÑUELA ANTOLIN,Hombre,TRUE,FALSE,Cs,FALSE,,CIUDADANOS-PARTIDO DE LA CIUDADANIA,C’s,jec_cyl_2015.pdf,compartido
autonomous_2015_05,2015,Cortes de Castilla y León,Castilla y Leon,León,7,JUAN CARLOS CORTINA PASCUAL,Hombre,TRUE,FALSE,Cs,FALSE,,CIUDADANOS-PARTIDO DE LA CIUDADANIA,C’s,jec_cyl_2015.pdf,compartido
autonomous_2015_05,2015,Cortes de Castilla y León,Castilla y Leon,León,8,ANA MARIA GUADA SANZ,Mujer,TRUE,FALSE,Cs,FALSE,,CIUDADANOS-PARTIDO DE LA CIUDADANIA,C’s,jec_cyl_2015.pdf,compartido
autonomous_2015_05,2015,Cortes de Castilla y León,Castilla y Leon,León,9,LORENZO LOPEZ TRIGAL,Hombre,TRUE,FALSE,Cs,FALSE,,CIUDADANOS-PARTIDO DE LA CIUDADANIA,C’s,jec_cyl_2015.pdf,compartido
autonomous_2015_05,2015,Cortes de Castilla y León,Castilla y Leon,León,10,CRISTINA CUETO SANCHEZ,Mujer,TRUE,FALSE,Cs,FALSE,,CIUDADANOS-PARTIDO DE LA CIUDADANIA,C’s,jec_cyl_2015.pdf,compartido
autonomous_2015_05,2015,Cortes de Castilla y León,Castilla y Leon,León,11,ANA BELEN ALONSO LOPEZ,Mujer,TRUE,FALSE,Cs,FALSE,,CIUDADANOS-PARTIDO DE LA CIUDADANIA,C’s,jec_cyl_2015.pdf,compartido
autonomous_2015_05,2015,Cortes de Castilla y León,Castilla y Leon,León,12,JOSE CRISTOBAL SOUTO FRADE,Hombre,TRUE,FALSE,Cs,FALSE,,CIUDADANOS-PARTIDO DE LA CIUDADANIA,C’s,jec_cyl_2015.pdf,compartido
autonomous_2015_05,2015,Cortes de Castilla y León,Castilla y Leon,León,13,EVA FIERRO MARTINEZ,Mujer,TRUE,FALSE,Cs,FALSE,,CIUDADANOS-PARTIDO DE LA CIUDADANIA,C’s,jec_cyl_2015.pdf,compartido
autonomous_2015_05,2015,Cortes de Castilla y León,Castilla y Leon,León,14,DAVID DE LA HOZ GORDÓN CV: BOCYL-D-28042015-1 Núm. 79,Hombre,TRUE,FALSE,Cs,FALSE,,CIUDADANOS-PARTIDO DE LA CIUDADANIA,C’s,jec_cyl_2015.pdf,compartido
autonomous_2015_05,2015,Cortes de Castilla y León,Castilla y Leon,León,1,GEMMA VILLARROEL FERNANDEZ,Mujer,FALSE,FALSE,Cs,FALSE,,CIUDADANOS-PARTIDO DE LA CIUDADANIA,C’s,jec_cyl_2015.pdf,compartido
autonomous_2015_05,2015,Cortes de Castilla y León,Castilla y Leon,León,2,SADAT MARAÑA ROBLES,,FALSE,FALSE,Cs,FALSE,,CIUDADANOS-PARTIDO DE LA CIUDADANIA,C’s,jec_cyl_2015.pdf,compartido
autonomous_2015_05,2015,Cortes de Castilla y León,Castilla y Leon,León,3,ENRIQUE MENDOZA DIAZ,Hombre,FALSE,FALSE,Cs,FALSE,,CIUDADANOS-PARTIDO DE LA CIUDADANIA,C’s,jec_cyl_2015.pdf,compartido
autonomous_2015_05,2015,Asamblea de Madrid,Madrid,Madrid,1,Ignacio Jesús Aguado Crespo,Hombre,TRUE,TRUE,Cs,FALSE,,CIUDADANOS­PARTIDO DE LA CIUDADANÍA,C’s,jec_mad_2015.pdf,compartido
autonomous_2015_05,2015,Asamblea de Madrid,Madrid,Madrid,2,César Zafra Hernández,Hombre,TRUE,TRUE,Cs,FALSE,,CIUDADANOS­PARTIDO DE LA CIUDADANÍA,C’s,jec_mad_2015.pdf,compartido
autonomous_2015_05,2015,Asamblea de Madrid,Madrid,Madrid,3,Eva María Borox Montoro,Mujer,TRUE,TRUE,Cs,FALSE,,CIUDADANOS­PARTIDO DE LA CIUDADANÍA,C’s,jec_mad_2015.pdf,compartido
autonomous_2015_05,2015,Asamblea de Madrid,Madrid,Madrid,4,Tomás Marcos Arias,Hombre,TRUE,TRUE,Cs,FALSE,,CIUDADANOS­PARTIDO DE LA CIUDADANÍA,C’s,jec_mad_2015.pdf,compartido
autonomous_2015_05,2015,Asamblea de Madrid,Madrid,Madrid,5,Marta Marbán de Frutos,Mujer,TRUE,TRUE,Cs,FALSE,,CIUDADANOS­PARTIDO DE LA CIUDADANÍA,C’s,jec_mad_2015.pdf,compartido
autonomous_2015_05,2015,Asamblea de Madrid,Madrid,Madrid,6,Daniel Álvarez Cabo,Hombre,TRUE,TRUE,Cs,FALSE,,CIUDADANOS­PARTIDO DE LA CIUDADANÍA,C’s,jec_mad_2015.pdf,compartido
autonomous_2015_05,2015,Asamblea de Madrid,Madrid,Madrid,7,Esther Ruiz Fernández,Mujer,TRUE,TRUE,Cs,FALSE,,CIUDADANOS­PARTIDO DE LA CIUDADANÍA,C’s,jec_mad_2015.pdf,compartido
autonomous_2015_05,2015,Asamblea de Madrid,Madrid,Madrid,8,Juan Trinidad Martos,Hombre,TRUE,TRUE,Cs,FALSE,,CIUDADANOS­PARTIDO DE LA CIUDADANÍA,C’s,jec_mad_2015.pdf,compartido
autonomous_2015_05,2015,Asamblea de Madrid,Madrid,Madrid,9,Alberto Reyero Zubiri (Independiente),Hombre,TRUE,TRUE,Cs,FALSE,,CIUDADANOS­PARTIDO DE LA CIUDADANÍA,C’s,jec_mad_2015.pdf,compartido
autonomous_2015_05,2015,Asamblea de Madrid,Madrid,Madrid,10,María Teresa de la Iglesia Vicente,Mujer,TRUE,TRUE,Cs,FALSE,,CIUDADANOS­PARTIDO DE LA CIUDADANÍA,C’s,jec_mad_2015.pdf,compartido
autonomous_2015_05,2015,Asamblea de Madrid,Madrid,Madrid,11,Pedro Núñez Morgades García de Leaniz,Hombre,TRUE,TRUE,Cs,FALSE,,CIUDADANOS­PARTIDO DE LA CIUDADANÍA,C’s,jec_mad_2015.pdf,compartido
autonomous_2015_05,2015,Asamblea de Madrid,Madrid,Madrid,12,Enrique Veloso Lozano,Hombre,TRUE,TRUE,Cs,FALSE,,CIUDADANOS­PARTIDO DE LA CIUDADANÍA,C’s,jec_mad_2015.pdf,compartido
autonomous_2015_05,2015,Asamblea de Madrid,Madrid,Madrid,13,María Dolores González Pastor (Independiente),Mujer,TRUE,TRUE,Cs,FALSE,,CIUDADANOS­PARTIDO DE LA CIUDADANÍA,C’s,jec_mad_2015.pdf,compartido
autonomous_2015_05,2015,Asamblea de Madrid,Madrid,Madrid,14,Francisco Lara Casanova,Hombre,TRUE,TRUE,Cs,FALSE,,CIUDADANOS­PARTIDO DE LA CIUDADANÍA,C’s,jec_mad_2015.pdf,compartido
autonomous_2015_05,2015,Asamblea de Madrid,Madrid,Madrid,15,Susana Solís Pérez,Mujer,TRUE,TRUE,Cs,FALSE,,CIUDADANOS­PARTIDO DE LA CIUDADANÍA,C’s,jec_mad_2015.pdf,compartido
autonomous_2015_05,2015,Asamblea de Madrid,Madrid,Madrid,16,Jesús Ricardo Megías Morales,Hombre,TRUE,TRUE,Cs,FALSE,,CIUDADANOS­PARTIDO DE LA CIUDADANÍA,C’s,jec_mad_2015.pdf,compartido
autonomous_2015_05,2015,Asamblea de Madrid,Madrid,Madrid,17,Juan Ramón Rubio Ruiz,Hombre,TRUE,TRUE,Cs,FALSE,,CIUDADANOS­PARTIDO DE LA CIUDADANÍA,C’s,jec_mad_2015.pdf,compartido
autonomous_2015_05,2015,Asamblea de Madrid,Madrid,Madrid,18,Roberto Núñez Sánchez,Hombre,TRUE,FALSE,Cs,FALSE,,CIUDADANOS­PARTIDO DE LA CIUDADANÍA,C’s,jec_mad_2015.pdf,compartido
autonomous_2015_05,2015,Asamblea de Madrid,Madrid,Madrid,19,Ana Rodríguez Durán,Mujer,TRUE,FALSE,Cs,FALSE,,CIUDADANOS­PARTIDO DE LA CIUDADANÍA,C’s,jec_mad_2015.pdf,compartido
autonomous_2015_05,2015,Asamblea de Madrid,Madrid,Madrid,20,María Victoria Ángeles Alonso Márquez,Mujer,TRUE,FALSE,Cs,FALSE,,CIUDADANOS­PARTIDO DE LA CIUDADANÍA,C’s,jec_mad_2015.pdf,compartido
autonomous_2015_05,2015,Asamblea de Madrid,Madrid,Madrid,21,Ismael Rastoll Aranda,Hombre,TRUE,FALSE,Cs,FALSE,,CIUDADANOS­PARTIDO DE LA CIUDADANÍA,C’s,jec_mad_2015.pdf,compartido
autonomous_2015_05,2015,Asamblea de Madrid,Madrid,Madrid,22,Álvaro Viani Aumente,Hombre,TRUE,FALSE,Cs,FALSE,,CIUDADANOS­PARTIDO DE LA CIUDADANÍA,C’s,jec_mad_2015.pdf,compartido
autonomous_2015_05,2015,Asamblea de Madrid,Madrid,Madrid,23,María Dolores Díez Roncal González,Mujer,TRUE,FALSE,Cs,FALSE,,CIUDADANOS­PARTIDO DE LA CIUDADANÍA,C’s,jec_mad_2015.pdf,compartido
autonomous_2015_05,2015,Asamblea de Madrid,Madrid,Madrid,24,Cristina López­Cobo Arroyo,Mujer,TRUE,FALSE,Cs,FALSE,,CIUDADANOS­PARTIDO DE LA CIUDADANÍA,C’s,jec_mad_2015.pdf,compartido
autonomous_2015_05,2015,Asamblea de Madrid,Madrid,Madrid,25,Fernando Fuertes Martínez,Hombre,TRUE,FALSE,Cs,FALSE,,CIUDADANOS­PARTIDO DE LA CIUDADANÍA,C’s,jec_mad_2015.pdf,compartido
autonomous_2015_05,2015,Asamblea de Madrid,Madrid,Madrid,26,Javier Abella Guerrero,Hombre,TRUE,FALSE,Cs,FALSE,,CIUDADANOS­PARTIDO DE LA CIUDADANÍA,C’s,jec_mad_2015.pdf,compartido
autonomous_2015_05,2015,Asamblea de Madrid,Madrid,Madrid,27,Francisco Medina Abenoza,Hombre,TRUE,FALSE,Cs,FALSE,,CIUDADANOS­PARTIDO DE LA CIUDADANÍA,C’s,jec_mad_2015.pdf,compartido
autonomous_2015_05,2015,Asamblea de Madrid,Madrid,Madrid,28,Mark Oliver Loeches Wilson,Hombre,TRUE,FALSE,Cs,FALSE,,CIUDADANOS­PARTIDO DE LA CIUDADANÍA,C’s,jec_mad_2015.pdf,compartido
autonomous_2015_05,2015,Asamblea de Madrid,Madrid,Madrid,29,Paula Martín Vaquero,Mujer,TRUE,FALSE,Cs,FALSE,,CIUDADANOS­PARTIDO DE LA CIUDADANÍA,C’s,jec_mad_2015.pdf,compartido
autonomous_2015_05,2015,Asamblea de Madrid,Madrid,Madrid,30,Mariene Moreno Sánchez,,TRUE,FALSE,Cs,FALSE,,CIUDADANOS­PARTIDO DE LA CIUDADANÍA,C’s,jec_mad_2015.pdf,compartido
autonomous_2015_05,2015,Asamblea de Madrid,Madrid,Madrid,31,Roberto Hernández Blázquez,Hombre,TRUE,FALSE,Cs,FALSE,,CIUDADANOS­PARTIDO DE LA CIUDADANÍA,C’s,jec_mad_2015.pdf,compartido
autonomous_2015_05,2015,Asamblea de Madrid,Madrid,Madrid,32,Guadalupe Millán López,Mujer,TRUE,FALSE,Cs,FALSE,,CIUDADANOS­PARTIDO DE LA CIUDADANÍA,C’s,jec_mad_2015.pdf,compartido
autonomous_2015_05,2015,Asamblea de Madrid,Madrid,Madrid,33,Miguel de Santiago Moraga,Hombre,TRUE,FALSE,Cs,FALSE,,CIUDADANOS­PARTIDO DE LA CIUDADANÍA,C’s,jec_mad_2015.pdf,compartido
autonomous_2015_05,2015,Asamblea de Madrid,Madrid,Madrid,34,María Paloma Arizcun Cela,Mujer,TRUE,FALSE,Cs,FALSE,,CIUDADANOS­PARTIDO DE LA CIUDADANÍA,C’s,jec_mad_2015.pdf,compartido
autonomous_2015_05,2015,Asamblea de Madrid,Madrid,Madrid,35,David Hernández Fuster,Hombre,TRUE,FALSE,Cs,FALSE,,CIUDADANOS­PARTIDO DE LA CIUDADANÍA,C’s,jec_mad_2015.pdf,compartido
autonomous_2015_05,2015,Asamblea de Madrid,Madrid,Madrid,36,Diego Hermes Melcon de Mesa,Hombre,TRUE,FALSE,Cs,FALSE,,CIUDADANOS­PARTIDO DE LA CIUDADANÍA,C’s,jec_mad_2015.pdf,compartido
autonomous_2015_05,2015,Asamblea de Madrid,Madrid,Madrid,37,Carlos Javier Ocaña López,Hombre,TRUE,FALSE,Cs,FALSE,,CIUDADANOS­PARTIDO DE LA CIUDADANÍA,C’s,jec_mad_2015.pdf,compartido
autonomous_2015_05,2015,Asamblea de Madrid,Madrid,Madrid,38,Víctor Manuel Sánchez Raya,Hombre,TRUE,FALSE,Cs,FALSE,,CIUDADANOS­PARTIDO DE LA CIUDADANÍA,C’s,jec_mad_2015.pdf,compartido
autonomous_2015_05,2015,Asamblea de Madrid,Madrid,Madrid,39,Eva María Ruiz González,Mujer,TRUE,FALSE,Cs,FALSE,,CIUDADANOS­PARTIDO DE LA CIUDADANÍA,C’s,jec_mad_2015.pdf,compartido
autonomous_2015_05,2015,Asamblea de Madrid,Madrid,Madrid,40,Lorena Cuadrado Claramonte,Mujer,TRUE,FALSE,Cs,FALSE,,CIUDADANOS­PARTIDO DE LA CIUDADANÍA,C’s,jec_mad_2015.pdf,compartido
autonomous_2015_05,2015,Asamblea de Madrid,Madrid,Madrid,41,César Sánchez Sánchez Aparicio,Hombre,TRUE,FALSE,Cs,FALSE,,CIUDADANOS­PARTIDO DE LA CIUDADANÍA,C’s,jec_mad_2015.pdf,compartido
autonomous_2015_05,2015,Asamblea de Madrid,Madrid,Madrid,42,Jorge Valls Ballesteros,Hombre,TRUE,FALSE,Cs,FALSE,,CIUDADANOS­PARTIDO DE LA CIUDADANÍA,C’s,jec_mad_2015.pdf,compartido
autonomous_2015_05,2015,Asamblea de Madrid,Madrid,Madrid,43,María Inmaculada González Martín,Mujer,TRUE,FALSE,Cs,FALSE,,CIUDADANOS­PARTIDO DE LA CIUDADANÍA,C’s,jec_mad_2015.pdf,compartido
autonomous_2015_05,2015,Asamblea de Madrid,Madrid,Madrid,44,Alberto José Ruiz Jiménez,Hombre,TRUE,FALSE,Cs,FALSE,,CIUDADANOS­PARTIDO DE LA CIUDADANÍA,C’s,jec_mad_2015.pdf,compartido
autonomous_2015_05,2015,Asamblea de Madrid,Madrid,Madrid,45,Encarnación Coco Julián,Mujer,TRUE,FALSE,Cs,FALSE,,CIUDADANOS­PARTIDO DE LA CIUDADANÍA,C’s,jec_mad_2015.pdf,compartido
autonomous_2015_05,2015,Asamblea de Madrid,Madrid,Madrid,46,Juan Peña Ruiz,Hombre,TRUE,FALSE,Cs,FALSE,,CIUDADANOS­PARTIDO DE LA CIUDADANÍA,C’s,jec_mad_2015.pdf,compartido
autonomous_2015_05,2015,Asamblea de Madrid,Madrid,Madrid,47,Montserrat Roldán Lucas,Mujer,TRUE,FALSE,Cs,FALSE,,CIUDADANOS­PARTIDO DE LA CIUDADANÍA,C’s,jec_mad_2015.pdf,compartido
autonomous_2015_05,2015,Asamblea de Madrid,Madrid,Madrid,48,Ricardo Mur Mora,Hombre,TRUE,FALSE,Cs,FALSE,,CIUDADANOS­PARTIDO DE LA CIUDADANÍA,C’s,jec_mad_2015.pdf,compartido
autonomous_2015_05,2015,Asamblea de Madrid,Madrid,Madrid,49,Alejandro Gutiérrez Vivas,Hombre,TRUE,FALSE,Cs,FALSE,,CIUDADANOS­PARTIDO DE LA CIUDADANÍA,C’s,jec_mad_2015.pdf,compartido
autonomous_2015_05,2015,Asamblea de Madrid,Madrid,Madrid,50,María Isabel Fernández Tejero,Mujer,TRUE,FALSE,Cs,FALSE,,CIUDADANOS­PARTIDO DE LA CIUDADANÍA,C’s,jec_mad_2015.pdf,compartido
autonomous_2015_05,2015,Asamblea de Madrid,Madrid,Madrid,51,Alfonso Reina Sánchez,Hombre,TRUE,FALSE,Cs,FALSE,,CIUDADANOS­PARTIDO DE LA CIUDADANÍA,C’s,jec_mad_2015.pdf,compartido
autonomous_2015_05,2015,Asamblea de Madrid,Madrid,Madrid,52,Mirian Cebriano Violat,Mujer,TRUE,FALSE,Cs,FALSE,,CIUDADANOS­PARTIDO DE LA CIUDADANÍA,C’s,jec_mad_2015.pdf,compartido
autonomous_2015_05,2015,Asamblea de Madrid,Madrid,Madrid,53,Jorge Javier Pérez Hernández,Hombre,TRUE,FALSE,Cs,FALSE,,CIUDADANOS­PARTIDO DE LA CIUDADANÍA,C’s,jec_mad_2015.pdf,compartido
autonomous_2015_05,2015,Asamblea de Madrid,Madrid,Madrid,54,Jorge Alberto Campos Astrua,Hombre,TRUE,FALSE,Cs,FALSE,,CIUDADANOS­PARTIDO DE LA CIUDADANÍA,C’s,jec_mad_2015.pdf,compartido
autonomous_2015_05,2015,Asamblea de Madrid,Madrid,Madrid,55,María Teresa Obiol Canalda,Mujer,TRUE,FALSE,Cs,FALSE,,CIUDADANOS­PARTIDO DE LA CIUDADANÍA,C’s,jec_mad_2015.pdf,compartido
autonomous_2015_05,2015,Asamblea de Madrid,Madrid,Madrid,56,Sergio Sánchez Vázquez,Hombre,TRUE,FALSE,Cs,FALSE,,CIUDADANOS­PARTIDO DE LA CIUDADANÍA,C’s,jec_mad_2015.pdf,compartido
autonomous_2015_05,2015,Asamblea de Madrid,Madrid,Madrid,57,Carlos Enrique Jiménez Rodrigo,Hombre,TRUE,FALSE,Cs,FALSE,,CIUDADANOS­PARTIDO DE LA CIUDADANÍA,C’s,jec_mad_2015.pdf,compartido
autonomous_2015_05,2015,Asamblea de Madrid,Madrid,Madrid,58,Raúl González Andino,Hombre,TRUE,FALSE,Cs,FALSE,,CIUDADANOS­PARTIDO DE LA CIUDADANÍA,C’s,jec_mad_2015.pdf,compartido
autonomous_2015_05,2015,Asamblea de Madrid,Madrid,Madrid,59,María Juana Valenciano Parra,Mujer,TRUE,FALSE,Cs,FALSE,,CIUDADANOS­PARTIDO DE LA CIUDADANÍA,C’s,jec_mad_2015.pdf,compartido
autonomous_2015_05,2015,Asamblea de Madrid,Madrid,Madrid,60,Aranzazu Martínez Pina,Mujer,TRUE,FALSE,Cs,FALSE,,CIUDADANOS­PARTIDO DE LA CIUDADANÍA,C’s,jec_mad_2015.pdf,compartido
autonomous_2015_05,2015,Asamblea de Madrid,Madrid,Madrid,61,Carlos Ruipérez Alonso,Hombre,TRUE,FALSE,Cs,FALSE,,CIUDADANOS­PARTIDO DE LA CIUDADANÍA,C’s,jec_mad_2015.pdf,compartido
autonomous_2015_05,2015,Asamblea de Madrid,Madrid,Madrid,62,Juan de la Paz Ocaña Juan,Hombre,TRUE,FALSE,Cs,FALSE,,CIUDADANOS­PARTIDO DE LA CIUDADANÍA,C’s,jec_mad_2015.pdf,compartido
autonomous_2015_05,2015,Asamblea de Madrid,Madrid,Madrid,63,Carolina González Blanco,Mujer,TRUE,FALSE,Cs,FALSE,,CIUDADANOS­PARTIDO DE LA CIUDADANÍA,C’s,jec_mad_2015.pdf,compartido
autonomous_2015_05,2015,Asamblea de Madrid,Madrid,Madrid,64,Silvia María Rey Vilas,Mujer,TRUE,FALSE,Cs,FALSE,,CIUDADANOS­PARTIDO DE LA CIUDADANÍA,C’s,jec_mad_2015.pdf,compartido
autonomous_2015_05,2015,Asamblea de Madrid,Madrid,Madrid,65,Roberto Fraile Herrera,Hombre,TRUE,FALSE,Cs,FALSE,,CIUDADANOS­PARTIDO DE LA CIUDADANÍA,C’s,jec_mad_2015.pdf,compartido
autonomous_2015_05,2015,Asamblea de Madrid,Madrid,Madrid,66,Diana Sendagorta Carsi,Mujer,TRUE,FALSE,Cs,FALSE,,CIUDADANOS­PARTIDO DE LA CIUDADANÍA,C’s,jec_mad_2015.pdf,compartido
autonomous_2015_05,2015,Asamblea de Madrid,Madrid,Madrid,67,Pedro Ángel Diéguez Carrasco,Hombre,TRUE,FALSE,Cs,FALSE,,CIUDADANOS­PARTIDO DE LA CIUDADANÍA,C’s,jec_mad_2015.pdf,compartido
autonomous_2015_05,2015,Asamblea de Madrid,Madrid,Madrid,68,Óscar Ruiz Dugo,Hombre,TRUE,FALSE,Cs,FALSE,,CIUDADANOS­PARTIDO DE LA CIUDADANÍA,C’s,jec_mad_2015.pdf,compartido
autonomous_2015_05,2015,Asamblea de Madrid,Madrid,Madrid,69,María Beatriz Sobrino Mayoral,Mujer,TRUE,FALSE,Cs,FALSE,,CIUDADANOS­PARTIDO DE LA CIUDADANÍA,C’s,jec_mad_2015.pdf,compartido
autonomous_2015_05,2015,Asamblea de Madrid,Madrid,Madrid,70,Manuel Parra Sánchez,Hombre,TRUE,FALSE,Cs,FALSE,,CIUDADANOS­PARTIDO DE LA CIUDADANÍA,C’s,jec_mad_2015.pdf,compartido
autonomous_2015_05,2015,Asamblea de Madrid,Madrid,Madrid,71,María Inés Pastor Cerezo,Mujer,TRUE,FALSE,Cs,FALSE,,CIUDADANOS­PARTIDO DE LA CIUDADANÍA,C’s,jec_mad_2015.pdf,compartido
autonomous_2015_05,2015,Asamblea de Madrid,Madrid,Madrid,72,Évelin Carolina Hernández Belandría,Mujer,TRUE,FALSE,Cs,FALSE,,CIUDADANOS­PARTIDO DE LA CIUDADANÍA,C’s,jec_mad_2015.pdf,compartido
autonomous_2015_05,2015,Asamblea de Madrid,Madrid,Madrid,73,Antonio Rodríguez López,Hombre,TRUE,FALSE,Cs,FALSE,,CIUDADANOS­PARTIDO DE LA CIUDADANÍA,C’s,jec_mad_2015.pdf,compartido
autonomous_2015_05,2015,Asamblea de Madrid,Madrid,Madrid,74,Diana Fuertes González,Mujer,TRUE,FALSE,Cs,FALSE,,CIUDADANOS­PARTIDO DE LA CIUDADANÍA,C’s,jec_mad_2015.pdf,compartido
autonomous_2015_05,2015,Asamblea de Madrid,Madrid,Madrid,75,Daniel Moro Fernández,Hombre,TRUE,FALSE,Cs,FALSE,,CIUDADANOS­PARTIDO DE LA CIUDADANÍA,C’s,jec_mad_2015.pdf,compartido
autonomous_2015_05,2015,Asamblea de Madrid,Madrid,Madrid,76,Miguel Ángel Berzal Andrade,Hombre,TRUE,FALSE,Cs,FALSE,,CIUDADANOS­PARTIDO DE LA CIUDADANÍA,C’s,jec_mad_2015.pdf,compartido
autonomous_2015_05,2015,Asamblea de Madrid,Madrid,Madrid,77,Mónica Sánchez Izaguirre,Mujer,TRUE,FALSE,Cs,FALSE,,CIUDADANOS­PARTIDO DE LA CIUDADANÍA,C’s,jec_mad_2015.pdf,compartido
autonomous_2015_05,2015,Asamblea de Madrid,Madrid,Madrid,78,José Manuel Egea Cáceres,Hombre,TRUE,FALSE,Cs,FALSE,,CIUDADANOS­PARTIDO DE LA CIUDADANÍA,C’s,jec_mad_2015.pdf,compartido
autonomous_2015_05,2015,Asamblea de Madrid,Madrid,Madrid,79,Vicente Vidal Andújar,Hombre,TRUE,FALSE,Cs,FALSE,,CIUDADANOS­PARTIDO DE LA CIUDADANÍA,C’s,jec_mad_2015.pdf,compartido
autonomous_2015_05,2015,Asamblea de Madrid,Madrid,Madrid,80,Araceli Gómez García,Mujer,TRUE,FALSE,Cs,FALSE,,CIUDADANOS­PARTIDO DE LA CIUDADANÍA,C’s,jec_mad_2015.pdf,compartido
autonomous_2015_05,2015,Asamblea de Madrid,Madrid,Madrid,81,Alfonso Miguel Reina Briasco,Hombre,TRUE,FALSE,Cs,FALSE,,CIUDADANOS­PARTIDO DE LA CIUDADANÍA,C’s,jec_mad_2015.pdf,compartido
autonomous_2015_05,2015,Asamblea de Madrid,Madrid,Madrid,82,Verónica Blanco González,Mujer,TRUE,FALSE,Cs,FALSE,,CIUDADANOS­PARTIDO DE LA CIUDADANÍA,C’s,jec_mad_2015.pdf,compartido
autonomous_2015_05,2015,Asamblea de Madrid,Madrid,Madrid,83,María Jesús Martín Martín,Mujer,TRUE,FALSE,Cs,FALSE,,CIUDADANOS­PARTIDO DE LA CIUDADANÍA,C’s,jec_mad_2015.pdf,compartido
autonomous_2015_05,2015,Asamblea de Madrid,Madrid,Madrid,84,Pedro Luis Hernández Giménez,Hombre,TRUE,FALSE,Cs,FALSE,,CIUDADANOS­PARTIDO DE LA CIUDADANÍA,C’s,jec_mad_2015.pdf,compartido
autonomous_2015_05,2015,Asamblea de Madrid,Madrid,Madrid,85,Gregorio David Valle Rodríguez,Hombre,TRUE,FALSE,Cs,FALSE,,CIUDADANOS­PARTIDO DE LA CIUDADANÍA,C’s,jec_mad_2015.pdf,compartido
autonomous_2015_05,2015,Asamblea de Madrid,Madrid,Madrid,86,María Teresa Santana Gordon,Mujer,TRUE,FALSE,Cs,FALSE,,CIUDADANOS­PARTIDO DE LA CIUDADANÍA,C’s,jec_mad_2015.pdf,compartido
autonomous_2015_05,2015,Asamblea de Madrid,Madrid,Madrid,87,Adolfo Andrés Moreno Fraile,Hombre,TRUE,FALSE,Cs,FALSE,,CIUDADANOS­PARTIDO DE LA CIUDADANÍA,C’s,jec_mad_2015.pdf,compartido
autonomous_2015_05,2015,Asamblea de Madrid,Madrid,Madrid,88,Alejandro Reguero Ruiz,Hombre,TRUE,FALSE,Cs,FALSE,,CIUDADANOS­PARTIDO DE LA CIUDADANÍA,C’s,jec_mad_2015.pdf,compartido
autonomous_2015_05,2015,Asamblea de Madrid,Madrid,Madrid,89,Antonio Dufort Ponzola,Hombre,TRUE,FALSE,Cs,FALSE,,CIUDADANOS­PARTIDO DE LA CIUDADANÍA,C’s,jec_mad_2015.pdf,compartido
autonomous_2015_05,2015,Asamblea de Madrid,Madrid,Madrid,90,Cristina Sánchez Figueroa,Mujer,TRUE,FALSE,Cs,FALSE,,CIUDADANOS­PARTIDO DE LA CIUDADANÍA,C’s,jec_mad_2015.pdf,compartido
autonomous_2015_05,2015,Asamblea de Madrid,Madrid,Madrid,91,Jorge Vellón Fernández,Hombre,TRUE,FALSE,Cs,FALSE,,CIUDADANOS­PARTIDO DE LA CIUDADANÍA,C’s,jec_mad_2015.pdf,compartido
autonomous_2015_05,2015,Asamblea de Madrid,Madrid,Madrid,92,Lourdes Morales Fernández,Mujer,TRUE,FALSE,Cs,FALSE,,CIUDADANOS­PARTIDO DE LA CIUDADANÍA,C’s,jec_mad_2015.pdf,compartido
autonomous_2015_05,2015,Asamblea de Madrid,Madrid,Madrid,93,Luis Alberto Ruiz Fernández,Hombre,TRUE,FALSE,Cs,FALSE,,CIUDADANOS­PARTIDO DE LA CIUDADANÍA,C’s,jec_mad_2015.pdf,compartido
autonomous_2015_05,2015,Asamblea de Madrid,Madrid,Madrid,94,Mónica Díaz Alonso,Mujer,TRUE,FALSE,Cs,FALSE,,CIUDADANOS­PARTIDO DE LA CIUDADANÍA,C’s,jec_mad_2015.pdf,compartido
autonomous_2015_05,2015,Asamblea de Madrid,Madrid,Madrid,95,Gema Isabel Martín Díaz,Mujer,TRUE,FALSE,Cs,FALSE,,CIUDADANOS­PARTIDO DE LA CIUDADANÍA,C’s,jec_mad_2015.pdf,compartido
autonomous_2015_05,2015,Asamblea de Madrid,Madrid,Madrid,96,Marcos Vega García,Hombre,TRUE,FALSE,Cs,FALSE,,CIUDADANOS­PARTIDO DE LA CIUDADANÍA,C’s,jec_mad_2015.pdf,compartido
autonomous_2015_05,2015,Asamblea de Madrid,Madrid,Madrid,97,Juan Andrés Díaz Guerra,Hombre,TRUE,FALSE,Cs,FALSE,,CIUDADANOS­PARTIDO DE LA CIUDADANÍA,C’s,jec_mad_2015.pdf,compartido
autonomous_2015_05,2015,Asamblea de Madrid,Madrid,Madrid,98,Gerarda Liliana Michilot Coronel,Mujer,TRUE,FALSE,Cs,FALSE,,CIUDADANOS­PARTIDO DE LA CIUDADANÍA,C’s,jec_mad_2015.pdf,compartido
autonomous_2015_05,2015,Asamblea de Madrid,Madrid,Madrid,99,Aitor Monasterio Hormaechea,Hombre,TRUE,FALSE,Cs,FALSE,,CIUDADANOS­PARTIDO DE LA CIUDADANÍA,C’s,jec_mad_2015.pdf,compartido
autonomous_2015_05,2015,Asamblea de Madrid,Madrid,Madrid,100,Mariel Sanz Olmedillo,Mujer,TRUE,FALSE,Cs,FALSE,,CIUDADANOS­PARTIDO DE LA CIUDADANÍA,C’s,jec_mad_2015.pdf,compartido
autonomous_2015_05,2015,Asamblea de Madrid,Madrid,Madrid,101,Julio José Henche Morillas,Hombre,TRUE,FALSE,Cs,FALSE,,CIUDADANOS­PARTIDO DE LA CIUDADANÍA,C’s,jec_mad_2015.pdf,compartido
autonomous_2015_05,2015,Asamblea de Madrid,Madrid,Madrid,102,María José González López,Mujer,TRUE,FALSE,Cs,FALSE,,CIUDADANOS­PARTIDO DE LA CIUDADANÍA,C’s,jec_mad_2015.pdf,compartido
autonomous_2015_05,2015,Asamblea de Madrid,Madrid,Madrid,103,Mónica López Ibarra,Mujer,TRUE,FALSE,Cs,FALSE,,CIUDADANOS­PARTIDO DE LA CIUDADANÍA,C’s,jec_mad_2015.pdf,compartido
autonomous_2015_05,2015,Asamblea de Madrid,Madrid,Madrid,104,Andrés Martínez Blanes,Hombre,TRUE,FALSE,Cs,FALSE,,CIUDADANOS­PARTIDO DE LA CIUDADANÍA,C’s,jec_mad_2015.pdf,compartido
autonomous_2015_05,2015,Asamblea de Madrid,Madrid,Madrid,105,Lara de la Morena de la Morena,Mujer,TRUE,FALSE,Cs,FALSE,,CIUDADANOS­PARTIDO DE LA CIUDADANÍA,C’s,jec_mad_2015.pdf,compartido
autonomous_2015_05,2015,Asamblea de Madrid,Madrid,Madrid,106,Sergio Luna Barrado,Hombre,TRUE,FALSE,Cs,FALSE,,CIUDADANOS­PARTIDO DE LA CIUDADANÍA,C’s,jec_mad_2015.pdf,compartido
autonomous_2015_05,2015,Asamblea de Madrid,Madrid,Madrid,107,José Manuel Artés Sánchez,Hombre,TRUE,FALSE,Cs,FALSE,,CIUDADANOS­PARTIDO DE LA CIUDADANÍA,C’s,jec_mad_2015.pdf,compartido
autonomous_2015_05,2015,Asamblea de Madrid,Madrid,Madrid,108,Raquel García Ocaña,Mujer,TRUE,FALSE,Cs,FALSE,,CIUDADANOS­PARTIDO DE LA CIUDADANÍA,C’s,jec_mad_2015.pdf,compartido
autonomous_2015_05,2015,Asamblea de Madrid,Madrid,Madrid,109,Yolanda Sanz Rojas,Mujer,TRUE,FALSE,Cs,FALSE,,CIUDADANOS­PARTIDO DE LA CIUDADANÍA,C’s,jec_mad_2015.pdf,compartido
autonomous_2015_05,2015,Asamblea de Madrid,Madrid,Madrid,110,Gastón Ouviña Cabezas­Ríos,Hombre,TRUE,FALSE,Cs,FALSE,,CIUDADANOS­PARTIDO DE LA CIUDADANÍA,C’s,jec_mad_2015.pdf,compartido
autonomous_2015_05,2015,Asamblea de Madrid,Madrid,Madrid,111,Miguel Ángel López García­Porrero,Hombre,TRUE,FALSE,Cs,FALSE,,CIUDADANOS­PARTIDO DE LA CIUDADANÍA,C’s,jec_mad_2015.pdf,compartido
autonomous_2015_05,2015,Asamblea de Madrid,Madrid,Madrid,112,Mónica Capón Valle,Mujer,TRUE,FALSE,Cs,FALSE,,CIUDADANOS­PARTIDO DE LA CIUDADANÍA,C’s,jec_mad_2015.pdf,compartido
autonomous_2015_05,2015,Asamblea de Madrid,Madrid,Madrid,113,Alexia Pasamontes Maroto,Mujer,TRUE,FALSE,Cs,FALSE,,CIUDADANOS­PARTIDO DE LA CIUDADANÍA,C’s,jec_mad_2015.pdf,compartido
autonomous_2015_05,2015,Asamblea de Madrid,Madrid,Madrid,114,Miguel Ángel Lezcano López,Hombre,TRUE,FALSE,Cs,FALSE,,CIUDADANOS­PARTIDO DE LA CIUDADANÍA,C’s,jec_mad_2015.pdf,compartido
autonomous_2015_05,2015,Asamblea de Madrid,Madrid,Madrid,115,Víctor Manuel Barrera Gavira,Hombre,TRUE,FALSE,Cs,FALSE,,CIUDADANOS­PARTIDO DE LA CIUDADANÍA,C’s,jec_mad_2015.pdf,compartido
autonomous_2015_05,2015,Asamblea de Madrid,Madrid,Madrid,116,Nuria Naveso Cuevas,Mujer,TRUE,FALSE,Cs,FALSE,,CIUDADANOS­PARTIDO DE LA CIUDADANÍA,C’s,jec_mad_2015.pdf,compartido
autonomous_2015_05,2015,Asamblea de Madrid,Madrid,Madrid,117,David González Mínguez,Hombre,TRUE,FALSE,Cs,FALSE,,CIUDADANOS­PARTIDO DE LA CIUDADANÍA,C’s,jec_mad_2015.pdf,compartido
autonomous_2015_05,2015,Asamblea de Madrid,Madrid,Madrid,118,Laura Carreño Rosillo,Mujer,TRUE,FALSE,Cs,FALSE,,CIUDADANOS­PARTIDO DE LA CIUDADANÍA,C’s,jec_mad_2015.pdf,compartido
autonomous_2015_05,2015,Asamblea de Madrid,Madrid,Madrid,119,Jesús Recover Antón,Hombre,TRUE,FALSE,Cs,FALSE,,CIUDADANOS­PARTIDO DE LA CIUDADANÍA,C’s,jec_mad_2015.pdf,compartido
autonomous_2015_05,2015,Asamblea de Madrid,Madrid,Madrid,120,Jorge Ortega Nieto,Hombre,TRUE,FALSE,Cs,FALSE,,CIUDADANOS­PARTIDO DE LA CIUDADANÍA,C’s,jec_mad_2015.pdf,compartido
autonomous_2015_05,2015,Asamblea de Madrid,Madrid,Madrid,121,Manuel Lorenzo Iglesias López,Hombre,TRUE,FALSE,Cs,FALSE,,CIUDADANOS­PARTIDO DE LA CIUDADANÍA,C’s,jec_mad_2015.pdf,compartido
autonomous_2015_05,2015,Asamblea de Madrid,Madrid,Madrid,122,Guillermo Gross del Río,Hombre,TRUE,FALSE,Cs,FALSE,,CIUDADANOS­PARTIDO DE LA CIUDADANÍA,C’s,jec_mad_2015.pdf,compartido
autonomous_2015_05,2015,Asamblea de Madrid,Madrid,Madrid,123,Cristina Miguel Mambrilla,Mujer,TRUE,FALSE,Cs,FALSE,,CIUDADANOS­PARTIDO DE LA CIUDADANÍA,C’s,jec_mad_2015.pdf,compartido
autonomous_2015_05,2015,Asamblea de Madrid,Madrid,Madrid,124,Pilar Gema Bayón Laguna,Mujer,TRUE,FALSE,Cs,FALSE,,CIUDADANOS­PARTIDO DE LA CIUDADANÍA,C’s,jec_mad_2015.pdf,compartido
autonomous_2015_05,2015,Asamblea de Madrid,Madrid,Madrid,125,Bernardo Arroyo Abad,Hombre,TRUE,FALSE,Cs,FALSE,,CIUDADANOS­PARTIDO DE LA CIUDADANÍA,C’s,jec_mad_2015.pdf,compartido
autonomous_2015_05,2015,Asamblea de Madrid,Madrid,Madrid,126,Rocío González Manga,Mujer,TRUE,FALSE,Cs,FALSE,,CIUDADANOS­PARTIDO DE LA CIUDADANÍA,C’s,jec_mad_2015.pdf,compartido
autonomous_2015_05,2015,Asamblea de Madrid,Madrid,Madrid,127,Julián Millán Vázquez,Hombre,TRUE,FALSE,Cs,FALSE,,CIUDADANOS­PARTIDO DE LA CIUDADANÍA,C’s,jec_mad_2015.pdf,compartido
autonomous_2015_05,2015,Asamblea de Madrid,Madrid,Madrid,128,Olga Rodríguez García,Mujer,TRUE,FALSE,Cs,FALSE,,CIUDADANOS­PARTIDO DE LA CIUDADANÍA,C’s,jec_mad_2015.pdf,compartido
autonomous_2015_05,2015,Asamblea de Madrid,Madrid,Madrid,129,Miguel Ángel Gutiérrez Vivas,Hombre,TRUE,FALSE,Cs,FALSE,,CIUDADANOS­PARTIDO DE LA CIUDADANÍA,C’s,jec_mad_2015.pdf,compartido
autonomous_2015_05,2015,Asamblea de Madrid,Madrid,Madrid,1,José Javier de Pablos Polo,Hombre,FALSE,FALSE,Cs,FALSE,,CIUDADANOS­PARTIDO DE LA CIUDADANÍA,C’s,jec_mad_2015.pdf,compartido
autonomous_2015_05,2015,Asamblea de Madrid,Madrid,Madrid,2,Daniel Domínguez Muñoz,Hombre,FALSE,FALSE,Cs,FALSE,,CIUDADANOS­PARTIDO DE LA CIUDADANÍA,C’s,jec_mad_2015.pdf,compartido
autonomous_2015_05,2015,Asamblea de Madrid,Madrid,Madrid,3,María Begoña Moreno de la Vieja UNIÓN PROGRESO Y DEMOCRACIA (UPyD),Mujer,FALSE,FALSE,Cs,FALSE,,CIUDADANOS­PARTIDO DE LA CIUDADANÍA,C’s,jec_mad_2015.pdf,compartido
autonomous_2015_05,2015,Parlament de les Illes Balears,Illes Balears,Mallorca,1,XAVIER PERICAY HOSTA,Hombre,TRUE,TRUE,Cs,FALSE,,CIUDADANOS-PARTIDO DE LA CIUDADANIA,C's,c_bal_2015.pdf,compartido
autonomous_2015_05,2015,Parlament de les Illes Balears,Illes Balears,Mallorca,2,OLGA BALLESTER NEBOT (Independent),Mujer,TRUE,TRUE,Cs,FALSE,,CIUDADANOS-PARTIDO DE LA CIUDADANIA,C's,c_bal_2015.pdf,compartido
autonomous_2015_05,2015,Parlament de les Illes Balears,Illes Balears,Mallorca,3,FERNANDO NAVARRO FERNANDEZ RODRIGUEZ (Independent),Hombre,TRUE,FALSE,Cs,FALSE,,CIUDADANOS-PARTIDO DE LA CIUDADANIA,C's,c_bal_2015.pdf,compartido
autonomous_2015_05,2015,Parlament de les Illes Balears,Illes Balears,Mallorca,4,ANA MARIA FERREIRA GARCIA,Mujer,TRUE,FALSE,Cs,FALSE,,CIUDADANOS-PARTIDO DE LA CIUDADANIA,C's,c_bal_2015.pdf,compartido
autonomous_2015_05,2015,Parlament de les Illes Balears,Illes Balears,Mallorca,5,FERNANDO PEGUERO BLANCO,Hombre,TRUE,FALSE,Cs,FALSE,,CIUDADANOS-PARTIDO DE LA CIUDADANIA,C's,c_bal_2015.pdf,compartido
autonomous_2015_05,2015,Parlament de les Illes Balears,Illes Balears,Mallorca,6,MARIA DEL MAR VICH COVAS,Mujer,TRUE,FALSE,Cs,FALSE,,CIUDADANOS-PARTIDO DE LA CIUDADANIA,C's,c_bal_2015.pdf,compartido
autonomous_2015_05,2015,Parlament de les Illes Balears,Illes Balears,Mallorca,7,JORDI LUIS VILLALONGA FUSTER,Hombre,TRUE,FALSE,Cs,FALSE,,CIUDADANOS-PARTIDO DE LA CIUDADANIA,C's,c_bal_2015.pdf,compartido
autonomous_2015_05,2015,Parlament de les Illes Balears,Illes Balears,Mallorca,8,VANESA MARGARITA LOSA ACEDO,Mujer,TRUE,FALSE,Cs,FALSE,,CIUDADANOS-PARTIDO DE LA CIUDADANIA,C's,c_bal_2015.pdf,compartido
autonomous_2015_05,2015,Parlament de les Illes Balears,Illes Balears,Mallorca,9,ENRIQUE SALA O'SHEA,Hombre,TRUE,FALSE,Cs,FALSE,,CIUDADANOS-PARTIDO DE LA CIUDADANIA,C's,c_bal_2015.pdf,compartido
autonomous_2015_05,2015,Parlament de les Illes Balears,Illes Balears,Mallorca,10,LAURA RODEÑO HERNANDEZ,Mujer,TRUE,FALSE,Cs,FALSE,,CIUDADANOS-PARTIDO DE LA CIUDADANIA,C's,c_bal_2015.pdf,compartido
autonomous_2015_05,2015,Parlament de les Illes Balears,Illes Balears,Mallorca,11,SEBASTIAN SIMO FONT,Hombre,TRUE,FALSE,Cs,FALSE,,CIUDADANOS-PARTIDO DE LA CIUDADANIA,C's,c_bal_2015.pdf,compartido
autonomous_2015_05,2015,Parlament de les Illes Balears,Illes Balears,Mallorca,12,CRISTINA PASCUAL CERDA,Mujer,TRUE,FALSE,Cs,FALSE,,CIUDADANOS-PARTIDO DE LA CIUDADANIA,C's,c_bal_2015.pdf,compartido
autonomous_2015_05,2015,Parlament de les Illes Balears,Illes Balears,Mallorca,13,LUIS VENTAYOL MONREAL,Hombre,TRUE,FALSE,Cs,FALSE,,CIUDADANOS-PARTIDO DE LA CIUDADANIA,C's,c_bal_2015.pdf,compartido
autonomous_2015_05,2015,Parlament de les Illes Balears,Illes Balears,Mallorca,14,CAROLINA AMENGUAL LLOMPART,Mujer,TRUE,FALSE,Cs,FALSE,,CIUDADANOS-PARTIDO DE LA CIUDADANIA,C's,c_bal_2015.pdf,compartido
autonomous_2015_05,2015,Parlament de les Illes Balears,Illes Balears,Mallorca,15,JOSE FRANCISCO RIBAS CONRADO,Hombre,TRUE,FALSE,Cs,FALSE,,CIUDADANOS-PARTIDO DE LA CIUDADANIA,C's,c_bal_2015.pdf,compartido
autonomous_2015_05,2015,Parlament de les Illes Balears,Illes Balears,Mallorca,16,JUANA CRISTINA FIOL FLUIXA,Mujer,TRUE,FALSE,Cs,FALSE,,CIUDADANOS-PARTIDO DE LA CIUDADANIA,C's,c_bal_2015.pdf,compartido
autonomous_2015_05,2015,Parlament de les Illes Balears,Illes Balears,Mallorca,17,LORENZO PONS MONCADA,Hombre,TRUE,FALSE,Cs,FALSE,,CIUDADANOS-PARTIDO DE LA CIUDADANIA,C's,c_bal_2015.pdf,compartido
autonomous_2015_05,2015,Parlament de les Illes Balears,Illes Balears,Mallorca,18,JOSEFINA SIMONET MONSERRAT,Mujer,TRUE,FALSE,Cs,FALSE,,CIUDADANOS-PARTIDO DE LA CIUDADANIA,C's,c_bal_2015.pdf,compartido
autonomous_2015_05,2015,Parlament de les Illes Balears,Illes Balears,Mallorca,19,IGNACIO GONZALEZ DE LA MADRID RODRIGUEZ,Hombre,TRUE,FALSE,Cs,FALSE,,CIUDADANOS-PARTIDO DE LA CIUDADANIA,C's,c_bal_2015.pdf,compartido
autonomous_2015_05,2015,Parlament de les Illes Balears,Illes Balears,Mallorca,20,OLGA NUÑEZ DE CASTRO PRAT,Mujer,TRUE,FALSE,Cs,FALSE,,CIUDADANOS-PARTIDO DE LA CIUDADANIA,C's,c_bal_2015.pdf,compartido
autonomous_2015_05,2015,Parlament de les Illes Balears,Illes Balears,Mallorca,21,SANTIAGO MIGUEL DOMINGUEZ SANCHEZ,Hombre,TRUE,FALSE,Cs,FALSE,,CIUDADANOS-PARTIDO DE LA CIUDADANIA,C's,c_bal_2015.pdf,compartido
autonomous_2015_05,2015,Parlament de les Illes Balears,Illes Balears,Mallorca,22,ALICIA ARBOS JIMENEZ,Mujer,TRUE,FALSE,Cs,FALSE,,CIUDADANOS-PARTIDO DE LA CIUDADANIA,C's,c_bal_2015.pdf,compartido
autonomous_2015_05,2015,Parlament de les Illes Balears,Illes Balears,Mallorca,23,PEDRO CABANELLAS REBOREDO,Hombre,TRUE,FALSE,Cs,FALSE,,CIUDADANOS-PARTIDO DE LA CIUDADANIA,C's,c_bal_2015.pdf,compartido
autonomous_2015_05,2015,Parlament de les Illes Balears,Illes Balears,Mallorca,24,CONCEPCION GONZALEZ GUTIERREZ,Mujer,TRUE,FALSE,Cs,FALSE,,CIUDADANOS-PARTIDO DE LA CIUDADANIA,C's,c_bal_2015.pdf,compartido
autonomous_2015_05,2015,Parlament de les Illes Balears,Illes Balears,Mallorca,25,ANTONIO CAMAÑO GARI,Hombre,TRUE,FALSE,Cs,FALSE,,CIUDADANOS-PARTIDO DE LA CIUDADANIA,C's,c_bal_2015.pdf,compartido
autonomous_2015_05,2015,Parlament de les Illes Balears,Illes Balears,Mallorca,26,CAROLINA MACINTOSH MARTINEZ,Mujer,TRUE,FALSE,Cs,FALSE,,CIUDADANOS-PARTIDO DE LA CIUDADANIA,C's,c_bal_2015.pdf,compartido
autonomous_2015_05,2015,Parlament de les Illes Balears,Illes Balears,Mallorca,27,MARCOS ANIBAL PINELA SOSA,Hombre,TRUE,FALSE,Cs,FALSE,,CIUDADANOS-PARTIDO DE LA CIUDADANIA,C's,c_bal_2015.pdf,compartido
autonomous_2015_05,2015,Parlament de les Illes Balears,Illes Balears,Mallorca,28,MARIA ISABEL CAMPO GONZALEZ,Mujer,TRUE,FALSE,Cs,FALSE,,CIUDADANOS-PARTIDO DE LA CIUDADANIA,C's,c_bal_2015.pdf,compartido
autonomous_2015_05,2015,Parlament de les Illes Balears,Illes Balears,Mallorca,29,JOSE MARIA LLULL LLUFRIU,Hombre,TRUE,FALSE,Cs,FALSE,,CIUDADANOS-PARTIDO DE LA CIUDADANIA,C's,c_bal_2015.pdf,compartido
autonomous_2015_05,2015,Parlament de les Illes Balears,Illes Balears,Mallorca,30,MARINA MARTIN-BALLESTERO ZALDIVAR,Mujer,TRUE,FALSE,Cs,FALSE,,CIUDADANOS-PARTIDO DE LA CIUDADANIA,C's,c_bal_2015.pdf,compartido
autonomous_2015_05,2015,Parlament de les Illes Balears,Illes Balears,Mallorca,31,JUAN LLABRES RIERA,Hombre,TRUE,FALSE,Cs,FALSE,,CIUDADANOS-PARTIDO DE LA CIUDADANIA,C's,c_bal_2015.pdf,compartido
autonomous_2015_05,2015,Parlament de les Illes Balears,Illes Balears,Mallorca,32,ANA MARIA LASIC DURAN,Mujer,TRUE,FALSE,Cs,FALSE,,CIUDADANOS-PARTIDO DE LA CIUDADANIA,C's,c_bal_2015.pdf,compartido
autonomous_2015_05,2015,Parlament de les Illes Balears,Illes Balears,Mallorca,33,CARLOS TARANCON NIETO,Hombre,TRUE,FALSE,Cs,FALSE,,CIUDADANOS-PARTIDO DE LA CIUDADANIA,C's,c_bal_2015.pdf,compartido
autonomous_2015_05,2015,Parlament de les Illes Balears,Illes Balears,Mallorca,1,ROSA FONT SERRA,Mujer,FALSE,FALSE,Cs,FALSE,,CIUDADANOS-PARTIDO DE LA CIUDADANIA,C's,c_bal_2015.pdf,compartido
autonomous_2015_05,2015,Parlament de les Illes Balears,Illes Balears,Mallorca,2,SIMON FUENTES MACKINTOSH,Hombre,FALSE,FALSE,Cs,FALSE,,CIUDADANOS-PARTIDO DE LA CIUDADANIA,C's,c_bal_2015.pdf,compartido
autonomous_2015_05,2015,Parlament de les Illes Balears,Illes Balears,Mallorca,3,TERESA NIETO GIL Núm. 63 28 de abril de 2015 Sec. V. - Pág. 21474,Mujer,FALSE,FALSE,Cs,FALSE,,CIUDADANOS-PARTIDO DE LA CIUDADANIA,C's,c_bal_2015.pdf,compartido
autonomous_2015_05,2015,Junta General del Principado de Asturias,Asturias,Occidente,1,José María Losas Martínez,Hombre,TRUE,FALSE,Cs,FALSE,,Ciudadanos-Partido de la Ciudadanía,C’s,jec_ast_2015.pdf,compartido
autonomous_2015_05,2015,Junta General del Principado de Asturias,Asturias,Occidente,2,José Luis Muñoz Díaz,Hombre,TRUE,FALSE,Cs,FALSE,,Ciudadanos-Partido de la Ciudadanía,C’s,jec_ast_2015.pdf,compartido
autonomous_2015_05,2015,Junta General del Principado de Asturias,Asturias,Occidente,3,Aurora María Sánchez Gómez,Mujer,TRUE,FALSE,Cs,FALSE,,Ciudadanos-Partido de la Ciudadanía,C’s,jec_ast_2015.pdf,compartido
autonomous_2015_05,2015,Junta General del Principado de Asturias,Asturias,Occidente,4,Daniel Fernández Gómez,Hombre,TRUE,FALSE,Cs,FALSE,,Ciudadanos-Partido de la Ciudadanía,C’s,jec_ast_2015.pdf,compartido
autonomous_2015_05,2015,Junta General del Principado de Asturias,Asturias,Occidente,5,Sonia Fernández Llano,Mujer,TRUE,FALSE,Cs,FALSE,,Ciudadanos-Partido de la Ciudadanía,C’s,jec_ast_2015.pdf,compartido
autonomous_2015_05,2015,Junta General del Principado de Asturias,Asturias,Occidente,6,Raquel Lanza Pombo,Mujer,TRUE,FALSE,Cs,FALSE,,Ciudadanos-Partido de la Ciudadanía,C’s,jec_ast_2015.pdf,compartido
autonomous_2015_05,2015,Junta General del Principado de Asturias,Asturias,Occidente,1,Beatriz Fernández Peláez,Mujer,FALSE,FALSE,Cs,FALSE,,Ciudadanos-Partido de la Ciudadanía,C’s,jec_ast_2015.pdf,compartido
autonomous_2015_05,2015,Junta General del Principado de Asturias,Asturias,Occidente,2,Ana Bárbara Fernández Llano,Mujer,FALSE,FALSE,Cs,FALSE,,Ciudadanos-Partido de la Ciudadanía,C’s,jec_ast_2015.pdf,compartido
autonomous_2015_05,2015,Junta General del Principado de Asturias,Asturias,Occidente,3,José Ignacio Huergo González,Hombre,FALSE,FALSE,Cs,FALSE,,Ciudadanos-Partido de la Ciudadanía,C’s,jec_ast_2015.pdf,compartido
autonomous_2015_05,2015,Junta General del Principado de Asturias,Asturias,Oriente,1,Celsa Ardavín Canto,Mujer,TRUE,FALSE,Cs,FALSE,,Ciudadanos-Partido de la Ciudadanía,C’s,jec_ast_2015.pdf,compartido
autonomous_2015_05,2015,Junta General del Principado de Asturias,Asturias,Oriente,2,Agustín García Romero-Nieva,Hombre,TRUE,FALSE,Cs,FALSE,,Ciudadanos-Partido de la Ciudadanía,C’s,jec_ast_2015.pdf,compartido
autonomous_2015_05,2015,Junta General del Principado de Asturias,Asturias,Oriente,3,Emilia Esther de la Maza Fernández,Mujer,TRUE,FALSE,Cs,FALSE,,Ciudadanos-Partido de la Ciudadanía,C’s,jec_ast_2015.pdf,compartido
autonomous_2015_05,2015,Junta General del Principado de Asturias,Asturias,Oriente,4,Ramón Antonio Lorenzo Paredes (Independiente),Hombre,TRUE,FALSE,Cs,FALSE,,Ciudadanos-Partido de la Ciudadanía,C’s,jec_ast_2015.pdf,compartido
autonomous_2015_05,2015,Junta General del Principado de Asturias,Asturias,Oriente,5,María Alejandra Gutiérrez Sustacha,Mujer,TRUE,FALSE,Cs,FALSE,,Ciudadanos-Partido de la Ciudadanía,C’s,jec_ast_2015.pdf,compartido
autonomous_2015_05,2015,Junta General del Principado de Asturias,Asturias,Oriente,1,Juan Riestra Ruiz,Hombre,FALSE,FALSE,Cs,FALSE,,Ciudadanos-Partido de la Ciudadanía,C’s,jec_ast_2015.pdf,compartido
autonomous_2015_05,2015,Junta General del Principado de Asturias,Asturias,Oriente,2,Estela López Vega,Mujer,FALSE,FALSE,Cs,FALSE,,Ciudadanos-Partido de la Ciudadanía,C’s,jec_ast_2015.pdf,compartido
autonomous_2015_05,2015,Junta General del Principado de Asturias,Asturias,Oriente,3,Matías Pereda de Diego,Hombre,FALSE,FALSE,Cs,FALSE,,Ciudadanos-Partido de la Ciudadanía,C’s,jec_ast_2015.pdf,compartido
autonomous_2015_05,2015,Cortes de Castilla y León,Castilla y Leon,Palencia,1,FRANCISCO CUADRADO LOBERA,Hombre,TRUE,FALSE,Cs,FALSE,,CIUDADANOS-PARTIDO DE LA CIUDADANIA,C’s,jec_cyl_2015.pdf,compartido
autonomous_2015_05,2015,Cortes de Castilla y León,Castilla y Leon,Palencia,2,ENRIQUE VICTOR RIVERO ORTEGA,Hombre,TRUE,FALSE,Cs,FALSE,,CIUDADANOS-PARTIDO DE LA CIUDADANIA,C’s,jec_cyl_2015.pdf,compartido
autonomous_2015_05,2015,Cortes de Castilla y León,Castilla y Leon,Palencia,3,MARIA CELIA FIÑANA GUZMAN,Mujer,TRUE,FALSE,Cs,FALSE,,CIUDADANOS-PARTIDO DE LA CIUDADANIA,C’s,jec_cyl_2015.pdf,compartido
autonomous_2015_05,2015,Cortes de Castilla y León,Castilla y Leon,Palencia,4,FRANCISCO IGEA ARISQUETA,Hombre,TRUE,FALSE,Cs,FALSE,,CIUDADANOS-PARTIDO DE LA CIUDADANIA,C’s,jec_cyl_2015.pdf,compartido
autonomous_2015_05,2015,Cortes de Castilla y León,Castilla y Leon,Palencia,5,MARIA MERCEDES MARTÍN MARCOS,Mujer,TRUE,FALSE,Cs,FALSE,,CIUDADANOS-PARTIDO DE LA CIUDADANIA,C’s,jec_cyl_2015.pdf,compartido
autonomous_2015_05,2015,Cortes de Castilla y León,Castilla y Leon,Palencia,6,JOSE LUIS CASTAÑEDA DÍEZ,Hombre,TRUE,FALSE,Cs,FALSE,,CIUDADANOS-PARTIDO DE LA CIUDADANIA,C’s,jec_cyl_2015.pdf,compartido
autonomous_2015_05,2015,Cortes de Castilla y León,Castilla y Leon,Palencia,7,MARIA DE LOS REYES FERNANDEZ GARCÍA,Mujer,TRUE,FALSE,Cs,FALSE,,CIUDADANOS-PARTIDO DE LA CIUDADANIA,C’s,jec_cyl_2015.pdf,compartido
autonomous_2015_05,2015,Cortes de Castilla y León,Castilla y Leon,Palencia,1,EUGENIO BRAVO GARCÍA,Hombre,FALSE,FALSE,Cs,FALSE,,CIUDADANOS-PARTIDO DE LA CIUDADANIA,C’s,jec_cyl_2015.pdf,compartido
autonomous_2015_05,2015,Cortes de Castilla y León,Castilla y Leon,Palencia,2,MARIA DEL CARMEN BRASA ANDRÉS,Mujer,FALSE,FALSE,Cs,FALSE,,CIUDADANOS-PARTIDO DE LA CIUDADANIA,C’s,jec_cyl_2015.pdf,compartido
autonomous_2015_05,2015,Cortes de Castilla y León,Castilla y Leon,Palencia,3,JUAN CRUZ VIDAL CARAZO,Hombre,FALSE,FALSE,Cs,FALSE,,CIUDADANOS-PARTIDO DE LA CIUDADANIA,C’s,jec_cyl_2015.pdf,compartido
autonomous_2015_05,2015,Asamblea Regional de Murcia,Murcia,Primera,1,MARÍA DOMINGA FREIRE CAROU,Mujer,TRUE,FALSE,Cs,FALSE,,CIUDADANOS-PARTIDO DE LA CIUDADANÍA,C’s,jec_mur_2015.pdf,compartido
autonomous_2015_05,2015,Asamblea Regional de Murcia,Murcia,Primera,2,FRANCISCO JAVIER PÉREZ PÉREZ,Hombre,TRUE,FALSE,Cs,FALSE,,CIUDADANOS-PARTIDO DE LA CIUDADANÍA,C’s,jec_mur_2015.pdf,compartido
autonomous_2015_05,2015,Asamblea Regional de Murcia,Murcia,Primera,3,FRANCISCO CÁNOVAS CÁNOVAS,Hombre,TRUE,FALSE,Cs,FALSE,,CIUDADANOS-PARTIDO DE LA CIUDADANÍA,C’s,jec_mur_2015.pdf,compartido
autonomous_2015_05,2015,Asamblea Regional de Murcia,Murcia,Primera,4,SILVIA JEREZ RODRÍGUEZ,Mujer,TRUE,FALSE,Cs,FALSE,,CIUDADANOS-PARTIDO DE LA CIUDADANÍA,C’s,jec_mur_2015.pdf,compartido
autonomous_2015_05,2015,Asamblea Regional de Murcia,Murcia,Primera,5,SALVADOR GIMÉNEZ GARCÍA,Hombre,TRUE,FALSE,Cs,FALSE,,CIUDADANOS-PARTIDO DE LA CIUDADANÍA,C’s,jec_mur_2015.pdf,compartido
autonomous_2015_05,2015,Asamblea Regional de Murcia,Murcia,Primera,6,IRENE MARÍA RUIZ ALCÁZAR,Mujer,TRUE,FALSE,Cs,FALSE,,CIUDADANOS-PARTIDO DE LA CIUDADANÍA,C’s,jec_mur_2015.pdf,compartido
autonomous_2015_05,2015,Asamblea Regional de Murcia,Murcia,Primera,7,JOAQUÍN MAESTRE MAESTRE,Hombre,TRUE,FALSE,Cs,FALSE,,CIUDADANOS-PARTIDO DE LA CIUDADANÍA,C’s,jec_mur_2015.pdf,compartido
autonomous_2015_05,2015,Asamblea Regional de Murcia,Murcia,Primera,1,ANTONIO MONTIEL TERRONES,Hombre,FALSE,FALSE,Cs,FALSE,,CIUDADANOS-PARTIDO DE LA CIUDADANÍA,C’s,jec_mur_2015.pdf,compartido
autonomous_2015_05,2015,Asamblea Regional de Murcia,Murcia,Quinta,1,ANTONIO PALAO CASTILLO,Hombre,TRUE,FALSE,Cs,FALSE,,CIUDADANOS-PARTIDO DE LA CIUDADANÍA,C’s,jec_mur_2015.pdf,compartido
autonomous_2015_05,2015,Asamblea Regional de Murcia,Murcia,Quinta,2,ANA JOSÉ GARCÍA GONZÁLEZ,Mujer,TRUE,FALSE,Cs,FALSE,,CIUDADANOS-PARTIDO DE LA CIUDADANÍA,C’s,jec_mur_2015.pdf,compartido
autonomous_2015_05,2015,Asamblea Regional de Murcia,Murcia,Quinta,1,FRANCISCO AZORÍN SORIANO,Hombre,FALSE,FALSE,Cs,FALSE,,CIUDADANOS-PARTIDO DE LA CIUDADANÍA,C’s,jec_mur_2015.pdf,compartido
autonomous_2015_05,2015,Cortes de Castilla y León,Castilla y Leon,Salamanca,1,DAVID CASTAÑO SEQUEROS,Hombre,TRUE,TRUE,Cs,FALSE,,CIUDADANOS-PARTIDO DE LA CIUDADANIA,C’s,jec_cyl_2015.pdf,compartido
autonomous_2015_05,2015,Cortes de Castilla y León,Castilla y Leon,Salamanca,2,MANUEL HERNANDEZ PEREZ,Hombre,TRUE,FALSE,Cs,FALSE,,CIUDADANOS-PARTIDO DE LA CIUDADANIA,C’s,jec_cyl_2015.pdf,compartido
autonomous_2015_05,2015,Cortes de Castilla y León,Castilla y Leon,Salamanca,3,TOMAS HIDALGO VICENTE,Hombre,TRUE,FALSE,Cs,FALSE,,CIUDADANOS-PARTIDO DE LA CIUDADANIA,C’s,jec_cyl_2015.pdf,compartido
autonomous_2015_05,2015,Cortes de Castilla y León,Castilla y Leon,Salamanca,4,MARIA ISABEL MARTIN DIEGO,Mujer,TRUE,FALSE,Cs,FALSE,,CIUDADANOS-PARTIDO DE LA CIUDADANIA,C’s,jec_cyl_2015.pdf,compartido
autonomous_2015_05,2015,Cortes de Castilla y León,Castilla y Leon,Salamanca,5,MARTA MORENO FERNANDEZ DEL CAMPO,Mujer,TRUE,FALSE,Cs,FALSE,,CIUDADANOS-PARTIDO DE LA CIUDADANIA,C’s,jec_cyl_2015.pdf,compartido
autonomous_2015_05,2015,Cortes de Castilla y León,Castilla y Leon,Salamanca,6,JESUS LUIS DE SAN ANTONIO BENITO,Hombre,TRUE,FALSE,Cs,FALSE,,CIUDADANOS-PARTIDO DE LA CIUDADANIA,C’s,jec_cyl_2015.pdf,compartido
autonomous_2015_05,2015,Cortes de Castilla y León,Castilla y Leon,Salamanca,7,CARLOS PEDRAZ MARTIN,Hombre,TRUE,FALSE,Cs,FALSE,,CIUDADANOS-PARTIDO DE LA CIUDADANIA,C’s,jec_cyl_2015.pdf,compartido
autonomous_2015_05,2015,Cortes de Castilla y León,Castilla y Leon,Salamanca,8,EKAITZ CEBALLOS MENCHACA,Hombre,TRUE,FALSE,Cs,FALSE,,CIUDADANOS-PARTIDO DE LA CIUDADANIA,C’s,jec_cyl_2015.pdf,compartido
autonomous_2015_05,2015,Cortes de Castilla y León,Castilla y Leon,Salamanca,9,PATRICIA RODRIGUEZ MARTIN,Mujer,TRUE,FALSE,Cs,FALSE,,CIUDADANOS-PARTIDO DE LA CIUDADANIA,C’s,jec_cyl_2015.pdf,compartido
autonomous_2015_05,2015,Cortes de Castilla y León,Castilla y Leon,Salamanca,10,GEMMA MARCOS MARTIN,Mujer,TRUE,FALSE,Cs,FALSE,,CIUDADANOS-PARTIDO DE LA CIUDADANIA,C’s,jec_cyl_2015.pdf,compartido
autonomous_2015_05,2015,Cortes de Castilla y León,Castilla y Leon,Salamanca,11,NURIA ACEBEDO APARICIO,Mujer,TRUE,FALSE,Cs,FALSE,,CIUDADANOS-PARTIDO DE LA CIUDADANIA,C’s,jec_cyl_2015.pdf,compartido
autonomous_2015_05,2015,Cortes de Castilla y León,Castilla y Leon,Salamanca,1,NATALIA GARCIA BERNARDO,Mujer,FALSE,FALSE,Cs,FALSE,,CIUDADANOS-PARTIDO DE LA CIUDADANIA,C’s,jec_cyl_2015.pdf,compartido
autonomous_2015_05,2015,Cortes de Castilla y León,Castilla y Leon,Salamanca,2,CRISTINA HERNANDEZ CORONA,Mujer,FALSE,FALSE,Cs,FALSE,,CIUDADANOS-PARTIDO DE LA CIUDADANIA,C’s,jec_cyl_2015.pdf,compartido
autonomous_2015_05,2015,Cortes de Castilla y León,Castilla y Leon,Salamanca,3,JUAN JOSE SANCHEZ ALONSO,Hombre,FALSE,FALSE,Cs,FALSE,,CIUDADANOS-PARTIDO DE LA CIUDADANIA,C’s,jec_cyl_2015.pdf,compartido
autonomous_2015_05,2015,Cortes de Castilla y León,Castilla y Leon,Segovia,1,FRANCISCO JAVIER RODRÍGUEZ RECIO,Hombre,TRUE,FALSE,Cs,FALSE,,CIUDADANOS-PARTIDO DE LA CIUDADANIA,C’s,jec_cyl_2015.pdf,compartido
autonomous_2015_05,2015,Cortes de Castilla y León,Castilla y Leon,Segovia,2,JUAN LUIS LÓPEZ FRAGOSO,Hombre,TRUE,FALSE,Cs,FALSE,,CIUDADANOS-PARTIDO DE LA CIUDADANIA,C’s,jec_cyl_2015.pdf,compartido
autonomous_2015_05,2015,Cortes de Castilla y León,Castilla y Leon,Segovia,3,CRISTINA RODRÍGUEZ MARTÍN,Mujer,TRUE,FALSE,Cs,FALSE,,CIUDADANOS-PARTIDO DE LA CIUDADANIA,C’s,jec_cyl_2015.pdf,compartido
autonomous_2015_05,2015,Cortes de Castilla y León,Castilla y Leon,Segovia,4,MARIA JOSEFA GARCÍA OREJANA,Mujer,TRUE,FALSE,Cs,FALSE,,CIUDADANOS-PARTIDO DE LA CIUDADANIA,C’s,jec_cyl_2015.pdf,compartido
autonomous_2015_05,2015,Cortes de Castilla y León,Castilla y Leon,Segovia,5,DANIEL EDUARDO GOMEZ MARQUÉS,Hombre,TRUE,FALSE,Cs,FALSE,,CIUDADANOS-PARTIDO DE LA CIUDADANIA,C’s,jec_cyl_2015.pdf,compartido
autonomous_2015_05,2015,Cortes de Castilla y León,Castilla y Leon,Segovia,6,IGNACIO MAXIMO AVIAL ESCOBAR,Hombre,TRUE,FALSE,Cs,FALSE,,CIUDADANOS-PARTIDO DE LA CIUDADANIA,C’s,jec_cyl_2015.pdf,compartido
autonomous_2015_05,2015,Cortes de Castilla y León,Castilla y Leon,Segovia,7,MARIA DEL SOCORRO CUESTA RODRIGUEZ,Mujer,TRUE,FALSE,Cs,FALSE,,CIUDADANOS-PARTIDO DE LA CIUDADANIA,C’s,jec_cyl_2015.pdf,compartido
autonomous_2015_05,2015,Cortes de Castilla y León,Castilla y Leon,Segovia,1,DAVID CALLEJO GÓMEZ,Hombre,FALSE,FALSE,Cs,FALSE,,CIUDADANOS-PARTIDO DE LA CIUDADANIA,C’s,jec_cyl_2015.pdf,compartido
autonomous_2015_05,2015,Cortes de Castilla y León,Castilla y Leon,Segovia,2,ROBERTO MORENO LÓPEZ,Hombre,FALSE,FALSE,Cs,FALSE,,CIUDADANOS-PARTIDO DE LA CIUDADANIA,C’s,jec_cyl_2015.pdf,compartido
autonomous_2015_05,2015,Cortes de Castilla y León,Castilla y Leon,Segovia,3,PATRICIA MATESANZ GARCÍA CV: BOCYL-D-28042015-1 Núm. 79,Mujer,FALSE,FALSE,Cs,FALSE,,CIUDADANOS-PARTIDO DE LA CIUDADANIA,C’s,jec_cyl_2015.pdf,compartido
autonomous_2015_05,2015,Asamblea Regional de Murcia,Murcia,Segunda,1,LUIS FRANCISCO FERNÁNDEZ MARTÍNEZ,Hombre,TRUE,TRUE,Cs,FALSE,,CIUDADANOS-PARTIDO DE LA CIUDADANÍA,C’s,jec_mur_2015.pdf,compartido
autonomous_2015_05,2015,Asamblea Regional de Murcia,Murcia,Segunda,2,FRANCISCO SOLANA AYALA,Hombre,TRUE,FALSE,Cs,FALSE,,CIUDADANOS-PARTIDO DE LA CIUDADANÍA,C’s,jec_mur_2015.pdf,compartido
autonomous_2015_05,2015,Asamblea Regional de Murcia,Murcia,Segunda,3,JOSÉ FRANCISCO GARRE IZQUIERDO,Hombre,TRUE,FALSE,Cs,FALSE,,CIUDADANOS-PARTIDO DE LA CIUDADANÍA,C’s,jec_mur_2015.pdf,compartido
autonomous_2015_05,2015,Asamblea Regional de Murcia,Murcia,Segunda,4,OTILIA GÁMEZ LÓPEZ,Mujer,TRUE,FALSE,Cs,FALSE,,CIUDADANOS-PARTIDO DE LA CIUDADANÍA,C’s,jec_mur_2015.pdf,compartido
autonomous_2015_05,2015,Asamblea Regional de Murcia,Murcia,Segunda,5,MARÍA ASUNCIÓN PALLARÉS PÉREZ,Mujer,TRUE,FALSE,Cs,FALSE,,CIUDADANOS-PARTIDO DE LA CIUDADANÍA,C’s,jec_mur_2015.pdf,compartido
autonomous_2015_05,2015,Asamblea Regional de Murcia,Murcia,Segunda,6,MARÍA ENCARNACIÓN SÁNCHEZ FERRER,Mujer,TRUE,FALSE,Cs,FALSE,,CIUDADANOS-PARTIDO DE LA CIUDADANÍA,C’s,jec_mur_2015.pdf,compartido
autonomous_2015_05,2015,Asamblea Regional de Murcia,Murcia,Segunda,7,FRANCISCO JAVIER BEL GÓMEZ,Hombre,TRUE,FALSE,Cs,FALSE,,CIUDADANOS-PARTIDO DE LA CIUDADANÍA,C’s,jec_mur_2015.pdf,compartido
autonomous_2015_05,2015,Asamblea Regional de Murcia,Murcia,Segunda,8,MARÍA DE LOS ÁNGELES ROSIQUE GÓMEZ,Mujer,TRUE,FALSE,Cs,FALSE,,CIUDADANOS-PARTIDO DE LA CIUDADANÍA,C’s,jec_mur_2015.pdf,compartido
autonomous_2015_05,2015,Asamblea Regional de Murcia,Murcia,Segunda,9,LIDIA ESTER AIX GRACIA,Mujer,TRUE,FALSE,Cs,FALSE,,CIUDADANOS-PARTIDO DE LA CIUDADANÍA,C’s,jec_mur_2015.pdf,compartido
autonomous_2015_05,2015,Asamblea Regional de Murcia,Murcia,Segunda,10,JOSÉ MÉNDEZ MÉNDEZ,Hombre,TRUE,FALSE,Cs,FALSE,,CIUDADANOS-PARTIDO DE LA CIUDADANÍA,C’s,jec_mur_2015.pdf,compartido
autonomous_2015_05,2015,Asamblea Regional de Murcia,Murcia,Segunda,11,TANIA BAÑO ALCARAZ,Mujer,TRUE,FALSE,Cs,FALSE,,CIUDADANOS-PARTIDO DE LA CIUDADANÍA,C’s,jec_mur_2015.pdf,compartido
autonomous_2015_05,2015,Asamblea Regional de Murcia,Murcia,Segunda,1,ASCENSIÓN BUENO ZAPATA,Mujer,FALSE,FALSE,Cs,FALSE,,CIUDADANOS-PARTIDO DE LA CIUDADANÍA,C’s,jec_mur_2015.pdf,compartido
autonomous_2015_05,2015,Asamblea Regional de Murcia,Murcia,Segunda,2,FRANCISCO SÁNCHEZ MEROÑO,Hombre,FALSE,FALSE,Cs,FALSE,,CIUDADANOS-PARTIDO DE LA CIUDADANÍA,C’s,jec_mur_2015.pdf,compartido
autonomous_2015_05,2015,Asamblea Regional de Murcia,Murcia,Segunda,3,TOMÁS GÓMEZ MARTÍNEZ,Hombre,FALSE,FALSE,Cs,FALSE,,CIUDADANOS-PARTIDO DE LA CIUDADANÍA,C’s,jec_mur_2015.pdf,compartido
autonomous_2015_05,2015,Cortes de Castilla y León,Castilla y Leon,Soria,1,JESÚS CIRIA GARCÍA DE LA TORRE,Hombre,TRUE,FALSE,Cs,FALSE,,CIUDADANOS-PARTIDO DE LA CIUDADANIA,C’s,jec_cyl_2015.pdf,compartido
autonomous_2015_05,2015,Cortes de Castilla y León,Castilla y Leon,Soria,2,JOSÉ ANTONIO DE MIGUEL NIETO,Hombre,TRUE,FALSE,Cs,FALSE,,CIUDADANOS-PARTIDO DE LA CIUDADANIA,C’s,jec_cyl_2015.pdf,compartido
autonomous_2015_05,2015,Cortes de Castilla y León,Castilla y Leon,Soria,3,ELENA ROBREDO JIMÉNEZ-RIDRUEJO,Mujer,TRUE,FALSE,Cs,FALSE,,CIUDADANOS-PARTIDO DE LA CIUDADANIA,C’s,jec_cyl_2015.pdf,compartido
autonomous_2015_05,2015,Cortes de Castilla y León,Castilla y Leon,Soria,4,JOSÉ LUIS ALONSO SANZ,Hombre,TRUE,FALSE,Cs,FALSE,,CIUDADANOS-PARTIDO DE LA CIUDADANIA,C’s,jec_cyl_2015.pdf,compartido
autonomous_2015_05,2015,Cortes de Castilla y León,Castilla y Leon,Soria,5,MARÍA LUISA DEL BARRIO GIL DE GÓMEZ,Mujer,TRUE,FALSE,Cs,FALSE,,CIUDADANOS-PARTIDO DE LA CIUDADANIA,C’s,jec_cyl_2015.pdf,compartido
autonomous_2015_05,2015,Cortes de Castilla y León,Castilla y Leon,Soria,1,JOSÉ MARÍA ALBERTO MAZÓN MORENO,Hombre,FALSE,FALSE,Cs,FALSE,,CIUDADANOS-PARTIDO DE LA CIUDADANIA,C’s,jec_cyl_2015.pdf,compartido
autonomous_2015_05,2015,Cortes de Castilla y León,Castilla y Leon,Soria,2,MARÍA BELÉN REDONDO ORTIZ,Mujer,FALSE,FALSE,Cs,FALSE,,CIUDADANOS-PARTIDO DE LA CIUDADANIA,C’s,jec_cyl_2015.pdf,compartido
autonomous_2015_05,2015,Cortes de Castilla y León,Castilla y Leon,Soria,3,FRANCISCO JAVIER HERNÁNDEZ GARCÍA,Hombre,FALSE,FALSE,Cs,FALSE,,CIUDADANOS-PARTIDO DE LA CIUDADANIA,C’s,jec_cyl_2015.pdf,compartido
autonomous_2015_05,2015,Parlamento de Canarias,Canarias,Tenerife,1,MELISA RODRÍGUEZ HERNÁNDEZ,Mujer,TRUE,FALSE,Cs,FALSE,,CIUDADANOS-PARTIDO DE LA CIUDADANIA,C's,c_cnr_2015.pdf,extra:main
autonomous_2015_05,2015,Parlamento de Canarias,Canarias,Tenerife,2,JUAN AMIGÓ MORENO,Hombre,TRUE,FALSE,Cs,FALSE,,CIUDADANOS-PARTIDO DE LA CIUDADANIA,C's,c_cnr_2015.pdf,extra:main
autonomous_2015_05,2015,Parlamento de Canarias,Canarias,Tenerife,3,LORENZO ALBERTO QUINTERO GARCÍA-SANJUÁN,Hombre,TRUE,FALSE,Cs,FALSE,,CIUDADANOS-PARTIDO DE LA CIUDADANIA,C's,c_cnr_2015.pdf,extra:main
autonomous_2015_05,2015,Parlamento de Canarias,Canarias,Tenerife,4,JORGE SUÁREZ RODRÍGUEZ,Hombre,TRUE,FALSE,Cs,FALSE,,CIUDADANOS-PARTIDO DE LA CIUDADANIA,C's,c_cnr_2015.pdf,extra:main
autonomous_2015_05,2015,Parlamento de Canarias,Canarias,Tenerife,5,MARÍA TERESA MIRALLES SANTANA,Mujer,TRUE,FALSE,Cs,FALSE,,CIUDADANOS-PARTIDO DE LA CIUDADANIA,C's,c_cnr_2015.pdf,extra:main
autonomous_2015_05,2015,Parlamento de Canarias,Canarias,Tenerife,6,PEDRO BRAVO DE LAGUNA TABARES,Hombre,TRUE,FALSE,Cs,FALSE,,CIUDADANOS-PARTIDO DE LA CIUDADANIA,C's,c_cnr_2015.pdf,extra:main
autonomous_2015_05,2015,Parlamento de Canarias,Canarias,Tenerife,7,ADALBERTO QUINTERO RUIZ,Hombre,TRUE,FALSE,Cs,FALSE,,CIUDADANOS-PARTIDO DE LA CIUDADANIA,C's,c_cnr_2015.pdf,extra:main
autonomous_2015_05,2015,Parlamento de Canarias,Canarias,Tenerife,8,MARÍA TERESA MACHADO FERNÁNDEZ,Mujer,TRUE,FALSE,Cs,FALSE,,CIUDADANOS-PARTIDO DE LA CIUDADANIA,C's,c_cnr_2015.pdf,extra:main
autonomous_2015_05,2015,Parlamento de Canarias,Canarias,Tenerife,9,SONIA CÓLOGAN GONZÁLEZ-ARNAO,Mujer,TRUE,FALSE,Cs,FALSE,,CIUDADANOS-PARTIDO DE LA CIUDADANIA,C's,c_cnr_2015.pdf,extra:main
autonomous_2015_05,2015,Parlamento de Canarias,Canarias,Tenerife,10,JOSÉ DOMINGO ALONSO SOCAS,Hombre,TRUE,FALSE,Cs,FALSE,,CIUDADANOS-PARTIDO DE LA CIUDADANIA,C's,c_cnr_2015.pdf,extra:main
autonomous_2015_05,2015,Parlamento de Canarias,Canarias,Tenerife,11,ANA GONZÁLEZ-ALEGRE MÁRQUEZ,Mujer,TRUE,FALSE,Cs,FALSE,,CIUDADANOS-PARTIDO DE LA CIUDADANIA,C's,c_cnr_2015.pdf,extra:main
autonomous_2015_05,2015,Parlamento de Canarias,Canarias,Tenerife,12,ANTONIO MACHADO UCELAY,Hombre,TRUE,FALSE,Cs,FALSE,,CIUDADANOS-PARTIDO DE LA CIUDADANIA,C's,c_cnr_2015.pdf,extra:main
autonomous_2015_05,2015,Parlamento de Canarias,Canarias,Tenerife,13,FERNANDO GORTÁZAR DÍAZ-LLANOS,Hombre,TRUE,FALSE,Cs,FALSE,,CIUDADANOS-PARTIDO DE LA CIUDADANIA,C's,c_cnr_2015.pdf,extra:main
autonomous_2015_05,2015,Parlamento de Canarias,Canarias,Tenerife,14,MARÍA TERESA GUIGOU ROSELLÓ,Mujer,TRUE,FALSE,Cs,FALSE,,CIUDADANOS-PARTIDO DE LA CIUDADANIA,C's,c_cnr_2015.pdf,extra:main
autonomous_2015_05,2015,Parlamento de Canarias,Canarias,Tenerife,15,ANA BELÉN PACHECO ABREU,Mujer,TRUE,FALSE,Cs,FALSE,,CIUDADANOS-PARTIDO DE LA CIUDADANIA,C's,c_cnr_2015.pdf,extra:main
autonomous_2015_05,2015,Parlamento de Canarias,Canarias,Tenerife,1,CARMEN REYES DORTA RODRÍGUEZ,Mujer,FALSE,FALSE,Cs,FALSE,,CIUDADANOS-PARTIDO DE LA CIUDADANIA,C's,c_cnr_2015.pdf,extra:main
autonomous_2015_05,2015,Parlamento de Canarias,Canarias,Tenerife,2,RUTH BENASAYAG LECUONA,Mujer,FALSE,FALSE,Cs,FALSE,,CIUDADANOS-PARTIDO DE LA CIUDADANIA,C's,c_cnr_2015.pdf,extra:main
autonomous_2015_05,2015,Parlamento de Canarias,Canarias,Tenerife,3,SERGIO GARCÍA CRUZ boc-a-2015-080-1950,Hombre,FALSE,FALSE,Cs,FALSE,,CIUDADANOS-PARTIDO DE LA CIUDADANIA,C's,c_cnr_2015.pdf,extra:main
autonomous_2015_05,2015,Asamblea Regional de Murcia,Murcia,Tercera,1,MIGUEL SÁNCHEZ LÓPEZ,Hombre,TRUE,TRUE,Cs,FALSE,,CIUDADANOS-PARTIDO DE LA CIUDADANÍA,C’s,jec_mur_2015.pdf,compartido
autonomous_2015_05,2015,Asamblea Regional de Murcia,Murcia,Tercera,2,JUAN JOSÉ MOLINA GALLARDO,Hombre,TRUE,TRUE,Cs,FALSE,,CIUDADANOS-PARTIDO DE LA CIUDADANÍA,C’s,jec_mur_2015.pdf,compartido
autonomous_2015_05,2015,Asamblea Regional de Murcia,Murcia,Tercera,3,MIGUEL ÁNGEL LÓPEZ MORELL,Hombre,TRUE,TRUE,Cs,FALSE,,CIUDADANOS-PARTIDO DE LA CIUDADANÍA,C’s,jec_mur_2015.pdf,compartido
autonomous_2015_05,2015,Asamblea Regional de Murcia,Murcia,Tercera,4,SUSANA NAVARRO VIUDES,Mujer,TRUE,FALSE,Cs,FALSE,,CIUDADANOS-PARTIDO DE LA CIUDADANÍA,C’s,jec_mur_2015.pdf,compartido
autonomous_2015_05,2015,Asamblea Regional de Murcia,Murcia,Tercera,5,PURIFICACIÓN REMEDIOS CUADRUPANI BOSQUED,Mujer,TRUE,FALSE,Cs,FALSE,,CIUDADANOS-PARTIDO DE LA CIUDADANÍA,C’s,jec_mur_2015.pdf,compartido
autonomous_2015_05,2015,Asamblea Regional de Murcia,Murcia,Tercera,6,JAVIER REAL AROCA,Hombre,TRUE,FALSE,Cs,FALSE,,CIUDADANOS-PARTIDO DE LA CIUDADANÍA,C’s,jec_mur_2015.pdf,compartido
autonomous_2015_05,2015,Asamblea Regional de Murcia,Murcia,Tercera,7,MARÍA ÁNGELES MARTÍ BRAVO,Mujer,TRUE,FALSE,Cs,FALSE,,CIUDADANOS-PARTIDO DE LA CIUDADANÍA,C’s,jec_mur_2015.pdf,compartido
autonomous_2015_05,2015,Asamblea Regional de Murcia,Murcia,Tercera,8,ANTONIO SÁNCHEZ LORENTE,Hombre,TRUE,FALSE,Cs,FALSE,,CIUDADANOS-PARTIDO DE LA CIUDADANÍA,C’s,jec_mur_2015.pdf,compartido
autonomous_2015_05,2015,Asamblea Regional de Murcia,Murcia,Tercera,9,MATIAS MAYORDOMO MARÍN,Hombre,TRUE,FALSE,Cs,FALSE,,CIUDADANOS-PARTIDO DE LA CIUDADANÍA,C’s,jec_mur_2015.pdf,compartido
autonomous_2015_05,2015,Asamblea Regional de Murcia,Murcia,Tercera,10,MARÍA TERESA MONZÓ SÁNCHEZ,Mujer,TRUE,FALSE,Cs,FALSE,,CIUDADANOS-PARTIDO DE LA CIUDADANÍA,C’s,jec_mur_2015.pdf,compartido
autonomous_2015_05,2015,Asamblea Regional de Murcia,Murcia,Tercera,11,ANTONIO DEL CARMEN LÓPEZ MARTÍ,Hombre,TRUE,FALSE,Cs,FALSE,,CIUDADANOS-PARTIDO DE LA CIUDADANÍA,C’s,jec_mur_2015.pdf,compartido
autonomous_2015_05,2015,Asamblea Regional de Murcia,Murcia,Tercera,12,MANUEL JAVIER CHACÓN NAVARRO,Hombre,TRUE,FALSE,Cs,FALSE,,CIUDADANOS-PARTIDO DE LA CIUDADANÍA,C’s,jec_mur_2015.pdf,compartido
autonomous_2015_05,2015,Asamblea Regional de Murcia,Murcia,Tercera,13,VÍCTOR RUIZ IRANZO,Hombre,TRUE,FALSE,Cs,FALSE,,CIUDADANOS-PARTIDO DE LA CIUDADANÍA,C’s,jec_mur_2015.pdf,compartido
autonomous_2015_05,2015,Asamblea Regional de Murcia,Murcia,Tercera,14,LAURA SÁNCHEZ ROSIQUE,Mujer,TRUE,FALSE,Cs,FALSE,,CIUDADANOS-PARTIDO DE LA CIUDADANÍA,C’s,jec_mur_2015.pdf,compartido
autonomous_2015_05,2015,Asamblea Regional de Murcia,Murcia,Tercera,15,MONSERRAT TUDELA CANO,Mujer,TRUE,FALSE,Cs,FALSE,,CIUDADANOS-PARTIDO DE LA CIUDADANÍA,C’s,jec_mur_2015.pdf,compartido
autonomous_2015_05,2015,Asamblea Regional de Murcia,Murcia,Tercera,16,FRANCISCO HERNÁNDEZ RUIZ NPE: A-280415-5179 Número 96,Hombre,TRUE,FALSE,Cs,FALSE,,CIUDADANOS-PARTIDO DE LA CIUDADANÍA,C’s,jec_mur_2015.pdf,compartido
autonomous_2015_05,2015,Asamblea Regional de Murcia,Murcia,Tercera,17,JOSEFA ISABEL MARTÍNEZ ROMERO,Mujer,TRUE,FALSE,Cs,FALSE,,CIUDADANOS-PARTIDO DE LA CIUDADANÍA,C’s,jec_mur_2015.pdf,compartido
autonomous_2015_05,2015,Asamblea Regional de Murcia,Murcia,Tercera,18,ANTONIO ALFONSO CUTILLAS NAVARRO,Hombre,TRUE,FALSE,Cs,FALSE,,CIUDADANOS-PARTIDO DE LA CIUDADANÍA,C’s,jec_mur_2015.pdf,compartido
autonomous_2015_05,2015,Asamblea Regional de Murcia,Murcia,Tercera,19,NATALIA TOVAR JIMÉNEZ,Mujer,TRUE,FALSE,Cs,FALSE,,CIUDADANOS-PARTIDO DE LA CIUDADANÍA,C’s,jec_mur_2015.pdf,compartido
autonomous_2015_05,2015,Asamblea Regional de Murcia,Murcia,Tercera,20,ESMERAGDA RAMOS CARRASCO,,TRUE,FALSE,Cs,FALSE,,CIUDADANOS-PARTIDO DE LA CIUDADANÍA,C’s,jec_mur_2015.pdf,compartido
autonomous_2015_05,2015,Asamblea Regional de Murcia,Murcia,Tercera,21,JOSÉ ÁNGEL BANET HERNÁNDEZ,Hombre,TRUE,FALSE,Cs,FALSE,,CIUDADANOS-PARTIDO DE LA CIUDADANÍA,C’s,jec_mur_2015.pdf,compartido
autonomous_2015_05,2015,Asamblea Regional de Murcia,Murcia,Tercera,1,FRANCISCO HERNÁNDEZ LIZÁN,Hombre,FALSE,FALSE,Cs,FALSE,,CIUDADANOS-PARTIDO DE LA CIUDADANÍA,C’s,jec_mur_2015.pdf,compartido
autonomous_2015_05,2015,Cortes de Aragón,Aragon,Teruel,1,RAMIRO DOMINGUEZ BUJEDA,Hombre,TRUE,TRUE,Cs,FALSE,,CIUDADANOS-PARTIDO DE LA CIUDADANIA,C’s,c_ara_2015.pdf,compartido
autonomous_2015_05,2015,Cortes de Aragón,Aragon,Teruel,2,RODRIGO GOMEZ GARCIA,Hombre,TRUE,FALSE,Cs,FALSE,,CIUDADANOS-PARTIDO DE LA CIUDADANIA,C’s,c_ara_2015.pdf,compartido
autonomous_2015_05,2015,Cortes de Aragón,Aragon,Teruel,3,ALMUDENA PEREZ CIVERA,Mujer,TRUE,FALSE,Cs,FALSE,,CIUDADANOS-PARTIDO DE LA CIUDADANIA,C’s,c_ara_2015.pdf,compartido
autonomous_2015_05,2015,Cortes de Aragón,Aragon,Teruel,4,MARIA NOMAYA PRATS JOVEN,Mujer,TRUE,FALSE,Cs,FALSE,,CIUDADANOS-PARTIDO DE LA CIUDADANIA,C’s,c_ara_2015.pdf,compartido
autonomous_2015_05,2015,Cortes de Aragón,Aragon,Teruel,5,FRANCISCO JOSE LAHOZ CELMA,Hombre,TRUE,FALSE,Cs,FALSE,,CIUDADANOS-PARTIDO DE LA CIUDADANIA,C’s,c_ara_2015.pdf,compartido
autonomous_2015_05,2015,Cortes de Aragón,Aragon,Teruel,6,CARMEN LAFUENTE RIOS,Mujer,TRUE,FALSE,Cs,FALSE,,CIUDADANOS-PARTIDO DE LA CIUDADANIA,C’s,c_ara_2015.pdf,compartido
autonomous_2015_05,2015,Cortes de Aragón,Aragon,Teruel,7,PEDRO JOSE MILLAN BERNAL,Hombre,TRUE,FALSE,Cs,FALSE,,CIUDADANOS-PARTIDO DE LA CIUDADANIA,C’s,c_ara_2015.pdf,compartido
autonomous_2015_05,2015,Cortes de Aragón,Aragon,Teruel,8,ALEJANDRA FERRER ZAMORA,Mujer,TRUE,FALSE,Cs,FALSE,,CIUDADANOS-PARTIDO DE LA CIUDADANIA,C’s,c_ara_2015.pdf,compartido
autonomous_2015_05,2015,Cortes de Aragón,Aragon,Teruel,9,JOSE MANUEL ANDRES PORTILLA,Hombre,TRUE,FALSE,Cs,FALSE,,CIUDADANOS-PARTIDO DE LA CIUDADANIA,C’s,c_ara_2015.pdf,compartido
autonomous_2015_05,2015,Cortes de Aragón,Aragon,Teruel,10,RAQUEL GONZALEZ VILANOVA,Mujer,TRUE,FALSE,Cs,FALSE,,CIUDADANOS-PARTIDO DE LA CIUDADANIA,C’s,c_ara_2015.pdf,compartido
autonomous_2015_05,2015,Cortes de Aragón,Aragon,Teruel,11,ARTURO PERIS BADIA,Hombre,TRUE,FALSE,Cs,FALSE,,CIUDADANOS-PARTIDO DE LA CIUDADANIA,C’s,c_ara_2015.pdf,compartido
autonomous_2015_05,2015,Cortes de Aragón,Aragon,Teruel,12,ROSA MARIA EDO EDO,Mujer,TRUE,FALSE,Cs,FALSE,,CIUDADANOS-PARTIDO DE LA CIUDADANIA,C’s,c_ara_2015.pdf,compartido
autonomous_2015_05,2015,Cortes de Aragón,Aragon,Teruel,13,ALVARO SEGUNDO ALCAINE,Hombre,TRUE,FALSE,Cs,FALSE,,CIUDADANOS-PARTIDO DE LA CIUDADANIA,C’s,c_ara_2015.pdf,compartido
autonomous_2015_05,2015,Cortes de Aragón,Aragon,Teruel,14,MANUELA MUÑOZ ALISES,Mujer,TRUE,FALSE,Cs,FALSE,,CIUDADANOS-PARTIDO DE LA CIUDADANIA,C’s,c_ara_2015.pdf,compartido
autonomous_2015_05,2015,Cortes de Aragón,Aragon,Teruel,1,SERGIO MONZON OLLETA,Hombre,FALSE,FALSE,Cs,FALSE,,CIUDADANOS-PARTIDO DE LA CIUDADANIA,C’s,c_ara_2015.pdf,compartido
autonomous_2015_05,2015,Cortes de Aragón,Aragon,Teruel,2,MARIA LORETO CAMAÑES EDO,Mujer,FALSE,FALSE,Cs,FALSE,,CIUDADANOS-PARTIDO DE LA CIUDADANIA,C’s,c_ara_2015.pdf,compartido
autonomous_2015_05,2015,Cortes de Aragón,Aragon,Teruel,3,MARIA LUZ CONCEPCION GARCIA LABORDA,Mujer,FALSE,FALSE,Cs,FALSE,,CIUDADANOS-PARTIDO DE LA CIUDADANIA,C’s,c_ara_2015.pdf,compartido
autonomous_2015_05,2015,Cortes de Castilla-La Mancha,Castilla-La Mancha,Toledo,1,ANGEL LIGERO LÓPEZ,Hombre,TRUE,FALSE,Cs,FALSE,,CIUDADANOS-PARTIDO DE LA CIUDADANIA,C’s,c_clm_2015_5.pdf,compartido
autonomous_2015_05,2015,Cortes de Castilla-La Mancha,Castilla-La Mancha,Toledo,2,MARÍA FÁTIMA PAZ FUENTES,Mujer,TRUE,FALSE,Cs,FALSE,,CIUDADANOS-PARTIDO DE LA CIUDADANIA,C’s,c_clm_2015_5.pdf,compartido
autonomous_2015_05,2015,Cortes de Castilla-La Mancha,Castilla-La Mancha,Toledo,3,CARLOS ESPADAS GONZÁLEZ,Hombre,TRUE,FALSE,Cs,FALSE,,CIUDADANOS-PARTIDO DE LA CIUDADANIA,C’s,c_clm_2015_5.pdf,compartido
autonomous_2015_05,2015,Cortes de Castilla-La Mancha,Castilla-La Mancha,Toledo,4,MARÍA ESTRELLA BUENO GONZÁLEZ,Mujer,TRUE,FALSE,Cs,FALSE,,CIUDADANOS-PARTIDO DE LA CIUDADANIA,C’s,c_clm_2015_5.pdf,compartido
autonomous_2015_05,2015,Cortes de Castilla-La Mancha,Castilla-La Mancha,Toledo,5,RAFAEL CANO GARCÍA,Hombre,TRUE,FALSE,Cs,FALSE,,CIUDADANOS-PARTIDO DE LA CIUDADANIA,C’s,c_clm_2015_5.pdf,compartido
autonomous_2015_05,2015,Cortes de Castilla-La Mancha,Castilla-La Mancha,Toledo,6,MARÍA FELISA MORENO MARTÍN-NIETO,Mujer,TRUE,FALSE,Cs,FALSE,,CIUDADANOS-PARTIDO DE LA CIUDADANIA,C’s,c_clm_2015_5.pdf,compartido
autonomous_2015_05,2015,Cortes de Castilla-La Mancha,Castilla-La Mancha,Toledo,7,MIGUEL MILLÁN TIRADO,Hombre,TRUE,FALSE,Cs,FALSE,,CIUDADANOS-PARTIDO DE LA CIUDADANIA,C’s,c_clm_2015_5.pdf,compartido
autonomous_2015_05,2015,Cortes de Castilla-La Mancha,Castilla-La Mancha,Toledo,8,MARÍA DEL MAR RAMÉ MIGUEL,Mujer,TRUE,FALSE,Cs,FALSE,,CIUDADANOS-PARTIDO DE LA CIUDADANIA,C’s,c_clm_2015_5.pdf,compartido
autonomous_2015_05,2015,Cortes de Castilla-La Mancha,Castilla-La Mancha,Toledo,9,JORGE FERNANDEZ TORRES,Hombre,TRUE,FALSE,Cs,FALSE,,CIUDADANOS-PARTIDO DE LA CIUDADANIA,C’s,c_clm_2015_5.pdf,compartido
autonomous_2015_05,2015,Cortes de Castilla-La Mancha,Castilla-La Mancha,Toledo,1,MARIA MERCEDES VILLA RUS,Mujer,FALSE,FALSE,Cs,FALSE,,CIUDADANOS-PARTIDO DE LA CIUDADANIA,C’s,c_clm_2015_5.pdf,compartido
autonomous_2015_05,2015,Cortes de Castilla-La Mancha,Castilla-La Mancha,Toledo,2,DAVID MUÑOZ ZAPATA,Hombre,FALSE,FALSE,Cs,FALSE,,CIUDADANOS-PARTIDO DE LA CIUDADANIA,C’s,c_clm_2015_5.pdf,compartido
autonomous_2015_05,2015,Cortes de Castilla-La Mancha,Castilla-La Mancha,Toledo,3,JUDITH LARA PALAMORES,Mujer,FALSE,FALSE,Cs,FALSE,,CIUDADANOS-PARTIDO DE LA CIUDADANIA,C’s,c_clm_2015_5.pdf,compartido
autonomous_2015_05,2015,Corts Valencianes,Comunidad Valenciana,Valencia,1,CAROLINA CLARA PUNSET BANNEL,Mujer,TRUE,TRUE,Cs,FALSE,,CIUDADANOS-PARTIDO DE LA,,c_val_2015.pdf,dirigido:candnum
autonomous_2015_05,2015,Corts Valencianes,Comunidad Valenciana,Valencia,2,ALEXIS FREDERIC MARÍ MALONDA,Hombre,TRUE,TRUE,Cs,FALSE,,CIUDADANOS-PARTIDO DE LA,,c_val_2015.pdf,dirigido:candnum
autonomous_2015_05,2015,Corts Valencianes,Comunidad Valenciana,Valencia,3,JUAN GINES CÓRDOBA CORTIJO,Hombre,TRUE,TRUE,Cs,FALSE,,CIUDADANOS-PARTIDO DE LA,,c_val_2015.pdf,dirigido:candnum
autonomous_2015_05,2015,Corts Valencianes,Comunidad Valenciana,Valencia,4,ANTONIO SUBIELA CHICO,Hombre,TRUE,TRUE,Cs,FALSE,,CIUDADANOS-PARTIDO DE LA,,c_val_2015.pdf,dirigido:candnum
autonomous_2015_05,2015,Corts Valencianes,Comunidad Valenciana,Valencia,5,MARIA JOSÉ GARCIA JIMENEZ,Mujer,TRUE,TRUE,Cs,FALSE,,CIUDADANOS-PARTIDO DE LA,,c_val_2015.pdf,dirigido:candnum
autonomous_2015_05,2015,Corts Valencianes,Comunidad Valenciana,Valencia,6,DOMINGO ROJO SÁNCHEZ,Hombre,TRUE,FALSE,Cs,FALSE,,CIUDADANOS-PARTIDO DE LA,,c_val_2015.pdf,dirigido:candnum
autonomous_2015_05,2015,Corts Valencianes,Comunidad Valenciana,Valencia,7,MARÍA JESÚS ROIG BUENO,Mujer,TRUE,FALSE,Cs,FALSE,,CIUDADANOS-PARTIDO DE LA,,c_val_2015.pdf,dirigido:candnum
autonomous_2015_05,2015,Corts Valencianes,Comunidad Valenciana,Valencia,8,JACINTO CARLOS PLEGUEZUELO MOYA,Hombre,TRUE,FALSE,Cs,FALSE,,CIUDADANOS-PARTIDO DE LA,,c_val_2015.pdf,dirigido:candnum
autonomous_2015_05,2015,Corts Valencianes,Comunidad Valenciana,Valencia,9,VICENTE TEN OLIVER,Hombre,TRUE,FALSE,Cs,FALSE,,CIUDADANOS-PARTIDO DE LA,,c_val_2015.pdf,dirigido:candnum
autonomous_2015_05,2015,Corts Valencianes,Comunidad Valenciana,Valencia,10,Mª DOLORES ORTIZ PASTOR,Mujer,TRUE,FALSE,Cs,FALSE,,CIUDADANOS-PARTIDO DE LA,,c_val_2015.pdf,dirigido:candnum
autonomous_2015_05,2015,Corts Valencianes,Comunidad Valenciana,Valencia,11,JUAN DOMINGO MUÑOZ ESTEPA,Hombre,TRUE,FALSE,Cs,FALSE,,CIUDADANOS-PARTIDO DE LA,,c_val_2015.pdf,dirigido:candnum
autonomous_2015_05,2015,Corts Valencianes,Comunidad Valenciana,Valencia,12,ALBERTO BORONAT LLUCH,Hombre,TRUE,FALSE,Cs,FALSE,,CIUDADANOS-PARTIDO DE LA,,c_val_2015.pdf,dirigido:candnum
autonomous_2015_05,2015,Corts Valencianes,Comunidad Valenciana,Valencia,13,MANUEL JOSÉ MARÍ ORTEGA,Hombre,TRUE,FALSE,Cs,FALSE,,CIUDADANOS-PARTIDO DE LA,,c_val_2015.pdf,dirigido:candnum
autonomous_2015_05,2015,Corts Valencianes,Comunidad Valenciana,Valencia,14,MARIA JOSÉ CAPILLA GIMÉNEZ,Mujer,TRUE,FALSE,Cs,FALSE,,CIUDADANOS-PARTIDO DE LA,,c_val_2015.pdf,dirigido:candnum
autonomous_2015_05,2015,Corts Valencianes,Comunidad Valenciana,Valencia,15,ARACELI ROSA ANA DUART HERRERO,Mujer,TRUE,FALSE,Cs,FALSE,,CIUDADANOS-PARTIDO DE LA,,c_val_2015.pdf,dirigido:candnum
autonomous_2015_05,2015,Corts Valencianes,Comunidad Valenciana,Valencia,16,LUIS ARQUILLOS CRUZ,Hombre,TRUE,FALSE,Cs,FALSE,,CIUDADANOS-PARTIDO DE LA,,c_val_2015.pdf,dirigido:candnum
autonomous_2015_05,2015,Corts Valencianes,Comunidad Valenciana,Valencia,17,JUAN MIGUEL CEBRIAN BORJA,Hombre,TRUE,FALSE,Cs,FALSE,,CIUDADANOS-PARTIDO DE LA,,c_val_2015.pdf,dirigido:candnum
autonomous_2015_05,2015,Corts Valencianes,Comunidad Valenciana,Valencia,18,CIRO VICENTE PALMER PASCUAL,Hombre,TRUE,FALSE,Cs,FALSE,,CIUDADANOS-PARTIDO DE LA,,c_val_2015.pdf,dirigido:candnum
autonomous_2015_05,2015,Corts Valencianes,Comunidad Valenciana,Valencia,19,MARIA JOSEFA LLOPIS PONS,Mujer,TRUE,FALSE,Cs,FALSE,,CIUDADANOS-PARTIDO DE LA,,c_val_2015.pdf,dirigido:candnum
autonomous_2015_05,2015,Corts Valencianes,Comunidad Valenciana,Valencia,20,VANESA LÓPEZ GUIJARRO,Mujer,TRUE,FALSE,Cs,FALSE,,CIUDADANOS-PARTIDO DE LA,,c_val_2015.pdf,dirigido:candnum
autonomous_2015_05,2015,Corts Valencianes,Comunidad Valenciana,Valencia,21,DANIEL SOLER LEÓN,Hombre,TRUE,FALSE,Cs,FALSE,,CIUDADANOS-PARTIDO DE LA,,c_val_2015.pdf,dirigido:candnum
autonomous_2015_05,2015,Corts Valencianes,Comunidad Valenciana,Valencia,22,RICARDO SELFA IBÁÑEZ,Hombre,TRUE,FALSE,Cs,FALSE,,CIUDADANOS-PARTIDO DE LA,,c_val_2015.pdf,dirigido:candnum
autonomous_2015_05,2015,Corts Valencianes,Comunidad Valenciana,Valencia,23,FERNANDO JAVIER FELTRER MURILLO,Hombre,TRUE,FALSE,Cs,FALSE,,CIUDADANOS-PARTIDO DE LA,,c_val_2015.pdf,dirigido:candnum
autonomous_2015_05,2015,Corts Valencianes,Comunidad Valenciana,Valencia,24,CRISTINA GIMÉNEZ AGUILAR,Mujer,TRUE,FALSE,Cs,FALSE,,CIUDADANOS-PARTIDO DE LA,,c_val_2015.pdf,dirigido:candnum
autonomous_2015_05,2015,Corts Valencianes,Comunidad Valenciana,Valencia,25,MARIA DOLORES TOLOSA GARCÍA,Mujer,TRUE,FALSE,Cs,FALSE,,CIUDADANOS-PARTIDO DE LA,,c_val_2015.pdf,dirigido:candnum
autonomous_2015_05,2015,Corts Valencianes,Comunidad Valenciana,Valencia,26,SALVADOR MONTESINOS ZAMORANO,Hombre,TRUE,FALSE,Cs,FALSE,,CIUDADANOS-PARTIDO DE LA,,c_val_2015.pdf,dirigido:candnum
autonomous_2015_05,2015,Corts Valencianes,Comunidad Valenciana,Valencia,27,JOSE VICENTE GIMÉNEZ ALONSO,Hombre,TRUE,FALSE,Cs,FALSE,,CIUDADANOS-PARTIDO DE LA,,c_val_2015.pdf,dirigido:candnum
autonomous_2015_05,2015,Corts Valencianes,Comunidad Valenciana,Valencia,28,FERNANDO JUAN MULAS DELGADO,Hombre,TRUE,FALSE,Cs,FALSE,,CIUDADANOS-PARTIDO DE LA,,c_val_2015.pdf,dirigido:candnum
autonomous_2015_05,2015,Corts Valencianes,Comunidad Valenciana,Valencia,29,CELIA FUENSANTA BELTRÁN ALBI,Mujer,TRUE,FALSE,Cs,FALSE,,CIUDADANOS-PARTIDO DE LA,,c_val_2015.pdf,dirigido:candnum
autonomous_2015_05,2015,Corts Valencianes,Comunidad Valenciana,Valencia,30,ANA SOFIA LOPERA SANTAMARÍA,Mujer,TRUE,FALSE,Cs,FALSE,,CIUDADANOS-PARTIDO DE LA,,c_val_2015.pdf,dirigido:candnum
autonomous_2015_05,2015,Corts Valencianes,Comunidad Valenciana,Valencia,31,ANDRÉS TATAY HUICI,Hombre,TRUE,FALSE,Cs,FALSE,,CIUDADANOS-PARTIDO DE LA,,c_val_2015.pdf,dirigido:candnum
autonomous_2015_05,2015,Corts Valencianes,Comunidad Valenciana,Valencia,32,FRANCISCO JAÉN GARCÍA,Hombre,TRUE,FALSE,Cs,FALSE,,CIUDADANOS-PARTIDO DE LA,,c_val_2015.pdf,dirigido:candnum
autonomous_2015_05,2015,Corts Valencianes,Comunidad Valenciana,Valencia,33,FRANCISCO JAVIER MARÍ VENTURA,Hombre,TRUE,FALSE,Cs,FALSE,,CIUDADANOS-PARTIDO DE LA,,c_val_2015.pdf,dirigido:candnum
autonomous_2015_05,2015,Corts Valencianes,Comunidad Valenciana,Valencia,34,DESAMPARADOS ALABORT CUENCA,Mujer,TRUE,FALSE,Cs,FALSE,,CIUDADANOS-PARTIDO DE LA,,c_val_2015.pdf,dirigido:candnum
autonomous_2015_05,2015,Corts Valencianes,Comunidad Valenciana,Valencia,35,JOSEFA DELHOM VALERO,Mujer,TRUE,FALSE,Cs,FALSE,,CIUDADANOS-PARTIDO DE LA,,c_val_2015.pdf,dirigido:candnum
autonomous_2015_05,2015,Corts Valencianes,Comunidad Valenciana,Valencia,36,RUBÉN RÓDENAS TORMO,Hombre,TRUE,FALSE,Cs,FALSE,,CIUDADANOS-PARTIDO DE LA,,c_val_2015.pdf,dirigido:candnum
autonomous_2015_05,2015,Corts Valencianes,Comunidad Valenciana,Valencia,37,SENTO RODRÍGUEZ COTANDA,Hombre,TRUE,FALSE,Cs,FALSE,,CIUDADANOS-PARTIDO DE LA,,c_val_2015.pdf,dirigido:candnum
autonomous_2015_05,2015,Corts Valencianes,Comunidad Valenciana,Valencia,38,VICENTE ALMENAR MARTÍNEZ,Hombre,TRUE,FALSE,Cs,FALSE,,CIUDADANOS-PARTIDO DE LA,,c_val_2015.pdf,dirigido:candnum
autonomous_2015_05,2015,Corts Valencianes,Comunidad Valenciana,Valencia,39,DOLORES DURÁN MACIAS,Mujer,TRUE,FALSE,Cs,FALSE,,CIUDADANOS-PARTIDO DE LA,,c_val_2015.pdf,dirigido:candnum
autonomous_2015_05,2015,Corts Valencianes,Comunidad Valenciana,Valencia,40,MARÍA LUÍSA MARÍN NAVARRO,Mujer,TRUE,FALSE,Cs,FALSE,,CIUDADANOS-PARTIDO DE LA,,c_val_2015.pdf,dirigido:candnum
autonomous_2015_05,2015,Corts Valencianes,Comunidad Valenciana,Valencia,1,FRANCISCO MANUEL MUÑOZ GARCÍA,Hombre,FALSE,FALSE,Cs,FALSE,,CIUDADANOS-PARTIDO DE LA,,c_val_2015.pdf,dirigido:candnum
autonomous_2015_05,2015,Corts Valencianes,Comunidad Valenciana,Valencia,2,JORGE JESÚS IBÁÑEZ BENLLOCH,Hombre,FALSE,FALSE,Cs,FALSE,,CIUDADANOS-PARTIDO DE LA,,c_val_2015.pdf,dirigido:candnum
autonomous_2015_05,2015,Corts Valencianes,Comunidad Valenciana,Valencia,3,JOSÉ SALVADOR MURGUI SORIANO,Hombre,FALSE,FALSE,Cs,FALSE,,CIUDADANOS-PARTIDO DE LA,,c_val_2015.pdf,dirigido:candnum
autonomous_2015_05,2015,Corts Valencianes,Comunidad Valenciana,Valencia,4,VANESA GALERA SEPÚLVEDA,Mujer,FALSE,FALSE,Cs,FALSE,,CIUDADANOS-PARTIDO DE LA,,c_val_2015.pdf,dirigido:candnum
autonomous_2015_05,2015,Corts Valencianes,Comunidad Valenciana,Valencia,5,MARÍA DEL CARMEN FERNÁNDEZ SALCEDO,Mujer,FALSE,FALSE,Cs,FALSE,,CIUDADANOS-PARTIDO DE LA,,c_val_2015.pdf,dirigido:candnum
autonomous_2015_05,2015,Corts Valencianes,Comunidad Valenciana,Valencia,6,MARÍA JOSÉ MIQUEL ALCAMÍ,Mujer,FALSE,FALSE,Cs,FALSE,,CIUDADANOS-PARTIDO DE LA,,c_val_2015.pdf,dirigido:candnum
autonomous_2015_05,2015,Cortes de Castilla y León,Castilla y Leon,Valladolid,1,LUIS FUENTES RODRIGUEZ,Hombre,TRUE,TRUE,Cs,FALSE,,CIUDADANOS-PARTIDO DE LA CIUDADANIA,C’s,jec_cyl_2015.pdf,compartido
autonomous_2015_05,2015,Cortes de Castilla y León,Castilla y Leon,Valladolid,2,MIGUEL ANGEL GONZÁLEZ RODRIGO,Hombre,TRUE,FALSE,Cs,FALSE,,CIUDADANOS-PARTIDO DE LA CIUDADANIA,C’s,jec_cyl_2015.pdf,compartido
autonomous_2015_05,2015,Cortes de Castilla y León,Castilla y Leon,Valladolid,3,PABLO YAÑEZ GONZÁLEZ,Hombre,TRUE,FALSE,Cs,FALSE,,CIUDADANOS-PARTIDO DE LA CIUDADANIA,C’s,jec_cyl_2015.pdf,compartido
autonomous_2015_05,2015,Cortes de Castilla y León,Castilla y Leon,Valladolid,4,MARIA ANGELES RINCÓN BAJO,Mujer,TRUE,FALSE,Cs,FALSE,,CIUDADANOS-PARTIDO DE LA CIUDADANIA,C’s,jec_cyl_2015.pdf,compartido
autonomous_2015_05,2015,Cortes de Castilla y León,Castilla y Leon,Valladolid,5,MARIA DE LAS NIEVES CASTAÑO GARCÍA,Mujer,TRUE,FALSE,Cs,FALSE,,CIUDADANOS-PARTIDO DE LA CIUDADANIA,C’s,jec_cyl_2015.pdf,compartido
autonomous_2015_05,2015,Cortes de Castilla y León,Castilla y Leon,Valladolid,6,PEDRO BARDISA LÓPEZ,Hombre,TRUE,FALSE,Cs,FALSE,,CIUDADANOS-PARTIDO DE LA CIUDADANIA,C’s,jec_cyl_2015.pdf,compartido
autonomous_2015_05,2015,Cortes de Castilla y León,Castilla y Leon,Valladolid,7,MARÍA DEL PILAR VICENTE TOMÁS,Mujer,TRUE,FALSE,Cs,FALSE,,CIUDADANOS-PARTIDO DE LA CIUDADANIA,C’s,jec_cyl_2015.pdf,compartido
autonomous_2015_05,2015,Cortes de Castilla y León,Castilla y Leon,Valladolid,8,PABLO POMBO Y DÍEZ,Hombre,TRUE,FALSE,Cs,FALSE,,CIUDADANOS-PARTIDO DE LA CIUDADANIA,C’s,jec_cyl_2015.pdf,compartido
autonomous_2015_05,2015,Cortes de Castilla y León,Castilla y Leon,Valladolid,9,FRANCISCO JAVIER VECINO GONZÁLEZ,Hombre,TRUE,FALSE,Cs,FALSE,,CIUDADANOS-PARTIDO DE LA CIUDADANIA,C’s,jec_cyl_2015.pdf,compartido
autonomous_2015_05,2015,Cortes de Castilla y León,Castilla y Leon,Valladolid,10,MÓNICA SÁNCHEZ FERNÁNDEZ,Mujer,TRUE,FALSE,Cs,FALSE,,CIUDADANOS-PARTIDO DE LA CIUDADANIA,C’s,jec_cyl_2015.pdf,compartido
autonomous_2015_05,2015,Cortes de Castilla y León,Castilla y Leon,Valladolid,11,CARLOS SIGÜENZA TORRADO,Hombre,TRUE,FALSE,Cs,FALSE,,CIUDADANOS-PARTIDO DE LA CIUDADANIA,C’s,jec_cyl_2015.pdf,compartido
autonomous_2015_05,2015,Cortes de Castilla y León,Castilla y Leon,Valladolid,12,MARINA MOJEDANO CORCHADO,Mujer,TRUE,FALSE,Cs,FALSE,,CIUDADANOS-PARTIDO DE LA CIUDADANIA,C’s,jec_cyl_2015.pdf,compartido
autonomous_2015_05,2015,Cortes de Castilla y León,Castilla y Leon,Valladolid,13,JOSÉ RAFAEL VELASCO RIVERO,Hombre,TRUE,FALSE,Cs,FALSE,,CIUDADANOS-PARTIDO DE LA CIUDADANIA,C’s,jec_cyl_2015.pdf,compartido
autonomous_2015_05,2015,Cortes de Castilla y León,Castilla y Leon,Valladolid,14,ISABEL JIMÉNEZ PARRA,Mujer,TRUE,FALSE,Cs,FALSE,,CIUDADANOS-PARTIDO DE LA CIUDADANIA,C’s,jec_cyl_2015.pdf,compartido
autonomous_2015_05,2015,Cortes de Castilla y León,Castilla y Leon,Valladolid,15,MANUEL JOSÉ ORIOL SOLER MARTÍNEZ,Hombre,TRUE,FALSE,Cs,FALSE,,CIUDADANOS-PARTIDO DE LA CIUDADANIA,C’s,jec_cyl_2015.pdf,compartido
autonomous_2015_05,2015,Cortes de Castilla y León,Castilla y Leon,Valladolid,1,LUIS ANTONIO BALADRÓN RICO,Hombre,FALSE,FALSE,Cs,FALSE,,CIUDADANOS-PARTIDO DE LA CIUDADANIA,C’s,jec_cyl_2015.pdf,compartido
autonomous_2015_05,2015,Cortes de Castilla y León,Castilla y Leon,Valladolid,2,MARÍA GONZÁLEZ VILLACORTA,Mujer,FALSE,FALSE,Cs,FALSE,,CIUDADANOS-PARTIDO DE LA CIUDADANIA,C’s,jec_cyl_2015.pdf,compartido
autonomous_2015_05,2015,Cortes de Castilla y León,Castilla y Leon,Valladolid,3,BEATRIZ GARCÍA FERNÁNDEZ CV: BOCYL-D-28042015-1 Núm. 79,Mujer,FALSE,FALSE,Cs,FALSE,,CIUDADANOS-PARTIDO DE LA CIUDADANIA,C’s,jec_cyl_2015.pdf,compartido
autonomous_2015_05,2015,Cortes de Castilla y León,Castilla y Leon,Zamora,1,ROCÍO FERNÁNDEZ COLINO,Mujer,TRUE,FALSE,Cs,FALSE,,CIUDADANOS-PARTIDO DE LA CIUDADANIA,C’s,jec_cyl_2015.pdf,compartido
autonomous_2015_05,2015,Cortes de Castilla y León,Castilla y Leon,Zamora,2,JULIÁN BARBA HERNÁNDEZ,Hombre,TRUE,FALSE,Cs,FALSE,,CIUDADANOS-PARTIDO DE LA CIUDADANIA,C’s,jec_cyl_2015.pdf,compartido
autonomous_2015_05,2015,Cortes de Castilla y León,Castilla y Leon,Zamora,3,MARÍA CONSUELO MORÁN ASTORGA,Mujer,TRUE,FALSE,Cs,FALSE,,CIUDADANOS-PARTIDO DE LA CIUDADANIA,C’s,jec_cyl_2015.pdf,compartido
autonomous_2015_05,2015,Cortes de Castilla y León,Castilla y Leon,Zamora,4,JOSÉ FLORES BERNARDO,Hombre,TRUE,FALSE,Cs,FALSE,,CIUDADANOS-PARTIDO DE LA CIUDADANIA,C’s,jec_cyl_2015.pdf,compartido
autonomous_2015_05,2015,Cortes de Castilla y León,Castilla y Leon,Zamora,5,JOSÉ VICENTE MAÑANES BLANCO,Hombre,TRUE,FALSE,Cs,FALSE,,CIUDADANOS-PARTIDO DE LA CIUDADANIA,C’s,jec_cyl_2015.pdf,compartido
autonomous_2015_05,2015,Cortes de Castilla y León,Castilla y Leon,Zamora,6,RUTH MIGUEZ FERRERO,Mujer,TRUE,FALSE,Cs,FALSE,,CIUDADANOS-PARTIDO DE LA CIUDADANIA,C’s,jec_cyl_2015.pdf,compartido
autonomous_2015_05,2015,Cortes de Castilla y León,Castilla y Leon,Zamora,7,FELIPE SÁNCHEZ BERMEJO,Hombre,TRUE,FALSE,Cs,FALSE,,CIUDADANOS-PARTIDO DE LA CIUDADANIA,C’s,jec_cyl_2015.pdf,compartido
autonomous_2015_05,2015,Cortes de Castilla y León,Castilla y Leon,Zamora,1,VALENTÍN IGLESIAS SÁNCHEZ,Hombre,FALSE,FALSE,Cs,FALSE,,CIUDADANOS-PARTIDO DE LA CIUDADANIA,C’s,jec_cyl_2015.pdf,compartido
autonomous_2015_05,2015,Cortes de Castilla y León,Castilla y Leon,Zamora,2,MARÍA DE LOS REYES MERCHÁN GONZÁLEZ,Mujer,FALSE,FALSE,Cs,FALSE,,CIUDADANOS-PARTIDO DE LA CIUDADANIA,C’s,jec_cyl_2015.pdf,compartido
autonomous_2015_05,2015,Cortes de Castilla y León,Castilla y Leon,Zamora,3,MIGUEL ÁNGEL PIORNO BRIOSO,Hombre,FALSE,FALSE,Cs,FALSE,,CIUDADANOS-PARTIDO DE LA CIUDADANIA,C’s,jec_cyl_2015.pdf,compartido
autonomous_2015_05,2015,Cortes de Aragón,Aragon,Zaragoza,1,SUSANA GASPAR MARTINEZ,Mujer,TRUE,TRUE,Cs,FALSE,,CIUDADANOS-PARTIDO DE LA CIUDADANIA,C’s,c_ara_2015.pdf,compartido
autonomous_2015_05,2015,Cortes de Aragón,Aragon,Zaragoza,2,JOSE JAVIER MARTINEZ ROMERO,Hombre,TRUE,TRUE,Cs,FALSE,,CIUDADANOS-PARTIDO DE LA CIUDADANIA,C’s,c_ara_2015.pdf,compartido
autonomous_2015_05,2015,Cortes de Aragón,Aragon,Zaragoza,3,JOSE LUIS JUSTE AZNAR,Hombre,TRUE,TRUE,Cs,FALSE,,CIUDADANOS-PARTIDO DE LA CIUDADANIA,C’s,c_ara_2015.pdf,compartido
autonomous_2015_05,2015,Cortes de Aragón,Aragon,Zaragoza,4,SUSANA GARRIDO ALCOBER,Mujer,TRUE,FALSE,Cs,FALSE,,CIUDADANOS-PARTIDO DE LA CIUDADANIA,C’s,c_ara_2015.pdf,compartido
autonomous_2015_05,2015,Cortes de Aragón,Aragon,Zaragoza,5,DESEADA PESCADOR SALUEÑA,Mujer,TRUE,FALSE,Cs,FALSE,,CIUDADANOS-PARTIDO DE LA CIUDADANIA,C’s,c_ara_2015.pdf,compartido
autonomous_2015_05,2015,Cortes de Aragón,Aragon,Zaragoza,6,CARLOS APARICIO TEJEDOR,Hombre,TRUE,FALSE,Cs,FALSE,,CIUDADANOS-PARTIDO DE LA CIUDADANIA,C’s,c_ara_2015.pdf,compartido
autonomous_2015_05,2015,Cortes de Aragón,Aragon,Zaragoza,7,RAMON JOSE GIL CASAJUS,Hombre,TRUE,FALSE,Cs,FALSE,,CIUDADANOS-PARTIDO DE LA CIUDADANIA,C’s,c_ara_2015.pdf,compartido
autonomous_2015_05,2015,Cortes de Aragón,Aragon,Zaragoza,8,JESUS FELIX GUILLEN BERNAD,Hombre,TRUE,FALSE,Cs,FALSE,,CIUDADANOS-PARTIDO DE LA CIUDADANIA,C’s,c_ara_2015.pdf,compartido
autonomous_2015_05,2015,Cortes de Aragón,Aragon,Zaragoza,9,PATRICIA MARCO LOZANO,Mujer,TRUE,FALSE,Cs,FALSE,,CIUDADANOS-PARTIDO DE LA CIUDADANIA,C’s,c_ara_2015.pdf,compartido
autonomous_2015_05,2015,Cortes de Aragón,Aragon,Zaragoza,10,MARIA TERESA VILLASEÑOR OROZCO,Mujer,TRUE,FALSE,Cs,FALSE,,CIUDADANOS-PARTIDO DE LA CIUDADANIA,C’s,c_ara_2015.pdf,compartido
autonomous_2015_05,2015,Cortes de Aragón,Aragon,Zaragoza,11,JOSE IGNACIO ESCUDERO ARTEAGA,Hombre,TRUE,FALSE,Cs,FALSE,,CIUDADANOS-PARTIDO DE LA CIUDADANIA,C’s,c_ara_2015.pdf,compartido
autonomous_2015_05,2015,Cortes de Aragón,Aragon,Zaragoza,12,JOSE HUESO NAVARRO,Hombre,TRUE,FALSE,Cs,FALSE,,CIUDADANOS-PARTIDO DE LA CIUDADANIA,C’s,c_ara_2015.pdf,compartido
autonomous_2015_05,2015,Cortes de Aragón,Aragon,Zaragoza,13,OLGA MORENO MAZA,Mujer,TRUE,FALSE,Cs,FALSE,,CIUDADANOS-PARTIDO DE LA CIUDADANIA,C’s,c_ara_2015.pdf,compartido
autonomous_2015_05,2015,Cortes de Aragón,Aragon,Zaragoza,14,MARIA DEL PILAR ROYO CARRETE,Mujer,TRUE,FALSE,Cs,FALSE,,CIUDADANOS-PARTIDO DE LA CIUDADANIA,C’s,c_ara_2015.pdf,compartido
autonomous_2015_05,2015,Cortes de Aragón,Aragon,Zaragoza,15,ANGEL VICENTE MOLINERO,Hombre,TRUE,FALSE,Cs,FALSE,,CIUDADANOS-PARTIDO DE LA CIUDADANIA,C’s,c_ara_2015.pdf,compartido
autonomous_2015_05,2015,Cortes de Aragón,Aragon,Zaragoza,16,PEDRO JAVIER TORRIJO VALERO,Hombre,TRUE,FALSE,Cs,FALSE,,CIUDADANOS-PARTIDO DE LA CIUDADANIA,C’s,c_ara_2015.pdf,compartido
autonomous_2015_05,2015,Cortes de Aragón,Aragon,Zaragoza,17,MARIANO JAVIER MARCEN CASTAN,Hombre,TRUE,FALSE,Cs,FALSE,,CIUDADANOS-PARTIDO DE LA CIUDADANIA,C’s,c_ara_2015.pdf,compartido
autonomous_2015_05,2015,Cortes de Aragón,Aragon,Zaragoza,18,NOELIA CIFUENTES CHUECA,Mujer,TRUE,FALSE,Cs,FALSE,,CIUDADANOS-PARTIDO DE LA CIUDADANIA,C’s,c_ara_2015.pdf,compartido
autonomous_2015_05,2015,Cortes de Aragón,Aragon,Zaragoza,19,MARIA PILAR LLAMAS BINABURO,Mujer,TRUE,FALSE,Cs,FALSE,,CIUDADANOS-PARTIDO DE LA CIUDADANIA,C’s,c_ara_2015.pdf,compartido
autonomous_2015_05,2015,Cortes de Aragón,Aragon,Zaragoza,20,CARLOS CABALLERO BAZAN,Hombre,TRUE,FALSE,Cs,FALSE,,CIUDADANOS-PARTIDO DE LA CIUDADANIA,C’s,c_ara_2015.pdf,compartido
autonomous_2015_05,2015,Cortes de Aragón,Aragon,Zaragoza,21,CONRADO GAYAN ALIACAR,Hombre,TRUE,FALSE,Cs,FALSE,,CIUDADANOS-PARTIDO DE LA CIUDADANIA,C’s,c_ara_2015.pdf,compartido
autonomous_2015_05,2015,Cortes de Aragón,Aragon,Zaragoza,22,MIGUEL CERVERA MONZO,Hombre,TRUE,FALSE,Cs,FALSE,,CIUDADANOS-PARTIDO DE LA CIUDADANIA,C’s,c_ara_2015.pdf,compartido
autonomous_2015_05,2015,Cortes de Aragón,Aragon,Zaragoza,23,FRANCISCO JAVIER GOMEZ SAEZ,Hombre,TRUE,FALSE,Cs,FALSE,,CIUDADANOS-PARTIDO DE LA CIUDADANIA,C’s,c_ara_2015.pdf,compartido
autonomous_2015_05,2015,Cortes de Aragón,Aragon,Zaragoza,24,AURORA AGUIRRE COLLADO,Mujer,TRUE,FALSE,Cs,FALSE,,CIUDADANOS-PARTIDO DE LA CIUDADANIA,C’s,c_ara_2015.pdf,compartido
autonomous_2015_05,2015,Cortes de Aragón,Aragon,Zaragoza,25,MARIA MONTOJO MAGRO,Mujer,TRUE,FALSE,Cs,FALSE,,CIUDADANOS-PARTIDO DE LA CIUDADANIA,C’s,c_ara_2015.pdf,compartido
autonomous_2015_05,2015,Cortes de Aragón,Aragon,Zaragoza,26,JOSE CACHO CACHO,Hombre,TRUE,FALSE,Cs,FALSE,,CIUDADANOS-PARTIDO DE LA CIUDADANIA,C’s,c_ara_2015.pdf,compartido
autonomous_2015_05,2015,Cortes de Aragón,Aragon,Zaragoza,27,ANTONIO MANUEL GUIU PUEYO,Hombre,TRUE,FALSE,Cs,FALSE,,CIUDADANOS-PARTIDO DE LA CIUDADANIA,C’s,c_ara_2015.pdf,compartido
autonomous_2015_05,2015,Cortes de Aragón,Aragon,Zaragoza,28,CINTA VERGES DIEZ csv: BOA20150428024 Núm. 79,Mujer,TRUE,FALSE,Cs,FALSE,,CIUDADANOS-PARTIDO DE LA CIUDADANIA,C’s,c_ara_2015.pdf,compartido
autonomous_2015_05,2015,Cortes de Aragón,Aragon,Zaragoza,29,MARIA PILAR CLEMENTE MARTIN,Mujer,TRUE,FALSE,Cs,FALSE,,CIUDADANOS-PARTIDO DE LA CIUDADANIA,C’s,c_ara_2015.pdf,compartido
autonomous_2015_05,2015,Cortes de Aragón,Aragon,Zaragoza,30,RAMON SELLES CALABUIG,Hombre,TRUE,FALSE,Cs,FALSE,,CIUDADANOS-PARTIDO DE LA CIUDADANIA,C’s,c_ara_2015.pdf,compartido
autonomous_2015_05,2015,Cortes de Aragón,Aragon,Zaragoza,31,JUAN CARLOS FLORIA GIMENO,Hombre,TRUE,FALSE,Cs,FALSE,,CIUDADANOS-PARTIDO DE LA CIUDADANIA,C’s,c_ara_2015.pdf,compartido
autonomous_2015_05,2015,Cortes de Aragón,Aragon,Zaragoza,32,JOSE IGNACIO BROTO ESTALLO,Hombre,TRUE,FALSE,Cs,FALSE,,CIUDADANOS-PARTIDO DE LA CIUDADANIA,C’s,c_ara_2015.pdf,compartido
autonomous_2015_05,2015,Cortes de Aragón,Aragon,Zaragoza,33,BLANCA CEBOLLADA LORENTE,Mujer,TRUE,FALSE,Cs,FALSE,,CIUDADANOS-PARTIDO DE LA CIUDADANIA,C’s,c_ara_2015.pdf,compartido
autonomous_2015_05,2015,Cortes de Aragón,Aragon,Zaragoza,34,MARIA TRINIDAD ARIAS FERRERO,Mujer,TRUE,FALSE,Cs,FALSE,,CIUDADANOS-PARTIDO DE LA CIUDADANIA,C’s,c_ara_2015.pdf,compartido
autonomous_2015_05,2015,Cortes de Aragón,Aragon,Zaragoza,35,LUIS BUENO ORTIN,Hombre,TRUE,FALSE,Cs,FALSE,,CIUDADANOS-PARTIDO DE LA CIUDADANIA,C’s,c_ara_2015.pdf,compartido
autonomous_2015_05,2015,Cortes de Aragón,Aragon,Zaragoza,1,ALEJANDRO CASADO TUREGANO,Hombre,FALSE,FALSE,Cs,FALSE,,CIUDADANOS-PARTIDO DE LA CIUDADANIA,C’s,c_ara_2015.pdf,compartido
autonomous_2015_05,2015,Cortes de Aragón,Aragon,Zaragoza,2,JOSE DE GREGORIO HERNANDEZ,Hombre,FALSE,FALSE,Cs,FALSE,,CIUDADANOS-PARTIDO DE LA CIUDADANIA,C’s,c_ara_2015.pdf,compartido
autonomous_2015_05,2015,Cortes de Aragón,Aragon,Zaragoza,3,ROCIO ARRIBAS POVES,Mujer,FALSE,FALSE,Cs,FALSE,,CIUDADANOS-PARTIDO DE LA CIUDADANIA,C’s,c_ara_2015.pdf,compartido
autonomous_2015_05,2015,Cortes de Aragón,Aragon,Zaragoza,4,MARIA BELEN JIMENEZ CABELLO,Mujer,FALSE,FALSE,Cs,FALSE,,CIUDADANOS-PARTIDO DE LA CIUDADANIA,C’s,c_ara_2015.pdf,compartido
autonomous_2015_05,2015,Cortes de Aragón,Aragon,Zaragoza,5,HECTOR DANIEL PASTOR LAINEZ,Hombre,FALSE,FALSE,Cs,FALSE,,CIUDADANOS-PARTIDO DE LA CIUDADANIA,C’s,c_ara_2015.pdf,compartido
autonomous_2015_05,2015,Cortes de Aragón,Aragon,Zaragoza,6,ALFONSO JUAN ROMAY CARRACEDO,Hombre,FALSE,FALSE,Cs,FALSE,,CIUDADANOS-PARTIDO DE LA CIUDADANIA,C’s,c_ara_2015.pdf,compartido
autonomous_2015_05,2015,Cortes de Aragón,Aragon,Zaragoza,7,SERGIO GILABERTE LOZANO,Hombre,FALSE,FALSE,Cs,FALSE,,CIUDADANOS-PARTIDO DE LA CIUDADANIA,C’s,c_ara_2015.pdf,compartido
autonomous_2015_05,2015,Cortes de Aragón,Aragon,Zaragoza,8,JESUS ANTONIO MUÑOZ LLORENTE,Hombre,FALSE,FALSE,Cs,FALSE,,CIUDADANOS-PARTIDO DE LA CIUDADANIA,C’s,c_ara_2015.pdf,compartido
autonomous_2015_05,2015,Cortes de Aragón,Aragon,Zaragoza,9,MARIA MAGDALENA MARTINEZ LATORRE,Mujer,FALSE,FALSE,Cs,FALSE,,CIUDADANOS-PARTIDO DE LA CIUDADANIA,C’s,c_ara_2015.pdf,compartido
autonomous_2015_05,2015,Cortes de Aragón,Aragon,Zaragoza,10,DINA URGEL CHUECA,Mujer,FALSE,FALSE,Cs,FALSE,,CIUDADANOS-PARTIDO DE LA CIUDADANIA,C’s,c_ara_2015.pdf,compartido
autonomous_2015_05,2015,Cortes de Castilla y León,Castilla y Leon,Ávila,1,MARIA BELEN ROSADO DIAGO,Mujer,TRUE,TRUE,Cs,FALSE,,CIUDADANOS-PARTIDO DE LA CIUDADANIA,C’s,jec_cyl_2015.pdf,compartido
autonomous_2015_05,2015,Cortes de Castilla y León,Castilla y Leon,Ávila,2,MIGUEL LUIS JIMENEZ RODRIGUEZ,Hombre,TRUE,FALSE,Cs,FALSE,,CIUDADANOS-PARTIDO DE LA CIUDADANIA,C’s,jec_cyl_2015.pdf,compartido
autonomous_2015_05,2015,Cortes de Castilla y León,Castilla y Leon,Ávila,3,MARGARITA MARIA LOPEZ PEREZ,Mujer,TRUE,FALSE,Cs,FALSE,,CIUDADANOS-PARTIDO DE LA CIUDADANIA,C’s,jec_cyl_2015.pdf,compartido
autonomous_2015_05,2015,Cortes de Castilla y León,Castilla y Leon,Ávila,4,PEDRO SIERRA GIL,Hombre,TRUE,FALSE,Cs,FALSE,,CIUDADANOS-PARTIDO DE LA CIUDADANIA,C’s,jec_cyl_2015.pdf,compartido
autonomous_2015_05,2015,Cortes de Castilla y León,Castilla y Leon,Ávila,5,BEATRIZ GALLEGO MARTIN,Mujer,TRUE,FALSE,Cs,FALSE,,CIUDADANOS-PARTIDO DE LA CIUDADANIA,C’s,jec_cyl_2015.pdf,compartido
autonomous_2015_05,2015,Cortes de Castilla y León,Castilla y Leon,Ávila,6,PEDRO CABRERO GARCIA,Hombre,TRUE,FALSE,Cs,FALSE,,CIUDADANOS-PARTIDO DE LA CIUDADANIA,C’s,jec_cyl_2015.pdf,compartido
autonomous_2015_05,2015,Cortes de Castilla y León,Castilla y Leon,Ávila,7,ANA MARIA MARTIN FERNANDEZ,Mujer,TRUE,FALSE,Cs,FALSE,,CIUDADANOS-PARTIDO DE LA CIUDADANIA,C’s,jec_cyl_2015.pdf,compartido
autonomous_2015_05,2015,Cortes de Castilla y León,Castilla y Leon,Ávila,1,MANUEL ALONSO JIMENEZ,Hombre,FALSE,FALSE,Cs,FALSE,,CIUDADANOS-PARTIDO DE LA CIUDADANIA,C’s,jec_cyl_2015.pdf,compartido
autonomous_2015_05,2015,Cortes de Castilla y León,Castilla y Leon,Ávila,2,YOLANDA SAN SEGUNDO DEL PESO,Mujer,FALSE,FALSE,Cs,FALSE,,CIUDADANOS-PARTIDO DE LA CIUDADANIA,C’s,jec_cyl_2015.pdf,compartido
autonomous_2015_05,2015,Cortes de Castilla y León,Castilla y Leon,Ávila,3,JONATAN ROSILLO SALINAS CV: BOCYL-D-28042015-1 Núm. 79,Hombre,FALSE,FALSE,Cs,FALSE,,CIUDADANOS-PARTIDO DE LA CIUDADANIA,C’s,jec_cyl_2015.pdf,compartido
autonomous_2015_09,2015,Parlament de Catalunya,Cataluna,Barcelona,1,Inés Arrimadas García,Mujer,TRUE,TRUE,Cs,FALSE,,CIUTADANS-PARTIDO DE LA CIUDADANÍA,C’s,c_cat_2015_bar.pdf,compartido
autonomous_2015_09,2015,Parlament de Catalunya,Cataluna,Barcelona,2,Carlos Carrizosa Torres,Hombre,TRUE,TRUE,Cs,FALSE,,CIUTADANS-PARTIDO DE LA CIUDADANÍA,C’s,c_cat_2015_bar.pdf,compartido
autonomous_2015_09,2015,Parlament de Catalunya,Cataluna,Barcelona,3,José María Espejo-Saavedra Conesa,Hombre,TRUE,TRUE,Cs,FALSE,,CIUTADANS-PARTIDO DE LA CIUDADANÍA,C’s,c_cat_2015_bar.pdf,compartido
autonomous_2015_09,2015,Parlament de Catalunya,Cataluna,Barcelona,4,Fernando Tomás de Páramo Gómez,Hombre,TRUE,TRUE,Cs,FALSE,,CIUTADANS-PARTIDO DE LA CIUDADANÍA,C’s,c_cat_2015_bar.pdf,compartido
autonomous_2015_09,2015,Parlament de Catalunya,Cataluna,Barcelona,5,Sonia Sierra Infante,Mujer,TRUE,TRUE,Cs,FALSE,,CIUTADANS-PARTIDO DE LA CIUDADANÍA,C’s,c_cat_2015_bar.pdf,compartido
autonomous_2015_09,2015,Parlament de Catalunya,Cataluna,Barcelona,6,Antonio Espinosa Cerrato,Hombre,TRUE,TRUE,Cs,FALSE,,CIUTADANS-PARTIDO DE LA CIUDADANÍA,C’s,c_cat_2015_bar.pdf,compartido
autonomous_2015_09,2015,Parlament de Catalunya,Cataluna,Barcelona,7,Francisco Javier Hervías Chirosa,Hombre,TRUE,TRUE,Cs,FALSE,,CIUTADANS-PARTIDO DE LA CIUDADANÍA,C’s,c_cat_2015_bar.pdf,compartido
autonomous_2015_09,2015,Parlament de Catalunya,Cataluna,Barcelona,8,Susana Beltrán García,Mujer,TRUE,TRUE,Cs,FALSE,,CIUTADANS-PARTIDO DE LA CIUDADANÍA,C’s,c_cat_2015_bar.pdf,compartido
autonomous_2015_09,2015,Parlament de Catalunya,Cataluna,Barcelona,9,David Mejía Ayra,Hombre,TRUE,TRUE,Cs,FALSE,,CIUTADANS-PARTIDO DE LA CIUDADANÍA,C’s,c_cat_2015_bar.pdf,compartido
autonomous_2015_09,2015,Parlament de Catalunya,Cataluna,Barcelona,10,Marina Bravo Sobrino,Mujer,TRUE,TRUE,Cs,FALSE,,CIUTADANS-PARTIDO DE LA CIUDADANÍA,C’s,c_cat_2015_bar.pdf,compartido
autonomous_2015_09,2015,Parlament de Catalunya,Cataluna,Barcelona,11,Joan García González,Hombre,TRUE,TRUE,Cs,FALSE,,CIUTADANS-PARTIDO DE LA CIUDADANÍA,C’s,c_cat_2015_bar.pdf,compartido
autonomous_2015_09,2015,Parlament de Catalunya,Cataluna,Barcelona,12,Jesús Galiano Gutierrez,Hombre,TRUE,TRUE,Cs,FALSE,,CIUTADANS-PARTIDO DE LA CIUDADANÍA,C’s,c_cat_2015_bar.pdf,compartido
autonomous_2015_09,2015,Parlament de Catalunya,Cataluna,Barcelona,13,Noemí De la Calle Sifré,Mujer,TRUE,TRUE,Cs,FALSE,,CIUTADANS-PARTIDO DE LA CIUDADANÍA,C’s,c_cat_2015_bar.pdf,compartido
autonomous_2015_09,2015,Parlament de Catalunya,Cataluna,Barcelona,14,Sergio Sanz Jiménez,Hombre,TRUE,TRUE,Cs,FALSE,,CIUTADANS-PARTIDO DE LA CIUDADANÍA,C’s,c_cat_2015_bar.pdf,compartido
autonomous_2015_09,2015,Parlament de Catalunya,Cataluna,Barcelona,15,Carmen de Rivera Pla,Mujer,TRUE,TRUE,Cs,FALSE,,CIUTADANS-PARTIDO DE LA CIUDADANÍA,C’s,c_cat_2015_bar.pdf,compartido
autonomous_2015_09,2015,Parlament de Catalunya,Cataluna,Barcelona,16,Laura Vílchez Sánchez,Mujer,TRUE,TRUE,Cs,FALSE,,CIUTADANS-PARTIDO DE LA CIUDADANÍA,C’s,c_cat_2015_bar.pdf,compartido
autonomous_2015_09,2015,Parlament de Catalunya,Cataluna,Barcelona,17,Elisabeth Valencia Mimbrero,Mujer,TRUE,TRUE,Cs,FALSE,,CIUTADANS-PARTIDO DE LA CIUDADANÍA,C’s,c_cat_2015_bar.pdf,compartido
autonomous_2015_09,2015,Parlament de Catalunya,Cataluna,Barcelona,18,Martín Eusebio Barra López,Hombre,TRUE,FALSE,Cs,FALSE,,CIUTADANS-PARTIDO DE LA CIUDADANÍA,C’s,c_cat_2015_bar.pdf,compartido
autonomous_2015_09,2015,Parlament de Catalunya,Cataluna,Barcelona,19,María Francisca Valle Fuentes,Mujer,TRUE,FALSE,Cs,FALSE,,CIUTADANS-PARTIDO DE LA CIUDADANÍA,C’s,c_cat_2015_bar.pdf,compartido
autonomous_2015_09,2015,Parlament de Catalunya,Cataluna,Barcelona,20,Carlos Ballart Torres,Hombre,TRUE,FALSE,Cs,FALSE,,CIUTADANS-PARTIDO DE LA CIUDADANÍA,C’s,c_cat_2015_bar.pdf,compartido
autonomous_2015_09,2015,Parlament de Catalunya,Cataluna,Barcelona,21,Pau Guix Pérez,Hombre,TRUE,FALSE,Cs,FALSE,,CIUTADANS-PARTIDO DE LA CIUDADANÍA,C’s,c_cat_2015_bar.pdf,compartido
autonomous_2015_09,2015,Parlament de Catalunya,Cataluna,Barcelona,22,Manuel Losada Seivane,Hombre,TRUE,FALSE,Cs,FALSE,,CIUTADANS-PARTIDO DE LA CIUDADANÍA,C’s,c_cat_2015_bar.pdf,compartido
autonomous_2015_09,2015,Parlament de Catalunya,Cataluna,Barcelona,23,Dolores Agenjo Recuero,Mujer,TRUE,FALSE,Cs,FALSE,,CIUTADANS-PARTIDO DE LA CIUDADANÍA,C’s,c_cat_2015_bar.pdf,compartido
autonomous_2015_09,2015,Parlament de Catalunya,Cataluna,Barcelona,24,Lluís Herrera-Portugal Hurtado,Hombre,TRUE,FALSE,Cs,FALSE,,CIUTADANS-PARTIDO DE LA CIUDADANÍA,C’s,c_cat_2015_bar.pdf,compartido
autonomous_2015_09,2015,Parlament de Catalunya,Cataluna,Barcelona,25,Marta Ferrer Zorrilla,Mujer,TRUE,FALSE,Cs,FALSE,,CIUTADANS-PARTIDO DE LA CIUDADANÍA,C’s,c_cat_2015_bar.pdf,compartido
autonomous_2015_09,2015,Parlament de Catalunya,Cataluna,Barcelona,26,Cristian Saludes Monclús,Hombre,TRUE,FALSE,Cs,FALSE,,CIUTADANS-PARTIDO DE LA CIUDADANÍA,C’s,c_cat_2015_bar.pdf,compartido
autonomous_2015_09,2015,Parlament de Catalunya,Cataluna,Barcelona,27,Carmen Romero Novo,Mujer,TRUE,FALSE,Cs,FALSE,,CIUTADANS-PARTIDO DE LA CIUDADANÍA,C’s,c_cat_2015_bar.pdf,compartido
autonomous_2015_09,2015,Parlament de Catalunya,Cataluna,Barcelona,28,Raúl Alba Molina,Hombre,TRUE,FALSE,Cs,FALSE,,CIUTADANS-PARTIDO DE LA CIUDADANÍA,C’s,c_cat_2015_bar.pdf,compartido
autonomous_2015_09,2015,Parlament de Catalunya,Cataluna,Barcelona,29,Carolina Torres García,Mujer,TRUE,FALSE,Cs,FALSE,,CIUTADANS-PARTIDO DE LA CIUDADANÍA,C’s,c_cat_2015_bar.pdf,compartido
autonomous_2015_09,2015,Parlament de Catalunya,Cataluna,Barcelona,30,Ángel Guillén Deu,Hombre,TRUE,FALSE,Cs,FALSE,,CIUTADANS-PARTIDO DE LA CIUDADANÍA,C’s,c_cat_2015_bar.pdf,compartido
autonomous_2015_09,2015,Parlament de Catalunya,Cataluna,Barcelona,31,David Gerboles Pérez,Hombre,TRUE,FALSE,Cs,FALSE,,CIUTADANS-PARTIDO DE LA CIUDADANÍA,C’s,c_cat_2015_bar.pdf,compartido
autonomous_2015_09,2015,Parlament de Catalunya,Cataluna,Barcelona,32,Anna-Clara Martínez Fernández,Mujer,TRUE,FALSE,Cs,FALSE,,CIUTADANS-PARTIDO DE LA CIUDADANÍA,C’s,c_cat_2015_bar.pdf,compartido
autonomous_2015_09,2015,Parlament de Catalunya,Cataluna,Barcelona,33,Júlia Barea Sánchez,Mujer,TRUE,FALSE,Cs,FALSE,,CIUTADANS-PARTIDO DE LA CIUDADANÍA,C’s,c_cat_2015_bar.pdf,compartido
autonomous_2015_09,2015,Parlament de Catalunya,Cataluna,Barcelona,34,Jordi Obón Cabré,Hombre,TRUE,FALSE,Cs,FALSE,,CIUTADANS-PARTIDO DE LA CIUDADANÍA,C’s,c_cat_2015_bar.pdf,compartido
autonomous_2015_09,2015,Parlament de Catalunya,Cataluna,Barcelona,35,Julio Roldán Moreno,Hombre,TRUE,FALSE,Cs,FALSE,,CIUTADANS-PARTIDO DE LA CIUDADANÍA,C’s,c_cat_2015_bar.pdf,compartido
autonomous_2015_09,2015,Parlament de Catalunya,Cataluna,Barcelona,36,José María Cano Navarro,Hombre,TRUE,FALSE,Cs,FALSE,,CIUTADANS-PARTIDO DE LA CIUDADANÍA,C’s,c_cat_2015_bar.pdf,compartido
autonomous_2015_09,2015,Parlament de Catalunya,Cataluna,Barcelona,37,Francisco Avilés Salazar,Hombre,TRUE,FALSE,Cs,FALSE,,CIUTADANS-PARTIDO DE LA CIUDADANÍA,C’s,c_cat_2015_bar.pdf,compartido
autonomous_2015_09,2015,Parlament de Catalunya,Cataluna,Barcelona,38,Manuel Rodríguez de L'Hotellerie de Fallois,Hombre,TRUE,FALSE,Cs,FALSE,,CIUTADANS-PARTIDO DE LA CIUDADANÍA,C’s,c_cat_2015_bar.pdf,compartido
autonomous_2015_09,2015,Parlament de Catalunya,Cataluna,Barcelona,39,Júlia Juan Gimeno,Mujer,TRUE,FALSE,Cs,FALSE,,CIUTADANS-PARTIDO DE LA CIUDADANÍA,C’s,c_cat_2015_bar.pdf,compartido
autonomous_2015_09,2015,Parlament de Catalunya,Cataluna,Barcelona,40,Laura Tinadonis Hernández,Mujer,TRUE,FALSE,Cs,FALSE,,CIUTADANS-PARTIDO DE LA CIUDADANÍA,C’s,c_cat_2015_bar.pdf,compartido
autonomous_2015_09,2015,Parlament de Catalunya,Cataluna,Barcelona,41,David Aguinaga Abad,Hombre,TRUE,FALSE,Cs,FALSE,,CIUTADANS-PARTIDO DE LA CIUDADANÍA,C’s,c_cat_2015_bar.pdf,compartido
autonomous_2015_09,2015,Parlament de Catalunya,Cataluna,Barcelona,42,Esther Martínez Martí,Mujer,TRUE,FALSE,Cs,FALSE,,CIUTADANS-PARTIDO DE LA CIUDADANÍA,C’s,c_cat_2015_bar.pdf,compartido
autonomous_2015_09,2015,Parlament de Catalunya,Cataluna,Barcelona,43,Roberto Torrecilla Padilla,Hombre,TRUE,FALSE,Cs,FALSE,,CIUTADANS-PARTIDO DE LA CIUDADANÍA,C’s,c_cat_2015_bar.pdf,compartido
autonomous_2015_09,2015,Parlament de Catalunya,Cataluna,Barcelona,44,M. Dolores Marín Laraño,Mujer,TRUE,FALSE,Cs,FALSE,,CIUTADANS-PARTIDO DE LA CIUDADANÍA,C’s,c_cat_2015_bar.pdf,compartido
autonomous_2015_09,2015,Parlament de Catalunya,Cataluna,Barcelona,45,Jorge García Mulet,Hombre,TRUE,FALSE,Cs,FALSE,,CIUTADANS-PARTIDO DE LA CIUDADANÍA,C’s,c_cat_2015_bar.pdf,compartido
autonomous_2015_09,2015,Parlament de Catalunya,Cataluna,Barcelona,46,Alexandra Vilarrubí Sanllehí,Mujer,TRUE,FALSE,Cs,FALSE,,CIUTADANS-PARTIDO DE LA CIUDADANÍA,C’s,c_cat_2015_bar.pdf,compartido
autonomous_2015_09,2015,Parlament de Catalunya,Cataluna,Barcelona,47,José Rosales Fuentes,Hombre,TRUE,FALSE,Cs,FALSE,,CIUTADANS-PARTIDO DE LA CIUDADANÍA,C’s,c_cat_2015_bar.pdf,compartido
autonomous_2015_09,2015,Parlament de Catalunya,Cataluna,Barcelona,48,Mercedes Rodríguez Ordoñez,Mujer,TRUE,FALSE,Cs,FALSE,,CIUTADANS-PARTIDO DE LA CIUDADANÍA,C’s,c_cat_2015_bar.pdf,compartido
autonomous_2015_09,2015,Parlament de Catalunya,Cataluna,Barcelona,49,Javier Pérez Gómez,Hombre,TRUE,FALSE,Cs,FALSE,,CIUTADANS-PARTIDO DE LA CIUDADANÍA,C’s,c_cat_2015_bar.pdf,compartido
autonomous_2015_09,2015,Parlament de Catalunya,Cataluna,Barcelona,50,Martín Victoria Iglesias,Hombre,TRUE,FALSE,Cs,FALSE,,CIUTADANS-PARTIDO DE LA CIUDADANÍA,C’s,c_cat_2015_bar.pdf,compartido
autonomous_2015_09,2015,Parlament de Catalunya,Cataluna,Barcelona,51,Adoración Roldán Coello,Mujer,TRUE,FALSE,Cs,FALSE,,CIUTADANS-PARTIDO DE LA CIUDADANÍA,C’s,c_cat_2015_bar.pdf,compartido
autonomous_2015_09,2015,Parlament de Catalunya,Cataluna,Barcelona,52,Francisco Javier López Morano,Hombre,TRUE,FALSE,Cs,FALSE,,CIUTADANS-PARTIDO DE LA CIUDADANÍA,C’s,c_cat_2015_bar.pdf,compartido
autonomous_2015_09,2015,Parlament de Catalunya,Cataluna,Barcelona,53,Nieves Valero Collado,Mujer,TRUE,FALSE,Cs,FALSE,,CIUTADANS-PARTIDO DE LA CIUDADANÍA,C’s,c_cat_2015_bar.pdf,compartido
autonomous_2015_09,2015,Parlament de Catalunya,Cataluna,Barcelona,54,Carlos Sánchez Nicolau,Hombre,TRUE,FALSE,Cs,FALSE,,CIUTADANS-PARTIDO DE LA CIUDADANÍA,C’s,c_cat_2015_bar.pdf,compartido
autonomous_2015_09,2015,Parlament de Catalunya,Cataluna,Barcelona,55,Norman Muñoz Madrigal,Hombre,TRUE,FALSE,Cs,FALSE,,CIUTADANS-PARTIDO DE LA CIUDADANÍA,C’s,c_cat_2015_bar.pdf,compartido
autonomous_2015_09,2015,Parlament de Catalunya,Cataluna,Barcelona,56,Carmen Ortuño Aparcero,Mujer,TRUE,FALSE,Cs,FALSE,,CIUTADANS-PARTIDO DE LA CIUDADANÍA,C’s,c_cat_2015_bar.pdf,compartido
autonomous_2015_09,2015,Parlament de Catalunya,Cataluna,Barcelona,57,Andrés Aristayeta Blas,Hombre,TRUE,FALSE,Cs,FALSE,,CIUTADANS-PARTIDO DE LA CIUDADANÍA,C’s,c_cat_2015_bar.pdf,compartido
autonomous_2015_09,2015,Parlament de Catalunya,Cataluna,Barcelona,58,Stella Parodi Barriga,Mujer,TRUE,FALSE,Cs,FALSE,,CIUTADANS-PARTIDO DE LA CIUDADANÍA,C’s,c_cat_2015_bar.pdf,compartido
autonomous_2015_09,2015,Parlament de Catalunya,Cataluna,Barcelona,59,Tomás Francisco Rodríguez Pérez,Hombre,TRUE,FALSE,Cs,FALSE,,CIUTADANS-PARTIDO DE LA CIUDADANÍA,C’s,c_cat_2015_bar.pdf,compartido
autonomous_2015_09,2015,Parlament de Catalunya,Cataluna,Barcelona,60,David Javier Heredia Tapia,Hombre,TRUE,FALSE,Cs,FALSE,,CIUTADANS-PARTIDO DE LA CIUDADANÍA,C’s,c_cat_2015_bar.pdf,compartido
autonomous_2015_09,2015,Parlament de Catalunya,Cataluna,Barcelona,61,Ana Recio Cruz,Mujer,TRUE,FALSE,Cs,FALSE,,CIUTADANS-PARTIDO DE LA CIUDADANÍA,C’s,c_cat_2015_bar.pdf,compartido
autonomous_2015_09,2015,Parlament de Catalunya,Cataluna,Barcelona,62,Germán Prado Pérez,Hombre,TRUE,FALSE,Cs,FALSE,,CIUTADANS-PARTIDO DE LA CIUDADANÍA,C’s,c_cat_2015_bar.pdf,compartido
autonomous_2015_09,2015,Parlament de Catalunya,Cataluna,Barcelona,63,Isabel García Bejarano,Mujer,TRUE,FALSE,Cs,FALSE,,CIUTADANS-PARTIDO DE LA CIUDADANÍA,C’s,c_cat_2015_bar.pdf,compartido
autonomous_2015_09,2015,Parlament de Catalunya,Cataluna,Barcelona,64,Rubén Martínez Goy,Hombre,TRUE,FALSE,Cs,FALSE,,CIUTADANS-PARTIDO DE LA CIUDADANÍA,C’s,c_cat_2015_bar.pdf,compartido
autonomous_2015_09,2015,Parlament de Catalunya,Cataluna,Barcelona,65,Mercedes Arévalo Hernández,Mujer,TRUE,FALSE,Cs,FALSE,,CIUTADANS-PARTIDO DE LA CIUDADANÍA,C’s,c_cat_2015_bar.pdf,compartido
autonomous_2015_09,2015,Parlament de Catalunya,Cataluna,Barcelona,66,Àngels Mª Menchen Gallardo,Mujer,TRUE,FALSE,Cs,FALSE,,CIUTADANS-PARTIDO DE LA CIUDADANÍA,C’s,c_cat_2015_bar.pdf,compartido
autonomous_2015_09,2015,Parlament de Catalunya,Cataluna,Barcelona,67,Sergi Cerrato Recasens,Hombre,TRUE,FALSE,Cs,FALSE,,CIUTADANS-PARTIDO DE LA CIUDADANÍA,C’s,c_cat_2015_bar.pdf,compartido
autonomous_2015_09,2015,Parlament de Catalunya,Cataluna,Barcelona,68,Susana Maria Pérez García,Mujer,TRUE,FALSE,Cs,FALSE,,CIUTADANS-PARTIDO DE LA CIUDADANÍA,C’s,c_cat_2015_bar.pdf,compartido
autonomous_2015_09,2015,Parlament de Catalunya,Cataluna,Barcelona,69,Luis Díaz Vargas,Hombre,TRUE,FALSE,Cs,FALSE,,CIUTADANS-PARTIDO DE LA CIUDADANÍA,C’s,c_cat_2015_bar.pdf,compartido
autonomous_2015_09,2015,Parlament de Catalunya,Cataluna,Barcelona,70,Nicolás Ortiz Cuevas,Hombre,TRUE,FALSE,Cs,FALSE,,CIUTADANS-PARTIDO DE LA CIUDADANÍA,C’s,c_cat_2015_bar.pdf,compartido
autonomous_2015_09,2015,Parlament de Catalunya,Cataluna,Barcelona,71,Fernando Díez Crespo,Hombre,TRUE,FALSE,Cs,FALSE,,CIUTADANS-PARTIDO DE LA CIUDADANÍA,C’s,c_cat_2015_bar.pdf,compartido
autonomous_2015_09,2015,Parlament de Catalunya,Cataluna,Barcelona,72,Carme Gómez Castell,Mujer,TRUE,FALSE,Cs,FALSE,,CIUTADANS-PARTIDO DE LA CIUDADANÍA,C’s,c_cat_2015_bar.pdf,compartido
autonomous_2015_09,2015,Parlament de Catalunya,Cataluna,Barcelona,73,David Expósito Peñalver,Hombre,TRUE,FALSE,Cs,FALSE,,CIUTADANS-PARTIDO DE LA CIUDADANÍA,C’s,c_cat_2015_bar.pdf,compartido
autonomous_2015_09,2015,Parlament de Catalunya,Cataluna,Barcelona,74,Maria Ester Rupérez Del Río,Mujer,TRUE,FALSE,Cs,FALSE,,CIUTADANS-PARTIDO DE LA CIUDADANÍA,C’s,c_cat_2015_bar.pdf,compartido
autonomous_2015_09,2015,Parlament de Catalunya,Cataluna,Barcelona,75,Ángel Federico Lao Peña,Hombre,TRUE,FALSE,Cs,FALSE,,CIUTADANS-PARTIDO DE LA CIUDADANÍA,C’s,c_cat_2015_bar.pdf,compartido
autonomous_2015_09,2015,Parlament de Catalunya,Cataluna,Barcelona,76,Raúl García Dil,Hombre,TRUE,FALSE,Cs,FALSE,,CIUTADANS-PARTIDO DE LA CIUDADANÍA,C’s,c_cat_2015_bar.pdf,compartido
autonomous_2015_09,2015,Parlament de Catalunya,Cataluna,Barcelona,77,Lorena Bocharán Naya,Mujer,TRUE,FALSE,Cs,FALSE,,CIUTADANS-PARTIDO DE LA CIUDADANÍA,C’s,c_cat_2015_bar.pdf,compartido
autonomous_2015_09,2015,Parlament de Catalunya,Cataluna,Barcelona,78,Luís Rojo Gallardo,Hombre,TRUE,FALSE,Cs,FALSE,,CIUTADANS-PARTIDO DE LA CIUDADANÍA,C’s,c_cat_2015_bar.pdf,compartido
autonomous_2015_09,2015,Parlament de Catalunya,Cataluna,Barcelona,79,Adriana Mayo Fuentes,Mujer,TRUE,FALSE,Cs,FALSE,,CIUTADANS-PARTIDO DE LA CIUDADANÍA,C’s,c_cat_2015_bar.pdf,compartido
autonomous_2015_09,2015,Parlament de Catalunya,Cataluna,Barcelona,80,Maria Raya de Cárdenas,Mujer,TRUE,FALSE,Cs,FALSE,,CIUTADANS-PARTIDO DE LA CIUDADANÍA,C’s,c_cat_2015_bar.pdf,compartido
autonomous_2015_09,2015,Parlament de Catalunya,Cataluna,Barcelona,81,Fausto Ramírez Ruíz,Hombre,TRUE,FALSE,Cs,FALSE,,CIUTADANS-PARTIDO DE LA CIUDADANÍA,C’s,c_cat_2015_bar.pdf,compartido
autonomous_2015_09,2015,Parlament de Catalunya,Cataluna,Barcelona,82,Juan Foncuberta Riba “Nito”,Hombre,TRUE,FALSE,Cs,FALSE,,CIUTADANS-PARTIDO DE LA CIUDADANÍA,C’s,c_cat_2015_bar.pdf,compartido
autonomous_2015_09,2015,Parlament de Catalunya,Cataluna,Barcelona,83,Mª Ángeles Valls Borrás,Mujer,TRUE,FALSE,Cs,FALSE,,CIUTADANS-PARTIDO DE LA CIUDADANÍA,C’s,c_cat_2015_bar.pdf,compartido
autonomous_2015_09,2015,Parlament de Catalunya,Cataluna,Barcelona,84,Paloma Jiménez Parga Maseda,Mujer,TRUE,FALSE,Cs,FALSE,,CIUTADANS-PARTIDO DE LA CIUDADANÍA,C’s,c_cat_2015_bar.pdf,compartido
autonomous_2015_09,2015,Parlament de Catalunya,Cataluna,Barcelona,85,Javier Nart Peñalver,Hombre,TRUE,FALSE,Cs,FALSE,,CIUTADANS-PARTIDO DE LA CIUDADANÍA,C’s,c_cat_2015_bar.pdf,compartido
autonomous_2015_09,2015,Parlament de Catalunya,Cataluna,Barcelona,1,Raúl González Fuentes,Hombre,FALSE,FALSE,Cs,FALSE,,CIUTADANS-PARTIDO DE LA CIUDADANÍA,C’s,c_cat_2015_bar.pdf,compartido
autonomous_2015_09,2015,Parlament de Catalunya,Cataluna,Barcelona,2,Magí Algueró Alejos,Hombre,FALSE,FALSE,Cs,FALSE,,CIUTADANS-PARTIDO DE LA CIUDADANÍA,C’s,c_cat_2015_bar.pdf,compartido
autonomous_2015_09,2015,Parlament de Catalunya,Cataluna,Barcelona,3,Carlos Prusi Menéndez,Hombre,FALSE,FALSE,Cs,FALSE,,CIUTADANS-PARTIDO DE LA CIUDADANÍA,C’s,c_cat_2015_bar.pdf,compartido
autonomous_2015_09,2015,Parlament de Catalunya,Cataluna,Barcelona,4,Raquel Quiles Puerto,Mujer,FALSE,FALSE,Cs,FALSE,,CIUTADANS-PARTIDO DE LA CIUDADANÍA,C’s,c_cat_2015_bar.pdf,compartido
autonomous_2015_09,2015,Parlament de Catalunya,Cataluna,Barcelona,5,Silvia Prado Revilla,Mujer,FALSE,FALSE,Cs,FALSE,,CIUTADANS-PARTIDO DE LA CIUDADANÍA,C’s,c_cat_2015_bar.pdf,compartido
autonomous_2015_09,2015,Parlament de Catalunya,Cataluna,Girona,1,Juan María Castel Sucarrat (Jean),Hombre,TRUE,TRUE,Cs,FALSE,,CIUTADANS – PARTIDO DE LA CIUDADANIA,C’s,c_cat_2015_gir.pdf,compartido
autonomous_2015_09,2015,Parlament de Catalunya,Cataluna,Girona,2,Alfonso Sánchez Fisac,Hombre,TRUE,TRUE,Cs,FALSE,,CIUTADANS – PARTIDO DE LA CIUDADANIA,C’s,c_cat_2015_gir.pdf,compartido
autonomous_2015_09,2015,Parlament de Catalunya,Cataluna,Girona,3,Marc Tarrús de Vehí,Hombre,TRUE,FALSE,Cs,FALSE,,CIUTADANS – PARTIDO DE LA CIUDADANIA,C’s,c_cat_2015_gir.pdf,compartido
autonomous_2015_09,2015,Parlament de Catalunya,Cataluna,Girona,4,Sheila Arias Malpica,Mujer,TRUE,FALSE,Cs,FALSE,,CIUTADANS – PARTIDO DE LA CIUDADANIA,C’s,c_cat_2015_gir.pdf,compartido
autonomous_2015_09,2015,Parlament de Catalunya,Cataluna,Girona,5,María del Camino Fernández Riol,Mujer,TRUE,FALSE,Cs,FALSE,,CIUTADANS – PARTIDO DE LA CIUDADANIA,C’s,c_cat_2015_gir.pdf,compartido
autonomous_2015_09,2015,Parlament de Catalunya,Cataluna,Girona,6,José María García Martín,Hombre,TRUE,FALSE,Cs,FALSE,,CIUTADANS – PARTIDO DE LA CIUDADANIA,C’s,c_cat_2015_gir.pdf,compartido
autonomous_2015_09,2015,Parlament de Catalunya,Cataluna,Girona,7,Juan Manuel Ruiz Pérez,Hombre,TRUE,FALSE,Cs,FALSE,,CIUTADANS – PARTIDO DE LA CIUDADANIA,C’s,c_cat_2015_gir.pdf,compartido
autonomous_2015_09,2015,Parlament de Catalunya,Cataluna,Girona,8,Margarita Santo Camacho,Mujer,TRUE,FALSE,Cs,FALSE,,CIUTADANS – PARTIDO DE LA CIUDADANIA,C’s,c_cat_2015_gir.pdf,compartido
autonomous_2015_09,2015,Parlament de Catalunya,Cataluna,Girona,9,Javier Escaned Sumalla,Hombre,TRUE,FALSE,Cs,FALSE,,CIUTADANS – PARTIDO DE LA CIUDADANIA,C’s,c_cat_2015_gir.pdf,compartido
autonomous_2015_09,2015,Parlament de Catalunya,Cataluna,Girona,10,Olga Morente Iglesias,Mujer,TRUE,FALSE,Cs,FALSE,,CIUTADANS – PARTIDO DE LA CIUDADANIA,C’s,c_cat_2015_gir.pdf,compartido
autonomous_2015_09,2015,Parlament de Catalunya,Cataluna,Girona,11,Jaime Pujola Peralta,Hombre,TRUE,FALSE,Cs,FALSE,,CIUTADANS – PARTIDO DE LA CIUDADANIA,C’s,c_cat_2015_gir.pdf,compartido
autonomous_2015_09,2015,Parlament de Catalunya,Cataluna,Girona,12,Susana Rodríguez Pintos,Mujer,TRUE,FALSE,Cs,FALSE,,CIUTADANS – PARTIDO DE LA CIUDADANIA,C’s,c_cat_2015_gir.pdf,compartido
autonomous_2015_09,2015,Parlament de Catalunya,Cataluna,Girona,13,Wenceslao Nalda Pons,Hombre,TRUE,FALSE,Cs,FALSE,,CIUTADANS – PARTIDO DE LA CIUDADANIA,C’s,c_cat_2015_gir.pdf,compartido
autonomous_2015_09,2015,Parlament de Catalunya,Cataluna,Girona,14,Sara Nerea Mateos Linacero,Mujer,TRUE,FALSE,Cs,FALSE,,CIUTADANS – PARTIDO DE LA CIUDADANIA,C’s,c_cat_2015_gir.pdf,compartido
autonomous_2015_09,2015,Parlament de Catalunya,Cataluna,Girona,15,Antonio Requena Yedra,Hombre,TRUE,FALSE,Cs,FALSE,,CIUTADANS – PARTIDO DE LA CIUDADANIA,C’s,c_cat_2015_gir.pdf,compartido
autonomous_2015_09,2015,Parlament de Catalunya,Cataluna,Girona,16,Miriam Pujola Romero,Mujer,TRUE,FALSE,Cs,FALSE,,CIUTADANS – PARTIDO DE LA CIUDADANIA,C’s,c_cat_2015_gir.pdf,compartido
autonomous_2015_09,2015,Parlament de Catalunya,Cataluna,Girona,17,Emilio Santiago Pacheco,Hombre,TRUE,FALSE,Cs,FALSE,,CIUTADANS – PARTIDO DE LA CIUDADANIA,C’s,c_cat_2015_gir.pdf,compartido
autonomous_2015_09,2015,Parlament de Catalunya,Cataluna,Girona,1,María Dolores Martínez Pérez,Mujer,FALSE,FALSE,Cs,FALSE,,CIUTADANS – PARTIDO DE LA CIUDADANIA,C’s,c_cat_2015_gir.pdf,compartido
autonomous_2015_09,2015,Parlament de Catalunya,Cataluna,Girona,2,Aleix Martín Rodríguez,Hombre,FALSE,FALSE,Cs,FALSE,,CIUTADANS – PARTIDO DE LA CIUDADANIA,C’s,c_cat_2015_gir.pdf,compartido
autonomous_2015_09,2015,Parlament de Catalunya,Cataluna,Lleida,1,Jorge Soler González,Hombre,TRUE,TRUE,Cs,FALSE,,"CIUTADANS, PARTIDO DE LA CIUDADANIA",C's,c_cat_2015_lle.pdf,compartido
autonomous_2015_09,2015,Parlament de Catalunya,Cataluna,Lleida,2,Javier Rivas Escamilla,Hombre,TRUE,TRUE,Cs,FALSE,,"CIUTADANS, PARTIDO DE LA CIUDADANIA",C's,c_cat_2015_lle.pdf,compartido
autonomous_2015_09,2015,Parlament de Catalunya,Cataluna,Lleida,3,José Antonio Flores Robles,Hombre,TRUE,FALSE,Cs,FALSE,,"CIUTADANS, PARTIDO DE LA CIUDADANIA",C's,c_cat_2015_lle.pdf,compartido
autonomous_2015_09,2015,Parlament de Catalunya,Cataluna,Lleida,4,María Elena Gonzalez Plaza,Mujer,TRUE,FALSE,Cs,FALSE,,"CIUTADANS, PARTIDO DE LA CIUDADANIA",C's,c_cat_2015_lle.pdf,compartido
autonomous_2015_09,2015,Parlament de Catalunya,Cataluna,Lleida,5,Laura Escrig Bolea,Mujer,TRUE,FALSE,Cs,FALSE,,"CIUTADANS, PARTIDO DE LA CIUDADANIA",C's,c_cat_2015_lle.pdf,compartido
autonomous_2015_09,2015,Parlament de Catalunya,Cataluna,Lleida,6,Pedro José Sánchez Tersa,Hombre,TRUE,FALSE,Cs,FALSE,,"CIUTADANS, PARTIDO DE LA CIUDADANIA",C's,c_cat_2015_lle.pdf,compartido
autonomous_2015_09,2015,Parlament de Catalunya,Cataluna,Lleida,7,Josefa Martínez Nievas,Mujer,TRUE,FALSE,Cs,FALSE,,"CIUTADANS, PARTIDO DE LA CIUDADANIA",C's,c_cat_2015_lle.pdf,compartido
autonomous_2015_09,2015,Parlament de Catalunya,Cataluna,Lleida,8,Josep Maria Viola Garriga,Hombre,TRUE,FALSE,Cs,FALSE,,"CIUTADANS, PARTIDO DE LA CIUDADANIA",C's,c_cat_2015_lle.pdf,compartido
autonomous_2015_09,2015,Parlament de Catalunya,Cataluna,Lleida,9,Montserrat Ortiz Cots,Mujer,TRUE,FALSE,Cs,FALSE,,"CIUTADANS, PARTIDO DE LA CIUDADANIA",C's,c_cat_2015_lle.pdf,compartido
autonomous_2015_09,2015,Parlament de Catalunya,Cataluna,Lleida,10,Ramon Vilaltella Domenjo,Hombre,TRUE,FALSE,Cs,FALSE,,"CIUTADANS, PARTIDO DE LA CIUDADANIA",C's,c_cat_2015_lle.pdf,compartido
autonomous_2015_09,2015,Parlament de Catalunya,Cataluna,Lleida,11,Alexandre Gásquez Belloque,Hombre,TRUE,FALSE,Cs,FALSE,,"CIUTADANS, PARTIDO DE LA CIUDADANIA",C's,c_cat_2015_lle.pdf,compartido
autonomous_2015_09,2015,Parlament de Catalunya,Cataluna,Lleida,12,Cristina Latorre López,Mujer,TRUE,FALSE,Cs,FALSE,,"CIUTADANS, PARTIDO DE LA CIUDADANIA",C's,c_cat_2015_lle.pdf,compartido
autonomous_2015_09,2015,Parlament de Catalunya,Cataluna,Lleida,13,Albert López Millán,Hombre,TRUE,FALSE,Cs,FALSE,,"CIUTADANS, PARTIDO DE LA CIUDADANIA",C's,c_cat_2015_lle.pdf,compartido
autonomous_2015_09,2015,Parlament de Catalunya,Cataluna,Lleida,14,Renato Bertomeu Redó,Hombre,TRUE,FALSE,Cs,FALSE,,"CIUTADANS, PARTIDO DE LA CIUDADANIA",C's,c_cat_2015_lle.pdf,compartido
autonomous_2015_09,2015,Parlament de Catalunya,Cataluna,Lleida,15,Ángeles Elisa Ribes Duarte,Mujer,TRUE,FALSE,Cs,FALSE,,"CIUTADANS, PARTIDO DE LA CIUDADANIA",C's,c_cat_2015_lle.pdf,compartido
autonomous_2015_09,2015,Parlament de Catalunya,Cataluna,Lleida,1,Maria Cristina Regué Lorca,Mujer,FALSE,FALSE,Cs,FALSE,,"CIUTADANS, PARTIDO DE LA CIUDADANIA",C's,c_cat_2015_lle.pdf,compartido
autonomous_2015_09,2015,Parlament de Catalunya,Cataluna,Lleida,2,Salvador Nicolás Mimbrera Callen,Hombre,FALSE,FALSE,Cs,FALSE,,"CIUTADANS, PARTIDO DE LA CIUDADANIA",C's,c_cat_2015_lle.pdf,compartido
autonomous_2015_09,2015,Parlament de Catalunya,Cataluna,Lleida,3,Francisca Jaldo Morilla,Mujer,FALSE,FALSE,Cs,FALSE,,"CIUTADANS, PARTIDO DE LA CIUDADANIA",C's,c_cat_2015_lle.pdf,compartido
autonomous_2015_09,2015,Parlament de Catalunya,Cataluna,Lleida,4,Miguel Adrián Di Paolo Medero RECORTES CERO-ELS VERDS,Hombre,FALSE,FALSE,Cs,FALSE,,"CIUTADANS, PARTIDO DE LA CIUDADANIA",C's,c_cat_2015_lle.pdf,compartido
autonomous_2015_09,2015,Parlament de Catalunya,Cataluna,Tarragona,1,Matías Alonso Ruiz,Hombre,TRUE,TRUE,Cs,FALSE,,CIUTADANS-PARTIDO DE LA CIUDADANÍA,C's,c_cat_2015_tar.pdf,compartido
autonomous_2015_09,2015,Parlament de Catalunya,Cataluna,Tarragona,2,Francisco Javier Domínguez Serrano,Hombre,TRUE,TRUE,Cs,FALSE,,CIUTADANS-PARTIDO DE LA CIUDADANÍA,C's,c_cat_2015_tar.pdf,compartido
autonomous_2015_09,2015,Parlament de Catalunya,Cataluna,Tarragona,3,Carlos Sánchez Martín,Hombre,TRUE,TRUE,Cs,FALSE,,CIUTADANS-PARTIDO DE LA CIUDADANÍA,C's,c_cat_2015_tar.pdf,compartido
autonomous_2015_09,2015,Parlament de Catalunya,Cataluna,Tarragona,4,Lorena Roldán Suárez,Mujer,TRUE,TRUE,Cs,FALSE,,CIUTADANS-PARTIDO DE LA CIUDADANÍA,C's,c_cat_2015_tar.pdf,compartido
autonomous_2015_09,2015,Parlament de Catalunya,Cataluna,Tarragona,5,Sandra González Rodríguez,Mujer,TRUE,FALSE,Cs,FALSE,,CIUTADANS-PARTIDO DE LA CIUDADANÍA,C's,c_cat_2015_tar.pdf,compartido
autonomous_2015_09,2015,Parlament de Catalunya,Cataluna,Tarragona,6,Ana Belén Rodríguez Ros,Mujer,TRUE,FALSE,Cs,FALSE,,CIUTADANS-PARTIDO DE LA CIUDADANÍA,C's,c_cat_2015_tar.pdf,compartido
autonomous_2015_09,2015,Parlament de Catalunya,Cataluna,Tarragona,7,Jorge David Pérez Sola,Hombre,TRUE,FALSE,Cs,FALSE,,CIUTADANS-PARTIDO DE LA CIUDADANÍA,C's,c_cat_2015_tar.pdf,compartido
autonomous_2015_09,2015,Parlament de Catalunya,Cataluna,Tarragona,8,Ángel Guillén Pajuelo,Hombre,TRUE,FALSE,Cs,FALSE,,CIUTADANS-PARTIDO DE LA CIUDADANÍA,C's,c_cat_2015_tar.pdf,compartido
autonomous_2015_09,2015,Parlament de Catalunya,Cataluna,Tarragona,9,Soraya Serrano Cruz,Mujer,TRUE,FALSE,Cs,FALSE,,CIUTADANS-PARTIDO DE LA CIUDADANÍA,C's,c_cat_2015_tar.pdf,compartido
autonomous_2015_09,2015,Parlament de Catalunya,Cataluna,Tarragona,10,Jesús López Romero,Hombre,TRUE,FALSE,Cs,FALSE,,CIUTADANS-PARTIDO DE LA CIUDADANÍA,C's,c_cat_2015_tar.pdf,compartido
autonomous_2015_09,2015,Parlament de Catalunya,Cataluna,Tarragona,11,Kelly Roche Rodríguez,,TRUE,FALSE,Cs,FALSE,,CIUTADANS-PARTIDO DE LA CIUDADANÍA,C's,c_cat_2015_tar.pdf,compartido
autonomous_2015_09,2015,Parlament de Catalunya,Cataluna,Tarragona,12,Juan Alberto Blanco Figueras,Hombre,TRUE,FALSE,Cs,FALSE,,CIUTADANS-PARTIDO DE LA CIUDADANÍA,C's,c_cat_2015_tar.pdf,compartido
autonomous_2015_09,2015,Parlament de Catalunya,Cataluna,Tarragona,13,Beatriz Pérez Velasco,Mujer,TRUE,FALSE,Cs,FALSE,,CIUTADANS-PARTIDO DE LA CIUDADANÍA,C's,c_cat_2015_tar.pdf,compartido
autonomous_2015_09,2015,Parlament de Catalunya,Cataluna,Tarragona,14,Mª Belén Quilez Martínez,Mujer,TRUE,FALSE,Cs,FALSE,,CIUTADANS-PARTIDO DE LA CIUDADANÍA,C's,c_cat_2015_tar.pdf,compartido
autonomous_2015_09,2015,Parlament de Catalunya,Cataluna,Tarragona,15,Mariano Salmerón Melero,Hombre,TRUE,FALSE,Cs,FALSE,,CIUTADANS-PARTIDO DE LA CIUDADANÍA,C's,c_cat_2015_tar.pdf,compartido
autonomous_2015_09,2015,Parlament de Catalunya,Cataluna,Tarragona,16,Cristina Satué Vallvé,Mujer,TRUE,FALSE,Cs,FALSE,,CIUTADANS-PARTIDO DE LA CIUDADANÍA,C's,c_cat_2015_tar.pdf,compartido
autonomous_2015_09,2015,Parlament de Catalunya,Cataluna,Tarragona,17,Miren Eskarne Zabalo Rojas,Mujer,TRUE,FALSE,Cs,FALSE,,CIUTADANS-PARTIDO DE LA CIUDADANÍA,C's,c_cat_2015_tar.pdf,compartido
autonomous_2015_09,2015,Parlament de Catalunya,Cataluna,Tarragona,18,Francisco Ester Uruen,Hombre,TRUE,FALSE,Cs,FALSE,,CIUTADANS-PARTIDO DE LA CIUDADANÍA,C's,c_cat_2015_tar.pdf,compartido
autonomous_2015_09,2015,Parlament de Catalunya,Cataluna,Tarragona,1,Armando Franco Martí,Hombre,FALSE,FALSE,Cs,FALSE,,CIUTADANS-PARTIDO DE LA CIUDADANÍA,C's,c_cat_2015_tar.pdf,compartido
autonomous_2015_09,2015,Parlament de Catalunya,Cataluna,Tarragona,2,Victoria Fuentes Gaspar,Mujer,FALSE,FALSE,Cs,FALSE,,CIUTADANS-PARTIDO DE LA CIUDADANÍA,C's,c_cat_2015_tar.pdf,compartido
autonomous_2015_09,2015,Parlament de Catalunya,Cataluna,Tarragona,3,Angel Cubo Mayo,Hombre,FALSE,FALSE,Cs,FALSE,,CIUTADANS-PARTIDO DE LA CIUDADANÍA,C's,c_cat_2015_tar.pdf,compartido
autonomous_2016_09,2016,Parlamento de Galicia,Galicia,A Coruña,1,Cristina Losada Fernández,Mujer,TRUE,FALSE,Cs,FALSE,,CIUDADANOS-PARTIDO DE LA CIUDADANÍA,C’s,c_gal_2016.pdf,compartido
autonomous_2016_09,2016,Parlamento de Galicia,Galicia,A Coruña,2,María Dolores Pazos González,Mujer,TRUE,FALSE,Cs,FALSE,,CIUDADANOS-PARTIDO DE LA CIUDADANÍA,C’s,c_gal_2016.pdf,compartido
autonomous_2016_09,2016,Parlamento de Galicia,Galicia,A Coruña,3,Antonio David Sanz Gómez,Hombre,TRUE,FALSE,Cs,FALSE,,CIUDADANOS-PARTIDO DE LA CIUDADANÍA,C’s,c_gal_2016.pdf,compartido
autonomous_2016_09,2016,Parlamento de Galicia,Galicia,A Coruña,4,Antonio Landeira Méndez,Hombre,TRUE,FALSE,Cs,FALSE,,CIUDADANOS-PARTIDO DE LA CIUDADANÍA,C’s,c_gal_2016.pdf,compartido
autonomous_2016_09,2016,Parlamento de Galicia,Galicia,A Coruña,5,María del Carmen Garcimartín Montero,Mujer,TRUE,FALSE,Cs,FALSE,,CIUDADANOS-PARTIDO DE LA CIUDADANÍA,C’s,c_gal_2016.pdf,compartido
autonomous_2016_09,2016,Parlamento de Galicia,Galicia,A Coruña,6,Manuel Jesús José Moinelo Allegue,Hombre,TRUE,FALSE,Cs,FALSE,,CIUDADANOS-PARTIDO DE LA CIUDADANÍA,C’s,c_gal_2016.pdf,compartido
autonomous_2016_09,2016,Parlamento de Galicia,Galicia,A Coruña,7,Ángel Javier Escuredo Macías,Hombre,TRUE,FALSE,Cs,FALSE,,CIUDADANOS-PARTIDO DE LA CIUDADANÍA,C’s,c_gal_2016.pdf,compartido
autonomous_2016_09,2016,Parlamento de Galicia,Galicia,A Coruña,8,Marta Isabel de Olano Vela,Mujer,TRUE,FALSE,Cs,FALSE,,CIUDADANOS-PARTIDO DE LA CIUDADANÍA,C’s,c_gal_2016.pdf,compartido
autonomous_2016_09,2016,Parlamento de Galicia,Galicia,A Coruña,9,Jesús María Gutiérrez Rodríguez,Hombre,TRUE,FALSE,Cs,FALSE,,CIUDADANOS-PARTIDO DE LA CIUDADANÍA,C’s,c_gal_2016.pdf,compartido
autonomous_2016_09,2016,Parlamento de Galicia,Galicia,A Coruña,10,María José García Hidalgo,Mujer,TRUE,FALSE,Cs,FALSE,,CIUDADANOS-PARTIDO DE LA CIUDADANÍA,C’s,c_gal_2016.pdf,compartido
autonomous_2016_09,2016,Parlamento de Galicia,Galicia,A Coruña,11,María Trinidad Lobato Verdugo,Mujer,TRUE,FALSE,Cs,FALSE,,CIUDADANOS-PARTIDO DE LA CIUDADANÍA,C’s,c_gal_2016.pdf,compartido
autonomous_2016_09,2016,Parlamento de Galicia,Galicia,A Coruña,12,José Manuel Vázquez Forno DOG Núm. 163,Hombre,TRUE,FALSE,Cs,FALSE,,CIUDADANOS-PARTIDO DE LA CIUDADANÍA,C’s,c_gal_2016.pdf,compartido
autonomous_2016_09,2016,Parlamento de Galicia,Galicia,A Coruña,13,David Saavedra Pino,Hombre,TRUE,FALSE,Cs,FALSE,,CIUDADANOS-PARTIDO DE LA CIUDADANÍA,C’s,c_gal_2016.pdf,compartido
autonomous_2016_09,2016,Parlamento de Galicia,Galicia,A Coruña,14,Sofía Fernández Lista,Mujer,TRUE,FALSE,Cs,FALSE,,CIUDADANOS-PARTIDO DE LA CIUDADANÍA,C’s,c_gal_2016.pdf,compartido
autonomous_2016_09,2016,Parlamento de Galicia,Galicia,A Coruña,15,Constantino Pérez Veiga,Hombre,TRUE,FALSE,Cs,FALSE,,CIUDADANOS-PARTIDO DE LA CIUDADANÍA,C’s,c_gal_2016.pdf,compartido
autonomous_2016_09,2016,Parlamento de Galicia,Galicia,A Coruña,16,Miguel Ángel Rosende Suero,Hombre,TRUE,FALSE,Cs,FALSE,,CIUDADANOS-PARTIDO DE LA CIUDADANÍA,C’s,c_gal_2016.pdf,compartido
autonomous_2016_09,2016,Parlamento de Galicia,Galicia,A Coruña,17,María Carmen Rabadán Climent,Mujer,TRUE,FALSE,Cs,FALSE,,CIUDADANOS-PARTIDO DE LA CIUDADANÍA,C’s,c_gal_2016.pdf,compartido
autonomous_2016_09,2016,Parlamento de Galicia,Galicia,A Coruña,18,Jesús Manuel Vázquez Lozano,Hombre,TRUE,FALSE,Cs,FALSE,,CIUDADANOS-PARTIDO DE LA CIUDADANÍA,C’s,c_gal_2016.pdf,compartido
autonomous_2016_09,2016,Parlamento de Galicia,Galicia,A Coruña,19,Silvia Caramés González,Mujer,TRUE,FALSE,Cs,FALSE,,CIUDADANOS-PARTIDO DE LA CIUDADANÍA,C’s,c_gal_2016.pdf,compartido
autonomous_2016_09,2016,Parlamento de Galicia,Galicia,A Coruña,20,Jesús Martínez López,Hombre,TRUE,FALSE,Cs,FALSE,,CIUDADANOS-PARTIDO DE LA CIUDADANÍA,C’s,c_gal_2016.pdf,compartido
autonomous_2016_09,2016,Parlamento de Galicia,Galicia,A Coruña,21,Yolanda Belén Cadaval Martínez,Mujer,TRUE,FALSE,Cs,FALSE,,CIUDADANOS-PARTIDO DE LA CIUDADANÍA,C’s,c_gal_2016.pdf,compartido
autonomous_2016_09,2016,Parlamento de Galicia,Galicia,A Coruña,22,Francisco Manuel González Suárez,Hombre,TRUE,FALSE,Cs,FALSE,,CIUDADANOS-PARTIDO DE LA CIUDADANÍA,C’s,c_gal_2016.pdf,compartido
autonomous_2016_09,2016,Parlamento de Galicia,Galicia,A Coruña,23,María Dolores Prieto Nieto,Mujer,TRUE,FALSE,Cs,FALSE,,CIUDADANOS-PARTIDO DE LA CIUDADANÍA,C’s,c_gal_2016.pdf,compartido
autonomous_2016_09,2016,Parlamento de Galicia,Galicia,A Coruña,24,Ana María Rodríguez Masafret,Mujer,TRUE,FALSE,Cs,FALSE,,CIUDADANOS-PARTIDO DE LA CIUDADANÍA,C’s,c_gal_2016.pdf,compartido
autonomous_2016_09,2016,Parlamento de Galicia,Galicia,A Coruña,25,Javier Jesús Ramón Chouza Gestoso,Hombre,TRUE,FALSE,Cs,FALSE,,CIUDADANOS-PARTIDO DE LA CIUDADANÍA,C’s,c_gal_2016.pdf,compartido
autonomous_2016_09,2016,Parlamento Vasco / Eusko Legebiltzarra,Pais Vasco,Bizkaia,1,DAVID PASARIN-GEGUNDE LINARES,Hombre,TRUE,FALSE,Cs,FALSE,,CIUDADANOS-PARTIDO DE LA CIUDADANIA,C´s,c_pv_2016_biz.pdf,compartido
autonomous_2016_09,2016,Parlamento Vasco / Eusko Legebiltzarra,Pais Vasco,Bizkaia,2,ALBERTO JOAQUÍN CARRIL LÓPEZ,Hombre,TRUE,FALSE,Cs,FALSE,,CIUDADANOS-PARTIDO DE LA CIUDADANIA,C´s,c_pv_2016_biz.pdf,compartido
autonomous_2016_09,2016,Parlamento Vasco / Eusko Legebiltzarra,Pais Vasco,Bizkaia,3,ADELAIDA CARMEN SUAREZ PASTOR,Mujer,TRUE,FALSE,Cs,FALSE,,CIUDADANOS-PARTIDO DE LA CIUDADANIA,C´s,c_pv_2016_biz.pdf,compartido
autonomous_2016_09,2016,Parlamento Vasco / Eusko Legebiltzarra,Pais Vasco,Bizkaia,4,XABIER MARTÍN RODRÍGUEZ,Hombre,TRUE,FALSE,Cs,FALSE,,CIUDADANOS-PARTIDO DE LA CIUDADANIA,C´s,c_pv_2016_biz.pdf,compartido
autonomous_2016_09,2016,Parlamento Vasco / Eusko Legebiltzarra,Pais Vasco,Bizkaia,5,MARTA REBECA ACHA PAJARES,Mujer,TRUE,FALSE,Cs,FALSE,,CIUDADANOS-PARTIDO DE LA CIUDADANIA,C´s,c_pv_2016_biz.pdf,compartido
autonomous_2016_09,2016,Parlamento Vasco / Eusko Legebiltzarra,Pais Vasco,Bizkaia,6,MARÍA DOLORES DELGADO MARTÍNEZ,Mujer,TRUE,FALSE,Cs,FALSE,,CIUDADANOS-PARTIDO DE LA CIUDADANIA,C´s,c_pv_2016_biz.pdf,compartido
autonomous_2016_09,2016,Parlamento Vasco / Eusko Legebiltzarra,Pais Vasco,Bizkaia,7,ALEJANDRO ALCÁZAR GONZÁLEZ,Hombre,TRUE,FALSE,Cs,FALSE,,CIUDADANOS-PARTIDO DE LA CIUDADANIA,C´s,c_pv_2016_biz.pdf,compartido
autonomous_2016_09,2016,Parlamento Vasco / Eusko Legebiltzarra,Pais Vasco,Bizkaia,8,DANIEL DE LA ROSA PATROCINIO,Hombre,TRUE,FALSE,Cs,FALSE,,CIUDADANOS-PARTIDO DE LA CIUDADANIA,C´s,c_pv_2016_biz.pdf,compartido
autonomous_2016_09,2016,Parlamento Vasco / Eusko Legebiltzarra,Pais Vasco,Bizkaia,9,OSCAR CALDEVILLA LARRABE,Hombre,TRUE,FALSE,Cs,FALSE,,CIUDADANOS-PARTIDO DE LA CIUDADANIA,C´s,c_pv_2016_biz.pdf,compartido
autonomous_2016_09,2016,Parlamento Vasco / Eusko Legebiltzarra,Pais Vasco,Bizkaia,10,LAURA IBARRA OLSEN,Mujer,TRUE,FALSE,Cs,FALSE,,CIUDADANOS-PARTIDO DE LA CIUDADANIA,C´s,c_pv_2016_biz.pdf,compartido
autonomous_2016_09,2016,Parlamento Vasco / Eusko Legebiltzarra,Pais Vasco,Bizkaia,11,CRISTINA MAÑES ARCE,Mujer,TRUE,FALSE,Cs,FALSE,,CIUDADANOS-PARTIDO DE LA CIUDADANIA,C´s,c_pv_2016_biz.pdf,compartido
autonomous_2016_09,2016,Parlamento Vasco / Eusko Legebiltzarra,Pais Vasco,Bizkaia,12,VERÓNICA BLANCO CUENDE,Mujer,TRUE,FALSE,Cs,FALSE,,CIUDADANOS-PARTIDO DE LA CIUDADANIA,C´s,c_pv_2016_biz.pdf,compartido
autonomous_2016_09,2016,Parlamento Vasco / Eusko Legebiltzarra,Pais Vasco,Bizkaia,13,SANTIAGO OROZCO GARCÍA,Hombre,TRUE,FALSE,Cs,FALSE,,CIUDADANOS-PARTIDO DE LA CIUDADANIA,C´s,c_pv_2016_biz.pdf,compartido
autonomous_2016_09,2016,Parlamento Vasco / Eusko Legebiltzarra,Pais Vasco,Bizkaia,14,PEDRO MARÍA LASTRA SUSO,Hombre,TRUE,FALSE,Cs,FALSE,,CIUDADANOS-PARTIDO DE LA CIUDADANIA,C´s,c_pv_2016_biz.pdf,compartido
autonomous_2016_09,2016,Parlamento Vasco / Eusko Legebiltzarra,Pais Vasco,Bizkaia,15,ANDER LARRINAGA ARAMBURU,Hombre,TRUE,FALSE,Cs,FALSE,,CIUDADANOS-PARTIDO DE LA CIUDADANIA,C´s,c_pv_2016_biz.pdf,compartido
autonomous_2016_09,2016,Parlamento Vasco / Eusko Legebiltzarra,Pais Vasco,Bizkaia,16,MARÍA MERCEDES LAFUENTE CALVO,Mujer,TRUE,FALSE,Cs,FALSE,,CIUDADANOS-PARTIDO DE LA CIUDADANIA,C´s,c_pv_2016_biz.pdf,compartido
autonomous_2016_09,2016,Parlamento Vasco / Eusko Legebiltzarra,Pais Vasco,Bizkaia,17,MARÍA DEL ROSARIO MARTÍN ALINDADO,Mujer,TRUE,FALSE,Cs,FALSE,,CIUDADANOS-PARTIDO DE LA CIUDADANIA,C´s,c_pv_2016_biz.pdf,compartido
autonomous_2016_09,2016,Parlamento Vasco / Eusko Legebiltzarra,Pais Vasco,Bizkaia,18,MARÍA MONTSERRAT ROBLES GARCÍA,Mujer,TRUE,FALSE,Cs,FALSE,,CIUDADANOS-PARTIDO DE LA CIUDADANIA,C´s,c_pv_2016_biz.pdf,compartido
autonomous_2016_09,2016,Parlamento Vasco / Eusko Legebiltzarra,Pais Vasco,Bizkaia,19,OLIVER VICENTE ALFONSO,Hombre,TRUE,FALSE,Cs,FALSE,,CIUDADANOS-PARTIDO DE LA CIUDADANIA,C´s,c_pv_2016_biz.pdf,compartido
autonomous_2016_09,2016,Parlamento Vasco / Eusko Legebiltzarra,Pais Vasco,Bizkaia,20,GONZALO NICOLÁS MAÑES ARCE,Hombre,TRUE,FALSE,Cs,FALSE,,CIUDADANOS-PARTIDO DE LA CIUDADANIA,C´s,c_pv_2016_biz.pdf,compartido
autonomous_2016_09,2016,Parlamento Vasco / Eusko Legebiltzarra,Pais Vasco,Bizkaia,21,PABLO MARÍA SAIZ AGUIRRE,Hombre,TRUE,FALSE,Cs,FALSE,,CIUDADANOS-PARTIDO DE LA CIUDADANIA,C´s,c_pv_2016_biz.pdf,compartido
autonomous_2016_09,2016,Parlamento Vasco / Eusko Legebiltzarra,Pais Vasco,Bizkaia,22,RAQUEL LÓPEZ LÓPEZ,Mujer,TRUE,FALSE,Cs,FALSE,,CIUDADANOS-PARTIDO DE LA CIUDADANIA,C´s,c_pv_2016_biz.pdf,compartido
autonomous_2016_09,2016,Parlamento Vasco / Eusko Legebiltzarra,Pais Vasco,Bizkaia,23,ARÁNZAZU SANTOS ELORDUY,Mujer,TRUE,FALSE,Cs,FALSE,,CIUDADANOS-PARTIDO DE LA CIUDADANIA,C´s,c_pv_2016_biz.pdf,compartido
autonomous_2016_09,2016,Parlamento Vasco / Eusko Legebiltzarra,Pais Vasco,Bizkaia,24,AGUSTINA MANTILLA GUTIÉRREZ,Mujer,TRUE,FALSE,Cs,FALSE,,CIUDADANOS-PARTIDO DE LA CIUDADANIA,C´s,c_pv_2016_biz.pdf,compartido
autonomous_2016_09,2016,Parlamento Vasco / Eusko Legebiltzarra,Pais Vasco,Bizkaia,25,JOSÉ LUIS GUTIÉRREZ DOMINGO,Hombre,TRUE,FALSE,Cs,FALSE,,CIUDADANOS-PARTIDO DE LA CIUDADANIA,C´s,c_pv_2016_biz.pdf,compartido
autonomous_2016_09,2016,Parlamento Vasco / Eusko Legebiltzarra,Pais Vasco,Bizkaia,1,JOSÉ FRANCISCO REY CORBALÁN,Hombre,FALSE,FALSE,Cs,FALSE,,CIUDADANOS-PARTIDO DE LA CIUDADANIA,C´s,c_pv_2016_biz.pdf,compartido
autonomous_2016_09,2016,Parlamento Vasco / Eusko Legebiltzarra,Pais Vasco,Bizkaia,2,EMILIA LEJARZA DE LA RIVA,Mujer,FALSE,FALSE,Cs,FALSE,,CIUDADANOS-PARTIDO DE LA CIUDADANIA,C´s,c_pv_2016_biz.pdf,compartido
autonomous_2016_09,2016,Parlamento Vasco / Eusko Legebiltzarra,Pais Vasco,Bizkaia,3,ANA CONTRERAS LÓPEZ,Mujer,FALSE,FALSE,Cs,FALSE,,CIUDADANOS-PARTIDO DE LA CIUDADANIA,C´s,c_pv_2016_biz.pdf,compartido
autonomous_2016_09,2016,Parlamento Vasco / Eusko Legebiltzarra,Pais Vasco,Gipuzkoa,1,IÑIGO CALDERON URISZAR-ALDACA,Hombre,TRUE,FALSE,Cs,FALSE,,CIUDADANOS,C’s,c_pv_2016_gip.pdf,compartido
autonomous_2016_09,2016,Parlamento Vasco / Eusko Legebiltzarra,Pais Vasco,Gipuzkoa,2,MIREN ESKER SANCHEZ RUIZ,Mujer,TRUE,FALSE,Cs,FALSE,,CIUDADANOS,C’s,c_pv_2016_gip.pdf,compartido
autonomous_2016_09,2016,Parlamento Vasco / Eusko Legebiltzarra,Pais Vasco,Gipuzkoa,3,CLARA BAÑOS CANOVAS,Mujer,TRUE,FALSE,Cs,FALSE,,CIUDADANOS,C’s,c_pv_2016_gip.pdf,compartido
autonomous_2016_09,2016,Parlamento Vasco / Eusko Legebiltzarra,Pais Vasco,Gipuzkoa,4,AITOR BILBAO RODRIGUEZ,Hombre,TRUE,FALSE,Cs,FALSE,,CIUDADANOS,C’s,c_pv_2016_gip.pdf,compartido
autonomous_2016_09,2016,Parlamento Vasco / Eusko Legebiltzarra,Pais Vasco,Gipuzkoa,5,NATALIA MERINO FERNANDEZ,Mujer,TRUE,FALSE,Cs,FALSE,,CIUDADANOS,C’s,c_pv_2016_gip.pdf,compartido
autonomous_2016_09,2016,Parlamento Vasco / Eusko Legebiltzarra,Pais Vasco,Gipuzkoa,6,JAVIER ESTEVEZ VIDEIRA,Hombre,TRUE,FALSE,Cs,FALSE,,CIUDADANOS,C’s,c_pv_2016_gip.pdf,compartido
autonomous_2016_09,2016,Parlamento Vasco / Eusko Legebiltzarra,Pais Vasco,Gipuzkoa,7,BEATRIZ OLAIZOLA PEREZ,Mujer,TRUE,FALSE,Cs,FALSE,,CIUDADANOS,C’s,c_pv_2016_gip.pdf,compartido
autonomous_2016_09,2016,Parlamento Vasco / Eusko Legebiltzarra,Pais Vasco,Gipuzkoa,8,IGNACIO SANABRIA DORRONSORO,Hombre,TRUE,FALSE,Cs,FALSE,,CIUDADANOS,C’s,c_pv_2016_gip.pdf,compartido
autonomous_2016_09,2016,Parlamento Vasco / Eusko Legebiltzarra,Pais Vasco,Gipuzkoa,9,MARIA SONIA ERAUSKIN LOPEZ,Mujer,TRUE,FALSE,Cs,FALSE,,CIUDADANOS,C’s,c_pv_2016_gip.pdf,compartido
autonomous_2016_09,2016,Parlamento Vasco / Eusko Legebiltzarra,Pais Vasco,Gipuzkoa,10,ARMAN BASURTO BARRIO,Hombre,TRUE,FALSE,Cs,FALSE,,CIUDADANOS,C’s,c_pv_2016_gip.pdf,compartido
autonomous_2016_09,2016,Parlamento Vasco / Eusko Legebiltzarra,Pais Vasco,Gipuzkoa,11,JOSE MANUEL GIL VEGAS,Hombre,TRUE,FALSE,Cs,FALSE,,CIUDADANOS,C’s,c_pv_2016_gip.pdf,compartido
autonomous_2016_09,2016,Parlamento Vasco / Eusko Legebiltzarra,Pais Vasco,Gipuzkoa,12,LEIRE RODRIGUEZ BRAVO,Mujer,TRUE,FALSE,Cs,FALSE,,CIUDADANOS,C’s,c_pv_2016_gip.pdf,compartido
autonomous_2016_09,2016,Parlamento Vasco / Eusko Legebiltzarra,Pais Vasco,Gipuzkoa,13,JORGE GOMEZ MAYOR,Hombre,TRUE,FALSE,Cs,FALSE,,CIUDADANOS,C’s,c_pv_2016_gip.pdf,compartido
autonomous_2016_09,2016,Parlamento Vasco / Eusko Legebiltzarra,Pais Vasco,Gipuzkoa,14,MALENI DE LA TORRE SAN VICENTE,Mujer,TRUE,FALSE,Cs,FALSE,,CIUDADANOS,C’s,c_pv_2016_gip.pdf,compartido
autonomous_2016_09,2016,Parlamento Vasco / Eusko Legebiltzarra,Pais Vasco,Gipuzkoa,15,MAYR ALCAINE ZAPATA,,TRUE,FALSE,Cs,FALSE,,CIUDADANOS,C’s,c_pv_2016_gip.pdf,compartido
autonomous_2016_09,2016,Parlamento Vasco / Eusko Legebiltzarra,Pais Vasco,Gipuzkoa,16,NAIARA LANDA PEREZ,Mujer,TRUE,FALSE,Cs,FALSE,,CIUDADANOS,C’s,c_pv_2016_gip.pdf,compartido
autonomous_2016_09,2016,Parlamento Vasco / Eusko Legebiltzarra,Pais Vasco,Gipuzkoa,17,ITXASO SANCHEZ LOPEZ,Mujer,TRUE,FALSE,Cs,FALSE,,CIUDADANOS,C’s,c_pv_2016_gip.pdf,compartido
autonomous_2016_09,2016,Parlamento Vasco / Eusko Legebiltzarra,Pais Vasco,Gipuzkoa,18,FRANCISCO JOSE FUENTES BUSTOS,Hombre,TRUE,FALSE,Cs,FALSE,,CIUDADANOS,C’s,c_pv_2016_gip.pdf,compartido
autonomous_2016_09,2016,Parlamento Vasco / Eusko Legebiltzarra,Pais Vasco,Gipuzkoa,19,SEBASTIAN GARCIA HERNANDEZ,Hombre,TRUE,FALSE,Cs,FALSE,,CIUDADANOS,C’s,c_pv_2016_gip.pdf,compartido
autonomous_2016_09,2016,Parlamento Vasco / Eusko Legebiltzarra,Pais Vasco,Gipuzkoa,20,ANA RAMOS PASCUAL,Mujer,TRUE,FALSE,Cs,FALSE,,CIUDADANOS,C’s,c_pv_2016_gip.pdf,compartido
autonomous_2016_09,2016,Parlamento Vasco / Eusko Legebiltzarra,Pais Vasco,Gipuzkoa,21,JUAN MARIA GARRIDO FERNANDEZ,Hombre,TRUE,FALSE,Cs,FALSE,,CIUDADANOS,C’s,c_pv_2016_gip.pdf,compartido
autonomous_2016_09,2016,Parlamento Vasco / Eusko Legebiltzarra,Pais Vasco,Gipuzkoa,22,JONATAN SANCHEZ MARTIN,Hombre,TRUE,FALSE,Cs,FALSE,,CIUDADANOS,C’s,c_pv_2016_gip.pdf,compartido
autonomous_2016_09,2016,Parlamento Vasco / Eusko Legebiltzarra,Pais Vasco,Gipuzkoa,23,BELEN NAVARRO MORATALLA,Mujer,TRUE,FALSE,Cs,FALSE,,CIUDADANOS,C’s,c_pv_2016_gip.pdf,compartido
autonomous_2016_09,2016,Parlamento Vasco / Eusko Legebiltzarra,Pais Vasco,Gipuzkoa,24,MERCEDES RODRIGUEZ ANDRES,Mujer,TRUE,FALSE,Cs,FALSE,,CIUDADANOS,C’s,c_pv_2016_gip.pdf,compartido
autonomous_2016_09,2016,Parlamento Vasco / Eusko Legebiltzarra,Pais Vasco,Gipuzkoa,25,MIRIAM LOPEZ GONZALEZ,Mujer,TRUE,FALSE,Cs,FALSE,,CIUDADANOS,C’s,c_pv_2016_gip.pdf,compartido
autonomous_2016_09,2016,Parlamento Vasco / Eusko Legebiltzarra,Pais Vasco,Gipuzkoa,1,FERNANDO CORRAL GARRIDO,Hombre,FALSE,FALSE,Cs,FALSE,,CIUDADANOS,C’s,c_pv_2016_gip.pdf,compartido
autonomous_2016_09,2016,Parlamento Vasco / Eusko Legebiltzarra,Pais Vasco,Gipuzkoa,2,SANTIAGO FERNANDEZ RAMOS,Hombre,FALSE,FALSE,Cs,FALSE,,CIUDADANOS,C’s,c_pv_2016_gip.pdf,compartido
autonomous_2016_09,2016,Parlamento Vasco / Eusko Legebiltzarra,Pais Vasco,Gipuzkoa,3,SARAI BRAVO LAVAUD,Mujer,FALSE,FALSE,Cs,FALSE,,CIUDADANOS,C’s,c_pv_2016_gip.pdf,compartido
autonomous_2016_09,2016,Parlamento de Galicia,Galicia,Lugo,1,Isabel-Ángela Cendán Fernández-Peinado,Mujer,TRUE,FALSE,Cs,FALSE,,CIUDADANOS-PARTIDO DE LA CIUDADANIA,C’s,c_gal_2016.pdf,compartido
autonomous_2016_09,2016,Parlamento de Galicia,Galicia,Lugo,2,Agustín Reymóndez Gancedo,Hombre,TRUE,FALSE,Cs,FALSE,,CIUDADANOS-PARTIDO DE LA CIUDADANIA,C’s,c_gal_2016.pdf,compartido
autonomous_2016_09,2016,Parlamento de Galicia,Galicia,Lugo,3,Santiago Pereiras Adán,Hombre,TRUE,FALSE,Cs,FALSE,,CIUDADANOS-PARTIDO DE LA CIUDADANIA,C’s,c_gal_2016.pdf,compartido
autonomous_2016_09,2016,Parlamento de Galicia,Galicia,Lugo,4,Yolanda Villar García,Mujer,TRUE,FALSE,Cs,FALSE,,CIUDADANOS-PARTIDO DE LA CIUDADANIA,C’s,c_gal_2016.pdf,compartido
autonomous_2016_09,2016,Parlamento de Galicia,Galicia,Lugo,5,Óscar Regueiro Díaz,Hombre,TRUE,FALSE,Cs,FALSE,,CIUDADANOS-PARTIDO DE LA CIUDADANIA,C’s,c_gal_2016.pdf,compartido
autonomous_2016_09,2016,Parlamento de Galicia,Galicia,Lugo,6,María de los Ángeles Arias Alvaredo,Mujer,TRUE,FALSE,Cs,FALSE,,CIUDADANOS-PARTIDO DE LA CIUDADANIA,C’s,c_gal_2016.pdf,compartido
autonomous_2016_09,2016,Parlamento de Galicia,Galicia,Lugo,7,José-Manuel Vázquez Morán,Hombre,TRUE,FALSE,Cs,FALSE,,CIUDADANOS-PARTIDO DE LA CIUDADANIA,C’s,c_gal_2016.pdf,compartido
autonomous_2016_09,2016,Parlamento de Galicia,Galicia,Lugo,8,Almudena Blanco Lourés,Mujer,TRUE,FALSE,Cs,FALSE,,CIUDADANOS-PARTIDO DE LA CIUDADANIA,C’s,c_gal_2016.pdf,compartido
autonomous_2016_09,2016,Parlamento de Galicia,Galicia,Lugo,9,Marta María Saiz García,Mujer,TRUE,FALSE,Cs,FALSE,,CIUDADANOS-PARTIDO DE LA CIUDADANIA,C’s,c_gal_2016.pdf,compartido
autonomous_2016_09,2016,Parlamento de Galicia,Galicia,Lugo,10,Manuel Vicente Gonzalez,Hombre,TRUE,FALSE,Cs,FALSE,,CIUDADANOS-PARTIDO DE LA CIUDADANIA,C’s,c_gal_2016.pdf,compartido
autonomous_2016_09,2016,Parlamento de Galicia,Galicia,Lugo,11,María Victoria García Vázquez,Mujer,TRUE,FALSE,Cs,FALSE,,CIUDADANOS-PARTIDO DE LA CIUDADANIA,C’s,c_gal_2016.pdf,compartido
autonomous_2016_09,2016,Parlamento de Galicia,Galicia,Lugo,12,Jesús Pérez Prada,Hombre,TRUE,FALSE,Cs,FALSE,,CIUDADANOS-PARTIDO DE LA CIUDADANIA,C’s,c_gal_2016.pdf,compartido
autonomous_2016_09,2016,Parlamento de Galicia,Galicia,Lugo,13,María-Olga Louzao Aldariz,Mujer,TRUE,FALSE,Cs,FALSE,,CIUDADANOS-PARTIDO DE LA CIUDADANIA,C’s,c_gal_2016.pdf,compartido
autonomous_2016_09,2016,Parlamento de Galicia,Galicia,Lugo,14,Victor González García,Hombre,TRUE,FALSE,Cs,FALSE,,CIUDADANOS-PARTIDO DE LA CIUDADANIA,C’s,c_gal_2016.pdf,compartido
autonomous_2016_09,2016,Parlamento de Galicia,Galicia,Ourense,1,Carlos Vázquez Espiérrez,Hombre,TRUE,FALSE,Cs,FALSE,,CIUDADANOS-PARTIDO DE LA CIUDADANIA,C’s,c_gal_2016.pdf,compartido
autonomous_2016_09,2016,Parlamento de Galicia,Galicia,Ourense,2,Alberto Rodríguez Rodríguez DOG Núm. 163,Hombre,TRUE,FALSE,Cs,FALSE,,CIUDADANOS-PARTIDO DE LA CIUDADANIA,C’s,c_gal_2016.pdf,compartido
autonomous_2016_09,2016,Parlamento de Galicia,Galicia,Ourense,3,Mercedes Marcos Fernández,Mujer,TRUE,FALSE,Cs,FALSE,,CIUDADANOS-PARTIDO DE LA CIUDADANIA,C’s,c_gal_2016.pdf,compartido
autonomous_2016_09,2016,Parlamento de Galicia,Galicia,Ourense,4,Laureano Bermejo Ansia,Hombre,TRUE,FALSE,Cs,FALSE,,CIUDADANOS-PARTIDO DE LA CIUDADANIA,C’s,c_gal_2016.pdf,compartido
autonomous_2016_09,2016,Parlamento de Galicia,Galicia,Ourense,5,Samanta Ferreiro González,Mujer,TRUE,FALSE,Cs,FALSE,,CIUDADANOS-PARTIDO DE LA CIUDADANIA,C’s,c_gal_2016.pdf,compartido
autonomous_2016_09,2016,Parlamento de Galicia,Galicia,Ourense,6,Marcos Chao Amaro,Hombre,TRUE,FALSE,Cs,FALSE,,CIUDADANOS-PARTIDO DE LA CIUDADANIA,C’s,c_gal_2016.pdf,compartido
autonomous_2016_09,2016,Parlamento de Galicia,Galicia,Ourense,7,Luis Garayzábal Pedrosa,Hombre,TRUE,FALSE,Cs,FALSE,,CIUDADANOS-PARTIDO DE LA CIUDADANIA,C’s,c_gal_2016.pdf,compartido
autonomous_2016_09,2016,Parlamento de Galicia,Galicia,Ourense,8,Teresa Fernández Pérez,Mujer,TRUE,FALSE,Cs,FALSE,,CIUDADANOS-PARTIDO DE LA CIUDADANIA,C’s,c_gal_2016.pdf,compartido
autonomous_2016_09,2016,Parlamento de Galicia,Galicia,Ourense,9,Antonio Vázquez Darriba,Hombre,TRUE,FALSE,Cs,FALSE,,CIUDADANOS-PARTIDO DE LA CIUDADANIA,C’s,c_gal_2016.pdf,compartido
autonomous_2016_09,2016,Parlamento de Galicia,Galicia,Ourense,10,Neus Canadell Bruguera (independiente),Mujer,TRUE,FALSE,Cs,FALSE,,CIUDADANOS-PARTIDO DE LA CIUDADANIA,C’s,c_gal_2016.pdf,compartido
autonomous_2016_09,2016,Parlamento de Galicia,Galicia,Ourense,11,Pablo Samuel Novoa Carvalho,Hombre,TRUE,FALSE,Cs,FALSE,,CIUDADANOS-PARTIDO DE LA CIUDADANIA,C’s,c_gal_2016.pdf,compartido
autonomous_2016_09,2016,Parlamento de Galicia,Galicia,Ourense,12,Eva Fernández Prieto (independiente),Mujer,TRUE,FALSE,Cs,FALSE,,CIUDADANOS-PARTIDO DE LA CIUDADANIA,C’s,c_gal_2016.pdf,compartido
autonomous_2016_09,2016,Parlamento de Galicia,Galicia,Ourense,13,Ernesto Jesús Rodríguez Cuervo,Hombre,TRUE,FALSE,Cs,FALSE,,CIUDADANOS-PARTIDO DE LA CIUDADANIA,C’s,c_gal_2016.pdf,compartido
autonomous_2016_09,2016,Parlamento de Galicia,Galicia,Ourense,14,Laura María Sebio Lago (independiente),Mujer,TRUE,FALSE,Cs,FALSE,,CIUDADANOS-PARTIDO DE LA CIUDADANIA,C’s,c_gal_2016.pdf,compartido
autonomous_2016_09,2016,Parlamento de Galicia,Galicia,Pontevedra,1,Antonio Lara Fernández-Villamarín,Hombre,TRUE,FALSE,Cs,FALSE,,CIUDADANOS-PARTIDO DE LA CIUDADANÍA,C’s,c_gal_2016.pdf,compartido
autonomous_2016_09,2016,Parlamento de Galicia,Galicia,Pontevedra,2,Javier Alonso Seoane,Hombre,TRUE,FALSE,Cs,FALSE,,CIUDADANOS-PARTIDO DE LA CIUDADANÍA,C’s,c_gal_2016.pdf,compartido
autonomous_2016_09,2016,Parlamento de Galicia,Galicia,Pontevedra,3,Josefa Casado González,Mujer,TRUE,FALSE,Cs,FALSE,,CIUDADANOS-PARTIDO DE LA CIUDADANÍA,C’s,c_gal_2016.pdf,compartido
autonomous_2016_09,2016,Parlamento de Galicia,Galicia,Pontevedra,4,María de Fátima Iglesias Ferreira,Mujer,TRUE,FALSE,Cs,FALSE,,CIUDADANOS-PARTIDO DE LA CIUDADANÍA,C’s,c_gal_2016.pdf,compartido
autonomous_2016_09,2016,Parlamento de Galicia,Galicia,Pontevedra,5,Aquilino Casalderrey Ramírez,Hombre,TRUE,FALSE,Cs,FALSE,,CIUDADANOS-PARTIDO DE LA CIUDADANÍA,C’s,c_gal_2016.pdf,compartido
autonomous_2016_09,2016,Parlamento de Galicia,Galicia,Pontevedra,6,Andrés Cal Malleiro,Hombre,TRUE,FALSE,Cs,FALSE,,CIUDADANOS-PARTIDO DE LA CIUDADANÍA,C’s,c_gal_2016.pdf,compartido
autonomous_2016_09,2016,Parlamento de Galicia,Galicia,Pontevedra,7,Natalia Valado Gregorio,Mujer,TRUE,FALSE,Cs,FALSE,,CIUDADANOS-PARTIDO DE LA CIUDADANÍA,C’s,c_gal_2016.pdf,compartido
autonomous_2016_09,2016,Parlamento de Galicia,Galicia,Pontevedra,8,Cintia Solla Besada,Mujer,TRUE,FALSE,Cs,FALSE,,CIUDADANOS-PARTIDO DE LA CIUDADANÍA,C’s,c_gal_2016.pdf,compartido
autonomous_2016_09,2016,Parlamento de Galicia,Galicia,Pontevedra,9,Manuel López Fernández,Hombre,TRUE,FALSE,Cs,FALSE,,CIUDADANOS-PARTIDO DE LA CIUDADANÍA,C’s,c_gal_2016.pdf,compartido
autonomous_2016_09,2016,Parlamento de Galicia,Galicia,Pontevedra,10,Breogán Rey Souto,Hombre,TRUE,FALSE,Cs,FALSE,,CIUDADANOS-PARTIDO DE LA CIUDADANÍA,C’s,c_gal_2016.pdf,compartido
autonomous_2016_09,2016,Parlamento de Galicia,Galicia,Pontevedra,11,María Lourdes Moreno Carrera,Mujer,TRUE,FALSE,Cs,FALSE,,CIUDADANOS-PARTIDO DE LA CIUDADANÍA,C’s,c_gal_2016.pdf,compartido
autonomous_2016_09,2016,Parlamento de Galicia,Galicia,Pontevedra,12,Antonio Rosales García,Hombre,TRUE,FALSE,Cs,FALSE,,CIUDADANOS-PARTIDO DE LA CIUDADANÍA,C’s,c_gal_2016.pdf,compartido
autonomous_2016_09,2016,Parlamento de Galicia,Galicia,Pontevedra,13,Gael González Alonso,Hombre,TRUE,FALSE,Cs,FALSE,,CIUDADANOS-PARTIDO DE LA CIUDADANÍA,C’s,c_gal_2016.pdf,compartido
autonomous_2016_09,2016,Parlamento de Galicia,Galicia,Pontevedra,14,María Gloria Prieto Pérez,Mujer,TRUE,FALSE,Cs,FALSE,,CIUDADANOS-PARTIDO DE LA CIUDADANÍA,C’s,c_gal_2016.pdf,compartido
autonomous_2016_09,2016,Parlamento de Galicia,Galicia,Pontevedra,15,María Ángeles Eva Medina Canalejo,Mujer,TRUE,FALSE,Cs,FALSE,,CIUDADANOS-PARTIDO DE LA CIUDADANÍA,C’s,c_gal_2016.pdf,compartido
autonomous_2016_09,2016,Parlamento de Galicia,Galicia,Pontevedra,16,José Manuel Canabal Franco,Hombre,TRUE,FALSE,Cs,FALSE,,CIUDADANOS-PARTIDO DE LA CIUDADANÍA,C’s,c_gal_2016.pdf,compartido
autonomous_2016_09,2016,Parlamento de Galicia,Galicia,Pontevedra,17,Pablo Sixto Gulín,Hombre,TRUE,FALSE,Cs,FALSE,,CIUDADANOS-PARTIDO DE LA CIUDADANÍA,C’s,c_gal_2016.pdf,compartido
autonomous_2016_09,2016,Parlamento de Galicia,Galicia,Pontevedra,18,Juan Tevar Descalzo,Hombre,TRUE,FALSE,Cs,FALSE,,CIUDADANOS-PARTIDO DE LA CIUDADANÍA,C’s,c_gal_2016.pdf,compartido
autonomous_2016_09,2016,Parlamento de Galicia,Galicia,Pontevedra,19,Raquel Álvarez Mera,Mujer,TRUE,FALSE,Cs,FALSE,,CIUDADANOS-PARTIDO DE LA CIUDADANÍA,C’s,c_gal_2016.pdf,compartido
autonomous_2016_09,2016,Parlamento de Galicia,Galicia,Pontevedra,20,Carmen María Álvarez González,Mujer,TRUE,FALSE,Cs,FALSE,,CIUDADANOS-PARTIDO DE LA CIUDADANÍA,C’s,c_gal_2016.pdf,compartido
autonomous_2016_09,2016,Parlamento de Galicia,Galicia,Pontevedra,21,Roberto Recamán Lagos,Hombre,TRUE,FALSE,Cs,FALSE,,CIUDADANOS-PARTIDO DE LA CIUDADANÍA,C’s,c_gal_2016.pdf,compartido
autonomous_2016_09,2016,Parlamento de Galicia,Galicia,Pontevedra,22,Raquel Piñón Casado,Mujer,TRUE,FALSE,Cs,FALSE,,CIUDADANOS-PARTIDO DE LA CIUDADANÍA,C’s,c_gal_2016.pdf,compartido
autonomous_2016_09,2016,Parlamento de Galicia,Galicia,Pontevedra,1,Sandra Gil Alonso,Mujer,FALSE,FALSE,Cs,FALSE,,CIUDADANOS-PARTIDO DE LA CIUDADANÍA,C’s,c_gal_2016.pdf,compartido
autonomous_2016_09,2016,Parlamento de Galicia,Galicia,Pontevedra,2,Miguel Blanco González,Hombre,FALSE,FALSE,Cs,FALSE,,CIUDADANOS-PARTIDO DE LA CIUDADANÍA,C’s,c_gal_2016.pdf,compartido
autonomous_2016_09,2016,Parlamento de Galicia,Galicia,Pontevedra,3,María de los Milagros Veiga Leiros,Mujer,FALSE,FALSE,Cs,FALSE,,CIUDADANOS-PARTIDO DE LA CIUDADANÍA,C’s,c_gal_2016.pdf,compartido
autonomous_2016_09,2016,Parlamento de Galicia,Galicia,Pontevedra,4,Marco Antonio Varela Amoedo,Hombre,FALSE,FALSE,Cs,FALSE,,CIUDADANOS-PARTIDO DE LA CIUDADANÍA,C’s,c_gal_2016.pdf,compartido
autonomous_2016_09,2016,Parlamento de Galicia,Galicia,Pontevedra,5,María Isabel Álvarez Moreira,Mujer,FALSE,FALSE,Cs,FALSE,,CIUDADANOS-PARTIDO DE LA CIUDADANÍA,C’s,c_gal_2016.pdf,compartido
autonomous_2016_09,2016,Parlamento Vasco / Eusko Legebiltzarra,Pais Vasco,Álava,1,NICOLAS DE MIGUEL VELEZ,Hombre,TRUE,FALSE,Cs,FALSE,,CIUDADANOS – PARTIDO DE LA CIUDADANÍA,(C´s),c_pv_2016_ala.pdf,compartido
autonomous_2016_09,2016,Parlamento Vasco / Eusko Legebiltzarra,Pais Vasco,Álava,2,JOSE ANGEL RUIZ JIMENEZ,Hombre,TRUE,FALSE,Cs,FALSE,,CIUDADANOS – PARTIDO DE LA CIUDADANÍA,(C´s),c_pv_2016_ala.pdf,compartido
autonomous_2016_09,2016,Parlamento Vasco / Eusko Legebiltzarra,Pais Vasco,Álava,3,MILAGROS MORLESIN MARTINEZ,Mujer,TRUE,FALSE,Cs,FALSE,,CIUDADANOS – PARTIDO DE LA CIUDADANÍA,(C´s),c_pv_2016_ala.pdf,compartido
autonomous_2016_09,2016,Parlamento Vasco / Eusko Legebiltzarra,Pais Vasco,Álava,4,BEGOÑA FERNANDEZ MARTIN,Mujer,TRUE,FALSE,Cs,FALSE,,CIUDADANOS – PARTIDO DE LA CIUDADANÍA,(C´s),c_pv_2016_ala.pdf,compartido
autonomous_2016_09,2016,Parlamento Vasco / Eusko Legebiltzarra,Pais Vasco,Álava,5,JOSE ANTONIO MATEO RANDEZ,Hombre,TRUE,FALSE,Cs,FALSE,,CIUDADANOS – PARTIDO DE LA CIUDADANÍA,(C´s),c_pv_2016_ala.pdf,compartido
autonomous_2016_09,2016,Parlamento Vasco / Eusko Legebiltzarra,Pais Vasco,Álava,6,MARIA BEGOÑA GARCIA DE LA CRUZ,Mujer,TRUE,FALSE,Cs,FALSE,,CIUDADANOS – PARTIDO DE LA CIUDADANÍA,(C´s),c_pv_2016_ala.pdf,compartido
autonomous_2016_09,2016,Parlamento Vasco / Eusko Legebiltzarra,Pais Vasco,Álava,7,ANTONIO MALDONADO COMPAÑON,Hombre,TRUE,FALSE,Cs,FALSE,,CIUDADANOS – PARTIDO DE LA CIUDADANÍA,(C´s),c_pv_2016_ala.pdf,compartido
autonomous_2016_09,2016,Parlamento Vasco / Eusko Legebiltzarra,Pais Vasco,Álava,8,PILAR GIMENO GIL,Mujer,TRUE,FALSE,Cs,FALSE,,CIUDADANOS – PARTIDO DE LA CIUDADANÍA,(C´s),c_pv_2016_ala.pdf,compartido
autonomous_2016_09,2016,Parlamento Vasco / Eusko Legebiltzarra,Pais Vasco,Álava,9,JAVIER GOMEZ CALVO,Hombre,TRUE,FALSE,Cs,FALSE,,CIUDADANOS – PARTIDO DE LA CIUDADANÍA,(C´s),c_pv_2016_ala.pdf,compartido
autonomous_2016_09,2016,Parlamento Vasco / Eusko Legebiltzarra,Pais Vasco,Álava,10,MARIA JOSEFA PARDO MENÉNDEZ,Mujer,TRUE,FALSE,Cs,FALSE,,CIUDADANOS – PARTIDO DE LA CIUDADANÍA,(C´s),c_pv_2016_ala.pdf,compartido
autonomous_2016_09,2016,Parlamento Vasco / Eusko Legebiltzarra,Pais Vasco,Álava,11,DANIEL OCIO OCIO,Hombre,TRUE,FALSE,Cs,FALSE,,CIUDADANOS – PARTIDO DE LA CIUDADANÍA,(C´s),c_pv_2016_ala.pdf,compartido
autonomous_2016_09,2016,Parlamento Vasco / Eusko Legebiltzarra,Pais Vasco,Álava,12,MARIA BEGOÑA BARRIO DEL MORAL,Mujer,TRUE,FALSE,Cs,FALSE,,CIUDADANOS – PARTIDO DE LA CIUDADANÍA,(C´s),c_pv_2016_ala.pdf,compartido
autonomous_2016_09,2016,Parlamento Vasco / Eusko Legebiltzarra,Pais Vasco,Álava,13,MIGUEL JACOBO LEAL FIERRO,Hombre,TRUE,FALSE,Cs,FALSE,,CIUDADANOS – PARTIDO DE LA CIUDADANÍA,(C´s),c_pv_2016_ala.pdf,compartido
autonomous_2016_09,2016,Parlamento Vasco / Eusko Legebiltzarra,Pais Vasco,Álava,14,ANA ROSA MACIEIRA GARCIA,Mujer,TRUE,FALSE,Cs,FALSE,,CIUDADANOS – PARTIDO DE LA CIUDADANÍA,(C´s),c_pv_2016_ala.pdf,compartido
autonomous_2016_09,2016,Parlamento Vasco / Eusko Legebiltzarra,Pais Vasco,Álava,15,JONATHAN CALVO RUEDA,Hombre,TRUE,FALSE,Cs,FALSE,,CIUDADANOS – PARTIDO DE LA CIUDADANÍA,(C´s),c_pv_2016_ala.pdf,compartido
autonomous_2016_09,2016,Parlamento Vasco / Eusko Legebiltzarra,Pais Vasco,Álava,16,YOLANDA MARCILLA SARASOLA,Mujer,TRUE,FALSE,Cs,FALSE,,CIUDADANOS – PARTIDO DE LA CIUDADANÍA,(C´s),c_pv_2016_ala.pdf,compartido
autonomous_2016_09,2016,Parlamento Vasco / Eusko Legebiltzarra,Pais Vasco,Álava,17,ROSA MARIA SAINZ MANTILLA,Mujer,TRUE,FALSE,Cs,FALSE,,CIUDADANOS – PARTIDO DE LA CIUDADANÍA,(C´s),c_pv_2016_ala.pdf,compartido
autonomous_2016_09,2016,Parlamento Vasco / Eusko Legebiltzarra,Pais Vasco,Álava,18,GUILLERMO ABURTO URIARTE,Hombre,TRUE,FALSE,Cs,FALSE,,CIUDADANOS – PARTIDO DE LA CIUDADANÍA,(C´s),c_pv_2016_ala.pdf,compartido
autonomous_2016_09,2016,Parlamento Vasco / Eusko Legebiltzarra,Pais Vasco,Álava,19,PEDRO IGNACIO MENDIZABAL MIGUELEZ,Hombre,TRUE,FALSE,Cs,FALSE,,CIUDADANOS – PARTIDO DE LA CIUDADANÍA,(C´s),c_pv_2016_ala.pdf,compartido
autonomous_2016_09,2016,Parlamento Vasco / Eusko Legebiltzarra,Pais Vasco,Álava,20,JUAN CARLOS RIO LOMA,Hombre,TRUE,FALSE,Cs,FALSE,,CIUDADANOS – PARTIDO DE LA CIUDADANÍA,(C´s),c_pv_2016_ala.pdf,compartido
autonomous_2016_09,2016,Parlamento Vasco / Eusko Legebiltzarra,Pais Vasco,Álava,21,ELISA URCELAY LIZARRAGA,Mujer,TRUE,FALSE,Cs,FALSE,,CIUDADANOS – PARTIDO DE LA CIUDADANÍA,(C´s),c_pv_2016_ala.pdf,compartido
autonomous_2016_09,2016,Parlamento Vasco / Eusko Legebiltzarra,Pais Vasco,Álava,22,ELOY ALIPIO RODRIGUEZ,Hombre,TRUE,FALSE,Cs,FALSE,,CIUDADANOS – PARTIDO DE LA CIUDADANÍA,(C´s),c_pv_2016_ala.pdf,compartido
autonomous_2016_09,2016,Parlamento Vasco / Eusko Legebiltzarra,Pais Vasco,Álava,23,PATRICIA CAROLINA RODRIGUEZ TOIMIL,Mujer,TRUE,FALSE,Cs,FALSE,,CIUDADANOS – PARTIDO DE LA CIUDADANÍA,(C´s),c_pv_2016_ala.pdf,compartido
autonomous_2016_09,2016,Parlamento Vasco / Eusko Legebiltzarra,Pais Vasco,Álava,24,VANESA ORTIZ ANCIN,Mujer,TRUE,FALSE,Cs,FALSE,,CIUDADANOS – PARTIDO DE LA CIUDADANÍA,(C´s),c_pv_2016_ala.pdf,compartido
autonomous_2016_09,2016,Parlamento Vasco / Eusko Legebiltzarra,Pais Vasco,Álava,25,FRANCISCO JAVIER PEREZ MORENO,Hombre,TRUE,FALSE,Cs,FALSE,,CIUDADANOS – PARTIDO DE LA CIUDADANÍA,(C´s),c_pv_2016_ala.pdf,compartido
autonomous_2016_09,2016,Parlamento Vasco / Eusko Legebiltzarra,Pais Vasco,Álava,1,MARIA MARTA SALDAÑA PARDO,Mujer,FALSE,FALSE,Cs,FALSE,,CIUDADANOS – PARTIDO DE LA CIUDADANÍA,(C´s),c_pv_2016_ala.pdf,compartido
autonomous_2016_09,2016,Parlamento Vasco / Eusko Legebiltzarra,Pais Vasco,Álava,2,IÑIGO GRIJALBA FERNANDEZ,Hombre,FALSE,FALSE,Cs,FALSE,,CIUDADANOS – PARTIDO DE LA CIUDADANÍA,(C´s),c_pv_2016_ala.pdf,compartido
autonomous_2016_09,2016,Parlamento Vasco / Eusko Legebiltzarra,Pais Vasco,Álava,3,MARIA LUISA AVENDAÑO BIKANDI,Mujer,FALSE,FALSE,Cs,FALSE,,CIUDADANOS – PARTIDO DE LA CIUDADANÍA,(C´s),c_pv_2016_ala.pdf,compartido
autonomous_2017_12,2017,Parlament de Catalunya,Cataluna,Barcelona,1,Inés Arrimadas García,Mujer,TRUE,TRUE,Cs,FALSE,,CIUTADANS-PARTIDO DE LA CIUDADANIA Verificable en http://www.boe.es,C’s,c_cat_2017.pdf,compartido
autonomous_2017_12,2017,Parlament de Catalunya,Cataluna,Barcelona,2,Carlos Carrizosa Torres,Hombre,TRUE,TRUE,Cs,FALSE,,CIUTADANS-PARTIDO DE LA CIUDADANIA Verificable en http://www.boe.es,C’s,c_cat_2017.pdf,compartido
autonomous_2017_12,2017,Parlament de Catalunya,Cataluna,Barcelona,3,José María Espejo-Saavedra Conesa,Hombre,TRUE,TRUE,Cs,FALSE,,CIUTADANS-PARTIDO DE LA CIUDADANIA Verificable en http://www.boe.es,C’s,c_cat_2017.pdf,compartido
autonomous_2017_12,2017,Parlament de Catalunya,Cataluna,Barcelona,4,Fernando Tomás de Páramo Gómez,Hombre,TRUE,TRUE,Cs,FALSE,,CIUTADANS-PARTIDO DE LA CIUDADANIA Verificable en http://www.boe.es,C’s,c_cat_2017.pdf,compartido
autonomous_2017_12,2017,Parlament de Catalunya,Cataluna,Barcelona,5,Sonia Sierra Infante,Mujer,TRUE,TRUE,Cs,FALSE,,CIUTADANS-PARTIDO DE LA CIUDADANIA Verificable en http://www.boe.es,C’s,c_cat_2017.pdf,compartido
autonomous_2017_12,2017,Parlament de Catalunya,Cataluna,Barcelona,6,Ignacio (Nacho) Martín Blanco,Hombre,TRUE,TRUE,Cs,FALSE,,CIUTADANS-PARTIDO DE LA CIUDADANIA Verificable en http://www.boe.es,C’s,c_cat_2017.pdf,compartido
autonomous_2017_12,2017,Parlament de Catalunya,Cataluna,Barcelona,7,Joan García González,Hombre,TRUE,TRUE,Cs,FALSE,,CIUTADANS-PARTIDO DE LA CIUDADANIA Verificable en http://www.boe.es,C’s,c_cat_2017.pdf,compartido
autonomous_2017_12,2017,Parlament de Catalunya,Cataluna,Barcelona,8,Marina Bravo Sobrino,Mujer,TRUE,TRUE,Cs,FALSE,,CIUTADANS-PARTIDO DE LA CIUDADANIA Verificable en http://www.boe.es,C’s,c_cat_2017.pdf,compartido
autonomous_2017_12,2017,Parlament de Catalunya,Cataluna,Barcelona,9,David Mejía Ayra,Hombre,TRUE,TRUE,Cs,FALSE,,CIUTADANS-PARTIDO DE LA CIUDADANIA Verificable en http://www.boe.es,C’s,c_cat_2017.pdf,compartido
autonomous_2017_12,2017,Parlament de Catalunya,Cataluna,Barcelona,10,Noemí de la Calle Sifré,Mujer,TRUE,TRUE,Cs,FALSE,,CIUTADANS-PARTIDO DE LA CIUDADANIA Verificable en http://www.boe.es,C’s,c_cat_2017.pdf,compartido
autonomous_2017_12,2017,Parlament de Catalunya,Cataluna,Barcelona,11,Antonio Espinosa Cerrato,Hombre,TRUE,TRUE,Cs,FALSE,,CIUTADANS-PARTIDO DE LA CIUDADANIA Verificable en http://www.boe.es,C’s,c_cat_2017.pdf,compartido
autonomous_2017_12,2017,Parlament de Catalunya,Cataluna,Barcelona,12,Susana Beltrán García,Mujer,TRUE,TRUE,Cs,FALSE,,CIUTADANS-PARTIDO DE LA CIUDADANIA Verificable en http://www.boe.es,C’s,c_cat_2017.pdf,compartido
autonomous_2017_12,2017,Parlament de Catalunya,Cataluna,Barcelona,13,Laura Vilchez Sánchez,Mujer,TRUE,TRUE,Cs,FALSE,,CIUTADANS-PARTIDO DE LA CIUDADANIA Verificable en http://www.boe.es,C’s,c_cat_2017.pdf,compartido
autonomous_2017_12,2017,Parlament de Catalunya,Cataluna,Barcelona,14,María Luz Guilarte Sánchez,Mujer,TRUE,TRUE,Cs,FALSE,,CIUTADANS-PARTIDO DE LA CIUDADANIA Verificable en http://www.boe.es,C’s,c_cat_2017.pdf,compartido
autonomous_2017_12,2017,Parlament de Catalunya,Cataluna,Barcelona,15,Martín Eusebio Barra López,Hombre,TRUE,TRUE,Cs,FALSE,,CIUTADANS-PARTIDO DE LA CIUDADANIA Verificable en http://www.boe.es,C’s,c_cat_2017.pdf,compartido
autonomous_2017_12,2017,Parlament de Catalunya,Cataluna,Barcelona,16,Blanca Victoria Navarro Pacheco,Mujer,TRUE,TRUE,Cs,FALSE,,CIUTADANS-PARTIDO DE LA CIUDADANIA Verificable en http://www.boe.es,C’s,c_cat_2017.pdf,compartido
autonomous_2017_12,2017,Parlament de Catalunya,Cataluna,Barcelona,17,José María Cano Navarro,Hombre,TRUE,TRUE,Cs,FALSE,,CIUTADANS-PARTIDO DE LA CIUDADANIA Verificable en http://www.boe.es,C’s,c_cat_2017.pdf,compartido
autonomous_2017_12,2017,Parlament de Catalunya,Cataluna,Barcelona,18,Sergio Sanz Jiménez,Hombre,TRUE,TRUE,Cs,FALSE,,CIUTADANS-PARTIDO DE LA CIUDADANIA Verificable en http://www.boe.es,C’s,c_cat_2017.pdf,compartido
autonomous_2017_12,2017,Parlament de Catalunya,Cataluna,Barcelona,19,Carmen de Rivera Pla,Mujer,TRUE,TRUE,Cs,FALSE,,CIUTADANS-PARTIDO DE LA CIUDADANIA Verificable en http://www.boe.es,C’s,c_cat_2017.pdf,compartido
autonomous_2017_12,2017,Parlament de Catalunya,Cataluna,Barcelona,20,Elisabeth Valencia Mimbrero,Mujer,TRUE,TRUE,Cs,FALSE,,CIUTADANS-PARTIDO DE LA CIUDADANIA Verificable en http://www.boe.es,C’s,c_cat_2017.pdf,compartido
autonomous_2017_12,2017,Parlament de Catalunya,Cataluna,Barcelona,21,María Francisca Valle Fuentes,Mujer,TRUE,TRUE,Cs,FALSE,,CIUTADANS-PARTIDO DE LA CIUDADANIA Verificable en http://www.boe.es,C’s,c_cat_2017.pdf,compartido
autonomous_2017_12,2017,Parlament de Catalunya,Cataluna,Barcelona,22,Munia Fernández-Jordán Celorio,Mujer,TRUE,TRUE,Cs,FALSE,,CIUTADANS-PARTIDO DE LA CIUDADANIA Verificable en http://www.boe.es,C’s,c_cat_2017.pdf,compartido
autonomous_2017_12,2017,Parlament de Catalunya,Cataluna,Barcelona,23,Dimas Gragera Velaz,Hombre,TRUE,TRUE,Cs,FALSE,,CIUTADANS-PARTIDO DE LA CIUDADANIA Verificable en http://www.boe.es,C’s,c_cat_2017.pdf,compartido
autonomous_2017_12,2017,Parlament de Catalunya,Cataluna,Barcelona,24,Manuel Rodríguez de l’Hotellerie de Fallois,Hombre,TRUE,TRUE,Cs,FALSE,,CIUTADANS-PARTIDO DE LA CIUDADANIA Verificable en http://www.boe.es,C’s,c_cat_2017.pdf,compartido
autonomous_2017_12,2017,Parlament de Catalunya,Cataluna,Barcelona,25,Martín Pachamé Barrera,Hombre,TRUE,FALSE,Cs,FALSE,,CIUTADANS-PARTIDO DE LA CIUDADANIA Verificable en http://www.boe.es,C’s,c_cat_2017.pdf,compartido
autonomous_2017_12,2017,Parlament de Catalunya,Cataluna,Barcelona,26,Jorge Feijóo Suñol,Hombre,TRUE,FALSE,Cs,FALSE,,CIUTADANS-PARTIDO DE LA CIUDADANIA Verificable en http://www.boe.es,C’s,c_cat_2017.pdf,compartido
autonomous_2017_12,2017,Parlament de Catalunya,Cataluna,Barcelona,27,María Mercedes Escofet Sala,Mujer,TRUE,FALSE,Cs,FALSE,,CIUTADANS-PARTIDO DE LA CIUDADANIA Verificable en http://www.boe.es,C’s,c_cat_2017.pdf,compartido
autonomous_2017_12,2017,Parlament de Catalunya,Cataluna,Barcelona,28,Manuel Losada Seivane,Hombre,TRUE,FALSE,Cs,FALSE,,CIUTADANS-PARTIDO DE LA CIUDADANIA Verificable en http://www.boe.es,C’s,c_cat_2017.pdf,compartido
autonomous_2017_12,2017,Parlament de Catalunya,Cataluna,Barcelona,29,María Carmen Esteban Fernández,Mujer,TRUE,FALSE,Cs,FALSE,,CIUTADANS-PARTIDO DE LA CIUDADANIA Verificable en http://www.boe.es,C’s,c_cat_2017.pdf,compartido
autonomous_2017_12,2017,Parlament de Catalunya,Cataluna,Barcelona,30,Carlos Sánchez Nicolau,Hombre,TRUE,FALSE,Cs,FALSE,,CIUTADANS-PARTIDO DE LA CIUDADANIA Verificable en http://www.boe.es,C’s,c_cat_2017.pdf,compartido
autonomous_2017_12,2017,Parlament de Catalunya,Cataluna,Barcelona,31,Josep María González Murt,Hombre,TRUE,FALSE,Cs,FALSE,,CIUTADANS-PARTIDO DE LA CIUDADANIA Verificable en http://www.boe.es,C’s,c_cat_2017.pdf,compartido
autonomous_2017_12,2017,Parlament de Catalunya,Cataluna,Barcelona,32,Carolina Torres García,Mujer,TRUE,FALSE,Cs,FALSE,,CIUTADANS-PARTIDO DE LA CIUDADANIA Verificable en http://www.boe.es,C’s,c_cat_2017.pdf,compartido
autonomous_2017_12,2017,Parlament de Catalunya,Cataluna,Barcelona,33,Sonia Reina Sánchez,Mujer,TRUE,FALSE,Cs,FALSE,,CIUTADANS-PARTIDO DE LA CIUDADANIA Verificable en http://www.boe.es,C’s,c_cat_2017.pdf,compartido
autonomous_2017_12,2017,Parlament de Catalunya,Cataluna,Barcelona,34,Julio Manuel Roldán Moreno,Hombre,TRUE,FALSE,Cs,FALSE,,CIUTADANS-PARTIDO DE LA CIUDADANIA Verificable en http://www.boe.es,C’s,c_cat_2017.pdf,compartido
autonomous_2017_12,2017,Parlament de Catalunya,Cataluna,Barcelona,35,Eric Laserna Triviño,Hombre,TRUE,FALSE,Cs,FALSE,,CIUTADANS-PARTIDO DE LA CIUDADANIA Verificable en http://www.boe.es,C’s,c_cat_2017.pdf,compartido
autonomous_2017_12,2017,Parlament de Catalunya,Cataluna,Barcelona,36,Carmen Ortuño Aparcero,Mujer,TRUE,FALSE,Cs,FALSE,,CIUTADANS-PARTIDO DE LA CIUDADANIA Verificable en http://www.boe.es,C’s,c_cat_2017.pdf,compartido
autonomous_2017_12,2017,Parlament de Catalunya,Cataluna,Barcelona,37,Laura Casado Delgado,Mujer,TRUE,FALSE,Cs,FALSE,,CIUTADANS-PARTIDO DE LA CIUDADANIA Verificable en http://www.boe.es,C’s,c_cat_2017.pdf,compartido
autonomous_2017_12,2017,Parlament de Catalunya,Cataluna,Barcelona,38,Francisco Javier González Blesa,Hombre,TRUE,FALSE,Cs,FALSE,,CIUTADANS-PARTIDO DE LA CIUDADANIA Verificable en http://www.boe.es,C’s,c_cat_2017.pdf,compartido
autonomous_2017_12,2017,Parlament de Catalunya,Cataluna,Barcelona,39,María del Carmen Soffiati Requena,Mujer,TRUE,FALSE,Cs,FALSE,,CIUTADANS-PARTIDO DE LA CIUDADANIA Verificable en http://www.boe.es,C’s,c_cat_2017.pdf,compartido
autonomous_2017_12,2017,Parlament de Catalunya,Cataluna,Barcelona,40,José Luis Fernández Díaz,Hombre,TRUE,FALSE,Cs,FALSE,,CIUTADANS-PARTIDO DE LA CIUDADANIA Verificable en http://www.boe.es,C’s,c_cat_2017.pdf,compartido
autonomous_2017_12,2017,Parlament de Catalunya,Cataluna,Barcelona,41,Gorka Samaniego Asenjo,Hombre,TRUE,FALSE,Cs,FALSE,,CIUTADANS-PARTIDO DE LA CIUDADANIA Verificable en http://www.boe.es,C’s,c_cat_2017.pdf,compartido
autonomous_2017_12,2017,Parlament de Catalunya,Cataluna,Barcelona,42,María Soledad García Durán,Mujer,TRUE,FALSE,Cs,FALSE,,CIUTADANS-PARTIDO DE LA CIUDADANIA Verificable en http://www.boe.es,C’s,c_cat_2017.pdf,compartido
autonomous_2017_12,2017,Parlament de Catalunya,Cataluna,Barcelona,43,María Cristina Corona Guijarro,Mujer,TRUE,FALSE,Cs,FALSE,,CIUTADANS-PARTIDO DE LA CIUDADANIA Verificable en http://www.boe.es,C’s,c_cat_2017.pdf,compartido
autonomous_2017_12,2017,Parlament de Catalunya,Cataluna,Barcelona,44,Francisco Javier López Morano,Hombre,TRUE,FALSE,Cs,FALSE,,CIUTADANS-PARTIDO DE LA CIUDADANIA Verificable en http://www.boe.es,C’s,c_cat_2017.pdf,compartido
autonomous_2017_12,2017,Parlament de Catalunya,Cataluna,Barcelona,45,Francisco Muñoz Jiménez,Hombre,TRUE,FALSE,Cs,FALSE,,CIUTADANS-PARTIDO DE LA CIUDADANIA Verificable en http://www.boe.es,C’s,c_cat_2017.pdf,compartido
autonomous_2017_12,2017,Parlament de Catalunya,Cataluna,Barcelona,46,Anna-Clara Martínez Fernández,Mujer,TRUE,FALSE,Cs,FALSE,,CIUTADANS-PARTIDO DE LA CIUDADANIA Verificable en http://www.boe.es,C’s,c_cat_2017.pdf,compartido
autonomous_2017_12,2017,Parlament de Catalunya,Cataluna,Barcelona,47,Luis Díaz Vargas,Hombre,TRUE,FALSE,Cs,FALSE,,CIUTADANS-PARTIDO DE LA CIUDADANIA Verificable en http://www.boe.es,C’s,c_cat_2017.pdf,compartido
autonomous_2017_12,2017,Parlament de Catalunya,Cataluna,Barcelona,48,Julia Barea Sánchez,Mujer,TRUE,FALSE,Cs,FALSE,,CIUTADANS-PARTIDO DE LA CIUDADANIA Verificable en http://www.boe.es,C’s,c_cat_2017.pdf,compartido
autonomous_2017_12,2017,Parlament de Catalunya,Cataluna,Barcelona,49,David Gerboles Pérez,Hombre,TRUE,FALSE,Cs,FALSE,,CIUTADANS-PARTIDO DE LA CIUDADANIA Verificable en http://www.boe.es,C’s,c_cat_2017.pdf,compartido
autonomous_2017_12,2017,Parlament de Catalunya,Cataluna,Barcelona,50,Nicolás Ortiz Cuevas,Hombre,TRUE,FALSE,Cs,FALSE,,CIUTADANS-PARTIDO DE LA CIUDADANIA Verificable en http://www.boe.es,C’s,c_cat_2017.pdf,compartido
autonomous_2017_12,2017,Parlament de Catalunya,Cataluna,Barcelona,51,Saray Cantero García,Mujer,TRUE,FALSE,Cs,FALSE,,CIUTADANS-PARTIDO DE LA CIUDADANIA Verificable en http://www.boe.es,C’s,c_cat_2017.pdf,compartido
autonomous_2017_12,2017,Parlament de Catalunya,Cataluna,Barcelona,52,Raquel Quiles Puerto,Mujer,TRUE,FALSE,Cs,FALSE,,CIUTADANS-PARTIDO DE LA CIUDADANIA Verificable en http://www.boe.es,C’s,c_cat_2017.pdf,compartido
autonomous_2017_12,2017,Parlament de Catalunya,Cataluna,Barcelona,53,Roberto Carmany Valls,Hombre,TRUE,FALSE,Cs,FALSE,,CIUTADANS-PARTIDO DE LA CIUDADANIA Verificable en http://www.boe.es,C’s,c_cat_2017.pdf,compartido
autonomous_2017_12,2017,Parlament de Catalunya,Cataluna,Barcelona,54,Pedro Miret Betanzos,Hombre,TRUE,FALSE,Cs,FALSE,,CIUTADANS-PARTIDO DE LA CIUDADANIA Verificable en http://www.boe.es,C’s,c_cat_2017.pdf,compartido
autonomous_2017_12,2017,Parlament de Catalunya,Cataluna,Barcelona,55,Jordi Obón Cabre,Hombre,TRUE,FALSE,Cs,FALSE,,CIUTADANS-PARTIDO DE LA CIUDADANIA Verificable en http://www.boe.es,C’s,c_cat_2017.pdf,compartido
autonomous_2017_12,2017,Parlament de Catalunya,Cataluna,Barcelona,56,Esther Martínez Martí,Mujer,TRUE,FALSE,Cs,FALSE,,CIUTADANS-PARTIDO DE LA CIUDADANIA Verificable en http://www.boe.es,C’s,c_cat_2017.pdf,compartido
autonomous_2017_12,2017,Parlament de Catalunya,Cataluna,Barcelona,57,Jorge Pavón Álvarez,Hombre,TRUE,FALSE,Cs,FALSE,,CIUTADANS-PARTIDO DE LA CIUDADANIA Verificable en http://www.boe.es,C’s,c_cat_2017.pdf,compartido
autonomous_2017_12,2017,Parlament de Catalunya,Cataluna,Barcelona,58,Tahir Rafi Khanum,Hombre,TRUE,FALSE,Cs,FALSE,,CIUTADANS-PARTIDO DE LA CIUDADANIA Verificable en http://www.boe.es,C’s,c_cat_2017.pdf,compartido
autonomous_2017_12,2017,Parlament de Catalunya,Cataluna,Barcelona,59,Guadalupe del Rio Reyes,Mujer,TRUE,FALSE,Cs,FALSE,,CIUTADANS-PARTIDO DE LA CIUDADANIA Verificable en http://www.boe.es,C’s,c_cat_2017.pdf,compartido
autonomous_2017_12,2017,Parlament de Catalunya,Cataluna,Barcelona,60,Salvador Tovar Funes,Hombre,TRUE,FALSE,Cs,FALSE,,CIUTADANS-PARTIDO DE LA CIUDADANIA Verificable en http://www.boe.es,C’s,c_cat_2017.pdf,compartido
autonomous_2017_12,2017,Parlament de Catalunya,Cataluna,Barcelona,61,Cristina Claret Fernández,Mujer,TRUE,FALSE,Cs,FALSE,,CIUTADANS-PARTIDO DE LA CIUDADANIA Verificable en http://www.boe.es,C’s,c_cat_2017.pdf,compartido
autonomous_2017_12,2017,Parlament de Catalunya,Cataluna,Barcelona,62,Noemí Martín Peña,Mujer,TRUE,FALSE,Cs,FALSE,,CIUTADANS-PARTIDO DE LA CIUDADANIA Verificable en http://www.boe.es,C’s,c_cat_2017.pdf,compartido
autonomous_2017_12,2017,Parlament de Catalunya,Cataluna,Barcelona,63,Jose Luis Cerro Fernández,Hombre,TRUE,FALSE,Cs,FALSE,,CIUTADANS-PARTIDO DE LA CIUDADANIA Verificable en http://www.boe.es,C’s,c_cat_2017.pdf,compartido
autonomous_2017_12,2017,Parlament de Catalunya,Cataluna,Barcelona,64,Javier Pérez Gómez,Hombre,TRUE,FALSE,Cs,FALSE,,CIUTADANS-PARTIDO DE LA CIUDADANIA Verificable en http://www.boe.es,C’s,c_cat_2017.pdf,compartido
autonomous_2017_12,2017,Parlament de Catalunya,Cataluna,Barcelona,65,Guillermo Massana Romero,Hombre,TRUE,FALSE,Cs,FALSE,,CIUTADANS-PARTIDO DE LA CIUDADANIA Verificable en http://www.boe.es,C’s,c_cat_2017.pdf,compartido
autonomous_2017_12,2017,Parlament de Catalunya,Cataluna,Barcelona,66,Alejandro Fernández González,Hombre,TRUE,FALSE,Cs,FALSE,,CIUTADANS-PARTIDO DE LA CIUDADANIA Verificable en http://www.boe.es,C’s,c_cat_2017.pdf,compartido
autonomous_2017_12,2017,Parlament de Catalunya,Cataluna,Barcelona,67,Raquel Gázquez López,Mujer,TRUE,FALSE,Cs,FALSE,,CIUTADANS-PARTIDO DE LA CIUDADANIA Verificable en http://www.boe.es,C’s,c_cat_2017.pdf,compartido
autonomous_2017_12,2017,Parlament de Catalunya,Cataluna,Barcelona,68,Francisco Gavilán Peña,Hombre,TRUE,FALSE,Cs,FALSE,,CIUTADANS-PARTIDO DE LA CIUDADANIA Verificable en http://www.boe.es,C’s,c_cat_2017.pdf,compartido
autonomous_2017_12,2017,Parlament de Catalunya,Cataluna,Barcelona,69,Sonia Rodríguez Ruiz,Mujer,TRUE,FALSE,Cs,FALSE,,CIUTADANS-PARTIDO DE LA CIUDADANIA Verificable en http://www.boe.es,C’s,c_cat_2017.pdf,compartido
autonomous_2017_12,2017,Parlament de Catalunya,Cataluna,Barcelona,70,Mónica Liliana Dahan Rodríguez,Mujer,TRUE,FALSE,Cs,FALSE,,CIUTADANS-PARTIDO DE LA CIUDADANIA Verificable en http://www.boe.es,C’s,c_cat_2017.pdf,compartido
autonomous_2017_12,2017,Parlament de Catalunya,Cataluna,Barcelona,71,Josep Gabarra Barneda,Hombre,TRUE,FALSE,Cs,FALSE,,CIUTADANS-PARTIDO DE LA CIUDADANIA Verificable en http://www.boe.es,C’s,c_cat_2017.pdf,compartido
autonomous_2017_12,2017,Parlament de Catalunya,Cataluna,Barcelona,72,Francisco Javier González Mateo,Hombre,TRUE,FALSE,Cs,FALSE,,CIUTADANS-PARTIDO DE LA CIUDADANIA Verificable en http://www.boe.es,C’s,c_cat_2017.pdf,compartido
autonomous_2017_12,2017,Parlament de Catalunya,Cataluna,Barcelona,73,Margarita Castaño Gómez,Mujer,TRUE,FALSE,Cs,FALSE,,CIUTADANS-PARTIDO DE LA CIUDADANIA Verificable en http://www.boe.es,C’s,c_cat_2017.pdf,compartido
autonomous_2017_12,2017,Parlament de Catalunya,Cataluna,Barcelona,74,José Rosales Fuentes,Hombre,TRUE,FALSE,Cs,FALSE,,CIUTADANS-PARTIDO DE LA CIUDADANIA Verificable en http://www.boe.es,C’s,c_cat_2017.pdf,compartido
autonomous_2017_12,2017,Parlament de Catalunya,Cataluna,Barcelona,75,Angels Valls Borrás,Mujer,TRUE,FALSE,Cs,FALSE,,CIUTADANS-PARTIDO DE LA CIUDADANIA Verificable en http://www.boe.es,C’s,c_cat_2017.pdf,compartido
autonomous_2017_12,2017,Parlament de Catalunya,Cataluna,Barcelona,76,Juan (Nito) Foncuberta Riba,Hombre,TRUE,FALSE,Cs,FALSE,,CIUTADANS-PARTIDO DE LA CIUDADANIA Verificable en http://www.boe.es,C’s,c_cat_2017.pdf,compartido
autonomous_2017_12,2017,Parlament de Catalunya,Cataluna,Barcelona,77,Aurora Montserrat Suárez Vázquez,Mujer,TRUE,FALSE,Cs,FALSE,,CIUTADANS-PARTIDO DE LA CIUDADANIA Verificable en http://www.boe.es,C’s,c_cat_2017.pdf,compartido
autonomous_2017_12,2017,Parlament de Catalunya,Cataluna,Barcelona,78,Manuel Mendoza García,Hombre,TRUE,FALSE,Cs,FALSE,,CIUTADANS-PARTIDO DE LA CIUDADANIA Verificable en http://www.boe.es,C’s,c_cat_2017.pdf,compartido
autonomous_2017_12,2017,Parlament de Catalunya,Cataluna,Barcelona,79,Félix Cogolludo Gamboa,Hombre,TRUE,FALSE,Cs,FALSE,,CIUTADANS-PARTIDO DE LA CIUDADANIA Verificable en http://www.boe.es,C’s,c_cat_2017.pdf,compartido
autonomous_2017_12,2017,Parlament de Catalunya,Cataluna,Barcelona,80,Aurora Sáez Gonzalez,Mujer,TRUE,FALSE,Cs,FALSE,,CIUTADANS-PARTIDO DE LA CIUDADANIA Verificable en http://www.boe.es,C’s,c_cat_2017.pdf,compartido
autonomous_2017_12,2017,Parlament de Catalunya,Cataluna,Barcelona,81,Sonia Rosales Calderón,Mujer,TRUE,FALSE,Cs,FALSE,,CIUTADANS-PARTIDO DE LA CIUDADANIA Verificable en http://www.boe.es,C’s,c_cat_2017.pdf,compartido
autonomous_2017_12,2017,Parlament de Catalunya,Cataluna,Barcelona,82,Jorge García Mulet,Hombre,TRUE,FALSE,Cs,FALSE,,CIUTADANS-PARTIDO DE LA CIUDADANIA Verificable en http://www.boe.es,C’s,c_cat_2017.pdf,compartido
autonomous_2017_12,2017,Parlament de Catalunya,Cataluna,Barcelona,83,Miguel Manuel García Valle,Hombre,TRUE,FALSE,Cs,FALSE,,CIUTADANS-PARTIDO DE LA CIUDADANIA Verificable en http://www.boe.es,C’s,c_cat_2017.pdf,compartido
autonomous_2017_12,2017,Parlament de Catalunya,Cataluna,Barcelona,84,Carina Mejías Sánchez,Mujer,TRUE,FALSE,Cs,FALSE,,CIUTADANS-PARTIDO DE LA CIUDADANIA Verificable en http://www.boe.es,C’s,c_cat_2017.pdf,compartido
autonomous_2017_12,2017,Parlament de Catalunya,Cataluna,Barcelona,85,Francesc de Carreras Serra,Hombre,TRUE,FALSE,Cs,FALSE,,CIUTADANS-PARTIDO DE LA CIUDADANIA Verificable en http://www.boe.es,C’s,c_cat_2017.pdf,compartido
autonomous_2017_12,2017,Parlament de Catalunya,Cataluna,Barcelona,1,Paloma Jiménez de Parga Maseda,Mujer,FALSE,FALSE,Cs,FALSE,,CIUTADANS-PARTIDO DE LA CIUDADANIA Verificable en http://www.boe.es,C’s,c_cat_2017.pdf,compartido
autonomous_2017_12,2017,Parlament de Catalunya,Cataluna,Barcelona,2,Fernando Viñas Rodríguez,Hombre,FALSE,FALSE,Cs,FALSE,,CIUTADANS-PARTIDO DE LA CIUDADANIA Verificable en http://www.boe.es,C’s,c_cat_2017.pdf,compartido
autonomous_2017_12,2017,Parlament de Catalunya,Cataluna,Barcelona,3,Sira Rahmouni Villalón,Mujer,FALSE,FALSE,Cs,FALSE,,CIUTADANS-PARTIDO DE LA CIUDADANIA Verificable en http://www.boe.es,C’s,c_cat_2017.pdf,compartido
autonomous_2017_12,2017,Parlament de Catalunya,Cataluna,Barcelona,4,Rubén Martínez Goy,Hombre,FALSE,FALSE,Cs,FALSE,,CIUTADANS-PARTIDO DE LA CIUDADANIA Verificable en http://www.boe.es,C’s,c_cat_2017.pdf,compartido
autonomous_2017_12,2017,Parlament de Catalunya,Cataluna,Barcelona,5,Jesús Amadeo Martín González,Hombre,FALSE,FALSE,Cs,FALSE,,CIUTADANS-PARTIDO DE LA CIUDADANIA Verificable en http://www.boe.es,C’s,c_cat_2017.pdf,compartido
autonomous_2017_12,2017,Parlament de Catalunya,Cataluna,Barcelona,6,Jesús Castell Devis,Hombre,FALSE,FALSE,Cs,FALSE,,CIUTADANS-PARTIDO DE LA CIUDADANIA Verificable en http://www.boe.es,C’s,c_cat_2017.pdf,compartido
autonomous_2017_12,2017,Parlament de Catalunya,Cataluna,Girona,1,Juan Maria Castel Sucarrat (Jean),Hombre,TRUE,TRUE,Cs,FALSE,,CIUTADANS-PARTIDO DE LA CIUDADANIA,C’s,c_cat_2017.pdf,compartido
autonomous_2017_12,2017,Parlament de Catalunya,Cataluna,Girona,2,Alfonso Sánchez Fisac,Hombre,TRUE,TRUE,Cs,FALSE,,CIUTADANS-PARTIDO DE LA CIUDADANIA,C’s,c_cat_2017.pdf,compartido
autonomous_2017_12,2017,Parlament de Catalunya,Cataluna,Girona,3,Héctor Amelló Montiu,Hombre,TRUE,TRUE,Cs,FALSE,,CIUTADANS-PARTIDO DE LA CIUDADANIA,C’s,c_cat_2017.pdf,compartido
autonomous_2017_12,2017,Parlament de Catalunya,Cataluna,Girona,4,Maria del Camino Fernández Riol,Mujer,TRUE,TRUE,Cs,FALSE,,CIUTADANS-PARTIDO DE LA CIUDADANIA,C’s,c_cat_2017.pdf,compartido
autonomous_2017_12,2017,Parlament de Catalunya,Cataluna,Girona,5,Sheila Arias Malpica,Mujer,TRUE,FALSE,Cs,FALSE,,CIUTADANS-PARTIDO DE LA CIUDADANIA,C’s,c_cat_2017.pdf,compartido
autonomous_2017_12,2017,Parlament de Catalunya,Cataluna,Girona,6,Jaime Muzas Marcos,Hombre,TRUE,FALSE,Cs,FALSE,,CIUTADANS-PARTIDO DE LA CIUDADANIA,C’s,c_cat_2017.pdf,compartido
autonomous_2017_12,2017,Parlament de Catalunya,Cataluna,Girona,7,Elisabet Guillen Verdejo,Mujer,TRUE,FALSE,Cs,FALSE,,CIUTADANS-PARTIDO DE LA CIUDADANIA,C’s,c_cat_2017.pdf,compartido
autonomous_2017_12,2017,Parlament de Catalunya,Cataluna,Girona,8,José Manuel Álvarez Cuñat,Hombre,TRUE,FALSE,Cs,FALSE,,CIUTADANS-PARTIDO DE LA CIUDADANIA,C’s,c_cat_2017.pdf,compartido
autonomous_2017_12,2017,Parlament de Catalunya,Cataluna,Girona,9,Maria Paz García Moreno,Mujer,TRUE,FALSE,Cs,FALSE,,CIUTADANS-PARTIDO DE LA CIUDADANIA,C’s,c_cat_2017.pdf,compartido
autonomous_2017_12,2017,Parlament de Catalunya,Cataluna,Girona,10,Atilano González Moran,Hombre,TRUE,FALSE,Cs,FALSE,,CIUTADANS-PARTIDO DE LA CIUDADANIA,C’s,c_cat_2017.pdf,compartido
autonomous_2017_12,2017,Parlament de Catalunya,Cataluna,Girona,11,Sara Nerea Mateos Linacero,Mujer,TRUE,FALSE,Cs,FALSE,,CIUTADANS-PARTIDO DE LA CIUDADANIA,C’s,c_cat_2017.pdf,compartido
autonomous_2017_12,2017,Parlament de Catalunya,Cataluna,Girona,12,Sergio Atalaya Martín,Hombre,TRUE,FALSE,Cs,FALSE,,CIUTADANS-PARTIDO DE LA CIUDADANIA,C’s,c_cat_2017.pdf,compartido
autonomous_2017_12,2017,Parlament de Catalunya,Cataluna,Girona,13,Arantxa Granada de Caramany Bonet,Mujer,TRUE,FALSE,Cs,FALSE,,CIUTADANS-PARTIDO DE LA CIUDADANIA,C’s,c_cat_2017.pdf,compartido
autonomous_2017_12,2017,Parlament de Catalunya,Cataluna,Girona,14,Manuel Vázquez Rodríguez,Hombre,TRUE,FALSE,Cs,FALSE,,CIUTADANS-PARTIDO DE LA CIUDADANIA,C’s,c_cat_2017.pdf,compartido
autonomous_2017_12,2017,Parlament de Catalunya,Cataluna,Girona,15,Isabel Machado Rosa,Mujer,TRUE,FALSE,Cs,FALSE,,CIUTADANS-PARTIDO DE LA CIUDADANIA,C’s,c_cat_2017.pdf,compartido
autonomous_2017_12,2017,Parlament de Catalunya,Cataluna,Girona,16,Miriam Pujola Romero,Mujer,TRUE,FALSE,Cs,FALSE,,CIUTADANS-PARTIDO DE LA CIUDADANIA,C’s,c_cat_2017.pdf,compartido
autonomous_2017_12,2017,Parlament de Catalunya,Cataluna,Girona,17,Jose Luis Villa Montava,Hombre,TRUE,FALSE,Cs,FALSE,,CIUTADANS-PARTIDO DE LA CIUDADANIA,C’s,c_cat_2017.pdf,compartido
autonomous_2017_12,2017,Parlament de Catalunya,Cataluna,Girona,1,Jorge Hernández García,Hombre,FALSE,FALSE,Cs,FALSE,,CIUTADANS-PARTIDO DE LA CIUDADANIA,C’s,c_cat_2017.pdf,compartido
autonomous_2017_12,2017,Parlament de Catalunya,Cataluna,Girona,2,Olga Morente Iglesias,Mujer,FALSE,FALSE,Cs,FALSE,,CIUTADANS-PARTIDO DE LA CIUDADANIA,C’s,c_cat_2017.pdf,compartido
autonomous_2017_12,2017,Parlament de Catalunya,Cataluna,Girona,3,Cristina Rodríguez Miguez,Mujer,FALSE,FALSE,Cs,FALSE,,CIUTADANS-PARTIDO DE LA CIUDADANIA,C’s,c_cat_2017.pdf,compartido
autonomous_2017_12,2017,Parlament de Catalunya,Cataluna,Girona,4,José Ramón Talero Álvarez,Hombre,FALSE,FALSE,Cs,FALSE,,CIUTADANS-PARTIDO DE LA CIUDADANIA,C’s,c_cat_2017.pdf,compartido
autonomous_2017_12,2017,Parlament de Catalunya,Cataluna,Girona,5,Fernando López de Castro Fa,Hombre,FALSE,FALSE,Cs,FALSE,,CIUTADANS-PARTIDO DE LA CIUDADANIA,C’s,c_cat_2017.pdf,compartido
autonomous_2017_12,2017,Parlament de Catalunya,Cataluna,Lleida,1,Jorge Soler González,Hombre,TRUE,TRUE,Cs,FALSE,,CIUTADANS-PARTIDO DE LA CIUDADANÍA,C’s,c_cat_2017.pdf,compartido
autonomous_2017_12,2017,Parlament de Catalunya,Cataluna,Lleida,2,Javier Rivas Escamilla,Hombre,TRUE,TRUE,Cs,FALSE,,CIUTADANS-PARTIDO DE LA CIUDADANÍA,C’s,c_cat_2017.pdf,compartido
autonomous_2017_12,2017,Parlament de Catalunya,Cataluna,Lleida,3,David Bertran Román,Hombre,TRUE,TRUE,Cs,FALSE,,CIUTADANS-PARTIDO DE LA CIUDADANÍA,C’s,c_cat_2017.pdf,compartido
autonomous_2017_12,2017,Parlament de Catalunya,Cataluna,Lleida,4,Laura Escrig Bolea,Mujer,TRUE,FALSE,Cs,FALSE,,CIUTADANS-PARTIDO DE LA CIUDADANÍA,C’s,c_cat_2017.pdf,compartido
autonomous_2017_12,2017,Parlament de Catalunya,Cataluna,Lleida,5,Cristina Daza Requena,Mujer,TRUE,FALSE,Cs,FALSE,,CIUTADANS-PARTIDO DE LA CIUDADANÍA,C’s,c_cat_2017.pdf,compartido
autonomous_2017_12,2017,Parlament de Catalunya,Cataluna,Lleida,6,Renato Bertomeu Redó,Hombre,TRUE,FALSE,Cs,FALSE,,CIUTADANS-PARTIDO DE LA CIUDADANÍA,C’s,c_cat_2017.pdf,compartido
autonomous_2017_12,2017,Parlament de Catalunya,Cataluna,Lleida,7,Ramon Vilaltella Domenjo,Hombre,TRUE,FALSE,Cs,FALSE,,CIUTADANS-PARTIDO DE LA CIUDADANÍA,C’s,c_cat_2017.pdf,compartido
autonomous_2017_12,2017,Parlament de Catalunya,Cataluna,Lleida,8,Josefa Martinez Nievas,Mujer,TRUE,FALSE,Cs,FALSE,,CIUTADANS-PARTIDO DE LA CIUDADANÍA,C’s,c_cat_2017.pdf,compartido
autonomous_2017_12,2017,Parlament de Catalunya,Cataluna,Lleida,9,José María Godia Sánchez,Hombre,TRUE,FALSE,Cs,FALSE,,CIUTADANS-PARTIDO DE LA CIUDADANÍA,C’s,c_cat_2017.pdf,compartido
autonomous_2017_12,2017,Parlament de Catalunya,Cataluna,Lleida,10,Maria José Valenzuela Báguena,Mujer,TRUE,FALSE,Cs,FALSE,,CIUTADANS-PARTIDO DE LA CIUDADANÍA,C’s,c_cat_2017.pdf,compartido
autonomous_2017_12,2017,Parlament de Catalunya,Cataluna,Lleida,11,Cristina Latorre Lopez,Mujer,TRUE,FALSE,Cs,FALSE,,CIUTADANS-PARTIDO DE LA CIUDADANÍA,C’s,c_cat_2017.pdf,compartido
autonomous_2017_12,2017,Parlament de Catalunya,Cataluna,Lleida,12,Pedro Carreiro Romero,Hombre,TRUE,FALSE,Cs,FALSE,,CIUTADANS-PARTIDO DE LA CIUDADANÍA,C’s,c_cat_2017.pdf,compartido
autonomous_2017_12,2017,Parlament de Catalunya,Cataluna,Lleida,13,Jose Maria Cordoba Alos,Hombre,TRUE,FALSE,Cs,FALSE,,CIUTADANS-PARTIDO DE LA CIUDADANÍA,C’s,c_cat_2017.pdf,compartido
autonomous_2017_12,2017,Parlament de Catalunya,Cataluna,Lleida,14,José Luis Osorio Fernández,Hombre,TRUE,FALSE,Cs,FALSE,,CIUTADANS-PARTIDO DE LA CIUDADANÍA,C’s,c_cat_2017.pdf,compartido
autonomous_2017_12,2017,Parlament de Catalunya,Cataluna,Lleida,15,Angeles Ribes Duarte,Mujer,TRUE,FALSE,Cs,FALSE,,CIUTADANS-PARTIDO DE LA CIUDADANÍA,C’s,c_cat_2017.pdf,compartido
autonomous_2017_12,2017,Parlament de Catalunya,Cataluna,Lleida,1,Daniel Rubio Ruiz,Hombre,FALSE,FALSE,Cs,FALSE,,CIUTADANS-PARTIDO DE LA CIUDADANÍA,C’s,c_cat_2017.pdf,compartido
autonomous_2017_12,2017,Parlament de Catalunya,Cataluna,Lleida,2,Alfonso Picazo Martínez,Hombre,FALSE,FALSE,Cs,FALSE,,CIUTADANS-PARTIDO DE LA CIUDADANÍA,C’s,c_cat_2017.pdf,compartido
autonomous_2017_12,2017,Parlament de Catalunya,Cataluna,Lleida,3,Ane Miren Arteaga Navarro,Mujer,FALSE,FALSE,Cs,FALSE,,CIUTADANS-PARTIDO DE LA CIUDADANÍA,C’s,c_cat_2017.pdf,compartido
autonomous_2017_12,2017,Parlament de Catalunya,Cataluna,Tarragona,1,Matías Alonso Ruiz,Hombre,TRUE,TRUE,Cs,FALSE,,CIUTADANS-PARTIDO DE LA CIUDADANÍA,C’s,c_cat_2017.pdf,compartido
autonomous_2017_12,2017,Parlament de Catalunya,Cataluna,Tarragona,2,Lorena Roldán Suárez,Mujer,TRUE,TRUE,Cs,FALSE,,CIUTADANS-PARTIDO DE LA CIUDADANÍA,C’s,c_cat_2017.pdf,compartido
autonomous_2017_12,2017,Parlament de Catalunya,Cataluna,Tarragona,3,Carlos Sánchez Martín,Hombre,TRUE,TRUE,Cs,FALSE,,CIUTADANS-PARTIDO DE LA CIUDADANÍA,C’s,c_cat_2017.pdf,compartido
autonomous_2017_12,2017,Parlament de Catalunya,Cataluna,Tarragona,4,Francisco Javier Domínguez Serrano,Hombre,TRUE,TRUE,Cs,FALSE,,CIUTADANS-PARTIDO DE LA CIUDADANÍA,C’s,c_cat_2017.pdf,compartido
autonomous_2017_12,2017,Parlament de Catalunya,Cataluna,Tarragona,5,Maialen Fernández Cabezas,Mujer,TRUE,TRUE,Cs,FALSE,,CIUTADANS-PARTIDO DE LA CIUDADANÍA,C’s,c_cat_2017.pdf,compartido
autonomous_2017_12,2017,Parlament de Catalunya,Cataluna,Tarragona,6,Fernando Pecino Robles,Hombre,TRUE,FALSE,Cs,FALSE,,CIUTADANS-PARTIDO DE LA CIUDADANÍA,C’s,c_cat_2017.pdf,compartido
autonomous_2017_12,2017,Parlament de Catalunya,Cataluna,Tarragona,7,Maria Carme Margalef Vernet,Mujer,TRUE,FALSE,Cs,FALSE,,CIUTADANS-PARTIDO DE LA CIUDADANÍA,C’s,c_cat_2017.pdf,compartido
autonomous_2017_12,2017,Parlament de Catalunya,Cataluna,Tarragona,8,Ricardo López Vázquez,Hombre,TRUE,FALSE,Cs,FALSE,,CIUTADANS-PARTIDO DE LA CIUDADANÍA,C’s,c_cat_2017.pdf,compartido
autonomous_2017_12,2017,Parlament de Catalunya,Cataluna,Tarragona,9,Vanessa Anna Pallarès Mulet,Mujer,TRUE,FALSE,Cs,FALSE,,CIUTADANS-PARTIDO DE LA CIUDADANÍA,C’s,c_cat_2017.pdf,compartido
autonomous_2017_12,2017,Parlament de Catalunya,Cataluna,Tarragona,10,Ángeles Débora García Cámara,Mujer,TRUE,FALSE,Cs,FALSE,,CIUTADANS-PARTIDO DE LA CIUDADANÍA,C’s,c_cat_2017.pdf,compartido
autonomous_2017_12,2017,Parlament de Catalunya,Cataluna,Tarragona,11,Darío Ballesta Córdoba,Hombre,TRUE,FALSE,Cs,FALSE,,CIUTADANS-PARTIDO DE LA CIUDADANÍA,C’s,c_cat_2017.pdf,compartido
autonomous_2017_12,2017,Parlament de Catalunya,Cataluna,Tarragona,12,Miriamdel Barco Moreno,,TRUE,FALSE,Cs,FALSE,,CIUTADANS-PARTIDO DE LA CIUDADANÍA,C’s,c_cat_2017.pdf,compartido
autonomous_2017_12,2017,Parlament de Catalunya,Cataluna,Tarragona,13,Ángel Guillén Pajuelo,Hombre,TRUE,FALSE,Cs,FALSE,,CIUTADANS-PARTIDO DE LA CIUDADANÍA,C’s,c_cat_2017.pdf,compartido
autonomous_2017_12,2017,Parlament de Catalunya,Cataluna,Tarragona,14,Raquel Tamar García Cámara,Mujer,TRUE,FALSE,Cs,FALSE,,CIUTADANS-PARTIDO DE LA CIUDADANÍA,C’s,c_cat_2017.pdf,compartido
autonomous_2017_12,2017,Parlament de Catalunya,Cataluna,Tarragona,15,Miguel Ángel Hidalgo Gutiérrez,Hombre,TRUE,FALSE,Cs,FALSE,,CIUTADANS-PARTIDO DE LA CIUDADANÍA,C’s,c_cat_2017.pdf,compartido
autonomous_2017_12,2017,Parlament de Catalunya,Cataluna,Tarragona,16,Verónica Estíbaliz Larrea Ayala,Mujer,TRUE,FALSE,Cs,FALSE,,CIUTADANS-PARTIDO DE LA CIUDADANÍA,C’s,c_cat_2017.pdf,compartido
autonomous_2017_12,2017,Parlament de Catalunya,Cataluna,Tarragona,17,Sergio Marchal García,Hombre,TRUE,FALSE,Cs,FALSE,,CIUTADANS-PARTIDO DE LA CIUDADANÍA,C’s,c_cat_2017.pdf,compartido
autonomous_2017_12,2017,Parlament de Catalunya,Cataluna,Tarragona,18,Ana Belén Rodríguez Ros,Mujer,TRUE,FALSE,Cs,FALSE,,CIUTADANS-PARTIDO DE LA CIUDADANÍA,C’s,c_cat_2017.pdf,compartido
autonomous_2017_12,2017,Parlament de Catalunya,Cataluna,Tarragona,1,Félix Fernando Pérez Sancho,Hombre,FALSE,FALSE,Cs,FALSE,,CIUTADANS-PARTIDO DE LA CIUDADANÍA,C’s,c_cat_2017.pdf,compartido
autonomous_2017_12,2017,Parlament de Catalunya,Cataluna,Tarragona,2,José Patiño Ribera,Hombre,FALSE,FALSE,Cs,FALSE,,CIUTADANS-PARTIDO DE LA CIUDADANÍA,C’s,c_cat_2017.pdf,compartido
autonomous_2017_12,2017,Parlament de Catalunya,Cataluna,Tarragona,3,Ana María Sampedro Bastos,Mujer,FALSE,FALSE,Cs,FALSE,,CIUTADANS-PARTIDO DE LA CIUDADANÍA,C’s,c_cat_2017.pdf,compartido
autonomous_2017_12,2017,Parlament de Catalunya,Cataluna,Tarragona,4,Josep Gañán Jansà,Hombre,FALSE,FALSE,Cs,FALSE,,CIUTADANS-PARTIDO DE LA CIUDADANÍA,C’s,c_cat_2017.pdf,compartido
autonomous_2017_12,2017,Parlament de Catalunya,Cataluna,Tarragona,5,Cristina Satué Vallvé,Mujer,FALSE,FALSE,Cs,FALSE,,CIUTADANS-PARTIDO DE LA CIUDADANÍA,C’s,c_cat_2017.pdf,compartido
autonomous_2018_12,2018,Parlamento de Andalucía,Andalucia,Almería,1,Marta Bosquet Aznar,Mujer,TRUE,TRUE,Cs,FALSE,,CIUDADANOS-PARTIDO DE LA CIUDADANÍA (Cs),,https://www.juntadeandalucia.es/eboja/2018/214/BOJA18-214-00065-18211-01_00145473.pdf,andalucia
autonomous_2018_12,2018,Parlamento de Andalucía,Andalucia,Almería,2,Andrés Ramón Samper Rueda,Hombre,TRUE,TRUE,Cs,FALSE,,CIUDADANOS-PARTIDO DE LA CIUDADANÍA (Cs),,https://www.juntadeandalucia.es/eboja/2018/214/BOJA18-214-00065-18211-01_00145473.pdf,andalucia
autonomous_2018_12,2018,Parlamento de Andalucía,Andalucia,Almería,3,Mercedes María López Romero,Mujer,TRUE,FALSE,Cs,FALSE,,CIUDADANOS-PARTIDO DE LA CIUDADANÍA (Cs),,https://www.juntadeandalucia.es/eboja/2018/214/BOJA18-214-00065-18211-01_00145473.pdf,andalucia
autonomous_2018_12,2018,Parlamento de Andalucía,Andalucia,Almería,4,David Bonillo Viciana,Hombre,TRUE,FALSE,Cs,FALSE,,CIUDADANOS-PARTIDO DE LA CIUDADANÍA (Cs),,https://www.juntadeandalucia.es/eboja/2018/214/BOJA18-214-00065-18211-01_00145473.pdf,andalucia
autonomous_2018_12,2018,Parlamento de Andalucía,Andalucia,Almería,5,María Dolores Fernández López,Mujer,TRUE,FALSE,Cs,FALSE,,CIUDADANOS-PARTIDO DE LA CIUDADANÍA (Cs),,https://www.juntadeandalucia.es/eboja/2018/214/BOJA18-214-00065-18211-01_00145473.pdf,andalucia
autonomous_2018_12,2018,Parlamento de Andalucía,Andalucia,Almería,6,Vicente García Egea,Hombre,TRUE,FALSE,Cs,FALSE,,CIUDADANOS-PARTIDO DE LA CIUDADANÍA (Cs),,https://www.juntadeandalucia.es/eboja/2018/214/BOJA18-214-00065-18211-01_00145473.pdf,andalucia
autonomous_2018_12,2018,Parlamento de Andalucía,Andalucia,Almería,7,Eva María García Cruz,Mujer,TRUE,FALSE,Cs,FALSE,,CIUDADANOS-PARTIDO DE LA CIUDADANÍA (Cs),,https://www.juntadeandalucia.es/eboja/2018/214/BOJA18-214-00065-18211-01_00145473.pdf,andalucia
autonomous_2018_12,2018,Parlamento de Andalucía,Andalucia,Almería,8,Manuel Martínez García,Hombre,TRUE,FALSE,Cs,FALSE,,CIUDADANOS-PARTIDO DE LA CIUDADANÍA (Cs),,https://www.juntadeandalucia.es/eboja/2018/214/BOJA18-214-00065-18211-01_00145473.pdf,andalucia
autonomous_2018_12,2018,Parlamento de Andalucía,Andalucia,Almería,9,María Mercedes Montilla Rodríguez,Mujer,TRUE,FALSE,Cs,FALSE,,CIUDADANOS-PARTIDO DE LA CIUDADANÍA (Cs),,https://www.juntadeandalucia.es/eboja/2018/214/BOJA18-214-00065-18211-01_00145473.pdf,andalucia
autonomous_2018_12,2018,Parlamento de Andalucía,Andalucia,Almería,10,Alejandro Rodríguez Contreras,Hombre,TRUE,FALSE,Cs,FALSE,,CIUDADANOS-PARTIDO DE LA CIUDADANÍA (Cs),,https://www.juntadeandalucia.es/eboja/2018/214/BOJA18-214-00065-18211-01_00145473.pdf,andalucia
autonomous_2018_12,2018,Parlamento de Andalucía,Andalucia,Almería,11,Rosa María Maldonado Aguilera,Mujer,TRUE,FALSE,Cs,FALSE,,CIUDADANOS-PARTIDO DE LA CIUDADANÍA (Cs),,https://www.juntadeandalucia.es/eboja/2018/214/BOJA18-214-00065-18211-01_00145473.pdf,andalucia
autonomous_2018_12,2018,Parlamento de Andalucía,Andalucia,Almería,12,Rafael Jesús Burgos Castelo,Hombre,TRUE,FALSE,Cs,FALSE,,CIUDADANOS-PARTIDO DE LA CIUDADANÍA (Cs),,https://www.juntadeandalucia.es/eboja/2018/214/BOJA18-214-00065-18211-01_00145473.pdf,andalucia
autonomous_2018_12,2018,Parlamento de Andalucía,Andalucia,Almería,1,Almudena Serrano Felices,Mujer,FALSE,FALSE,Cs,FALSE,,CIUDADANOS-PARTIDO DE LA CIUDADANÍA (Cs),,https://www.juntadeandalucia.es/eboja/2018/214/BOJA18-214-00065-18211-01_00145473.pdf,andalucia
autonomous_2018_12,2018,Parlamento de Andalucía,Andalucia,Almería,2,Tomás Galera Nogueras,Hombre,FALSE,FALSE,Cs,FALSE,,CIUDADANOS-PARTIDO DE LA CIUDADANÍA (Cs),,https://www.juntadeandalucia.es/eboja/2018/214/BOJA18-214-00065-18211-01_00145473.pdf,andalucia
autonomous_2018_12,2018,Parlamento de Andalucía,Andalucia,Almería,3,María Josefa Navarro Pinto,Mujer,FALSE,FALSE,Cs,FALSE,,CIUDADANOS-PARTIDO DE LA CIUDADANÍA (Cs),,https://www.juntadeandalucia.es/eboja/2018/214/BOJA18-214-00065-18211-01_00145473.pdf,andalucia
autonomous_2018_12,2018,Parlamento de Andalucía,Andalucia,Almería,4,Francisco José Fernández García,Hombre,FALSE,FALSE,Cs,FALSE,,CIUDADANOS-PARTIDO DE LA CIUDADANÍA (Cs),,https://www.juntadeandalucia.es/eboja/2018/214/BOJA18-214-00065-18211-01_00145473.pdf,andalucia
autonomous_2018_12,2018,Parlamento de Andalucía,Andalucia,Cádiz,1,Sergio Romero Jiménez,Hombre,TRUE,TRUE,Cs,FALSE,,CIUDADANOS-PARTIDO DE LA CIUDADANÍA (Cs),,https://www.juntadeandalucia.es/eboja/2018/214/BOJA18-214-00065-18211-01_00145473.pdf,andalucia
autonomous_2018_12,2018,Parlamento de Andalucía,Andalucia,Cádiz,2,María del Carmen Martínez Granados (Independiente),Mujer,TRUE,TRUE,Cs,FALSE,,CIUDADANOS-PARTIDO DE LA CIUDADANÍA (Cs),,https://www.juntadeandalucia.es/eboja/2018/214/BOJA18-214-00065-18211-01_00145473.pdf,andalucia
autonomous_2018_12,2018,Parlamento de Andalucía,Andalucia,Cádiz,3,Juan de Dios Sánchez López,Hombre,TRUE,TRUE,Cs,FALSE,,CIUDADANOS-PARTIDO DE LA CIUDADANÍA (Cs),,https://www.juntadeandalucia.es/eboja/2018/214/BOJA18-214-00065-18211-01_00145473.pdf,andalucia
autonomous_2018_12,2018,Parlamento de Andalucía,Andalucia,Cádiz,4,Ángela Rodríguez Aguilar,Mujer,TRUE,FALSE,Cs,FALSE,,CIUDADANOS-PARTIDO DE LA CIUDADANÍA (Cs),,https://www.juntadeandalucia.es/eboja/2018/214/BOJA18-214-00065-18211-01_00145473.pdf,andalucia
autonomous_2018_12,2018,Parlamento de Andalucía,Andalucia,Cádiz,5,Mariano Casas Miranda,Hombre,TRUE,FALSE,Cs,FALSE,,CIUDADANOS-PARTIDO DE LA CIUDADANÍA (Cs),,https://www.juntadeandalucia.es/eboja/2018/214/BOJA18-214-00065-18211-01_00145473.pdf,andalucia
autonomous_2018_12,2018,Parlamento de Andalucía,Andalucia,Cádiz,6,María Almudena Camacho Sumariva,Mujer,TRUE,FALSE,Cs,FALSE,,CIUDADANOS-PARTIDO DE LA CIUDADANÍA (Cs),,https://www.juntadeandalucia.es/eboja/2018/214/BOJA18-214-00065-18211-01_00145473.pdf,andalucia
autonomous_2018_12,2018,Parlamento de Andalucía,Andalucia,Cádiz,7,Carlos Pérez González,Hombre,TRUE,FALSE,Cs,FALSE,,CIUDADANOS-PARTIDO DE LA CIUDADANÍA (Cs),,https://www.juntadeandalucia.es/eboja/2018/214/BOJA18-214-00065-18211-01_00145473.pdf,andalucia
autonomous_2018_12,2018,Parlamento de Andalucía,Andalucia,Cádiz,8,María del Carmen Fidalgo Campaña,Mujer,TRUE,FALSE,Cs,FALSE,,CIUDADANOS-PARTIDO DE LA CIUDADANÍA (Cs),,https://www.juntadeandalucia.es/eboja/2018/214/BOJA18-214-00065-18211-01_00145473.pdf,andalucia
autonomous_2018_12,2018,Parlamento de Andalucía,Andalucia,Cádiz,9,Luis Alfonso Abad de Brieva,Hombre,TRUE,FALSE,Cs,FALSE,,CIUDADANOS-PARTIDO DE LA CIUDADANÍA (Cs),,https://www.juntadeandalucia.es/eboja/2018/214/BOJA18-214-00065-18211-01_00145473.pdf,andalucia
autonomous_2018_12,2018,Parlamento de Andalucía,Andalucia,Cádiz,10,María Luisa Vallejo Rivera,Mujer,TRUE,FALSE,Cs,FALSE,,CIUDADANOS-PARTIDO DE LA CIUDADANÍA (Cs),,https://www.juntadeandalucia.es/eboja/2018/214/BOJA18-214-00065-18211-01_00145473.pdf,andalucia
autonomous_2018_12,2018,Parlamento de Andalucía,Andalucia,Cádiz,11,Manuel Jairo Correro Calvente,Hombre,TRUE,FALSE,Cs,FALSE,,CIUDADANOS-PARTIDO DE LA CIUDADANÍA (Cs),,https://www.juntadeandalucia.es/eboja/2018/214/BOJA18-214-00065-18211-01_00145473.pdf,andalucia
autonomous_2018_12,2018,Parlamento de Andalucía,Andalucia,Cádiz,12,Lorena Gutiérrez Fuentes,Mujer,TRUE,FALSE,Cs,FALSE,,CIUDADANOS-PARTIDO DE LA CIUDADANÍA (Cs),,https://www.juntadeandalucia.es/eboja/2018/214/BOJA18-214-00065-18211-01_00145473.pdf,andalucia
autonomous_2018_12,2018,Parlamento de Andalucía,Andalucia,Cádiz,13,Javier Jesús Gómez Porrua,Hombre,TRUE,FALSE,Cs,FALSE,,CIUDADANOS-PARTIDO DE LA CIUDADANÍA (Cs),,https://www.juntadeandalucia.es/eboja/2018/214/BOJA18-214-00065-18211-01_00145473.pdf,andalucia
autonomous_2018_12,2018,Parlamento de Andalucía,Andalucia,Cádiz,14,Sonia Álvarez Ruiz,Mujer,TRUE,FALSE,Cs,FALSE,,CIUDADANOS-PARTIDO DE LA CIUDADANÍA (Cs),,https://www.juntadeandalucia.es/eboja/2018/214/BOJA18-214-00065-18211-01_00145473.pdf,andalucia
autonomous_2018_12,2018,Parlamento de Andalucía,Andalucia,Cádiz,15,Francisco José Segovia Segovia,Hombre,TRUE,FALSE,Cs,FALSE,,CIUDADANOS-PARTIDO DE LA CIUDADANÍA (Cs),,https://www.juntadeandalucia.es/eboja/2018/214/BOJA18-214-00065-18211-01_00145473.pdf,andalucia
autonomous_2018_12,2018,Parlamento de Andalucía,Andalucia,Cádiz,1,María Dolores Rodríguez Cano,Mujer,FALSE,FALSE,Cs,FALSE,,CIUDADANOS-PARTIDO DE LA CIUDADANÍA (Cs),,https://www.juntadeandalucia.es/eboja/2018/214/BOJA18-214-00065-18211-01_00145473.pdf,andalucia
autonomous_2018_12,2018,Parlamento de Andalucía,Andalucia,Cádiz,2,Ezequiel Hinojo Montes,Hombre,FALSE,FALSE,Cs,FALSE,,CIUDADANOS-PARTIDO DE LA CIUDADANÍA (Cs),,https://www.juntadeandalucia.es/eboja/2018/214/BOJA18-214-00065-18211-01_00145473.pdf,andalucia
autonomous_2018_12,2018,Parlamento de Andalucía,Andalucia,Cádiz,3,María Esther Mariscal Rodríguez,Mujer,FALSE,FALSE,Cs,FALSE,,CIUDADANOS-PARTIDO DE LA CIUDADANÍA (Cs),,https://www.juntadeandalucia.es/eboja/2018/214/BOJA18-214-00065-18211-01_00145473.pdf,andalucia
autonomous_2018_12,2018,Parlamento de Andalucía,Andalucia,Cádiz,4,Carlos Rodríguez Lois,Hombre,FALSE,FALSE,Cs,FALSE,,CIUDADANOS-PARTIDO DE LA CIUDADANÍA (Cs),,https://www.juntadeandalucia.es/eboja/2018/214/BOJA18-214-00065-18211-01_00145473.pdf,andalucia
autonomous_2018_12,2018,Parlamento de Andalucía,Andalucia,Córdoba,1,Francisco José Carrillo Guerrero (Independiente),Hombre,TRUE,TRUE,Cs,FALSE,,CIUDADANOS-PARTIDO DE LA CIUDADANÍA (Cs),,https://www.juntadeandalucia.es/eboja/2018/214/BOJA18-214-00065-18211-01_00145473.pdf,andalucia
autonomous_2018_12,2018,Parlamento de Andalucía,Andalucia,Córdoba,2,María Isabel Albás Vives,Mujer,TRUE,TRUE,Cs,FALSE,,CIUDADANOS-PARTIDO DE LA CIUDADANÍA (Cs),,https://www.juntadeandalucia.es/eboja/2018/214/BOJA18-214-00065-18211-01_00145473.pdf,andalucia
autonomous_2018_12,2018,Parlamento de Andalucía,Andalucia,Córdoba,3,Emiliano Reyes Pozuelo Cerezo,Hombre,TRUE,FALSE,Cs,FALSE,,CIUDADANOS-PARTIDO DE LA CIUDADANÍA (Cs),,https://www.juntadeandalucia.es/eboja/2018/214/BOJA18-214-00065-18211-01_00145473.pdf,andalucia
autonomous_2018_12,2018,Parlamento de Andalucía,Andalucia,Córdoba,4,Purificación Joyera Rodríguez,Mujer,TRUE,FALSE,Cs,FALSE,,CIUDADANOS-PARTIDO DE LA CIUDADANÍA (Cs),,https://www.juntadeandalucia.es/eboja/2018/214/BOJA18-214-00065-18211-01_00145473.pdf,andalucia
autonomous_2018_12,2018,Parlamento de Andalucía,Andalucia,Córdoba,5,José Osmar Alza Aramburu,Hombre,TRUE,FALSE,Cs,FALSE,,CIUDADANOS-PARTIDO DE LA CIUDADANÍA (Cs),,https://www.juntadeandalucia.es/eboja/2018/214/BOJA18-214-00065-18211-01_00145473.pdf,andalucia
autonomous_2018_12,2018,Parlamento de Andalucía,Andalucia,Córdoba,6,Eva María Timoteo Castiel,Mujer,TRUE,FALSE,Cs,FALSE,,CIUDADANOS-PARTIDO DE LA CIUDADANÍA (Cs),,https://www.juntadeandalucia.es/eboja/2018/214/BOJA18-214-00065-18211-01_00145473.pdf,andalucia
autonomous_2018_12,2018,Parlamento de Andalucía,Andalucia,Córdoba,7,Manuel Ramón Torrejimeno Martín,Hombre,TRUE,FALSE,Cs,FALSE,,CIUDADANOS-PARTIDO DE LA CIUDADANÍA (Cs),,https://www.juntadeandalucia.es/eboja/2018/214/BOJA18-214-00065-18211-01_00145473.pdf,andalucia
autonomous_2018_12,2018,Parlamento de Andalucía,Andalucia,Córdoba,8,Encarnación Valdivia Barea,Mujer,TRUE,FALSE,Cs,FALSE,,CIUDADANOS-PARTIDO DE LA CIUDADANÍA (Cs),,https://www.juntadeandalucia.es/eboja/2018/214/BOJA18-214-00065-18211-01_00145473.pdf,andalucia
autonomous_2018_12,2018,Parlamento de Andalucía,Andalucia,Córdoba,9,Miguel Ángel Castellano Cañete,Hombre,TRUE,FALSE,Cs,FALSE,,CIUDADANOS-PARTIDO DE LA CIUDADANÍA (Cs),,https://www.juntadeandalucia.es/eboja/2018/214/BOJA18-214-00065-18211-01_00145473.pdf,andalucia
autonomous_2018_12,2018,Parlamento de Andalucía,Andalucia,Córdoba,10,María Mantas Molleja,Mujer,TRUE,FALSE,Cs,FALSE,,CIUDADANOS-PARTIDO DE LA CIUDADANÍA (Cs),,https://www.juntadeandalucia.es/eboja/2018/214/BOJA18-214-00065-18211-01_00145473.pdf,andalucia
autonomous_2018_12,2018,Parlamento de Andalucía,Andalucia,Córdoba,11,Guillermo León Murillo,Hombre,TRUE,FALSE,Cs,FALSE,,CIUDADANOS-PARTIDO DE LA CIUDADANÍA (Cs),,https://www.juntadeandalucia.es/eboja/2018/214/BOJA18-214-00065-18211-01_00145473.pdf,andalucia
autonomous_2018_12,2018,Parlamento de Andalucía,Andalucia,Córdoba,12,Isabel Suárez Baena,Mujer,TRUE,FALSE,Cs,FALSE,,CIUDADANOS-PARTIDO DE LA CIUDADANÍA (Cs),,https://www.juntadeandalucia.es/eboja/2018/214/BOJA18-214-00065-18211-01_00145473.pdf,andalucia
autonomous_2018_12,2018,Parlamento de Andalucía,Andalucia,Córdoba,1,Luis Nevado Medina,Hombre,FALSE,FALSE,Cs,FALSE,,CIUDADANOS-PARTIDO DE LA CIUDADANÍA (Cs),,https://www.juntadeandalucia.es/eboja/2018/214/BOJA18-214-00065-18211-01_00145473.pdf,andalucia
autonomous_2018_12,2018,Parlamento de Andalucía,Andalucia,Córdoba,2,Antonia Martínez Moreno,Mujer,FALSE,FALSE,Cs,FALSE,,CIUDADANOS-PARTIDO DE LA CIUDADANÍA (Cs),,https://www.juntadeandalucia.es/eboja/2018/214/BOJA18-214-00065-18211-01_00145473.pdf,andalucia
autonomous_2018_12,2018,Parlamento de Andalucía,Andalucia,Córdoba,3,Bernhard Dietz Guerrero,Hombre,FALSE,FALSE,Cs,FALSE,,CIUDADANOS-PARTIDO DE LA CIUDADANÍA (Cs),,https://www.juntadeandalucia.es/eboja/2018/214/BOJA18-214-00065-18211-01_00145473.pdf,andalucia
autonomous_2018_12,2018,Parlamento de Andalucía,Andalucia,Córdoba,4,Amparo González Cárdenas,Mujer,FALSE,FALSE,Cs,FALSE,,CIUDADANOS-PARTIDO DE LA CIUDADANÍA (Cs),,https://www.juntadeandalucia.es/eboja/2018/214/BOJA18-214-00065-18211-01_00145473.pdf,andalucia
autonomous_2018_12,2018,Parlamento de Andalucía,Andalucia,Granada,1,María del Mar Sánchez Muñoz,Mujer,TRUE,TRUE,Cs,FALSE,,CIUDADANOS-PARTIDO DE LA CIUDADANÍA (Cs),,https://www.juntadeandalucia.es/eboja/2018/214/BOJA18-214-00065-18211-01_00145473.pdf,andalucia
autonomous_2018_12,2018,Parlamento de Andalucía,Andalucia,Granada,2,Raúl Fernando Fernández Asensio,Hombre,TRUE,TRUE,Cs,FALSE,,CIUDADANOS-PARTIDO DE LA CIUDADANÍA (Cs),,https://www.juntadeandalucia.es/eboja/2018/214/BOJA18-214-00065-18211-01_00145473.pdf,andalucia
autonomous_2018_12,2018,Parlamento de Andalucía,Andalucia,Granada,3,Concepción González Insúa (Independiente),Mujer,TRUE,TRUE,Cs,FALSE,,CIUDADANOS-PARTIDO DE LA CIUDADANÍA (Cs),,https://www.juntadeandalucia.es/eboja/2018/214/BOJA18-214-00065-18211-01_00145473.pdf,andalucia
autonomous_2018_12,2018,Parlamento de Andalucía,Andalucia,Granada,4,Manuel Casares Rodríguez,Hombre,TRUE,FALSE,Cs,FALSE,,CIUDADANOS-PARTIDO DE LA CIUDADANÍA (Cs),,https://www.juntadeandalucia.es/eboja/2018/214/BOJA18-214-00065-18211-01_00145473.pdf,andalucia
autonomous_2018_12,2018,Parlamento de Andalucía,Andalucia,Granada,5,Dolores Margarita Alcalá Valverde,Mujer,TRUE,FALSE,Cs,FALSE,,CIUDADANOS-PARTIDO DE LA CIUDADANÍA (Cs),,https://www.juntadeandalucia.es/eboja/2018/214/BOJA18-214-00065-18211-01_00145473.pdf,andalucia
autonomous_2018_12,2018,Parlamento de Andalucía,Andalucia,Granada,6,José Manuel Casals Medina,Hombre,TRUE,FALSE,Cs,FALSE,,CIUDADANOS-PARTIDO DE LA CIUDADANÍA (Cs),,https://www.juntadeandalucia.es/eboja/2018/214/BOJA18-214-00065-18211-01_00145473.pdf,andalucia
autonomous_2018_12,2018,Parlamento de Andalucía,Andalucia,Granada,7,María Ángeles Delgado Díaz,Mujer,TRUE,FALSE,Cs,FALSE,,CIUDADANOS-PARTIDO DE LA CIUDADANÍA (Cs),,https://www.juntadeandalucia.es/eboja/2018/214/BOJA18-214-00065-18211-01_00145473.pdf,andalucia
autonomous_2018_12,2018,Parlamento de Andalucía,Andalucia,Granada,8,Francisco José Rodríguez Ríos,Hombre,TRUE,FALSE,Cs,FALSE,,CIUDADANOS-PARTIDO DE LA CIUDADANÍA (Cs),,https://www.juntadeandalucia.es/eboja/2018/214/BOJA18-214-00065-18211-01_00145473.pdf,andalucia
autonomous_2018_12,2018,Parlamento de Andalucía,Andalucia,Granada,9,Gema González Urcelay,Mujer,TRUE,FALSE,Cs,FALSE,,CIUDADANOS-PARTIDO DE LA CIUDADANÍA (Cs),,https://www.juntadeandalucia.es/eboja/2018/214/BOJA18-214-00065-18211-01_00145473.pdf,andalucia
autonomous_2018_12,2018,Parlamento de Andalucía,Andalucia,Granada,10,José Manuel Lemos Perea,Hombre,TRUE,FALSE,Cs,FALSE,,CIUDADANOS-PARTIDO DE LA CIUDADANÍA (Cs),,https://www.juntadeandalucia.es/eboja/2018/214/BOJA18-214-00065-18211-01_00145473.pdf,andalucia
autonomous_2018_12,2018,Parlamento de Andalucía,Andalucia,Granada,11,María Eugenia Puente Gil,Mujer,TRUE,FALSE,Cs,FALSE,,CIUDADANOS-PARTIDO DE LA CIUDADANÍA (Cs),,https://www.juntadeandalucia.es/eboja/2018/214/BOJA18-214-00065-18211-01_00145473.pdf,andalucia
autonomous_2018_12,2018,Parlamento de Andalucía,Andalucia,Granada,12,Francisco José Martín Heredia,Hombre,TRUE,FALSE,Cs,FALSE,,CIUDADANOS-PARTIDO DE LA CIUDADANÍA (Cs),,https://www.juntadeandalucia.es/eboja/2018/214/BOJA18-214-00065-18211-01_00145473.pdf,andalucia
autonomous_2018_12,2018,Parlamento de Andalucía,Andalucia,Granada,13,Beatriz González Orce,Mujer,TRUE,FALSE,Cs,FALSE,,CIUDADANOS-PARTIDO DE LA CIUDADANÍA (Cs),,https://www.juntadeandalucia.es/eboja/2018/214/BOJA18-214-00065-18211-01_00145473.pdf,andalucia
autonomous_2018_12,2018,Parlamento de Andalucía,Andalucia,Granada,1,Fernando Serrano González,Hombre,FALSE,FALSE,Cs,FALSE,,CIUDADANOS-PARTIDO DE LA CIUDADANÍA (Cs),,https://www.juntadeandalucia.es/eboja/2018/214/BOJA18-214-00065-18211-01_00145473.pdf,andalucia
autonomous_2018_12,2018,Parlamento de Andalucía,Andalucia,Granada,2,Purificación Rubio Verdejo,Mujer,FALSE,FALSE,Cs,FALSE,,CIUDADANOS-PARTIDO DE LA CIUDADANÍA (Cs),,https://www.juntadeandalucia.es/eboja/2018/214/BOJA18-214-00065-18211-01_00145473.pdf,andalucia
autonomous_2018_12,2018,Parlamento de Andalucía,Andalucia,Granada,3,Gustavo Adolfo Rodríguez Fernández,Hombre,FALSE,FALSE,Cs,FALSE,,CIUDADANOS-PARTIDO DE LA CIUDADANÍA (Cs),,https://www.juntadeandalucia.es/eboja/2018/214/BOJA18-214-00065-18211-01_00145473.pdf,andalucia
autonomous_2018_12,2018,Parlamento de Andalucía,Andalucia,Granada,4,María Belén Carretero Morillas,Mujer,FALSE,FALSE,Cs,FALSE,,CIUDADANOS-PARTIDO DE LA CIUDADANÍA (Cs),,https://www.juntadeandalucia.es/eboja/2018/214/BOJA18-214-00065-18211-01_00145473.pdf,andalucia
autonomous_2018_12,2018,Parlamento de Andalucía,Andalucia,Huelva,1,Rocío Ruiz Domínguez,Mujer,TRUE,TRUE,Cs,FALSE,,CIUDADANOS-PARTIDO DE LA CIUDADANÍA (Cs),,https://www.juntadeandalucia.es/eboja/2018/214/BOJA18-214-00065-18211-01_00145473.pdf,andalucia
autonomous_2018_12,2018,Parlamento de Andalucía,Andalucia,Huelva,2,Julio Jesús Díaz Robledo,Hombre,TRUE,TRUE,Cs,FALSE,,CIUDADANOS-PARTIDO DE LA CIUDADANÍA (Cs),,https://www.juntadeandalucia.es/eboja/2018/214/BOJA18-214-00065-18211-01_00145473.pdf,andalucia
autonomous_2018_12,2018,Parlamento de Andalucía,Andalucia,Huelva,3,María Ponce Gallardo,Mujer,TRUE,FALSE,Cs,FALSE,,CIUDADANOS-PARTIDO DE LA CIUDADANÍA (Cs),,https://www.juntadeandalucia.es/eboja/2018/214/BOJA18-214-00065-18211-01_00145473.pdf,andalucia
autonomous_2018_12,2018,Parlamento de Andalucía,Andalucia,Huelva,4,Manuel Jesús Rodríguez Redondo,Hombre,TRUE,FALSE,Cs,FALSE,,CIUDADANOS-PARTIDO DE LA CIUDADANÍA (Cs),,https://www.juntadeandalucia.es/eboja/2018/214/BOJA18-214-00065-18211-01_00145473.pdf,andalucia
autonomous_2018_12,2018,Parlamento de Andalucía,Andalucia,Huelva,5,María Ángeles Muriel Rodríguez,Mujer,TRUE,FALSE,Cs,FALSE,,CIUDADANOS-PARTIDO DE LA CIUDADANÍA (Cs),,https://www.juntadeandalucia.es/eboja/2018/214/BOJA18-214-00065-18211-01_00145473.pdf,andalucia
autonomous_2018_12,2018,Parlamento de Andalucía,Andalucia,Huelva,6,Alfredo Juan Martín Porrino,Hombre,TRUE,FALSE,Cs,FALSE,,CIUDADANOS-PARTIDO DE LA CIUDADANÍA (Cs),,https://www.juntadeandalucia.es/eboja/2018/214/BOJA18-214-00065-18211-01_00145473.pdf,andalucia
autonomous_2018_12,2018,Parlamento de Andalucía,Andalucia,Huelva,7,Silvia Caro Moreno,Mujer,TRUE,FALSE,Cs,FALSE,,CIUDADANOS-PARTIDO DE LA CIUDADANÍA (Cs),,https://www.juntadeandalucia.es/eboja/2018/214/BOJA18-214-00065-18211-01_00145473.pdf,andalucia
autonomous_2018_12,2018,Parlamento de Andalucía,Andalucia,Huelva,8,Pedro Pérez Duarte,Hombre,TRUE,FALSE,Cs,FALSE,,CIUDADANOS-PARTIDO DE LA CIUDADANÍA (Cs),,https://www.juntadeandalucia.es/eboja/2018/214/BOJA18-214-00065-18211-01_00145473.pdf,andalucia
autonomous_2018_12,2018,Parlamento de Andalucía,Andalucia,Huelva,9,María Pilar Lucio Sarria,Mujer,TRUE,FALSE,Cs,FALSE,,CIUDADANOS-PARTIDO DE LA CIUDADANÍA (Cs),,https://www.juntadeandalucia.es/eboja/2018/214/BOJA18-214-00065-18211-01_00145473.pdf,andalucia
autonomous_2018_12,2018,Parlamento de Andalucía,Andalucia,Huelva,10,Francisco Miguel Martínez Seoane,Hombre,TRUE,FALSE,Cs,FALSE,,CIUDADANOS-PARTIDO DE LA CIUDADANÍA (Cs),,https://www.juntadeandalucia.es/eboja/2018/214/BOJA18-214-00065-18211-01_00145473.pdf,andalucia
autonomous_2018_12,2018,Parlamento de Andalucía,Andalucia,Huelva,11,María José Griñolo Arenas,Mujer,TRUE,FALSE,Cs,FALSE,,CIUDADANOS-PARTIDO DE LA CIUDADANÍA (Cs),,https://www.juntadeandalucia.es/eboja/2018/214/BOJA18-214-00065-18211-01_00145473.pdf,andalucia
autonomous_2018_12,2018,Parlamento de Andalucía,Andalucia,Huelva,1,Andrés Aguilera Herrera,Hombre,FALSE,FALSE,Cs,FALSE,,CIUDADANOS-PARTIDO DE LA CIUDADANÍA (Cs),,https://www.juntadeandalucia.es/eboja/2018/214/BOJA18-214-00065-18211-01_00145473.pdf,andalucia
autonomous_2018_12,2018,Parlamento de Andalucía,Andalucia,Huelva,2,Inmaculada Santos Mora,Mujer,FALSE,FALSE,Cs,FALSE,,CIUDADANOS-PARTIDO DE LA CIUDADANÍA (Cs),,https://www.juntadeandalucia.es/eboja/2018/214/BOJA18-214-00065-18211-01_00145473.pdf,andalucia
autonomous_2018_12,2018,Parlamento de Andalucía,Andalucia,Huelva,3,David Sala González,Hombre,FALSE,FALSE,Cs,FALSE,,CIUDADANOS-PARTIDO DE LA CIUDADANÍA (Cs),,https://www.juntadeandalucia.es/eboja/2018/214/BOJA18-214-00065-18211-01_00145473.pdf,andalucia
autonomous_2018_12,2018,Parlamento de Andalucía,Andalucia,Huelva,4,Tamara Vargas Jiménez,Mujer,FALSE,FALSE,Cs,FALSE,,CIUDADANOS-PARTIDO DE LA CIUDADANÍA (Cs),,https://www.juntadeandalucia.es/eboja/2018/214/BOJA18-214-00065-18211-01_00145473.pdf,andalucia
autonomous_2018_12,2018,Parlamento de Andalucía,Andalucia,Jaén,1,Mónica Moreno Sánchez (Independiente),Mujer,TRUE,TRUE,Cs,FALSE,,CIUDADANOS-PARTIDO DE LA CIUDADANÍA (Cs),,https://www.juntadeandalucia.es/eboja/2018/214/BOJA18-214-00065-18211-01_00145473.pdf,andalucia
autonomous_2018_12,2018,Parlamento de Andalucía,Andalucia,Jaén,2,Enrique Moreno Madueño,Hombre,TRUE,TRUE,Cs,FALSE,,CIUDADANOS-PARTIDO DE LA CIUDADANÍA (Cs),,https://www.juntadeandalucia.es/eboja/2018/214/BOJA18-214-00065-18211-01_00145473.pdf,andalucia
autonomous_2018_12,2018,Parlamento de Andalucía,Andalucia,Jaén,3,Raquel Morales Martínez,Mujer,TRUE,FALSE,Cs,FALSE,,CIUDADANOS-PARTIDO DE LA CIUDADANÍA (Cs),,https://www.juntadeandalucia.es/eboja/2018/214/BOJA18-214-00065-18211-01_00145473.pdf,andalucia
autonomous_2018_12,2018,Parlamento de Andalucía,Andalucia,Jaén,4,Raimundo Prieto Mendoza,Hombre,TRUE,FALSE,Cs,FALSE,,CIUDADANOS-PARTIDO DE LA CIUDADANÍA (Cs),,https://www.juntadeandalucia.es/eboja/2018/214/BOJA18-214-00065-18211-01_00145473.pdf,andalucia
autonomous_2018_12,2018,Parlamento de Andalucía,Andalucia,Jaén,5,María Ángeles Adán De la Paz,Mujer,TRUE,FALSE,Cs,FALSE,,CIUDADANOS-PARTIDO DE LA CIUDADANÍA (Cs),,https://www.juntadeandalucia.es/eboja/2018/214/BOJA18-214-00065-18211-01_00145473.pdf,andalucia
autonomous_2018_12,2018,Parlamento de Andalucía,Andalucia,Jaén,6,Javier Jesús Cantalejo Guio,Hombre,TRUE,FALSE,Cs,FALSE,,CIUDADANOS-PARTIDO DE LA CIUDADANÍA (Cs),,https://www.juntadeandalucia.es/eboja/2018/214/BOJA18-214-00065-18211-01_00145473.pdf,andalucia
autonomous_2018_12,2018,Parlamento de Andalucía,Andalucia,Jaén,7,María Dolores de la Haza Sánchez,Mujer,TRUE,FALSE,Cs,FALSE,,CIUDADANOS-PARTIDO DE LA CIUDADANÍA (Cs),,https://www.juntadeandalucia.es/eboja/2018/214/BOJA18-214-00065-18211-01_00145473.pdf,andalucia
autonomous_2018_12,2018,Parlamento de Andalucía,Andalucia,Jaén,8,Víctor Pérez Martínez,Hombre,TRUE,FALSE,Cs,FALSE,,CIUDADANOS-PARTIDO DE LA CIUDADANÍA (Cs),,https://www.juntadeandalucia.es/eboja/2018/214/BOJA18-214-00065-18211-01_00145473.pdf,andalucia
autonomous_2018_12,2018,Parlamento de Andalucía,Andalucia,Jaén,9,María Félix Porcel Yeste,Mujer,TRUE,FALSE,Cs,FALSE,,CIUDADANOS-PARTIDO DE LA CIUDADANÍA (Cs),,https://www.juntadeandalucia.es/eboja/2018/214/BOJA18-214-00065-18211-01_00145473.pdf,andalucia
autonomous_2018_12,2018,Parlamento de Andalucía,Andalucia,Jaén,10,Francisco Hugo Navarrete Marín,Hombre,TRUE,FALSE,Cs,FALSE,,CIUDADANOS-PARTIDO DE LA CIUDADANÍA (Cs),,https://www.juntadeandalucia.es/eboja/2018/214/BOJA18-214-00065-18211-01_00145473.pdf,andalucia
autonomous_2018_12,2018,Parlamento de Andalucía,Andalucia,Jaén,11,María Cantos Alcázar,Mujer,TRUE,FALSE,Cs,FALSE,,CIUDADANOS-PARTIDO DE LA CIUDADANÍA (Cs),,https://www.juntadeandalucia.es/eboja/2018/214/BOJA18-214-00065-18211-01_00145473.pdf,andalucia
autonomous_2018_12,2018,Parlamento de Andalucía,Andalucia,Jaén,1,Raúl Ibáñez Mora,Hombre,FALSE,FALSE,Cs,FALSE,,CIUDADANOS-PARTIDO DE LA CIUDADANÍA (Cs),,https://www.juntadeandalucia.es/eboja/2018/214/BOJA18-214-00065-18211-01_00145473.pdf,andalucia
autonomous_2018_12,2018,Parlamento de Andalucía,Andalucia,Jaén,2,Esther Subirachs Barragán,Mujer,FALSE,FALSE,Cs,FALSE,,CIUDADANOS-PARTIDO DE LA CIUDADANÍA (Cs),,https://www.juntadeandalucia.es/eboja/2018/214/BOJA18-214-00065-18211-01_00145473.pdf,andalucia
autonomous_2018_12,2018,Parlamento de Andalucía,Andalucia,Jaén,3,José Ángel Figueroa Román,Hombre,FALSE,FALSE,Cs,FALSE,,CIUDADANOS-PARTIDO DE LA CIUDADANÍA (Cs),,https://www.juntadeandalucia.es/eboja/2018/214/BOJA18-214-00065-18211-01_00145473.pdf,andalucia
autonomous_2018_12,2018,Parlamento de Andalucía,Andalucia,Jaén,4,María del Mar Cañete Bueno,Mujer,FALSE,FALSE,Cs,FALSE,,CIUDADANOS-PARTIDO DE LA CIUDADANÍA (Cs),,https://www.juntadeandalucia.es/eboja/2018/214/BOJA18-214-00065-18211-01_00145473.pdf,andalucia
autonomous_2018_12,2018,Parlamento de Andalucía,Andalucia,Málaga,1,Francisco Javier Imbroda Ortiz (Independiente),Hombre,TRUE,TRUE,Cs,FALSE,,CIUDADANOS-PARTIDO DE LA CIUDADANÍA (Cs),,https://www.juntadeandalucia.es/eboja/2018/214/BOJA18-214-00065-18211-01_00145473.pdf,andalucia
autonomous_2018_12,2018,Parlamento de Andalucía,Andalucia,Málaga,2,María José Torres Cuéllar,Mujer,TRUE,TRUE,Cs,FALSE,,CIUDADANOS-PARTIDO DE LA CIUDADANÍA (Cs),,https://www.juntadeandalucia.es/eboja/2018/214/BOJA18-214-00065-18211-01_00145473.pdf,andalucia
autonomous_2018_12,2018,Parlamento de Andalucía,Andalucia,Málaga,3,Carlos Hernández White,Hombre,TRUE,TRUE,Cs,FALSE,,CIUDADANOS-PARTIDO DE LA CIUDADANÍA (Cs),,https://www.juntadeandalucia.es/eboja/2018/214/BOJA18-214-00065-18211-01_00145473.pdf,andalucia
autonomous_2018_12,2018,Parlamento de Andalucía,Andalucia,Málaga,4,María Teresa Pardo Reinaldos,Mujer,TRUE,TRUE,Cs,FALSE,,CIUDADANOS-PARTIDO DE LA CIUDADANÍA (Cs),,https://www.juntadeandalucia.es/eboja/2018/214/BOJA18-214-00065-18211-01_00145473.pdf,andalucia
autonomous_2018_12,2018,Parlamento de Andalucía,Andalucia,Málaga,5,Javier Pareja De Vega,Hombre,TRUE,FALSE,Cs,FALSE,,CIUDADANOS-PARTIDO DE LA CIUDADANÍA (Cs),,https://www.juntadeandalucia.es/eboja/2018/214/BOJA18-214-00065-18211-01_00145473.pdf,andalucia
autonomous_2018_12,2018,Parlamento de Andalucía,Andalucia,Málaga,6,María Isabel Martos Luque,Mujer,TRUE,FALSE,Cs,FALSE,,CIUDADANOS-PARTIDO DE LA CIUDADANÍA (Cs),,https://www.juntadeandalucia.es/eboja/2018/214/BOJA18-214-00065-18211-01_00145473.pdf,andalucia
autonomous_2018_12,2018,Parlamento de Andalucía,Andalucia,Málaga,7,Vicente Sánchez Martínez,Hombre,TRUE,FALSE,Cs,FALSE,,CIUDADANOS-PARTIDO DE LA CIUDADANÍA (Cs),,https://www.juntadeandalucia.es/eboja/2018/214/BOJA18-214-00065-18211-01_00145473.pdf,andalucia
autonomous_2018_12,2018,Parlamento de Andalucía,Andalucia,Málaga,8,María Cristina Baca Domingo,Mujer,TRUE,FALSE,Cs,FALSE,,CIUDADANOS-PARTIDO DE LA CIUDADANÍA (Cs),,https://www.juntadeandalucia.es/eboja/2018/214/BOJA18-214-00065-18211-01_00145473.pdf,andalucia
autonomous_2018_12,2018,Parlamento de Andalucía,Andalucia,Málaga,9,José Manuel García Puche,Hombre,TRUE,FALSE,Cs,FALSE,,CIUDADANOS-PARTIDO DE LA CIUDADANÍA (Cs),,https://www.juntadeandalucia.es/eboja/2018/214/BOJA18-214-00065-18211-01_00145473.pdf,andalucia
autonomous_2018_12,2018,Parlamento de Andalucía,Andalucia,Málaga,10,María del Carmen López Fernández,Mujer,TRUE,FALSE,Cs,FALSE,,CIUDADANOS-PARTIDO DE LA CIUDADANÍA (Cs),,https://www.juntadeandalucia.es/eboja/2018/214/BOJA18-214-00065-18211-01_00145473.pdf,andalucia
autonomous_2018_12,2018,Parlamento de Andalucía,Andalucia,Málaga,11,Manuel Romero Durán,Hombre,TRUE,FALSE,Cs,FALSE,,CIUDADANOS-PARTIDO DE LA CIUDADANÍA (Cs),,https://www.juntadeandalucia.es/eboja/2018/214/BOJA18-214-00065-18211-01_00145473.pdf,andalucia
autonomous_2018_12,2018,Parlamento de Andalucía,Andalucia,Málaga,12,Raquel Pérez Vázquez,Mujer,TRUE,FALSE,Cs,FALSE,,CIUDADANOS-PARTIDO DE LA CIUDADANÍA (Cs),,https://www.juntadeandalucia.es/eboja/2018/214/BOJA18-214-00065-18211-01_00145473.pdf,andalucia
autonomous_2018_12,2018,Parlamento de Andalucía,Andalucia,Málaga,13,Juan Carlos Maldonado Estévez,Hombre,TRUE,FALSE,Cs,FALSE,,CIUDADANOS-PARTIDO DE LA CIUDADANÍA (Cs),,https://www.juntadeandalucia.es/eboja/2018/214/BOJA18-214-00065-18211-01_00145473.pdf,andalucia
autonomous_2018_12,2018,Parlamento de Andalucía,Andalucia,Málaga,14,Yolanda Gordillo Moreno,Mujer,TRUE,FALSE,Cs,FALSE,,CIUDADANOS-PARTIDO DE LA CIUDADANÍA (Cs),,https://www.juntadeandalucia.es/eboja/2018/214/BOJA18-214-00065-18211-01_00145473.pdf,andalucia
autonomous_2018_12,2018,Parlamento de Andalucía,Andalucia,Málaga,15,Francisco José Muñoz García,Hombre,TRUE,FALSE,Cs,FALSE,,CIUDADANOS-PARTIDO DE LA CIUDADANÍA (Cs),,https://www.juntadeandalucia.es/eboja/2018/214/BOJA18-214-00065-18211-01_00145473.pdf,andalucia
autonomous_2018_12,2018,Parlamento de Andalucía,Andalucia,Málaga,16,Celia Sánchez Jiménez,Mujer,TRUE,FALSE,Cs,FALSE,,CIUDADANOS-PARTIDO DE LA CIUDADANÍA (Cs),,https://www.juntadeandalucia.es/eboja/2018/214/BOJA18-214-00065-18211-01_00145473.pdf,andalucia
autonomous_2018_12,2018,Parlamento de Andalucía,Andalucia,Málaga,17,José Luis Paradas Romero,Hombre,TRUE,FALSE,Cs,FALSE,,CIUDADANOS-PARTIDO DE LA CIUDADANÍA (Cs),,https://www.juntadeandalucia.es/eboja/2018/214/BOJA18-214-00065-18211-01_00145473.pdf,andalucia
autonomous_2018_12,2018,Parlamento de Andalucía,Andalucia,Málaga,1,María Mercedes López García,Mujer,FALSE,FALSE,Cs,FALSE,,CIUDADANOS-PARTIDO DE LA CIUDADANÍA (Cs),,https://www.juntadeandalucia.es/eboja/2018/214/BOJA18-214-00065-18211-01_00145473.pdf,andalucia
autonomous_2018_12,2018,Parlamento de Andalucía,Andalucia,Málaga,2,Manuel Virlán Burgos,Hombre,FALSE,FALSE,Cs,FALSE,,CIUDADANOS-PARTIDO DE LA CIUDADANÍA (Cs),,https://www.juntadeandalucia.es/eboja/2018/214/BOJA18-214-00065-18211-01_00145473.pdf,andalucia
autonomous_2018_12,2018,Parlamento de Andalucía,Andalucia,Málaga,3,María Jesús Palacios Álvarez,Mujer,FALSE,FALSE,Cs,FALSE,,CIUDADANOS-PARTIDO DE LA CIUDADANÍA (Cs),,https://www.juntadeandalucia.es/eboja/2018/214/BOJA18-214-00065-18211-01_00145473.pdf,andalucia
autonomous_2018_12,2018,Parlamento de Andalucía,Andalucia,Málaga,4,Sergio Gómez Gutiérrez,Hombre,FALSE,FALSE,Cs,FALSE,,CIUDADANOS-PARTIDO DE LA CIUDADANÍA (Cs),,https://www.juntadeandalucia.es/eboja/2018/214/BOJA18-214-00065-18211-01_00145473.pdf,andalucia
autonomous_2018_12,2018,Parlamento de Andalucía,Andalucia,Sevilla,1,Juan Antonio Marín Lozano,Hombre,TRUE,TRUE,Cs,FALSE,,CIUDADANOS-PARTIDO DE LA CIUDADANÍA (Cs),,https://www.juntadeandalucia.es/eboja/2018/214/BOJA18-214-00065-18211-01_00145473.pdf,andalucia
autonomous_2018_12,2018,Parlamento de Andalucía,Andalucia,Sevilla,2,Ana María Llopis Barrera (Independiente),Mujer,TRUE,TRUE,Cs,FALSE,,CIUDADANOS-PARTIDO DE LA CIUDADANÍA (Cs),,https://www.juntadeandalucia.es/eboja/2018/214/BOJA18-214-00065-18211-01_00145473.pdf,andalucia
autonomous_2018_12,2018,Parlamento de Andalucía,Andalucia,Sevilla,3,Pablo Emérito Cambronero Piqueras,Hombre,TRUE,TRUE,Cs,FALSE,,CIUDADANOS-PARTIDO DE LA CIUDADANÍA (Cs),,https://www.juntadeandalucia.es/eboja/2018/214/BOJA18-214-00065-18211-01_00145473.pdf,andalucia
autonomous_2018_12,2018,Parlamento de Andalucía,Andalucia,Sevilla,4,María Mar Hormigo León,Mujer,TRUE,FALSE,Cs,FALSE,,CIUDADANOS-PARTIDO DE LA CIUDADANÍA (Cs),,https://www.juntadeandalucia.es/eboja/2018/214/BOJA18-214-00065-18211-01_00145473.pdf,andalucia
autonomous_2018_12,2018,Parlamento de Andalucía,Andalucia,Sevilla,5,Javier Cabezas Carbonero,Hombre,TRUE,FALSE,Cs,FALSE,,CIUDADANOS-PARTIDO DE LA CIUDADANÍA (Cs),,https://www.juntadeandalucia.es/eboja/2018/214/BOJA18-214-00065-18211-01_00145473.pdf,andalucia
autonomous_2018_12,2018,Parlamento de Andalucía,Andalucia,Sevilla,6,María del Carmen Santa María Almansa,Mujer,TRUE,FALSE,Cs,FALSE,,CIUDADANOS-PARTIDO DE LA CIUDADANÍA (Cs),,https://www.juntadeandalucia.es/eboja/2018/214/BOJA18-214-00065-18211-01_00145473.pdf,andalucia
autonomous_2018_12,2018,Parlamento de Andalucía,Andalucia,Sevilla,7,Víctor Manuel Castañeda García,Hombre,TRUE,FALSE,Cs,FALSE,,CIUDADANOS-PARTIDO DE LA CIUDADANÍA (Cs),,https://www.juntadeandalucia.es/eboja/2018/214/BOJA18-214-00065-18211-01_00145473.pdf,andalucia
autonomous_2018_12,2018,Parlamento de Andalucía,Andalucia,Sevilla,8,María del Pilar Pérez Nogueira,Mujer,TRUE,FALSE,Cs,FALSE,,CIUDADANOS-PARTIDO DE LA CIUDADANÍA (Cs),,https://www.juntadeandalucia.es/eboja/2018/214/BOJA18-214-00065-18211-01_00145473.pdf,andalucia
autonomous_2018_12,2018,Parlamento de Andalucía,Andalucia,Sevilla,9,Francisco José Ríos Manzanares,Hombre,TRUE,FALSE,Cs,FALSE,,CIUDADANOS-PARTIDO DE LA CIUDADANÍA (Cs),,https://www.juntadeandalucia.es/eboja/2018/214/BOJA18-214-00065-18211-01_00145473.pdf,andalucia
autonomous_2018_12,2018,Parlamento de Andalucía,Andalucia,Sevilla,10,Sonia Patricia Piedrafita Zuazo,Mujer,TRUE,FALSE,Cs,FALSE,,CIUDADANOS-PARTIDO DE LA CIUDADANÍA (Cs),,https://www.juntadeandalucia.es/eboja/2018/214/BOJA18-214-00065-18211-01_00145473.pdf,andalucia
autonomous_2018_12,2018,Parlamento de Andalucía,Andalucia,Sevilla,11,Luis Benítez Martín,Hombre,TRUE,FALSE,Cs,FALSE,,CIUDADANOS-PARTIDO DE LA CIUDADANÍA (Cs),,https://www.juntadeandalucia.es/eboja/2018/214/BOJA18-214-00065-18211-01_00145473.pdf,andalucia
autonomous_2018_12,2018,Parlamento de Andalucía,Andalucia,Sevilla,12,Fátima Zahra Kandoussi Alvi,Mujer,TRUE,FALSE,Cs,FALSE,,CIUDADANOS-PARTIDO DE LA CIUDADANÍA (Cs),,https://www.juntadeandalucia.es/eboja/2018/214/BOJA18-214-00065-18211-01_00145473.pdf,andalucia
autonomous_2018_12,2018,Parlamento de Andalucía,Andalucia,Sevilla,13,Ismael Francisco Lumbreras Sánchez,Hombre,TRUE,FALSE,Cs,FALSE,,CIUDADANOS-PARTIDO DE LA CIUDADANÍA (Cs),,https://www.juntadeandalucia.es/eboja/2018/214/BOJA18-214-00065-18211-01_00145473.pdf,andalucia
autonomous_2018_12,2018,Parlamento de Andalucía,Andalucia,Sevilla,14,María Dolores Noguera Salvatierra,Mujer,TRUE,FALSE,Cs,FALSE,,CIUDADANOS-PARTIDO DE LA CIUDADANÍA (Cs),,https://www.juntadeandalucia.es/eboja/2018/214/BOJA18-214-00065-18211-01_00145473.pdf,andalucia
autonomous_2018_12,2018,Parlamento de Andalucía,Andalucia,Sevilla,15,Manuel Benjumea Gutiérrez,Hombre,TRUE,FALSE,Cs,FALSE,,CIUDADANOS-PARTIDO DE LA CIUDADANÍA (Cs),,https://www.juntadeandalucia.es/eboja/2018/214/BOJA18-214-00065-18211-01_00145473.pdf,andalucia
autonomous_2018_12,2018,Parlamento de Andalucía,Andalucia,Sevilla,16,Amelia Velázquez Guevara,Mujer,TRUE,FALSE,Cs,FALSE,,CIUDADANOS-PARTIDO DE LA CIUDADANÍA (Cs),,https://www.juntadeandalucia.es/eboja/2018/214/BOJA18-214-00065-18211-01_00145473.pdf,andalucia
autonomous_2018_12,2018,Parlamento de Andalucía,Andalucia,Sevilla,17,Ángel Mayo Llanos,Hombre,TRUE,FALSE,Cs,FALSE,,CIUDADANOS-PARTIDO DE LA CIUDADANÍA (Cs),,https://www.juntadeandalucia.es/eboja/2018/214/BOJA18-214-00065-18211-01_00145473.pdf,andalucia
autonomous_2018_12,2018,Parlamento de Andalucía,Andalucia,Sevilla,18,Marta Escrivá Torralva,Mujer,TRUE,FALSE,Cs,FALSE,,CIUDADANOS-PARTIDO DE LA CIUDADANÍA (Cs),,https://www.juntadeandalucia.es/eboja/2018/214/BOJA18-214-00065-18211-01_00145473.pdf,andalucia
autonomous_2018_12,2018,Parlamento de Andalucía,Andalucia,Sevilla,1,Adrián Torres Rosendo,Hombre,FALSE,FALSE,Cs,FALSE,,CIUDADANOS-PARTIDO DE LA CIUDADANÍA (Cs),,https://www.juntadeandalucia.es/eboja/2018/214/BOJA18-214-00065-18211-01_00145473.pdf,andalucia
autonomous_2018_12,2018,Parlamento de Andalucía,Andalucia,Sevilla,2,María del Carmen Fernández Álvaro,Mujer,FALSE,FALSE,Cs,FALSE,,CIUDADANOS-PARTIDO DE LA CIUDADANÍA (Cs),,https://www.juntadeandalucia.es/eboja/2018/214/BOJA18-214-00065-18211-01_00145473.pdf,andalucia
autonomous_2018_12,2018,Parlamento de Andalucía,Andalucia,Sevilla,3,José Ignacio Ceballos Vera,Hombre,FALSE,FALSE,Cs,FALSE,,CIUDADANOS-PARTIDO DE LA CIUDADANÍA (Cs),,https://www.juntadeandalucia.es/eboja/2018/214/BOJA18-214-00065-18211-01_00145473.pdf,andalucia
autonomous_2018_12,2018,Parlamento de Andalucía,Andalucia,Sevilla,4,Fátima Manchado Mangas,Mujer,FALSE,FALSE,Cs,FALSE,,CIUDADANOS-PARTIDO DE LA CIUDADANÍA (Cs),,https://www.juntadeandalucia.es/eboja/2018/214/BOJA18-214-00065-18211-01_00145473.pdf,andalucia
autonomous_2019_04,2019,Corts Valencianes,Comunidad Valenciana,Alicante,1,MARÍA QUILES BAILÉN,Mujer,TRUE,TRUE,Cs,FALSE,,CIUDADANOS-PARTIDO DE LA,,c_val_2019.pdf,compartido
autonomous_2019_04,2019,Corts Valencianes,Comunidad Valenciana,Alicante,2,YANETH LUCÍA GIRALDO JIMÉNEZ,Mujer,TRUE,TRUE,Cs,FALSE,,CIUDADANOS-PARTIDO DE LA,,c_val_2019.pdf,compartido
autonomous_2019_04,2019,Corts Valencianes,Comunidad Valenciana,Alicante,3,EMIGDIO TORMO MORATALLA Titulares Num. 8520 / 02.04.2019,Hombre,TRUE,TRUE,Cs,FALSE,,CIUDADANOS-PARTIDO DE LA,,c_val_2019.pdf,compartido
autonomous_2019_04,2019,Corts Valencianes,Comunidad Valenciana,Alicante,4,JOSÉ ANTONIO MARTÍNEZ ORTEGA,Hombre,TRUE,TRUE,Cs,FALSE,,CIUDADANOS-PARTIDO DE LA,,c_val_2019.pdf,compartido
autonomous_2019_04,2019,Corts Valencianes,Comunidad Valenciana,Alicante,5,FERNANDO ENRIQUE LLOPIS PASCUAL,Hombre,TRUE,TRUE,Cs,FALSE,,CIUDADANOS-PARTIDO DE LA,,c_val_2019.pdf,compartido
autonomous_2019_04,2019,Corts Valencianes,Comunidad Valenciana,Alicante,6,ANTONIO JOAQUÍN WOODWARD POCH,Hombre,TRUE,TRUE,Cs,FALSE,,CIUDADANOS-PARTIDO DE LA,,c_val_2019.pdf,compartido
autonomous_2019_04,2019,Corts Valencianes,Comunidad Valenciana,Alicante,7,ROSA MARÍA MENOR LUCAS,Mujer,TRUE,TRUE,Cs,FALSE,,CIUDADANOS-PARTIDO DE LA,,c_val_2019.pdf,compartido
autonomous_2019_04,2019,Corts Valencianes,Comunidad Valenciana,Alicante,8,JOSÉ ALEJANDRO PÉREZ AGUDO,Hombre,TRUE,FALSE,Cs,FALSE,,CIUDADANOS-PARTIDO DE LA,,c_val_2019.pdf,compartido
autonomous_2019_04,2019,Corts Valencianes,Comunidad Valenciana,Alicante,9,IRENE RIPOLL MARTÍNEZ,Mujer,TRUE,FALSE,Cs,FALSE,,CIUDADANOS-PARTIDO DE LA,,c_val_2019.pdf,compartido
autonomous_2019_04,2019,Corts Valencianes,Comunidad Valenciana,Alicante,10,CRISTINA MARÍA JUAN ORTUÑO,Mujer,TRUE,FALSE,Cs,FALSE,,CIUDADANOS-PARTIDO DE LA,,c_val_2019.pdf,compartido
autonomous_2019_04,2019,Corts Valencianes,Comunidad Valenciana,Alicante,11,GODOFREDO FOLGADO DE LA ROSA,Hombre,TRUE,FALSE,Cs,FALSE,,CIUDADANOS-PARTIDO DE LA,,c_val_2019.pdf,compartido
autonomous_2019_04,2019,Corts Valencianes,Comunidad Valenciana,Alicante,12,PRUDENCIO DELICADO SORIANO,Hombre,TRUE,FALSE,Cs,FALSE,,CIUDADANOS-PARTIDO DE LA,,c_val_2019.pdf,compartido
autonomous_2019_04,2019,Corts Valencianes,Comunidad Valenciana,Alicante,13,ROSA MARÍA GARCÍA BALLESTER,Mujer,TRUE,FALSE,Cs,FALSE,,CIUDADANOS-PARTIDO DE LA,,c_val_2019.pdf,compartido
autonomous_2019_04,2019,Corts Valencianes,Comunidad Valenciana,Alicante,14,FAUSTINO CÉSAR ALONSO PUIG,Hombre,TRUE,FALSE,Cs,FALSE,,CIUDADANOS-PARTIDO DE LA,,c_val_2019.pdf,compartido
autonomous_2019_04,2019,Corts Valencianes,Comunidad Valenciana,Alicante,15,MARÍA PILAR SANTONJA PASCUAL,Mujer,TRUE,FALSE,Cs,FALSE,,CIUDADANOS-PARTIDO DE LA,,c_val_2019.pdf,compartido
autonomous_2019_04,2019,Corts Valencianes,Comunidad Valenciana,Alicante,16,ROBERTO CARRASCO ALBALADEJO,Hombre,TRUE,FALSE,Cs,FALSE,,CIUDADANOS-PARTIDO DE LA,,c_val_2019.pdf,compartido
autonomous_2019_04,2019,Corts Valencianes,Comunidad Valenciana,Alicante,17,LELIA LAURA GOMIS PÉREZ,Mujer,TRUE,FALSE,Cs,FALSE,,CIUDADANOS-PARTIDO DE LA,,c_val_2019.pdf,compartido
autonomous_2019_04,2019,Corts Valencianes,Comunidad Valenciana,Alicante,18,EDUARDO GARCÍA-ONTIVEROS CERDEÑO,Hombre,TRUE,FALSE,Cs,FALSE,,CIUDADANOS-PARTIDO DE LA,,c_val_2019.pdf,compartido
autonomous_2019_04,2019,Corts Valencianes,Comunidad Valenciana,Alicante,19,GUSTAVO ANTONIO RUIZ ALONSO,Hombre,TRUE,FALSE,Cs,FALSE,,CIUDADANOS-PARTIDO DE LA,,c_val_2019.pdf,compartido
autonomous_2019_04,2019,Corts Valencianes,Comunidad Valenciana,Alicante,20,CARMEN ALMODÓVAR GRAS,Mujer,TRUE,FALSE,Cs,FALSE,,CIUDADANOS-PARTIDO DE LA,,c_val_2019.pdf,compartido
autonomous_2019_04,2019,Corts Valencianes,Comunidad Valenciana,Alicante,21,FRANCISCO JAVIER CANTOS LÓPEZ,Hombre,TRUE,FALSE,Cs,FALSE,,CIUDADANOS-PARTIDO DE LA,,c_val_2019.pdf,compartido
autonomous_2019_04,2019,Corts Valencianes,Comunidad Valenciana,Alicante,22,JESÚS CARRO CHIQUILLO,Hombre,TRUE,FALSE,Cs,FALSE,,CIUDADANOS-PARTIDO DE LA,,c_val_2019.pdf,compartido
autonomous_2019_04,2019,Corts Valencianes,Comunidad Valenciana,Alicante,23,MARÍA LLOPIS VALLEJO,Mujer,TRUE,FALSE,Cs,FALSE,,CIUDADANOS-PARTIDO DE LA,,c_val_2019.pdf,compartido
autonomous_2019_04,2019,Corts Valencianes,Comunidad Valenciana,Alicante,24,MARÍA ISABEL BALDO MIRALLES,Mujer,TRUE,FALSE,Cs,FALSE,,CIUDADANOS-PARTIDO DE LA,,c_val_2019.pdf,compartido
autonomous_2019_04,2019,Corts Valencianes,Comunidad Valenciana,Alicante,25,VICENTE FRANCISCO ESCOLANO MATEO,Hombre,TRUE,FALSE,Cs,FALSE,,CIUDADANOS-PARTIDO DE LA,,c_val_2019.pdf,compartido
autonomous_2019_04,2019,Corts Valencianes,Comunidad Valenciana,Alicante,26,ALMUDENA ALBENTOSA GÓMEZ,Mujer,TRUE,FALSE,Cs,FALSE,,CIUDADANOS-PARTIDO DE LA,,c_val_2019.pdf,compartido
autonomous_2019_04,2019,Corts Valencianes,Comunidad Valenciana,Alicante,27,LAURA VICTORIA PAYÁ MARÍN,Mujer,TRUE,FALSE,Cs,FALSE,,CIUDADANOS-PARTIDO DE LA,,c_val_2019.pdf,compartido
autonomous_2019_04,2019,Corts Valencianes,Comunidad Valenciana,Alicante,28,RUBÉN MAESTRE ZAPLANA,Hombre,TRUE,FALSE,Cs,FALSE,,CIUDADANOS-PARTIDO DE LA,,c_val_2019.pdf,compartido
autonomous_2019_04,2019,Corts Valencianes,Comunidad Valenciana,Alicante,29,ALFREDO ÁNGEL MUÑOZ QUILES,Hombre,TRUE,FALSE,Cs,FALSE,,CIUDADANOS-PARTIDO DE LA,,c_val_2019.pdf,compartido
autonomous_2019_04,2019,Corts Valencianes,Comunidad Valenciana,Alicante,30,JESÚS LÓPEZ BLANCO,Hombre,TRUE,FALSE,Cs,FALSE,,CIUDADANOS-PARTIDO DE LA,,c_val_2019.pdf,compartido
autonomous_2019_04,2019,Corts Valencianes,Comunidad Valenciana,Alicante,31,EVA MARÍA SORIA PÉREZ,Mujer,TRUE,FALSE,Cs,FALSE,,CIUDADANOS-PARTIDO DE LA,,c_val_2019.pdf,compartido
autonomous_2019_04,2019,Corts Valencianes,Comunidad Valenciana,Alicante,32,JULIA PARRA APARICIO,Mujer,TRUE,FALSE,Cs,FALSE,,CIUDADANOS-PARTIDO DE LA,,c_val_2019.pdf,compartido
autonomous_2019_04,2019,Corts Valencianes,Comunidad Valenciana,Alicante,33,JOSÉ LUIS ALMIRA RODRÍGUEZ,Hombre,TRUE,FALSE,Cs,FALSE,,CIUDADANOS-PARTIDO DE LA,,c_val_2019.pdf,compartido
autonomous_2019_04,2019,Corts Valencianes,Comunidad Valenciana,Alicante,34,MIGUEL PICHER RAMOS,Hombre,TRUE,FALSE,Cs,FALSE,,CIUDADANOS-PARTIDO DE LA,,c_val_2019.pdf,compartido
autonomous_2019_04,2019,Corts Valencianes,Comunidad Valenciana,Alicante,35,FRANCISCO JAVIER MORA ROCAMORA Suplents,Hombre,TRUE,FALSE,Cs,FALSE,,CIUDADANOS-PARTIDO DE LA,,c_val_2019.pdf,compartido
autonomous_2019_04,2019,Corts Valencianes,Comunidad Valenciana,Alicante,1,JORGE BRUGOS MARTÍNEZ,Hombre,FALSE,FALSE,Cs,FALSE,,CIUDADANOS-PARTIDO DE LA,,c_val_2019.pdf,compartido
autonomous_2019_04,2019,Corts Valencianes,Comunidad Valenciana,Alicante,2,AROA BIOSCA RODRÍGUEZ,Mujer,FALSE,FALSE,Cs,FALSE,,CIUDADANOS-PARTIDO DE LA,,c_val_2019.pdf,compartido
autonomous_2019_04,2019,Corts Valencianes,Comunidad Valenciana,Alicante,3,MABEL MARÍA CRESPO CUADRADO,Mujer,FALSE,FALSE,Cs,FALSE,,CIUDADANOS-PARTIDO DE LA,,c_val_2019.pdf,compartido
autonomous_2019_04,2019,Corts Valencianes,Comunidad Valenciana,Alicante,4,JUAN MANUEL DEL PINO LÓPEZ,Hombre,FALSE,FALSE,Cs,FALSE,,CIUDADANOS-PARTIDO DE LA,,c_val_2019.pdf,compartido
autonomous_2019_04,2019,Corts Valencianes,Comunidad Valenciana,Alicante,5,JOSEFA CATALINA LÓPEZ PÉREZ,Mujer,FALSE,FALSE,Cs,FALSE,,CIUDADANOS-PARTIDO DE LA,,c_val_2019.pdf,compartido
autonomous_2019_04,2019,Corts Valencianes,Comunidad Valenciana,Castellón,1,MERCEDES VENTURA CAMPOS,Mujer,TRUE,TRUE,Cs,FALSE,,CIUDADANOS-PARTIDO DE LA,,c_val_2019.pdf,compartido
autonomous_2019_04,2019,Corts Valencianes,Comunidad Valenciana,Castellón,2,CRISTINA GABARDA ORTIN,Mujer,TRUE,TRUE,Cs,FALSE,,CIUDADANOS-PARTIDO DE LA,,c_val_2019.pdf,compartido
autonomous_2019_04,2019,Corts Valencianes,Comunidad Valenciana,Castellón,3,EDUARDO DEL POZO QUEROL,Hombre,TRUE,TRUE,Cs,FALSE,,CIUDADANOS-PARTIDO DE LA,,c_val_2019.pdf,compartido
autonomous_2019_04,2019,Corts Valencianes,Comunidad Valenciana,Castellón,4,VICENTE FERNÁNDEZ GARCÍA,Hombre,TRUE,TRUE,Cs,FALSE,,CIUDADANOS-PARTIDO DE LA,,c_val_2019.pdf,compartido
autonomous_2019_04,2019,Corts Valencianes,Comunidad Valenciana,Castellón,5,DAVID LUIS LÓPEZ,Hombre,TRUE,FALSE,Cs,FALSE,,CIUDADANOS-PARTIDO DE LA,,c_val_2019.pdf,compartido
autonomous_2019_04,2019,Corts Valencianes,Comunidad Valenciana,Castellón,6,Mª DESAMPARADOS TIRADO BOU,Mujer,TRUE,FALSE,Cs,FALSE,,CIUDADANOS-PARTIDO DE LA,,c_val_2019.pdf,compartido
autonomous_2019_04,2019,Corts Valencianes,Comunidad Valenciana,Castellón,7,ALBERTO MOLINER CASTELLÓ,Hombre,TRUE,FALSE,Cs,FALSE,,CIUDADANOS-PARTIDO DE LA,,c_val_2019.pdf,compartido
autonomous_2019_04,2019,Corts Valencianes,Comunidad Valenciana,Castellón,8,MANUEL HERNÁNDEZ GÓMEZ,Hombre,TRUE,FALSE,Cs,FALSE,,CIUDADANOS-PARTIDO DE LA,,c_val_2019.pdf,compartido
autonomous_2019_04,2019,Corts Valencianes,Comunidad Valenciana,Castellón,9,NATALIA GIL SALES,Mujer,TRUE,FALSE,Cs,FALSE,,CIUDADANOS-PARTIDO DE LA,,c_val_2019.pdf,compartido
autonomous_2019_04,2019,Corts Valencianes,Comunidad Valenciana,Castellón,10,VICENTE SOLER SANCHÍS,Hombre,TRUE,FALSE,Cs,FALSE,,CIUDADANOS-PARTIDO DE LA,,c_val_2019.pdf,compartido
autonomous_2019_04,2019,Corts Valencianes,Comunidad Valenciana,Castellón,11,REBECA LÓPEZ ROCH,Mujer,TRUE,FALSE,Cs,FALSE,,CIUDADANOS-PARTIDO DE LA,,c_val_2019.pdf,compartido
autonomous_2019_04,2019,Corts Valencianes,Comunidad Valenciana,Castellón,12,ALBERTO ADSUARA BUEDO,Hombre,TRUE,FALSE,Cs,FALSE,,CIUDADANOS-PARTIDO DE LA,,c_val_2019.pdf,compartido
autonomous_2019_04,2019,Corts Valencianes,Comunidad Valenciana,Castellón,13,EVA TRILLO LUMBRERAS,Mujer,TRUE,FALSE,Cs,FALSE,,CIUDADANOS-PARTIDO DE LA,,c_val_2019.pdf,compartido
autonomous_2019_04,2019,Corts Valencianes,Comunidad Valenciana,Castellón,14,LAURA CASTELLANO JUÁREZ,Mujer,TRUE,FALSE,Cs,FALSE,,CIUDADANOS-PARTIDO DE LA,,c_val_2019.pdf,compartido
autonomous_2019_04,2019,Corts Valencianes,Comunidad Valenciana,Castellón,15,ERNESTO DOMENECH HERRERO,Hombre,TRUE,FALSE,Cs,FALSE,,CIUDADANOS-PARTIDO DE LA,,c_val_2019.pdf,compartido
autonomous_2019_04,2019,Corts Valencianes,Comunidad Valenciana,Castellón,16,REGIS JEAN ANTOINE DIEZ NAVARRO,Hombre,TRUE,FALSE,Cs,FALSE,,CIUDADANOS-PARTIDO DE LA,,c_val_2019.pdf,compartido
autonomous_2019_04,2019,Corts Valencianes,Comunidad Valenciana,Castellón,17,ELEUTERIO GÓMEZ MONER,Hombre,TRUE,FALSE,Cs,FALSE,,CIUDADANOS-PARTIDO DE LA,,c_val_2019.pdf,compartido
autonomous_2019_04,2019,Corts Valencianes,Comunidad Valenciana,Castellón,18,GUSTAVO FERNANDO DEL VISO PERAZZI,Hombre,TRUE,FALSE,Cs,FALSE,,CIUDADANOS-PARTIDO DE LA,,c_val_2019.pdf,compartido
autonomous_2019_04,2019,Corts Valencianes,Comunidad Valenciana,Castellón,19,FRANCISCA NÚÑEZ GALLARDO,Mujer,TRUE,FALSE,Cs,FALSE,,CIUDADANOS-PARTIDO DE LA,,c_val_2019.pdf,compartido
autonomous_2019_04,2019,Corts Valencianes,Comunidad Valenciana,Castellón,20,LAURA ORTOLA ESTEVE,Mujer,TRUE,FALSE,Cs,FALSE,,CIUDADANOS-PARTIDO DE LA,,c_val_2019.pdf,compartido
autonomous_2019_04,2019,Corts Valencianes,Comunidad Valenciana,Castellón,21,JOAQUÍN FRANCISCO PEÑALVER MORENO,Hombre,TRUE,FALSE,Cs,FALSE,,CIUDADANOS-PARTIDO DE LA,,c_val_2019.pdf,compartido
autonomous_2019_04,2019,Corts Valencianes,Comunidad Valenciana,Castellón,22,MANUEL BLASCO FELIP,Hombre,TRUE,FALSE,Cs,FALSE,,CIUDADANOS-PARTIDO DE LA,,c_val_2019.pdf,compartido
autonomous_2019_04,2019,Corts Valencianes,Comunidad Valenciana,Castellón,23,NOELIA CANDELA MINGUET,Mujer,TRUE,FALSE,Cs,FALSE,,CIUDADANOS-PARTIDO DE LA,,c_val_2019.pdf,compartido
autonomous_2019_04,2019,Corts Valencianes,Comunidad Valenciana,Castellón,24,ANA PILAR CONSTANTE ORRIOS Titulares Suplents,Mujer,TRUE,FALSE,Cs,FALSE,,CIUDADANOS-PARTIDO DE LA,,c_val_2019.pdf,compartido
autonomous_2019_04,2019,Corts Valencianes,Comunidad Valenciana,Castellón,1,TEÓFILO ORTELLS LÓPEZ,Hombre,FALSE,FALSE,Cs,FALSE,,CIUDADANOS-PARTIDO DE LA,,c_val_2019.pdf,compartido
autonomous_2019_04,2019,Corts Valencianes,Comunidad Valenciana,Castellón,2,DAVID MOLINER VILLARREAL,Hombre,FALSE,FALSE,Cs,FALSE,,CIUDADANOS-PARTIDO DE LA,,c_val_2019.pdf,compartido
autonomous_2019_04,2019,Corts Valencianes,Comunidad Valenciana,Castellón,3,ARACELI DE MOYA SANCHO Num. 8520 / 02.04.2019,Mujer,FALSE,FALSE,Cs,FALSE,,CIUDADANOS-PARTIDO DE LA,,c_val_2019.pdf,compartido
autonomous_2019_04,2019,Corts Valencianes,Comunidad Valenciana,Valencia,1,TONI CANTÓ GARCÍA DEL MORAL,Hombre,TRUE,TRUE,Cs,FALSE,,CIUDADANOS-PARTIDO DE LA,,c_val_2019.pdf,compartido
autonomous_2019_04,2019,Corts Valencianes,Comunidad Valenciana,Valencia,2,RUTH MARÍA MERINO PEÑA,Mujer,TRUE,TRUE,Cs,FALSE,,CIUDADANOS-PARTIDO DE LA,,c_val_2019.pdf,compartido
autonomous_2019_04,2019,Corts Valencianes,Comunidad Valenciana,Valencia,3,MARÍA DEL CARMEN PERIS NAVARRO,Mujer,TRUE,TRUE,Cs,FALSE,,CIUDADANOS-PARTIDO DE LA,,c_val_2019.pdf,compartido
autonomous_2019_04,2019,Corts Valencianes,Comunidad Valenciana,Valencia,4,CARLOS PABLO GRACIA CALANDÍN,Hombre,TRUE,TRUE,Cs,FALSE,,CIUDADANOS-PARTIDO DE LA,,c_val_2019.pdf,compartido
autonomous_2019_04,2019,Corts Valencianes,Comunidad Valenciana,Valencia,5,JESÚS SALMERÓN BERGA,Hombre,TRUE,TRUE,Cs,FALSE,,CIUDADANOS-PARTIDO DE LA,,c_val_2019.pdf,compartido
autonomous_2019_04,2019,Corts Valencianes,Comunidad Valenciana,Valencia,6,PATRICIA GARCÍA GUASP,Mujer,TRUE,TRUE,Cs,FALSE,,CIUDADANOS-PARTIDO DE LA,,c_val_2019.pdf,compartido
autonomous_2019_04,2019,Corts Valencianes,Comunidad Valenciana,Valencia,7,LUIS ARQUILLOS CRUZ,Hombre,TRUE,TRUE,Cs,FALSE,,CIUDADANOS-PARTIDO DE LA,,c_val_2019.pdf,compartido
autonomous_2019_04,2019,Corts Valencianes,Comunidad Valenciana,Valencia,8,ASUNCIÓN SANCHIS MORERA,Mujer,TRUE,FALSE,Cs,FALSE,,CIUDADANOS-PARTIDO DE LA,,c_val_2019.pdf,compartido
autonomous_2019_04,2019,Corts Valencianes,Comunidad Valenciana,Valencia,9,FERNANDO JUAN MULAS DELGADO,Hombre,TRUE,FALSE,Cs,FALSE,,CIUDADANOS-PARTIDO DE LA,,c_val_2019.pdf,compartido
autonomous_2019_04,2019,Corts Valencianes,Comunidad Valenciana,Valencia,10,PATRICIA GALIANA SASTRE,Mujer,TRUE,FALSE,Cs,FALSE,,CIUDADANOS-PARTIDO DE LA,,c_val_2019.pdf,compartido
autonomous_2019_04,2019,Corts Valencianes,Comunidad Valenciana,Valencia,11,BEATRIZ MOURE MAESTRE,Mujer,TRUE,FALSE,Cs,FALSE,,CIUDADANOS-PARTIDO DE LA,,c_val_2019.pdf,compartido
autonomous_2019_04,2019,Corts Valencianes,Comunidad Valenciana,Valencia,12,AMPARO LÓPEZ CARRETERO,Mujer,TRUE,FALSE,Cs,FALSE,,CIUDADANOS-PARTIDO DE LA,,c_val_2019.pdf,compartido
autonomous_2019_04,2019,Corts Valencianes,Comunidad Valenciana,Valencia,13,CARLOS MIÑANA SÁNCHEZ,Hombre,TRUE,FALSE,Cs,FALSE,,CIUDADANOS-PARTIDO DE LA,,c_val_2019.pdf,compartido
autonomous_2019_04,2019,Corts Valencianes,Comunidad Valenciana,Valencia,14,ADELA CANO-COLOMA ABAD Titulares Num. 8520 / 02.04.2019,Mujer,TRUE,FALSE,Cs,FALSE,,CIUDADANOS-PARTIDO DE LA,,c_val_2019.pdf,compartido
autonomous_2019_04,2019,Corts Valencianes,Comunidad Valenciana,Valencia,15,RAFAEL HUGO MALDONADO SANTILLÁN,Hombre,TRUE,FALSE,Cs,FALSE,,CIUDADANOS-PARTIDO DE LA,,c_val_2019.pdf,compartido
autonomous_2019_04,2019,Corts Valencianes,Comunidad Valenciana,Valencia,16,MARÍA ÁNGELES MORA PLA,Mujer,TRUE,FALSE,Cs,FALSE,,CIUDADANOS-PARTIDO DE LA,,c_val_2019.pdf,compartido
autonomous_2019_04,2019,Corts Valencianes,Comunidad Valenciana,Valencia,17,DANIEL NIETO SANCHIS,Hombre,TRUE,FALSE,Cs,FALSE,,CIUDADANOS-PARTIDO DE LA,,c_val_2019.pdf,compartido
autonomous_2019_04,2019,Corts Valencianes,Comunidad Valenciana,Valencia,18,DESAMPARADOS CASTAÑER PEIRO,Mujer,TRUE,FALSE,Cs,FALSE,,CIUDADANOS-PARTIDO DE LA,,c_val_2019.pdf,compartido
autonomous_2019_04,2019,Corts Valencianes,Comunidad Valenciana,Valencia,19,SEBASTIÁN MOYA ALBIOL,Hombre,TRUE,FALSE,Cs,FALSE,,CIUDADANOS-PARTIDO DE LA,,c_val_2019.pdf,compartido
autonomous_2019_04,2019,Corts Valencianes,Comunidad Valenciana,Valencia,20,SUSAN SÁNCHEZ GAYOL,Mujer,TRUE,FALSE,Cs,FALSE,,CIUDADANOS-PARTIDO DE LA,,c_val_2019.pdf,compartido
autonomous_2019_04,2019,Corts Valencianes,Comunidad Valenciana,Valencia,21,DANIEL BELLOD YRISSARRI,Hombre,TRUE,FALSE,Cs,FALSE,,CIUDADANOS-PARTIDO DE LA,,c_val_2019.pdf,compartido
autonomous_2019_04,2019,Corts Valencianes,Comunidad Valenciana,Valencia,22,MARÍA ELISA MARTÍ TORRES,Mujer,TRUE,FALSE,Cs,FALSE,,CIUDADANOS-PARTIDO DE LA,,c_val_2019.pdf,compartido
autonomous_2019_04,2019,Corts Valencianes,Comunidad Valenciana,Valencia,23,JUAN BAUTISTA PUCHAU GADEA,Hombre,TRUE,FALSE,Cs,FALSE,,CIUDADANOS-PARTIDO DE LA,,c_val_2019.pdf,compartido
autonomous_2019_04,2019,Corts Valencianes,Comunidad Valenciana,Valencia,24,INMACULADA ESTER REDONDO CEBOLLA,Mujer,TRUE,FALSE,Cs,FALSE,,CIUDADANOS-PARTIDO DE LA,,c_val_2019.pdf,compartido
autonomous_2019_04,2019,Corts Valencianes,Comunidad Valenciana,Valencia,25,RAFAEL RODRÍGUEZ RAMÓN,Hombre,TRUE,FALSE,Cs,FALSE,,CIUDADANOS-PARTIDO DE LA,,c_val_2019.pdf,compartido
autonomous_2019_04,2019,Corts Valencianes,Comunidad Valenciana,Valencia,26,MARÍA JOSÉ CIVERA BADÍA,Mujer,TRUE,FALSE,Cs,FALSE,,CIUDADANOS-PARTIDO DE LA,,c_val_2019.pdf,compartido
autonomous_2019_04,2019,Corts Valencianes,Comunidad Valenciana,Valencia,27,MIGUEL EMILIO DE MORLÁN DÍAZ-CANSECO,Hombre,TRUE,FALSE,Cs,FALSE,,CIUDADANOS-PARTIDO DE LA,,c_val_2019.pdf,compartido
autonomous_2019_04,2019,Corts Valencianes,Comunidad Valenciana,Valencia,28,AMPARO SÁNCHEZ CÓZAR,Mujer,TRUE,FALSE,Cs,FALSE,,CIUDADANOS-PARTIDO DE LA,,c_val_2019.pdf,compartido
autonomous_2019_04,2019,Corts Valencianes,Comunidad Valenciana,Valencia,29,ANTONIO HERNÁNDEZ JIMÉNEZ,Hombre,TRUE,FALSE,Cs,FALSE,,CIUDADANOS-PARTIDO DE LA,,c_val_2019.pdf,compartido
autonomous_2019_04,2019,Corts Valencianes,Comunidad Valenciana,Valencia,30,MARÍA ÁNGELES MONTELL SORIANO,Mujer,TRUE,FALSE,Cs,FALSE,,CIUDADANOS-PARTIDO DE LA,,c_val_2019.pdf,compartido
autonomous_2019_04,2019,Corts Valencianes,Comunidad Valenciana,Valencia,31,EUGENIO MORENO PÉREZ,Hombre,TRUE,FALSE,Cs,FALSE,,CIUDADANOS-PARTIDO DE LA,,c_val_2019.pdf,compartido
autonomous_2019_04,2019,Corts Valencianes,Comunidad Valenciana,Valencia,32,MARÍA DE LOS DESAMPARADOS BOLANT HERNÁNDEZ,Mujer,TRUE,FALSE,Cs,FALSE,,CIUDADANOS-PARTIDO DE LA,,c_val_2019.pdf,compartido
autonomous_2019_04,2019,Corts Valencianes,Comunidad Valenciana,Valencia,33,ANDRÉS ROIG MURILLO,Hombre,TRUE,FALSE,Cs,FALSE,,CIUDADANOS-PARTIDO DE LA,,c_val_2019.pdf,compartido
autonomous_2019_04,2019,Corts Valencianes,Comunidad Valenciana,Valencia,34,BÁRBARA DESAMPARADOS GURREA PERIS,Mujer,TRUE,FALSE,Cs,FALSE,,CIUDADANOS-PARTIDO DE LA,,c_val_2019.pdf,compartido
autonomous_2019_04,2019,Corts Valencianes,Comunidad Valenciana,Valencia,35,JUAN ENRIQUE FERRANDO GARCÍA,Hombre,TRUE,FALSE,Cs,FALSE,,CIUDADANOS-PARTIDO DE LA,,c_val_2019.pdf,compartido
autonomous_2019_04,2019,Corts Valencianes,Comunidad Valenciana,Valencia,36,ELISABETH GÓMEZ RUFAS,Mujer,TRUE,FALSE,Cs,FALSE,,CIUDADANOS-PARTIDO DE LA,,c_val_2019.pdf,compartido
autonomous_2019_04,2019,Corts Valencianes,Comunidad Valenciana,Valencia,37,CARLOS ANTONIO AQUINO PÉREZ,Hombre,TRUE,FALSE,Cs,FALSE,,CIUDADANOS-PARTIDO DE LA,,c_val_2019.pdf,compartido
autonomous_2019_04,2019,Corts Valencianes,Comunidad Valenciana,Valencia,38,DESAMPARADOS ALABORT CUENCA,Mujer,TRUE,FALSE,Cs,FALSE,,CIUDADANOS-PARTIDO DE LA,,c_val_2019.pdf,compartido
autonomous_2019_04,2019,Corts Valencianes,Comunidad Valenciana,Valencia,39,JOAN MIQUEL MASES GRAU,Hombre,TRUE,FALSE,Cs,FALSE,,CIUDADANOS-PARTIDO DE LA,,c_val_2019.pdf,compartido
autonomous_2019_04,2019,Corts Valencianes,Comunidad Valenciana,Valencia,40,REBECA ORTEGA JIMÉNEZ Suplents,Mujer,TRUE,FALSE,Cs,FALSE,,CIUDADANOS-PARTIDO DE LA,,c_val_2019.pdf,compartido
autonomous_2019_04,2019,Corts Valencianes,Comunidad Valenciana,Valencia,1,FRANCISCA SALES PUCHADES,Mujer,FALSE,FALSE,Cs,FALSE,,CIUDADANOS-PARTIDO DE LA,,c_val_2019.pdf,compartido
autonomous_2019_04,2019,Corts Valencianes,Comunidad Valenciana,Valencia,2,ANTONIO CERVERA BRIONES,Hombre,FALSE,FALSE,Cs,FALSE,,CIUDADANOS-PARTIDO DE LA,,c_val_2019.pdf,compartido
autonomous_2019_04,2019,Corts Valencianes,Comunidad Valenciana,Valencia,3,LAURA ESTEVE QUESADA,Mujer,FALSE,FALSE,Cs,FALSE,,CIUDADANOS-PARTIDO DE LA,,c_val_2019.pdf,compartido
autonomous_2019_04,2019,Corts Valencianes,Comunidad Valenciana,Valencia,4,ENRIQUE JOSÉ ESCRIVÁ TERÁN,Hombre,FALSE,FALSE,Cs,FALSE,,CIUDADANOS-PARTIDO DE LA,,c_val_2019.pdf,compartido
autonomous_2019_04,2019,Corts Valencianes,Comunidad Valenciana,Valencia,5,ESTHER DEL HIERRO NAVARRO,Mujer,FALSE,FALSE,Cs,FALSE,,CIUDADANOS-PARTIDO DE LA,,c_val_2019.pdf,compartido
autonomous_2019_04,2019,Corts Valencianes,Comunidad Valenciana,Valencia,6,JESÚS JUAN CERDÁ MARTÍNEZ,Hombre,FALSE,FALSE,Cs,FALSE,,CIUDADANOS-PARTIDO DE LA,,c_val_2019.pdf,compartido
autonomous_2019_05,2019,Cortes de Castilla-La Mancha,Castilla-La Mancha,Albacete,1,María del Carmen Picazo Pérez,Mujer,TRUE,TRUE,Cs,FALSE,,CIUDADANOS-PARTIDO DE LA CIUDADANIA (Cs),Cs,https://elecciones2019.castillalamancha.es/candidaturasp/Albacete/partido/CIUDADANOS-PARTIDO%20DE%20LA%20CIUDADANIA%20%28Cs%29,portal JCCM
autonomous_2019_05,2019,Cortes de Castilla-La Mancha,Castilla-La Mancha,Albacete,2,Onésimo Eduardo González Martínez,Hombre,TRUE,FALSE,Cs,FALSE,,CIUDADANOS-PARTIDO DE LA CIUDADANIA (Cs),Cs,https://elecciones2019.castillalamancha.es/candidaturasp/Albacete/partido/CIUDADANOS-PARTIDO%20DE%20LA%20CIUDADANIA%20%28Cs%29,portal JCCM
autonomous_2019_05,2019,Cortes de Castilla-La Mancha,Castilla-La Mancha,Albacete,3,Laura Mercedes Avellaneda Rivera,Mujer,TRUE,FALSE,Cs,FALSE,,CIUDADANOS-PARTIDO DE LA CIUDADANIA (Cs),Cs,https://elecciones2019.castillalamancha.es/candidaturasp/Albacete/partido/CIUDADANOS-PARTIDO%20DE%20LA%20CIUDADANIA%20%28Cs%29,portal JCCM
autonomous_2019_05,2019,Cortes de Castilla-La Mancha,Castilla-La Mancha,Albacete,4,José Vicente Alagarda Sáez,Hombre,TRUE,FALSE,Cs,FALSE,,CIUDADANOS-PARTIDO DE LA CIUDADANIA (Cs),Cs,https://elecciones2019.castillalamancha.es/candidaturasp/Albacete/partido/CIUDADANOS-PARTIDO%20DE%20LA%20CIUDADANIA%20%28Cs%29,portal JCCM
autonomous_2019_05,2019,Cortes de Castilla-La Mancha,Castilla-La Mancha,Albacete,5,María Carmen Levia Campos,Mujer,TRUE,FALSE,Cs,FALSE,,CIUDADANOS-PARTIDO DE LA CIUDADANIA (Cs),Cs,https://elecciones2019.castillalamancha.es/candidaturasp/Albacete/partido/CIUDADANOS-PARTIDO%20DE%20LA%20CIUDADANIA%20%28Cs%29,portal JCCM
autonomous_2019_05,2019,Cortes de Castilla-La Mancha,Castilla-La Mancha,Albacete,6,Juan Luis Sánchez Baidez,Hombre,TRUE,FALSE,Cs,FALSE,,CIUDADANOS-PARTIDO DE LA CIUDADANIA (Cs),Cs,https://elecciones2019.castillalamancha.es/candidaturasp/Albacete/partido/CIUDADANOS-PARTIDO%20DE%20LA%20CIUDADANIA%20%28Cs%29,portal JCCM
autonomous_2019_05,2019,Cortes de Castilla-La Mancha,Castilla-La Mancha,Albacete,7,María Belén Yañez Martínez,Mujer,TRUE,FALSE,Cs,FALSE,,CIUDADANOS-PARTIDO DE LA CIUDADANIA (Cs),Cs,https://elecciones2019.castillalamancha.es/candidaturasp/Albacete/partido/CIUDADANOS-PARTIDO%20DE%20LA%20CIUDADANIA%20%28Cs%29,portal JCCM
autonomous_2019_05,2019,Cortes de Castilla-La Mancha,Castilla-La Mancha,Albacete,1,Juan Pablo Ortega Pérez,Hombre,FALSE,FALSE,Cs,FALSE,,CIUDADANOS-PARTIDO DE LA CIUDADANIA (Cs),Cs,https://elecciones2019.castillalamancha.es/candidaturasp/Albacete/partido/CIUDADANOS-PARTIDO%20DE%20LA%20CIUDADANIA%20%28Cs%29,portal JCCM
autonomous_2019_05,2019,Cortes de Castilla-La Mancha,Castilla-La Mancha,Albacete,2,Ana María Borredat Navarro,Mujer,FALSE,FALSE,Cs,FALSE,,CIUDADANOS-PARTIDO DE LA CIUDADANIA (Cs),Cs,https://elecciones2019.castillalamancha.es/candidaturasp/Albacete/partido/CIUDADANOS-PARTIDO%20DE%20LA%20CIUDADANIA%20%28Cs%29,portal JCCM
autonomous_2019_05,2019,Cortes de Castilla-La Mancha,Castilla-La Mancha,Albacete,3,Miguel Ángel Trujillo Gómez,Hombre,FALSE,FALSE,Cs,FALSE,,CIUDADANOS-PARTIDO DE LA CIUDADANIA (Cs),Cs,https://elecciones2019.castillalamancha.es/candidaturasp/Albacete/partido/CIUDADANOS-PARTIDO%20DE%20LA%20CIUDADANIA%20%28Cs%29,portal JCCM
autonomous_2019_05,2019,Asamblea de Extremadura,Extremadura,Badajoz,1,David Salazar Pachón,Hombre,TRUE,TRUE,Cs,FALSE,,CIUDADANOS-PARTIDO DE LA CIUDADANIA,Cs,doe_ext_2019_b.pdf,compartido
autonomous_2019_05,2019,Asamblea de Extremadura,Extremadura,Badajoz,2,Marta Pérez Guillén,Mujer,TRUE,TRUE,Cs,FALSE,,CIUDADANOS-PARTIDO DE LA CIUDADANIA,Cs,doe_ext_2019_b.pdf,compartido
autonomous_2019_05,2019,Asamblea de Extremadura,Extremadura,Badajoz,3,Joaquin Vicente Prieto Tobalo,Hombre,TRUE,TRUE,Cs,FALSE,,CIUDADANOS-PARTIDO DE LA CIUDADANIA,Cs,doe_ext_2019_b.pdf,compartido
autonomous_2019_05,2019,Asamblea de Extremadura,Extremadura,Badajoz,4,Fernando Baselga Laucirica,Hombre,TRUE,TRUE,Cs,FALSE,,CIUDADANOS-PARTIDO DE LA CIUDADANIA,Cs,doe_ext_2019_b.pdf,compartido
autonomous_2019_05,2019,Asamblea de Extremadura,Extremadura,Badajoz,5,Ana Teresa Ponce Latorre,Mujer,TRUE,FALSE,Cs,FALSE,,CIUDADANOS-PARTIDO DE LA CIUDADANIA,Cs,doe_ext_2019_b.pdf,compartido
autonomous_2019_05,2019,Asamblea de Extremadura,Extremadura,Badajoz,6,Julio Alberto Mendoza Ignacio,Hombre,TRUE,FALSE,Cs,FALSE,,CIUDADANOS-PARTIDO DE LA CIUDADANIA,Cs,doe_ext_2019_b.pdf,compartido
autonomous_2019_05,2019,Asamblea de Extremadura,Extremadura,Badajoz,7,Patricia Hernández Domínguez,Mujer,TRUE,FALSE,Cs,FALSE,,CIUDADANOS-PARTIDO DE LA CIUDADANIA,Cs,doe_ext_2019_b.pdf,compartido
autonomous_2019_05,2019,Asamblea de Extremadura,Extremadura,Badajoz,8,Abel Sánchez Gordillo,Hombre,TRUE,FALSE,Cs,FALSE,,CIUDADANOS-PARTIDO DE LA CIUDADANIA,Cs,doe_ext_2019_b.pdf,compartido
autonomous_2019_05,2019,Asamblea de Extremadura,Extremadura,Badajoz,9,José Benigno Benavides Pizarro,Hombre,TRUE,FALSE,Cs,FALSE,,CIUDADANOS-PARTIDO DE LA CIUDADANIA,Cs,doe_ext_2019_b.pdf,compartido
autonomous_2019_05,2019,Asamblea de Extremadura,Extremadura,Badajoz,10,Isabel María Guerrero Moreno,Mujer,TRUE,FALSE,Cs,FALSE,,CIUDADANOS-PARTIDO DE LA CIUDADANIA,Cs,doe_ext_2019_b.pdf,compartido
autonomous_2019_05,2019,Asamblea de Extremadura,Extremadura,Badajoz,11,David Díaz Torvisco,Hombre,TRUE,FALSE,Cs,FALSE,,CIUDADANOS-PARTIDO DE LA CIUDADANIA,Cs,doe_ext_2019_b.pdf,compartido
autonomous_2019_05,2019,Asamblea de Extremadura,Extremadura,Badajoz,12,Rachid El Quaroi El Quaroi (Independiente),Hombre,TRUE,FALSE,Cs,FALSE,,CIUDADANOS-PARTIDO DE LA CIUDADANIA,Cs,doe_ext_2019_b.pdf,compartido
autonomous_2019_05,2019,Asamblea de Extremadura,Extremadura,Badajoz,13,María Jesús Linares Delgado,Mujer,TRUE,FALSE,Cs,FALSE,,CIUDADANOS-PARTIDO DE LA CIUDADANIA,Cs,doe_ext_2019_b.pdf,compartido
autonomous_2019_05,2019,Asamblea de Extremadura,Extremadura,Badajoz,14,Jairo Osuna Pons,Hombre,TRUE,FALSE,Cs,FALSE,,CIUDADANOS-PARTIDO DE LA CIUDADANIA,Cs,doe_ext_2019_b.pdf,compartido
autonomous_2019_05,2019,Asamblea de Extremadura,Extremadura,Badajoz,15,Alejandro Alarcón Fernández,Hombre,TRUE,FALSE,Cs,FALSE,,CIUDADANOS-PARTIDO DE LA CIUDADANIA,Cs,doe_ext_2019_b.pdf,compartido
autonomous_2019_05,2019,Asamblea de Extremadura,Extremadura,Badajoz,16,José Carlos Marcos De la Rubia,Hombre,TRUE,FALSE,Cs,FALSE,,CIUDADANOS-PARTIDO DE LA CIUDADANIA,Cs,doe_ext_2019_b.pdf,compartido
autonomous_2019_05,2019,Asamblea de Extremadura,Extremadura,Badajoz,17,Antonia Fernández Blanco NÚMERO 78,Mujer,TRUE,FALSE,Cs,FALSE,,CIUDADANOS-PARTIDO DE LA CIUDADANIA,Cs,doe_ext_2019_b.pdf,compartido
autonomous_2019_05,2019,Asamblea de Extremadura,Extremadura,Badajoz,18,María de Fátima Álvarez López,Mujer,TRUE,FALSE,Cs,FALSE,,CIUDADANOS-PARTIDO DE LA CIUDADANIA,Cs,doe_ext_2019_b.pdf,compartido
autonomous_2019_05,2019,Asamblea de Extremadura,Extremadura,Badajoz,19,José Luis Escaso Isla,Hombre,TRUE,FALSE,Cs,FALSE,,CIUDADANOS-PARTIDO DE LA CIUDADANIA,Cs,doe_ext_2019_b.pdf,compartido
autonomous_2019_05,2019,Asamblea de Extremadura,Extremadura,Badajoz,20,Verónica Sánchez Sánchez,Mujer,TRUE,FALSE,Cs,FALSE,,CIUDADANOS-PARTIDO DE LA CIUDADANIA,Cs,doe_ext_2019_b.pdf,compartido
autonomous_2019_05,2019,Asamblea de Extremadura,Extremadura,Badajoz,21,Pedro Ramos Fernández,Hombre,TRUE,FALSE,Cs,FALSE,,CIUDADANOS-PARTIDO DE LA CIUDADANIA,Cs,doe_ext_2019_b.pdf,compartido
autonomous_2019_05,2019,Asamblea de Extremadura,Extremadura,Badajoz,22,José Antonio Heredero Martínez,Hombre,TRUE,FALSE,Cs,FALSE,,CIUDADANOS-PARTIDO DE LA CIUDADANIA,Cs,doe_ext_2019_b.pdf,compartido
autonomous_2019_05,2019,Asamblea de Extremadura,Extremadura,Badajoz,23,María Belén Solís Cerro,Mujer,TRUE,FALSE,Cs,FALSE,,CIUDADANOS-PARTIDO DE LA CIUDADANIA,Cs,doe_ext_2019_b.pdf,compartido
autonomous_2019_05,2019,Asamblea de Extremadura,Extremadura,Badajoz,24,Ángela Caminero López de Silva,Mujer,TRUE,FALSE,Cs,FALSE,,CIUDADANOS-PARTIDO DE LA CIUDADANIA,Cs,doe_ext_2019_b.pdf,compartido
autonomous_2019_05,2019,Asamblea de Extremadura,Extremadura,Badajoz,25,Juan José Portero Pagador,Hombre,TRUE,FALSE,Cs,FALSE,,CIUDADANOS-PARTIDO DE LA CIUDADANIA,Cs,doe_ext_2019_b.pdf,compartido
autonomous_2019_05,2019,Asamblea de Extremadura,Extremadura,Badajoz,26,Cristina Conchón Bermejo,Mujer,TRUE,FALSE,Cs,FALSE,,CIUDADANOS-PARTIDO DE LA CIUDADANIA,Cs,doe_ext_2019_b.pdf,compartido
autonomous_2019_05,2019,Asamblea de Extremadura,Extremadura,Badajoz,27,María Jesús Donaire Gómez,Mujer,TRUE,FALSE,Cs,FALSE,,CIUDADANOS-PARTIDO DE LA CIUDADANIA,Cs,doe_ext_2019_b.pdf,compartido
autonomous_2019_05,2019,Asamblea de Extremadura,Extremadura,Badajoz,28,Santiago Hernández Hernández,Hombre,TRUE,FALSE,Cs,FALSE,,CIUDADANOS-PARTIDO DE LA CIUDADANIA,Cs,doe_ext_2019_b.pdf,compartido
autonomous_2019_05,2019,Asamblea de Extremadura,Extremadura,Badajoz,29,Pedro Sanjuan Gamero,Hombre,TRUE,FALSE,Cs,FALSE,,CIUDADANOS-PARTIDO DE LA CIUDADANIA,Cs,doe_ext_2019_b.pdf,compartido
autonomous_2019_05,2019,Asamblea de Extremadura,Extremadura,Badajoz,30,María Ángeles Sánchez Piñero,Mujer,TRUE,FALSE,Cs,FALSE,,CIUDADANOS-PARTIDO DE LA CIUDADANIA,Cs,doe_ext_2019_b.pdf,compartido
autonomous_2019_05,2019,Asamblea de Extremadura,Extremadura,Badajoz,31,Desire Vázquez Becerra,Mujer,TRUE,FALSE,Cs,FALSE,,CIUDADANOS-PARTIDO DE LA CIUDADANIA,Cs,doe_ext_2019_b.pdf,compartido
autonomous_2019_05,2019,Asamblea de Extremadura,Extremadura,Badajoz,32,Miriam Refolio García,Mujer,TRUE,FALSE,Cs,FALSE,,CIUDADANOS-PARTIDO DE LA CIUDADANIA,Cs,doe_ext_2019_b.pdf,compartido
autonomous_2019_05,2019,Asamblea de Extremadura,Extremadura,Badajoz,33,Luis García Galea,Hombre,TRUE,FALSE,Cs,FALSE,,CIUDADANOS-PARTIDO DE LA CIUDADANIA,Cs,doe_ext_2019_b.pdf,compartido
autonomous_2019_05,2019,Asamblea de Extremadura,Extremadura,Badajoz,34,Ana Delgado Rodríguez,Mujer,TRUE,FALSE,Cs,FALSE,,CIUDADANOS-PARTIDO DE LA CIUDADANIA,Cs,doe_ext_2019_b.pdf,compartido
autonomous_2019_05,2019,Asamblea de Extremadura,Extremadura,Badajoz,35,Roberto Aymerich Cantero,Hombre,TRUE,FALSE,Cs,FALSE,,CIUDADANOS-PARTIDO DE LA CIUDADANIA,Cs,doe_ext_2019_b.pdf,compartido
autonomous_2019_05,2019,Asamblea de Extremadura,Extremadura,Badajoz,36,María José Onsurbe Domínguez,Mujer,TRUE,FALSE,Cs,FALSE,,CIUDADANOS-PARTIDO DE LA CIUDADANIA,Cs,doe_ext_2019_b.pdf,compartido
autonomous_2019_05,2019,Asamblea de Extremadura,Extremadura,Badajoz,1,José Fernández Matos,Hombre,FALSE,FALSE,Cs,FALSE,,CIUDADANOS-PARTIDO DE LA CIUDADANIA,Cs,doe_ext_2019_b.pdf,compartido
autonomous_2019_05,2019,Asamblea de Extremadura,Extremadura,Badajoz,2,Elisa Isabel Montaño Macías,Mujer,FALSE,FALSE,Cs,FALSE,,CIUDADANOS-PARTIDO DE LA CIUDADANIA,Cs,doe_ext_2019_b.pdf,compartido
autonomous_2019_05,2019,Asamblea de Extremadura,Extremadura,Badajoz,3,Francisco Malpica Nogales,Hombre,FALSE,FALSE,Cs,FALSE,,CIUDADANOS-PARTIDO DE LA CIUDADANIA,Cs,doe_ext_2019_b.pdf,compartido
autonomous_2019_05,2019,Cortes de Castilla y León,Castilla y Leon,Burgos,1,JOSÉ IGNACIO DELGADO PALACIOS,Hombre,TRUE,TRUE,Cs,FALSE,,CIUDADANOS-PARTIDO DE LA CIUDADANIA,Cs,jec_cyl_2019.pdf,compartido
autonomous_2019_05,2019,Cortes de Castilla y León,Castilla y Leon,Burgos,2,BLANCA DELIA NEGRETE SANTAMARÍA (Independiente),Mujer,TRUE,TRUE,Cs,FALSE,,CIUDADANOS-PARTIDO DE LA CIUDADANIA,Cs,jec_cyl_2019.pdf,compartido
autonomous_2019_05,2019,Cortes de Castilla y León,Castilla y Leon,Burgos,3,JOSÉ MARÍA FERNÁNDEZ GARCÍA,Hombre,TRUE,FALSE,Cs,FALSE,,CIUDADANOS-PARTIDO DE LA CIUDADANIA,Cs,jec_cyl_2019.pdf,compartido
autonomous_2019_05,2019,Cortes de Castilla y León,Castilla y Leon,Burgos,4,NAIARA GUERRERO SALAZAR (Independiente),Mujer,TRUE,FALSE,Cs,FALSE,,CIUDADANOS-PARTIDO DE LA CIUDADANIA,Cs,jec_cyl_2019.pdf,compartido
autonomous_2019_05,2019,Cortes de Castilla y León,Castilla y Leon,Burgos,5,JOSÉ LUIS ACQUARONI AGUILERA,Hombre,TRUE,FALSE,Cs,FALSE,,CIUDADANOS-PARTIDO DE LA CIUDADANIA,Cs,jec_cyl_2019.pdf,compartido
autonomous_2019_05,2019,Cortes de Castilla y León,Castilla y Leon,Burgos,6,ELIA SALINERO ONTOSO,Mujer,TRUE,FALSE,Cs,FALSE,,CIUDADANOS-PARTIDO DE LA CIUDADANIA,Cs,jec_cyl_2019.pdf,compartido
autonomous_2019_05,2019,Cortes de Castilla y León,Castilla y Leon,Burgos,7,PEDRO MIGUEL SOTO CUESTA,Hombre,TRUE,FALSE,Cs,FALSE,,CIUDADANOS-PARTIDO DE LA CIUDADANIA,Cs,jec_cyl_2019.pdf,compartido
autonomous_2019_05,2019,Cortes de Castilla y León,Castilla y Leon,Burgos,8,JULITA GLORIA ÁLVAREZ ALONSO,Mujer,TRUE,FALSE,Cs,FALSE,,CIUDADANOS-PARTIDO DE LA CIUDADANIA,Cs,jec_cyl_2019.pdf,compartido
autonomous_2019_05,2019,Cortes de Castilla y León,Castilla y Leon,Burgos,9,PABLO CALVO ANDRÉS,Hombre,TRUE,FALSE,Cs,FALSE,,CIUDADANOS-PARTIDO DE LA CIUDADANIA,Cs,jec_cyl_2019.pdf,compartido
autonomous_2019_05,2019,Cortes de Castilla y León,Castilla y Leon,Burgos,10,ÁLVARO CASTRILLEJO PEÑA,Hombre,TRUE,FALSE,Cs,FALSE,,CIUDADANOS-PARTIDO DE LA CIUDADANIA,Cs,jec_cyl_2019.pdf,compartido
autonomous_2019_05,2019,Cortes de Castilla y León,Castilla y Leon,Burgos,11,MARTA PUENTE GARCÍA,Mujer,TRUE,FALSE,Cs,FALSE,,CIUDADANOS-PARTIDO DE LA CIUDADANIA,Cs,jec_cyl_2019.pdf,compartido
autonomous_2019_05,2019,Cortes de Castilla y León,Castilla y Leon,Burgos,1,VANESA GARCÍA MARTÍNEZ,Mujer,FALSE,FALSE,Cs,FALSE,,CIUDADANOS-PARTIDO DE LA CIUDADANIA,Cs,jec_cyl_2019.pdf,compartido
autonomous_2019_05,2019,Cortes de Castilla y León,Castilla y Leon,Burgos,2,LIDIA ARRIBAS DELGADO,Mujer,FALSE,FALSE,Cs,FALSE,,CIUDADANOS-PARTIDO DE LA CIUDADANIA,Cs,jec_cyl_2019.pdf,compartido
autonomous_2019_05,2019,Cortes de Castilla y León,Castilla y Leon,Burgos,3,FERNANDO MARTÍN LÓPEZ,Hombre,FALSE,FALSE,Cs,FALSE,,CIUDADANOS-PARTIDO DE LA CIUDADANIA,Cs,jec_cyl_2019.pdf,compartido
autonomous_2019_05,2019,Parlamento de Cantabria,Cantabria,Cantabria,1,Félix Álvarez Palleiro,Hombre,TRUE,TRUE,Cs,FALSE,,CIUDADANOS-PARTIDO DE LA CIUDADANÍA,Cs,jec_can_2019.pdf,compartido
autonomous_2019_05,2019,Parlamento de Cantabria,Cantabria,Cantabria,2,Marta García Martínez,Mujer,TRUE,TRUE,Cs,FALSE,,CIUDADANOS-PARTIDO DE LA CIUDADANÍA,Cs,jec_can_2019.pdf,compartido
autonomous_2019_05,2019,Parlamento de Cantabria,Cantabria,Cantabria,3,Diego Marañón García,Hombre,TRUE,TRUE,Cs,FALSE,,CIUDADANOS-PARTIDO DE LA CIUDADANÍA,Cs,jec_can_2019.pdf,compartido
autonomous_2019_05,2019,Parlamento de Cantabria,Cantabria,Cantabria,4,Esteban Martínez Póo,Hombre,TRUE,FALSE,Cs,FALSE,,CIUDADANOS-PARTIDO DE LA CIUDADANÍA,Cs,jec_can_2019.pdf,compartido
autonomous_2019_05,2019,Parlamento de Cantabria,Cantabria,Cantabria,5,María Alodia Blanco Santamaría,Mujer,TRUE,FALSE,Cs,FALSE,,CIUDADANOS-PARTIDO DE LA CIUDADANÍA,Cs,jec_can_2019.pdf,compartido
autonomous_2019_05,2019,Parlamento de Cantabria,Cantabria,Cantabria,6,Daniel Enrique Gordaliza Crespo,Hombre,TRUE,FALSE,Cs,FALSE,,CIUDADANOS-PARTIDO DE LA CIUDADANÍA,Cs,jec_can_2019.pdf,compartido
autonomous_2019_05,2019,Parlamento de Cantabria,Cantabria,Cantabria,7,María Esther Merino Portugal,Mujer,TRUE,FALSE,Cs,FALSE,,CIUDADANOS-PARTIDO DE LA CIUDADANÍA,Cs,jec_can_2019.pdf,compartido
autonomous_2019_05,2019,Parlamento de Cantabria,Cantabria,Cantabria,8,Fortunato Porras Díaz,Hombre,TRUE,FALSE,Cs,FALSE,,CIUDADANOS-PARTIDO DE LA CIUDADANÍA,Cs,jec_can_2019.pdf,compartido
autonomous_2019_05,2019,Parlamento de Cantabria,Cantabria,Cantabria,9,Cristina Gómez Bedia,Mujer,TRUE,FALSE,Cs,FALSE,,CIUDADANOS-PARTIDO DE LA CIUDADANÍA,Cs,jec_can_2019.pdf,compartido
autonomous_2019_05,2019,Parlamento de Cantabria,Cantabria,Cantabria,10,Raúl Serrano Oceja,Hombre,TRUE,FALSE,Cs,FALSE,,CIUDADANOS-PARTIDO DE LA CIUDADANÍA,Cs,jec_can_2019.pdf,compartido
autonomous_2019_05,2019,Parlamento de Cantabria,Cantabria,Cantabria,11,María Cristina Canales Gutiérrez,Mujer,TRUE,FALSE,Cs,FALSE,,CIUDADANOS-PARTIDO DE LA CIUDADANÍA,Cs,jec_can_2019.pdf,compartido
autonomous_2019_05,2019,Parlamento de Cantabria,Cantabria,Cantabria,12,José Joaquín Arce Higuera,Hombre,TRUE,FALSE,Cs,FALSE,,CIUDADANOS-PARTIDO DE LA CIUDADANÍA,Cs,jec_can_2019.pdf,compartido
autonomous_2019_05,2019,Parlamento de Cantabria,Cantabria,Cantabria,13,Cristina González Bustamante,Mujer,TRUE,FALSE,Cs,FALSE,,CIUDADANOS-PARTIDO DE LA CIUDADANÍA,Cs,jec_can_2019.pdf,compartido
autonomous_2019_05,2019,Parlamento de Cantabria,Cantabria,Cantabria,14,Daniel Samperio Ruiz,Hombre,TRUE,FALSE,Cs,FALSE,,CIUDADANOS-PARTIDO DE LA CIUDADANÍA,Cs,jec_can_2019.pdf,compartido
autonomous_2019_05,2019,Parlamento de Cantabria,Cantabria,Cantabria,15,Álvaro Laso Saro,Hombre,TRUE,FALSE,Cs,FALSE,,CIUDADANOS-PARTIDO DE LA CIUDADANÍA,Cs,jec_can_2019.pdf,compartido
autonomous_2019_05,2019,Parlamento de Cantabria,Cantabria,Cantabria,16,Marcos Gutiérrez Liaño,Hombre,TRUE,FALSE,Cs,FALSE,,CIUDADANOS-PARTIDO DE LA CIUDADANÍA,Cs,jec_can_2019.pdf,compartido
autonomous_2019_05,2019,Parlamento de Cantabria,Cantabria,Cantabria,17,Ascensión Bielva Rodríguez,Mujer,TRUE,FALSE,Cs,FALSE,,CIUDADANOS-PARTIDO DE LA CIUDADANÍA,Cs,jec_can_2019.pdf,compartido
autonomous_2019_05,2019,Parlamento de Cantabria,Cantabria,Cantabria,18,Raúl Conde Fernández,Hombre,TRUE,FALSE,Cs,FALSE,,CIUDADANOS-PARTIDO DE LA CIUDADANÍA,Cs,jec_can_2019.pdf,compartido
autonomous_2019_05,2019,Parlamento de Cantabria,Cantabria,Cantabria,19,María Luz Villamil Calva,Mujer,TRUE,FALSE,Cs,FALSE,,CIUDADANOS-PARTIDO DE LA CIUDADANÍA,Cs,jec_can_2019.pdf,compartido
autonomous_2019_05,2019,Parlamento de Cantabria,Cantabria,Cantabria,20,Ignacio Bustio Villanueva,Hombre,TRUE,FALSE,Cs,FALSE,,CIUDADANOS-PARTIDO DE LA CIUDADANÍA,Cs,jec_can_2019.pdf,compartido
autonomous_2019_05,2019,Parlamento de Cantabria,Cantabria,Cantabria,21,Elsa Fernández Pareja,Mujer,TRUE,FALSE,Cs,FALSE,,CIUDADANOS-PARTIDO DE LA CIUDADANÍA,Cs,jec_can_2019.pdf,compartido
autonomous_2019_05,2019,Parlamento de Cantabria,Cantabria,Cantabria,22,Gregorio González García,Hombre,TRUE,FALSE,Cs,FALSE,,CIUDADANOS-PARTIDO DE LA CIUDADANÍA,Cs,jec_can_2019.pdf,compartido
autonomous_2019_05,2019,Parlamento de Cantabria,Cantabria,Cantabria,23,Sara Cristina Quintanilla Fernández,Mujer,TRUE,FALSE,Cs,FALSE,,CIUDADANOS-PARTIDO DE LA CIUDADANÍA,Cs,jec_can_2019.pdf,compartido
autonomous_2019_05,2019,Parlamento de Cantabria,Cantabria,Cantabria,24,Eduardo Diego Zorrilla,Hombre,TRUE,FALSE,Cs,FALSE,,CIUDADANOS-PARTIDO DE LA CIUDADANÍA,Cs,jec_can_2019.pdf,compartido
autonomous_2019_05,2019,Parlamento de Cantabria,Cantabria,Cantabria,25,Montserrat Sobrado Álvarez,Mujer,TRUE,FALSE,Cs,FALSE,,CIUDADANOS-PARTIDO DE LA CIUDADANÍA,Cs,jec_can_2019.pdf,compartido
autonomous_2019_05,2019,Parlamento de Cantabria,Cantabria,Cantabria,26,Armando Estrada Alvarado,Hombre,TRUE,FALSE,Cs,FALSE,,CIUDADANOS-PARTIDO DE LA CIUDADANÍA,Cs,jec_can_2019.pdf,compartido
autonomous_2019_05,2019,Parlamento de Cantabria,Cantabria,Cantabria,27,Laura Ara Olavarría,Mujer,TRUE,FALSE,Cs,FALSE,,CIUDADANOS-PARTIDO DE LA CIUDADANÍA,Cs,jec_can_2019.pdf,compartido
autonomous_2019_05,2019,Parlamento de Cantabria,Cantabria,Cantabria,28,Eduardo Caballero Bastardo,Hombre,TRUE,FALSE,Cs,FALSE,,CIUDADANOS-PARTIDO DE LA CIUDADANÍA,Cs,jec_can_2019.pdf,compartido
autonomous_2019_05,2019,Parlamento de Cantabria,Cantabria,Cantabria,29,Rebeca Cubero García,Mujer,TRUE,FALSE,Cs,FALSE,,CIUDADANOS-PARTIDO DE LA CIUDADANÍA,Cs,jec_can_2019.pdf,compartido
autonomous_2019_05,2019,Parlamento de Cantabria,Cantabria,Cantabria,30,Daniel García Castellanos,Hombre,TRUE,FALSE,Cs,FALSE,,CIUDADANOS-PARTIDO DE LA CIUDADANÍA,Cs,jec_can_2019.pdf,compartido
autonomous_2019_05,2019,Parlamento de Cantabria,Cantabria,Cantabria,31,María Vallina Calante,Mujer,TRUE,FALSE,Cs,FALSE,,CIUDADANOS-PARTIDO DE LA CIUDADANÍA,Cs,jec_can_2019.pdf,compartido
autonomous_2019_05,2019,Parlamento de Cantabria,Cantabria,Cantabria,32,Pedro Ramón Martínez del Pozo,Hombre,TRUE,FALSE,Cs,FALSE,,CIUDADANOS-PARTIDO DE LA CIUDADANÍA,Cs,jec_can_2019.pdf,compartido
autonomous_2019_05,2019,Parlamento de Cantabria,Cantabria,Cantabria,33,Mónica Ruiz Odriozola,Mujer,TRUE,FALSE,Cs,FALSE,,CIUDADANOS-PARTIDO DE LA CIUDADANÍA,Cs,jec_can_2019.pdf,compartido
autonomous_2019_05,2019,Parlamento de Cantabria,Cantabria,Cantabria,34,José Antonio Cuevas López,Hombre,TRUE,FALSE,Cs,FALSE,,CIUDADANOS-PARTIDO DE LA CIUDADANÍA,Cs,jec_can_2019.pdf,compartido
autonomous_2019_05,2019,Parlamento de Cantabria,Cantabria,Cantabria,35,Sanae Alaoui Amtout,Mujer,TRUE,FALSE,Cs,FALSE,,CIUDADANOS-PARTIDO DE LA CIUDADANÍA,Cs,jec_can_2019.pdf,compartido
autonomous_2019_05,2019,Parlamento de Cantabria,Cantabria,Cantabria,1,Jaime Velasco García,Hombre,FALSE,FALSE,Cs,FALSE,,CIUDADANOS-PARTIDO DE LA CIUDADANÍA,Cs,jec_can_2019.pdf,compartido
autonomous_2019_05,2019,Parlamento de Cantabria,Cantabria,Cantabria,2,María Inmaculada Solar Espinosa,Mujer,FALSE,FALSE,Cs,FALSE,,CIUDADANOS-PARTIDO DE LA CIUDADANÍA,Cs,jec_can_2019.pdf,compartido
autonomous_2019_05,2019,Parlamento de Cantabria,Cantabria,Cantabria,3,Vanesa Samperio Cavadas,Mujer,FALSE,FALSE,Cs,FALSE,,CIUDADANOS-PARTIDO DE LA CIUDADANÍA,Cs,jec_can_2019.pdf,compartido
autonomous_2019_05,2019,Parlamento de Cantabria,Cantabria,Cantabria,4,Beatriz Terán Gómez,Mujer,FALSE,FALSE,Cs,FALSE,,CIUDADANOS-PARTIDO DE LA CIUDADANÍA,Cs,jec_can_2019.pdf,compartido
autonomous_2019_05,2019,Parlamento de Cantabria,Cantabria,Cantabria,5,Fernando Linaje del Campo,Hombre,FALSE,FALSE,Cs,FALSE,,CIUDADANOS-PARTIDO DE LA CIUDADANÍA,Cs,jec_can_2019.pdf,compartido
autonomous_2019_05,2019,Junta General del Principado de Asturias,Asturias,Centro,1,Juan Antonio Vázquez García (Independiente),Hombre,TRUE,TRUE,Cs,FALSE,,CIUDADANOS-PARTIDO DE LA CIUDADANÍA,Cs,jec_ast_2019.pdf,compartido
autonomous_2019_05,2019,Junta General del Principado de Asturias,Asturias,Centro,2,Ana María Coto Montes (Independiente),Mujer,TRUE,TRUE,Cs,FALSE,,CIUDADANOS-PARTIDO DE LA CIUDADANÍA,Cs,jec_ast_2019.pdf,compartido
autonomous_2019_05,2019,Junta General del Principado de Asturias,Asturias,Centro,3,Sergio García Rodríguez,Hombre,TRUE,TRUE,Cs,FALSE,,CIUDADANOS-PARTIDO DE LA CIUDADANÍA,Cs,jec_ast_2019.pdf,compartido
autonomous_2019_05,2019,Junta General del Principado de Asturias,Asturias,Centro,4,Laura Pérez Macho,Mujer,TRUE,TRUE,Cs,FALSE,,CIUDADANOS-PARTIDO DE LA CIUDADANÍA,Cs,jec_ast_2019.pdf,compartido
autonomous_2019_05,2019,Junta General del Principado de Asturias,Asturias,Centro,5,Luis Armando Fernández Bartolomé,Hombre,TRUE,TRUE,Cs,FALSE,,CIUDADANOS-PARTIDO DE LA CIUDADANÍA,Cs,jec_ast_2019.pdf,compartido
autonomous_2019_05,2019,Junta General del Principado de Asturias,Asturias,Centro,6,Ana Rosa Fonseca Díaz (Independiente),Mujer,TRUE,FALSE,Cs,FALSE,,CIUDADANOS-PARTIDO DE LA CIUDADANÍA,Cs,jec_ast_2019.pdf,compartido
autonomous_2019_05,2019,Junta General del Principado de Asturias,Asturias,Centro,7,Susana Fernández Álvarez,Mujer,TRUE,FALSE,Cs,FALSE,,CIUDADANOS-PARTIDO DE LA CIUDADANÍA,Cs,jec_ast_2019.pdf,compartido
autonomous_2019_05,2019,Junta General del Principado de Asturias,Asturias,Centro,8,Cristóbal de la Coba Ortiz,Hombre,TRUE,FALSE,Cs,FALSE,,CIUDADANOS-PARTIDO DE LA CIUDADANÍA,Cs,jec_ast_2019.pdf,compartido
autonomous_2019_05,2019,Junta General del Principado de Asturias,Asturias,Centro,9,Luis Carlos Fanjul Viña,Hombre,TRUE,FALSE,Cs,FALSE,,CIUDADANOS-PARTIDO DE LA CIUDADANÍA,Cs,jec_ast_2019.pdf,compartido
autonomous_2019_05,2019,Junta General del Principado de Asturias,Asturias,Centro,10,Manuel Cifuentes Corujo,Hombre,TRUE,FALSE,Cs,FALSE,,CIUDADANOS-PARTIDO DE LA CIUDADANÍA,Cs,jec_ast_2019.pdf,compartido
autonomous_2019_05,2019,Junta General del Principado de Asturias,Asturias,Centro,11,María Parreño Fernández,Mujer,TRUE,FALSE,Cs,FALSE,,CIUDADANOS-PARTIDO DE LA CIUDADANÍA,Cs,jec_ast_2019.pdf,compartido
autonomous_2019_05,2019,Junta General del Principado de Asturias,Asturias,Centro,12,Elena Inmaculada Lomba Monjardín,Mujer,TRUE,FALSE,Cs,FALSE,,CIUDADANOS-PARTIDO DE LA CIUDADANÍA,Cs,jec_ast_2019.pdf,compartido
autonomous_2019_05,2019,Junta General del Principado de Asturias,Asturias,Centro,13,Laura Infanzón Méndez,Mujer,TRUE,FALSE,Cs,FALSE,,CIUDADANOS-PARTIDO DE LA CIUDADANÍA,Cs,jec_ast_2019.pdf,compartido
autonomous_2019_05,2019,Junta General del Principado de Asturias,Asturias,Centro,14,Miguel Ángel Fernández Rodríguez,Hombre,TRUE,FALSE,Cs,FALSE,,CIUDADANOS-PARTIDO DE LA CIUDADANÍA,Cs,jec_ast_2019.pdf,compartido
autonomous_2019_05,2019,Junta General del Principado de Asturias,Asturias,Centro,15,Juan Guillermo Zapata Orozco,Hombre,TRUE,FALSE,Cs,FALSE,,CIUDADANOS-PARTIDO DE LA CIUDADANÍA,Cs,jec_ast_2019.pdf,compartido
autonomous_2019_05,2019,Junta General del Principado de Asturias,Asturias,Centro,16,Almudena Fernández Domínguez,Mujer,TRUE,FALSE,Cs,FALSE,,CIUDADANOS-PARTIDO DE LA CIUDADANÍA,Cs,jec_ast_2019.pdf,compartido
autonomous_2019_05,2019,Junta General del Principado de Asturias,Asturias,Centro,17,Violeta Fernández Sordo,Mujer,TRUE,FALSE,Cs,FALSE,,CIUDADANOS-PARTIDO DE LA CIUDADANÍA,Cs,jec_ast_2019.pdf,compartido
autonomous_2019_05,2019,Junta General del Principado de Asturias,Asturias,Centro,18,Jaime López González,Hombre,TRUE,FALSE,Cs,FALSE,,CIUDADANOS-PARTIDO DE LA CIUDADANÍA,Cs,jec_ast_2019.pdf,compartido
autonomous_2019_05,2019,Junta General del Principado de Asturias,Asturias,Centro,19,Rafael Gómez Goñi,Hombre,TRUE,FALSE,Cs,FALSE,,CIUDADANOS-PARTIDO DE LA CIUDADANÍA,Cs,jec_ast_2019.pdf,compartido
autonomous_2019_05,2019,Junta General del Principado de Asturias,Asturias,Centro,20,María Teresa Díaz González,Mujer,TRUE,FALSE,Cs,FALSE,,CIUDADANOS-PARTIDO DE LA CIUDADANÍA,Cs,jec_ast_2019.pdf,compartido
autonomous_2019_05,2019,Junta General del Principado de Asturias,Asturias,Centro,21,Antonio Rivas Sánchez,Hombre,TRUE,FALSE,Cs,FALSE,,CIUDADANOS-PARTIDO DE LA CIUDADANÍA,Cs,jec_ast_2019.pdf,compartido
autonomous_2019_05,2019,Junta General del Principado de Asturias,Asturias,Centro,22,María del Pilar Ferreras Ponga,Mujer,TRUE,FALSE,Cs,FALSE,,CIUDADANOS-PARTIDO DE LA CIUDADANÍA,Cs,jec_ast_2019.pdf,compartido
autonomous_2019_05,2019,Junta General del Principado de Asturias,Asturias,Centro,23,Aleida González Cuervo,Mujer,TRUE,FALSE,Cs,FALSE,,CIUDADANOS-PARTIDO DE LA CIUDADANÍA,Cs,jec_ast_2019.pdf,compartido
autonomous_2019_05,2019,Junta General del Principado de Asturias,Asturias,Centro,24,Pablo Llaneza Llaneza,Hombre,TRUE,FALSE,Cs,FALSE,,CIUDADANOS-PARTIDO DE LA CIUDADANÍA,Cs,jec_ast_2019.pdf,compartido
autonomous_2019_05,2019,Junta General del Principado de Asturias,Asturias,Centro,25,María Patricia Núñez Menéndez,Mujer,TRUE,FALSE,Cs,FALSE,,CIUDADANOS-PARTIDO DE LA CIUDADANÍA,Cs,jec_ast_2019.pdf,compartido
autonomous_2019_05,2019,Junta General del Principado de Asturias,Asturias,Centro,26,Marina Novoa Gómez,Mujer,TRUE,FALSE,Cs,FALSE,,CIUDADANOS-PARTIDO DE LA CIUDADANÍA,Cs,jec_ast_2019.pdf,compartido
autonomous_2019_05,2019,Junta General del Principado de Asturias,Asturias,Centro,27,Julián Bravo Rodríguez,Hombre,TRUE,FALSE,Cs,FALSE,,CIUDADANOS-PARTIDO DE LA CIUDADANÍA,Cs,jec_ast_2019.pdf,compartido
autonomous_2019_05,2019,Junta General del Principado de Asturias,Asturias,Centro,28,José Manuel Valdés Tamargo,Hombre,TRUE,FALSE,Cs,FALSE,,CIUDADANOS-PARTIDO DE LA CIUDADANÍA,Cs,jec_ast_2019.pdf,compartido
autonomous_2019_05,2019,Junta General del Principado de Asturias,Asturias,Centro,29,Aitor Alonso Mallada,Hombre,TRUE,FALSE,Cs,FALSE,,CIUDADANOS-PARTIDO DE LA CIUDADANÍA,Cs,jec_ast_2019.pdf,compartido
autonomous_2019_05,2019,Junta General del Principado de Asturias,Asturias,Centro,30,Paula Fernández Méndez,Mujer,TRUE,FALSE,Cs,FALSE,,CIUDADANOS-PARTIDO DE LA CIUDADANÍA,Cs,jec_ast_2019.pdf,compartido
autonomous_2019_05,2019,Junta General del Principado de Asturias,Asturias,Centro,31,Alberto Mier Martínez,Hombre,TRUE,FALSE,Cs,FALSE,,CIUDADANOS-PARTIDO DE LA CIUDADANÍA,Cs,jec_ast_2019.pdf,compartido
autonomous_2019_05,2019,Junta General del Principado de Asturias,Asturias,Centro,32,Juan Ramón Curto García,Hombre,TRUE,FALSE,Cs,FALSE,,CIUDADANOS-PARTIDO DE LA CIUDADANÍA,Cs,jec_ast_2019.pdf,compartido
autonomous_2019_05,2019,Junta General del Principado de Asturias,Asturias,Centro,33,Patricia Díaz de Abajo,Mujer,TRUE,FALSE,Cs,FALSE,,CIUDADANOS-PARTIDO DE LA CIUDADANÍA,Cs,jec_ast_2019.pdf,compartido
autonomous_2019_05,2019,Junta General del Principado de Asturias,Asturias,Centro,34,María Luisa Madrid Romero,Mujer,TRUE,FALSE,Cs,FALSE,,CIUDADANOS-PARTIDO DE LA CIUDADANÍA,Cs,jec_ast_2019.pdf,compartido
autonomous_2019_05,2019,Junta General del Principado de Asturias,Asturias,Centro,1,Javier Alejandro Suárez López,Hombre,FALSE,FALSE,Cs,FALSE,,CIUDADANOS-PARTIDO DE LA CIUDADANÍA,Cs,jec_ast_2019.pdf,compartido
autonomous_2019_05,2019,Junta General del Principado de Asturias,Asturias,Centro,2,Ana María Román Pañeda,Mujer,FALSE,FALSE,Cs,FALSE,,CIUDADANOS-PARTIDO DE LA CIUDADANÍA,Cs,jec_ast_2019.pdf,compartido
autonomous_2019_05,2019,Junta General del Principado de Asturias,Asturias,Centro,3,Rubén Candás Victorero,Hombre,FALSE,FALSE,Cs,FALSE,,CIUDADANOS-PARTIDO DE LA CIUDADANÍA,Cs,jec_ast_2019.pdf,compartido
autonomous_2019_05,2019,Asamblea de Ceuta,Ceuta,Ceuta,1,Javier Varga Pecharromán,Hombre,TRUE,FALSE,Cs,FALSE,,CIUDADANOS-PARTIDO DE LA CIUDADANÍA,Cs,jec_ceu_2019.pdf,compartido
autonomous_2019_05,2019,Asamblea de Ceuta,Ceuta,Ceuta,2,Tamara Guerrero Gómez,Mujer,TRUE,FALSE,Cs,FALSE,,CIUDADANOS-PARTIDO DE LA CIUDADANÍA,Cs,jec_ceu_2019.pdf,compartido
autonomous_2019_05,2019,Asamblea de Ceuta,Ceuta,Ceuta,3,Juan Manuel Parrado Sobrino,Hombre,TRUE,FALSE,Cs,FALSE,,CIUDADANOS-PARTIDO DE LA CIUDADANÍA,Cs,jec_ceu_2019.pdf,compartido
autonomous_2019_05,2019,Asamblea de Ceuta,Ceuta,Ceuta,4,Karima Aomar Dadi,Mujer,TRUE,FALSE,Cs,FALSE,,CIUDADANOS-PARTIDO DE LA CIUDADANÍA,Cs,jec_ceu_2019.pdf,compartido
autonomous_2019_05,2019,Asamblea de Ceuta,Ceuta,Ceuta,5,Munir El-Hichou Abselam,Hombre,TRUE,FALSE,Cs,FALSE,,CIUDADANOS-PARTIDO DE LA CIUDADANÍA,Cs,jec_ceu_2019.pdf,compartido
autonomous_2019_05,2019,Asamblea de Ceuta,Ceuta,Ceuta,6,María Yéssica de Torres Gómez,Mujer,TRUE,FALSE,Cs,FALSE,,CIUDADANOS-PARTIDO DE LA CIUDADANÍA,Cs,jec_ceu_2019.pdf,compartido
autonomous_2019_05,2019,Asamblea de Ceuta,Ceuta,Ceuta,7,Luis Gil Gallardo,Hombre,TRUE,FALSE,Cs,FALSE,,CIUDADANOS-PARTIDO DE LA CIUDADANÍA,Cs,jec_ceu_2019.pdf,compartido
autonomous_2019_05,2019,Asamblea de Ceuta,Ceuta,Ceuta,8,Raquel González Espinosa,Mujer,TRUE,FALSE,Cs,FALSE,,CIUDADANOS-PARTIDO DE LA CIUDADANÍA,Cs,jec_ceu_2019.pdf,compartido
autonomous_2019_05,2019,Asamblea de Ceuta,Ceuta,Ceuta,9,Víctor Manuel Núñez Ríos,Hombre,TRUE,FALSE,Cs,FALSE,,CIUDADANOS-PARTIDO DE LA CIUDADANÍA,Cs,jec_ceu_2019.pdf,compartido
autonomous_2019_05,2019,Asamblea de Ceuta,Ceuta,Ceuta,10,Gema María Carreto Soto,Mujer,TRUE,FALSE,Cs,FALSE,,CIUDADANOS-PARTIDO DE LA CIUDADANÍA,Cs,jec_ceu_2019.pdf,compartido
autonomous_2019_05,2019,Asamblea de Ceuta,Ceuta,Ceuta,11,Lorenzo Castro Sánchez,Hombre,TRUE,FALSE,Cs,FALSE,,CIUDADANOS-PARTIDO DE LA CIUDADANÍA,Cs,jec_ceu_2019.pdf,compartido
autonomous_2019_05,2019,Asamblea de Ceuta,Ceuta,Ceuta,12,María inmaculada Pilar Gracia,Mujer,TRUE,FALSE,Cs,FALSE,,CIUDADANOS-PARTIDO DE LA CIUDADANÍA,Cs,jec_ceu_2019.pdf,compartido
autonomous_2019_05,2019,Asamblea de Ceuta,Ceuta,Ceuta,13,Alberto Jesús García-Pardo Delgado,Hombre,TRUE,FALSE,Cs,FALSE,,CIUDADANOS-PARTIDO DE LA CIUDADANÍA,Cs,jec_ceu_2019.pdf,compartido
autonomous_2019_05,2019,Asamblea de Ceuta,Ceuta,Ceuta,14,Raquel Ruíz Guerrero,Mujer,TRUE,FALSE,Cs,FALSE,,CIUDADANOS-PARTIDO DE LA CIUDADANÍA,Cs,jec_ceu_2019.pdf,compartido
autonomous_2019_05,2019,Asamblea de Ceuta,Ceuta,Ceuta,15,Said Abdel-Lah Ahmed (Independiente),Hombre,TRUE,FALSE,Cs,FALSE,,CIUDADANOS-PARTIDO DE LA CIUDADANÍA,Cs,jec_ceu_2019.pdf,compartido
autonomous_2019_05,2019,Asamblea de Ceuta,Ceuta,Ceuta,16,Ana María Díaz Jiménez,Mujer,TRUE,FALSE,Cs,FALSE,,CIUDADANOS-PARTIDO DE LA CIUDADANÍA,Cs,jec_ceu_2019.pdf,compartido
autonomous_2019_05,2019,Asamblea de Ceuta,Ceuta,Ceuta,17,Ashok Dhanwani Doulatram,Hombre,TRUE,FALSE,Cs,FALSE,,CIUDADANOS-PARTIDO DE LA CIUDADANÍA,Cs,jec_ceu_2019.pdf,compartido
autonomous_2019_05,2019,Asamblea de Ceuta,Ceuta,Ceuta,18,Abdelkader Kilani Boutaher,Hombre,TRUE,FALSE,Cs,FALSE,,CIUDADANOS-PARTIDO DE LA CIUDADANÍA,Cs,jec_ceu_2019.pdf,compartido
autonomous_2019_05,2019,Asamblea de Ceuta,Ceuta,Ceuta,19,Eva Nieves Pérez Martín,Mujer,TRUE,FALSE,Cs,FALSE,,CIUDADANOS-PARTIDO DE LA CIUDADANÍA,Cs,jec_ceu_2019.pdf,compartido
autonomous_2019_05,2019,Asamblea de Ceuta,Ceuta,Ceuta,20,José Cristóbal Jiménez Chamorro,Hombre,TRUE,FALSE,Cs,FALSE,,CIUDADANOS-PARTIDO DE LA CIUDADANÍA,Cs,jec_ceu_2019.pdf,compartido
autonomous_2019_05,2019,Asamblea de Ceuta,Ceuta,Ceuta,21,Ana María Gómez Lozano,Mujer,TRUE,FALSE,Cs,FALSE,,CIUDADANOS-PARTIDO DE LA CIUDADANÍA,Cs,jec_ceu_2019.pdf,compartido
autonomous_2019_05,2019,Asamblea de Ceuta,Ceuta,Ceuta,22,Juan José LLopis Luque,Hombre,TRUE,FALSE,Cs,FALSE,,CIUDADANOS-PARTIDO DE LA CIUDADANÍA,Cs,jec_ceu_2019.pdf,compartido
autonomous_2019_05,2019,Asamblea de Ceuta,Ceuta,Ceuta,23,Ascensión Ortega Espinola,Mujer,TRUE,FALSE,Cs,FALSE,,CIUDADANOS-PARTIDO DE LA CIUDADANÍA,Cs,jec_ceu_2019.pdf,compartido
autonomous_2019_05,2019,Asamblea de Ceuta,Ceuta,Ceuta,24,Inmaculada Lechado Rull,Mujer,TRUE,FALSE,Cs,FALSE,,CIUDADANOS-PARTIDO DE LA CIUDADANÍA,Cs,jec_ceu_2019.pdf,compartido
autonomous_2019_05,2019,Asamblea de Ceuta,Ceuta,Ceuta,25,José Manuel Gómez Lozano,Hombre,TRUE,FALSE,Cs,FALSE,,CIUDADANOS-PARTIDO DE LA CIUDADANÍA,Cs,jec_ceu_2019.pdf,compartido
autonomous_2019_05,2019,Asamblea de Ceuta,Ceuta,Ceuta,1,Ricardo Pareja Lopera,Hombre,FALSE,FALSE,Cs,FALSE,,CIUDADANOS-PARTIDO DE LA CIUDADANÍA,Cs,jec_ceu_2019.pdf,compartido
autonomous_2019_05,2019,Asamblea de Ceuta,Ceuta,Ceuta,2,Encamación Martín Santana,,FALSE,FALSE,Cs,FALSE,,CIUDADANOS-PARTIDO DE LA CIUDADANÍA,Cs,jec_ceu_2019.pdf,compartido
autonomous_2019_05,2019,Asamblea de Ceuta,Ceuta,Ceuta,3,Antonio María Zambrano Sánchez,Hombre,FALSE,FALSE,Cs,FALSE,,CIUDADANOS-PARTIDO DE LA CIUDADANÍA,Cs,jec_ceu_2019.pdf,compartido
autonomous_2019_05,2019,Parlamento de Canarias,Canarias,Circunscripción autonómica,1,MARIANO GUILLERMO CEJAS RODRÍGUEZ,Hombre,TRUE,FALSE,Cs,FALSE,,CIUDADANOS-PARTIDO DE LA CIUDADANÍA,,https://www.parcan.es/elecciones/2019/candidaturas/ca/,parcan
autonomous_2019_05,2019,Parlamento de Canarias,Canarias,Circunscripción autonómica,2,JOSÉ MIGUEL LÓPEZ VELOSO,Hombre,TRUE,FALSE,Cs,FALSE,,CIUDADANOS-PARTIDO DE LA CIUDADANÍA,,https://www.parcan.es/elecciones/2019/candidaturas/ca/,parcan
autonomous_2019_05,2019,Parlamento de Canarias,Canarias,Circunscripción autonómica,3,RAFAEL JUAN MEDINA JABER,Hombre,TRUE,FALSE,Cs,FALSE,,CIUDADANOS-PARTIDO DE LA CIUDADANÍA,,https://www.parcan.es/elecciones/2019/candidaturas/ca/,parcan
autonomous_2019_05,2019,Parlamento de Canarias,Canarias,Circunscripción autonómica,4,MARÍA DE LA PEÑA ARMAS HERNÁNDEZ,Mujer,TRUE,FALSE,Cs,FALSE,,CIUDADANOS-PARTIDO DE LA CIUDADANÍA,,https://www.parcan.es/elecciones/2019/candidaturas/ca/,parcan
autonomous_2019_05,2019,Parlamento de Canarias,Canarias,Circunscripción autonómica,5,CAROLINA RODRÍGUEZ MARTÍN,Mujer,TRUE,FALSE,Cs,FALSE,,CIUDADANOS-PARTIDO DE LA CIUDADANÍA,,https://www.parcan.es/elecciones/2019/candidaturas/ca/,parcan
autonomous_2019_05,2019,Parlamento de Canarias,Canarias,Circunscripción autonómica,6,MANUEL AGUSTÍN FLORIDO MAYOR,Hombre,TRUE,FALSE,Cs,FALSE,,CIUDADANOS-PARTIDO DE LA CIUDADANÍA,,https://www.parcan.es/elecciones/2019/candidaturas/ca/,parcan
autonomous_2019_05,2019,Parlamento de Canarias,Canarias,Circunscripción autonómica,7,SARAY RODRÍGUEZ MARRERO,Mujer,TRUE,FALSE,Cs,FALSE,,CIUDADANOS-PARTIDO DE LA CIUDADANÍA,,https://www.parcan.es/elecciones/2019/candidaturas/ca/,parcan
autonomous_2019_05,2019,Parlamento de Canarias,Canarias,Circunscripción autonómica,8,IVÁN OJEDA LEGAZA,Hombre,TRUE,FALSE,Cs,FALSE,,CIUDADANOS-PARTIDO DE LA CIUDADANÍA,,https://www.parcan.es/elecciones/2019/candidaturas/ca/,parcan
autonomous_2019_05,2019,Parlamento de Canarias,Canarias,Circunscripción autonómica,9,BEATRIZ CORREAS SUÁREZ,Mujer,TRUE,FALSE,Cs,FALSE,,CIUDADANOS-PARTIDO DE LA CIUDADANÍA,,https://www.parcan.es/elecciones/2019/candidaturas/ca/,parcan
autonomous_2019_05,2019,Cortes de Castilla-La Mancha,Castilla-La Mancha,Ciudad Real,1,Ursula Lopez Fuentes,Mujer,TRUE,TRUE,Cs,FALSE,,CIUDADANOS-PARTIDO DE LA CIUDADANIA (Cs),Cs,https://elecciones2019.castillalamancha.es/candidaturasp/Ciudad%20Real/partido/CIUDADANOS-PARTIDO%20DE%20LA%20CIUDADANIA%20%28Cs%29,portal JCCM
autonomous_2019_05,2019,Cortes de Castilla-La Mancha,Castilla-La Mancha,Ciudad Real,2,Christian Gortazar Schmidt,Hombre,TRUE,FALSE,Cs,FALSE,,CIUDADANOS-PARTIDO DE LA CIUDADANIA (Cs),Cs,https://elecciones2019.castillalamancha.es/candidaturasp/Ciudad%20Real/partido/CIUDADANOS-PARTIDO%20DE%20LA%20CIUDADANIA%20%28Cs%29,portal JCCM
autonomous_2019_05,2019,Cortes de Castilla-La Mancha,Castilla-La Mancha,Ciudad Real,3,Elena Jaime Jareño,Mujer,TRUE,FALSE,Cs,FALSE,,CIUDADANOS-PARTIDO DE LA CIUDADANIA (Cs),Cs,https://elecciones2019.castillalamancha.es/candidaturasp/Ciudad%20Real/partido/CIUDADANOS-PARTIDO%20DE%20LA%20CIUDADANIA%20%28Cs%29,portal JCCM
autonomous_2019_05,2019,Cortes de Castilla-La Mancha,Castilla-La Mancha,Ciudad Real,4,Javier Rodriguez Rivas,Hombre,TRUE,FALSE,Cs,FALSE,,CIUDADANOS-PARTIDO DE LA CIUDADANIA (Cs),Cs,https://elecciones2019.castillalamancha.es/candidaturasp/Ciudad%20Real/partido/CIUDADANOS-PARTIDO%20DE%20LA%20CIUDADANIA%20%28Cs%29,portal JCCM
autonomous_2019_05,2019,Cortes de Castilla-La Mancha,Castilla-La Mancha,Ciudad Real,5,Pilar Valencia Castillo,Mujer,TRUE,FALSE,Cs,FALSE,,CIUDADANOS-PARTIDO DE LA CIUDADANIA (Cs),Cs,https://elecciones2019.castillalamancha.es/candidaturasp/Ciudad%20Real/partido/CIUDADANOS-PARTIDO%20DE%20LA%20CIUDADANIA%20%28Cs%29,portal JCCM
autonomous_2019_05,2019,Cortes de Castilla-La Mancha,Castilla-La Mancha,Ciudad Real,6,Antonio Aranda Caraballo,Hombre,TRUE,FALSE,Cs,FALSE,,CIUDADANOS-PARTIDO DE LA CIUDADANIA (Cs),Cs,https://elecciones2019.castillalamancha.es/candidaturasp/Ciudad%20Real/partido/CIUDADANOS-PARTIDO%20DE%20LA%20CIUDADANIA%20%28Cs%29,portal JCCM
autonomous_2019_05,2019,Cortes de Castilla-La Mancha,Castilla-La Mancha,Ciudad Real,7,Esther Correas Alcolea,Mujer,TRUE,FALSE,Cs,FALSE,,CIUDADANOS-PARTIDO DE LA CIUDADANIA (Cs),Cs,https://elecciones2019.castillalamancha.es/candidaturasp/Ciudad%20Real/partido/CIUDADANOS-PARTIDO%20DE%20LA%20CIUDADANIA%20%28Cs%29,portal JCCM
autonomous_2019_05,2019,Cortes de Castilla-La Mancha,Castilla-La Mancha,Ciudad Real,1,Fernando Negrillo Roncero,Hombre,FALSE,FALSE,Cs,FALSE,,CIUDADANOS-PARTIDO DE LA CIUDADANIA (Cs),Cs,https://elecciones2019.castillalamancha.es/candidaturasp/Ciudad%20Real/partido/CIUDADANOS-PARTIDO%20DE%20LA%20CIUDADANIA%20%28Cs%29,portal JCCM
autonomous_2019_05,2019,Cortes de Castilla-La Mancha,Castilla-La Mancha,Ciudad Real,2,Maria Dolores Ramos Rodriguez,Mujer,FALSE,FALSE,Cs,FALSE,,CIUDADANOS-PARTIDO DE LA CIUDADANIA (Cs),Cs,https://elecciones2019.castillalamancha.es/candidaturasp/Ciudad%20Real/partido/CIUDADANOS-PARTIDO%20DE%20LA%20CIUDADANIA%20%28Cs%29,portal JCCM
autonomous_2019_05,2019,Cortes de Castilla-La Mancha,Castilla-La Mancha,Ciudad Real,3,Juan Ramon Reyero Gomez,Hombre,FALSE,FALSE,Cs,FALSE,,CIUDADANOS-PARTIDO DE LA CIUDADANIA (Cs),Cs,https://elecciones2019.castillalamancha.es/candidaturasp/Ciudad%20Real/partido/CIUDADANOS-PARTIDO%20DE%20LA%20CIUDADANIA%20%28Cs%29,portal JCCM
autonomous_2019_05,2019,Cortes de Castilla-La Mancha,Castilla-La Mancha,Cuenca,1,Casandra Castiblanque López,Mujer,TRUE,FALSE,Cs,FALSE,,CIUDADANOS-PARTIDO DE LA CIUDADANIA (Cs),Cs,https://elecciones2019.castillalamancha.es/candidaturasp/Cuenca/partido/CIUDADANOS-PARTIDO%20DE%20LA%20CIUDADANIA%20%28Cs%29,portal JCCM
autonomous_2019_05,2019,Cortes de Castilla-La Mancha,Castilla-La Mancha,Cuenca,2,José Javier de la Torre Valera,Hombre,TRUE,FALSE,Cs,FALSE,,CIUDADANOS-PARTIDO DE LA CIUDADANIA (Cs),Cs,https://elecciones2019.castillalamancha.es/candidaturasp/Cuenca/partido/CIUDADANOS-PARTIDO%20DE%20LA%20CIUDADANIA%20%28Cs%29,portal JCCM
autonomous_2019_05,2019,Cortes de Castilla-La Mancha,Castilla-La Mancha,Cuenca,3,María Salomé Escrig Bernat,Mujer,TRUE,FALSE,Cs,FALSE,,CIUDADANOS-PARTIDO DE LA CIUDADANIA (Cs),Cs,https://elecciones2019.castillalamancha.es/candidaturasp/Cuenca/partido/CIUDADANOS-PARTIDO%20DE%20LA%20CIUDADANIA%20%28Cs%29,portal JCCM
autonomous_2019_05,2019,Cortes de Castilla-La Mancha,Castilla-La Mancha,Cuenca,4,Carlos Gascón García,Hombre,TRUE,FALSE,Cs,FALSE,,CIUDADANOS-PARTIDO DE LA CIUDADANIA (Cs),Cs,https://elecciones2019.castillalamancha.es/candidaturasp/Cuenca/partido/CIUDADANOS-PARTIDO%20DE%20LA%20CIUDADANIA%20%28Cs%29,portal JCCM
autonomous_2019_05,2019,Cortes de Castilla-La Mancha,Castilla-La Mancha,Cuenca,5,Nicoleta Trifan Radu,Mujer,TRUE,FALSE,Cs,FALSE,,CIUDADANOS-PARTIDO DE LA CIUDADANIA (Cs),Cs,https://elecciones2019.castillalamancha.es/candidaturasp/Cuenca/partido/CIUDADANOS-PARTIDO%20DE%20LA%20CIUDADANIA%20%28Cs%29,portal JCCM
autonomous_2019_05,2019,Cortes de Castilla-La Mancha,Castilla-La Mancha,Cuenca,1,Cristian Luján Martínez,Hombre,FALSE,FALSE,Cs,FALSE,,CIUDADANOS-PARTIDO DE LA CIUDADANIA (Cs),Cs,https://elecciones2019.castillalamancha.es/candidaturasp/Cuenca/partido/CIUDADANOS-PARTIDO%20DE%20LA%20CIUDADANIA%20%28Cs%29,portal JCCM
autonomous_2019_05,2019,Cortes de Castilla-La Mancha,Castilla-La Mancha,Cuenca,2,Cristina Elena Fuentes Paños,Mujer,FALSE,FALSE,Cs,FALSE,,CIUDADANOS-PARTIDO DE LA CIUDADANIA (Cs),Cs,https://elecciones2019.castillalamancha.es/candidaturasp/Cuenca/partido/CIUDADANOS-PARTIDO%20DE%20LA%20CIUDADANIA%20%28Cs%29,portal JCCM
autonomous_2019_05,2019,Cortes de Castilla-La Mancha,Castilla-La Mancha,Cuenca,3,Adolfo Fernández Grimaldos,Hombre,FALSE,FALSE,Cs,FALSE,,CIUDADANOS-PARTIDO DE LA CIUDADANIA (Cs),Cs,https://elecciones2019.castillalamancha.es/candidaturasp/Cuenca/partido/CIUDADANOS-PARTIDO%20DE%20LA%20CIUDADANIA%20%28Cs%29,portal JCCM
autonomous_2019_05,2019,Asamblea de Extremadura,Extremadura,Cáceres,1,Cayetano Polo Naharro,Hombre,TRUE,TRUE,Cs,FALSE,,CIUDADANOS-PARTIDO DE LA CIUDADANIA,Cs,doe_ext_2019_a.pdf,compartido
autonomous_2019_05,2019,Asamblea de Extremadura,Extremadura,Cáceres,2,José María Casares Sánchez,Hombre,TRUE,TRUE,Cs,FALSE,,CIUDADANOS-PARTIDO DE LA CIUDADANIA,Cs,doe_ext_2019_a.pdf,compartido
autonomous_2019_05,2019,Asamblea de Extremadura,Extremadura,Cáceres,3,María Encarnación Martín Andrada,Mujer,TRUE,TRUE,Cs,FALSE,,CIUDADANOS-PARTIDO DE LA CIUDADANIA,Cs,doe_ext_2019_a.pdf,compartido
autonomous_2019_05,2019,Asamblea de Extremadura,Extremadura,Cáceres,4,Fernando Rodríguez Enrique,Hombre,TRUE,FALSE,Cs,FALSE,,CIUDADANOS-PARTIDO DE LA CIUDADANIA,Cs,doe_ext_2019_a.pdf,compartido
autonomous_2019_05,2019,Asamblea de Extremadura,Extremadura,Cáceres,5,María Soledad García Blasco,Mujer,TRUE,FALSE,Cs,FALSE,,CIUDADANOS-PARTIDO DE LA CIUDADANIA,Cs,doe_ext_2019_a.pdf,compartido
autonomous_2019_05,2019,Asamblea de Extremadura,Extremadura,Cáceres,6,Nerea Carpintero Sánchez,Mujer,TRUE,FALSE,Cs,FALSE,,CIUDADANOS-PARTIDO DE LA CIUDADANIA,Cs,doe_ext_2019_a.pdf,compartido
autonomous_2019_05,2019,Asamblea de Extremadura,Extremadura,Cáceres,7,Patricia Meana Díaz,Mujer,TRUE,FALSE,Cs,FALSE,,CIUDADANOS-PARTIDO DE LA CIUDADANIA,Cs,doe_ext_2019_a.pdf,compartido
autonomous_2019_05,2019,Asamblea de Extremadura,Extremadura,Cáceres,8,Óscar Redondo Hernández,Hombre,TRUE,FALSE,Cs,FALSE,,CIUDADANOS-PARTIDO DE LA CIUDADANIA,Cs,doe_ext_2019_a.pdf,compartido
autonomous_2019_05,2019,Asamblea de Extremadura,Extremadura,Cáceres,9,Ignacio Conde Arnillas,Hombre,TRUE,FALSE,Cs,FALSE,,CIUDADANOS-PARTIDO DE LA CIUDADANIA,Cs,doe_ext_2019_a.pdf,compartido
autonomous_2019_05,2019,Asamblea de Extremadura,Extremadura,Cáceres,10,Vanesa Sánchez Domínguez NÚMERO 78,Mujer,TRUE,FALSE,Cs,FALSE,,CIUDADANOS-PARTIDO DE LA CIUDADANIA,Cs,doe_ext_2019_a.pdf,compartido
autonomous_2019_05,2019,Asamblea de Extremadura,Extremadura,Cáceres,11,Juan Máximo Villar Molano,Hombre,TRUE,FALSE,Cs,FALSE,,CIUDADANOS-PARTIDO DE LA CIUDADANIA,Cs,doe_ext_2019_a.pdf,compartido
autonomous_2019_05,2019,Asamblea de Extremadura,Extremadura,Cáceres,12,Sara Iglesias Fornet,Mujer,TRUE,FALSE,Cs,FALSE,,CIUDADANOS-PARTIDO DE LA CIUDADANIA,Cs,doe_ext_2019_a.pdf,compartido
autonomous_2019_05,2019,Asamblea de Extremadura,Extremadura,Cáceres,13,José Manuel Ortiz Martín,Hombre,TRUE,FALSE,Cs,FALSE,,CIUDADANOS-PARTIDO DE LA CIUDADANIA,Cs,doe_ext_2019_a.pdf,compartido
autonomous_2019_05,2019,Asamblea de Extremadura,Extremadura,Cáceres,14,Cristina Barrigón Burgos,Mujer,TRUE,FALSE,Cs,FALSE,,CIUDADANOS-PARTIDO DE LA CIUDADANIA,Cs,doe_ext_2019_a.pdf,compartido
autonomous_2019_05,2019,Asamblea de Extremadura,Extremadura,Cáceres,15,Noemí Chaparro Leal,Mujer,TRUE,FALSE,Cs,FALSE,,CIUDADANOS-PARTIDO DE LA CIUDADANIA,Cs,doe_ext_2019_a.pdf,compartido
autonomous_2019_05,2019,Asamblea de Extremadura,Extremadura,Cáceres,16,David Gilarte García,Hombre,TRUE,FALSE,Cs,FALSE,,CIUDADANOS-PARTIDO DE LA CIUDADANIA,Cs,doe_ext_2019_a.pdf,compartido
autonomous_2019_05,2019,Asamblea de Extremadura,Extremadura,Cáceres,17,Jesús Javier Prieto Palomino,Hombre,TRUE,FALSE,Cs,FALSE,,CIUDADANOS-PARTIDO DE LA CIUDADANIA,Cs,doe_ext_2019_a.pdf,compartido
autonomous_2019_05,2019,Asamblea de Extremadura,Extremadura,Cáceres,18,Diana Martín Cordero,Mujer,TRUE,FALSE,Cs,FALSE,,CIUDADANOS-PARTIDO DE LA CIUDADANIA,Cs,doe_ext_2019_a.pdf,compartido
autonomous_2019_05,2019,Asamblea de Extremadura,Extremadura,Cáceres,19,Zacarías Nieto García,Hombre,TRUE,FALSE,Cs,FALSE,,CIUDADANOS-PARTIDO DE LA CIUDADANIA,Cs,doe_ext_2019_a.pdf,compartido
autonomous_2019_05,2019,Asamblea de Extremadura,Extremadura,Cáceres,20,Estefanía Delgado Lozano,Mujer,TRUE,FALSE,Cs,FALSE,,CIUDADANOS-PARTIDO DE LA CIUDADANIA,Cs,doe_ext_2019_a.pdf,compartido
autonomous_2019_05,2019,Asamblea de Extremadura,Extremadura,Cáceres,21,Ángel Luis Casado Vadillo,Hombre,TRUE,FALSE,Cs,FALSE,,CIUDADANOS-PARTIDO DE LA CIUDADANIA,Cs,doe_ext_2019_a.pdf,compartido
autonomous_2019_05,2019,Asamblea de Extremadura,Extremadura,Cáceres,22,Laura Peláez Guerra,Mujer,TRUE,FALSE,Cs,FALSE,,CIUDADANOS-PARTIDO DE LA CIUDADANIA,Cs,doe_ext_2019_a.pdf,compartido
autonomous_2019_05,2019,Asamblea de Extremadura,Extremadura,Cáceres,23,Antonio Alonso Vecino,Hombre,TRUE,FALSE,Cs,FALSE,,CIUDADANOS-PARTIDO DE LA CIUDADANIA,Cs,doe_ext_2019_a.pdf,compartido
autonomous_2019_05,2019,Asamblea de Extremadura,Extremadura,Cáceres,24,María Ángeles Sánchez Granado,Mujer,TRUE,FALSE,Cs,FALSE,,CIUDADANOS-PARTIDO DE LA CIUDADANIA,Cs,doe_ext_2019_a.pdf,compartido
autonomous_2019_05,2019,Asamblea de Extremadura,Extremadura,Cáceres,25,José Andrés Barrero Galán,Hombre,TRUE,FALSE,Cs,FALSE,,CIUDADANOS-PARTIDO DE LA CIUDADANIA,Cs,doe_ext_2019_a.pdf,compartido
autonomous_2019_05,2019,Asamblea de Extremadura,Extremadura,Cáceres,26,María Antonia Cayetano López,Mujer,TRUE,FALSE,Cs,FALSE,,CIUDADANOS-PARTIDO DE LA CIUDADANIA,Cs,doe_ext_2019_a.pdf,compartido
autonomous_2019_05,2019,Asamblea de Extremadura,Extremadura,Cáceres,27,Pedro Laso Núñez,Hombre,TRUE,FALSE,Cs,FALSE,,CIUDADANOS-PARTIDO DE LA CIUDADANIA,Cs,doe_ext_2019_a.pdf,compartido
autonomous_2019_05,2019,Asamblea de Extremadura,Extremadura,Cáceres,28,José Gonzálvez Domínguez,Hombre,TRUE,FALSE,Cs,FALSE,,CIUDADANOS-PARTIDO DE LA CIUDADANIA,Cs,doe_ext_2019_a.pdf,compartido
autonomous_2019_05,2019,Asamblea de Extremadura,Extremadura,Cáceres,29,María del Mar Díaz Solís,Mujer,TRUE,FALSE,Cs,FALSE,,CIUDADANOS-PARTIDO DE LA CIUDADANIA,Cs,doe_ext_2019_a.pdf,compartido
autonomous_2019_05,2019,Asamblea de Extremadura,Extremadura,Cáceres,1,Raquel Preciados Penis,Mujer,FALSE,FALSE,Cs,FALSE,,CIUDADANOS-PARTIDO DE LA CIUDADANIA,Cs,doe_ext_2019_a.pdf,compartido
autonomous_2019_05,2019,Asamblea de Extremadura,Extremadura,Cáceres,2,Javier González Martín,Hombre,FALSE,FALSE,Cs,FALSE,,CIUDADANOS-PARTIDO DE LA CIUDADANIA,Cs,doe_ext_2019_a.pdf,compartido
autonomous_2019_05,2019,Asamblea de Extremadura,Extremadura,Cáceres,3,Paloma Durán Marcos,Mujer,FALSE,FALSE,Cs,FALSE,,CIUDADANOS-PARTIDO DE LA CIUDADANIA,Cs,doe_ext_2019_a.pdf,compartido
autonomous_2019_05,2019,Parlament de les Illes Balears,Illes Balears,Eivissa,1,MESSOD MAXO BENALAL BENDRIHEM,,TRUE,TRUE,Cs,FALSE,,CIUDADANOS-PARTIDO DE LA CIUDADANÍA,Cs,jec_bal_2019_ei.pdf,compartido
autonomous_2019_05,2019,Parlament de les Illes Balears,Illes Balears,Eivissa,2,ROSALÍA MORENO MARÍ,Mujer,TRUE,FALSE,Cs,FALSE,,CIUDADANOS-PARTIDO DE LA CIUDADANÍA,Cs,jec_bal_2019_ei.pdf,compartido
autonomous_2019_05,2019,Parlament de les Illes Balears,Illes Balears,Eivissa,3,DAVID ORTEGA RIBAS,Hombre,TRUE,FALSE,Cs,FALSE,,CIUDADANOS-PARTIDO DE LA CIUDADANÍA,Cs,jec_bal_2019_ei.pdf,compartido
autonomous_2019_05,2019,Parlament de les Illes Balears,Illes Balears,Eivissa,4,ANA MARÍA AMALIA AJARNAUTE MAÑAS,Mujer,TRUE,FALSE,Cs,FALSE,,CIUDADANOS-PARTIDO DE LA CIUDADANÍA,Cs,jec_bal_2019_ei.pdf,compartido
autonomous_2019_05,2019,Parlament de les Illes Balears,Illes Balears,Eivissa,5,JOSÉ FÉLIX NAVARRO NAVARRO,Hombre,TRUE,FALSE,Cs,FALSE,,CIUDADANOS-PARTIDO DE LA CIUDADANÍA,Cs,jec_bal_2019_ei.pdf,compartido
autonomous_2019_05,2019,Parlament de les Illes Balears,Illes Balears,Eivissa,6,ALEJANDRA GÁMEZ ZÚÑIGA,Mujer,TRUE,FALSE,Cs,FALSE,,CIUDADANOS-PARTIDO DE LA CIUDADANÍA,Cs,jec_bal_2019_ei.pdf,compartido
autonomous_2019_05,2019,Parlament de les Illes Balears,Illes Balears,Eivissa,7,JUAN MANUEL GIL GÓMEZ,Hombre,TRUE,FALSE,Cs,FALSE,,CIUDADANOS-PARTIDO DE LA CIUDADANÍA,Cs,jec_bal_2019_ei.pdf,compartido
autonomous_2019_05,2019,Parlament de les Illes Balears,Illes Balears,Eivissa,8,MARÍA LUISA BLANCO REYES,Mujer,TRUE,FALSE,Cs,FALSE,,CIUDADANOS-PARTIDO DE LA CIUDADANÍA,Cs,jec_bal_2019_ei.pdf,compartido
autonomous_2019_05,2019,Parlament de les Illes Balears,Illes Balears,Eivissa,9,DAVID MONTORO GONZÁLEZ,Hombre,TRUE,FALSE,Cs,FALSE,,CIUDADANOS-PARTIDO DE LA CIUDADANÍA,Cs,jec_bal_2019_ei.pdf,compartido
autonomous_2019_05,2019,Parlament de les Illes Balears,Illes Balears,Eivissa,10,DOMITILA GUTIÉRREZ PEÑA,Mujer,TRUE,FALSE,Cs,FALSE,,CIUDADANOS-PARTIDO DE LA CIUDADANÍA,Cs,jec_bal_2019_ei.pdf,compartido
autonomous_2019_05,2019,Parlament de les Illes Balears,Illes Balears,Eivissa,11,JOSÉ LUIS RODRÍGUEZ POBLADOR,Hombre,TRUE,FALSE,Cs,FALSE,,CIUDADANOS-PARTIDO DE LA CIUDADANÍA,Cs,jec_bal_2019_ei.pdf,compartido
autonomous_2019_05,2019,Parlament de les Illes Balears,Illes Balears,Eivissa,12,MARÍA JESÚS SERRA MARÍ,Mujer,TRUE,FALSE,Cs,FALSE,,CIUDADANOS-PARTIDO DE LA CIUDADANÍA,Cs,jec_bal_2019_ei.pdf,compartido
autonomous_2019_05,2019,Parlament de les Illes Balears,Illes Balears,Eivissa,1,ENRIQUE CANO MIRANDA Núm. 58 30 de abril de 2019 Fascículo 88 - Sec. V. - Pág. 17409,Hombre,FALSE,FALSE,Cs,FALSE,,CIUDADANOS-PARTIDO DE LA CIUDADANÍA,Cs,jec_bal_2019_ei.pdf,compartido
autonomous_2019_05,2019,Parlamento de Canarias,Canarias,El Hierro,1,JUAN CARLOS HERNÁNDEZ GUTIÉRREZ,Hombre,TRUE,FALSE,Cs,FALSE,,CIUDADANOS-PARTIDO DE LA CIUDADANÍA,Cs,boc_cnr_2019_b.pdf,extra:unnum
autonomous_2019_05,2019,Parlamento de Canarias,Canarias,El Hierro,2,LISARDO CEJAS PADRÓN,Hombre,TRUE,FALSE,Cs,FALSE,,CIUDADANOS-PARTIDO DE LA CIUDADANÍA,Cs,boc_cnr_2019_b.pdf,extra:unnum
autonomous_2019_05,2019,Parlamento de Canarias,Canarias,El Hierro,3,ANA CATALINA CEJAS PADRÓN,Mujer,TRUE,FALSE,Cs,FALSE,,CIUDADANOS-PARTIDO DE LA CIUDADANÍA,Cs,boc_cnr_2019_b.pdf,extra:unnum
autonomous_2019_05,2019,Parlamento de Canarias,Canarias,El Hierro,1,MARÍA DEL ROSARIO RODRÍGUEZ LEÓN,Mujer,FALSE,FALSE,Cs,FALSE,,CIUDADANOS-PARTIDO DE LA CIUDADANÍA,Cs,boc_cnr_2019_b.pdf,extra:unnum
autonomous_2019_05,2019,Parlamento de Canarias,Canarias,El Hierro,2,FELIPA CANDELARIA GONZÁLEZ DÉNIZ,Mujer,FALSE,FALSE,Cs,FALSE,,CIUDADANOS-PARTIDO DE LA CIUDADANÍA,Cs,boc_cnr_2019_b.pdf,extra:unnum
autonomous_2019_05,2019,Parlamento de Canarias,Canarias,El Hierro,3,GERMÁN DELGADO MORALES,Hombre,FALSE,FALSE,Cs,FALSE,,CIUDADANOS-PARTIDO DE LA CIUDADANÍA,Cs,boc_cnr_2019_b.pdf,extra:unnum
autonomous_2019_05,2019,Parlamento de Canarias,Canarias,Fuerteventura,1,NURIA ESTHER MARTÍN RUIZ,Mujer,TRUE,FALSE,Cs,FALSE,,CIUDADANOS-PARTIDO DE LA CIUDADANÍA,Cs,boc_cnr_2019_a.pdf,extra:unnum
autonomous_2019_05,2019,Parlamento de Canarias,Canarias,Fuerteventura,2,LUIS ARMANDO ROCHA CUEVAS,Hombre,TRUE,FALSE,Cs,FALSE,,CIUDADANOS-PARTIDO DE LA CIUDADANÍA,Cs,boc_cnr_2019_a.pdf,extra:unnum
autonomous_2019_05,2019,Parlamento de Canarias,Canarias,Fuerteventura,3,JESICA LORENZO LEION,Mujer,TRUE,FALSE,Cs,FALSE,,CIUDADANOS-PARTIDO DE LA CIUDADANÍA,Cs,boc_cnr_2019_a.pdf,extra:unnum
autonomous_2019_05,2019,Parlamento de Canarias,Canarias,Fuerteventura,4,AGAPITO DE VERA DARIAS,Hombre,TRUE,FALSE,Cs,FALSE,,CIUDADANOS-PARTIDO DE LA CIUDADANÍA,Cs,boc_cnr_2019_a.pdf,extra:unnum
autonomous_2019_05,2019,Parlamento de Canarias,Canarias,Fuerteventura,5,CONSOLACIÓN RODRÍGUEZ UMPIÉRREZ,Mujer,TRUE,FALSE,Cs,FALSE,,CIUDADANOS-PARTIDO DE LA CIUDADANÍA,Cs,boc_cnr_2019_a.pdf,extra:unnum
autonomous_2019_05,2019,Parlamento de Canarias,Canarias,Fuerteventura,6,CAMILO LORENZO CABRERA,Hombre,TRUE,FALSE,Cs,FALSE,,CIUDADANOS-PARTIDO DE LA CIUDADANÍA,Cs,boc_cnr_2019_a.pdf,extra:unnum
autonomous_2019_05,2019,Parlamento de Canarias,Canarias,Fuerteventura,7,JOSEFA CELIA SUÁREZ CERPA,Mujer,TRUE,FALSE,Cs,FALSE,,CIUDADANOS-PARTIDO DE LA CIUDADANÍA,Cs,boc_cnr_2019_a.pdf,extra:unnum
autonomous_2019_05,2019,Parlamento de Canarias,Canarias,Fuerteventura,8,MARTÍN MARTIÑÁN PATIÑO,Hombre,TRUE,FALSE,Cs,FALSE,,CIUDADANOS-PARTIDO DE LA CIUDADANÍA,Cs,boc_cnr_2019_a.pdf,extra:unnum
autonomous_2019_05,2019,Parlamento de Canarias,Canarias,Fuerteventura,1,CRISTINA DE LAS MERCEDES RODRÍGUEZ UMPIÉRREZ,Mujer,FALSE,FALSE,Cs,FALSE,,CIUDADANOS-PARTIDO DE LA CIUDADANÍA,Cs,boc_cnr_2019_a.pdf,extra:unnum
autonomous_2019_05,2019,Parlamento de Canarias,Canarias,Fuerteventura,2,JAVIER GUTIÉRREZ HERNÁNDEZ,Hombre,FALSE,FALSE,Cs,FALSE,,CIUDADANOS-PARTIDO DE LA CIUDADANÍA,Cs,boc_cnr_2019_a.pdf,extra:unnum
autonomous_2019_05,2019,Parlamento de Canarias,Canarias,Fuerteventura,3,SONIA MARÍA ÁLAMO SÁNCHEZ,Mujer,FALSE,FALSE,Cs,FALSE,,CIUDADANOS-PARTIDO DE LA CIUDADANÍA,Cs,boc_cnr_2019_a.pdf,extra:unnum
autonomous_2019_05,2019,Parlamento de Canarias,Canarias,Gran Canaria,1,VIDINA ESPINO RAMÍREZ,Mujer,TRUE,TRUE,Cs,FALSE,,CIUDADANOS-PARTIDO DE LA CIUDADANÍA,Cs,boc_cnr_2019_a.pdf,extra:unnum
autonomous_2019_05,2019,Parlamento de Canarias,Canarias,Gran Canaria,2,LUIS ALVARADO MARTÍNEZ,Hombre,TRUE,FALSE,Cs,FALSE,,CIUDADANOS-PARTIDO DE LA CIUDADANÍA,Cs,boc_cnr_2019_a.pdf,extra:unnum
autonomous_2019_05,2019,Parlamento de Canarias,Canarias,Gran Canaria,3,ADRIANA LEÓN AROCHA,Mujer,TRUE,FALSE,Cs,FALSE,,CIUDADANOS-PARTIDO DE LA CIUDADANÍA,Cs,boc_cnr_2019_a.pdf,extra:unnum
autonomous_2019_05,2019,Parlamento de Canarias,Canarias,Gran Canaria,4,MARÍA ARANZAZU TEJERA CABRERA,Mujer,TRUE,FALSE,Cs,FALSE,,CIUDADANOS-PARTIDO DE LA CIUDADANÍA,Cs,boc_cnr_2019_a.pdf,extra:unnum
autonomous_2019_05,2019,Parlamento de Canarias,Canarias,Gran Canaria,5,ALEXIS JESÚS RODRÍGUEZ LEÓN,Hombre,TRUE,FALSE,Cs,FALSE,,CIUDADANOS-PARTIDO DE LA CIUDADANÍA,Cs,boc_cnr_2019_a.pdf,extra:unnum
autonomous_2019_05,2019,Parlamento de Canarias,Canarias,Gran Canaria,6,RAQUEL ÁLVAREZ AZPEITIA,Mujer,TRUE,FALSE,Cs,FALSE,,CIUDADANOS-PARTIDO DE LA CIUDADANÍA,Cs,boc_cnr_2019_a.pdf,extra:unnum
autonomous_2019_05,2019,Parlamento de Canarias,Canarias,Gran Canaria,7,MARÍA JESÚS ÁLVAREZ BERMÚDEZ,Mujer,TRUE,FALSE,Cs,FALSE,,CIUDADANOS-PARTIDO DE LA CIUDADANÍA,Cs,boc_cnr_2019_a.pdf,extra:unnum
autonomous_2019_05,2019,Parlamento de Canarias,Canarias,Gran Canaria,8,FRANCISCO JAVIER RODRÍGUEZ SOSA,Hombre,TRUE,FALSE,Cs,FALSE,,CIUDADANOS-PARTIDO DE LA CIUDADANÍA,Cs,boc_cnr_2019_a.pdf,extra:unnum
autonomous_2019_05,2019,Parlamento de Canarias,Canarias,Gran Canaria,9,CARLOS JAVIER OLIVA HERNÁNDEZ,Hombre,TRUE,FALSE,Cs,FALSE,,CIUDADANOS-PARTIDO DE LA CIUDADANÍA,Cs,boc_cnr_2019_a.pdf,extra:unnum
autonomous_2019_05,2019,Parlamento de Canarias,Canarias,Gran Canaria,10,CARMEN LIDIA CÁCERES GODOY,Mujer,TRUE,FALSE,Cs,FALSE,,CIUDADANOS-PARTIDO DE LA CIUDADANÍA,Cs,boc_cnr_2019_a.pdf,extra:unnum
autonomous_2019_05,2019,Parlamento de Canarias,Canarias,Gran Canaria,11,ROGELIO PÉREZ BERMEJO,Hombre,TRUE,FALSE,Cs,FALSE,,CIUDADANOS-PARTIDO DE LA CIUDADANÍA,Cs,boc_cnr_2019_a.pdf,extra:unnum
autonomous_2019_05,2019,Parlamento de Canarias,Canarias,Gran Canaria,12,DELIA ESTHER PÉREZ ALMEIDA,Mujer,TRUE,FALSE,Cs,FALSE,,CIUDADANOS-PARTIDO DE LA CIUDADANÍA,Cs,boc_cnr_2019_a.pdf,extra:unnum
autonomous_2019_05,2019,Parlamento de Canarias,Canarias,Gran Canaria,13,ANA MARÍA HERNÁNDEZ PÉREZ,Mujer,TRUE,FALSE,Cs,FALSE,,CIUDADANOS-PARTIDO DE LA CIUDADANÍA,Cs,boc_cnr_2019_a.pdf,extra:unnum
autonomous_2019_05,2019,Parlamento de Canarias,Canarias,Gran Canaria,14,CARLA PATRICIA MARTEL SÁNCHEZ,Mujer,TRUE,FALSE,Cs,FALSE,,CIUDADANOS-PARTIDO DE LA CIUDADANÍA,Cs,boc_cnr_2019_a.pdf,extra:unnum
autonomous_2019_05,2019,Parlamento de Canarias,Canarias,Gran Canaria,15,SANTIAGO SANTANA TRUJILLO,Hombre,TRUE,FALSE,Cs,FALSE,,CIUDADANOS-PARTIDO DE LA CIUDADANÍA,Cs,boc_cnr_2019_a.pdf,extra:unnum
autonomous_2019_05,2019,Parlamento de Canarias,Canarias,Gran Canaria,1,GUAYARMINA MÉNDEZ LAGUNA,Mujer,FALSE,FALSE,Cs,FALSE,,CIUDADANOS-PARTIDO DE LA CIUDADANÍA,Cs,boc_cnr_2019_a.pdf,extra:unnum
autonomous_2019_05,2019,Parlamento de Canarias,Canarias,Gran Canaria,2,JOSÉ ANTONIO GUERRA HERNÁNDEZ,Hombre,FALSE,FALSE,Cs,FALSE,,CIUDADANOS-PARTIDO DE LA CIUDADANÍA,Cs,boc_cnr_2019_a.pdf,extra:unnum
autonomous_2019_05,2019,Parlamento de Canarias,Canarias,Gran Canaria,3,GUACIMARA JIMÉNEZ GARCÍA,Mujer,FALSE,FALSE,Cs,FALSE,,CIUDADANOS-PARTIDO DE LA CIUDADANÍA,Cs,boc_cnr_2019_a.pdf,extra:unnum
autonomous_2019_05,2019,Cortes de Castilla-La Mancha,Castilla-La Mancha,Guadalajara,1,Alejandro Ruiz de Pedro,Hombre,TRUE,TRUE,Cs,FALSE,,CIUDADANOS-PARTIDO DE LA CIUDADANIA (Cs),Cs,https://elecciones2019.castillalamancha.es/candidaturasp/Guadalajara/partido/CIUDADANOS-PARTIDO%20DE%20LA%20CIUDADANIA%20%28Cs%29,portal JCCM
autonomous_2019_05,2019,Cortes de Castilla-La Mancha,Castilla-La Mancha,Guadalajara,2,Esther Marco Tejón,Mujer,TRUE,FALSE,Cs,FALSE,,CIUDADANOS-PARTIDO DE LA CIUDADANIA (Cs),Cs,https://elecciones2019.castillalamancha.es/candidaturasp/Guadalajara/partido/CIUDADANOS-PARTIDO%20DE%20LA%20CIUDADANIA%20%28Cs%29,portal JCCM
autonomous_2019_05,2019,Cortes de Castilla-La Mancha,Castilla-La Mancha,Guadalajara,3,Javier Sevilla Navarro,Hombre,TRUE,FALSE,Cs,FALSE,,CIUDADANOS-PARTIDO DE LA CIUDADANIA (Cs),Cs,https://elecciones2019.castillalamancha.es/candidaturasp/Guadalajara/partido/CIUDADANOS-PARTIDO%20DE%20LA%20CIUDADANIA%20%28Cs%29,portal JCCM
autonomous_2019_05,2019,Cortes de Castilla-La Mancha,Castilla-La Mancha,Guadalajara,4,Beatriz Heredia Benéitez,Mujer,TRUE,FALSE,Cs,FALSE,,CIUDADANOS-PARTIDO DE LA CIUDADANIA (Cs),Cs,https://elecciones2019.castillalamancha.es/candidaturasp/Guadalajara/partido/CIUDADANOS-PARTIDO%20DE%20LA%20CIUDADANIA%20%28Cs%29,portal JCCM
autonomous_2019_05,2019,Cortes de Castilla-La Mancha,Castilla-La Mancha,Guadalajara,5,Fernando Saenz Anaya,Hombre,TRUE,FALSE,Cs,FALSE,,CIUDADANOS-PARTIDO DE LA CIUDADANIA (Cs),Cs,https://elecciones2019.castillalamancha.es/candidaturasp/Guadalajara/partido/CIUDADANOS-PARTIDO%20DE%20LA%20CIUDADANIA%20%28Cs%29,portal JCCM
autonomous_2019_05,2019,Cortes de Castilla-La Mancha,Castilla-La Mancha,Guadalajara,1,Matilde Sanz Tablero,Mujer,FALSE,FALSE,Cs,FALSE,,CIUDADANOS-PARTIDO DE LA CIUDADANIA (Cs),Cs,https://elecciones2019.castillalamancha.es/candidaturasp/Guadalajara/partido/CIUDADANOS-PARTIDO%20DE%20LA%20CIUDADANIA%20%28Cs%29,portal JCCM
autonomous_2019_05,2019,Cortes de Castilla-La Mancha,Castilla-La Mancha,Guadalajara,2,Víctor José Martínez Muñoz,Hombre,FALSE,FALSE,Cs,FALSE,,CIUDADANOS-PARTIDO DE LA CIUDADANIA (Cs),Cs,https://elecciones2019.castillalamancha.es/candidaturasp/Guadalajara/partido/CIUDADANOS-PARTIDO%20DE%20LA%20CIUDADANIA%20%28Cs%29,portal JCCM
autonomous_2019_05,2019,Cortes de Castilla-La Mancha,Castilla-La Mancha,Guadalajara,3,Olga Villanueva Muñoz,Mujer,FALSE,FALSE,Cs,FALSE,,CIUDADANOS-PARTIDO DE LA CIUDADANIA (Cs),Cs,https://elecciones2019.castillalamancha.es/candidaturasp/Guadalajara/partido/CIUDADANOS-PARTIDO%20DE%20LA%20CIUDADANIA%20%28Cs%29,portal JCCM
autonomous_2019_05,2019,Cortes de Aragón,Aragon,Huesca,1,JARA BERNUES OLIVAN (INDEPENDIENTE),Mujer,TRUE,TRUE,Cs,FALSE,,CIUDADANOS-PARTIDO DE LA CIUDADANÍA,Cs,jec_ara_2019_hu.pdf,compartido
autonomous_2019_05,2019,Cortes de Aragón,Aragon,Huesca,2,BEATRIZ ACIN FRANCO,Mujer,TRUE,TRUE,Cs,FALSE,,CIUDADANOS-PARTIDO DE LA CIUDADANÍA,Cs,jec_ara_2019_hu.pdf,compartido
autonomous_2019_05,2019,Cortes de Aragón,Aragon,Huesca,3,CARLOS ORTAS MARTIN,Hombre,TRUE,TRUE,Cs,FALSE,,CIUDADANOS-PARTIDO DE LA CIUDADANÍA,Cs,jec_ara_2019_hu.pdf,compartido
autonomous_2019_05,2019,Cortes de Aragón,Aragon,Huesca,4,JOSÉ MANUEL CHARRO DE LA FUENTE,Hombre,TRUE,FALSE,Cs,FALSE,,CIUDADANOS-PARTIDO DE LA CIUDADANÍA,Cs,jec_ara_2019_hu.pdf,compartido
autonomous_2019_05,2019,Cortes de Aragón,Aragon,Huesca,5,NOELIA FOLCH VILLAS,Mujer,TRUE,FALSE,Cs,FALSE,,CIUDADANOS-PARTIDO DE LA CIUDADANÍA,Cs,jec_ara_2019_hu.pdf,compartido
autonomous_2019_05,2019,Cortes de Aragón,Aragon,Huesca,6,SERGIO NICOLAS ARRIOLA BUISAN,Hombre,TRUE,FALSE,Cs,FALSE,,CIUDADANOS-PARTIDO DE LA CIUDADANÍA,Cs,jec_ara_2019_hu.pdf,compartido
autonomous_2019_05,2019,Cortes de Aragón,Aragon,Huesca,7,MARÍA PILAR CASANOVA MESALLES,Mujer,TRUE,FALSE,Cs,FALSE,,CIUDADANOS-PARTIDO DE LA CIUDADANÍA,Cs,jec_ara_2019_hu.pdf,compartido
autonomous_2019_05,2019,Cortes de Aragón,Aragon,Huesca,8,PAULA MARTÍNEZ-GUISASOLA CORNAGO,Mujer,TRUE,FALSE,Cs,FALSE,,CIUDADANOS-PARTIDO DE LA CIUDADANÍA,Cs,jec_ara_2019_hu.pdf,compartido
autonomous_2019_05,2019,Cortes de Aragón,Aragon,Huesca,9,ENRIQUE NOVELLA MARTIN,Hombre,TRUE,FALSE,Cs,FALSE,,CIUDADANOS-PARTIDO DE LA CIUDADANÍA,Cs,jec_ara_2019_hu.pdf,compartido
autonomous_2019_05,2019,Cortes de Aragón,Aragon,Huesca,10,FERNANDO OTIN ABAN,Hombre,TRUE,FALSE,Cs,FALSE,,CIUDADANOS-PARTIDO DE LA CIUDADANÍA,Cs,jec_ara_2019_hu.pdf,compartido
autonomous_2019_05,2019,Cortes de Aragón,Aragon,Huesca,11,VERONICA CALVILLO ZUBIAURRE,Mujer,TRUE,FALSE,Cs,FALSE,,CIUDADANOS-PARTIDO DE LA CIUDADANÍA,Cs,jec_ara_2019_hu.pdf,compartido
autonomous_2019_05,2019,Cortes de Aragón,Aragon,Huesca,12,CRISTINA NOVELLON MORAN,Mujer,TRUE,FALSE,Cs,FALSE,,CIUDADANOS-PARTIDO DE LA CIUDADANÍA,Cs,jec_ara_2019_hu.pdf,compartido
autonomous_2019_05,2019,Cortes de Aragón,Aragon,Huesca,13,FRANCISCO JOSÉ CONDE PEREZ,Hombre,TRUE,FALSE,Cs,FALSE,,CIUDADANOS-PARTIDO DE LA CIUDADANÍA,Cs,jec_ara_2019_hu.pdf,compartido
autonomous_2019_05,2019,Cortes de Aragón,Aragon,Huesca,14,MYRIAN LACASA HERAS csv: BOA20190430016 Núm. 82,Mujer,TRUE,FALSE,Cs,FALSE,,CIUDADANOS-PARTIDO DE LA CIUDADANÍA,Cs,jec_ara_2019_hu.pdf,compartido
autonomous_2019_05,2019,Cortes de Aragón,Aragon,Huesca,15,RAUL CASTANERA PLASIN,Hombre,TRUE,FALSE,Cs,FALSE,,CIUDADANOS-PARTIDO DE LA CIUDADANÍA,Cs,jec_ara_2019_hu.pdf,compartido
autonomous_2019_05,2019,Cortes de Aragón,Aragon,Huesca,16,MATILDE CAMPO SANZ,Mujer,TRUE,FALSE,Cs,FALSE,,CIUDADANOS-PARTIDO DE LA CIUDADANÍA,Cs,jec_ara_2019_hu.pdf,compartido
autonomous_2019_05,2019,Cortes de Aragón,Aragon,Huesca,17,FRANCISCO JAVIER GOMEZ PARDINA,Hombre,TRUE,FALSE,Cs,FALSE,,CIUDADANOS-PARTIDO DE LA CIUDADANÍA,Cs,jec_ara_2019_hu.pdf,compartido
autonomous_2019_05,2019,Cortes de Aragón,Aragon,Huesca,18,JOSÉ LUIS ZABALA ZUBERO,Hombre,TRUE,FALSE,Cs,FALSE,,CIUDADANOS-PARTIDO DE LA CIUDADANÍA,Cs,jec_ara_2019_hu.pdf,compartido
autonomous_2019_05,2019,Cortes de Aragón,Aragon,Huesca,1,JOSÉ LUIS CADENA MONLLOR,Hombre,FALSE,FALSE,Cs,FALSE,,CIUDADANOS-PARTIDO DE LA CIUDADANÍA,Cs,jec_ara_2019_hu.pdf,compartido
autonomous_2019_05,2019,Cortes de Aragón,Aragon,Huesca,2,MARÍA EUGENIA GABAS GALLEGO,Mujer,FALSE,FALSE,Cs,FALSE,,CIUDADANOS-PARTIDO DE LA CIUDADANÍA,Cs,jec_ara_2019_hu.pdf,compartido
autonomous_2019_05,2019,Cortes de Aragón,Aragon,Huesca,3,ROCIO ARNAL SAHUN,Mujer,FALSE,FALSE,Cs,FALSE,,CIUDADANOS-PARTIDO DE LA CIUDADANÍA,Cs,jec_ara_2019_hu.pdf,compartido
autonomous_2019_05,2019,Parlamento de Canarias,Canarias,La Gomera,1,LAURA SERAFINA VEGA CASANOVA,Mujer,TRUE,FALSE,Cs,FALSE,,CIUDADANOS-PARTIDO DE LA CIUDADANÍA,Cs,boc_cnr_2019_b.pdf,extra:unnum
autonomous_2019_05,2019,Parlamento de Canarias,Canarias,La Gomera,2,MANUEL RODRÍGUEZ GONZÁLEZ,Hombre,TRUE,FALSE,Cs,FALSE,,CIUDADANOS-PARTIDO DE LA CIUDADANÍA,Cs,boc_cnr_2019_b.pdf,extra:unnum
autonomous_2019_05,2019,Parlamento de Canarias,Canarias,La Gomera,3,MARTA PLASENCIA GUTIÉRREZ,Mujer,TRUE,FALSE,Cs,FALSE,,CIUDADANOS-PARTIDO DE LA CIUDADANÍA,Cs,boc_cnr_2019_b.pdf,extra:unnum
autonomous_2019_05,2019,Parlamento de Canarias,Canarias,La Gomera,4,JUAN PEDRO GONZÁLEZ MÉNDEZ,Hombre,TRUE,FALSE,Cs,FALSE,,CIUDADANOS-PARTIDO DE LA CIUDADANÍA,Cs,boc_cnr_2019_b.pdf,extra:unnum
autonomous_2019_05,2019,Parlamento de Canarias,Canarias,La Gomera,1,JUAN FRANCISCO PÉREZ FERNÁNDEZ,Hombre,FALSE,FALSE,Cs,FALSE,,CIUDADANOS-PARTIDO DE LA CIUDADANÍA,Cs,boc_cnr_2019_b.pdf,extra:unnum
autonomous_2019_05,2019,Parlamento de Canarias,Canarias,La Gomera,2,YESICA ELIZABETH ROSSI JOST,Mujer,FALSE,FALSE,Cs,FALSE,,CIUDADANOS-PARTIDO DE LA CIUDADANÍA,Cs,boc_cnr_2019_b.pdf,extra:unnum
autonomous_2019_05,2019,Parlamento de Canarias,Canarias,La Gomera,3,RAFAEL NICOLÁS ARTEAGA ACOSTA,Hombre,FALSE,FALSE,Cs,FALSE,,CIUDADANOS-PARTIDO DE LA CIUDADANÍA,Cs,boc_cnr_2019_b.pdf,extra:unnum
autonomous_2019_05,2019,Parlamento de Canarias,Canarias,La Palma,1,NIEVES MARÍA DÍAZ EXPÓSITO,Mujer,TRUE,FALSE,Cs,FALSE,,CIUDADANOS-PARTIDO DE LA CIUDADANÍA,Cs,boc_cnr_2019_b.pdf,extra:unnum
autonomous_2019_05,2019,Parlamento de Canarias,Canarias,La Palma,2,OMAIRA LORENZO HERNÁNDEZ,Mujer,TRUE,FALSE,Cs,FALSE,,CIUDADANOS-PARTIDO DE LA CIUDADANÍA,Cs,boc_cnr_2019_b.pdf,extra:unnum
autonomous_2019_05,2019,Parlamento de Canarias,Canarias,La Palma,3,FRANCISCO MANUEL DÍAZ HERNÁNDEZ,Hombre,TRUE,FALSE,Cs,FALSE,,CIUDADANOS-PARTIDO DE LA CIUDADANÍA,Cs,boc_cnr_2019_b.pdf,extra:unnum
autonomous_2019_05,2019,Parlamento de Canarias,Canarias,La Palma,4,EDUARDO MARÍA ROS OCTAVIO DE TOLEDO,Hombre,TRUE,FALSE,Cs,FALSE,,CIUDADANOS-PARTIDO DE LA CIUDADANÍA,Cs,boc_cnr_2019_b.pdf,extra:unnum
autonomous_2019_05,2019,Parlamento de Canarias,Canarias,La Palma,5,PEDRO JOSÉ ACOSTA HERNÁNDEZ,Hombre,TRUE,FALSE,Cs,FALSE,,CIUDADANOS-PARTIDO DE LA CIUDADANÍA,Cs,boc_cnr_2019_b.pdf,extra:unnum
autonomous_2019_05,2019,Parlamento de Canarias,Canarias,La Palma,6,MARÍA JESÚS SOLER GONZÁLEZ,Mujer,TRUE,FALSE,Cs,FALSE,,CIUDADANOS-PARTIDO DE LA CIUDADANÍA,Cs,boc_cnr_2019_b.pdf,extra:unnum
autonomous_2019_05,2019,Parlamento de Canarias,Canarias,La Palma,7,MARÍA JOSEFINA PÉREZ VIÑA,Mujer,TRUE,FALSE,Cs,FALSE,,CIUDADANOS-PARTIDO DE LA CIUDADANÍA,Cs,boc_cnr_2019_b.pdf,extra:unnum
autonomous_2019_05,2019,Parlamento de Canarias,Canarias,La Palma,8,GUILLERMO GARCÍA GÓMEZ,Hombre,TRUE,FALSE,Cs,FALSE,,CIUDADANOS-PARTIDO DE LA CIUDADANÍA,Cs,boc_cnr_2019_b.pdf,extra:unnum
autonomous_2019_05,2019,Parlamento de Canarias,Canarias,La Palma,1,MARTA SÁNCHEZ RODRÍGUEZ,Mujer,FALSE,FALSE,Cs,FALSE,,CIUDADANOS-PARTIDO DE LA CIUDADANÍA,Cs,boc_cnr_2019_b.pdf,extra:unnum
autonomous_2019_05,2019,Parlamento de Canarias,Canarias,La Palma,2,NOELIA RODRÍGUEZ MARTÍN,Mujer,FALSE,FALSE,Cs,FALSE,,CIUDADANOS-PARTIDO DE LA CIUDADANÍA,Cs,boc_cnr_2019_b.pdf,extra:unnum
autonomous_2019_05,2019,Parlamento de Canarias,Canarias,La Palma,3,JOSÉ ARÓN LEÓN GARCÍA,Hombre,FALSE,FALSE,Cs,FALSE,,CIUDADANOS-PARTIDO DE LA CIUDADANÍA,Cs,boc_cnr_2019_b.pdf,extra:unnum
autonomous_2019_05,2019,Parlamento de La Rioja,La Rioja,La Rioja,1,Pablo Baena Pedrosa,Hombre,TRUE,TRUE,Cs,FALSE,,CIUDADANOS-PARTIDO DE LA CIUDADANÍA,Cs,jec_rio_2019.pdf,compartido
autonomous_2019_05,2019,Parlamento de La Rioja,La Rioja,La Rioja,2,Alberto Reyes De La Orden,Hombre,TRUE,TRUE,Cs,FALSE,,CIUDADANOS-PARTIDO DE LA CIUDADANÍA,Cs,jec_rio_2019.pdf,compartido
autonomous_2019_05,2019,Parlamento de La Rioja,La Rioja,La Rioja,3,María Belinda León Fernández,Mujer,TRUE,TRUE,Cs,FALSE,,CIUDADANOS-PARTIDO DE LA CIUDADANÍA,Cs,jec_rio_2019.pdf,compartido
autonomous_2019_05,2019,Parlamento de La Rioja,La Rioja,La Rioja,4,María Pilar Rabasa Baraibar,Mujer,TRUE,TRUE,Cs,FALSE,,CIUDADANOS-PARTIDO DE LA CIUDADANÍA,Cs,jec_rio_2019.pdf,compartido
autonomous_2019_05,2019,Parlamento de La Rioja,La Rioja,La Rioja,5,David Miranda Sáinz,Hombre,TRUE,FALSE,Cs,FALSE,,CIUDADANOS-PARTIDO DE LA CIUDADANÍA,Cs,jec_rio_2019.pdf,compartido
autonomous_2019_05,2019,Parlamento de La Rioja,La Rioja,La Rioja,6,Cristina Gómez Fernández,Mujer,TRUE,FALSE,Cs,FALSE,,CIUDADANOS-PARTIDO DE LA CIUDADANÍA,Cs,jec_rio_2019.pdf,compartido
autonomous_2019_05,2019,Parlamento de La Rioja,La Rioja,La Rioja,7,María Teresa González Lumbreras,Mujer,TRUE,FALSE,Cs,FALSE,,CIUDADANOS-PARTIDO DE LA CIUDADANÍA,Cs,jec_rio_2019.pdf,compartido
autonomous_2019_05,2019,Parlamento de La Rioja,La Rioja,La Rioja,8,Pablo Esturo Fonte,Hombre,TRUE,FALSE,Cs,FALSE,,CIUDADANOS-PARTIDO DE LA CIUDADANÍA,Cs,jec_rio_2019.pdf,compartido
autonomous_2019_05,2019,Parlamento de La Rioja,La Rioja,La Rioja,9,Marta Gómez Vázquez,Mujer,TRUE,FALSE,Cs,FALSE,,CIUDADANOS-PARTIDO DE LA CIUDADANÍA,Cs,jec_rio_2019.pdf,compartido
autonomous_2019_05,2019,Parlamento de La Rioja,La Rioja,La Rioja,10,Modesto Fernández Gutiérrez,Hombre,TRUE,FALSE,Cs,FALSE,,CIUDADANOS-PARTIDO DE LA CIUDADANÍA,Cs,jec_rio_2019.pdf,compartido
autonomous_2019_05,2019,Parlamento de La Rioja,La Rioja,La Rioja,11,Rubén García Benito,Hombre,TRUE,FALSE,Cs,FALSE,,CIUDADANOS-PARTIDO DE LA CIUDADANÍA,Cs,jec_rio_2019.pdf,compartido
autonomous_2019_05,2019,Parlamento de La Rioja,La Rioja,La Rioja,12,María Luisa Bermejo Tobajas,Mujer,TRUE,FALSE,Cs,FALSE,,CIUDADANOS-PARTIDO DE LA CIUDADANÍA,Cs,jec_rio_2019.pdf,compartido
autonomous_2019_05,2019,Parlamento de La Rioja,La Rioja,La Rioja,13,Fernando Castillo Alonso,Hombre,TRUE,FALSE,Cs,FALSE,,CIUDADANOS-PARTIDO DE LA CIUDADANÍA,Cs,jec_rio_2019.pdf,compartido
autonomous_2019_05,2019,Parlamento de La Rioja,La Rioja,La Rioja,14,Cristina Moreno Martínez,Mujer,TRUE,FALSE,Cs,FALSE,,CIUDADANOS-PARTIDO DE LA CIUDADANÍA,Cs,jec_rio_2019.pdf,compartido
autonomous_2019_05,2019,Parlamento de La Rioja,La Rioja,La Rioja,15,Carlos Sanz Bescos,Hombre,TRUE,FALSE,Cs,FALSE,,CIUDADANOS-PARTIDO DE LA CIUDADANÍA,Cs,jec_rio_2019.pdf,compartido
autonomous_2019_05,2019,Parlamento de La Rioja,La Rioja,La Rioja,16,Mariela Andrea Mouras Martínez,Mujer,TRUE,FALSE,Cs,FALSE,,CIUDADANOS-PARTIDO DE LA CIUDADANÍA,Cs,jec_rio_2019.pdf,compartido
autonomous_2019_05,2019,Parlamento de La Rioja,La Rioja,La Rioja,17,Carlos Fernández Pérez,Hombre,TRUE,FALSE,Cs,FALSE,,CIUDADANOS-PARTIDO DE LA CIUDADANÍA,Cs,jec_rio_2019.pdf,compartido
autonomous_2019_05,2019,Parlamento de La Rioja,La Rioja,La Rioja,18,Óscar Ramón Criales Vázquez,Hombre,TRUE,FALSE,Cs,FALSE,,CIUDADANOS-PARTIDO DE LA CIUDADANÍA,Cs,jec_rio_2019.pdf,compartido
autonomous_2019_05,2019,Parlamento de La Rioja,La Rioja,La Rioja,19,María del Carmen Revuelta Fernández,Mujer,TRUE,FALSE,Cs,FALSE,,CIUDADANOS-PARTIDO DE LA CIUDADANÍA,Cs,jec_rio_2019.pdf,compartido
autonomous_2019_05,2019,Parlamento de La Rioja,La Rioja,La Rioja,20,Miguel Ángel D'Harcourt Bauluz,Hombre,TRUE,FALSE,Cs,FALSE,,CIUDADANOS-PARTIDO DE LA CIUDADANÍA,Cs,jec_rio_2019.pdf,compartido
autonomous_2019_05,2019,Parlamento de La Rioja,La Rioja,La Rioja,21,César Grande Martín,Hombre,TRUE,FALSE,Cs,FALSE,,CIUDADANOS-PARTIDO DE LA CIUDADANÍA,Cs,jec_rio_2019.pdf,compartido
autonomous_2019_05,2019,Parlamento de La Rioja,La Rioja,La Rioja,22,Ana Isabel García Preciado,Mujer,TRUE,FALSE,Cs,FALSE,,CIUDADANOS-PARTIDO DE LA CIUDADANÍA,Cs,jec_rio_2019.pdf,compartido
autonomous_2019_05,2019,Parlamento de La Rioja,La Rioja,La Rioja,23,Pablo Gómez Romero,Hombre,TRUE,FALSE,Cs,FALSE,,CIUDADANOS-PARTIDO DE LA CIUDADANÍA,Cs,jec_rio_2019.pdf,compartido
autonomous_2019_05,2019,Parlamento de La Rioja,La Rioja,La Rioja,24,Miguel Ángel Hernáiz Lasanta,Hombre,TRUE,FALSE,Cs,FALSE,,CIUDADANOS-PARTIDO DE LA CIUDADANÍA,Cs,jec_rio_2019.pdf,compartido
autonomous_2019_05,2019,Parlamento de La Rioja,La Rioja,La Rioja,25,María Yolanda Hernández Jaén,Mujer,TRUE,FALSE,Cs,FALSE,,CIUDADANOS-PARTIDO DE LA CIUDADANÍA,Cs,jec_rio_2019.pdf,compartido
autonomous_2019_05,2019,Parlamento de La Rioja,La Rioja,La Rioja,26,Carlos Sáez García,Hombre,TRUE,FALSE,Cs,FALSE,,CIUDADANOS-PARTIDO DE LA CIUDADANÍA,Cs,jec_rio_2019.pdf,compartido
autonomous_2019_05,2019,Parlamento de La Rioja,La Rioja,La Rioja,27,Benito Martínez Villacián,Hombre,TRUE,FALSE,Cs,FALSE,,CIUDADANOS-PARTIDO DE LA CIUDADANÍA,Cs,jec_rio_2019.pdf,compartido
autonomous_2019_05,2019,Parlamento de La Rioja,La Rioja,La Rioja,28,María José Lázaro Martínez,Mujer,TRUE,FALSE,Cs,FALSE,,CIUDADANOS-PARTIDO DE LA CIUDADANÍA,Cs,jec_rio_2019.pdf,compartido
autonomous_2019_05,2019,Parlamento de La Rioja,La Rioja,La Rioja,29,Alfonso Camilo Garza Andrade,Hombre,TRUE,FALSE,Cs,FALSE,,CIUDADANOS-PARTIDO DE LA CIUDADANÍA,Cs,jec_rio_2019.pdf,compartido
autonomous_2019_05,2019,Parlamento de La Rioja,La Rioja,La Rioja,30,María Teresa Martínez Vega,Mujer,TRUE,FALSE,Cs,FALSE,,CIUDADANOS-PARTIDO DE LA CIUDADANÍA,Cs,jec_rio_2019.pdf,compartido
autonomous_2019_05,2019,Parlamento de La Rioja,La Rioja,La Rioja,31,Raúl Berrueta Gómez,Hombre,TRUE,FALSE,Cs,FALSE,,CIUDADANOS-PARTIDO DE LA CIUDADANÍA,Cs,jec_rio_2019.pdf,compartido
autonomous_2019_05,2019,Parlamento de La Rioja,La Rioja,La Rioja,32,María Del Mar Manzanedo Ajona,Mujer,TRUE,FALSE,Cs,FALSE,,CIUDADANOS-PARTIDO DE LA CIUDADANÍA,Cs,jec_rio_2019.pdf,compartido
autonomous_2019_05,2019,Parlamento de La Rioja,La Rioja,La Rioja,33,Joaquín Bruno Huete Cuevas,Hombre,TRUE,FALSE,Cs,FALSE,,CIUDADANOS-PARTIDO DE LA CIUDADANÍA,Cs,jec_rio_2019.pdf,compartido
autonomous_2019_05,2019,Parlamento de La Rioja,La Rioja,La Rioja,1,Justino Carmelo Maeztu Arenzana,Hombre,FALSE,FALSE,Cs,FALSE,,CIUDADANOS-PARTIDO DE LA CIUDADANÍA,Cs,jec_rio_2019.pdf,compartido
autonomous_2019_05,2019,Parlamento de La Rioja,La Rioja,La Rioja,2,María Jesús Baena Pedrosa,Mujer,FALSE,FALSE,Cs,FALSE,,CIUDADANOS-PARTIDO DE LA CIUDADANÍA,Cs,jec_rio_2019.pdf,compartido
autonomous_2019_05,2019,Parlamento de La Rioja,La Rioja,La Rioja,3,Sergio Ruiz Perrella,Hombre,FALSE,FALSE,Cs,FALSE,,CIUDADANOS-PARTIDO DE LA CIUDADANÍA,Cs,jec_rio_2019.pdf,compartido
autonomous_2019_05,2019,Parlamento de Canarias,Canarias,Lanzarote,1,MARÍA DEL CARMEN PELLÓN RODRÍGUEZ,Mujer,TRUE,FALSE,Cs,FALSE,,CIUDADANOS-PARTIDO DE LA CIUDADANÍA,Cs,boc_cnr_2019_a.pdf,extra:unnum
autonomous_2019_05,2019,Parlamento de Canarias,Canarias,Lanzarote,2,PABLO DE EUSEBIO MURILLO,Hombre,TRUE,FALSE,Cs,FALSE,,CIUDADANOS-PARTIDO DE LA CIUDADANÍA,Cs,boc_cnr_2019_a.pdf,extra:unnum
autonomous_2019_05,2019,Parlamento de Canarias,Canarias,Lanzarote,3,RAFAEL ABELAIRA FERNÁNDEZ,Hombre,TRUE,FALSE,Cs,FALSE,,CIUDADANOS-PARTIDO DE LA CIUDADANÍA,Cs,boc_cnr_2019_a.pdf,extra:unnum
autonomous_2019_05,2019,Parlamento de Canarias,Canarias,Lanzarote,4,LUIS CARLOS ÁLVAREZ DE CIENFUEGOS GOICOECHEA,Hombre,TRUE,FALSE,Cs,FALSE,,CIUDADANOS-PARTIDO DE LA CIUDADANÍA,Cs,boc_cnr_2019_a.pdf,extra:unnum
autonomous_2019_05,2019,Parlamento de Canarias,Canarias,Lanzarote,5,GABRIELA-RAQUEL VENIER DE AMALI,Mujer,TRUE,FALSE,Cs,FALSE,,CIUDADANOS-PARTIDO DE LA CIUDADANÍA,Cs,boc_cnr_2019_a.pdf,extra:unnum
autonomous_2019_05,2019,Parlamento de Canarias,Canarias,Lanzarote,6,VÍCTOR MANUEL DUQUE MEDRANO,Hombre,TRUE,FALSE,Cs,FALSE,,CIUDADANOS-PARTIDO DE LA CIUDADANÍA,Cs,boc_cnr_2019_a.pdf,extra:unnum
autonomous_2019_05,2019,Parlamento de Canarias,Canarias,Lanzarote,7,RAQUEL HERNÁNDEZ HERNÁNDEZ,Mujer,TRUE,FALSE,Cs,FALSE,,CIUDADANOS-PARTIDO DE LA CIUDADANÍA,Cs,boc_cnr_2019_a.pdf,extra:unnum
autonomous_2019_05,2019,Parlamento de Canarias,Canarias,Lanzarote,8,MARÍA DEL PILAR HERRERA MUÑOZ,Mujer,TRUE,FALSE,Cs,FALSE,,CIUDADANOS-PARTIDO DE LA CIUDADANÍA,Cs,boc_cnr_2019_a.pdf,extra:unnum
autonomous_2019_05,2019,Parlamento de Canarias,Canarias,Lanzarote,1,ELIBERTO MEDINA GARCÍA,Hombre,FALSE,FALSE,Cs,FALSE,,CIUDADANOS-PARTIDO DE LA CIUDADANÍA,Cs,boc_cnr_2019_a.pdf,extra:unnum
autonomous_2019_05,2019,Parlamento de Canarias,Canarias,Lanzarote,2,PABLO DÍAZ FERIA,Hombre,FALSE,FALSE,Cs,FALSE,,CIUDADANOS-PARTIDO DE LA CIUDADANÍA,Cs,boc_cnr_2019_a.pdf,extra:unnum
autonomous_2019_05,2019,Parlamento de Canarias,Canarias,Lanzarote,3,MARÍA FELISA CARDEÑOSA PÉREZ,Mujer,FALSE,FALSE,Cs,FALSE,,CIUDADANOS-PARTIDO DE LA CIUDADANÍA,Cs,boc_cnr_2019_a.pdf,extra:unnum
autonomous_2019_05,2019,Cortes de Castilla y León,Castilla y Leon,León,1,ANA CARLOTA AMIGO PIQUERO,Mujer,TRUE,TRUE,Cs,FALSE,,CIUDADANOS-PARTIDO DE LA CIUDADANIA,Cs,jec_cyl_2019.pdf,compartido
autonomous_2019_05,2019,Cortes de Castilla y León,Castilla y Leon,León,2,FRANCISCO JAVIER PANIZO GARCIA,Hombre,TRUE,FALSE,Cs,FALSE,,CIUDADANOS-PARTIDO DE LA CIUDADANIA,Cs,jec_cyl_2019.pdf,compartido
autonomous_2019_05,2019,Cortes de Castilla y León,Castilla y Leon,León,3,MARIA ISABEL GONZALEZ ALVAREZ CV: BOCYL-D-30042019-2 Núm. 81,Mujer,TRUE,FALSE,Cs,FALSE,,CIUDADANOS-PARTIDO DE LA CIUDADANIA,Cs,jec_cyl_2019.pdf,compartido
autonomous_2019_05,2019,Cortes de Castilla y León,Castilla y Leon,León,4,FRANCISCO VIME HERRERO,Hombre,TRUE,FALSE,Cs,FALSE,,CIUDADANOS-PARTIDO DE LA CIUDADANIA,Cs,jec_cyl_2019.pdf,compartido
autonomous_2019_05,2019,Cortes de Castilla y León,Castilla y Leon,León,5,MANUEL ANGEL MORALES ESCUDERO,Hombre,TRUE,FALSE,Cs,FALSE,,CIUDADANOS-PARTIDO DE LA CIUDADANIA,Cs,jec_cyl_2019.pdf,compartido
autonomous_2019_05,2019,Cortes de Castilla y León,Castilla y Leon,León,6,CARLOS ESMARAGDO IBARROLA DUEÑAS,Hombre,TRUE,FALSE,Cs,FALSE,,CIUDADANOS-PARTIDO DE LA CIUDADANIA,Cs,jec_cyl_2019.pdf,compartido
autonomous_2019_05,2019,Cortes de Castilla y León,Castilla y Leon,León,7,ISIDORO DIEZ VALDEON,Hombre,TRUE,FALSE,Cs,FALSE,,CIUDADANOS-PARTIDO DE LA CIUDADANIA,Cs,jec_cyl_2019.pdf,compartido
autonomous_2019_05,2019,Cortes de Castilla y León,Castilla y Leon,León,8,BEATRIZ PEREZ MENDEZ,Mujer,TRUE,FALSE,Cs,FALSE,,CIUDADANOS-PARTIDO DE LA CIUDADANIA,Cs,jec_cyl_2019.pdf,compartido
autonomous_2019_05,2019,Cortes de Castilla y León,Castilla y Leon,León,9,PEDRO PABLO GONZALEZ BASANTE,Hombre,TRUE,FALSE,Cs,FALSE,,CIUDADANOS-PARTIDO DE LA CIUDADANIA,Cs,jec_cyl_2019.pdf,compartido
autonomous_2019_05,2019,Cortes de Castilla y León,Castilla y Leon,León,10,ANA MARIA CUERVO ALVAREZ,Mujer,TRUE,FALSE,Cs,FALSE,,CIUDADANOS-PARTIDO DE LA CIUDADANIA,Cs,jec_cyl_2019.pdf,compartido
autonomous_2019_05,2019,Cortes de Castilla y León,Castilla y Leon,León,11,FRANCISCO GARCIA PEREZ,Hombre,TRUE,FALSE,Cs,FALSE,,CIUDADANOS-PARTIDO DE LA CIUDADANIA,Cs,jec_cyl_2019.pdf,compartido
autonomous_2019_05,2019,Cortes de Castilla y León,Castilla y Leon,León,12,ALFONSO VALLECILLO TORRES,Hombre,TRUE,FALSE,Cs,FALSE,,CIUDADANOS-PARTIDO DE LA CIUDADANIA,Cs,jec_cyl_2019.pdf,compartido
autonomous_2019_05,2019,Cortes de Castilla y León,Castilla y Leon,León,13,NATALIA VIDAL FERNANDEZ,Mujer,TRUE,FALSE,Cs,FALSE,,CIUDADANOS-PARTIDO DE LA CIUDADANIA,Cs,jec_cyl_2019.pdf,compartido
autonomous_2019_05,2019,Cortes de Castilla y León,Castilla y Leon,León,1,TOMAS RAMOS FERNANDEZ,Hombre,FALSE,FALSE,Cs,FALSE,,CIUDADANOS-PARTIDO DE LA CIUDADANIA,Cs,jec_cyl_2019.pdf,compartido
autonomous_2019_05,2019,Cortes de Castilla y León,Castilla y Leon,León,2,ROSA MARIA GONZALEZ BLANCO,Mujer,FALSE,FALSE,Cs,FALSE,,CIUDADANOS-PARTIDO DE LA CIUDADANIA,Cs,jec_cyl_2019.pdf,compartido
autonomous_2019_05,2019,Cortes de Castilla y León,Castilla y Leon,León,3,MARIA TERESA VILLALOBOS DEL CASTILLO,Mujer,FALSE,FALSE,Cs,FALSE,,CIUDADANOS-PARTIDO DE LA CIUDADANIA,Cs,jec_cyl_2019.pdf,compartido
autonomous_2019_05,2019,Asamblea de Madrid,Madrid,Madrid,1,Ignacio Aguado Crespo,Hombre,TRUE,TRUE,Cs,FALSE,,CIUDADANOS-PARTIDO DE LA CIUDADANÍA,Cs,jec_mad_2019.pdf,compartido
autonomous_2019_05,2019,Asamblea de Madrid,Madrid,Madrid,2,César Zafra Hernández,Hombre,TRUE,TRUE,Cs,FALSE,,CIUDADANOS-PARTIDO DE LA CIUDADANÍA,Cs,jec_mad_2019.pdf,compartido
autonomous_2019_05,2019,Asamblea de Madrid,Madrid,Madrid,3,Esther Ruiz Fernández,Mujer,TRUE,TRUE,Cs,FALSE,,CIUDADANOS-PARTIDO DE LA CIUDADANÍA,Cs,jec_mad_2019.pdf,compartido
autonomous_2019_05,2019,Asamblea de Madrid,Madrid,Madrid,4,Javier Luengo Vicente (Independiente),Hombre,TRUE,TRUE,Cs,FALSE,,CIUDADANOS-PARTIDO DE LA CIUDADANÍA,Cs,jec_mad_2019.pdf,compartido
autonomous_2019_05,2019,Asamblea de Madrid,Madrid,Madrid,5,Eva Bailén Fernández (Independiente),Mujer,TRUE,TRUE,Cs,FALSE,,CIUDADANOS-PARTIDO DE LA CIUDADANÍA,Cs,jec_mad_2019.pdf,compartido
autonomous_2019_05,2019,Asamblea de Madrid,Madrid,Madrid,6,Juan Trinidad Martos,Hombre,TRUE,TRUE,Cs,FALSE,,CIUDADANOS-PARTIDO DE LA CIUDADANÍA,Cs,jec_mad_2019.pdf,compartido
autonomous_2019_05,2019,Asamblea de Madrid,Madrid,Madrid,7,Araceli Gómez García,Mujer,TRUE,TRUE,Cs,FALSE,,CIUDADANOS-PARTIDO DE LA CIUDADANÍA,Cs,jec_mad_2019.pdf,compartido
autonomous_2019_05,2019,Asamblea de Madrid,Madrid,Madrid,8,Luis Pacheco Torres (Independiente),Hombre,TRUE,TRUE,Cs,FALSE,,CIUDADANOS-PARTIDO DE LA CIUDADANÍA,Cs,jec_mad_2019.pdf,compartido
autonomous_2019_05,2019,Asamblea de Madrid,Madrid,Madrid,9,Alberto Reyero Zubiri,Hombre,TRUE,TRUE,Cs,FALSE,,CIUDADANOS-PARTIDO DE LA CIUDADANÍA,Cs,jec_mad_2019.pdf,compartido
autonomous_2019_05,2019,Asamblea de Madrid,Madrid,Madrid,10,Carlota Santiago Camacho,Mujer,TRUE,TRUE,Cs,FALSE,,CIUDADANOS-PARTIDO DE LA CIUDADANÍA,Cs,jec_mad_2019.pdf,compartido
autonomous_2019_05,2019,Asamblea de Madrid,Madrid,Madrid,11,Enrique Veloso Lozano,Hombre,TRUE,TRUE,Cs,FALSE,,CIUDADANOS-PARTIDO DE LA CIUDADANÍA,Cs,jec_mad_2019.pdf,compartido
autonomous_2019_05,2019,Asamblea de Madrid,Madrid,Madrid,12,Ana Isabel García García,Mujer,TRUE,TRUE,Cs,FALSE,,CIUDADANOS-PARTIDO DE LA CIUDADANÍA,Cs,jec_mad_2019.pdf,compartido
autonomous_2019_05,2019,Asamblea de Madrid,Madrid,Madrid,13,Ángel Garrido García,Hombre,TRUE,TRUE,Cs,FALSE,,CIUDADANOS-PARTIDO DE LA CIUDADANÍA,Cs,jec_mad_2019.pdf,compartido
autonomous_2019_05,2019,Asamblea de Madrid,Madrid,Madrid,14,Tamara Pardo Blázquez (Independiente),Mujer,TRUE,TRUE,Cs,FALSE,,CIUDADANOS-PARTIDO DE LA CIUDADANÍA,Cs,jec_mad_2019.pdf,compartido
autonomous_2019_05,2019,Asamblea de Madrid,Madrid,Madrid,15,Tomás Marcos Arias,Hombre,TRUE,TRUE,Cs,FALSE,,CIUDADANOS-PARTIDO DE LA CIUDADANÍA,Cs,jec_mad_2019.pdf,compartido
autonomous_2019_05,2019,Asamblea de Madrid,Madrid,Madrid,16,Sergio Brabezo Carballo,Hombre,TRUE,TRUE,Cs,FALSE,,CIUDADANOS-PARTIDO DE LA CIUDADANÍA,Cs,jec_mad_2019.pdf,compartido
autonomous_2019_05,2019,Asamblea de Madrid,Madrid,Madrid,17,Emy Fernández-Luna Abellán,Mujer,TRUE,TRUE,Cs,FALSE,,CIUDADANOS-PARTIDO DE LA CIUDADANÍA,Cs,jec_mad_2019.pdf,compartido
autonomous_2019_05,2019,Asamblea de Madrid,Madrid,Madrid,18,Roberto Núñez Sánchez,Hombre,TRUE,TRUE,Cs,FALSE,,CIUDADANOS-PARTIDO DE LA CIUDADANÍA,Cs,jec_mad_2019.pdf,compartido
autonomous_2019_05,2019,Asamblea de Madrid,Madrid,Madrid,19,Miguel Díaz Martín,Hombre,TRUE,TRUE,Cs,FALSE,,CIUDADANOS-PARTIDO DE LA CIUDADANÍA,Cs,jec_mad_2019.pdf,compartido
autonomous_2019_05,2019,Asamblea de Madrid,Madrid,Madrid,20,Marta Marbán de Frutos,Mujer,TRUE,TRUE,Cs,FALSE,,CIUDADANOS-PARTIDO DE LA CIUDADANÍA,Cs,jec_mad_2019.pdf,compartido
autonomous_2019_05,2019,Asamblea de Madrid,Madrid,Madrid,21,Juan Rubio Ruiz,Hombre,TRUE,TRUE,Cs,FALSE,,CIUDADANOS-PARTIDO DE LA CIUDADANÍA,Cs,jec_mad_2019.pdf,compartido
autonomous_2019_05,2019,Asamblea de Madrid,Madrid,Madrid,22,Victoria Alonso Márquez,Mujer,TRUE,TRUE,Cs,FALSE,,CIUDADANOS-PARTIDO DE LA CIUDADANÍA,Cs,jec_mad_2019.pdf,compartido
autonomous_2019_05,2019,Asamblea de Madrid,Madrid,Madrid,23,Ricardo Megías Morales,Hombre,TRUE,TRUE,Cs,FALSE,,CIUDADANOS-PARTIDO DE LA CIUDADANÍA,Cs,jec_mad_2019.pdf,compartido
autonomous_2019_05,2019,Asamblea de Madrid,Madrid,Madrid,24,Roberto Hernández Blázquez,Hombre,TRUE,TRUE,Cs,FALSE,,CIUDADANOS-PARTIDO DE LA CIUDADANÍA,Cs,jec_mad_2019.pdf,compartido
autonomous_2019_05,2019,Asamblea de Madrid,Madrid,Madrid,25,Pilar Liébana Soto,Mujer,TRUE,TRUE,Cs,FALSE,,CIUDADANOS-PARTIDO DE LA CIUDADANÍA,Cs,jec_mad_2019.pdf,compartido
autonomous_2019_05,2019,Asamblea de Madrid,Madrid,Madrid,26,Ana Rodríguez Durán,Mujer,TRUE,TRUE,Cs,FALSE,,CIUDADANOS-PARTIDO DE LA CIUDADANÍA,Cs,jec_mad_2019.pdf,compartido
autonomous_2019_05,2019,Asamblea de Madrid,Madrid,Madrid,27,Noelia López Montero,Mujer,TRUE,FALSE,Cs,FALSE,,CIUDADANOS-PARTIDO DE LA CIUDADANÍA,Cs,jec_mad_2019.pdf,compartido
autonomous_2019_05,2019,Asamblea de Madrid,Madrid,Madrid,28,José María Antón García,Hombre,TRUE,FALSE,Cs,FALSE,,CIUDADANOS-PARTIDO DE LA CIUDADANÍA,Cs,jec_mad_2019.pdf,compartido
autonomous_2019_05,2019,Asamblea de Madrid,Madrid,Madrid,29,Enrique Martínez Cantero,Hombre,TRUE,FALSE,Cs,FALSE,,CIUDADANOS-PARTIDO DE LA CIUDADANÍA,Cs,jec_mad_2019.pdf,compartido
autonomous_2019_05,2019,Asamblea de Madrid,Madrid,Madrid,30,Yago Mahugo Carles,Hombre,TRUE,FALSE,Cs,FALSE,,CIUDADANOS-PARTIDO DE LA CIUDADANÍA,Cs,jec_mad_2019.pdf,compartido
autonomous_2019_05,2019,Asamblea de Madrid,Madrid,Madrid,31,Silvia Roldán Fernández,Mujer,TRUE,FALSE,Cs,FALSE,,CIUDADANOS-PARTIDO DE LA CIUDADANÍA,Cs,jec_mad_2019.pdf,compartido
autonomous_2019_05,2019,Asamblea de Madrid,Madrid,Madrid,32,Matías de la Mota Martínez,Hombre,TRUE,FALSE,Cs,FALSE,,CIUDADANOS-PARTIDO DE LA CIUDADANÍA,Cs,jec_mad_2019.pdf,compartido
autonomous_2019_05,2019,Asamblea de Madrid,Madrid,Madrid,33,Elena Álvarez Brasero,Mujer,TRUE,FALSE,Cs,FALSE,,CIUDADANOS-PARTIDO DE LA CIUDADANÍA,Cs,jec_mad_2019.pdf,compartido
autonomous_2019_05,2019,Asamblea de Madrid,Madrid,Madrid,34,Joaquín Pardo Montero,Hombre,TRUE,FALSE,Cs,FALSE,,CIUDADANOS-PARTIDO DE LA CIUDADANÍA,Cs,jec_mad_2019.pdf,compartido
autonomous_2019_05,2019,Asamblea de Madrid,Madrid,Madrid,35,José Mantecón García,Hombre,TRUE,FALSE,Cs,FALSE,,CIUDADANOS-PARTIDO DE LA CIUDADANÍA,Cs,jec_mad_2019.pdf,compartido
autonomous_2019_05,2019,Asamblea de Madrid,Madrid,Madrid,36,Fabián Pérez-Juste Abascal,Hombre,TRUE,FALSE,Cs,FALSE,,CIUDADANOS-PARTIDO DE LA CIUDADANÍA,Cs,jec_mad_2019.pdf,compartido
autonomous_2019_05,2019,Asamblea de Madrid,Madrid,Madrid,37,Marisa Mariscal Macías,Mujer,TRUE,FALSE,Cs,FALSE,,CIUDADANOS-PARTIDO DE LA CIUDADANÍA,Cs,jec_mad_2019.pdf,compartido
autonomous_2019_05,2019,Asamblea de Madrid,Madrid,Madrid,38,Clara Eugenia Larrucea Camporro,Mujer,TRUE,FALSE,Cs,FALSE,,CIUDADANOS-PARTIDO DE LA CIUDADANÍA,Cs,jec_mad_2019.pdf,compartido
autonomous_2019_05,2019,Asamblea de Madrid,Madrid,Madrid,39,David Escobar Fernández,Hombre,TRUE,FALSE,Cs,FALSE,,CIUDADANOS-PARTIDO DE LA CIUDADANÍA,Cs,jec_mad_2019.pdf,compartido
autonomous_2019_05,2019,Asamblea de Madrid,Madrid,Madrid,40,Ricardo Díaz Martín,Hombre,TRUE,FALSE,Cs,FALSE,,CIUDADANOS-PARTIDO DE LA CIUDADANÍA,Cs,jec_mad_2019.pdf,compartido
autonomous_2019_05,2019,Asamblea de Madrid,Madrid,Madrid,41,Mylai Lima González,,TRUE,FALSE,Cs,FALSE,,CIUDADANOS-PARTIDO DE LA CIUDADANÍA,Cs,jec_mad_2019.pdf,compartido
autonomous_2019_05,2019,Asamblea de Madrid,Madrid,Madrid,42,Ángela Martín de Cruz,Mujer,TRUE,FALSE,Cs,FALSE,,CIUDADANOS-PARTIDO DE LA CIUDADANÍA,Cs,jec_mad_2019.pdf,compartido
autonomous_2019_05,2019,Asamblea de Madrid,Madrid,Madrid,43,David Sánchez Bernardo,Hombre,TRUE,FALSE,Cs,FALSE,,CIUDADANOS-PARTIDO DE LA CIUDADANÍA,Cs,jec_mad_2019.pdf,compartido
autonomous_2019_05,2019,Asamblea de Madrid,Madrid,Madrid,44,Eduardo Torres Pinilla,Hombre,TRUE,FALSE,Cs,FALSE,,CIUDADANOS-PARTIDO DE LA CIUDADANÍA,Cs,jec_mad_2019.pdf,compartido
autonomous_2019_05,2019,Asamblea de Madrid,Madrid,Madrid,45,María Begoña Sanfrutos Sáez,Mujer,TRUE,FALSE,Cs,FALSE,,CIUDADANOS-PARTIDO DE LA CIUDADANÍA,Cs,jec_mad_2019.pdf,compartido
autonomous_2019_05,2019,Asamblea de Madrid,Madrid,Madrid,46,Begoña Cortés Ruiz,Mujer,TRUE,FALSE,Cs,FALSE,,CIUDADANOS-PARTIDO DE LA CIUDADANÍA,Cs,jec_mad_2019.pdf,compartido
autonomous_2019_05,2019,Asamblea de Madrid,Madrid,Madrid,47,Luis Ángel Ruiz Palacios,Hombre,TRUE,FALSE,Cs,FALSE,,CIUDADANOS-PARTIDO DE LA CIUDADANÍA,Cs,jec_mad_2019.pdf,compartido
autonomous_2019_05,2019,Asamblea de Madrid,Madrid,Madrid,48,Rosa Gallardo Sastre,Mujer,TRUE,FALSE,Cs,FALSE,,CIUDADANOS-PARTIDO DE LA CIUDADANÍA,Cs,jec_mad_2019.pdf,compartido
autonomous_2019_05,2019,Asamblea de Madrid,Madrid,Madrid,49,Juan José Uclés García,Hombre,TRUE,FALSE,Cs,FALSE,,CIUDADANOS-PARTIDO DE LA CIUDADANÍA,Cs,jec_mad_2019.pdf,compartido
autonomous_2019_05,2019,Asamblea de Madrid,Madrid,Madrid,50,Patricia de Frutos Hurtado,Mujer,TRUE,FALSE,Cs,FALSE,,CIUDADANOS-PARTIDO DE LA CIUDADANÍA,Cs,jec_mad_2019.pdf,compartido
autonomous_2019_05,2019,Asamblea de Madrid,Madrid,Madrid,51,Pilar Herrero González,Mujer,TRUE,FALSE,Cs,FALSE,,CIUDADANOS-PARTIDO DE LA CIUDADANÍA,Cs,jec_mad_2019.pdf,compartido
autonomous_2019_05,2019,Asamblea de Madrid,Madrid,Madrid,52,Joaquín Patilla Ramos,Hombre,TRUE,FALSE,Cs,FALSE,,CIUDADANOS-PARTIDO DE LA CIUDADANÍA,Cs,jec_mad_2019.pdf,compartido
autonomous_2019_05,2019,Asamblea de Madrid,Madrid,Madrid,53,Elvira Marcos Palma,Mujer,TRUE,FALSE,Cs,FALSE,,CIUDADANOS-PARTIDO DE LA CIUDADANÍA,Cs,jec_mad_2019.pdf,compartido
autonomous_2019_05,2019,Asamblea de Madrid,Madrid,Madrid,54,Bernardo Arroyo Abad,Hombre,TRUE,FALSE,Cs,FALSE,,CIUDADANOS-PARTIDO DE LA CIUDADANÍA,Cs,jec_mad_2019.pdf,compartido
autonomous_2019_05,2019,Asamblea de Madrid,Madrid,Madrid,55,Miguel Ángel Martín Perdiguero,Hombre,TRUE,FALSE,Cs,FALSE,,CIUDADANOS-PARTIDO DE LA CIUDADANÍA,Cs,jec_mad_2019.pdf,compartido
autonomous_2019_05,2019,Asamblea de Madrid,Madrid,Madrid,56,Diana Fuertes González,Mujer,TRUE,FALSE,Cs,FALSE,,CIUDADANOS-PARTIDO DE LA CIUDADANÍA,Cs,jec_mad_2019.pdf,compartido
autonomous_2019_05,2019,Asamblea de Madrid,Madrid,Madrid,57,Juan Luis Cano Perucha,Hombre,TRUE,FALSE,Cs,FALSE,,CIUDADANOS-PARTIDO DE LA CIUDADANÍA,Cs,jec_mad_2019.pdf,compartido
autonomous_2019_05,2019,Asamblea de Madrid,Madrid,Madrid,58,Carlos Velasco Aceitero,Hombre,TRUE,FALSE,Cs,FALSE,,CIUDADANOS-PARTIDO DE LA CIUDADANÍA,Cs,jec_mad_2019.pdf,compartido
autonomous_2019_05,2019,Asamblea de Madrid,Madrid,Madrid,59,Almudena Nieto de Castro,Mujer,TRUE,FALSE,Cs,FALSE,,CIUDADANOS-PARTIDO DE LA CIUDADANÍA,Cs,jec_mad_2019.pdf,compartido
autonomous_2019_05,2019,Asamblea de Madrid,Madrid,Madrid,60,Cristina Domínguez Encinas,Mujer,TRUE,FALSE,Cs,FALSE,,CIUDADANOS-PARTIDO DE LA CIUDADANÍA,Cs,jec_mad_2019.pdf,compartido
autonomous_2019_05,2019,Asamblea de Madrid,Madrid,Madrid,61,Ismael Rastoll Aranda,Hombre,TRUE,FALSE,Cs,FALSE,,CIUDADANOS-PARTIDO DE LA CIUDADANÍA,Cs,jec_mad_2019.pdf,compartido
autonomous_2019_05,2019,Asamblea de Madrid,Madrid,Madrid,62,José Manuel Egea Cáceres,Hombre,TRUE,FALSE,Cs,FALSE,,CIUDADANOS-PARTIDO DE LA CIUDADANÍA,Cs,jec_mad_2019.pdf,compartido
autonomous_2019_05,2019,Asamblea de Madrid,Madrid,Madrid,63,Enrique Morago Martínez,Hombre,TRUE,FALSE,Cs,FALSE,,CIUDADANOS-PARTIDO DE LA CIUDADANÍA,Cs,jec_mad_2019.pdf,compartido
autonomous_2019_05,2019,Asamblea de Madrid,Madrid,Madrid,64,Beatriz Crespo Moreno,Mujer,TRUE,FALSE,Cs,FALSE,,CIUDADANOS-PARTIDO DE LA CIUDADANÍA,Cs,jec_mad_2019.pdf,compartido
autonomous_2019_05,2019,Asamblea de Madrid,Madrid,Madrid,65,Ana Elliott Pérez,Mujer,TRUE,FALSE,Cs,FALSE,,CIUDADANOS-PARTIDO DE LA CIUDADANÍA,Cs,jec_mad_2019.pdf,compartido
autonomous_2019_05,2019,Asamblea de Madrid,Madrid,Madrid,66,Laura Pontes Romero,Mujer,TRUE,FALSE,Cs,FALSE,,CIUDADANOS-PARTIDO DE LA CIUDADANÍA,Cs,jec_mad_2019.pdf,compartido
autonomous_2019_05,2019,Asamblea de Madrid,Madrid,Madrid,67,Roberto Alcaide García,Hombre,TRUE,FALSE,Cs,FALSE,,CIUDADANOS-PARTIDO DE LA CIUDADANÍA,Cs,jec_mad_2019.pdf,compartido
autonomous_2019_05,2019,Asamblea de Madrid,Madrid,Madrid,68,Verónica Priego Álvarez,Mujer,TRUE,FALSE,Cs,FALSE,,CIUDADANOS-PARTIDO DE LA CIUDADANÍA,Cs,jec_mad_2019.pdf,compartido
autonomous_2019_05,2019,Asamblea de Madrid,Madrid,Madrid,69,Juan Manuel Ortiz Gozalo,Hombre,TRUE,FALSE,Cs,FALSE,,CIUDADANOS-PARTIDO DE LA CIUDADANÍA,Cs,jec_mad_2019.pdf,compartido
autonomous_2019_05,2019,Asamblea de Madrid,Madrid,Madrid,70,Patricia Marbán Moreno,Mujer,TRUE,FALSE,Cs,FALSE,,CIUDADANOS-PARTIDO DE LA CIUDADANÍA,Cs,jec_mad_2019.pdf,compartido
autonomous_2019_05,2019,Asamblea de Madrid,Madrid,Madrid,71,David Antelo Sánchez BOCM-20190430-10 BOCM B.O.C.M. Núm. 101,Hombre,TRUE,FALSE,Cs,FALSE,,CIUDADANOS-PARTIDO DE LA CIUDADANÍA,Cs,jec_mad_2019.pdf,compartido
autonomous_2019_05,2019,Asamblea de Madrid,Madrid,Madrid,72,Miguel Ángel Lezcano López,Hombre,TRUE,FALSE,Cs,FALSE,,CIUDADANOS-PARTIDO DE LA CIUDADANÍA,Cs,jec_mad_2019.pdf,compartido
autonomous_2019_05,2019,Asamblea de Madrid,Madrid,Madrid,73,Modesto López Rosa,Hombre,TRUE,FALSE,Cs,FALSE,,CIUDADANOS-PARTIDO DE LA CIUDADANÍA,Cs,jec_mad_2019.pdf,compartido
autonomous_2019_05,2019,Asamblea de Madrid,Madrid,Madrid,74,Paloma Chinarro Hernández,Mujer,TRUE,FALSE,Cs,FALSE,,CIUDADANOS-PARTIDO DE LA CIUDADANÍA,Cs,jec_mad_2019.pdf,compartido
autonomous_2019_05,2019,Asamblea de Madrid,Madrid,Madrid,75,Eva María Sánchez Rivera,Mujer,TRUE,FALSE,Cs,FALSE,,CIUDADANOS-PARTIDO DE LA CIUDADANÍA,Cs,jec_mad_2019.pdf,compartido
autonomous_2019_05,2019,Asamblea de Madrid,Madrid,Madrid,76,Natalia Maqueda Martín,Mujer,TRUE,FALSE,Cs,FALSE,,CIUDADANOS-PARTIDO DE LA CIUDADANÍA,Cs,jec_mad_2019.pdf,compartido
autonomous_2019_05,2019,Asamblea de Madrid,Madrid,Madrid,77,Iván Jerez Castellanos,Hombre,TRUE,FALSE,Cs,FALSE,,CIUDADANOS-PARTIDO DE LA CIUDADANÍA,Cs,jec_mad_2019.pdf,compartido
autonomous_2019_05,2019,Asamblea de Madrid,Madrid,Madrid,78,Arturo Santos Sánchez,Hombre,TRUE,FALSE,Cs,FALSE,,CIUDADANOS-PARTIDO DE LA CIUDADANÍA,Cs,jec_mad_2019.pdf,compartido
autonomous_2019_05,2019,Asamblea de Madrid,Madrid,Madrid,79,Rocío Rodrigo de Mingo,Mujer,TRUE,FALSE,Cs,FALSE,,CIUDADANOS-PARTIDO DE LA CIUDADANÍA,Cs,jec_mad_2019.pdf,compartido
autonomous_2019_05,2019,Asamblea de Madrid,Madrid,Madrid,80,Guillermo Alegre Manzano,Hombre,TRUE,FALSE,Cs,FALSE,,CIUDADANOS-PARTIDO DE LA CIUDADANÍA,Cs,jec_mad_2019.pdf,compartido
autonomous_2019_05,2019,Asamblea de Madrid,Madrid,Madrid,81,Javier de la Vera Millán,Hombre,TRUE,FALSE,Cs,FALSE,,CIUDADANOS-PARTIDO DE LA CIUDADANÍA,Cs,jec_mad_2019.pdf,compartido
autonomous_2019_05,2019,Asamblea de Madrid,Madrid,Madrid,82,Roberto Fraile Herrera,Hombre,TRUE,FALSE,Cs,FALSE,,CIUDADANOS-PARTIDO DE LA CIUDADANÍA,Cs,jec_mad_2019.pdf,compartido
autonomous_2019_05,2019,Asamblea de Madrid,Madrid,Madrid,83,Justo Cardeña Cedillo,Hombre,TRUE,FALSE,Cs,FALSE,,CIUDADANOS-PARTIDO DE LA CIUDADANÍA,Cs,jec_mad_2019.pdf,compartido
autonomous_2019_05,2019,Asamblea de Madrid,Madrid,Madrid,84,Ángela López García Gallo,Mujer,TRUE,FALSE,Cs,FALSE,,CIUDADANOS-PARTIDO DE LA CIUDADANÍA,Cs,jec_mad_2019.pdf,compartido
autonomous_2019_05,2019,Asamblea de Madrid,Madrid,Madrid,85,Alba Coello Romero,Mujer,TRUE,FALSE,Cs,FALSE,,CIUDADANOS-PARTIDO DE LA CIUDADANÍA,Cs,jec_mad_2019.pdf,compartido
autonomous_2019_05,2019,Asamblea de Madrid,Madrid,Madrid,86,Begoña Gutiérrez Paloma,Mujer,TRUE,FALSE,Cs,FALSE,,CIUDADANOS-PARTIDO DE LA CIUDADANÍA,Cs,jec_mad_2019.pdf,compartido
autonomous_2019_05,2019,Asamblea de Madrid,Madrid,Madrid,87,Jonatan Román Aceituno,Hombre,TRUE,FALSE,Cs,FALSE,,CIUDADANOS-PARTIDO DE LA CIUDADANÍA,Cs,jec_mad_2019.pdf,compartido
autonomous_2019_05,2019,Asamblea de Madrid,Madrid,Madrid,88,Julia Gómez Galdón,Mujer,TRUE,FALSE,Cs,FALSE,,CIUDADANOS-PARTIDO DE LA CIUDADANÍA,Cs,jec_mad_2019.pdf,compartido
autonomous_2019_05,2019,Asamblea de Madrid,Madrid,Madrid,89,Sergio Luna Barrado,Hombre,TRUE,FALSE,Cs,FALSE,,CIUDADANOS-PARTIDO DE LA CIUDADANÍA,Cs,jec_mad_2019.pdf,compartido
autonomous_2019_05,2019,Asamblea de Madrid,Madrid,Madrid,90,Raquel Guerrero Vélez,Mujer,TRUE,FALSE,Cs,FALSE,,CIUDADANOS-PARTIDO DE LA CIUDADANÍA,Cs,jec_mad_2019.pdf,compartido
autonomous_2019_05,2019,Asamblea de Madrid,Madrid,Madrid,91,José Ignacio Eusebio Cuesta,Hombre,TRUE,FALSE,Cs,FALSE,,CIUDADANOS-PARTIDO DE LA CIUDADANÍA,Cs,jec_mad_2019.pdf,compartido
autonomous_2019_05,2019,Asamblea de Madrid,Madrid,Madrid,92,Silvia Hernández Torrado,Mujer,TRUE,FALSE,Cs,FALSE,,CIUDADANOS-PARTIDO DE LA CIUDADANÍA,Cs,jec_mad_2019.pdf,compartido
autonomous_2019_05,2019,Asamblea de Madrid,Madrid,Madrid,93,Iván Pizarro Hidalgo,Hombre,TRUE,FALSE,Cs,FALSE,,CIUDADANOS-PARTIDO DE LA CIUDADANÍA,Cs,jec_mad_2019.pdf,compartido
autonomous_2019_05,2019,Asamblea de Madrid,Madrid,Madrid,94,María Sonia Arbex García,Mujer,TRUE,FALSE,Cs,FALSE,,CIUDADANOS-PARTIDO DE LA CIUDADANÍA,Cs,jec_mad_2019.pdf,compartido
autonomous_2019_05,2019,Asamblea de Madrid,Madrid,Madrid,95,Rocío Díaz Somolinos,Mujer,TRUE,FALSE,Cs,FALSE,,CIUDADANOS-PARTIDO DE LA CIUDADANÍA,Cs,jec_mad_2019.pdf,compartido
autonomous_2019_05,2019,Asamblea de Madrid,Madrid,Madrid,96,Alfonso Reina Briasco,Hombre,TRUE,FALSE,Cs,FALSE,,CIUDADANOS-PARTIDO DE LA CIUDADANÍA,Cs,jec_mad_2019.pdf,compartido
autonomous_2019_05,2019,Asamblea de Madrid,Madrid,Madrid,97,Ángela Ortiz Gil,Mujer,TRUE,FALSE,Cs,FALSE,,CIUDADANOS-PARTIDO DE LA CIUDADANÍA,Cs,jec_mad_2019.pdf,compartido
autonomous_2019_05,2019,Asamblea de Madrid,Madrid,Madrid,98,Sergio Parra Perales,Hombre,TRUE,FALSE,Cs,FALSE,,CIUDADANOS-PARTIDO DE LA CIUDADANÍA,Cs,jec_mad_2019.pdf,compartido
autonomous_2019_05,2019,Asamblea de Madrid,Madrid,Madrid,99,María Belén López Narro,Mujer,TRUE,FALSE,Cs,FALSE,,CIUDADANOS-PARTIDO DE LA CIUDADANÍA,Cs,jec_mad_2019.pdf,compartido
autonomous_2019_05,2019,Asamblea de Madrid,Madrid,Madrid,100,José Antonio Luelmo Recio,Hombre,TRUE,FALSE,Cs,FALSE,,CIUDADANOS-PARTIDO DE LA CIUDADANÍA,Cs,jec_mad_2019.pdf,compartido
autonomous_2019_05,2019,Asamblea de Madrid,Madrid,Madrid,101,Ángel Niño Quesada,Hombre,TRUE,FALSE,Cs,FALSE,,CIUDADANOS-PARTIDO DE LA CIUDADANÍA,Cs,jec_mad_2019.pdf,compartido
autonomous_2019_05,2019,Asamblea de Madrid,Madrid,Madrid,102,Carlos José Sánchez Balsalobre,Hombre,TRUE,FALSE,Cs,FALSE,,CIUDADANOS-PARTIDO DE LA CIUDADANÍA,Cs,jec_mad_2019.pdf,compartido
autonomous_2019_05,2019,Asamblea de Madrid,Madrid,Madrid,103,Clara Isabel Carrera Rodríguez,Mujer,TRUE,FALSE,Cs,FALSE,,CIUDADANOS-PARTIDO DE LA CIUDADANÍA,Cs,jec_mad_2019.pdf,compartido
autonomous_2019_05,2019,Asamblea de Madrid,Madrid,Madrid,104,María Victoria Sánchez-Migallón Parra,Mujer,TRUE,FALSE,Cs,FALSE,,CIUDADANOS-PARTIDO DE LA CIUDADANÍA,Cs,jec_mad_2019.pdf,compartido
autonomous_2019_05,2019,Asamblea de Madrid,Madrid,Madrid,105,Jesús Díaz Raboso,Hombre,TRUE,FALSE,Cs,FALSE,,CIUDADANOS-PARTIDO DE LA CIUDADANÍA,Cs,jec_mad_2019.pdf,compartido
autonomous_2019_05,2019,Asamblea de Madrid,Madrid,Madrid,106,Guillermo Carrascosa Ruano,Hombre,TRUE,FALSE,Cs,FALSE,,CIUDADANOS-PARTIDO DE LA CIUDADANÍA,Cs,jec_mad_2019.pdf,compartido
autonomous_2019_05,2019,Asamblea de Madrid,Madrid,Madrid,107,José Luis Amaro Culebras,Hombre,TRUE,FALSE,Cs,FALSE,,CIUDADANOS-PARTIDO DE LA CIUDADANÍA,Cs,jec_mad_2019.pdf,compartido
autonomous_2019_05,2019,Asamblea de Madrid,Madrid,Madrid,108,Inmaculada Gutiérrez Prieto,Mujer,TRUE,FALSE,Cs,FALSE,,CIUDADANOS-PARTIDO DE LA CIUDADANÍA,Cs,jec_mad_2019.pdf,compartido
autonomous_2019_05,2019,Asamblea de Madrid,Madrid,Madrid,109,Carmen García Palomino,Mujer,TRUE,FALSE,Cs,FALSE,,CIUDADANOS-PARTIDO DE LA CIUDADANÍA,Cs,jec_mad_2019.pdf,compartido
autonomous_2019_05,2019,Asamblea de Madrid,Madrid,Madrid,110,Jesús Recover Antón,Hombre,TRUE,FALSE,Cs,FALSE,,CIUDADANOS-PARTIDO DE LA CIUDADANÍA,Cs,jec_mad_2019.pdf,compartido
autonomous_2019_05,2019,Asamblea de Madrid,Madrid,Madrid,111,Roberto Flores Jiménez,Hombre,TRUE,FALSE,Cs,FALSE,,CIUDADANOS-PARTIDO DE LA CIUDADANÍA,Cs,jec_mad_2019.pdf,compartido
autonomous_2019_05,2019,Asamblea de Madrid,Madrid,Madrid,112,Iván Benavente Fernández,Hombre,TRUE,FALSE,Cs,FALSE,,CIUDADANOS-PARTIDO DE LA CIUDADANÍA,Cs,jec_mad_2019.pdf,compartido
autonomous_2019_05,2019,Asamblea de Madrid,Madrid,Madrid,113,María de los Ángeles González Jiménez,Mujer,TRUE,FALSE,Cs,FALSE,,CIUDADANOS-PARTIDO DE LA CIUDADANÍA,Cs,jec_mad_2019.pdf,compartido
autonomous_2019_05,2019,Asamblea de Madrid,Madrid,Madrid,114,Sabrina García Pereira,Mujer,TRUE,FALSE,Cs,FALSE,,CIUDADANOS-PARTIDO DE LA CIUDADANÍA,Cs,jec_mad_2019.pdf,compartido
autonomous_2019_05,2019,Asamblea de Madrid,Madrid,Madrid,115,Sergio Leal Cervantes,Hombre,TRUE,FALSE,Cs,FALSE,,CIUDADANOS-PARTIDO DE LA CIUDADANÍA,Cs,jec_mad_2019.pdf,compartido
autonomous_2019_05,2019,Asamblea de Madrid,Madrid,Madrid,116,Justo Montero Díaz,Hombre,TRUE,FALSE,Cs,FALSE,,CIUDADANOS-PARTIDO DE LA CIUDADANÍA,Cs,jec_mad_2019.pdf,compartido
autonomous_2019_05,2019,Asamblea de Madrid,Madrid,Madrid,117,Sara Isabel Pino Rosado,Mujer,TRUE,FALSE,Cs,FALSE,,CIUDADANOS-PARTIDO DE LA CIUDADANÍA,Cs,jec_mad_2019.pdf,compartido
autonomous_2019_05,2019,Asamblea de Madrid,Madrid,Madrid,118,Miguel Ángel Sánchez de Mora Chía,Hombre,TRUE,FALSE,Cs,FALSE,,CIUDADANOS-PARTIDO DE LA CIUDADANÍA,Cs,jec_mad_2019.pdf,compartido
autonomous_2019_05,2019,Asamblea de Madrid,Madrid,Madrid,119,María Teresa Sebastiá Rodero,Mujer,TRUE,FALSE,Cs,FALSE,,CIUDADANOS-PARTIDO DE LA CIUDADANÍA,Cs,jec_mad_2019.pdf,compartido
autonomous_2019_05,2019,Asamblea de Madrid,Madrid,Madrid,120,Silvia Peña Pastor,Mujer,TRUE,FALSE,Cs,FALSE,,CIUDADANOS-PARTIDO DE LA CIUDADANÍA,Cs,jec_mad_2019.pdf,compartido
autonomous_2019_05,2019,Asamblea de Madrid,Madrid,Madrid,121,Santiago del Real Martín,Hombre,TRUE,FALSE,Cs,FALSE,,CIUDADANOS-PARTIDO DE LA CIUDADANÍA,Cs,jec_mad_2019.pdf,compartido
autonomous_2019_05,2019,Asamblea de Madrid,Madrid,Madrid,122,César Ballesteros Ferrero,Hombre,TRUE,FALSE,Cs,FALSE,,CIUDADANOS-PARTIDO DE LA CIUDADANÍA,Cs,jec_mad_2019.pdf,compartido
autonomous_2019_05,2019,Asamblea de Madrid,Madrid,Madrid,123,Gema Rodríguez Galán,Mujer,TRUE,FALSE,Cs,FALSE,,CIUDADANOS-PARTIDO DE LA CIUDADANÍA,Cs,jec_mad_2019.pdf,compartido
autonomous_2019_05,2019,Asamblea de Madrid,Madrid,Madrid,124,Marta Blázquez García,Mujer,TRUE,FALSE,Cs,FALSE,,CIUDADANOS-PARTIDO DE LA CIUDADANÍA,Cs,jec_mad_2019.pdf,compartido
autonomous_2019_05,2019,Asamblea de Madrid,Madrid,Madrid,125,Inés Pastor Cerezo,Mujer,TRUE,FALSE,Cs,FALSE,,CIUDADANOS-PARTIDO DE LA CIUDADANÍA,Cs,jec_mad_2019.pdf,compartido
autonomous_2019_05,2019,Asamblea de Madrid,Madrid,Madrid,126,Julio Rodríguez Fernández,Hombre,TRUE,FALSE,Cs,FALSE,,CIUDADANOS-PARTIDO DE LA CIUDADANÍA,Cs,jec_mad_2019.pdf,compartido
autonomous_2019_05,2019,Asamblea de Madrid,Madrid,Madrid,127,Alberto Hontecillas Villar,Hombre,TRUE,FALSE,Cs,FALSE,,CIUDADANOS-PARTIDO DE LA CIUDADANÍA,Cs,jec_mad_2019.pdf,compartido
autonomous_2019_05,2019,Asamblea de Madrid,Madrid,Madrid,128,Raquel Cadenas Porqueras,Mujer,TRUE,FALSE,Cs,FALSE,,CIUDADANOS-PARTIDO DE LA CIUDADANÍA,Cs,jec_mad_2019.pdf,compartido
autonomous_2019_05,2019,Asamblea de Madrid,Madrid,Madrid,129,Marta López Rodríguez,Mujer,TRUE,FALSE,Cs,FALSE,,CIUDADANOS-PARTIDO DE LA CIUDADANÍA,Cs,jec_mad_2019.pdf,compartido
autonomous_2019_05,2019,Asamblea de Madrid,Madrid,Madrid,130,Roberto del Rey Granell,Hombre,TRUE,FALSE,Cs,FALSE,,CIUDADANOS-PARTIDO DE LA CIUDADANÍA,Cs,jec_mad_2019.pdf,compartido
autonomous_2019_05,2019,Asamblea de Madrid,Madrid,Madrid,131,Ángel Díaz-Flores García,Hombre,TRUE,FALSE,Cs,FALSE,,CIUDADANOS-PARTIDO DE LA CIUDADANÍA,Cs,jec_mad_2019.pdf,compartido
autonomous_2019_05,2019,Asamblea de Madrid,Madrid,Madrid,132,Paloma Estrada Fernández,Mujer,TRUE,FALSE,Cs,FALSE,,CIUDADANOS-PARTIDO DE LA CIUDADANÍA,Cs,jec_mad_2019.pdf,compartido
autonomous_2019_05,2019,Asamblea de Madrid,Madrid,Madrid,1,Patricia Hernández Ruiz-Medrano,Mujer,FALSE,FALSE,Cs,FALSE,,CIUDADANOS-PARTIDO DE LA CIUDADANÍA,Cs,jec_mad_2019.pdf,compartido
autonomous_2019_05,2019,Asamblea de Madrid,Madrid,Madrid,2,Ana Rosa Piñeiro Merino,Mujer,FALSE,FALSE,Cs,FALSE,,CIUDADANOS-PARTIDO DE LA CIUDADANÍA,Cs,jec_mad_2019.pdf,compartido
autonomous_2019_05,2019,Asamblea de Madrid,Madrid,Madrid,3,Antonio Alejandro Pugliese Pazos BOCM-20190430-10 BOCM B.O.C.M. Núm. 101 FALANGE ESPAÑOLA DE LAS J.O.N.S. (FE de las JONS),Hombre,FALSE,FALSE,Cs,FALSE,,CIUDADANOS-PARTIDO DE LA CIUDADANÍA,Cs,jec_mad_2019.pdf,compartido
autonomous_2019_05,2019,Parlament de les Illes Balears,Illes Balears,Mallorca,1,MARC PÉREZ-RIBAS GUERRERO,Hombre,TRUE,TRUE,Cs,FALSE,,CIUDADANOS-PARTIDO DE LA CIUDADANÍA,Cs,jec_bal_2019_ma.pdf,compartido
autonomous_2019_05,2019,Parlament de les Illes Balears,Illes Balears,Mallorca,2,PATRICIA GUASP BARRERO,Mujer,TRUE,TRUE,Cs,FALSE,,CIUDADANOS-PARTIDO DE LA CIUDADANÍA,Cs,jec_bal_2019_ma.pdf,compartido
autonomous_2019_05,2019,Parlament de les Illes Balears,Illes Balears,Mallorca,3,JUAN MANUEL GÓMEZ GORDIOLA,Hombre,TRUE,TRUE,Cs,FALSE,,CIUDADANOS-PARTIDO DE LA CIUDADANÍA,Cs,jec_bal_2019_ma.pdf,compartido
autonomous_2019_05,2019,Parlament de les Illes Balears,Illes Balears,Mallorca,4,OLGA BALLESTER NEBOT,Mujer,TRUE,FALSE,Cs,FALSE,,CIUDADANOS-PARTIDO DE LA CIUDADANÍA,Cs,jec_bal_2019_ma.pdf,compartido
autonomous_2019_05,2019,Parlament de les Illes Balears,Illes Balears,Mallorca,5,ALEJANDRO VALDIVIA SCHNEIDER,Hombre,TRUE,FALSE,Cs,FALSE,,CIUDADANOS-PARTIDO DE LA CIUDADANÍA,Cs,jec_bal_2019_ma.pdf,compartido
autonomous_2019_05,2019,Parlament de les Illes Balears,Illes Balears,Mallorca,6,PATRICIA CONRADO QUIROGA,Mujer,TRUE,FALSE,Cs,FALSE,,CIUDADANOS-PARTIDO DE LA CIUDADANÍA,Cs,jec_bal_2019_ma.pdf,compartido
autonomous_2019_05,2019,Parlament de les Illes Balears,Illes Balears,Mallorca,7,OMAR DELGADO GARRIDO,Hombre,TRUE,FALSE,Cs,FALSE,,CIUDADANOS-PARTIDO DE LA CIUDADANÍA,Cs,jec_bal_2019_ma.pdf,compartido
autonomous_2019_05,2019,Parlament de les Illes Balears,Illes Balears,Mallorca,8,MARIOLA SEGRELLES IRANZO,Mujer,TRUE,FALSE,Cs,FALSE,,CIUDADANOS-PARTIDO DE LA CIUDADANÍA,Cs,jec_bal_2019_ma.pdf,compartido
autonomous_2019_05,2019,Parlament de les Illes Balears,Illes Balears,Mallorca,9,ANTONIO CAÑELLAS RUESGA,Hombre,TRUE,FALSE,Cs,FALSE,,CIUDADANOS-PARTIDO DE LA CIUDADANÍA,Cs,jec_bal_2019_ma.pdf,compartido
autonomous_2019_05,2019,Parlament de les Illes Balears,Illes Balears,Mallorca,10,GAËL ALINE THYUS VIEVILLE,Hombre,TRUE,FALSE,Cs,FALSE,,CIUDADANOS-PARTIDO DE LA CIUDADANÍA,Cs,jec_bal_2019_ma.pdf,compartido
autonomous_2019_05,2019,Parlament de les Illes Balears,Illes Balears,Mallorca,11,LUIS DEL HOYO PEREZ DE RADA,Hombre,TRUE,FALSE,Cs,FALSE,,CIUDADANOS-PARTIDO DE LA CIUDADANÍA,Cs,jec_bal_2019_ma.pdf,compartido
autonomous_2019_05,2019,Parlament de les Illes Balears,Illes Balears,Mallorca,12,NOEMÍ GETINO PÉREZ,Mujer,TRUE,FALSE,Cs,FALSE,,CIUDADANOS-PARTIDO DE LA CIUDADANÍA,Cs,jec_bal_2019_ma.pdf,compartido
autonomous_2019_05,2019,Parlament de les Illes Balears,Illes Balears,Mallorca,13,JUAN MARTÍNEZ CASCALES,Hombre,TRUE,FALSE,Cs,FALSE,,CIUDADANOS-PARTIDO DE LA CIUDADANÍA,Cs,jec_bal_2019_ma.pdf,compartido
autonomous_2019_05,2019,Parlament de les Illes Balears,Illes Balears,Mallorca,14,AMAYA REPES CANCHO,Mujer,TRUE,FALSE,Cs,FALSE,,CIUDADANOS-PARTIDO DE LA CIUDADANÍA,Cs,jec_bal_2019_ma.pdf,compartido
autonomous_2019_05,2019,Parlament de les Illes Balears,Illes Balears,Mallorca,15,JOSÉ ANTONIO CALDÉS CAPELO,Hombre,TRUE,FALSE,Cs,FALSE,,CIUDADANOS-PARTIDO DE LA CIUDADANÍA,Cs,jec_bal_2019_ma.pdf,compartido
autonomous_2019_05,2019,Parlament de les Illes Balears,Illes Balears,Mallorca,16,MARTA JIMÉNEZ JIMÉNEZ,Mujer,TRUE,FALSE,Cs,FALSE,,CIUDADANOS-PARTIDO DE LA CIUDADANÍA,Cs,jec_bal_2019_ma.pdf,compartido
autonomous_2019_05,2019,Parlament de les Illes Balears,Illes Balears,Mallorca,17,JOSÉ IGNACIO ESPADA PLUMARETA,Hombre,TRUE,FALSE,Cs,FALSE,,CIUDADANOS-PARTIDO DE LA CIUDADANÍA,Cs,jec_bal_2019_ma.pdf,compartido
autonomous_2019_05,2019,Parlament de les Illes Balears,Illes Balears,Mallorca,18,MARÍA SONIA SUÁREZ GÓMEZ,Mujer,TRUE,FALSE,Cs,FALSE,,CIUDADANOS-PARTIDO DE LA CIUDADANÍA,Cs,jec_bal_2019_ma.pdf,compartido
autonomous_2019_05,2019,Parlament de les Illes Balears,Illes Balears,Mallorca,19,MIGUEL HERNÁNDEZ PERELLÓ,Hombre,TRUE,FALSE,Cs,FALSE,,CIUDADANOS-PARTIDO DE LA CIUDADANÍA,Cs,jec_bal_2019_ma.pdf,compartido
autonomous_2019_05,2019,Parlament de les Illes Balears,Illes Balears,Mallorca,20,LIDIA ANTONIA SABATER PÉREZ,Mujer,TRUE,FALSE,Cs,FALSE,,CIUDADANOS-PARTIDO DE LA CIUDADANÍA,Cs,jec_bal_2019_ma.pdf,compartido
autonomous_2019_05,2019,Parlament de les Illes Balears,Illes Balears,Mallorca,21,JUAN PEDRO SANCHIDRIÁN BLANCO,Hombre,TRUE,FALSE,Cs,FALSE,,CIUDADANOS-PARTIDO DE LA CIUDADANÍA,Cs,jec_bal_2019_ma.pdf,compartido
autonomous_2019_05,2019,Parlament de les Illes Balears,Illes Balears,Mallorca,22,MARÍA ANTONIA DE FELIPE JODAR,Mujer,TRUE,FALSE,Cs,FALSE,,CIUDADANOS-PARTIDO DE LA CIUDADANÍA,Cs,jec_bal_2019_ma.pdf,compartido
autonomous_2019_05,2019,Parlament de les Illes Balears,Illes Balears,Mallorca,23,RAFAEL MARTÍNEZ TEJERO,Hombre,TRUE,FALSE,Cs,FALSE,,CIUDADANOS-PARTIDO DE LA CIUDADANÍA,Cs,jec_bal_2019_ma.pdf,compartido
autonomous_2019_05,2019,Parlament de les Illes Balears,Illes Balears,Mallorca,24,MARÍA ELISABET REYNÉS CORONADO,Mujer,TRUE,FALSE,Cs,FALSE,,CIUDADANOS-PARTIDO DE LA CIUDADANÍA,Cs,jec_bal_2019_ma.pdf,compartido
autonomous_2019_05,2019,Parlament de les Illes Balears,Illes Balears,Mallorca,25,JUAN ALBERTO GINARD LLULL,Hombre,TRUE,FALSE,Cs,FALSE,,CIUDADANOS-PARTIDO DE LA CIUDADANÍA,Cs,jec_bal_2019_ma.pdf,compartido
autonomous_2019_05,2019,Parlament de les Illes Balears,Illes Balears,Mallorca,26,PILAR GARCÍA BETETA,Mujer,TRUE,FALSE,Cs,FALSE,,CIUDADANOS-PARTIDO DE LA CIUDADANÍA,Cs,jec_bal_2019_ma.pdf,compartido
autonomous_2019_05,2019,Parlament de les Illes Balears,Illes Balears,Mallorca,27,JORGE VELASCO MERCHAN,Hombre,TRUE,FALSE,Cs,FALSE,,CIUDADANOS-PARTIDO DE LA CIUDADANÍA,Cs,jec_bal_2019_ma.pdf,compartido
autonomous_2019_05,2019,Parlament de les Illes Balears,Illes Balears,Mallorca,28,MARÍA IZIAR PÉREZ GARCÍA,Mujer,TRUE,FALSE,Cs,FALSE,,CIUDADANOS-PARTIDO DE LA CIUDADANÍA,Cs,jec_bal_2019_ma.pdf,compartido
autonomous_2019_05,2019,Parlament de les Illes Balears,Illes Balears,Mallorca,29,JUAN MARTÍN COBALEA,Hombre,TRUE,FALSE,Cs,FALSE,,CIUDADANOS-PARTIDO DE LA CIUDADANÍA,Cs,jec_bal_2019_ma.pdf,compartido
autonomous_2019_05,2019,Parlament de les Illes Balears,Illes Balears,Mallorca,30,ANALINA MOLL BRAGAGIA,,TRUE,FALSE,Cs,FALSE,,CIUDADANOS-PARTIDO DE LA CIUDADANÍA,Cs,jec_bal_2019_ma.pdf,compartido
autonomous_2019_05,2019,Parlament de les Illes Balears,Illes Balears,Mallorca,31,MIGUEL BUSQUETS SALOM Núm. 58 30 de abril de 2019 Fascículo 89 - Sec. V. - Pág. 17727,Hombre,TRUE,FALSE,Cs,FALSE,,CIUDADANOS-PARTIDO DE LA CIUDADANÍA,Cs,jec_bal_2019_ma.pdf,compartido
autonomous_2019_05,2019,Parlament de les Illes Balears,Illes Balears,Mallorca,32,ANA MARÍA LASIC DURÁN,Mujer,TRUE,FALSE,Cs,FALSE,,CIUDADANOS-PARTIDO DE LA CIUDADANÍA,Cs,jec_bal_2019_ma.pdf,compartido
autonomous_2019_05,2019,Parlament de les Illes Balears,Illes Balears,Mallorca,33,PEDRO ALOMAR VELASCO,Hombre,TRUE,FALSE,Cs,FALSE,,CIUDADANOS-PARTIDO DE LA CIUDADANÍA,Cs,jec_bal_2019_ma.pdf,compartido
autonomous_2019_05,2019,Parlament de les Illes Balears,Illes Balears,Mallorca,1,LUCÍA GRACIA MEDINA MUÑOZ-TORRERO,Mujer,FALSE,FALSE,Cs,FALSE,,CIUDADANOS-PARTIDO DE LA CIUDADANÍA,Cs,jec_bal_2019_ma.pdf,compartido
autonomous_2019_05,2019,Parlament de les Illes Balears,Illes Balears,Mallorca,2,RICARDO PARRA LLOBERA,Hombre,FALSE,FALSE,Cs,FALSE,,CIUDADANOS-PARTIDO DE LA CIUDADANÍA,Cs,jec_bal_2019_ma.pdf,compartido
autonomous_2019_05,2019,Parlament de les Illes Balears,Illes Balears,Mallorca,3,ANA MARÍA PRIETO ROZAS Núm. 58 30 de abril de 2019 Fascículo 89 - Sec. V. - Pág. 17728,Mujer,FALSE,FALSE,Cs,FALSE,,CIUDADANOS-PARTIDO DE LA CIUDADANÍA,Cs,jec_bal_2019_ma.pdf,compartido
autonomous_2019_05,2019,Asamblea de Melilla,Melilla,Melilla,1,Eduardo De Castro González,Hombre,TRUE,TRUE,Cs,FALSE,,CIUDADANOS- PARTIDO DE LA CIUDADANÍA,Cs,jec_mel_2019.pdf,compartido
autonomous_2019_05,2019,Asamblea de Melilla,Melilla,Melilla,2,Paula Villalobos Bravo,Mujer,TRUE,FALSE,Cs,FALSE,,CIUDADANOS- PARTIDO DE LA CIUDADANÍA,Cs,jec_mel_2019.pdf,compartido
autonomous_2019_05,2019,Asamblea de Melilla,Melilla,Melilla,3,Luis Julián Escobar Ruiz,Hombre,TRUE,FALSE,Cs,FALSE,,CIUDADANOS- PARTIDO DE LA CIUDADANÍA,Cs,jec_mel_2019.pdf,compartido
autonomous_2019_05,2019,Asamblea de Melilla,Melilla,Melilla,4,Justo Sancho-Miñano Belmonte,Hombre,TRUE,FALSE,Cs,FALSE,,CIUDADANOS- PARTIDO DE LA CIUDADANÍA,Cs,jec_mel_2019.pdf,compartido
autonomous_2019_05,2019,Asamblea de Melilla,Melilla,Melilla,5,Rosa María Cuevas Hoyas,Mujer,TRUE,FALSE,Cs,FALSE,,CIUDADANOS- PARTIDO DE LA CIUDADANÍA,Cs,jec_mel_2019.pdf,compartido
autonomous_2019_05,2019,Asamblea de Melilla,Melilla,Melilla,6,Ahmed Boubnane El Outmani,Hombre,TRUE,FALSE,Cs,FALSE,,CIUDADANOS- PARTIDO DE LA CIUDADANÍA,Cs,jec_mel_2019.pdf,compartido
autonomous_2019_05,2019,Asamblea de Melilla,Melilla,Melilla,7,María del Carmen Torres Fuentes,Mujer,TRUE,FALSE,Cs,FALSE,,CIUDADANOS- PARTIDO DE LA CIUDADANÍA,Cs,jec_mel_2019.pdf,compartido
autonomous_2019_05,2019,Asamblea de Melilla,Melilla,Melilla,8,Fausto Mas Fernández,Hombre,TRUE,FALSE,Cs,FALSE,,CIUDADANOS- PARTIDO DE LA CIUDADANÍA,Cs,jec_mel_2019.pdf,compartido
autonomous_2019_05,2019,Asamblea de Melilla,Melilla,Melilla,9,Donna Chocrón Mamán,Mujer,TRUE,FALSE,Cs,FALSE,,CIUDADANOS- PARTIDO DE LA CIUDADANÍA,Cs,jec_mel_2019.pdf,compartido
autonomous_2019_05,2019,Asamblea de Melilla,Melilla,Melilla,10,Pablo Fernández Céspedes,Hombre,TRUE,FALSE,Cs,FALSE,,CIUDADANOS- PARTIDO DE LA CIUDADANÍA,Cs,jec_mel_2019.pdf,compartido
autonomous_2019_05,2019,Asamblea de Melilla,Melilla,Melilla,11,María Luisa Díaz Ruiz,Mujer,TRUE,FALSE,Cs,FALSE,,CIUDADANOS- PARTIDO DE LA CIUDADANÍA,Cs,jec_mel_2019.pdf,compartido
autonomous_2019_05,2019,Asamblea de Melilla,Melilla,Melilla,12,Francisco Ignacio Sánchez Jiménez,Hombre,TRUE,FALSE,Cs,FALSE,,CIUDADANOS- PARTIDO DE LA CIUDADANÍA,Cs,jec_mel_2019.pdf,compartido
autonomous_2019_05,2019,Asamblea de Melilla,Melilla,Melilla,13,Rachida Mohamed Douhri,Mujer,TRUE,FALSE,Cs,FALSE,,CIUDADANOS- PARTIDO DE LA CIUDADANÍA,Cs,jec_mel_2019.pdf,compartido
autonomous_2019_05,2019,Asamblea de Melilla,Melilla,Melilla,14,Antonio José Santos Muñoz,Hombre,TRUE,FALSE,Cs,FALSE,,CIUDADANOS- PARTIDO DE LA CIUDADANÍA,Cs,jec_mel_2019.pdf,compartido
autonomous_2019_05,2019,Asamblea de Melilla,Melilla,Melilla,15,Irene Valverde Martín,Mujer,TRUE,FALSE,Cs,FALSE,,CIUDADANOS- PARTIDO DE LA CIUDADANÍA,Cs,jec_mel_2019.pdf,compartido
autonomous_2019_05,2019,Asamblea de Melilla,Melilla,Melilla,16,Luis Galindo Moreno,Hombre,TRUE,FALSE,Cs,FALSE,,CIUDADANOS- PARTIDO DE LA CIUDADANÍA,Cs,jec_mel_2019.pdf,compartido
autonomous_2019_05,2019,Asamblea de Melilla,Melilla,Melilla,17,Luz Divina Nieto Suárez,Mujer,TRUE,FALSE,Cs,FALSE,,CIUDADANOS- PARTIDO DE LA CIUDADANÍA,Cs,jec_mel_2019.pdf,compartido
autonomous_2019_05,2019,Asamblea de Melilla,Melilla,Melilla,18,Juan Carlos Gómez Montero,Hombre,TRUE,FALSE,Cs,FALSE,,CIUDADANOS- PARTIDO DE LA CIUDADANÍA,Cs,jec_mel_2019.pdf,compartido
autonomous_2019_05,2019,Asamblea de Melilla,Melilla,Melilla,19,Isabel María García Prieto,Mujer,TRUE,FALSE,Cs,FALSE,,CIUDADANOS- PARTIDO DE LA CIUDADANÍA,Cs,jec_mel_2019.pdf,compartido
autonomous_2019_05,2019,Asamblea de Melilla,Melilla,Melilla,20,José Carlos Guerra Ferre,Hombre,TRUE,FALSE,Cs,FALSE,,CIUDADANOS- PARTIDO DE LA CIUDADANÍA,Cs,jec_mel_2019.pdf,compartido
autonomous_2019_05,2019,Asamblea de Melilla,Melilla,Melilla,21,María del Carmen Gallardo Olmedo,Mujer,TRUE,FALSE,Cs,FALSE,,CIUDADANOS- PARTIDO DE LA CIUDADANÍA,Cs,jec_mel_2019.pdf,compartido
autonomous_2019_05,2019,Asamblea de Melilla,Melilla,Melilla,22,Vicente Ramón Juan Montoya,Hombre,TRUE,FALSE,Cs,FALSE,,CIUDADANOS- PARTIDO DE LA CIUDADANÍA,Cs,jec_mel_2019.pdf,compartido
autonomous_2019_05,2019,Asamblea de Melilla,Melilla,Melilla,23,José Robles Bernet,Hombre,TRUE,FALSE,Cs,FALSE,,CIUDADANOS- PARTIDO DE LA CIUDADANÍA,Cs,jec_mel_2019.pdf,compartido
autonomous_2019_05,2019,Asamblea de Melilla,Melilla,Melilla,24,Patricia Felices Díaz,Mujer,TRUE,FALSE,Cs,FALSE,,CIUDADANOS- PARTIDO DE LA CIUDADANÍA,Cs,jec_mel_2019.pdf,compartido
autonomous_2019_05,2019,Asamblea de Melilla,Melilla,Melilla,25,Cristina León Fernández,Mujer,TRUE,FALSE,Cs,FALSE,,CIUDADANOS- PARTIDO DE LA CIUDADANÍA,Cs,jec_mel_2019.pdf,compartido
autonomous_2019_05,2019,Asamblea de Melilla,Melilla,Melilla,1,Pilar León Fernández,Mujer,FALSE,FALSE,Cs,FALSE,,CIUDADANOS- PARTIDO DE LA CIUDADANÍA,Cs,jec_mel_2019.pdf,compartido
autonomous_2019_05,2019,Asamblea de Melilla,Melilla,Melilla,2,Emilio Francisco Ubago Cossío,Hombre,FALSE,FALSE,Cs,FALSE,,CIUDADANOS- PARTIDO DE LA CIUDADANÍA,Cs,jec_mel_2019.pdf,compartido
autonomous_2019_05,2019,Asamblea de Melilla,Melilla,Melilla,3,Jabran Azzammouri Adriouach,Hombre,FALSE,FALSE,Cs,FALSE,,CIUDADANOS- PARTIDO DE LA CIUDADANÍA,Cs,jec_mel_2019.pdf,compartido
autonomous_2019_05,2019,Parlament de les Illes Balears,Illes Balears,Menorca,1,JESUS MENDEZ BAIGES,Hombre,TRUE,TRUE,Cs,FALSE,,CIUDADANOS-PARTIDO DE LA CIUDADANÍA,Cs,jec_bal_2019_me.pdf,compartido
autonomous_2019_05,2019,Parlament de les Illes Balears,Illes Balears,Menorca,2,BLANCA LOPEZ MARTIN,Mujer,TRUE,FALSE,Cs,FALSE,,CIUDADANOS-PARTIDO DE LA CIUDADANÍA,Cs,jec_bal_2019_me.pdf,compartido
autonomous_2019_05,2019,Parlament de les Illes Balears,Illes Balears,Menorca,3,JOSE MANUEL MORALES BOSCH,Hombre,TRUE,FALSE,Cs,FALSE,,CIUDADANOS-PARTIDO DE LA CIUDADANÍA,Cs,jec_bal_2019_me.pdf,compartido
autonomous_2019_05,2019,Parlament de les Illes Balears,Illes Balears,Menorca,4,MARIA PONS ROSELLO,Mujer,TRUE,FALSE,Cs,FALSE,,CIUDADANOS-PARTIDO DE LA CIUDADANÍA,Cs,jec_bal_2019_me.pdf,compartido
autonomous_2019_05,2019,Parlament de les Illes Balears,Illes Balears,Menorca,5,RICARDO ARTURO TERRE ALONSO,Hombre,TRUE,FALSE,Cs,FALSE,,CIUDADANOS-PARTIDO DE LA CIUDADANÍA,Cs,jec_bal_2019_me.pdf,compartido
autonomous_2019_05,2019,Parlament de les Illes Balears,Illes Balears,Menorca,6,MARIA ROSA VAZQUEZ GARCIA,Mujer,TRUE,FALSE,Cs,FALSE,,CIUDADANOS-PARTIDO DE LA CIUDADANÍA,Cs,jec_bal_2019_me.pdf,compartido
autonomous_2019_05,2019,Parlament de les Illes Balears,Illes Balears,Menorca,7,FRANCISCO CALDERON PRIETO,Hombre,TRUE,FALSE,Cs,FALSE,,CIUDADANOS-PARTIDO DE LA CIUDADANÍA,Cs,jec_bal_2019_me.pdf,compartido
autonomous_2019_05,2019,Parlament de les Illes Balears,Illes Balears,Menorca,8,MARIA ASUNCION GILABERT ROMAN,Mujer,TRUE,FALSE,Cs,FALSE,,CIUDADANOS-PARTIDO DE LA CIUDADANÍA,Cs,jec_bal_2019_me.pdf,compartido
autonomous_2019_05,2019,Parlament de les Illes Balears,Illes Balears,Menorca,9,GABRIEL SOLER CUELI (Independiente),Hombre,TRUE,FALSE,Cs,FALSE,,CIUDADANOS-PARTIDO DE LA CIUDADANÍA,Cs,jec_bal_2019_me.pdf,compartido
autonomous_2019_05,2019,Parlament de les Illes Balears,Illes Balears,Menorca,10,LOURDES TAJUELO BAÑO,Mujer,TRUE,FALSE,Cs,FALSE,,CIUDADANOS-PARTIDO DE LA CIUDADANÍA,Cs,jec_bal_2019_me.pdf,compartido
autonomous_2019_05,2019,Parlament de les Illes Balears,Illes Balears,Menorca,11,PABLO ALCINA PRATS,Hombre,TRUE,FALSE,Cs,FALSE,,CIUDADANOS-PARTIDO DE LA CIUDADANÍA,Cs,jec_bal_2019_me.pdf,compartido
autonomous_2019_05,2019,Parlament de les Illes Balears,Illes Balears,Menorca,12,BRISEIDA JOSE GIL GUEVARA (Independiente),Mujer,TRUE,FALSE,Cs,FALSE,,CIUDADANOS-PARTIDO DE LA CIUDADANÍA,Cs,jec_bal_2019_me.pdf,compartido
autonomous_2019_05,2019,Parlament de les Illes Balears,Illes Balears,Menorca,13,EUDIMIO JOSE CARRASCO GONZALEZ,,TRUE,FALSE,Cs,FALSE,,CIUDADANOS-PARTIDO DE LA CIUDADANÍA,Cs,jec_bal_2019_me.pdf,compartido
autonomous_2019_05,2019,Parlament de les Illes Balears,Illes Balears,Menorca,1,MONICA LUPON GUARINO (Independiente),Mujer,FALSE,FALSE,Cs,FALSE,,CIUDADANOS-PARTIDO DE LA CIUDADANÍA,Cs,jec_bal_2019_me.pdf,compartido
autonomous_2019_05,2019,Parlament de les Illes Balears,Illes Balears,Menorca,2,JOAN TRIAY LLUCH,Hombre,FALSE,FALSE,Cs,FALSE,,CIUDADANOS-PARTIDO DE LA CIUDADANÍA,Cs,jec_bal_2019_me.pdf,compartido
autonomous_2019_05,2019,Parlament de les Illes Balears,Illes Balears,Menorca,3,MARGARITA ELENA CAPO PONS (Independiente) Núm. 58 30 de abril de 2019 Fascículo 89 - Sec. V. - Pág. 17692,Mujer,FALSE,FALSE,Cs,FALSE,,CIUDADANOS-PARTIDO DE LA CIUDADANÍA,Cs,jec_bal_2019_me.pdf,compartido
autonomous_2019_05,2019,Parlamento de Navarra,Navarra,Navarra,1,JOSE JAVIER ESPARZA ABAURREA - UPN,Hombre,TRUE,TRUE,NAVARRA SUMA,TRUE,"UPN, PP y Ciudadanos",NAVARRA SUMA,R-1,c_nav_2019b.pdf,compartido
autonomous_2019_05,2019,Parlamento de Navarra,Navarra,Navarra,2,MARIA JESUS VALDEMOROS ERRO - UPN,Mujer,TRUE,TRUE,NAVARRA SUMA,TRUE,"UPN, PP y Ciudadanos",NAVARRA SUMA,R-1,c_nav_2019b.pdf,compartido
autonomous_2019_05,2019,Parlamento de Navarra,Navarra,Navarra,3,CARLOS PEREZ NIEVAS LOPEZ DE GOICOECHEA - CIUDADA-,Hombre,TRUE,TRUE,NAVARRA SUMA,TRUE,"UPN, PP y Ciudadanos",NAVARRA SUMA,R-1,c_nav_2019b.pdf,compartido
autonomous_2019_05,2019,Parlamento de Navarra,Navarra,Navarra,4,JOSE SUAREZ BENITO - PP,Hombre,TRUE,TRUE,NAVARRA SUMA,TRUE,"UPN, PP y Ciudadanos",NAVARRA SUMA,R-1,c_nav_2019b.pdf,compartido
autonomous_2019_05,2019,Parlamento de Navarra,Navarra,Navarra,5,YOLANDA IBAÑEZ PEREZ - UPN,Mujer,TRUE,TRUE,NAVARRA SUMA,TRUE,"UPN, PP y Ciudadanos",NAVARRA SUMA,R-1,c_nav_2019b.pdf,compartido
autonomous_2019_05,2019,Parlamento de Navarra,Navarra,Navarra,6,MARTA ALVAREZ ALONSO - UPN,Mujer,TRUE,TRUE,NAVARRA SUMA,TRUE,"UPN, PP y Ciudadanos",NAVARRA SUMA,R-1,c_nav_2019b.pdf,compartido
autonomous_2019_05,2019,Parlamento de Navarra,Navarra,Navarra,7,CRISTINA IBARROLA GUILLEN - UPN,Mujer,TRUE,TRUE,NAVARRA SUMA,TRUE,"UPN, PP y Ciudadanos",NAVARRA SUMA,R-1,c_nav_2019b.pdf,compartido
autonomous_2019_05,2019,Parlamento de Navarra,Navarra,Navarra,8,JORGE ESPARZA GARRIDO - UPN,Hombre,TRUE,TRUE,NAVARRA SUMA,TRUE,"UPN, PP y Ciudadanos",NAVARRA SUMA,R-1,c_nav_2019b.pdf,compartido
autonomous_2019_05,2019,Parlamento de Navarra,Navarra,Navarra,9,IÑAKI IRIARTE LOPEZ - UPN,Hombre,TRUE,TRUE,NAVARRA SUMA,TRUE,"UPN, PP y Ciudadanos",NAVARRA SUMA,R-1,c_nav_2019b.pdf,compartido
autonomous_2019_05,2019,Parlamento de Navarra,Navarra,Navarra,10,JAVIER GARCIA JIMENEZ- PP,Hombre,TRUE,TRUE,NAVARRA SUMA,TRUE,"UPN, PP y Ciudadanos",NAVARRA SUMA,R-1,c_nav_2019b.pdf,compartido
autonomous_2019_05,2019,Parlamento de Navarra,Navarra,Navarra,11,MARIA ISABEL GARCIA MALO - UPN,Mujer,TRUE,TRUE,NAVARRA SUMA,TRUE,"UPN, PP y Ciudadanos",NAVARRA SUMA,R-1,c_nav_2019b.pdf,compartido
autonomous_2019_05,2019,Parlamento de Navarra,Navarra,Navarra,12,PEDRO JOSE GONZALEZ FELIPE - UPN,Hombre,TRUE,TRUE,NAVARRA SUMA,TRUE,"UPN, PP y Ciudadanos",NAVARRA SUMA,R-1,c_nav_2019b.pdf,compartido
autonomous_2019_05,2019,Parlamento de Navarra,Navarra,Navarra,13,ALBERTO BONILLA ZAFRA - CIUDADANOS,Hombre,TRUE,TRUE,NAVARRA SUMA,TRUE,"UPN, PP y Ciudadanos",NAVARRA SUMA,R-1,c_nav_2019b.pdf,compartido
autonomous_2019_05,2019,Parlamento de Navarra,Navarra,Navarra,14,RAQUEL GARBAYO BERDONCES - UPN,Mujer,TRUE,TRUE,NAVARRA SUMA,TRUE,"UPN, PP y Ciudadanos",NAVARRA SUMA,R-1,c_nav_2019b.pdf,compartido
autonomous_2019_05,2019,Parlamento de Navarra,Navarra,Navarra,15,JUAN LUIS SANCHEZ DE MUNIAIN LACASIA - UPN,Hombre,TRUE,TRUE,NAVARRA SUMA,TRUE,"UPN, PP y Ciudadanos",NAVARRA SUMA,R-1,c_nav_2019b.pdf,compartido
autonomous_2019_05,2019,Parlamento de Navarra,Navarra,Navarra,16,MIGUEL BUJANDA CIRAUQUI - UPN,Hombre,TRUE,TRUE,NAVARRA SUMA,TRUE,"UPN, PP y Ciudadanos",NAVARRA SUMA,R-1,c_nav_2019b.pdf,compartido
autonomous_2019_05,2019,Parlamento de Navarra,Navarra,Navarra,17,ISABEL OLAVE BALLARENA - UPN,Mujer,TRUE,TRUE,NAVARRA SUMA,TRUE,"UPN, PP y Ciudadanos",NAVARRA SUMA,R-1,c_nav_2019b.pdf,compartido
autonomous_2019_05,2019,Parlamento de Navarra,Navarra,Navarra,18,FRANCISCO PEREZ ARREGUI - UPN,Hombre,TRUE,TRUE,NAVARRA SUMA,TRUE,"UPN, PP y Ciudadanos",NAVARRA SUMA,R-1,c_nav_2019b.pdf,compartido
autonomous_2019_05,2019,Parlamento de Navarra,Navarra,Navarra,19,MARIA ELENA LLORENTE TRUJILLO - CIUDADANOS,Mujer,TRUE,TRUE,NAVARRA SUMA,TRUE,"UPN, PP y Ciudadanos",NAVARRA SUMA,R-1,c_nav_2019b.pdf,compartido
autonomous_2019_05,2019,Parlamento de Navarra,Navarra,Navarra,20,ANGEL ANSA ECHEGARAY - UPN,Hombre,TRUE,TRUE,NAVARRA SUMA,TRUE,"UPN, PP y Ciudadanos",NAVARRA SUMA,R-1,c_nav_2019b.pdf,compartido
autonomous_2019_05,2019,Parlamento de Navarra,Navarra,Navarra,21,FRANCISCO JAVIER YANGUAS FERNANDEZ - UPN,Hombre,TRUE,FALSE,NAVARRA SUMA,TRUE,"UPN, PP y Ciudadanos",NAVARRA SUMA,R-1,c_nav_2019b.pdf,compartido
autonomous_2019_05,2019,Parlamento de Navarra,Navarra,Navarra,22,AMAYA ORDUÑA ULLATE - UPN,Mujer,TRUE,FALSE,NAVARRA SUMA,TRUE,"UPN, PP y Ciudadanos",NAVARRA SUMA,R-1,c_nav_2019b.pdf,compartido
autonomous_2019_05,2019,Parlamento de Navarra,Navarra,Navarra,23,JOSE ANDRES BURGUETE TORRES - UPN,Hombre,TRUE,FALSE,NAVARRA SUMA,TRUE,"UPN, PP y Ciudadanos",NAVARRA SUMA,R-1,c_nav_2019b.pdf,compartido
autonomous_2019_05,2019,Parlamento de Navarra,Navarra,Navarra,24,ALEJANDRO NESTOR GARCIA MARTINEZ - CIUDADANOS,Hombre,TRUE,FALSE,NAVARRA SUMA,TRUE,"UPN, PP y Ciudadanos",NAVARRA SUMA,R-1,c_nav_2019b.pdf,compartido
autonomous_2019_05,2019,Parlamento de Navarra,Navarra,Navarra,25,CRISTINA PEREZ GONZALEZ (Independiente),Mujer,TRUE,FALSE,NAVARRA SUMA,TRUE,"UPN, PP y Ciudadanos",NAVARRA SUMA,R-1,c_nav_2019b.pdf,compartido
autonomous_2019_05,2019,Parlamento de Navarra,Navarra,Navarra,26,MAURO GOGORCENA AOIZ - UPN,Hombre,TRUE,FALSE,NAVARRA SUMA,TRUE,"UPN, PP y Ciudadanos",NAVARRA SUMA,R-1,c_nav_2019b.pdf,compartido
autonomous_2019_05,2019,Parlamento de Navarra,Navarra,Navarra,27,JUAN FROMMKNECHT LIZARRAGA - UPN,Hombre,TRUE,FALSE,NAVARRA SUMA,TRUE,"UPN, PP y Ciudadanos",NAVARRA SUMA,R-1,c_nav_2019b.pdf,compartido
autonomous_2019_05,2019,Parlamento de Navarra,Navarra,Navarra,28,MARIA CARMEN SEGURA MORENO - UPN,Mujer,TRUE,FALSE,NAVARRA SUMA,TRUE,"UPN, PP y Ciudadanos",NAVARRA SUMA,R-1,c_nav_2019b.pdf,compartido
autonomous_2019_05,2019,Parlamento de Navarra,Navarra,Navarra,29,LUIS CASADO OLIVER - UPN,Hombre,TRUE,FALSE,NAVARRA SUMA,TRUE,"UPN, PP y Ciudadanos",NAVARRA SUMA,R-1,c_nav_2019b.pdf,compartido
autonomous_2019_05,2019,Parlamento de Navarra,Navarra,Navarra,30,ESTEFANIA CLAVERO BELZUNEGUI - UPN,Mujer,TRUE,FALSE,NAVARRA SUMA,TRUE,"UPN, PP y Ciudadanos",NAVARRA SUMA,R-1,c_nav_2019b.pdf,compartido
autonomous_2019_05,2019,Parlamento de Navarra,Navarra,Navarra,31,MAXIMO LOPEZ CARO - UPN,Hombre,TRUE,FALSE,NAVARRA SUMA,TRUE,"UPN, PP y Ciudadanos",NAVARRA SUMA,R-1,c_nav_2019b.pdf,compartido
autonomous_2019_05,2019,Parlamento de Navarra,Navarra,Navarra,32,MARIANO HERRERO IBAÑEZ - UPN,Hombre,TRUE,FALSE,NAVARRA SUMA,TRUE,"UPN, PP y Ciudadanos",NAVARRA SUMA,R-1,c_nav_2019b.pdf,compartido
autonomous_2019_05,2019,Parlamento de Navarra,Navarra,Navarra,33,MARIA ECHAVARRI MIÑANO - UPN,Mujer,TRUE,FALSE,NAVARRA SUMA,TRUE,"UPN, PP y Ciudadanos",NAVARRA SUMA,R-1,c_nav_2019b.pdf,compartido
autonomous_2019_05,2019,Parlamento de Navarra,Navarra,Navarra,34,ARANZAZU ARIAS LEIRO - UPN,Mujer,TRUE,FALSE,NAVARRA SUMA,TRUE,"UPN, PP y Ciudadanos",NAVARRA SUMA,R-1,c_nav_2019b.pdf,compartido
autonomous_2019_05,2019,Parlamento de Navarra,Navarra,Navarra,35,MARTA SOLA JASO - UPN,Mujer,TRUE,FALSE,NAVARRA SUMA,TRUE,"UPN, PP y Ciudadanos",NAVARRA SUMA,R-1,c_nav_2019b.pdf,compartido
autonomous_2019_05,2019,Parlamento de Navarra,Navarra,Navarra,36,FRANCISCO JAVIER PEREZ ARBIOL - UPN,Hombre,TRUE,FALSE,NAVARRA SUMA,TRUE,"UPN, PP y Ciudadanos",NAVARRA SUMA,R-1,c_nav_2019b.pdf,compartido
autonomous_2019_05,2019,Parlamento de Navarra,Navarra,Navarra,37,NURIA DUARTE ALEGRIA - UPN,Mujer,TRUE,FALSE,NAVARRA SUMA,TRUE,"UPN, PP y Ciudadanos",NAVARRA SUMA,R-1,c_nav_2019b.pdf,compartido
autonomous_2019_05,2019,Parlamento de Navarra,Navarra,Navarra,38,SERGIO VITAS AGUIRRE - UPN,Hombre,TRUE,FALSE,NAVARRA SUMA,TRUE,"UPN, PP y Ciudadanos",NAVARRA SUMA,R-1,c_nav_2019b.pdf,compartido
autonomous_2019_05,2019,Parlamento de Navarra,Navarra,Navarra,39,MARIA DEL CARMEN MIÑES ZUECO - UPN,Mujer,TRUE,FALSE,NAVARRA SUMA,TRUE,"UPN, PP y Ciudadanos",NAVARRA SUMA,R-1,c_nav_2019b.pdf,compartido
autonomous_2019_05,2019,Parlamento de Navarra,Navarra,Navarra,40,LUIS ENRIQUE DE LA CALLE MORENO - UPN,Hombre,TRUE,FALSE,NAVARRA SUMA,TRUE,"UPN, PP y Ciudadanos",NAVARRA SUMA,R-1,c_nav_2019b.pdf,compartido
autonomous_2019_05,2019,Parlamento de Navarra,Navarra,Navarra,41,ISELA RODRIGUEZ ARRIAZU - UPN,Mujer,TRUE,FALSE,NAVARRA SUMA,TRUE,"UPN, PP y Ciudadanos",NAVARRA SUMA,R-1,c_nav_2019b.pdf,compartido
autonomous_2019_05,2019,Parlamento de Navarra,Navarra,Navarra,42,JAVIER LOPEZ PATUS - UPN,Hombre,TRUE,FALSE,NAVARRA SUMA,TRUE,"UPN, PP y Ciudadanos",NAVARRA SUMA,R-1,c_nav_2019b.pdf,compartido
autonomous_2019_05,2019,Parlamento de Navarra,Navarra,Navarra,43,JOSEFINA POZO SILANES - UPN,Mujer,TRUE,FALSE,NAVARRA SUMA,TRUE,"UPN, PP y Ciudadanos",NAVARRA SUMA,R-1,c_nav_2019b.pdf,compartido
autonomous_2019_05,2019,Parlamento de Navarra,Navarra,Navarra,44,FELIX VERANO ELVIRA - UPN,Hombre,TRUE,FALSE,NAVARRA SUMA,TRUE,"UPN, PP y Ciudadanos",NAVARRA SUMA,R-1,c_nav_2019b.pdf,compartido
autonomous_2019_05,2019,Parlamento de Navarra,Navarra,Navarra,45,JUAN JOSE GONZALEZ ITURRI - UPN,Hombre,TRUE,FALSE,NAVARRA SUMA,TRUE,"UPN, PP y Ciudadanos",NAVARRA SUMA,R-1,c_nav_2019b.pdf,compartido
autonomous_2019_05,2019,Parlamento de Navarra,Navarra,Navarra,46,MARTIN ARRAIZA SALINAS - UPN,Hombre,TRUE,FALSE,NAVARRA SUMA,TRUE,"UPN, PP y Ciudadanos",NAVARRA SUMA,R-1,c_nav_2019b.pdf,compartido
autonomous_2019_05,2019,Parlamento de Navarra,Navarra,Navarra,47,ROCIO VENTURA CORROZA - UPN,Mujer,TRUE,FALSE,NAVARRA SUMA,TRUE,"UPN, PP y Ciudadanos",NAVARRA SUMA,R-1,c_nav_2019b.pdf,compartido
autonomous_2019_05,2019,Parlamento de Navarra,Navarra,Navarra,48,GEMMA GARRO BENITO - UPN,Mujer,TRUE,FALSE,NAVARRA SUMA,TRUE,"UPN, PP y Ciudadanos",NAVARRA SUMA,R-1,c_nav_2019b.pdf,compartido
autonomous_2019_05,2019,Parlamento de Navarra,Navarra,Navarra,49,CRISTINA MARTINEZ DAWE - UPN,Mujer,TRUE,FALSE,NAVARRA SUMA,TRUE,"UPN, PP y Ciudadanos",NAVARRA SUMA,R-1,c_nav_2019b.pdf,compartido
autonomous_2019_05,2019,Parlamento de Navarra,Navarra,Navarra,50,LUIS MARIA IRIARTE LARUMBE - UPN,Hombre,TRUE,FALSE,NAVARRA SUMA,TRUE,"UPN, PP y Ciudadanos",NAVARRA SUMA,R-1,c_nav_2019b.pdf,compartido
autonomous_2019_05,2019,Parlamento de Navarra,Navarra,Navarra,1,JOSEBA ASIRON SAEZ,Hombre,FALSE,FALSE,NAVARRA SUMA,TRUE,"UPN, PP y Ciudadanos",NAVARRA SUMA,R-1,c_nav_2019b.pdf,compartido
autonomous_2019_05,2019,Parlamento de Navarra,Navarra,Navarra,2,AMETS INDA GORRIARAN,,FALSE,FALSE,NAVARRA SUMA,TRUE,"UPN, PP y Ciudadanos",NAVARRA SUMA,R-1,c_nav_2019b.pdf,compartido
autonomous_2019_05,2019,Parlamento de Navarra,Navarra,Navarra,3,KOLDO AMEZQUETA DIAZ,Hombre,FALSE,FALSE,NAVARRA SUMA,TRUE,"UPN, PP y Ciudadanos",NAVARRA SUMA,R-1,c_nav_2019b.pdf,compartido
autonomous_2019_05,2019,Junta General del Principado de Asturias,Asturias,Occidente,1,Fermín Rincón Palomino,Hombre,TRUE,FALSE,Cs,FALSE,,CIUDADANOS-PARTIDO DE LA CIUDADANÍA,Cs,jec_ast_2019.pdf,compartido
autonomous_2019_05,2019,Junta General del Principado de Asturias,Asturias,Occidente,2,Juan José Fernández Bermúdez,Hombre,TRUE,FALSE,Cs,FALSE,,CIUDADANOS-PARTIDO DE LA CIUDADANÍA,Cs,jec_ast_2019.pdf,compartido
autonomous_2019_05,2019,Junta General del Principado de Asturias,Asturias,Occidente,3,María Pilar Martínez Rodríguez,Mujer,TRUE,FALSE,Cs,FALSE,,CIUDADANOS-PARTIDO DE LA CIUDADANÍA,Cs,jec_ast_2019.pdf,compartido
autonomous_2019_05,2019,Junta General del Principado de Asturias,Asturias,Occidente,4,María del Mar Turatti Ruiz,Mujer,TRUE,FALSE,Cs,FALSE,,CIUDADANOS-PARTIDO DE LA CIUDADANÍA,Cs,jec_ast_2019.pdf,compartido
autonomous_2019_05,2019,Junta General del Principado de Asturias,Asturias,Occidente,5,Raquel Fernández Borra,Mujer,TRUE,FALSE,Cs,FALSE,,CIUDADANOS-PARTIDO DE LA CIUDADANÍA,Cs,jec_ast_2019.pdf,compartido
autonomous_2019_05,2019,Junta General del Principado de Asturias,Asturias,Occidente,6,Eduardo Ceferino Noriega Santos,Hombre,TRUE,FALSE,Cs,FALSE,,CIUDADANOS-PARTIDO DE LA CIUDADANÍA,Cs,jec_ast_2019.pdf,compartido
autonomous_2019_05,2019,Junta General del Principado de Asturias,Asturias,Occidente,1,Juan José Garaot López,Hombre,FALSE,FALSE,Cs,FALSE,,CIUDADANOS-PARTIDO DE LA CIUDADANÍA,Cs,jec_ast_2019.pdf,compartido
autonomous_2019_05,2019,Junta General del Principado de Asturias,Asturias,Occidente,2,Paulino Rodríguez Blanco,Hombre,FALSE,FALSE,Cs,FALSE,,CIUDADANOS-PARTIDO DE LA CIUDADANÍA,Cs,jec_ast_2019.pdf,compartido
autonomous_2019_05,2019,Junta General del Principado de Asturias,Asturias,Occidente,3,María Andrea Nogueira Feito,Mujer,FALSE,FALSE,Cs,FALSE,,CIUDADANOS-PARTIDO DE LA CIUDADANÍA,Cs,jec_ast_2019.pdf,compartido
autonomous_2019_05,2019,Junta General del Principado de Asturias,Asturias,Oriente,1,Rosario Montserrat Fernández Román,Mujer,TRUE,FALSE,Cs,FALSE,,CIUDADANOS-PARTIDO DE LA CIUDADANÍA,Cs,jec_ast_2019.pdf,compartido
autonomous_2019_05,2019,Junta General del Principado de Asturias,Asturias,Oriente,2,José Antonio Sánchez Cueto,Hombre,TRUE,FALSE,Cs,FALSE,,CIUDADANOS-PARTIDO DE LA CIUDADANÍA,Cs,jec_ast_2019.pdf,compartido
autonomous_2019_05,2019,Junta General del Principado de Asturias,Asturias,Oriente,3,Emilia Esther de la Maza Fernández,Mujer,TRUE,FALSE,Cs,FALSE,,CIUDADANOS-PARTIDO DE LA CIUDADANÍA,Cs,jec_ast_2019.pdf,compartido
autonomous_2019_05,2019,Junta General del Principado de Asturias,Asturias,Oriente,4,Angel José Sarrapio Borbolla,Hombre,TRUE,FALSE,Cs,FALSE,,CIUDADANOS-PARTIDO DE LA CIUDADANÍA,Cs,jec_ast_2019.pdf,compartido
autonomous_2019_05,2019,Junta General del Principado de Asturias,Asturias,Oriente,5,Lucía García Roza,Mujer,TRUE,FALSE,Cs,FALSE,,CIUDADANOS-PARTIDO DE LA CIUDADANÍA,Cs,jec_ast_2019.pdf,compartido
autonomous_2019_05,2019,Junta General del Principado de Asturias,Asturias,Oriente,1,Juan José Rodríguez Sampedro,Hombre,FALSE,FALSE,Cs,FALSE,,CIUDADANOS-PARTIDO DE LA CIUDADANÍA,Cs,jec_ast_2019.pdf,compartido
autonomous_2019_05,2019,Junta General del Principado de Asturias,Asturias,Oriente,2,Consuelo de Abajo Falagán,Mujer,FALSE,FALSE,Cs,FALSE,,CIUDADANOS-PARTIDO DE LA CIUDADANÍA,Cs,jec_ast_2019.pdf,compartido
autonomous_2019_05,2019,Junta General del Principado de Asturias,Asturias,Oriente,3,Juan Carlos Lorenzo Villanueva,Hombre,FALSE,FALSE,Cs,FALSE,,CIUDADANOS-PARTIDO DE LA CIUDADANÍA,Cs,jec_ast_2019.pdf,compartido
autonomous_2019_05,2019,Cortes de Castilla y León,Castilla y Leon,Palencia,1,JUAN PABLO IZQUIERDO FERNANDEZ,Hombre,TRUE,TRUE,Cs,FALSE,,CIUDADANOS-PARTIDO DE LA CIUDADANIA,Cs,jec_cyl_2019.pdf,compartido
autonomous_2019_05,2019,Cortes de Castilla y León,Castilla y Leon,Palencia,2,MIGUEL ANGEL GATON GARCIA,Hombre,TRUE,FALSE,Cs,FALSE,,CIUDADANOS-PARTIDO DE LA CIUDADANIA,Cs,jec_cyl_2019.pdf,compartido
autonomous_2019_05,2019,Cortes de Castilla y León,Castilla y Leon,Palencia,3,ALBA PRISCILA BERMEJO SANTOS,Mujer,TRUE,FALSE,Cs,FALSE,,CIUDADANOS-PARTIDO DE LA CIUDADANIA,Cs,jec_cyl_2019.pdf,compartido
autonomous_2019_05,2019,Cortes de Castilla y León,Castilla y Leon,Palencia,4,MARIA DOLORES URUEÑA GARCIA,Mujer,TRUE,FALSE,Cs,FALSE,,CIUDADANOS-PARTIDO DE LA CIUDADANIA,Cs,jec_cyl_2019.pdf,compartido
autonomous_2019_05,2019,Cortes de Castilla y León,Castilla y Leon,Palencia,5,JESUS MARIA DE HOYOS ANDRES,Hombre,TRUE,FALSE,Cs,FALSE,,CIUDADANOS-PARTIDO DE LA CIUDADANIA,Cs,jec_cyl_2019.pdf,compartido
autonomous_2019_05,2019,Cortes de Castilla y León,Castilla y Leon,Palencia,6,SONIA LOMAS ABAD,Mujer,TRUE,FALSE,Cs,FALSE,,CIUDADANOS-PARTIDO DE LA CIUDADANIA,Cs,jec_cyl_2019.pdf,compartido
autonomous_2019_05,2019,Cortes de Castilla y León,Castilla y Leon,Palencia,7,JESUS ENRIQUE MORALEJO GONZALEZ,Hombre,TRUE,FALSE,Cs,FALSE,,CIUDADANOS-PARTIDO DE LA CIUDADANIA,Cs,jec_cyl_2019.pdf,compartido
autonomous_2019_05,2019,Cortes de Castilla y León,Castilla y Leon,Palencia,1,JUAN CRUZ VIDAL CARAZO,Hombre,FALSE,FALSE,Cs,FALSE,,CIUDADANOS-PARTIDO DE LA CIUDADANIA,Cs,jec_cyl_2019.pdf,compartido
autonomous_2019_05,2019,Cortes de Castilla y León,Castilla y Leon,Palencia,2,MARIA FRANCISCA PEÑA DE LA HERA,Mujer,FALSE,FALSE,Cs,FALSE,,CIUDADANOS-PARTIDO DE LA CIUDADANIA,Cs,jec_cyl_2019.pdf,compartido
autonomous_2019_05,2019,Cortes de Castilla y León,Castilla y Leon,Palencia,3,BLANCA CRIADO ESPEGEL,Mujer,FALSE,FALSE,Cs,FALSE,,CIUDADANOS-PARTIDO DE LA CIUDADANIA,Cs,jec_cyl_2019.pdf,compartido
autonomous_2019_05,2019,Asamblea Regional de Murcia,Murcia,Región de Murcia,1,María Isabel Franco Sánchez,Mujer,TRUE,TRUE,Cs,FALSE,,CIUDADANOS-PARTIDO DE LA CIUDADANÍA,Cs,jec_mur_2019.pdf,compartido
autonomous_2019_05,2019,Asamblea Regional de Murcia,Murcia,Región de Murcia,2,Juan José Molina Gallardo,Hombre,TRUE,TRUE,Cs,FALSE,,CIUDADANOS-PARTIDO DE LA CIUDADANÍA,Cs,jec_mur_2019.pdf,compartido
autonomous_2019_05,2019,Asamblea Regional de Murcia,Murcia,Región de Murcia,3,Ana Martínez Vidal,Mujer,TRUE,TRUE,Cs,FALSE,,CIUDADANOS-PARTIDO DE LA CIUDADANÍA,Cs,jec_mur_2019.pdf,compartido
autonomous_2019_05,2019,Asamblea Regional de Murcia,Murcia,Región de Murcia,4,Alberto Castillo Baños (Independiente),Hombre,TRUE,TRUE,Cs,FALSE,,CIUDADANOS-PARTIDO DE LA CIUDADANÍA,Cs,jec_mur_2019.pdf,compartido
autonomous_2019_05,2019,Asamblea Regional de Murcia,Murcia,Región de Murcia,5,María del Valle Miguelez Santiago,Mujer,TRUE,TRUE,Cs,FALSE,,CIUDADANOS-PARTIDO DE LA CIUDADANÍA,Cs,jec_mur_2019.pdf,compartido
autonomous_2019_05,2019,Asamblea Regional de Murcia,Murcia,Región de Murcia,6,Francisco Álvarez García,Hombre,TRUE,TRUE,Cs,FALSE,,CIUDADANOS-PARTIDO DE LA CIUDADANÍA,Cs,jec_mur_2019.pdf,compartido
autonomous_2019_05,2019,Asamblea Regional de Murcia,Murcia,Región de Murcia,7,Antonio Sánchez Lorente,Hombre,TRUE,FALSE,Cs,FALSE,,CIUDADANOS-PARTIDO DE LA CIUDADANÍA,Cs,jec_mur_2019.pdf,compartido
autonomous_2019_05,2019,Asamblea Regional de Murcia,Murcia,Región de Murcia,8,Elena García Quiñones,Mujer,TRUE,FALSE,Cs,FALSE,,CIUDADANOS-PARTIDO DE LA CIUDADANÍA,Cs,jec_mur_2019.pdf,compartido
autonomous_2019_05,2019,Asamblea Regional de Murcia,Murcia,Región de Murcia,9,Francisco Javier Gil Martí,Hombre,TRUE,FALSE,Cs,FALSE,,CIUDADANOS-PARTIDO DE LA CIUDADANÍA,Cs,jec_mur_2019.pdf,compartido
autonomous_2019_05,2019,Asamblea Regional de Murcia,Murcia,Región de Murcia,10,María Amoraga Chereguini,Mujer,TRUE,FALSE,Cs,FALSE,,CIUDADANOS-PARTIDO DE LA CIUDADANÍA,Cs,jec_mur_2019.pdf,compartido
autonomous_2019_05,2019,Asamblea Regional de Murcia,Murcia,Región de Murcia,11,Carlos Peñafiel Hernández,Hombre,TRUE,FALSE,Cs,FALSE,,CIUDADANOS-PARTIDO DE LA CIUDADANÍA,Cs,jec_mur_2019.pdf,compartido
autonomous_2019_05,2019,Asamblea Regional de Murcia,Murcia,Región de Murcia,12,Sonia Moreno Martínez,Mujer,TRUE,FALSE,Cs,FALSE,,CIUDADANOS-PARTIDO DE LA CIUDADANÍA,Cs,jec_mur_2019.pdf,compartido
autonomous_2019_05,2019,Asamblea Regional de Murcia,Murcia,Región de Murcia,13,Rosa Ana Pacios Fernández,Mujer,TRUE,FALSE,Cs,FALSE,,CIUDADANOS-PARTIDO DE LA CIUDADANÍA,Cs,jec_mur_2019.pdf,compartido
autonomous_2019_05,2019,Asamblea Regional de Murcia,Murcia,Región de Murcia,14,Ana Isabel Pujante Rosique,Mujer,TRUE,FALSE,Cs,FALSE,,CIUDADANOS-PARTIDO DE LA CIUDADANÍA,Cs,jec_mur_2019.pdf,compartido
autonomous_2019_05,2019,Asamblea Regional de Murcia,Murcia,Región de Murcia,15,Robert Bernardo Pocklington Freakley,Hombre,TRUE,FALSE,Cs,FALSE,,CIUDADANOS-PARTIDO DE LA CIUDADANÍA,Cs,jec_mur_2019.pdf,compartido
autonomous_2019_05,2019,Asamblea Regional de Murcia,Murcia,Región de Murcia,16,Cristóbal Vogumil Abellán De la Rosa,Hombre,TRUE,FALSE,Cs,FALSE,,CIUDADANOS-PARTIDO DE LA CIUDADANÍA,Cs,jec_mur_2019.pdf,compartido
autonomous_2019_05,2019,Asamblea Regional de Murcia,Murcia,Región de Murcia,17,Carmen María Velasco Martínez,Mujer,TRUE,FALSE,Cs,FALSE,,CIUDADANOS-PARTIDO DE LA CIUDADANÍA,Cs,jec_mur_2019.pdf,compartido
autonomous_2019_05,2019,Asamblea Regional de Murcia,Murcia,Región de Murcia,18,María Ángeles Egea Gilabert,Mujer,TRUE,FALSE,Cs,FALSE,,CIUDADANOS-PARTIDO DE LA CIUDADANÍA,Cs,jec_mur_2019.pdf,compartido
autonomous_2019_05,2019,Asamblea Regional de Murcia,Murcia,Región de Murcia,19,Andrés Alberto Álvarez de Cienfuegos Goicoechea,Hombre,TRUE,FALSE,Cs,FALSE,,CIUDADANOS-PARTIDO DE LA CIUDADANÍA,Cs,jec_mur_2019.pdf,compartido
autonomous_2019_05,2019,Asamblea Regional de Murcia,Murcia,Región de Murcia,20,Adrián Ariel Zittelli Ferrari,Hombre,TRUE,FALSE,Cs,FALSE,,CIUDADANOS-PARTIDO DE LA CIUDADANÍA,Cs,jec_mur_2019.pdf,compartido
autonomous_2019_05,2019,Asamblea Regional de Murcia,Murcia,Región de Murcia,21,Antonio Murcia Montejano,Hombre,TRUE,FALSE,Cs,FALSE,,CIUDADANOS-PARTIDO DE LA CIUDADANÍA,Cs,jec_mur_2019.pdf,compartido
autonomous_2019_05,2019,Asamblea Regional de Murcia,Murcia,Región de Murcia,22,Eduardo Cano Jaen,Hombre,TRUE,FALSE,Cs,FALSE,,CIUDADANOS-PARTIDO DE LA CIUDADANÍA,Cs,jec_mur_2019.pdf,compartido
autonomous_2019_05,2019,Asamblea Regional de Murcia,Murcia,Región de Murcia,23,Carmen María Hernández Hernández,Mujer,TRUE,FALSE,Cs,FALSE,,CIUDADANOS-PARTIDO DE LA CIUDADANÍA,Cs,jec_mur_2019.pdf,compartido
autonomous_2019_05,2019,Asamblea Regional de Murcia,Murcia,Región de Murcia,24,María Dolores Sánchez-Rex Campillo,Mujer,TRUE,FALSE,Cs,FALSE,,CIUDADANOS-PARTIDO DE LA CIUDADANÍA,Cs,jec_mur_2019.pdf,compartido
autonomous_2019_05,2019,Asamblea Regional de Murcia,Murcia,Región de Murcia,25,Ana Belén Carmona Salmerón,Mujer,TRUE,FALSE,Cs,FALSE,,CIUDADANOS-PARTIDO DE LA CIUDADANÍA,Cs,jec_mur_2019.pdf,compartido
autonomous_2019_05,2019,Asamblea Regional de Murcia,Murcia,Región de Murcia,26,José López Mellado,Hombre,TRUE,FALSE,Cs,FALSE,,CIUDADANOS-PARTIDO DE LA CIUDADANÍA,Cs,jec_mur_2019.pdf,compartido
autonomous_2019_05,2019,Asamblea Regional de Murcia,Murcia,Región de Murcia,27,Diego Barnuevo Ruiz,Hombre,TRUE,FALSE,Cs,FALSE,,CIUDADANOS-PARTIDO DE LA CIUDADANÍA,Cs,jec_mur_2019.pdf,compartido
autonomous_2019_05,2019,Asamblea Regional de Murcia,Murcia,Región de Murcia,28,Elena Olmos Legaz,Mujer,TRUE,FALSE,Cs,FALSE,,CIUDADANOS-PARTIDO DE LA CIUDADANÍA,Cs,jec_mur_2019.pdf,compartido
autonomous_2019_05,2019,Asamblea Regional de Murcia,Murcia,Región de Murcia,29,María de los Ángeles Rosique Gómez,Mujer,TRUE,FALSE,Cs,FALSE,,CIUDADANOS-PARTIDO DE LA CIUDADANÍA,Cs,jec_mur_2019.pdf,compartido
autonomous_2019_05,2019,Asamblea Regional de Murcia,Murcia,Región de Murcia,30,Ángel Navarro Pagán,Hombre,TRUE,FALSE,Cs,FALSE,,CIUDADANOS-PARTIDO DE LA CIUDADANÍA,Cs,jec_mur_2019.pdf,compartido
autonomous_2019_05,2019,Asamblea Regional de Murcia,Murcia,Región de Murcia,31,Francisco Antonio Sabater Martínez,Hombre,TRUE,FALSE,Cs,FALSE,,CIUDADANOS-PARTIDO DE LA CIUDADANÍA,Cs,jec_mur_2019.pdf,compartido
autonomous_2019_05,2019,Asamblea Regional de Murcia,Murcia,Región de Murcia,32,Carmen Riansares López García,Mujer,TRUE,FALSE,Cs,FALSE,,CIUDADANOS-PARTIDO DE LA CIUDADANÍA,Cs,jec_mur_2019.pdf,compartido
autonomous_2019_05,2019,Asamblea Regional de Murcia,Murcia,Región de Murcia,33,María Pilar Jiménez Guillén,Mujer,TRUE,FALSE,Cs,FALSE,,CIUDADANOS-PARTIDO DE LA CIUDADANÍA,Cs,jec_mur_2019.pdf,compartido
autonomous_2019_05,2019,Asamblea Regional de Murcia,Murcia,Región de Murcia,34,María José Alcaraz García,Mujer,TRUE,FALSE,Cs,FALSE,,CIUDADANOS-PARTIDO DE LA CIUDADANÍA,Cs,jec_mur_2019.pdf,compartido
autonomous_2019_05,2019,Asamblea Regional de Murcia,Murcia,Región de Murcia,35,José Carlos Navarro Palomino,Hombre,TRUE,FALSE,Cs,FALSE,,CIUDADANOS-PARTIDO DE LA CIUDADANÍA,Cs,jec_mur_2019.pdf,compartido
autonomous_2019_05,2019,Asamblea Regional de Murcia,Murcia,Región de Murcia,36,Pedro Antonio Gil Martínez,Hombre,TRUE,FALSE,Cs,FALSE,,CIUDADANOS-PARTIDO DE LA CIUDADANÍA,Cs,jec_mur_2019.pdf,compartido
autonomous_2019_05,2019,Asamblea Regional de Murcia,Murcia,Región de Murcia,37,Agueda María Meca Saura,Mujer,TRUE,FALSE,Cs,FALSE,,CIUDADANOS-PARTIDO DE LA CIUDADANÍA,Cs,jec_mur_2019.pdf,compartido
autonomous_2019_05,2019,Asamblea Regional de Murcia,Murcia,Región de Murcia,38,María José Díaz Paredes,Mujer,TRUE,FALSE,Cs,FALSE,,CIUDADANOS-PARTIDO DE LA CIUDADANÍA,Cs,jec_mur_2019.pdf,compartido
autonomous_2019_05,2019,Asamblea Regional de Murcia,Murcia,Región de Murcia,39,Francisco Octavio García Álvarez,Hombre,TRUE,FALSE,Cs,FALSE,,CIUDADANOS-PARTIDO DE LA CIUDADANÍA,Cs,jec_mur_2019.pdf,compartido
autonomous_2019_05,2019,Asamblea Regional de Murcia,Murcia,Región de Murcia,40,José Ignacio Martínez Arana,Hombre,TRUE,FALSE,Cs,FALSE,,CIUDADANOS-PARTIDO DE LA CIUDADANÍA,Cs,jec_mur_2019.pdf,compartido
autonomous_2019_05,2019,Asamblea Regional de Murcia,Murcia,Región de Murcia,41,Roberto Moreno Del Amo,Hombre,TRUE,FALSE,Cs,FALSE,,CIUDADANOS-PARTIDO DE LA CIUDADANÍA,Cs,jec_mur_2019.pdf,compartido
autonomous_2019_05,2019,Asamblea Regional de Murcia,Murcia,Región de Murcia,42,Rafaela Manzano Menchón,Mujer,TRUE,FALSE,Cs,FALSE,,CIUDADANOS-PARTIDO DE LA CIUDADANÍA,Cs,jec_mur_2019.pdf,compartido
autonomous_2019_05,2019,Asamblea Regional de Murcia,Murcia,Región de Murcia,43,Silvia Pérez Giménez,Mujer,TRUE,FALSE,Cs,FALSE,,CIUDADANOS-PARTIDO DE LA CIUDADANÍA,Cs,jec_mur_2019.pdf,compartido
autonomous_2019_05,2019,Asamblea Regional de Murcia,Murcia,Región de Murcia,44,María Paz Sánchez Ruiz,Mujer,TRUE,FALSE,Cs,FALSE,,CIUDADANOS-PARTIDO DE LA CIUDADANÍA,Cs,jec_mur_2019.pdf,compartido
autonomous_2019_05,2019,Asamblea Regional de Murcia,Murcia,Región de Murcia,45,Miguel Hernández Fernández,Hombre,TRUE,FALSE,Cs,FALSE,,CIUDADANOS-PARTIDO DE LA CIUDADANÍA,Cs,jec_mur_2019.pdf,compartido
autonomous_2019_05,2019,Asamblea Regional de Murcia,Murcia,Región de Murcia,1,Jorge Fenor Fuentes,Hombre,FALSE,FALSE,Cs,FALSE,,CIUDADANOS-PARTIDO DE LA CIUDADANÍA,Cs,jec_mur_2019.pdf,compartido
autonomous_2019_05,2019,Asamblea Regional de Murcia,Murcia,Región de Murcia,2,Cristina Sánchez Angulo,Mujer,FALSE,FALSE,Cs,FALSE,,CIUDADANOS-PARTIDO DE LA CIUDADANÍA,Cs,jec_mur_2019.pdf,compartido
autonomous_2019_05,2019,Asamblea Regional de Murcia,Murcia,Región de Murcia,3,José María Larrosa Morales NPE: A-300419-2579 Número 98,Hombre,FALSE,FALSE,Cs,FALSE,,CIUDADANOS-PARTIDO DE LA CIUDADANÍA,Cs,jec_mur_2019.pdf,compartido
autonomous_2019_05,2019,Cortes de Castilla y León,Castilla y Leon,Salamanca,1,DAVID CASTAÑO SEQUEROS,Hombre,TRUE,TRUE,Cs,FALSE,,CIUDADANOS-PARTIDO DE LA CIUDADANIA,Cs,jec_cyl_2019.pdf,compartido
autonomous_2019_05,2019,Cortes de Castilla y León,Castilla y Leon,Salamanca,2,MARÍA MONTERO CARRASCO,Mujer,TRUE,TRUE,Cs,FALSE,,CIUDADANOS-PARTIDO DE LA CIUDADANIA,Cs,jec_cyl_2019.pdf,compartido
autonomous_2019_05,2019,Cortes de Castilla y León,Castilla y Leon,Salamanca,3,GEMMA MARCOS MARTÍN,Mujer,TRUE,FALSE,Cs,FALSE,,CIUDADANOS-PARTIDO DE LA CIUDADANIA,Cs,jec_cyl_2019.pdf,compartido
autonomous_2019_05,2019,Cortes de Castilla y León,Castilla y Leon,Salamanca,4,CARLOS PEDRAZ MARTÍN,Hombre,TRUE,FALSE,Cs,FALSE,,CIUDADANOS-PARTIDO DE LA CIUDADANIA,Cs,jec_cyl_2019.pdf,compartido
autonomous_2019_05,2019,Cortes de Castilla y León,Castilla y Leon,Salamanca,5,MARÍA OLGA VOCES VOCES,Mujer,TRUE,FALSE,Cs,FALSE,,CIUDADANOS-PARTIDO DE LA CIUDADANIA,Cs,jec_cyl_2019.pdf,compartido
autonomous_2019_05,2019,Cortes de Castilla y León,Castilla y Leon,Salamanca,6,SERGIO JIMÉNEZ HERNÁNDEZ,Hombre,TRUE,FALSE,Cs,FALSE,,CIUDADANOS-PARTIDO DE LA CIUDADANIA,Cs,jec_cyl_2019.pdf,compartido
autonomous_2019_05,2019,Cortes de Castilla y León,Castilla y Leon,Salamanca,7,MARÍA FRANCISCA ANDRÉS MARTÍN,Mujer,TRUE,FALSE,Cs,FALSE,,CIUDADANOS-PARTIDO DE LA CIUDADANIA,Cs,jec_cyl_2019.pdf,compartido
autonomous_2019_05,2019,Cortes de Castilla y León,Castilla y Leon,Salamanca,8,MARÍA ESTHER SANTIAGO GONZÁLEZ,Mujer,TRUE,FALSE,Cs,FALSE,,CIUDADANOS-PARTIDO DE LA CIUDADANIA,Cs,jec_cyl_2019.pdf,compartido
autonomous_2019_05,2019,Cortes de Castilla y León,Castilla y Leon,Salamanca,9,TOMÁS HIDALGO VICENTE,Hombre,TRUE,FALSE,Cs,FALSE,,CIUDADANOS-PARTIDO DE LA CIUDADANIA,Cs,jec_cyl_2019.pdf,compartido
autonomous_2019_05,2019,Cortes de Castilla y León,Castilla y Leon,Salamanca,10,ABEL CELSO GARCÍA MARTÍN,Hombre,TRUE,FALSE,Cs,FALSE,,CIUDADANOS-PARTIDO DE LA CIUDADANIA,Cs,jec_cyl_2019.pdf,compartido
autonomous_2019_05,2019,Cortes de Castilla y León,Castilla y Leon,Salamanca,1,JOSEFA MANUELA CUESTA RAMOS,Mujer,FALSE,FALSE,Cs,FALSE,,CIUDADANOS-PARTIDO DE LA CIUDADANIA,Cs,jec_cyl_2019.pdf,compartido
autonomous_2019_05,2019,Cortes de Castilla y León,Castilla y Leon,Salamanca,2,CÁNDIDO PERALTA COTAN,Hombre,FALSE,FALSE,Cs,FALSE,,CIUDADANOS-PARTIDO DE LA CIUDADANIA,Cs,jec_cyl_2019.pdf,compartido
autonomous_2019_05,2019,Cortes de Castilla y León,Castilla y Leon,Salamanca,3,BEATRIZ MARTÍN SÁNCHEZ,Mujer,FALSE,FALSE,Cs,FALSE,,CIUDADANOS-PARTIDO DE LA CIUDADANIA,Cs,jec_cyl_2019.pdf,compartido
autonomous_2019_05,2019,Cortes de Castilla y León,Castilla y Leon,Segovia,1,MARTA SANZ GILMARTIN,Mujer,TRUE,TRUE,Cs,FALSE,,CIUDADANOS-PARTIDO DE LA CIUDADANIA,Cs,jec_cyl_2019.pdf,compartido
autonomous_2019_05,2019,Cortes de Castilla y León,Castilla y Leon,Segovia,2,ALBERTO MAROTO SANTIUSTE,Hombre,TRUE,FALSE,Cs,FALSE,,CIUDADANOS-PARTIDO DE LA CIUDADANIA,Cs,jec_cyl_2019.pdf,compartido
autonomous_2019_05,2019,Cortes de Castilla y León,Castilla y Leon,Segovia,3,TAMARA AYUSO ROBLEDO,Mujer,TRUE,FALSE,Cs,FALSE,,CIUDADANOS-PARTIDO DE LA CIUDADANIA,Cs,jec_cyl_2019.pdf,compartido
autonomous_2019_05,2019,Cortes de Castilla y León,Castilla y Leon,Segovia,4,CARLOS AVELLON CALVO,Hombre,TRUE,FALSE,Cs,FALSE,,CIUDADANOS-PARTIDO DE LA CIUDADANIA,Cs,jec_cyl_2019.pdf,compartido
autonomous_2019_05,2019,Cortes de Castilla y León,Castilla y Leon,Segovia,5,SARA ISABEL DIEZ SALGADO,Mujer,TRUE,FALSE,Cs,FALSE,,CIUDADANOS-PARTIDO DE LA CIUDADANIA,Cs,jec_cyl_2019.pdf,compartido
autonomous_2019_05,2019,Cortes de Castilla y León,Castilla y Leon,Segovia,6,LUIS MARIANO ORTIZ ESTEBAN,Hombre,TRUE,FALSE,Cs,FALSE,,CIUDADANOS-PARTIDO DE LA CIUDADANIA,Cs,jec_cyl_2019.pdf,compartido
autonomous_2019_05,2019,Cortes de Castilla y León,Castilla y Leon,Segovia,1,SANTIAGO GANCEDO BARANDA,Hombre,FALSE,FALSE,Cs,FALSE,,CIUDADANOS-PARTIDO DE LA CIUDADANIA,Cs,jec_cyl_2019.pdf,compartido
autonomous_2019_05,2019,Cortes de Castilla y León,Castilla y Leon,Segovia,2,LAURA HERRERA GARCIA,Mujer,FALSE,FALSE,Cs,FALSE,,CIUDADANOS-PARTIDO DE LA CIUDADANIA,Cs,jec_cyl_2019.pdf,compartido
autonomous_2019_05,2019,Cortes de Castilla y León,Castilla y Leon,Segovia,3,LUIS PEROMINGO ESTEBAN,Hombre,FALSE,FALSE,Cs,FALSE,,CIUDADANOS-PARTIDO DE LA CIUDADANIA,Cs,jec_cyl_2019.pdf,compartido
autonomous_2019_05,2019,Cortes de Castilla y León,Castilla y Leon,Soria,1,MARIA BELEN REDONDO ORTIZ,Mujer,TRUE,FALSE,Cs,FALSE,,CIUDADANOS-PARTIDO DE LA CIUDADANIA,Cs,jec_cyl_2019.pdf,compartido
autonomous_2019_05,2019,Cortes de Castilla y León,Castilla y Leon,Soria,2,JOSE LUIS ALONSO SANZ,Hombre,TRUE,FALSE,Cs,FALSE,,CIUDADANOS-PARTIDO DE LA CIUDADANIA,Cs,jec_cyl_2019.pdf,compartido
autonomous_2019_05,2019,Cortes de Castilla y León,Castilla y Leon,Soria,3,EDUARDO DE SIMON MIGUEL,Hombre,TRUE,FALSE,Cs,FALSE,,CIUDADANOS-PARTIDO DE LA CIUDADANIA,Cs,jec_cyl_2019.pdf,compartido
autonomous_2019_05,2019,Cortes de Castilla y León,Castilla y Leon,Soria,4,MARIA CARMEN MARCOS ALONSO,Mujer,TRUE,FALSE,Cs,FALSE,,CIUDADANOS-PARTIDO DE LA CIUDADANIA,Cs,jec_cyl_2019.pdf,compartido
autonomous_2019_05,2019,Cortes de Castilla y León,Castilla y Leon,Soria,5,JOSE ANTONIO LEAL LOPEZ,Hombre,TRUE,FALSE,Cs,FALSE,,CIUDADANOS-PARTIDO DE LA CIUDADANIA,Cs,jec_cyl_2019.pdf,compartido
autonomous_2019_05,2019,Cortes de Castilla y León,Castilla y Leon,Soria,1,CASANDRA GONZALEZ RODRIGUEZ,Mujer,FALSE,FALSE,Cs,FALSE,,CIUDADANOS-PARTIDO DE LA CIUDADANIA,Cs,jec_cyl_2019.pdf,compartido
autonomous_2019_05,2019,Cortes de Castilla y León,Castilla y Leon,Soria,2,JESUS DE LOZAR DE GRADO,Hombre,FALSE,FALSE,Cs,FALSE,,CIUDADANOS-PARTIDO DE LA CIUDADANIA,Cs,jec_cyl_2019.pdf,compartido
autonomous_2019_05,2019,Cortes de Castilla y León,Castilla y Leon,Soria,3,MARÍA CONCEPCIÓN ÁLVAREZ SACRISTÁN,Mujer,FALSE,FALSE,Cs,FALSE,,CIUDADANOS-PARTIDO DE LA CIUDADANIA,Cs,jec_cyl_2019.pdf,compartido
autonomous_2019_05,2019,Parlamento de Canarias,Canarias,Tenerife,1,RICARDO FERNÁNDEZ DE LA PUENTE ARMAS,Hombre,TRUE,TRUE,Cs,FALSE,,CIUDADANOS-PARTIDO DE LA CIUDADANÍA,Cs,boc_cnr_2019_b.pdf,extra:unnum
autonomous_2019_05,2019,Parlamento de Canarias,Canarias,Tenerife,2,MARÍA TERESA BERÁSTEGUI GUIGOU,Mujer,TRUE,FALSE,Cs,FALSE,,CIUDADANOS-PARTIDO DE LA CIUDADANÍA,Cs,boc_cnr_2019_b.pdf,extra:unnum
autonomous_2019_05,2019,Parlamento de Canarias,Canarias,Tenerife,3,MARÍA BERTA ANTA AGUDO,Mujer,TRUE,FALSE,Cs,FALSE,,CIUDADANOS-PARTIDO DE LA CIUDADANÍA,Cs,boc_cnr_2019_b.pdf,extra:unnum
autonomous_2019_05,2019,Parlamento de Canarias,Canarias,Tenerife,4,FERNANDO ROMERO AMICH,Hombre,TRUE,FALSE,Cs,FALSE,,CIUDADANOS-PARTIDO DE LA CIUDADANÍA,Cs,boc_cnr_2019_b.pdf,extra:unnum
autonomous_2019_05,2019,Parlamento de Canarias,Canarias,Tenerife,5,CARLOS GARCINUÑO ZURITA,Hombre,TRUE,FALSE,Cs,FALSE,,CIUDADANOS-PARTIDO DE LA CIUDADANÍA,Cs,boc_cnr_2019_b.pdf,extra:unnum
autonomous_2019_05,2019,Parlamento de Canarias,Canarias,Tenerife,6,DAVID WIOT MILLÁN,Hombre,TRUE,FALSE,Cs,FALSE,,CIUDADANOS-PARTIDO DE LA CIUDADANÍA,Cs,boc_cnr_2019_b.pdf,extra:unnum
autonomous_2019_05,2019,Parlamento de Canarias,Canarias,Tenerife,7,RAQUEL BELÉN DÍAZ CASTRO,Mujer,TRUE,FALSE,Cs,FALSE,,CIUDADANOS-PARTIDO DE LA CIUDADANÍA,Cs,boc_cnr_2019_b.pdf,extra:unnum
autonomous_2019_05,2019,Parlamento de Canarias,Canarias,Tenerife,8,JAIME RODRÍGUEZ SOSA,Hombre,TRUE,FALSE,Cs,FALSE,,CIUDADANOS-PARTIDO DE LA CIUDADANÍA,Cs,boc_cnr_2019_b.pdf,extra:unnum
autonomous_2019_05,2019,Parlamento de Canarias,Canarias,Tenerife,9,MARIELA LUIS GONZÁLEZ,Mujer,TRUE,FALSE,Cs,FALSE,,CIUDADANOS-PARTIDO DE LA CIUDADANÍA,Cs,boc_cnr_2019_b.pdf,extra:unnum
autonomous_2019_05,2019,Parlamento de Canarias,Canarias,Tenerife,10,VIRGINIA BACALLADO GARCÍA,Mujer,TRUE,FALSE,Cs,FALSE,,CIUDADANOS-PARTIDO DE LA CIUDADANÍA,Cs,boc_cnr_2019_b.pdf,extra:unnum
autonomous_2019_05,2019,Parlamento de Canarias,Canarias,Tenerife,11,UBAY CAÑAS MORALES,Hombre,TRUE,FALSE,Cs,FALSE,,CIUDADANOS-PARTIDO DE LA CIUDADANÍA,Cs,boc_cnr_2019_b.pdf,extra:unnum
autonomous_2019_05,2019,Parlamento de Canarias,Canarias,Tenerife,12,ALBA MARÍA ALAYÓN GIL,Mujer,TRUE,FALSE,Cs,FALSE,,CIUDADANOS-PARTIDO DE LA CIUDADANÍA,Cs,boc_cnr_2019_b.pdf,extra:unnum
autonomous_2019_05,2019,Parlamento de Canarias,Canarias,Tenerife,13,ANA DELIA CRUZ CABRERA,Mujer,TRUE,FALSE,Cs,FALSE,,CIUDADANOS-PARTIDO DE LA CIUDADANÍA,Cs,boc_cnr_2019_b.pdf,extra:unnum
autonomous_2019_05,2019,Parlamento de Canarias,Canarias,Tenerife,14,ANTONIO MACHADO UCELAY,Hombre,TRUE,FALSE,Cs,FALSE,,CIUDADANOS-PARTIDO DE LA CIUDADANÍA,Cs,boc_cnr_2019_b.pdf,extra:unnum
autonomous_2019_05,2019,Parlamento de Canarias,Canarias,Tenerife,15,JUAN AMIGÓ MORENO,Hombre,TRUE,FALSE,Cs,FALSE,,CIUDADANOS-PARTIDO DE LA CIUDADANÍA,Cs,boc_cnr_2019_b.pdf,extra:unnum
autonomous_2019_05,2019,Parlamento de Canarias,Canarias,Tenerife,1,JOSÉ EGEA MARTÍNEZ,Hombre,FALSE,FALSE,Cs,FALSE,,CIUDADANOS-PARTIDO DE LA CIUDADANÍA,Cs,boc_cnr_2019_b.pdf,extra:unnum
autonomous_2019_05,2019,Parlamento de Canarias,Canarias,Tenerife,2,CIPRIANO CARRILLO GONZÁLEZ,Hombre,FALSE,FALSE,Cs,FALSE,,CIUDADANOS-PARTIDO DE LA CIUDADANÍA,Cs,boc_cnr_2019_b.pdf,extra:unnum
autonomous_2019_05,2019,Parlamento de Canarias,Canarias,Tenerife,3,MARÍA JOSÉ SERRANO PÉREZ,Mujer,FALSE,FALSE,Cs,FALSE,,CIUDADANOS-PARTIDO DE LA CIUDADANÍA,Cs,boc_cnr_2019_b.pdf,extra:unnum
autonomous_2019_05,2019,Cortes de Aragón,Aragon,Teruel,1,RAMIRO DOMINGUEZ BUJEDA,Hombre,TRUE,TRUE,Cs,FALSE,,CIUDADANOS-PARTIDO DE LA CIUDADANÍA,Cs,jec_ara_2019_te.pdf,compartido
autonomous_2019_05,2019,Cortes de Aragón,Aragon,Teruel,2,MARIA LORETO CAMAÑES EDO,Mujer,TRUE,TRUE,Cs,FALSE,,CIUDADANOS-PARTIDO DE LA CIUDADANÍA,Cs,jec_ara_2019_te.pdf,compartido
autonomous_2019_05,2019,Cortes de Aragón,Aragon,Teruel,3,MARIO ORTIZ GRIÑON,Hombre,TRUE,FALSE,Cs,FALSE,,CIUDADANOS-PARTIDO DE LA CIUDADANÍA,Cs,jec_ara_2019_te.pdf,compartido
autonomous_2019_05,2019,Cortes de Aragón,Aragon,Teruel,4,MARIA JOSE ALONSO PEREZ,Mujer,TRUE,FALSE,Cs,FALSE,,CIUDADANOS-PARTIDO DE LA CIUDADANÍA,Cs,jec_ara_2019_te.pdf,compartido
autonomous_2019_05,2019,Cortes de Aragón,Aragon,Teruel,5,DAVID PEREZ ROYO,Hombre,TRUE,FALSE,Cs,FALSE,,CIUDADANOS-PARTIDO DE LA CIUDADANÍA,Cs,jec_ara_2019_te.pdf,compartido
autonomous_2019_05,2019,Cortes de Aragón,Aragon,Teruel,6,NURIA TREGON MARTIN,Mujer,TRUE,FALSE,Cs,FALSE,,CIUDADANOS-PARTIDO DE LA CIUDADANÍA,Cs,jec_ara_2019_te.pdf,compartido
autonomous_2019_05,2019,Cortes de Aragón,Aragon,Teruel,7,ANTONIO GARAY BAETA,Hombre,TRUE,FALSE,Cs,FALSE,,CIUDADANOS-PARTIDO DE LA CIUDADANÍA,Cs,jec_ara_2019_te.pdf,compartido
autonomous_2019_05,2019,Cortes de Aragón,Aragon,Teruel,8,LUIS OCTAVIO ESTEBAN GUIJARRO,Hombre,TRUE,FALSE,Cs,FALSE,,CIUDADANOS-PARTIDO DE LA CIUDADANÍA,Cs,jec_ara_2019_te.pdf,compartido
autonomous_2019_05,2019,Cortes de Aragón,Aragon,Teruel,9,ALFONSO PALMERO QUINTANILLA,Hombre,TRUE,FALSE,Cs,FALSE,,CIUDADANOS-PARTIDO DE LA CIUDADANÍA,Cs,jec_ara_2019_te.pdf,compartido
autonomous_2019_05,2019,Cortes de Aragón,Aragon,Teruel,10,BELEN GOMEZ CIVERA,Mujer,TRUE,FALSE,Cs,FALSE,,CIUDADANOS-PARTIDO DE LA CIUDADANÍA,Cs,jec_ara_2019_te.pdf,compartido
autonomous_2019_05,2019,Cortes de Aragón,Aragon,Teruel,11,LUIS CELMA MOLIAS,Hombre,TRUE,FALSE,Cs,FALSE,,CIUDADANOS-PARTIDO DE LA CIUDADANÍA,Cs,jec_ara_2019_te.pdf,compartido
autonomous_2019_05,2019,Cortes de Aragón,Aragon,Teruel,12,ANA LUISA DEL BARRIO GORBE,Mujer,TRUE,FALSE,Cs,FALSE,,CIUDADANOS-PARTIDO DE LA CIUDADANÍA,Cs,jec_ara_2019_te.pdf,compartido
autonomous_2019_05,2019,Cortes de Aragón,Aragon,Teruel,13,CARLOS VICENTE ESTEBAN IZQUIERDO,Hombre,TRUE,FALSE,Cs,FALSE,,CIUDADANOS-PARTIDO DE LA CIUDADANÍA,Cs,jec_ara_2019_te.pdf,compartido
autonomous_2019_05,2019,Cortes de Aragón,Aragon,Teruel,14,MARIA ROCIO HERNANDEZ ALONSO,Mujer,TRUE,FALSE,Cs,FALSE,,CIUDADANOS-PARTIDO DE LA CIUDADANÍA,Cs,jec_ara_2019_te.pdf,compartido
autonomous_2019_05,2019,Cortes de Aragón,Aragon,Teruel,1,FRANCISCO JOSE LAHOZ CELMA Teruel a veintinueve de abril de dos mil diecinueve csv: BOA20190430017,Hombre,FALSE,FALSE,Cs,FALSE,,CIUDADANOS-PARTIDO DE LA CIUDADANÍA,Cs,jec_ara_2019_te.pdf,compartido
autonomous_2019_05,2019,Cortes de Castilla-La Mancha,Castilla-La Mancha,Toledo,1,David Muñoz Zapata,Hombre,TRUE,TRUE,Cs,FALSE,,CIUDADANOS-PARTIDO DE LA CIUDADANIA (Cs),Cs,https://elecciones2019.castillalamancha.es/candidaturasp/Toledo/partido/CIUDADANOS-PARTIDO%20DE%20LA%20CIUDADANIA%20%28Cs%29,portal JCCM
autonomous_2019_05,2019,Cortes de Castilla-La Mancha,Castilla-La Mancha,Toledo,2,Rosina Márquez de Prado Ferrera,Mujer,TRUE,FALSE,Cs,FALSE,,CIUDADANOS-PARTIDO DE LA CIUDADANIA (Cs),Cs,https://elecciones2019.castillalamancha.es/candidaturasp/Toledo/partido/CIUDADANOS-PARTIDO%20DE%20LA%20CIUDADANIA%20%28Cs%29,portal JCCM
autonomous_2019_05,2019,Cortes de Castilla-La Mancha,Castilla-La Mancha,Toledo,3,Jesús Víctor Fernández Cid Román,Hombre,TRUE,FALSE,Cs,FALSE,,CIUDADANOS-PARTIDO DE LA CIUDADANIA (Cs),Cs,https://elecciones2019.castillalamancha.es/candidaturasp/Toledo/partido/CIUDADANOS-PARTIDO%20DE%20LA%20CIUDADANIA%20%28Cs%29,portal JCCM
autonomous_2019_05,2019,Cortes de Castilla-La Mancha,Castilla-La Mancha,Toledo,4,Beatriz Illescas Martín,Mujer,TRUE,FALSE,Cs,FALSE,,CIUDADANOS-PARTIDO DE LA CIUDADANIA (Cs),Cs,https://elecciones2019.castillalamancha.es/candidaturasp/Toledo/partido/CIUDADANOS-PARTIDO%20DE%20LA%20CIUDADANIA%20%28Cs%29,portal JCCM
autonomous_2019_05,2019,Cortes de Castilla-La Mancha,Castilla-La Mancha,Toledo,5,Luis Meroño Alonso,Hombre,TRUE,FALSE,Cs,FALSE,,CIUDADANOS-PARTIDO DE LA CIUDADANIA (Cs),Cs,https://elecciones2019.castillalamancha.es/candidaturasp/Toledo/partido/CIUDADANOS-PARTIDO%20DE%20LA%20CIUDADANIA%20%28Cs%29,portal JCCM
autonomous_2019_05,2019,Cortes de Castilla-La Mancha,Castilla-La Mancha,Toledo,6,María del Carmen Jiménez Ariza,Mujer,TRUE,FALSE,Cs,FALSE,,CIUDADANOS-PARTIDO DE LA CIUDADANIA (Cs),Cs,https://elecciones2019.castillalamancha.es/candidaturasp/Toledo/partido/CIUDADANOS-PARTIDO%20DE%20LA%20CIUDADANIA%20%28Cs%29,portal JCCM
autonomous_2019_05,2019,Cortes de Castilla-La Mancha,Castilla-La Mancha,Toledo,7,Agustín Gómez González,Hombre,TRUE,FALSE,Cs,FALSE,,CIUDADANOS-PARTIDO DE LA CIUDADANIA (Cs),Cs,https://elecciones2019.castillalamancha.es/candidaturasp/Toledo/partido/CIUDADANOS-PARTIDO%20DE%20LA%20CIUDADANIA%20%28Cs%29,portal JCCM
autonomous_2019_05,2019,Cortes de Castilla-La Mancha,Castilla-La Mancha,Toledo,8,Soraya del Álamo Terriza,Mujer,TRUE,FALSE,Cs,FALSE,,CIUDADANOS-PARTIDO DE LA CIUDADANIA (Cs),Cs,https://elecciones2019.castillalamancha.es/candidaturasp/Toledo/partido/CIUDADANOS-PARTIDO%20DE%20LA%20CIUDADANIA%20%28Cs%29,portal JCCM
autonomous_2019_05,2019,Cortes de Castilla-La Mancha,Castilla-La Mancha,Toledo,9,Jaime Santiago López,Hombre,TRUE,FALSE,Cs,FALSE,,CIUDADANOS-PARTIDO DE LA CIUDADANIA (Cs),Cs,https://elecciones2019.castillalamancha.es/candidaturasp/Toledo/partido/CIUDADANOS-PARTIDO%20DE%20LA%20CIUDADANIA%20%28Cs%29,portal JCCM
autonomous_2019_05,2019,Cortes de Castilla-La Mancha,Castilla-La Mancha,Toledo,1,María Angeles Díaz Rodelgo,Mujer,FALSE,FALSE,Cs,FALSE,,CIUDADANOS-PARTIDO DE LA CIUDADANIA (Cs),Cs,https://elecciones2019.castillalamancha.es/candidaturasp/Toledo/partido/CIUDADANOS-PARTIDO%20DE%20LA%20CIUDADANIA%20%28Cs%29,portal JCCM
autonomous_2019_05,2019,Cortes de Castilla-La Mancha,Castilla-La Mancha,Toledo,2,Ramón Saco González,Hombre,FALSE,FALSE,Cs,FALSE,,CIUDADANOS-PARTIDO DE LA CIUDADANIA (Cs),Cs,https://elecciones2019.castillalamancha.es/candidaturasp/Toledo/partido/CIUDADANOS-PARTIDO%20DE%20LA%20CIUDADANIA%20%28Cs%29,portal JCCM
autonomous_2019_05,2019,Cortes de Castilla-La Mancha,Castilla-La Mancha,Toledo,3,Sara Lázaro Ruíz de los Paños,Mujer,FALSE,FALSE,Cs,FALSE,,CIUDADANOS-PARTIDO DE LA CIUDADANIA (Cs),Cs,https://elecciones2019.castillalamancha.es/candidaturasp/Toledo/partido/CIUDADANOS-PARTIDO%20DE%20LA%20CIUDADANIA%20%28Cs%29,portal JCCM
autonomous_2019_05,2019,Cortes de Castilla y León,Castilla y Leon,Valladolid,1,FRANCISCO IGEA ARISQUETA,Hombre,TRUE,TRUE,Cs,FALSE,,CIUDADANOS-PARTIDO DE LA CIUDADANIA,Cs,jec_cyl_2019.pdf,compartido
autonomous_2019_05,2019,Cortes de Castilla y León,Castilla y Leon,Valladolid,2,LUIS FUENTES RODRIGUEZ,Hombre,TRUE,TRUE,Cs,FALSE,,CIUDADANOS-PARTIDO DE LA CIUDADANIA,Cs,jec_cyl_2019.pdf,compartido
autonomous_2019_05,2019,Cortes de Castilla y León,Castilla y Leon,Valladolid,3,MIGUEL ÁNGEL GONZÁLEZ RODRIGO,Hombre,TRUE,TRUE,Cs,FALSE,,CIUDADANOS-PARTIDO DE LA CIUDADANIA,Cs,jec_cyl_2019.pdf,compartido
autonomous_2019_05,2019,Cortes de Castilla y León,Castilla y Leon,Valladolid,4,MARÍA DE LAS NIEVES CASTAÑO GARCÍA,Mujer,TRUE,FALSE,Cs,FALSE,,CIUDADANOS-PARTIDO DE LA CIUDADANIA,Cs,jec_cyl_2019.pdf,compartido
autonomous_2019_05,2019,Cortes de Castilla y León,Castilla y Leon,Valladolid,5,NURIA DUQUE ESTAIRE,Mujer,TRUE,FALSE,Cs,FALSE,,CIUDADANOS-PARTIDO DE LA CIUDADANIA,Cs,jec_cyl_2019.pdf,compartido
autonomous_2019_05,2019,Cortes de Castilla y León,Castilla y Leon,Valladolid,6,LUIS MANUEL TORRES ALONSO,Hombre,TRUE,FALSE,Cs,FALSE,,CIUDADANOS-PARTIDO DE LA CIUDADANIA,Cs,jec_cyl_2019.pdf,compartido
autonomous_2019_05,2019,Cortes de Castilla y León,Castilla y Leon,Valladolid,7,MIGUEL ROJO VILLAR,Hombre,TRUE,FALSE,Cs,FALSE,,CIUDADANOS-PARTIDO DE LA CIUDADANIA,Cs,jec_cyl_2019.pdf,compartido
autonomous_2019_05,2019,Cortes de Castilla y León,Castilla y Leon,Valladolid,8,ELOINA GUTIERREZ SAN JOSÉ,Mujer,TRUE,FALSE,Cs,FALSE,,CIUDADANOS-PARTIDO DE LA CIUDADANIA,Cs,jec_cyl_2019.pdf,compartido
autonomous_2019_05,2019,Cortes de Castilla y León,Castilla y Leon,Valladolid,9,CARLOS SIGÜENZA TORRADO,Hombre,TRUE,FALSE,Cs,FALSE,,CIUDADANOS-PARTIDO DE LA CIUDADANIA,Cs,jec_cyl_2019.pdf,compartido
autonomous_2019_05,2019,Cortes de Castilla y León,Castilla y Leon,Valladolid,10,MARIA DEL ROSARIO GARCÍA BERRÓN,Mujer,TRUE,FALSE,Cs,FALSE,,CIUDADANOS-PARTIDO DE LA CIUDADANIA,Cs,jec_cyl_2019.pdf,compartido
autonomous_2019_05,2019,Cortes de Castilla y León,Castilla y Leon,Valladolid,11,VICTOR GARCÍA DOMINGO,Hombre,TRUE,FALSE,Cs,FALSE,,CIUDADANOS-PARTIDO DE LA CIUDADANIA,Cs,jec_cyl_2019.pdf,compartido
autonomous_2019_05,2019,Cortes de Castilla y León,Castilla y Leon,Valladolid,12,JESÚS ANTONIO DEL RÍO SANTANA,Hombre,TRUE,FALSE,Cs,FALSE,,CIUDADANOS-PARTIDO DE LA CIUDADANIA,Cs,jec_cyl_2019.pdf,compartido
autonomous_2019_05,2019,Cortes de Castilla y León,Castilla y Leon,Valladolid,13,CRISTINA MACARIO PAJARES,Mujer,TRUE,FALSE,Cs,FALSE,,CIUDADANOS-PARTIDO DE LA CIUDADANIA,Cs,jec_cyl_2019.pdf,compartido
autonomous_2019_05,2019,Cortes de Castilla y León,Castilla y Leon,Valladolid,14,EVA GONZÁLEZ GONZÁLEZ,Mujer,TRUE,FALSE,Cs,FALSE,,CIUDADANOS-PARTIDO DE LA CIUDADANIA,Cs,jec_cyl_2019.pdf,compartido
autonomous_2019_05,2019,Cortes de Castilla y León,Castilla y Leon,Valladolid,15,JOSÉ MIGUEL GARCÍA GARCÍA CV: BOCYL-D-30042019-2 Núm. 81,Hombre,TRUE,FALSE,Cs,FALSE,,CIUDADANOS-PARTIDO DE LA CIUDADANIA,Cs,jec_cyl_2019.pdf,compartido
autonomous_2019_05,2019,Cortes de Castilla y León,Castilla y Leon,Valladolid,1,CARLOS SANZ LARA,Hombre,FALSE,FALSE,Cs,FALSE,,CIUDADANOS-PARTIDO DE LA CIUDADANIA,Cs,jec_cyl_2019.pdf,compartido
autonomous_2019_05,2019,Cortes de Castilla y León,Castilla y Leon,Valladolid,2,MARÍA TERESA GONZÁLEZ FORJAS,Mujer,FALSE,FALSE,Cs,FALSE,,CIUDADANOS-PARTIDO DE LA CIUDADANIA,Cs,jec_cyl_2019.pdf,compartido
autonomous_2019_05,2019,Cortes de Castilla y León,Castilla y Leon,Valladolid,3,JOSÉ CARLOS CORDOVILLA BUSTOS,Hombre,FALSE,FALSE,Cs,FALSE,,CIUDADANOS-PARTIDO DE LA CIUDADANIA,Cs,jec_cyl_2019.pdf,compartido
autonomous_2019_05,2019,Cortes de Castilla y León,Castilla y Leon,Zamora,1,MARÍA TERESA GAGO LÓPEZ,Mujer,TRUE,TRUE,Cs,FALSE,,CIUDADANOS-PARTIDO DE LA CIUDADANIA,Cs,jec_cyl_2019.pdf,compartido
autonomous_2019_05,2019,Cortes de Castilla y León,Castilla y Leon,Zamora,2,ELOY ALEJANDRO TOMÉ GONZÁLEZ,Hombre,TRUE,FALSE,Cs,FALSE,,CIUDADANOS-PARTIDO DE LA CIUDADANIA,Cs,jec_cyl_2019.pdf,compartido
autonomous_2019_05,2019,Cortes de Castilla y León,Castilla y Leon,Zamora,3,RAQUEL CARRASCAL RODRÍGUEZ,Mujer,TRUE,FALSE,Cs,FALSE,,CIUDADANOS-PARTIDO DE LA CIUDADANIA,Cs,jec_cyl_2019.pdf,compartido
autonomous_2019_05,2019,Cortes de Castilla y León,Castilla y Leon,Zamora,4,MIGUEL JAVIER SÁNCHEZ VALLE,Hombre,TRUE,FALSE,Cs,FALSE,,CIUDADANOS-PARTIDO DE LA CIUDADANIA,Cs,jec_cyl_2019.pdf,compartido
autonomous_2019_05,2019,Cortes de Castilla y León,Castilla y Leon,Zamora,5,ROCÍO FERRERO PRIETO,Mujer,TRUE,FALSE,Cs,FALSE,,CIUDADANOS-PARTIDO DE LA CIUDADANIA,Cs,jec_cyl_2019.pdf,compartido
autonomous_2019_05,2019,Cortes de Castilla y León,Castilla y Leon,Zamora,6,SERGIO COLINO MARTÍNEZ,Hombre,TRUE,FALSE,Cs,FALSE,,CIUDADANOS-PARTIDO DE LA CIUDADANIA,Cs,jec_cyl_2019.pdf,compartido
autonomous_2019_05,2019,Cortes de Castilla y León,Castilla y Leon,Zamora,7,PATRICIA MIGUEL GÓMEZ,Mujer,TRUE,FALSE,Cs,FALSE,,CIUDADANOS-PARTIDO DE LA CIUDADANIA,Cs,jec_cyl_2019.pdf,compartido
autonomous_2019_05,2019,Cortes de Castilla y León,Castilla y Leon,Zamora,1,CARMEN RODRÍGUEZ VECINO,Mujer,FALSE,FALSE,Cs,FALSE,,CIUDADANOS-PARTIDO DE LA CIUDADANIA,Cs,jec_cyl_2019.pdf,compartido
autonomous_2019_05,2019,Cortes de Castilla y León,Castilla y Leon,Zamora,2,JOSÉ ANTONIO BARTOLOMÉ CACHÓN,Hombre,FALSE,FALSE,Cs,FALSE,,CIUDADANOS-PARTIDO DE LA CIUDADANIA,Cs,jec_cyl_2019.pdf,compartido
autonomous_2019_05,2019,Cortes de Castilla y León,Castilla y Leon,Zamora,3,ALFONSO JOAQUÍN MARTÍN CARRETERO D.L.: BU 10-1979 - ISSN 1989-8959 CV: BOCYL-D-30042019-2,Hombre,FALSE,FALSE,Cs,FALSE,,CIUDADANOS-PARTIDO DE LA CIUDADANIA,Cs,jec_cyl_2019.pdf,compartido
autonomous_2019_05,2019,Cortes de Aragón,Aragon,Zaragoza,1,DANIEL PEREZ CALVO (Independiente) csv: BOA20190430018 Núm. 82,Hombre,TRUE,TRUE,Cs,FALSE,,CIUDADANOS-PARTIDO DE LA CIUDADANÍA,Cs,jec_ara_2019_za.pdf,compartido
autonomous_2019_05,2019,Cortes de Aragón,Aragon,Zaragoza,2,SUSANA GASPAR MARTINEZ,Mujer,TRUE,TRUE,Cs,FALSE,,CIUDADANOS-PARTIDO DE LA CIUDADANÍA,Cs,jec_ara_2019_za.pdf,compartido
autonomous_2019_05,2019,Cortes de Aragón,Aragon,Zaragoza,3,JOSE LUIS SAZ CASADO (Independiente),Hombre,TRUE,TRUE,Cs,FALSE,,CIUDADANOS-PARTIDO DE LA CIUDADANÍA,Cs,jec_ara_2019_za.pdf,compartido
autonomous_2019_05,2019,Cortes de Aragón,Aragon,Zaragoza,4,ELISA SACACIA LARRAYAD,Mujer,TRUE,TRUE,Cs,FALSE,,CIUDADANOS-PARTIDO DE LA CIUDADANÍA,Cs,jec_ara_2019_za.pdf,compartido
autonomous_2019_05,2019,Cortes de Aragón,Aragon,Zaragoza,5,JOSE JAVIER MARTINEZ ROMERO,Hombre,TRUE,TRUE,Cs,FALSE,,CIUDADANOS-PARTIDO DE LA CIUDADANÍA,Cs,jec_ara_2019_za.pdf,compartido
autonomous_2019_05,2019,Cortes de Aragón,Aragon,Zaragoza,6,BEATRIZ GARCIA GONZALEZ,Mujer,TRUE,TRUE,Cs,FALSE,,CIUDADANOS-PARTIDO DE LA CIUDADANÍA,Cs,jec_ara_2019_za.pdf,compartido
autonomous_2019_05,2019,Cortes de Aragón,Aragon,Zaragoza,7,CARLOS TRULLEN CALVO,Hombre,TRUE,TRUE,Cs,FALSE,,CIUDADANOS-PARTIDO DE LA CIUDADANÍA,Cs,jec_ara_2019_za.pdf,compartido
autonomous_2019_05,2019,Cortes de Aragón,Aragon,Zaragoza,8,DESEADA PESCADOR SALUEÑA,Mujer,TRUE,FALSE,Cs,FALSE,,CIUDADANOS-PARTIDO DE LA CIUDADANÍA,Cs,jec_ara_2019_za.pdf,compartido
autonomous_2019_05,2019,Cortes de Aragón,Aragon,Zaragoza,9,IRENE MATILLA MILIAN,Mujer,TRUE,FALSE,Cs,FALSE,,CIUDADANOS-PARTIDO DE LA CIUDADANÍA,Cs,jec_ara_2019_za.pdf,compartido
autonomous_2019_05,2019,Cortes de Aragón,Aragon,Zaragoza,10,JOSE RAMON GONZALEZ BARRIGA,Hombre,TRUE,FALSE,Cs,FALSE,,CIUDADANOS-PARTIDO DE LA CIUDADANÍA,Cs,jec_ara_2019_za.pdf,compartido
autonomous_2019_05,2019,Cortes de Aragón,Aragon,Zaragoza,11,JOSE IGNACIO GONZALEZ LILLO,Hombre,TRUE,FALSE,Cs,FALSE,,CIUDADANOS-PARTIDO DE LA CIUDADANÍA,Cs,jec_ara_2019_za.pdf,compartido
autonomous_2019_05,2019,Cortes de Aragón,Aragon,Zaragoza,12,LAURA TOVAR VIDAL,Mujer,TRUE,FALSE,Cs,FALSE,,CIUDADANOS-PARTIDO DE LA CIUDADANÍA,Cs,jec_ara_2019_za.pdf,compartido
autonomous_2019_05,2019,Cortes de Aragón,Aragon,Zaragoza,13,JOSE MANUEL CEBRIAN SANCHEZ,Hombre,TRUE,FALSE,Cs,FALSE,,CIUDADANOS-PARTIDO DE LA CIUDADANÍA,Cs,jec_ara_2019_za.pdf,compartido
autonomous_2019_05,2019,Cortes de Aragón,Aragon,Zaragoza,14,JUAN MANUEL CASTELL ESTEBAN,Hombre,TRUE,FALSE,Cs,FALSE,,CIUDADANOS-PARTIDO DE LA CIUDADANÍA,Cs,jec_ara_2019_za.pdf,compartido
autonomous_2019_05,2019,Cortes de Aragón,Aragon,Zaragoza,15,ANUSKA RAMIRO LOSILLA,Mujer,TRUE,FALSE,Cs,FALSE,,CIUDADANOS-PARTIDO DE LA CIUDADANÍA,Cs,jec_ara_2019_za.pdf,compartido
autonomous_2019_05,2019,Cortes de Aragón,Aragon,Zaragoza,16,ARTURO VILLALBA LAHUERTA,Hombre,TRUE,FALSE,Cs,FALSE,,CIUDADANOS-PARTIDO DE LA CIUDADANÍA,Cs,jec_ara_2019_za.pdf,compartido
autonomous_2019_05,2019,Cortes de Aragón,Aragon,Zaragoza,17,MARIA CARMEN DEL BARRIO ARANDA,Mujer,TRUE,FALSE,Cs,FALSE,,CIUDADANOS-PARTIDO DE LA CIUDADANÍA,Cs,jec_ara_2019_za.pdf,compartido
autonomous_2019_05,2019,Cortes de Aragón,Aragon,Zaragoza,18,JOSE MIGUEL AZNAR SORIA,Hombre,TRUE,FALSE,Cs,FALSE,,CIUDADANOS-PARTIDO DE LA CIUDADANÍA,Cs,jec_ara_2019_za.pdf,compartido
autonomous_2019_05,2019,Cortes de Aragón,Aragon,Zaragoza,19,ANGEL VICENTE MOLINERO,Hombre,TRUE,FALSE,Cs,FALSE,,CIUDADANOS-PARTIDO DE LA CIUDADANÍA,Cs,jec_ara_2019_za.pdf,compartido
autonomous_2019_05,2019,Cortes de Aragón,Aragon,Zaragoza,20,JUANA SANJULIAN LOPEZ,Mujer,TRUE,FALSE,Cs,FALSE,,CIUDADANOS-PARTIDO DE LA CIUDADANÍA,Cs,jec_ara_2019_za.pdf,compartido
autonomous_2019_05,2019,Cortes de Aragón,Aragon,Zaragoza,21,MARIA PILAR CLEMENTE MARTIN,Mujer,TRUE,FALSE,Cs,FALSE,,CIUDADANOS-PARTIDO DE LA CIUDADANÍA,Cs,jec_ara_2019_za.pdf,compartido
autonomous_2019_05,2019,Cortes de Aragón,Aragon,Zaragoza,22,FERNANDO ITURRICHA ALBA,Hombre,TRUE,FALSE,Cs,FALSE,,CIUDADANOS-PARTIDO DE LA CIUDADANÍA,Cs,jec_ara_2019_za.pdf,compartido
autonomous_2019_05,2019,Cortes de Aragón,Aragon,Zaragoza,23,SERGIO ZORITA PUIG,Hombre,TRUE,FALSE,Cs,FALSE,,CIUDADANOS-PARTIDO DE LA CIUDADANÍA,Cs,jec_ara_2019_za.pdf,compartido
autonomous_2019_05,2019,Cortes de Aragón,Aragon,Zaragoza,24,MARTA FRANCA GONZALEZ,Mujer,TRUE,FALSE,Cs,FALSE,,CIUDADANOS-PARTIDO DE LA CIUDADANÍA,Cs,jec_ara_2019_za.pdf,compartido
autonomous_2019_05,2019,Cortes de Aragón,Aragon,Zaragoza,25,IVAN MARTINEZ MEDRANO,Hombre,TRUE,FALSE,Cs,FALSE,,CIUDADANOS-PARTIDO DE LA CIUDADANÍA,Cs,jec_ara_2019_za.pdf,compartido
autonomous_2019_05,2019,Cortes de Aragón,Aragon,Zaragoza,26,ANTONIO SERRANO PASCUAL,Hombre,TRUE,FALSE,Cs,FALSE,,CIUDADANOS-PARTIDO DE LA CIUDADANÍA,Cs,jec_ara_2019_za.pdf,compartido
autonomous_2019_05,2019,Cortes de Aragón,Aragon,Zaragoza,27,RAMON REPOLLES LACUEVA,Hombre,TRUE,FALSE,Cs,FALSE,,CIUDADANOS-PARTIDO DE LA CIUDADANÍA,Cs,jec_ara_2019_za.pdf,compartido
autonomous_2019_05,2019,Cortes de Aragón,Aragon,Zaragoza,28,MARIA FRANCISCA MARTINEZ ARAEZ,Mujer,TRUE,FALSE,Cs,FALSE,,CIUDADANOS-PARTIDO DE LA CIUDADANÍA,Cs,jec_ara_2019_za.pdf,compartido
autonomous_2019_05,2019,Cortes de Aragón,Aragon,Zaragoza,29,RUBEN CID MOLL,Hombre,TRUE,FALSE,Cs,FALSE,,CIUDADANOS-PARTIDO DE LA CIUDADANÍA,Cs,jec_ara_2019_za.pdf,compartido
autonomous_2019_05,2019,Cortes de Aragón,Aragon,Zaragoza,30,VIRGINIA MAYO GONZALEZ,Mujer,TRUE,FALSE,Cs,FALSE,,CIUDADANOS-PARTIDO DE LA CIUDADANÍA,Cs,jec_ara_2019_za.pdf,compartido
autonomous_2019_05,2019,Cortes de Aragón,Aragon,Zaragoza,31,CARLOS DAVID ALBENDEA CALLEJA,Hombre,TRUE,FALSE,Cs,FALSE,,CIUDADANOS-PARTIDO DE LA CIUDADANÍA,Cs,jec_ara_2019_za.pdf,compartido
autonomous_2019_05,2019,Cortes de Aragón,Aragon,Zaragoza,32,MARIA DEL CARMEN ARASANZ FUMANAL,Mujer,TRUE,FALSE,Cs,FALSE,,CIUDADANOS-PARTIDO DE LA CIUDADANÍA,Cs,jec_ara_2019_za.pdf,compartido
autonomous_2019_05,2019,Cortes de Aragón,Aragon,Zaragoza,33,FRANCISCO JAVIER MILLAN NEGRO,Hombre,TRUE,FALSE,Cs,FALSE,,CIUDADANOS-PARTIDO DE LA CIUDADANÍA,Cs,jec_ara_2019_za.pdf,compartido
autonomous_2019_05,2019,Cortes de Aragón,Aragon,Zaragoza,34,BLANCA CEBOLLADA LORENTE,Mujer,TRUE,FALSE,Cs,FALSE,,CIUDADANOS-PARTIDO DE LA CIUDADANÍA,Cs,jec_ara_2019_za.pdf,compartido
autonomous_2019_05,2019,Cortes de Aragón,Aragon,Zaragoza,35,JOSE IGNACIO BROTO ESTALLO,Hombre,TRUE,FALSE,Cs,FALSE,,CIUDADANOS-PARTIDO DE LA CIUDADANÍA,Cs,jec_ara_2019_za.pdf,compartido
autonomous_2019_05,2019,Cortes de Aragón,Aragon,Zaragoza,1,CONRADO GAYAN ALIACAR,Hombre,FALSE,FALSE,Cs,FALSE,,CIUDADANOS-PARTIDO DE LA CIUDADANÍA,Cs,jec_ara_2019_za.pdf,compartido
autonomous_2019_05,2019,Cortes de Aragón,Aragon,Zaragoza,2,RUT MARIA GIL GARCIA,Mujer,FALSE,FALSE,Cs,FALSE,,CIUDADANOS-PARTIDO DE LA CIUDADANÍA,Cs,jec_ara_2019_za.pdf,compartido
autonomous_2019_05,2019,Cortes de Castilla y León,Castilla y Leon,Ávila,1,DAVID JESUS MARTIN MARTIN,Hombre,TRUE,TRUE,Cs,FALSE,,CIUDADANOS-PARTIDO DE LA CIUDADANIA,Cs,jec_cyl_2019.pdf,compartido
autonomous_2019_05,2019,Cortes de Castilla y León,Castilla y Leon,Ávila,2,INMACULADA GOMEZ JIMENEZ (Independiente),Mujer,TRUE,FALSE,Cs,FALSE,,CIUDADANOS-PARTIDO DE LA CIUDADANIA,Cs,jec_cyl_2019.pdf,compartido
autonomous_2019_05,2019,Cortes de Castilla y León,Castilla y Leon,Ávila,3,PEDRO CABRERO GARCIA,Hombre,TRUE,FALSE,Cs,FALSE,,CIUDADANOS-PARTIDO DE LA CIUDADANIA,Cs,jec_cyl_2019.pdf,compartido
autonomous_2019_05,2019,Cortes de Castilla y León,Castilla y Leon,Ávila,4,CARMEN MARIA RODRIGUEZ REBOLLO,Mujer,TRUE,FALSE,Cs,FALSE,,CIUDADANOS-PARTIDO DE LA CIUDADANIA,Cs,jec_cyl_2019.pdf,compartido
autonomous_2019_05,2019,Cortes de Castilla y León,Castilla y Leon,Ávila,5,FRANCISCO LOPEZ PEREZ,Hombre,TRUE,FALSE,Cs,FALSE,,CIUDADANOS-PARTIDO DE LA CIUDADANIA,Cs,jec_cyl_2019.pdf,compartido
autonomous_2019_05,2019,Cortes de Castilla y León,Castilla y Leon,Ávila,6,MARIA IRENE GARCIMARTIN MAROTO,Mujer,TRUE,FALSE,Cs,FALSE,,CIUDADANOS-PARTIDO DE LA CIUDADANIA,Cs,jec_cyl_2019.pdf,compartido
autonomous_2019_05,2019,Cortes de Castilla y León,Castilla y Leon,Ávila,7,BEATRIZ GALLEGO MARTIN,Mujer,TRUE,FALSE,Cs,FALSE,,CIUDADANOS-PARTIDO DE LA CIUDADANIA,Cs,jec_cyl_2019.pdf,compartido
autonomous_2019_05,2019,Cortes de Castilla y León,Castilla y Leon,Ávila,1,ALBERTO BURGOS OLMEDO,Hombre,FALSE,FALSE,Cs,FALSE,,CIUDADANOS-PARTIDO DE LA CIUDADANIA,Cs,jec_cyl_2019.pdf,compartido
autonomous_2019_05,2019,Cortes de Castilla y León,Castilla y Leon,Ávila,2,BELINDA HERNANDEZ MARTIN,Mujer,FALSE,FALSE,Cs,FALSE,,CIUDADANOS-PARTIDO DE LA CIUDADANIA,Cs,jec_cyl_2019.pdf,compartido
autonomous_2019_05,2019,Cortes de Castilla y León,Castilla y Leon,Ávila,3,RICARDO CABRERO VARAS,Hombre,FALSE,FALSE,Cs,FALSE,,CIUDADANOS-PARTIDO DE LA CIUDADANIA,Cs,jec_cyl_2019.pdf,compartido
autonomous_2020_07,2020,Parlamento de Galicia,Galicia,A Coruña,1,María del Carmen Mahía Vázquez,Mujer,TRUE,FALSE,Cs,FALSE,,CIUDADANOS-PARTIDO DE LA CIUDADANIA,Cs,c_gal_2020.pdf,compartido
autonomous_2020_07,2020,Parlamento de Galicia,Galicia,A Coruña,2,Miguel Pardo de Vera Moreno,Hombre,TRUE,FALSE,Cs,FALSE,,CIUDADANOS-PARTIDO DE LA CIUDADANIA,Cs,c_gal_2020.pdf,compartido
autonomous_2020_07,2020,Parlamento de Galicia,Galicia,A Coruña,3,Tamara Martínez Soto,Mujer,TRUE,FALSE,Cs,FALSE,,CIUDADANOS-PARTIDO DE LA CIUDADANIA,Cs,c_gal_2020.pdf,compartido
autonomous_2020_07,2020,Parlamento de Galicia,Galicia,A Coruña,4,Nicida de Jesús Sequera Ojeda,,TRUE,FALSE,Cs,FALSE,,CIUDADANOS-PARTIDO DE LA CIUDADANIA,Cs,c_gal_2020.pdf,compartido
autonomous_2020_07,2020,Parlamento de Galicia,Galicia,A Coruña,5,Alberto Boado Carro,Hombre,TRUE,FALSE,Cs,FALSE,,CIUDADANOS-PARTIDO DE LA CIUDADANIA,Cs,c_gal_2020.pdf,compartido
autonomous_2020_07,2020,Parlamento de Galicia,Galicia,A Coruña,6,Cristina Cebreiro Gómez,Mujer,TRUE,FALSE,Cs,FALSE,,CIUDADANOS-PARTIDO DE LA CIUDADANIA,Cs,c_gal_2020.pdf,compartido
autonomous_2020_07,2020,Parlamento de Galicia,Galicia,A Coruña,7,Eva María Seoane Seijas,Mujer,TRUE,FALSE,Cs,FALSE,,CIUDADANOS-PARTIDO DE LA CIUDADANIA,Cs,c_gal_2020.pdf,compartido
autonomous_2020_07,2020,Parlamento de Galicia,Galicia,A Coruña,8,Miguel Ángel Freiría Eiras,Hombre,TRUE,FALSE,Cs,FALSE,,CIUDADANOS-PARTIDO DE LA CIUDADANIA,Cs,c_gal_2020.pdf,compartido
autonomous_2020_07,2020,Parlamento de Galicia,Galicia,A Coruña,9,Silvia Caramés González,Mujer,TRUE,FALSE,Cs,FALSE,,CIUDADANOS-PARTIDO DE LA CIUDADANIA,Cs,c_gal_2020.pdf,compartido
autonomous_2020_07,2020,Parlamento de Galicia,Galicia,A Coruña,10,Abel García Carneiro,Hombre,TRUE,FALSE,Cs,FALSE,,CIUDADANOS-PARTIDO DE LA CIUDADANIA,Cs,c_gal_2020.pdf,compartido
autonomous_2020_07,2020,Parlamento de Galicia,Galicia,A Coruña,11,Juan Carlos Argüello Fernández,Hombre,TRUE,FALSE,Cs,FALSE,,CIUDADANOS-PARTIDO DE LA CIUDADANIA,Cs,c_gal_2020.pdf,compartido
autonomous_2020_07,2020,Parlamento de Galicia,Galicia,A Coruña,12,Laura Riveiro Rodríguez,Mujer,TRUE,FALSE,Cs,FALSE,,CIUDADANOS-PARTIDO DE LA CIUDADANIA,Cs,c_gal_2020.pdf,compartido
autonomous_2020_07,2020,Parlamento de Galicia,Galicia,A Coruña,13,Juan Manuel Pajaro Hermo,Hombre,TRUE,FALSE,Cs,FALSE,,CIUDADANOS-PARTIDO DE LA CIUDADANIA,Cs,c_gal_2020.pdf,compartido
autonomous_2020_07,2020,Parlamento de Galicia,Galicia,A Coruña,14,Beatriz Martínez Candal,Mujer,TRUE,FALSE,Cs,FALSE,,CIUDADANOS-PARTIDO DE LA CIUDADANIA,Cs,c_gal_2020.pdf,compartido
autonomous_2020_07,2020,Parlamento de Galicia,Galicia,A Coruña,15,Juan Luis Furones Ramos,Hombre,TRUE,FALSE,Cs,FALSE,,CIUDADANOS-PARTIDO DE LA CIUDADANIA,Cs,c_gal_2020.pdf,compartido
autonomous_2020_07,2020,Parlamento de Galicia,Galicia,A Coruña,16,Juan José Insua Paz,Hombre,TRUE,FALSE,Cs,FALSE,,CIUDADANOS-PARTIDO DE LA CIUDADANIA,Cs,c_gal_2020.pdf,compartido
autonomous_2020_07,2020,Parlamento de Galicia,Galicia,A Coruña,17,Isabel Caneiro Granullaque,Mujer,TRUE,FALSE,Cs,FALSE,,CIUDADANOS-PARTIDO DE LA CIUDADANIA,Cs,c_gal_2020.pdf,compartido
autonomous_2020_07,2020,Parlamento de Galicia,Galicia,A Coruña,18,María José Castro Rodríguez,Mujer,TRUE,FALSE,Cs,FALSE,,CIUDADANOS-PARTIDO DE LA CIUDADANIA,Cs,c_gal_2020.pdf,compartido
autonomous_2020_07,2020,Parlamento de Galicia,Galicia,A Coruña,19,María Lourdes Fernández Vilar,Mujer,TRUE,FALSE,Cs,FALSE,,CIUDADANOS-PARTIDO DE LA CIUDADANIA,Cs,c_gal_2020.pdf,compartido
autonomous_2020_07,2020,Parlamento de Galicia,Galicia,A Coruña,20,Carlos Argenis Colmenares López,Hombre,TRUE,FALSE,Cs,FALSE,,CIUDADANOS-PARTIDO DE LA CIUDADANIA,Cs,c_gal_2020.pdf,compartido
autonomous_2020_07,2020,Parlamento de Galicia,Galicia,A Coruña,21,María Dolores Valdivieso Carnero,Mujer,TRUE,FALSE,Cs,FALSE,,CIUDADANOS-PARTIDO DE LA CIUDADANIA,Cs,c_gal_2020.pdf,compartido
autonomous_2020_07,2020,Parlamento de Galicia,Galicia,A Coruña,22,Trina Alicia Porras Aguilar DOG Núm. 117,Mujer,TRUE,FALSE,Cs,FALSE,,CIUDADANOS-PARTIDO DE LA CIUDADANIA,Cs,c_gal_2020.pdf,compartido
autonomous_2020_07,2020,Parlamento de Galicia,Galicia,A Coruña,23,José Miguel Pazos Guía,Hombre,TRUE,FALSE,Cs,FALSE,,CIUDADANOS-PARTIDO DE LA CIUDADANIA,Cs,c_gal_2020.pdf,compartido
autonomous_2020_07,2020,Parlamento de Galicia,Galicia,A Coruña,24,Ángel Manuel Cousillas Otero,Hombre,TRUE,FALSE,Cs,FALSE,,CIUDADANOS-PARTIDO DE LA CIUDADANIA,Cs,c_gal_2020.pdf,compartido
autonomous_2020_07,2020,Parlamento de Galicia,Galicia,A Coruña,25,María Vilas Liñares,Mujer,TRUE,FALSE,Cs,FALSE,,CIUDADANOS-PARTIDO DE LA CIUDADANIA,Cs,c_gal_2020.pdf,compartido
autonomous_2020_07,2020,Parlamento de Galicia,Galicia,A Coruña,1,Karen Patricia Mariño López,Mujer,FALSE,FALSE,Cs,FALSE,,CIUDADANOS-PARTIDO DE LA CIUDADANIA,Cs,c_gal_2020.pdf,compartido
autonomous_2020_07,2020,Parlamento Vasco / Eusko Legebiltzarra,Pais Vasco,Bizkaia,1,CARLOS ITURGAIZ ANGULO,Hombre,TRUE,TRUE,PP+Cs,TRUE,PP y Ciudadanos,PARTIDO POPULAR + CIUDADANOS,(PP+Cs),c_pv_2020_biz.pdf,compartido
autonomous_2020_07,2020,Parlamento Vasco / Eusko Legebiltzarra,Pais Vasco,Bizkaia,2,LUIS IGNACIO GORDILLO PEREZ,Hombre,TRUE,TRUE,PP+Cs,TRUE,PP y Ciudadanos,PARTIDO POPULAR + CIUDADANOS,(PP+Cs),c_pv_2020_biz.pdf,compartido
autonomous_2020_07,2020,Parlamento Vasco / Eusko Legebiltzarra,Pais Vasco,Bizkaia,3,RAQUEL GONZALEZ DIEZ-ANDINO,Mujer,TRUE,FALSE,PP+Cs,TRUE,PP y Ciudadanos,PARTIDO POPULAR + CIUDADANOS,(PP+Cs),c_pv_2020_biz.pdf,compartido
autonomous_2020_07,2020,Parlamento Vasco / Eusko Legebiltzarra,Pais Vasco,Bizkaia,4,LUIS MIGUEL ARROYO MILLAN,Hombre,TRUE,FALSE,PP+Cs,TRUE,PP y Ciudadanos,PARTIDO POPULAR + CIUDADANOS,(PP+Cs),c_pv_2020_biz.pdf,compartido
autonomous_2020_07,2020,Parlamento Vasco / Eusko Legebiltzarra,Pais Vasco,Bizkaia,5,MARIA CARMEN SANCHEZ SEQUEROS,Mujer,TRUE,FALSE,PP+Cs,TRUE,PP y Ciudadanos,PARTIDO POPULAR + CIUDADANOS,(PP+Cs),c_pv_2020_biz.pdf,compartido
autonomous_2020_07,2020,Parlamento Vasco / Eusko Legebiltzarra,Pais Vasco,Bizkaia,6,OLGA CAVIA DORAO,Mujer,TRUE,FALSE,PP+Cs,TRUE,PP y Ciudadanos,PARTIDO POPULAR + CIUDADANOS,(PP+Cs),c_pv_2020_biz.pdf,compartido
autonomous_2020_07,2020,Parlamento Vasco / Eusko Legebiltzarra,Pais Vasco,Bizkaia,7,EDUARDO ANDRADE AURRECOECHEA,Hombre,TRUE,FALSE,PP+Cs,TRUE,PP y Ciudadanos,PARTIDO POPULAR + CIUDADANOS,(PP+Cs),c_pv_2020_biz.pdf,compartido
autonomous_2020_07,2020,Parlamento Vasco / Eusko Legebiltzarra,Pais Vasco,Bizkaia,8,ALMUDENA PUGA GARCIA,Mujer,TRUE,FALSE,PP+Cs,TRUE,PP y Ciudadanos,PARTIDO POPULAR + CIUDADANOS,(PP+Cs),c_pv_2020_biz.pdf,compartido
autonomous_2020_07,2020,Parlamento Vasco / Eusko Legebiltzarra,Pais Vasco,Bizkaia,9,ROCIO NOGALES CABEZAS,Mujer,TRUE,FALSE,PP+Cs,TRUE,PP y Ciudadanos,PARTIDO POPULAR + CIUDADANOS,(PP+Cs),c_pv_2020_biz.pdf,compartido
autonomous_2020_07,2020,Parlamento Vasco / Eusko Legebiltzarra,Pais Vasco,Bizkaia,10,LUIS ANGEL URDIALES VILLANUEVA,Hombre,TRUE,FALSE,PP+Cs,TRUE,PP y Ciudadanos,PARTIDO POPULAR + CIUDADANOS,(PP+Cs),c_pv_2020_biz.pdf,compartido
autonomous_2020_07,2020,Parlamento Vasco / Eusko Legebiltzarra,Pais Vasco,Bizkaia,11,MARIA PILAR RODRIGUEZ ECHEVARRIA,Mujer,TRUE,FALSE,PP+Cs,TRUE,PP y Ciudadanos,PARTIDO POPULAR + CIUDADANOS,(PP+Cs),c_pv_2020_biz.pdf,compartido
autonomous_2020_07,2020,Parlamento Vasco / Eusko Legebiltzarra,Pais Vasco,Bizkaia,12,PABLO GOMEZ-GUADALUPE GARCIA-TEJEDOR,Hombre,TRUE,FALSE,PP+Cs,TRUE,PP y Ciudadanos,PARTIDO POPULAR + CIUDADANOS,(PP+Cs),c_pv_2020_biz.pdf,compartido
autonomous_2020_07,2020,Parlamento Vasco / Eusko Legebiltzarra,Pais Vasco,Bizkaia,13,VICTOR RODRIGUEZ GARCIA,Hombre,TRUE,FALSE,PP+Cs,TRUE,PP y Ciudadanos,PARTIDO POPULAR + CIUDADANOS,(PP+Cs),c_pv_2020_biz.pdf,compartido
autonomous_2020_07,2020,Parlamento Vasco / Eusko Legebiltzarra,Pais Vasco,Bizkaia,14,GUILLERMO SANCHEZ SANZ,Hombre,TRUE,FALSE,PP+Cs,TRUE,PP y Ciudadanos,PARTIDO POPULAR + CIUDADANOS,(PP+Cs),c_pv_2020_biz.pdf,compartido
autonomous_2020_07,2020,Parlamento Vasco / Eusko Legebiltzarra,Pais Vasco,Bizkaia,15,BEATRIZ ISABEL ALVAREZ FANJUL,Mujer,TRUE,FALSE,PP+Cs,TRUE,PP y Ciudadanos,PARTIDO POPULAR + CIUDADANOS,(PP+Cs),c_pv_2020_biz.pdf,compartido
autonomous_2020_07,2020,Parlamento Vasco / Eusko Legebiltzarra,Pais Vasco,Bizkaia,16,NATALIA ARANDUY ZUAZAGOITIA,Mujer,TRUE,FALSE,PP+Cs,TRUE,PP y Ciudadanos,PARTIDO POPULAR + CIUDADANOS,(PP+Cs),c_pv_2020_biz.pdf,compartido
autonomous_2020_07,2020,Parlamento Vasco / Eusko Legebiltzarra,Pais Vasco,Bizkaia,17,BEATRIZ AINHOA BERISTAIN FERNANDEZ,Mujer,TRUE,FALSE,PP+Cs,TRUE,PP y Ciudadanos,PARTIDO POPULAR + CIUDADANOS,(PP+Cs),c_pv_2020_biz.pdf,compartido
autonomous_2020_07,2020,Parlamento Vasco / Eusko Legebiltzarra,Pais Vasco,Bizkaia,18,CARLOS DAVID GARCIA FERNANDEZ,Hombre,TRUE,FALSE,PP+Cs,TRUE,PP y Ciudadanos,PARTIDO POPULAR + CIUDADANOS,(PP+Cs),c_pv_2020_biz.pdf,compartido
autonomous_2020_07,2020,Parlamento Vasco / Eusko Legebiltzarra,Pais Vasco,Bizkaia,19,ANGEL RODRIGO IZQUIERDO,Hombre,TRUE,FALSE,PP+Cs,TRUE,PP y Ciudadanos,PARTIDO POPULAR + CIUDADANOS,(PP+Cs),c_pv_2020_biz.pdf,compartido
autonomous_2020_07,2020,Parlamento Vasco / Eusko Legebiltzarra,Pais Vasco,Bizkaia,20,MONICA SAEZ ABASCAL,Mujer,TRUE,FALSE,PP+Cs,TRUE,PP y Ciudadanos,PARTIDO POPULAR + CIUDADANOS,(PP+Cs),c_pv_2020_biz.pdf,compartido
autonomous_2020_07,2020,Parlamento Vasco / Eusko Legebiltzarra,Pais Vasco,Bizkaia,21,IELTXU TEJEDOR HERRERO,Hombre,TRUE,FALSE,PP+Cs,TRUE,PP y Ciudadanos,PARTIDO POPULAR + CIUDADANOS,(PP+Cs),c_pv_2020_biz.pdf,compartido
autonomous_2020_07,2020,Parlamento Vasco / Eusko Legebiltzarra,Pais Vasco,Bizkaia,22,MARIA SOLEDAD MARTINEZ BOO,Mujer,TRUE,FALSE,PP+Cs,TRUE,PP y Ciudadanos,PARTIDO POPULAR + CIUDADANOS,(PP+Cs),c_pv_2020_biz.pdf,compartido
autonomous_2020_07,2020,Parlamento Vasco / Eusko Legebiltzarra,Pais Vasco,Bizkaia,23,BEATRIZ CALVO FERNANDEZ,Mujer,TRUE,FALSE,PP+Cs,TRUE,PP y Ciudadanos,PARTIDO POPULAR + CIUDADANOS,(PP+Cs),c_pv_2020_biz.pdf,compartido
autonomous_2020_07,2020,Parlamento Vasco / Eusko Legebiltzarra,Pais Vasco,Bizkaia,24,GONZALO ZORRILLA-LEQUERICA PAÑEDA,Hombre,TRUE,FALSE,PP+Cs,TRUE,PP y Ciudadanos,PARTIDO POPULAR + CIUDADANOS,(PP+Cs),c_pv_2020_biz.pdf,compartido
autonomous_2020_07,2020,Parlamento Vasco / Eusko Legebiltzarra,Pais Vasco,Bizkaia,25,DAVID CHAMORRO TESAN,Hombre,TRUE,FALSE,PP+Cs,TRUE,PP y Ciudadanos,PARTIDO POPULAR + CIUDADANOS,(PP+Cs),c_pv_2020_biz.pdf,compartido
autonomous_2020_07,2020,Parlamento Vasco / Eusko Legebiltzarra,Pais Vasco,Bizkaia,1,MARIA DOLORES GALILEA ANCHIA,Mujer,FALSE,FALSE,PP+Cs,TRUE,PP y Ciudadanos,PARTIDO POPULAR + CIUDADANOS,(PP+Cs),c_pv_2020_biz.pdf,compartido
autonomous_2020_07,2020,Parlamento Vasco / Eusko Legebiltzarra,Pais Vasco,Bizkaia,2,DANIEL DE LA ROSA PATROCINIO,Hombre,FALSE,FALSE,PP+Cs,TRUE,PP y Ciudadanos,PARTIDO POPULAR + CIUDADANOS,(PP+Cs),c_pv_2020_biz.pdf,compartido
autonomous_2020_07,2020,Parlamento Vasco / Eusko Legebiltzarra,Pais Vasco,Bizkaia,3,JORGE PANERA CHURRUCA,Hombre,FALSE,FALSE,PP+Cs,TRUE,PP y Ciudadanos,PARTIDO POPULAR + CIUDADANOS,(PP+Cs),c_pv_2020_biz.pdf,compartido
autonomous_2020_07,2020,Parlamento Vasco / Eusko Legebiltzarra,Pais Vasco,Bizkaia,4,AGATA TENA MARTINEZ,Mujer,FALSE,FALSE,PP+Cs,TRUE,PP y Ciudadanos,PARTIDO POPULAR + CIUDADANOS,(PP+Cs),c_pv_2020_biz.pdf,compartido
autonomous_2020_07,2020,Parlamento Vasco / Eusko Legebiltzarra,Pais Vasco,Bizkaia,5,SILVIA BAREA GALINDEZ,Mujer,FALSE,FALSE,PP+Cs,TRUE,PP y Ciudadanos,PARTIDO POPULAR + CIUDADANOS,(PP+Cs),c_pv_2020_biz.pdf,compartido
autonomous_2020_07,2020,Parlamento Vasco / Eusko Legebiltzarra,Pais Vasco,Gipuzkoa,1,MURIEL LARREA LASO,Mujer,TRUE,TRUE,PP+Cs,TRUE,PP y Ciudadanos,PARTIDO POPULAR+CIUDADANOS,(PP+Cs),c_pv_2020_gip.pdf,compartido
autonomous_2020_07,2020,Parlamento Vasco / Eusko Legebiltzarra,Pais Vasco,Gipuzkoa,2,JOSÉ LUIS ARRUE PINTÓ,Hombre,TRUE,FALSE,PP+Cs,TRUE,PP y Ciudadanos,PARTIDO POPULAR+CIUDADANOS,(PP+Cs),c_pv_2020_gip.pdf,compartido
autonomous_2020_07,2020,Parlamento Vasco / Eusko Legebiltzarra,Pais Vasco,Gipuzkoa,3,ROCÍO GALIANA NARANJO,Mujer,TRUE,FALSE,PP+Cs,TRUE,PP y Ciudadanos,PARTIDO POPULAR+CIUDADANOS,(PP+Cs),c_pv_2020_gip.pdf,compartido
autonomous_2020_07,2020,Parlamento Vasco / Eusko Legebiltzarra,Pais Vasco,Gipuzkoa,4,CARLOTA SANZ MARTÍNEZ,Mujer,TRUE,FALSE,PP+Cs,TRUE,PP y Ciudadanos,PARTIDO POPULAR+CIUDADANOS,(PP+Cs),c_pv_2020_gip.pdf,compartido
autonomous_2020_07,2020,Parlamento Vasco / Eusko Legebiltzarra,Pais Vasco,Gipuzkoa,5,ÍÑIGO MANRIQUE CÍA,Hombre,TRUE,FALSE,PP+Cs,TRUE,PP y Ciudadanos,PARTIDO POPULAR+CIUDADANOS,(PP+Cs),c_pv_2020_gip.pdf,compartido
autonomous_2020_07,2020,Parlamento Vasco / Eusko Legebiltzarra,Pais Vasco,Gipuzkoa,6,IÑAKI MENDIZABAL MIGUÉLEZ,Hombre,TRUE,FALSE,PP+Cs,TRUE,PP y Ciudadanos,PARTIDO POPULAR+CIUDADANOS,(PP+Cs),c_pv_2020_gip.pdf,compartido
autonomous_2020_07,2020,Parlamento Vasco / Eusko Legebiltzarra,Pais Vasco,Gipuzkoa,7,JOSÉ JAVIER BARCÁIZTEGUI MARTÍNEZ-AVIAL,Hombre,TRUE,FALSE,PP+Cs,TRUE,PP y Ciudadanos,PARTIDO POPULAR+CIUDADANOS,(PP+Cs),c_pv_2020_gip.pdf,compartido
autonomous_2020_07,2020,Parlamento Vasco / Eusko Legebiltzarra,Pais Vasco,Gipuzkoa,8,VICTOR ASUN LERMA,Hombre,TRUE,FALSE,PP+Cs,TRUE,PP y Ciudadanos,PARTIDO POPULAR+CIUDADANOS,(PP+Cs),c_pv_2020_gip.pdf,compartido
autonomous_2020_07,2020,Parlamento Vasco / Eusko Legebiltzarra,Pais Vasco,Gipuzkoa,9,PALOMA MARTÍNEZ LADRÓN DE GUEVARA,Mujer,TRUE,FALSE,PP+Cs,TRUE,PP y Ciudadanos,PARTIDO POPULAR+CIUDADANOS,(PP+Cs),c_pv_2020_gip.pdf,compartido
autonomous_2020_07,2020,Parlamento Vasco / Eusko Legebiltzarra,Pais Vasco,Gipuzkoa,10,MARÍA PILAR ELÍAS ZABALA,Mujer,TRUE,FALSE,PP+Cs,TRUE,PP y Ciudadanos,PARTIDO POPULAR+CIUDADANOS,(PP+Cs),c_pv_2020_gip.pdf,compartido
autonomous_2020_07,2020,Parlamento Vasco / Eusko Legebiltzarra,Pais Vasco,Gipuzkoa,11,BEGOÑA PEREIRA ANDUAGA,Mujer,TRUE,FALSE,PP+Cs,TRUE,PP y Ciudadanos,PARTIDO POPULAR+CIUDADANOS,(PP+Cs),c_pv_2020_gip.pdf,compartido
autonomous_2020_07,2020,Parlamento Vasco / Eusko Legebiltzarra,Pais Vasco,Gipuzkoa,12,JOSÉ IGNACIO LILLY SÁEZ,Hombre,TRUE,FALSE,PP+Cs,TRUE,PP y Ciudadanos,PARTIDO POPULAR+CIUDADANOS,(PP+Cs),c_pv_2020_gip.pdf,compartido
autonomous_2020_07,2020,Parlamento Vasco / Eusko Legebiltzarra,Pais Vasco,Gipuzkoa,13,CARMEN BLASCO ZUASTI,Mujer,TRUE,FALSE,PP+Cs,TRUE,PP y Ciudadanos,PARTIDO POPULAR+CIUDADANOS,(PP+Cs),c_pv_2020_gip.pdf,compartido
autonomous_2020_07,2020,Parlamento Vasco / Eusko Legebiltzarra,Pais Vasco,Gipuzkoa,14,JORGE MOTA IGLESIAS,Hombre,TRUE,FALSE,PP+Cs,TRUE,PP y Ciudadanos,PARTIDO POPULAR+CIUDADANOS,(PP+Cs),c_pv_2020_gip.pdf,compartido
autonomous_2020_07,2020,Parlamento Vasco / Eusko Legebiltzarra,Pais Vasco,Gipuzkoa,15,MARÍA ANGELES BASTOS FERNÁNDEZ,Mujer,TRUE,FALSE,PP+Cs,TRUE,PP y Ciudadanos,PARTIDO POPULAR+CIUDADANOS,(PP+Cs),c_pv_2020_gip.pdf,compartido
autonomous_2020_07,2020,Parlamento Vasco / Eusko Legebiltzarra,Pais Vasco,Gipuzkoa,16,PELLO ATXUKARRO AGIRREZABALA,Hombre,TRUE,FALSE,PP+Cs,TRUE,PP y Ciudadanos,PARTIDO POPULAR+CIUDADANOS,(PP+Cs),c_pv_2020_gip.pdf,compartido
autonomous_2020_07,2020,Parlamento Vasco / Eusko Legebiltzarra,Pais Vasco,Gipuzkoa,17,MARTA SÁNCHEZ MORENO,Mujer,TRUE,FALSE,PP+Cs,TRUE,PP y Ciudadanos,PARTIDO POPULAR+CIUDADANOS,(PP+Cs),c_pv_2020_gip.pdf,compartido
autonomous_2020_07,2020,Parlamento Vasco / Eusko Legebiltzarra,Pais Vasco,Gipuzkoa,18,JUAN CARLOS CANO ARISTOY,Hombre,TRUE,FALSE,PP+Cs,TRUE,PP y Ciudadanos,PARTIDO POPULAR+CIUDADANOS,(PP+Cs),c_pv_2020_gip.pdf,compartido
autonomous_2020_07,2020,Parlamento Vasco / Eusko Legebiltzarra,Pais Vasco,Gipuzkoa,19,MARÍA EUGENIA QUEVEDO OTAEGUI,Mujer,TRUE,FALSE,PP+Cs,TRUE,PP y Ciudadanos,PARTIDO POPULAR+CIUDADANOS,(PP+Cs),c_pv_2020_gip.pdf,compartido
autonomous_2020_07,2020,Parlamento Vasco / Eusko Legebiltzarra,Pais Vasco,Gipuzkoa,20,JOSÉ MANUEL PALACIO DE UGARTE,Hombre,TRUE,FALSE,PP+Cs,TRUE,PP y Ciudadanos,PARTIDO POPULAR+CIUDADANOS,(PP+Cs),c_pv_2020_gip.pdf,compartido
autonomous_2020_07,2020,Parlamento Vasco / Eusko Legebiltzarra,Pais Vasco,Gipuzkoa,21,ENCARNACIÓN ARAMENDÍA ALONSO,Mujer,TRUE,FALSE,PP+Cs,TRUE,PP y Ciudadanos,PARTIDO POPULAR+CIUDADANOS,(PP+Cs),c_pv_2020_gip.pdf,compartido
autonomous_2020_07,2020,Parlamento Vasco / Eusko Legebiltzarra,Pais Vasco,Gipuzkoa,22,MARÍA JUAN PEÑALOSA,Mujer,TRUE,FALSE,PP+Cs,TRUE,PP y Ciudadanos,PARTIDO POPULAR+CIUDADANOS,(PP+Cs),c_pv_2020_gip.pdf,compartido
autonomous_2020_07,2020,Parlamento Vasco / Eusko Legebiltzarra,Pais Vasco,Gipuzkoa,23,MANUEL MICHELENA IGUARÁN,Hombre,TRUE,FALSE,PP+Cs,TRUE,PP y Ciudadanos,PARTIDO POPULAR+CIUDADANOS,(PP+Cs),c_pv_2020_gip.pdf,compartido
autonomous_2020_07,2020,Parlamento Vasco / Eusko Legebiltzarra,Pais Vasco,Gipuzkoa,24,MIKEL LEZAMA ZUBELDIA,Hombre,TRUE,FALSE,PP+Cs,TRUE,PP y Ciudadanos,PARTIDO POPULAR+CIUDADANOS,(PP+Cs),c_pv_2020_gip.pdf,compartido
autonomous_2020_07,2020,Parlamento Vasco / Eusko Legebiltzarra,Pais Vasco,Gipuzkoa,25,JUANA DE BENGOECHEA ESTRADE,Mujer,TRUE,FALSE,PP+Cs,TRUE,PP y Ciudadanos,PARTIDO POPULAR+CIUDADANOS,(PP+Cs),c_pv_2020_gip.pdf,compartido
autonomous_2020_07,2020,Parlamento Vasco / Eusko Legebiltzarra,Pais Vasco,Gipuzkoa,1,ANGEL YÁÑEZ ARES,Hombre,FALSE,FALSE,PP+Cs,TRUE,PP y Ciudadanos,PARTIDO POPULAR+CIUDADANOS,(PP+Cs),c_pv_2020_gip.pdf,compartido
autonomous_2020_07,2020,Parlamento Vasco / Eusko Legebiltzarra,Pais Vasco,Gipuzkoa,2,ISABEL GIL MARRODAN,Mujer,FALSE,FALSE,PP+Cs,TRUE,PP y Ciudadanos,PARTIDO POPULAR+CIUDADANOS,(PP+Cs),c_pv_2020_gip.pdf,compartido
autonomous_2020_07,2020,Parlamento Vasco / Eusko Legebiltzarra,Pais Vasco,Gipuzkoa,3,JULIO HERREROS SERNA,Hombre,FALSE,FALSE,PP+Cs,TRUE,PP y Ciudadanos,PARTIDO POPULAR+CIUDADANOS,(PP+Cs),c_pv_2020_gip.pdf,compartido
autonomous_2020_07,2020,Parlamento de Galicia,Galicia,Lugo,1,José Ángel Gómez Fernández,Hombre,TRUE,FALSE,Cs,FALSE,,CIUDADANOS-PARTIDO DE LA CIUDADANIA,Cs,c_gal_2020.pdf,compartido
autonomous_2020_07,2020,Parlamento de Galicia,Galicia,Lugo,2,Mercedes Marcos Fernández,Mujer,TRUE,FALSE,Cs,FALSE,,CIUDADANOS-PARTIDO DE LA CIUDADANIA,Cs,c_gal_2020.pdf,compartido
autonomous_2020_07,2020,Parlamento de Galicia,Galicia,Lugo,3,Pablo Pedro Domenech González,Hombre,TRUE,FALSE,Cs,FALSE,,CIUDADANOS-PARTIDO DE LA CIUDADANIA,Cs,c_gal_2020.pdf,compartido
autonomous_2020_07,2020,Parlamento de Galicia,Galicia,Lugo,4,Nerea Vidal Rodríguez,Mujer,TRUE,FALSE,Cs,FALSE,,CIUDADANOS-PARTIDO DE LA CIUDADANIA,Cs,c_gal_2020.pdf,compartido
autonomous_2020_07,2020,Parlamento de Galicia,Galicia,Lugo,5,María Nieves Pérez Dafonte,Mujer,TRUE,FALSE,Cs,FALSE,,CIUDADANOS-PARTIDO DE LA CIUDADANIA,Cs,c_gal_2020.pdf,compartido
autonomous_2020_07,2020,Parlamento de Galicia,Galicia,Lugo,6,Antonio Vázquez Darriba,Hombre,TRUE,FALSE,Cs,FALSE,,CIUDADANOS-PARTIDO DE LA CIUDADANIA,Cs,c_gal_2020.pdf,compartido
autonomous_2020_07,2020,Parlamento de Galicia,Galicia,Lugo,7,Teresa Fernández Pérez,Mujer,TRUE,FALSE,Cs,FALSE,,CIUDADANOS-PARTIDO DE LA CIUDADANIA,Cs,c_gal_2020.pdf,compartido
autonomous_2020_07,2020,Parlamento de Galicia,Galicia,Lugo,8,Aser Pérez Martínez,Hombre,TRUE,FALSE,Cs,FALSE,,CIUDADANOS-PARTIDO DE LA CIUDADANIA,Cs,c_gal_2020.pdf,compartido
autonomous_2020_07,2020,Parlamento de Galicia,Galicia,Lugo,9,María Consuelo Veiga Vilar (Independiente),Mujer,TRUE,FALSE,Cs,FALSE,,CIUDADANOS-PARTIDO DE LA CIUDADANIA,Cs,c_gal_2020.pdf,compartido
autonomous_2020_07,2020,Parlamento de Galicia,Galicia,Lugo,10,José Marcos Fernández,Hombre,TRUE,FALSE,Cs,FALSE,,CIUDADANOS-PARTIDO DE LA CIUDADANIA,Cs,c_gal_2020.pdf,compartido
autonomous_2020_07,2020,Parlamento de Galicia,Galicia,Lugo,11,Ángel José García Marcos (Independiente),Hombre,TRUE,FALSE,Cs,FALSE,,CIUDADANOS-PARTIDO DE LA CIUDADANIA,Cs,c_gal_2020.pdf,compartido
autonomous_2020_07,2020,Parlamento de Galicia,Galicia,Lugo,12,Gloria Fernández Fernández (Independiente),Mujer,TRUE,FALSE,Cs,FALSE,,CIUDADANOS-PARTIDO DE LA CIUDADANIA,Cs,c_gal_2020.pdf,compartido
autonomous_2020_07,2020,Parlamento de Galicia,Galicia,Lugo,13,Carlos Vázquez Espierrez,Hombre,TRUE,FALSE,Cs,FALSE,,CIUDADANOS-PARTIDO DE LA CIUDADANIA,Cs,c_gal_2020.pdf,compartido
autonomous_2020_07,2020,Parlamento de Galicia,Galicia,Lugo,14,Dolores Rodríguez López (Independiente),Mujer,TRUE,FALSE,Cs,FALSE,,CIUDADANOS-PARTIDO DE LA CIUDADANIA,Cs,c_gal_2020.pdf,compartido
autonomous_2020_07,2020,Parlamento de Galicia,Galicia,Lugo,1,Alba Fernández Cereijo,Mujer,FALSE,FALSE,Cs,FALSE,,CIUDADANOS-PARTIDO DE LA CIUDADANIA,Cs,c_gal_2020.pdf,compartido
autonomous_2020_07,2020,Parlamento de Galicia,Galicia,Ourense,1,José Araújo Fernández,Hombre,TRUE,FALSE,Cs,FALSE,,CIUDADANOS-PARTIDO DE LA CIUDADANIA,Cs,c_gal_2020.pdf,compartido
autonomous_2020_07,2020,Parlamento de Galicia,Galicia,Ourense,2,Marcos Chao Amaro,Hombre,TRUE,FALSE,Cs,FALSE,,CIUDADANOS-PARTIDO DE LA CIUDADANIA,Cs,c_gal_2020.pdf,compartido
autonomous_2020_07,2020,Parlamento de Galicia,Galicia,Ourense,3,María Esther Diz García,Mujer,TRUE,FALSE,Cs,FALSE,,CIUDADANOS-PARTIDO DE LA CIUDADANIA,Cs,c_gal_2020.pdf,compartido
autonomous_2020_07,2020,Parlamento de Galicia,Galicia,Ourense,4,María Gloria Rodríguez Outeiriño,Mujer,TRUE,FALSE,Cs,FALSE,,CIUDADANOS-PARTIDO DE LA CIUDADANIA,Cs,c_gal_2020.pdf,compartido
autonomous_2020_07,2020,Parlamento de Galicia,Galicia,Ourense,5,Xan Xosé Rodríguez González,Hombre,TRUE,FALSE,Cs,FALSE,,CIUDADANOS-PARTIDO DE LA CIUDADANIA,Cs,c_gal_2020.pdf,compartido
autonomous_2020_07,2020,Parlamento de Galicia,Galicia,Ourense,6,Ascensión Pérez Sampayo,Mujer,TRUE,FALSE,Cs,FALSE,,CIUDADANOS-PARTIDO DE LA CIUDADANIA,Cs,c_gal_2020.pdf,compartido
autonomous_2020_07,2020,Parlamento de Galicia,Galicia,Ourense,7,Ángel María Fernández Cebrián,Hombre,TRUE,FALSE,Cs,FALSE,,CIUDADANOS-PARTIDO DE LA CIUDADANIA,Cs,c_gal_2020.pdf,compartido
autonomous_2020_07,2020,Parlamento de Galicia,Galicia,Ourense,8,Elena Ribao Arias,Mujer,TRUE,FALSE,Cs,FALSE,,CIUDADANOS-PARTIDO DE LA CIUDADANIA,Cs,c_gal_2020.pdf,compartido
autonomous_2020_07,2020,Parlamento de Galicia,Galicia,Ourense,9,Orlando González Expósito,Hombre,TRUE,FALSE,Cs,FALSE,,CIUDADANOS-PARTIDO DE LA CIUDADANIA,Cs,c_gal_2020.pdf,compartido
autonomous_2020_07,2020,Parlamento de Galicia,Galicia,Ourense,10,Érica Álvarez Blanco DOG Núm. 117,Mujer,TRUE,FALSE,Cs,FALSE,,CIUDADANOS-PARTIDO DE LA CIUDADANIA,Cs,c_gal_2020.pdf,compartido
autonomous_2020_07,2020,Parlamento de Galicia,Galicia,Ourense,11,Francisco José García Quirós,Hombre,TRUE,FALSE,Cs,FALSE,,CIUDADANOS-PARTIDO DE LA CIUDADANIA,Cs,c_gal_2020.pdf,compartido
autonomous_2020_07,2020,Parlamento de Galicia,Galicia,Ourense,12,Ana Belén Doforno Cid,Mujer,TRUE,FALSE,Cs,FALSE,,CIUDADANOS-PARTIDO DE LA CIUDADANIA,Cs,c_gal_2020.pdf,compartido
autonomous_2020_07,2020,Parlamento de Galicia,Galicia,Ourense,13,Irene Aguiar Lale,Mujer,TRUE,FALSE,Cs,FALSE,,CIUDADANOS-PARTIDO DE LA CIUDADANIA,Cs,c_gal_2020.pdf,compartido
autonomous_2020_07,2020,Parlamento de Galicia,Galicia,Ourense,14,Laureano Bermejo Ansia,Hombre,TRUE,FALSE,Cs,FALSE,,CIUDADANOS-PARTIDO DE LA CIUDADANIA,Cs,c_gal_2020.pdf,compartido
autonomous_2020_07,2020,Parlamento de Galicia,Galicia,Ourense,1,José Carlos Fernández Castro,Hombre,FALSE,FALSE,Cs,FALSE,,CIUDADANOS-PARTIDO DE LA CIUDADANIA,Cs,c_gal_2020.pdf,compartido
autonomous_2020_07,2020,Parlamento de Galicia,Galicia,Ourense,2,Dolores Crespo Pérez,Mujer,FALSE,FALSE,Cs,FALSE,,CIUDADANOS-PARTIDO DE LA CIUDADANIA,Cs,c_gal_2020.pdf,compartido
autonomous_2020_07,2020,Parlamento de Galicia,Galicia,Ourense,3,Elsa Fernández Rodríguez,Mujer,FALSE,FALSE,Cs,FALSE,,CIUDADANOS-PARTIDO DE LA CIUDADANIA,Cs,c_gal_2020.pdf,compartido
autonomous_2020_07,2020,Parlamento de Galicia,Galicia,Pontevedra,1,Beatriz Pino Ocampo,Mujer,TRUE,FALSE,Cs,FALSE,,CIUDADANOS-PARTIDO DE LA CIUDADANIA,Cs,c_gal_2020.pdf,compartido
autonomous_2020_07,2020,Parlamento de Galicia,Galicia,Pontevedra,2,Luis Miguel Lamas Pérez,Hombre,TRUE,FALSE,Cs,FALSE,,CIUDADANOS-PARTIDO DE LA CIUDADANIA,Cs,c_gal_2020.pdf,compartido
autonomous_2020_07,2020,Parlamento de Galicia,Galicia,Pontevedra,3,María de Fátima Iglesias Ferreira,Mujer,TRUE,FALSE,Cs,FALSE,,CIUDADANOS-PARTIDO DE LA CIUDADANIA,Cs,c_gal_2020.pdf,compartido
autonomous_2020_07,2020,Parlamento de Galicia,Galicia,Pontevedra,4,Andrés Cal Malleiro,Hombre,TRUE,FALSE,Cs,FALSE,,CIUDADANOS-PARTIDO DE LA CIUDADANIA,Cs,c_gal_2020.pdf,compartido
autonomous_2020_07,2020,Parlamento de Galicia,Galicia,Pontevedra,5,Raquel Álvarez Mera,Mujer,TRUE,FALSE,Cs,FALSE,,CIUDADANOS-PARTIDO DE LA CIUDADANIA,Cs,c_gal_2020.pdf,compartido
autonomous_2020_07,2020,Parlamento de Galicia,Galicia,Pontevedra,6,Sergio Jesús Iglesias González,Hombre,TRUE,FALSE,Cs,FALSE,,CIUDADANOS-PARTIDO DE LA CIUDADANIA,Cs,c_gal_2020.pdf,compartido
autonomous_2020_07,2020,Parlamento de Galicia,Galicia,Pontevedra,7,Silvia Villaverde Pichel,Mujer,TRUE,FALSE,Cs,FALSE,,CIUDADANOS-PARTIDO DE LA CIUDADANIA,Cs,c_gal_2020.pdf,compartido
autonomous_2020_07,2020,Parlamento de Galicia,Galicia,Pontevedra,8,Mario Martínez Miguelez,Hombre,TRUE,FALSE,Cs,FALSE,,CIUDADANOS-PARTIDO DE LA CIUDADANIA,Cs,c_gal_2020.pdf,compartido
autonomous_2020_07,2020,Parlamento de Galicia,Galicia,Pontevedra,9,María de los Ángeles Alonso Rodríguez,Mujer,TRUE,FALSE,Cs,FALSE,,CIUDADANOS-PARTIDO DE LA CIUDADANIA,Cs,c_gal_2020.pdf,compartido
autonomous_2020_07,2020,Parlamento de Galicia,Galicia,Pontevedra,10,Rafael Pablo Rodríguez Amenedo,Hombre,TRUE,FALSE,Cs,FALSE,,CIUDADANOS-PARTIDO DE LA CIUDADANIA,Cs,c_gal_2020.pdf,compartido
autonomous_2020_07,2020,Parlamento de Galicia,Galicia,Pontevedra,11,Josefa Casado González,Mujer,TRUE,FALSE,Cs,FALSE,,CIUDADANOS-PARTIDO DE LA CIUDADANIA,Cs,c_gal_2020.pdf,compartido
autonomous_2020_07,2020,Parlamento de Galicia,Galicia,Pontevedra,12,Alberto Senande Rodríguez,Hombre,TRUE,FALSE,Cs,FALSE,,CIUDADANOS-PARTIDO DE LA CIUDADANIA,Cs,c_gal_2020.pdf,compartido
autonomous_2020_07,2020,Parlamento de Galicia,Galicia,Pontevedra,13,María Salomé Taboada Mella,Mujer,TRUE,FALSE,Cs,FALSE,,CIUDADANOS-PARTIDO DE LA CIUDADANIA,Cs,c_gal_2020.pdf,compartido
autonomous_2020_07,2020,Parlamento de Galicia,Galicia,Pontevedra,14,Miguel Comesaña Alonso,Hombre,TRUE,FALSE,Cs,FALSE,,CIUDADANOS-PARTIDO DE LA CIUDADANIA,Cs,c_gal_2020.pdf,compartido
autonomous_2020_07,2020,Parlamento de Galicia,Galicia,Pontevedra,15,María Yolanda Cuadrado De Llano,Mujer,TRUE,FALSE,Cs,FALSE,,CIUDADANOS-PARTIDO DE LA CIUDADANIA,Cs,c_gal_2020.pdf,compartido
autonomous_2020_07,2020,Parlamento de Galicia,Galicia,Pontevedra,16,Carlos Luis Fontán Ruiz,Hombre,TRUE,FALSE,Cs,FALSE,,CIUDADANOS-PARTIDO DE LA CIUDADANIA,Cs,c_gal_2020.pdf,compartido
autonomous_2020_07,2020,Parlamento de Galicia,Galicia,Pontevedra,17,Mónica Estefanía Garrido Cimadevila,Mujer,TRUE,FALSE,Cs,FALSE,,CIUDADANOS-PARTIDO DE LA CIUDADANIA,Cs,c_gal_2020.pdf,compartido
autonomous_2020_07,2020,Parlamento de Galicia,Galicia,Pontevedra,18,Sergio Abal Varela,Hombre,TRUE,FALSE,Cs,FALSE,,CIUDADANOS-PARTIDO DE LA CIUDADANIA,Cs,c_gal_2020.pdf,compartido
autonomous_2020_07,2020,Parlamento de Galicia,Galicia,Pontevedra,19,Adriana Martínez Muras,Mujer,TRUE,FALSE,Cs,FALSE,,CIUDADANOS-PARTIDO DE LA CIUDADANIA,Cs,c_gal_2020.pdf,compartido
autonomous_2020_07,2020,Parlamento de Galicia,Galicia,Pontevedra,20,Benjamín Vences Bouzas,Hombre,TRUE,FALSE,Cs,FALSE,,CIUDADANOS-PARTIDO DE LA CIUDADANIA,Cs,c_gal_2020.pdf,compartido
autonomous_2020_07,2020,Parlamento de Galicia,Galicia,Pontevedra,21,Begoña Gil Durán,Mujer,TRUE,FALSE,Cs,FALSE,,CIUDADANOS-PARTIDO DE LA CIUDADANIA,Cs,c_gal_2020.pdf,compartido
autonomous_2020_07,2020,Parlamento de Galicia,Galicia,Pontevedra,22,Modesto Comesaña Boubeta,Hombre,TRUE,FALSE,Cs,FALSE,,CIUDADANOS-PARTIDO DE LA CIUDADANIA,Cs,c_gal_2020.pdf,compartido
autonomous_2020_07,2020,Parlamento de Galicia,Galicia,Pontevedra,1,Susana Álvarez Castro,Mujer,FALSE,FALSE,Cs,FALSE,,CIUDADANOS-PARTIDO DE LA CIUDADANIA,Cs,c_gal_2020.pdf,compartido
autonomous_2020_07,2020,Parlamento de Galicia,Galicia,Pontevedra,2,José Manuel Montoto Sanmartín DOG Núm. 117,Hombre,FALSE,FALSE,Cs,FALSE,,CIUDADANOS-PARTIDO DE LA CIUDADANIA,Cs,c_gal_2020.pdf,compartido
autonomous_2020_07,2020,Parlamento Vasco / Eusko Legebiltzarra,Pais Vasco,Álava,1,CARMELO BARRIO BAROJA,Hombre,TRUE,TRUE,PP+Cs,TRUE,PP y Ciudadanos,PARTIDO POPULAR + CIUDADANOS,PP +Cs,c_pv_2020_ala.pdf,compartido
autonomous_2020_07,2020,Parlamento Vasco / Eusko Legebiltzarra,Pais Vasco,Álava,2,LAURA GARRIDO KNÖRR,Mujer,TRUE,TRUE,PP+Cs,TRUE,PP y Ciudadanos,PARTIDO POPULAR + CIUDADANOS,PP +Cs,c_pv_2020_ala.pdf,compartido
autonomous_2020_07,2020,Parlamento Vasco / Eusko Legebiltzarra,Pais Vasco,Álava,3,JOSE MANUEL GIL VEGAS,Hombre,TRUE,TRUE,PP+Cs,TRUE,PP y Ciudadanos,PARTIDO POPULAR + CIUDADANOS,PP +Cs,c_pv_2020_ala.pdf,compartido
autonomous_2020_07,2020,Parlamento Vasco / Eusko Legebiltzarra,Pais Vasco,Álava,4,CARLOS DE URQUIJO VALDIVIELSO,Hombre,TRUE,FALSE,PP+Cs,TRUE,PP y Ciudadanos,PARTIDO POPULAR + CIUDADANOS,PP +Cs,c_pv_2020_ala.pdf,compartido
autonomous_2020_07,2020,Parlamento Vasco / Eusko Legebiltzarra,Pais Vasco,Álava,5,Mª CARMEN LÓPEZ DE OCÁRIZ LÓPEZ DE MUNAIN,Mujer,TRUE,FALSE,PP+Cs,TRUE,PP y Ciudadanos,PARTIDO POPULAR + CIUDADANOS,PP +Cs,c_pv_2020_ala.pdf,compartido
autonomous_2020_07,2020,Parlamento Vasco / Eusko Legebiltzarra,Pais Vasco,Álava,6,ANA MORALES PERAL,Mujer,TRUE,FALSE,PP+Cs,TRUE,PP y Ciudadanos,PARTIDO POPULAR + CIUDADANOS,PP +Cs,c_pv_2020_ala.pdf,compartido
autonomous_2020_07,2020,Parlamento Vasco / Eusko Legebiltzarra,Pais Vasco,Álava,7,GABRIELA SANVICENTE ORTEGA,Mujer,TRUE,FALSE,PP+Cs,TRUE,PP y Ciudadanos,PARTIDO POPULAR + CIUDADANOS,PP +Cs,c_pv_2020_ala.pdf,compartido
autonomous_2020_07,2020,Parlamento Vasco / Eusko Legebiltzarra,Pais Vasco,Álava,8,SANTOS GUTIÉRREZ FIGUEROA,Hombre,TRUE,FALSE,PP+Cs,TRUE,PP y Ciudadanos,PARTIDO POPULAR + CIUDADANOS,PP +Cs,c_pv_2020_ala.pdf,compartido
autonomous_2020_07,2020,Parlamento Vasco / Eusko Legebiltzarra,Pais Vasco,Álava,9,JAVIER RUIZ DE ARBULO CERIO,Hombre,TRUE,FALSE,PP+Cs,TRUE,PP y Ciudadanos,PARTIDO POPULAR + CIUDADANOS,PP +Cs,c_pv_2020_ala.pdf,compartido
autonomous_2020_07,2020,Parlamento Vasco / Eusko Legebiltzarra,Pais Vasco,Álava,10,AITOR GONZÁLEZ GONZÁLEZ,Hombre,TRUE,FALSE,PP+Cs,TRUE,PP y Ciudadanos,PARTIDO POPULAR + CIUDADANOS,PP +Cs,c_pv_2020_ala.pdf,compartido
autonomous_2020_07,2020,Parlamento Vasco / Eusko Legebiltzarra,Pais Vasco,Álava,11,MONTSE CANIVE ALDAMA,Mujer,TRUE,FALSE,PP+Cs,TRUE,PP y Ciudadanos,PARTIDO POPULAR + CIUDADANOS,PP +Cs,c_pv_2020_ala.pdf,compartido
autonomous_2020_07,2020,Parlamento Vasco / Eusko Legebiltzarra,Pais Vasco,Álava,12,ESTHER HERNANDO SÁEZ DE ASTEASU,Mujer,TRUE,FALSE,PP+Cs,TRUE,PP y Ciudadanos,PARTIDO POPULAR + CIUDADANOS,PP +Cs,c_pv_2020_ala.pdf,compartido
autonomous_2020_07,2020,Parlamento Vasco / Eusko Legebiltzarra,Pais Vasco,Álava,13,JESÚS MONTEJO RUIZ DE LOIZAGA,Hombre,TRUE,FALSE,PP+Cs,TRUE,PP y Ciudadanos,PARTIDO POPULAR + CIUDADANOS,PP +Cs,c_pv_2020_ala.pdf,compartido
autonomous_2020_07,2020,Parlamento Vasco / Eusko Legebiltzarra,Pais Vasco,Álava,14,MARTA ALAÑA ALONSO,Mujer,TRUE,FALSE,PP+Cs,TRUE,PP y Ciudadanos,PARTIDO POPULAR + CIUDADANOS,PP +Cs,c_pv_2020_ala.pdf,compartido
autonomous_2020_07,2020,Parlamento Vasco / Eusko Legebiltzarra,Pais Vasco,Álava,15,TOMÁS OZAETA SAGASTUY,Hombre,TRUE,FALSE,PP+Cs,TRUE,PP y Ciudadanos,PARTIDO POPULAR + CIUDADANOS,PP +Cs,c_pv_2020_ala.pdf,compartido
autonomous_2020_07,2020,Parlamento Vasco / Eusko Legebiltzarra,Pais Vasco,Álava,16,MARÍA ASATEGUI VIGURI,Mujer,TRUE,FALSE,PP+Cs,TRUE,PP y Ciudadanos,PARTIDO POPULAR + CIUDADANOS,PP +Cs,c_pv_2020_ala.pdf,compartido
autonomous_2020_07,2020,Parlamento Vasco / Eusko Legebiltzarra,Pais Vasco,Álava,17,IXONE MUSITU BARRERO,Mujer,TRUE,FALSE,PP+Cs,TRUE,PP y Ciudadanos,PARTIDO POPULAR + CIUDADANOS,PP +Cs,c_pv_2020_ala.pdf,compartido
autonomous_2020_07,2020,Parlamento Vasco / Eusko Legebiltzarra,Pais Vasco,Álava,18,JOSEBA ELEJALDE RIBACOBA,Hombre,TRUE,FALSE,PP+Cs,TRUE,PP y Ciudadanos,PARTIDO POPULAR + CIUDADANOS,PP +Cs,c_pv_2020_ala.pdf,compartido
autonomous_2020_07,2020,Parlamento Vasco / Eusko Legebiltzarra,Pais Vasco,Álava,19,EDURNE PEREZ DE VIÑASPRE GARCIA,Mujer,TRUE,FALSE,PP+Cs,TRUE,PP y Ciudadanos,PARTIDO POPULAR + CIUDADANOS,PP +Cs,c_pv_2020_ala.pdf,compartido
autonomous_2020_07,2020,Parlamento Vasco / Eusko Legebiltzarra,Pais Vasco,Álava,20,JULIAN LÓPEZ ESCUDERO,Hombre,TRUE,FALSE,PP+Cs,TRUE,PP y Ciudadanos,PARTIDO POPULAR + CIUDADANOS,PP +Cs,c_pv_2020_ala.pdf,compartido
autonomous_2020_07,2020,Parlamento Vasco / Eusko Legebiltzarra,Pais Vasco,Álava,21,AINHOA DOMAICA GOÑI,Mujer,TRUE,FALSE,PP+Cs,TRUE,PP y Ciudadanos,PARTIDO POPULAR + CIUDADANOS,PP +Cs,c_pv_2020_ala.pdf,compartido
autonomous_2020_07,2020,Parlamento Vasco / Eusko Legebiltzarra,Pais Vasco,Álava,22,SATUR GARCÍA CUEVAS,,TRUE,FALSE,PP+Cs,TRUE,PP y Ciudadanos,PARTIDO POPULAR + CIUDADANOS,PP +Cs,c_pv_2020_ala.pdf,compartido
autonomous_2020_07,2020,Parlamento Vasco / Eusko Legebiltzarra,Pais Vasco,Álava,23,LETICIA COMERON REFOJOS,Mujer,TRUE,FALSE,PP+Cs,TRUE,PP y Ciudadanos,PARTIDO POPULAR + CIUDADANOS,PP +Cs,c_pv_2020_ala.pdf,compartido
autonomous_2020_07,2020,Parlamento Vasco / Eusko Legebiltzarra,Pais Vasco,Álava,24,ANA SALAZAR AGUAYO,Mujer,TRUE,FALSE,PP+Cs,TRUE,PP y Ciudadanos,PARTIDO POPULAR + CIUDADANOS,PP +Cs,c_pv_2020_ala.pdf,compartido
autonomous_2020_07,2020,Parlamento Vasco / Eusko Legebiltzarra,Pais Vasco,Álava,25,IÑAKI OYARZABAL DE MIGUEL,Hombre,TRUE,FALSE,PP+Cs,TRUE,PP y Ciudadanos,PARTIDO POPULAR + CIUDADANOS,PP +Cs,c_pv_2020_ala.pdf,compartido
autonomous_2020_07,2020,Parlamento Vasco / Eusko Legebiltzarra,Pais Vasco,Álava,1,ANA ESTHER ORTIZ DE URBINA ALAÑA,Mujer,FALSE,FALSE,PP+Cs,TRUE,PP y Ciudadanos,PARTIDO POPULAR + CIUDADANOS,PP +Cs,c_pv_2020_ala.pdf,compartido
autonomous_2020_07,2020,Parlamento Vasco / Eusko Legebiltzarra,Pais Vasco,Álava,2,RUBEN CONEJO GOÑI,Hombre,FALSE,FALSE,PP+Cs,TRUE,PP y Ciudadanos,PARTIDO POPULAR + CIUDADANOS,PP +Cs,c_pv_2020_ala.pdf,compartido
autonomous_2020_07,2020,Parlamento Vasco / Eusko Legebiltzarra,Pais Vasco,Álava,3,ROSA MARCOS ALVAREZ,Mujer,FALSE,FALSE,PP+Cs,TRUE,PP y Ciudadanos,PARTIDO POPULAR + CIUDADANOS,PP +Cs,c_pv_2020_ala.pdf,compartido
autonomous_2020_07,2020,Parlamento Vasco / Eusko Legebiltzarra,Pais Vasco,Álava,4,EDUARDO INCLAN GIL,Hombre,FALSE,FALSE,PP+Cs,TRUE,PP y Ciudadanos,PARTIDO POPULAR + CIUDADANOS,PP +Cs,c_pv_2020_ala.pdf,compartido
autonomous_2020_07,2020,Parlamento Vasco / Eusko Legebiltzarra,Pais Vasco,Álava,5,PEPA LAFUENTE ORIVE,Mujer,FALSE,FALSE,PP+Cs,TRUE,PP y Ciudadanos,PARTIDO POPULAR + CIUDADANOS,PP +Cs,c_pv_2020_ala.pdf,compartido
autonomous_2021_02,2021,Parlament de Catalunya,Cataluna,Barcelona,1,Carlos Carrizosa Torres,Hombre,TRUE,TRUE,Cs,FALSE,,CIUTADANS - PARTIDO DE LA CIUDADANÍA,Cs,c_cat_2021_bar.pdf,compartido
autonomous_2021_02,2021,Parlament de Catalunya,Cataluna,Barcelona,2,Ana María Grau Arias,Mujer,TRUE,TRUE,Cs,FALSE,,CIUTADANS - PARTIDO DE LA CIUDADANÍA,Cs,c_cat_2021_bar.pdf,compartido
autonomous_2021_02,2021,Parlament de Catalunya,Cataluna,Barcelona,3,Ignacio de Loyola (Nacho) Martín Blanco,Hombre,TRUE,TRUE,Cs,FALSE,,CIUTADANS - PARTIDO DE LA CIUDADANÍA,Cs,c_cat_2021_bar.pdf,compartido
autonomous_2021_02,2021,Parlament de Catalunya,Cataluna,Barcelona,4,Marina Bravo Sobrino,Mujer,TRUE,TRUE,Cs,FALSE,,CIUTADANS - PARTIDO DE LA CIUDADANÍA,Cs,c_cat_2021_bar.pdf,compartido
autonomous_2021_02,2021,Parlament de Catalunya,Cataluna,Barcelona,5,Joan García González,Hombre,TRUE,TRUE,Cs,FALSE,,CIUTADANS - PARTIDO DE LA CIUDADANÍA,Cs,c_cat_2021_bar.pdf,compartido
autonomous_2021_02,2021,Parlament de Catalunya,Cataluna,Barcelona,6,Noemí De la Calle Sifré,Mujer,TRUE,FALSE,Cs,FALSE,,CIUTADANS - PARTIDO DE LA CIUDADANÍA,Cs,c_cat_2021_bar.pdf,compartido
autonomous_2021_02,2021,Parlament de Catalunya,Cataluna,Barcelona,7,Jose María Cano Navarro,Hombre,TRUE,FALSE,Cs,FALSE,,CIUTADANS - PARTIDO DE LA CIUDADANÍA,Cs,c_cat_2021_bar.pdf,compartido
autonomous_2021_02,2021,Parlament de Catalunya,Cataluna,Barcelona,8,Sonia Sierra Infante,Mujer,TRUE,FALSE,Cs,FALSE,,CIUTADANS - PARTIDO DE LA CIUDADANÍA,Cs,c_cat_2021_bar.pdf,compartido
autonomous_2021_02,2021,Parlament de Catalunya,Cataluna,Barcelona,9,Dimas Gragera Velaz,Hombre,TRUE,FALSE,Cs,FALSE,,CIUTADANS - PARTIDO DE LA CIUDADANÍA,Cs,c_cat_2021_bar.pdf,compartido
autonomous_2021_02,2021,Parlament de Catalunya,Cataluna,Barcelona,10,Isabel Martínez Comas,Mujer,TRUE,FALSE,Cs,FALSE,,CIUTADANS - PARTIDO DE LA CIUDADANÍA,Cs,c_cat_2021_bar.pdf,compartido
autonomous_2021_02,2021,Parlament de Catalunya,Cataluna,Barcelona,11,David Mejía Ayra,Hombre,TRUE,FALSE,Cs,FALSE,,CIUTADANS - PARTIDO DE LA CIUDADANÍA,Cs,c_cat_2021_bar.pdf,compartido
autonomous_2021_02,2021,Parlament de Catalunya,Cataluna,Barcelona,12,Carlos Sánchez Martín,Hombre,TRUE,FALSE,Cs,FALSE,,CIUTADANS - PARTIDO DE LA CIUDADANÍA,Cs,c_cat_2021_bar.pdf,compartido
autonomous_2021_02,2021,Parlament de Catalunya,Cataluna,Barcelona,13,Susana Beltrán García,Mujer,TRUE,FALSE,Cs,FALSE,,CIUTADANS - PARTIDO DE LA CIUDADANÍA,Cs,c_cat_2021_bar.pdf,compartido
autonomous_2021_02,2021,Parlament de Catalunya,Cataluna,Barcelona,14,Blanca Navarro Pacheco,Mujer,TRUE,FALSE,Cs,FALSE,,CIUTADANS - PARTIDO DE LA CIUDADANÍA,Cs,c_cat_2021_bar.pdf,compartido
autonomous_2021_02,2021,Parlament de Catalunya,Cataluna,Barcelona,15,Martín Barra López,Hombre,TRUE,FALSE,Cs,FALSE,,CIUTADANS - PARTIDO DE LA CIUDADANÍA,Cs,c_cat_2021_bar.pdf,compartido
autonomous_2021_02,2021,Parlament de Catalunya,Cataluna,Barcelona,16,Manuel Rodríguez de l´hotellerie de Fallois,Hombre,TRUE,FALSE,Cs,FALSE,,CIUTADANS - PARTIDO DE LA CIUDADANÍA,Cs,c_cat_2021_bar.pdf,compartido
autonomous_2021_02,2021,Parlament de Catalunya,Cataluna,Barcelona,17,Martín Pachamé Barrera,Hombre,TRUE,FALSE,Cs,FALSE,,CIUTADANS - PARTIDO DE LA CIUDADANÍA,Cs,c_cat_2021_bar.pdf,compartido
autonomous_2021_02,2021,Parlament de Catalunya,Cataluna,Barcelona,18,Sonia Rodríguez Ruiz,Mujer,TRUE,FALSE,Cs,FALSE,,CIUTADANS - PARTIDO DE LA CIUDADANÍA,Cs,c_cat_2021_bar.pdf,compartido
autonomous_2021_02,2021,Parlament de Catalunya,Cataluna,Barcelona,19,Sergio Salcedo Bermúdez,Hombre,TRUE,FALSE,Cs,FALSE,,CIUTADANS - PARTIDO DE LA CIUDADANÍA,Cs,c_cat_2021_bar.pdf,compartido
autonomous_2021_02,2021,Parlament de Catalunya,Cataluna,Barcelona,20,Laura Casado Delgado,Mujer,TRUE,FALSE,Cs,FALSE,,CIUTADANS - PARTIDO DE LA CIUDADANÍA,Cs,c_cat_2021_bar.pdf,compartido
autonomous_2021_02,2021,Parlament de Catalunya,Cataluna,Barcelona,21,Munia Fernández-Jordán Celorio,Mujer,TRUE,FALSE,Cs,FALSE,,CIUTADANS - PARTIDO DE LA CIUDADANÍA,Cs,c_cat_2021_bar.pdf,compartido
autonomous_2021_02,2021,Parlament de Catalunya,Cataluna,Barcelona,22,María Mercedes Escofet Sala,Mujer,TRUE,FALSE,Cs,FALSE,,CIUTADANS - PARTIDO DE LA CIUDADANÍA,Cs,c_cat_2021_bar.pdf,compartido
autonomous_2021_02,2021,Parlament de Catalunya,Cataluna,Barcelona,23,Marc Sergi El Khaledi Sánchez,Hombre,TRUE,FALSE,Cs,FALSE,,CIUTADANS - PARTIDO DE LA CIUDADANÍA,Cs,c_cat_2021_bar.pdf,compartido
autonomous_2021_02,2021,Parlament de Catalunya,Cataluna,Barcelona,24,Enrique Aranda Morilla,Hombre,TRUE,FALSE,Cs,FALSE,,CIUTADANS - PARTIDO DE LA CIUDADANÍA,Cs,c_cat_2021_bar.pdf,compartido
autonomous_2021_02,2021,Parlament de Catalunya,Cataluna,Barcelona,25,María Carmen Esteban Fernández,Mujer,TRUE,FALSE,Cs,FALSE,,CIUTADANS - PARTIDO DE LA CIUDADANÍA,Cs,c_cat_2021_bar.pdf,compartido
autonomous_2021_02,2021,Parlament de Catalunya,Cataluna,Barcelona,26,Elisabet Valencia Mimbrero,Mujer,TRUE,FALSE,Cs,FALSE,,CIUTADANS - PARTIDO DE LA CIUDADANÍA,Cs,c_cat_2021_bar.pdf,compartido
autonomous_2021_02,2021,Parlament de Catalunya,Cataluna,Barcelona,27,Jose María González Murt,Hombre,TRUE,FALSE,Cs,FALSE,,CIUTADANS - PARTIDO DE LA CIUDADANÍA,Cs,c_cat_2021_bar.pdf,compartido
autonomous_2021_02,2021,Parlament de Catalunya,Cataluna,Barcelona,28,Lluís Tejedor Fabregat,Hombre,TRUE,FALSE,Cs,FALSE,,CIUTADANS - PARTIDO DE LA CIUDADANÍA,Cs,c_cat_2021_bar.pdf,compartido
autonomous_2021_02,2021,Parlament de Catalunya,Cataluna,Barcelona,29,Erica Quintero Ultrarán,Mujer,TRUE,FALSE,Cs,FALSE,,CIUTADANS - PARTIDO DE LA CIUDADANÍA,Cs,c_cat_2021_bar.pdf,compartido
autonomous_2021_02,2021,Parlament de Catalunya,Cataluna,Barcelona,30,Francisco Avilés Salazar,Hombre,TRUE,FALSE,Cs,FALSE,,CIUTADANS - PARTIDO DE LA CIUDADANÍA,Cs,c_cat_2021_bar.pdf,compartido
autonomous_2021_02,2021,Parlament de Catalunya,Cataluna,Barcelona,31,Anna Clara Martínez Fernández,Mujer,TRUE,FALSE,Cs,FALSE,,CIUTADANS - PARTIDO DE LA CIUDADANÍA,Cs,c_cat_2021_bar.pdf,compartido
autonomous_2021_02,2021,Parlament de Catalunya,Cataluna,Barcelona,32,Francisco Javier González Mateo,Hombre,TRUE,FALSE,Cs,FALSE,,CIUTADANS - PARTIDO DE LA CIUDADANÍA,Cs,c_cat_2021_bar.pdf,compartido
autonomous_2021_02,2021,Parlament de Catalunya,Cataluna,Barcelona,33,Óscar León Jurado,Hombre,TRUE,FALSE,Cs,FALSE,,CIUTADANS - PARTIDO DE LA CIUDADANÍA,Cs,c_cat_2021_bar.pdf,compartido
autonomous_2021_02,2021,Parlament de Catalunya,Cataluna,Barcelona,34,Sonia Reina Sánchez,Mujer,TRUE,FALSE,Cs,FALSE,,CIUTADANS - PARTIDO DE LA CIUDADANÍA,Cs,c_cat_2021_bar.pdf,compartido
autonomous_2021_02,2021,Parlament de Catalunya,Cataluna,Barcelona,35,Enrique Jimeno Fernández,Hombre,TRUE,FALSE,Cs,FALSE,,CIUTADANS - PARTIDO DE LA CIUDADANÍA,Cs,c_cat_2021_bar.pdf,compartido
autonomous_2021_02,2021,Parlament de Catalunya,Cataluna,Barcelona,36,Cristina Arias Martínez,Mujer,TRUE,FALSE,Cs,FALSE,,CIUTADANS - PARTIDO DE LA CIUDADANÍA,Cs,c_cat_2021_bar.pdf,compartido
autonomous_2021_02,2021,Parlament de Catalunya,Cataluna,Barcelona,37,Amador Doncel Márquez,Hombre,TRUE,FALSE,Cs,FALSE,,CIUTADANS - PARTIDO DE LA CIUDADANÍA,Cs,c_cat_2021_bar.pdf,compartido
autonomous_2021_02,2021,Parlament de Catalunya,Cataluna,Barcelona,38,Antolín Jiménez Martín,Hombre,TRUE,FALSE,Cs,FALSE,,CIUTADANS - PARTIDO DE LA CIUDADANÍA,Cs,c_cat_2021_bar.pdf,compartido
autonomous_2021_02,2021,Parlament de Catalunya,Cataluna,Barcelona,39,Javier Edrosa Pérez,Hombre,TRUE,FALSE,Cs,FALSE,,CIUTADANS - PARTIDO DE LA CIUDADANÍA,Cs,c_cat_2021_bar.pdf,compartido
autonomous_2021_02,2021,Parlament de Catalunya,Cataluna,Barcelona,40,María Soledad García Durán,Mujer,TRUE,FALSE,Cs,FALSE,,CIUTADANS - PARTIDO DE LA CIUDADANÍA,Cs,c_cat_2021_bar.pdf,compartido
autonomous_2021_02,2021,Parlament de Catalunya,Cataluna,Barcelona,41,Susana Sánchez García,Mujer,TRUE,FALSE,Cs,FALSE,,CIUTADANS - PARTIDO DE LA CIUDADANÍA,Cs,c_cat_2021_bar.pdf,compartido
autonomous_2021_02,2021,Parlament de Catalunya,Cataluna,Barcelona,42,Alí Rashid Butt Begum,Hombre,TRUE,FALSE,Cs,FALSE,,CIUTADANS - PARTIDO DE LA CIUDADANÍA,Cs,c_cat_2021_bar.pdf,compartido
autonomous_2021_02,2021,Parlament de Catalunya,Cataluna,Barcelona,43,Carmen Alicia Manchón Villaverde,Mujer,TRUE,FALSE,Cs,FALSE,,CIUTADANS - PARTIDO DE LA CIUDADANÍA,Cs,c_cat_2021_bar.pdf,compartido
autonomous_2021_02,2021,Parlament de Catalunya,Cataluna,Barcelona,44,Óscar Marjalizo Hernández,Hombre,TRUE,FALSE,Cs,FALSE,,CIUTADANS - PARTIDO DE LA CIUDADANÍA,Cs,c_cat_2021_bar.pdf,compartido
autonomous_2021_02,2021,Parlament de Catalunya,Cataluna,Barcelona,45,Alicia Orive Sola,Mujer,TRUE,FALSE,Cs,FALSE,,CIUTADANS - PARTIDO DE LA CIUDADANÍA,Cs,c_cat_2021_bar.pdf,compartido
autonomous_2021_02,2021,Parlament de Catalunya,Cataluna,Barcelona,46,Jose Manuel Ortiz Jiménez,Hombre,TRUE,FALSE,Cs,FALSE,,CIUTADANS - PARTIDO DE LA CIUDADANÍA,Cs,c_cat_2021_bar.pdf,compartido
autonomous_2021_02,2021,Parlament de Catalunya,Cataluna,Barcelona,47,Esther Sánchez Soriano,Mujer,TRUE,FALSE,Cs,FALSE,,CIUTADANS - PARTIDO DE LA CIUDADANÍA,Cs,c_cat_2021_bar.pdf,compartido
autonomous_2021_02,2021,Parlament de Catalunya,Cataluna,Barcelona,48,Eladio Manuel García Lodeiro,Hombre,TRUE,FALSE,Cs,FALSE,,CIUTADANS - PARTIDO DE LA CIUDADANÍA,Cs,c_cat_2021_bar.pdf,compartido
autonomous_2021_02,2021,Parlament de Catalunya,Cataluna,Barcelona,49,Miriam Rocabruna Rodríguez,Mujer,TRUE,FALSE,Cs,FALSE,,CIUTADANS - PARTIDO DE LA CIUDADANÍA,Cs,c_cat_2021_bar.pdf,compartido
autonomous_2021_02,2021,Parlament de Catalunya,Cataluna,Barcelona,50,Manuel Mendoza García,Hombre,TRUE,FALSE,Cs,FALSE,,CIUTADANS - PARTIDO DE LA CIUDADANÍA,Cs,c_cat_2021_bar.pdf,compartido
autonomous_2021_02,2021,Parlament de Catalunya,Cataluna,Barcelona,51,Changyu Bao,,TRUE,FALSE,Cs,FALSE,,CIUTADANS - PARTIDO DE LA CIUDADANÍA,Cs,c_cat_2021_bar.pdf,compartido
autonomous_2021_02,2021,Parlament de Catalunya,Cataluna,Barcelona,52,María Cristina Corona Guijarro,Mujer,TRUE,FALSE,Cs,FALSE,,CIUTADANS - PARTIDO DE LA CIUDADANÍA,Cs,c_cat_2021_bar.pdf,compartido
autonomous_2021_02,2021,Parlament de Catalunya,Cataluna,Barcelona,53,Raquel Quiles Puerto,Mujer,TRUE,FALSE,Cs,FALSE,,CIUTADANS - PARTIDO DE LA CIUDADANÍA,Cs,c_cat_2021_bar.pdf,compartido
autonomous_2021_02,2021,Parlament de Catalunya,Cataluna,Barcelona,54,Alfonso Rodríguez Rodríguez,Hombre,TRUE,FALSE,Cs,FALSE,,CIUTADANS - PARTIDO DE LA CIUDADANÍA,Cs,c_cat_2021_bar.pdf,compartido
autonomous_2021_02,2021,Parlament de Catalunya,Cataluna,Barcelona,55,Julio Javier De la Red Bellvís,Hombre,TRUE,FALSE,Cs,FALSE,,CIUTADANS - PARTIDO DE LA CIUDADANÍA,Cs,c_cat_2021_bar.pdf,compartido
autonomous_2021_02,2021,Parlament de Catalunya,Cataluna,Barcelona,56,Inmaculada Tirado Fábregas,Mujer,TRUE,FALSE,Cs,FALSE,,CIUTADANS - PARTIDO DE LA CIUDADANÍA,Cs,c_cat_2021_bar.pdf,compartido
autonomous_2021_02,2021,Parlament de Catalunya,Cataluna,Barcelona,57,Jordi Bea Costa,Hombre,TRUE,FALSE,Cs,FALSE,,CIUTADANS - PARTIDO DE LA CIUDADANÍA,Cs,c_cat_2021_bar.pdf,compartido
autonomous_2021_02,2021,Parlament de Catalunya,Cataluna,Barcelona,58,Ana Isabel Pellicer Mendoza,Mujer,TRUE,FALSE,Cs,FALSE,,CIUTADANS - PARTIDO DE LA CIUDADANÍA,Cs,c_cat_2021_bar.pdf,compartido
autonomous_2021_02,2021,Parlament de Catalunya,Cataluna,Barcelona,59,Francisco Javier Jiménez Ríos,Hombre,TRUE,FALSE,Cs,FALSE,,CIUTADANS - PARTIDO DE LA CIUDADANÍA,Cs,c_cat_2021_bar.pdf,compartido
autonomous_2021_02,2021,Parlament de Catalunya,Cataluna,Barcelona,60,Susana Castaño Caba,Mujer,TRUE,FALSE,Cs,FALSE,,CIUTADANS - PARTIDO DE LA CIUDADANÍA,Cs,c_cat_2021_bar.pdf,compartido
autonomous_2021_02,2021,Parlament de Catalunya,Cataluna,Barcelona,61,Jordi Cañas Manubens,Hombre,TRUE,FALSE,Cs,FALSE,,CIUTADANS - PARTIDO DE LA CIUDADANÍA,Cs,c_cat_2021_bar.pdf,compartido
autonomous_2021_02,2021,Parlament de Catalunya,Cataluna,Barcelona,62,Aurora María Sáez González,Mujer,TRUE,FALSE,Cs,FALSE,,CIUTADANS - PARTIDO DE LA CIUDADANÍA,Cs,c_cat_2021_bar.pdf,compartido
autonomous_2021_02,2021,Parlament de Catalunya,Cataluna,Barcelona,63,Daniel Martínez Rodríguez,Hombre,TRUE,FALSE,Cs,FALSE,,CIUTADANS - PARTIDO DE LA CIUDADANÍA,Cs,c_cat_2021_bar.pdf,compartido
autonomous_2021_02,2021,Parlament de Catalunya,Cataluna,Barcelona,64,Rosa María Fontana Vinelli,Mujer,TRUE,FALSE,Cs,FALSE,,CIUTADANS - PARTIDO DE LA CIUDADANÍA,Cs,c_cat_2021_bar.pdf,compartido
autonomous_2021_02,2021,Parlament de Catalunya,Cataluna,Barcelona,65,Jose María Paniello Limiñana,Hombre,TRUE,FALSE,Cs,FALSE,,CIUTADANS - PARTIDO DE LA CIUDADANÍA,Cs,c_cat_2021_bar.pdf,compartido
autonomous_2021_02,2021,Parlament de Catalunya,Cataluna,Barcelona,66,Lucía Rodríguez Cuesta,Mujer,TRUE,FALSE,Cs,FALSE,,CIUTADANS - PARTIDO DE LA CIUDADANÍA,Cs,c_cat_2021_bar.pdf,compartido
autonomous_2021_02,2021,Parlament de Catalunya,Cataluna,Barcelona,67,Juan Luís Trilla Salinas,Hombre,TRUE,FALSE,Cs,FALSE,,CIUTADANS - PARTIDO DE LA CIUDADANÍA,Cs,c_cat_2021_bar.pdf,compartido
autonomous_2021_02,2021,Parlament de Catalunya,Cataluna,Barcelona,68,María Visitación Yerbes Melgoso,Mujer,TRUE,FALSE,Cs,FALSE,,CIUTADANS - PARTIDO DE LA CIUDADANÍA,Cs,c_cat_2021_bar.pdf,compartido
autonomous_2021_02,2021,Parlament de Catalunya,Cataluna,Barcelona,69,Mónica Lorente Gil,Mujer,TRUE,FALSE,Cs,FALSE,,CIUTADANS - PARTIDO DE LA CIUDADANÍA,Cs,c_cat_2021_bar.pdf,compartido
autonomous_2021_02,2021,Parlament de Catalunya,Cataluna,Barcelona,70,Jose David Basi Limiñana,Hombre,TRUE,FALSE,Cs,FALSE,,CIUTADANS - PARTIDO DE LA CIUDADANÍA,Cs,c_cat_2021_bar.pdf,compartido
autonomous_2021_02,2021,Parlament de Catalunya,Cataluna,Barcelona,71,Guillermo Gomis Monteoliva,Hombre,TRUE,FALSE,Cs,FALSE,,CIUTADANS - PARTIDO DE LA CIUDADANÍA,Cs,c_cat_2021_bar.pdf,compartido
autonomous_2021_02,2021,Parlament de Catalunya,Cataluna,Barcelona,72,Anna Raymí Marata,Mujer,TRUE,FALSE,Cs,FALSE,,CIUTADANS - PARTIDO DE LA CIUDADANÍA,Cs,c_cat_2021_bar.pdf,compartido
autonomous_2021_02,2021,Parlament de Catalunya,Cataluna,Barcelona,73,David Martín González,Hombre,TRUE,FALSE,Cs,FALSE,,CIUTADANS - PARTIDO DE LA CIUDADANÍA,Cs,c_cat_2021_bar.pdf,compartido
autonomous_2021_02,2021,Parlament de Catalunya,Cataluna,Barcelona,74,María Elisa Sánchez Cabrera,Mujer,TRUE,FALSE,Cs,FALSE,,CIUTADANS - PARTIDO DE LA CIUDADANÍA,Cs,c_cat_2021_bar.pdf,compartido
autonomous_2021_02,2021,Parlament de Catalunya,Cataluna,Barcelona,75,Arturo Carrasco García,Hombre,TRUE,FALSE,Cs,FALSE,,CIUTADANS - PARTIDO DE LA CIUDADANÍA,Cs,c_cat_2021_bar.pdf,compartido
autonomous_2021_02,2021,Parlament de Catalunya,Cataluna,Barcelona,76,Meritxell Reales Morales,Mujer,TRUE,FALSE,Cs,FALSE,,CIUTADANS - PARTIDO DE LA CIUDADANÍA,Cs,c_cat_2021_bar.pdf,compartido
autonomous_2021_02,2021,Parlament de Catalunya,Cataluna,Barcelona,77,Laura Arias Pérez,Mujer,TRUE,FALSE,Cs,FALSE,,CIUTADANS - PARTIDO DE LA CIUDADANÍA,Cs,c_cat_2021_bar.pdf,compartido
autonomous_2021_02,2021,Parlament de Catalunya,Cataluna,Barcelona,78,Francisco Pardo Agüera,Hombre,TRUE,FALSE,Cs,FALSE,,CIUTADANS - PARTIDO DE LA CIUDADANÍA,Cs,c_cat_2021_bar.pdf,compartido
autonomous_2021_02,2021,Parlament de Catalunya,Cataluna,Barcelona,79,Rosa Ana Herrera Martínez,Mujer,TRUE,FALSE,Cs,FALSE,,CIUTADANS - PARTIDO DE LA CIUDADANÍA,Cs,c_cat_2021_bar.pdf,compartido
autonomous_2021_02,2021,Parlament de Catalunya,Cataluna,Barcelona,80,Jose Antonio Alarcón Pavía,Hombre,TRUE,FALSE,Cs,FALSE,,CIUTADANS - PARTIDO DE LA CIUDADANÍA,Cs,c_cat_2021_bar.pdf,compartido
autonomous_2021_02,2021,Parlament de Catalunya,Cataluna,Barcelona,81,Justo Díaz Soto,Hombre,TRUE,FALSE,Cs,FALSE,,CIUTADANS - PARTIDO DE LA CIUDADANÍA,Cs,c_cat_2021_bar.pdf,compartido
autonomous_2021_02,2021,Parlament de Catalunya,Cataluna,Barcelona,82,Mercedes Ruiz Narváez,Mujer,TRUE,FALSE,Cs,FALSE,,CIUTADANS - PARTIDO DE LA CIUDADANÍA,Cs,c_cat_2021_bar.pdf,compartido
autonomous_2021_02,2021,Parlament de Catalunya,Cataluna,Barcelona,83,Laura Vílchez Sánchez,Mujer,TRUE,FALSE,Cs,FALSE,,CIUTADANS - PARTIDO DE LA CIUDADANÍA,Cs,c_cat_2021_bar.pdf,compartido
autonomous_2021_02,2021,Parlament de Catalunya,Cataluna,Barcelona,84,Miguel Manuel García del Valle,Hombre,TRUE,FALSE,Cs,FALSE,,CIUTADANS - PARTIDO DE LA CIUDADANÍA,Cs,c_cat_2021_bar.pdf,compartido
autonomous_2021_02,2021,Parlament de Catalunya,Cataluna,Barcelona,85,María Luz Guilarte Sánchez,Mujer,TRUE,FALSE,Cs,FALSE,,CIUTADANS - PARTIDO DE LA CIUDADANÍA,Cs,c_cat_2021_bar.pdf,compartido
autonomous_2021_02,2021,Parlament de Catalunya,Cataluna,Barcelona,1,Mónica Liliana Dahan Rodríguez,Mujer,FALSE,FALSE,Cs,FALSE,,CIUTADANS - PARTIDO DE LA CIUDADANÍA,Cs,c_cat_2021_bar.pdf,compartido
autonomous_2021_02,2021,Parlament de Catalunya,Cataluna,Barcelona,2,Santiago Alonso Beltrán,Hombre,FALSE,FALSE,Cs,FALSE,,CIUTADANS - PARTIDO DE LA CIUDADANÍA,Cs,c_cat_2021_bar.pdf,compartido
autonomous_2021_02,2021,Parlament de Catalunya,Cataluna,Barcelona,3,Amalia Frutos López,Mujer,FALSE,FALSE,Cs,FALSE,,CIUTADANS - PARTIDO DE LA CIUDADANÍA,Cs,c_cat_2021_bar.pdf,compartido
autonomous_2021_02,2021,Parlament de Catalunya,Cataluna,Barcelona,4,María Luisa Ramos Gómez,Mujer,FALSE,FALSE,Cs,FALSE,,CIUTADANS - PARTIDO DE LA CIUDADANÍA,Cs,c_cat_2021_bar.pdf,compartido
autonomous_2021_02,2021,Parlament de Catalunya,Cataluna,Barcelona,5,Juan Carlos Pablos dos Santos,Hombre,FALSE,FALSE,Cs,FALSE,,CIUTADANS - PARTIDO DE LA CIUDADANÍA,Cs,c_cat_2021_bar.pdf,compartido
autonomous_2021_02,2021,Parlament de Catalunya,Cataluna,Barcelona,6,Jose Antonio Doutón González,Hombre,FALSE,FALSE,Cs,FALSE,,CIUTADANS - PARTIDO DE LA CIUDADANÍA,Cs,c_cat_2021_bar.pdf,compartido
autonomous_2021_02,2021,Parlament de Catalunya,Cataluna,Barcelona,7,Ana María Cano Farré,Mujer,FALSE,FALSE,Cs,FALSE,,CIUTADANS - PARTIDO DE LA CIUDADANÍA,Cs,c_cat_2021_bar.pdf,compartido
autonomous_2021_02,2021,Parlament de Catalunya,Cataluna,Barcelona,8,Juan José Salvador Pérez,Hombre,FALSE,FALSE,Cs,FALSE,,CIUTADANS - PARTIDO DE LA CIUDADANÍA,Cs,c_cat_2021_bar.pdf,compartido
autonomous_2021_02,2021,Parlament de Catalunya,Cataluna,Barcelona,9,Susana Barroso Valverde,Mujer,FALSE,FALSE,Cs,FALSE,,CIUTADANS - PARTIDO DE LA CIUDADANÍA,Cs,c_cat_2021_bar.pdf,compartido
autonomous_2021_02,2021,Parlament de Catalunya,Cataluna,Barcelona,10,Agustín Gordillo Rodríguez,Hombre,FALSE,FALSE,Cs,FALSE,,CIUTADANS - PARTIDO DE LA CIUDADANÍA,Cs,c_cat_2021_bar.pdf,compartido
autonomous_2021_02,2021,Parlament de Catalunya,Cataluna,Girona,1,Juan Maria Castel Sucarrat (Jean),Hombre,TRUE,FALSE,Cs,FALSE,,CIUTADANS – PARTIDO DE LA CIUDADANIA,Cs,c_cat_2021_gir.pdf,compartido
autonomous_2021_02,2021,Parlament de Catalunya,Cataluna,Girona,2,Héctor Amelló Montiu,Hombre,TRUE,FALSE,Cs,FALSE,,CIUTADANS – PARTIDO DE LA CIUDADANIA,Cs,c_cat_2021_gir.pdf,compartido
autonomous_2021_02,2021,Parlament de Catalunya,Cataluna,Girona,3,Maria del Camino Fernández Riol,Mujer,TRUE,FALSE,Cs,FALSE,,CIUTADANS – PARTIDO DE LA CIUDADANIA,Cs,c_cat_2021_gir.pdf,compartido
autonomous_2021_02,2021,Parlament de Catalunya,Cataluna,Girona,4,Alfonso Sánchez Fisac,Hombre,TRUE,FALSE,Cs,FALSE,,CIUTADANS – PARTIDO DE LA CIUDADANIA,Cs,c_cat_2021_gir.pdf,compartido
autonomous_2021_02,2021,Parlament de Catalunya,Cataluna,Girona,5,Isabel Machado Rosa,Mujer,TRUE,FALSE,Cs,FALSE,,CIUTADANS – PARTIDO DE LA CIUDADANIA,Cs,c_cat_2021_gir.pdf,compartido
autonomous_2021_02,2021,Parlament de Catalunya,Cataluna,Girona,6,Pere Cuadros i Dilla,Hombre,TRUE,FALSE,Cs,FALSE,,CIUTADANS – PARTIDO DE LA CIUDADANIA,Cs,c_cat_2021_gir.pdf,compartido
autonomous_2021_02,2021,Parlament de Catalunya,Cataluna,Girona,7,Elisabet Guillén Verdejo,Mujer,TRUE,FALSE,Cs,FALSE,,CIUTADANS – PARTIDO DE LA CIUDADANIA,Cs,c_cat_2021_gir.pdf,compartido
autonomous_2021_02,2021,Parlament de Catalunya,Cataluna,Girona,8,Jorge Hernández García,Hombre,TRUE,FALSE,Cs,FALSE,,CIUTADANS – PARTIDO DE LA CIUDADANIA,Cs,c_cat_2021_gir.pdf,compartido
autonomous_2021_02,2021,Parlament de Catalunya,Cataluna,Girona,9,Lucía Fernández Rodríguez,Mujer,TRUE,FALSE,Cs,FALSE,,CIUTADANS – PARTIDO DE LA CIUDADANIA,Cs,c_cat_2021_gir.pdf,compartido
autonomous_2021_02,2021,Parlament de Catalunya,Cataluna,Girona,10,Joan Morillo Monge,Hombre,TRUE,FALSE,Cs,FALSE,,CIUTADANS – PARTIDO DE LA CIUDADANIA,Cs,c_cat_2021_gir.pdf,compartido
autonomous_2021_02,2021,Parlament de Catalunya,Cataluna,Girona,11,Mónica Corpas Castaño,Mujer,TRUE,FALSE,Cs,FALSE,,CIUTADANS – PARTIDO DE LA CIUDADANIA,Cs,c_cat_2021_gir.pdf,compartido
autonomous_2021_02,2021,Parlament de Catalunya,Cataluna,Girona,12,José Manuel Álvarez Cuñat,Hombre,TRUE,FALSE,Cs,FALSE,,CIUTADANS – PARTIDO DE LA CIUDADANIA,Cs,c_cat_2021_gir.pdf,compartido
autonomous_2021_02,2021,Parlament de Catalunya,Cataluna,Girona,13,Míriam Pujola Romero,Mujer,TRUE,FALSE,Cs,FALSE,,CIUTADANS – PARTIDO DE LA CIUDADANIA,Cs,c_cat_2021_gir.pdf,compartido
autonomous_2021_02,2021,Parlament de Catalunya,Cataluna,Girona,14,Jaume Vizern Pont,Hombre,TRUE,FALSE,Cs,FALSE,,CIUTADANS – PARTIDO DE LA CIUDADANIA,Cs,c_cat_2021_gir.pdf,compartido
autonomous_2021_02,2021,Parlament de Catalunya,Cataluna,Girona,15,Rebeca López Losada,Mujer,TRUE,FALSE,Cs,FALSE,,CIUTADANS – PARTIDO DE LA CIUDADANIA,Cs,c_cat_2021_gir.pdf,compartido
autonomous_2021_02,2021,Parlament de Catalunya,Cataluna,Girona,16,Pol Veleta Pérez,Hombre,TRUE,FALSE,Cs,FALSE,,CIUTADANS – PARTIDO DE LA CIUDADANIA,Cs,c_cat_2021_gir.pdf,compartido
autonomous_2021_02,2021,Parlament de Catalunya,Cataluna,Girona,17,Nagore García Pintado,Mujer,TRUE,FALSE,Cs,FALSE,,CIUTADANS – PARTIDO DE LA CIUDADANIA,Cs,c_cat_2021_gir.pdf,compartido
autonomous_2021_02,2021,Parlament de Catalunya,Cataluna,Girona,1,Vito-Vicente García Galan,Hombre,FALSE,FALSE,Cs,FALSE,,CIUTADANS – PARTIDO DE LA CIUDADANIA,Cs,c_cat_2021_gir.pdf,compartido
autonomous_2021_02,2021,Parlament de Catalunya,Cataluna,Girona,2,Arantxa Granada de Caramany Bonet,Mujer,FALSE,FALSE,Cs,FALSE,,CIUTADANS – PARTIDO DE LA CIUDADANIA,Cs,c_cat_2021_gir.pdf,compartido
autonomous_2021_02,2021,Parlament de Catalunya,Cataluna,Girona,3,Cristian Ortiz Paredes,Hombre,FALSE,FALSE,Cs,FALSE,,CIUTADANS – PARTIDO DE LA CIUDADANIA,Cs,c_cat_2021_gir.pdf,compartido
autonomous_2021_02,2021,Parlament de Catalunya,Cataluna,Lleida,1,Jorge Soler González,Hombre,TRUE,FALSE,Cs,FALSE,,CIUTADANS-PARTIDO DE LA CIUDADANÍA DL B 38014-2007 Núm. 8323A - 22.1.2021 Diari Oficial de la Generalitat de Catalunya,Cs,c_cat_2021_lle.pdf,compartido
autonomous_2021_02,2021,Parlament de Catalunya,Cataluna,Lleida,2,Javier Rivas Escamilla,Hombre,TRUE,FALSE,Cs,FALSE,,CIUTADANS-PARTIDO DE LA CIUDADANÍA DL B 38014-2007 Núm. 8323A - 22.1.2021 Diari Oficial de la Generalitat de Catalunya,Cs,c_cat_2021_lle.pdf,compartido
autonomous_2021_02,2021,Parlament de Catalunya,Cataluna,Lleida,3,Heydi Rocío Hernández Roqueme,Mujer,TRUE,FALSE,Cs,FALSE,,CIUTADANS-PARTIDO DE LA CIUDADANÍA DL B 38014-2007 Núm. 8323A - 22.1.2021 Diari Oficial de la Generalitat de Catalunya,Cs,c_cat_2021_lle.pdf,compartido
autonomous_2021_02,2021,Parlament de Catalunya,Cataluna,Lleida,4,David Bertran Román,Hombre,TRUE,FALSE,Cs,FALSE,,CIUTADANS-PARTIDO DE LA CIUDADANÍA DL B 38014-2007 Núm. 8323A - 22.1.2021 Diari Oficial de la Generalitat de Catalunya,Cs,c_cat_2021_lle.pdf,compartido
autonomous_2021_02,2021,Parlament de Catalunya,Cataluna,Lleida,5,Cristina Daza Requena,Mujer,TRUE,FALSE,Cs,FALSE,,CIUTADANS-PARTIDO DE LA CIUDADANÍA DL B 38014-2007 Núm. 8323A - 22.1.2021 Diari Oficial de la Generalitat de Catalunya,Cs,c_cat_2021_lle.pdf,compartido
autonomous_2021_02,2021,Parlament de Catalunya,Cataluna,Lleida,6,Pedro Carreiro Romero,Hombre,TRUE,FALSE,Cs,FALSE,,CIUTADANS-PARTIDO DE LA CIUDADANÍA DL B 38014-2007 Núm. 8323A - 22.1.2021 Diari Oficial de la Generalitat de Catalunya,Cs,c_cat_2021_lle.pdf,compartido
autonomous_2021_02,2021,Parlament de Catalunya,Cataluna,Lleida,7,Salvador Mimbrera Callen,Hombre,TRUE,FALSE,Cs,FALSE,,CIUTADANS-PARTIDO DE LA CIUDADANÍA DL B 38014-2007 Núm. 8323A - 22.1.2021 Diari Oficial de la Generalitat de Catalunya,Cs,c_cat_2021_lle.pdf,compartido
autonomous_2021_02,2021,Parlament de Catalunya,Cataluna,Lleida,8,Franciso de Urquía Comas,,TRUE,FALSE,Cs,FALSE,,CIUTADANS-PARTIDO DE LA CIUDADANÍA DL B 38014-2007 Núm. 8323A - 22.1.2021 Diari Oficial de la Generalitat de Catalunya,Cs,c_cat_2021_lle.pdf,compartido
autonomous_2021_02,2021,Parlament de Catalunya,Cataluna,Lleida,9,Carme Gòdia Bagué,Mujer,TRUE,FALSE,Cs,FALSE,,CIUTADANS-PARTIDO DE LA CIUDADANÍA DL B 38014-2007 Núm. 8323A - 22.1.2021 Diari Oficial de la Generalitat de Catalunya,Cs,c_cat_2021_lle.pdf,compartido
autonomous_2021_02,2021,Parlament de Catalunya,Cataluna,Lleida,10,Gemma María Sánchez Pérez,Mujer,TRUE,FALSE,Cs,FALSE,,CIUTADANS-PARTIDO DE LA CIUDADANÍA DL B 38014-2007 Núm. 8323A - 22.1.2021 Diari Oficial de la Generalitat de Catalunya,Cs,c_cat_2021_lle.pdf,compartido
autonomous_2021_02,2021,Parlament de Catalunya,Cataluna,Lleida,11,Ramon Vilaltella Domenjo,Hombre,TRUE,FALSE,Cs,FALSE,,CIUTADANS-PARTIDO DE LA CIUDADANÍA DL B 38014-2007 Núm. 8323A - 22.1.2021 Diari Oficial de la Generalitat de Catalunya,Cs,c_cat_2021_lle.pdf,compartido
autonomous_2021_02,2021,Parlament de Catalunya,Cataluna,Lleida,12,Maria José Valenzuela Baguena,Mujer,TRUE,FALSE,Cs,FALSE,,CIUTADANS-PARTIDO DE LA CIUDADANÍA DL B 38014-2007 Núm. 8323A - 22.1.2021 Diari Oficial de la Generalitat de Catalunya,Cs,c_cat_2021_lle.pdf,compartido
autonomous_2021_02,2021,Parlament de Catalunya,Cataluna,Lleida,13,Miquel Ángel Martínez Quesada,Hombre,TRUE,FALSE,Cs,FALSE,,CIUTADANS-PARTIDO DE LA CIUDADANÍA DL B 38014-2007 Núm. 8323A - 22.1.2021 Diari Oficial de la Generalitat de Catalunya,Cs,c_cat_2021_lle.pdf,compartido
autonomous_2021_02,2021,Parlament de Catalunya,Cataluna,Lleida,14,Maria Burrel Badia,Mujer,TRUE,FALSE,Cs,FALSE,,CIUTADANS-PARTIDO DE LA CIUDADANÍA DL B 38014-2007 Núm. 8323A - 22.1.2021 Diari Oficial de la Generalitat de Catalunya,Cs,c_cat_2021_lle.pdf,compartido
autonomous_2021_02,2021,Parlament de Catalunya,Cataluna,Lleida,15,Isaac Caballero Pujadas,Hombre,TRUE,FALSE,Cs,FALSE,,CIUTADANS-PARTIDO DE LA CIUDADANÍA DL B 38014-2007 Núm. 8323A - 22.1.2021 Diari Oficial de la Generalitat de Catalunya,Cs,c_cat_2021_lle.pdf,compartido
autonomous_2021_02,2021,Parlament de Catalunya,Cataluna,Lleida,1,Simon Romero Muñoz,Hombre,FALSE,FALSE,Cs,FALSE,,CIUTADANS-PARTIDO DE LA CIUDADANÍA DL B 38014-2007 Núm. 8323A - 22.1.2021 Diari Oficial de la Generalitat de Catalunya,Cs,c_cat_2021_lle.pdf,compartido
autonomous_2021_02,2021,Parlament de Catalunya,Cataluna,Lleida,2,Cristina Latorre López,Mujer,FALSE,FALSE,Cs,FALSE,,CIUTADANS-PARTIDO DE LA CIUDADANÍA DL B 38014-2007 Núm. 8323A - 22.1.2021 Diari Oficial de la Generalitat de Catalunya,Cs,c_cat_2021_lle.pdf,compartido
autonomous_2021_02,2021,Parlament de Catalunya,Cataluna,Lleida,3,Fernando Lujano Moreno,Hombre,FALSE,FALSE,Cs,FALSE,,CIUTADANS-PARTIDO DE LA CIUDADANÍA DL B 38014-2007 Núm. 8323A - 22.1.2021 Diari Oficial de la Generalitat de Catalunya,Cs,c_cat_2021_lle.pdf,compartido
autonomous_2021_02,2021,Parlament de Catalunya,Cataluna,Tarragona,1,Matías Alonso Ruiz,Hombre,TRUE,TRUE,Cs,FALSE,,CIUTADANS-PARTIDO DE LA CIUDADANÍA,Cs,c_cat_2021_tar.pdf,compartido
autonomous_2021_02,2021,Parlament de Catalunya,Cataluna,Tarragona,2,Pere Lluis Huguet Tous,Hombre,TRUE,FALSE,Cs,FALSE,,CIUTADANS-PARTIDO DE LA CIUDADANÍA,Cs,c_cat_2021_tar.pdf,compartido
autonomous_2021_02,2021,Parlament de Catalunya,Cataluna,Tarragona,3,Maria Carme Margalef Vernet,Mujer,TRUE,FALSE,Cs,FALSE,,CIUTADANS-PARTIDO DE LA CIUDADANÍA,Cs,c_cat_2021_tar.pdf,compartido
autonomous_2021_02,2021,Parlament de Catalunya,Cataluna,Tarragona,4,Francisco Domínguez Serrano,Hombre,TRUE,FALSE,Cs,FALSE,,CIUTADANS-PARTIDO DE LA CIUDADANÍA,Cs,c_cat_2021_tar.pdf,compartido
autonomous_2021_02,2021,Parlament de Catalunya,Cataluna,Tarragona,5,Raquel Tamar García Cámara,Mujer,TRUE,FALSE,Cs,FALSE,,CIUTADANS-PARTIDO DE LA CIUDADANÍA,Cs,c_cat_2021_tar.pdf,compartido
autonomous_2021_02,2021,Parlament de Catalunya,Cataluna,Tarragona,6,Sergio Susín González,Hombre,TRUE,FALSE,Cs,FALSE,,CIUTADANS-PARTIDO DE LA CIUDADANÍA,Cs,c_cat_2021_tar.pdf,compartido
autonomous_2021_02,2021,Parlament de Catalunya,Cataluna,Tarragona,7,Sergio Piriz Martín,Hombre,TRUE,FALSE,Cs,FALSE,,CIUTADANS-PARTIDO DE LA CIUDADANÍA,Cs,c_cat_2021_tar.pdf,compartido
autonomous_2021_02,2021,Parlament de Catalunya,Cataluna,Tarragona,8,Miquel Ángel Albacar Damián,Hombre,TRUE,FALSE,Cs,FALSE,,CIUTADANS-PARTIDO DE LA CIUDADANÍA,Cs,c_cat_2021_tar.pdf,compartido
autonomous_2021_02,2021,Parlament de Catalunya,Cataluna,Tarragona,9,Asunción Sancho Micó,Mujer,TRUE,FALSE,Cs,FALSE,,CIUTADANS-PARTIDO DE LA CIUDADANÍA,Cs,c_cat_2021_tar.pdf,compartido
autonomous_2021_02,2021,Parlament de Catalunya,Cataluna,Tarragona,10,María Eugenia Loras Córdoba,Mujer,TRUE,FALSE,Cs,FALSE,,CIUTADANS-PARTIDO DE LA CIUDADANÍA,Cs,c_cat_2021_tar.pdf,compartido
autonomous_2021_02,2021,Parlament de Catalunya,Cataluna,Tarragona,11,Lorena de la Fuente Vilaltella,Mujer,TRUE,FALSE,Cs,FALSE,,CIUTADANS-PARTIDO DE LA CIUDADANÍA,Cs,c_cat_2021_tar.pdf,compartido
autonomous_2021_02,2021,Parlament de Catalunya,Cataluna,Tarragona,12,David Martínez López,Hombre,TRUE,FALSE,Cs,FALSE,,CIUTADANS-PARTIDO DE LA CIUDADANÍA,Cs,c_cat_2021_tar.pdf,compartido
autonomous_2021_02,2021,Parlament de Catalunya,Cataluna,Tarragona,13,Ricardo López Vázquez,Hombre,TRUE,FALSE,Cs,FALSE,,CIUTADANS-PARTIDO DE LA CIUDADANÍA,Cs,c_cat_2021_tar.pdf,compartido
autonomous_2021_02,2021,Parlament de Catalunya,Cataluna,Tarragona,14,José Portillo Rovira,Hombre,TRUE,FALSE,Cs,FALSE,,CIUTADANS-PARTIDO DE LA CIUDADANÍA,Cs,c_cat_2021_tar.pdf,compartido
autonomous_2021_02,2021,Parlament de Catalunya,Cataluna,Tarragona,15,Cristina Satué Vallvé,Mujer,TRUE,FALSE,Cs,FALSE,,CIUTADANS-PARTIDO DE LA CIUDADANÍA,Cs,c_cat_2021_tar.pdf,compartido
autonomous_2021_02,2021,Parlament de Catalunya,Cataluna,Tarragona,16,Concepción Almazán Gómez,Mujer,TRUE,FALSE,Cs,FALSE,,CIUTADANS-PARTIDO DE LA CIUDADANÍA,Cs,c_cat_2021_tar.pdf,compartido
autonomous_2021_02,2021,Parlament de Catalunya,Cataluna,Tarragona,17,Raquel Rosales Jiménez,Mujer,TRUE,FALSE,Cs,FALSE,,CIUTADANS-PARTIDO DE LA CIUDADANÍA,Cs,c_cat_2021_tar.pdf,compartido
autonomous_2021_02,2021,Parlament de Catalunya,Cataluna,Tarragona,18,Fernando Pecino Robles,Hombre,TRUE,FALSE,Cs,FALSE,,CIUTADANS-PARTIDO DE LA CIUDADANÍA,Cs,c_cat_2021_tar.pdf,compartido
autonomous_2021_02,2021,Parlament de Catalunya,Cataluna,Tarragona,1,Daniel Iglesias Medina,Hombre,FALSE,FALSE,Cs,FALSE,,CIUTADANS-PARTIDO DE LA CIUDADANÍA,Cs,c_cat_2021_tar.pdf,compartido
autonomous_2021_02,2021,Parlament de Catalunya,Cataluna,Tarragona,2,María Isabel Serrano Piqueras,Mujer,FALSE,FALSE,Cs,FALSE,,CIUTADANS-PARTIDO DE LA CIUDADANÍA,Cs,c_cat_2021_tar.pdf,compartido
autonomous_2021_02,2021,Parlament de Catalunya,Cataluna,Tarragona,3,Miguel Ángel Hidalgo Gutiérrez,Hombre,FALSE,FALSE,Cs,FALSE,,CIUTADANS-PARTIDO DE LA CIUDADANÍA,Cs,c_cat_2021_tar.pdf,compartido
autonomous_2021_05,2021,Asamblea de Madrid,Madrid,Madrid,1,Edmundo Bal Francés,Hombre,TRUE,FALSE,Cs,FALSE,,CIUDADANOS-PARTIDO DE LA CIUDADANÍA,Cs,jec_mad_2021.pdf,compartido
autonomous_2021_05,2021,Asamblea de Madrid,Madrid,Madrid,2,Esther Ruiz Fernández,Mujer,TRUE,FALSE,Cs,FALSE,,CIUDADANOS-PARTIDO DE LA CIUDADANÍA,Cs,jec_mad_2021.pdf,compartido
autonomous_2021_05,2021,Asamblea de Madrid,Madrid,Madrid,3,César Zafra Hernández,Hombre,TRUE,FALSE,Cs,FALSE,,CIUDADANOS-PARTIDO DE LA CIUDADANÍA,Cs,jec_mad_2021.pdf,compartido
autonomous_2021_05,2021,Asamblea de Madrid,Madrid,Madrid,4,Ana Isabel García García,Mujer,TRUE,FALSE,Cs,FALSE,,CIUDADANOS-PARTIDO DE LA CIUDADANÍA,Cs,jec_mad_2021.pdf,compartido
autonomous_2021_05,2021,Asamblea de Madrid,Madrid,Madrid,5,Juan Trinidad Martos,Hombre,TRUE,FALSE,Cs,FALSE,,CIUDADANOS-PARTIDO DE LA CIUDADANÍA,Cs,jec_mad_2021.pdf,compartido
autonomous_2021_05,2021,Asamblea de Madrid,Madrid,Madrid,6,Araceli Gómez García,Mujer,TRUE,FALSE,Cs,FALSE,,CIUDADANOS-PARTIDO DE LA CIUDADANÍA,Cs,jec_mad_2021.pdf,compartido
autonomous_2021_05,2021,Asamblea de Madrid,Madrid,Madrid,7,José María Antón García,Hombre,TRUE,FALSE,Cs,FALSE,,CIUDADANOS-PARTIDO DE LA CIUDADANÍA,Cs,jec_mad_2021.pdf,compartido
autonomous_2021_05,2021,Asamblea de Madrid,Madrid,Madrid,8,Miguel Díaz Martín,Hombre,TRUE,FALSE,Cs,FALSE,,CIUDADANOS-PARTIDO DE LA CIUDADANÍA,Cs,jec_mad_2021.pdf,compartido
autonomous_2021_05,2021,Asamblea de Madrid,Madrid,Madrid,9,Tomás Marcos Arias,Hombre,TRUE,FALSE,Cs,FALSE,,CIUDADANOS-PARTIDO DE LA CIUDADANÍA,Cs,jec_mad_2021.pdf,compartido
autonomous_2021_05,2021,Asamblea de Madrid,Madrid,Madrid,10,María Victoria Ángeles Alonso Márquez,Mujer,TRUE,FALSE,Cs,FALSE,,CIUDADANOS-PARTIDO DE LA CIUDADANÍA,Cs,jec_mad_2021.pdf,compartido
autonomous_2021_05,2021,Asamblea de Madrid,Madrid,Madrid,11,Emy Fernández-Luna Abellán,Mujer,TRUE,FALSE,Cs,FALSE,,CIUDADANOS-PARTIDO DE LA CIUDADANÍA,Cs,jec_mad_2021.pdf,compartido
autonomous_2021_05,2021,Asamblea de Madrid,Madrid,Madrid,12,Noelia López Montero,Mujer,TRUE,FALSE,Cs,FALSE,,CIUDADANOS-PARTIDO DE LA CIUDADANÍA,Cs,jec_mad_2021.pdf,compartido
autonomous_2021_05,2021,Asamblea de Madrid,Madrid,Madrid,13,Francisco Lara Casanova,Hombre,TRUE,FALSE,Cs,FALSE,,CIUDADANOS-PARTIDO DE LA CIUDADANÍA,Cs,jec_mad_2021.pdf,compartido
autonomous_2021_05,2021,Asamblea de Madrid,Madrid,Madrid,14,Eva María Bailén Ferrández,Mujer,TRUE,FALSE,Cs,FALSE,,CIUDADANOS-PARTIDO DE LA CIUDADANÍA,Cs,jec_mad_2021.pdf,compartido
autonomous_2021_05,2021,Asamblea de Madrid,Madrid,Madrid,15,Roberto Hernández Blázquez,Hombre,TRUE,FALSE,Cs,FALSE,,CIUDADANOS-PARTIDO DE LA CIUDADANÍA,Cs,jec_mad_2021.pdf,compartido
autonomous_2021_05,2021,Asamblea de Madrid,Madrid,Madrid,16,Pilar Líebena Soto,Mujer,TRUE,FALSE,Cs,FALSE,,CIUDADANOS-PARTIDO DE LA CIUDADANÍA,Cs,jec_mad_2021.pdf,compartido
autonomous_2021_05,2021,Asamblea de Madrid,Madrid,Madrid,17,Joaquín Patilla Ramos,Hombre,TRUE,FALSE,Cs,FALSE,,CIUDADANOS-PARTIDO DE LA CIUDADANÍA,Cs,jec_mad_2021.pdf,compartido
autonomous_2021_05,2021,Asamblea de Madrid,Madrid,Madrid,18,Yago Mahúgo Carles,Hombre,TRUE,FALSE,Cs,FALSE,,CIUDADANOS-PARTIDO DE LA CIUDADANÍA,Cs,jec_mad_2021.pdf,compartido
autonomous_2021_05,2021,Asamblea de Madrid,Madrid,Madrid,19,Ana Rodríguez Durán,Mujer,TRUE,FALSE,Cs,FALSE,,CIUDADANOS-PARTIDO DE LA CIUDADANÍA,Cs,jec_mad_2021.pdf,compartido
autonomous_2021_05,2021,Asamblea de Madrid,Madrid,Madrid,20,Tamara Pardo Blázquez,Mujer,TRUE,FALSE,Cs,FALSE,,CIUDADANOS-PARTIDO DE LA CIUDADANÍA,Cs,jec_mad_2021.pdf,compartido
autonomous_2021_05,2021,Asamblea de Madrid,Madrid,Madrid,21,María Elvira Marcos Palma,Mujer,TRUE,FALSE,Cs,FALSE,,CIUDADANOS-PARTIDO DE LA CIUDADANÍA,Cs,jec_mad_2021.pdf,compartido
autonomous_2021_05,2021,Asamblea de Madrid,Madrid,Madrid,22,Matías de la Mota Martínez,Hombre,TRUE,FALSE,Cs,FALSE,,CIUDADANOS-PARTIDO DE LA CIUDADANÍA,Cs,jec_mad_2021.pdf,compartido
autonomous_2021_05,2021,Asamblea de Madrid,Madrid,Madrid,23,David Sánchez Bernardo,Hombre,TRUE,FALSE,Cs,FALSE,,CIUDADANOS-PARTIDO DE LA CIUDADANÍA,Cs,jec_mad_2021.pdf,compartido
autonomous_2021_05,2021,Asamblea de Madrid,Madrid,Madrid,24,María García Medina,Mujer,TRUE,FALSE,Cs,FALSE,,CIUDADANOS-PARTIDO DE LA CIUDADANÍA,Cs,jec_mad_2021.pdf,compartido
autonomous_2021_05,2021,Asamblea de Madrid,Madrid,Madrid,25,Juan Luis Cano Perucha,Hombre,TRUE,FALSE,Cs,FALSE,,CIUDADANOS-PARTIDO DE LA CIUDADANÍA,Cs,jec_mad_2021.pdf,compartido
autonomous_2021_05,2021,Asamblea de Madrid,Madrid,Madrid,26,Yolanda Sanz Rojas,Mujer,TRUE,FALSE,Cs,FALSE,,CIUDADANOS-PARTIDO DE LA CIUDADANÍA,Cs,jec_mad_2021.pdf,compartido
autonomous_2021_05,2021,Asamblea de Madrid,Madrid,Madrid,27,Sabrina García Pereira,Mujer,TRUE,FALSE,Cs,FALSE,,CIUDADANOS-PARTIDO DE LA CIUDADANÍA,Cs,jec_mad_2021.pdf,compartido
autonomous_2021_05,2021,Asamblea de Madrid,Madrid,Madrid,28,Miguel Ángel Martín Perdiguero,Hombre,TRUE,FALSE,Cs,FALSE,,CIUDADANOS-PARTIDO DE LA CIUDADANÍA,Cs,jec_mad_2021.pdf,compartido
autonomous_2021_05,2021,Asamblea de Madrid,Madrid,Madrid,29,María Luisa Mariscal Macías,Mujer,TRUE,FALSE,Cs,FALSE,,CIUDADANOS-PARTIDO DE LA CIUDADANÍA,Cs,jec_mad_2021.pdf,compartido
autonomous_2021_05,2021,Asamblea de Madrid,Madrid,Madrid,30,José Manuel Salazar Martínez,Hombre,TRUE,FALSE,Cs,FALSE,,CIUDADANOS-PARTIDO DE LA CIUDADANÍA,Cs,jec_mad_2021.pdf,compartido
autonomous_2021_05,2021,Asamblea de Madrid,Madrid,Madrid,31,Mónica Cobo Magaña,Mujer,TRUE,FALSE,Cs,FALSE,,CIUDADANOS-PARTIDO DE LA CIUDADANÍA,Cs,jec_mad_2021.pdf,compartido
autonomous_2021_05,2021,Asamblea de Madrid,Madrid,Madrid,32,Ana Rosa Piñeiro Merino,Mujer,TRUE,FALSE,Cs,FALSE,,CIUDADANOS-PARTIDO DE LA CIUDADANÍA,Cs,jec_mad_2021.pdf,compartido
autonomous_2021_05,2021,Asamblea de Madrid,Madrid,Madrid,33,Miguel Ángel Arranz Molins,Hombre,TRUE,FALSE,Cs,FALSE,,CIUDADANOS-PARTIDO DE LA CIUDADANÍA,Cs,jec_mad_2021.pdf,compartido
autonomous_2021_05,2021,Asamblea de Madrid,Madrid,Madrid,34,Francisco Rosillo Antúnez,Hombre,TRUE,FALSE,Cs,FALSE,,CIUDADANOS-PARTIDO DE LA CIUDADANÍA,Cs,jec_mad_2021.pdf,compartido
autonomous_2021_05,2021,Asamblea de Madrid,Madrid,Madrid,35,Ana Martín Ponz,Mujer,TRUE,FALSE,Cs,FALSE,,CIUDADANOS-PARTIDO DE LA CIUDADANÍA,Cs,jec_mad_2021.pdf,compartido
autonomous_2021_05,2021,Asamblea de Madrid,Madrid,Madrid,36,María Rosario Tamayo Lorenzo,Mujer,TRUE,FALSE,Cs,FALSE,,CIUDADANOS-PARTIDO DE LA CIUDADANÍA,Cs,jec_mad_2021.pdf,compartido
autonomous_2021_05,2021,Asamblea de Madrid,Madrid,Madrid,37,José Antonio Luelmo Recio,Hombre,TRUE,FALSE,Cs,FALSE,,CIUDADANOS-PARTIDO DE LA CIUDADANÍA,Cs,jec_mad_2021.pdf,compartido
autonomous_2021_05,2021,Asamblea de Madrid,Madrid,Madrid,38,José Mantecón García,Hombre,TRUE,FALSE,Cs,FALSE,,CIUDADANOS-PARTIDO DE LA CIUDADANÍA,Cs,jec_mad_2021.pdf,compartido
autonomous_2021_05,2021,Asamblea de Madrid,Madrid,Madrid,39,Juan Andrés Díaz Guerra,Hombre,TRUE,FALSE,Cs,FALSE,,CIUDADANOS-PARTIDO DE LA CIUDADANÍA,Cs,jec_mad_2021.pdf,compartido
autonomous_2021_05,2021,Asamblea de Madrid,Madrid,Madrid,40,María Virginia Ortiz García de la Ceca,Mujer,TRUE,FALSE,Cs,FALSE,,CIUDADANOS-PARTIDO DE LA CIUDADANÍA,Cs,jec_mad_2021.pdf,compartido
autonomous_2021_05,2021,Asamblea de Madrid,Madrid,Madrid,41,Liliana Pérez Pazo,Mujer,TRUE,FALSE,Cs,FALSE,,CIUDADANOS-PARTIDO DE LA CIUDADANÍA,Cs,jec_mad_2021.pdf,compartido
autonomous_2021_05,2021,Asamblea de Madrid,Madrid,Madrid,42,Jorge Martínez Bárcena,Hombre,TRUE,FALSE,Cs,FALSE,,CIUDADANOS-PARTIDO DE LA CIUDADANÍA,Cs,jec_mad_2021.pdf,compartido
autonomous_2021_05,2021,Asamblea de Madrid,Madrid,Madrid,43,José Tomás Castillo Pérez,Hombre,TRUE,FALSE,Cs,FALSE,,CIUDADANOS-PARTIDO DE LA CIUDADANÍA,Cs,jec_mad_2021.pdf,compartido
autonomous_2021_05,2021,Asamblea de Madrid,Madrid,Madrid,44,Carlos Rodríguez Alemany,Hombre,TRUE,FALSE,Cs,FALSE,,CIUDADANOS-PARTIDO DE LA CIUDADANÍA,Cs,jec_mad_2021.pdf,compartido
autonomous_2021_05,2021,Asamblea de Madrid,Madrid,Madrid,45,Eva Sáenz de Pipaón Cortés,Mujer,TRUE,FALSE,Cs,FALSE,,CIUDADANOS-PARTIDO DE LA CIUDADANÍA,Cs,jec_mad_2021.pdf,compartido
autonomous_2021_05,2021,Asamblea de Madrid,Madrid,Madrid,46,José Manuel Hurtado Helguero,Hombre,TRUE,FALSE,Cs,FALSE,,CIUDADANOS-PARTIDO DE LA CIUDADANÍA,Cs,jec_mad_2021.pdf,compartido
autonomous_2021_05,2021,Asamblea de Madrid,Madrid,Madrid,47,Azahara Molina Martín,Mujer,TRUE,FALSE,Cs,FALSE,,CIUDADANOS-PARTIDO DE LA CIUDADANÍA,Cs,jec_mad_2021.pdf,compartido
autonomous_2021_05,2021,Asamblea de Madrid,Madrid,Madrid,48,Juan Antonio Carrera Muñoz,Hombre,TRUE,FALSE,Cs,FALSE,,CIUDADANOS-PARTIDO DE LA CIUDADANÍA,Cs,jec_mad_2021.pdf,compartido
autonomous_2021_05,2021,Asamblea de Madrid,Madrid,Madrid,49,María Inmaculada Gutiérrez Prieto,Mujer,TRUE,FALSE,Cs,FALSE,,CIUDADANOS-PARTIDO DE LA CIUDADANÍA,Cs,jec_mad_2021.pdf,compartido
autonomous_2021_05,2021,Asamblea de Madrid,Madrid,Madrid,50,Guillermo Alegre Manzano,Hombre,TRUE,FALSE,Cs,FALSE,,CIUDADANOS-PARTIDO DE LA CIUDADANÍA,Cs,jec_mad_2021.pdf,compartido
autonomous_2021_05,2021,Asamblea de Madrid,Madrid,Madrid,51,María Teresa Obiol Canalda,Mujer,TRUE,FALSE,Cs,FALSE,,CIUDADANOS-PARTIDO DE LA CIUDADANÍA,Cs,jec_mad_2021.pdf,compartido
autonomous_2021_05,2021,Asamblea de Madrid,Madrid,Madrid,52,Diana Fuertes González,Mujer,TRUE,FALSE,Cs,FALSE,,CIUDADANOS-PARTIDO DE LA CIUDADANÍA,Cs,jec_mad_2021.pdf,compartido
autonomous_2021_05,2021,Asamblea de Madrid,Madrid,Madrid,53,Jacobo Martín Ordas,Hombre,TRUE,FALSE,Cs,FALSE,,CIUDADANOS-PARTIDO DE LA CIUDADANÍA,Cs,jec_mad_2021.pdf,compartido
autonomous_2021_05,2021,Asamblea de Madrid,Madrid,Madrid,54,Carmen del Pie Rincón,Mujer,TRUE,FALSE,Cs,FALSE,,CIUDADANOS-PARTIDO DE LA CIUDADANÍA,Cs,jec_mad_2021.pdf,compartido
autonomous_2021_05,2021,Asamblea de Madrid,Madrid,Madrid,55,Sergio Parra Perales,Hombre,TRUE,FALSE,Cs,FALSE,,CIUDADANOS-PARTIDO DE LA CIUDADANÍA,Cs,jec_mad_2021.pdf,compartido
autonomous_2021_05,2021,Asamblea de Madrid,Madrid,Madrid,56,Patricia de Frutos Hurtado,Mujer,TRUE,FALSE,Cs,FALSE,,CIUDADANOS-PARTIDO DE LA CIUDADANÍA,Cs,jec_mad_2021.pdf,compartido
autonomous_2021_05,2021,Asamblea de Madrid,Madrid,Madrid,57,Begoña Gutiérrez Paloma BOCM-20210408-40 BOCM B.O.C.M. Núm. 83,Mujer,TRUE,FALSE,Cs,FALSE,,CIUDADANOS-PARTIDO DE LA CIUDADANÍA,Cs,jec_mad_2021.pdf,compartido
autonomous_2021_05,2021,Asamblea de Madrid,Madrid,Madrid,58,Ángel Serrano Carrasco,Hombre,TRUE,FALSE,Cs,FALSE,,CIUDADANOS-PARTIDO DE LA CIUDADANÍA,Cs,jec_mad_2021.pdf,compartido
autonomous_2021_05,2021,Asamblea de Madrid,Madrid,Madrid,59,Antonio López González,Hombre,TRUE,FALSE,Cs,FALSE,,CIUDADANOS-PARTIDO DE LA CIUDADANÍA,Cs,jec_mad_2021.pdf,compartido
autonomous_2021_05,2021,Asamblea de Madrid,Madrid,Madrid,60,Eva María Ruiz González,Mujer,TRUE,FALSE,Cs,FALSE,,CIUDADANOS-PARTIDO DE LA CIUDADANÍA,Cs,jec_mad_2021.pdf,compartido
autonomous_2021_05,2021,Asamblea de Madrid,Madrid,Madrid,61,Antonio Martínez Gil,Hombre,TRUE,FALSE,Cs,FALSE,,CIUDADANOS-PARTIDO DE LA CIUDADANÍA,Cs,jec_mad_2021.pdf,compartido
autonomous_2021_05,2021,Asamblea de Madrid,Madrid,Madrid,62,María Jesús Mañero Sanz,Mujer,TRUE,FALSE,Cs,FALSE,,CIUDADANOS-PARTIDO DE LA CIUDADANÍA,Cs,jec_mad_2021.pdf,compartido
autonomous_2021_05,2021,Asamblea de Madrid,Madrid,Madrid,63,María Belén López Narro,Mujer,TRUE,FALSE,Cs,FALSE,,CIUDADANOS-PARTIDO DE LA CIUDADANÍA,Cs,jec_mad_2021.pdf,compartido
autonomous_2021_05,2021,Asamblea de Madrid,Madrid,Madrid,64,Roberto Baldanta Tello,Hombre,TRUE,FALSE,Cs,FALSE,,CIUDADANOS-PARTIDO DE LA CIUDADANÍA,Cs,jec_mad_2021.pdf,compartido
autonomous_2021_05,2021,Asamblea de Madrid,Madrid,Madrid,65,Iván Fernández Núñez,Hombre,TRUE,FALSE,Cs,FALSE,,CIUDADANOS-PARTIDO DE LA CIUDADANÍA,Cs,jec_mad_2021.pdf,compartido
autonomous_2021_05,2021,Asamblea de Madrid,Madrid,Madrid,66,Manuel Vicente Páez Marco,Hombre,TRUE,FALSE,Cs,FALSE,,CIUDADANOS-PARTIDO DE LA CIUDADANÍA,Cs,jec_mad_2021.pdf,compartido
autonomous_2021_05,2021,Asamblea de Madrid,Madrid,Madrid,67,Laura Zapata Rey,Mujer,TRUE,FALSE,Cs,FALSE,,CIUDADANOS-PARTIDO DE LA CIUDADANÍA,Cs,jec_mad_2021.pdf,compartido
autonomous_2021_05,2021,Asamblea de Madrid,Madrid,Madrid,68,Pedro Gironés Galiana,Hombre,TRUE,FALSE,Cs,FALSE,,CIUDADANOS-PARTIDO DE LA CIUDADANÍA,Cs,jec_mad_2021.pdf,compartido
autonomous_2021_05,2021,Asamblea de Madrid,Madrid,Madrid,69,Verónica Priego Álvarez,Mujer,TRUE,FALSE,Cs,FALSE,,CIUDADANOS-PARTIDO DE LA CIUDADANÍA,Cs,jec_mad_2021.pdf,compartido
autonomous_2021_05,2021,Asamblea de Madrid,Madrid,Madrid,70,Cristina Miguel Mambrilla,Mujer,TRUE,FALSE,Cs,FALSE,,CIUDADANOS-PARTIDO DE LA CIUDADANÍA,Cs,jec_mad_2021.pdf,compartido
autonomous_2021_05,2021,Asamblea de Madrid,Madrid,Madrid,71,Paloma Victoria Chinarro Hernández,Mujer,TRUE,FALSE,Cs,FALSE,,CIUDADANOS-PARTIDO DE LA CIUDADANÍA,Cs,jec_mad_2021.pdf,compartido
autonomous_2021_05,2021,Asamblea de Madrid,Madrid,Madrid,72,Silvia de la Cagiga Jimeno,Mujer,TRUE,FALSE,Cs,FALSE,,CIUDADANOS-PARTIDO DE LA CIUDADANÍA,Cs,jec_mad_2021.pdf,compartido
autonomous_2021_05,2021,Asamblea de Madrid,Madrid,Madrid,73,Alberto José Ruiz Jiménez,Hombre,TRUE,FALSE,Cs,FALSE,,CIUDADANOS-PARTIDO DE LA CIUDADANÍA,Cs,jec_mad_2021.pdf,compartido
autonomous_2021_05,2021,Asamblea de Madrid,Madrid,Madrid,74,Carlos Pardas García-Vega,Hombre,TRUE,FALSE,Cs,FALSE,,CIUDADANOS-PARTIDO DE LA CIUDADANÍA,Cs,jec_mad_2021.pdf,compartido
autonomous_2021_05,2021,Asamblea de Madrid,Madrid,Madrid,75,Rocío Díaz Somolinos,Mujer,TRUE,FALSE,Cs,FALSE,,CIUDADANOS-PARTIDO DE LA CIUDADANÍA,Cs,jec_mad_2021.pdf,compartido
autonomous_2021_05,2021,Asamblea de Madrid,Madrid,Madrid,76,Elena Mahedero Guillén,Mujer,TRUE,FALSE,Cs,FALSE,,CIUDADANOS-PARTIDO DE LA CIUDADANÍA,Cs,jec_mad_2021.pdf,compartido
autonomous_2021_05,2021,Asamblea de Madrid,Madrid,Madrid,77,Julia Gómez Galdón,Mujer,TRUE,FALSE,Cs,FALSE,,CIUDADANOS-PARTIDO DE LA CIUDADANÍA,Cs,jec_mad_2021.pdf,compartido
autonomous_2021_05,2021,Asamblea de Madrid,Madrid,Madrid,78,Santiago Hermana Mendioroz,Hombre,TRUE,FALSE,Cs,FALSE,,CIUDADANOS-PARTIDO DE LA CIUDADANÍA,Cs,jec_mad_2021.pdf,compartido
autonomous_2021_05,2021,Asamblea de Madrid,Madrid,Madrid,79,David Cifuentes Martínez,Hombre,TRUE,FALSE,Cs,FALSE,,CIUDADANOS-PARTIDO DE LA CIUDADANÍA,Cs,jec_mad_2021.pdf,compartido
autonomous_2021_05,2021,Asamblea de Madrid,Madrid,Madrid,80,Enrique Puente García,Hombre,TRUE,FALSE,Cs,FALSE,,CIUDADANOS-PARTIDO DE LA CIUDADANÍA,Cs,jec_mad_2021.pdf,compartido
autonomous_2021_05,2021,Asamblea de Madrid,Madrid,Madrid,81,Bernardo González Ramos,Hombre,TRUE,FALSE,Cs,FALSE,,CIUDADANOS-PARTIDO DE LA CIUDADANÍA,Cs,jec_mad_2021.pdf,compartido
autonomous_2021_05,2021,Asamblea de Madrid,Madrid,Madrid,82,Nerea Gómez Barrasa,Mujer,TRUE,FALSE,Cs,FALSE,,CIUDADANOS-PARTIDO DE LA CIUDADANÍA,Cs,jec_mad_2021.pdf,compartido
autonomous_2021_05,2021,Asamblea de Madrid,Madrid,Madrid,83,Ángela Ortiz Gil,Mujer,TRUE,FALSE,Cs,FALSE,,CIUDADANOS-PARTIDO DE LA CIUDADANÍA,Cs,jec_mad_2021.pdf,compartido
autonomous_2021_05,2021,Asamblea de Madrid,Madrid,Madrid,84,Carlos Urdá Prieto,Hombre,TRUE,FALSE,Cs,FALSE,,CIUDADANOS-PARTIDO DE LA CIUDADANÍA,Cs,jec_mad_2021.pdf,compartido
autonomous_2021_05,2021,Asamblea de Madrid,Madrid,Madrid,85,Pilar García López,Mujer,TRUE,FALSE,Cs,FALSE,,CIUDADANOS-PARTIDO DE LA CIUDADANÍA,Cs,jec_mad_2021.pdf,compartido
autonomous_2021_05,2021,Asamblea de Madrid,Madrid,Madrid,86,César Barral Mayordomo,Hombre,TRUE,FALSE,Cs,FALSE,,CIUDADANOS-PARTIDO DE LA CIUDADANÍA,Cs,jec_mad_2021.pdf,compartido
autonomous_2021_05,2021,Asamblea de Madrid,Madrid,Madrid,87,María Vázquez Limeres,Mujer,TRUE,FALSE,Cs,FALSE,,CIUDADANOS-PARTIDO DE LA CIUDADANÍA,Cs,jec_mad_2021.pdf,compartido
autonomous_2021_05,2021,Asamblea de Madrid,Madrid,Madrid,88,José Miguel Murgoitio García,Hombre,TRUE,FALSE,Cs,FALSE,,CIUDADANOS-PARTIDO DE LA CIUDADANÍA,Cs,jec_mad_2021.pdf,compartido
autonomous_2021_05,2021,Asamblea de Madrid,Madrid,Madrid,89,David García Martín,Hombre,TRUE,FALSE,Cs,FALSE,,CIUDADANOS-PARTIDO DE LA CIUDADANÍA,Cs,jec_mad_2021.pdf,compartido
autonomous_2021_05,2021,Asamblea de Madrid,Madrid,Madrid,90,Mónica Sánchez Izaguirre,Mujer,TRUE,FALSE,Cs,FALSE,,CIUDADANOS-PARTIDO DE LA CIUDADANÍA,Cs,jec_mad_2021.pdf,compartido
autonomous_2021_05,2021,Asamblea de Madrid,Madrid,Madrid,91,Raúl Sánchez Aguilar,Hombre,TRUE,FALSE,Cs,FALSE,,CIUDADANOS-PARTIDO DE LA CIUDADANÍA,Cs,jec_mad_2021.pdf,compartido
autonomous_2021_05,2021,Asamblea de Madrid,Madrid,Madrid,92,Antonio Iraizoz García,Hombre,TRUE,FALSE,Cs,FALSE,,CIUDADANOS-PARTIDO DE LA CIUDADANÍA,Cs,jec_mad_2021.pdf,compartido
autonomous_2021_05,2021,Asamblea de Madrid,Madrid,Madrid,93,María de las Mercedes García Ruiz,Mujer,TRUE,FALSE,Cs,FALSE,,CIUDADANOS-PARTIDO DE LA CIUDADANÍA,Cs,jec_mad_2021.pdf,compartido
autonomous_2021_05,2021,Asamblea de Madrid,Madrid,Madrid,94,Claudia Xinlán de la Torre Esquinas,Mujer,TRUE,FALSE,Cs,FALSE,,CIUDADANOS-PARTIDO DE LA CIUDADANÍA,Cs,jec_mad_2021.pdf,compartido
autonomous_2021_05,2021,Asamblea de Madrid,Madrid,Madrid,95,Antonio Pardo Barreda,Hombre,TRUE,FALSE,Cs,FALSE,,CIUDADANOS-PARTIDO DE LA CIUDADANÍA,Cs,jec_mad_2021.pdf,compartido
autonomous_2021_05,2021,Asamblea de Madrid,Madrid,Madrid,96,José Vicente Escovedo Ramos,Hombre,TRUE,FALSE,Cs,FALSE,,CIUDADANOS-PARTIDO DE LA CIUDADANÍA,Cs,jec_mad_2021.pdf,compartido
autonomous_2021_05,2021,Asamblea de Madrid,Madrid,Madrid,97,José Luis del Amo López,Hombre,TRUE,FALSE,Cs,FALSE,,CIUDADANOS-PARTIDO DE LA CIUDADANÍA,Cs,jec_mad_2021.pdf,compartido
autonomous_2021_05,2021,Asamblea de Madrid,Madrid,Madrid,98,Silvia Peña Pastor,Mujer,TRUE,FALSE,Cs,FALSE,,CIUDADANOS-PARTIDO DE LA CIUDADANÍA,Cs,jec_mad_2021.pdf,compartido
autonomous_2021_05,2021,Asamblea de Madrid,Madrid,Madrid,99,Nadia Belaradj Moya,Mujer,TRUE,FALSE,Cs,FALSE,,CIUDADANOS-PARTIDO DE LA CIUDADANÍA,Cs,jec_mad_2021.pdf,compartido
autonomous_2021_05,2021,Asamblea de Madrid,Madrid,Madrid,100,Juan Egea Lara,Hombre,TRUE,FALSE,Cs,FALSE,,CIUDADANOS-PARTIDO DE LA CIUDADANÍA,Cs,jec_mad_2021.pdf,compartido
autonomous_2021_05,2021,Asamblea de Madrid,Madrid,Madrid,101,Lorena Yuste Rodríguez,Mujer,TRUE,FALSE,Cs,FALSE,,CIUDADANOS-PARTIDO DE LA CIUDADANÍA,Cs,jec_mad_2021.pdf,compartido
autonomous_2021_05,2021,Asamblea de Madrid,Madrid,Madrid,102,Javier Aceituno Ortega,Hombre,TRUE,FALSE,Cs,FALSE,,CIUDADANOS-PARTIDO DE LA CIUDADANÍA,Cs,jec_mad_2021.pdf,compartido
autonomous_2021_05,2021,Asamblea de Madrid,Madrid,Madrid,103,María Victoria Sánchez-Migallón Parra,Mujer,TRUE,FALSE,Cs,FALSE,,CIUDADANOS-PARTIDO DE LA CIUDADANÍA,Cs,jec_mad_2021.pdf,compartido
autonomous_2021_05,2021,Asamblea de Madrid,Madrid,Madrid,104,Javier Miguel de la Uz López,Hombre,TRUE,FALSE,Cs,FALSE,,CIUDADANOS-PARTIDO DE LA CIUDADANÍA,Cs,jec_mad_2021.pdf,compartido
autonomous_2021_05,2021,Asamblea de Madrid,Madrid,Madrid,105,Carlos José María Torres Alemán,Hombre,TRUE,FALSE,Cs,FALSE,,CIUDADANOS-PARTIDO DE LA CIUDADANÍA,Cs,jec_mad_2021.pdf,compartido
autonomous_2021_05,2021,Asamblea de Madrid,Madrid,Madrid,106,Israel Bruce Ortiz Cedillo,Hombre,TRUE,FALSE,Cs,FALSE,,CIUDADANOS-PARTIDO DE LA CIUDADANÍA,Cs,jec_mad_2021.pdf,compartido
autonomous_2021_05,2021,Asamblea de Madrid,Madrid,Madrid,107,Enriqueta Aldeano Gómez,Mujer,TRUE,FALSE,Cs,FALSE,,CIUDADANOS-PARTIDO DE LA CIUDADANÍA,Cs,jec_mad_2021.pdf,compartido
autonomous_2021_05,2021,Asamblea de Madrid,Madrid,Madrid,108,Raquel Guerrero Vélez,Mujer,TRUE,FALSE,Cs,FALSE,,CIUDADANOS-PARTIDO DE LA CIUDADANÍA,Cs,jec_mad_2021.pdf,compartido
autonomous_2021_05,2021,Asamblea de Madrid,Madrid,Madrid,109,Luis Más Gutiérrez,Hombre,TRUE,FALSE,Cs,FALSE,,CIUDADANOS-PARTIDO DE LA CIUDADANÍA,Cs,jec_mad_2021.pdf,compartido
autonomous_2021_05,2021,Asamblea de Madrid,Madrid,Madrid,110,Carmen García Palomino,Mujer,TRUE,FALSE,Cs,FALSE,,CIUDADANOS-PARTIDO DE LA CIUDADANÍA,Cs,jec_mad_2021.pdf,compartido
autonomous_2021_05,2021,Asamblea de Madrid,Madrid,Madrid,111,Cristina Fernández Losada,Mujer,TRUE,FALSE,Cs,FALSE,,CIUDADANOS-PARTIDO DE LA CIUDADANÍA,Cs,jec_mad_2021.pdf,compartido
autonomous_2021_05,2021,Asamblea de Madrid,Madrid,Madrid,112,Javier Iglesias González,Hombre,TRUE,FALSE,Cs,FALSE,,CIUDADANOS-PARTIDO DE LA CIUDADANÍA,Cs,jec_mad_2021.pdf,compartido
autonomous_2021_05,2021,Asamblea de Madrid,Madrid,Madrid,113,Jesús Díaz Raboso,Hombre,TRUE,FALSE,Cs,FALSE,,CIUDADANOS-PARTIDO DE LA CIUDADANÍA,Cs,jec_mad_2021.pdf,compartido
autonomous_2021_05,2021,Asamblea de Madrid,Madrid,Madrid,114,Gerardo Barrigón Pérez,Hombre,TRUE,FALSE,Cs,FALSE,,CIUDADANOS-PARTIDO DE LA CIUDADANÍA,Cs,jec_mad_2021.pdf,compartido
autonomous_2021_05,2021,Asamblea de Madrid,Madrid,Madrid,115,Begoña Franco Rego,Mujer,TRUE,FALSE,Cs,FALSE,,CIUDADANOS-PARTIDO DE LA CIUDADANÍA,Cs,jec_mad_2021.pdf,compartido
autonomous_2021_05,2021,Asamblea de Madrid,Madrid,Madrid,116,Francisco Javier García Nieto,Hombre,TRUE,FALSE,Cs,FALSE,,CIUDADANOS-PARTIDO DE LA CIUDADANÍA,Cs,jec_mad_2021.pdf,compartido
autonomous_2021_05,2021,Asamblea de Madrid,Madrid,Madrid,117,Marcos Moreno González,Hombre,TRUE,FALSE,Cs,FALSE,,CIUDADANOS-PARTIDO DE LA CIUDADANÍA,Cs,jec_mad_2021.pdf,compartido
autonomous_2021_05,2021,Asamblea de Madrid,Madrid,Madrid,118,Esther Manuela Sáez Sanz,Mujer,TRUE,FALSE,Cs,FALSE,,CIUDADANOS-PARTIDO DE LA CIUDADANÍA,Cs,jec_mad_2021.pdf,compartido
autonomous_2021_05,2021,Asamblea de Madrid,Madrid,Madrid,119,Josefa Isasi Marín,Mujer,TRUE,FALSE,Cs,FALSE,,CIUDADANOS-PARTIDO DE LA CIUDADANÍA,Cs,jec_mad_2021.pdf,compartido
autonomous_2021_05,2021,Asamblea de Madrid,Madrid,Madrid,120,Carlos Javier Quijada Vicente,Hombre,TRUE,FALSE,Cs,FALSE,,CIUDADANOS-PARTIDO DE LA CIUDADANÍA,Cs,jec_mad_2021.pdf,compartido
autonomous_2021_05,2021,Asamblea de Madrid,Madrid,Madrid,121,Raquel Cadenas Porqueras,Mujer,TRUE,FALSE,Cs,FALSE,,CIUDADANOS-PARTIDO DE LA CIUDADANÍA,Cs,jec_mad_2021.pdf,compartido
autonomous_2021_05,2021,Asamblea de Madrid,Madrid,Madrid,122,Julián Cubilla Bolívar,Hombre,TRUE,FALSE,Cs,FALSE,,CIUDADANOS-PARTIDO DE LA CIUDADANÍA,Cs,jec_mad_2021.pdf,compartido
autonomous_2021_05,2021,Asamblea de Madrid,Madrid,Madrid,123,Ignacio Eusebio Costa,Hombre,TRUE,FALSE,Cs,FALSE,,CIUDADANOS-PARTIDO DE LA CIUDADANÍA,Cs,jec_mad_2021.pdf,compartido
autonomous_2021_05,2021,Asamblea de Madrid,Madrid,Madrid,124,Sonia María Richaud Atance,Mujer,TRUE,FALSE,Cs,FALSE,,CIUDADANOS-PARTIDO DE LA CIUDADANÍA,Cs,jec_mad_2021.pdf,compartido
autonomous_2021_05,2021,Asamblea de Madrid,Madrid,Madrid,125,Borja Soto Foxá,Hombre,TRUE,FALSE,Cs,FALSE,,CIUDADANOS-PARTIDO DE LA CIUDADANÍA,Cs,jec_mad_2021.pdf,compartido
autonomous_2021_05,2021,Asamblea de Madrid,Madrid,Madrid,126,Natalia Gacía Gil,Mujer,TRUE,FALSE,Cs,FALSE,,CIUDADANOS-PARTIDO DE LA CIUDADANÍA,Cs,jec_mad_2021.pdf,compartido
autonomous_2021_05,2021,Asamblea de Madrid,Madrid,Madrid,127,Alexis Ortega Sánchez,Hombre,TRUE,FALSE,Cs,FALSE,,CIUDADANOS-PARTIDO DE LA CIUDADANÍA,Cs,jec_mad_2021.pdf,compartido
autonomous_2021_05,2021,Asamblea de Madrid,Madrid,Madrid,128,Justo Cerdaña Cedillo,Hombre,TRUE,FALSE,Cs,FALSE,,CIUDADANOS-PARTIDO DE LA CIUDADANÍA,Cs,jec_mad_2021.pdf,compartido
autonomous_2021_05,2021,Asamblea de Madrid,Madrid,Madrid,129,Clara Isabel Carrera Rodríguez,Mujer,TRUE,FALSE,Cs,FALSE,,CIUDADANOS-PARTIDO DE LA CIUDADANÍA,Cs,jec_mad_2021.pdf,compartido
autonomous_2021_05,2021,Asamblea de Madrid,Madrid,Madrid,130,Paloma Heras Martín,Mujer,TRUE,FALSE,Cs,FALSE,,CIUDADANOS-PARTIDO DE LA CIUDADANÍA,Cs,jec_mad_2021.pdf,compartido
autonomous_2021_05,2021,Asamblea de Madrid,Madrid,Madrid,131,María del Rosario Martel Muñoz-Cobo BOCM-20210408-40 BOCM B.O.C.M. Núm. 83,Mujer,TRUE,FALSE,Cs,FALSE,,CIUDADANOS-PARTIDO DE LA CIUDADANÍA,Cs,jec_mad_2021.pdf,compartido
autonomous_2021_05,2021,Asamblea de Madrid,Madrid,Madrid,132,Miguel Ángel Rodríguez Vacelar,Hombre,TRUE,FALSE,Cs,FALSE,,CIUDADANOS-PARTIDO DE LA CIUDADANÍA,Cs,jec_mad_2021.pdf,compartido
autonomous_2021_05,2021,Asamblea de Madrid,Madrid,Madrid,133,Mylai Lima González,,TRUE,FALSE,Cs,FALSE,,CIUDADANOS-PARTIDO DE LA CIUDADANÍA,Cs,jec_mad_2021.pdf,compartido
autonomous_2021_05,2021,Asamblea de Madrid,Madrid,Madrid,134,María Carmen Gutiérrez Moreno,Mujer,TRUE,FALSE,Cs,FALSE,,CIUDADANOS-PARTIDO DE LA CIUDADANÍA,Cs,jec_mad_2021.pdf,compartido
autonomous_2021_05,2021,Asamblea de Madrid,Madrid,Madrid,135,Mariano del Toro Torregrosa,Hombre,TRUE,FALSE,Cs,FALSE,,CIUDADANOS-PARTIDO DE LA CIUDADANÍA,Cs,jec_mad_2021.pdf,compartido
autonomous_2021_05,2021,Asamblea de Madrid,Madrid,Madrid,136,Begoña Villacís Sánchez,Mujer,TRUE,FALSE,Cs,FALSE,,CIUDADANOS-PARTIDO DE LA CIUDADANÍA,Cs,jec_mad_2021.pdf,compartido
autonomous_2021_05,2021,Asamblea de Madrid,Madrid,Madrid,1,Susana Vicens Herrero,Mujer,FALSE,FALSE,Cs,FALSE,,CIUDADANOS-PARTIDO DE LA CIUDADANÍA,Cs,jec_mad_2021.pdf,compartido
autonomous_2021_05,2021,Asamblea de Madrid,Madrid,Madrid,2,Alberto García Sánchez,Hombre,FALSE,FALSE,Cs,FALSE,,CIUDADANOS-PARTIDO DE LA CIUDADANÍA,Cs,jec_mad_2021.pdf,compartido
autonomous_2021_05,2021,Asamblea de Madrid,Madrid,Madrid,3,Carlos Sánchez de la Flor BOCM-20210408-40 BOCM B.O.C.M. Núm. 83 POR UN MUNDO MÁS JUSTO (PUM+J),Hombre,FALSE,FALSE,Cs,FALSE,,CIUDADANOS-PARTIDO DE LA CIUDADANÍA,Cs,jec_mad_2021.pdf,compartido
autonomous_2022_02,2022,Cortes de Castilla y León,Castilla y Leon,Burgos,1,JOSÉ IGNACIO DELGADO PALACIOS,Hombre,TRUE,FALSE,Cs,FALSE,,CIUDADANOS-PARTIDO DE LA CIUDADANIA,Cs,jec_cyl_2022.pdf,compartido
autonomous_2022_02,2022,Cortes de Castilla y León,Castilla y Leon,Burgos,2,BLANCA DELIA NEGRETE SANTAMARÍA,Mujer,TRUE,FALSE,Cs,FALSE,,CIUDADANOS-PARTIDO DE LA CIUDADANIA,Cs,jec_cyl_2022.pdf,compartido
autonomous_2022_02,2022,Cortes de Castilla y León,Castilla y Leon,Burgos,3,ALVARO CASTRILLEJO PEÑA CV: BOCYL-D-18012022-15 Núm. 11,Hombre,TRUE,FALSE,Cs,FALSE,,CIUDADANOS-PARTIDO DE LA CIUDADANIA,Cs,jec_cyl_2022.pdf,compartido
autonomous_2022_02,2022,Cortes de Castilla y León,Castilla y Leon,Burgos,4,VERÓNICA TAMAYO SANTA CRUZ,Mujer,TRUE,FALSE,Cs,FALSE,,CIUDADANOS-PARTIDO DE LA CIUDADANIA,Cs,jec_cyl_2022.pdf,compartido
autonomous_2022_02,2022,Cortes de Castilla y León,Castilla y Leon,Burgos,5,VANESA GARCÍA MARTÍNEZ,Mujer,TRUE,FALSE,Cs,FALSE,,CIUDADANOS-PARTIDO DE LA CIUDADANIA,Cs,jec_cyl_2022.pdf,compartido
autonomous_2022_02,2022,Cortes de Castilla y León,Castilla y Leon,Burgos,6,ELIA SALINERO ONTOSO,Mujer,TRUE,FALSE,Cs,FALSE,,CIUDADANOS-PARTIDO DE LA CIUDADANIA,Cs,jec_cyl_2022.pdf,compartido
autonomous_2022_02,2022,Cortes de Castilla y León,Castilla y Leon,Burgos,7,JOSÉ ANTONIO FERNÁNDEZ ROSUERO,Hombre,TRUE,FALSE,Cs,FALSE,,CIUDADANOS-PARTIDO DE LA CIUDADANIA,Cs,jec_cyl_2022.pdf,compartido
autonomous_2022_02,2022,Cortes de Castilla y León,Castilla y Leon,Burgos,8,PEDRO MIGUEL SOTO CUESTA,Hombre,TRUE,FALSE,Cs,FALSE,,CIUDADANOS-PARTIDO DE LA CIUDADANIA,Cs,jec_cyl_2022.pdf,compartido
autonomous_2022_02,2022,Cortes de Castilla y León,Castilla y Leon,Burgos,9,JOSÉ FRANCISCO APARICO OLEA,Hombre,TRUE,FALSE,Cs,FALSE,,CIUDADANOS-PARTIDO DE LA CIUDADANIA,Cs,jec_cyl_2022.pdf,compartido
autonomous_2022_02,2022,Cortes de Castilla y León,Castilla y Leon,Burgos,10,MIRIAM DELGADO BARRIOS,Mujer,TRUE,FALSE,Cs,FALSE,,CIUDADANOS-PARTIDO DE LA CIUDADANIA,Cs,jec_cyl_2022.pdf,compartido
autonomous_2022_02,2022,Cortes de Castilla y León,Castilla y Leon,Burgos,11,MARÍA GINEBRA ANGULO MANSO,Mujer,TRUE,FALSE,Cs,FALSE,,CIUDADANOS-PARTIDO DE LA CIUDADANIA,Cs,jec_cyl_2022.pdf,compartido
autonomous_2022_02,2022,Cortes de Castilla y León,Castilla y Leon,Burgos,1,FERNANDO MARTÍN LÓPEZ,Hombre,FALSE,FALSE,Cs,FALSE,,CIUDADANOS-PARTIDO DE LA CIUDADANIA,Cs,jec_cyl_2022.pdf,compartido
autonomous_2022_02,2022,Cortes de Castilla y León,Castilla y Leon,Burgos,2,MARÍA LUISA PEÑA PALACIOS,Mujer,FALSE,FALSE,Cs,FALSE,,CIUDADANOS-PARTIDO DE LA CIUDADANIA,Cs,jec_cyl_2022.pdf,compartido
autonomous_2022_02,2022,Cortes de Castilla y León,Castilla y Leon,Burgos,3,LIDIA ARRIBAS DELGADO,Mujer,FALSE,FALSE,Cs,FALSE,,CIUDADANOS-PARTIDO DE LA CIUDADANIA,Cs,jec_cyl_2022.pdf,compartido
autonomous_2022_02,2022,Cortes de Castilla y León,Castilla y Leon,León,1,ANA CARLOTA AMIGO PIQUERO,Mujer,TRUE,FALSE,Cs,FALSE,,CIUDADANOS-PARTIDO DE LA CIUDADANIA,Cs,jec_cyl_2022.pdf,compartido
autonomous_2022_02,2022,Cortes de Castilla y León,Castilla y Leon,León,2,FRANCISCO JAVIER PANIZO GARCÍA,Hombre,TRUE,FALSE,Cs,FALSE,,CIUDADANOS-PARTIDO DE LA CIUDADANIA,Cs,jec_cyl_2022.pdf,compartido
autonomous_2022_02,2022,Cortes de Castilla y León,Castilla y Leon,León,3,SIGIFREDO BENAVIDES FERNÁNDEZ,Hombre,TRUE,FALSE,Cs,FALSE,,CIUDADANOS-PARTIDO DE LA CIUDADANIA,Cs,jec_cyl_2022.pdf,compartido
autonomous_2022_02,2022,Cortes de Castilla y León,Castilla y Leon,León,4,SUSANA NÚÑEZ MORAL,Mujer,TRUE,FALSE,Cs,FALSE,,CIUDADANOS-PARTIDO DE LA CIUDADANIA,Cs,jec_cyl_2022.pdf,compartido
autonomous_2022_02,2022,Cortes de Castilla y León,Castilla y Leon,León,5,RODRIGO VALLE RODRÍGUEZ,Hombre,TRUE,FALSE,Cs,FALSE,,CIUDADANOS-PARTIDO DE LA CIUDADANIA,Cs,jec_cyl_2022.pdf,compartido
autonomous_2022_02,2022,Cortes de Castilla y León,Castilla y Leon,León,6,MARÍA DEL PILAR CALVO MENCÍA,Mujer,TRUE,FALSE,Cs,FALSE,,CIUDADANOS-PARTIDO DE LA CIUDADANIA,Cs,jec_cyl_2022.pdf,compartido
autonomous_2022_02,2022,Cortes de Castilla y León,Castilla y Leon,León,7,JUAN JOSÉ BLANCO RODRÍGUEZ,Hombre,TRUE,FALSE,Cs,FALSE,,CIUDADANOS-PARTIDO DE LA CIUDADANIA,Cs,jec_cyl_2022.pdf,compartido
autonomous_2022_02,2022,Cortes de Castilla y León,Castilla y Leon,León,8,PATRICIA GONZÁLEZ ÁLVAREZ,Mujer,TRUE,FALSE,Cs,FALSE,,CIUDADANOS-PARTIDO DE LA CIUDADANIA,Cs,jec_cyl_2022.pdf,compartido
autonomous_2022_02,2022,Cortes de Castilla y León,Castilla y Leon,León,9,JUAN CARLOS GUTIÉRREZ HERNÁNDEZ,Hombre,TRUE,FALSE,Cs,FALSE,,CIUDADANOS-PARTIDO DE LA CIUDADANIA,Cs,jec_cyl_2022.pdf,compartido
autonomous_2022_02,2022,Cortes de Castilla y León,Castilla y Leon,León,10,MARÍA DEL CARMEN GARCÍA MUÑIZ,Mujer,TRUE,FALSE,Cs,FALSE,,CIUDADANOS-PARTIDO DE LA CIUDADANIA,Cs,jec_cyl_2022.pdf,compartido
autonomous_2022_02,2022,Cortes de Castilla y León,Castilla y Leon,León,11,OSCAR CARRACEDO GONZÁLEZ,Hombre,TRUE,FALSE,Cs,FALSE,,CIUDADANOS-PARTIDO DE LA CIUDADANIA,Cs,jec_cyl_2022.pdf,compartido
autonomous_2022_02,2022,Cortes de Castilla y León,Castilla y Leon,León,12,CÉSAR ALBERTO IGLESIAS BARRIGÓN,Hombre,TRUE,FALSE,Cs,FALSE,,CIUDADANOS-PARTIDO DE LA CIUDADANIA,Cs,jec_cyl_2022.pdf,compartido
autonomous_2022_02,2022,Cortes de Castilla y León,Castilla y Leon,León,13,ROSARIO MARÍA BARDÓN GONZÁLEZ,Mujer,TRUE,FALSE,Cs,FALSE,,CIUDADANOS-PARTIDO DE LA CIUDADANIA,Cs,jec_cyl_2022.pdf,compartido
autonomous_2022_02,2022,Cortes de Castilla y León,Castilla y Leon,León,1,ÁLVARO RODRÍGUEZ GONZÁLEZ,Hombre,FALSE,FALSE,Cs,FALSE,,CIUDADANOS-PARTIDO DE LA CIUDADANIA,Cs,jec_cyl_2022.pdf,compartido
autonomous_2022_02,2022,Cortes de Castilla y León,Castilla y Leon,León,2,HÉCTOR FERNÁNDEZ JOSA,Hombre,FALSE,FALSE,Cs,FALSE,,CIUDADANOS-PARTIDO DE LA CIUDADANIA,Cs,jec_cyl_2022.pdf,compartido
autonomous_2022_02,2022,Cortes de Castilla y León,Castilla y Leon,León,3,LAURA HUERGA DEL SOL,Mujer,FALSE,FALSE,Cs,FALSE,,CIUDADANOS-PARTIDO DE LA CIUDADANIA,Cs,jec_cyl_2022.pdf,compartido
autonomous_2022_02,2022,Cortes de Castilla y León,Castilla y Leon,Palencia,1,JOSÉ MANUEL OTERO SANZ,Hombre,TRUE,FALSE,Cs,FALSE,,CIUDADANOS-PARTIDO DE LA CIUDADANIA,Cs,jec_cyl_2022.pdf,compartido
autonomous_2022_02,2022,Cortes de Castilla y León,Castilla y Leon,Palencia,2,JUAN CRUZ VIDAL CARAZO,Hombre,TRUE,FALSE,Cs,FALSE,,CIUDADANOS-PARTIDO DE LA CIUDADANIA,Cs,jec_cyl_2022.pdf,compartido
autonomous_2022_02,2022,Cortes de Castilla y León,Castilla y Leon,Palencia,3,MARÍA ESTELA REDONDO GARCÍA,Mujer,TRUE,FALSE,Cs,FALSE,,CIUDADANOS-PARTIDO DE LA CIUDADANIA,Cs,jec_cyl_2022.pdf,compartido
autonomous_2022_02,2022,Cortes de Castilla y León,Castilla y Leon,Palencia,4,MARÍA LLORENTE TEJEDOR,Mujer,TRUE,FALSE,Cs,FALSE,,CIUDADANOS-PARTIDO DE LA CIUDADANIA,Cs,jec_cyl_2022.pdf,compartido
autonomous_2022_02,2022,Cortes de Castilla y León,Castilla y Leon,Palencia,5,LUIS MANUEL MAZUELAS OTERO,Hombre,TRUE,FALSE,Cs,FALSE,,CIUDADANOS-PARTIDO DE LA CIUDADANIA,Cs,jec_cyl_2022.pdf,compartido
autonomous_2022_02,2022,Cortes de Castilla y León,Castilla y Leon,Palencia,6,ÁNGEL LÓPEZ IGLESIAS,Hombre,TRUE,FALSE,Cs,FALSE,,CIUDADANOS-PARTIDO DE LA CIUDADANIA,Cs,jec_cyl_2022.pdf,compartido
autonomous_2022_02,2022,Cortes de Castilla y León,Castilla y Leon,Palencia,7,MARÍA FRANCISCA PEÑA DE LA HERA,Mujer,TRUE,FALSE,Cs,FALSE,,CIUDADANOS-PARTIDO DE LA CIUDADANIA,Cs,jec_cyl_2022.pdf,compartido
autonomous_2022_02,2022,Cortes de Castilla y León,Castilla y Leon,Palencia,1,JORGE LLANOS MARTÍN,Hombre,FALSE,FALSE,Cs,FALSE,,CIUDADANOS-PARTIDO DE LA CIUDADANIA,Cs,jec_cyl_2022.pdf,compartido
autonomous_2022_02,2022,Cortes de Castilla y León,Castilla y Leon,Palencia,2,ISAURA DE NICOLÁS LASO,Mujer,FALSE,FALSE,Cs,FALSE,,CIUDADANOS-PARTIDO DE LA CIUDADANIA,Cs,jec_cyl_2022.pdf,compartido
autonomous_2022_02,2022,Cortes de Castilla y León,Castilla y Leon,Palencia,3,MARIO GARCÍA GUARDO,Hombre,FALSE,FALSE,Cs,FALSE,,CIUDADANOS-PARTIDO DE LA CIUDADANIA,Cs,jec_cyl_2022.pdf,compartido
autonomous_2022_02,2022,Cortes de Castilla y León,Castilla y Leon,Salamanca,1,LUIS FUENTES RODRÍGUEZ,Hombre,TRUE,FALSE,Cs,FALSE,,CIUDADANOS-PARTIDO DE LA CIUDADANIA,Cs,jec_cyl_2022.pdf,compartido
autonomous_2022_02,2022,Cortes de Castilla y León,Castilla y Leon,Salamanca,2,DAVID CASTAÑO SEQUEROS,Hombre,TRUE,FALSE,Cs,FALSE,,CIUDADANOS-PARTIDO DE LA CIUDADANIA,Cs,jec_cyl_2022.pdf,compartido
autonomous_2022_02,2022,Cortes de Castilla y León,Castilla y Leon,Salamanca,3,MARÍA AUXILIADORA JIMÉNEZ RIVAS,Mujer,TRUE,FALSE,Cs,FALSE,,CIUDADANOS-PARTIDO DE LA CIUDADANIA,Cs,jec_cyl_2022.pdf,compartido
autonomous_2022_02,2022,Cortes de Castilla y León,Castilla y Leon,Salamanca,4,SERGIO JIMÉNEZ HERNÁNDEZ,Hombre,TRUE,FALSE,Cs,FALSE,,CIUDADANOS-PARTIDO DE LA CIUDADANIA,Cs,jec_cyl_2022.pdf,compartido
autonomous_2022_02,2022,Cortes de Castilla y León,Castilla y Leon,Salamanca,5,PAULA HERNÁNDEZ DÍAZ,Mujer,TRUE,FALSE,Cs,FALSE,,CIUDADANOS-PARTIDO DE LA CIUDADANIA,Cs,jec_cyl_2022.pdf,compartido
autonomous_2022_02,2022,Cortes de Castilla y León,Castilla y Leon,Salamanca,6,ABEL CELSO GARCÍA MARTÍN,Hombre,TRUE,FALSE,Cs,FALSE,,CIUDADANOS-PARTIDO DE LA CIUDADANIA,Cs,jec_cyl_2022.pdf,compartido
autonomous_2022_02,2022,Cortes de Castilla y León,Castilla y Leon,Salamanca,7,GERARDO GARCÍA SÁNCHEZ,Hombre,TRUE,FALSE,Cs,FALSE,,CIUDADANOS-PARTIDO DE LA CIUDADANIA,Cs,jec_cyl_2022.pdf,compartido
autonomous_2022_02,2022,Cortes de Castilla y León,Castilla y Leon,Salamanca,8,MARÍA LOURDES PALOS CARREÑO,Mujer,TRUE,FALSE,Cs,FALSE,,CIUDADANOS-PARTIDO DE LA CIUDADANIA,Cs,jec_cyl_2022.pdf,compartido
autonomous_2022_02,2022,Cortes de Castilla y León,Castilla y Leon,Salamanca,9,DAVID CARABIAS DELGADO,Hombre,TRUE,FALSE,Cs,FALSE,,CIUDADANOS-PARTIDO DE LA CIUDADANIA,Cs,jec_cyl_2022.pdf,compartido
autonomous_2022_02,2022,Cortes de Castilla y León,Castilla y Leon,Salamanca,10,CRISTINA HERNÁNDEZ GÓMEZ,Mujer,TRUE,FALSE,Cs,FALSE,,CIUDADANOS-PARTIDO DE LA CIUDADANIA,Cs,jec_cyl_2022.pdf,compartido
autonomous_2022_02,2022,Cortes de Castilla y León,Castilla y Leon,Salamanca,1,GONZALO JOSÉ BAUTISTA CASTRO,Hombre,FALSE,FALSE,Cs,FALSE,,CIUDADANOS-PARTIDO DE LA CIUDADANIA,Cs,jec_cyl_2022.pdf,compartido
autonomous_2022_02,2022,Cortes de Castilla y León,Castilla y Leon,Salamanca,2,PATRICIA DIEGO SÁNCHEZ,Mujer,FALSE,FALSE,Cs,FALSE,,CIUDADANOS-PARTIDO DE LA CIUDADANIA,Cs,jec_cyl_2022.pdf,compartido
autonomous_2022_02,2022,Cortes de Castilla y León,Castilla y Leon,Salamanca,3,JESÚS LUIS DE SAN ANTONIO BENITO,Hombre,FALSE,FALSE,Cs,FALSE,,CIUDADANOS-PARTIDO DE LA CIUDADANIA,Cs,jec_cyl_2022.pdf,compartido
autonomous_2022_02,2022,Cortes de Castilla y León,Castilla y Leon,Segovia,1,AFRODISIO ÁNGEL MARTÍNEZ HERRERO,Hombre,TRUE,FALSE,Cs,FALSE,,CIUDADANOS-PARTIDO DE LA CIUDADANIA,Cs,jec_cyl_2022.pdf,compartido
autonomous_2022_02,2022,Cortes de Castilla y León,Castilla y Leon,Segovia,2,VÍCTOR MANUEL ALVARADO GÓMEZ,Hombre,TRUE,FALSE,Cs,FALSE,,CIUDADANOS-PARTIDO DE LA CIUDADANIA,Cs,jec_cyl_2022.pdf,compartido
autonomous_2022_02,2022,Cortes de Castilla y León,Castilla y Leon,Segovia,3,MARÍA CARMEN VELASCO GÓMEZ,Mujer,TRUE,FALSE,Cs,FALSE,,CIUDADANOS-PARTIDO DE LA CIUDADANIA,Cs,jec_cyl_2022.pdf,compartido
autonomous_2022_02,2022,Cortes de Castilla y León,Castilla y Leon,Segovia,4,SARA SACRISTÁN ROMERO,Mujer,TRUE,FALSE,Cs,FALSE,,CIUDADANOS-PARTIDO DE LA CIUDADANIA,Cs,jec_cyl_2022.pdf,compartido
autonomous_2022_02,2022,Cortes de Castilla y León,Castilla y Leon,Segovia,5,LUCÍA ALEJOS MARTÍN,Mujer,TRUE,FALSE,Cs,FALSE,,CIUDADANOS-PARTIDO DE LA CIUDADANIA,Cs,jec_cyl_2022.pdf,compartido
autonomous_2022_02,2022,Cortes de Castilla y León,Castilla y Leon,Segovia,6,ÁNGEL JIMENEZ POLO,Hombre,TRUE,FALSE,Cs,FALSE,,CIUDADANOS-PARTIDO DE LA CIUDADANIA,Cs,jec_cyl_2022.pdf,compartido
autonomous_2022_02,2022,Cortes de Castilla y León,Castilla y Leon,Segovia,1,EDUARDO RICO POLO,Hombre,FALSE,FALSE,Cs,FALSE,,CIUDADANOS-PARTIDO DE LA CIUDADANIA,Cs,jec_cyl_2022.pdf,compartido
autonomous_2022_02,2022,Cortes de Castilla y León,Castilla y Leon,Segovia,2,LAURA MARTÍNEZ MINGUELA,Mujer,FALSE,FALSE,Cs,FALSE,,CIUDADANOS-PARTIDO DE LA CIUDADANIA,Cs,jec_cyl_2022.pdf,compartido
autonomous_2022_02,2022,Cortes de Castilla y León,Castilla y Leon,Segovia,3,MIGUEL ÁNGEL SAN JOSÉ ABRIL CV: BOCYL-D-18012022-15 Núm. 11,Hombre,FALSE,FALSE,Cs,FALSE,,CIUDADANOS-PARTIDO DE LA CIUDADANIA,Cs,jec_cyl_2022.pdf,compartido
autonomous_2022_02,2022,Cortes de Castilla y León,Castilla y Leon,Soria,1,FÉLIX SANZ PÉREZ,Hombre,TRUE,FALSE,Cs,FALSE,,CIUDADANOS-PARTIDO DE LA CIUDADANIA,Cs,jec_cyl_2022.pdf,compartido
autonomous_2022_02,2022,Cortes de Castilla y León,Castilla y Leon,Soria,2,MARÍA BELÉN REDONDO ORTIZ,Mujer,TRUE,FALSE,Cs,FALSE,,CIUDADANOS-PARTIDO DE LA CIUDADANIA,Cs,jec_cyl_2022.pdf,compartido
autonomous_2022_02,2022,Cortes de Castilla y León,Castilla y Leon,Soria,3,JOSÉ LUIS ALONSO SANZ,Hombre,TRUE,FALSE,Cs,FALSE,,CIUDADANOS-PARTIDO DE LA CIUDADANIA,Cs,jec_cyl_2022.pdf,compartido
autonomous_2022_02,2022,Cortes de Castilla y León,Castilla y Leon,Soria,4,JUAN CARLOS RODRÍGUEZ BAYÓN,Hombre,TRUE,FALSE,Cs,FALSE,,CIUDADANOS-PARTIDO DE LA CIUDADANIA,Cs,jec_cyl_2022.pdf,compartido
autonomous_2022_02,2022,Cortes de Castilla y León,Castilla y Leon,Soria,5,MARÍA DEL CARMEN MARCOS ALONSO,Mujer,TRUE,FALSE,Cs,FALSE,,CIUDADANOS-PARTIDO DE LA CIUDADANIA,Cs,jec_cyl_2022.pdf,compartido
autonomous_2022_02,2022,Cortes de Castilla y León,Castilla y Leon,Soria,1,JOSÉ ÁNGEL TIERNO ARANDA,Hombre,FALSE,FALSE,Cs,FALSE,,CIUDADANOS-PARTIDO DE LA CIUDADANIA,Cs,jec_cyl_2022.pdf,compartido
autonomous_2022_02,2022,Cortes de Castilla y León,Castilla y Leon,Soria,2,MARÍA SAGRARIO MOLINERO BERNAL,Mujer,FALSE,FALSE,Cs,FALSE,,CIUDADANOS-PARTIDO DE LA CIUDADANIA,Cs,jec_cyl_2022.pdf,compartido
autonomous_2022_02,2022,Cortes de Castilla y León,Castilla y Leon,Soria,3,MARÍA ÁNGELES MORALES GARIJO,Mujer,FALSE,FALSE,Cs,FALSE,,CIUDADANOS-PARTIDO DE LA CIUDADANIA,Cs,jec_cyl_2022.pdf,compartido
autonomous_2022_02,2022,Cortes de Castilla y León,Castilla y Leon,Valladolid,1,FRANCISCO IGEA ARISQUETA,Hombre,TRUE,TRUE,Cs,FALSE,,CIUDADANOS-PARTIDO DE LA CIUDADANIA,Cs,jec_cyl_2022.pdf,compartido
autonomous_2022_02,2022,Cortes de Castilla y León,Castilla y Leon,Valladolid,2,MIGUEL ÁNGEL GONZÁLEZ RODRIGO,Hombre,TRUE,FALSE,Cs,FALSE,,CIUDADANOS-PARTIDO DE LA CIUDADANIA,Cs,jec_cyl_2022.pdf,compartido
autonomous_2022_02,2022,Cortes de Castilla y León,Castilla y Leon,Valladolid,3,JOSÉ MIGUEL GARCÍA GARCÍA,Hombre,TRUE,FALSE,Cs,FALSE,,CIUDADANOS-PARTIDO DE LA CIUDADANIA,Cs,jec_cyl_2022.pdf,compartido
autonomous_2022_02,2022,Cortes de Castilla y León,Castilla y Leon,Valladolid,4,MARTA RECIO REGUERO,Mujer,TRUE,FALSE,Cs,FALSE,,CIUDADANOS-PARTIDO DE LA CIUDADANIA,Cs,jec_cyl_2022.pdf,compartido
autonomous_2022_02,2022,Cortes de Castilla y León,Castilla y Leon,Valladolid,5,MARÍA DE LAS NIEVES CASTAÑO GARCÍA,Mujer,TRUE,FALSE,Cs,FALSE,,CIUDADANOS-PARTIDO DE LA CIUDADANIA,Cs,jec_cyl_2022.pdf,compartido
autonomous_2022_02,2022,Cortes de Castilla y León,Castilla y Leon,Valladolid,6,LUIS MANUEL TORRES ALONSO,Hombre,TRUE,FALSE,Cs,FALSE,,CIUDADANOS-PARTIDO DE LA CIUDADANIA,Cs,jec_cyl_2022.pdf,compartido
autonomous_2022_02,2022,Cortes de Castilla y León,Castilla y Leon,Valladolid,7,TOMÁS ÁLVAREZ TEJEDOR,Hombre,TRUE,FALSE,Cs,FALSE,,CIUDADANOS-PARTIDO DE LA CIUDADANIA,Cs,jec_cyl_2022.pdf,compartido
autonomous_2022_02,2022,Cortes de Castilla y León,Castilla y Leon,Valladolid,8,JUAN CASADO LARA,Hombre,TRUE,FALSE,Cs,FALSE,,CIUDADANOS-PARTIDO DE LA CIUDADANIA,Cs,jec_cyl_2022.pdf,compartido
autonomous_2022_02,2022,Cortes de Castilla y León,Castilla y Leon,Valladolid,9,MARÍA ADELA FERNÁNDEZ DE BURGOS CV: BOCYL-D-18012022-15 Núm. 11,Mujer,TRUE,FALSE,Cs,FALSE,,CIUDADANOS-PARTIDO DE LA CIUDADANIA,Cs,jec_cyl_2022.pdf,compartido
autonomous_2022_02,2022,Cortes de Castilla y León,Castilla y Leon,Valladolid,10,MARIA DEL ROSARIO GARCÍA BERRÓN,Mujer,TRUE,FALSE,Cs,FALSE,,CIUDADANOS-PARTIDO DE LA CIUDADANIA,Cs,jec_cyl_2022.pdf,compartido
autonomous_2022_02,2022,Cortes de Castilla y León,Castilla y Leon,Valladolid,11,ANTONIO CALONGE VELÁZQUEZ,Hombre,TRUE,FALSE,Cs,FALSE,,CIUDADANOS-PARTIDO DE LA CIUDADANIA,Cs,jec_cyl_2022.pdf,compartido
autonomous_2022_02,2022,Cortes de Castilla y León,Castilla y Leon,Valladolid,12,JESÚS ANTONIO DEL RÍO SANTANA,Hombre,TRUE,FALSE,Cs,FALSE,,CIUDADANOS-PARTIDO DE LA CIUDADANIA,Cs,jec_cyl_2022.pdf,compartido
autonomous_2022_02,2022,Cortes de Castilla y León,Castilla y Leon,Valladolid,13,JAVIER HERRERO POZO,Hombre,TRUE,FALSE,Cs,FALSE,,CIUDADANOS-PARTIDO DE LA CIUDADANIA,Cs,jec_cyl_2022.pdf,compartido
autonomous_2022_02,2022,Cortes de Castilla y León,Castilla y Leon,Valladolid,14,EVA GONZÁLEZ GONZÁLEZ,Mujer,TRUE,FALSE,Cs,FALSE,,CIUDADANOS-PARTIDO DE LA CIUDADANIA,Cs,jec_cyl_2022.pdf,compartido
autonomous_2022_02,2022,Cortes de Castilla y León,Castilla y Leon,Valladolid,15,VERÓNICA CASADO VICENTE,Mujer,TRUE,FALSE,Cs,FALSE,,CIUDADANOS-PARTIDO DE LA CIUDADANIA,Cs,jec_cyl_2022.pdf,compartido
autonomous_2022_02,2022,Cortes de Castilla y León,Castilla y Leon,Valladolid,1,DAVID MACÍAS DOMINGUEZ,Hombre,FALSE,FALSE,Cs,FALSE,,CIUDADANOS-PARTIDO DE LA CIUDADANIA,Cs,jec_cyl_2022.pdf,compartido
autonomous_2022_02,2022,Cortes de Castilla y León,Castilla y Leon,Valladolid,2,MARÍA TERESA GONZÁLEZ FORJAS,Mujer,FALSE,FALSE,Cs,FALSE,,CIUDADANOS-PARTIDO DE LA CIUDADANIA,Cs,jec_cyl_2022.pdf,compartido
autonomous_2022_02,2022,Cortes de Castilla y León,Castilla y Leon,Valladolid,3,JOSÉ CARLOS CORDOVILLA BUSTOS,Hombre,FALSE,FALSE,Cs,FALSE,,CIUDADANOS-PARTIDO DE LA CIUDADANIA,Cs,jec_cyl_2022.pdf,compartido
autonomous_2022_02,2022,Cortes de Castilla y León,Castilla y Leon,Zamora,1,ALFONSO JOAQUÍN MARTÍN CARRETERO,Hombre,TRUE,FALSE,Cs,FALSE,,CIUDADANOS-PARTIDO DE LA CIUDADANIA,Cs,jec_cyl_2022.pdf,compartido
autonomous_2022_02,2022,Cortes de Castilla y León,Castilla y Leon,Zamora,2,AZAHARA PIRES BLANCO,Mujer,TRUE,FALSE,Cs,FALSE,,CIUDADANOS-PARTIDO DE LA CIUDADANIA,Cs,jec_cyl_2022.pdf,compartido
autonomous_2022_02,2022,Cortes de Castilla y León,Castilla y Leon,Zamora,3,JESÚS PALMERO GANGOSO,Hombre,TRUE,FALSE,Cs,FALSE,,CIUDADANOS-PARTIDO DE LA CIUDADANIA,Cs,jec_cyl_2022.pdf,compartido
autonomous_2022_02,2022,Cortes de Castilla y León,Castilla y Leon,Zamora,4,DIANA GÓMEZ FERNÁNDEZ,Mujer,TRUE,FALSE,Cs,FALSE,,CIUDADANOS-PARTIDO DE LA CIUDADANIA,Cs,jec_cyl_2022.pdf,compartido
autonomous_2022_02,2022,Cortes de Castilla y León,Castilla y Leon,Zamora,5,ANTONIO MARTÍN GARCÍA,Hombre,TRUE,FALSE,Cs,FALSE,,CIUDADANOS-PARTIDO DE LA CIUDADANIA,Cs,jec_cyl_2022.pdf,compartido
autonomous_2022_02,2022,Cortes de Castilla y León,Castilla y Leon,Zamora,6,RAQUEL CARRASCAL RODRÍGUEZ,Mujer,TRUE,FALSE,Cs,FALSE,,CIUDADANOS-PARTIDO DE LA CIUDADANIA,Cs,jec_cyl_2022.pdf,compartido
autonomous_2022_02,2022,Cortes de Castilla y León,Castilla y Leon,Zamora,7,ANTONIO MUÑOZ ALVAREDO CV: BOCYL-D-18012022-15 Núm. 11,Hombre,TRUE,FALSE,Cs,FALSE,,CIUDADANOS-PARTIDO DE LA CIUDADANIA,Cs,jec_cyl_2022.pdf,compartido
autonomous_2022_02,2022,Cortes de Castilla y León,Castilla y Leon,Zamora,1,JOSÉ MIGUEL MATEOS RAMOS,Hombre,FALSE,FALSE,Cs,FALSE,,CIUDADANOS-PARTIDO DE LA CIUDADANIA,Cs,jec_cyl_2022.pdf,compartido
autonomous_2022_02,2022,Cortes de Castilla y León,Castilla y Leon,Zamora,2,MARGARITA GARCÍA ÁLVAREZ,Mujer,FALSE,FALSE,Cs,FALSE,,CIUDADANOS-PARTIDO DE LA CIUDADANIA,Cs,jec_cyl_2022.pdf,compartido
autonomous_2022_02,2022,Cortes de Castilla y León,Castilla y Leon,Zamora,3,FAUSTINO GALLEGO RODRÍGUEZ,Hombre,FALSE,FALSE,Cs,FALSE,,CIUDADANOS-PARTIDO DE LA CIUDADANIA,Cs,jec_cyl_2022.pdf,compartido
autonomous_2022_02,2022,Cortes de Castilla y León,Castilla y Leon,Ávila,1,CELIA SIERRA MORENO,Mujer,TRUE,FALSE,Cs,FALSE,,CIUDADANOS-PARTIDO DE LA CIUDADANIA,Cs,jec_cyl_2022.pdf,compartido
autonomous_2022_02,2022,Cortes de Castilla y León,Castilla y Leon,Ávila,2,JOSE LUIS JAVIER PÉREZ MARTÍN,Hombre,TRUE,FALSE,Cs,FALSE,,CIUDADANOS-PARTIDO DE LA CIUDADANIA,Cs,jec_cyl_2022.pdf,compartido
autonomous_2022_02,2022,Cortes de Castilla y León,Castilla y Leon,Ávila,3,ZIORTZA GÁRATE CALVO,Mujer,TRUE,FALSE,Cs,FALSE,,CIUDADANOS-PARTIDO DE LA CIUDADANIA,Cs,jec_cyl_2022.pdf,compartido
autonomous_2022_02,2022,Cortes de Castilla y León,Castilla y Leon,Ávila,4,FRANCISCO LÓPEZ PÉREZ,Hombre,TRUE,FALSE,Cs,FALSE,,CIUDADANOS-PARTIDO DE LA CIUDADANIA,Cs,jec_cyl_2022.pdf,compartido
autonomous_2022_02,2022,Cortes de Castilla y León,Castilla y Leon,Ávila,5,DIEGO HERNÁNDEZ MARTÍN,Hombre,TRUE,FALSE,Cs,FALSE,,CIUDADANOS-PARTIDO DE LA CIUDADANIA,Cs,jec_cyl_2022.pdf,compartido
autonomous_2022_02,2022,Cortes de Castilla y León,Castilla y Leon,Ávila,6,MÁXIMO BLÁZQUEZ GARCÍA,Hombre,TRUE,FALSE,Cs,FALSE,,CIUDADANOS-PARTIDO DE LA CIUDADANIA,Cs,jec_cyl_2022.pdf,compartido
autonomous_2022_02,2022,Cortes de Castilla y León,Castilla y Leon,Ávila,7,MARÍA BELÉN SARABIA CASTELLÓ,Mujer,TRUE,FALSE,Cs,FALSE,,CIUDADANOS-PARTIDO DE LA CIUDADANIA,Cs,jec_cyl_2022.pdf,compartido
autonomous_2022_02,2022,Cortes de Castilla y León,Castilla y Leon,Ávila,1,CARMEN MARÍA RODRÍGUEZ REBOLLO,Mujer,FALSE,FALSE,Cs,FALSE,,CIUDADANOS-PARTIDO DE LA CIUDADANIA,Cs,jec_cyl_2022.pdf,compartido
autonomous_2022_02,2022,Cortes de Castilla y León,Castilla y Leon,Ávila,2,CARLOS LÓPEZ GÓMEZ,Hombre,FALSE,FALSE,Cs,FALSE,,CIUDADANOS-PARTIDO DE LA CIUDADANIA,Cs,jec_cyl_2022.pdf,compartido
autonomous_2022_02,2022,Cortes de Castilla y León,Castilla y Leon,Ávila,3,JESÚS VÁZQUEZ VÁZQUEZ,Hombre,FALSE,FALSE,Cs,FALSE,,CIUDADANOS-PARTIDO DE LA CIUDADANIA,Cs,jec_cyl_2022.pdf,compartido
autonomous_2022_06,2022,Parlamento de Andalucía,Andalucia,Almería,1,VICENTE GARCÍA EGEA,Hombre,TRUE,FALSE,Cs,FALSE,,CIUDADANOS-PARTIDO DE LA CIUDADANÍA (Cs),,https://www.juntadeandalucia.es/eboja/2022/519/BOJA22-519-00081-8589-01_00261860.pdf,andalucia
autonomous_2022_06,2022,Parlamento de Andalucía,Andalucia,Almería,2,ROSA MARÍA MALDONADO AGUILERA,Mujer,TRUE,FALSE,Cs,FALSE,,CIUDADANOS-PARTIDO DE LA CIUDADANÍA (Cs),,https://www.juntadeandalucia.es/eboja/2022/519/BOJA22-519-00081-8589-01_00261860.pdf,andalucia
autonomous_2022_06,2022,Parlamento de Andalucía,Andalucia,Almería,3,RAFAEL JESÚS BURGOS CASTELO,Hombre,TRUE,FALSE,Cs,FALSE,,CIUDADANOS-PARTIDO DE LA CIUDADANÍA (Cs),,https://www.juntadeandalucia.es/eboja/2022/519/BOJA22-519-00081-8589-01_00261860.pdf,andalucia
autonomous_2022_06,2022,Parlamento de Andalucía,Andalucia,Almería,4,MARÍA HERMINIA PADIAL MARTÍNEZ,Mujer,TRUE,FALSE,Cs,FALSE,,CIUDADANOS-PARTIDO DE LA CIUDADANÍA (Cs),,https://www.juntadeandalucia.es/eboja/2022/519/BOJA22-519-00081-8589-01_00261860.pdf,andalucia
autonomous_2022_06,2022,Parlamento de Andalucía,Andalucia,Almería,5,JOSÉ JAVIER GARCÍA GARRIDO,Hombre,TRUE,FALSE,Cs,FALSE,,CIUDADANOS-PARTIDO DE LA CIUDADANÍA (Cs),,https://www.juntadeandalucia.es/eboja/2022/519/BOJA22-519-00081-8589-01_00261860.pdf,andalucia
autonomous_2022_06,2022,Parlamento de Andalucía,Andalucia,Almería,6,MARÍA DEL MAR MECA ACOSTA,Mujer,TRUE,FALSE,Cs,FALSE,,CIUDADANOS-PARTIDO DE LA CIUDADANÍA (Cs),,https://www.juntadeandalucia.es/eboja/2022/519/BOJA22-519-00081-8589-01_00261860.pdf,andalucia
autonomous_2022_06,2022,Parlamento de Andalucía,Andalucia,Almería,7,JOSÉ ANTONIO IGLESIAS MUÑOZ,Hombre,TRUE,FALSE,Cs,FALSE,,CIUDADANOS-PARTIDO DE LA CIUDADANÍA (Cs),,https://www.juntadeandalucia.es/eboja/2022/519/BOJA22-519-00081-8589-01_00261860.pdf,andalucia
autonomous_2022_06,2022,Parlamento de Andalucía,Andalucia,Almería,8,MARÍA JOSEFA NAVARRO PINTO,Mujer,TRUE,FALSE,Cs,FALSE,,CIUDADANOS-PARTIDO DE LA CIUDADANÍA (Cs),,https://www.juntadeandalucia.es/eboja/2022/519/BOJA22-519-00081-8589-01_00261860.pdf,andalucia
autonomous_2022_06,2022,Parlamento de Andalucía,Andalucia,Almería,9,DANIEL ZALALLA MORENO,Hombre,TRUE,FALSE,Cs,FALSE,,CIUDADANOS-PARTIDO DE LA CIUDADANÍA (Cs),,https://www.juntadeandalucia.es/eboja/2022/519/BOJA22-519-00081-8589-01_00261860.pdf,andalucia
autonomous_2022_06,2022,Parlamento de Andalucía,Andalucia,Almería,10,ISABEL MARÍA MANZANARES MUÑOZ,Mujer,TRUE,FALSE,Cs,FALSE,,CIUDADANOS-PARTIDO DE LA CIUDADANÍA (Cs),,https://www.juntadeandalucia.es/eboja/2022/519/BOJA22-519-00081-8589-01_00261860.pdf,andalucia
autonomous_2022_06,2022,Parlamento de Andalucía,Andalucia,Almería,11,JOSÉ LUIS RODRÍGUEZ SALAS,Hombre,TRUE,FALSE,Cs,FALSE,,CIUDADANOS-PARTIDO DE LA CIUDADANÍA (Cs),,https://www.juntadeandalucia.es/eboja/2022/519/BOJA22-519-00081-8589-01_00261860.pdf,andalucia
autonomous_2022_06,2022,Parlamento de Andalucía,Andalucia,Almería,12,JUANA LOURDES SOLER RAMOS,Mujer,TRUE,FALSE,Cs,FALSE,,CIUDADANOS-PARTIDO DE LA CIUDADANÍA (Cs),,https://www.juntadeandalucia.es/eboja/2022/519/BOJA22-519-00081-8589-01_00261860.pdf,andalucia
autonomous_2022_06,2022,Parlamento de Andalucía,Andalucia,Almería,1,DAVID BONILLO VICIANA,Hombre,FALSE,FALSE,Cs,FALSE,,CIUDADANOS-PARTIDO DE LA CIUDADANÍA (Cs),,https://www.juntadeandalucia.es/eboja/2022/519/BOJA22-519-00081-8589-01_00261860.pdf,andalucia
autonomous_2022_06,2022,Parlamento de Andalucía,Andalucia,Almería,2,CLOTILDE SALVADOR SÁNCHEZ,Mujer,FALSE,FALSE,Cs,FALSE,,CIUDADANOS-PARTIDO DE LA CIUDADANÍA (Cs),,https://www.juntadeandalucia.es/eboja/2022/519/BOJA22-519-00081-8589-01_00261860.pdf,andalucia
autonomous_2022_06,2022,Parlamento de Andalucía,Andalucia,Almería,3,JUAN JOSÉ MORENO PARRILLA (Independiente),Hombre,FALSE,FALSE,Cs,FALSE,,CIUDADANOS-PARTIDO DE LA CIUDADANÍA (Cs),,https://www.juntadeandalucia.es/eboja/2022/519/BOJA22-519-00081-8589-01_00261860.pdf,andalucia
autonomous_2022_06,2022,Parlamento de Andalucía,Andalucia,Almería,4,CELINE VIEZMA ARTERO,Mujer,FALSE,FALSE,Cs,FALSE,,CIUDADANOS-PARTIDO DE LA CIUDADANÍA (Cs),,https://www.juntadeandalucia.es/eboja/2022/519/BOJA22-519-00081-8589-01_00261860.pdf,andalucia
autonomous_2022_06,2022,Parlamento de Andalucía,Andalucia,Cádiz,1,MARÍA ROCÍO RUIZ DOMÍNGUEZ,Mujer,TRUE,FALSE,Cs,FALSE,,CIUDADANOS-PARTIDO DE LA CIUDADANÍA (Cs),,https://www.juntadeandalucia.es/eboja/2022/519/BOJA22-519-00081-8589-01_00261860.pdf,andalucia
autonomous_2022_06,2022,Parlamento de Andalucía,Andalucia,Cádiz,2,CARLOS PÉREZ GONZÁLEZ,Hombre,TRUE,FALSE,Cs,FALSE,,CIUDADANOS-PARTIDO DE LA CIUDADANÍA (Cs),,https://www.juntadeandalucia.es/eboja/2022/519/BOJA22-519-00081-8589-01_00261860.pdf,andalucia
autonomous_2022_06,2022,Parlamento de Andalucía,Andalucia,Cádiz,3,ESTEFANÍA BRAZO ANGULO,Mujer,TRUE,FALSE,Cs,FALSE,,CIUDADANOS-PARTIDO DE LA CIUDADANÍA (Cs),,https://www.juntadeandalucia.es/eboja/2022/519/BOJA22-519-00081-8589-01_00261860.pdf,andalucia
autonomous_2022_06,2022,Parlamento de Andalucía,Andalucia,Cádiz,4,JOSÉ ANTONIO CABRERA MENGUAL,Hombre,TRUE,FALSE,Cs,FALSE,,CIUDADANOS-PARTIDO DE LA CIUDADANÍA (Cs),,https://www.juntadeandalucia.es/eboja/2022/519/BOJA22-519-00081-8589-01_00261860.pdf,andalucia
autonomous_2022_06,2022,Parlamento de Andalucía,Andalucia,Cádiz,5,ANA SUMARIVA GARCÍA,Mujer,TRUE,FALSE,Cs,FALSE,,CIUDADANOS-PARTIDO DE LA CIUDADANÍA (Cs),,https://www.juntadeandalucia.es/eboja/2022/519/BOJA22-519-00081-8589-01_00261860.pdf,andalucia
autonomous_2022_06,2022,Parlamento de Andalucía,Andalucia,Cádiz,6,MARIANO DÍAZ FANDIÑO,Hombre,TRUE,FALSE,Cs,FALSE,,CIUDADANOS-PARTIDO DE LA CIUDADANÍA (Cs),,https://www.juntadeandalucia.es/eboja/2022/519/BOJA22-519-00081-8589-01_00261860.pdf,andalucia
autonomous_2022_06,2022,Parlamento de Andalucía,Andalucia,Cádiz,7,MARÍA DOLORES CAMPOS GARCÍA,Mujer,TRUE,FALSE,Cs,FALSE,,CIUDADANOS-PARTIDO DE LA CIUDADANÍA (Cs),,https://www.juntadeandalucia.es/eboja/2022/519/BOJA22-519-00081-8589-01_00261860.pdf,andalucia
autonomous_2022_06,2022,Parlamento de Andalucía,Andalucia,Cádiz,8,CARLOS PARRA MARÍN,Hombre,TRUE,FALSE,Cs,FALSE,,CIUDADANOS-PARTIDO DE LA CIUDADANÍA (Cs),,https://www.juntadeandalucia.es/eboja/2022/519/BOJA22-519-00081-8589-01_00261860.pdf,andalucia
autonomous_2022_06,2022,Parlamento de Andalucía,Andalucia,Cádiz,9,CLARA MARÍA CAÑIZARES GÓMEZ,Mujer,TRUE,FALSE,Cs,FALSE,,CIUDADANOS-PARTIDO DE LA CIUDADANÍA (Cs),,https://www.juntadeandalucia.es/eboja/2022/519/BOJA22-519-00081-8589-01_00261860.pdf,andalucia
autonomous_2022_06,2022,Parlamento de Andalucía,Andalucia,Cádiz,10,ISAAC MANUEL GIL MÁRQUEZ,Hombre,TRUE,FALSE,Cs,FALSE,,CIUDADANOS-PARTIDO DE LA CIUDADANÍA (Cs),,https://www.juntadeandalucia.es/eboja/2022/519/BOJA22-519-00081-8589-01_00261860.pdf,andalucia
autonomous_2022_06,2022,Parlamento de Andalucía,Andalucia,Cádiz,11,MARÍA SALAZAR MARTÍN,Mujer,TRUE,FALSE,Cs,FALSE,,CIUDADANOS-PARTIDO DE LA CIUDADANÍA (Cs),,https://www.juntadeandalucia.es/eboja/2022/519/BOJA22-519-00081-8589-01_00261860.pdf,andalucia
autonomous_2022_06,2022,Parlamento de Andalucía,Andalucia,Cádiz,12,JOAQUÍN MANUEL ARCUSA MIRANDA,Hombre,TRUE,FALSE,Cs,FALSE,,CIUDADANOS-PARTIDO DE LA CIUDADANÍA (Cs),,https://www.juntadeandalucia.es/eboja/2022/519/BOJA22-519-00081-8589-01_00261860.pdf,andalucia
autonomous_2022_06,2022,Parlamento de Andalucía,Andalucia,Cádiz,13,CRISTINA TRUJILLO REYES,Mujer,TRUE,FALSE,Cs,FALSE,,CIUDADANOS-PARTIDO DE LA CIUDADANÍA (Cs),,https://www.juntadeandalucia.es/eboja/2022/519/BOJA22-519-00081-8589-01_00261860.pdf,andalucia
autonomous_2022_06,2022,Parlamento de Andalucía,Andalucia,Cádiz,14,PEDRO MANUEL ASTORGA GUILLÉN,Hombre,TRUE,FALSE,Cs,FALSE,,CIUDADANOS-PARTIDO DE LA CIUDADANÍA (Cs),,https://www.juntadeandalucia.es/eboja/2022/519/BOJA22-519-00081-8589-01_00261860.pdf,andalucia
autonomous_2022_06,2022,Parlamento de Andalucía,Andalucia,Cádiz,15,ELENA MARÍA SUMARIVA GALLEGO,Mujer,TRUE,FALSE,Cs,FALSE,,CIUDADANOS-PARTIDO DE LA CIUDADANÍA (Cs),,https://www.juntadeandalucia.es/eboja/2022/519/BOJA22-519-00081-8589-01_00261860.pdf,andalucia
autonomous_2022_06,2022,Parlamento de Andalucía,Andalucia,Cádiz,1,JESÚS CARMONA CARO,Hombre,FALSE,FALSE,Cs,FALSE,,CIUDADANOS-PARTIDO DE LA CIUDADANÍA (Cs),,https://www.juntadeandalucia.es/eboja/2022/519/BOJA22-519-00081-8589-01_00261860.pdf,andalucia
autonomous_2022_06,2022,Parlamento de Andalucía,Andalucia,Cádiz,2,MARÍA ISABEL SOTO FERNÁNDEZ,Mujer,FALSE,FALSE,Cs,FALSE,,CIUDADANOS-PARTIDO DE LA CIUDADANÍA (Cs),,https://www.juntadeandalucia.es/eboja/2022/519/BOJA22-519-00081-8589-01_00261860.pdf,andalucia
autonomous_2022_06,2022,Parlamento de Andalucía,Andalucia,Cádiz,3,MANUEL RODRÍGUEZ GÓMEZ,Hombre,FALSE,FALSE,Cs,FALSE,,CIUDADANOS-PARTIDO DE LA CIUDADANÍA (Cs),,https://www.juntadeandalucia.es/eboja/2022/519/BOJA22-519-00081-8589-01_00261860.pdf,andalucia
autonomous_2022_06,2022,Parlamento de Andalucía,Andalucia,Cádiz,4,MARÍA DEL CARMEN SEPÚLVEDA ZAPATA,Mujer,FALSE,FALSE,Cs,FALSE,,CIUDADANOS-PARTIDO DE LA CIUDADANÍA (Cs),,https://www.juntadeandalucia.es/eboja/2022/519/BOJA22-519-00081-8589-01_00261860.pdf,andalucia
autonomous_2022_06,2022,Parlamento de Andalucía,Andalucia,Córdoba,1,ÁNGEL LUIS PIMENTEL LÓPEZ,Hombre,TRUE,FALSE,Cs,FALSE,,CIUDADANOS-PARTIDO DE LA CIUDADANÍA (Cs),,https://www.juntadeandalucia.es/eboja/2022/519/BOJA22-519-00081-8589-01_00261860.pdf,andalucia
autonomous_2022_06,2022,Parlamento de Andalucía,Andalucia,Córdoba,2,ERICA NEVADO GARCÍA,Mujer,TRUE,FALSE,Cs,FALSE,,CIUDADANOS-PARTIDO DE LA CIUDADANÍA (Cs),,https://www.juntadeandalucia.es/eboja/2022/519/BOJA22-519-00081-8589-01_00261860.pdf,andalucia
autonomous_2022_06,2022,Parlamento de Andalucía,Andalucia,Córdoba,3,SERGIO URBANO AGUILAR,Hombre,TRUE,FALSE,Cs,FALSE,,CIUDADANOS-PARTIDO DE LA CIUDADANÍA (Cs),,https://www.juntadeandalucia.es/eboja/2022/519/BOJA22-519-00081-8589-01_00261860.pdf,andalucia
autonomous_2022_06,2022,Parlamento de Andalucía,Andalucia,Córdoba,4,MARÍA DEL CARMEN JAIME MENA,Mujer,TRUE,FALSE,Cs,FALSE,,CIUDADANOS-PARTIDO DE LA CIUDADANÍA (Cs),,https://www.juntadeandalucia.es/eboja/2022/519/BOJA22-519-00081-8589-01_00261860.pdf,andalucia
autonomous_2022_06,2022,Parlamento de Andalucía,Andalucia,Córdoba,5,JESÚS LÓPEZ GARCÍA,Hombre,TRUE,FALSE,Cs,FALSE,,CIUDADANOS-PARTIDO DE LA CIUDADANÍA (Cs),,https://www.juntadeandalucia.es/eboja/2022/519/BOJA22-519-00081-8589-01_00261860.pdf,andalucia
autonomous_2022_06,2022,Parlamento de Andalucía,Andalucia,Córdoba,6,MARÍA DEL ROCÍO CIBORRO SOLÍS,Mujer,TRUE,FALSE,Cs,FALSE,,CIUDADANOS-PARTIDO DE LA CIUDADANÍA (Cs),,https://www.juntadeandalucia.es/eboja/2022/519/BOJA22-519-00081-8589-01_00261860.pdf,andalucia
autonomous_2022_06,2022,Parlamento de Andalucía,Andalucia,Córdoba,7,LORENZO MORENO PÉREZ,Hombre,TRUE,FALSE,Cs,FALSE,,CIUDADANOS-PARTIDO DE LA CIUDADANÍA (Cs),,https://www.juntadeandalucia.es/eboja/2022/519/BOJA22-519-00081-8589-01_00261860.pdf,andalucia
autonomous_2022_06,2022,Parlamento de Andalucía,Andalucia,Córdoba,8,GEMA PATRICIA MOYA LÓPEZ,Mujer,TRUE,FALSE,Cs,FALSE,,CIUDADANOS-PARTIDO DE LA CIUDADANÍA (Cs),,https://www.juntadeandalucia.es/eboja/2022/519/BOJA22-519-00081-8589-01_00261860.pdf,andalucia
autonomous_2022_06,2022,Parlamento de Andalucía,Andalucia,Córdoba,9,PEDRO GARCÍA GUILLÉN,Hombre,TRUE,FALSE,Cs,FALSE,,CIUDADANOS-PARTIDO DE LA CIUDADANÍA (Cs),,https://www.juntadeandalucia.es/eboja/2022/519/BOJA22-519-00081-8589-01_00261860.pdf,andalucia
autonomous_2022_06,2022,Parlamento de Andalucía,Andalucia,Córdoba,10,SILVIA RASO MARTÍN,Mujer,TRUE,FALSE,Cs,FALSE,,CIUDADANOS-PARTIDO DE LA CIUDADANÍA (Cs),,https://www.juntadeandalucia.es/eboja/2022/519/BOJA22-519-00081-8589-01_00261860.pdf,andalucia
autonomous_2022_06,2022,Parlamento de Andalucía,Andalucia,Córdoba,11,FRANCISCO POYATO GUARDEÑO,Hombre,TRUE,FALSE,Cs,FALSE,,CIUDADANOS-PARTIDO DE LA CIUDADANÍA (Cs),,https://www.juntadeandalucia.es/eboja/2022/519/BOJA22-519-00081-8589-01_00261860.pdf,andalucia
autonomous_2022_06,2022,Parlamento de Andalucía,Andalucia,Córdoba,12,LUCÍA NAVARRO LÓPEZ,Mujer,TRUE,FALSE,Cs,FALSE,,CIUDADANOS-PARTIDO DE LA CIUDADANÍA (Cs),,https://www.juntadeandalucia.es/eboja/2022/519/BOJA22-519-00081-8589-01_00261860.pdf,andalucia
autonomous_2022_06,2022,Parlamento de Andalucía,Andalucia,Córdoba,1,CARLOS SAUCES PAREJA,Hombre,FALSE,FALSE,Cs,FALSE,,CIUDADANOS-PARTIDO DE LA CIUDADANÍA (Cs),,https://www.juntadeandalucia.es/eboja/2022/519/BOJA22-519-00081-8589-01_00261860.pdf,andalucia
autonomous_2022_06,2022,Parlamento de Andalucía,Andalucia,Córdoba,2,MARÍA AUXILIADORA CÁMARA ZAFRA,Mujer,FALSE,FALSE,Cs,FALSE,,CIUDADANOS-PARTIDO DE LA CIUDADANÍA (Cs),,https://www.juntadeandalucia.es/eboja/2022/519/BOJA22-519-00081-8589-01_00261860.pdf,andalucia
autonomous_2022_06,2022,Parlamento de Andalucía,Andalucia,Córdoba,3,JOSÉ MARÍA VÁZQUEZ TEJA,Hombre,FALSE,FALSE,Cs,FALSE,,CIUDADANOS-PARTIDO DE LA CIUDADANÍA (Cs),,https://www.juntadeandalucia.es/eboja/2022/519/BOJA22-519-00081-8589-01_00261860.pdf,andalucia
autonomous_2022_06,2022,Parlamento de Andalucía,Andalucia,Córdoba,4,MARÍA MANTAS MOLLEJA,Mujer,FALSE,FALSE,Cs,FALSE,,CIUDADANOS-PARTIDO DE LA CIUDADANÍA (Cs),,https://www.juntadeandalucia.es/eboja/2022/519/BOJA22-519-00081-8589-01_00261860.pdf,andalucia
autonomous_2022_06,2022,Parlamento de Andalucía,Andalucia,Granada,1,CONCEPCIÓN GONZÁLEZ INSÚA,Mujer,TRUE,FALSE,Cs,FALSE,,CIUDADANOS-PARTIDO DE LA CIUDADANÍA (Cs),,https://www.juntadeandalucia.es/eboja/2022/519/BOJA22-519-00081-8589-01_00261860.pdf,andalucia
autonomous_2022_06,2022,Parlamento de Andalucía,Andalucia,Granada,2,JOSÉ MANUEL LEMOS PEREA,Hombre,TRUE,FALSE,Cs,FALSE,,CIUDADANOS-PARTIDO DE LA CIUDADANÍA (Cs),,https://www.juntadeandalucia.es/eboja/2022/519/BOJA22-519-00081-8589-01_00261860.pdf,andalucia
autonomous_2022_06,2022,Parlamento de Andalucía,Andalucia,Granada,3,ANA BELÉN MACHADO GUTIÉRREZ,Mujer,TRUE,FALSE,Cs,FALSE,,CIUDADANOS-PARTIDO DE LA CIUDADANÍA (Cs),,https://www.juntadeandalucia.es/eboja/2022/519/BOJA22-519-00081-8589-01_00261860.pdf,andalucia
autonomous_2022_06,2022,Parlamento de Andalucía,Andalucia,Granada,4,FERNANDO SERRANO GONZÁLEZ,Hombre,TRUE,FALSE,Cs,FALSE,,CIUDADANOS-PARTIDO DE LA CIUDADANÍA (Cs),,https://www.juntadeandalucia.es/eboja/2022/519/BOJA22-519-00081-8589-01_00261860.pdf,andalucia
autonomous_2022_06,2022,Parlamento de Andalucía,Andalucia,Granada,5,SILVIA FERNÁNDEZ RAMOS,Mujer,TRUE,FALSE,Cs,FALSE,,CIUDADANOS-PARTIDO DE LA CIUDADANÍA (Cs),,https://www.juntadeandalucia.es/eboja/2022/519/BOJA22-519-00081-8589-01_00261860.pdf,andalucia
autonomous_2022_06,2022,Parlamento de Andalucía,Andalucia,Granada,6,JUAN MANUEL OCAÑA GONZÁLEZ,Hombre,TRUE,FALSE,Cs,FALSE,,CIUDADANOS-PARTIDO DE LA CIUDADANÍA (Cs),,https://www.juntadeandalucia.es/eboja/2022/519/BOJA22-519-00081-8589-01_00261860.pdf,andalucia
autonomous_2022_06,2022,Parlamento de Andalucía,Andalucia,Granada,7,BEATRIZ GONZÁLEZ ORCE,Mujer,TRUE,FALSE,Cs,FALSE,,CIUDADANOS-PARTIDO DE LA CIUDADANÍA (Cs),,https://www.juntadeandalucia.es/eboja/2022/519/BOJA22-519-00081-8589-01_00261860.pdf,andalucia
autonomous_2022_06,2022,Parlamento de Andalucía,Andalucia,Granada,8,PEDRO GABRIEL RUS MARTÍNEZ,Hombre,TRUE,FALSE,Cs,FALSE,,CIUDADANOS-PARTIDO DE LA CIUDADANÍA (Cs),,https://www.juntadeandalucia.es/eboja/2022/519/BOJA22-519-00081-8589-01_00261860.pdf,andalucia
autonomous_2022_06,2022,Parlamento de Andalucía,Andalucia,Granada,9,ANTONIA MARTÍNEZ SÁNCHEZ,Mujer,TRUE,FALSE,Cs,FALSE,,CIUDADANOS-PARTIDO DE LA CIUDADANÍA (Cs),,https://www.juntadeandalucia.es/eboja/2022/519/BOJA22-519-00081-8589-01_00261860.pdf,andalucia
autonomous_2022_06,2022,Parlamento de Andalucía,Andalucia,Granada,10,ANTONIO PELÁEZ ANDÚJAR,Hombre,TRUE,FALSE,Cs,FALSE,,CIUDADANOS-PARTIDO DE LA CIUDADANÍA (Cs),,https://www.juntadeandalucia.es/eboja/2022/519/BOJA22-519-00081-8589-01_00261860.pdf,andalucia
autonomous_2022_06,2022,Parlamento de Andalucía,Andalucia,Granada,11,RAQUEL ÁLVAREZ MONTERO,Mujer,TRUE,FALSE,Cs,FALSE,,CIUDADANOS-PARTIDO DE LA CIUDADANÍA (Cs),,https://www.juntadeandalucia.es/eboja/2022/519/BOJA22-519-00081-8589-01_00261860.pdf,andalucia
autonomous_2022_06,2022,Parlamento de Andalucía,Andalucia,Granada,12,ANTONIO FIGUEROA LÓPEZ,Hombre,TRUE,FALSE,Cs,FALSE,,CIUDADANOS-PARTIDO DE LA CIUDADANÍA (Cs),,https://www.juntadeandalucia.es/eboja/2022/519/BOJA22-519-00081-8589-01_00261860.pdf,andalucia
autonomous_2022_06,2022,Parlamento de Andalucía,Andalucia,Granada,13,CARMEN MARÍA GONZÁLEZ BARROS,Mujer,TRUE,FALSE,Cs,FALSE,,CIUDADANOS-PARTIDO DE LA CIUDADANÍA (Cs),,https://www.juntadeandalucia.es/eboja/2022/519/BOJA22-519-00081-8589-01_00261860.pdf,andalucia
autonomous_2022_06,2022,Parlamento de Andalucía,Andalucia,Granada,1,MARIO JESÚS AGUILAR CANO,Hombre,FALSE,FALSE,Cs,FALSE,,CIUDADANOS-PARTIDO DE LA CIUDADANÍA (Cs),,https://www.juntadeandalucia.es/eboja/2022/519/BOJA22-519-00081-8589-01_00261860.pdf,andalucia
autonomous_2022_06,2022,Parlamento de Andalucía,Andalucia,Granada,2,SILVIA FERNÁNDEZ PUENTE,Mujer,FALSE,FALSE,Cs,FALSE,,CIUDADANOS-PARTIDO DE LA CIUDADANÍA (Cs),,https://www.juntadeandalucia.es/eboja/2022/519/BOJA22-519-00081-8589-01_00261860.pdf,andalucia
autonomous_2022_06,2022,Parlamento de Andalucía,Andalucia,Granada,3,FRANCISCO JAVIER MILENA TRUJILLO,Hombre,FALSE,FALSE,Cs,FALSE,,CIUDADANOS-PARTIDO DE LA CIUDADANÍA (Cs),,https://www.juntadeandalucia.es/eboja/2022/519/BOJA22-519-00081-8589-01_00261860.pdf,andalucia
autonomous_2022_06,2022,Parlamento de Andalucía,Andalucia,Granada,4,MARIA ENCARNACIÓN ESTÉVEZ JOYA,Mujer,FALSE,FALSE,Cs,FALSE,,CIUDADANOS-PARTIDO DE LA CIUDADANÍA (Cs),,https://www.juntadeandalucia.es/eboja/2022/519/BOJA22-519-00081-8589-01_00261860.pdf,andalucia
autonomous_2022_06,2022,Parlamento de Andalucía,Andalucia,Huelva,1,JULIO JESÚS DÍAZ ROBLEDO,Hombre,TRUE,FALSE,Cs,FALSE,,CIUDADANOS-PARTIDO DE LA CIUDADANÍA (Cs),,https://www.juntadeandalucia.es/eboja/2022/519/BOJA22-519-00081-8589-01_00261860.pdf,andalucia
autonomous_2022_06,2022,Parlamento de Andalucía,Andalucia,Huelva,2,PILAR LUCIO SARRIA,Mujer,TRUE,FALSE,Cs,FALSE,,CIUDADANOS-PARTIDO DE LA CIUDADANÍA (Cs),,https://www.juntadeandalucia.es/eboja/2022/519/BOJA22-519-00081-8589-01_00261860.pdf,andalucia
autonomous_2022_06,2022,Parlamento de Andalucía,Andalucia,Huelva,3,JOSÉ CRUZ CORONEL,Hombre,TRUE,FALSE,Cs,FALSE,,CIUDADANOS-PARTIDO DE LA CIUDADANÍA (Cs),,https://www.juntadeandalucia.es/eboja/2022/519/BOJA22-519-00081-8589-01_00261860.pdf,andalucia
autonomous_2022_06,2022,Parlamento de Andalucía,Andalucia,Huelva,4,MARÍA JOSÉ PEÑA ARROYO,Mujer,TRUE,FALSE,Cs,FALSE,,CIUDADANOS-PARTIDO DE LA CIUDADANÍA (Cs),,https://www.juntadeandalucia.es/eboja/2022/519/BOJA22-519-00081-8589-01_00261860.pdf,andalucia
autonomous_2022_06,2022,Parlamento de Andalucía,Andalucia,Huelva,5,ISRAEL MEDINA PERELES,Hombre,TRUE,FALSE,Cs,FALSE,,CIUDADANOS-PARTIDO DE LA CIUDADANÍA (Cs),,https://www.juntadeandalucia.es/eboja/2022/519/BOJA22-519-00081-8589-01_00261860.pdf,andalucia
autonomous_2022_06,2022,Parlamento de Andalucía,Andalucia,Huelva,6,MARÍA ASUNCIÓN MARTÍN GARCÍA,Mujer,TRUE,FALSE,Cs,FALSE,,CIUDADANOS-PARTIDO DE LA CIUDADANÍA (Cs),,https://www.juntadeandalucia.es/eboja/2022/519/BOJA22-519-00081-8589-01_00261860.pdf,andalucia
autonomous_2022_06,2022,Parlamento de Andalucía,Andalucia,Huelva,7,IGNACIO ACEBEDO PARRA,Hombre,TRUE,FALSE,Cs,FALSE,,CIUDADANOS-PARTIDO DE LA CIUDADANÍA (Cs),,https://www.juntadeandalucia.es/eboja/2022/519/BOJA22-519-00081-8589-01_00261860.pdf,andalucia
autonomous_2022_06,2022,Parlamento de Andalucía,Andalucia,Huelva,8,MARTA ISABEL GONZÁLEZ CABRERA,Mujer,TRUE,FALSE,Cs,FALSE,,CIUDADANOS-PARTIDO DE LA CIUDADANÍA (Cs),,https://www.juntadeandalucia.es/eboja/2022/519/BOJA22-519-00081-8589-01_00261860.pdf,andalucia
autonomous_2022_06,2022,Parlamento de Andalucía,Andalucia,Huelva,9,RUBÉN MOLINA VALENCIA,Hombre,TRUE,FALSE,Cs,FALSE,,CIUDADANOS-PARTIDO DE LA CIUDADANÍA (Cs),,https://www.juntadeandalucia.es/eboja/2022/519/BOJA22-519-00081-8589-01_00261860.pdf,andalucia
autonomous_2022_06,2022,Parlamento de Andalucía,Andalucia,Huelva,10,SONIA LUENGO MORENO,Mujer,TRUE,FALSE,Cs,FALSE,,CIUDADANOS-PARTIDO DE LA CIUDADANÍA (Cs),,https://www.juntadeandalucia.es/eboja/2022/519/BOJA22-519-00081-8589-01_00261860.pdf,andalucia
autonomous_2022_06,2022,Parlamento de Andalucía,Andalucia,Huelva,11,JUAN CARLOS GÓMEZ RODRÍGUEZ,Hombre,TRUE,FALSE,Cs,FALSE,,CIUDADANOS-PARTIDO DE LA CIUDADANÍA (Cs),,https://www.juntadeandalucia.es/eboja/2022/519/BOJA22-519-00081-8589-01_00261860.pdf,andalucia
autonomous_2022_06,2022,Parlamento de Andalucía,Andalucia,Huelva,1,MARÍA DEL ROSARIO MARTÍN ALIX,Mujer,FALSE,FALSE,Cs,FALSE,,CIUDADANOS-PARTIDO DE LA CIUDADANÍA (Cs),,https://www.juntadeandalucia.es/eboja/2022/519/BOJA22-519-00081-8589-01_00261860.pdf,andalucia
autonomous_2022_06,2022,Parlamento de Andalucía,Andalucia,Huelva,2,PAULINO SOSA LUNAR,Hombre,FALSE,FALSE,Cs,FALSE,,CIUDADANOS-PARTIDO DE LA CIUDADANÍA (Cs),,https://www.juntadeandalucia.es/eboja/2022/519/BOJA22-519-00081-8589-01_00261860.pdf,andalucia
autonomous_2022_06,2022,Parlamento de Andalucía,Andalucia,Huelva,3,MARÍA FERNANDA CAMACHO BERNAL,Mujer,FALSE,FALSE,Cs,FALSE,,CIUDADANOS-PARTIDO DE LA CIUDADANÍA (Cs),,https://www.juntadeandalucia.es/eboja/2022/519/BOJA22-519-00081-8589-01_00261860.pdf,andalucia
autonomous_2022_06,2022,Parlamento de Andalucía,Andalucia,Huelva,4,ANDRÉS AGUILERA HERRERA,Hombre,FALSE,FALSE,Cs,FALSE,,CIUDADANOS-PARTIDO DE LA CIUDADANÍA (Cs),,https://www.juntadeandalucia.es/eboja/2022/519/BOJA22-519-00081-8589-01_00261860.pdf,andalucia
autonomous_2022_06,2022,Parlamento de Andalucía,Andalucia,Jaén,1,ENRIQUE MORENO MADUEÑO,Hombre,TRUE,FALSE,Cs,FALSE,,CIUDADANOS-PARTIDO DE LA CIUDADANÍA (Cs),,https://www.juntadeandalucia.es/eboja/2022/519/BOJA22-519-00081-8589-01_00261860.pdf,andalucia
autonomous_2022_06,2022,Parlamento de Andalucía,Andalucia,Jaén,2,MARÍA DOLORES GALIANO RODRÍGUEZ,Mujer,TRUE,FALSE,Cs,FALSE,,CIUDADANOS-PARTIDO DE LA CIUDADANÍA (Cs),,https://www.juntadeandalucia.es/eboja/2022/519/BOJA22-519-00081-8589-01_00261860.pdf,andalucia
autonomous_2022_06,2022,Parlamento de Andalucía,Andalucia,Jaén,3,GABRIEL SORIA DÍAZ,Hombre,TRUE,FALSE,Cs,FALSE,,CIUDADANOS-PARTIDO DE LA CIUDADANÍA (Cs),,https://www.juntadeandalucia.es/eboja/2022/519/BOJA22-519-00081-8589-01_00261860.pdf,andalucia
autonomous_2022_06,2022,Parlamento de Andalucía,Andalucia,Jaén,4,PALOMA MOYANO GARCÍA,Mujer,TRUE,FALSE,Cs,FALSE,,CIUDADANOS-PARTIDO DE LA CIUDADANÍA (Cs),,https://www.juntadeandalucia.es/eboja/2022/519/BOJA22-519-00081-8589-01_00261860.pdf,andalucia
autonomous_2022_06,2022,Parlamento de Andalucía,Andalucia,Jaén,5,JUAN SEBASTIÁN MORALES GÁMEZ,Hombre,TRUE,FALSE,Cs,FALSE,,CIUDADANOS-PARTIDO DE LA CIUDADANÍA (Cs),,https://www.juntadeandalucia.es/eboja/2022/519/BOJA22-519-00081-8589-01_00261860.pdf,andalucia
autonomous_2022_06,2022,Parlamento de Andalucía,Andalucia,Jaén,6,MARÍA DEL ROCÍO MORENO BUSTOS,Mujer,TRUE,FALSE,Cs,FALSE,,CIUDADANOS-PARTIDO DE LA CIUDADANÍA (Cs),,https://www.juntadeandalucia.es/eboja/2022/519/BOJA22-519-00081-8589-01_00261860.pdf,andalucia
autonomous_2022_06,2022,Parlamento de Andalucía,Andalucia,Jaén,7,FRANCISCO JAVIER BARRANCO ORTEGA,Hombre,TRUE,FALSE,Cs,FALSE,,CIUDADANOS-PARTIDO DE LA CIUDADANÍA (Cs),,https://www.juntadeandalucia.es/eboja/2022/519/BOJA22-519-00081-8589-01_00261860.pdf,andalucia
autonomous_2022_06,2022,Parlamento de Andalucía,Andalucia,Jaén,8,ANA GRACIA TORRES MOYA,Mujer,TRUE,FALSE,Cs,FALSE,,CIUDADANOS-PARTIDO DE LA CIUDADANÍA (Cs),,https://www.juntadeandalucia.es/eboja/2022/519/BOJA22-519-00081-8589-01_00261860.pdf,andalucia
autonomous_2022_06,2022,Parlamento de Andalucía,Andalucia,Jaén,9,PEDRO MOLINA MARTÍNEZ,Hombre,TRUE,FALSE,Cs,FALSE,,CIUDADANOS-PARTIDO DE LA CIUDADANÍA (Cs),,https://www.juntadeandalucia.es/eboja/2022/519/BOJA22-519-00081-8589-01_00261860.pdf,andalucia
autonomous_2022_06,2022,Parlamento de Andalucía,Andalucia,Jaén,10,TRINIDAD CABRERO RAMÍREZ,Mujer,TRUE,FALSE,Cs,FALSE,,CIUDADANOS-PARTIDO DE LA CIUDADANÍA (Cs),,https://www.juntadeandalucia.es/eboja/2022/519/BOJA22-519-00081-8589-01_00261860.pdf,andalucia
autonomous_2022_06,2022,Parlamento de Andalucía,Andalucia,Jaén,11,CRISTÓBAL FUENTES CRUZ,Hombre,TRUE,FALSE,Cs,FALSE,,CIUDADANOS-PARTIDO DE LA CIUDADANÍA (Cs),,https://www.juntadeandalucia.es/eboja/2022/519/BOJA22-519-00081-8589-01_00261860.pdf,andalucia
autonomous_2022_06,2022,Parlamento de Andalucía,Andalucia,Jaén,1,ESTHER SUBIRACHS BARRAGÁN,Mujer,FALSE,FALSE,Cs,FALSE,,CIUDADANOS-PARTIDO DE LA CIUDADANÍA (Cs),,https://www.juntadeandalucia.es/eboja/2022/519/BOJA22-519-00081-8589-01_00261860.pdf,andalucia
autonomous_2022_06,2022,Parlamento de Andalucía,Andalucia,Jaén,2,RAFAEL FUNES ARJONA,Hombre,FALSE,FALSE,Cs,FALSE,,CIUDADANOS-PARTIDO DE LA CIUDADANÍA (Cs),,https://www.juntadeandalucia.es/eboja/2022/519/BOJA22-519-00081-8589-01_00261860.pdf,andalucia
autonomous_2022_06,2022,Parlamento de Andalucía,Andalucia,Jaén,3,JOSEFA MERCEDES LATORRE DELGADO,Mujer,FALSE,FALSE,Cs,FALSE,,CIUDADANOS-PARTIDO DE LA CIUDADANÍA (Cs),,https://www.juntadeandalucia.es/eboja/2022/519/BOJA22-519-00081-8589-01_00261860.pdf,andalucia
autonomous_2022_06,2022,Parlamento de Andalucía,Andalucia,Jaén,4,FERNANDO MELLINA OLIVARES,Hombre,FALSE,FALSE,Cs,FALSE,,CIUDADANOS-PARTIDO DE LA CIUDADANÍA (Cs),,https://www.juntadeandalucia.es/eboja/2022/519/BOJA22-519-00081-8589-01_00261860.pdf,andalucia
autonomous_2022_06,2022,Parlamento de Andalucía,Andalucia,Málaga,1,NURIA RODRÍGUEZ CUBERO,Mujer,TRUE,FALSE,Cs,FALSE,,CIUDADANOS-PARTIDO DE LA CIUDADANÍA (Cs),,https://www.juntadeandalucia.es/eboja/2022/519/BOJA22-519-00081-8589-01_00261860.pdf,andalucia
autonomous_2022_06,2022,Parlamento de Andalucía,Andalucia,Málaga,2,DAVID OBADÍA CHOCRÓN,Hombre,TRUE,FALSE,Cs,FALSE,,CIUDADANOS-PARTIDO DE LA CIUDADANÍA (Cs),,https://www.juntadeandalucia.es/eboja/2022/519/BOJA22-519-00081-8589-01_00261860.pdf,andalucia
autonomous_2022_06,2022,Parlamento de Andalucía,Andalucia,Málaga,3,MARÍA GARCÍA RUIZ,Mujer,TRUE,FALSE,Cs,FALSE,,CIUDADANOS-PARTIDO DE LA CIUDADANÍA (Cs),,https://www.juntadeandalucia.es/eboja/2022/519/BOJA22-519-00081-8589-01_00261860.pdf,andalucia
autonomous_2022_06,2022,Parlamento de Andalucía,Andalucia,Málaga,4,JOSÉ MANUEL GARCÍA PUCHE,Hombre,TRUE,FALSE,Cs,FALSE,,CIUDADANOS-PARTIDO DE LA CIUDADANÍA (Cs),,https://www.juntadeandalucia.es/eboja/2022/519/BOJA22-519-00081-8589-01_00261860.pdf,andalucia
autonomous_2022_06,2022,Parlamento de Andalucía,Andalucia,Málaga,5,ANA SÁNCHEZ MÁRQUEZ,Mujer,TRUE,FALSE,Cs,FALSE,,CIUDADANOS-PARTIDO DE LA CIUDADANÍA (Cs),,https://www.juntadeandalucia.es/eboja/2022/519/BOJA22-519-00081-8589-01_00261860.pdf,andalucia
autonomous_2022_06,2022,Parlamento de Andalucía,Andalucia,Málaga,6,MANUEL VEGA PEÑA,Hombre,TRUE,FALSE,Cs,FALSE,,CIUDADANOS-PARTIDO DE LA CIUDADANÍA (Cs),,https://www.juntadeandalucia.es/eboja/2022/519/BOJA22-519-00081-8589-01_00261860.pdf,andalucia
autonomous_2022_06,2022,Parlamento de Andalucía,Andalucia,Málaga,7,ELENA AGUILAR BRAÑAS,Mujer,TRUE,FALSE,Cs,FALSE,,CIUDADANOS-PARTIDO DE LA CIUDADANÍA (Cs),,https://www.juntadeandalucia.es/eboja/2022/519/BOJA22-519-00081-8589-01_00261860.pdf,andalucia
autonomous_2022_06,2022,Parlamento de Andalucía,Andalucia,Málaga,8,MANUEL VIRLÁN BURGOS,Hombre,TRUE,FALSE,Cs,FALSE,,CIUDADANOS-PARTIDO DE LA CIUDADANÍA (Cs),,https://www.juntadeandalucia.es/eboja/2022/519/BOJA22-519-00081-8589-01_00261860.pdf,andalucia
autonomous_2022_06,2022,Parlamento de Andalucía,Andalucia,Málaga,9,MARÍA ÁNGELES PADILLA RUIZ,Mujer,TRUE,FALSE,Cs,FALSE,,CIUDADANOS-PARTIDO DE LA CIUDADANÍA (Cs),,https://www.juntadeandalucia.es/eboja/2022/519/BOJA22-519-00081-8589-01_00261860.pdf,andalucia
autonomous_2022_06,2022,Parlamento de Andalucía,Andalucia,Málaga,10,JAVIER ARANDA ESPINOSA,Hombre,TRUE,FALSE,Cs,FALSE,,CIUDADANOS-PARTIDO DE LA CIUDADANÍA (Cs),,https://www.juntadeandalucia.es/eboja/2022/519/BOJA22-519-00081-8589-01_00261860.pdf,andalucia
autonomous_2022_06,2022,Parlamento de Andalucía,Andalucia,Málaga,11,MARÍA LUISA ROBLES SALAS,Mujer,TRUE,FALSE,Cs,FALSE,,CIUDADANOS-PARTIDO DE LA CIUDADANÍA (Cs),,https://www.juntadeandalucia.es/eboja/2022/519/BOJA22-519-00081-8589-01_00261860.pdf,andalucia
autonomous_2022_06,2022,Parlamento de Andalucía,Andalucia,Málaga,12,JOSÉ CARLOS GONZÁLEZ GUERRERO,Hombre,TRUE,FALSE,Cs,FALSE,,CIUDADANOS-PARTIDO DE LA CIUDADANÍA (Cs),,https://www.juntadeandalucia.es/eboja/2022/519/BOJA22-519-00081-8589-01_00261860.pdf,andalucia
autonomous_2022_06,2022,Parlamento de Andalucía,Andalucia,Málaga,13,ANA BELÉN PALOMO FERRER,Mujer,TRUE,FALSE,Cs,FALSE,,CIUDADANOS-PARTIDO DE LA CIUDADANÍA (Cs),,https://www.juntadeandalucia.es/eboja/2022/519/BOJA22-519-00081-8589-01_00261860.pdf,andalucia
autonomous_2022_06,2022,Parlamento de Andalucía,Andalucia,Málaga,14,MAURICIO CASTRO GASCÓN,Hombre,TRUE,FALSE,Cs,FALSE,,CIUDADANOS-PARTIDO DE LA CIUDADANÍA (Cs),,https://www.juntadeandalucia.es/eboja/2022/519/BOJA22-519-00081-8589-01_00261860.pdf,andalucia
autonomous_2022_06,2022,Parlamento de Andalucía,Andalucia,Málaga,15,MARÍA TERESA MOLINA PEÑA,Mujer,TRUE,FALSE,Cs,FALSE,,CIUDADANOS-PARTIDO DE LA CIUDADANÍA (Cs),,https://www.juntadeandalucia.es/eboja/2022/519/BOJA22-519-00081-8589-01_00261860.pdf,andalucia
autonomous_2022_06,2022,Parlamento de Andalucía,Andalucia,Málaga,16,GUILLERMO DÍAZ GÓMEZ,Hombre,TRUE,FALSE,Cs,FALSE,,CIUDADANOS-PARTIDO DE LA CIUDADANÍA (Cs),,https://www.juntadeandalucia.es/eboja/2022/519/BOJA22-519-00081-8589-01_00261860.pdf,andalucia
autonomous_2022_06,2022,Parlamento de Andalucía,Andalucia,Málaga,17,NOELIA LOSADA MORENO,Mujer,TRUE,FALSE,Cs,FALSE,,CIUDADANOS-PARTIDO DE LA CIUDADANÍA (Cs),,https://www.juntadeandalucia.es/eboja/2022/519/BOJA22-519-00081-8589-01_00261860.pdf,andalucia
autonomous_2022_06,2022,Parlamento de Andalucía,Andalucia,Málaga,1,JOSÉ JAVIER RODRÍGUEZ FERNÁNDEZ,Hombre,FALSE,FALSE,Cs,FALSE,,CIUDADANOS-PARTIDO DE LA CIUDADANÍA (Cs),,https://www.juntadeandalucia.es/eboja/2022/519/BOJA22-519-00081-8589-01_00261860.pdf,andalucia
autonomous_2022_06,2022,Parlamento de Andalucía,Andalucia,Málaga,2,CARMEN MORALES GARCÍA,Mujer,FALSE,FALSE,Cs,FALSE,,CIUDADANOS-PARTIDO DE LA CIUDADANÍA (Cs),,https://www.juntadeandalucia.es/eboja/2022/519/BOJA22-519-00081-8589-01_00261860.pdf,andalucia
autonomous_2022_06,2022,Parlamento de Andalucía,Andalucia,Málaga,3,FEDERICO RODRÍGUEZ ÚBEDA,Hombre,FALSE,FALSE,Cs,FALSE,,CIUDADANOS-PARTIDO DE LA CIUDADANÍA (Cs),,https://www.juntadeandalucia.es/eboja/2022/519/BOJA22-519-00081-8589-01_00261860.pdf,andalucia
autonomous_2022_06,2022,Parlamento de Andalucía,Andalucia,Málaga,4,EVA MARÍA DÍAZ PUCHE,Mujer,FALSE,FALSE,Cs,FALSE,,CIUDADANOS-PARTIDO DE LA CIUDADANÍA (Cs),,https://www.juntadeandalucia.es/eboja/2022/519/BOJA22-519-00081-8589-01_00261860.pdf,andalucia
autonomous_2022_06,2022,Parlamento de Andalucía,Andalucia,Sevilla,1,JUAN ANTONIO MARÍN LOZANO,Hombre,TRUE,FALSE,Cs,FALSE,,CIUDADANOS-PARTIDO DE LA CIUDADANÍA (Cs),,https://www.juntadeandalucia.es/eboja/2022/519/BOJA22-519-00081-8589-01_00261860.pdf,andalucia
autonomous_2022_06,2022,Parlamento de Andalucía,Andalucia,Sevilla,2,MARTA BOSQUET AZNAR,Mujer,TRUE,FALSE,Cs,FALSE,,CIUDADANOS-PARTIDO DE LA CIUDADANÍA (Cs),,https://www.juntadeandalucia.es/eboja/2022/519/BOJA22-519-00081-8589-01_00261860.pdf,andalucia
autonomous_2022_06,2022,Parlamento de Andalucía,Andalucia,Sevilla,3,PATRICIO LEÓN ROCA,Hombre,TRUE,FALSE,Cs,FALSE,,CIUDADANOS-PARTIDO DE LA CIUDADANÍA (Cs),,https://www.juntadeandalucia.es/eboja/2022/519/BOJA22-519-00081-8589-01_00261860.pdf,andalucia
autonomous_2022_06,2022,Parlamento de Andalucía,Andalucia,Sevilla,4,ANA MARÍA LLOPIS BARRERA,Mujer,TRUE,FALSE,Cs,FALSE,,CIUDADANOS-PARTIDO DE LA CIUDADANÍA (Cs),,https://www.juntadeandalucia.es/eboja/2022/519/BOJA22-519-00081-8589-01_00261860.pdf,andalucia
autonomous_2022_06,2022,Parlamento de Andalucía,Andalucia,Sevilla,5,FRANCISCO DAVID RINCÓN LÓPEZ,Hombre,TRUE,FALSE,Cs,FALSE,,CIUDADANOS-PARTIDO DE LA CIUDADANÍA (Cs),,https://www.juntadeandalucia.es/eboja/2022/519/BOJA22-519-00081-8589-01_00261860.pdf,andalucia
autonomous_2022_06,2022,Parlamento de Andalucía,Andalucia,Sevilla,6,ISABEL MARÍA GONZÁLEZ BLANQUERO,Mujer,TRUE,FALSE,Cs,FALSE,,CIUDADANOS-PARTIDO DE LA CIUDADANÍA (Cs),,https://www.juntadeandalucia.es/eboja/2022/519/BOJA22-519-00081-8589-01_00261860.pdf,andalucia
autonomous_2022_06,2022,Parlamento de Andalucía,Andalucia,Sevilla,7,ISMAEL FRANCISCO LUMBRERAS SÁNCHEZ,Hombre,TRUE,FALSE,Cs,FALSE,,CIUDADANOS-PARTIDO DE LA CIUDADANÍA (Cs),,https://www.juntadeandalucia.es/eboja/2022/519/BOJA22-519-00081-8589-01_00261860.pdf,andalucia
autonomous_2022_06,2022,Parlamento de Andalucía,Andalucia,Sevilla,8,ROSA MARÍA CARRO CARNACEA,Mujer,TRUE,FALSE,Cs,FALSE,,CIUDADANOS-PARTIDO DE LA CIUDADANÍA (Cs),,https://www.juntadeandalucia.es/eboja/2022/519/BOJA22-519-00081-8589-01_00261860.pdf,andalucia
autonomous_2022_06,2022,Parlamento de Andalucía,Andalucia,Sevilla,9,MIGUEL ÁNGEL AUMESQUET GUERLE,Hombre,TRUE,FALSE,Cs,FALSE,,CIUDADANOS-PARTIDO DE LA CIUDADANÍA (Cs),,https://www.juntadeandalucia.es/eboja/2022/519/BOJA22-519-00081-8589-01_00261860.pdf,andalucia
autonomous_2022_06,2022,Parlamento de Andalucía,Andalucia,Sevilla,10,CIRA DE LA CRUZ SOBRINO,Mujer,TRUE,FALSE,Cs,FALSE,,CIUDADANOS-PARTIDO DE LA CIUDADANÍA (Cs),,https://www.juntadeandalucia.es/eboja/2022/519/BOJA22-519-00081-8589-01_00261860.pdf,andalucia
autonomous_2022_06,2022,Parlamento de Andalucía,Andalucia,Sevilla,11,MANUEL BENJUMEA GUTIÉRREZ,Hombre,TRUE,FALSE,Cs,FALSE,,CIUDADANOS-PARTIDO DE LA CIUDADANÍA (Cs),,https://www.juntadeandalucia.es/eboja/2022/519/BOJA22-519-00081-8589-01_00261860.pdf,andalucia
autonomous_2022_06,2022,Parlamento de Andalucía,Andalucia,Sevilla,12,FÁTIMA MANCHADO MANGAS,Mujer,TRUE,FALSE,Cs,FALSE,,CIUDADANOS-PARTIDO DE LA CIUDADANÍA (Cs),,https://www.juntadeandalucia.es/eboja/2022/519/BOJA22-519-00081-8589-01_00261860.pdf,andalucia
autonomous_2022_06,2022,Parlamento de Andalucía,Andalucia,Sevilla,13,JUAN LUIS SANTOS BORREGO,Hombre,TRUE,FALSE,Cs,FALSE,,CIUDADANOS-PARTIDO DE LA CIUDADANÍA (Cs),,https://www.juntadeandalucia.es/eboja/2022/519/BOJA22-519-00081-8589-01_00261860.pdf,andalucia
autonomous_2022_06,2022,Parlamento de Andalucía,Andalucia,Sevilla,14,MARÍA DEL CARMEN ANSELMO MOREY,Mujer,TRUE,FALSE,Cs,FALSE,,CIUDADANOS-PARTIDO DE LA CIUDADANÍA (Cs),,https://www.juntadeandalucia.es/eboja/2022/519/BOJA22-519-00081-8589-01_00261860.pdf,andalucia
autonomous_2022_06,2022,Parlamento de Andalucía,Andalucia,Sevilla,15,JOSÉ LUIS RODRÍGUEZ JIMÉNEZ,Hombre,TRUE,FALSE,Cs,FALSE,,CIUDADANOS-PARTIDO DE LA CIUDADANÍA (Cs),,https://www.juntadeandalucia.es/eboja/2022/519/BOJA22-519-00081-8589-01_00261860.pdf,andalucia
autonomous_2022_06,2022,Parlamento de Andalucía,Andalucia,Sevilla,16,EVA MARÍA CANO LORA,Mujer,TRUE,FALSE,Cs,FALSE,,CIUDADANOS-PARTIDO DE LA CIUDADANÍA (Cs),,https://www.juntadeandalucia.es/eboja/2022/519/BOJA22-519-00081-8589-01_00261860.pdf,andalucia
autonomous_2022_06,2022,Parlamento de Andalucía,Andalucia,Sevilla,17,ABRAHAM MARTÍN CRESPO,Hombre,TRUE,FALSE,Cs,FALSE,,CIUDADANOS-PARTIDO DE LA CIUDADANÍA (Cs),,https://www.juntadeandalucia.es/eboja/2022/519/BOJA22-519-00081-8589-01_00261860.pdf,andalucia
autonomous_2022_06,2022,Parlamento de Andalucía,Andalucia,Sevilla,18,ROCÍO PENÉLOPE RICCA ISLA,Mujer,TRUE,FALSE,Cs,FALSE,,CIUDADANOS-PARTIDO DE LA CIUDADANÍA (Cs),,https://www.juntadeandalucia.es/eboja/2022/519/BOJA22-519-00081-8589-01_00261860.pdf,andalucia
autonomous_2022_06,2022,Parlamento de Andalucía,Andalucia,Sevilla,1,MOISÉS BERMUDO GÓMEZ,Hombre,FALSE,FALSE,Cs,FALSE,,CIUDADANOS-PARTIDO DE LA CIUDADANÍA (Cs),,https://www.juntadeandalucia.es/eboja/2022/519/BOJA22-519-00081-8589-01_00261860.pdf,andalucia
autonomous_2022_06,2022,Parlamento de Andalucía,Andalucia,Sevilla,2,MARGARITA RINCÓN LÓPEZ,Mujer,FALSE,FALSE,Cs,FALSE,,CIUDADANOS-PARTIDO DE LA CIUDADANÍA (Cs),,https://www.juntadeandalucia.es/eboja/2022/519/BOJA22-519-00081-8589-01_00261860.pdf,andalucia
autonomous_2022_06,2022,Parlamento de Andalucía,Andalucia,Sevilla,3,VÍCTOR MANUEL CASTAÑEDA GARCÍA,Hombre,FALSE,FALSE,Cs,FALSE,,CIUDADANOS-PARTIDO DE LA CIUDADANÍA (Cs),,https://www.juntadeandalucia.es/eboja/2022/519/BOJA22-519-00081-8589-01_00261860.pdf,andalucia
autonomous_2022_06,2022,Parlamento de Andalucía,Andalucia,Sevilla,4,PAULA ESTHER ABAO FERNÁNDEZ,Mujer,FALSE,FALSE,Cs,FALSE,,CIUDADANOS-PARTIDO DE LA CIUDADANÍA (Cs),,https://www.juntadeandalucia.es/eboja/2022/519/BOJA22-519-00081-8589-01_00261860.pdf,andalucia
autonomous_2023_05,2023,Cortes de Castilla-La Mancha,Castilla-La Mancha,Albacete,1,MARIA DEL CARMEN PICAZO PEREZ,Mujer,TRUE,FALSE,Cs,FALSE,,CIUDADANOS-PARTIDO DE LA CIUDADANIA (Cs),Cs,https://elecciones2023.castillalamancha.es/candidaturas/castilla-la-mancha/ciudadanos-partido-de-la-ciudadania-cs,portal JCCM
autonomous_2023_05,2023,Cortes de Castilla-La Mancha,Castilla-La Mancha,Albacete,2,LUIS MIGUEL MARTINEZ-GOMEZ SIMON,Hombre,TRUE,FALSE,Cs,FALSE,,CIUDADANOS-PARTIDO DE LA CIUDADANIA (Cs),Cs,https://elecciones2023.castillalamancha.es/candidaturas/castilla-la-mancha/ciudadanos-partido-de-la-ciudadania-cs,portal JCCM
autonomous_2023_05,2023,Cortes de Castilla-La Mancha,Castilla-La Mancha,Albacete,3,MARIA DEL PILAR MARHUENDA SIMARRO,Mujer,TRUE,FALSE,Cs,FALSE,,CIUDADANOS-PARTIDO DE LA CIUDADANIA (Cs),Cs,https://elecciones2023.castillalamancha.es/candidaturas/castilla-la-mancha/ciudadanos-partido-de-la-ciudadania-cs,portal JCCM
autonomous_2023_05,2023,Cortes de Castilla-La Mancha,Castilla-La Mancha,Albacete,4,JOSE ANTONIO BRIZUELA GONZALEZ,Hombre,TRUE,FALSE,Cs,FALSE,,CIUDADANOS-PARTIDO DE LA CIUDADANIA (Cs),Cs,https://elecciones2023.castillalamancha.es/candidaturas/castilla-la-mancha/ciudadanos-partido-de-la-ciudadania-cs,portal JCCM
autonomous_2023_05,2023,Cortes de Castilla-La Mancha,Castilla-La Mancha,Albacete,5,MARIA AGAPITA GARCIA CORREOSO,Mujer,TRUE,FALSE,Cs,FALSE,,CIUDADANOS-PARTIDO DE LA CIUDADANIA (Cs),Cs,https://elecciones2023.castillalamancha.es/candidaturas/castilla-la-mancha/ciudadanos-partido-de-la-ciudadania-cs,portal JCCM
autonomous_2023_05,2023,Cortes de Castilla-La Mancha,Castilla-La Mancha,Albacete,6,MARCOS TEVAR PEREZ,Hombre,TRUE,FALSE,Cs,FALSE,,CIUDADANOS-PARTIDO DE LA CIUDADANIA (Cs),Cs,https://elecciones2023.castillalamancha.es/candidaturas/castilla-la-mancha/ciudadanos-partido-de-la-ciudadania-cs,portal JCCM
autonomous_2023_05,2023,Cortes de Castilla-La Mancha,Castilla-La Mancha,Albacete,7,PILAR MARIN GOMERA,Mujer,TRUE,FALSE,Cs,FALSE,,CIUDADANOS-PARTIDO DE LA CIUDADANIA (Cs),Cs,https://elecciones2023.castillalamancha.es/candidaturas/castilla-la-mancha/ciudadanos-partido-de-la-ciudadania-cs,portal JCCM
autonomous_2023_05,2023,Cortes de Castilla-La Mancha,Castilla-La Mancha,Albacete,1,IMANOL SANCHEZ GARCIA,Hombre,FALSE,FALSE,Cs,FALSE,,CIUDADANOS-PARTIDO DE LA CIUDADANIA (Cs),Cs,https://elecciones2023.castillalamancha.es/candidaturas/castilla-la-mancha/ciudadanos-partido-de-la-ciudadania-cs,portal JCCM
autonomous_2023_05,2023,Cortes de Castilla-La Mancha,Castilla-La Mancha,Albacete,2,ANA ISABEL MARTINEZ MOLINA,Mujer,FALSE,FALSE,Cs,FALSE,,CIUDADANOS-PARTIDO DE LA CIUDADANIA (Cs),Cs,https://elecciones2023.castillalamancha.es/candidaturas/castilla-la-mancha/ciudadanos-partido-de-la-ciudadania-cs,portal JCCM
autonomous_2023_05,2023,Cortes de Castilla-La Mancha,Castilla-La Mancha,Albacete,3,ERNESTO LARIO MUÑOZ,Hombre,FALSE,FALSE,Cs,FALSE,,CIUDADANOS-PARTIDO DE LA CIUDADANIA (Cs),Cs,https://elecciones2023.castillalamancha.es/candidaturas/castilla-la-mancha/ciudadanos-partido-de-la-ciudadania-cs,portal JCCM
autonomous_2023_05,2023,Corts Valencianes,Comunidad Valenciana,Alicante,1,JOSÉ MIGUEL SAVAL PÉREZ,Hombre,TRUE,FALSE,Cs,FALSE,,CIUDADANOS-PARTIDO DE LA,,c_val_2023.pdf,compartido
autonomous_2023_05,2023,Corts Valencianes,Comunidad Valenciana,Alicante,2,FERNANDO ENRIQUE LLOPIS PASCUAL,Hombre,TRUE,FALSE,Cs,FALSE,,CIUDADANOS-PARTIDO DE LA,,c_val_2023.pdf,compartido
autonomous_2023_05,2023,Corts Valencianes,Comunidad Valenciana,Alicante,3,MARIA JOSE BERNAL BALLESTA,Mujer,TRUE,FALSE,Cs,FALSE,,CIUDADANOS-PARTIDO DE LA,,c_val_2023.pdf,compartido
autonomous_2023_05,2023,Corts Valencianes,Comunidad Valenciana,Alicante,4,CARLOS PASTOR ANTON (Independiente),Hombre,TRUE,FALSE,Cs,FALSE,,CIUDADANOS-PARTIDO DE LA,,c_val_2023.pdf,compartido
autonomous_2023_05,2023,Corts Valencianes,Comunidad Valenciana,Alicante,5,ELISA ROYO ABAD,Mujer,TRUE,FALSE,Cs,FALSE,,CIUDADANOS-PARTIDO DE LA,,c_val_2023.pdf,compartido
autonomous_2023_05,2023,Corts Valencianes,Comunidad Valenciana,Alicante,6,JUAN MIGUEL NAVAS GUTIERREZ,Hombre,TRUE,FALSE,Cs,FALSE,,CIUDADANOS-PARTIDO DE LA,,c_val_2023.pdf,compartido
autonomous_2023_05,2023,Corts Valencianes,Comunidad Valenciana,Alicante,7,FERNANDO GIMENEZ LINARES (Independiente),Hombre,TRUE,FALSE,Cs,FALSE,,CIUDADANOS-PARTIDO DE LA,,c_val_2023.pdf,compartido
autonomous_2023_05,2023,Corts Valencianes,Comunidad Valenciana,Alicante,8,VIRGINIA ALBERO ENTRIALGO,Mujer,TRUE,FALSE,Cs,FALSE,,CIUDADANOS-PARTIDO DE LA,,c_val_2023.pdf,compartido
autonomous_2023_05,2023,Corts Valencianes,Comunidad Valenciana,Alicante,9,ANTONIO BERNABEU BERNABEU,Hombre,TRUE,FALSE,Cs,FALSE,,CIUDADANOS-PARTIDO DE LA,,c_val_2023.pdf,compartido
autonomous_2023_05,2023,Corts Valencianes,Comunidad Valenciana,Alicante,10,MERCE PAIRO FERRER,Mujer,TRUE,FALSE,Cs,FALSE,,CIUDADANOS-PARTIDO DE LA,,c_val_2023.pdf,compartido
autonomous_2023_05,2023,Corts Valencianes,Comunidad Valenciana,Alicante,11,ANTONIO SOLA SUAREZ,Hombre,TRUE,FALSE,Cs,FALSE,,CIUDADANOS-PARTIDO DE LA,,c_val_2023.pdf,compartido
autonomous_2023_05,2023,Corts Valencianes,Comunidad Valenciana,Alicante,12,GEMA SANTOYO MOLINA,Mujer,TRUE,FALSE,Cs,FALSE,,CIUDADANOS-PARTIDO DE LA,,c_val_2023.pdf,compartido
autonomous_2023_05,2023,Corts Valencianes,Comunidad Valenciana,Alicante,13,JOSE JOAQUIN POVEDA MARCO,Hombre,TRUE,FALSE,Cs,FALSE,,CIUDADANOS-PARTIDO DE LA,,c_val_2023.pdf,compartido
autonomous_2023_05,2023,Corts Valencianes,Comunidad Valenciana,Alicante,14,MARIA JOSE MOLINA MARTINEZ,Mujer,TRUE,FALSE,Cs,FALSE,,CIUDADANOS-PARTIDO DE LA,,c_val_2023.pdf,compartido
autonomous_2023_05,2023,Corts Valencianes,Comunidad Valenciana,Alicante,15,VICTOR MANUEL GOMIS GARCIA,Hombre,TRUE,FALSE,Cs,FALSE,,CIUDADANOS-PARTIDO DE LA,,c_val_2023.pdf,compartido
autonomous_2023_05,2023,Corts Valencianes,Comunidad Valenciana,Alicante,16,JAVIER JORGE VILLAR AURA,Hombre,TRUE,FALSE,Cs,FALSE,,CIUDADANOS-PARTIDO DE LA,,c_val_2023.pdf,compartido
autonomous_2023_05,2023,Corts Valencianes,Comunidad Valenciana,Alicante,17,ANASTASIA PEREZ SEBASTIA,Mujer,TRUE,FALSE,Cs,FALSE,,CIUDADANOS-PARTIDO DE LA,,c_val_2023.pdf,compartido
autonomous_2023_05,2023,Corts Valencianes,Comunidad Valenciana,Alicante,18,ANGELA MARIA PEREZ BUIGUES,Mujer,TRUE,FALSE,Cs,FALSE,,CIUDADANOS-PARTIDO DE LA,,c_val_2023.pdf,compartido
autonomous_2023_05,2023,Corts Valencianes,Comunidad Valenciana,Alicante,19,LUIS MANUEL CERDAN ANIORTE,Hombre,TRUE,FALSE,Cs,FALSE,,CIUDADANOS-PARTIDO DE LA,,c_val_2023.pdf,compartido
autonomous_2023_05,2023,Corts Valencianes,Comunidad Valenciana,Alicante,20,AINHOA FRANCES ORTIZ,Mujer,TRUE,FALSE,Cs,FALSE,,CIUDADANOS-PARTIDO DE LA,,c_val_2023.pdf,compartido
autonomous_2023_05,2023,Corts Valencianes,Comunidad Valenciana,Alicante,21,MIGUEL ANGEL MATEO LIMIÑANA,Hombre,TRUE,FALSE,Cs,FALSE,,CIUDADANOS-PARTIDO DE LA,,c_val_2023.pdf,compartido
autonomous_2023_05,2023,Corts Valencianes,Comunidad Valenciana,Alicante,22,RAMON CARRILLO TEVAR,Hombre,TRUE,FALSE,Cs,FALSE,,CIUDADANOS-PARTIDO DE LA,,c_val_2023.pdf,compartido
autonomous_2023_05,2023,Corts Valencianes,Comunidad Valenciana,Alicante,23,FRANCISCO MEDRANO MARTINEZ (Independiente),Hombre,TRUE,FALSE,Cs,FALSE,,CIUDADANOS-PARTIDO DE LA,,c_val_2023.pdf,compartido
autonomous_2023_05,2023,Corts Valencianes,Comunidad Valenciana,Alicante,24,MARIA ANGELES FERRANDEZ ANIORTE,Mujer,TRUE,FALSE,Cs,FALSE,,CIUDADANOS-PARTIDO DE LA,,c_val_2023.pdf,compartido
autonomous_2023_05,2023,Corts Valencianes,Comunidad Valenciana,Alicante,25,MARIA INMACULADA VICENTE CARAVACA,Mujer,TRUE,FALSE,Cs,FALSE,,CIUDADANOS-PARTIDO DE LA,,c_val_2023.pdf,compartido
autonomous_2023_05,2023,Corts Valencianes,Comunidad Valenciana,Alicante,26,SARA COLOMER ESTEVE,Mujer,TRUE,FALSE,Cs,FALSE,,CIUDADANOS-PARTIDO DE LA,,c_val_2023.pdf,compartido
autonomous_2023_05,2023,Corts Valencianes,Comunidad Valenciana,Alicante,27,VICENTE ALVARADO GIL,Hombre,TRUE,FALSE,Cs,FALSE,,CIUDADANOS-PARTIDO DE LA,,c_val_2023.pdf,compartido
autonomous_2023_05,2023,Corts Valencianes,Comunidad Valenciana,Alicante,28,JORGE VERDU CATALA,Hombre,TRUE,FALSE,Cs,FALSE,,CIUDADANOS-PARTIDO DE LA,,c_val_2023.pdf,compartido
autonomous_2023_05,2023,Corts Valencianes,Comunidad Valenciana,Alicante,29,MARIA ISABEL TORRES LIMIÑANA,Mujer,TRUE,FALSE,Cs,FALSE,,CIUDADANOS-PARTIDO DE LA,,c_val_2023.pdf,compartido
autonomous_2023_05,2023,Corts Valencianes,Comunidad Valenciana,Alicante,30,JOAQUIN SEVILA FORNER,Hombre,TRUE,FALSE,Cs,FALSE,,CIUDADANOS-PARTIDO DE LA,,c_val_2023.pdf,compartido
autonomous_2023_05,2023,Corts Valencianes,Comunidad Valenciana,Alicante,31,RAFAEL JESUS CONGOST VALLES,Hombre,TRUE,FALSE,Cs,FALSE,,CIUDADANOS-PARTIDO DE LA,,c_val_2023.pdf,compartido
autonomous_2023_05,2023,Corts Valencianes,Comunidad Valenciana,Alicante,32,MANUEL MARTIN BEÑA,Hombre,TRUE,FALSE,Cs,FALSE,,CIUDADANOS-PARTIDO DE LA,,c_val_2023.pdf,compartido
autonomous_2023_05,2023,Corts Valencianes,Comunidad Valenciana,Alicante,33,ROSA MARIA MENOR LUCAS Num. 9586 / 02.05.2023,Mujer,TRUE,FALSE,Cs,FALSE,,CIUDADANOS-PARTIDO DE LA,,c_val_2023.pdf,compartido
autonomous_2023_05,2023,Corts Valencianes,Comunidad Valenciana,Alicante,34,MARIA QUILES BAILEN,Mujer,TRUE,FALSE,Cs,FALSE,,CIUDADANOS-PARTIDO DE LA,,c_val_2023.pdf,compartido
autonomous_2023_05,2023,Corts Valencianes,Comunidad Valenciana,Alicante,35,EMIGDIO TORMO MORATALLA,Hombre,TRUE,FALSE,Cs,FALSE,,CIUDADANOS-PARTIDO DE LA,,c_val_2023.pdf,compartido
autonomous_2023_05,2023,Corts Valencianes,Comunidad Valenciana,Alicante,1,ADRIAN SANTOS PEREZ NAVARRO,Hombre,FALSE,FALSE,Cs,FALSE,,CIUDADANOS-PARTIDO DE LA,,c_val_2023.pdf,compartido
autonomous_2023_05,2023,Corts Valencianes,Comunidad Valenciana,Alicante,2,SUSANA MUT ALEMANY,Mujer,FALSE,FALSE,Cs,FALSE,,CIUDADANOS-PARTIDO DE LA,,c_val_2023.pdf,compartido
autonomous_2023_05,2023,Corts Valencianes,Comunidad Valenciana,Alicante,3,JORGE ROIG LIZARRAGA,Hombre,FALSE,FALSE,Cs,FALSE,,CIUDADANOS-PARTIDO DE LA,,c_val_2023.pdf,compartido
autonomous_2023_05,2023,Corts Valencianes,Comunidad Valenciana,Alicante,4,MARIA VICTORIA VILLAR LLORET,Mujer,FALSE,FALSE,Cs,FALSE,,CIUDADANOS-PARTIDO DE LA,,c_val_2023.pdf,compartido
autonomous_2023_05,2023,Corts Valencianes,Comunidad Valenciana,Alicante,5,EDUARDO GARCIA ONTIVEROS CERDEÑO,Hombre,FALSE,FALSE,Cs,FALSE,,CIUDADANOS-PARTIDO DE LA,,c_val_2023.pdf,compartido
autonomous_2023_05,2023,Asamblea de Extremadura,Extremadura,Badajoz,1,Fernando Baselga Laucirica,Hombre,TRUE,FALSE,Cs,FALSE,,CIUDADANOS-PARTIDO DE LA CIUDADANIA,Cs,doe_ext_2023_ba.pdf,compartido
autonomous_2023_05,2023,Asamblea de Extremadura,Extremadura,Badajoz,2,Maria José Calderón Díaz,Mujer,TRUE,FALSE,Cs,FALSE,,CIUDADANOS-PARTIDO DE LA CIUDADANIA,Cs,doe_ext_2023_ba.pdf,compartido
autonomous_2023_05,2023,Asamblea de Extremadura,Extremadura,Badajoz,3,Ana Teresa Ponce Latorre,Mujer,TRUE,FALSE,Cs,FALSE,,CIUDADANOS-PARTIDO DE LA CIUDADANIA,Cs,doe_ext_2023_ba.pdf,compartido
autonomous_2023_05,2023,Asamblea de Extremadura,Extremadura,Badajoz,4,Ángela Rosalía Roncero Berrocal,Mujer,TRUE,FALSE,Cs,FALSE,,CIUDADANOS-PARTIDO DE LA CIUDADANIA,Cs,doe_ext_2023_ba.pdf,compartido
autonomous_2023_05,2023,Asamblea de Extremadura,Extremadura,Badajoz,5,Juan Arias Domínguez,Hombre,TRUE,FALSE,Cs,FALSE,,CIUDADANOS-PARTIDO DE LA CIUDADANIA,Cs,doe_ext_2023_ba.pdf,compartido
autonomous_2023_05,2023,Asamblea de Extremadura,Extremadura,Badajoz,6,Andrés Alberto Humánez Rodríguez,Hombre,TRUE,FALSE,Cs,FALSE,,CIUDADANOS-PARTIDO DE LA CIUDADANIA,Cs,doe_ext_2023_ba.pdf,compartido
autonomous_2023_05,2023,Asamblea de Extremadura,Extremadura,Badajoz,7,Jorge Calvo Onsurbe,Hombre,TRUE,FALSE,Cs,FALSE,,CIUDADANOS-PARTIDO DE LA CIUDADANIA,Cs,doe_ext_2023_ba.pdf,compartido
autonomous_2023_05,2023,Asamblea de Extremadura,Extremadura,Badajoz,8,Isabel María García Ramos,Mujer,TRUE,FALSE,Cs,FALSE,,CIUDADANOS-PARTIDO DE LA CIUDADANIA,Cs,doe_ext_2023_ba.pdf,compartido
autonomous_2023_05,2023,Asamblea de Extremadura,Extremadura,Badajoz,9,María Belén Solís Ferro,Mujer,TRUE,FALSE,Cs,FALSE,,CIUDADANOS-PARTIDO DE LA CIUDADANIA,Cs,doe_ext_2023_ba.pdf,compartido
autonomous_2023_05,2023,Asamblea de Extremadura,Extremadura,Badajoz,10,Francisco Javier Guillén Regaña,Hombre,TRUE,FALSE,Cs,FALSE,,CIUDADANOS-PARTIDO DE LA CIUDADANIA,Cs,doe_ext_2023_ba.pdf,compartido
autonomous_2023_05,2023,Asamblea de Extremadura,Extremadura,Badajoz,11,José Ignacio Segura Rama,Hombre,TRUE,FALSE,Cs,FALSE,,CIUDADANOS-PARTIDO DE LA CIUDADANIA,Cs,doe_ext_2023_ba.pdf,compartido
autonomous_2023_05,2023,Asamblea de Extremadura,Extremadura,Badajoz,12,José Teodoro Valle Marcos,Hombre,TRUE,FALSE,Cs,FALSE,,CIUDADANOS-PARTIDO DE LA CIUDADANIA,Cs,doe_ext_2023_ba.pdf,compartido
autonomous_2023_05,2023,Asamblea de Extremadura,Extremadura,Badajoz,13,Desiré Vázquez Becerra,Mujer,TRUE,FALSE,Cs,FALSE,,CIUDADANOS-PARTIDO DE LA CIUDADANIA,Cs,doe_ext_2023_ba.pdf,compartido
autonomous_2023_05,2023,Asamblea de Extremadura,Extremadura,Badajoz,14,José Israel Checa Galván,Hombre,TRUE,FALSE,Cs,FALSE,,CIUDADANOS-PARTIDO DE LA CIUDADANIA,Cs,doe_ext_2023_ba.pdf,compartido
autonomous_2023_05,2023,Asamblea de Extremadura,Extremadura,Badajoz,15,Rebeca Pachón Parra,Mujer,TRUE,FALSE,Cs,FALSE,,CIUDADANOS-PARTIDO DE LA CIUDADANIA,Cs,doe_ext_2023_ba.pdf,compartido
autonomous_2023_05,2023,Asamblea de Extremadura,Extremadura,Badajoz,16,Fernando Caro Borrego,Hombre,TRUE,FALSE,Cs,FALSE,,CIUDADANOS-PARTIDO DE LA CIUDADANIA,Cs,doe_ext_2023_ba.pdf,compartido
autonomous_2023_05,2023,Asamblea de Extremadura,Extremadura,Badajoz,17,Isabel Álvarez Agudo,Mujer,TRUE,FALSE,Cs,FALSE,,CIUDADANOS-PARTIDO DE LA CIUDADANIA,Cs,doe_ext_2023_ba.pdf,compartido
autonomous_2023_05,2023,Asamblea de Extremadura,Extremadura,Badajoz,18,María Del Carmen Rodríguez Rodríguez,Mujer,TRUE,FALSE,Cs,FALSE,,CIUDADANOS-PARTIDO DE LA CIUDADANIA,Cs,doe_ext_2023_ba.pdf,compartido
autonomous_2023_05,2023,Asamblea de Extremadura,Extremadura,Badajoz,19,María Muñoz Mansilla,Mujer,TRUE,FALSE,Cs,FALSE,,CIUDADANOS-PARTIDO DE LA CIUDADANIA,Cs,doe_ext_2023_ba.pdf,compartido
autonomous_2023_05,2023,Asamblea de Extremadura,Extremadura,Badajoz,20,José María Sánchez Morcillo,Hombre,TRUE,FALSE,Cs,FALSE,,CIUDADANOS-PARTIDO DE LA CIUDADANIA,Cs,doe_ext_2023_ba.pdf,compartido
autonomous_2023_05,2023,Asamblea de Extremadura,Extremadura,Badajoz,21,Esther Muñoz Torrado,Mujer,TRUE,FALSE,Cs,FALSE,,CIUDADANOS-PARTIDO DE LA CIUDADANIA,Cs,doe_ext_2023_ba.pdf,compartido
autonomous_2023_05,2023,Asamblea de Extremadura,Extremadura,Badajoz,22,Juan Ignacio Díaz Martín NÚMERO 79,Hombre,TRUE,FALSE,Cs,FALSE,,CIUDADANOS-PARTIDO DE LA CIUDADANIA,Cs,doe_ext_2023_ba.pdf,compartido
autonomous_2023_05,2023,Asamblea de Extremadura,Extremadura,Badajoz,23,Juan Antonio Gómez Rodríguez,Hombre,TRUE,FALSE,Cs,FALSE,,CIUDADANOS-PARTIDO DE LA CIUDADANIA,Cs,doe_ext_2023_ba.pdf,compartido
autonomous_2023_05,2023,Asamblea de Extremadura,Extremadura,Badajoz,24,Francisco Javier Kossakowski Gutiérrez,Hombre,TRUE,FALSE,Cs,FALSE,,CIUDADANOS-PARTIDO DE LA CIUDADANIA,Cs,doe_ext_2023_ba.pdf,compartido
autonomous_2023_05,2023,Asamblea de Extremadura,Extremadura,Badajoz,25,Verónica Caracol Palomo,Mujer,TRUE,FALSE,Cs,FALSE,,CIUDADANOS-PARTIDO DE LA CIUDADANIA,Cs,doe_ext_2023_ba.pdf,compartido
autonomous_2023_05,2023,Asamblea de Extremadura,Extremadura,Badajoz,26,Antonia Jiménez Serván,Mujer,TRUE,FALSE,Cs,FALSE,,CIUDADANOS-PARTIDO DE LA CIUDADANIA,Cs,doe_ext_2023_ba.pdf,compartido
autonomous_2023_05,2023,Asamblea de Extremadura,Extremadura,Badajoz,27,Sara Raposo Martín,Mujer,TRUE,FALSE,Cs,FALSE,,CIUDADANOS-PARTIDO DE LA CIUDADANIA,Cs,doe_ext_2023_ba.pdf,compartido
autonomous_2023_05,2023,Asamblea de Extremadura,Extremadura,Badajoz,28,Antonio García Samino,Hombre,TRUE,FALSE,Cs,FALSE,,CIUDADANOS-PARTIDO DE LA CIUDADANIA,Cs,doe_ext_2023_ba.pdf,compartido
autonomous_2023_05,2023,Asamblea de Extremadura,Extremadura,Badajoz,29,Francisco González Redondo,Hombre,TRUE,FALSE,Cs,FALSE,,CIUDADANOS-PARTIDO DE LA CIUDADANIA,Cs,doe_ext_2023_ba.pdf,compartido
autonomous_2023_05,2023,Asamblea de Extremadura,Extremadura,Badajoz,30,Macarena Cobos Morales,Mujer,TRUE,FALSE,Cs,FALSE,,CIUDADANOS-PARTIDO DE LA CIUDADANIA,Cs,doe_ext_2023_ba.pdf,compartido
autonomous_2023_05,2023,Asamblea de Extremadura,Extremadura,Badajoz,31,José Miguel Gallardo Santiago,Hombre,TRUE,FALSE,Cs,FALSE,,CIUDADANOS-PARTIDO DE LA CIUDADANIA,Cs,doe_ext_2023_ba.pdf,compartido
autonomous_2023_05,2023,Asamblea de Extremadura,Extremadura,Badajoz,32,María Macarena Domínguez Carrillo,Mujer,TRUE,FALSE,Cs,FALSE,,CIUDADANOS-PARTIDO DE LA CIUDADANIA,Cs,doe_ext_2023_ba.pdf,compartido
autonomous_2023_05,2023,Asamblea de Extremadura,Extremadura,Badajoz,33,María Del Pilar Díaz Pérez,Mujer,TRUE,FALSE,Cs,FALSE,,CIUDADANOS-PARTIDO DE LA CIUDADANIA,Cs,doe_ext_2023_ba.pdf,compartido
autonomous_2023_05,2023,Asamblea de Extremadura,Extremadura,Badajoz,34,Rosa María Estirado Pacheco,Mujer,TRUE,FALSE,Cs,FALSE,,CIUDADANOS-PARTIDO DE LA CIUDADANIA,Cs,doe_ext_2023_ba.pdf,compartido
autonomous_2023_05,2023,Asamblea de Extremadura,Extremadura,Badajoz,35,Ana Cristina Sánchez Miranda Morales,Mujer,TRUE,FALSE,Cs,FALSE,,CIUDADANOS-PARTIDO DE LA CIUDADANIA,Cs,doe_ext_2023_ba.pdf,compartido
autonomous_2023_05,2023,Asamblea de Extremadura,Extremadura,Badajoz,36,Marta González Martín,Mujer,TRUE,FALSE,Cs,FALSE,,CIUDADANOS-PARTIDO DE LA CIUDADANIA,Cs,doe_ext_2023_ba.pdf,compartido
autonomous_2023_05,2023,Asamblea de Extremadura,Extremadura,Badajoz,1,María Carmen Cotrina Ardila,Mujer,FALSE,FALSE,Cs,FALSE,,CIUDADANOS-PARTIDO DE LA CIUDADANIA,Cs,doe_ext_2023_ba.pdf,compartido
autonomous_2023_05,2023,Asamblea de Extremadura,Extremadura,Badajoz,2,Serafín Doblado Moreno,Hombre,FALSE,FALSE,Cs,FALSE,,CIUDADANOS-PARTIDO DE LA CIUDADANIA,Cs,doe_ext_2023_ba.pdf,compartido
autonomous_2023_05,2023,Asamblea de Extremadura,Extremadura,Badajoz,3,Antonio Casanova Lumbreras,Hombre,FALSE,FALSE,Cs,FALSE,,CIUDADANOS-PARTIDO DE LA CIUDADANIA,Cs,doe_ext_2023_ba.pdf,compartido
autonomous_2023_05,2023,Parlamento de Cantabria,Cantabria,Cantabria,1,FÉLIX ÁLVAREZ PALLEIRO,Hombre,TRUE,FALSE,Cs,FALSE,,CIUDADANOS-PARTIDO DE LA CIUDADANIA,Cs,c_can_2023.pdf,compartido
autonomous_2023_05,2023,Parlamento de Cantabria,Cantabria,Cantabria,2,MARÍA ESTHER MERINO PORTUGAL,Mujer,TRUE,FALSE,Cs,FALSE,,CIUDADANOS-PARTIDO DE LA CIUDADANIA,Cs,c_can_2023.pdf,compartido
autonomous_2023_05,2023,Parlamento de Cantabria,Cantabria,Cantabria,3,JOSÉ LUIS MARTÍNEZ VIAÑA,Hombre,TRUE,FALSE,Cs,FALSE,,CIUDADANOS-PARTIDO DE LA CIUDADANIA,Cs,c_can_2023.pdf,compartido
autonomous_2023_05,2023,Parlamento de Cantabria,Cantabria,Cantabria,4,AGUSTÍN ALBERTO PRIETO ESPUÑES,Hombre,TRUE,FALSE,Cs,FALSE,,CIUDADANOS-PARTIDO DE LA CIUDADANIA,Cs,c_can_2023.pdf,compartido
autonomous_2023_05,2023,Parlamento de Cantabria,Cantabria,Cantabria,5,BARBARA HIERRO GOICOECHEA,Mujer,TRUE,FALSE,Cs,FALSE,,CIUDADANOS-PARTIDO DE LA CIUDADANIA,Cs,c_can_2023.pdf,compartido
autonomous_2023_05,2023,Parlamento de Cantabria,Cantabria,Cantabria,6,CARLA PASTUR SIMÓN,Mujer,TRUE,FALSE,Cs,FALSE,,CIUDADANOS-PARTIDO DE LA CIUDADANIA,Cs,c_can_2023.pdf,compartido
autonomous_2023_05,2023,Parlamento de Cantabria,Cantabria,Cantabria,7,MARÍA ELENA HONDAL FERNÁNDEZ,Mujer,TRUE,FALSE,Cs,FALSE,,CIUDADANOS-PARTIDO DE LA CIUDADANIA,Cs,c_can_2023.pdf,compartido
autonomous_2023_05,2023,Parlamento de Cantabria,Cantabria,Cantabria,8,DANIEL SAMPERIO RUIZ,Hombre,TRUE,FALSE,Cs,FALSE,,CIUDADANOS-PARTIDO DE LA CIUDADANIA,Cs,c_can_2023.pdf,compartido
autonomous_2023_05,2023,Parlamento de Cantabria,Cantabria,Cantabria,9,JULIO CÉSAR RICCIARDIELLO LLAMOSAS,Hombre,TRUE,FALSE,Cs,FALSE,,CIUDADANOS-PARTIDO DE LA CIUDADANIA,Cs,c_can_2023.pdf,compartido
autonomous_2023_05,2023,Parlamento de Cantabria,Cantabria,Cantabria,10,ISABEL ESTEBAN LOSADA,Mujer,TRUE,FALSE,Cs,FALSE,,CIUDADANOS-PARTIDO DE LA CIUDADANIA,Cs,c_can_2023.pdf,compartido
autonomous_2023_05,2023,Parlamento de Cantabria,Cantabria,Cantabria,11,ROSA MARÍA ANUARBE OCEJO,Mujer,TRUE,FALSE,Cs,FALSE,,CIUDADANOS-PARTIDO DE LA CIUDADANIA,Cs,c_can_2023.pdf,compartido
autonomous_2023_05,2023,Parlamento de Cantabria,Cantabria,Cantabria,12,JOSÉ MARÍA LIENDO COBO,Hombre,TRUE,FALSE,Cs,FALSE,,CIUDADANOS-PARTIDO DE LA CIUDADANIA,Cs,c_can_2023.pdf,compartido
autonomous_2023_05,2023,Parlamento de Cantabria,Cantabria,Cantabria,13,MARÍA DOLORES MERINO LÓPEZ,Mujer,TRUE,FALSE,Cs,FALSE,,CIUDADANOS-PARTIDO DE LA CIUDADANIA,Cs,c_can_2023.pdf,compartido
autonomous_2023_05,2023,Parlamento de Cantabria,Cantabria,Cantabria,14,JOSÉ ANTONIO VÉLEZ VIANA,Hombre,TRUE,FALSE,Cs,FALSE,,CIUDADANOS-PARTIDO DE LA CIUDADANIA,Cs,c_can_2023.pdf,compartido
autonomous_2023_05,2023,Parlamento de Cantabria,Cantabria,Cantabria,15,MARÍA CONCEPCIÓN LEZCANO CORRALES,Mujer,TRUE,FALSE,Cs,FALSE,,CIUDADANOS-PARTIDO DE LA CIUDADANIA,Cs,c_can_2023.pdf,compartido
autonomous_2023_05,2023,Parlamento de Cantabria,Cantabria,Cantabria,16,MIGUEL ÁNGEL LASO CASTAÑERA,Hombre,TRUE,FALSE,Cs,FALSE,,CIUDADANOS-PARTIDO DE LA CIUDADANIA,Cs,c_can_2023.pdf,compartido
autonomous_2023_05,2023,Parlamento de Cantabria,Cantabria,Cantabria,17,LUCRECIA COSTA GARCÍA-GUERETA,Mujer,TRUE,FALSE,Cs,FALSE,,CIUDADANOS-PARTIDO DE LA CIUDADANIA,Cs,c_can_2023.pdf,compartido
autonomous_2023_05,2023,Parlamento de Cantabria,Cantabria,Cantabria,18,ROBERTO CAVADA SETIÉN,Hombre,TRUE,FALSE,Cs,FALSE,,CIUDADANOS-PARTIDO DE LA CIUDADANIA,Cs,c_can_2023.pdf,compartido
autonomous_2023_05,2023,Parlamento de Cantabria,Cantabria,Cantabria,19,ASCENSIÓN BIELVA RODRÍGUEZ,Mujer,TRUE,FALSE,Cs,FALSE,,CIUDADANOS-PARTIDO DE LA CIUDADANIA,Cs,c_can_2023.pdf,compartido
autonomous_2023_05,2023,Parlamento de Cantabria,Cantabria,Cantabria,20,ÁNGEL DE JUANA GARCÍA-ALCÁZAR,Hombre,TRUE,FALSE,Cs,FALSE,,CIUDADANOS-PARTIDO DE LA CIUDADANIA,Cs,c_can_2023.pdf,compartido
autonomous_2023_05,2023,Parlamento de Cantabria,Cantabria,Cantabria,21,MARÍA ROSA PALACIO ESTEBAN,Mujer,TRUE,FALSE,Cs,FALSE,,CIUDADANOS-PARTIDO DE LA CIUDADANIA,Cs,c_can_2023.pdf,compartido
autonomous_2023_05,2023,Parlamento de Cantabria,Cantabria,Cantabria,22,GERARDO MIGUEL RUIZ,Hombre,TRUE,FALSE,Cs,FALSE,,CIUDADANOS-PARTIDO DE LA CIUDADANIA,Cs,c_can_2023.pdf,compartido
autonomous_2023_05,2023,Parlamento de Cantabria,Cantabria,Cantabria,23,ANA PEROJO TRUEBA,Mujer,TRUE,FALSE,Cs,FALSE,,CIUDADANOS-PARTIDO DE LA CIUDADANIA,Cs,c_can_2023.pdf,compartido
autonomous_2023_05,2023,Parlamento de Cantabria,Cantabria,Cantabria,24,JAVIER BUSTILLO IBÁÑEZ,Hombre,TRUE,FALSE,Cs,FALSE,,CIUDADANOS-PARTIDO DE LA CIUDADANIA,Cs,c_can_2023.pdf,compartido
autonomous_2023_05,2023,Parlamento de Cantabria,Cantabria,Cantabria,25,ESTHER PUENTE ARISTE,Mujer,TRUE,FALSE,Cs,FALSE,,CIUDADANOS-PARTIDO DE LA CIUDADANIA,Cs,c_can_2023.pdf,compartido
autonomous_2023_05,2023,Parlamento de Cantabria,Cantabria,Cantabria,26,JOSÉ MANUEL SAN MILLÁN RUBIO,Hombre,TRUE,FALSE,Cs,FALSE,,CIUDADANOS-PARTIDO DE LA CIUDADANIA,Cs,c_can_2023.pdf,compartido
autonomous_2023_05,2023,Parlamento de Cantabria,Cantabria,Cantabria,27,ANA ISABEL ZABALA MARTÍNEZ,Mujer,TRUE,FALSE,Cs,FALSE,,CIUDADANOS-PARTIDO DE LA CIUDADANIA,Cs,c_can_2023.pdf,compartido
autonomous_2023_05,2023,Parlamento de Cantabria,Cantabria,Cantabria,28,DEMETRIO GARCÍA VEGAS,Hombre,TRUE,FALSE,Cs,FALSE,,CIUDADANOS-PARTIDO DE LA CIUDADANIA,Cs,c_can_2023.pdf,compartido
autonomous_2023_05,2023,Parlamento de Cantabria,Cantabria,Cantabria,29,MARÍA PELAYO GUTIÉRREZ,Mujer,TRUE,FALSE,Cs,FALSE,,CIUDADANOS-PARTIDO DE LA CIUDADANIA,Cs,c_can_2023.pdf,compartido
autonomous_2023_05,2023,Parlamento de Cantabria,Cantabria,Cantabria,30,JOSÉ MANUEL GÓMEZ EGUREN,Hombre,TRUE,FALSE,Cs,FALSE,,CIUDADANOS-PARTIDO DE LA CIUDADANIA,Cs,c_can_2023.pdf,compartido
autonomous_2023_05,2023,Parlamento de Cantabria,Cantabria,Cantabria,31,MARÍA CORAL FERNÁNDEZ MOLINO,Mujer,TRUE,FALSE,Cs,FALSE,,CIUDADANOS-PARTIDO DE LA CIUDADANIA,Cs,c_can_2023.pdf,compartido
autonomous_2023_05,2023,Parlamento de Cantabria,Cantabria,Cantabria,32,BENITO SANZ TIRILONTE,Hombre,TRUE,FALSE,Cs,FALSE,,CIUDADANOS-PARTIDO DE LA CIUDADANIA,Cs,c_can_2023.pdf,compartido
autonomous_2023_05,2023,Parlamento de Cantabria,Cantabria,Cantabria,33,GLORIA MEDINA CORNEJO,Mujer,TRUE,FALSE,Cs,FALSE,,CIUDADANOS-PARTIDO DE LA CIUDADANIA,Cs,c_can_2023.pdf,compartido
autonomous_2023_05,2023,Parlamento de Cantabria,Cantabria,Cantabria,34,RAFAEL SEBRANGO MORATINOS,Hombre,TRUE,FALSE,Cs,FALSE,,CIUDADANOS-PARTIDO DE LA CIUDADANIA,Cs,c_can_2023.pdf,compartido
autonomous_2023_05,2023,Parlamento de Cantabria,Cantabria,Cantabria,35,VIRGINIA CABALLERO GONZÁLEZ,Mujer,TRUE,FALSE,Cs,FALSE,,CIUDADANOS-PARTIDO DE LA CIUDADANIA,Cs,c_can_2023.pdf,compartido
autonomous_2023_05,2023,Parlamento de Cantabria,Cantabria,Cantabria,1,MANUEL ÁNGEL ÁLVAREZ FERNÁNDEZ,Hombre,FALSE,FALSE,Cs,FALSE,,CIUDADANOS-PARTIDO DE LA CIUDADANIA,Cs,c_can_2023.pdf,compartido
autonomous_2023_05,2023,Parlamento de Cantabria,Cantabria,Cantabria,2,ANA HELGUERA RODRÍGUEZ,Mujer,FALSE,FALSE,Cs,FALSE,,CIUDADANOS-PARTIDO DE LA CIUDADANIA,Cs,c_can_2023.pdf,compartido
autonomous_2023_05,2023,Parlamento de Cantabria,Cantabria,Cantabria,3,ÓSCAR RICONDO LLAGUNO,Hombre,FALSE,FALSE,Cs,FALSE,,CIUDADANOS-PARTIDO DE LA CIUDADANIA,Cs,c_can_2023.pdf,compartido
autonomous_2023_05,2023,Parlamento de Cantabria,Cantabria,Cantabria,4,MARÍA DEL PILAR LEZCANO CORRALES,Mujer,FALSE,FALSE,Cs,FALSE,,CIUDADANOS-PARTIDO DE LA CIUDADANIA,Cs,c_can_2023.pdf,compartido
autonomous_2023_05,2023,Parlamento de Cantabria,Cantabria,Cantabria,5,DAVID REIGADAS LAVÍN,Hombre,FALSE,FALSE,Cs,FALSE,,CIUDADANOS-PARTIDO DE LA CIUDADANIA,Cs,c_can_2023.pdf,compartido
autonomous_2023_05,2023,Corts Valencianes,Comunidad Valenciana,Castellón,1,EDUARDO DEL POZO QUEROL,Hombre,TRUE,FALSE,Cs,FALSE,,CIUDADANOS-PARTIDO DE LA CIU-,,c_val_2023.pdf,dirigido:candnum
autonomous_2023_05,2023,Corts Valencianes,Comunidad Valenciana,Castellón,2,MARIA ARACELI DE MOYA SANCHO,Mujer,TRUE,FALSE,Cs,FALSE,,CIUDADANOS-PARTIDO DE LA CIU-,,c_val_2023.pdf,dirigido:candnum
autonomous_2023_05,2023,Corts Valencianes,Comunidad Valenciana,Castellón,3,DOMINGO JOSÉ VICENT FONT,Hombre,TRUE,FALSE,Cs,FALSE,,CIUDADANOS-PARTIDO DE LA CIU-,,c_val_2023.pdf,dirigido:candnum
autonomous_2023_05,2023,Corts Valencianes,Comunidad Valenciana,Castellón,4,BENJAMIN MARTI ESBRI,Hombre,TRUE,FALSE,Cs,FALSE,,CIUDADANOS-PARTIDO DE LA CIU-,,c_val_2023.pdf,dirigido:candnum
autonomous_2023_05,2023,Corts Valencianes,Comunidad Valenciana,Castellón,5,VIRGINIA BUENO ABELLAN,Mujer,TRUE,FALSE,Cs,FALSE,,CIUDADANOS-PARTIDO DE LA CIU-,,c_val_2023.pdf,dirigido:candnum
autonomous_2023_05,2023,Corts Valencianes,Comunidad Valenciana,Castellón,6,CARMEN RUBIO LÁZARO,Mujer,TRUE,FALSE,Cs,FALSE,,CIUDADANOS-PARTIDO DE LA CIU-,,c_val_2023.pdf,dirigido:candnum
autonomous_2023_05,2023,Corts Valencianes,Comunidad Valenciana,Castellón,7,JAVIER GARCIA MARTÍNEZ,Hombre,TRUE,FALSE,Cs,FALSE,,CIUDADANOS-PARTIDO DE LA CIU-,,c_val_2023.pdf,dirigido:candnum
autonomous_2023_05,2023,Corts Valencianes,Comunidad Valenciana,Castellón,8,YASMINA MULLER ZARAGOZA,Mujer,TRUE,FALSE,Cs,FALSE,,CIUDADANOS-PARTIDO DE LA CIU-,,c_val_2023.pdf,dirigido:candnum
autonomous_2023_05,2023,Corts Valencianes,Comunidad Valenciana,Castellón,9,ANGEL X. PORTOLÉS LLORENS,Hombre,TRUE,FALSE,Cs,FALSE,,CIUDADANOS-PARTIDO DE LA CIU-,,c_val_2023.pdf,dirigido:candnum
autonomous_2023_05,2023,Corts Valencianes,Comunidad Valenciana,Castellón,10,LUZ MARIA RAMOS CASAS,Mujer,TRUE,FALSE,Cs,FALSE,,CIUDADANOS-PARTIDO DE LA CIU-,,c_val_2023.pdf,dirigido:candnum
autonomous_2023_05,2023,Corts Valencianes,Comunidad Valenciana,Castellón,11,MANUEL HERNANDEZ GOMEZ,Hombre,TRUE,FALSE,Cs,FALSE,,CIUDADANOS-PARTIDO DE LA CIU-,,c_val_2023.pdf,dirigido:candnum
autonomous_2023_05,2023,Corts Valencianes,Comunidad Valenciana,Castellón,12,MARI CIELO LEIROS OTERO,Mujer,TRUE,FALSE,Cs,FALSE,,CIUDADANOS-PARTIDO DE LA CIU-,,c_val_2023.pdf,dirigido:candnum
autonomous_2023_05,2023,Corts Valencianes,Comunidad Valenciana,Castellón,13,FEDERICO R. BALAGUER BROCH,Hombre,TRUE,FALSE,Cs,FALSE,,CIUDADANOS-PARTIDO DE LA CIU-,,c_val_2023.pdf,dirigido:candnum
autonomous_2023_05,2023,Corts Valencianes,Comunidad Valenciana,Castellón,14,CRISTINA C. MARCELO BORT,Mujer,TRUE,FALSE,Cs,FALSE,,CIUDADANOS-PARTIDO DE LA CIU-,,c_val_2023.pdf,dirigido:candnum
autonomous_2023_05,2023,Corts Valencianes,Comunidad Valenciana,Castellón,15,DAVID TENA BELTRÁN,Hombre,TRUE,FALSE,Cs,FALSE,,CIUDADANOS-PARTIDO DE LA CIU-,,c_val_2023.pdf,dirigido:candnum
autonomous_2023_05,2023,Corts Valencianes,Comunidad Valenciana,Castellón,16,ALBA VERA MARTÍNEZ,Mujer,TRUE,FALSE,Cs,FALSE,,CIUDADANOS-PARTIDO DE LA CIU-,,c_val_2023.pdf,dirigido:candnum
autonomous_2023_05,2023,Corts Valencianes,Comunidad Valenciana,Castellón,17,JOSE MARTÍ NICOLAU,Hombre,TRUE,FALSE,Cs,FALSE,,CIUDADANOS-PARTIDO DE LA CIU-,,c_val_2023.pdf,dirigido:candnum
autonomous_2023_05,2023,Corts Valencianes,Comunidad Valenciana,Castellón,18,Mª ALEJANDRA RAMIREZ ANTÓN,Mujer,TRUE,FALSE,Cs,FALSE,,CIUDADANOS-PARTIDO DE LA CIU-,,c_val_2023.pdf,dirigido:candnum
autonomous_2023_05,2023,Corts Valencianes,Comunidad Valenciana,Castellón,19,JOSE DANIEL LAZARO VIEJO,Hombre,TRUE,FALSE,Cs,FALSE,,CIUDADANOS-PARTIDO DE LA CIU-,,c_val_2023.pdf,dirigido:candnum
autonomous_2023_05,2023,Corts Valencianes,Comunidad Valenciana,Castellón,20,LIDIA GUILLAMÓN FOLCH,Mujer,TRUE,FALSE,Cs,FALSE,,CIUDADANOS-PARTIDO DE LA CIU-,,c_val_2023.pdf,dirigido:candnum
autonomous_2023_05,2023,Corts Valencianes,Comunidad Valenciana,Castellón,21,JUAN LÓPEZ TARJUELO,Hombre,TRUE,FALSE,Cs,FALSE,,CIUDADANOS-PARTIDO DE LA CIU-,,c_val_2023.pdf,dirigido:candnum
autonomous_2023_05,2023,Corts Valencianes,Comunidad Valenciana,Castellón,22,NATALIA GIL SALES,Mujer,TRUE,FALSE,Cs,FALSE,,CIUDADANOS-PARTIDO DE LA CIU-,,c_val_2023.pdf,dirigido:candnum
autonomous_2023_05,2023,Corts Valencianes,Comunidad Valenciana,Castellón,23,ADRIÁN CORTÉS BENITEZ,Hombre,TRUE,FALSE,Cs,FALSE,,CIUDADANOS-PARTIDO DE LA CIU-,,c_val_2023.pdf,dirigido:candnum
autonomous_2023_05,2023,Corts Valencianes,Comunidad Valenciana,Castellón,24,ANTONIA MONFORT GUILLAMÓN,Mujer,TRUE,FALSE,Cs,FALSE,,CIUDADANOS-PARTIDO DE LA CIU-,,c_val_2023.pdf,dirigido:candnum
autonomous_2023_05,2023,Corts Valencianes,Comunidad Valenciana,Castellón,1,ALBERTO ADSUARA BUEDO,Hombre,FALSE,FALSE,Cs,FALSE,,CIUDADANOS-PARTIDO DE LA CIU-,,c_val_2023.pdf,dirigido:candnum
autonomous_2023_05,2023,Corts Valencianes,Comunidad Valenciana,Castellón,2,MARI CARMEN PÉREZ DAS,Mujer,FALSE,FALSE,Cs,FALSE,,CIUDADANOS-PARTIDO DE LA CIU-,,c_val_2023.pdf,dirigido:candnum
autonomous_2023_05,2023,Corts Valencianes,Comunidad Valenciana,Castellón,3,VICENTE JESUS SOLER SANCHIS,Hombre,FALSE,FALSE,Cs,FALSE,,CIUDADANOS-PARTIDO DE LA CIU-,,c_val_2023.pdf,dirigido:candnum
autonomous_2023_05,2023,Junta General del Principado de Asturias,Asturias,Centro,1,Manuel Venancio Iñarra Fernández,Hombre,TRUE,FALSE,Cs,FALSE,,CIUDADANOS-PARTIDO DE LA CIUDADANIA,Cs,jec_ast_2023.pdf,compartido
autonomous_2023_05,2023,Junta General del Principado de Asturias,Asturias,Centro,2,Luis Carlos Fanjul Viña,Hombre,TRUE,FALSE,Cs,FALSE,,CIUDADANOS-PARTIDO DE LA CIUDADANIA,Cs,jec_ast_2023.pdf,compartido
autonomous_2023_05,2023,Junta General del Principado de Asturias,Asturias,Centro,3,Mónica Suárez Vázquez,Mujer,TRUE,FALSE,Cs,FALSE,,CIUDADANOS-PARTIDO DE LA CIUDADANIA,Cs,jec_ast_2023.pdf,compartido
autonomous_2023_05,2023,Junta General del Principado de Asturias,Asturias,Centro,4,Salvador Pereira Fuentes,Hombre,TRUE,FALSE,Cs,FALSE,,CIUDADANOS-PARTIDO DE LA CIUDADANIA,Cs,jec_ast_2023.pdf,compartido
autonomous_2023_05,2023,Junta General del Principado de Asturias,Asturias,Centro,5,Olga Ramona Gutiérrez González,Mujer,TRUE,FALSE,Cs,FALSE,,CIUDADANOS-PARTIDO DE LA CIUDADANIA,Cs,jec_ast_2023.pdf,compartido
autonomous_2023_05,2023,Junta General del Principado de Asturias,Asturias,Centro,6,Francisco Javier Alexandre Hurlé,Hombre,TRUE,FALSE,Cs,FALSE,,CIUDADANOS-PARTIDO DE LA CIUDADANIA,Cs,jec_ast_2023.pdf,compartido
autonomous_2023_05,2023,Junta General del Principado de Asturias,Asturias,Centro,7,Macarena Fernández Millán,Mujer,TRUE,FALSE,Cs,FALSE,,CIUDADANOS-PARTIDO DE LA CIUDADANIA,Cs,jec_ast_2023.pdf,compartido
autonomous_2023_05,2023,Junta General del Principado de Asturias,Asturias,Centro,8,Eloy Eyaralar Baizán,Hombre,TRUE,FALSE,Cs,FALSE,,CIUDADANOS-PARTIDO DE LA CIUDADANIA,Cs,jec_ast_2023.pdf,compartido
autonomous_2023_05,2023,Junta General del Principado de Asturias,Asturias,Centro,9,Camila Paz Bernales Hernández,Mujer,TRUE,FALSE,Cs,FALSE,,CIUDADANOS-PARTIDO DE LA CIUDADANIA,Cs,jec_ast_2023.pdf,compartido
autonomous_2023_05,2023,Junta General del Principado de Asturias,Asturias,Centro,10,José Luis Junquera Álvarez,Hombre,TRUE,FALSE,Cs,FALSE,,CIUDADANOS-PARTIDO DE LA CIUDADANIA,Cs,jec_ast_2023.pdf,compartido
autonomous_2023_05,2023,Junta General del Principado de Asturias,Asturias,Centro,11,Marcial Casares Vivas,Hombre,TRUE,FALSE,Cs,FALSE,,CIUDADANOS-PARTIDO DE LA CIUDADANIA,Cs,jec_ast_2023.pdf,compartido
autonomous_2023_05,2023,Junta General del Principado de Asturias,Asturias,Centro,12,Eustasio Del Reguero Jiménez,Hombre,TRUE,FALSE,Cs,FALSE,,CIUDADANOS-PARTIDO DE LA CIUDADANIA,Cs,jec_ast_2023.pdf,compartido
autonomous_2023_05,2023,Junta General del Principado de Asturias,Asturias,Centro,13,Miriam Ruiz González,Mujer,TRUE,FALSE,Cs,FALSE,,CIUDADANOS-PARTIDO DE LA CIUDADANIA,Cs,jec_ast_2023.pdf,compartido
autonomous_2023_05,2023,Junta General del Principado de Asturias,Asturias,Centro,14,Jaime Fernández Alonso,Hombre,TRUE,FALSE,Cs,FALSE,,CIUDADANOS-PARTIDO DE LA CIUDADANIA,Cs,jec_ast_2023.pdf,compartido
autonomous_2023_05,2023,Junta General del Principado de Asturias,Asturias,Centro,15,Ana Reguero Blanco,Mujer,TRUE,FALSE,Cs,FALSE,,CIUDADANOS-PARTIDO DE LA CIUDADANIA,Cs,jec_ast_2023.pdf,compartido
autonomous_2023_05,2023,Junta General del Principado de Asturias,Asturias,Centro,16,Sergio Manuel Vallina Fernández,Hombre,TRUE,FALSE,Cs,FALSE,,CIUDADANOS-PARTIDO DE LA CIUDADANIA,Cs,jec_ast_2023.pdf,compartido
autonomous_2023_05,2023,Junta General del Principado de Asturias,Asturias,Centro,17,Juan Bautista Vázquez Coya,Hombre,TRUE,FALSE,Cs,FALSE,,CIUDADANOS-PARTIDO DE LA CIUDADANIA,Cs,jec_ast_2023.pdf,compartido
autonomous_2023_05,2023,Junta General del Principado de Asturias,Asturias,Centro,18,Roberto Fernández Álvarez,Hombre,TRUE,FALSE,Cs,FALSE,,CIUDADANOS-PARTIDO DE LA CIUDADANIA,Cs,jec_ast_2023.pdf,compartido
autonomous_2023_05,2023,Junta General del Principado de Asturias,Asturias,Centro,19,Silvia María Auxiliadora Álvarez Sánchez,Mujer,TRUE,FALSE,Cs,FALSE,,CIUDADANOS-PARTIDO DE LA CIUDADANIA,Cs,jec_ast_2023.pdf,compartido
autonomous_2023_05,2023,Junta General del Principado de Asturias,Asturias,Centro,20,María Victoria Ribado García,Mujer,TRUE,FALSE,Cs,FALSE,,CIUDADANOS-PARTIDO DE LA CIUDADANIA,Cs,jec_ast_2023.pdf,compartido
autonomous_2023_05,2023,Junta General del Principado de Asturias,Asturias,Centro,21,Juan Guillermo Zapata Orozco,Hombre,TRUE,FALSE,Cs,FALSE,,CIUDADANOS-PARTIDO DE LA CIUDADANIA,Cs,jec_ast_2023.pdf,compartido
autonomous_2023_05,2023,Junta General del Principado de Asturias,Asturias,Centro,22,Hilario Orviz Fernández,Hombre,TRUE,FALSE,Cs,FALSE,,CIUDADANOS-PARTIDO DE LA CIUDADANIA,Cs,jec_ast_2023.pdf,compartido
autonomous_2023_05,2023,Junta General del Principado de Asturias,Asturias,Centro,23,Claudia Hevia Arias,Mujer,TRUE,FALSE,Cs,FALSE,,CIUDADANOS-PARTIDO DE LA CIUDADANIA,Cs,jec_ast_2023.pdf,compartido
autonomous_2023_05,2023,Junta General del Principado de Asturias,Asturias,Centro,24,Javier Chicharro Rodríguez,Hombre,TRUE,FALSE,Cs,FALSE,,CIUDADANOS-PARTIDO DE LA CIUDADANIA,Cs,jec_ast_2023.pdf,compartido
autonomous_2023_05,2023,Junta General del Principado de Asturias,Asturias,Centro,25,Laura Valledor Álvarez,Mujer,TRUE,FALSE,Cs,FALSE,,CIUDADANOS-PARTIDO DE LA CIUDADANIA,Cs,jec_ast_2023.pdf,compartido
autonomous_2023_05,2023,Junta General del Principado de Asturias,Asturias,Centro,26,Omar Fernández Fernández SUPLEMENTO AL núm. 82 de 2-v-2023,Hombre,TRUE,FALSE,Cs,FALSE,,CIUDADANOS-PARTIDO DE LA CIUDADANIA,Cs,jec_ast_2023.pdf,compartido
autonomous_2023_05,2023,Junta General del Principado de Asturias,Asturias,Centro,27,María del Carmen Ferreras Ponga,Mujer,TRUE,FALSE,Cs,FALSE,,CIUDADANOS-PARTIDO DE LA CIUDADANIA,Cs,jec_ast_2023.pdf,compartido
autonomous_2023_05,2023,Junta General del Principado de Asturias,Asturias,Centro,28,Gonzalo García González de Lena,Hombre,TRUE,FALSE,Cs,FALSE,,CIUDADANOS-PARTIDO DE LA CIUDADANIA,Cs,jec_ast_2023.pdf,compartido
autonomous_2023_05,2023,Junta General del Principado de Asturias,Asturias,Centro,29,Virginia Ruisánchez Acebal,Mujer,TRUE,FALSE,Cs,FALSE,,CIUDADANOS-PARTIDO DE LA CIUDADANIA,Cs,jec_ast_2023.pdf,compartido
autonomous_2023_05,2023,Junta General del Principado de Asturias,Asturias,Centro,30,Hugo Linde Casaprima,Hombre,TRUE,FALSE,Cs,FALSE,,CIUDADANOS-PARTIDO DE LA CIUDADANIA,Cs,jec_ast_2023.pdf,compartido
autonomous_2023_05,2023,Junta General del Principado de Asturias,Asturias,Centro,31,Iván Sariego Alonso,Hombre,TRUE,FALSE,Cs,FALSE,,CIUDADANOS-PARTIDO DE LA CIUDADANIA,Cs,jec_ast_2023.pdf,compartido
autonomous_2023_05,2023,Junta General del Principado de Asturias,Asturias,Centro,32,Almevina Rodríguez Pérez,,TRUE,FALSE,Cs,FALSE,,CIUDADANOS-PARTIDO DE LA CIUDADANIA,Cs,jec_ast_2023.pdf,compartido
autonomous_2023_05,2023,Junta General del Principado de Asturias,Asturias,Centro,33,Ignacio Morán García,Hombre,TRUE,FALSE,Cs,FALSE,,CIUDADANOS-PARTIDO DE LA CIUDADANIA,Cs,jec_ast_2023.pdf,compartido
autonomous_2023_05,2023,Junta General del Principado de Asturias,Asturias,Centro,34,Iryna Yaguzhynska Shilo,Mujer,TRUE,FALSE,Cs,FALSE,,CIUDADANOS-PARTIDO DE LA CIUDADANIA,Cs,jec_ast_2023.pdf,compartido
autonomous_2023_05,2023,Junta General del Principado de Asturias,Asturias,Centro,1,Eduardo José Panizo Gómez,Hombre,FALSE,FALSE,Cs,FALSE,,CIUDADANOS-PARTIDO DE LA CIUDADANIA,Cs,jec_ast_2023.pdf,compartido
autonomous_2023_05,2023,Junta General del Principado de Asturias,Asturias,Centro,2,Juana Portela Esteban,Mujer,FALSE,FALSE,Cs,FALSE,,CIUDADANOS-PARTIDO DE LA CIUDADANIA,Cs,jec_ast_2023.pdf,compartido
autonomous_2023_05,2023,Junta General del Principado de Asturias,Asturias,Centro,3,David López Fernández,Hombre,FALSE,FALSE,Cs,FALSE,,CIUDADANOS-PARTIDO DE LA CIUDADANIA,Cs,jec_ast_2023.pdf,compartido
autonomous_2023_05,2023,Asamblea de Ceuta,Ceuta,Ceuta,1,JAVIER VARGA PECHARROMÁN,Hombre,TRUE,FALSE,Cs,FALSE,,CIUDADANOS-PARTIDO DE LA CIUDADANIA,Cs,c_ceu_2023.pdf,compartido
autonomous_2023_05,2023,Asamblea de Ceuta,Ceuta,Ceuta,2,MARÍA DAVINIA MORENO RUIZ,Mujer,TRUE,FALSE,Cs,FALSE,,CIUDADANOS-PARTIDO DE LA CIUDADANIA,Cs,c_ceu_2023.pdf,compartido
autonomous_2023_05,2023,Asamblea de Ceuta,Ceuta,Ceuta,3,ALBERTO JESÚS GARCÍA PARDO DELGADO,Hombre,TRUE,FALSE,Cs,FALSE,,CIUDADANOS-PARTIDO DE LA CIUDADANIA,Cs,c_ceu_2023.pdf,compartido
autonomous_2023_05,2023,Asamblea de Ceuta,Ceuta,Ceuta,4,INMACULADA LECHADO RULL,Mujer,TRUE,FALSE,Cs,FALSE,,CIUDADANOS-PARTIDO DE LA CIUDADANIA,Cs,c_ceu_2023.pdf,compartido
autonomous_2023_05,2023,Asamblea de Ceuta,Ceuta,Ceuta,5,IVÁN ALBERTO MEJÍA GARCÍA-PARDO,Hombre,TRUE,FALSE,Cs,FALSE,,CIUDADANOS-PARTIDO DE LA CIUDADANIA,Cs,c_ceu_2023.pdf,compartido
autonomous_2023_05,2023,Asamblea de Ceuta,Ceuta,Ceuta,6,MUNIR EL HICHOU ABSELAM,Hombre,TRUE,FALSE,Cs,FALSE,,CIUDADANOS-PARTIDO DE LA CIUDADANIA,Cs,c_ceu_2023.pdf,compartido
autonomous_2023_05,2023,Asamblea de Ceuta,Ceuta,Ceuta,7,ANA MARÍA DÍAZ JIMÉNEZ,Mujer,TRUE,FALSE,Cs,FALSE,,CIUDADANOS-PARTIDO DE LA CIUDADANIA,Cs,c_ceu_2023.pdf,compartido
autonomous_2023_05,2023,Asamblea de Ceuta,Ceuta,Ceuta,8,LUIS SANTOS NÚÑEZ,Hombre,TRUE,FALSE,Cs,FALSE,,CIUDADANOS-PARTIDO DE LA CIUDADANIA,Cs,c_ceu_2023.pdf,compartido
autonomous_2023_05,2023,Asamblea de Ceuta,Ceuta,Ceuta,9,MARÍA YESSICA DE TORRES GÓMEZ,Mujer,TRUE,FALSE,Cs,FALSE,,CIUDADANOS-PARTIDO DE LA CIUDADANIA,Cs,c_ceu_2023.pdf,compartido
autonomous_2023_05,2023,Asamblea de Ceuta,Ceuta,Ceuta,10,MARÍA DEL CARMEN JIMENA TRILLO,Mujer,TRUE,FALSE,Cs,FALSE,,CIUDADANOS-PARTIDO DE LA CIUDADANIA,Cs,c_ceu_2023.pdf,compartido
autonomous_2023_05,2023,Asamblea de Ceuta,Ceuta,Ceuta,11,ELISABET LEÓN TRILLO,Mujer,TRUE,FALSE,Cs,FALSE,,CIUDADANOS-PARTIDO DE LA CIUDADANIA,Cs,c_ceu_2023.pdf,compartido
autonomous_2023_05,2023,Asamblea de Ceuta,Ceuta,Ceuta,12,ASCENSIÓN ORTEGA ESPÍNOLA,Mujer,TRUE,FALSE,Cs,FALSE,,CIUDADANOS-PARTIDO DE LA CIUDADANIA,Cs,c_ceu_2023.pdf,compartido
autonomous_2023_05,2023,Asamblea de Ceuta,Ceuta,Ceuta,13,JOSÉ ANTONIO CARBONELL BUZZIAM,Hombre,TRUE,FALSE,Cs,FALSE,,CIUDADANOS-PARTIDO DE LA CIUDADANIA,Cs,c_ceu_2023.pdf,compartido
autonomous_2023_05,2023,Asamblea de Ceuta,Ceuta,Ceuta,14,MARTA DE TORRES GÓMEZ,Mujer,TRUE,FALSE,Cs,FALSE,,CIUDADANOS-PARTIDO DE LA CIUDADANIA,Cs,c_ceu_2023.pdf,compartido
autonomous_2023_05,2023,Asamblea de Ceuta,Ceuta,Ceuta,15,MANUEL MÁRQUEZ GARRIDO,Hombre,TRUE,FALSE,Cs,FALSE,,CIUDADANOS-PARTIDO DE LA CIUDADANIA,Cs,c_ceu_2023.pdf,compartido
autonomous_2023_05,2023,Asamblea de Ceuta,Ceuta,Ceuta,16,FRANCISCA MUÑOZ CAMPANO,Mujer,TRUE,FALSE,Cs,FALSE,,CIUDADANOS-PARTIDO DE LA CIUDADANIA,Cs,c_ceu_2023.pdf,compartido
autonomous_2023_05,2023,Asamblea de Ceuta,Ceuta,Ceuta,17,MARÍA JOSEFA RUIZ CRESPO,Mujer,TRUE,FALSE,Cs,FALSE,,CIUDADANOS-PARTIDO DE LA CIUDADANIA,Cs,c_ceu_2023.pdf,compartido
autonomous_2023_05,2023,Asamblea de Ceuta,Ceuta,Ceuta,18,JOSÉ MANUEL GÓMEZ LOZANO,Hombre,TRUE,FALSE,Cs,FALSE,,CIUDADANOS-PARTIDO DE LA CIUDADANIA,Cs,c_ceu_2023.pdf,compartido
autonomous_2023_05,2023,Asamblea de Ceuta,Ceuta,Ceuta,19,GABRIEL CANO CASTRO,Hombre,TRUE,FALSE,Cs,FALSE,,CIUDADANOS-PARTIDO DE LA CIUDADANIA,Cs,c_ceu_2023.pdf,compartido
autonomous_2023_05,2023,Asamblea de Ceuta,Ceuta,Ceuta,20,PATRICIA GARCÍA PARDO ZUBIAURRE,Mujer,TRUE,FALSE,Cs,FALSE,,CIUDADANOS-PARTIDO DE LA CIUDADANIA,Cs,c_ceu_2023.pdf,compartido
autonomous_2023_05,2023,Asamblea de Ceuta,Ceuta,Ceuta,21,CARLOS LUIS CÁMARA MARTÍN,Hombre,TRUE,FALSE,Cs,FALSE,,CIUDADANOS-PARTIDO DE LA CIUDADANIA,Cs,c_ceu_2023.pdf,compartido
autonomous_2023_05,2023,Asamblea de Ceuta,Ceuta,Ceuta,22,ANA AURORA TORMOS MARTÍNEZ,Mujer,TRUE,FALSE,Cs,FALSE,,CIUDADANOS-PARTIDO DE LA CIUDADANIA,Cs,c_ceu_2023.pdf,compartido
autonomous_2023_05,2023,Asamblea de Ceuta,Ceuta,Ceuta,23,JOSÉ LUIS GÓMEZ SANJUAN,Hombre,TRUE,FALSE,Cs,FALSE,,CIUDADANOS-PARTIDO DE LA CIUDADANIA,Cs,c_ceu_2023.pdf,compartido
autonomous_2023_05,2023,Asamblea de Ceuta,Ceuta,Ceuta,24,DIEGO LUIS FERNÁNDEZ VÁZQUEZ,Hombre,TRUE,FALSE,Cs,FALSE,,CIUDADANOS-PARTIDO DE LA CIUDADANIA,Cs,c_ceu_2023.pdf,compartido
autonomous_2023_05,2023,Asamblea de Ceuta,Ceuta,Ceuta,25,KARIMA AOMAR DADI,Mujer,TRUE,FALSE,Cs,FALSE,,CIUDADANOS-PARTIDO DE LA CIUDADANIA,Cs,c_ceu_2023.pdf,compartido
autonomous_2023_05,2023,Parlamento de Canarias,Canarias,Circunscripción autonómica,1,MANUEL DE PRADO ORDAS,Hombre,TRUE,FALSE,Cs,FALSE,,CIUDADANOS-PARTIDO DE LA CIUDADANIA,,https://www.parcan.es/elecciones/2023/candidaturas/ca/,parcan
autonomous_2023_05,2023,Parlamento de Canarias,Canarias,Circunscripción autonómica,2,JENNIFER LUIS GARCÍA,Mujer,TRUE,FALSE,Cs,FALSE,,CIUDADANOS-PARTIDO DE LA CIUDADANIA,,https://www.parcan.es/elecciones/2023/candidaturas/ca/,parcan
autonomous_2023_05,2023,Parlamento de Canarias,Canarias,Circunscripción autonómica,3,JUAN FALCÓN HERNÁNDEZ,Hombre,TRUE,FALSE,Cs,FALSE,,CIUDADANOS-PARTIDO DE LA CIUDADANIA,,https://www.parcan.es/elecciones/2023/candidaturas/ca/,parcan
autonomous_2023_05,2023,Parlamento de Canarias,Canarias,Circunscripción autonómica,4,MARÍA ÁNGELES RODRÍGUEZ FERNÁNDEZ,Mujer,TRUE,FALSE,Cs,FALSE,,CIUDADANOS-PARTIDO DE LA CIUDADANIA,,https://www.parcan.es/elecciones/2023/candidaturas/ca/,parcan
autonomous_2023_05,2023,Parlamento de Canarias,Canarias,Circunscripción autonómica,5,ÍÑIGO INCHAUSTI SANGRONIZ,Hombre,TRUE,FALSE,Cs,FALSE,,CIUDADANOS-PARTIDO DE LA CIUDADANIA,,https://www.parcan.es/elecciones/2023/candidaturas/ca/,parcan
autonomous_2023_05,2023,Parlamento de Canarias,Canarias,Circunscripción autonómica,6,AMANDA MORENO VEGA,Mujer,TRUE,FALSE,Cs,FALSE,,CIUDADANOS-PARTIDO DE LA CIUDADANIA,,https://www.parcan.es/elecciones/2023/candidaturas/ca/,parcan
autonomous_2023_05,2023,Parlamento de Canarias,Canarias,Circunscripción autonómica,7,JOSÉ LUIS HERNÁNDEZ LÓPEZ,Hombre,TRUE,FALSE,Cs,FALSE,,CIUDADANOS-PARTIDO DE LA CIUDADANIA,,https://www.parcan.es/elecciones/2023/candidaturas/ca/,parcan
autonomous_2023_05,2023,Parlamento de Canarias,Canarias,Circunscripción autonómica,8,GABY HURACAYA ROJAS,,TRUE,FALSE,Cs,FALSE,,CIUDADANOS-PARTIDO DE LA CIUDADANIA,,https://www.parcan.es/elecciones/2023/candidaturas/ca/,parcan
autonomous_2023_05,2023,Parlamento de Canarias,Canarias,Circunscripción autonómica,9,EPIFANIO JUAN HERNÁNDEZ LÓPEZ,Hombre,TRUE,FALSE,Cs,FALSE,,CIUDADANOS-PARTIDO DE LA CIUDADANIA,,https://www.parcan.es/elecciones/2023/candidaturas/ca/,parcan
autonomous_2023_05,2023,Parlamento de Canarias,Canarias,Circunscripción autonómica,1,CELENE MARISOL GARCÍA ORAMAS,Mujer,FALSE,FALSE,Cs,FALSE,,CIUDADANOS-PARTIDO DE LA CIUDADANIA,,https://www.parcan.es/elecciones/2023/candidaturas/ca/,parcan
autonomous_2023_05,2023,Parlamento de Canarias,Canarias,Circunscripción autonómica,2,SEGUNDO GARCÍA NOTEBAERT,Hombre,FALSE,FALSE,Cs,FALSE,,CIUDADANOS-PARTIDO DE LA CIUDADANIA,,https://www.parcan.es/elecciones/2023/candidaturas/ca/,parcan
autonomous_2023_05,2023,Parlamento de Canarias,Canarias,Circunscripción autonómica,3,YAMILE PAUMIER PÉREZ,Mujer,FALSE,FALSE,Cs,FALSE,,CIUDADANOS-PARTIDO DE LA CIUDADANIA,,https://www.parcan.es/elecciones/2023/candidaturas/ca/,parcan
autonomous_2023_05,2023,Cortes de Castilla-La Mancha,Castilla-La Mancha,Ciudad Real,1,FRANCISCO SÁNCHEZ DE PEDRO,Hombre,TRUE,FALSE,Cs,FALSE,,CIUDADANOS-PARTIDO DE LA CIUDADANIA (Cs),Cs,https://elecciones2023.castillalamancha.es/candidaturas/castilla-la-mancha/ciudadanos-partido-de-la-ciudadania-cs,portal JCCM
autonomous_2023_05,2023,Cortes de Castilla-La Mancha,Castilla-La Mancha,Ciudad Real,2,JULIA MERCEDES LEAL MUÑOZ,Mujer,TRUE,FALSE,Cs,FALSE,,CIUDADANOS-PARTIDO DE LA CIUDADANIA (Cs),Cs,https://elecciones2023.castillalamancha.es/candidaturas/castilla-la-mancha/ciudadanos-partido-de-la-ciudadania-cs,portal JCCM
autonomous_2023_05,2023,Cortes de Castilla-La Mancha,Castilla-La Mancha,Ciudad Real,3,LUIS MIGUEL CIUDAD CIUDAD,Hombre,TRUE,FALSE,Cs,FALSE,,CIUDADANOS-PARTIDO DE LA CIUDADANIA (Cs),Cs,https://elecciones2023.castillalamancha.es/candidaturas/castilla-la-mancha/ciudadanos-partido-de-la-ciudadania-cs,portal JCCM
autonomous_2023_05,2023,Cortes de Castilla-La Mancha,Castilla-La Mancha,Ciudad Real,4,MARÍA TERESA VIDAL VAQUERO,Mujer,TRUE,FALSE,Cs,FALSE,,CIUDADANOS-PARTIDO DE LA CIUDADANIA (Cs),Cs,https://elecciones2023.castillalamancha.es/candidaturas/castilla-la-mancha/ciudadanos-partido-de-la-ciudadania-cs,portal JCCM
autonomous_2023_05,2023,Cortes de Castilla-La Mancha,Castilla-La Mancha,Ciudad Real,5,LUIS MENDOZA SALINAS,Hombre,TRUE,FALSE,Cs,FALSE,,CIUDADANOS-PARTIDO DE LA CIUDADANIA (Cs),Cs,https://elecciones2023.castillalamancha.es/candidaturas/castilla-la-mancha/ciudadanos-partido-de-la-ciudadania-cs,portal JCCM
autonomous_2023_05,2023,Cortes de Castilla-La Mancha,Castilla-La Mancha,Ciudad Real,6,MONTSERRAT GARCÍA MUÑOZ,Mujer,TRUE,FALSE,Cs,FALSE,,CIUDADANOS-PARTIDO DE LA CIUDADANIA (Cs),Cs,https://elecciones2023.castillalamancha.es/candidaturas/castilla-la-mancha/ciudadanos-partido-de-la-ciudadania-cs,portal JCCM
autonomous_2023_05,2023,Cortes de Castilla-La Mancha,Castilla-La Mancha,Ciudad Real,7,JULIÁN SEBASTIÁN BECERRA,Hombre,TRUE,FALSE,Cs,FALSE,,CIUDADANOS-PARTIDO DE LA CIUDADANIA (Cs),Cs,https://elecciones2023.castillalamancha.es/candidaturas/castilla-la-mancha/ciudadanos-partido-de-la-ciudadania-cs,portal JCCM
autonomous_2023_05,2023,Cortes de Castilla-La Mancha,Castilla-La Mancha,Ciudad Real,1,MARÍA DEL PILAR VALENCIA CASTILLO,Mujer,FALSE,FALSE,Cs,FALSE,,CIUDADANOS-PARTIDO DE LA CIUDADANIA (Cs),Cs,https://elecciones2023.castillalamancha.es/candidaturas/castilla-la-mancha/ciudadanos-partido-de-la-ciudadania-cs,portal JCCM
autonomous_2023_05,2023,Cortes de Castilla-La Mancha,Castilla-La Mancha,Ciudad Real,2,ALBERTANO NÚÑEZ MARTÍN,,FALSE,FALSE,Cs,FALSE,,CIUDADANOS-PARTIDO DE LA CIUDADANIA (Cs),Cs,https://elecciones2023.castillalamancha.es/candidaturas/castilla-la-mancha/ciudadanos-partido-de-la-ciudadania-cs,portal JCCM
autonomous_2023_05,2023,Cortes de Castilla-La Mancha,Castilla-La Mancha,Ciudad Real,3,MONTSERRAT FERNÁNDEZ ALONSO,Mujer,FALSE,FALSE,Cs,FALSE,,CIUDADANOS-PARTIDO DE LA CIUDADANIA (Cs),Cs,https://elecciones2023.castillalamancha.es/candidaturas/castilla-la-mancha/ciudadanos-partido-de-la-ciudadania-cs,portal JCCM
autonomous_2023_05,2023,Cortes de Castilla-La Mancha,Castilla-La Mancha,Cuenca,1,MIGUEL ANGEL BOLLO PADRON,Hombre,TRUE,FALSE,Cs,FALSE,,CIUDADANOS-PARTIDO DE LA CIUDADANIA (Cs),Cs,https://elecciones2023.castillalamancha.es/candidaturas/castilla-la-mancha/ciudadanos-partido-de-la-ciudadania-cs,portal JCCM
autonomous_2023_05,2023,Cortes de Castilla-La Mancha,Castilla-La Mancha,Cuenca,2,AURORA GABALDON GUERRERO,Mujer,TRUE,FALSE,Cs,FALSE,,CIUDADANOS-PARTIDO DE LA CIUDADANIA (Cs),Cs,https://elecciones2023.castillalamancha.es/candidaturas/castilla-la-mancha/ciudadanos-partido-de-la-ciudadania-cs,portal JCCM
autonomous_2023_05,2023,Cortes de Castilla-La Mancha,Castilla-La Mancha,Cuenca,3,ISIDRO MARIN CEJALVO,Hombre,TRUE,FALSE,Cs,FALSE,,CIUDADANOS-PARTIDO DE LA CIUDADANIA (Cs),Cs,https://elecciones2023.castillalamancha.es/candidaturas/castilla-la-mancha/ciudadanos-partido-de-la-ciudadania-cs,portal JCCM
autonomous_2023_05,2023,Cortes de Castilla-La Mancha,Castilla-La Mancha,Cuenca,4,MARIA DEL PILAR CAVERO HARO,Mujer,TRUE,FALSE,Cs,FALSE,,CIUDADANOS-PARTIDO DE LA CIUDADANIA (Cs),Cs,https://elecciones2023.castillalamancha.es/candidaturas/castilla-la-mancha/ciudadanos-partido-de-la-ciudadania-cs,portal JCCM
autonomous_2023_05,2023,Cortes de Castilla-La Mancha,Castilla-La Mancha,Cuenca,5,ANGEL LLORENS ZAFRA,Hombre,TRUE,FALSE,Cs,FALSE,,CIUDADANOS-PARTIDO DE LA CIUDADANIA (Cs),Cs,https://elecciones2023.castillalamancha.es/candidaturas/castilla-la-mancha/ciudadanos-partido-de-la-ciudadania-cs,portal JCCM
autonomous_2023_05,2023,Cortes de Castilla-La Mancha,Castilla-La Mancha,Cuenca,1,EVA MARIA SOLIVA FERNANDEZ,Mujer,FALSE,FALSE,Cs,FALSE,,CIUDADANOS-PARTIDO DE LA CIUDADANIA (Cs),Cs,https://elecciones2023.castillalamancha.es/candidaturas/castilla-la-mancha/ciudadanos-partido-de-la-ciudadania-cs,portal JCCM
autonomous_2023_05,2023,Cortes de Castilla-La Mancha,Castilla-La Mancha,Cuenca,2,ADOLFO FERNANDEZ GRIMALDOS,Hombre,FALSE,FALSE,Cs,FALSE,,CIUDADANOS-PARTIDO DE LA CIUDADANIA (Cs),Cs,https://elecciones2023.castillalamancha.es/candidaturas/castilla-la-mancha/ciudadanos-partido-de-la-ciudadania-cs,portal JCCM
autonomous_2023_05,2023,Asamblea de Extremadura,Extremadura,Cáceres,1,María Encarnación Martín Andrada,Mujer,TRUE,FALSE,Cs,FALSE,,CIUDADANOS-PARTIDO DE LA CIUDADANIA,Cs,jec_ext_2023_cc.pdf,compartido
autonomous_2023_05,2023,Asamblea de Extremadura,Extremadura,Cáceres,2,Patricia Meana Díaz,Mujer,TRUE,FALSE,Cs,FALSE,,CIUDADANOS-PARTIDO DE LA CIUDADANIA,Cs,jec_ext_2023_cc.pdf,compartido
autonomous_2023_05,2023,Asamblea de Extremadura,Extremadura,Cáceres,3,Miguel Ángel Julián Martín,Hombre,TRUE,FALSE,Cs,FALSE,,CIUDADANOS-PARTIDO DE LA CIUDADANIA,Cs,jec_ext_2023_cc.pdf,compartido
autonomous_2023_05,2023,Asamblea de Extremadura,Extremadura,Cáceres,4,Marcos Sánchez Rubio,Hombre,TRUE,FALSE,Cs,FALSE,,CIUDADANOS-PARTIDO DE LA CIUDADANIA,Cs,jec_ext_2023_cc.pdf,compartido
autonomous_2023_05,2023,Asamblea de Extremadura,Extremadura,Cáceres,5,Francisco Piñero Lemus,Hombre,TRUE,FALSE,Cs,FALSE,,CIUDADANOS-PARTIDO DE LA CIUDADANIA,Cs,jec_ext_2023_cc.pdf,compartido
autonomous_2023_05,2023,Asamblea de Extremadura,Extremadura,Cáceres,6,Ángel Luis Casado Vadillo,Hombre,TRUE,FALSE,Cs,FALSE,,CIUDADANOS-PARTIDO DE LA CIUDADANIA,Cs,jec_ext_2023_cc.pdf,compartido
autonomous_2023_05,2023,Asamblea de Extremadura,Extremadura,Cáceres,7,María Esperanza Mayero Sánchez,Mujer,TRUE,FALSE,Cs,FALSE,,CIUDADANOS-PARTIDO DE LA CIUDADANIA,Cs,jec_ext_2023_cc.pdf,compartido
autonomous_2023_05,2023,Asamblea de Extremadura,Extremadura,Cáceres,8,Eduardo Gómez Pérez,Hombre,TRUE,FALSE,Cs,FALSE,,CIUDADANOS-PARTIDO DE LA CIUDADANIA,Cs,jec_ext_2023_cc.pdf,compartido
autonomous_2023_05,2023,Asamblea de Extremadura,Extremadura,Cáceres,9,María Cruz Rojo Hernández,Mujer,TRUE,FALSE,Cs,FALSE,,CIUDADANOS-PARTIDO DE LA CIUDADANIA,Cs,jec_ext_2023_cc.pdf,compartido
autonomous_2023_05,2023,Asamblea de Extremadura,Extremadura,Cáceres,10,Lorena Valor Rodríguez,Mujer,TRUE,FALSE,Cs,FALSE,,CIUDADANOS-PARTIDO DE LA CIUDADANIA,Cs,jec_ext_2023_cc.pdf,compartido
autonomous_2023_05,2023,Asamblea de Extremadura,Extremadura,Cáceres,11,María Yolanda García Morán,Mujer,TRUE,FALSE,Cs,FALSE,,CIUDADANOS-PARTIDO DE LA CIUDADANIA,Cs,jec_ext_2023_cc.pdf,compartido
autonomous_2023_05,2023,Asamblea de Extremadura,Extremadura,Cáceres,12,María de Los Ángeles Rubio Montero,Mujer,TRUE,FALSE,Cs,FALSE,,CIUDADANOS-PARTIDO DE LA CIUDADANIA,Cs,jec_ext_2023_cc.pdf,compartido
autonomous_2023_05,2023,Asamblea de Extremadura,Extremadura,Cáceres,13,Javier Villegas Álvarez,Hombre,TRUE,FALSE,Cs,FALSE,,CIUDADANOS-PARTIDO DE LA CIUDADANIA,Cs,jec_ext_2023_cc.pdf,compartido
autonomous_2023_05,2023,Asamblea de Extremadura,Extremadura,Cáceres,14,Francisco Tornero González,Hombre,TRUE,FALSE,Cs,FALSE,,CIUDADANOS-PARTIDO DE LA CIUDADANIA,Cs,jec_ext_2023_cc.pdf,compartido
autonomous_2023_05,2023,Asamblea de Extremadura,Extremadura,Cáceres,15,María Celestina Bayán León,Mujer,TRUE,FALSE,Cs,FALSE,,CIUDADANOS-PARTIDO DE LA CIUDADANIA,Cs,jec_ext_2023_cc.pdf,compartido
autonomous_2023_05,2023,Asamblea de Extremadura,Extremadura,Cáceres,16,Juan Carlos Díaz Román NÚMERO 82,Hombre,TRUE,FALSE,Cs,FALSE,,CIUDADANOS-PARTIDO DE LA CIUDADANIA,Cs,jec_ext_2023_cc.pdf,compartido
autonomous_2023_05,2023,Asamblea de Extremadura,Extremadura,Cáceres,17,María Begoña González Cambero,Mujer,TRUE,FALSE,Cs,FALSE,,CIUDADANOS-PARTIDO DE LA CIUDADANIA,Cs,jec_ext_2023_cc.pdf,compartido
autonomous_2023_05,2023,Asamblea de Extremadura,Extremadura,Cáceres,18,Jesús Cobos Vega,Hombre,TRUE,FALSE,Cs,FALSE,,CIUDADANOS-PARTIDO DE LA CIUDADANIA,Cs,jec_ext_2023_cc.pdf,compartido
autonomous_2023_05,2023,Asamblea de Extremadura,Extremadura,Cáceres,19,José Manuel Crego Alcalá,Hombre,TRUE,FALSE,Cs,FALSE,,CIUDADANOS-PARTIDO DE LA CIUDADANIA,Cs,jec_ext_2023_cc.pdf,compartido
autonomous_2023_05,2023,Asamblea de Extremadura,Extremadura,Cáceres,20,María Estrella Álvarez Hinojal,Mujer,TRUE,FALSE,Cs,FALSE,,CIUDADANOS-PARTIDO DE LA CIUDADANIA,Cs,jec_ext_2023_cc.pdf,compartido
autonomous_2023_05,2023,Asamblea de Extremadura,Extremadura,Cáceres,21,Juan Máximo Villar Molano,Hombre,TRUE,FALSE,Cs,FALSE,,CIUDADANOS-PARTIDO DE LA CIUDADANIA,Cs,jec_ext_2023_cc.pdf,compartido
autonomous_2023_05,2023,Asamblea de Extremadura,Extremadura,Cáceres,22,William Martín Gironda,Hombre,TRUE,FALSE,Cs,FALSE,,CIUDADANOS-PARTIDO DE LA CIUDADANIA,Cs,jec_ext_2023_cc.pdf,compartido
autonomous_2023_05,2023,Asamblea de Extremadura,Extremadura,Cáceres,23,María Elena Viejo Domínguez,Mujer,TRUE,FALSE,Cs,FALSE,,CIUDADANOS-PARTIDO DE LA CIUDADANIA,Cs,jec_ext_2023_cc.pdf,compartido
autonomous_2023_05,2023,Asamblea de Extremadura,Extremadura,Cáceres,24,Naiara Monforte Pérez,Mujer,TRUE,FALSE,Cs,FALSE,,CIUDADANOS-PARTIDO DE LA CIUDADANIA,Cs,jec_ext_2023_cc.pdf,compartido
autonomous_2023_05,2023,Asamblea de Extremadura,Extremadura,Cáceres,25,Zacarías Nieto García,Hombre,TRUE,FALSE,Cs,FALSE,,CIUDADANOS-PARTIDO DE LA CIUDADANIA,Cs,jec_ext_2023_cc.pdf,compartido
autonomous_2023_05,2023,Asamblea de Extremadura,Extremadura,Cáceres,26,Eva Domínguez Martín,Mujer,TRUE,FALSE,Cs,FALSE,,CIUDADANOS-PARTIDO DE LA CIUDADANIA,Cs,jec_ext_2023_cc.pdf,compartido
autonomous_2023_05,2023,Asamblea de Extremadura,Extremadura,Cáceres,27,José Antonio Barriga Penis,Hombre,TRUE,FALSE,Cs,FALSE,,CIUDADANOS-PARTIDO DE LA CIUDADANIA,Cs,jec_ext_2023_cc.pdf,compartido
autonomous_2023_05,2023,Asamblea de Extremadura,Extremadura,Cáceres,28,María José Fernández Casas,Mujer,TRUE,FALSE,Cs,FALSE,,CIUDADANOS-PARTIDO DE LA CIUDADANIA,Cs,jec_ext_2023_cc.pdf,compartido
autonomous_2023_05,2023,Asamblea de Extremadura,Extremadura,Cáceres,29,Domingo Sevilla Pulido,Hombre,TRUE,FALSE,Cs,FALSE,,CIUDADANOS-PARTIDO DE LA CIUDADANIA,Cs,jec_ext_2023_cc.pdf,compartido
autonomous_2023_05,2023,Asamblea de Extremadura,Extremadura,Cáceres,1,José Néstor Mariscal Encinas,Hombre,FALSE,FALSE,Cs,FALSE,,CIUDADANOS-PARTIDO DE LA CIUDADANIA,Cs,jec_ext_2023_cc.pdf,compartido
autonomous_2023_05,2023,Asamblea de Extremadura,Extremadura,Cáceres,2,Ana Belén Moyano García Cuevas,Mujer,FALSE,FALSE,Cs,FALSE,,CIUDADANOS-PARTIDO DE LA CIUDADANIA,Cs,jec_ext_2023_cc.pdf,compartido
autonomous_2023_05,2023,Asamblea de Extremadura,Extremadura,Cáceres,3,María Ángeles Sánchez Granados,Mujer,FALSE,FALSE,Cs,FALSE,,CIUDADANOS-PARTIDO DE LA CIUDADANIA,Cs,jec_ext_2023_cc.pdf,compartido
autonomous_2023_05,2023,Parlament de les Illes Balears,Illes Balears,Eivissa,1,JOSE LUIS RODRIGUEZ POBLADOR,Hombre,TRUE,FALSE,Cs,FALSE,,CIUDADANOS-PARTIDO DE LA CIUDADANIA,Cs,c_bal_2023_ei.pdf,compartido
autonomous_2023_05,2023,Parlament de les Illes Balears,Illes Balears,Eivissa,2,MONTSERRAT CALVO RUIZ,Mujer,TRUE,FALSE,Cs,FALSE,,CIUDADANOS-PARTIDO DE LA CIUDADANIA,Cs,c_bal_2023_ei.pdf,compartido
autonomous_2023_05,2023,Parlament de les Illes Balears,Illes Balears,Eivissa,3,ALEJANDRO RIBAS MEZQUIDA,Hombre,TRUE,FALSE,Cs,FALSE,,CIUDADANOS-PARTIDO DE LA CIUDADANIA,Cs,c_bal_2023_ei.pdf,compartido
autonomous_2023_05,2023,Parlament de les Illes Balears,Illes Balears,Eivissa,4,SARA PILA CALLEJAS,Mujer,TRUE,FALSE,Cs,FALSE,,CIUDADANOS-PARTIDO DE LA CIUDADANIA,Cs,c_bal_2023_ei.pdf,compartido
autonomous_2023_05,2023,Parlament de les Illes Balears,Illes Balears,Eivissa,5,ZENON FIDEL HELGUERA VOLLET,Hombre,TRUE,FALSE,Cs,FALSE,,CIUDADANOS-PARTIDO DE LA CIUDADANIA,Cs,c_bal_2023_ei.pdf,compartido
autonomous_2023_05,2023,Parlament de les Illes Balears,Illes Balears,Eivissa,6,ADELA GARCÍA CLAPÉS,Mujer,TRUE,FALSE,Cs,FALSE,,CIUDADANOS-PARTIDO DE LA CIUDADANIA,Cs,c_bal_2023_ei.pdf,compartido
autonomous_2023_05,2023,Parlament de les Illes Balears,Illes Balears,Eivissa,7,VÍCTOR ROMERO PLANELLS,Hombre,TRUE,FALSE,Cs,FALSE,,CIUDADANOS-PARTIDO DE LA CIUDADANIA,Cs,c_bal_2023_ei.pdf,compartido
autonomous_2023_05,2023,Parlament de les Illes Balears,Illes Balears,Eivissa,8,MARIA JESÚS SERRA MARÍ,Mujer,TRUE,FALSE,Cs,FALSE,,CIUDADANOS-PARTIDO DE LA CIUDADANIA,Cs,c_bal_2023_ei.pdf,compartido
autonomous_2023_05,2023,Parlament de les Illes Balears,Illes Balears,Eivissa,9,EDUARDO ESTÉVEZ PÉREZ,Hombre,TRUE,FALSE,Cs,FALSE,,CIUDADANOS-PARTIDO DE LA CIUDADANIA,Cs,c_bal_2023_ei.pdf,compartido
autonomous_2023_05,2023,Parlament de les Illes Balears,Illes Balears,Eivissa,10,ROSA MASIP PRADO,Mujer,TRUE,FALSE,Cs,FALSE,,CIUDADANOS-PARTIDO DE LA CIUDADANIA,Cs,c_bal_2023_ei.pdf,compartido
autonomous_2023_05,2023,Parlament de les Illes Balears,Illes Balears,Eivissa,11,DAVID PLANELLS SERRA,Hombre,TRUE,FALSE,Cs,FALSE,,CIUDADANOS-PARTIDO DE LA CIUDADANIA,Cs,c_bal_2023_ei.pdf,compartido
autonomous_2023_05,2023,Parlament de les Illes Balears,Illes Balears,Eivissa,12,JUDITH ANTONIN FERNÁNDEZ,Mujer,TRUE,FALSE,Cs,FALSE,,CIUDADANOS-PARTIDO DE LA CIUDADANIA,Cs,c_bal_2023_ei.pdf,compartido
autonomous_2023_05,2023,Parlament de les Illes Balears,Illes Balears,Eivissa,1,JUAN MANUEL GIL GÓMEZ,Hombre,FALSE,FALSE,Cs,FALSE,,CIUDADANOS-PARTIDO DE LA CIUDADANIA,Cs,c_bal_2023_ei.pdf,compartido
autonomous_2023_05,2023,Parlament de les Illes Balears,Illes Balears,Eivissa,2,ISABEL DE BLAS CEREZO,Mujer,FALSE,FALSE,Cs,FALSE,,CIUDADANOS-PARTIDO DE LA CIUDADANIA,Cs,c_bal_2023_ei.pdf,compartido
autonomous_2023_05,2023,Parlament de les Illes Balears,Illes Balears,Eivissa,3,LLUIS OLIVA MUNAR,Hombre,FALSE,FALSE,Cs,FALSE,,CIUDADANOS-PARTIDO DE LA CIUDADANIA,Cs,c_bal_2023_ei.pdf,compartido
autonomous_2023_05,2023,Parlamento de Canarias,Canarias,Gran Canaria,1,IVÁN OJEDA LEGAZA,Hombre,TRUE,FALSE,Cs,FALSE,,CIUDADANOS-PARTIDO DE LA CIUDADANIA,,https://www.parcan.es/elecciones/2023/candidaturas/gc/,parcan
autonomous_2023_05,2023,Parlamento de Canarias,Canarias,Gran Canaria,2,ÁLVARO GALVÁN SANTANA,Hombre,TRUE,FALSE,Cs,FALSE,,CIUDADANOS-PARTIDO DE LA CIUDADANIA,,https://www.parcan.es/elecciones/2023/candidaturas/gc/,parcan
autonomous_2023_05,2023,Parlamento de Canarias,Canarias,Gran Canaria,3,CARMEN GLORIA HERNÁNDEZ MORENO,Mujer,TRUE,FALSE,Cs,FALSE,,CIUDADANOS-PARTIDO DE LA CIUDADANIA,,https://www.parcan.es/elecciones/2023/candidaturas/gc/,parcan
autonomous_2023_05,2023,Parlamento de Canarias,Canarias,Gran Canaria,4,TOMÁS SANTANA GARCÍA,Hombre,TRUE,FALSE,Cs,FALSE,,CIUDADANOS-PARTIDO DE LA CIUDADANIA,,https://www.parcan.es/elecciones/2023/candidaturas/gc/,parcan
autonomous_2023_05,2023,Parlamento de Canarias,Canarias,Gran Canaria,5,MARÍA DEL CARMEN DE LA MORENA RAMOS,Mujer,TRUE,FALSE,Cs,FALSE,,CIUDADANOS-PARTIDO DE LA CIUDADANIA,,https://www.parcan.es/elecciones/2023/candidaturas/gc/,parcan
autonomous_2023_05,2023,Parlamento de Canarias,Canarias,Gran Canaria,6,FERMÍN ROMERO SUÁREZ,Hombre,TRUE,FALSE,Cs,FALSE,,CIUDADANOS-PARTIDO DE LA CIUDADANIA,,https://www.parcan.es/elecciones/2023/candidaturas/gc/,parcan
autonomous_2023_05,2023,Parlamento de Canarias,Canarias,Gran Canaria,7,TANIA CARREÑO BARRIONUEVO,Mujer,TRUE,FALSE,Cs,FALSE,,CIUDADANOS-PARTIDO DE LA CIUDADANIA,,https://www.parcan.es/elecciones/2023/candidaturas/gc/,parcan
autonomous_2023_05,2023,Parlamento de Canarias,Canarias,Gran Canaria,8,JUAN CARLOS DE ARMAS GONZÁLEZ,Hombre,TRUE,FALSE,Cs,FALSE,,CIUDADANOS-PARTIDO DE LA CIUDADANIA,,https://www.parcan.es/elecciones/2023/candidaturas/gc/,parcan
autonomous_2023_05,2023,Parlamento de Canarias,Canarias,Gran Canaria,9,DAVINIA DEL CARMEN TRUJILLO PAZ,Mujer,TRUE,FALSE,Cs,FALSE,,CIUDADANOS-PARTIDO DE LA CIUDADANIA,,https://www.parcan.es/elecciones/2023/candidaturas/gc/,parcan
autonomous_2023_05,2023,Parlamento de Canarias,Canarias,Gran Canaria,10,RUYMÁN LÓPEZ SUÁREZ,Hombre,TRUE,FALSE,Cs,FALSE,,CIUDADANOS-PARTIDO DE LA CIUDADANIA,,https://www.parcan.es/elecciones/2023/candidaturas/gc/,parcan
autonomous_2023_05,2023,Parlamento de Canarias,Canarias,Gran Canaria,11,JESÚS ALEMÁN VIERA,Hombre,TRUE,FALSE,Cs,FALSE,,CIUDADANOS-PARTIDO DE LA CIUDADANIA,,https://www.parcan.es/elecciones/2023/candidaturas/gc/,parcan
autonomous_2023_05,2023,Parlamento de Canarias,Canarias,Gran Canaria,12,LORENA MONTESDEOCA MORALES,Mujer,TRUE,FALSE,Cs,FALSE,,CIUDADANOS-PARTIDO DE LA CIUDADANIA,,https://www.parcan.es/elecciones/2023/candidaturas/gc/,parcan
autonomous_2023_05,2023,Parlamento de Canarias,Canarias,Gran Canaria,13,TOMÁS OLIVARES RIVERO,Hombre,TRUE,FALSE,Cs,FALSE,,CIUDADANOS-PARTIDO DE LA CIUDADANIA,,https://www.parcan.es/elecciones/2023/candidaturas/gc/,parcan
autonomous_2023_05,2023,Parlamento de Canarias,Canarias,Gran Canaria,14,EVELIA FRANCISCA HERRERA HERRERA,Mujer,TRUE,FALSE,Cs,FALSE,,CIUDADANOS-PARTIDO DE LA CIUDADANIA,,https://www.parcan.es/elecciones/2023/candidaturas/gc/,parcan
autonomous_2023_05,2023,Parlamento de Canarias,Canarias,Gran Canaria,15,FRANCISCO JOSÉ ARTILES RODRÍGUEZ,Hombre,TRUE,FALSE,Cs,FALSE,,CIUDADANOS-PARTIDO DE LA CIUDADANIA,,https://www.parcan.es/elecciones/2023/candidaturas/gc/,parcan
autonomous_2023_05,2023,Parlamento de Canarias,Canarias,Gran Canaria,1,ELISENDA HIDALGO SANTANA,Mujer,FALSE,FALSE,Cs,FALSE,,CIUDADANOS-PARTIDO DE LA CIUDADANIA,,https://www.parcan.es/elecciones/2023/candidaturas/gc/,parcan
autonomous_2023_05,2023,Parlamento de Canarias,Canarias,Gran Canaria,2,ANTONIO CRUZ GONZÁLEZ,Hombre,FALSE,FALSE,Cs,FALSE,,CIUDADANOS-PARTIDO DE LA CIUDADANIA,,https://www.parcan.es/elecciones/2023/candidaturas/gc/,parcan
autonomous_2023_05,2023,Parlamento de Canarias,Canarias,Gran Canaria,3,VICENTE EFIGENIO MENA SANTANA,Hombre,FALSE,FALSE,Cs,FALSE,,CIUDADANOS-PARTIDO DE LA CIUDADANIA,,https://www.parcan.es/elecciones/2023/candidaturas/gc/,parcan
autonomous_2023_05,2023,Cortes de Castilla-La Mancha,Castilla-La Mancha,Guadalajara,1,ENRIQUE ANTONIO BURMEISTER SAEZ,Hombre,TRUE,FALSE,Cs,FALSE,,CIUDADANOS-PARTIDO DE LA CIUDADANIA (Cs),Cs,https://elecciones2023.castillalamancha.es/candidaturas/castilla-la-mancha/ciudadanos-partido-de-la-ciudadania-cs,portal JCCM
autonomous_2023_05,2023,Cortes de Castilla-La Mancha,Castilla-La Mancha,Guadalajara,2,MARTA USANO PRADILLO,Mujer,TRUE,FALSE,Cs,FALSE,,CIUDADANOS-PARTIDO DE LA CIUDADANIA (Cs),Cs,https://elecciones2023.castillalamancha.es/candidaturas/castilla-la-mancha/ciudadanos-partido-de-la-ciudadania-cs,portal JCCM
autonomous_2023_05,2023,Cortes de Castilla-La Mancha,Castilla-La Mancha,Guadalajara,3,CARLOS CERCOS HERNANDO,Hombre,TRUE,FALSE,Cs,FALSE,,CIUDADANOS-PARTIDO DE LA CIUDADANIA (Cs),Cs,https://elecciones2023.castillalamancha.es/candidaturas/castilla-la-mancha/ciudadanos-partido-de-la-ciudadania-cs,portal JCCM
autonomous_2023_05,2023,Cortes de Castilla-La Mancha,Castilla-La Mancha,Guadalajara,4,MARIA JOSE MARCO ARBOLI,Mujer,TRUE,FALSE,Cs,FALSE,,CIUDADANOS-PARTIDO DE LA CIUDADANIA (Cs),Cs,https://elecciones2023.castillalamancha.es/candidaturas/castilla-la-mancha/ciudadanos-partido-de-la-ciudadania-cs,portal JCCM
autonomous_2023_05,2023,Cortes de Castilla-La Mancha,Castilla-La Mancha,Guadalajara,5,JOSÉ ÁNGEL LÓPEZ CAMACHO,Hombre,TRUE,FALSE,Cs,FALSE,,CIUDADANOS-PARTIDO DE LA CIUDADANIA (Cs),Cs,https://elecciones2023.castillalamancha.es/candidaturas/castilla-la-mancha/ciudadanos-partido-de-la-ciudadania-cs,portal JCCM
autonomous_2023_05,2023,Cortes de Castilla-La Mancha,Castilla-La Mancha,Guadalajara,1,MARIANGEL AYARI ALVAREZ GALVIS,Mujer,FALSE,FALSE,Cs,FALSE,,CIUDADANOS-PARTIDO DE LA CIUDADANIA (Cs),Cs,https://elecciones2023.castillalamancha.es/candidaturas/castilla-la-mancha/ciudadanos-partido-de-la-ciudadania-cs,portal JCCM
autonomous_2023_05,2023,Cortes de Aragón,Aragon,Huesca,1,JARA BERNUES OLIVAN (CIUDADANOS - TÚ ARAGÓN),Mujer,TRUE,FALSE,Cs-TU ARAGON,TRUE,Ciudadanos y Tu Aragon,CIUDADANOS - TÚ ARAGÓN,,jec_ara_2023_hu.pdf,compartido
autonomous_2023_05,2023,Cortes de Aragón,Aragon,Huesca,2,ALEJANDRO POY ESCUDERO (TÚ ARAGÓN),Hombre,TRUE,FALSE,Cs-TU ARAGON,TRUE,Ciudadanos y Tu Aragon,CIUDADANOS - TÚ ARAGÓN,,jec_ara_2023_hu.pdf,compartido
autonomous_2023_05,2023,Cortes de Aragón,Aragon,Huesca,3,PILAR LLEYDA ZANUY (CIUDADANOS - TÚ ARAGÓN),Mujer,TRUE,FALSE,Cs-TU ARAGON,TRUE,Ciudadanos y Tu Aragon,CIUDADANOS - TÚ ARAGÓN,,jec_ara_2023_hu.pdf,compartido
autonomous_2023_05,2023,Cortes de Aragón,Aragon,Huesca,4,ROBERTO OROS CONSTANTE (TÚ ARAGÓN),Hombre,TRUE,FALSE,Cs-TU ARAGON,TRUE,Ciudadanos y Tu Aragon,CIUDADANOS - TÚ ARAGÓN,,jec_ara_2023_hu.pdf,compartido
autonomous_2023_05,2023,Cortes de Aragón,Aragon,Huesca,5,BELINDA PALLAS GUIRAL (CIUDADANOS - TÚ ARAGÓN),Mujer,TRUE,FALSE,Cs-TU ARAGON,TRUE,Ciudadanos y Tu Aragon,CIUDADANOS - TÚ ARAGÓN,,jec_ara_2023_hu.pdf,compartido
autonomous_2023_05,2023,Cortes de Aragón,Aragon,Huesca,6,CORONA MARTIN ABAD (TÚ ARAGÓN),Mujer,TRUE,FALSE,Cs-TU ARAGON,TRUE,Ciudadanos y Tu Aragon,CIUDADANOS - TÚ ARAGÓN,,jec_ara_2023_hu.pdf,compartido
autonomous_2023_05,2023,Cortes de Aragón,Aragon,Huesca,7,SOCORRO MATILDE CAMPO SANZ (CIUDADANOS - TÚ ARAGÓN),Mujer,TRUE,FALSE,Cs-TU ARAGON,TRUE,Ciudadanos y Tu Aragon,CIUDADANOS - TÚ ARAGÓN,,jec_ara_2023_hu.pdf,compartido
autonomous_2023_05,2023,Cortes de Aragón,Aragon,Huesca,8,ISABEL TERAN CASTRO (TÚ ARAGÓN),Mujer,TRUE,FALSE,Cs-TU ARAGON,TRUE,Ciudadanos y Tu Aragon,CIUDADANOS - TÚ ARAGÓN,,jec_ara_2023_hu.pdf,compartido
autonomous_2023_05,2023,Cortes de Aragón,Aragon,Huesca,9,ALFREDO LIARTE SALVADOR (CIUDADANOS - TÚ ARAGÓN),Hombre,TRUE,FALSE,Cs-TU ARAGON,TRUE,Ciudadanos y Tu Aragon,CIUDADANOS - TÚ ARAGÓN,,jec_ara_2023_hu.pdf,compartido
autonomous_2023_05,2023,Cortes de Aragón,Aragon,Huesca,10,MIGUEL ANGEL GRACIA SUBIAS (TÚ ARAGÓN),Hombre,TRUE,FALSE,Cs-TU ARAGON,TRUE,Ciudadanos y Tu Aragon,CIUDADANOS - TÚ ARAGÓN,,jec_ara_2023_hu.pdf,compartido
autonomous_2023_05,2023,Cortes de Aragón,Aragon,Huesca,11,JESSICA OROSIA MARTINEZ SUAREZ (CIUDADANOS - TÚ ARAGÓN),Mujer,TRUE,FALSE,Cs-TU ARAGON,TRUE,Ciudadanos y Tu Aragon,CIUDADANOS - TÚ ARAGÓN,,jec_ara_2023_hu.pdf,compartido
autonomous_2023_05,2023,Cortes de Aragón,Aragon,Huesca,12,HECTOR ALONSO FONFREDA (TÚ ARAGÓN),Hombre,TRUE,FALSE,Cs-TU ARAGON,TRUE,Ciudadanos y Tu Aragon,CIUDADANOS - TÚ ARAGÓN,,jec_ara_2023_hu.pdf,compartido
autonomous_2023_05,2023,Cortes de Aragón,Aragon,Huesca,13,DESIRE GARCIA CARABANTES (CIUDADANOS - TÚ ARAGÓN),Mujer,TRUE,FALSE,Cs-TU ARAGON,TRUE,Ciudadanos y Tu Aragon,CIUDADANOS - TÚ ARAGÓN,,jec_ara_2023_hu.pdf,compartido
autonomous_2023_05,2023,Cortes de Aragón,Aragon,Huesca,14,JESUS MANUEL LOPEZ ATEZA (TÚ ARAGÓN),Hombre,TRUE,FALSE,Cs-TU ARAGON,TRUE,Ciudadanos y Tu Aragon,CIUDADANOS - TÚ ARAGÓN,,jec_ara_2023_hu.pdf,compartido
autonomous_2023_05,2023,Cortes de Aragón,Aragon,Huesca,15,SERGIO NICOLAS ARRIOLA BUISAN (CIUDADANOS - TÚ ARAGÓN),Hombre,TRUE,FALSE,Cs-TU ARAGON,TRUE,Ciudadanos y Tu Aragon,CIUDADANOS - TÚ ARAGÓN,,jec_ara_2023_hu.pdf,compartido
autonomous_2023_05,2023,Cortes de Aragón,Aragon,Huesca,16,MARIA MARGARITA ABOS ESCARTIN (TÚ ARAGÓN),Mujer,TRUE,FALSE,Cs-TU ARAGON,TRUE,Ciudadanos y Tu Aragon,CIUDADANOS - TÚ ARAGÓN,,jec_ara_2023_hu.pdf,compartido
autonomous_2023_05,2023,Cortes de Aragón,Aragon,Huesca,17,ANGEL LAGUNA GRACIA (CIUDADANOS - TÚ ARAGÓN),Hombre,TRUE,FALSE,Cs-TU ARAGON,TRUE,Ciudadanos y Tu Aragon,CIUDADANOS - TÚ ARAGÓN,,jec_ara_2023_hu.pdf,compartido
autonomous_2023_05,2023,Cortes de Aragón,Aragon,Huesca,18,MARIA BELEN IBARZ IBARZ (TÚ ARAGÓN),Mujer,TRUE,FALSE,Cs-TU ARAGON,TRUE,Ciudadanos y Tu Aragon,CIUDADANOS - TÚ ARAGÓN,,jec_ara_2023_hu.pdf,compartido
autonomous_2023_05,2023,Cortes de Aragón,Aragon,Huesca,1,MARIA LOURDES GUILLEN FIGUEROLA (CIUDADANOS - TÚ ARAGÓN) csv: BOA20230502053,Mujer,FALSE,FALSE,Cs-TU ARAGON,TRUE,Ciudadanos y Tu Aragon,CIUDADANOS - TÚ ARAGÓN,,jec_ara_2023_hu.pdf,compartido
autonomous_2023_05,2023,Parlamento de La Rioja,La Rioja,La Rioja,1,Ángel Daniel Íñiguez Pérez,Hombre,TRUE,FALSE,Cs,FALSE,,CIUDADANOS-PARTIDO DE LA CIUDADANÍA,Cs,c_rio_2023.pdf,compartido
autonomous_2023_05,2023,Parlamento de La Rioja,La Rioja,La Rioja,2,Miguel D'Harcourt Bauluz,Hombre,TRUE,FALSE,Cs,FALSE,,CIUDADANOS-PARTIDO DE LA CIUDADANÍA,Cs,c_rio_2023.pdf,compartido
autonomous_2023_05,2023,Parlamento de La Rioja,La Rioja,La Rioja,3,Borja Merino Bravo,Hombre,TRUE,FALSE,Cs,FALSE,,CIUDADANOS-PARTIDO DE LA CIUDADANÍA,Cs,c_rio_2023.pdf,compartido
autonomous_2023_05,2023,Parlamento de La Rioja,La Rioja,La Rioja,4,Cristina Gómez Fernández INDEPENDIENTE,Mujer,TRUE,FALSE,Cs,FALSE,,CIUDADANOS-PARTIDO DE LA CIUDADANÍA,Cs,c_rio_2023.pdf,compartido
autonomous_2023_05,2023,Parlamento de La Rioja,La Rioja,La Rioja,5,Raquel Toribio Sánchez INDEPENDIENTE,Mujer,TRUE,FALSE,Cs,FALSE,,CIUDADANOS-PARTIDO DE LA CIUDADANÍA,Cs,c_rio_2023.pdf,compartido
autonomous_2023_05,2023,Parlamento de La Rioja,La Rioja,La Rioja,6,David Miranda Sainz,Hombre,TRUE,FALSE,Cs,FALSE,,CIUDADANOS-PARTIDO DE LA CIUDADANÍA,Cs,c_rio_2023.pdf,compartido
autonomous_2023_05,2023,Parlamento de La Rioja,La Rioja,La Rioja,7,Isabel Martínez Pérez INDEPENDIENTE,Mujer,TRUE,FALSE,Cs,FALSE,,CIUDADANOS-PARTIDO DE LA CIUDADANÍA,Cs,c_rio_2023.pdf,compartido
autonomous_2023_05,2023,Parlamento de La Rioja,La Rioja,La Rioja,8,Miguel Ángel Jorge Ulecia INDEPENDIENTE,Hombre,TRUE,FALSE,Cs,FALSE,,CIUDADANOS-PARTIDO DE LA CIUDADANÍA,Cs,c_rio_2023.pdf,compartido
autonomous_2023_05,2023,Parlamento de La Rioja,La Rioja,La Rioja,9,María Hierro Gómez INDEPENDIENTE,Mujer,TRUE,FALSE,Cs,FALSE,,CIUDADANOS-PARTIDO DE LA CIUDADANÍA,Cs,c_rio_2023.pdf,compartido
autonomous_2023_05,2023,Parlamento de La Rioja,La Rioja,La Rioja,10,Eduardo Peña González,Hombre,TRUE,FALSE,Cs,FALSE,,CIUDADANOS-PARTIDO DE LA CIUDADANÍA,Cs,c_rio_2023.pdf,compartido
autonomous_2023_05,2023,Parlamento de La Rioja,La Rioja,La Rioja,11,Luis Bella Gómez,Hombre,TRUE,FALSE,Cs,FALSE,,CIUDADANOS-PARTIDO DE LA CIUDADANÍA,Cs,c_rio_2023.pdf,compartido
autonomous_2023_05,2023,Parlamento de La Rioja,La Rioja,La Rioja,12,Damaris Pascual Caballero INDEPENDIENTE,Mujer,TRUE,FALSE,Cs,FALSE,,CIUDADANOS-PARTIDO DE LA CIUDADANÍA,Cs,c_rio_2023.pdf,compartido
autonomous_2023_05,2023,Parlamento de La Rioja,La Rioja,La Rioja,13,Justino Carmelo Maeztu Arenzana,Hombre,TRUE,FALSE,Cs,FALSE,,CIUDADANOS-PARTIDO DE LA CIUDADANÍA,Cs,c_rio_2023.pdf,compartido
autonomous_2023_05,2023,Parlamento de La Rioja,La Rioja,La Rioja,14,Liliana del Socorro Osorio Pérez INDEPENDIENTE,Mujer,TRUE,FALSE,Cs,FALSE,,CIUDADANOS-PARTIDO DE LA CIUDADANÍA,Cs,c_rio_2023.pdf,compartido
autonomous_2023_05,2023,Parlamento de La Rioja,La Rioja,La Rioja,15,Pablo Esturo Fonte,Hombre,TRUE,FALSE,Cs,FALSE,,CIUDADANOS-PARTIDO DE LA CIUDADANÍA,Cs,c_rio_2023.pdf,compartido
autonomous_2023_05,2023,Parlamento de La Rioja,La Rioja,La Rioja,16,Blanca del Castillo Alonso INDEPENDIENTE,Mujer,TRUE,FALSE,Cs,FALSE,,CIUDADANOS-PARTIDO DE LA CIUDADANÍA,Cs,c_rio_2023.pdf,compartido
autonomous_2023_05,2023,Parlamento de La Rioja,La Rioja,La Rioja,17,Miguel Ángel Villanua Castro,Hombre,TRUE,FALSE,Cs,FALSE,,CIUDADANOS-PARTIDO DE LA CIUDADANÍA,Cs,c_rio_2023.pdf,compartido
autonomous_2023_05,2023,Parlamento de La Rioja,La Rioja,La Rioja,18,María José Lázaro Martínez,Mujer,TRUE,FALSE,Cs,FALSE,,CIUDADANOS-PARTIDO DE LA CIUDADANÍA,Cs,c_rio_2023.pdf,compartido
autonomous_2023_05,2023,Parlamento de La Rioja,La Rioja,La Rioja,19,Juan Rubio Armesto INDEPENDIENTE,Hombre,TRUE,FALSE,Cs,FALSE,,CIUDADANOS-PARTIDO DE LA CIUDADANÍA,Cs,c_rio_2023.pdf,compartido
autonomous_2023_05,2023,Parlamento de La Rioja,La Rioja,La Rioja,20,Gemma Marante Chasco INDEPENDIENTE,Mujer,TRUE,FALSE,Cs,FALSE,,CIUDADANOS-PARTIDO DE LA CIUDADANÍA,Cs,c_rio_2023.pdf,compartido
autonomous_2023_05,2023,Parlamento de La Rioja,La Rioja,La Rioja,21,Tomás Martínez Flaño,Hombre,TRUE,FALSE,Cs,FALSE,,CIUDADANOS-PARTIDO DE LA CIUDADANÍA,Cs,c_rio_2023.pdf,compartido
autonomous_2023_05,2023,Parlamento de La Rioja,La Rioja,La Rioja,22,Noelia Higes Peláez INDEPENDIENTE,Mujer,TRUE,FALSE,Cs,FALSE,,CIUDADANOS-PARTIDO DE LA CIUDADANÍA,Cs,c_rio_2023.pdf,compartido
autonomous_2023_05,2023,Parlamento de La Rioja,La Rioja,La Rioja,23,Luis Fernando Alonso Arroyo,Hombre,TRUE,FALSE,Cs,FALSE,,CIUDADANOS-PARTIDO DE LA CIUDADANÍA,Cs,c_rio_2023.pdf,compartido
autonomous_2023_05,2023,Parlamento de La Rioja,La Rioja,La Rioja,24,Rosana Pastor Fernández INDEPENDIENTE,Mujer,TRUE,FALSE,Cs,FALSE,,CIUDADANOS-PARTIDO DE LA CIUDADANÍA,Cs,c_rio_2023.pdf,compartido
autonomous_2023_05,2023,Parlamento de La Rioja,La Rioja,La Rioja,25,Álvaro Sánchez Rodríguez INDEPENDIENTE,Hombre,TRUE,FALSE,Cs,FALSE,,CIUDADANOS-PARTIDO DE LA CIUDADANÍA,Cs,c_rio_2023.pdf,compartido
autonomous_2023_05,2023,Parlamento de La Rioja,La Rioja,La Rioja,26,Félix Aceña Manzanos,Hombre,TRUE,FALSE,Cs,FALSE,,CIUDADANOS-PARTIDO DE LA CIUDADANÍA,Cs,c_rio_2023.pdf,compartido
autonomous_2023_05,2023,Parlamento de La Rioja,La Rioja,La Rioja,27,Sandra Murua Clemente INDEPENDIENTE,Mujer,TRUE,FALSE,Cs,FALSE,,CIUDADANOS-PARTIDO DE LA CIUDADANÍA,Cs,c_rio_2023.pdf,compartido
autonomous_2023_05,2023,Parlamento de La Rioja,La Rioja,La Rioja,28,Javier Hernáez Ruiz INDEPENDIENTE,Hombre,TRUE,FALSE,Cs,FALSE,,CIUDADANOS-PARTIDO DE LA CIUDADANÍA,Cs,c_rio_2023.pdf,compartido
autonomous_2023_05,2023,Parlamento de La Rioja,La Rioja,La Rioja,29,Sara González Fernández INDEPENDIENTE,Mujer,TRUE,FALSE,Cs,FALSE,,CIUDADANOS-PARTIDO DE LA CIUDADANÍA,Cs,c_rio_2023.pdf,compartido
autonomous_2023_05,2023,Parlamento de La Rioja,La Rioja,La Rioja,30,Alfredo Macho Ramón,Hombre,TRUE,FALSE,Cs,FALSE,,CIUDADANOS-PARTIDO DE LA CIUDADANÍA,Cs,c_rio_2023.pdf,compartido
autonomous_2023_05,2023,Parlamento de La Rioja,La Rioja,La Rioja,31,Ana San Román Olmos INDEPENDIENTE,Mujer,TRUE,FALSE,Cs,FALSE,,CIUDADANOS-PARTIDO DE LA CIUDADANÍA,Cs,c_rio_2023.pdf,compartido
autonomous_2023_05,2023,Parlamento de La Rioja,La Rioja,La Rioja,32,Luis Ángel Burgos Ramírez INDEPENDIENTE,Hombre,TRUE,FALSE,Cs,FALSE,,CIUDADANOS-PARTIDO DE LA CIUDADANÍA,Cs,c_rio_2023.pdf,compartido
autonomous_2023_05,2023,Parlamento de La Rioja,La Rioja,La Rioja,33,Ángel Antonio Íñiguez Estremiana INDEPENDIENTE,Hombre,TRUE,FALSE,Cs,FALSE,,CIUDADANOS-PARTIDO DE LA CIUDADANÍA,Cs,c_rio_2023.pdf,compartido
autonomous_2023_05,2023,Asamblea de Madrid,Madrid,Madrid,1,Araceli Gómez García (Aruca),Mujer,TRUE,FALSE,Cs,FALSE,,CIUDADANOS-PARTIDO DE LA CIUDADANÍA (Cs),,c_mad_2023.pdf,dirigido:candnum
autonomous_2023_05,2023,Asamblea de Madrid,Madrid,Madrid,2,Juan Andrés Díaz Guerra,Hombre,TRUE,FALSE,Cs,FALSE,,CIUDADANOS-PARTIDO DE LA CIUDADANÍA (Cs),,c_mad_2023.pdf,dirigido:candnum
autonomous_2023_05,2023,Asamblea de Madrid,Madrid,Madrid,3,Emy Fernández-Luna Abellán,Mujer,TRUE,FALSE,Cs,FALSE,,CIUDADANOS-PARTIDO DE LA CIUDADANÍA (Cs),,c_mad_2023.pdf,dirigido:candnum
autonomous_2023_05,2023,Asamblea de Madrid,Madrid,Madrid,4,Mónica Cobo Magaña,Mujer,TRUE,FALSE,Cs,FALSE,,CIUDADANOS-PARTIDO DE LA CIUDADANÍA (Cs),,c_mad_2023.pdf,dirigido:candnum
autonomous_2023_05,2023,Asamblea de Madrid,Madrid,Madrid,5,Yago Mahúgo Carles,Hombre,TRUE,FALSE,Cs,FALSE,,CIUDADANOS-PARTIDO DE LA CIUDADANÍA (Cs),,c_mad_2023.pdf,dirigido:candnum
autonomous_2023_05,2023,Asamblea de Madrid,Madrid,Madrid,6,Begoña Franco Rego,Mujer,TRUE,FALSE,Cs,FALSE,,CIUDADANOS-PARTIDO DE LA CIUDADANÍA (Cs),,c_mad_2023.pdf,dirigido:candnum
autonomous_2023_05,2023,Asamblea de Madrid,Madrid,Madrid,7,Juan Antonio Carrera Muñoz,Hombre,TRUE,FALSE,Cs,FALSE,,CIUDADANOS-PARTIDO DE LA CIUDADANÍA (Cs),,c_mad_2023.pdf,dirigido:candnum
autonomous_2023_05,2023,Asamblea de Madrid,Madrid,Madrid,8,Yolanda Sanz Rojas,Mujer,TRUE,FALSE,Cs,FALSE,,CIUDADANOS-PARTIDO DE LA CIUDADANÍA (Cs),,c_mad_2023.pdf,dirigido:candnum
autonomous_2023_05,2023,Asamblea de Madrid,Madrid,Madrid,9,Azahara Molina Martín,Mujer,TRUE,FALSE,Cs,FALSE,,CIUDADANOS-PARTIDO DE LA CIUDADANÍA (Cs),,c_mad_2023.pdf,dirigido:candnum
autonomous_2023_05,2023,Asamblea de Madrid,Madrid,Madrid,10,José María Antón García,Hombre,TRUE,FALSE,Cs,FALSE,,CIUDADANOS-PARTIDO DE LA CIUDADANÍA (Cs),,c_mad_2023.pdf,dirigido:candnum
autonomous_2023_05,2023,Asamblea de Madrid,Madrid,Madrid,11,Ricardo Correcher Rico,Hombre,TRUE,FALSE,Cs,FALSE,,CIUDADANOS-PARTIDO DE LA CIUDADANÍA (Cs),,c_mad_2023.pdf,dirigido:candnum
autonomous_2023_05,2023,Asamblea de Madrid,Madrid,Madrid,12,Sergio Parra Perales,Hombre,TRUE,FALSE,Cs,FALSE,,CIUDADANOS-PARTIDO DE LA CIUDADANÍA (Cs),,c_mad_2023.pdf,dirigido:candnum
autonomous_2023_05,2023,Asamblea de Madrid,Madrid,Madrid,13,Ana Rosa Piñeiro Merino,Mujer,TRUE,FALSE,Cs,FALSE,,CIUDADANOS-PARTIDO DE LA CIUDADANÍA (Cs),,c_mad_2023.pdf,dirigido:candnum
autonomous_2023_05,2023,Asamblea de Madrid,Madrid,Madrid,14,Patricia de Frutos Hurtado,Mujer,TRUE,FALSE,Cs,FALSE,,CIUDADANOS-PARTIDO DE LA CIUDADANÍA (Cs),,c_mad_2023.pdf,dirigido:candnum
autonomous_2023_05,2023,Asamblea de Madrid,Madrid,Madrid,15,Matías de la Mota Martínez,Hombre,TRUE,FALSE,Cs,FALSE,,CIUDADANOS-PARTIDO DE LA CIUDADANÍA (Cs),,c_mad_2023.pdf,dirigido:candnum
autonomous_2023_05,2023,Asamblea de Madrid,Madrid,Madrid,16,Úrsula Zamora Honduvilla,Mujer,TRUE,FALSE,Cs,FALSE,,CIUDADANOS-PARTIDO DE LA CIUDADANÍA (Cs),,c_mad_2023.pdf,dirigido:candnum
autonomous_2023_05,2023,Asamblea de Madrid,Madrid,Madrid,17,Guillermo Alegre Manzano,Hombre,TRUE,FALSE,Cs,FALSE,,CIUDADANOS-PARTIDO DE LA CIUDADANÍA (Cs),,c_mad_2023.pdf,dirigido:candnum
autonomous_2023_05,2023,Asamblea de Madrid,Madrid,Madrid,18,Liliana Pérez Pazo,Mujer,TRUE,FALSE,Cs,FALSE,,CIUDADANOS-PARTIDO DE LA CIUDADANÍA (Cs),,c_mad_2023.pdf,dirigido:candnum
autonomous_2023_05,2023,Asamblea de Madrid,Madrid,Madrid,19,Borja Soto Foxá,Hombre,TRUE,FALSE,Cs,FALSE,,CIUDADANOS-PARTIDO DE LA CIUDADANÍA (Cs),,c_mad_2023.pdf,dirigido:candnum
autonomous_2023_05,2023,Asamblea de Madrid,Madrid,Madrid,20,Joaquín Patilla Ramos,Hombre,TRUE,FALSE,Cs,FALSE,,CIUDADANOS-PARTIDO DE LA CIUDADANÍA (Cs),,c_mad_2023.pdf,dirigido:candnum
autonomous_2023_05,2023,Asamblea de Madrid,Madrid,Madrid,21,José Antonio Luelmo Recio,Hombre,TRUE,FALSE,Cs,FALSE,,CIUDADANOS-PARTIDO DE LA CIUDADANÍA (Cs),,c_mad_2023.pdf,dirigido:candnum
autonomous_2023_05,2023,Asamblea de Madrid,Madrid,Madrid,22,Francisca Hita Taravillo,Mujer,TRUE,FALSE,Cs,FALSE,,CIUDADANOS-PARTIDO DE LA CIUDADANÍA (Cs),,c_mad_2023.pdf,dirigido:candnum
autonomous_2023_05,2023,Asamblea de Madrid,Madrid,Madrid,23,Adrián Fernández García,Hombre,TRUE,FALSE,Cs,FALSE,,CIUDADANOS-PARTIDO DE LA CIUDADANÍA (Cs),,c_mad_2023.pdf,dirigido:candnum
autonomous_2023_05,2023,Asamblea de Madrid,Madrid,Madrid,24,María Inmaculada Gutiérrez Prieto,Mujer,TRUE,FALSE,Cs,FALSE,,CIUDADANOS-PARTIDO DE LA CIUDADANÍA (Cs),,c_mad_2023.pdf,dirigido:candnum
autonomous_2023_05,2023,Asamblea de Madrid,Madrid,Madrid,25,Francisco Mimoso Salinas,Hombre,TRUE,FALSE,Cs,FALSE,,CIUDADANOS-PARTIDO DE LA CIUDADANÍA (Cs),,c_mad_2023.pdf,dirigido:candnum
autonomous_2023_05,2023,Asamblea de Madrid,Madrid,Madrid,26,Miguel Urra Canales,Hombre,TRUE,FALSE,Cs,FALSE,,CIUDADANOS-PARTIDO DE LA CIUDADANÍA (Cs),,c_mad_2023.pdf,dirigido:candnum
autonomous_2023_05,2023,Asamblea de Madrid,Madrid,Madrid,27,Roberto Baldanta Tello,Hombre,TRUE,FALSE,Cs,FALSE,,CIUDADANOS-PARTIDO DE LA CIUDADANÍA (Cs),,c_mad_2023.pdf,dirigido:candnum
autonomous_2023_05,2023,Asamblea de Madrid,Madrid,Madrid,28,Sabrina García Pereira,Mujer,TRUE,FALSE,Cs,FALSE,,CIUDADANOS-PARTIDO DE LA CIUDADANÍA (Cs),,c_mad_2023.pdf,dirigido:candnum
autonomous_2023_05,2023,Asamblea de Madrid,Madrid,Madrid,29,Pilar García López,Mujer,TRUE,FALSE,Cs,FALSE,,CIUDADANOS-PARTIDO DE LA CIUDADANÍA (Cs),,c_mad_2023.pdf,dirigido:candnum
autonomous_2023_05,2023,Asamblea de Madrid,Madrid,Madrid,30,Antonio Alejandro Pugliese Pazos,Hombre,TRUE,FALSE,Cs,FALSE,,CIUDADANOS-PARTIDO DE LA CIUDADANÍA (Cs),,c_mad_2023.pdf,dirigido:candnum
autonomous_2023_05,2023,Asamblea de Madrid,Madrid,Madrid,31,Luis Antonio Gil Tardón,Hombre,TRUE,FALSE,Cs,FALSE,,CIUDADANOS-PARTIDO DE LA CIUDADANÍA (Cs),,c_mad_2023.pdf,dirigido:candnum
autonomous_2023_05,2023,Asamblea de Madrid,Madrid,Madrid,32,Jesús Pérez Sánchez,Hombre,TRUE,FALSE,Cs,FALSE,,CIUDADANOS-PARTIDO DE LA CIUDADANÍA (Cs),,c_mad_2023.pdf,dirigido:candnum
autonomous_2023_05,2023,Asamblea de Madrid,Madrid,Madrid,33,Eva Sáenz de Pipaón Cortes,Mujer,TRUE,FALSE,Cs,FALSE,,CIUDADANOS-PARTIDO DE LA CIUDADANÍA (Cs),,c_mad_2023.pdf,dirigido:candnum
autonomous_2023_05,2023,Asamblea de Madrid,Madrid,Madrid,34,Romina Giovanniello Lorenzo,Mujer,TRUE,FALSE,Cs,FALSE,,CIUDADANOS-PARTIDO DE LA CIUDADANÍA (Cs),,c_mad_2023.pdf,dirigido:candnum
autonomous_2023_05,2023,Asamblea de Madrid,Madrid,Madrid,35,Justo Cardeña Cedillo,Hombre,TRUE,FALSE,Cs,FALSE,,CIUDADANOS-PARTIDO DE LA CIUDADANÍA (Cs),,c_mad_2023.pdf,dirigido:candnum
autonomous_2023_05,2023,Asamblea de Madrid,Madrid,Madrid,36,Raquel Gómez Gordo,Mujer,TRUE,FALSE,Cs,FALSE,,CIUDADANOS-PARTIDO DE LA CIUDADANÍA (Cs),,c_mad_2023.pdf,dirigido:candnum
autonomous_2023_05,2023,Asamblea de Madrid,Madrid,Madrid,37,Jorge Martínez Bárcena,Hombre,TRUE,FALSE,Cs,FALSE,,CIUDADANOS-PARTIDO DE LA CIUDADANÍA (Cs),,c_mad_2023.pdf,dirigido:candnum
autonomous_2023_05,2023,Asamblea de Madrid,Madrid,Madrid,38,Francisco Palomo Pozas,Hombre,TRUE,FALSE,Cs,FALSE,,CIUDADANOS-PARTIDO DE LA CIUDADANÍA (Cs),,c_mad_2023.pdf,dirigido:candnum
autonomous_2023_05,2023,Asamblea de Madrid,Madrid,Madrid,39,Trinidad Luque Moral,Mujer,TRUE,FALSE,Cs,FALSE,,CIUDADANOS-PARTIDO DE LA CIUDADANÍA (Cs),,c_mad_2023.pdf,dirigido:candnum
autonomous_2023_05,2023,Asamblea de Madrid,Madrid,Madrid,40,Miguel Ángel Sánchez de Mora-Chía,Hombre,TRUE,FALSE,Cs,FALSE,,CIUDADANOS-PARTIDO DE LA CIUDADANÍA (Cs),,c_mad_2023.pdf,dirigido:candnum
autonomous_2023_05,2023,Asamblea de Madrid,Madrid,Madrid,41,Bernardo Arroyo Abad,Hombre,TRUE,FALSE,Cs,FALSE,,CIUDADANOS-PARTIDO DE LA CIUDADANÍA (Cs),,c_mad_2023.pdf,dirigido:candnum
autonomous_2023_05,2023,Asamblea de Madrid,Madrid,Madrid,42,Cristina González González,Mujer,TRUE,FALSE,Cs,FALSE,,CIUDADANOS-PARTIDO DE LA CIUDADANÍA (Cs),,c_mad_2023.pdf,dirigido:candnum
autonomous_2023_05,2023,Asamblea de Madrid,Madrid,Madrid,43,Begoña Gutiérrez Paloma,Mujer,TRUE,FALSE,Cs,FALSE,,CIUDADANOS-PARTIDO DE LA CIUDADANÍA (Cs),,c_mad_2023.pdf,dirigido:candnum
autonomous_2023_05,2023,Asamblea de Madrid,Madrid,Madrid,44,Alexis Ortega Sánchez,Hombre,TRUE,FALSE,Cs,FALSE,,CIUDADANOS-PARTIDO DE LA CIUDADANÍA (Cs),,c_mad_2023.pdf,dirigido:candnum
autonomous_2023_05,2023,Asamblea de Madrid,Madrid,Madrid,45,María Soledad Serrano Carrasco,Mujer,TRUE,FALSE,Cs,FALSE,,CIUDADANOS-PARTIDO DE LA CIUDADANÍA (Cs),,c_mad_2023.pdf,dirigido:candnum
autonomous_2023_05,2023,Asamblea de Madrid,Madrid,Madrid,46,Óscar Barja Conde,Hombre,TRUE,FALSE,Cs,FALSE,,CIUDADANOS-PARTIDO DE LA CIUDADANÍA (Cs),,c_mad_2023.pdf,dirigido:candnum
autonomous_2023_05,2023,Asamblea de Madrid,Madrid,Madrid,47,María Soledad Varea Serrano,Mujer,TRUE,FALSE,Cs,FALSE,,CIUDADANOS-PARTIDO DE LA CIUDADANÍA (Cs),,c_mad_2023.pdf,dirigido:candnum
autonomous_2023_05,2023,Asamblea de Madrid,Madrid,Madrid,48,Luis Alberto Sosa Gayé,Hombre,TRUE,FALSE,Cs,FALSE,,CIUDADANOS-PARTIDO DE LA CIUDADANÍA (Cs),,c_mad_2023.pdf,dirigido:candnum
autonomous_2023_05,2023,Asamblea de Madrid,Madrid,Madrid,49,José Luis Pérez Viú,Hombre,TRUE,FALSE,Cs,FALSE,,CIUDADANOS-PARTIDO DE LA CIUDADANÍA (Cs),,c_mad_2023.pdf,dirigido:candnum
autonomous_2023_05,2023,Asamblea de Madrid,Madrid,Madrid,50,María Jesús Mañero Sanz,Mujer,TRUE,FALSE,Cs,FALSE,,CIUDADANOS-PARTIDO DE LA CIUDADANÍA (Cs),,c_mad_2023.pdf,dirigido:candnum
autonomous_2023_05,2023,Asamblea de Madrid,Madrid,Madrid,51,Julián Cubilla Bolívar,Hombre,TRUE,FALSE,Cs,FALSE,,CIUDADANOS-PARTIDO DE LA CIUDADANÍA (Cs),,c_mad_2023.pdf,dirigido:candnum
autonomous_2023_05,2023,Asamblea de Madrid,Madrid,Madrid,52,Miguel Ángel López García Porrero,Hombre,TRUE,FALSE,Cs,FALSE,,CIUDADANOS-PARTIDO DE LA CIUDADANÍA (Cs),,c_mad_2023.pdf,dirigido:candnum
autonomous_2023_05,2023,Asamblea de Madrid,Madrid,Madrid,53,Gemma Alonso Milano,Mujer,TRUE,FALSE,Cs,FALSE,,CIUDADANOS-PARTIDO DE LA CIUDADANÍA (Cs),,c_mad_2023.pdf,dirigido:candnum
autonomous_2023_05,2023,Asamblea de Madrid,Madrid,Madrid,54,Ángel López Mingorance,Hombre,TRUE,FALSE,Cs,FALSE,,CIUDADANOS-PARTIDO DE LA CIUDADANÍA (Cs),,c_mad_2023.pdf,dirigido:candnum
autonomous_2023_05,2023,Asamblea de Madrid,Madrid,Madrid,55,María Teresa Rego Fernández,Mujer,TRUE,FALSE,Cs,FALSE,,CIUDADANOS-PARTIDO DE LA CIUDADANÍA (Cs),,c_mad_2023.pdf,dirigido:candnum
autonomous_2023_05,2023,Asamblea de Madrid,Madrid,Madrid,56,Tomás Antonio Patricio Arrimadas,Hombre,TRUE,FALSE,Cs,FALSE,,CIUDADANOS-PARTIDO DE LA CIUDADANÍA (Cs),,c_mad_2023.pdf,dirigido:candnum
autonomous_2023_05,2023,Asamblea de Madrid,Madrid,Madrid,57,Distinio Gordo Santos,,TRUE,FALSE,Cs,FALSE,,CIUDADANOS-PARTIDO DE LA CIUDADANÍA (Cs),,c_mad_2023.pdf,dirigido:candnum
autonomous_2023_05,2023,Asamblea de Madrid,Madrid,Madrid,58,Carlos García Mangas,Hombre,TRUE,FALSE,Cs,FALSE,,CIUDADANOS-PARTIDO DE LA CIUDADANÍA (Cs),,c_mad_2023.pdf,dirigido:candnum
autonomous_2023_05,2023,Asamblea de Madrid,Madrid,Madrid,59,María Paz Domínguez Blázquez,Mujer,TRUE,FALSE,Cs,FALSE,,CIUDADANOS-PARTIDO DE LA CIUDADANÍA (Cs),,c_mad_2023.pdf,dirigido:candnum
autonomous_2023_05,2023,Asamblea de Madrid,Madrid,Madrid,60,Sonia Cabellos Panizo,Mujer,TRUE,FALSE,Cs,FALSE,,CIUDADANOS-PARTIDO DE LA CIUDADANÍA (Cs),,c_mad_2023.pdf,dirigido:candnum
autonomous_2023_05,2023,Asamblea de Madrid,Madrid,Madrid,61,Javier de la Vera Millán,Hombre,TRUE,FALSE,Cs,FALSE,,CIUDADANOS-PARTIDO DE LA CIUDADANÍA (Cs),,c_mad_2023.pdf,dirigido:candnum
autonomous_2023_05,2023,Asamblea de Madrid,Madrid,Madrid,62,Alejandro Somolinos Picón,Hombre,TRUE,FALSE,Cs,FALSE,,CIUDADANOS-PARTIDO DE LA CIUDADANÍA (Cs),,c_mad_2023.pdf,dirigido:candnum
autonomous_2023_05,2023,Asamblea de Madrid,Madrid,Madrid,63,Carlos Isidro López Crespo,Hombre,TRUE,FALSE,Cs,FALSE,,CIUDADANOS-PARTIDO DE LA CIUDADANÍA (Cs),,c_mad_2023.pdf,dirigido:candnum
autonomous_2023_05,2023,Asamblea de Madrid,Madrid,Madrid,64,Lourdes Morales Fernández,Mujer,TRUE,FALSE,Cs,FALSE,,CIUDADANOS-PARTIDO DE LA CIUDADANÍA (Cs),,c_mad_2023.pdf,dirigido:candnum
autonomous_2023_05,2023,Asamblea de Madrid,Madrid,Madrid,65,Lorena Yuste Rodríguez,Mujer,TRUE,FALSE,Cs,FALSE,,CIUDADANOS-PARTIDO DE LA CIUDADANÍA (Cs),,c_mad_2023.pdf,dirigido:candnum
autonomous_2023_05,2023,Asamblea de Madrid,Madrid,Madrid,66,Jorge Badorrey Cuesta,Hombre,TRUE,FALSE,Cs,FALSE,,CIUDADANOS-PARTIDO DE LA CIUDADANÍA (Cs),,c_mad_2023.pdf,dirigido:candnum
autonomous_2023_05,2023,Asamblea de Madrid,Madrid,Madrid,67,Ignacio Palominos Biezma,Hombre,TRUE,FALSE,Cs,FALSE,,CIUDADANOS-PARTIDO DE LA CIUDADANÍA (Cs),,c_mad_2023.pdf,dirigido:candnum
autonomous_2023_05,2023,Asamblea de Madrid,Madrid,Madrid,68,Inés Pastor Cerezo,Mujer,TRUE,FALSE,Cs,FALSE,,CIUDADANOS-PARTIDO DE LA CIUDADANÍA (Cs),,c_mad_2023.pdf,dirigido:candnum
autonomous_2023_05,2023,Asamblea de Madrid,Madrid,Madrid,69,María Isabel Villoria Portela,Mujer,TRUE,FALSE,Cs,FALSE,,CIUDADANOS-PARTIDO DE LA CIUDADANÍA (Cs),,c_mad_2023.pdf,dirigido:candnum
autonomous_2023_05,2023,Asamblea de Madrid,Madrid,Madrid,70,Félix Méndez Fernández,Hombre,TRUE,FALSE,Cs,FALSE,,CIUDADANOS-PARTIDO DE LA CIUDADANÍA (Cs),,c_mad_2023.pdf,dirigido:candnum
autonomous_2023_05,2023,Asamblea de Madrid,Madrid,Madrid,71,José Vicente Escovedo Ramos,Hombre,TRUE,FALSE,Cs,FALSE,,CIUDADANOS-PARTIDO DE LA CIUDADANÍA (Cs),,c_mad_2023.pdf,dirigido:candnum
autonomous_2023_05,2023,Asamblea de Madrid,Madrid,Madrid,72,José Luis Ramos Cortina,Hombre,TRUE,FALSE,Cs,FALSE,,CIUDADANOS-PARTIDO DE LA CIUDADANÍA (Cs),,c_mad_2023.pdf,dirigido:candnum
autonomous_2023_05,2023,Asamblea de Madrid,Madrid,Madrid,73,Verónica Vilches Miltcheva,Mujer,TRUE,FALSE,Cs,FALSE,,CIUDADANOS-PARTIDO DE LA CIUDADANÍA (Cs),,c_mad_2023.pdf,dirigido:candnum
autonomous_2023_05,2023,Asamblea de Madrid,Madrid,Madrid,74,Santiago Torres Alegre,Hombre,TRUE,FALSE,Cs,FALSE,,CIUDADANOS-PARTIDO DE LA CIUDADANÍA (Cs),,c_mad_2023.pdf,dirigido:candnum
autonomous_2023_05,2023,Asamblea de Madrid,Madrid,Madrid,75,Josefa del Dedo Fernández,Mujer,TRUE,FALSE,Cs,FALSE,,CIUDADANOS-PARTIDO DE LA CIUDADANÍA (Cs),,c_mad_2023.pdf,dirigido:candnum
autonomous_2023_05,2023,Asamblea de Madrid,Madrid,Madrid,76,Sergio Conde Rojo,Hombre,TRUE,FALSE,Cs,FALSE,,CIUDADANOS-PARTIDO DE LA CIUDADANÍA (Cs),,c_mad_2023.pdf,dirigido:candnum
autonomous_2023_05,2023,Asamblea de Madrid,Madrid,Madrid,77,José Tomás Castillo Pérez,Hombre,TRUE,FALSE,Cs,FALSE,,CIUDADANOS-PARTIDO DE LA CIUDADANÍA (Cs),,c_mad_2023.pdf,dirigido:candnum
autonomous_2023_05,2023,Asamblea de Madrid,Madrid,Madrid,78,Cristina Fernández Losada,Mujer,TRUE,FALSE,Cs,FALSE,,CIUDADANOS-PARTIDO DE LA CIUDADANÍA (Cs),,c_mad_2023.pdf,dirigido:candnum
autonomous_2023_05,2023,Asamblea de Madrid,Madrid,Madrid,79,Francisca Rebollo Cicuéndez,Mujer,TRUE,FALSE,Cs,FALSE,,CIUDADANOS-PARTIDO DE LA CIUDADANÍA (Cs),,c_mad_2023.pdf,dirigido:candnum
autonomous_2023_05,2023,Asamblea de Madrid,Madrid,Madrid,80,Alba María Padrino Cobo,Mujer,TRUE,FALSE,Cs,FALSE,,CIUDADANOS-PARTIDO DE LA CIUDADANÍA (Cs),,c_mad_2023.pdf,dirigido:candnum
autonomous_2023_05,2023,Asamblea de Madrid,Madrid,Madrid,81,Juan Carlos Espada Puerta,Hombre,TRUE,FALSE,Cs,FALSE,,CIUDADANOS-PARTIDO DE LA CIUDADANÍA (Cs),,c_mad_2023.pdf,dirigido:candnum
autonomous_2023_05,2023,Asamblea de Madrid,Madrid,Madrid,82,David Cifuentes Martín,Hombre,TRUE,FALSE,Cs,FALSE,,CIUDADANOS-PARTIDO DE LA CIUDADANÍA (Cs),,c_mad_2023.pdf,dirigido:candnum
autonomous_2023_05,2023,Asamblea de Madrid,Madrid,Madrid,83,Fernando de Gracia Navío,Hombre,TRUE,FALSE,Cs,FALSE,,CIUDADANOS-PARTIDO DE LA CIUDADANÍA (Cs),,c_mad_2023.pdf,dirigido:candnum
autonomous_2023_05,2023,Asamblea de Madrid,Madrid,Madrid,84,Julia María González Herrero,Mujer,TRUE,FALSE,Cs,FALSE,,CIUDADANOS-PARTIDO DE LA CIUDADANÍA (Cs),,c_mad_2023.pdf,dirigido:candnum
autonomous_2023_05,2023,Asamblea de Madrid,Madrid,Madrid,85,Juliana Martínez Sánchez,Mujer,TRUE,FALSE,Cs,FALSE,,CIUDADANOS-PARTIDO DE LA CIUDADANÍA (Cs),,c_mad_2023.pdf,dirigido:candnum
autonomous_2023_05,2023,Asamblea de Madrid,Madrid,Madrid,86,Juan Pérez Calderón,Hombre,TRUE,FALSE,Cs,FALSE,,CIUDADANOS-PARTIDO DE LA CIUDADANÍA (Cs),,c_mad_2023.pdf,dirigido:candnum
autonomous_2023_05,2023,Asamblea de Madrid,Madrid,Madrid,87,Javier Agejas Martínez,Hombre,TRUE,FALSE,Cs,FALSE,,CIUDADANOS-PARTIDO DE LA CIUDADANÍA (Cs),,c_mad_2023.pdf,dirigido:candnum
autonomous_2023_05,2023,Asamblea de Madrid,Madrid,Madrid,88,María Sonia Arbex García,Mujer,TRUE,FALSE,Cs,FALSE,,CIUDADANOS-PARTIDO DE LA CIUDADANÍA (Cs),,c_mad_2023.pdf,dirigido:candnum
autonomous_2023_05,2023,Asamblea de Madrid,Madrid,Madrid,89,Antonio Arroyo Quero,Hombre,TRUE,FALSE,Cs,FALSE,,CIUDADANOS-PARTIDO DE LA CIUDADANÍA (Cs),,c_mad_2023.pdf,dirigido:candnum
autonomous_2023_05,2023,Asamblea de Madrid,Madrid,Madrid,90,Lorena Galindo Fiallegas,Mujer,TRUE,FALSE,Cs,FALSE,,CIUDADANOS-PARTIDO DE LA CIUDADANÍA (Cs),,c_mad_2023.pdf,dirigido:candnum
autonomous_2023_05,2023,Asamblea de Madrid,Madrid,Madrid,91,Mariano de Toro Torregrosa,Hombre,TRUE,FALSE,Cs,FALSE,,CIUDADANOS-PARTIDO DE LA CIUDADANÍA (Cs),,c_mad_2023.pdf,dirigido:candnum
autonomous_2023_05,2023,Asamblea de Madrid,Madrid,Madrid,92,Íñigo Aymat de Guezala,Hombre,TRUE,FALSE,Cs,FALSE,,CIUDADANOS-PARTIDO DE LA CIUDADANÍA (Cs),,c_mad_2023.pdf,dirigido:candnum
autonomous_2023_05,2023,Asamblea de Madrid,Madrid,Madrid,93,Natalia Maqueda Martín,Mujer,TRUE,FALSE,Cs,FALSE,,CIUDADANOS-PARTIDO DE LA CIUDADANÍA (Cs),,c_mad_2023.pdf,dirigido:candnum
autonomous_2023_05,2023,Asamblea de Madrid,Madrid,Madrid,94,José Manuel Hurtado Helguero,Hombre,TRUE,FALSE,Cs,FALSE,,CIUDADANOS-PARTIDO DE LA CIUDADANÍA (Cs),,c_mad_2023.pdf,dirigido:candnum
autonomous_2023_05,2023,Asamblea de Madrid,Madrid,Madrid,95,Elena Asperilla Miguel,Mujer,TRUE,FALSE,Cs,FALSE,,CIUDADANOS-PARTIDO DE LA CIUDADANÍA (Cs),,c_mad_2023.pdf,dirigido:candnum
autonomous_2023_05,2023,Asamblea de Madrid,Madrid,Madrid,96,Miguel Ángel González Rivero,Hombre,TRUE,FALSE,Cs,FALSE,,CIUDADANOS-PARTIDO DE LA CIUDADANÍA (Cs),,c_mad_2023.pdf,dirigido:candnum
autonomous_2023_05,2023,Asamblea de Madrid,Madrid,Madrid,97,Luis Gonzaga Cayetano Sainz,Hombre,TRUE,FALSE,Cs,FALSE,,CIUDADANOS-PARTIDO DE LA CIUDADANÍA (Cs),,c_mad_2023.pdf,dirigido:candnum
autonomous_2023_05,2023,Asamblea de Madrid,Madrid,Madrid,98,Laura Alicia Pérez del Toro Fernández,Mujer,TRUE,FALSE,Cs,FALSE,,CIUDADANOS-PARTIDO DE LA CIUDADANÍA (Cs),,c_mad_2023.pdf,dirigido:candnum
autonomous_2023_05,2023,Asamblea de Madrid,Madrid,Madrid,99,Miguel Ángel García Pablos,Hombre,TRUE,FALSE,Cs,FALSE,,CIUDADANOS-PARTIDO DE LA CIUDADANÍA (Cs),,c_mad_2023.pdf,dirigido:candnum
autonomous_2023_05,2023,Asamblea de Madrid,Madrid,Madrid,100,Elisabet Jiménez Vázquez,Mujer,TRUE,FALSE,Cs,FALSE,,CIUDADANOS-PARTIDO DE LA CIUDADANÍA (Cs),,c_mad_2023.pdf,dirigido:candnum
autonomous_2023_05,2023,Asamblea de Madrid,Madrid,Madrid,101,María Teresa Cintora Conde,Mujer,TRUE,FALSE,Cs,FALSE,,CIUDADANOS-PARTIDO DE LA CIUDADANÍA (Cs),,c_mad_2023.pdf,dirigido:candnum
autonomous_2023_05,2023,Asamblea de Madrid,Madrid,Madrid,102,Luis Yubero Macúa,Hombre,TRUE,FALSE,Cs,FALSE,,CIUDADANOS-PARTIDO DE LA CIUDADANÍA (Cs),,c_mad_2023.pdf,dirigido:candnum
autonomous_2023_05,2023,Asamblea de Madrid,Madrid,Madrid,103,Tomás Aparicio Ordóñez,Hombre,TRUE,FALSE,Cs,FALSE,,CIUDADANOS-PARTIDO DE LA CIUDADANÍA (Cs),,c_mad_2023.pdf,dirigido:candnum
autonomous_2023_05,2023,Asamblea de Madrid,Madrid,Madrid,104,Ascensión Pedrajas Ortega,Mujer,TRUE,FALSE,Cs,FALSE,,CIUDADANOS-PARTIDO DE LA CIUDADANÍA (Cs),,c_mad_2023.pdf,dirigido:candnum
autonomous_2023_05,2023,Asamblea de Madrid,Madrid,Madrid,105,Rubén Fernández Venegas,Hombre,TRUE,FALSE,Cs,FALSE,,CIUDADANOS-PARTIDO DE LA CIUDADANÍA (Cs),,c_mad_2023.pdf,dirigido:candnum
autonomous_2023_05,2023,Asamblea de Madrid,Madrid,Madrid,106,Gloria García Requeno,Mujer,TRUE,FALSE,Cs,FALSE,,CIUDADANOS-PARTIDO DE LA CIUDADANÍA (Cs),,c_mad_2023.pdf,dirigido:candnum
autonomous_2023_05,2023,Asamblea de Madrid,Madrid,Madrid,107,Francisco Javier Hospital Henche,Hombre,TRUE,FALSE,Cs,FALSE,,CIUDADANOS-PARTIDO DE LA CIUDADANÍA (Cs),,c_mad_2023.pdf,dirigido:candnum
autonomous_2023_05,2023,Asamblea de Madrid,Madrid,Madrid,108,Cristina Sanz Esteban,Mujer,TRUE,FALSE,Cs,FALSE,,CIUDADANOS-PARTIDO DE LA CIUDADANÍA (Cs),,c_mad_2023.pdf,dirigido:candnum
autonomous_2023_05,2023,Asamblea de Madrid,Madrid,Madrid,109,Rafael Francisco de Asís Cacho Roldán,Hombre,TRUE,FALSE,Cs,FALSE,,CIUDADANOS-PARTIDO DE LA CIUDADANÍA (Cs),,c_mad_2023.pdf,dirigido:candnum
autonomous_2023_05,2023,Asamblea de Madrid,Madrid,Madrid,110,Roberto Calvo Pacho,Hombre,TRUE,FALSE,Cs,FALSE,,CIUDADANOS-PARTIDO DE LA CIUDADANÍA (Cs),,c_mad_2023.pdf,dirigido:candnum
autonomous_2023_05,2023,Asamblea de Madrid,Madrid,Madrid,111,Álvaro Girol de Jesús,Hombre,TRUE,FALSE,Cs,FALSE,,CIUDADANOS-PARTIDO DE LA CIUDADANÍA (Cs),,c_mad_2023.pdf,dirigido:candnum
autonomous_2023_05,2023,Asamblea de Madrid,Madrid,Madrid,112,César Barral Mayordomo,Hombre,TRUE,FALSE,Cs,FALSE,,CIUDADANOS-PARTIDO DE LA CIUDADANÍA (Cs),,c_mad_2023.pdf,dirigido:candnum
autonomous_2023_05,2023,Asamblea de Madrid,Madrid,Madrid,113,Ana Isabel Santos Alba,Mujer,TRUE,FALSE,Cs,FALSE,,CIUDADANOS-PARTIDO DE LA CIUDADANÍA (Cs),,c_mad_2023.pdf,dirigido:candnum
autonomous_2023_05,2023,Asamblea de Madrid,Madrid,Madrid,114,Eduardo Pasero Jiménez,Hombre,TRUE,FALSE,Cs,FALSE,,CIUDADANOS-PARTIDO DE LA CIUDADANÍA (Cs),,c_mad_2023.pdf,dirigido:candnum
autonomous_2023_05,2023,Asamblea de Madrid,Madrid,Madrid,115,Elisabet Díaz Jiménez,Mujer,TRUE,FALSE,Cs,FALSE,,CIUDADANOS-PARTIDO DE LA CIUDADANÍA (Cs),,c_mad_2023.pdf,dirigido:candnum
autonomous_2023_05,2023,Asamblea de Madrid,Madrid,Madrid,116,Francisco Bravo Lozano,Hombre,TRUE,FALSE,Cs,FALSE,,CIUDADANOS-PARTIDO DE LA CIUDADANÍA (Cs),,c_mad_2023.pdf,dirigido:candnum
autonomous_2023_05,2023,Asamblea de Madrid,Madrid,Madrid,117,Juan Antonio Orgaz Bravo,Hombre,TRUE,FALSE,Cs,FALSE,,CIUDADANOS-PARTIDO DE LA CIUDADANÍA (Cs),,c_mad_2023.pdf,dirigido:candnum
autonomous_2023_05,2023,Asamblea de Madrid,Madrid,Madrid,118,José Luis Pérez Esteban,Hombre,TRUE,FALSE,Cs,FALSE,,CIUDADANOS-PARTIDO DE LA CIUDADANÍA (Cs),,c_mad_2023.pdf,dirigido:candnum
autonomous_2023_05,2023,Asamblea de Madrid,Madrid,Madrid,119,María del Carmen Gutiérrez Moreno,Mujer,TRUE,FALSE,Cs,FALSE,,CIUDADANOS-PARTIDO DE LA CIUDADANÍA (Cs),,c_mad_2023.pdf,dirigido:candnum
autonomous_2023_05,2023,Asamblea de Madrid,Madrid,Madrid,120,Nuria Domínguez Cuenca,Mujer,TRUE,FALSE,Cs,FALSE,,CIUDADANOS-PARTIDO DE LA CIUDADANÍA (Cs),,c_mad_2023.pdf,dirigido:candnum
autonomous_2023_05,2023,Asamblea de Madrid,Madrid,Madrid,121,Víctor López Bravo,Hombre,TRUE,FALSE,Cs,FALSE,,CIUDADANOS-PARTIDO DE LA CIUDADANÍA (Cs),,c_mad_2023.pdf,dirigido:candnum
autonomous_2023_05,2023,Asamblea de Madrid,Madrid,Madrid,122,Jesús Carretero Santamaría,Hombre,TRUE,FALSE,Cs,FALSE,,CIUDADANOS-PARTIDO DE LA CIUDADANÍA (Cs),,c_mad_2023.pdf,dirigido:candnum
autonomous_2023_05,2023,Asamblea de Madrid,Madrid,Madrid,123,Iván Pizarro Hidalgo,Hombre,TRUE,FALSE,Cs,FALSE,,CIUDADANOS-PARTIDO DE LA CIUDADANÍA (Cs),,c_mad_2023.pdf,dirigido:candnum
autonomous_2023_05,2023,Asamblea de Madrid,Madrid,Madrid,124,Gloria Caballero Díaz,Mujer,TRUE,FALSE,Cs,FALSE,,CIUDADANOS-PARTIDO DE LA CIUDADANÍA (Cs),,c_mad_2023.pdf,dirigido:candnum
autonomous_2023_05,2023,Asamblea de Madrid,Madrid,Madrid,125,Elibeth Espinosa Díaz,,TRUE,FALSE,Cs,FALSE,,CIUDADANOS-PARTIDO DE LA CIUDADANÍA (Cs),,c_mad_2023.pdf,dirigido:candnum
autonomous_2023_05,2023,Asamblea de Madrid,Madrid,Madrid,126,Juan Francisco Valenzuela Suárez,Hombre,TRUE,FALSE,Cs,FALSE,,CIUDADANOS-PARTIDO DE LA CIUDADANÍA (Cs),,c_mad_2023.pdf,dirigido:candnum
autonomous_2023_05,2023,Asamblea de Madrid,Madrid,Madrid,127,Óscar David Díaz Díaz,Hombre,TRUE,FALSE,Cs,FALSE,,CIUDADANOS-PARTIDO DE LA CIUDADANÍA (Cs),,c_mad_2023.pdf,dirigido:candnum
autonomous_2023_05,2023,Asamblea de Madrid,Madrid,Madrid,128,María Aránzazu García Garrido,Mujer,TRUE,FALSE,Cs,FALSE,,CIUDADANOS-PARTIDO DE LA CIUDADANÍA (Cs),,c_mad_2023.pdf,dirigido:candnum
autonomous_2023_05,2023,Asamblea de Madrid,Madrid,Madrid,129,Domingo Jesús Bautista Mérida,Hombre,TRUE,FALSE,Cs,FALSE,,CIUDADANOS-PARTIDO DE LA CIUDADANÍA (Cs),,c_mad_2023.pdf,dirigido:candnum
autonomous_2023_05,2023,Asamblea de Madrid,Madrid,Madrid,130,Amanda Sánchez Sanz,Mujer,TRUE,FALSE,Cs,FALSE,,CIUDADANOS-PARTIDO DE LA CIUDADANÍA (Cs),,c_mad_2023.pdf,dirigido:candnum
autonomous_2023_05,2023,Asamblea de Madrid,Madrid,Madrid,131,Francisco Juárez Cañizares de Baga,Hombre,TRUE,FALSE,Cs,FALSE,,CIUDADANOS-PARTIDO DE LA CIUDADANÍA (Cs),,c_mad_2023.pdf,dirigido:candnum
autonomous_2023_05,2023,Asamblea de Madrid,Madrid,Madrid,132,José Manuel Luna Mera,Hombre,TRUE,FALSE,Cs,FALSE,,CIUDADANOS-PARTIDO DE LA CIUDADANÍA (Cs),,c_mad_2023.pdf,dirigido:candnum
autonomous_2023_05,2023,Asamblea de Madrid,Madrid,Madrid,133,Federico Blanco Berna,Hombre,TRUE,FALSE,Cs,FALSE,,CIUDADANOS-PARTIDO DE LA CIUDADANÍA (Cs),,c_mad_2023.pdf,dirigido:candnum
autonomous_2023_05,2023,Asamblea de Madrid,Madrid,Madrid,134,Mónica Pérez Uriel,Mujer,TRUE,FALSE,Cs,FALSE,,CIUDADANOS-PARTIDO DE LA CIUDADANÍA (Cs),,c_mad_2023.pdf,dirigido:candnum
autonomous_2023_05,2023,Asamblea de Madrid,Madrid,Madrid,135,Begoña Villacís Sánchez,Mujer,TRUE,FALSE,Cs,FALSE,,CIUDADANOS-PARTIDO DE LA CIUDADANÍA (Cs),,c_mad_2023.pdf,dirigido:candnum
autonomous_2023_05,2023,Asamblea de Madrid,Madrid,Madrid,1,Laura Zapata Rey,Mujer,FALSE,FALSE,Cs,FALSE,,CIUDADANOS-PARTIDO DE LA CIUDADANÍA (Cs),,c_mad_2023.pdf,dirigido:candnum
autonomous_2023_05,2023,Asamblea de Madrid,Madrid,Madrid,2,Israel Bruce Ortiz Cedillo,Hombre,FALSE,FALSE,Cs,FALSE,,CIUDADANOS-PARTIDO DE LA CIUDADANÍA (Cs),,c_mad_2023.pdf,dirigido:candnum
autonomous_2023_05,2023,Asamblea de Madrid,Madrid,Madrid,3,María Jesús Muñoz Santos,Mujer,FALSE,FALSE,Cs,FALSE,,CIUDADANOS-PARTIDO DE LA CIUDADANÍA (Cs),,c_mad_2023.pdf,dirigido:candnum
autonomous_2023_05,2023,Parlament de les Illes Balears,Illes Balears,Mallorca,1,PATRICIA GUASP BARRERO,Mujer,TRUE,FALSE,Cs,FALSE,,CIUDADANOS-PARTIDO DE LA CIUDADANIA,Cs,jec_bal_2023_ma.pdf,compartido
autonomous_2023_05,2023,Parlament de les Illes Balears,Illes Balears,Mallorca,2,JUAN MANUEL GÓMEZ GORDIOLA,Hombre,TRUE,FALSE,Cs,FALSE,,CIUDADANOS-PARTIDO DE LA CIUDADANIA,Cs,jec_bal_2023_ma.pdf,compartido
autonomous_2023_05,2023,Parlament de les Illes Balears,Illes Balears,Mallorca,3,ANA MARIA ATIENZA GAJETE,Mujer,TRUE,FALSE,Cs,FALSE,,CIUDADANOS-PARTIDO DE LA CIUDADANIA,Cs,jec_bal_2023_ma.pdf,compartido
autonomous_2023_05,2023,Parlament de les Illes Balears,Illes Balears,Mallorca,4,JOSÉ JORGE MARTÍNEZ ATERO,Hombre,TRUE,FALSE,Cs,FALSE,,CIUDADANOS-PARTIDO DE LA CIUDADANIA,Cs,jec_bal_2023_ma.pdf,compartido
autonomous_2023_05,2023,Parlament de les Illes Balears,Illes Balears,Mallorca,5,MAIA ECHAZARRETA OLIVER (Independiente),Mujer,TRUE,FALSE,Cs,FALSE,,CIUDADANOS-PARTIDO DE LA CIUDADANIA,Cs,jec_bal_2023_ma.pdf,compartido
autonomous_2023_05,2023,Parlament de les Illes Balears,Illes Balears,Mallorca,6,RAÚL BAR ACEDO,Hombre,TRUE,FALSE,Cs,FALSE,,CIUDADANOS-PARTIDO DE LA CIUDADANIA,Cs,jec_bal_2023_ma.pdf,compartido
autonomous_2023_05,2023,Parlament de les Illes Balears,Illes Balears,Mallorca,7,IRENE MARINA FORTEZA SERRANO,Mujer,TRUE,FALSE,Cs,FALSE,,CIUDADANOS-PARTIDO DE LA CIUDADANIA,Cs,jec_bal_2023_ma.pdf,compartido
autonomous_2023_05,2023,Parlament de les Illes Balears,Illes Balears,Mallorca,8,JOSÉ MARÍA AMENGUAL JIMÉNEZ,Hombre,TRUE,FALSE,Cs,FALSE,,CIUDADANOS-PARTIDO DE LA CIUDADANIA,Cs,jec_bal_2023_ma.pdf,compartido
autonomous_2023_05,2023,Parlament de les Illes Balears,Illes Balears,Mallorca,9,MAÍA BELEN BOSCH VAZQUEZ (Independiente),Mujer,TRUE,FALSE,Cs,FALSE,,CIUDADANOS-PARTIDO DE LA CIUDADANIA,Cs,jec_bal_2023_ma.pdf,compartido
autonomous_2023_05,2023,Parlament de les Illes Balears,Illes Balears,Mallorca,10,MARC RIERA FÉLIX,Hombre,TRUE,FALSE,Cs,FALSE,,CIUDADANOS-PARTIDO DE LA CIUDADANIA,Cs,jec_bal_2023_ma.pdf,compartido
autonomous_2023_05,2023,Parlament de les Illes Balears,Illes Balears,Mallorca,11,KARIN DESIRÉE ORTUÑO LIÑANA,,TRUE,FALSE,Cs,FALSE,,CIUDADANOS-PARTIDO DE LA CIUDADANIA,Cs,jec_bal_2023_ma.pdf,compartido
autonomous_2023_05,2023,Parlament de les Illes Balears,Illes Balears,Mallorca,12,MARCOS ANIBAL PINELA SOSA,Hombre,TRUE,FALSE,Cs,FALSE,,CIUDADANOS-PARTIDO DE LA CIUDADANIA,Cs,jec_bal_2023_ma.pdf,compartido
autonomous_2023_05,2023,Parlament de les Illes Balears,Illes Balears,Mallorca,13,MARIA LUZ MÉNDEZ MONTERO,Mujer,TRUE,FALSE,Cs,FALSE,,CIUDADANOS-PARTIDO DE LA CIUDADANIA,Cs,jec_bal_2023_ma.pdf,compartido
autonomous_2023_05,2023,Parlament de les Illes Balears,Illes Balears,Mallorca,14,BARTOLOMÉ TUGORES SERVERA,Hombre,TRUE,FALSE,Cs,FALSE,,CIUDADANOS-PARTIDO DE LA CIUDADANIA,Cs,jec_bal_2023_ma.pdf,compartido
autonomous_2023_05,2023,Parlament de les Illes Balears,Illes Balears,Mallorca,15,MARIA DEL PILAR GARCÍA BETETA,Mujer,TRUE,FALSE,Cs,FALSE,,CIUDADANOS-PARTIDO DE LA CIUDADANIA,Cs,jec_bal_2023_ma.pdf,compartido
autonomous_2023_05,2023,Parlament de les Illes Balears,Illes Balears,Mallorca,16,LUIS OLIVA MADRUEÑO,Hombre,TRUE,FALSE,Cs,FALSE,,CIUDADANOS-PARTIDO DE LA CIUDADANIA,Cs,jec_bal_2023_ma.pdf,compartido
autonomous_2023_05,2023,Parlament de les Illes Balears,Illes Balears,Mallorca,17,SARA MARÍA ALMEIDA SALAZAR,Mujer,TRUE,FALSE,Cs,FALSE,,CIUDADANOS-PARTIDO DE LA CIUDADANIA,Cs,jec_bal_2023_ma.pdf,compartido
autonomous_2023_05,2023,Parlament de les Illes Balears,Illes Balears,Mallorca,18,GABINO FORNAS GARCÍA,Hombre,TRUE,FALSE,Cs,FALSE,,CIUDADANOS-PARTIDO DE LA CIUDADANIA,Cs,jec_bal_2023_ma.pdf,compartido
autonomous_2023_05,2023,Parlament de les Illes Balears,Illes Balears,Mallorca,19,MERCEDES MARTÍNEZ LÓPEZ-SELA (Independiente),Mujer,TRUE,FALSE,Cs,FALSE,,CIUDADANOS-PARTIDO DE LA CIUDADANIA,Cs,jec_bal_2023_ma.pdf,compartido
autonomous_2023_05,2023,Parlament de les Illes Balears,Illes Balears,Mallorca,20,LLUÍS GÓMEZ VICTORY (Independiente),Hombre,TRUE,FALSE,Cs,FALSE,,CIUDADANOS-PARTIDO DE LA CIUDADANIA,Cs,jec_bal_2023_ma.pdf,compartido
autonomous_2023_05,2023,Parlament de les Illes Balears,Illes Balears,Mallorca,21,MARIA NIEVES JUAN RULLAN,Mujer,TRUE,FALSE,Cs,FALSE,,CIUDADANOS-PARTIDO DE LA CIUDADANIA,Cs,jec_bal_2023_ma.pdf,compartido
autonomous_2023_05,2023,Parlament de les Illes Balears,Illes Balears,Mallorca,22,CARLOS GONZÁLEZ MORENO,Hombre,TRUE,FALSE,Cs,FALSE,,CIUDADANOS-PARTIDO DE LA CIUDADANIA,Cs,jec_bal_2023_ma.pdf,compartido
autonomous_2023_05,2023,Parlament de les Illes Balears,Illes Balears,Mallorca,23,ANTONIA CORTÉS MIRÓ,Mujer,TRUE,FALSE,Cs,FALSE,,CIUDADANOS-PARTIDO DE LA CIUDADANIA,Cs,jec_bal_2023_ma.pdf,compartido
autonomous_2023_05,2023,Parlament de les Illes Balears,Illes Balears,Mallorca,24,GONZALO MARTÍNEZ SÁNCHEZ,Hombre,TRUE,FALSE,Cs,FALSE,,CIUDADANOS-PARTIDO DE LA CIUDADANIA,Cs,jec_bal_2023_ma.pdf,compartido
autonomous_2023_05,2023,Parlament de les Illes Balears,Illes Balears,Mallorca,25,MÓNICA BEATRIZ GARRAMUÑO LOPEZ (Independiente),Mujer,TRUE,FALSE,Cs,FALSE,,CIUDADANOS-PARTIDO DE LA CIUDADANIA,Cs,jec_bal_2023_ma.pdf,compartido
autonomous_2023_05,2023,Parlament de les Illes Balears,Illes Balears,Mallorca,26,MIGUEL FRANCISCO RAMOS VALDIVIESO,Hombre,TRUE,FALSE,Cs,FALSE,,CIUDADANOS-PARTIDO DE LA CIUDADANIA,Cs,jec_bal_2023_ma.pdf,compartido
autonomous_2023_05,2023,Parlament de les Illes Balears,Illes Balears,Mallorca,27,AMAYA HOLGADO BELZUNCE,Mujer,TRUE,FALSE,Cs,FALSE,,CIUDADANOS-PARTIDO DE LA CIUDADANIA,Cs,jec_bal_2023_ma.pdf,compartido
autonomous_2023_05,2023,Parlament de les Illes Balears,Illes Balears,Mallorca,28,JUAN MUÑOZ DE LEÓN,Hombre,TRUE,FALSE,Cs,FALSE,,CIUDADANOS-PARTIDO DE LA CIUDADANIA,Cs,jec_bal_2023_ma.pdf,compartido
autonomous_2023_05,2023,Parlament de les Illes Balears,Illes Balears,Mallorca,29,ALICIA VERAS GARCÍA,Mujer,TRUE,FALSE,Cs,FALSE,,CIUDADANOS-PARTIDO DE LA CIUDADANIA,Cs,jec_bal_2023_ma.pdf,compartido
autonomous_2023_05,2023,Parlament de les Illes Balears,Illes Balears,Mallorca,30,FRANCISCO JOSÉ MARTÍNEZ ESTEVA,Hombre,TRUE,FALSE,Cs,FALSE,,CIUDADANOS-PARTIDO DE LA CIUDADANIA,Cs,jec_bal_2023_ma.pdf,compartido
autonomous_2023_05,2023,Parlament de les Illes Balears,Illes Balears,Mallorca,31,CATALINA ESCANDELL MARTÍNEZ,Mujer,TRUE,FALSE,Cs,FALSE,,CIUDADANOS-PARTIDO DE LA CIUDADANIA,Cs,jec_bal_2023_ma.pdf,compartido
autonomous_2023_05,2023,Parlament de les Illes Balears,Illes Balears,Mallorca,32,MIGUEL ÁNGUEL MARTÍNEZ AGUILÓ,Hombre,TRUE,FALSE,Cs,FALSE,,CIUDADANOS-PARTIDO DE LA CIUDADANIA,Cs,jec_bal_2023_ma.pdf,compartido
autonomous_2023_05,2023,Parlament de les Illes Balears,Illes Balears,Mallorca,33,EVA POMAR JUAN,Mujer,TRUE,FALSE,Cs,FALSE,,CIUDADANOS-PARTIDO DE LA CIUDADANIA,Cs,jec_bal_2023_ma.pdf,compartido
autonomous_2023_05,2023,Parlament de les Illes Balears,Illes Balears,Mallorca,1,ALEJANDRO PEDRO VALDIVIA SCHNEIDER,Hombre,FALSE,FALSE,Cs,FALSE,,CIUDADANOS-PARTIDO DE LA CIUDADANIA,Cs,jec_bal_2023_ma.pdf,compartido
autonomous_2023_05,2023,Parlament de les Illes Balears,Illes Balears,Mallorca,2,ESTÍBALIZ IZQUIERDO GUITÉRREZ,Mujer,FALSE,FALSE,Cs,FALSE,,CIUDADANOS-PARTIDO DE LA CIUDADANIA,Cs,jec_bal_2023_ma.pdf,compartido
autonomous_2023_05,2023,Parlament de les Illes Balears,Illes Balears,Mallorca,3,RUBÉN ENRIQUE LLULL Núm. 56 2 de mayo de 2023 Fascículo 119 - Sec. III. - Pág. 23644,Hombre,FALSE,FALSE,Cs,FALSE,,CIUDADANOS-PARTIDO DE LA CIUDADANIA,Cs,jec_bal_2023_ma.pdf,compartido
autonomous_2023_05,2023,Parlament de les Illes Balears,Illes Balears,Menorca,1,MANUEL BONMATI PÉREZ (Independiente),Hombre,TRUE,FALSE,Cs,FALSE,,CIUDADANOS-PARTIDO DE LA CIUDADANIA,Cs,c_bal_2023_me.pdf,compartido
autonomous_2023_05,2023,Parlament de les Illes Balears,Illes Balears,Menorca,2,MARISA PONS ROSELLO,Mujer,TRUE,FALSE,Cs,FALSE,,CIUDADANOS-PARTIDO DE LA CIUDADANIA,Cs,c_bal_2023_me.pdf,compartido
autonomous_2023_05,2023,Parlament de les Illes Balears,Illes Balears,Menorca,3,SEBASTIAN AMARO AGUDO,Hombre,TRUE,FALSE,Cs,FALSE,,CIUDADANOS-PARTIDO DE LA CIUDADANIA,Cs,c_bal_2023_me.pdf,compartido
autonomous_2023_05,2023,Parlament de les Illes Balears,Illes Balears,Menorca,4,MARÍA AUXILIADORA PONS MOLL (SAILA),Mujer,TRUE,FALSE,Cs,FALSE,,CIUDADANOS-PARTIDO DE LA CIUDADANIA,Cs,c_bal_2023_me.pdf,compartido
autonomous_2023_05,2023,Parlament de les Illes Balears,Illes Balears,Menorca,5,JOSÉ MARIA TALTAVULL FLORIT,Hombre,TRUE,FALSE,Cs,FALSE,,CIUDADANOS-PARTIDO DE LA CIUDADANIA,Cs,c_bal_2023_me.pdf,compartido
autonomous_2023_05,2023,Parlament de les Illes Balears,Illes Balears,Menorca,6,CRISTINA MARTÍN ALBELLA,Mujer,TRUE,FALSE,Cs,FALSE,,CIUDADANOS-PARTIDO DE LA CIUDADANIA,Cs,c_bal_2023_me.pdf,compartido
autonomous_2023_05,2023,Parlament de les Illes Balears,Illes Balears,Menorca,7,OSCAR GIL GARCIA,Hombre,TRUE,FALSE,Cs,FALSE,,CIUDADANOS-PARTIDO DE LA CIUDADANIA,Cs,c_bal_2023_me.pdf,compartido
autonomous_2023_05,2023,Parlament de les Illes Balears,Illes Balears,Menorca,8,SARA ALCINA MESQUIDA,Mujer,TRUE,FALSE,Cs,FALSE,,CIUDADANOS-PARTIDO DE LA CIUDADANIA,Cs,c_bal_2023_me.pdf,compartido
autonomous_2023_05,2023,Parlament de les Illes Balears,Illes Balears,Menorca,9,FRANCISCO CALDERÓN PRIETO,Hombre,TRUE,FALSE,Cs,FALSE,,CIUDADANOS-PARTIDO DE LA CIUDADANIA,Cs,c_bal_2023_me.pdf,compartido
autonomous_2023_05,2023,Parlament de les Illes Balears,Illes Balears,Menorca,10,NURIA MERCADAL MARQUES,Mujer,TRUE,FALSE,Cs,FALSE,,CIUDADANOS-PARTIDO DE LA CIUDADANIA,Cs,c_bal_2023_me.pdf,compartido
autonomous_2023_05,2023,Parlament de les Illes Balears,Illes Balears,Menorca,11,ANTONIO JOSE POMAR MORLA,Hombre,TRUE,FALSE,Cs,FALSE,,CIUDADANOS-PARTIDO DE LA CIUDADANIA,Cs,c_bal_2023_me.pdf,compartido
autonomous_2023_05,2023,Parlament de les Illes Balears,Illes Balears,Menorca,12,ÁNGELA GARCÍA CALDERÓN,Mujer,TRUE,FALSE,Cs,FALSE,,CIUDADANOS-PARTIDO DE LA CIUDADANIA,Cs,c_bal_2023_me.pdf,compartido
autonomous_2023_05,2023,Parlament de les Illes Balears,Illes Balears,Menorca,13,JUAN CANALS CORTÉS,Hombre,TRUE,FALSE,Cs,FALSE,,CIUDADANOS-PARTIDO DE LA CIUDADANIA,Cs,c_bal_2023_me.pdf,compartido
autonomous_2023_05,2023,Parlament de les Illes Balears,Illes Balears,Menorca,1,GLORIA MERCADAL MARQUES,Mujer,FALSE,FALSE,Cs,FALSE,,CIUDADANOS-PARTIDO DE LA CIUDADANIA,Cs,c_bal_2023_me.pdf,compartido
autonomous_2023_05,2023,Parlament de les Illes Balears,Illes Balears,Menorca,2,BORJA GOÑALONS MECA,Hombre,FALSE,FALSE,Cs,FALSE,,CIUDADANOS-PARTIDO DE LA CIUDADANIA,Cs,c_bal_2023_me.pdf,compartido
autonomous_2023_05,2023,Parlament de les Illes Balears,Illes Balears,Menorca,3,DEVORA TERCERO ARMERO (Independiente),Mujer,FALSE,FALSE,Cs,FALSE,,CIUDADANOS-PARTIDO DE LA CIUDADANIA,Cs,c_bal_2023_me.pdf,compartido
autonomous_2023_05,2023,Parlamento de Navarra,Navarra,Navarra,1,CARLOS PÉREZ-NIEVAS LÓPEZ DE GOICOECHEA,Hombre,TRUE,FALSE,Cs,FALSE,,CIUDADANOS (R-7),,jec_nav_2023.pdf,dirigido:rotulo
autonomous_2023_05,2023,Parlamento de Navarra,Navarra,Navarra,2,MARÍA ELENA LLORENTE TRUJILLO,Mujer,TRUE,FALSE,Cs,FALSE,,CIUDADANOS (R-7),,jec_nav_2023.pdf,dirigido:rotulo
autonomous_2023_05,2023,Parlamento de Navarra,Navarra,Navarra,3,ALEJANDRO NESTOR GARCÍA MARTÍNEZ,Hombre,TRUE,FALSE,Cs,FALSE,,CIUDADANOS (R-7),,jec_nav_2023.pdf,dirigido:rotulo
autonomous_2023_05,2023,Parlamento de Navarra,Navarra,Navarra,4,SARA CLIMENT SÁNCHEZ,Mujer,TRUE,FALSE,Cs,FALSE,,CIUDADANOS (R-7),,jec_nav_2023.pdf,dirigido:rotulo
autonomous_2023_05,2023,Parlamento de Navarra,Navarra,Navarra,5,MANUEL JESÚS MOZOTA NÚÑEZ,Hombre,TRUE,FALSE,Cs,FALSE,,CIUDADANOS (R-7),,jec_nav_2023.pdf,dirigido:rotulo
autonomous_2023_05,2023,Parlamento de Navarra,Navarra,Navarra,6,SERGIO LUJAMBIO IRAZABAL,Hombre,TRUE,FALSE,Cs,FALSE,,CIUDADANOS (R-7),,jec_nav_2023.pdf,dirigido:rotulo
autonomous_2023_05,2023,Parlamento de Navarra,Navarra,Navarra,7,DORAMIS DE LA CARIDAD LARRALDE VINET,,TRUE,FALSE,Cs,FALSE,,CIUDADANOS (R-7),,jec_nav_2023.pdf,dirigido:rotulo
autonomous_2023_05,2023,Parlamento de Navarra,Navarra,Navarra,8,DAVID HOLGUIN ESTÉVEZ,Hombre,TRUE,FALSE,Cs,FALSE,,CIUDADANOS (R-7),,jec_nav_2023.pdf,dirigido:rotulo
autonomous_2023_05,2023,Parlamento de Navarra,Navarra,Navarra,9,SONIA PÉREZ MARTÍNEZ,Mujer,TRUE,FALSE,Cs,FALSE,,CIUDADANOS (R-7),,jec_nav_2023.pdf,dirigido:rotulo
autonomous_2023_05,2023,Parlamento de Navarra,Navarra,Navarra,10,JOSÉ MANUEL LÓPEZ ALEMANY,Hombre,TRUE,FALSE,Cs,FALSE,,CIUDADANOS (R-7),,jec_nav_2023.pdf,dirigido:rotulo
autonomous_2023_05,2023,Parlamento de Navarra,Navarra,Navarra,11,ROBERTO ERRO SADA,Hombre,TRUE,FALSE,Cs,FALSE,,CIUDADANOS (R-7),,jec_nav_2023.pdf,dirigido:rotulo
autonomous_2023_05,2023,Parlamento de Navarra,Navarra,Navarra,12,MARÍA JESÚS ALONSO ARTEAGA,Mujer,TRUE,FALSE,Cs,FALSE,,CIUDADANOS (R-7),,jec_nav_2023.pdf,dirigido:rotulo
autonomous_2023_05,2023,Parlamento de Navarra,Navarra,Navarra,13,IÑIGO GALLEGO SAN MIGUEL,Hombre,TRUE,FALSE,Cs,FALSE,,CIUDADANOS (R-7),,jec_nav_2023.pdf,dirigido:rotulo
autonomous_2023_05,2023,Parlamento de Navarra,Navarra,Navarra,14,JESÚS ANTONIO BULDAIN PÉREZ,Hombre,TRUE,FALSE,Cs,FALSE,,CIUDADANOS (R-7),,jec_nav_2023.pdf,dirigido:rotulo
autonomous_2023_05,2023,Parlamento de Navarra,Navarra,Navarra,15,ESTIBALIZ MARÍA GIL MIGUEL,Mujer,TRUE,FALSE,Cs,FALSE,,CIUDADANOS (R-7),,jec_nav_2023.pdf,dirigido:rotulo
autonomous_2023_05,2023,Parlamento de Navarra,Navarra,Navarra,16,JESÚS JOAQUÍN DOMÍNGUEZ SEGURA,Hombre,TRUE,FALSE,Cs,FALSE,,CIUDADANOS (R-7),,jec_nav_2023.pdf,dirigido:rotulo
autonomous_2023_05,2023,Parlamento de Navarra,Navarra,Navarra,17,MANUEL MORENO TORRES,Hombre,TRUE,FALSE,Cs,FALSE,,CIUDADANOS (R-7),,jec_nav_2023.pdf,dirigido:rotulo
autonomous_2023_05,2023,Parlamento de Navarra,Navarra,Navarra,18,ANA MATEO ICHASO,Mujer,TRUE,FALSE,Cs,FALSE,,CIUDADANOS (R-7),,jec_nav_2023.pdf,dirigido:rotulo
autonomous_2023_05,2023,Parlamento de Navarra,Navarra,Navarra,19,MAITE GORRAIZ CASTRO,Mujer,TRUE,FALSE,Cs,FALSE,,CIUDADANOS (R-7),,jec_nav_2023.pdf,dirigido:rotulo
autonomous_2023_05,2023,Parlamento de Navarra,Navarra,Navarra,20,LUIS MIGUEL ALONSO MAYOR,Hombre,TRUE,FALSE,Cs,FALSE,,CIUDADANOS (R-7),,jec_nav_2023.pdf,dirigido:rotulo
autonomous_2023_05,2023,Parlamento de Navarra,Navarra,Navarra,21,ISMAEL ZOCO MURUZÁBAL,Hombre,TRUE,FALSE,Cs,FALSE,,CIUDADANOS (R-7),,jec_nav_2023.pdf,dirigido:rotulo
autonomous_2023_05,2023,Parlamento de Navarra,Navarra,Navarra,22,MARÍA ITZIAR FIGUEROA AGUIRRE,Mujer,TRUE,FALSE,Cs,FALSE,,CIUDADANOS (R-7),,jec_nav_2023.pdf,dirigido:rotulo
autonomous_2023_05,2023,Parlamento de Navarra,Navarra,Navarra,23,HUGO MUGÜERZA MENDOZA,Hombre,TRUE,FALSE,Cs,FALSE,,CIUDADANOS (R-7),,jec_nav_2023.pdf,dirigido:rotulo
autonomous_2023_05,2023,Parlamento de Navarra,Navarra,Navarra,24,JOAQUIN GALLEGO ALDAZ,Hombre,TRUE,FALSE,Cs,FALSE,,CIUDADANOS (R-7),,jec_nav_2023.pdf,dirigido:rotulo
autonomous_2023_05,2023,Parlamento de Navarra,Navarra,Navarra,25,ANNA MALGORZATA RADOMSKA GARDYJAS,Mujer,TRUE,FALSE,Cs,FALSE,,CIUDADANOS (R-7),,jec_nav_2023.pdf,dirigido:rotulo
autonomous_2023_05,2023,Parlamento de Navarra,Navarra,Navarra,26,IVAN CASTELL ZAZPE,Hombre,TRUE,FALSE,Cs,FALSE,,CIUDADANOS (R-7),,jec_nav_2023.pdf,dirigido:rotulo
autonomous_2023_05,2023,Parlamento de Navarra,Navarra,Navarra,27,PALOMA AZONA CASADO,Mujer,TRUE,FALSE,Cs,FALSE,,CIUDADANOS (R-7),,jec_nav_2023.pdf,dirigido:rotulo
autonomous_2023_05,2023,Parlamento de Navarra,Navarra,Navarra,28,JUAN APESTEGUIA OFICIALDEGUI,Hombre,TRUE,FALSE,Cs,FALSE,,CIUDADANOS (R-7),,jec_nav_2023.pdf,dirigido:rotulo
autonomous_2023_05,2023,Parlamento de Navarra,Navarra,Navarra,29,NEREA SESMA PÉREZ,Mujer,TRUE,FALSE,Cs,FALSE,,CIUDADANOS (R-7),,jec_nav_2023.pdf,dirigido:rotulo
autonomous_2023_05,2023,Parlamento de Navarra,Navarra,Navarra,30,DIEGO SÁNCHEZ IRURITA,Hombre,TRUE,FALSE,Cs,FALSE,,CIUDADANOS (R-7),,jec_nav_2023.pdf,dirigido:rotulo
autonomous_2023_05,2023,Parlamento de Navarra,Navarra,Navarra,31,JAVIER ALDAY JIMÉNEZ,Hombre,TRUE,FALSE,Cs,FALSE,,CIUDADANOS (R-7),,jec_nav_2023.pdf,dirigido:rotulo
autonomous_2023_05,2023,Parlamento de Navarra,Navarra,Navarra,32,MARÍA JESÚS URZAIZ SÁENZ,Mujer,TRUE,FALSE,Cs,FALSE,,CIUDADANOS (R-7),,jec_nav_2023.pdf,dirigido:rotulo
autonomous_2023_05,2023,Parlamento de Navarra,Navarra,Navarra,33,JOSÉ LUIS GARCÍA VILLEGAS,Hombre,TRUE,FALSE,Cs,FALSE,,CIUDADANOS (R-7),,jec_nav_2023.pdf,dirigido:rotulo
autonomous_2023_05,2023,Parlamento de Navarra,Navarra,Navarra,34,AMAYA SANTESTEBAN ELORZ,Mujer,TRUE,FALSE,Cs,FALSE,,CIUDADANOS (R-7),,jec_nav_2023.pdf,dirigido:rotulo
autonomous_2023_05,2023,Parlamento de Navarra,Navarra,Navarra,35,FERNANDO SESMA URZAIZ,Hombre,TRUE,FALSE,Cs,FALSE,,CIUDADANOS (R-7),,jec_nav_2023.pdf,dirigido:rotulo
autonomous_2023_05,2023,Parlamento de Navarra,Navarra,Navarra,36,ALEJANDRO CUESTA MARTÍN,Hombre,TRUE,FALSE,Cs,FALSE,,CIUDADANOS (R-7),,jec_nav_2023.pdf,dirigido:rotulo
autonomous_2023_05,2023,Parlamento de Navarra,Navarra,Navarra,37,MARIO VALLEJO RODRÍGUEZ,Hombre,TRUE,FALSE,Cs,FALSE,,CIUDADANOS (R-7),,jec_nav_2023.pdf,dirigido:rotulo
autonomous_2023_05,2023,Parlamento de Navarra,Navarra,Navarra,38,SILVIA MORENO FIGUEROA,Mujer,TRUE,FALSE,Cs,FALSE,,CIUDADANOS (R-7),,jec_nav_2023.pdf,dirigido:rotulo
autonomous_2023_05,2023,Parlamento de Navarra,Navarra,Navarra,39,PASCUAL ALONSO VIDORRETA,Hombre,TRUE,FALSE,Cs,FALSE,,CIUDADANOS (R-7),,jec_nav_2023.pdf,dirigido:rotulo
autonomous_2023_05,2023,Parlamento de Navarra,Navarra,Navarra,40,ESTELA JIMÉNEZ BASTERRA,Mujer,TRUE,FALSE,Cs,FALSE,,CIUDADANOS (R-7),,jec_nav_2023.pdf,dirigido:rotulo
autonomous_2023_05,2023,Parlamento de Navarra,Navarra,Navarra,41,DANIEL SESMA PÉREZ,Hombre,TRUE,FALSE,Cs,FALSE,,CIUDADANOS (R-7),,jec_nav_2023.pdf,dirigido:rotulo
autonomous_2023_05,2023,Parlamento de Navarra,Navarra,Navarra,42,MARTA ALONSO GONZALO,Mujer,TRUE,FALSE,Cs,FALSE,,CIUDADANOS (R-7),,jec_nav_2023.pdf,dirigido:rotulo
autonomous_2023_05,2023,Parlamento de Navarra,Navarra,Navarra,43,MARTA PÉREZ-NIEVAS ARAMBURU,Mujer,TRUE,FALSE,Cs,FALSE,,CIUDADANOS (R-7),,jec_nav_2023.pdf,dirigido:rotulo
autonomous_2023_05,2023,Parlamento de Navarra,Navarra,Navarra,44,ALFREDO FRANCISCO ARROYO FRAIZ,Hombre,TRUE,FALSE,Cs,FALSE,,CIUDADANOS (R-7),,jec_nav_2023.pdf,dirigido:rotulo
autonomous_2023_05,2023,Parlamento de Navarra,Navarra,Navarra,45,MANUELA PÉREZ-NIEVAS ARAMBURU,Mujer,TRUE,FALSE,Cs,FALSE,,CIUDADANOS (R-7),,jec_nav_2023.pdf,dirigido:rotulo
autonomous_2023_05,2023,Parlamento de Navarra,Navarra,Navarra,46,RAFAEL GARCÍA ZAMORA,Hombre,TRUE,FALSE,Cs,FALSE,,CIUDADANOS (R-7),,jec_nav_2023.pdf,dirigido:rotulo
autonomous_2023_05,2023,Parlamento de Navarra,Navarra,Navarra,47,MARIA JESÚS EGUIZABAL GONZÁLEZ,Mujer,TRUE,FALSE,Cs,FALSE,,CIUDADANOS (R-7),,jec_nav_2023.pdf,dirigido:rotulo
autonomous_2023_05,2023,Parlamento de Navarra,Navarra,Navarra,48,MARTA ARAMBURU SADA,Mujer,TRUE,FALSE,Cs,FALSE,,CIUDADANOS (R-7),,jec_nav_2023.pdf,dirigido:rotulo
autonomous_2023_05,2023,Parlamento de Navarra,Navarra,Navarra,49,MARÍA PILAR SADA GONZÁLEZ,Mujer,TRUE,FALSE,Cs,FALSE,,CIUDADANOS (R-7),,jec_nav_2023.pdf,dirigido:rotulo
autonomous_2023_05,2023,Parlamento de Navarra,Navarra,Navarra,50,ALBERTO BONILLA ZAFRA,Hombre,TRUE,FALSE,Cs,FALSE,,CIUDADANOS (R-7),,jec_nav_2023.pdf,dirigido:rotulo
autonomous_2023_05,2023,Junta General del Principado de Asturias,Asturias,Occidente,1,Raquel Fernández Borra,Mujer,TRUE,FALSE,Cs,FALSE,,CIUDADANOS-PARTIDO DE LA CIUDADANIA,Cs,jec_ast_2023.pdf,compartido
autonomous_2023_05,2023,Junta General del Principado de Asturias,Asturias,Occidente,2,Daniel Álvarez Díaz,Hombre,TRUE,FALSE,Cs,FALSE,,CIUDADANOS-PARTIDO DE LA CIUDADANIA,Cs,jec_ast_2023.pdf,compartido
autonomous_2023_05,2023,Junta General del Principado de Asturias,Asturias,Occidente,3,Manuel Fernández González SUPLEMENTO AL núm. 82 de 2-v-2023,Hombre,TRUE,FALSE,Cs,FALSE,,CIUDADANOS-PARTIDO DE LA CIUDADANIA,Cs,jec_ast_2023.pdf,compartido
autonomous_2023_05,2023,Junta General del Principado de Asturias,Asturias,Occidente,4,Eduardo Ceferino Noriega Santos,Hombre,TRUE,FALSE,Cs,FALSE,,CIUDADANOS-PARTIDO DE LA CIUDADANIA,Cs,jec_ast_2023.pdf,compartido
autonomous_2023_05,2023,Junta General del Principado de Asturias,Asturias,Occidente,5,María Virtud Álvarez Pico,Mujer,TRUE,FALSE,Cs,FALSE,,CIUDADANOS-PARTIDO DE LA CIUDADANIA,Cs,jec_ast_2023.pdf,compartido
autonomous_2023_05,2023,Junta General del Principado de Asturias,Asturias,Occidente,6,María del Mar Turatti Ruiz,Mujer,TRUE,FALSE,Cs,FALSE,,CIUDADANOS-PARTIDO DE LA CIUDADANIA,Cs,jec_ast_2023.pdf,compartido
autonomous_2023_05,2023,Junta General del Principado de Asturias,Asturias,Occidente,1,Félix José Gayol Fernández,Hombre,FALSE,FALSE,Cs,FALSE,,CIUDADANOS-PARTIDO DE LA CIUDADANIA,Cs,jec_ast_2023.pdf,compartido
autonomous_2023_05,2023,Junta General del Principado de Asturias,Asturias,Occidente,2,José Fernando Fernández García,Hombre,FALSE,FALSE,Cs,FALSE,,CIUDADANOS-PARTIDO DE LA CIUDADANIA,Cs,jec_ast_2023.pdf,compartido
autonomous_2023_05,2023,Junta General del Principado de Asturias,Asturias,Occidente,3,Regina Lourdes Fernández López,Mujer,FALSE,FALSE,Cs,FALSE,,CIUDADANOS-PARTIDO DE LA CIUDADANIA,Cs,jec_ast_2023.pdf,compartido
autonomous_2023_05,2023,Junta General del Principado de Asturias,Asturias,Oriente,1,Juan Luis Poladura Pidal,Hombre,TRUE,FALSE,Cs,FALSE,,CIUDADANOS-PARTIDO DE LA CIUDADANIA,Cs,jec_ast_2023.pdf,compartido
autonomous_2023_05,2023,Junta General del Principado de Asturias,Asturias,Oriente,2,Rubí Ruisánchez López SUPLEMENTO AL núm. 82 de 2-v-2023,Mujer,TRUE,FALSE,Cs,FALSE,,CIUDADANOS-PARTIDO DE LA CIUDADANIA,Cs,jec_ast_2023.pdf,compartido
autonomous_2023_05,2023,Junta General del Principado de Asturias,Asturias,Oriente,3,José Benjamín Madiedo Victorero,Hombre,TRUE,FALSE,Cs,FALSE,,CIUDADANOS-PARTIDO DE LA CIUDADANIA,Cs,jec_ast_2023.pdf,compartido
autonomous_2023_05,2023,Junta General del Principado de Asturias,Asturias,Oriente,4,María Mazarro Gómez de Santiago,Mujer,TRUE,FALSE,Cs,FALSE,,CIUDADANOS-PARTIDO DE LA CIUDADANIA,Cs,jec_ast_2023.pdf,compartido
autonomous_2023_05,2023,Junta General del Principado de Asturias,Asturias,Oriente,5,Alfredo Miguel Fernández González,Hombre,TRUE,FALSE,Cs,FALSE,,CIUDADANOS-PARTIDO DE LA CIUDADANIA,Cs,jec_ast_2023.pdf,compartido
autonomous_2023_05,2023,Junta General del Principado de Asturias,Asturias,Oriente,1,José Ángel Cayado Rodríguez,Hombre,FALSE,FALSE,Cs,FALSE,,CIUDADANOS-PARTIDO DE LA CIUDADANIA,Cs,jec_ast_2023.pdf,compartido
autonomous_2023_05,2023,Junta General del Principado de Asturias,Asturias,Oriente,2,Irene González Iglesias,Mujer,FALSE,FALSE,Cs,FALSE,,CIUDADANOS-PARTIDO DE LA CIUDADANIA,Cs,jec_ast_2023.pdf,compartido
autonomous_2023_05,2023,Junta General del Principado de Asturias,Asturias,Oriente,3,Adrián Luis Llaneza,Hombre,FALSE,FALSE,Cs,FALSE,,CIUDADANOS-PARTIDO DE LA CIUDADANIA,Cs,jec_ast_2023.pdf,compartido
autonomous_2023_05,2023,Asamblea Regional de Murcia,Murcia,Región de Murcia,1,JOSEFA ROS OLIVO,Mujer,TRUE,FALSE,Cs,FALSE,,CIUDADANOS‐PARTIDO DE LA CIUDADANIA,Cs,borm_mur_2023.pdf,compartido
autonomous_2023_05,2023,Asamblea Regional de Murcia,Murcia,Región de Murcia,2,ANDRES ALBERTO ALVAREZ DE CIENFUEGOS GOICOECHEA,Hombre,TRUE,FALSE,Cs,FALSE,,CIUDADANOS‐PARTIDO DE LA CIUDADANIA,Cs,borm_mur_2023.pdf,compartido
autonomous_2023_05,2023,Asamblea Regional de Murcia,Murcia,Región de Murcia,3,MARIA RAQUEL SANCHEZ RUIZ,Mujer,TRUE,FALSE,Cs,FALSE,,CIUDADANOS‐PARTIDO DE LA CIUDADANIA,Cs,borm_mur_2023.pdf,compartido
autonomous_2023_05,2023,Asamblea Regional de Murcia,Murcia,Región de Murcia,4,LUIS RUANO GARCIA,Hombre,TRUE,FALSE,Cs,FALSE,,CIUDADANOS‐PARTIDO DE LA CIUDADANIA,Cs,borm_mur_2023.pdf,compartido
autonomous_2023_05,2023,Asamblea Regional de Murcia,Murcia,Región de Murcia,5,TOMAS FRANCISCO FERNANDEZ MARTINEZ,Hombre,TRUE,FALSE,Cs,FALSE,,CIUDADANOS‐PARTIDO DE LA CIUDADANIA,Cs,borm_mur_2023.pdf,compartido
autonomous_2023_05,2023,Asamblea Regional de Murcia,Murcia,Región de Murcia,6,MARIA JESUS CACHORRO SANCHEZ,Mujer,TRUE,FALSE,Cs,FALSE,,CIUDADANOS‐PARTIDO DE LA CIUDADANIA,Cs,borm_mur_2023.pdf,compartido
autonomous_2023_05,2023,Asamblea Regional de Murcia,Murcia,Región de Murcia,7,DAVID AGAPITO SANCHEZ HERNANDEZ,Hombre,TRUE,FALSE,Cs,FALSE,,CIUDADANOS‐PARTIDO DE LA CIUDADANIA,Cs,borm_mur_2023.pdf,compartido
autonomous_2023_05,2023,Asamblea Regional de Murcia,Murcia,Región de Murcia,8,ISABEL CAVA PAGAN,Mujer,TRUE,FALSE,Cs,FALSE,,CIUDADANOS‐PARTIDO DE LA CIUDADANIA,Cs,borm_mur_2023.pdf,compartido
autonomous_2023_05,2023,Asamblea Regional de Murcia,Murcia,Región de Murcia,9,CESAR AUGUSTO GINER ALEGRIA,Hombre,TRUE,FALSE,Cs,FALSE,,CIUDADANOS‐PARTIDO DE LA CIUDADANIA,Cs,borm_mur_2023.pdf,compartido
autonomous_2023_05,2023,Asamblea Regional de Murcia,Murcia,Región de Murcia,10,JOSEFA GARCIA LEON,Mujer,TRUE,FALSE,Cs,FALSE,,CIUDADANOS‐PARTIDO DE LA CIUDADANIA,Cs,borm_mur_2023.pdf,compartido
autonomous_2023_05,2023,Asamblea Regional de Murcia,Murcia,Región de Murcia,11,MIGUEL IGNACIO DE PRO BUENO,Hombre,TRUE,FALSE,Cs,FALSE,,CIUDADANOS‐PARTIDO DE LA CIUDADANIA,Cs,borm_mur_2023.pdf,compartido
autonomous_2023_05,2023,Asamblea Regional de Murcia,Murcia,Región de Murcia,12,MARIA ESTHER TENZA PEREZ,Mujer,TRUE,FALSE,Cs,FALSE,,CIUDADANOS‐PARTIDO DE LA CIUDADANIA,Cs,borm_mur_2023.pdf,compartido
autonomous_2023_05,2023,Asamblea Regional de Murcia,Murcia,Región de Murcia,13,AMPARO PEREZ SILVA,Mujer,TRUE,FALSE,Cs,FALSE,,CIUDADANOS‐PARTIDO DE LA CIUDADANIA,Cs,borm_mur_2023.pdf,compartido
autonomous_2023_05,2023,Asamblea Regional de Murcia,Murcia,Región de Murcia,14,DAVID ESPINOSA SERRANO,Hombre,TRUE,FALSE,Cs,FALSE,,CIUDADANOS‐PARTIDO DE LA CIUDADANIA,Cs,borm_mur_2023.pdf,compartido
autonomous_2023_05,2023,Asamblea Regional de Murcia,Murcia,Región de Murcia,15,MIGUEL ANGEL CUTILLAS NAVARRO,Hombre,TRUE,FALSE,Cs,FALSE,,CIUDADANOS‐PARTIDO DE LA CIUDADANIA,Cs,borm_mur_2023.pdf,compartido
autonomous_2023_05,2023,Asamblea Regional de Murcia,Murcia,Región de Murcia,16,FRANCISCO NICOLAS BAÑOS,Hombre,TRUE,FALSE,Cs,FALSE,,CIUDADANOS‐PARTIDO DE LA CIUDADANIA,Cs,borm_mur_2023.pdf,compartido
autonomous_2023_05,2023,Asamblea Regional de Murcia,Murcia,Región de Murcia,17,TOMAS DIEZ DE REVENGA FRANCOS,Hombre,TRUE,FALSE,Cs,FALSE,,CIUDADANOS‐PARTIDO DE LA CIUDADANIA,Cs,borm_mur_2023.pdf,compartido
autonomous_2023_05,2023,Asamblea Regional de Murcia,Murcia,Región de Murcia,18,MARTA ALCARAZ SANCHEZ,Mujer,TRUE,FALSE,Cs,FALSE,,CIUDADANOS‐PARTIDO DE LA CIUDADANIA,Cs,borm_mur_2023.pdf,compartido
autonomous_2023_05,2023,Asamblea Regional de Murcia,Murcia,Región de Murcia,19,FRANCISCO HERNANDEZ RUIZ,Hombre,TRUE,FALSE,Cs,FALSE,,CIUDADANOS‐PARTIDO DE LA CIUDADANIA,Cs,borm_mur_2023.pdf,compartido
autonomous_2023_05,2023,Asamblea Regional de Murcia,Murcia,Región de Murcia,20,ANA MARIA GUILLEN CONESA,Mujer,TRUE,FALSE,Cs,FALSE,,CIUDADANOS‐PARTIDO DE LA CIUDADANIA,Cs,borm_mur_2023.pdf,compartido
autonomous_2023_05,2023,Asamblea Regional de Murcia,Murcia,Región de Murcia,21,DAVID MARTIN NARANJO,Hombre,TRUE,FALSE,Cs,FALSE,,CIUDADANOS‐PARTIDO DE LA CIUDADANIA,Cs,borm_mur_2023.pdf,compartido
autonomous_2023_05,2023,Asamblea Regional de Murcia,Murcia,Región de Murcia,22,ANTONIO VICENTE FREY SANCHEZ,Hombre,TRUE,FALSE,Cs,FALSE,,CIUDADANOS‐PARTIDO DE LA CIUDADANIA,Cs,borm_mur_2023.pdf,compartido
autonomous_2023_05,2023,Asamblea Regional de Murcia,Murcia,Región de Murcia,23,JANA BLANCO HERNANDEZ,Mujer,TRUE,FALSE,Cs,FALSE,,CIUDADANOS‐PARTIDO DE LA CIUDADANIA,Cs,borm_mur_2023.pdf,compartido
autonomous_2023_05,2023,Asamblea Regional de Murcia,Murcia,Región de Murcia,24,JUAN CARLOS FERNANDEZ ZAPATA,Hombre,TRUE,FALSE,Cs,FALSE,,CIUDADANOS‐PARTIDO DE LA CIUDADANIA,Cs,borm_mur_2023.pdf,compartido
autonomous_2023_05,2023,Asamblea Regional de Murcia,Murcia,Región de Murcia,25,MARIA REMEDIOS MARTINEZ LOZANO,Mujer,TRUE,FALSE,Cs,FALSE,,CIUDADANOS‐PARTIDO DE LA CIUDADANIA,Cs,borm_mur_2023.pdf,compartido
autonomous_2023_05,2023,Asamblea Regional de Murcia,Murcia,Región de Murcia,26,GONZALO MUÑOZ PEREZ,Hombre,TRUE,FALSE,Cs,FALSE,,CIUDADANOS‐PARTIDO DE LA CIUDADANIA,Cs,borm_mur_2023.pdf,compartido
autonomous_2023_05,2023,Asamblea Regional de Murcia,Murcia,Región de Murcia,27,AGUSTIN ORTEGA CIFRE,Hombre,TRUE,FALSE,Cs,FALSE,,CIUDADANOS‐PARTIDO DE LA CIUDADANIA,Cs,borm_mur_2023.pdf,compartido
autonomous_2023_05,2023,Asamblea Regional de Murcia,Murcia,Región de Murcia,28,CONCEPCION DE LAS MERCEDES ALCANTARA LOPEZ,Mujer,TRUE,FALSE,Cs,FALSE,,CIUDADANOS‐PARTIDO DE LA CIUDADANIA,Cs,borm_mur_2023.pdf,compartido
autonomous_2023_05,2023,Asamblea Regional de Murcia,Murcia,Región de Murcia,29,JOAQUIN BALLESTER FERNANDEZ,Hombre,TRUE,FALSE,Cs,FALSE,,CIUDADANOS‐PARTIDO DE LA CIUDADANIA,Cs,borm_mur_2023.pdf,compartido
autonomous_2023_05,2023,Asamblea Regional de Murcia,Murcia,Región de Murcia,30,MONICA ISABEL LEON NIETO NPE: A-260423-2550 Número 95,Mujer,TRUE,FALSE,Cs,FALSE,,CIUDADANOS‐PARTIDO DE LA CIUDADANIA,Cs,borm_mur_2023.pdf,compartido
autonomous_2023_05,2023,Asamblea Regional de Murcia,Murcia,Región de Murcia,31,JUAN JOSE INIESTA LOSA,Hombre,TRUE,FALSE,Cs,FALSE,,CIUDADANOS‐PARTIDO DE LA CIUDADANIA,Cs,borm_mur_2023.pdf,compartido
autonomous_2023_05,2023,Asamblea Regional de Murcia,Murcia,Región de Murcia,32,JUAN JOSE IZQUIERDO ROS,Hombre,TRUE,FALSE,Cs,FALSE,,CIUDADANOS‐PARTIDO DE LA CIUDADANIA,Cs,borm_mur_2023.pdf,compartido
autonomous_2023_05,2023,Asamblea Regional de Murcia,Murcia,Región de Murcia,33,MARIA PEREZ MORALES,Mujer,TRUE,FALSE,Cs,FALSE,,CIUDADANOS‐PARTIDO DE LA CIUDADANIA,Cs,borm_mur_2023.pdf,compartido
autonomous_2023_05,2023,Asamblea Regional de Murcia,Murcia,Región de Murcia,34,SEBASTIAN CERVANTES BONET,Hombre,TRUE,FALSE,Cs,FALSE,,CIUDADANOS‐PARTIDO DE LA CIUDADANIA,Cs,borm_mur_2023.pdf,compartido
autonomous_2023_05,2023,Asamblea Regional de Murcia,Murcia,Región de Murcia,35,CARMEN MARIA HERNANDEZ HERNANDEZ,Mujer,TRUE,FALSE,Cs,FALSE,,CIUDADANOS‐PARTIDO DE LA CIUDADANIA,Cs,borm_mur_2023.pdf,compartido
autonomous_2023_05,2023,Asamblea Regional de Murcia,Murcia,Región de Murcia,36,DONOSA BUSTAMANTE SANCHEZ,,TRUE,FALSE,Cs,FALSE,,CIUDADANOS‐PARTIDO DE LA CIUDADANIA,Cs,borm_mur_2023.pdf,compartido
autonomous_2023_05,2023,Asamblea Regional de Murcia,Murcia,Región de Murcia,37,MIGUEL BLAS HERNANDEZ ESPINOSA,Hombre,TRUE,FALSE,Cs,FALSE,,CIUDADANOS‐PARTIDO DE LA CIUDADANIA,Cs,borm_mur_2023.pdf,compartido
autonomous_2023_05,2023,Asamblea Regional de Murcia,Murcia,Región de Murcia,38,JUAN CARLOS MOYANO RODRIGUEZ,Hombre,TRUE,FALSE,Cs,FALSE,,CIUDADANOS‐PARTIDO DE LA CIUDADANIA,Cs,borm_mur_2023.pdf,compartido
autonomous_2023_05,2023,Asamblea Regional de Murcia,Murcia,Región de Murcia,39,DAVID VELARDE TRIGUEROS,Hombre,TRUE,FALSE,Cs,FALSE,,CIUDADANOS‐PARTIDO DE LA CIUDADANIA,Cs,borm_mur_2023.pdf,compartido
autonomous_2023_05,2023,Asamblea Regional de Murcia,Murcia,Región de Murcia,40,MARIA BERMUDEZ ALEMAN,Mujer,TRUE,FALSE,Cs,FALSE,,CIUDADANOS‐PARTIDO DE LA CIUDADANIA,Cs,borm_mur_2023.pdf,compartido
autonomous_2023_05,2023,Asamblea Regional de Murcia,Murcia,Región de Murcia,41,EUSEBIO MARTINEZ DIAZ,Hombre,TRUE,FALSE,Cs,FALSE,,CIUDADANOS‐PARTIDO DE LA CIUDADANIA,Cs,borm_mur_2023.pdf,compartido
autonomous_2023_05,2023,Asamblea Regional de Murcia,Murcia,Región de Murcia,42,MARIA DE LOS ANGELES FERNANDEZ FERNANDEZ,Mujer,TRUE,FALSE,Cs,FALSE,,CIUDADANOS‐PARTIDO DE LA CIUDADANIA,Cs,borm_mur_2023.pdf,compartido
autonomous_2023_05,2023,Asamblea Regional de Murcia,Murcia,Región de Murcia,43,SERGIO IVAN ALEJANDRO LOPEZ BASTIDA,Hombre,TRUE,FALSE,Cs,FALSE,,CIUDADANOS‐PARTIDO DE LA CIUDADANIA,Cs,borm_mur_2023.pdf,compartido
autonomous_2023_05,2023,Asamblea Regional de Murcia,Murcia,Región de Murcia,44,MARIA ANGELES MARTI BRAVO,Mujer,TRUE,FALSE,Cs,FALSE,,CIUDADANOS‐PARTIDO DE LA CIUDADANIA,Cs,borm_mur_2023.pdf,compartido
autonomous_2023_05,2023,Asamblea Regional de Murcia,Murcia,Región de Murcia,45,LUIS FRANCISCO FERNANDEZ MARTINEZ,Hombre,TRUE,FALSE,Cs,FALSE,,CIUDADANOS‐PARTIDO DE LA CIUDADANIA,Cs,borm_mur_2023.pdf,compartido
autonomous_2023_05,2023,Asamblea Regional de Murcia,Murcia,Región de Murcia,1,DOMINGO LOPEZ NAVARRO,Hombre,FALSE,FALSE,Cs,FALSE,,CIUDADANOS‐PARTIDO DE LA CIUDADANIA,Cs,borm_mur_2023.pdf,compartido
autonomous_2023_05,2023,Asamblea Regional de Murcia,Murcia,Región de Murcia,2,MATILDE CANO RENGEL,Mujer,FALSE,FALSE,Cs,FALSE,,CIUDADANOS‐PARTIDO DE LA CIUDADANIA,Cs,borm_mur_2023.pdf,compartido
autonomous_2023_05,2023,Asamblea Regional de Murcia,Murcia,Región de Murcia,3,MANUELA REVERTE TERRONES,Mujer,FALSE,FALSE,Cs,FALSE,,CIUDADANOS‐PARTIDO DE LA CIUDADANIA,Cs,borm_mur_2023.pdf,compartido
autonomous_2023_05,2023,Asamblea Regional de Murcia,Murcia,Región de Murcia,4,ANGEL NAVARRO PAGAN,Hombre,FALSE,FALSE,Cs,FALSE,,CIUDADANOS‐PARTIDO DE LA CIUDADANIA,Cs,borm_mur_2023.pdf,compartido
autonomous_2023_05,2023,Asamblea Regional de Murcia,Murcia,Región de Murcia,5,RAUL FERNANDEZ PINZON,Hombre,FALSE,FALSE,Cs,FALSE,,CIUDADANOS‐PARTIDO DE LA CIUDADANIA,Cs,borm_mur_2023.pdf,compartido
autonomous_2023_05,2023,Parlamento de Canarias,Canarias,Tenerife,1,MARÍA ISABEL BELLO BELLO,Mujer,TRUE,FALSE,Cs,FALSE,,CIUDADANOS-PARTIDO DE LA CIUDADANIA,Cs,boc_cnr_2023_b.pdf,extra:unnum
autonomous_2023_05,2023,Parlamento de Canarias,Canarias,Tenerife,2,TOMÁS FÉLIX GARCÍA PÉREZ,Hombre,TRUE,FALSE,Cs,FALSE,,CIUDADANOS-PARTIDO DE LA CIUDADANIA,Cs,boc_cnr_2023_b.pdf,extra:unnum
autonomous_2023_05,2023,Parlamento de Canarias,Canarias,Tenerife,3,BARTOLOMÉ CIRO NODA MARTÍN,Hombre,TRUE,FALSE,Cs,FALSE,,CIUDADANOS-PARTIDO DE LA CIUDADANIA,Cs,boc_cnr_2023_b.pdf,extra:unnum
autonomous_2023_05,2023,Parlamento de Canarias,Canarias,Tenerife,4,MARÍA ARÁNZAZU ARTAL DÍEZ,Mujer,TRUE,FALSE,Cs,FALSE,,CIUDADANOS-PARTIDO DE LA CIUDADANIA,Cs,boc_cnr_2023_b.pdf,extra:unnum
autonomous_2023_05,2023,Parlamento de Canarias,Canarias,Tenerife,5,CÉSAR AUGUSTO GONZÁLEZ GARCÍA,Hombre,TRUE,FALSE,Cs,FALSE,,CIUDADANOS-PARTIDO DE LA CIUDADANIA,Cs,boc_cnr_2023_b.pdf,extra:unnum
autonomous_2023_05,2023,Parlamento de Canarias,Canarias,Tenerife,6,ISIDRO GONZÁLEZ OLIVA,Hombre,TRUE,FALSE,Cs,FALSE,,CIUDADANOS-PARTIDO DE LA CIUDADANIA,Cs,boc_cnr_2023_b.pdf,extra:unnum
autonomous_2023_05,2023,Parlamento de Canarias,Canarias,Tenerife,7,LISMAR DEL CARMEN CHACÓN MORALES,,TRUE,FALSE,Cs,FALSE,,CIUDADANOS-PARTIDO DE LA CIUDADANIA,Cs,boc_cnr_2023_b.pdf,extra:unnum
autonomous_2023_05,2023,Parlamento de Canarias,Canarias,Tenerife,8,VICTORIA EUGENIA FUMERO PERDOMO,Mujer,TRUE,FALSE,Cs,FALSE,,CIUDADANOS-PARTIDO DE LA CIUDADANIA,Cs,boc_cnr_2023_b.pdf,extra:unnum
autonomous_2023_05,2023,Parlamento de Canarias,Canarias,Tenerife,9,LUCIANO BELLO HERNÁNDEZ,Hombre,TRUE,FALSE,Cs,FALSE,,CIUDADANOS-PARTIDO DE LA CIUDADANIA,Cs,boc_cnr_2023_b.pdf,extra:unnum
autonomous_2023_05,2023,Parlamento de Canarias,Canarias,Tenerife,10,ERMINDA PÉREZ GIL,Mujer,TRUE,FALSE,Cs,FALSE,,CIUDADANOS-PARTIDO DE LA CIUDADANIA,Cs,boc_cnr_2023_b.pdf,extra:unnum
autonomous_2023_05,2023,Parlamento de Canarias,Canarias,Tenerife,11,NATALIA ARTEAGA HERNÁNDEZ,Mujer,TRUE,FALSE,Cs,FALSE,,CIUDADANOS-PARTIDO DE LA CIUDADANIA,Cs,boc_cnr_2023_b.pdf,extra:unnum
autonomous_2023_05,2023,Parlamento de Canarias,Canarias,Tenerife,12,JOSÉ ANGEL MORENO GONZÁLEZ,Hombre,TRUE,FALSE,Cs,FALSE,,CIUDADANOS-PARTIDO DE LA CIUDADANIA,Cs,boc_cnr_2023_b.pdf,extra:unnum
autonomous_2023_05,2023,Parlamento de Canarias,Canarias,Tenerife,13,ELEAZARA RAMOS CARLOS,,TRUE,FALSE,Cs,FALSE,,CIUDADANOS-PARTIDO DE LA CIUDADANIA,Cs,boc_cnr_2023_b.pdf,extra:unnum
autonomous_2023_05,2023,Parlamento de Canarias,Canarias,Tenerife,14,JOSE ALBERTO LEÓN ALONSO,Hombre,TRUE,FALSE,Cs,FALSE,,CIUDADANOS-PARTIDO DE LA CIUDADANIA,Cs,boc_cnr_2023_b.pdf,extra:unnum
autonomous_2023_05,2023,Parlamento de Canarias,Canarias,Tenerife,15,ENRIQUE ARRIAGA ÁLVAREZ,Hombre,TRUE,FALSE,Cs,FALSE,,CIUDADANOS-PARTIDO DE LA CIUDADANIA,Cs,boc_cnr_2023_b.pdf,extra:unnum
autonomous_2023_05,2023,Parlamento de Canarias,Canarias,Tenerife,1,CARLA JIMÉNEZ DÍAZ,Mujer,FALSE,FALSE,Cs,FALSE,,CIUDADANOS-PARTIDO DE LA CIUDADANIA,Cs,boc_cnr_2023_b.pdf,extra:unnum
autonomous_2023_05,2023,Parlamento de Canarias,Canarias,Tenerife,2,ANTONIO JESÚS GARCÍA PALENZUELA,Hombre,FALSE,FALSE,Cs,FALSE,,CIUDADANOS-PARTIDO DE LA CIUDADANIA,Cs,boc_cnr_2023_b.pdf,extra:unnum
autonomous_2023_05,2023,Parlamento de Canarias,Canarias,Tenerife,3,MARÍA CANDELARIA GARCÍA GONZÁLEZ,Mujer,FALSE,FALSE,Cs,FALSE,,CIUDADANOS-PARTIDO DE LA CIUDADANIA,Cs,boc_cnr_2023_b.pdf,extra:unnum
autonomous_2023_05,2023,Cortes de Aragón,Aragon,Teruel,1,LUIS OCTAVIO ESTEBAN GUIJARRO (Ciudadanos),Hombre,TRUE,FALSE,Cs-TU ARAGON,TRUE,Ciudadanos y Tu Aragon,CIUDADANOS - TÚ ARAGÓN,CS-TÚ ARAGÓN,jec_ara_2023_te.pdf,compartido
autonomous_2023_05,2023,Cortes de Aragón,Aragon,Teruel,2,NURIA TREGON MARTIN (Ciudadanos),Mujer,TRUE,FALSE,Cs-TU ARAGON,TRUE,Ciudadanos y Tu Aragon,CIUDADANOS - TÚ ARAGÓN,CS-TÚ ARAGÓN,jec_ara_2023_te.pdf,compartido
autonomous_2023_05,2023,Cortes de Aragón,Aragon,Teruel,3,JOSE ANTONIO ESTUPIÑA JULVE (Ciudadanos),Hombre,TRUE,FALSE,Cs-TU ARAGON,TRUE,Ciudadanos y Tu Aragon,CIUDADANOS - TÚ ARAGÓN,CS-TÚ ARAGÓN,jec_ara_2023_te.pdf,compartido
autonomous_2023_05,2023,Cortes de Aragón,Aragon,Teruel,4,AFRICA ZORI MARTINEZ (Ciudadanos),Mujer,TRUE,FALSE,Cs-TU ARAGON,TRUE,Ciudadanos y Tu Aragon,CIUDADANOS - TÚ ARAGÓN,CS-TÚ ARAGÓN,jec_ara_2023_te.pdf,compartido
autonomous_2023_05,2023,Cortes de Aragón,Aragon,Teruel,5,BELEN SANDALINAS MORATA (Ciudadanos),Mujer,TRUE,FALSE,Cs-TU ARAGON,TRUE,Ciudadanos y Tu Aragon,CIUDADANOS - TÚ ARAGÓN,CS-TÚ ARAGÓN,jec_ara_2023_te.pdf,compartido
autonomous_2023_05,2023,Cortes de Aragón,Aragon,Teruel,6,DAVID HERNANZ MARTIN (Ciudadanos),Hombre,TRUE,FALSE,Cs-TU ARAGON,TRUE,Ciudadanos y Tu Aragon,CIUDADANOS - TÚ ARAGÓN,CS-TÚ ARAGÓN,jec_ara_2023_te.pdf,compartido
autonomous_2023_05,2023,Cortes de Aragón,Aragon,Teruel,7,PAULA CAMILA ESCUDER LADINO (Independiente),Mujer,TRUE,FALSE,Cs-TU ARAGON,TRUE,Ciudadanos y Tu Aragon,CIUDADANOS - TÚ ARAGÓN,CS-TÚ ARAGÓN,jec_ara_2023_te.pdf,compartido
autonomous_2023_05,2023,Cortes de Aragón,Aragon,Teruel,8,CASIMIRO CLAVERO TORRES (Ciudadanos),Hombre,TRUE,FALSE,Cs-TU ARAGON,TRUE,Ciudadanos y Tu Aragon,CIUDADANOS - TÚ ARAGÓN,CS-TÚ ARAGÓN,jec_ara_2023_te.pdf,compartido
autonomous_2023_05,2023,Cortes de Aragón,Aragon,Teruel,9,JULIAN SOROLLA MARIN (Independiente),Hombre,TRUE,FALSE,Cs-TU ARAGON,TRUE,Ciudadanos y Tu Aragon,CIUDADANOS - TÚ ARAGÓN,CS-TÚ ARAGÓN,jec_ara_2023_te.pdf,compartido
autonomous_2023_05,2023,Cortes de Aragón,Aragon,Teruel,10,MARIA NATIVIDAD MARQUES RUBIO (Independiente),Mujer,TRUE,FALSE,Cs-TU ARAGON,TRUE,Ciudadanos y Tu Aragon,CIUDADANOS - TÚ ARAGÓN,CS-TÚ ARAGÓN,jec_ara_2023_te.pdf,compartido
autonomous_2023_05,2023,Cortes de Aragón,Aragon,Teruel,11,JAVIER MARTIN TAMBORERO (Independiente),Hombre,TRUE,FALSE,Cs-TU ARAGON,TRUE,Ciudadanos y Tu Aragon,CIUDADANOS - TÚ ARAGÓN,CS-TÚ ARAGÓN,jec_ara_2023_te.pdf,compartido
autonomous_2023_05,2023,Cortes de Aragón,Aragon,Teruel,12,YULY PAOLA SUA VEGA (Independiente),Mujer,TRUE,FALSE,Cs-TU ARAGON,TRUE,Ciudadanos y Tu Aragon,CIUDADANOS - TÚ ARAGÓN,CS-TÚ ARAGÓN,jec_ara_2023_te.pdf,compartido
autonomous_2023_05,2023,Cortes de Aragón,Aragon,Teruel,13,LEYDIS TERESA SPECK WAMBRUG (Ciudadanos),Mujer,TRUE,FALSE,Cs-TU ARAGON,TRUE,Ciudadanos y Tu Aragon,CIUDADANOS - TÚ ARAGÓN,CS-TÚ ARAGÓN,jec_ara_2023_te.pdf,compartido
autonomous_2023_05,2023,Cortes de Aragón,Aragon,Teruel,14,FRANCISCO VAZQUEZ RUIZ (Independiente),Hombre,TRUE,FALSE,Cs-TU ARAGON,TRUE,Ciudadanos y Tu Aragon,CIUDADANOS - TÚ ARAGÓN,CS-TÚ ARAGÓN,jec_ara_2023_te.pdf,compartido
autonomous_2023_05,2023,Cortes de Aragón,Aragon,Teruel,1,FERNANDO JOSE JAVIER TOMAS RUEDA (Ciudadanos) csv: BOA20230502054,Hombre,FALSE,FALSE,Cs-TU ARAGON,TRUE,Ciudadanos y Tu Aragon,CIUDADANOS - TÚ ARAGÓN,CS-TÚ ARAGÓN,jec_ara_2023_te.pdf,compartido
autonomous_2023_05,2023,Cortes de Castilla-La Mancha,Castilla-La Mancha,Toledo,1,ENRIQUE PEINADO HERRERA,Hombre,TRUE,FALSE,Cs,FALSE,,CIUDADANOS-PARTIDO DE LA CIUDADANIA (Cs),Cs,https://elecciones2023.castillalamancha.es/candidaturas/castilla-la-mancha/ciudadanos-partido-de-la-ciudadania-cs,portal JCCM
autonomous_2023_05,2023,Cortes de Castilla-La Mancha,Castilla-La Mancha,Toledo,2,MARÍA DEL MAR RAME MIGUEL,Mujer,TRUE,FALSE,Cs,FALSE,,CIUDADANOS-PARTIDO DE LA CIUDADANIA (Cs),Cs,https://elecciones2023.castillalamancha.es/candidaturas/castilla-la-mancha/ciudadanos-partido-de-la-ciudadania-cs,portal JCCM
autonomous_2023_05,2023,Cortes de Castilla-La Mancha,Castilla-La Mancha,Toledo,3,JESÚS TORRES JEREZ,Hombre,TRUE,FALSE,Cs,FALSE,,CIUDADANOS-PARTIDO DE LA CIUDADANIA (Cs),Cs,https://elecciones2023.castillalamancha.es/candidaturas/castilla-la-mancha/ciudadanos-partido-de-la-ciudadania-cs,portal JCCM
autonomous_2023_05,2023,Cortes de Castilla-La Mancha,Castilla-La Mancha,Toledo,4,MARÍA ASUNCIÓN SANTIAGO SALAZAR,Mujer,TRUE,FALSE,Cs,FALSE,,CIUDADANOS-PARTIDO DE LA CIUDADANIA (Cs),Cs,https://elecciones2023.castillalamancha.es/candidaturas/castilla-la-mancha/ciudadanos-partido-de-la-ciudadania-cs,portal JCCM
autonomous_2023_05,2023,Cortes de Castilla-La Mancha,Castilla-La Mancha,Toledo,5,DAVID CORTÉS JORGE,Hombre,TRUE,FALSE,Cs,FALSE,,CIUDADANOS-PARTIDO DE LA CIUDADANIA (Cs),Cs,https://elecciones2023.castillalamancha.es/candidaturas/castilla-la-mancha/ciudadanos-partido-de-la-ciudadania-cs,portal JCCM
autonomous_2023_05,2023,Cortes de Castilla-La Mancha,Castilla-La Mancha,Toledo,6,SOUMIA CHERKAOUI BAKHADDA,Mujer,TRUE,FALSE,Cs,FALSE,,CIUDADANOS-PARTIDO DE LA CIUDADANIA (Cs),Cs,https://elecciones2023.castillalamancha.es/candidaturas/castilla-la-mancha/ciudadanos-partido-de-la-ciudadania-cs,portal JCCM
autonomous_2023_05,2023,Cortes de Castilla-La Mancha,Castilla-La Mancha,Toledo,7,JULIO CÉSAR AGUDO FERRERO,Hombre,TRUE,FALSE,Cs,FALSE,,CIUDADANOS-PARTIDO DE LA CIUDADANIA (Cs),Cs,https://elecciones2023.castillalamancha.es/candidaturas/castilla-la-mancha/ciudadanos-partido-de-la-ciudadania-cs,portal JCCM
autonomous_2023_05,2023,Cortes de Castilla-La Mancha,Castilla-La Mancha,Toledo,8,VANESA RUIZ ALISEN,Mujer,TRUE,FALSE,Cs,FALSE,,CIUDADANOS-PARTIDO DE LA CIUDADANIA (Cs),Cs,https://elecciones2023.castillalamancha.es/candidaturas/castilla-la-mancha/ciudadanos-partido-de-la-ciudadania-cs,portal JCCM
autonomous_2023_05,2023,Cortes de Castilla-La Mancha,Castilla-La Mancha,Toledo,9,FRANCISCO JAVIER AGUILAR GUIJARRO,Hombre,TRUE,FALSE,Cs,FALSE,,CIUDADANOS-PARTIDO DE LA CIUDADANIA (Cs),Cs,https://elecciones2023.castillalamancha.es/candidaturas/castilla-la-mancha/ciudadanos-partido-de-la-ciudadania-cs,portal JCCM
autonomous_2023_05,2023,Cortes de Castilla-La Mancha,Castilla-La Mancha,Toledo,1,MARÍA ASCENSIÓN LÓPEZ BENÍTEZ,Mujer,FALSE,FALSE,Cs,FALSE,,CIUDADANOS-PARTIDO DE LA CIUDADANIA (Cs),Cs,https://elecciones2023.castillalamancha.es/candidaturas/castilla-la-mancha/ciudadanos-partido-de-la-ciudadania-cs,portal JCCM
autonomous_2023_05,2023,Cortes de Castilla-La Mancha,Castilla-La Mancha,Toledo,2,JOSUE JONATHAN BARCA ROMERO,Hombre,FALSE,FALSE,Cs,FALSE,,CIUDADANOS-PARTIDO DE LA CIUDADANIA (Cs),Cs,https://elecciones2023.castillalamancha.es/candidaturas/castilla-la-mancha/ciudadanos-partido-de-la-ciudadania-cs,portal JCCM
autonomous_2023_05,2023,Cortes de Castilla-La Mancha,Castilla-La Mancha,Toledo,3,NATALIA GARCÍA BLANCO,Mujer,FALSE,FALSE,Cs,FALSE,,CIUDADANOS-PARTIDO DE LA CIUDADANIA (Cs),Cs,https://elecciones2023.castillalamancha.es/candidaturas/castilla-la-mancha/ciudadanos-partido-de-la-ciudadania-cs,portal JCCM
autonomous_2023_05,2023,Corts Valencianes,Comunidad Valenciana,Valencia,1,MAMEN PERIS NAVARRO,Mujer,TRUE,FALSE,Cs,FALSE,,CIUDADANOS-PARTIDO DE LA,,c_val_2023.pdf,compartido
autonomous_2023_05,2023,Corts Valencianes,Comunidad Valenciana,Valencia,2,ESTEFANÍA SAN AGUSTÍN CARAVACA (Independiente),Mujer,TRUE,FALSE,Cs,FALSE,,CIUDADANOS-PARTIDO DE LA,,c_val_2023.pdf,compartido
autonomous_2023_05,2023,Corts Valencianes,Comunidad Valenciana,Valencia,3,JULIO PASCUAL LUCAS,Hombre,TRUE,FALSE,Cs,FALSE,,CIUDADANOS-PARTIDO DE LA,,c_val_2023.pdf,compartido
autonomous_2023_05,2023,Corts Valencianes,Comunidad Valenciana,Valencia,4,FERNANDO MULAS DELGADO,Hombre,TRUE,FALSE,Cs,FALSE,,CIUDADANOS-PARTIDO DE LA,,c_val_2023.pdf,compartido
autonomous_2023_05,2023,Corts Valencianes,Comunidad Valenciana,Valencia,5,FERMÍN ARTAGOITIA CALABUIG (Independiente),Hombre,TRUE,FALSE,Cs,FALSE,,CIUDADANOS-PARTIDO DE LA,,c_val_2023.pdf,compartido
autonomous_2023_05,2023,Corts Valencianes,Comunidad Valenciana,Valencia,6,ALICIA PALLARDÓ BENAVENT,Mujer,TRUE,FALSE,Cs,FALSE,,CIUDADANOS-PARTIDO DE LA,,c_val_2023.pdf,compartido
autonomous_2023_05,2023,Corts Valencianes,Comunidad Valenciana,Valencia,7,FELIPE ARENAS PÉREZ,Hombre,TRUE,FALSE,Cs,FALSE,,CIUDADANOS-PARTIDO DE LA,,c_val_2023.pdf,compartido
autonomous_2023_05,2023,Corts Valencianes,Comunidad Valenciana,Valencia,8,INMACULADA ESTER REDONDO CEBOLLA,Mujer,TRUE,FALSE,Cs,FALSE,,CIUDADANOS-PARTIDO DE LA,,c_val_2023.pdf,compartido
autonomous_2023_05,2023,Corts Valencianes,Comunidad Valenciana,Valencia,9,ALFONSO CONESA LOPEZ (Independiente),Hombre,TRUE,FALSE,Cs,FALSE,,CIUDADANOS-PARTIDO DE LA,,c_val_2023.pdf,compartido
autonomous_2023_05,2023,Corts Valencianes,Comunidad Valenciana,Valencia,10,ANTONIO BLANCO SÁNCHEZ,Hombre,TRUE,FALSE,Cs,FALSE,,CIUDADANOS-PARTIDO DE LA,,c_val_2023.pdf,compartido
autonomous_2023_05,2023,Corts Valencianes,Comunidad Valenciana,Valencia,11,TATIANA SANCHIS ROMEU,Mujer,TRUE,FALSE,Cs,FALSE,,CIUDADANOS-PARTIDO DE LA,,c_val_2023.pdf,compartido
autonomous_2023_05,2023,Corts Valencianes,Comunidad Valenciana,Valencia,12,PEDRO JOSÉ SALMERÓN CARREÑO,Hombre,TRUE,FALSE,Cs,FALSE,,CIUDADANOS-PARTIDO DE LA,,c_val_2023.pdf,compartido
autonomous_2023_05,2023,Corts Valencianes,Comunidad Valenciana,Valencia,13,SALVADOR MONTESINOS ZAMORANO,Hombre,TRUE,FALSE,Cs,FALSE,,CIUDADANOS-PARTIDO DE LA,,c_val_2023.pdf,compartido
autonomous_2023_05,2023,Corts Valencianes,Comunidad Valenciana,Valencia,14,CELIA FUENSANTA BELTRÁN ALBI,Mujer,TRUE,FALSE,Cs,FALSE,,CIUDADANOS-PARTIDO DE LA,,c_val_2023.pdf,compartido
autonomous_2023_05,2023,Corts Valencianes,Comunidad Valenciana,Valencia,15,JUAN PEDRO MARTÍN AVILÉS,Hombre,TRUE,FALSE,Cs,FALSE,,CIUDADANOS-PARTIDO DE LA,,c_val_2023.pdf,compartido
autonomous_2023_05,2023,Corts Valencianes,Comunidad Valenciana,Valencia,16,JESÚS GIMENO PERIS,Hombre,TRUE,FALSE,Cs,FALSE,,CIUDADANOS-PARTIDO DE LA,,c_val_2023.pdf,compartido
autonomous_2023_05,2023,Corts Valencianes,Comunidad Valenciana,Valencia,17,MERCEDES RUBIO GONZÁLEZ,Mujer,TRUE,FALSE,Cs,FALSE,,CIUDADANOS-PARTIDO DE LA,,c_val_2023.pdf,compartido
autonomous_2023_05,2023,Corts Valencianes,Comunidad Valenciana,Valencia,18,MÓNICA CARMEN SÁNCHEZ SORIA,Mujer,TRUE,FALSE,Cs,FALSE,,CIUDADANOS-PARTIDO DE LA,,c_val_2023.pdf,compartido
autonomous_2023_05,2023,Corts Valencianes,Comunidad Valenciana,Valencia,19,JOSÉ VILASECA HARO (Independiente),Hombre,TRUE,FALSE,Cs,FALSE,,CIUDADANOS-PARTIDO DE LA,,c_val_2023.pdf,compartido
autonomous_2023_05,2023,Corts Valencianes,Comunidad Valenciana,Valencia,20,FRANCISCO ESTELLÉS GARCÍA,Hombre,TRUE,FALSE,Cs,FALSE,,CIUDADANOS-PARTIDO DE LA,,c_val_2023.pdf,compartido
autonomous_2023_05,2023,Corts Valencianes,Comunidad Valenciana,Valencia,21,FRANCISCA SALES PUCHADES,Mujer,TRUE,FALSE,Cs,FALSE,,CIUDADANOS-PARTIDO DE LA,,c_val_2023.pdf,compartido
autonomous_2023_05,2023,Corts Valencianes,Comunidad Valenciana,Valencia,22,EVA PILAR MARTÍNEZ CANO,Mujer,TRUE,FALSE,Cs,FALSE,,CIUDADANOS-PARTIDO DE LA,,c_val_2023.pdf,compartido
autonomous_2023_05,2023,Corts Valencianes,Comunidad Valenciana,Valencia,23,SAMUEL SERRANO RODRÍGUEZ,Hombre,TRUE,FALSE,Cs,FALSE,,CIUDADANOS-PARTIDO DE LA,,c_val_2023.pdf,compartido
autonomous_2023_05,2023,Corts Valencianes,Comunidad Valenciana,Valencia,24,JOSÉ ANTONIO PÉREZ LÓPEZ,Hombre,TRUE,FALSE,Cs,FALSE,,CIUDADANOS-PARTIDO DE LA,,c_val_2023.pdf,compartido
autonomous_2023_05,2023,Corts Valencianes,Comunidad Valenciana,Valencia,25,JESÚS SOTOS FERNÁNDEZ,Hombre,TRUE,FALSE,Cs,FALSE,,CIUDADANOS-PARTIDO DE LA,,c_val_2023.pdf,compartido
autonomous_2023_05,2023,Corts Valencianes,Comunidad Valenciana,Valencia,26,ANA SALVADORA CHILET MUÑOZ,Mujer,TRUE,FALSE,Cs,FALSE,,CIUDADANOS-PARTIDO DE LA,,c_val_2023.pdf,compartido
autonomous_2023_05,2023,Corts Valencianes,Comunidad Valenciana,Valencia,27,ANTONIO HERNÁNDIZ CHERMES,Hombre,TRUE,FALSE,Cs,FALSE,,CIUDADANOS-PARTIDO DE LA,,c_val_2023.pdf,compartido
autonomous_2023_05,2023,Corts Valencianes,Comunidad Valenciana,Valencia,28,IGNACIO JOSÉ LLEDÓ CABANES,Hombre,TRUE,FALSE,Cs,FALSE,,CIUDADANOS-PARTIDO DE LA,,c_val_2023.pdf,compartido
autonomous_2023_05,2023,Corts Valencianes,Comunidad Valenciana,Valencia,29,NEUS HERNÁNDEZ UBIEDO,Mujer,TRUE,FALSE,Cs,FALSE,,CIUDADANOS-PARTIDO DE LA,,c_val_2023.pdf,compartido
autonomous_2023_05,2023,Corts Valencianes,Comunidad Valenciana,Valencia,30,MARÍA TERESA CALAFAT FRASQUET,Mujer,TRUE,FALSE,Cs,FALSE,,CIUDADANOS-PARTIDO DE LA,,c_val_2023.pdf,compartido
autonomous_2023_05,2023,Corts Valencianes,Comunidad Valenciana,Valencia,31,MARIA PILAR MOLINA TORRES,Mujer,TRUE,FALSE,Cs,FALSE,,CIUDADANOS-PARTIDO DE LA,,c_val_2023.pdf,compartido
autonomous_2023_05,2023,Corts Valencianes,Comunidad Valenciana,Valencia,32,PABLO GANDUL CASTELLS,Hombre,TRUE,FALSE,Cs,FALSE,,CIUDADANOS-PARTIDO DE LA,,c_val_2023.pdf,compartido
autonomous_2023_05,2023,Corts Valencianes,Comunidad Valenciana,Valencia,33,ROSA MARÍA CRUCERA CASTRO,Mujer,TRUE,FALSE,Cs,FALSE,,CIUDADANOS-PARTIDO DE LA,,c_val_2023.pdf,compartido
autonomous_2023_05,2023,Corts Valencianes,Comunidad Valenciana,Valencia,34,TOMÁS PIQUERAS GIMÉNEZ,Hombre,TRUE,FALSE,Cs,FALSE,,CIUDADANOS-PARTIDO DE LA,,c_val_2023.pdf,compartido
autonomous_2023_05,2023,Corts Valencianes,Comunidad Valenciana,Valencia,35,MELISA BOIX OLLER,Mujer,TRUE,FALSE,Cs,FALSE,,CIUDADANOS-PARTIDO DE LA,,c_val_2023.pdf,compartido
autonomous_2023_05,2023,Corts Valencianes,Comunidad Valenciana,Valencia,36,JOSÉ ANTONIO CARREÑO ROS,Hombre,TRUE,FALSE,Cs,FALSE,,CIUDADANOS-PARTIDO DE LA,,c_val_2023.pdf,compartido
autonomous_2023_05,2023,Corts Valencianes,Comunidad Valenciana,Valencia,37,MATILDE CARDÓS SANZ,Mujer,TRUE,FALSE,Cs,FALSE,,CIUDADANOS-PARTIDO DE LA,,c_val_2023.pdf,compartido
autonomous_2023_05,2023,Corts Valencianes,Comunidad Valenciana,Valencia,38,JOSEFA MARÍA RODRIGO GARCÍA,Mujer,TRUE,FALSE,Cs,FALSE,,CIUDADANOS-PARTIDO DE LA,,c_val_2023.pdf,compartido
autonomous_2023_05,2023,Corts Valencianes,Comunidad Valenciana,Valencia,39,ROBERTO CARLOS OSCÁ GANDÍA,Hombre,TRUE,FALSE,Cs,FALSE,,CIUDADANOS-PARTIDO DE LA,,c_val_2023.pdf,compartido
autonomous_2023_05,2023,Corts Valencianes,Comunidad Valenciana,Valencia,40,JAVIER JORGE CERDÁ,Hombre,TRUE,FALSE,Cs,FALSE,,CIUDADANOS-PARTIDO DE LA,,c_val_2023.pdf,compartido
autonomous_2023_05,2023,Corts Valencianes,Comunidad Valenciana,Valencia,1,LUCÍA GÓMEZ SÁNCHEZ,Mujer,FALSE,FALSE,Cs,FALSE,,CIUDADANOS-PARTIDO DE LA,,c_val_2023.pdf,compartido
autonomous_2023_05,2023,Corts Valencianes,Comunidad Valenciana,Valencia,2,VÍCTOR SANCHIS SERRANO,Hombre,FALSE,FALSE,Cs,FALSE,,CIUDADANOS-PARTIDO DE LA,,c_val_2023.pdf,compartido
autonomous_2023_05,2023,Corts Valencianes,Comunidad Valenciana,Valencia,3,RUBÉN CORONADO SANTAYA,Hombre,FALSE,FALSE,Cs,FALSE,,CIUDADANOS-PARTIDO DE LA,,c_val_2023.pdf,compartido
autonomous_2023_05,2023,Corts Valencianes,Comunidad Valenciana,Valencia,4,MARIA EMILIA GÓMEZ ROSADO,Mujer,FALSE,FALSE,Cs,FALSE,,CIUDADANOS-PARTIDO DE LA,,c_val_2023.pdf,compartido
autonomous_2023_05,2023,Corts Valencianes,Comunidad Valenciana,Valencia,5,BEATRIZ JOVANÍ ORTÍ,Mujer,FALSE,FALSE,Cs,FALSE,,CIUDADANOS-PARTIDO DE LA,,c_val_2023.pdf,compartido
autonomous_2023_05,2023,Corts Valencianes,Comunidad Valenciana,Valencia,6,ALFONSO FRANCISCO LÓPEZ LOMA,Hombre,FALSE,FALSE,Cs,FALSE,,CIUDADANOS-PARTIDO DE LA,,c_val_2023.pdf,compartido
autonomous_2023_05,2023,Cortes de Aragón,Aragon,Zaragoza,1,CARLOS ORTAS MARTIN (CIUDADANOS - TÚ ARAGÓN),Hombre,TRUE,FALSE,Cs-TU ARAGON,TRUE,Ciudadanos y Tu Aragon,CIUDADANOS - TÚ ARAGÓN,CS-TÚ ARAGÓN,c_ara_2023_za.pdf,compartido
autonomous_2023_05,2023,Cortes de Aragón,Aragon,Zaragoza,2,JULIO MANUEL CONDE ALCON (CIUDADANOS - TÚ ARAGÓN),Hombre,TRUE,FALSE,Cs-TU ARAGON,TRUE,Ciudadanos y Tu Aragon,CIUDADANOS - TÚ ARAGÓN,CS-TÚ ARAGÓN,c_ara_2023_za.pdf,compartido
autonomous_2023_05,2023,Cortes de Aragón,Aragon,Zaragoza,3,FRANCISCO JAVIER LANA GARRIDO (CIUDADANOS - TÚ ARAGÓN),Hombre,TRUE,FALSE,Cs-TU ARAGON,TRUE,Ciudadanos y Tu Aragon,CIUDADANOS - TÚ ARAGÓN,CS-TÚ ARAGÓN,c_ara_2023_za.pdf,compartido
autonomous_2023_05,2023,Cortes de Aragón,Aragon,Zaragoza,4,CARMEN PILAR LAMUELA POLO (CIUDADANOS - TÚ ARAGÓN),Mujer,TRUE,FALSE,Cs-TU ARAGON,TRUE,Ciudadanos y Tu Aragon,CIUDADANOS - TÚ ARAGÓN,CS-TÚ ARAGÓN,c_ara_2023_za.pdf,compartido
autonomous_2023_05,2023,Cortes de Aragón,Aragon,Zaragoza,5,CRISTINA SOBRINO DUCAY (CIUDADANOS - TÚ ARAGÓN),Mujer,TRUE,FALSE,Cs-TU ARAGON,TRUE,Ciudadanos y Tu Aragon,CIUDADANOS - TÚ ARAGÓN,CS-TÚ ARAGÓN,c_ara_2023_za.pdf,compartido
autonomous_2023_05,2023,Cortes de Aragón,Aragon,Zaragoza,6,JAVIER PUY GARCES (CIUDADANOS - TÚ ARAGÓN),Hombre,TRUE,FALSE,Cs-TU ARAGON,TRUE,Ciudadanos y Tu Aragon,CIUDADANOS - TÚ ARAGÓN,CS-TÚ ARAGÓN,c_ara_2023_za.pdf,compartido
autonomous_2023_05,2023,Cortes de Aragón,Aragon,Zaragoza,7,VOLGA FRANCISCA RAMIREZ GAMIZ (CIUDADANOS - TÚ ARAGÓN),,TRUE,FALSE,Cs-TU ARAGON,TRUE,Ciudadanos y Tu Aragon,CIUDADANOS - TÚ ARAGÓN,CS-TÚ ARAGÓN,c_ara_2023_za.pdf,compartido
autonomous_2023_05,2023,Cortes de Aragón,Aragon,Zaragoza,8,CARLOS FRANCISCO RUEDA GIMENEZ (CIUDADANOS - TÚ ARAGÓN),Hombre,TRUE,FALSE,Cs-TU ARAGON,TRUE,Ciudadanos y Tu Aragon,CIUDADANOS - TÚ ARAGÓN,CS-TÚ ARAGÓN,c_ara_2023_za.pdf,compartido
autonomous_2023_05,2023,Cortes de Aragón,Aragon,Zaragoza,9,YOLANDA TORRALBA TEJERO (CIUDADANOS - TÚ ARAGÓN),Mujer,TRUE,FALSE,Cs-TU ARAGON,TRUE,Ciudadanos y Tu Aragon,CIUDADANOS - TÚ ARAGÓN,CS-TÚ ARAGÓN,c_ara_2023_za.pdf,compartido
autonomous_2023_05,2023,Cortes de Aragón,Aragon,Zaragoza,10,MARIA AMPARO COCO GOMEZ (CIUDADANOS - TÚ ARAGÓN),Mujer,TRUE,FALSE,Cs-TU ARAGON,TRUE,Ciudadanos y Tu Aragon,CIUDADANOS - TÚ ARAGÓN,CS-TÚ ARAGÓN,c_ara_2023_za.pdf,compartido
autonomous_2023_05,2023,Cortes de Aragón,Aragon,Zaragoza,11,ARTURO VILLALBA LAHUERTA (CIUDADANOS - TÚ ARAGÓN),Hombre,TRUE,FALSE,Cs-TU ARAGON,TRUE,Ciudadanos y Tu Aragon,CIUDADANOS - TÚ ARAGÓN,CS-TÚ ARAGÓN,c_ara_2023_za.pdf,compartido
autonomous_2023_05,2023,Cortes de Aragón,Aragon,Zaragoza,12,MARIA PILAR BURDIO PLANAS (CIUDADANOS - TÚ ARAGÓN),Mujer,TRUE,FALSE,Cs-TU ARAGON,TRUE,Ciudadanos y Tu Aragon,CIUDADANOS - TÚ ARAGÓN,CS-TÚ ARAGÓN,c_ara_2023_za.pdf,compartido
autonomous_2023_05,2023,Cortes de Aragón,Aragon,Zaragoza,13,PABLO BARCELONA DEL RIO (CIUDADANOS - TÚ ARAGÓN),Hombre,TRUE,FALSE,Cs-TU ARAGON,TRUE,Ciudadanos y Tu Aragon,CIUDADANOS - TÚ ARAGÓN,CS-TÚ ARAGÓN,c_ara_2023_za.pdf,compartido
autonomous_2023_05,2023,Cortes de Aragón,Aragon,Zaragoza,14,JAVIER LONGARON LAZARO (CIUDADANOS - TÚ ARAGÓN),Hombre,TRUE,FALSE,Cs-TU ARAGON,TRUE,Ciudadanos y Tu Aragon,CIUDADANOS - TÚ ARAGÓN,CS-TÚ ARAGÓN,c_ara_2023_za.pdf,compartido
autonomous_2023_05,2023,Cortes de Aragón,Aragon,Zaragoza,15,MARIA PILAR LOPEZ MONREAL (CIUDADANOS - TÚ ARAGÓN),Mujer,TRUE,FALSE,Cs-TU ARAGON,TRUE,Ciudadanos y Tu Aragon,CIUDADANOS - TÚ ARAGÓN,CS-TÚ ARAGÓN,c_ara_2023_za.pdf,compartido
autonomous_2023_05,2023,Cortes de Aragón,Aragon,Zaragoza,16,ENRIQUE MARIA GOMEZ LOPEZ (CIUDADANOS - TÚ ARAGÓN),Hombre,TRUE,FALSE,Cs-TU ARAGON,TRUE,Ciudadanos y Tu Aragon,CIUDADANOS - TÚ ARAGÓN,CS-TÚ ARAGÓN,c_ara_2023_za.pdf,compartido
autonomous_2023_05,2023,Cortes de Aragón,Aragon,Zaragoza,17,CONRADO GAYAN ALIACAR (CIUDADANOS - TÚ ARAGÓN) csv: BOA20230502055 Núm. 81,Hombre,TRUE,FALSE,Cs-TU ARAGON,TRUE,Ciudadanos y Tu Aragon,CIUDADANOS - TÚ ARAGÓN,CS-TÚ ARAGÓN,c_ara_2023_za.pdf,compartido
autonomous_2023_05,2023,Cortes de Aragón,Aragon,Zaragoza,18,YOLANDA MARTINEZ MUÑOZ (CIUDADANOS - TÚ ARAGÓN),Mujer,TRUE,FALSE,Cs-TU ARAGON,TRUE,Ciudadanos y Tu Aragon,CIUDADANOS - TÚ ARAGÓN,CS-TÚ ARAGÓN,c_ara_2023_za.pdf,compartido
autonomous_2023_05,2023,Cortes de Aragón,Aragon,Zaragoza,19,CARMEN BERNE MANERO (CIUDADANOS - TÚ ARAGÓN),Mujer,TRUE,FALSE,Cs-TU ARAGON,TRUE,Ciudadanos y Tu Aragon,CIUDADANOS - TÚ ARAGÓN,CS-TÚ ARAGÓN,c_ara_2023_za.pdf,compartido
autonomous_2023_05,2023,Cortes de Aragón,Aragon,Zaragoza,20,BLANCA CEBOLLADA LORENTE (CIUDADANOS - TÚ ARAGÓN),Mujer,TRUE,FALSE,Cs-TU ARAGON,TRUE,Ciudadanos y Tu Aragon,CIUDADANOS - TÚ ARAGÓN,CS-TÚ ARAGÓN,c_ara_2023_za.pdf,compartido
autonomous_2023_05,2023,Cortes de Aragón,Aragon,Zaragoza,21,ALEX SEGURA ENGUIX (CIUDADANOS - TÚ ARAGÓN),Hombre,TRUE,FALSE,Cs-TU ARAGON,TRUE,Ciudadanos y Tu Aragon,CIUDADANOS - TÚ ARAGÓN,CS-TÚ ARAGÓN,c_ara_2023_za.pdf,compartido
autonomous_2023_05,2023,Cortes de Aragón,Aragon,Zaragoza,22,JOSE MARIA LAMBAN PEREZ (CIUDADANOS - TÚ ARAGÓN),Hombre,TRUE,FALSE,Cs-TU ARAGON,TRUE,Ciudadanos y Tu Aragon,CIUDADANOS - TÚ ARAGÓN,CS-TÚ ARAGÓN,c_ara_2023_za.pdf,compartido
autonomous_2023_05,2023,Cortes de Aragón,Aragon,Zaragoza,23,MARIA PILAR MARCO CEBOLLA (CIUDADANOS - TÚ ARAGÓN),Mujer,TRUE,FALSE,Cs-TU ARAGON,TRUE,Ciudadanos y Tu Aragon,CIUDADANOS - TÚ ARAGÓN,CS-TÚ ARAGÓN,c_ara_2023_za.pdf,compartido
autonomous_2023_05,2023,Cortes de Aragón,Aragon,Zaragoza,24,ISABEL SALDAÑA SANCHO (CIUDADANOS - TÚ ARAGÓN),Mujer,TRUE,FALSE,Cs-TU ARAGON,TRUE,Ciudadanos y Tu Aragon,CIUDADANOS - TÚ ARAGÓN,CS-TÚ ARAGÓN,c_ara_2023_za.pdf,compartido
autonomous_2023_05,2023,Cortes de Aragón,Aragon,Zaragoza,25,ESTEBAN JOSE URGEL ESTEBAN (CIUDADANOS - TÚ ARAGÓN),Hombre,TRUE,FALSE,Cs-TU ARAGON,TRUE,Ciudadanos y Tu Aragon,CIUDADANOS - TÚ ARAGÓN,CS-TÚ ARAGÓN,c_ara_2023_za.pdf,compartido
autonomous_2023_05,2023,Cortes de Aragón,Aragon,Zaragoza,26,JORGE JUAN GOMEZ BOROBIA (CIUDADANOS - TÚ ARAGÓN),Hombre,TRUE,FALSE,Cs-TU ARAGON,TRUE,Ciudadanos y Tu Aragon,CIUDADANOS - TÚ ARAGÓN,CS-TÚ ARAGÓN,c_ara_2023_za.pdf,compartido
autonomous_2023_05,2023,Cortes de Aragón,Aragon,Zaragoza,27,MARIA CARMEN ALONSO BELLIDO (CIUDADANOS - TÚ ARAGÓN),Mujer,TRUE,FALSE,Cs-TU ARAGON,TRUE,Ciudadanos y Tu Aragon,CIUDADANOS - TÚ ARAGÓN,CS-TÚ ARAGÓN,c_ara_2023_za.pdf,compartido
autonomous_2023_05,2023,Cortes de Aragón,Aragon,Zaragoza,28,SUSANA PORTERO ENGUITA (CIUDADANOS - TÚ ARAGÓN),Mujer,TRUE,FALSE,Cs-TU ARAGON,TRUE,Ciudadanos y Tu Aragon,CIUDADANOS - TÚ ARAGÓN,CS-TÚ ARAGÓN,c_ara_2023_za.pdf,compartido
autonomous_2023_05,2023,Cortes de Aragón,Aragon,Zaragoza,29,ENRIQUE SALUEÑA MATEO (CIUDADANOS - TÚ ARAGÓN),Hombre,TRUE,FALSE,Cs-TU ARAGON,TRUE,Ciudadanos y Tu Aragon,CIUDADANOS - TÚ ARAGÓN,CS-TÚ ARAGÓN,c_ara_2023_za.pdf,compartido
autonomous_2023_05,2023,Cortes de Aragón,Aragon,Zaragoza,30,MARIA ANGELES GAJON BINABURO (CIUDADANOS - TÚ ARAGÓN),Mujer,TRUE,FALSE,Cs-TU ARAGON,TRUE,Ciudadanos y Tu Aragon,CIUDADANOS - TÚ ARAGÓN,CS-TÚ ARAGÓN,c_ara_2023_za.pdf,compartido
autonomous_2023_05,2023,Cortes de Aragón,Aragon,Zaragoza,31,SARA GARCIA MONGE (CIUDADANOS - TÚ ARAGÓN),Mujer,TRUE,FALSE,Cs-TU ARAGON,TRUE,Ciudadanos y Tu Aragon,CIUDADANOS - TÚ ARAGÓN,CS-TÚ ARAGÓN,c_ara_2023_za.pdf,compartido
autonomous_2023_05,2023,Cortes de Aragón,Aragon,Zaragoza,32,JOSE ANTONIO CASAUCAU MORLANS (CIUDADANOS - TÚ ARAGÓN),Hombre,TRUE,FALSE,Cs-TU ARAGON,TRUE,Ciudadanos y Tu Aragon,CIUDADANOS - TÚ ARAGÓN,CS-TÚ ARAGÓN,c_ara_2023_za.pdf,compartido
autonomous_2023_05,2023,Cortes de Aragón,Aragon,Zaragoza,33,JOSE RAMON GONZALEZ BARRIGA (CIUDADANOS - TÚ ARAGÓN),Hombre,TRUE,FALSE,Cs-TU ARAGON,TRUE,Ciudadanos y Tu Aragon,CIUDADANOS - TÚ ARAGÓN,CS-TÚ ARAGÓN,c_ara_2023_za.pdf,compartido
autonomous_2023_05,2023,Cortes de Aragón,Aragon,Zaragoza,34,PEÑA MARIA SANCHEZ ALONSO (CIUDADANOS - TÚ ARAGÓN),Mujer,TRUE,FALSE,Cs-TU ARAGON,TRUE,Ciudadanos y Tu Aragon,CIUDADANOS - TÚ ARAGÓN,CS-TÚ ARAGÓN,c_ara_2023_za.pdf,compartido
autonomous_2023_05,2023,Cortes de Aragón,Aragon,Zaragoza,35,MANUEL MOLINA IBARZ (CIUDADANOS - TÚ ARAGÓN),Hombre,TRUE,FALSE,Cs-TU ARAGON,TRUE,Ciudadanos y Tu Aragon,CIUDADANOS - TÚ ARAGÓN,CS-TÚ ARAGÓN,c_ara_2023_za.pdf,compartido
autonomous_2023_05,2023,Cortes de Aragón,Aragon,Zaragoza,1,JAVIER MARTINEZ DURAN (CIUDADANOS - TÚ ARAGÓN),Hombre,FALSE,FALSE,Cs-TU ARAGON,TRUE,Ciudadanos y Tu Aragon,CIUDADANOS - TÚ ARAGÓN,CS-TÚ ARAGÓN,c_ara_2023_za.pdf,compartido
autonomous_2023_05,2023,Cortes de Aragón,Aragon,Zaragoza,2,ANA MARIA TEJERO ALMAGRO (CIUDADANOS - TÚ ARAGÓN),Mujer,FALSE,FALSE,Cs-TU ARAGON,TRUE,Ciudadanos y Tu Aragon,CIUDADANOS - TÚ ARAGÓN,CS-TÚ ARAGÓN,c_ara_2023_za.pdf,compartido
autonomous_2023_05,2023,Cortes de Aragón,Aragon,Zaragoza,3,MIGUEL LANGA PARDOS (CIUDADANOS - TÚ ARAGÓN) csv: BOA20230502055,Hombre,FALSE,FALSE,Cs-TU ARAGON,TRUE,Ciudadanos y Tu Aragon,CIUDADANOS - TÚ ARAGÓN,CS-TÚ ARAGÓN,c_ara_2023_za.pdf,compartido
autonomous_2024_05,2024,Parlament de Catalunya,Cataluna,Barcelona,1,Carlos Carrizosa Torres,Hombre,TRUE,FALSE,Cs,FALSE,,DL B 38014-2007 Núm. 9143 - 16.4.2024 Diari Oficial de la Generalitat de Catalunya CIUTADANS-PARTIDO DE LA CIUDADANIA,Cs,c_cat_2024_bar.pdf,compartido
autonomous_2024_05,2024,Parlament de Catalunya,Cataluna,Barcelona,2,Marina Bravo Sobrino,Mujer,TRUE,FALSE,Cs,FALSE,,DL B 38014-2007 Núm. 9143 - 16.4.2024 Diari Oficial de la Generalitat de Catalunya CIUTADANS-PARTIDO DE LA CIUDADANIA,Cs,c_cat_2024_bar.pdf,compartido
autonomous_2024_05,2024,Parlament de Catalunya,Cataluna,Barcelona,3,David Andrés Díaz,Hombre,TRUE,FALSE,Cs,FALSE,,DL B 38014-2007 Núm. 9143 - 16.4.2024 Diari Oficial de la Generalitat de Catalunya CIUTADANS-PARTIDO DE LA CIUDADANIA,Cs,c_cat_2024_bar.pdf,compartido
autonomous_2024_05,2024,Parlament de Catalunya,Cataluna,Barcelona,4,Noemí De la Calle Sifré,Mujer,TRUE,FALSE,Cs,FALSE,,DL B 38014-2007 Núm. 9143 - 16.4.2024 Diari Oficial de la Generalitat de Catalunya CIUTADANS-PARTIDO DE LA CIUDADANIA,Cs,c_cat_2024_bar.pdf,compartido
autonomous_2024_05,2024,Parlament de Catalunya,Cataluna,Barcelona,5,José María Cano Navarro,Hombre,TRUE,FALSE,Cs,FALSE,,DL B 38014-2007 Núm. 9143 - 16.4.2024 Diari Oficial de la Generalitat de Catalunya CIUTADANS-PARTIDO DE LA CIUDADANIA,Cs,c_cat_2024_bar.pdf,compartido
autonomous_2024_05,2024,Parlament de Catalunya,Cataluna,Barcelona,6,José Luís De la Rosa Núñez,Hombre,TRUE,FALSE,Cs,FALSE,,DL B 38014-2007 Núm. 9143 - 16.4.2024 Diari Oficial de la Generalitat de Catalunya CIUTADANS-PARTIDO DE LA CIUDADANIA,Cs,c_cat_2024_bar.pdf,compartido
autonomous_2024_05,2024,Parlament de Catalunya,Cataluna,Barcelona,7,Miguel Manuel García Valle,Hombre,TRUE,FALSE,Cs,FALSE,,DL B 38014-2007 Núm. 9143 - 16.4.2024 Diari Oficial de la Generalitat de Catalunya CIUTADANS-PARTIDO DE LA CIUDADANIA,Cs,c_cat_2024_bar.pdf,compartido
autonomous_2024_05,2024,Parlament de Catalunya,Cataluna,Barcelona,8,Kevin Romero Navas,Hombre,TRUE,FALSE,Cs,FALSE,,DL B 38014-2007 Núm. 9143 - 16.4.2024 Diari Oficial de la Generalitat de Catalunya CIUTADANS-PARTIDO DE LA CIUDADANIA,Cs,c_cat_2024_bar.pdf,compartido
autonomous_2024_05,2024,Parlament de Catalunya,Cataluna,Barcelona,9,Sonia Reina Sánchez,Mujer,TRUE,FALSE,Cs,FALSE,,DL B 38014-2007 Núm. 9143 - 16.4.2024 Diari Oficial de la Generalitat de Catalunya CIUTADANS-PARTIDO DE LA CIUDADANIA,Cs,c_cat_2024_bar.pdf,compartido
autonomous_2024_05,2024,Parlament de Catalunya,Cataluna,Barcelona,10,Cristina De Pelegrí Echevarría,Mujer,TRUE,FALSE,Cs,FALSE,,DL B 38014-2007 Núm. 9143 - 16.4.2024 Diari Oficial de la Generalitat de Catalunya CIUTADANS-PARTIDO DE LA CIUDADANIA,Cs,c_cat_2024_bar.pdf,compartido
autonomous_2024_05,2024,Parlament de Catalunya,Cataluna,Barcelona,11,Nicolás Francisco (Nico) Ortiz Cuevas,Hombre,TRUE,FALSE,Cs,FALSE,,DL B 38014-2007 Núm. 9143 - 16.4.2024 Diari Oficial de la Generalitat de Catalunya CIUTADANS-PARTIDO DE LA CIUDADANIA,Cs,c_cat_2024_bar.pdf,compartido
autonomous_2024_05,2024,Parlament de Catalunya,Cataluna,Barcelona,12,Aldo Ciprián Rodriguez,Hombre,TRUE,FALSE,Cs,FALSE,,DL B 38014-2007 Núm. 9143 - 16.4.2024 Diari Oficial de la Generalitat de Catalunya CIUTADANS-PARTIDO DE LA CIUDADANIA,Cs,c_cat_2024_bar.pdf,compartido
autonomous_2024_05,2024,Parlament de Catalunya,Cataluna,Barcelona,13,Martín Eusebio Barra López,Hombre,TRUE,FALSE,Cs,FALSE,,DL B 38014-2007 Núm. 9143 - 16.4.2024 Diari Oficial de la Generalitat de Catalunya CIUTADANS-PARTIDO DE LA CIUDADANIA,Cs,c_cat_2024_bar.pdf,compartido
autonomous_2024_05,2024,Parlament de Catalunya,Cataluna,Barcelona,14,Lucía Rodríguez Cuesta,Mujer,TRUE,FALSE,Cs,FALSE,,DL B 38014-2007 Núm. 9143 - 16.4.2024 Diari Oficial de la Generalitat de Catalunya CIUTADANS-PARTIDO DE LA CIUDADANIA,Cs,c_cat_2024_bar.pdf,compartido
autonomous_2024_05,2024,Parlament de Catalunya,Cataluna,Barcelona,15,Amalia Frutos López,Mujer,TRUE,FALSE,Cs,FALSE,,DL B 38014-2007 Núm. 9143 - 16.4.2024 Diari Oficial de la Generalitat de Catalunya CIUTADANS-PARTIDO DE LA CIUDADANIA,Cs,c_cat_2024_bar.pdf,compartido
autonomous_2024_05,2024,Parlament de Catalunya,Cataluna,Barcelona,16,Manuel Losada Seivane,Hombre,TRUE,FALSE,Cs,FALSE,,DL B 38014-2007 Núm. 9143 - 16.4.2024 Diari Oficial de la Generalitat de Catalunya CIUTADANS-PARTIDO DE LA CIUDADANIA,Cs,c_cat_2024_bar.pdf,compartido
autonomous_2024_05,2024,Parlament de Catalunya,Cataluna,Barcelona,17,Juan José Salvador Pérez,Hombre,TRUE,FALSE,Cs,FALSE,,DL B 38014-2007 Núm. 9143 - 16.4.2024 Diari Oficial de la Generalitat de Catalunya CIUTADANS-PARTIDO DE LA CIUDADANIA,Cs,c_cat_2024_bar.pdf,compartido
autonomous_2024_05,2024,Parlament de Catalunya,Cataluna,Barcelona,18,Valentín Guerra Burgos,Hombre,TRUE,FALSE,Cs,FALSE,,DL B 38014-2007 Núm. 9143 - 16.4.2024 Diari Oficial de la Generalitat de Catalunya CIUTADANS-PARTIDO DE LA CIUDADANIA,Cs,c_cat_2024_bar.pdf,compartido
autonomous_2024_05,2024,Parlament de Catalunya,Cataluna,Barcelona,19,María Teresa Augé Martínez,Mujer,TRUE,FALSE,Cs,FALSE,,DL B 38014-2007 Núm. 9143 - 16.4.2024 Diari Oficial de la Generalitat de Catalunya CIUTADANS-PARTIDO DE LA CIUDADANIA,Cs,c_cat_2024_bar.pdf,compartido
autonomous_2024_05,2024,Parlament de Catalunya,Cataluna,Barcelona,20,Jessica Pauchet García,Mujer,TRUE,FALSE,Cs,FALSE,,DL B 38014-2007 Núm. 9143 - 16.4.2024 Diari Oficial de la Generalitat de Catalunya CIUTADANS-PARTIDO DE LA CIUDADANIA,Cs,c_cat_2024_bar.pdf,compartido
autonomous_2024_05,2024,Parlament de Catalunya,Cataluna,Barcelona,21,José Manuel Muñoz Reyes,Hombre,TRUE,FALSE,Cs,FALSE,,DL B 38014-2007 Núm. 9143 - 16.4.2024 Diari Oficial de la Generalitat de Catalunya CIUTADANS-PARTIDO DE LA CIUDADANIA,Cs,c_cat_2024_bar.pdf,compartido
autonomous_2024_05,2024,Parlament de Catalunya,Cataluna,Barcelona,22,Andrés Martínez Palacio,Hombre,TRUE,FALSE,Cs,FALSE,,DL B 38014-2007 Núm. 9143 - 16.4.2024 Diari Oficial de la Generalitat de Catalunya CIUTADANS-PARTIDO DE LA CIUDADANIA,Cs,c_cat_2024_bar.pdf,compartido
autonomous_2024_05,2024,Parlament de Catalunya,Cataluna,Barcelona,23,Dimas Gragera Velaz,Hombre,TRUE,FALSE,Cs,FALSE,,DL B 38014-2007 Núm. 9143 - 16.4.2024 Diari Oficial de la Generalitat de Catalunya CIUTADANS-PARTIDO DE LA CIUDADANIA,Cs,c_cat_2024_bar.pdf,compartido
autonomous_2024_05,2024,Parlament de Catalunya,Cataluna,Barcelona,24,Rosa María Fontana Vinelli,Mujer,TRUE,FALSE,Cs,FALSE,,DL B 38014-2007 Núm. 9143 - 16.4.2024 Diari Oficial de la Generalitat de Catalunya CIUTADANS-PARTIDO DE LA CIUDADANIA,Cs,c_cat_2024_bar.pdf,compartido
autonomous_2024_05,2024,Parlament de Catalunya,Cataluna,Barcelona,25,Cristina Arias Martínez,Mujer,TRUE,FALSE,Cs,FALSE,,DL B 38014-2007 Núm. 9143 - 16.4.2024 Diari Oficial de la Generalitat de Catalunya CIUTADANS-PARTIDO DE LA CIUDADANIA,Cs,c_cat_2024_bar.pdf,compartido
autonomous_2024_05,2024,Parlament de Catalunya,Cataluna,Barcelona,26,Juan Oliart Bermejo,Hombre,TRUE,FALSE,Cs,FALSE,,DL B 38014-2007 Núm. 9143 - 16.4.2024 Diari Oficial de la Generalitat de Catalunya CIUTADANS-PARTIDO DE LA CIUDADANIA,Cs,c_cat_2024_bar.pdf,compartido
autonomous_2024_05,2024,Parlament de Catalunya,Cataluna,Barcelona,27,Montserrat Herrera Miras,Mujer,TRUE,FALSE,Cs,FALSE,,DL B 38014-2007 Núm. 9143 - 16.4.2024 Diari Oficial de la Generalitat de Catalunya CIUTADANS-PARTIDO DE LA CIUDADANIA,Cs,c_cat_2024_bar.pdf,compartido
autonomous_2024_05,2024,Parlament de Catalunya,Cataluna,Barcelona,28,Ernesto Alejandro Suárez Puga,Hombre,TRUE,FALSE,Cs,FALSE,,DL B 38014-2007 Núm. 9143 - 16.4.2024 Diari Oficial de la Generalitat de Catalunya CIUTADANS-PARTIDO DE LA CIUDADANIA,Cs,c_cat_2024_bar.pdf,compartido
autonomous_2024_05,2024,Parlament de Catalunya,Cataluna,Barcelona,29,Esther Soto Cervera,Mujer,TRUE,FALSE,Cs,FALSE,,DL B 38014-2007 Núm. 9143 - 16.4.2024 Diari Oficial de la Generalitat de Catalunya CIUTADANS-PARTIDO DE LA CIUDADANIA,Cs,c_cat_2024_bar.pdf,compartido
autonomous_2024_05,2024,Parlament de Catalunya,Cataluna,Barcelona,30,Javier Edrosa Pérez,Hombre,TRUE,FALSE,Cs,FALSE,,DL B 38014-2007 Núm. 9143 - 16.4.2024 Diari Oficial de la Generalitat de Catalunya CIUTADANS-PARTIDO DE LA CIUDADANIA,Cs,c_cat_2024_bar.pdf,compartido
autonomous_2024_05,2024,Parlament de Catalunya,Cataluna,Barcelona,31,Laura Ciria Nogueira,Mujer,TRUE,FALSE,Cs,FALSE,,DL B 38014-2007 Núm. 9143 - 16.4.2024 Diari Oficial de la Generalitat de Catalunya CIUTADANS-PARTIDO DE LA CIUDADANIA,Cs,c_cat_2024_bar.pdf,compartido
autonomous_2024_05,2024,Parlament de Catalunya,Cataluna,Barcelona,32,Eladio Manuel García Lodeiro,Hombre,TRUE,FALSE,Cs,FALSE,,DL B 38014-2007 Núm. 9143 - 16.4.2024 Diari Oficial de la Generalitat de Catalunya CIUTADANS-PARTIDO DE LA CIUDADANIA,Cs,c_cat_2024_bar.pdf,compartido
autonomous_2024_05,2024,Parlament de Catalunya,Cataluna,Barcelona,33,Gonzalo Díaz Hernando,Hombre,TRUE,FALSE,Cs,FALSE,,DL B 38014-2007 Núm. 9143 - 16.4.2024 Diari Oficial de la Generalitat de Catalunya CIUTADANS-PARTIDO DE LA CIUDADANIA,Cs,c_cat_2024_bar.pdf,compartido
autonomous_2024_05,2024,Parlament de Catalunya,Cataluna,Barcelona,34,Ester Díaz Gómez,Mujer,TRUE,FALSE,Cs,FALSE,,DL B 38014-2007 Núm. 9143 - 16.4.2024 Diari Oficial de la Generalitat de Catalunya CIUTADANS-PARTIDO DE LA CIUDADANIA,Cs,c_cat_2024_bar.pdf,compartido
autonomous_2024_05,2024,Parlament de Catalunya,Cataluna,Barcelona,35,Juan Jose Pérez Busto,Hombre,TRUE,FALSE,Cs,FALSE,,DL B 38014-2007 Núm. 9143 - 16.4.2024 Diari Oficial de la Generalitat de Catalunya CIUTADANS-PARTIDO DE LA CIUDADANIA,Cs,c_cat_2024_bar.pdf,compartido
autonomous_2024_05,2024,Parlament de Catalunya,Cataluna,Barcelona,36,María Carmen Esteban Fernández,Mujer,TRUE,FALSE,Cs,FALSE,,DL B 38014-2007 Núm. 9143 - 16.4.2024 Diari Oficial de la Generalitat de Catalunya CIUTADANS-PARTIDO DE LA CIUDADANIA,Cs,c_cat_2024_bar.pdf,compartido
autonomous_2024_05,2024,Parlament de Catalunya,Cataluna,Barcelona,37,Elias Soleño Pasarín,Hombre,TRUE,FALSE,Cs,FALSE,,DL B 38014-2007 Núm. 9143 - 16.4.2024 Diari Oficial de la Generalitat de Catalunya CIUTADANS-PARTIDO DE LA CIUDADANIA,Cs,c_cat_2024_bar.pdf,compartido
autonomous_2024_05,2024,Parlament de Catalunya,Cataluna,Barcelona,38,Laura Casado Delgado,Mujer,TRUE,FALSE,Cs,FALSE,,DL B 38014-2007 Núm. 9143 - 16.4.2024 Diari Oficial de la Generalitat de Catalunya CIUTADANS-PARTIDO DE LA CIUDADANIA,Cs,c_cat_2024_bar.pdf,compartido
autonomous_2024_05,2024,Parlament de Catalunya,Cataluna,Barcelona,39,Jose María Paniello Limiñana,Hombre,TRUE,FALSE,Cs,FALSE,,DL B 38014-2007 Núm. 9143 - 16.4.2024 Diari Oficial de la Generalitat de Catalunya CIUTADANS-PARTIDO DE LA CIUDADANIA,Cs,c_cat_2024_bar.pdf,compartido
autonomous_2024_05,2024,Parlament de Catalunya,Cataluna,Barcelona,40,Francisco Gavilán Peña,Hombre,TRUE,FALSE,Cs,FALSE,,DL B 38014-2007 Núm. 9143 - 16.4.2024 Diari Oficial de la Generalitat de Catalunya CIUTADANS-PARTIDO DE LA CIUDADANIA,Cs,c_cat_2024_bar.pdf,compartido
autonomous_2024_05,2024,Parlament de Catalunya,Cataluna,Barcelona,41,Eva Martín Gimeno,Mujer,TRUE,FALSE,Cs,FALSE,,DL B 38014-2007 Núm. 9143 - 16.4.2024 Diari Oficial de la Generalitat de Catalunya CIUTADANS-PARTIDO DE LA CIUDADANIA,Cs,c_cat_2024_bar.pdf,compartido
autonomous_2024_05,2024,Parlament de Catalunya,Cataluna,Barcelona,42,Juan Del Olmo Fernández,Hombre,TRUE,FALSE,Cs,FALSE,,DL B 38014-2007 Núm. 9143 - 16.4.2024 Diari Oficial de la Generalitat de Catalunya CIUTADANS-PARTIDO DE LA CIUDADANIA,Cs,c_cat_2024_bar.pdf,compartido
autonomous_2024_05,2024,Parlament de Catalunya,Cataluna,Barcelona,43,Oscar Marjalizo Hernández,Hombre,TRUE,FALSE,Cs,FALSE,,DL B 38014-2007 Núm. 9143 - 16.4.2024 Diari Oficial de la Generalitat de Catalunya CIUTADANS-PARTIDO DE LA CIUDADANIA,Cs,c_cat_2024_bar.pdf,compartido
autonomous_2024_05,2024,Parlament de Catalunya,Cataluna,Barcelona,44,Lourdes Fernández Aguilar,Mujer,TRUE,FALSE,Cs,FALSE,,DL B 38014-2007 Núm. 9143 - 16.4.2024 Diari Oficial de la Generalitat de Catalunya CIUTADANS-PARTIDO DE LA CIUDADANIA,Cs,c_cat_2024_bar.pdf,compartido
autonomous_2024_05,2024,Parlament de Catalunya,Cataluna,Barcelona,45,Pedro Sánchez Álvarez,Hombre,TRUE,FALSE,Cs,FALSE,,DL B 38014-2007 Núm. 9143 - 16.4.2024 Diari Oficial de la Generalitat de Catalunya CIUTADANS-PARTIDO DE LA CIUDADANIA,Cs,c_cat_2024_bar.pdf,compartido
autonomous_2024_05,2024,Parlament de Catalunya,Cataluna,Barcelona,46,Jordi Cañas Manubens,Hombre,TRUE,FALSE,Cs,FALSE,,DL B 38014-2007 Núm. 9143 - 16.4.2024 Diari Oficial de la Generalitat de Catalunya CIUTADANS-PARTIDO DE LA CIUDADANIA,Cs,c_cat_2024_bar.pdf,compartido
autonomous_2024_05,2024,Parlament de Catalunya,Cataluna,Barcelona,47,Angie Caparrós Lavado,Mujer,TRUE,FALSE,Cs,FALSE,,DL B 38014-2007 Núm. 9143 - 16.4.2024 Diari Oficial de la Generalitat de Catalunya CIUTADANS-PARTIDO DE LA CIUDADANIA,Cs,c_cat_2024_bar.pdf,compartido
autonomous_2024_05,2024,Parlament de Catalunya,Cataluna,Barcelona,48,Manuel Rodríguez Ramos,Hombre,TRUE,FALSE,Cs,FALSE,,DL B 38014-2007 Núm. 9143 - 16.4.2024 Diari Oficial de la Generalitat de Catalunya CIUTADANS-PARTIDO DE LA CIUDADANIA,Cs,c_cat_2024_bar.pdf,compartido
autonomous_2024_05,2024,Parlament de Catalunya,Cataluna,Barcelona,49,Jorge Pavón Álvarez,Hombre,TRUE,FALSE,Cs,FALSE,,DL B 38014-2007 Núm. 9143 - 16.4.2024 Diari Oficial de la Generalitat de Catalunya CIUTADANS-PARTIDO DE LA CIUDADANIA,Cs,c_cat_2024_bar.pdf,compartido
autonomous_2024_05,2024,Parlament de Catalunya,Cataluna,Barcelona,50,Rosario Gálvez Ortiz,Mujer,TRUE,FALSE,Cs,FALSE,,DL B 38014-2007 Núm. 9143 - 16.4.2024 Diari Oficial de la Generalitat de Catalunya CIUTADANS-PARTIDO DE LA CIUDADANIA,Cs,c_cat_2024_bar.pdf,compartido
autonomous_2024_05,2024,Parlament de Catalunya,Cataluna,Barcelona,51,David Ariño Espallargas,Hombre,TRUE,FALSE,Cs,FALSE,,DL B 38014-2007 Núm. 9143 - 16.4.2024 Diari Oficial de la Generalitat de Catalunya CIUTADANS-PARTIDO DE LA CIUDADANIA,Cs,c_cat_2024_bar.pdf,compartido
autonomous_2024_05,2024,Parlament de Catalunya,Cataluna,Barcelona,52,Juan Luís Trilla Salinas,Hombre,TRUE,FALSE,Cs,FALSE,,DL B 38014-2007 Núm. 9143 - 16.4.2024 Diari Oficial de la Generalitat de Catalunya CIUTADANS-PARTIDO DE LA CIUDADANIA,Cs,c_cat_2024_bar.pdf,compartido
autonomous_2024_05,2024,Parlament de Catalunya,Cataluna,Barcelona,53,Francisca Leal Jurado,Mujer,TRUE,FALSE,Cs,FALSE,,DL B 38014-2007 Núm. 9143 - 16.4.2024 Diari Oficial de la Generalitat de Catalunya CIUTADANS-PARTIDO DE LA CIUDADANIA,Cs,c_cat_2024_bar.pdf,compartido
autonomous_2024_05,2024,Parlament de Catalunya,Cataluna,Barcelona,54,Antonio Medialdea Huete,Hombre,TRUE,FALSE,Cs,FALSE,,DL B 38014-2007 Núm. 9143 - 16.4.2024 Diari Oficial de la Generalitat de Catalunya CIUTADANS-PARTIDO DE LA CIUDADANIA,Cs,c_cat_2024_bar.pdf,compartido
autonomous_2024_05,2024,Parlament de Catalunya,Cataluna,Barcelona,55,Inmaculada Tirado Fábregas,Mujer,TRUE,FALSE,Cs,FALSE,,DL B 38014-2007 Núm. 9143 - 16.4.2024 Diari Oficial de la Generalitat de Catalunya CIUTADANS-PARTIDO DE LA CIUDADANIA,Cs,c_cat_2024_bar.pdf,compartido
autonomous_2024_05,2024,Parlament de Catalunya,Cataluna,Barcelona,56,Josep Lluis Escofet Mata,Hombre,TRUE,FALSE,Cs,FALSE,,DL B 38014-2007 Núm. 9143 - 16.4.2024 Diari Oficial de la Generalitat de Catalunya CIUTADANS-PARTIDO DE LA CIUDADANIA,Cs,c_cat_2024_bar.pdf,compartido
autonomous_2024_05,2024,Parlament de Catalunya,Cataluna,Barcelona,57,Ángel Fernández Uceta,Hombre,TRUE,FALSE,Cs,FALSE,,DL B 38014-2007 Núm. 9143 - 16.4.2024 Diari Oficial de la Generalitat de Catalunya CIUTADANS-PARTIDO DE LA CIUDADANIA,Cs,c_cat_2024_bar.pdf,compartido
autonomous_2024_05,2024,Parlament de Catalunya,Cataluna,Barcelona,58,Susana Barroso Valverde,Mujer,TRUE,FALSE,Cs,FALSE,,DL B 38014-2007 Núm. 9143 - 16.4.2024 Diari Oficial de la Generalitat de Catalunya CIUTADANS-PARTIDO DE LA CIUDADANIA,Cs,c_cat_2024_bar.pdf,compartido
autonomous_2024_05,2024,Parlament de Catalunya,Cataluna,Barcelona,59,Fermín Torres Montero,Hombre,TRUE,FALSE,Cs,FALSE,,DL B 38014-2007 Núm. 9143 - 16.4.2024 Diari Oficial de la Generalitat de Catalunya CIUTADANS-PARTIDO DE LA CIUDADANIA,Cs,c_cat_2024_bar.pdf,compartido
autonomous_2024_05,2024,Parlament de Catalunya,Cataluna,Barcelona,60,Rosa Maria Comas Boixados,Mujer,TRUE,FALSE,Cs,FALSE,,DL B 38014-2007 Núm. 9143 - 16.4.2024 Diari Oficial de la Generalitat de Catalunya CIUTADANS-PARTIDO DE LA CIUDADANIA,Cs,c_cat_2024_bar.pdf,compartido
autonomous_2024_05,2024,Parlament de Catalunya,Cataluna,Barcelona,61,José Luís Sánchez López,Hombre,TRUE,FALSE,Cs,FALSE,,DL B 38014-2007 Núm. 9143 - 16.4.2024 Diari Oficial de la Generalitat de Catalunya CIUTADANS-PARTIDO DE LA CIUDADANIA,Cs,c_cat_2024_bar.pdf,compartido
autonomous_2024_05,2024,Parlament de Catalunya,Cataluna,Barcelona,62,Manuel Fernández del Campo Ordóñez,Hombre,TRUE,FALSE,Cs,FALSE,,DL B 38014-2007 Núm. 9143 - 16.4.2024 Diari Oficial de la Generalitat de Catalunya CIUTADANS-PARTIDO DE LA CIUDADANIA,Cs,c_cat_2024_bar.pdf,compartido
autonomous_2024_05,2024,Parlament de Catalunya,Cataluna,Barcelona,63,Desirée Lavado Caparrós,Mujer,TRUE,FALSE,Cs,FALSE,,DL B 38014-2007 Núm. 9143 - 16.4.2024 Diari Oficial de la Generalitat de Catalunya CIUTADANS-PARTIDO DE LA CIUDADANIA,Cs,c_cat_2024_bar.pdf,compartido
autonomous_2024_05,2024,Parlament de Catalunya,Cataluna,Barcelona,64,José Miguel Velasco Polonio,Hombre,TRUE,FALSE,Cs,FALSE,,DL B 38014-2007 Núm. 9143 - 16.4.2024 Diari Oficial de la Generalitat de Catalunya CIUTADANS-PARTIDO DE LA CIUDADANIA,Cs,c_cat_2024_bar.pdf,compartido
autonomous_2024_05,2024,Parlament de Catalunya,Cataluna,Barcelona,65,María Mercedes Saliner Garido,Mujer,TRUE,FALSE,Cs,FALSE,,DL B 38014-2007 Núm. 9143 - 16.4.2024 Diari Oficial de la Generalitat de Catalunya CIUTADANS-PARTIDO DE LA CIUDADANIA,Cs,c_cat_2024_bar.pdf,compartido
autonomous_2024_05,2024,Parlament de Catalunya,Cataluna,Barcelona,66,David Labrador Gabriel,Hombre,TRUE,FALSE,Cs,FALSE,,DL B 38014-2007 Núm. 9143 - 16.4.2024 Diari Oficial de la Generalitat de Catalunya CIUTADANS-PARTIDO DE LA CIUDADANIA,Cs,c_cat_2024_bar.pdf,compartido
autonomous_2024_05,2024,Parlament de Catalunya,Cataluna,Barcelona,67,Luis Manuel Fernández Del Campo,Hombre,TRUE,FALSE,Cs,FALSE,,DL B 38014-2007 Núm. 9143 - 16.4.2024 Diari Oficial de la Generalitat de Catalunya CIUTADANS-PARTIDO DE LA CIUDADANIA,Cs,c_cat_2024_bar.pdf,compartido
autonomous_2024_05,2024,Parlament de Catalunya,Cataluna,Barcelona,68,Cristina Gutiérrez Adell,Mujer,TRUE,FALSE,Cs,FALSE,,DL B 38014-2007 Núm. 9143 - 16.4.2024 Diari Oficial de la Generalitat de Catalunya CIUTADANS-PARTIDO DE LA CIUDADANIA,Cs,c_cat_2024_bar.pdf,compartido
autonomous_2024_05,2024,Parlament de Catalunya,Cataluna,Barcelona,69,Raúl Iglesias García,Hombre,TRUE,FALSE,Cs,FALSE,,DL B 38014-2007 Núm. 9143 - 16.4.2024 Diari Oficial de la Generalitat de Catalunya CIUTADANS-PARTIDO DE LA CIUDADANIA,Cs,c_cat_2024_bar.pdf,compartido
autonomous_2024_05,2024,Parlament de Catalunya,Cataluna,Barcelona,70,María Cruz Guerrero López,Mujer,TRUE,FALSE,Cs,FALSE,,DL B 38014-2007 Núm. 9143 - 16.4.2024 Diari Oficial de la Generalitat de Catalunya CIUTADANS-PARTIDO DE LA CIUDADANIA,Cs,c_cat_2024_bar.pdf,compartido
autonomous_2024_05,2024,Parlament de Catalunya,Cataluna,Barcelona,71,Alejandro Gamero Postigo,Hombre,TRUE,FALSE,Cs,FALSE,,DL B 38014-2007 Núm. 9143 - 16.4.2024 Diari Oficial de la Generalitat de Catalunya CIUTADANS-PARTIDO DE LA CIUDADANIA,Cs,c_cat_2024_bar.pdf,compartido
autonomous_2024_05,2024,Parlament de Catalunya,Cataluna,Barcelona,72,Manuel Santiago Domínguez Sánchez,Hombre,TRUE,FALSE,Cs,FALSE,,DL B 38014-2007 Núm. 9143 - 16.4.2024 Diari Oficial de la Generalitat de Catalunya CIUTADANS-PARTIDO DE LA CIUDADANIA,Cs,c_cat_2024_bar.pdf,compartido
autonomous_2024_05,2024,Parlament de Catalunya,Cataluna,Barcelona,73,Cristina Carbó Cortés,Mujer,TRUE,FALSE,Cs,FALSE,,DL B 38014-2007 Núm. 9143 - 16.4.2024 Diari Oficial de la Generalitat de Catalunya CIUTADANS-PARTIDO DE LA CIUDADANIA,Cs,c_cat_2024_bar.pdf,compartido
autonomous_2024_05,2024,Parlament de Catalunya,Cataluna,Barcelona,74,Arnau Serrano Nogueras,Hombre,TRUE,FALSE,Cs,FALSE,,DL B 38014-2007 Núm. 9143 - 16.4.2024 Diari Oficial de la Generalitat de Catalunya CIUTADANS-PARTIDO DE LA CIUDADANIA,Cs,c_cat_2024_bar.pdf,compartido
autonomous_2024_05,2024,Parlament de Catalunya,Cataluna,Barcelona,75,Núria Asperilla De la Cereza,Mujer,TRUE,FALSE,Cs,FALSE,,DL B 38014-2007 Núm. 9143 - 16.4.2024 Diari Oficial de la Generalitat de Catalunya CIUTADANS-PARTIDO DE LA CIUDADANIA,Cs,c_cat_2024_bar.pdf,compartido
autonomous_2024_05,2024,Parlament de Catalunya,Cataluna,Barcelona,76,Mari Carmen Fernández Montosa,Mujer,TRUE,FALSE,Cs,FALSE,,DL B 38014-2007 Núm. 9143 - 16.4.2024 Diari Oficial de la Generalitat de Catalunya CIUTADANS-PARTIDO DE LA CIUDADANIA,Cs,c_cat_2024_bar.pdf,compartido
autonomous_2024_05,2024,Parlament de Catalunya,Cataluna,Barcelona,77,Jose Luís Gómez Delgado,Hombre,TRUE,FALSE,Cs,FALSE,,DL B 38014-2007 Núm. 9143 - 16.4.2024 Diari Oficial de la Generalitat de Catalunya CIUTADANS-PARTIDO DE LA CIUDADANIA,Cs,c_cat_2024_bar.pdf,compartido
autonomous_2024_05,2024,Parlament de Catalunya,Cataluna,Barcelona,78,Marc García Paredes,Hombre,TRUE,FALSE,Cs,FALSE,,DL B 38014-2007 Núm. 9143 - 16.4.2024 Diari Oficial de la Generalitat de Catalunya CIUTADANS-PARTIDO DE LA CIUDADANIA,Cs,c_cat_2024_bar.pdf,compartido
autonomous_2024_05,2024,Parlament de Catalunya,Cataluna,Barcelona,79,Miguel Ángel Arjona García,Hombre,TRUE,FALSE,Cs,FALSE,,DL B 38014-2007 Núm. 9143 - 16.4.2024 Diari Oficial de la Generalitat de Catalunya CIUTADANS-PARTIDO DE LA CIUDADANIA,Cs,c_cat_2024_bar.pdf,compartido
autonomous_2024_05,2024,Parlament de Catalunya,Cataluna,Barcelona,80,Angelina Esther Del Pino García,Mujer,TRUE,FALSE,Cs,FALSE,,DL B 38014-2007 Núm. 9143 - 16.4.2024 Diari Oficial de la Generalitat de Catalunya CIUTADANS-PARTIDO DE LA CIUDADANIA,Cs,c_cat_2024_bar.pdf,compartido
autonomous_2024_05,2024,Parlament de Catalunya,Cataluna,Barcelona,81,María Martínez Lozano,Mujer,TRUE,FALSE,Cs,FALSE,,DL B 38014-2007 Núm. 9143 - 16.4.2024 Diari Oficial de la Generalitat de Catalunya CIUTADANS-PARTIDO DE LA CIUDADANIA,Cs,c_cat_2024_bar.pdf,compartido
autonomous_2024_05,2024,Parlament de Catalunya,Cataluna,Barcelona,82,Esther Rodríguez Martínez,Mujer,TRUE,FALSE,Cs,FALSE,,DL B 38014-2007 Núm. 9143 - 16.4.2024 Diari Oficial de la Generalitat de Catalunya CIUTADANS-PARTIDO DE LA CIUDADANIA,Cs,c_cat_2024_bar.pdf,compartido
autonomous_2024_05,2024,Parlament de Catalunya,Cataluna,Barcelona,83,Francisco Javier González Delgado,Hombre,TRUE,FALSE,Cs,FALSE,,DL B 38014-2007 Núm. 9143 - 16.4.2024 Diari Oficial de la Generalitat de Catalunya CIUTADANS-PARTIDO DE LA CIUDADANIA,Cs,c_cat_2024_bar.pdf,compartido
autonomous_2024_05,2024,Parlament de Catalunya,Cataluna,Barcelona,84,Joan García González,Hombre,TRUE,FALSE,Cs,FALSE,,DL B 38014-2007 Núm. 9143 - 16.4.2024 Diari Oficial de la Generalitat de Catalunya CIUTADANS-PARTIDO DE LA CIUDADANIA,Cs,c_cat_2024_bar.pdf,compartido
autonomous_2024_05,2024,Parlament de Catalunya,Cataluna,Barcelona,85,Jordi Cañas Pérez,Hombre,TRUE,FALSE,Cs,FALSE,,DL B 38014-2007 Núm. 9143 - 16.4.2024 Diari Oficial de la Generalitat de Catalunya CIUTADANS-PARTIDO DE LA CIUDADANIA,Cs,c_cat_2024_bar.pdf,compartido
autonomous_2024_05,2024,Parlament de Catalunya,Cataluna,Barcelona,1,Martí Pachame Barrera,Hombre,FALSE,FALSE,Cs,FALSE,,DL B 38014-2007 Núm. 9143 - 16.4.2024 Diari Oficial de la Generalitat de Catalunya CIUTADANS-PARTIDO DE LA CIUDADANIA,Cs,c_cat_2024_bar.pdf,compartido
autonomous_2024_05,2024,Parlament de Catalunya,Cataluna,Barcelona,2,Mercedes Vicens Ungil,Mujer,FALSE,FALSE,Cs,FALSE,,DL B 38014-2007 Núm. 9143 - 16.4.2024 Diari Oficial de la Generalitat de Catalunya CIUTADANS-PARTIDO DE LA CIUDADANIA,Cs,c_cat_2024_bar.pdf,compartido
autonomous_2024_05,2024,Parlament de Catalunya,Cataluna,Barcelona,3,Antonio Guerrero Ruiz,Hombre,FALSE,FALSE,Cs,FALSE,,DL B 38014-2007 Núm. 9143 - 16.4.2024 Diari Oficial de la Generalitat de Catalunya CIUTADANS-PARTIDO DE LA CIUDADANIA,Cs,c_cat_2024_bar.pdf,compartido
autonomous_2024_05,2024,Parlament de Catalunya,Cataluna,Barcelona,4,María Engracia Cerezales Quiñones,Mujer,FALSE,FALSE,Cs,FALSE,,DL B 38014-2007 Núm. 9143 - 16.4.2024 Diari Oficial de la Generalitat de Catalunya CIUTADANS-PARTIDO DE LA CIUDADANIA,Cs,c_cat_2024_bar.pdf,compartido
autonomous_2024_05,2024,Parlament de Catalunya,Cataluna,Barcelona,5,Sergio Postigo García,Hombre,FALSE,FALSE,Cs,FALSE,,DL B 38014-2007 Núm. 9143 - 16.4.2024 Diari Oficial de la Generalitat de Catalunya CIUTADANS-PARTIDO DE LA CIUDADANIA,Cs,c_cat_2024_bar.pdf,compartido
autonomous_2024_05,2024,Parlament de Catalunya,Cataluna,Barcelona,6,Lourdes María Caparrós Maciá,Mujer,FALSE,FALSE,Cs,FALSE,,DL B 38014-2007 Núm. 9143 - 16.4.2024 Diari Oficial de la Generalitat de Catalunya CIUTADANS-PARTIDO DE LA CIUDADANIA,Cs,c_cat_2024_bar.pdf,compartido
autonomous_2024_05,2024,Parlament de Catalunya,Cataluna,Barcelona,7,Joaquín Domínguez Luque,Hombre,FALSE,FALSE,Cs,FALSE,,DL B 38014-2007 Núm. 9143 - 16.4.2024 Diari Oficial de la Generalitat de Catalunya CIUTADANS-PARTIDO DE LA CIUDADANIA,Cs,c_cat_2024_bar.pdf,compartido
autonomous_2024_05,2024,Parlament de Catalunya,Cataluna,Barcelona,8,Pilar Cabañes Jordán,Mujer,FALSE,FALSE,Cs,FALSE,,DL B 38014-2007 Núm. 9143 - 16.4.2024 Diari Oficial de la Generalitat de Catalunya CIUTADANS-PARTIDO DE LA CIUDADANIA,Cs,c_cat_2024_bar.pdf,compartido
autonomous_2024_05,2024,Parlament de Catalunya,Cataluna,Barcelona,9,María Josefa Navarro Quintero,Mujer,FALSE,FALSE,Cs,FALSE,,DL B 38014-2007 Núm. 9143 - 16.4.2024 Diari Oficial de la Generalitat de Catalunya CIUTADANS-PARTIDO DE LA CIUDADANIA,Cs,c_cat_2024_bar.pdf,compartido
autonomous_2024_05,2024,Parlament de Catalunya,Cataluna,Barcelona,10,Ramón García Fernández,Hombre,FALSE,FALSE,Cs,FALSE,,DL B 38014-2007 Núm. 9143 - 16.4.2024 Diari Oficial de la Generalitat de Catalunya CIUTADANS-PARTIDO DE LA CIUDADANIA,Cs,c_cat_2024_bar.pdf,compartido
autonomous_2024_05,2024,Parlament de Catalunya,Cataluna,Girona,1,Héctor Amelló Montiu,Hombre,TRUE,FALSE,Cs,FALSE,,CIUTADANS-PARTIDO DE LA CIUDADANIA,Cs,c_cat_2024_gir.pdf,compartido
autonomous_2024_05,2024,Parlament de Catalunya,Cataluna,Girona,2,María del Camino Fernández Riol,Mujer,TRUE,FALSE,Cs,FALSE,,CIUTADANS-PARTIDO DE LA CIUDADANIA,Cs,c_cat_2024_gir.pdf,compartido
autonomous_2024_05,2024,Parlament de Catalunya,Cataluna,Girona,3,Cristian Ortiz Paredes,Hombre,TRUE,FALSE,Cs,FALSE,,CIUTADANS-PARTIDO DE LA CIUDADANIA,Cs,c_cat_2024_gir.pdf,compartido
autonomous_2024_05,2024,Parlament de Catalunya,Cataluna,Girona,4,Elisabet Guillén Verdejo,Mujer,TRUE,FALSE,Cs,FALSE,,CIUTADANS-PARTIDO DE LA CIUDADANIA,Cs,c_cat_2024_gir.pdf,compartido
autonomous_2024_05,2024,Parlament de Catalunya,Cataluna,Girona,5,Miguel Ángel González González,Hombre,TRUE,FALSE,Cs,FALSE,,CIUTADANS-PARTIDO DE LA CIUDADANIA,Cs,c_cat_2024_gir.pdf,compartido
autonomous_2024_05,2024,Parlament de Catalunya,Cataluna,Girona,6,Jorge Hernández García,Hombre,TRUE,FALSE,Cs,FALSE,,CIUTADANS-PARTIDO DE LA CIUDADANIA,Cs,c_cat_2024_gir.pdf,compartido
autonomous_2024_05,2024,Parlament de Catalunya,Cataluna,Girona,7,Rebeca López Losada,Mujer,TRUE,FALSE,Cs,FALSE,,CIUTADANS-PARTIDO DE LA CIUDADANIA,Cs,c_cat_2024_gir.pdf,compartido
autonomous_2024_05,2024,Parlament de Catalunya,Cataluna,Girona,8,Fernando Fernández Cuenda,Hombre,TRUE,FALSE,Cs,FALSE,,CIUTADANS-PARTIDO DE LA CIUDADANIA,Cs,c_cat_2024_gir.pdf,compartido
autonomous_2024_05,2024,Parlament de Catalunya,Cataluna,Girona,9,Antonia Molina Ortiz,Mujer,TRUE,FALSE,Cs,FALSE,,CIUTADANS-PARTIDO DE LA CIUDADANIA,Cs,c_cat_2024_gir.pdf,compartido
autonomous_2024_05,2024,Parlament de Catalunya,Cataluna,Girona,10,Antonio Fierro Solano,Hombre,TRUE,FALSE,Cs,FALSE,,CIUTADANS-PARTIDO DE LA CIUDADANIA,Cs,c_cat_2024_gir.pdf,compartido
autonomous_2024_05,2024,Parlament de Catalunya,Cataluna,Girona,11,Samuel Caravaca Menacho,Hombre,TRUE,FALSE,Cs,FALSE,,CIUTADANS-PARTIDO DE LA CIUDADANIA,Cs,c_cat_2024_gir.pdf,compartido
autonomous_2024_05,2024,Parlament de Catalunya,Cataluna,Girona,12,Adelaida Victoria Vertedor Vives,Mujer,TRUE,FALSE,Cs,FALSE,,CIUTADANS-PARTIDO DE LA CIUDADANIA,Cs,c_cat_2024_gir.pdf,compartido
autonomous_2024_05,2024,Parlament de Catalunya,Cataluna,Girona,13,Angel Belisario Delgado Martín,Hombre,TRUE,FALSE,Cs,FALSE,,CIUTADANS-PARTIDO DE LA CIUDADANIA,Cs,c_cat_2024_gir.pdf,compartido
autonomous_2024_05,2024,Parlament de Catalunya,Cataluna,Girona,14,María Rosario López Raigón,Mujer,TRUE,FALSE,Cs,FALSE,,CIUTADANS-PARTIDO DE LA CIUDADANIA,Cs,c_cat_2024_gir.pdf,compartido
autonomous_2024_05,2024,Parlament de Catalunya,Cataluna,Girona,15,Enrique Porcar Valiño,Hombre,TRUE,FALSE,Cs,FALSE,,CIUTADANS-PARTIDO DE LA CIUDADANIA,Cs,c_cat_2024_gir.pdf,compartido
autonomous_2024_05,2024,Parlament de Catalunya,Cataluna,Girona,16,Jaime Vizern Pont,Hombre,TRUE,FALSE,Cs,FALSE,,CIUTADANS-PARTIDO DE LA CIUDADANIA,Cs,c_cat_2024_gir.pdf,compartido
autonomous_2024_05,2024,Parlament de Catalunya,Cataluna,Girona,17,Arantxa Granada de Caramany Bonet,Mujer,TRUE,FALSE,Cs,FALSE,,CIUTADANS-PARTIDO DE LA CIUDADANIA,Cs,c_cat_2024_gir.pdf,compartido
autonomous_2024_05,2024,Parlament de Catalunya,Cataluna,Girona,1,José Ramón Talero Álvarez,Hombre,FALSE,FALSE,Cs,FALSE,,CIUTADANS-PARTIDO DE LA CIUDADANIA,Cs,c_cat_2024_gir.pdf,compartido
autonomous_2024_05,2024,Parlament de Catalunya,Cataluna,Girona,2,Vanessa Sara Escobedo Huertas,Mujer,FALSE,FALSE,Cs,FALSE,,CIUTADANS-PARTIDO DE LA CIUDADANIA,Cs,c_cat_2024_gir.pdf,compartido
autonomous_2024_05,2024,Parlament de Catalunya,Cataluna,Girona,3,Rolando Michelet Falque,Hombre,FALSE,FALSE,Cs,FALSE,,CIUTADANS-PARTIDO DE LA CIUDADANIA,Cs,c_cat_2024_gir.pdf,compartido
autonomous_2024_05,2024,Parlament de Catalunya,Cataluna,Girona,4,Patricia Camacho Montañés,Mujer,FALSE,FALSE,Cs,FALSE,,CIUTADANS-PARTIDO DE LA CIUDADANIA,Cs,c_cat_2024_gir.pdf,compartido
autonomous_2024_05,2024,Parlament de Catalunya,Cataluna,Girona,5,Francisco Luque Ramos,Hombre,FALSE,FALSE,Cs,FALSE,,CIUTADANS-PARTIDO DE LA CIUDADANIA,Cs,c_cat_2024_gir.pdf,compartido
autonomous_2024_05,2024,Parlament de Catalunya,Cataluna,Girona,6,Janet Ballesteros López,Mujer,FALSE,FALSE,Cs,FALSE,,CIUTADANS-PARTIDO DE LA CIUDADANIA,Cs,c_cat_2024_gir.pdf,compartido
autonomous_2024_05,2024,Parlament de Catalunya,Cataluna,Lleida,1,Isaac Caballero Pujadas,Hombre,TRUE,FALSE,Cs,FALSE,,CIUTADANS-PARTIDO DE LA CIUDADANÍA,Cs,c_cat_2024_lle.pdf,compartido
autonomous_2024_05,2024,Parlament de Catalunya,Cataluna,Lleida,2,Maria del Carmen (Carme) Gòdia Bagué,Mujer,TRUE,FALSE,Cs,FALSE,,CIUTADANS-PARTIDO DE LA CIUDADANÍA,Cs,c_cat_2024_lle.pdf,compartido
autonomous_2024_05,2024,Parlament de Catalunya,Cataluna,Lleida,3,Francisco José (Kiko) de Urquía Comas,Hombre,TRUE,FALSE,Cs,FALSE,,CIUTADANS-PARTIDO DE LA CIUDADANÍA,Cs,c_cat_2024_lle.pdf,compartido
autonomous_2024_05,2024,Parlament de Catalunya,Cataluna,Lleida,4,Maria Dolores (Mari) Vera Lozano,Mujer,TRUE,FALSE,Cs,FALSE,,CIUTADANS-PARTIDO DE LA CIUDADANÍA,Cs,c_cat_2024_lle.pdf,compartido
autonomous_2024_05,2024,Parlament de Catalunya,Cataluna,Lleida,5,José Costa Brillas,Hombre,TRUE,FALSE,Cs,FALSE,,CIUTADANS-PARTIDO DE LA CIUDADANÍA,Cs,c_cat_2024_lle.pdf,compartido
autonomous_2024_05,2024,Parlament de Catalunya,Cataluna,Lleida,6,Renato Bertomeu Redó,Hombre,TRUE,FALSE,Cs,FALSE,,CIUTADANS-PARTIDO DE LA CIUDADANÍA,Cs,c_cat_2024_lle.pdf,compartido
autonomous_2024_05,2024,Parlament de Catalunya,Cataluna,Lleida,7,Melani Rincón Torralba,Mujer,TRUE,FALSE,Cs,FALSE,,CIUTADANS-PARTIDO DE LA CIUDADANÍA,Cs,c_cat_2024_lle.pdf,compartido
autonomous_2024_05,2024,Parlament de Catalunya,Cataluna,Lleida,8,Fernando Lujano Moreno,Hombre,TRUE,FALSE,Cs,FALSE,,CIUTADANS-PARTIDO DE LA CIUDADANÍA,Cs,c_cat_2024_lle.pdf,compartido
autonomous_2024_05,2024,Parlament de Catalunya,Cataluna,Lleida,9,Carolina Hurtado Blanco,Mujer,TRUE,FALSE,Cs,FALSE,,CIUTADANS-PARTIDO DE LA CIUDADANÍA,Cs,c_cat_2024_lle.pdf,compartido
autonomous_2024_05,2024,Parlament de Catalunya,Cataluna,Lleida,10,Maria José Valenzuela Baguena,Mujer,TRUE,FALSE,Cs,FALSE,,CIUTADANS-PARTIDO DE LA CIUDADANÍA,Cs,c_cat_2024_lle.pdf,compartido
autonomous_2024_05,2024,Parlament de Catalunya,Cataluna,Lleida,11,Encarnación Ceballos Baena,Mujer,TRUE,FALSE,Cs,FALSE,,CIUTADANS-PARTIDO DE LA CIUDADANÍA,Cs,c_cat_2024_lle.pdf,compartido
autonomous_2024_05,2024,Parlament de Catalunya,Cataluna,Lleida,12,Luisa Falero Domínguez,Mujer,TRUE,FALSE,Cs,FALSE,,CIUTADANS-PARTIDO DE LA CIUDADANÍA,Cs,c_cat_2024_lle.pdf,compartido
autonomous_2024_05,2024,Parlament de Catalunya,Cataluna,Lleida,13,José Luis Linares Sánchez,Hombre,TRUE,FALSE,Cs,FALSE,,CIUTADANS-PARTIDO DE LA CIUDADANÍA,Cs,c_cat_2024_lle.pdf,compartido
autonomous_2024_05,2024,Parlament de Catalunya,Cataluna,Lleida,14,Sharay Erill Azzaz,Mujer,TRUE,FALSE,Cs,FALSE,,CIUTADANS-PARTIDO DE LA CIUDADANÍA,Cs,c_cat_2024_lle.pdf,compartido
autonomous_2024_05,2024,Parlament de Catalunya,Cataluna,Lleida,15,Ramon Vilaltella Domenjo,Hombre,TRUE,FALSE,Cs,FALSE,,CIUTADANS-PARTIDO DE LA CIUDADANÍA,Cs,c_cat_2024_lle.pdf,compartido
autonomous_2024_05,2024,Parlament de Catalunya,Cataluna,Lleida,1,Gemma Maria (Gema) Sánchez Pérez,Mujer,FALSE,FALSE,Cs,FALSE,,CIUTADANS-PARTIDO DE LA CIUDADANÍA,Cs,c_cat_2024_lle.pdf,compartido
autonomous_2024_05,2024,Parlament de Catalunya,Cataluna,Lleida,2,Samuel Romera Bernabé,Hombre,FALSE,FALSE,Cs,FALSE,,CIUTADANS-PARTIDO DE LA CIUDADANÍA,Cs,c_cat_2024_lle.pdf,compartido
autonomous_2024_05,2024,Parlament de Catalunya,Cataluna,Lleida,3,Laura Elvira Gómez,Mujer,FALSE,FALSE,Cs,FALSE,,CIUTADANS-PARTIDO DE LA CIUDADANÍA,Cs,c_cat_2024_lle.pdf,compartido
autonomous_2024_05,2024,Parlament de Catalunya,Cataluna,Tarragona,1,Matías Alonso Ruiz,Hombre,TRUE,FALSE,Cs,FALSE,,CIUTADANS-PARTIDO DE LA CIUDADANIA,Cs,c_cat_2024_tar.pdf,compartido
autonomous_2024_05,2024,Parlament de Catalunya,Cataluna,Tarragona,2,Miquel Ángel Albacar Damián,Hombre,TRUE,FALSE,Cs,FALSE,,CIUTADANS-PARTIDO DE LA CIUDADANIA,Cs,c_cat_2024_tar.pdf,compartido
autonomous_2024_05,2024,Parlament de Catalunya,Cataluna,Tarragona,3,Lorena de la Fuente Vilaltella,Mujer,TRUE,FALSE,Cs,FALSE,,CIUTADANS-PARTIDO DE LA CIUDADANIA,Cs,c_cat_2024_tar.pdf,compartido
autonomous_2024_05,2024,Parlament de Catalunya,Cataluna,Tarragona,4,Juan Carlos Romera Gil,Hombre,TRUE,FALSE,Cs,FALSE,,CIUTADANS-PARTIDO DE LA CIUDADANIA,Cs,c_cat_2024_tar.pdf,compartido
autonomous_2024_05,2024,Parlament de Catalunya,Cataluna,Tarragona,5,Concepción Almazán Gómez,Mujer,TRUE,FALSE,Cs,FALSE,,CIUTADANS-PARTIDO DE LA CIUDADANIA,Cs,c_cat_2024_tar.pdf,compartido
autonomous_2024_05,2024,Parlament de Catalunya,Cataluna,Tarragona,6,Ricardo López Vázquez,Hombre,TRUE,FALSE,Cs,FALSE,,CIUTADANS-PARTIDO DE LA CIUDADANIA,Cs,c_cat_2024_tar.pdf,compartido
autonomous_2024_05,2024,Parlament de Catalunya,Cataluna,Tarragona,7,Juan Carlos Pablos Dos Santos,Hombre,TRUE,FALSE,Cs,FALSE,,CIUTADANS-PARTIDO DE LA CIUDADANIA,Cs,c_cat_2024_tar.pdf,compartido
autonomous_2024_05,2024,Parlament de Catalunya,Cataluna,Tarragona,8,Laia Jorge López,Mujer,TRUE,FALSE,Cs,FALSE,,CIUTADANS-PARTIDO DE LA CIUDADANIA,Cs,c_cat_2024_tar.pdf,compartido
autonomous_2024_05,2024,Parlament de Catalunya,Cataluna,Tarragona,9,Félix Moreno Salamanca,Hombre,TRUE,FALSE,Cs,FALSE,,CIUTADANS-PARTIDO DE LA CIUDADANIA,Cs,c_cat_2024_tar.pdf,compartido
autonomous_2024_05,2024,Parlament de Catalunya,Cataluna,Tarragona,10,María Pilar Rosales Calero,Mujer,TRUE,FALSE,Cs,FALSE,,CIUTADANS-PARTIDO DE LA CIUDADANIA,Cs,c_cat_2024_tar.pdf,compartido
autonomous_2024_05,2024,Parlament de Catalunya,Cataluna,Tarragona,11,Diego Guerra Campo,Hombre,TRUE,FALSE,Cs,FALSE,,CIUTADANS-PARTIDO DE LA CIUDADANIA,Cs,c_cat_2024_tar.pdf,compartido
autonomous_2024_05,2024,Parlament de Catalunya,Cataluna,Tarragona,12,Vicente Molina Brocal,Hombre,TRUE,FALSE,Cs,FALSE,,CIUTADANS-PARTIDO DE LA CIUDADANIA,Cs,c_cat_2024_tar.pdf,compartido
autonomous_2024_05,2024,Parlament de Catalunya,Cataluna,Tarragona,13,Maria Estrella Escobar Encinas,Mujer,TRUE,FALSE,Cs,FALSE,,CIUTADANS-PARTIDO DE LA CIUDADANIA,Cs,c_cat_2024_tar.pdf,compartido
autonomous_2024_05,2024,Parlament de Catalunya,Cataluna,Tarragona,14,Concepción Martínez Gómez,Mujer,TRUE,FALSE,Cs,FALSE,,CIUTADANS-PARTIDO DE LA CIUDADANIA,Cs,c_cat_2024_tar.pdf,compartido
autonomous_2024_05,2024,Parlament de Catalunya,Cataluna,Tarragona,15,Felicià Fortuny Roselló,Mujer,TRUE,FALSE,Cs,FALSE,,CIUTADANS-PARTIDO DE LA CIUDADANIA,Cs,c_cat_2024_tar.pdf,compartido
autonomous_2024_05,2024,Parlament de Catalunya,Cataluna,Tarragona,16,Eduardo García Fernández,Hombre,TRUE,FALSE,Cs,FALSE,,CIUTADANS-PARTIDO DE LA CIUDADANIA,Cs,c_cat_2024_tar.pdf,compartido
autonomous_2024_05,2024,Parlament de Catalunya,Cataluna,Tarragona,17,Aurora Pareja Ramírez,Mujer,TRUE,FALSE,Cs,FALSE,,CIUTADANS-PARTIDO DE LA CIUDADANIA,Cs,c_cat_2024_tar.pdf,compartido
autonomous_2024_05,2024,Parlament de Catalunya,Cataluna,Tarragona,18,Joaquina (Quimeta) Sanchez Álvarez,Mujer,TRUE,FALSE,Cs,FALSE,,CIUTADANS-PARTIDO DE LA CIUDADANIA,Cs,c_cat_2024_tar.pdf,compartido
autonomous_2024_05,2024,Parlament de Catalunya,Cataluna,Tarragona,1,Manuel Javier Luna Fernández,Hombre,FALSE,FALSE,Cs,FALSE,,CIUTADANS-PARTIDO DE LA CIUDADANIA,Cs,c_cat_2024_tar.pdf,compartido
autonomous_2024_05,2024,Parlament de Catalunya,Cataluna,Tarragona,2,Isaac Iglesias Molina,Hombre,FALSE,FALSE,Cs,FALSE,,CIUTADANS-PARTIDO DE LA CIUDADANIA,Cs,c_cat_2024_tar.pdf,compartido
autonomous_2024_05,2024,Parlament de Catalunya,Cataluna,Tarragona,3,María Teresa Gumbau Sureda,Mujer,FALSE,FALSE,Cs,FALSE,,CIUTADANS-PARTIDO DE LA CIUDADANIA,Cs,c_cat_2024_tar.pdf,compartido
autonomous_2025_12,2025,Asamblea de Extremadura,Extremadura,Badajoz,1,José Ignacio Segura Rama,Hombre,TRUE,FALSE,Cs,FALSE,,CIUDADANOS-PARTIDO DE LA CIUDADANIA,Cs,doe_ext_2025_ba.pdf,compartido
autonomous_2025_12,2025,Asamblea de Extremadura,Extremadura,Badajoz,2,María Belén Solís Cerro,Mujer,TRUE,FALSE,Cs,FALSE,,CIUDADANOS-PARTIDO DE LA CIUDADANIA,Cs,doe_ext_2025_ba.pdf,compartido
autonomous_2025_12,2025,Asamblea de Extremadura,Extremadura,Badajoz,3,Juan Arias Domínguez,Hombre,TRUE,FALSE,Cs,FALSE,,CIUDADANOS-PARTIDO DE LA CIUDADANIA,Cs,doe_ext_2025_ba.pdf,compartido
autonomous_2025_12,2025,Asamblea de Extremadura,Extremadura,Badajoz,4,Desiré Vázquez Becerra,Mujer,TRUE,FALSE,Cs,FALSE,,CIUDADANOS-PARTIDO DE LA CIUDADANIA,Cs,doe_ext_2025_ba.pdf,compartido
autonomous_2025_12,2025,Asamblea de Extremadura,Extremadura,Badajoz,5,Francisco Javier Guillén Regaña,Hombre,TRUE,FALSE,Cs,FALSE,,CIUDADANOS-PARTIDO DE LA CIUDADANIA,Cs,doe_ext_2025_ba.pdf,compartido
autonomous_2025_12,2025,Asamblea de Extremadura,Extremadura,Badajoz,6,María Fátima Armendáriz Carapeto,Mujer,TRUE,FALSE,Cs,FALSE,,CIUDADANOS-PARTIDO DE LA CIUDADANIA,Cs,doe_ext_2025_ba.pdf,compartido
autonomous_2025_12,2025,Asamblea de Extremadura,Extremadura,Badajoz,7,Luis García Doncel,Hombre,TRUE,FALSE,Cs,FALSE,,CIUDADANOS-PARTIDO DE LA CIUDADANIA,Cs,doe_ext_2025_ba.pdf,compartido
autonomous_2025_12,2025,Asamblea de Extremadura,Extremadura,Badajoz,8,María Belén Valverde Romero,Mujer,TRUE,FALSE,Cs,FALSE,,CIUDADANOS-PARTIDO DE LA CIUDADANIA,Cs,doe_ext_2025_ba.pdf,compartido
autonomous_2025_12,2025,Asamblea de Extremadura,Extremadura,Badajoz,9,Jorge Luis Medrano Sánchez,Hombre,TRUE,FALSE,Cs,FALSE,,CIUDADANOS-PARTIDO DE LA CIUDADANIA,Cs,doe_ext_2025_ba.pdf,compartido
autonomous_2025_12,2025,Asamblea de Extremadura,Extremadura,Badajoz,10,María Jesús Sánchez Galán,Mujer,TRUE,FALSE,Cs,FALSE,,CIUDADANOS-PARTIDO DE LA CIUDADANIA,Cs,doe_ext_2025_ba.pdf,compartido
autonomous_2025_12,2025,Asamblea de Extremadura,Extremadura,Badajoz,11,Pedro Ramos Fernández,Hombre,TRUE,FALSE,Cs,FALSE,,CIUDADANOS-PARTIDO DE LA CIUDADANIA,Cs,doe_ext_2025_ba.pdf,compartido
autonomous_2025_12,2025,Asamblea de Extremadura,Extremadura,Badajoz,12,Antonia Castro Romero,Mujer,TRUE,FALSE,Cs,FALSE,,CIUDADANOS-PARTIDO DE LA CIUDADANIA,Cs,doe_ext_2025_ba.pdf,compartido
autonomous_2025_12,2025,Asamblea de Extremadura,Extremadura,Badajoz,13,Andrés Romero Moreno,Hombre,TRUE,FALSE,Cs,FALSE,,CIUDADANOS-PARTIDO DE LA CIUDADANIA,Cs,doe_ext_2025_ba.pdf,compartido
autonomous_2025_12,2025,Asamblea de Extremadura,Extremadura,Badajoz,14,Azahara Vivas Sánchez NÚMERO 227,Mujer,TRUE,FALSE,Cs,FALSE,,CIUDADANOS-PARTIDO DE LA CIUDADANIA,Cs,doe_ext_2025_ba.pdf,compartido
autonomous_2025_12,2025,Asamblea de Extremadura,Extremadura,Badajoz,15,Juan Carlos Campini Bermejo,Hombre,TRUE,FALSE,Cs,FALSE,,CIUDADANOS-PARTIDO DE LA CIUDADANIA,Cs,doe_ext_2025_ba.pdf,compartido
autonomous_2025_12,2025,Asamblea de Extremadura,Extremadura,Badajoz,16,Guadalupe García Pacha,Mujer,TRUE,FALSE,Cs,FALSE,,CIUDADANOS-PARTIDO DE LA CIUDADANIA,Cs,doe_ext_2025_ba.pdf,compartido
autonomous_2025_12,2025,Asamblea de Extremadura,Extremadura,Badajoz,17,Ángel María De Llera Grajera,Hombre,TRUE,FALSE,Cs,FALSE,,CIUDADANOS-PARTIDO DE LA CIUDADANIA,Cs,doe_ext_2025_ba.pdf,compartido
autonomous_2025_12,2025,Asamblea de Extremadura,Extremadura,Badajoz,18,Rosa María Estirado Pacheco,Mujer,TRUE,FALSE,Cs,FALSE,,CIUDADANOS-PARTIDO DE LA CIUDADANIA,Cs,doe_ext_2025_ba.pdf,compartido
autonomous_2025_12,2025,Asamblea de Extremadura,Extremadura,Badajoz,19,Aitor Crespo González,Hombre,TRUE,FALSE,Cs,FALSE,,CIUDADANOS-PARTIDO DE LA CIUDADANIA,Cs,doe_ext_2025_ba.pdf,compartido
autonomous_2025_12,2025,Asamblea de Extremadura,Extremadura,Badajoz,20,Milagros Montserrat Carracedo Molina,Mujer,TRUE,FALSE,Cs,FALSE,,CIUDADANOS-PARTIDO DE LA CIUDADANIA,Cs,doe_ext_2025_ba.pdf,compartido
autonomous_2025_12,2025,Asamblea de Extremadura,Extremadura,Badajoz,21,Carlos Chamorro Domínguez,Hombre,TRUE,FALSE,Cs,FALSE,,CIUDADANOS-PARTIDO DE LA CIUDADANIA,Cs,doe_ext_2025_ba.pdf,compartido
autonomous_2025_12,2025,Asamblea de Extremadura,Extremadura,Badajoz,22,Vanesa Matilde Gajardo Buzón,Mujer,TRUE,FALSE,Cs,FALSE,,CIUDADANOS-PARTIDO DE LA CIUDADANIA,Cs,doe_ext_2025_ba.pdf,compartido
autonomous_2025_12,2025,Asamblea de Extremadura,Extremadura,Badajoz,23,Santiago Murillo Rico,Hombre,TRUE,FALSE,Cs,FALSE,,CIUDADANOS-PARTIDO DE LA CIUDADANIA,Cs,doe_ext_2025_ba.pdf,compartido
autonomous_2025_12,2025,Asamblea de Extremadura,Extremadura,Badajoz,24,Joaquina Díaz Menea,Mujer,TRUE,FALSE,Cs,FALSE,,CIUDADANOS-PARTIDO DE LA CIUDADANIA,Cs,doe_ext_2025_ba.pdf,compartido
autonomous_2025_12,2025,Asamblea de Extremadura,Extremadura,Badajoz,25,Julio José Barrientos Villafaina,Hombre,TRUE,FALSE,Cs,FALSE,,CIUDADANOS-PARTIDO DE LA CIUDADANIA,Cs,doe_ext_2025_ba.pdf,compartido
autonomous_2025_12,2025,Asamblea de Extremadura,Extremadura,Badajoz,26,Catalina de la Cruz Peloche Agudo,Mujer,TRUE,FALSE,Cs,FALSE,,CIUDADANOS-PARTIDO DE LA CIUDADANIA,Cs,doe_ext_2025_ba.pdf,compartido
autonomous_2025_12,2025,Asamblea de Extremadura,Extremadura,Badajoz,27,Juan José Perea Villalba,Hombre,TRUE,FALSE,Cs,FALSE,,CIUDADANOS-PARTIDO DE LA CIUDADANIA,Cs,doe_ext_2025_ba.pdf,compartido
autonomous_2025_12,2025,Asamblea de Extremadura,Extremadura,Badajoz,28,María Teresa Segura Rama,Mujer,TRUE,FALSE,Cs,FALSE,,CIUDADANOS-PARTIDO DE LA CIUDADANIA,Cs,doe_ext_2025_ba.pdf,compartido
autonomous_2025_12,2025,Asamblea de Extremadura,Extremadura,Badajoz,29,Fransico Javier Kossakowski Gutiérrez,,TRUE,FALSE,Cs,FALSE,,CIUDADANOS-PARTIDO DE LA CIUDADANIA,Cs,doe_ext_2025_ba.pdf,compartido
autonomous_2025_12,2025,Asamblea de Extremadura,Extremadura,Badajoz,30,Inmaculada Acevedo García,Mujer,TRUE,FALSE,Cs,FALSE,,CIUDADANOS-PARTIDO DE LA CIUDADANIA,Cs,doe_ext_2025_ba.pdf,compartido
autonomous_2025_12,2025,Asamblea de Extremadura,Extremadura,Badajoz,31,Roberto Risco Rojas,Hombre,TRUE,FALSE,Cs,FALSE,,CIUDADANOS-PARTIDO DE LA CIUDADANIA,Cs,doe_ext_2025_ba.pdf,compartido
autonomous_2025_12,2025,Asamblea de Extremadura,Extremadura,Badajoz,32,María Leal Tienza,Mujer,TRUE,FALSE,Cs,FALSE,,CIUDADANOS-PARTIDO DE LA CIUDADANIA,Cs,doe_ext_2025_ba.pdf,compartido
autonomous_2025_12,2025,Asamblea de Extremadura,Extremadura,Badajoz,33,Javier García Calvo,Hombre,TRUE,FALSE,Cs,FALSE,,CIUDADANOS-PARTIDO DE LA CIUDADANIA,Cs,doe_ext_2025_ba.pdf,compartido
autonomous_2025_12,2025,Asamblea de Extremadura,Extremadura,Badajoz,34,Ana María Segura Ramas,Mujer,TRUE,FALSE,Cs,FALSE,,CIUDADANOS-PARTIDO DE LA CIUDADANIA,Cs,doe_ext_2025_ba.pdf,compartido
autonomous_2025_12,2025,Asamblea de Extremadura,Extremadura,Badajoz,35,Ángel Martínez Giles,Hombre,TRUE,FALSE,Cs,FALSE,,CIUDADANOS-PARTIDO DE LA CIUDADANIA,Cs,doe_ext_2025_ba.pdf,compartido
autonomous_2025_12,2025,Asamblea de Extremadura,Extremadura,Badajoz,36,María del Rosario González Vadillo NÚMERO 227,Mujer,TRUE,FALSE,Cs,FALSE,,CIUDADANOS-PARTIDO DE LA CIUDADANIA,Cs,doe_ext_2025_ba.pdf,compartido
autonomous_2025_12,2025,Asamblea de Extremadura,Extremadura,Badajoz,1,Miguel Ángel Alcaide Martín,Hombre,FALSE,FALSE,Cs,FALSE,,CIUDADANOS-PARTIDO DE LA CIUDADANIA,Cs,doe_ext_2025_ba.pdf,compartido
autonomous_2025_12,2025,Asamblea de Extremadura,Extremadura,Badajoz,2,Andrea Ramos Grande,Mujer,FALSE,FALSE,Cs,FALSE,,CIUDADANOS-PARTIDO DE LA CIUDADANIA,Cs,doe_ext_2025_ba.pdf,compartido
autonomous_2025_12,2025,Asamblea de Extremadura,Extremadura,Badajoz,3,Mario Guillermo de Llera Lima,Hombre,FALSE,FALSE,Cs,FALSE,,CIUDADANOS-PARTIDO DE LA CIUDADANIA,Cs,doe_ext_2025_ba.pdf,compartido
autonomous_2025_12,2025,Asamblea de Extremadura,Extremadura,Cáceres,1,Miguel Ángel Julián Martín,Hombre,TRUE,FALSE,Cs,FALSE,,CIUDADANOS-PARTIDO DE LA CIUDADANIA,Cs,jec_ext_2025_cc.pdf,compartido
autonomous_2025_12,2025,Asamblea de Extremadura,Extremadura,Cáceres,2,Concepción García Ávila,Mujer,TRUE,FALSE,Cs,FALSE,,CIUDADANOS-PARTIDO DE LA CIUDADANIA,Cs,jec_ext_2025_cc.pdf,compartido
autonomous_2025_12,2025,Asamblea de Extremadura,Extremadura,Cáceres,3,José Néstor Mariscal Encinas,Hombre,TRUE,FALSE,Cs,FALSE,,CIUDADANOS-PARTIDO DE LA CIUDADANIA,Cs,jec_ext_2025_cc.pdf,compartido
autonomous_2025_12,2025,Asamblea de Extremadura,Extremadura,Cáceres,4,Patricia Meana Díaz,Mujer,TRUE,FALSE,Cs,FALSE,,CIUDADANOS-PARTIDO DE LA CIUDADANIA,Cs,jec_ext_2025_cc.pdf,compartido
autonomous_2025_12,2025,Asamblea de Extremadura,Extremadura,Cáceres,5,Antonio Solís Trenado,Hombre,TRUE,FALSE,Cs,FALSE,,CIUDADANOS-PARTIDO DE LA CIUDADANIA,Cs,jec_ext_2025_cc.pdf,compartido
autonomous_2025_12,2025,Asamblea de Extremadura,Extremadura,Cáceres,6,Laura Fuentes Hornero,Mujer,TRUE,FALSE,Cs,FALSE,,CIUDADANOS-PARTIDO DE LA CIUDADANIA,Cs,jec_ext_2025_cc.pdf,compartido
autonomous_2025_12,2025,Asamblea de Extremadura,Extremadura,Cáceres,7,Ignacio Lobato Reyes,Hombre,TRUE,FALSE,Cs,FALSE,,CIUDADANOS-PARTIDO DE LA CIUDADANIA,Cs,jec_ext_2025_cc.pdf,compartido
autonomous_2025_12,2025,Asamblea de Extremadura,Extremadura,Cáceres,8,María Fermina Peraleda Encinas,Mujer,TRUE,FALSE,Cs,FALSE,,CIUDADANOS-PARTIDO DE LA CIUDADANIA,Cs,jec_ext_2025_cc.pdf,compartido
autonomous_2025_12,2025,Asamblea de Extremadura,Extremadura,Cáceres,9,Juan Máximo Villar Molano,Hombre,TRUE,FALSE,Cs,FALSE,,CIUDADANOS-PARTIDO DE LA CIUDADANIA,Cs,jec_ext_2025_cc.pdf,compartido
autonomous_2025_12,2025,Asamblea de Extremadura,Extremadura,Cáceres,10,Johana Pascual García,Mujer,TRUE,FALSE,Cs,FALSE,,CIUDADANOS-PARTIDO DE LA CIUDADANIA,Cs,jec_ext_2025_cc.pdf,compartido
autonomous_2025_12,2025,Asamblea de Extremadura,Extremadura,Cáceres,11,Raúl Ripoll Alonso NÚMERO 227,Hombre,TRUE,FALSE,Cs,FALSE,,CIUDADANOS-PARTIDO DE LA CIUDADANIA,Cs,jec_ext_2025_cc.pdf,compartido
autonomous_2025_12,2025,Asamblea de Extremadura,Extremadura,Cáceres,12,Ana José González Rodríguez,Mujer,TRUE,FALSE,Cs,FALSE,,CIUDADANOS-PARTIDO DE LA CIUDADANIA,Cs,jec_ext_2025_cc.pdf,compartido
autonomous_2025_12,2025,Asamblea de Extremadura,Extremadura,Cáceres,13,Antonio Morales Muñoz,Hombre,TRUE,FALSE,Cs,FALSE,,CIUDADANOS-PARTIDO DE LA CIUDADANIA,Cs,jec_ext_2025_cc.pdf,compartido
autonomous_2025_12,2025,Asamblea de Extremadura,Extremadura,Cáceres,14,Ana Isabel García Julián,Mujer,TRUE,FALSE,Cs,FALSE,,CIUDADANOS-PARTIDO DE LA CIUDADANIA,Cs,jec_ext_2025_cc.pdf,compartido
autonomous_2025_12,2025,Asamblea de Extremadura,Extremadura,Cáceres,15,Jorge Martín Redondo,Hombre,TRUE,FALSE,Cs,FALSE,,CIUDADANOS-PARTIDO DE LA CIUDADANIA,Cs,jec_ext_2025_cc.pdf,compartido
autonomous_2025_12,2025,Asamblea de Extremadura,Extremadura,Cáceres,16,María Soledad Aparicio Rodríguez,Mujer,TRUE,FALSE,Cs,FALSE,,CIUDADANOS-PARTIDO DE LA CIUDADANIA,Cs,jec_ext_2025_cc.pdf,compartido
autonomous_2025_12,2025,Asamblea de Extremadura,Extremadura,Cáceres,17,Juan Carlos Díaz Román,Hombre,TRUE,FALSE,Cs,FALSE,,CIUDADANOS-PARTIDO DE LA CIUDADANIA,Cs,jec_ext_2025_cc.pdf,compartido
autonomous_2025_12,2025,Asamblea de Extremadura,Extremadura,Cáceres,18,Laura Julián Caballero,Mujer,TRUE,FALSE,Cs,FALSE,,CIUDADANOS-PARTIDO DE LA CIUDADANIA,Cs,jec_ext_2025_cc.pdf,compartido
autonomous_2025_12,2025,Asamblea de Extremadura,Extremadura,Cáceres,19,Juan José Castillo Bermejo,Hombre,TRUE,FALSE,Cs,FALSE,,CIUDADANOS-PARTIDO DE LA CIUDADANIA,Cs,jec_ext_2025_cc.pdf,compartido
autonomous_2025_12,2025,Asamblea de Extremadura,Extremadura,Cáceres,20,Luisa María Galeano Macías,Mujer,TRUE,FALSE,Cs,FALSE,,CIUDADANOS-PARTIDO DE LA CIUDADANIA,Cs,jec_ext_2025_cc.pdf,compartido
autonomous_2025_12,2025,Asamblea de Extremadura,Extremadura,Cáceres,21,Juan José Iglesias León,Hombre,TRUE,FALSE,Cs,FALSE,,CIUDADANOS-PARTIDO DE LA CIUDADANIA,Cs,jec_ext_2025_cc.pdf,compartido
autonomous_2025_12,2025,Asamblea de Extremadura,Extremadura,Cáceres,22,Celia Osma López,Mujer,TRUE,FALSE,Cs,FALSE,,CIUDADANOS-PARTIDO DE LA CIUDADANIA,Cs,jec_ext_2025_cc.pdf,compartido
autonomous_2025_12,2025,Asamblea de Extremadura,Extremadura,Cáceres,23,Raúl Julián Caballero,Hombre,TRUE,FALSE,Cs,FALSE,,CIUDADANOS-PARTIDO DE LA CIUDADANIA,Cs,jec_ext_2025_cc.pdf,compartido
autonomous_2025_12,2025,Asamblea de Extremadura,Extremadura,Cáceres,24,María Ángeles Caballero Moreno,Mujer,TRUE,FALSE,Cs,FALSE,,CIUDADANOS-PARTIDO DE LA CIUDADANIA,Cs,jec_ext_2025_cc.pdf,compartido
autonomous_2025_12,2025,Asamblea de Extremadura,Extremadura,Cáceres,25,Jesús Cobos Vega,Hombre,TRUE,FALSE,Cs,FALSE,,CIUDADANOS-PARTIDO DE LA CIUDADANIA,Cs,jec_ext_2025_cc.pdf,compartido
autonomous_2025_12,2025,Asamblea de Extremadura,Extremadura,Cáceres,26,Ana María García Paniagua,Mujer,TRUE,FALSE,Cs,FALSE,,CIUDADANOS-PARTIDO DE LA CIUDADANIA,Cs,jec_ext_2025_cc.pdf,compartido
autonomous_2025_12,2025,Asamblea de Extremadura,Extremadura,Cáceres,27,Eduardo Sanz García,Hombre,TRUE,FALSE,Cs,FALSE,,CIUDADANOS-PARTIDO DE LA CIUDADANIA,Cs,jec_ext_2025_cc.pdf,compartido
autonomous_2025_12,2025,Asamblea de Extremadura,Extremadura,Cáceres,28,Yolanda Fuentes Hornero,Mujer,TRUE,FALSE,Cs,FALSE,,CIUDADANOS-PARTIDO DE LA CIUDADANIA,Cs,jec_ext_2025_cc.pdf,compartido
autonomous_2025_12,2025,Asamblea de Extremadura,Extremadura,Cáceres,29,Francisco Javier Castillo Bermejo,Hombre,TRUE,FALSE,Cs,FALSE,,CIUDADANOS-PARTIDO DE LA CIUDADANIA,Cs,jec_ext_2025_cc.pdf,compartido
autonomous_2025_12,2025,Asamblea de Extremadura,Extremadura,Cáceres,1,María Altagracia Julián Martín,Mujer,FALSE,FALSE,Cs,FALSE,,CIUDADANOS-PARTIDO DE LA CIUDADANIA,Cs,jec_ext_2025_cc.pdf,compartido
autonomous_2025_12,2025,Asamblea de Extremadura,Extremadura,Cáceres,2,Enrique Montero Bernáldez,Hombre,FALSE,FALSE,Cs,FALSE,,CIUDADANOS-PARTIDO DE LA CIUDADANIA,Cs,jec_ext_2025_cc.pdf,compartido
autonomous_2025_12,2025,Asamblea de Extremadura,Extremadura,Cáceres,3,María Soledad Hornero Gil NÚMERO 227,Mujer,FALSE,FALSE,Cs,FALSE,,CIUDADANOS-PARTIDO DE LA CIUDADANIA,Cs,jec_ext_2025_cc.pdf,compartido
autonomous_2026_03,2026,Cortes de Castilla y León,Castilla y Leon,Burgos,1,ALFREDO RODRÍGUEZ GARAGORRI,Hombre,TRUE,FALSE,Cs,FALSE,,CIUDADANOS-PARTIDO DE LA CIUDADANIA,Cs,jec_cyl_2026.pdf,compartido
autonomous_2026_03,2026,Cortes de Castilla y León,Castilla y Leon,Burgos,2,DIANA MARÍA CÁCERES GUTIÉRREZ,Mujer,TRUE,FALSE,Cs,FALSE,,CIUDADANOS-PARTIDO DE LA CIUDADANIA,Cs,jec_cyl_2026.pdf,compartido
autonomous_2026_03,2026,Cortes de Castilla y León,Castilla y Leon,Burgos,3,JUAN CARLOS DÍAZ DÍAZ,Hombre,TRUE,FALSE,Cs,FALSE,,CIUDADANOS-PARTIDO DE LA CIUDADANIA,Cs,jec_cyl_2026.pdf,compartido
autonomous_2026_03,2026,Cortes de Castilla y León,Castilla y Leon,Burgos,4,MARÍA DEL CARMEN ITURRIAGA LÓPEZ,Mujer,TRUE,FALSE,Cs,FALSE,,CIUDADANOS-PARTIDO DE LA CIUDADANIA,Cs,jec_cyl_2026.pdf,compartido
autonomous_2026_03,2026,Cortes de Castilla y León,Castilla y Leon,Burgos,5,JAVIER DOMINGO HUERTOS,Hombre,TRUE,FALSE,Cs,FALSE,,CIUDADANOS-PARTIDO DE LA CIUDADANIA,Cs,jec_cyl_2026.pdf,compartido
autonomous_2026_03,2026,Cortes de Castilla y León,Castilla y Leon,Burgos,6,AMAYA DEL VIGO RODRÍGUEZ,Mujer,TRUE,FALSE,Cs,FALSE,,CIUDADANOS-PARTIDO DE LA CIUDADANIA,Cs,jec_cyl_2026.pdf,compartido
autonomous_2026_03,2026,Cortes de Castilla y León,Castilla y Leon,Burgos,7,ALFREDO PERAITA LECHOSA,Hombre,TRUE,FALSE,Cs,FALSE,,CIUDADANOS-PARTIDO DE LA CIUDADANIA,Cs,jec_cyl_2026.pdf,compartido
autonomous_2026_03,2026,Cortes de Castilla y León,Castilla y Leon,Burgos,8,MARÍA ALMUDENA PÉREZ GUTIÉRREZ,Mujer,TRUE,FALSE,Cs,FALSE,,CIUDADANOS-PARTIDO DE LA CIUDADANIA,Cs,jec_cyl_2026.pdf,compartido
autonomous_2026_03,2026,Cortes de Castilla y León,Castilla y Leon,Burgos,9,DAVID PÉREZ MIGUEL,Hombre,TRUE,FALSE,Cs,FALSE,,CIUDADANOS-PARTIDO DE LA CIUDADANIA,Cs,jec_cyl_2026.pdf,compartido
autonomous_2026_03,2026,Cortes de Castilla y León,Castilla y Leon,Burgos,10,VIRGINIA PECHARROMÁN DE LA VIUDA,Mujer,TRUE,FALSE,Cs,FALSE,,CIUDADANOS-PARTIDO DE LA CIUDADANIA,Cs,jec_cyl_2026.pdf,compartido
autonomous_2026_03,2026,Cortes de Castilla y León,Castilla y Leon,Burgos,11,JULIÁN ALTABLE VICARIO,Hombre,TRUE,FALSE,Cs,FALSE,,CIUDADANOS-PARTIDO DE LA CIUDADANIA,Cs,jec_cyl_2026.pdf,compartido
autonomous_2026_03,2026,Cortes de Castilla y León,Castilla y Leon,Burgos,1,MARÍA CRUZ ALONSO MARTÍNEZ,Mujer,FALSE,FALSE,Cs,FALSE,,CIUDADANOS-PARTIDO DE LA CIUDADANIA,Cs,jec_cyl_2026.pdf,compartido
autonomous_2026_03,2026,Cortes de Castilla y León,Castilla y Leon,Burgos,2,FERNANDO MARTÍN LÓPEZ,Hombre,FALSE,FALSE,Cs,FALSE,,CIUDADANOS-PARTIDO DE LA CIUDADANIA,Cs,jec_cyl_2026.pdf,compartido
autonomous_2026_03,2026,Cortes de Castilla y León,Castilla y Leon,Burgos,3,PURIFICACIÓN CHAGARTEGUI ROIZ,Mujer,FALSE,FALSE,Cs,FALSE,,CIUDADANOS-PARTIDO DE LA CIUDADANIA,Cs,jec_cyl_2026.pdf,compartido
autonomous_2026_03,2026,Cortes de Castilla y León,Castilla y Leon,León,1,FRANCISCO JAVIER PANIZO GARCIA,Hombre,TRUE,FALSE,Cs,FALSE,,CIUDADANOS-PARTIDO DE LA CIUDADANIA,Cs,jec_cyl_2026.pdf,compartido
autonomous_2026_03,2026,Cortes de Castilla y León,Castilla y Leon,León,2,GEMMA VILLARROEL FERNANDEZ,Mujer,TRUE,FALSE,Cs,FALSE,,CIUDADANOS-PARTIDO DE LA CIUDADANIA,Cs,jec_cyl_2026.pdf,compartido
autonomous_2026_03,2026,Cortes de Castilla y León,Castilla y Leon,León,3,OSCAR CARRACEDO GONZALEZ,Hombre,TRUE,FALSE,Cs,FALSE,,CIUDADANOS-PARTIDO DE LA CIUDADANIA,Cs,jec_cyl_2026.pdf,compartido
autonomous_2026_03,2026,Cortes de Castilla y León,Castilla y Leon,León,4,ELENA LAFUENTE SANCHEZ,Mujer,TRUE,FALSE,Cs,FALSE,,CIUDADANOS-PARTIDO DE LA CIUDADANIA,Cs,jec_cyl_2026.pdf,compartido
autonomous_2026_03,2026,Cortes de Castilla y León,Castilla y Leon,León,5,LUIS MERINO DOMINGUEZ,Hombre,TRUE,FALSE,Cs,FALSE,,CIUDADANOS-PARTIDO DE LA CIUDADANIA,Cs,jec_cyl_2026.pdf,compartido
autonomous_2026_03,2026,Cortes de Castilla y León,Castilla y Leon,León,6,TERESA CLAVEL LLEDO,Mujer,TRUE,FALSE,Cs,FALSE,,CIUDADANOS-PARTIDO DE LA CIUDADANIA,Cs,jec_cyl_2026.pdf,compartido
autonomous_2026_03,2026,Cortes de Castilla y León,Castilla y Leon,León,7,RAFAEL SANCHEZ SANCHEZ,Hombre,TRUE,FALSE,Cs,FALSE,,CIUDADANOS-PARTIDO DE LA CIUDADANIA,Cs,jec_cyl_2026.pdf,compartido
autonomous_2026_03,2026,Cortes de Castilla y León,Castilla y Leon,León,8,LAURA HUERGA DEL SOL CV: BOCYL-D-17022026-32-1 Núm. 32,Mujer,TRUE,FALSE,Cs,FALSE,,CIUDADANOS-PARTIDO DE LA CIUDADANIA,Cs,jec_cyl_2026.pdf,compartido
autonomous_2026_03,2026,Cortes de Castilla y León,Castilla y Leon,León,9,JOSE MARIA VILLAFAÑE MARCOS,Hombre,TRUE,FALSE,Cs,FALSE,,CIUDADANOS-PARTIDO DE LA CIUDADANIA,Cs,jec_cyl_2026.pdf,compartido
autonomous_2026_03,2026,Cortes de Castilla y León,Castilla y Leon,León,10,VERONICA DIAZ DEL BARRIO,Mujer,TRUE,FALSE,Cs,FALSE,,CIUDADANOS-PARTIDO DE LA CIUDADANIA,Cs,jec_cyl_2026.pdf,compartido
autonomous_2026_03,2026,Cortes de Castilla y León,Castilla y Leon,León,11,JUAN CARLOS GUTIERREZ HERNANDEZ,Hombre,TRUE,FALSE,Cs,FALSE,,CIUDADANOS-PARTIDO DE LA CIUDADANIA,Cs,jec_cyl_2026.pdf,compartido
autonomous_2026_03,2026,Cortes de Castilla y León,Castilla y Leon,León,12,MARIA DOLORES DEL SOL ALONSO (Independiente),Mujer,TRUE,FALSE,Cs,FALSE,,CIUDADANOS-PARTIDO DE LA CIUDADANIA,Cs,jec_cyl_2026.pdf,compartido
autonomous_2026_03,2026,Cortes de Castilla y León,Castilla y Leon,León,13,OSCAR LODOS DEL CASTILLO,Hombre,TRUE,FALSE,Cs,FALSE,,CIUDADANOS-PARTIDO DE LA CIUDADANIA,Cs,jec_cyl_2026.pdf,compartido
autonomous_2026_03,2026,Cortes de Castilla y León,Castilla y Leon,León,1,MARIA DEL MAR LIQUETE PALENZUELA (Independiente),Mujer,FALSE,FALSE,Cs,FALSE,,CIUDADANOS-PARTIDO DE LA CIUDADANIA,Cs,jec_cyl_2026.pdf,compartido
autonomous_2026_03,2026,Cortes de Castilla y León,Castilla y Leon,León,2,RODRIGO VALLE RODRIGUEZ,Hombre,FALSE,FALSE,Cs,FALSE,,CIUDADANOS-PARTIDO DE LA CIUDADANIA,Cs,jec_cyl_2026.pdf,compartido
autonomous_2026_03,2026,Cortes de Castilla y León,Castilla y Leon,León,3,MARIA DE LA CRUZ VILLARROEL FERNANDEZ (Independiente),Mujer,FALSE,FALSE,Cs,FALSE,,CIUDADANOS-PARTIDO DE LA CIUDADANIA,Cs,jec_cyl_2026.pdf,compartido
autonomous_2026_03,2026,Cortes de Castilla y León,Castilla y Leon,Salamanca,1,FERNANDO CASTAÑO SEQUEROS,Hombre,TRUE,FALSE,Cs,FALSE,,CIUDADANOS-PARTIDO DE LA CIUDADANIA,Cs,jec_cyl_2026.pdf,compartido
autonomous_2026_03,2026,Cortes de Castilla y León,Castilla y Leon,Salamanca,2,MARIA BEGOÑA MARTIN RODRIGO,Mujer,TRUE,FALSE,Cs,FALSE,,CIUDADANOS-PARTIDO DE LA CIUDADANIA,Cs,jec_cyl_2026.pdf,compartido
autonomous_2026_03,2026,Cortes de Castilla y León,Castilla y Leon,Salamanca,3,MANUEL MORAN GONZALEZ,Hombre,TRUE,FALSE,Cs,FALSE,,CIUDADANOS-PARTIDO DE LA CIUDADANIA,Cs,jec_cyl_2026.pdf,compartido
autonomous_2026_03,2026,Cortes de Castilla y León,Castilla y Leon,Salamanca,4,MARIA ESTHER RONCERO BLANCO,Mujer,TRUE,FALSE,Cs,FALSE,,CIUDADANOS-PARTIDO DE LA CIUDADANIA,Cs,jec_cyl_2026.pdf,compartido
autonomous_2026_03,2026,Cortes de Castilla y León,Castilla y Leon,Salamanca,5,ALEJANDRO ALONSO CABRERO,Hombre,TRUE,FALSE,Cs,FALSE,,CIUDADANOS-PARTIDO DE LA CIUDADANIA,Cs,jec_cyl_2026.pdf,compartido
autonomous_2026_03,2026,Cortes de Castilla y León,Castilla y Leon,Salamanca,6,MARIA DEL PILAR DURAN PRADO,Mujer,TRUE,FALSE,Cs,FALSE,,CIUDADANOS-PARTIDO DE LA CIUDADANIA,Cs,jec_cyl_2026.pdf,compartido
autonomous_2026_03,2026,Cortes de Castilla y León,Castilla y Leon,Salamanca,7,EMILIO ALONSO MARTIN,Hombre,TRUE,FALSE,Cs,FALSE,,CIUDADANOS-PARTIDO DE LA CIUDADANIA,Cs,jec_cyl_2026.pdf,compartido
autonomous_2026_03,2026,Cortes de Castilla y León,Castilla y Leon,Salamanca,8,MARIA TERESA GONZALEZ RODRIGUEZ,Mujer,TRUE,FALSE,Cs,FALSE,,CIUDADANOS-PARTIDO DE LA CIUDADANIA,Cs,jec_cyl_2026.pdf,compartido
autonomous_2026_03,2026,Cortes de Castilla y León,Castilla y Leon,Salamanca,9,MANUEL CALVO MENDEZ,Hombre,TRUE,FALSE,Cs,FALSE,,CIUDADANOS-PARTIDO DE LA CIUDADANIA,Cs,jec_cyl_2026.pdf,compartido
autonomous_2026_03,2026,Cortes de Castilla y León,Castilla y Leon,Salamanca,10,MARIA EUGENIA MENEIRO FERNANDEZ CV: BOCYL-D-17022026-32-1 Núm. 32,Mujer,TRUE,FALSE,Cs,FALSE,,CIUDADANOS-PARTIDO DE LA CIUDADANIA,Cs,jec_cyl_2026.pdf,compartido
autonomous_2026_03,2026,Cortes de Castilla y León,Castilla y Leon,Salamanca,1,OSCAR JAVIER PEREIRA PEDRAZA,Hombre,FALSE,FALSE,Cs,FALSE,,CIUDADANOS-PARTIDO DE LA CIUDADANIA,Cs,jec_cyl_2026.pdf,compartido
autonomous_2026_03,2026,Cortes de Castilla y León,Castilla y Leon,Salamanca,2,MARIA DEL ROCIO ALONSO GONZALEZ,Mujer,FALSE,FALSE,Cs,FALSE,,CIUDADANOS-PARTIDO DE LA CIUDADANIA,Cs,jec_cyl_2026.pdf,compartido
autonomous_2026_03,2026,Cortes de Castilla y León,Castilla y Leon,Salamanca,3,JOSE RAFAEL VELASCO RIVERO,Hombre,FALSE,FALSE,Cs,FALSE,,CIUDADANOS-PARTIDO DE LA CIUDADANIA,Cs,jec_cyl_2026.pdf,compartido
autonomous_2026_03,2026,Cortes de Castilla y León,Castilla y Leon,Soria,1,JULIÁN RUIZ NAVAZO,Hombre,TRUE,FALSE,Cs,FALSE,,CIUDADANOS-PARTIDO DE LA CIUDADANIA,Cs,jec_cyl_2026.pdf,compartido
autonomous_2026_03,2026,Cortes de Castilla y León,Castilla y Leon,Soria,2,MARÍA BELÉN REDONDO ORTIZ,Mujer,TRUE,FALSE,Cs,FALSE,,CIUDADANOS-PARTIDO DE LA CIUDADANIA,Cs,jec_cyl_2026.pdf,compartido
autonomous_2026_03,2026,Cortes de Castilla y León,Castilla y Leon,Soria,3,RAÚL REJAS LÓPEZ,Hombre,TRUE,FALSE,Cs,FALSE,,CIUDADANOS-PARTIDO DE LA CIUDADANIA,Cs,jec_cyl_2026.pdf,compartido
autonomous_2026_03,2026,Cortes de Castilla y León,Castilla y Leon,Soria,4,MARINA CABRERO ALONSO,Mujer,TRUE,FALSE,Cs,FALSE,,CIUDADANOS-PARTIDO DE LA CIUDADANIA,Cs,jec_cyl_2026.pdf,compartido
autonomous_2026_03,2026,Cortes de Castilla y León,Castilla y Leon,Soria,5,JOSÉ LUIS ALONSO SANZ,Hombre,TRUE,FALSE,Cs,FALSE,,CIUDADANOS-PARTIDO DE LA CIUDADANIA,Cs,jec_cyl_2026.pdf,compartido
autonomous_2026_03,2026,Cortes de Castilla y León,Castilla y Leon,Soria,1,MARÍA DOLORES ALONSO GUINALDO,Mujer,FALSE,FALSE,Cs,FALSE,,CIUDADANOS-PARTIDO DE LA CIUDADANIA,Cs,jec_cyl_2026.pdf,compartido
autonomous_2026_03,2026,Cortes de Castilla y León,Castilla y Leon,Soria,2,JESÚS DE LOZAR DE GRADO,Hombre,FALSE,FALSE,Cs,FALSE,,CIUDADANOS-PARTIDO DE LA CIUDADANIA,Cs,jec_cyl_2026.pdf,compartido
autonomous_2026_03,2026,Cortes de Castilla y León,Castilla y Leon,Soria,3,MARÍA TERESA HERNÁNDEZ FUERTES,Mujer,FALSE,FALSE,Cs,FALSE,,CIUDADANOS-PARTIDO DE LA CIUDADANIA,Cs,jec_cyl_2026.pdf,compartido
autonomous_2026_03,2026,Cortes de Castilla y León,Castilla y Leon,Valladolid,1,MITZIN MARIANA TRÁPAGA PEÑAFLOR,,TRUE,FALSE,Cs,FALSE,,CIUDADANOS-PARTIDO DE LA CIUDADANIA,Cs,jec_cyl_2026.pdf,compartido
autonomous_2026_03,2026,Cortes de Castilla y León,Castilla y Leon,Valladolid,2,MIGUEL ÁNGEL NIETO GÓMEZ,Hombre,TRUE,FALSE,Cs,FALSE,,CIUDADANOS-PARTIDO DE LA CIUDADANIA,Cs,jec_cyl_2026.pdf,compartido
autonomous_2026_03,2026,Cortes de Castilla y León,Castilla y Leon,Valladolid,3,MARÍA ADELA FERNÁNDEZ DE BURGOS,Mujer,TRUE,FALSE,Cs,FALSE,,CIUDADANOS-PARTIDO DE LA CIUDADANIA,Cs,jec_cyl_2026.pdf,compartido
autonomous_2026_03,2026,Cortes de Castilla y León,Castilla y Leon,Valladolid,4,DAVID FERNÁNDEZ ORTIZ,Hombre,TRUE,FALSE,Cs,FALSE,,CIUDADANOS-PARTIDO DE LA CIUDADANIA,Cs,jec_cyl_2026.pdf,compartido
autonomous_2026_03,2026,Cortes de Castilla y León,Castilla y Leon,Valladolid,5,MARÍA DEL CARMEN GARCÍA PÉREZ,Mujer,TRUE,FALSE,Cs,FALSE,,CIUDADANOS-PARTIDO DE LA CIUDADANIA,Cs,jec_cyl_2026.pdf,compartido
autonomous_2026_03,2026,Cortes de Castilla y León,Castilla y Leon,Valladolid,6,ROBERTO ZURRO MUÑOZ,Hombre,TRUE,FALSE,Cs,FALSE,,CIUDADANOS-PARTIDO DE LA CIUDADANIA,Cs,jec_cyl_2026.pdf,compartido
autonomous_2026_03,2026,Cortes de Castilla y León,Castilla y Leon,Valladolid,7,MARÍA PRÁXEDES GONZÁLEZ REGUERO,Mujer,TRUE,FALSE,Cs,FALSE,,CIUDADANOS-PARTIDO DE LA CIUDADANIA,Cs,jec_cyl_2026.pdf,compartido
autonomous_2026_03,2026,Cortes de Castilla y León,Castilla y Leon,Valladolid,8,DIEGO ESTEBAN GARCÍA,Hombre,TRUE,FALSE,Cs,FALSE,,CIUDADANOS-PARTIDO DE LA CIUDADANIA,Cs,jec_cyl_2026.pdf,compartido
autonomous_2026_03,2026,Cortes de Castilla y León,Castilla y Leon,Valladolid,9,MÓNICA SOFÍA BOMBÍN CANAL,Mujer,TRUE,FALSE,Cs,FALSE,,CIUDADANOS-PARTIDO DE LA CIUDADANIA,Cs,jec_cyl_2026.pdf,compartido
autonomous_2026_03,2026,Cortes de Castilla y León,Castilla y Leon,Valladolid,10,JOAQUÍN MARINA OCAÑA,Hombre,TRUE,FALSE,Cs,FALSE,,CIUDADANOS-PARTIDO DE LA CIUDADANIA,Cs,jec_cyl_2026.pdf,compartido
autonomous_2026_03,2026,Cortes de Castilla y León,Castilla y Leon,Valladolid,11,EVA GONZÁLEZ GONZÁLEZ,Mujer,TRUE,FALSE,Cs,FALSE,,CIUDADANOS-PARTIDO DE LA CIUDADANIA,Cs,jec_cyl_2026.pdf,compartido
autonomous_2026_03,2026,Cortes de Castilla y León,Castilla y Leon,Valladolid,12,DIEGO MARTÍN FERNÁNDEZ,Hombre,TRUE,FALSE,Cs,FALSE,,CIUDADANOS-PARTIDO DE LA CIUDADANIA,Cs,jec_cyl_2026.pdf,compartido
autonomous_2026_03,2026,Cortes de Castilla y León,Castilla y Leon,Valladolid,13,ESTER LIBIA PÉREZ PÉREZ CV: BOCYL-D-17022026-32-1 Núm. 32,Mujer,TRUE,FALSE,Cs,FALSE,,CIUDADANOS-PARTIDO DE LA CIUDADANIA,Cs,jec_cyl_2026.pdf,compartido
autonomous_2026_03,2026,Cortes de Castilla y León,Castilla y Leon,Valladolid,14,FERNANDO LAJO FERNÁNDEZ,Hombre,TRUE,FALSE,Cs,FALSE,,CIUDADANOS-PARTIDO DE LA CIUDADANIA,Cs,jec_cyl_2026.pdf,compartido
autonomous_2026_03,2026,Cortes de Castilla y León,Castilla y Leon,Valladolid,15,ANA GARCÍA QUEIPO,Mujer,TRUE,FALSE,Cs,FALSE,,CIUDADANOS-PARTIDO DE LA CIUDADANIA,Cs,jec_cyl_2026.pdf,compartido
autonomous_2026_03,2026,Cortes de Castilla y León,Castilla y Leon,Valladolid,1,JUAN CASADO LARA,Hombre,FALSE,FALSE,Cs,FALSE,,CIUDADANOS-PARTIDO DE LA CIUDADANIA,Cs,jec_cyl_2026.pdf,compartido
autonomous_2026_03,2026,Cortes de Castilla y León,Castilla y Leon,Valladolid,2,ISABEL GARCÍA SÁNCHEZ,Mujer,FALSE,FALSE,Cs,FALSE,,CIUDADANOS-PARTIDO DE LA CIUDADANIA,Cs,jec_cyl_2026.pdf,compartido
autonomous_2026_03,2026,Cortes de Castilla y León,Castilla y Leon,Valladolid,3,VÍCTOR MULAS GUTIÉRREZ,Hombre,FALSE,FALSE,Cs,FALSE,,CIUDADANOS-PARTIDO DE LA CIUDADANIA,Cs,jec_cyl_2026.pdf,compartido
autonomous_2026_03,2026,Cortes de Castilla y León,Castilla y Leon,Zamora,1,ROSA MARÍA FUENTES,Mujer,TRUE,FALSE,Cs,FALSE,,CIUDADANOS-PARTIDO DE LA CIUDADANIA,Cs,jec_cyl_2026.pdf,compartido
autonomous_2026_03,2026,Cortes de Castilla y León,Castilla y Leon,Zamora,2,JUAN JOSÉ CABRERO ANDRÉS CV: BOCYL-D-17022026-32-1 Núm. 32,Hombre,TRUE,FALSE,Cs,FALSE,,CIUDADANOS-PARTIDO DE LA CIUDADANIA,Cs,jec_cyl_2026.pdf,compartido
autonomous_2026_03,2026,Cortes de Castilla y León,Castilla y Leon,Zamora,3,SAMARA LOZANO VAZQUEZ,Mujer,TRUE,FALSE,Cs,FALSE,,CIUDADANOS-PARTIDO DE LA CIUDADANIA,Cs,jec_cyl_2026.pdf,compartido
autonomous_2026_03,2026,Cortes de Castilla y León,Castilla y Leon,Zamora,4,ANTONIO JAVIER CHAMORRO FERNÁNDEZ,Hombre,TRUE,FALSE,Cs,FALSE,,CIUDADANOS-PARTIDO DE LA CIUDADANIA,Cs,jec_cyl_2026.pdf,compartido
autonomous_2026_03,2026,Cortes de Castilla y León,Castilla y Leon,Zamora,5,CELIA TORRECILLA PÉREZ,Mujer,TRUE,FALSE,Cs,FALSE,,CIUDADANOS-PARTIDO DE LA CIUDADANIA,Cs,jec_cyl_2026.pdf,compartido
autonomous_2026_03,2026,Cortes de Castilla y León,Castilla y Leon,Zamora,6,JULIAN BARBERO BALLESTEROS,Hombre,TRUE,FALSE,Cs,FALSE,,CIUDADANOS-PARTIDO DE LA CIUDADANIA,Cs,jec_cyl_2026.pdf,compartido
autonomous_2026_03,2026,Cortes de Castilla y León,Castilla y Leon,Zamora,7,ANDREA CABRERO ALONSO,Mujer,TRUE,FALSE,Cs,FALSE,,CIUDADANOS-PARTIDO DE LA CIUDADANIA,Cs,jec_cyl_2026.pdf,compartido
autonomous_2026_03,2026,Cortes de Castilla y León,Castilla y Leon,Zamora,1,JOSÉ CARLOS PALOMINO VERGARA,Hombre,FALSE,FALSE,Cs,FALSE,,CIUDADANOS-PARTIDO DE LA CIUDADANIA,Cs,jec_cyl_2026.pdf,compartido
autonomous_2026_03,2026,Cortes de Castilla y León,Castilla y Leon,Zamora,2,ANDREA PEÑA VICARIO,Mujer,FALSE,FALSE,Cs,FALSE,,CIUDADANOS-PARTIDO DE LA CIUDADANIA,Cs,jec_cyl_2026.pdf,compartido
autonomous_2026_03,2026,Cortes de Castilla y León,Castilla y Leon,Zamora,3,HECTOR ALONSO MIGUEL,Hombre,FALSE,FALSE,Cs,FALSE,,CIUDADANOS-PARTIDO DE LA CIUDADANIA,Cs,jec_cyl_2026.pdf,compartido
autonomous_2026_03,2026,Cortes de Castilla y León,Castilla y Leon,Ávila,1,JESÚS PÉREZ SÁNCHEZ,Hombre,TRUE,FALSE,Cs,FALSE,,CIUDADANOS-PARTIDO DE LA CIUDADANIA,Cs,jec_cyl_2026.pdf,compartido
autonomous_2026_03,2026,Cortes de Castilla y León,Castilla y Leon,Ávila,2,BRENDA BLÁZQUEZ FERNÁNDEZ,Mujer,TRUE,FALSE,Cs,FALSE,,CIUDADANOS-PARTIDO DE LA CIUDADANIA,Cs,jec_cyl_2026.pdf,compartido
autonomous_2026_03,2026,Cortes de Castilla y León,Castilla y Leon,Ávila,3,DIEGO PÉREZ MARTÍN,Hombre,TRUE,FALSE,Cs,FALSE,,CIUDADANOS-PARTIDO DE LA CIUDADANIA,Cs,jec_cyl_2026.pdf,compartido
autonomous_2026_03,2026,Cortes de Castilla y León,Castilla y Leon,Ávila,4,MARÍA DE LAS CANDELAS GONZÁLEZ PÉREZ,Mujer,TRUE,FALSE,Cs,FALSE,,CIUDADANOS-PARTIDO DE LA CIUDADANIA,Cs,jec_cyl_2026.pdf,compartido
autonomous_2026_03,2026,Cortes de Castilla y León,Castilla y Leon,Ávila,5,CÁNDIDO HERRERO DÍAZ,Hombre,TRUE,FALSE,Cs,FALSE,,CIUDADANOS-PARTIDO DE LA CIUDADANIA,Cs,jec_cyl_2026.pdf,compartido
autonomous_2026_03,2026,Cortes de Castilla y León,Castilla y Leon,Ávila,6,MARÍA DEL CARMEN GONZÁLEZ GARCÍA,Mujer,TRUE,FALSE,Cs,FALSE,,CIUDADANOS-PARTIDO DE LA CIUDADANIA,Cs,jec_cyl_2026.pdf,compartido
autonomous_2026_03,2026,Cortes de Castilla y León,Castilla y Leon,Ávila,7,LUIS ÁNGEL MARTÍN GONZÁLEZ CV: BOCYL-D-17022026-32-1 Núm. 32,Hombre,TRUE,FALSE,Cs,FALSE,,CIUDADANOS-PARTIDO DE LA CIUDADANIA,Cs,jec_cyl_2026.pdf,compartido
autonomous_2026_03,2026,Cortes de Castilla y León,Castilla y Leon,Ávila,1,LUISA FERNANDA SEQUEROS PANADERO,Mujer,FALSE,FALSE,Cs,FALSE,,CIUDADANOS-PARTIDO DE LA CIUDADANIA,Cs,jec_cyl_2026.pdf,compartido
autonomous_2026_03,2026,Cortes de Castilla y León,Castilla y Leon,Ávila,2,ENRIQUE BLÁZQUEZ GÓMEZ,Hombre,FALSE,FALSE,Cs,FALSE,,CIUDADANOS-PARTIDO DE LA CIUDADANIA,Cs,jec_cyl_2026.pdf,compartido
autonomous_2026_03,2026,Cortes de Castilla y León,Castilla y Leon,Ávila,3,MARÍA PÉREZ RUBIA,Mujer,FALSE,FALSE,Cs,FALSE,,CIUDADANOS-PARTIDO DE LA CIUDADANIA,Cs,jec_cyl_2026.pdf,compartido
