eleccion,anio,camara,provincia,orden,candidato,sexo,titular,elegido,siglas,denominacion
generales_2015_12,2015,Congreso,A Coruna,1,María Amparo Isabel Rey Salorio,Mujer,TRUE,FALSE,VOX,VOX
generales_2015_12,2015,Congreso,A Coruna,2,Pablo Cancio Rascado,Hombre,TRUE,FALSE,VOX,VOX
generales_2015_12,2015,Congreso,A Coruna,3,Catalina Fernández-Castro Cal,Mujer,TRUE,FALSE,VOX,VOX
generales_2015_12,2015,Congreso,A Coruna,4,Benjamín José Santamaría Martín,Hombre,TRUE,FALSE,VOX,VOX
generales_2015_12,2015,Congreso,A Coruna,5,Ramón Guillermo Borrás Formoso,Hombre,TRUE,FALSE,VOX,VOX
generales_2015_12,2015,Congreso,A Coruna,6,Yolanda Valdés Figueiras,Mujer,TRUE,FALSE,VOX,VOX
generales_2015_12,2015,Congreso,A Coruna,7,Rubén García Ares,Hombre,TRUE,FALSE,VOX,VOX
generales_2015_12,2015,Congreso,A Coruna,8,María Perpetuo Socorro Hermida de Castro García,Mujer,TRUE,FALSE,VOX,VOX
generales_2015_12,2015,Congreso,Albacete,1,César Quijada Gutiérrez,Hombre,TRUE,FALSE,VOX,VOX
generales_2015_12,2015,Congreso,Albacete,2,Esteban González Andújar,Hombre,TRUE,FALSE,VOX,VOX
generales_2015_12,2015,Congreso,Albacete,3,Raquel Ferrer Cano,Mujer,TRUE,FALSE,VOX,VOX
generales_2015_12,2015,Congreso,Albacete,4,Isabel García Muñoz,Mujer,TRUE,FALSE,VOX,VOX
generales_2015_12,2015,Congreso,Alicante,1,ANA MARÍA CERDÁN MARTÍNEZ,Mujer,TRUE,FALSE,VOX,VOX
generales_2015_12,2015,Congreso,Alicante,2,JOSE JUAN RAYMUNDO REBOLLO,Hombre,TRUE,FALSE,VOX,VOX
generales_2015_12,2015,Congreso,Alicante,3,NURIA GARCÍA GÓMEZ,Mujer,TRUE,FALSE,VOX,VOX
generales_2015_12,2015,Congreso,Alicante,4,WALTER QUINTERO BETANCOURT,Hombre,TRUE,FALSE,VOX,VOX
generales_2015_12,2015,Congreso,Alicante,5,DANIEL GONZÁLEZ HERNÁNDEZ,Hombre,TRUE,FALSE,VOX,VOX
generales_2015_12,2015,Congreso,Alicante,6,MARIOLA LÓPEZ FERRER,Mujer,TRUE,FALSE,VOX,VOX
generales_2015_12,2015,Congreso,Alicante,7,MIGUEL PASCUAL PÉREZ,Hombre,TRUE,FALSE,VOX,VOX
generales_2015_12,2015,Congreso,Alicante,8,JOSE MANUEL GARCÍA ESCOLANO,Hombre,TRUE,FALSE,VOX,VOX
generales_2015_12,2015,Congreso,Alicante,9,SUSANA LINARES GASTÓN,Mujer,TRUE,FALSE,VOX,VOX
generales_2015_12,2015,Congreso,Alicante,10,SILVERIO VELASCO LÓPEZ,Hombre,TRUE,FALSE,VOX,VOX
generales_2015_12,2015,Congreso,Alicante,11,MARIA TERESA REQUENA BROTONS,Mujer,TRUE,FALSE,VOX,VOX
generales_2015_12,2015,Congreso,Alicante,12,FRANCISCO JOSÉ ROSIQUE AMAT,Hombre,TRUE,FALSE,VOX,VOX
generales_2015_12,2015,Congreso,Almeria,1,Álvaro Cantón Victoria,Hombre,TRUE,FALSE,VOX,VOX
generales_2015_12,2015,Congreso,Almeria,2,Antonio José Martín Sánchez,Hombre,TRUE,FALSE,VOX,VOX
generales_2015_12,2015,Congreso,Almeria,3,Enrique Medina Lao,Hombre,TRUE,FALSE,VOX,VOX
generales_2015_12,2015,Congreso,Almeria,4,María del Rocío Oreiro Fernández,Mujer,TRUE,FALSE,VOX,VOX
generales_2015_12,2015,Congreso,Almeria,5,Marta Hervás Abad,Mujer,TRUE,FALSE,VOX,VOX
generales_2015_12,2015,Congreso,Almeria,6,Sara Cantón Victoria,Mujer,TRUE,FALSE,VOX,VOX
generales_2015_12,2015,Congreso,Asturias,1,Elena Figaredo Sanjuán,Mujer,TRUE,FALSE,VOX,VOX
generales_2015_12,2015,Congreso,Asturias,2,Luis Alfonso Rodolfo Espina Gutiérrez,Hombre,TRUE,FALSE,VOX,VOX
generales_2015_12,2015,Congreso,Asturias,3,Rodrígo Díaz Delgado,Hombre,TRUE,FALSE,VOX,VOX
generales_2015_12,2015,Congreso,Asturias,4,Gema Palazuelos Posada,Mujer,TRUE,FALSE,VOX,VOX
generales_2015_12,2015,Congreso,Asturias,5,Concepción Sánchez Blanco,Mujer,TRUE,FALSE,VOX,VOX
generales_2015_12,2015,Congreso,Asturias,6,Ana Isabel Valdés Fernández,Mujer,TRUE,FALSE,VOX,VOX
generales_2015_12,2015,Congreso,Asturias,7,Luis Adolfo Mecerreyes Murillo,Hombre,TRUE,FALSE,VOX,VOX
generales_2015_12,2015,Congreso,Asturias,8,Fernando Sánchez García,Hombre,TRUE,FALSE,VOX,VOX
generales_2015_12,2015,Congreso,Avila,1,Francisco Arenal Cano,Hombre,TRUE,FALSE,VOX,VOX
generales_2015_12,2015,Congreso,Avila,2,Ángel Fernández Arroyo,Hombre,TRUE,FALSE,VOX,VOX
generales_2015_12,2015,Congreso,Avila,3,María Jesús Sánchez Relova,Mujer,TRUE,FALSE,VOX,VOX
generales_2015_12,2015,Congreso,Burgos,1,Ángel Martín Rivas,Hombre,TRUE,FALSE,VOX,VOX
generales_2015_12,2015,Congreso,Burgos,2,Susana Illera Díez,Mujer,TRUE,FALSE,VOX,VOX
generales_2015_12,2015,Congreso,Burgos,3,Juan Carlos Gallego Herrera,Hombre,TRUE,FALSE,VOX,VOX
generales_2015_12,2015,Congreso,Burgos,4,Zoraida González Garrido,Mujer,TRUE,FALSE,VOX,VOX
generales_2015_12,2015,Congreso,Caceres,1,Diego López Ordóñez,Hombre,TRUE,FALSE,VOX,VOX
generales_2015_12,2015,Congreso,Caceres,2,María del Carmen Jiménez Jimenéz,Mujer,TRUE,FALSE,VOX,VOX
generales_2015_12,2015,Congreso,Caceres,3,Domingo Jiménez Granado,Hombre,TRUE,FALSE,VOX,VOX
generales_2015_12,2015,Congreso,Caceres,4,María del Salobral Torres Santos,Mujer,TRUE,FALSE,VOX,VOX
generales_2015_12,2015,Congreso,Cadiz,1,Manuel Gavira Florentino,Hombre,TRUE,FALSE,VOX,VOX
generales_2015_12,2015,Congreso,Cadiz,2,Ángela María Mulas Belizón,Mujer,TRUE,FALSE,VOX,VOX
generales_2015_12,2015,Congreso,Cadiz,3,Samuel Guerrero Cuesta,Hombre,TRUE,FALSE,VOX,VOX
generales_2015_12,2015,Congreso,Cadiz,4,Margarita Quintanilla Merino,Mujer,TRUE,FALSE,VOX,VOX
generales_2015_12,2015,Congreso,Cadiz,5,José Valencia Roldán,Hombre,TRUE,FALSE,VOX,VOX
generales_2015_12,2015,Congreso,Cadiz,6,Susana Candón Canales,Mujer,TRUE,FALSE,VOX,VOX
generales_2015_12,2015,Congreso,Cadiz,7,Concepción Rueda Gómez,Mujer,TRUE,FALSE,VOX,VOX
generales_2015_12,2015,Congreso,Cadiz,8,Manuel González Bazán,Hombre,TRUE,FALSE,VOX,VOX
generales_2015_12,2015,Congreso,Cadiz,9,Jaime Cristóbal Curtido Zarzuela,Hombre,TRUE,FALSE,VOX,VOX
generales_2015_12,2015,Congreso,Cantabria,1,Igor Aguilera Díez,Hombre,TRUE,FALSE,VOX,VOX
generales_2015_12,2015,Congreso,Cantabria,2,Joaquín Tallada Mestre,Hombre,TRUE,FALSE,VOX,VOX
generales_2015_12,2015,Congreso,Cantabria,3,Eulalia García Barbero,Mujer,TRUE,FALSE,VOX,VOX
generales_2015_12,2015,Congreso,Cantabria,4,José Manuel de Luis Gámez,Hombre,TRUE,FALSE,VOX,VOX
generales_2015_12,2015,Congreso,Cantabria,5,María Encarnación Aguilera Cavia,Mujer,TRUE,FALSE,VOX,VOX
generales_2015_12,2015,Congreso,Castellon,1,MARIA DE LOS LLANOS MASSO LINARES,Mujer,TRUE,FALSE,VOX,VOX
generales_2015_12,2015,Congreso,Castellon,2,ALBERTO VIDAL GUERRERO,Hombre,TRUE,FALSE,VOX,VOX
generales_2015_12,2015,Congreso,Castellon,3,CECILIA MIGUEL MUNIESA,Mujer,TRUE,FALSE,VOX,VOX
generales_2015_12,2015,Congreso,Castellon,4,JOAQUIN FERRE ROSIGUE,Hombre,TRUE,FALSE,VOX,VOX
generales_2015_12,2015,Congreso,Castellon,5,MANUELA EDO IBAÑEZ,Mujer,TRUE,FALSE,VOX,VOX
generales_2015_12,2015,Congreso,Ciudad Real,1,Jesús Felipe Sánchez Crespo Ruiz del Moral,Hombre,TRUE,FALSE,VOX,VOX
generales_2015_12,2015,Congreso,Ciudad Real,2,Jesús Israel Sánchez Moncalvillo,Hombre,TRUE,FALSE,VOX,VOX
generales_2015_12,2015,Congreso,Ciudad Real,3,Anselmo Muñoz Ruiz,Hombre,TRUE,FALSE,VOX,VOX
generales_2015_12,2015,Congreso,Ciudad Real,4,Purificación Párraga Torrejón,Mujer,TRUE,FALSE,VOX,VOX
generales_2015_12,2015,Congreso,Ciudad Real,5,Asela Espadero Espinar,Mujer,TRUE,FALSE,VOX,VOX
generales_2015_12,2015,Congreso,Cuenca,1,ALEJANDRO MARTÍNEZ RAMOS,Hombre,TRUE,FALSE,VOX,VOX
generales_2015_12,2015,Congreso,Cuenca,2,MÓNICA DE CABO RIPOLL,Mujer,TRUE,FALSE,VOX,VOX
generales_2015_12,2015,Congreso,Cuenca,3,CARLOS SIMÓN SOLERA MORIANA,Hombre,TRUE,FALSE,VOX,VOX
generales_2015_12,2015,Congreso,Granada,1,María Loreto García-Valdecasas Nogales,Mujer,TRUE,FALSE,VOX,VOX
generales_2015_12,2015,Congreso,Granada,2,Antonio Francisco Quirós Roldán,Hombre,TRUE,FALSE,VOX,VOX
generales_2015_12,2015,Congreso,Granada,3,José Luis Evangelista Martín,Hombre,TRUE,FALSE,VOX,VOX
generales_2015_12,2015,Congreso,Granada,4,Carlos García Pérez,Hombre,TRUE,FALSE,VOX,VOX
generales_2015_12,2015,Congreso,Granada,5,Olga Sánchez García,Mujer,TRUE,FALSE,VOX,VOX
generales_2015_12,2015,Congreso,Granada,6,Gustavo De Castro Sierra,Hombre,TRUE,FALSE,VOX,VOX
generales_2015_12,2015,Congreso,Granada,7,María Montserrat Martín Cabeo,Mujer,TRUE,FALSE,VOX,VOX
generales_2015_12,2015,Congreso,Guadalajara,1,Juan Rafael Moreno Gordillo,Hombre,TRUE,FALSE,VOX,VOX
generales_2015_12,2015,Congreso,Guadalajara,2,Miguel Ángel Sánchez Sánchez,Hombre,TRUE,FALSE,VOX,VOX
generales_2015_12,2015,Congreso,Guadalajara,3,Gloria Calvo Santos-García,Mujer,TRUE,FALSE,VOX,VOX
generales_2015_12,2015,Congreso,Huelva,1,José García Luna,Hombre,TRUE,FALSE,VOX,VOX
generales_2015_12,2015,Congreso,Huelva,2,Teresa Del Carmen Montagut Núñez,Mujer,TRUE,FALSE,VOX,VOX
generales_2015_12,2015,Congreso,Huelva,3,César Pascual López,Hombre,TRUE,FALSE,VOX,VOX
generales_2015_12,2015,Congreso,Huelva,4,Marta Toscano Martín,Mujer,TRUE,FALSE,VOX,VOX
generales_2015_12,2015,Congreso,Huelva,5,Francisco José Orta Martín,Hombre,TRUE,FALSE,VOX,VOX
generales_2015_12,2015,Congreso,Jaen,1,Martín Ruiz Calvente,Hombre,TRUE,FALSE,VOX,VOX
generales_2015_12,2015,Congreso,Jaen,2,Antonio López Ángeles,Hombre,TRUE,FALSE,VOX,VOX
generales_2015_12,2015,Congreso,Jaen,3,Miguel Ordóñez Almagro,Hombre,TRUE,FALSE,VOX,VOX
generales_2015_12,2015,Congreso,Jaen,4,María del Rosario del Aguila Gallego,Mujer,TRUE,FALSE,VOX,VOX
generales_2015_12,2015,Congreso,Jaen,5,Beatriz Sánchez Agustino,Mujer,TRUE,FALSE,VOX,VOX
generales_2015_12,2015,Congreso,Las Palmas,1,Agustín Carmelo González Rodríguez,Hombre,TRUE,FALSE,VOX,VOX
generales_2015_12,2015,Congreso,Las Palmas,2,Enrique Fernández Sanz,Hombre,TRUE,FALSE,VOX,VOX
generales_2015_12,2015,Congreso,Las Palmas,3,Antonia Fernández Pérez,Mujer,TRUE,FALSE,VOX,VOX
generales_2015_12,2015,Congreso,Las Palmas,4,María Magnolia Bermúdez Yánez,Mujer,TRUE,FALSE,VOX,VOX
generales_2015_12,2015,Congreso,Las Palmas,5,Rafael Miguel De Juan Miñón,Hombre,TRUE,FALSE,VOX,VOX
generales_2015_12,2015,Congreso,Las Palmas,6,Manuel Vega Marrero,Hombre,TRUE,FALSE,VOX,VOX
generales_2015_12,2015,Congreso,Las Palmas,7,Concepción Rodríguez Santana,Mujer,TRUE,FALSE,VOX,VOX
generales_2015_12,2015,Congreso,Las Palmas,8,Yolanda Gil Moreno,Mujer,TRUE,FALSE,VOX,VOX
generales_2015_12,2015,Congreso,Leon,1,Jesús Cuevas Arias,Hombre,TRUE,FALSE,VOX,VOX
generales_2015_12,2015,Congreso,Leon,2,Amparo Palacio Villar,Mujer,TRUE,FALSE,VOX,VOX
generales_2015_12,2015,Congreso,Leon,3,Argimiro Santos Vidal,Hombre,TRUE,FALSE,VOX,VOX
generales_2015_12,2015,Congreso,Leon,4,Gregorio García Aller,Hombre,TRUE,FALSE,VOX,VOX
generales_2015_12,2015,Congreso,Leon,5,Verónica Sara Romanillos Rueda,Mujer,TRUE,FALSE,VOX,VOX
generales_2015_12,2015,Congreso,Lleida,1,Jesús Ler González,Hombre,TRUE,FALSE,VOX,VOX
generales_2015_12,2015,Congreso,Lleida,2,Manuela Asto Roldán,Mujer,TRUE,FALSE,VOX,VOX
generales_2015_12,2015,Congreso,Lleida,3,Alfredo Palacin Cambra,Hombre,TRUE,FALSE,VOX,VOX
generales_2015_12,2015,Congreso,Lleida,4,Nieves Ruíz Balaguera,Mujer,TRUE,FALSE,VOX,VOX
generales_2015_12,2015,Congreso,Madrid,1,Santiago Abascal Conde,Hombre,TRUE,FALSE,VOX,VOX
generales_2015_12,2015,Congreso,Madrid,2,Rocio Monasterio San Martin,Mujer,TRUE,FALSE,VOX,VOX
generales_2015_12,2015,Congreso,Madrid,3,Francisco Jose Contreras Pelaez,Hombre,TRUE,FALSE,VOX,VOX
generales_2015_12,2015,Congreso,Madrid,4,Inmaculada Sequi Serrano,Mujer,TRUE,FALSE,VOX,VOX
generales_2015_12,2015,Congreso,Madrid,5,Raad Salam Naaman,Hombre,TRUE,FALSE,VOX,VOX
generales_2015_12,2015,Congreso,Madrid,6,NA,Mujer,TRUE,FALSE,VOX,VOX
generales_2015_12,2015,Congreso,Madrid,7,Maria Jesus Gonzalez Fueyo,Mujer,TRUE,FALSE,VOX,VOX
generales_2015_12,2015,Congreso,Madrid,8,Victor Manuel Sanchez Del Real,Hombre,TRUE,FALSE,VOX,VOX
generales_2015_12,2015,Congreso,Madrid,9,Maria De La Cabeza Ruiz Solas,Mujer,TRUE,FALSE,VOX,VOX
generales_2015_12,2015,Congreso,Madrid,10,Jose Maria Figaredo Alvarez-sala,Hombre,TRUE,FALSE,VOX,VOX
generales_2015_12,2015,Congreso,Madrid,11,Alicia Veronica Rubio Calle,Mujer,TRUE,FALSE,VOX,VOX
generales_2015_12,2015,Congreso,Madrid,12,Juan Ignacio Minguez Martinez,Hombre,TRUE,FALSE,VOX,VOX
generales_2015_12,2015,Congreso,Madrid,13,Gema Pilar Herrero Monroy,Mujer,TRUE,FALSE,VOX,VOX
generales_2015_12,2015,Congreso,Madrid,14,Jose Enrique Garza Grau,Hombre,TRUE,FALSE,VOX,VOX
generales_2015_12,2015,Congreso,Madrid,15,Maria Victoria Bocanegra Buisan,Mujer,TRUE,FALSE,VOX,VOX
generales_2015_12,2015,Congreso,Madrid,16,Antonio De Miguel Anton,Hombre,TRUE,FALSE,VOX,VOX
generales_2015_12,2015,Congreso,Madrid,17,Maria Luisa Bueno Gomez,Mujer,TRUE,FALSE,VOX,VOX
generales_2015_12,2015,Congreso,Madrid,18,Francisco Javier Garcia Martin,Hombre,TRUE,FALSE,VOX,VOX
generales_2015_12,2015,Congreso,Madrid,19,Ana Belen Ayuso Galisteo,Mujer,TRUE,FALSE,VOX,VOX
generales_2015_12,2015,Congreso,Madrid,20,Jesus Carlos Riosalido Gambotti,Hombre,TRUE,FALSE,VOX,VOX
generales_2015_12,2015,Congreso,Madrid,21,Maria Luz Viniegra Garcia,Mujer,TRUE,FALSE,VOX,VOX
generales_2015_12,2015,Congreso,Madrid,22,Javier Cipriano Viviente Sole,Hombre,TRUE,FALSE,VOX,VOX
generales_2015_12,2015,Congreso,Madrid,23,Elena Beatriz Navarro Garcia,Mujer,TRUE,FALSE,VOX,VOX
generales_2015_12,2015,Congreso,Madrid,24,Donato Francisco Javier Barba Prieto,Hombre,TRUE,FALSE,VOX,VOX
generales_2015_12,2015,Congreso,Madrid,25,Lucia Rodriguez-gilgado De Tena,Mujer,TRUE,FALSE,VOX,VOX
generales_2015_12,2015,Congreso,Madrid,26,Ignacio Vazquez Bauer,Hombre,TRUE,FALSE,VOX,VOX
generales_2015_12,2015,Congreso,Madrid,27,Maria Inmaculada Lozano Reinoso,Mujer,TRUE,FALSE,VOX,VOX
generales_2015_12,2015,Congreso,Madrid,28,Angel Serrano Escabias,Hombre,TRUE,FALSE,VOX,VOX
generales_2015_12,2015,Congreso,Madrid,29,Covadonga Fernandez-jardon Vassallo,Mujer,TRUE,FALSE,VOX,VOX
generales_2015_12,2015,Congreso,Madrid,30,Juan Luis Jara Delgado,Hombre,TRUE,FALSE,VOX,VOX
generales_2015_12,2015,Congreso,Madrid,31,Maria Almudena Molinuevo Sauca,Mujer,TRUE,FALSE,VOX,VOX
generales_2015_12,2015,Congreso,Madrid,32,Fernando Anaya Garcia,Hombre,TRUE,FALSE,VOX,VOX
generales_2015_12,2015,Congreso,Madrid,33,Maria Concepcion Molinuevo Sauca,Mujer,TRUE,FALSE,VOX,VOX
generales_2015_12,2015,Congreso,Madrid,34,Ignacio Garriga Vaz De Concicao,Hombre,TRUE,FALSE,VOX,VOX
generales_2015_12,2015,Congreso,Madrid,35,Jorge Arturo Cutillas Cordon,Hombre,TRUE,FALSE,VOX,VOX
generales_2015_12,2015,Congreso,Madrid,36,NA,Hombre,TRUE,FALSE,VOX,VOX
generales_2015_12,2015,Congreso,Malaga,1,Javier Rubio Casares,Hombre,TRUE,FALSE,VOX,VOX
generales_2015_12,2015,Congreso,Malaga,2,Carlos Enrique Magro Castellanos,Hombre,TRUE,FALSE,VOX,VOX
generales_2015_12,2015,Congreso,Malaga,3,María Remedios Jiménez García,Mujer,TRUE,FALSE,VOX,VOX
generales_2015_12,2015,Congreso,Malaga,4,Francisco Garrido Guerrero,Hombre,TRUE,FALSE,VOX,VOX
generales_2015_12,2015,Congreso,Malaga,5,Carmen Carolina Alejandro Caro,Mujer,TRUE,FALSE,VOX,VOX
generales_2015_12,2015,Congreso,Malaga,6,José Ignacio Acedo Rosa,Hombre,TRUE,FALSE,VOX,VOX
generales_2015_12,2015,Congreso,Malaga,7,Francisco Trigo Garrido,Hombre,TRUE,FALSE,VOX,VOX
generales_2015_12,2015,Congreso,Malaga,8,Ana Gil Román,Mujer,TRUE,FALSE,VOX,VOX
generales_2015_12,2015,Congreso,Malaga,9,Pedro Jesús Díaz-Portales Gómez,Hombre,TRUE,FALSE,VOX,VOX
generales_2015_12,2015,Congreso,Malaga,10,María Pilar Fernández-Echevarría Morato de Tapia,Mujer,TRUE,FALSE,VOX,VOX
generales_2015_12,2015,Congreso,Malaga,11,Julia Calleja Hurtado,Mujer,TRUE,FALSE,VOX,VOX
generales_2015_12,2015,Congreso,Murcia,1,Daniel Ruiz Hernández,Hombre,TRUE,FALSE,VOX,VOX
generales_2015_12,2015,Congreso,Murcia,2,Ignacio Jesús Navarro Pérez,Hombre,TRUE,FALSE,VOX,VOX
generales_2015_12,2015,Congreso,Murcia,3,Juan Manzanares Miñarro,Hombre,TRUE,FALSE,VOX,VOX
generales_2015_12,2015,Congreso,Murcia,4,Antonia Salinas Font,Mujer,TRUE,FALSE,VOX,VOX
generales_2015_12,2015,Congreso,Murcia,5,Rosario María Gil Iniesta,Mujer,TRUE,FALSE,VOX,VOX
generales_2015_12,2015,Congreso,Murcia,6,Miguel Evaristo Murcia Zomeño,Hombre,TRUE,FALSE,VOX,VOX
generales_2015_12,2015,Congreso,Murcia,7,María del Pilar Picón Giner,Mujer,TRUE,FALSE,VOX,VOX
generales_2015_12,2015,Congreso,Murcia,8,Alfredo Pérez Carrillo,Hombre,TRUE,FALSE,VOX,VOX
generales_2015_12,2015,Congreso,Murcia,9,Ana Beatriz Vilchez Conesa,Mujer,TRUE,FALSE,VOX,VOX
generales_2015_12,2015,Congreso,Murcia,10,Abelardo Martínez Martínez,Hombre,TRUE,FALSE,VOX,VOX
generales_2015_12,2015,Congreso,S.C. Tenerife,1,Alejandro Gómez Rodríguez,Hombre,TRUE,FALSE,VOX,VOX
generales_2015_12,2015,Congreso,S.C. Tenerife,2,Adelia De Miguel Negredo,Mujer,TRUE,FALSE,VOX,VOX
generales_2015_12,2015,Congreso,S.C. Tenerife,3,Jorge De la Rosa Del Toro,Hombre,TRUE,FALSE,VOX,VOX
generales_2015_12,2015,Congreso,S.C. Tenerife,4,Virginia Millán De Silva,Mujer,TRUE,FALSE,VOX,VOX
generales_2015_12,2015,Congreso,S.C. Tenerife,5,Adelto González Gmelch,Hombre,TRUE,FALSE,VOX,VOX
generales_2015_12,2015,Congreso,S.C. Tenerife,6,Sonia Jover Linares,Mujer,TRUE,FALSE,VOX,VOX
generales_2015_12,2015,Congreso,S.C. Tenerife,7,José Eladio Soler Cánovas,Hombre,TRUE,FALSE,VOX,VOX
generales_2015_12,2015,Congreso,Salamanca,1,Enrique De Santiago Herrero,Hombre,TRUE,FALSE,VOX,VOX
generales_2015_12,2015,Congreso,Salamanca,2,María del Carmen García González,Mujer,TRUE,FALSE,VOX,VOX
generales_2015_12,2015,Congreso,Salamanca,3,Joaquín Nicolás Giménez García,Hombre,TRUE,FALSE,VOX,VOX
generales_2015_12,2015,Congreso,Salamanca,4,María Sheyla Amores Martín,Mujer,TRUE,FALSE,VOX,VOX
generales_2015_12,2015,Congreso,Sevilla,1,Javier Cortés Lucena,Hombre,TRUE,FALSE,VOX,VOX
generales_2015_12,2015,Congreso,Sevilla,2,María Cristina Peláez Izquierdo,Mujer,TRUE,FALSE,VOX,VOX
generales_2015_12,2015,Congreso,Sevilla,3,Jesús Graciani Alonso,Hombre,TRUE,FALSE,VOX,VOX
generales_2015_12,2015,Congreso,Sevilla,4,Fátima Azmani Ramírez,Mujer,TRUE,FALSE,VOX,VOX
generales_2015_12,2015,Congreso,Sevilla,5,Manuel Otero Pascual,Hombre,TRUE,FALSE,VOX,VOX
generales_2015_12,2015,Congreso,Sevilla,6,María de los Reyes Romero Vilches,Mujer,TRUE,FALSE,VOX,VOX
generales_2015_12,2015,Congreso,Sevilla,7,Francisco José Jara Delgado,Hombre,TRUE,FALSE,VOX,VOX
generales_2015_12,2015,Congreso,Sevilla,8,María Dolores López-Bellido Garrido,Mujer,TRUE,FALSE,VOX,VOX
generales_2015_12,2015,Congreso,Sevilla,9,Joaquín Cortés Robledo,Hombre,TRUE,FALSE,VOX,VOX
generales_2015_12,2015,Congreso,Sevilla,10,Rocío Molina León,Mujer,TRUE,FALSE,VOX,VOX
generales_2015_12,2015,Congreso,Sevilla,11,Alfonso Díaz Marín,Hombre,TRUE,FALSE,VOX,VOX
generales_2015_12,2015,Congreso,Sevilla,12,María José Piñero Rodríguez,Mujer,TRUE,FALSE,VOX,VOX
generales_2015_12,2015,Congreso,Toledo,1,Martín David Cicuéndez Arellano,Hombre,TRUE,FALSE,VOX,VOX
generales_2015_12,2015,Congreso,Toledo,2,María Beatriz Cano González,Mujer,TRUE,FALSE,VOX,VOX
generales_2015_12,2015,Congreso,Toledo,3,Sergio Martín Conde,Hombre,TRUE,FALSE,VOX,VOX
generales_2015_12,2015,Congreso,Toledo,4,Isabel Ruiz Resino,Mujer,TRUE,FALSE,VOX,VOX
generales_2015_12,2015,Congreso,Toledo,5,Jesús Rodríguez Tarjuelo,Hombre,TRUE,FALSE,VOX,VOX
generales_2015_12,2015,Congreso,Toledo,6,Asunción Caballero Parra,Mujer,TRUE,FALSE,VOX,VOX
generales_2015_12,2015,Congreso,Valencia,1,José María LLanos Pitarch,Hombre,TRUE,FALSE,VOX,VOX
generales_2015_12,2015,Congreso,Valencia,2,Juan Manuel Roberto Ponce De Lelis,Hombre,TRUE,FALSE,VOX,VOX
generales_2015_12,2015,Congreso,Valencia,3,Vicente Gil Palop,Hombre,TRUE,FALSE,VOX,VOX
generales_2015_12,2015,Congreso,Valencia,4,Juana Barrio Morillas,Mujer,TRUE,FALSE,VOX,VOX
generales_2015_12,2015,Congreso,Valencia,5,María Sonsoles Sáiz Egea,Mujer,TRUE,FALSE,VOX,VOX
generales_2015_12,2015,Congreso,Valencia,6,Vicente Manuel Roglá Benedito,Hombre,TRUE,FALSE,VOX,VOX
generales_2015_12,2015,Congreso,Valencia,7,Juan Francisco Ferris Vidal,Hombre,TRUE,FALSE,VOX,VOX
generales_2015_12,2015,Congreso,Valencia,8,María Cristina Polaino Montesinos,Mujer,TRUE,FALSE,VOX,VOX
generales_2015_12,2015,Congreso,Valencia,9,Miriam Turiel Mollá,Mujer,TRUE,FALSE,VOX,VOX
generales_2015_12,2015,Congreso,Valencia,10,María de los Ángeles Criado Gonzálbez,Mujer,TRUE,FALSE,VOX,VOX
generales_2015_12,2015,Congreso,Valencia,11,Ramón Vicente Canelles Aparicio,Hombre,TRUE,FALSE,VOX,VOX
generales_2015_12,2015,Congreso,Valencia,12,Juan Manuel Hernández Ángel,Hombre,TRUE,FALSE,VOX,VOX
generales_2015_12,2015,Congreso,Valencia,13,María Isabel Martín Arcís,Mujer,TRUE,FALSE,VOX,VOX
generales_2015_12,2015,Congreso,Valencia,14,María del Carmen Sáiz Egea,Mujer,TRUE,FALSE,VOX,VOX
generales_2015_12,2015,Congreso,Valencia,15,Francisco Javier Aviñó Puertas,Hombre,TRUE,FALSE,VOX,VOX
generales_2015_12,2015,Congreso,Valladolid,1,SOFÍA MARGARITA MUÑOZ CASARES,Mujer,TRUE,FALSE,VOX,VOX
generales_2015_12,2015,Congreso,Valladolid,2,ELOY RULL PERERA,Hombre,TRUE,FALSE,VOX,VOX
generales_2015_12,2015,Congreso,Valladolid,3,LUIS TEODORO GERVÁS ALCALAYA,Hombre,TRUE,FALSE,VOX,VOX
generales_2015_12,2015,Congreso,Valladolid,4,MARÍA ISABEL MARTÍN NÚÑEZ,Mujer,TRUE,FALSE,VOX,VOX
generales_2015_12,2015,Congreso,Valladolid,5,JOSÉ JAVIER VELASCO DÍEZ,Hombre,TRUE,FALSE,VOX,VOX
generales_2015_12,2015,Congreso,Zaragoza,1,Julio José Calvo Iglesias,Hombre,TRUE,FALSE,VOX,VOX
generales_2015_12,2015,Congreso,Zaragoza,2,Ana Carmen Urcelay Soláns,Mujer,TRUE,FALSE,VOX,VOX
generales_2015_12,2015,Congreso,Zaragoza,3,Alfredo Quintana Machín,Hombre,TRUE,FALSE,VOX,VOX
generales_2015_12,2015,Congreso,Zaragoza,4,Ana Arnedo Abad,Mujer,TRUE,FALSE,VOX,VOX
generales_2015_12,2015,Congreso,Zaragoza,5,Santiago Morón Sanjuan,Hombre,TRUE,FALSE,VOX,VOX
generales_2015_12,2015,Congreso,Zaragoza,6,Juana María Pilar Larcada Larrodé,Mujer,TRUE,FALSE,VOX,VOX
generales_2015_12,2015,Congreso,Zaragoza,7,José Manuel Alonso Latasa,Hombre,TRUE,FALSE,VOX,VOX
generales_2015_12,2015,Senado,Albacete,1,DELFIN CÓRCOLES PEÑA,Hombre,TRUE,FALSE,VOX,VOX
generales_2015_12,2015,Senado,Alicante,1,RICARDO DIEZ DE ULZURRUN LÓPEZ,Hombre,TRUE,FALSE,VOX,VOX
generales_2015_12,2015,Senado,Alicante,2,MARIA ELVIRA GOMEZ BUENO,Mujer,TRUE,FALSE,VOX,VOX
generales_2015_12,2015,Senado,Alicante,3,JUAN PABLO PERABA DE LAS HERAS,Hombre,TRUE,FALSE,VOX,VOX
generales_2015_12,2015,Senado,Almeria,1,Consuelo Sardón Montoya,Mujer,TRUE,FALSE,VOX,VOX
generales_2015_12,2015,Senado,Almeria,2,Ramiro José Téllez Sanz,Hombre,TRUE,FALSE,VOX,VOX
generales_2015_12,2015,Senado,Almeria,3,José Francisco Berenguel Gutiérrez,Hombre,TRUE,FALSE,VOX,VOX
generales_2015_12,2015,Senado,Asturias,1,María Aránzazu Martínez Riola,Mujer,TRUE,FALSE,VOX,VOX
generales_2015_12,2015,Senado,Asturias,2,Roberto Fernández Argüelles,Hombre,TRUE,FALSE,VOX,VOX
generales_2015_12,2015,Senado,Avila,1,Óscar Aller León,Hombre,TRUE,FALSE,VOX,VOX
generales_2015_12,2015,Senado,Avila,2,Juana Teresa Jiménez Perrino,Mujer,TRUE,FALSE,VOX,VOX
generales_2015_12,2015,Senado,Avila,3,Javier Sánchez Sainz Pardo,Hombre,TRUE,FALSE,VOX,VOX
generales_2015_12,2015,Senado,Avila,4,Margarita Merino Del Moral,Mujer,TRUE,FALSE,VOX,VOX
generales_2015_12,2015,Senado,Burgos,1,Félix Lorenzo Martín Moro,Hombre,TRUE,FALSE,VOX,VOX
generales_2015_12,2015,Senado,Caceres,1,Jesús María Talavera Caro,Hombre,TRUE,FALSE,VOX,VOX
generales_2015_12,2015,Senado,Cadiz,1,Antonio Palomar García,Hombre,TRUE,FALSE,VOX,VOX
generales_2015_12,2015,Senado,Cadiz,2,Natalia López-Azcutia Busto,Mujer,TRUE,FALSE,VOX,VOX
generales_2015_12,2015,Senado,Cadiz,3,Salvador Hueso Sañudo,Hombre,TRUE,FALSE,VOX,VOX
generales_2015_12,2015,Senado,Cantabria,1,José Luis Pérez López,Hombre,TRUE,FALSE,VOX,VOX
generales_2015_12,2015,Senado,Castellon,1,LUCIANO FERRER PONS,Hombre,TRUE,FALSE,VOX,VOX
generales_2015_12,2015,Senado,Castellon,2,MARIA VIÑAS VELASCO BROGERAS,Mujer,TRUE,FALSE,VOX,VOX
generales_2015_12,2015,Senado,Castellon,3,LUIS ANDRES CISNEROS,Hombre,TRUE,FALSE,VOX,VOX
generales_2015_12,2015,Senado,Ciudad Real,1,Rosa María Peiteado Serrano,Mujer,TRUE,FALSE,VOX,VOX
generales_2015_12,2015,Senado,Ciudad Real,2,Ramón Sánchez Migallón Alcarazo,Hombre,TRUE,FALSE,VOX,VOX
generales_2015_12,2015,Senado,Ciudad Real,3,Rafael Ocaña Serrano,Hombre,TRUE,FALSE,VOX,VOX
generales_2015_12,2015,Senado,Ciudad Real,4,Iluminada Sánchez Crespo Villanueva,Mujer,TRUE,FALSE,VOX,VOX
generales_2015_12,2015,Senado,Cuenca,1,JOSÉ AGUSTÍN GARCÍA ARRIBAS,Hombre,TRUE,FALSE,VOX,VOX
generales_2015_12,2015,Senado,Cuenca,2,MARÍA ISABEL GUTIÉRREZ PÉREZ,Mujer,TRUE,FALSE,VOX,VOX
generales_2015_12,2015,Senado,Cuenca,3,ÓSCAR MEDIANERO LÓPEZ,Hombre,TRUE,FALSE,VOX,VOX
generales_2015_12,2015,Senado,Granada,1,Ignacio Nogueras Rodríguez,Hombre,TRUE,FALSE,VOX,VOX
generales_2015_12,2015,Senado,Guadalajara,1,Enrique Poole Ruiz,Hombre,TRUE,FALSE,VOX,VOX
generales_2015_12,2015,Senado,Guadalajara,2,Victor María Pérez De Diego,Hombre,TRUE,FALSE,VOX,VOX
generales_2015_12,2015,Senado,Guadalajara,3,María Soledad Marta Navarro Fernández,Mujer,TRUE,FALSE,VOX,VOX
generales_2015_12,2015,Senado,Huelva,1,Rafael Segovia Brome,Hombre,TRUE,FALSE,VOX,VOX
generales_2015_12,2015,Senado,Huelva,2,Eligio Taboada Medero,Hombre,TRUE,FALSE,VOX,VOX
generales_2015_12,2015,Senado,Huelva,3,María Del Carmen Morales Escuder,Mujer,TRUE,FALSE,VOX,VOX
generales_2015_12,2015,Senado,Jaen,1,María Magdalena Puentedura Pérez,Mujer,TRUE,FALSE,VOX,VOX
generales_2015_12,2015,Senado,Jaen,2,Inmaculada Sánchez Hurtado,Mujer,TRUE,FALSE,VOX,VOX
generales_2015_12,2015,Senado,Jaen,3,Pablo Francisco Quevedo Cespedes,Hombre,TRUE,FALSE,VOX,VOX
generales_2015_12,2015,Senado,Las Palmas,1,Nicasio Jesús Galván Sasia,Hombre,TRUE,FALSE,VOX,VOX
generales_2015_12,2015,Senado,Las Palmas,1,Ricardo Ramón Baña Oubiña,Hombre,TRUE,FALSE,VOX,VOX
generales_2015_12,2015,Senado,Las Palmas,2,Andrés Alberto Rodríguez Almeida,Hombre,TRUE,FALSE,VOX,VOX
generales_2015_12,2015,Senado,Las Palmas,3,Alina López Hernández,Mujer,TRUE,FALSE,VOX,VOX
generales_2015_12,2015,Senado,Leon,1,Isidoro Fernández Cadenas,Hombre,TRUE,FALSE,VOX,VOX
generales_2015_12,2015,Senado,Leon,2,José Carlos Rua Perandones,Hombre,TRUE,FALSE,VOX,VOX
generales_2015_12,2015,Senado,Leon,3,Mercedes Nava Ferreira,Mujer,TRUE,FALSE,VOX,VOX
generales_2015_12,2015,Senado,Lleida,1,José Antonio Ortiz Cambray,Hombre,TRUE,FALSE,VOX,VOX
generales_2015_12,2015,Senado,Madrid,1,Francisco Javier Ortega Smith-molina,Hombre,TRUE,FALSE,VOX,VOX
generales_2015_12,2015,Senado,Madrid,2,Ivan Espinosa De Los Monteros De Simon,Hombre,TRUE,FALSE,VOX,VOX
generales_2015_12,2015,Senado,Madrid,3,NA,Mujer,TRUE,FALSE,VOX,VOX
generales_2015_12,2015,Senado,Malaga,1,Francisco de Asís García Fortes,Hombre,TRUE,FALSE,VOX,VOX
generales_2015_12,2015,Senado,Malaga,2,Eugenio Moltó García,Hombre,TRUE,FALSE,VOX,VOX
generales_2015_12,2015,Senado,Malaga,3,María Fernanda Fontanellas Crespo,Mujer,TRUE,FALSE,VOX,VOX
generales_2015_12,2015,Senado,Murcia,1,Julio Bueno Vélez,Hombre,TRUE,FALSE,VOX,VOX
generales_2015_12,2015,Senado,Murcia,2,Alba Franco Elvira,Mujer,TRUE,FALSE,VOX,VOX
generales_2015_12,2015,Senado,Murcia,3,Pascual Salvador Hernández,Hombre,TRUE,FALSE,VOX,VOX
generales_2015_12,2015,Senado,S.C. Tenerife,1,Enrique González Cabrera,Hombre,TRUE,FALSE,VOX,VOX
generales_2015_12,2015,Senado,S.C. Tenerife,2,Priscila Millán De Silva,Mujer,TRUE,FALSE,VOX,VOX
generales_2015_12,2015,Senado,Salamanca,1,Francisco Javier Rubio Bragado,Hombre,TRUE,FALSE,VOX,VOX
generales_2015_12,2015,Senado,Salamanca,2,Alexander Samuel Pérez Gutiérrez,Hombre,TRUE,FALSE,VOX,VOX
generales_2015_12,2015,Senado,Salamanca,3,María Ferrer Torío,Mujer,TRUE,FALSE,VOX,VOX
generales_2015_12,2015,Senado,Sevilla,1,Francisco de Asís Serrano Castro,Hombre,TRUE,FALSE,VOX,VOX
generales_2015_12,2015,Senado,Toledo,1,Francisco Macías Pérez,Hombre,TRUE,FALSE,VOX,VOX
generales_2015_12,2015,Senado,Toledo,2,María del Carmen Portillo Romero,Mujer,TRUE,FALSE,VOX,VOX
generales_2015_12,2015,Senado,Toledo,3,Daniel Arias Vegas,Hombre,TRUE,FALSE,VOX,VOX
generales_2015_12,2015,Senado,Valencia,1,Antonio María Mañes Ferrer,Hombre,TRUE,FALSE,VOX,VOX
generales_2015_12,2015,Senado,Valladolid,1,VÍCTOR MIGUEL MENÉNDEZ QUINTANA,Hombre,TRUE,FALSE,VOX,VOX
generales_2015_12,2015,Senado,Valladolid,2,LUIS MANUEL SANTOS MARTÍN,Hombre,TRUE,FALSE,VOX,VOX
generales_2015_12,2015,Senado,Valladolid,3,MARÍA ESTHER BASTARDO CASTAÑO,Mujer,TRUE,FALSE,VOX,VOX
generales_2015_12,2015,Senado,Zaragoza,1,David Sancho Remón,Hombre,TRUE,FALSE,VOX,VOX
generales_2016_06,2016,Congreso,A Coruna,1,María Amparo Rey Salorio,NA,TRUE,FALSE,VOX,VOX
generales_2016_06,2016,Congreso,A Coruna,2,Pablo Cancio Rascado,NA,TRUE,FALSE,VOX,VOX
generales_2016_06,2016,Congreso,A Coruna,3,Yolanda Valdés Figueiras,NA,TRUE,FALSE,VOX,VOX
generales_2016_06,2016,Congreso,A Coruna,4,José Luis Calo González,NA,TRUE,FALSE,VOX,VOX
generales_2016_06,2016,Congreso,A Coruna,5,Mónica Rey Carrasco,NA,TRUE,FALSE,VOX,VOX
generales_2016_06,2016,Congreso,A Coruna,6,Julio Meira Fernández,NA,TRUE,FALSE,VOX,VOX
generales_2016_06,2016,Congreso,A Coruna,7,Lucía Loureiro Liñares,NA,TRUE,FALSE,VOX,VOX
generales_2016_06,2016,Congreso,A Coruna,8,Francisco Santiago Anido Pacheco,NA,TRUE,FALSE,VOX,VOX
generales_2016_06,2016,Congreso,Alicante,1,Ana María Cerdán Martínez,NA,TRUE,FALSE,VOX,VOX
generales_2016_06,2016,Congreso,Alicante,2,Daniel González Hernández,NA,TRUE,FALSE,VOX,VOX
generales_2016_06,2016,Congreso,Alicante,3,María López Ferrer,NA,TRUE,FALSE,VOX,VOX
generales_2016_06,2016,Congreso,Alicante,4,Walter Quintero Betancourt,NA,TRUE,FALSE,VOX,VOX
generales_2016_06,2016,Congreso,Alicante,5,Miguel Pascual Pérez,NA,TRUE,FALSE,VOX,VOX
generales_2016_06,2016,Congreso,Alicante,6,María Teresa Requena Brotons,NA,TRUE,FALSE,VOX,VOX
generales_2016_06,2016,Congreso,Alicante,7,Francisco José Rosique Amat,NA,TRUE,FALSE,VOX,VOX
generales_2016_06,2016,Congreso,Alicante,8,Silverio Velasco López,NA,TRUE,FALSE,VOX,VOX
generales_2016_06,2016,Congreso,Alicante,9,María del Carmen Gomis Escribano,NA,TRUE,FALSE,VOX,VOX
generales_2016_06,2016,Congreso,Alicante,10,José Fresneda Villora,NA,TRUE,FALSE,VOX,VOX
generales_2016_06,2016,Congreso,Alicante,11,Débora Silvia Centelles Fernandez,NA,TRUE,FALSE,VOX,VOX
generales_2016_06,2016,Congreso,Alicante,12,Antonio Estañ González,NA,TRUE,FALSE,VOX,VOX
generales_2016_06,2016,Congreso,Almeria,1,Álvaro Cantón Victoria,NA,TRUE,FALSE,VOX,VOX
generales_2016_06,2016,Congreso,Almeria,2,Enrique Medina Lao,NA,TRUE,FALSE,VOX,VOX
generales_2016_06,2016,Congreso,Almeria,3,María del Rocío Oreiro Fernández,NA,TRUE,FALSE,VOX,VOX
generales_2016_06,2016,Congreso,Almeria,4,Antonio José Martín Sánchez,NA,TRUE,FALSE,VOX,VOX
generales_2016_06,2016,Congreso,Almeria,5,María del Saliente García García,NA,TRUE,FALSE,VOX,VOX
generales_2016_06,2016,Congreso,Almeria,6,Concepción Alicia Sanz Salvador,NA,TRUE,FALSE,VOX,VOX
generales_2016_06,2016,Congreso,Araba/Alava,1,Esau Martín Antón,NA,TRUE,FALSE,VOX,VOX
generales_2016_06,2016,Congreso,Araba/Alava,2,Santiago Abascal Escuza,NA,TRUE,FALSE,VOX,VOX
generales_2016_06,2016,Congreso,Araba/Alava,3,Maria del Mar Méndez Jimenez,NA,TRUE,FALSE,VOX,VOX
generales_2016_06,2016,Congreso,Araba/Alava,4,Sara García Estevez,NA,TRUE,FALSE,VOX,VOX
generales_2016_06,2016,Congreso,Asturias,1,Ana Isabel Valdés Fernández,NA,TRUE,FALSE,VOX,VOX
generales_2016_06,2016,Congreso,Asturias,2,Luis Alfonso Rodolfo Espina Gutiérrez,NA,TRUE,FALSE,VOX,VOX
generales_2016_06,2016,Congreso,Asturias,3,Alfonso Raposo Lorenzo,NA,TRUE,FALSE,VOX,VOX
generales_2016_06,2016,Congreso,Asturias,4,Cristina Nieto Costales,NA,TRUE,FALSE,VOX,VOX
generales_2016_06,2016,Congreso,Asturias,5,Ana Silvia Mahamud Crespo,NA,TRUE,FALSE,VOX,VOX
generales_2016_06,2016,Congreso,Asturias,6,Julia María Costales Fernández,NA,TRUE,FALSE,VOX,VOX
generales_2016_06,2016,Congreso,Asturias,7,Luis Adolfo Mecerreyes Murillo,NA,TRUE,FALSE,VOX,VOX
generales_2016_06,2016,Congreso,Asturias,8,Fernando Sánchez García,NA,TRUE,FALSE,VOX,VOX
generales_2016_06,2016,Congreso,Badajoz,1,José Marcelo Amarilla Pérez,NA,TRUE,FALSE,VOX,VOX
generales_2016_06,2016,Congreso,Badajoz,2,Laura Redondo Rivas,NA,TRUE,FALSE,VOX,VOX
generales_2016_06,2016,Congreso,Badajoz,3,Juan José Sánchez Rodríguez,NA,TRUE,FALSE,VOX,VOX
generales_2016_06,2016,Congreso,Badajoz,4,Eva María García Alegre,NA,TRUE,FALSE,VOX,VOX
generales_2016_06,2016,Congreso,Badajoz,5,Daniel Muñoz Cruz,NA,TRUE,FALSE,VOX,VOX
generales_2016_06,2016,Congreso,Badajoz,6,María Rocío López Rey,NA,TRUE,FALSE,VOX,VOX
generales_2016_06,2016,Congreso,Bizkaia,1,María Pérez Fernández,NA,TRUE,FALSE,VOX,VOX
generales_2016_06,2016,Congreso,Bizkaia,2,Luis Cortés Álvarez,NA,TRUE,FALSE,VOX,VOX
generales_2016_06,2016,Congreso,Bizkaia,3,Valeriano Arrieta Martín,NA,TRUE,FALSE,VOX,VOX
generales_2016_06,2016,Congreso,Bizkaia,4,Mercedes Fernández Martín,NA,TRUE,FALSE,VOX,VOX
generales_2016_06,2016,Congreso,Bizkaia,5,Salvador Bartolomé Saiz,NA,TRUE,FALSE,VOX,VOX
generales_2016_06,2016,Congreso,Bizkaia,6,Francisco Javier Jiménez Martínez,NA,TRUE,FALSE,VOX,VOX
generales_2016_06,2016,Congreso,Bizkaia,7,José Gabriel Rodríguez Pérez,NA,TRUE,FALSE,VOX,VOX
generales_2016_06,2016,Congreso,Bizkaia,8,María Ángeles Mendieta Echevarria,NA,TRUE,FALSE,VOX,VOX
generales_2016_06,2016,Congreso,Burgos,1,Javier Martínez Lozano,NA,TRUE,FALSE,VOX,VOX
generales_2016_06,2016,Congreso,Burgos,2,Susana Illera Díez,NA,TRUE,FALSE,VOX,VOX
generales_2016_06,2016,Congreso,Burgos,3,Zoraida González Garrido,NA,TRUE,FALSE,VOX,VOX
generales_2016_06,2016,Congreso,Burgos,4,Ángel Martín Rivas,NA,TRUE,FALSE,VOX,VOX
generales_2016_06,2016,Congreso,Caceres,1,Diego López Ordóñez,NA,TRUE,FALSE,VOX,VOX
generales_2016_06,2016,Congreso,Caceres,2,Jesús María Talavera Caro,NA,TRUE,FALSE,VOX,VOX
generales_2016_06,2016,Congreso,Caceres,3,María Salobrar Torres Santos,NA,TRUE,FALSE,VOX,VOX
generales_2016_06,2016,Congreso,Caceres,4,Anunciación Batuecas García,NA,TRUE,FALSE,VOX,VOX
generales_2016_06,2016,Congreso,Cadiz,1,Manuel Gavira Florentino,NA,TRUE,FALSE,VOX,VOX
generales_2016_06,2016,Congreso,Cadiz,2,Ángelas María Mulas Belizón,NA,TRUE,FALSE,VOX,VOX
generales_2016_06,2016,Congreso,Cadiz,3,Juan Carlos López Pérez,NA,TRUE,FALSE,VOX,VOX
generales_2016_06,2016,Congreso,Cadiz,4,Concepción Rueda Gómez,NA,TRUE,FALSE,VOX,VOX
generales_2016_06,2016,Congreso,Cadiz,5,Juan José Fernández Franco,NA,TRUE,FALSE,VOX,VOX
generales_2016_06,2016,Congreso,Cadiz,6,Aránzazu Orobio Remírez,NA,TRUE,FALSE,VOX,VOX
generales_2016_06,2016,Congreso,Cadiz,7,José Antonio González Brecia,NA,TRUE,FALSE,VOX,VOX
generales_2016_06,2016,Congreso,Cadiz,8,Margarita Quintanilla Merino,NA,TRUE,FALSE,VOX,VOX
generales_2016_06,2016,Congreso,Cadiz,9,Antonio García Prats,NA,TRUE,FALSE,VOX,VOX
generales_2016_06,2016,Congreso,Cantabria,1,Igor Aguilera Díez,NA,TRUE,FALSE,VOX,VOX
generales_2016_06,2016,Congreso,Cantabria,2,Eulalia García Barbero,NA,TRUE,FALSE,VOX,VOX
generales_2016_06,2016,Congreso,Cantabria,3,José Severiano Rábade Villar,NA,TRUE,FALSE,VOX,VOX
generales_2016_06,2016,Congreso,Cantabria,4,José Manuel de Luis Gámez,NA,TRUE,FALSE,VOX,VOX
generales_2016_06,2016,Congreso,Cantabria,5,María Encarnación Aguilera Cavia,NA,TRUE,FALSE,VOX,VOX
generales_2016_06,2016,Congreso,Castellon,1,María de los Llanos Massó Linares,NA,TRUE,FALSE,VOX,VOX
generales_2016_06,2016,Congreso,Castellon,2,Alberto Vidal Guerrero,NA,TRUE,FALSE,VOX,VOX
generales_2016_06,2016,Congreso,Castellon,3,Cecilia Miguel Muniesa,NA,TRUE,FALSE,VOX,VOX
generales_2016_06,2016,Congreso,Castellon,4,Joaquín Ferré Rosique,NA,TRUE,FALSE,VOX,VOX
generales_2016_06,2016,Congreso,Castellon,5,Manuela Edo Ibáñez,NA,TRUE,FALSE,VOX,VOX
generales_2016_06,2016,Congreso,Ceuta,1,Ricardo Vos Arenillas,NA,TRUE,FALSE,VOX,VOX
generales_2016_06,2016,Congreso,Cordoba,1,Enrique Rubio Merino,NA,TRUE,FALSE,VOX,VOX
generales_2016_06,2016,Congreso,Cordoba,2,María Francisca de Prado López,NA,TRUE,FALSE,VOX,VOX
generales_2016_06,2016,Congreso,Cordoba,3,Rafael Ruiz Díaz,NA,TRUE,FALSE,VOX,VOX
generales_2016_06,2016,Congreso,Cordoba,4,María Francisca Osuna Moliz,NA,TRUE,FALSE,VOX,VOX
generales_2016_06,2016,Congreso,Cordoba,5,Antonio José Jiménez Pérez,NA,TRUE,FALSE,VOX,VOX
generales_2016_06,2016,Congreso,Cordoba,6,María Pilar Figueroa García,NA,TRUE,FALSE,VOX,VOX
generales_2016_06,2016,Congreso,Cuenca,1,Óscar Medianero López,NA,TRUE,FALSE,VOX,VOX
generales_2016_06,2016,Congreso,Cuenca,2,María Inmaculada Serrano Bravo,NA,TRUE,FALSE,VOX,VOX
generales_2016_06,2016,Congreso,Cuenca,3,Alejandro Martínez Ramos,NA,TRUE,FALSE,VOX,VOX
generales_2016_06,2016,Congreso,Granada,1,Antonio Francisco Quirós Roldán,NA,TRUE,FALSE,VOX,VOX
generales_2016_06,2016,Congreso,Granada,2,Carlos García Pérez,NA,TRUE,FALSE,VOX,VOX
generales_2016_06,2016,Congreso,Granada,3,María Montserrat Martín Cabeo,NA,TRUE,FALSE,VOX,VOX
generales_2016_06,2016,Congreso,Granada,4,Alejandro Rafael Alonso Ramírez,NA,TRUE,FALSE,VOX,VOX
generales_2016_06,2016,Congreso,Granada,5,Olga Sánchez García,NA,TRUE,FALSE,VOX,VOX
generales_2016_06,2016,Congreso,Granada,6,María de los Ángeles Nogueras Rodríguez,NA,TRUE,FALSE,VOX,VOX
generales_2016_06,2016,Congreso,Granada,7,José Luis Evangelista Martín,NA,TRUE,FALSE,VOX,VOX
generales_2016_06,2016,Congreso,Guadalajara,1,Enrique Poole Ruiz,NA,TRUE,FALSE,VOX,VOX
generales_2016_06,2016,Congreso,Guadalajara,2,Gloria Calvo Santos-García,NA,TRUE,FALSE,VOX,VOX
generales_2016_06,2016,Congreso,Guadalajara,3,Joaquín Nicolás Giménez García,NA,TRUE,FALSE,VOX,VOX
generales_2016_06,2016,Congreso,Huelva,1,José García Luna,NA,TRUE,FALSE,VOX,VOX
generales_2016_06,2016,Congreso,Huelva,2,Eligio Taboada Medero,NA,TRUE,FALSE,VOX,VOX
generales_2016_06,2016,Congreso,Huelva,3,José Miguel Casanova Domínguez,NA,TRUE,FALSE,VOX,VOX
generales_2016_06,2016,Congreso,Huelva,4,Ana Rocío Cía López de Lemus,NA,TRUE,FALSE,VOX,VOX
generales_2016_06,2016,Congreso,Huelva,5,Rosa María Cruz Rodríguez,NA,TRUE,FALSE,VOX,VOX
generales_2016_06,2016,Congreso,Huesca,1,Juan José García Giménez,NA,TRUE,FALSE,VOX,VOX
generales_2016_06,2016,Congreso,Huesca,2,Lucía Manuela Rojo Cañedo Argüelles,NA,TRUE,FALSE,VOX,VOX
generales_2016_06,2016,Congreso,Huesca,3,Hicham Choaibi Choaibi,NA,TRUE,FALSE,VOX,VOX
generales_2016_06,2016,Congreso,Jaen,1,Carlos García Ruiz,NA,TRUE,FALSE,VOX,VOX
generales_2016_06,2016,Congreso,Jaen,2,Martín Ruiz Calvente,NA,TRUE,FALSE,VOX,VOX
generales_2016_06,2016,Congreso,Jaen,3,María del Rosario del Aguila Gallego,NA,TRUE,FALSE,VOX,VOX
generales_2016_06,2016,Congreso,Jaen,4,Laura María Ordóñez Fernández,NA,TRUE,FALSE,VOX,VOX
generales_2016_06,2016,Congreso,Jaen,5,José Antonio Olmo Rodríguez,NA,TRUE,FALSE,VOX,VOX
generales_2016_06,2016,Congreso,La Rioja,1,Eric Fernado Alonso Somovilla,NA,TRUE,FALSE,VOX,VOX
generales_2016_06,2016,Congreso,La Rioja,2,Miguel Ángel Blanco Montoya,NA,TRUE,FALSE,VOX,VOX
generales_2016_06,2016,Congreso,La Rioja,3,Vanesa Conde Cariñanos,NA,TRUE,FALSE,VOX,VOX
generales_2016_06,2016,Congreso,Las Palmas,1,José Luis Moyano Fabián,NA,TRUE,FALSE,VOX,VOX
generales_2016_06,2016,Congreso,Las Palmas,2,Antonia Fernández Pérez,NA,TRUE,FALSE,VOX,VOX
generales_2016_06,2016,Congreso,Las Palmas,3,Marcos Diz Pazo,NA,TRUE,FALSE,VOX,VOX
generales_2016_06,2016,Congreso,Las Palmas,4,Pilar Nieves Hernández Ortega,NA,TRUE,FALSE,VOX,VOX
generales_2016_06,2016,Congreso,Las Palmas,5,José Antonio Penichet Sánchez,NA,TRUE,FALSE,VOX,VOX
generales_2016_06,2016,Congreso,Las Palmas,6,María Liliana Góngora Torrico,NA,TRUE,FALSE,VOX,VOX
generales_2016_06,2016,Congreso,Las Palmas,7,María Jiménez Gil,NA,TRUE,FALSE,VOX,VOX
generales_2016_06,2016,Congreso,Las Palmas,8,Juan Manuel Cabrera Caraballo,NA,TRUE,FALSE,VOX,VOX
generales_2016_06,2016,Congreso,Leon,1,Jesús Cuevas Arias,NA,TRUE,FALSE,VOX,VOX
generales_2016_06,2016,Congreso,Leon,2,Amparo Palacio Villar,NA,TRUE,FALSE,VOX,VOX
generales_2016_06,2016,Congreso,Leon,3,Argimiro Santos Vidal,NA,TRUE,FALSE,VOX,VOX
generales_2016_06,2016,Congreso,Leon,4,Iris García Borrego,NA,TRUE,FALSE,VOX,VOX
generales_2016_06,2016,Congreso,Lleida,1,Manuela Asto Roldán,NA,TRUE,FALSE,VOX,VOX
generales_2016_06,2016,Congreso,Lleida,2,Alfredo Palacín Cambra,NA,TRUE,FALSE,VOX,VOX
generales_2016_06,2016,Congreso,Lleida,3,Nieves Ruiz Balaguera,NA,TRUE,FALSE,VOX,VOX
generales_2016_06,2016,Congreso,Lleida,4,Gonzalo Escalona Orcao,NA,TRUE,FALSE,VOX,VOX
generales_2016_06,2016,Congreso,Madrid,1,Santiago Abascal Conde,NA,TRUE,FALSE,VOX,VOX
generales_2016_06,2016,Congreso,Madrid,2,Rocío Monasterio San Martin,NA,TRUE,FALSE,VOX,VOX
generales_2016_06,2016,Congreso,Madrid,3,Francisco José Contreras Peláez,NA,TRUE,FALSE,VOX,VOX
generales_2016_06,2016,Congreso,Madrid,4,NA,NA,TRUE,FALSE,VOX,VOX
generales_2016_06,2016,Congreso,Madrid,5,Raad Salam Naaman,NA,TRUE,FALSE,VOX,VOX
generales_2016_06,2016,Congreso,Madrid,6,Maria Jesus González Fueyo,NA,TRUE,FALSE,VOX,VOX
generales_2016_06,2016,Congreso,Madrid,7,Juan Luis Jara Delgado,NA,TRUE,FALSE,VOX,VOX
generales_2016_06,2016,Congreso,Madrid,8,Alicia Verónica Rubio Calle,NA,TRUE,FALSE,VOX,VOX
generales_2016_06,2016,Congreso,Madrid,9,Víctor González Coello de Portugal,NA,TRUE,FALSE,VOX,VOX
generales_2016_06,2016,Congreso,Madrid,10,Inmaculada Sequi Serrano,NA,TRUE,FALSE,VOX,VOX
generales_2016_06,2016,Congreso,Madrid,11,Pablo Saez Alonso-Muñumer,NA,TRUE,FALSE,VOX,VOX
generales_2016_06,2016,Congreso,Madrid,12,Maria Victoria Bocanegra Buisan,NA,TRUE,FALSE,VOX,VOX
generales_2016_06,2016,Congreso,Madrid,13,Jose Angel Viñas Rollan,NA,TRUE,FALSE,VOX,VOX
generales_2016_06,2016,Congreso,Madrid,14,Ana Belen Ayuso Galisteo,NA,TRUE,FALSE,VOX,VOX
generales_2016_06,2016,Congreso,Madrid,15,Jesus Carlos Riosalido Gambotti,NA,TRUE,FALSE,VOX,VOX
generales_2016_06,2016,Congreso,Madrid,16,Gema Pilar Herrero Monroy,NA,TRUE,FALSE,VOX,VOX
generales_2016_06,2016,Congreso,Madrid,17,Jose Maria Figaredo Alvarez Sala,NA,TRUE,FALSE,VOX,VOX
generales_2016_06,2016,Congreso,Madrid,18,Maria Luisa Bueno Gomez,NA,TRUE,FALSE,VOX,VOX
generales_2016_06,2016,Congreso,Madrid,19,Pedro Fernandez Hernandez,NA,TRUE,FALSE,VOX,VOX
generales_2016_06,2016,Congreso,Madrid,20,Elena Garrachana Nuño,NA,TRUE,FALSE,VOX,VOX
generales_2016_06,2016,Congreso,Madrid,21,Antonio de Miguel Anton,NA,TRUE,FALSE,VOX,VOX
generales_2016_06,2016,Congreso,Madrid,22,Maria de la Cabeza Ruiz Solas,NA,TRUE,FALSE,VOX,VOX
generales_2016_06,2016,Congreso,Madrid,23,Juan Ignacio Minguez Martinez,NA,TRUE,FALSE,VOX,VOX
generales_2016_06,2016,Congreso,Madrid,24,Concepcion Sanchez Garcia,NA,TRUE,FALSE,VOX,VOX
generales_2016_06,2016,Congreso,Madrid,25,Juan Jesus Alvarez Arrojo,NA,TRUE,FALSE,VOX,VOX
generales_2016_06,2016,Congreso,Madrid,26,Maria Begoña de Paz Gomez,NA,TRUE,FALSE,VOX,VOX
generales_2016_06,2016,Congreso,Madrid,27,Fernando Anaya Garcia,NA,TRUE,FALSE,VOX,VOX
generales_2016_06,2016,Congreso,Madrid,28,Paloma Uruñuela del Rio,NA,TRUE,FALSE,VOX,VOX
generales_2016_06,2016,Congreso,Madrid,29,Santiago Cabezudo Cabezudo,NA,TRUE,FALSE,VOX,VOX
generales_2016_06,2016,Congreso,Madrid,30,Ester Olmo Lucio,NA,TRUE,FALSE,VOX,VOX
generales_2016_06,2016,Congreso,Madrid,31,Manuel Jesus Fernandez Sanchez,NA,TRUE,FALSE,VOX,VOX
generales_2016_06,2016,Congreso,Madrid,32,Sonia Rodriguez Gadea,NA,TRUE,FALSE,VOX,VOX
generales_2016_06,2016,Congreso,Madrid,33,Jorge Arturo Cutillas Cordon,NA,TRUE,FALSE,VOX,VOX
generales_2016_06,2016,Congreso,Madrid,34,Maria Concepcion Molinuevo Sauca,NA,TRUE,FALSE,VOX,VOX
generales_2016_06,2016,Congreso,Madrid,35,Ignacio Garriga Vaz de Concicao,NA,TRUE,FALSE,VOX,VOX
generales_2016_06,2016,Congreso,Madrid,36,Salvador Monedero Gala,NA,TRUE,FALSE,VOX,VOX
generales_2016_06,2016,Congreso,Malaga,1,Javier Rubio Casares,NA,TRUE,FALSE,VOX,VOX
generales_2016_06,2016,Congreso,Malaga,2,Carlos Magro Castellanos,NA,TRUE,FALSE,VOX,VOX
generales_2016_06,2016,Congreso,Malaga,3,María Remedios Jiménez García,NA,TRUE,FALSE,VOX,VOX
generales_2016_06,2016,Congreso,Malaga,4,Carmen Carolina Alejandro Caro,NA,TRUE,FALSE,VOX,VOX
generales_2016_06,2016,Congreso,Malaga,5,Antonio Manuel Calle Arjona,NA,TRUE,FALSE,VOX,VOX
generales_2016_06,2016,Congreso,Malaga,6,Francisco Garrido Guerrero,NA,TRUE,FALSE,VOX,VOX
generales_2016_06,2016,Congreso,Malaga,7,Francisco Trigo Garrido,NA,TRUE,FALSE,VOX,VOX
generales_2016_06,2016,Congreso,Malaga,8,María Teresa Estévez Álvarez,NA,TRUE,FALSE,VOX,VOX
generales_2016_06,2016,Congreso,Malaga,9,Gerardo Ricardo García Bibas,NA,TRUE,FALSE,VOX,VOX
generales_2016_06,2016,Congreso,Malaga,10,Isabel García Mudarra,NA,TRUE,FALSE,VOX,VOX
generales_2016_06,2016,Congreso,Malaga,11,Julia Calleja Hurtado,NA,TRUE,FALSE,VOX,VOX
generales_2016_06,2016,Congreso,Murcia,1,Daniel Ruíz Hernández,NA,TRUE,FALSE,VOX,VOX
generales_2016_06,2016,Congreso,Murcia,2,Santiago Cesar Corrales Sáez,NA,TRUE,FALSE,VOX,VOX
generales_2016_06,2016,Congreso,Murcia,3,Ignacio Jesús Navarro Pérez,NA,TRUE,FALSE,VOX,VOX
generales_2016_06,2016,Congreso,Murcia,4,Rosario María Gil Iniesta,NA,TRUE,FALSE,VOX,VOX
generales_2016_06,2016,Congreso,Murcia,5,María Gámez Lasaga,NA,TRUE,FALSE,VOX,VOX
generales_2016_06,2016,Congreso,Murcia,6,Alfredo Pérez Carrillo,NA,TRUE,FALSE,VOX,VOX
generales_2016_06,2016,Congreso,Murcia,7,José Aviles Ayllón,NA,TRUE,FALSE,VOX,VOX
generales_2016_06,2016,Congreso,Murcia,8,Isabel Vicente Antón,NA,TRUE,FALSE,VOX,VOX
generales_2016_06,2016,Congreso,Murcia,9,Alba Franco Elvira,NA,TRUE,FALSE,VOX,VOX
generales_2016_06,2016,Congreso,Murcia,10,Miguel Buendía Martínez,NA,TRUE,FALSE,VOX,VOX
generales_2016_06,2016,Congreso,Segovia,1,Santiago Asenjo Holguedas,NA,TRUE,FALSE,VOX,VOX
generales_2016_06,2016,Congreso,Segovia,2,Antonio Cid García,NA,TRUE,FALSE,VOX,VOX
generales_2016_06,2016,Congreso,Segovia,3,Sara Junquera Merino,NA,TRUE,FALSE,VOX,VOX
generales_2016_06,2016,Congreso,Sevilla,1,Javier Cortés Lucena,NA,TRUE,FALSE,VOX,VOX
generales_2016_06,2016,Congreso,Sevilla,2,Fátima Azmani Ramírez,NA,TRUE,FALSE,VOX,VOX
generales_2016_06,2016,Congreso,Sevilla,3,Jesús Graciani Alonso,NA,TRUE,FALSE,VOX,VOX
generales_2016_06,2016,Congreso,Sevilla,4,María de los Reyes Romero Vilches,NA,TRUE,FALSE,VOX,VOX
generales_2016_06,2016,Congreso,Sevilla,5,José Antonio Rodríguez Hervella,NA,TRUE,FALSE,VOX,VOX
generales_2016_06,2016,Congreso,Sevilla,6,María Dolores López-Bellido Garrido,NA,TRUE,FALSE,VOX,VOX
generales_2016_06,2016,Congreso,Sevilla,7,Rafael Morillo Salvador,NA,TRUE,FALSE,VOX,VOX
generales_2016_06,2016,Congreso,Sevilla,8,María Triguero Piñero,NA,TRUE,FALSE,VOX,VOX
generales_2016_06,2016,Congreso,Sevilla,9,Alfonso Díaz Marín,NA,TRUE,FALSE,VOX,VOX
generales_2016_06,2016,Congreso,Sevilla,10,María José Lucena Varea,NA,TRUE,FALSE,VOX,VOX
generales_2016_06,2016,Congreso,Sevilla,11,Manuel Otero Pascual,NA,TRUE,FALSE,VOX,VOX
generales_2016_06,2016,Congreso,Sevilla,12,Rocío Molina León,NA,TRUE,FALSE,VOX,VOX
generales_2016_06,2016,Congreso,Soria,1,Luis Ángel Muñoz Hernández,NA,TRUE,FALSE,VOX,VOX
generales_2016_06,2016,Congreso,Soria,2,María del Carmen Raquel García Molina,NA,TRUE,FALSE,VOX,VOX
generales_2016_06,2016,Congreso,Toledo,1,Francisco Macías Pérez,NA,TRUE,FALSE,VOX,VOX
generales_2016_06,2016,Congreso,Toledo,2,María del Carmen Portillo Romero,NA,TRUE,FALSE,VOX,VOX
generales_2016_06,2016,Congreso,Toledo,3,Fernando Marco Aparicio,NA,TRUE,FALSE,VOX,VOX
generales_2016_06,2016,Congreso,Toledo,4,María de los Ángeles de la Sierra López,NA,TRUE,FALSE,VOX,VOX
generales_2016_06,2016,Congreso,Toledo,5,Jesús Rodríguez Tarjuelo,NA,TRUE,FALSE,VOX,VOX
generales_2016_06,2016,Congreso,Toledo,6,Ariadna Masclans Aguilar,NA,TRUE,FALSE,VOX,VOX
generales_2016_06,2016,Congreso,Valencia,1,José María Llanos Pitarch,NA,TRUE,FALSE,VOX,VOX
generales_2016_06,2016,Congreso,Valencia,2,Juan Manuel Roberto Ponce de Lelis,NA,TRUE,FALSE,VOX,VOX
generales_2016_06,2016,Congreso,Valencia,3,Vicente Gil Palop,NA,TRUE,FALSE,VOX,VOX
generales_2016_06,2016,Congreso,Valencia,4,Juana Barrio Morillas,NA,TRUE,FALSE,VOX,VOX
generales_2016_06,2016,Congreso,Valencia,5,María Cristina Polaino Montesinos,NA,TRUE,FALSE,VOX,VOX
generales_2016_06,2016,Congreso,Valencia,6,Vicente Manuel Roglá Benedito,NA,TRUE,FALSE,VOX,VOX
generales_2016_06,2016,Congreso,Valencia,7,Fernando Sanfélix García,NA,TRUE,FALSE,VOX,VOX
generales_2016_06,2016,Congreso,Valencia,8,María Isabel Martín Arcís,NA,TRUE,FALSE,VOX,VOX
generales_2016_06,2016,Congreso,Valencia,9,Miriam Turiel Mollá,NA,TRUE,FALSE,VOX,VOX
generales_2016_06,2016,Congreso,Valencia,10,María de los Ángeles Criado Gonzálbez,NA,TRUE,FALSE,VOX,VOX
generales_2016_06,2016,Congreso,Valencia,11,Ramón Vicente Canelles Aparicio,NA,TRUE,FALSE,VOX,VOX
generales_2016_06,2016,Congreso,Valencia,12,Juan Manuel Hernández Angel,NA,TRUE,FALSE,VOX,VOX
generales_2016_06,2016,Congreso,Valencia,13,Pilar Martín Arcís,NA,TRUE,FALSE,VOX,VOX
generales_2016_06,2016,Congreso,Valencia,14,María Pilar Redondo Serrano de la Cruz,NA,TRUE,FALSE,VOX,VOX
generales_2016_06,2016,Congreso,Valencia,15,Luís Roca García,NA,TRUE,FALSE,VOX,VOX
generales_2016_06,2016,Congreso,Valencia,16,María Ponce Jiménez,NA,TRUE,FALSE,VOX,VOX
generales_2016_06,2016,Congreso,Valladolid,1,Sofía Margarita Muñoz Casares,NA,TRUE,FALSE,VOX,VOX
generales_2016_06,2016,Congreso,Valladolid,2,José Ignacio Alonso Fernández,NA,TRUE,FALSE,VOX,VOX
generales_2016_06,2016,Congreso,Valladolid,3,Luis Carlos Parra Rebollo,NA,TRUE,FALSE,VOX,VOX
generales_2016_06,2016,Congreso,Valladolid,4,María Isabel Martín Núñez,NA,TRUE,FALSE,VOX,VOX
generales_2016_06,2016,Congreso,Valladolid,5,José Ignacio de Uribe Ladrón de Cegama,NA,TRUE,FALSE,VOX,VOX
generales_2016_06,2016,Congreso,Zaragoza,1,Santiago Morón Sanjuan,NA,TRUE,FALSE,VOX,VOX
generales_2016_06,2016,Congreso,Zaragoza,2,Ana Carmen Urcelay Solans,NA,TRUE,FALSE,VOX,VOX
generales_2016_06,2016,Congreso,Zaragoza,3,Alfredo Quintana Machin,NA,TRUE,FALSE,VOX,VOX
generales_2016_06,2016,Congreso,Zaragoza,4,Ana Arnedo Abad,NA,TRUE,FALSE,VOX,VOX
generales_2016_06,2016,Congreso,Zaragoza,5,Ernesto Pinilla del Rosario,NA,TRUE,FALSE,VOX,VOX
generales_2016_06,2016,Congreso,Zaragoza,6,Juana Maria Lacarda Larrode,NA,TRUE,FALSE,VOX,VOX
generales_2016_06,2016,Congreso,Zaragoza,7,Jose Manuel Alonso Latasa,NA,TRUE,FALSE,VOX,VOX
generales_2016_06,2016,Senado,A Coruna,1,María Villar Martín Barbadillo,NA,TRUE,FALSE,VOX,VOX
generales_2016_06,2016,Senado,A Coruna,2,Manuel Fernández-Castro Cancela,NA,TRUE,FALSE,VOX,VOX
generales_2016_06,2016,Senado,Alicante,1,Ricardo Díez de Ulzurrún López,NA,TRUE,FALSE,VOX,VOX
generales_2016_06,2016,Senado,Alicante,2,María Elvira Gómez Bueno,NA,TRUE,FALSE,VOX,VOX
generales_2016_06,2016,Senado,Alicante,3,Juan Pablo Perabá de las Heras,NA,TRUE,FALSE,VOX,VOX
generales_2016_06,2016,Senado,Almeria,1,Consuelo Sardón Montoya,NA,TRUE,FALSE,VOX,VOX
generales_2016_06,2016,Senado,Almeria,2,Ramiro José Téllez Sanz,NA,TRUE,FALSE,VOX,VOX
generales_2016_06,2016,Senado,Almeria,3,José Francisco Berenguel Gutiérrez,NA,TRUE,FALSE,VOX,VOX
generales_2016_06,2016,Senado,Araba/Alava,1,Eugenio Luis García López,NA,TRUE,FALSE,VOX,VOX
generales_2016_06,2016,Senado,Asturias,1,María Aránzazu Martínez Riola,NA,TRUE,FALSE,VOX,VOX
generales_2016_06,2016,Senado,Asturias,2,Roberto Fernández Argüelles,NA,TRUE,FALSE,VOX,VOX
generales_2016_06,2016,Senado,Badajoz,1,Carlos Aurelio Caldito Aunión,NA,TRUE,FALSE,VOX,VOX
generales_2016_06,2016,Senado,Bizkaia,1,Rodrigo Rafael Vilallonga Elorza,NA,TRUE,FALSE,VOX,VOX
generales_2016_06,2016,Senado,Burgos,1,Félix Lorenzo Martín Moro,NA,TRUE,FALSE,VOX,VOX
generales_2016_06,2016,Senado,Caceres,1,Domingo Jiménez Granado,NA,TRUE,FALSE,VOX,VOX
generales_2016_06,2016,Senado,Cadiz,1,Antonio Palomar García,NA,TRUE,FALSE,VOX,VOX
generales_2016_06,2016,Senado,Cadiz,2,Susana Candón Canales,NA,TRUE,FALSE,VOX,VOX
generales_2016_06,2016,Senado,Cadiz,3,David Romero Díaz,NA,TRUE,FALSE,VOX,VOX
generales_2016_06,2016,Senado,Cantabria,1,José Luis Pérez López,NA,TRUE,FALSE,VOX,VOX
generales_2016_06,2016,Senado,Cantabria,2,María Concepción Gutiérrez García,NA,TRUE,FALSE,VOX,VOX
generales_2016_06,2016,Senado,Cantabria,3,Roque Alonso Fernández,NA,TRUE,FALSE,VOX,VOX
generales_2016_06,2016,Senado,Castellon,1,Luciano Ferrer Pons,NA,TRUE,FALSE,VOX,VOX
generales_2016_06,2016,Senado,Castellon,2,María Viñas Velasco Brogeras,NA,TRUE,FALSE,VOX,VOX
generales_2016_06,2016,Senado,Castellon,3,Antonio Climent Baldayo,NA,TRUE,FALSE,VOX,VOX
generales_2016_06,2016,Senado,Ceuta,1,Moisés Mariscal Moreno,NA,TRUE,FALSE,VOX,VOX
generales_2016_06,2016,Senado,Ceuta,2,María del Carmen Virginia Gallo Virumbrales,NA,TRUE,FALSE,VOX,VOX
generales_2016_06,2016,Senado,Cordoba,1,Rafael Saco Ayllón,NA,TRUE,FALSE,VOX,VOX
generales_2016_06,2016,Senado,Cordoba,2,Raúl Martínez Torres,NA,TRUE,FALSE,VOX,VOX
generales_2016_06,2016,Senado,Cordoba,3,Elena Garrido Dorado,NA,TRUE,FALSE,VOX,VOX
generales_2016_06,2016,Senado,Cuenca,1,Juan Antonio López Picazo,NA,TRUE,FALSE,VOX,VOX
generales_2016_06,2016,Senado,Cuenca,2,María Victoria Alcarria Peña,NA,TRUE,FALSE,VOX,VOX
generales_2016_06,2016,Senado,Cuenca,3,David Alcántara López,NA,TRUE,FALSE,VOX,VOX
generales_2016_06,2016,Senado,Granada,1,Ignacio Nogueras Rodríguez,NA,TRUE,FALSE,VOX,VOX
generales_2016_06,2016,Senado,Guadalajara,1,Carlos Javier Gutiérrez García,NA,TRUE,FALSE,VOX,VOX
generales_2016_06,2016,Senado,Guadalajara,2,Juán Luis Abellán Garcinuño,NA,TRUE,FALSE,VOX,VOX
generales_2016_06,2016,Senado,Guadalajara,3,Nélida Marina Albacete Alonso,NA,TRUE,FALSE,VOX,VOX
generales_2016_06,2016,Senado,Huelva,1,José Vacas Barranco,NA,TRUE,FALSE,VOX,VOX
generales_2016_06,2016,Senado,Huelva,2,Rafael Segovia Brome,NA,TRUE,FALSE,VOX,VOX
generales_2016_06,2016,Senado,Huelva,3,Joaquina Hernández Verde,NA,TRUE,FALSE,VOX,VOX
generales_2016_06,2016,Senado,Huesca,1,Juan Morató Mascaró,NA,TRUE,FALSE,VOX,VOX
generales_2016_06,2016,Senado,Huesca,2,Gemma García Porras,NA,TRUE,FALSE,VOX,VOX
generales_2016_06,2016,Senado,Huesca,3,Miguel González Díaz,NA,TRUE,FALSE,VOX,VOX
generales_2016_06,2016,Senado,Jaen,1,Amelia Bueno Sagra,NA,TRUE,FALSE,VOX,VOX
generales_2016_06,2016,Senado,Jaen,2,María Magdalena Puentedura Pérez,NA,TRUE,FALSE,VOX,VOX
generales_2016_06,2016,Senado,Jaen,3,Juan Antonio Rama Calero,NA,TRUE,FALSE,VOX,VOX
generales_2016_06,2016,Senado,La Rioja,1,Daniel Soriano Blanco,NA,TRUE,FALSE,VOX,VOX
generales_2016_06,2016,Senado,La Rioja,2,María Pérez Santos,NA,TRUE,FALSE,VOX,VOX
generales_2016_06,2016,Senado,Las Palmas,1,Manuel Vega Marrero,NA,TRUE,FALSE,VOX,VOX
generales_2016_06,2016,Senado,Las Palmas,1,Antonia María de los Ángeles León Armas,NA,TRUE,FALSE,VOX,VOX
generales_2016_06,2016,Senado,Las Palmas,1,Ricardo Ramón Baña Oubiña,NA,TRUE,FALSE,VOX,VOX
generales_2016_06,2016,Senado,Las Palmas,2,María del Carmen Santana Martín,NA,TRUE,FALSE,VOX,VOX
generales_2016_06,2016,Senado,Leon,1,Antonio López Bouza,NA,TRUE,FALSE,VOX,VOX
generales_2016_06,2016,Senado,Leon,2,Isidoro Fernández Cadenas,NA,TRUE,FALSE,VOX,VOX
generales_2016_06,2016,Senado,Leon,3,María Pilar Borrego Alonso,NA,TRUE,FALSE,VOX,VOX
generales_2016_06,2016,Senado,Lleida,1,José Antonio Ortiz Cambray,NA,TRUE,FALSE,VOX,VOX
generales_2016_06,2016,Senado,Madrid,1,Francisco Javier Ortega Smith-Molina,NA,TRUE,FALSE,VOX,VOX
generales_2016_06,2016,Senado,Madrid,2,Iván Espinosa de los Monteros de Simón,NA,TRUE,FALSE,VOX,VOX
generales_2016_06,2016,Senado,Madrid,3,Margarita de la Pisa Carrion,NA,TRUE,FALSE,VOX,VOX
generales_2016_06,2016,Senado,Malaga,1,Fermín Parrondo Carretero,NA,TRUE,FALSE,VOX,VOX
generales_2016_06,2016,Senado,Malaga,2,Eugenio Moltó García,NA,TRUE,FALSE,VOX,VOX
generales_2016_06,2016,Senado,Malaga,3,María Fernanda Fontanellas Crespo,NA,TRUE,FALSE,VOX,VOX
generales_2016_06,2016,Senado,Murcia,1,Pascual Salvador Hernández,NA,TRUE,FALSE,VOX,VOX
generales_2016_06,2016,Senado,Segovia,1,Nazario Merino Giménez,NA,TRUE,FALSE,VOX,VOX
generales_2016_06,2016,Senado,Sevilla,1,María Cristina Peláez Izquierdo,NA,TRUE,FALSE,VOX,VOX
generales_2016_06,2016,Senado,Sevilla,2,María José Piñero Rodríguez,NA,TRUE,FALSE,VOX,VOX
generales_2016_06,2016,Senado,Sevilla,3,Joaquín Cortés Robledo,NA,TRUE,FALSE,VOX,VOX
generales_2016_06,2016,Senado,Toledo,1,Daniel Arias Vegas,NA,TRUE,FALSE,VOX,VOX
generales_2016_06,2016,Senado,Toledo,2,Carmen Eileen García Ortega,NA,TRUE,FALSE,VOX,VOX
generales_2016_06,2016,Senado,Toledo,3,Rodrigo Rodríguez García,NA,TRUE,FALSE,VOX,VOX
generales_2016_06,2016,Senado,Valencia,1,Antonio María Mañes Ferrer,NA,TRUE,FALSE,VOX,VOX
generales_2016_06,2016,Senado,Valencia,2,Ángela Mercader García,NA,TRUE,FALSE,VOX,VOX
generales_2016_06,2016,Senado,Valencia,3,Luís Francisco de Pedro Sanchís,NA,TRUE,FALSE,VOX,VOX
generales_2016_06,2016,Senado,Valladolid,1,Víctor Miguel Menéndez Quintana,NA,TRUE,FALSE,VOX,VOX
generales_2016_06,2016,Senado,Valladolid,2,José Ignacio García-Conde del Castillo,NA,TRUE,FALSE,VOX,VOX
generales_2016_06,2016,Senado,Valladolid,3,Amelia Dolores Sanz Chapado,NA,TRUE,FALSE,VOX,VOX
generales_2016_06,2016,Senado,Zaragoza,1,David Sancho Remón,NA,TRUE,FALSE,VOX,VOX
generales_2019_04,2019,Congreso,A Coruna,1,Miguel Ángel Fernández López,Hombre,TRUE,FALSE,VOX,VOX
generales_2019_11,2019,Congreso,A Coruna,1,Miguel Ángel Fernández López,Hombre,TRUE,FALSE,VOX,VOX
generales_2019_04,2019,Congreso,A Coruna,2,María Jesús Herrero García,Mujer,TRUE,FALSE,VOX,VOX
generales_2019_11,2019,Congreso,A Coruna,2,Marta María Carreira García,Mujer,TRUE,FALSE,VOX,VOX
generales_2019_04,2019,Congreso,A Coruna,3,Enrique Estella Ledo,Hombre,TRUE,FALSE,VOX,VOX
generales_2019_11,2019,Congreso,A Coruna,3,Alberto Domínguez López,Hombre,TRUE,FALSE,VOX,VOX
generales_2019_04,2019,Congreso,A Coruna,4,Elisa Carolina Fernández Feijoo,Mujer,TRUE,FALSE,VOX,VOX
generales_2019_11,2019,Congreso,A Coruna,4,Elisa Carolina Fernández Feijoo,Mujer,TRUE,FALSE,VOX,VOX
generales_2019_04,2019,Congreso,A Coruna,5,Juan Ignacio Cao González,Hombre,TRUE,FALSE,VOX,VOX
generales_2019_11,2019,Congreso,A Coruna,5,Leopoldo Jáudenes Juncal,Hombre,TRUE,FALSE,VOX,VOX
generales_2019_04,2019,Congreso,A Coruna,6,Cristina María Álvarez Fernández,Mujer,TRUE,FALSE,VOX,VOX
generales_2019_11,2019,Congreso,A Coruna,6,María Alexandra Dorta Rivas,Mujer,TRUE,FALSE,VOX,VOX
generales_2019_04,2019,Congreso,A Coruna,7,Darío Martínez García,Hombre,TRUE,FALSE,VOX,VOX
generales_2019_11,2019,Congreso,A Coruna,7,Manuel Fuentes Lamas,Hombre,TRUE,FALSE,VOX,VOX
generales_2019_04,2019,Congreso,A Coruna,8,Mónica Rey Carrasco,Mujer,TRUE,FALSE,VOX,VOX
generales_2019_11,2019,Congreso,A Coruna,8,Noelia Prieto González,Mujer,TRUE,FALSE,VOX,VOX
generales_2019_04,2019,Congreso,Albacete,1,Rafael Fernández-Lomana Gutiérrez,Hombre,TRUE,FALSE,VOX,VOX
generales_2019_11,2019,Congreso,Albacete,1,Rafael Fernández-Lomana Gutiérrez,Hombre,TRUE,TRUE,VOX,VOX
generales_2019_04,2019,Congreso,Albacete,2,Rosario Velasco Hernández,Mujer,TRUE,FALSE,VOX,VOX
generales_2019_11,2019,Congreso,Albacete,2,Juan Francisco Robles Descalzo,Hombre,TRUE,FALSE,VOX,VOX
generales_2019_04,2019,Congreso,Albacete,3,Delfín Córcoles Peña,Hombre,TRUE,FALSE,VOX,VOX
generales_2019_11,2019,Congreso,Albacete,3,María Remedios de Gil Martínez,Mujer,TRUE,FALSE,VOX,VOX
generales_2019_04,2019,Congreso,Albacete,4,Raquel Tomás Pedrosa,Mujer,TRUE,FALSE,VOX,VOX
generales_2019_11,2019,Congreso,Albacete,4,María Teresa Fernández Lara,Mujer,TRUE,FALSE,VOX,VOX
generales_2019_04,2019,Congreso,Alicante,1,Manuel Mestre Barea,Hombre,TRUE,TRUE,VOX,VOX
generales_2019_11,2019,Congreso,Alicante,1,Manuel Mestre Barea,Hombre,TRUE,TRUE,VOX,VOX
generales_2019_04,2019,Congreso,Alicante,2,José María Sánchez García,Hombre,TRUE,FALSE,VOX,VOX
generales_2019_11,2019,Congreso,Alicante,2,José María Sánchez García,Hombre,TRUE,TRUE,VOX,VOX
generales_2019_04,2019,Congreso,Alicante,3,Faustino Ángel Vega Pérez,Hombre,TRUE,FALSE,VOX,VOX
generales_2019_11,2019,Congreso,Alicante,3,Eduardo Luís Ruiz Navarro,Hombre,TRUE,TRUE,VOX,VOX
generales_2019_04,2019,Congreso,Alicante,4,María Elvira Gómez Bueno,Mujer,TRUE,FALSE,VOX,VOX
generales_2019_11,2019,Congreso,Alicante,4,Mónica Borrás Alós,Mujer,TRUE,FALSE,VOX,VOX
generales_2019_04,2019,Congreso,Alicante,5,Beatriz Castro Antón,Mujer,TRUE,FALSE,VOX,VOX
generales_2019_11,2019,Congreso,Alicante,5,Matilde García Lozano,Mujer,TRUE,FALSE,VOX,VOX
generales_2019_04,2019,Congreso,Alicante,6,Juan Pablo Peraba de las Heras,Hombre,TRUE,FALSE,VOX,VOX
generales_2019_11,2019,Congreso,Alicante,6,Juan Francisco García Moltó,Hombre,TRUE,FALSE,VOX,VOX
generales_2019_04,2019,Congreso,Alicante,7,David Martínez Navarro,Hombre,TRUE,FALSE,VOX,VOX
generales_2019_11,2019,Congreso,Alicante,7,María Isabel Domínguez Pomares,Mujer,TRUE,FALSE,VOX,VOX
generales_2019_04,2019,Congreso,Alicante,8,María Amparo Cerdá Sarrenes,Mujer,TRUE,FALSE,VOX,VOX
generales_2019_11,2019,Congreso,Alicante,8,Nuria Pujante Carrillo,Mujer,TRUE,FALSE,VOX,VOX
generales_2019_04,2019,Congreso,Alicante,9,Eduardo Luis Ruiz Navarro,Hombre,TRUE,FALSE,VOX,VOX
generales_2019_11,2019,Congreso,Alicante,9,Jaime Rozalén Romo,Hombre,TRUE,FALSE,VOX,VOX
generales_2019_04,2019,Congreso,Alicante,10,Irene Mompeán Pérez,Mujer,TRUE,FALSE,VOX,VOX
generales_2019_11,2019,Congreso,Alicante,10,Marisol Sanchís Martínez,Mujer,TRUE,FALSE,VOX,VOX
generales_2019_04,2019,Congreso,Alicante,11,Borja Sánchez Garrido,Hombre,TRUE,FALSE,VOX,VOX
generales_2019_11,2019,Congreso,Alicante,11,Borja Sánchez Garrido,Hombre,TRUE,FALSE,VOX,VOX
generales_2019_04,2019,Congreso,Alicante,12,Matilde García Lozano,Mujer,TRUE,FALSE,VOX,VOX
generales_2019_11,2019,Congreso,Alicante,12,Lourdes Masegosa Navarro,Mujer,TRUE,FALSE,VOX,VOX
generales_2019_04,2019,Congreso,Almeria,1,Rocío de Meer Méndez,Mujer,TRUE,TRUE,VOX,VOX
generales_2019_11,2019,Congreso,Almeria,1,Rocío de Meer Méndez,Mujer,TRUE,TRUE,VOX,VOX
generales_2019_04,2019,Congreso,Almeria,2,Rodrigo Alonso Fernández,Hombre,TRUE,FALSE,VOX,VOX
generales_2019_11,2019,Congreso,Almeria,2,Carlos Hugo Fernández-Roca Suárez,Hombre,TRUE,TRUE,VOX,VOX
generales_2019_04,2019,Congreso,Almeria,3,Juan Francisco Rojas Fernández,Hombre,TRUE,FALSE,VOX,VOX
generales_2019_11,2019,Congreso,Almeria,3,Mercedes Jara Moreno,Mujer,TRUE,FALSE,VOX,VOX
generales_2019_04,2019,Congreso,Almeria,4,Maria Mercedes Rodríguez Tamayo,Mujer,TRUE,FALSE,VOX,VOX
generales_2019_11,2019,Congreso,Almeria,4,José López Sánchez,Hombre,TRUE,FALSE,VOX,VOX
generales_2019_04,2019,Congreso,Almeria,5,Fernando Camacho Ruiz,Hombre,TRUE,FALSE,VOX,VOX
generales_2019_11,2019,Congreso,Almeria,5,Emerencia Torres Torres,Mujer,TRUE,FALSE,VOX,VOX
generales_2019_04,2019,Congreso,Almeria,6,Maria Vanessa Campos García,Mujer,TRUE,FALSE,VOX,VOX
generales_2019_11,2019,Congreso,Almeria,6,Francisco José Díaz Granados,Hombre,TRUE,FALSE,VOX,VOX
generales_2019_04,2019,Congreso,Araba/Alava,1,Josep Antoni Crespo Lac,Hombre,TRUE,FALSE,VOX,VOX
generales_2019_11,2019,Congreso,Araba/Alava,1,Daniel Guardiola Corada,Hombre,TRUE,FALSE,VOX,VOX
generales_2019_04,2019,Congreso,Araba/Alava,2,Jonathan Romero Gámiz,Hombre,TRUE,FALSE,VOX,VOX
generales_2019_11,2019,Congreso,Araba/Alava,2,Jonathan Romero Gámiz,Hombre,TRUE,FALSE,VOX,VOX
generales_2019_04,2019,Congreso,Araba/Alava,3,María Arantzazu Gutiérrez Mendivil,Mujer,TRUE,FALSE,VOX,VOX
generales_2019_11,2019,Congreso,Araba/Alava,3,María Arantzazu Gutiérrez Mendivil,Mujer,TRUE,FALSE,VOX,VOX
generales_2019_04,2019,Congreso,Araba/Alava,4,Isabel Conde Álvarez,Mujer,TRUE,FALSE,VOX,VOX
generales_2019_11,2019,Congreso,Araba/Alava,4,María Isabel Conde Álvarez,Mujer,TRUE,FALSE,VOX,VOX
generales_2019_04,2019,Congreso,Asturias,1,José María Figaredo Álvarez-Sala,Hombre,TRUE,TRUE,VOX,VOX
generales_2019_11,2019,Congreso,Asturias,1,José María Figaredo Álvarez-Sala,Hombre,TRUE,TRUE,VOX,VOX
generales_2019_04,2019,Congreso,Asturias,2,Sara Concepción Álvarez Rouco,Mujer,TRUE,FALSE,VOX,VOX
generales_2019_11,2019,Congreso,Asturias,2,Roberto Fernández Argüelles,Hombre,TRUE,FALSE,VOX,VOX
generales_2019_04,2019,Congreso,Asturias,3,Manuel Ángel Cristóbal Menéndez,Hombre,TRUE,FALSE,VOX,VOX
generales_2019_11,2019,Congreso,Asturias,3,Esteban Sanfrutos Antón,Hombre,TRUE,FALSE,VOX,VOX
generales_2019_04,2019,Congreso,Asturias,4,Laura Hurlé Díaz,Mujer,TRUE,FALSE,VOX,VOX
generales_2019_11,2019,Congreso,Asturias,4,Laura Hurlé Díaz,Mujer,TRUE,FALSE,VOX,VOX
generales_2019_04,2019,Congreso,Asturias,5,Roberto Fernández Argüelles,Hombre,TRUE,FALSE,VOX,VOX
generales_2019_11,2019,Congreso,Asturias,5,Lucía Suárez Noval,Mujer,TRUE,FALSE,VOX,VOX
generales_2019_04,2019,Congreso,Asturias,6,Lucía Suárez Noval,Mujer,TRUE,FALSE,VOX,VOX
generales_2019_11,2019,Congreso,Asturias,6,Manuel Ángel Cristóbal Menéndez,Hombre,TRUE,FALSE,VOX,VOX
generales_2019_04,2019,Congreso,Asturias,7,Esteban Sanfrutos Antón,Hombre,TRUE,FALSE,VOX,VOX
generales_2019_11,2019,Congreso,Asturias,7,María Belén Gallinal González,Mujer,TRUE,FALSE,VOX,VOX
generales_2019_04,2019,Congreso,Avila,1,Georgina Trías Gil,Mujer,TRUE,FALSE,VOX,VOX
generales_2019_11,2019,Congreso,Avila,1,Georgina Trías Gil,Mujer,TRUE,TRUE,VOX,VOX
generales_2019_04,2019,Congreso,Avila,2,Francisco Mancebo Pérez,Hombre,TRUE,FALSE,VOX,VOX
generales_2019_11,2019,Congreso,Avila,2,Germán Sánchez Vegas,Hombre,TRUE,FALSE,VOX,VOX
generales_2019_04,2019,Congreso,Avila,3,Germán Sánchez Vegas,Hombre,TRUE,FALSE,VOX,VOX
generales_2019_11,2019,Congreso,Avila,3,Francisco Custodio Rodríguez,Hombre,TRUE,FALSE,VOX,VOX
generales_2019_04,2019,Congreso,Badajoz,1,Víctor Manuel Sánchez del Real,Hombre,TRUE,TRUE,VOX,VOX
generales_2019_11,2019,Congreso,Badajoz,1,Victor Manuel Sánchez del Real,Hombre,TRUE,TRUE,VOX,VOX
generales_2019_04,2019,Congreso,Badajoz,2,José Marcelo Amarilla Pérez,Hombre,TRUE,FALSE,VOX,VOX
generales_2019_11,2019,Congreso,Badajoz,2,María José Guirado Sánchez,Mujer,TRUE,FALSE,VOX,VOX
generales_2019_04,2019,Congreso,Badajoz,3,Ana María Macías Trujillo,Mujer,TRUE,FALSE,VOX,VOX
generales_2019_11,2019,Congreso,Badajoz,3,Joaquín Diego Asensio Romero,Hombre,TRUE,FALSE,VOX,VOX
generales_2019_04,2019,Congreso,Badajoz,4,Marta Gervasia Garrido Moreno,Mujer,TRUE,FALSE,VOX,VOX
generales_2019_11,2019,Congreso,Badajoz,4,María Fátima Morán Donoso,Mujer,TRUE,FALSE,VOX,VOX
generales_2019_04,2019,Congreso,Badajoz,5,Amparo Gómez-Landero Guijarro,Mujer,TRUE,FALSE,VOX,VOX
generales_2019_11,2019,Congreso,Badajoz,5,Enrique José González Pérez,Hombre,TRUE,FALSE,VOX,VOX
generales_2019_04,2019,Congreso,Badajoz,6,Antonio Jesús González Adame,Hombre,TRUE,FALSE,VOX,VOX
generales_2019_11,2019,Congreso,Badajoz,6,Matilde Valverde Alarcón,Mujer,TRUE,FALSE,VOX,VOX
generales_2019_04,2019,Congreso,Barcelona,1,Ignacio Garriga Vaz de Concicao,Hombre,TRUE,TRUE,VOX,VOX
generales_2019_11,2019,Congreso,Barcelona,1,Ignacio Garriga Vaz de Concicao,Hombre,TRUE,TRUE,VOX,VOX
generales_2019_04,2019,Congreso,Barcelona,2,Juan Jose Aizcorbe Torra,Hombre,TRUE,FALSE,VOX,VOX
generales_2019_11,2019,Congreso,Barcelona,2,Juan José Aizcorbe Torra,Hombre,TRUE,TRUE,VOX,VOX
generales_2019_04,2019,Congreso,Barcelona,3,Serafin Serrano Marin,Hombre,TRUE,FALSE,VOX,VOX
generales_2019_11,2019,Congreso,Barcelona,3,Juan Carlos Segura Just,Hombre,TRUE,FALSE,VOX,VOX
generales_2019_04,2019,Congreso,Barcelona,4,Maria Dolores Martin San Cristobal,Mujer,TRUE,FALSE,VOX,VOX
generales_2019_11,2019,Congreso,Barcelona,4,Mónica Lora Cisquer,Mujer,TRUE,FALSE,VOX,VOX
generales_2019_04,2019,Congreso,Barcelona,5,Laura Aliaga Perez,Mujer,TRUE,FALSE,VOX,VOX
generales_2019_11,2019,Congreso,Barcelona,5,Laura Aliaga Pérez,Mujer,TRUE,FALSE,VOX,VOX
generales_2019_04,2019,Congreso,Barcelona,6,Juan Garriga Domenech,Hombre,TRUE,FALSE,VOX,VOX
generales_2019_11,2019,Congreso,Barcelona,6,Yago Ruiz Tintoré,Hombre,TRUE,FALSE,VOX,VOX
generales_2019_04,2019,Congreso,Barcelona,7,Antonio Luis Amador Escoz,Hombre,TRUE,FALSE,VOX,VOX
generales_2019_11,2019,Congreso,Barcelona,7,Pablo Martín Tharrats,Hombre,TRUE,FALSE,VOX,VOX
generales_2019_04,2019,Congreso,Barcelona,8,Francisca Soler Campoy,Mujer,TRUE,FALSE,VOX,VOX
generales_2019_11,2019,Congreso,Barcelona,8,María Elisa García Fuster,Mujer,TRUE,FALSE,VOX,VOX
generales_2019_04,2019,Congreso,Barcelona,9,Agustin Cañete Muñoz,Hombre,TRUE,FALSE,VOX,VOX
generales_2019_11,2019,Congreso,Barcelona,9,José Luis de Temple Jové,Hombre,TRUE,FALSE,VOX,VOX
generales_2019_04,2019,Congreso,Barcelona,10,Amanda Puiggros Marti,Mujer,TRUE,FALSE,VOX,VOX
generales_2019_11,2019,Congreso,Barcelona,10,Amanda Puiggrós Martí,Mujer,TRUE,FALSE,VOX,VOX
generales_2019_04,2019,Congreso,Barcelona,11,Jose Manuel Arias Flores,Hombre,TRUE,FALSE,VOX,VOX
generales_2019_11,2019,Congreso,Barcelona,11,José Manuel Arias Flores,Hombre,TRUE,FALSE,VOX,VOX
generales_2019_04,2019,Congreso,Barcelona,12,Patricia Marta Muñoz Piedrabuena,Mujer,TRUE,FALSE,VOX,VOX
generales_2019_11,2019,Congreso,Barcelona,12,Patricia Marta Muñoz Piedrabuena,Mujer,TRUE,FALSE,VOX,VOX
generales_2019_04,2019,Congreso,Barcelona,13,Laura Benito Llenas,Mujer,TRUE,FALSE,VOX,VOX
generales_2019_11,2019,Congreso,Barcelona,13,Felicidad Morera González,Mujer,TRUE,FALSE,VOX,VOX
generales_2019_04,2019,Congreso,Barcelona,14,Marta Maria Alvarez Rodriguez,Mujer,TRUE,FALSE,VOX,VOX
generales_2019_11,2019,Congreso,Barcelona,14,Nerea Andrés Antón,Mujer,TRUE,FALSE,VOX,VOX
generales_2019_04,2019,Congreso,Barcelona,15,Rodrigo Jurado Arias,Hombre,TRUE,FALSE,VOX,VOX
generales_2019_11,2019,Congreso,Barcelona,15,Agustín Montoliu Tarragona,Hombre,TRUE,FALSE,VOX,VOX
generales_2019_04,2019,Congreso,Barcelona,16,Jesus Rodriguez Pachon,Hombre,TRUE,FALSE,VOX,VOX
generales_2019_11,2019,Congreso,Barcelona,16,José Ramón Puiggros Guerendiain,Hombre,TRUE,FALSE,VOX,VOX
generales_2019_04,2019,Congreso,Barcelona,17,Maria Jose Cano Tirao,Mujer,TRUE,FALSE,VOX,VOX
generales_2019_11,2019,Congreso,Barcelona,17,María de Temple Salinas,Mujer,TRUE,FALSE,VOX,VOX
generales_2019_04,2019,Congreso,Barcelona,18,Alicia Tomas Martinez,Mujer,TRUE,FALSE,VOX,VOX
generales_2019_11,2019,Congreso,Barcelona,18,ALICIA Tomás Martínez,Mujer,TRUE,FALSE,VOX,VOX
generales_2019_04,2019,Congreso,Barcelona,19,Andres Felix Bello Sanz,Hombre,TRUE,FALSE,VOX,VOX
generales_2019_11,2019,Congreso,Barcelona,19,ANDRÉS Félix Bello Sanz,Hombre,TRUE,FALSE,VOX,VOX
generales_2019_04,2019,Congreso,Barcelona,20,Fernando Moya Cantarero,Hombre,TRUE,FALSE,VOX,VOX
generales_2019_11,2019,Congreso,Barcelona,20,Tomás Mendaña Prieto,Hombre,TRUE,FALSE,VOX,VOX
generales_2019_04,2019,Congreso,Barcelona,21,Josefa Redondo Solis,Mujer,TRUE,FALSE,VOX,VOX
generales_2019_11,2019,Congreso,Barcelona,21,Enriqueta Vaquera Morillo,Mujer,TRUE,FALSE,VOX,VOX
generales_2019_04,2019,Congreso,Barcelona,22,Miguel Pallerolas Reig,Hombre,TRUE,FALSE,VOX,VOX
generales_2019_11,2019,Congreso,Barcelona,22,Miguel Pallerolas Reig,Hombre,TRUE,FALSE,VOX,VOX
generales_2019_04,2019,Congreso,Barcelona,23,Francisco Javier Millan Vidal,Hombre,TRUE,FALSE,VOX,VOX
generales_2019_11,2019,Congreso,Barcelona,23,Francisco Javier Millán Vidal,Hombre,TRUE,FALSE,VOX,VOX
generales_2019_04,2019,Congreso,Barcelona,24,Alejandra Chirivas Brazo,Mujer,TRUE,FALSE,VOX,VOX
generales_2019_11,2019,Congreso,Barcelona,24,Alejandra Chirivas Brazo,Mujer,TRUE,FALSE,VOX,VOX
generales_2019_04,2019,Congreso,Barcelona,25,Paula Teresa Cordera Aizpirua,Mujer,TRUE,FALSE,VOX,VOX
generales_2019_11,2019,Congreso,Barcelona,25,Paula Teresa Cordera Aizpurua,Mujer,TRUE,FALSE,VOX,VOX
generales_2019_04,2019,Congreso,Barcelona,26,Jennifer Christine Alonzo Pulido,Mujer,TRUE,FALSE,VOX,VOX
generales_2019_11,2019,Congreso,Barcelona,26,Jenniffer Christine Alonzo Pulido,Mujer,TRUE,FALSE,VOX,VOX
generales_2019_04,2019,Congreso,Barcelona,27,Juan Peran Ortega,Hombre,TRUE,FALSE,VOX,VOX
generales_2019_11,2019,Congreso,Barcelona,27,Juan Perán Ortega,Hombre,TRUE,FALSE,VOX,VOX
generales_2019_04,2019,Congreso,Barcelona,28,Maria Rosario Cobo Fernandez,Mujer,TRUE,FALSE,VOX,VOX
generales_2019_11,2019,Congreso,Barcelona,28,Aurora Dueñas Laita,Mujer,TRUE,FALSE,VOX,VOX
generales_2019_04,2019,Congreso,Barcelona,29,Daniel Frigols Biel,Hombre,TRUE,FALSE,VOX,VOX
generales_2019_11,2019,Congreso,Barcelona,29,Daniel Frigols Biel,Hombre,TRUE,FALSE,VOX,VOX
generales_2019_04,2019,Congreso,Barcelona,30,Maria del Mar Ingelmo Torres,Mujer,TRUE,FALSE,VOX,VOX
generales_2019_11,2019,Congreso,Barcelona,30,María de los Reyes Lucán Peralta,Mujer,TRUE,FALSE,VOX,VOX
generales_2019_04,2019,Congreso,Barcelona,31,Mª José Perallon Gallego,Mujer,TRUE,FALSE,VOX,VOX
generales_2019_11,2019,Congreso,Barcelona,31,María José Perallón Gallego,Mujer,TRUE,FALSE,VOX,VOX
generales_2019_04,2019,Congreso,Barcelona,32,Julio Ariza Irigoyen,Hombre,TRUE,FALSE,VOX,VOX
generales_2019_11,2019,Congreso,Barcelona,32,Josep María Casanova Prenafeta,Hombre,TRUE,FALSE,VOX,VOX
generales_2019_04,2019,Congreso,Bizkaia,1,Nerea Alzola Alvarez,Mujer,TRUE,FALSE,VOX,VOX
generales_2019_11,2019,Congreso,Bizkaia,1,Nerea Alzola Álvarez,Mujer,TRUE,FALSE,VOX,VOX
generales_2019_04,2019,Congreso,Bizkaia,2,Rodrigo Rafael Vilallonga Elorza,Hombre,TRUE,FALSE,VOX,VOX
generales_2019_11,2019,Congreso,Bizkaia,2,Aitor Ordeñana Armiño,Hombre,TRUE,FALSE,VOX,VOX
generales_2019_04,2019,Congreso,Bizkaia,3,Margarita González Díez,Mujer,TRUE,FALSE,VOX,VOX
generales_2019_11,2019,Congreso,Bizkaia,3,Margarita González Díez,Mujer,TRUE,FALSE,VOX,VOX
generales_2019_04,2019,Congreso,Bizkaia,4,Aranzazu Orobio Remírez,Mujer,TRUE,FALSE,VOX,VOX
generales_2019_11,2019,Congreso,Bizkaia,4,Ana Magdalena Jorge Arana,Mujer,TRUE,FALSE,VOX,VOX
generales_2019_04,2019,Congreso,Bizkaia,5,Manuel López de Munain Monforte,Hombre,TRUE,FALSE,VOX,VOX
generales_2019_11,2019,Congreso,Bizkaia,5,Gorka Tejada Goicocheta,Hombre,TRUE,FALSE,VOX,VOX
generales_2019_04,2019,Congreso,Bizkaia,6,Unai Gutiérrez Arteche,Hombre,TRUE,FALSE,VOX,VOX
generales_2019_11,2019,Congreso,Bizkaia,6,Juan Manuel López de Munain Monforte,Hombre,TRUE,FALSE,VOX,VOX
generales_2019_04,2019,Congreso,Bizkaia,7,Aitor Ordeñana Armiño,Hombre,TRUE,FALSE,VOX,VOX
generales_2019_11,2019,Congreso,Bizkaia,7,María de la O Cordero García,Mujer,TRUE,FALSE,VOX,VOX
generales_2019_04,2019,Congreso,Bizkaia,8,María de la O Cordero García,Mujer,TRUE,FALSE,VOX,VOX
generales_2019_11,2019,Congreso,Bizkaia,8,Nicolás Gutiérrez Saiz,Hombre,TRUE,FALSE,VOX,VOX
generales_2019_04,2019,Congreso,Burgos,1,Javier Martínez Lozano,Hombre,TRUE,FALSE,VOX,VOX
generales_2019_11,2019,Congreso,Burgos,1,Javier Martínez Lozano,Hombre,TRUE,FALSE,VOX,VOX
generales_2019_04,2019,Congreso,Burgos,2,Marta Sanz Camaño,Mujer,TRUE,FALSE,VOX,VOX
generales_2019_11,2019,Congreso,Burgos,2,Ignacio Sicilia Domenech,Hombre,TRUE,FALSE,VOX,VOX
generales_2019_04,2019,Congreso,Burgos,3,Mercedes Herrera Villanueva,Mujer,TRUE,FALSE,VOX,VOX
generales_2019_11,2019,Congreso,Burgos,3,Marta Sanz Camaño,Mujer,TRUE,FALSE,VOX,VOX
generales_2019_04,2019,Congreso,Burgos,4,Alvar Campo Sastre,Hombre,TRUE,FALSE,VOX,VOX
generales_2019_11,2019,Congreso,Burgos,4,Elma Vicente Barrios,Mujer,TRUE,FALSE,VOX,VOX
generales_2019_04,2019,Congreso,Caceres,1,María Magdalena Nevado del Campo,Mujer,TRUE,FALSE,VOX,VOX
generales_2019_11,2019,Congreso,Caceres,1,María Magdalena Nevado del Campo,Mujer,TRUE,TRUE,VOX,VOX
generales_2019_04,2019,Congreso,Caceres,2,Miguel Ángel Ruíz Castellanos,Hombre,TRUE,FALSE,VOX,VOX
generales_2019_11,2019,Congreso,Caceres,2,Miguel Ángel Ruiz Castellanos,Hombre,TRUE,FALSE,VOX,VOX
generales_2019_04,2019,Congreso,Caceres,3,Óscar Fernández Calle,Hombre,TRUE,FALSE,VOX,VOX
generales_2019_11,2019,Congreso,Caceres,3,Purificación Martín Díaz,Mujer,TRUE,FALSE,VOX,VOX
generales_2019_04,2019,Congreso,Caceres,4,Leticia Rodríguez Núñez,Mujer,TRUE,FALSE,VOX,VOX
generales_2019_11,2019,Congreso,Caceres,4,David Vaquero Paule,Hombre,TRUE,FALSE,VOX,VOX
generales_2019_04,2019,Congreso,Cadiz,1,Agustín Rosety Fernández de Castro,Hombre,TRUE,TRUE,VOX,VOX
generales_2019_11,2019,Congreso,Cadiz,1,Agustín Rosety Fernández de Castro,Hombre,TRUE,TRUE,VOX,VOX
generales_2019_04,2019,Congreso,Cadiz,2,Manuel González Bazán,Hombre,TRUE,FALSE,VOX,VOX
generales_2019_11,2019,Congreso,Cadiz,2,Carlos José Zambrano García-Raez,Hombre,TRUE,TRUE,VOX,VOX
generales_2019_04,2019,Congreso,Cadiz,3,Antonio Palomar García,Hombre,TRUE,FALSE,VOX,VOX
generales_2019_11,2019,Congreso,Cadiz,3,Antonio Palomar García,Hombre,TRUE,FALSE,VOX,VOX
generales_2019_04,2019,Congreso,Cadiz,4,Marta Chaves Delgado,Mujer,TRUE,FALSE,VOX,VOX
generales_2019_11,2019,Congreso,Cadiz,4,Marta Chaves Delgado,Mujer,TRUE,FALSE,VOX,VOX
generales_2019_04,2019,Congreso,Cadiz,5,Leocadia María Benavente Lara,Mujer,TRUE,FALSE,VOX,VOX
generales_2019_11,2019,Congreso,Cadiz,5,Leocadia María Benavente Lara,Mujer,TRUE,FALSE,VOX,VOX
generales_2019_04,2019,Congreso,Cadiz,6,José Manuel Martínez Ayala,Hombre,TRUE,FALSE,VOX,VOX
generales_2019_11,2019,Congreso,Cadiz,6,José Manuel Martínez Ayala,Hombre,TRUE,FALSE,VOX,VOX
generales_2019_04,2019,Congreso,Cadiz,7,Álvaro Cuadros García,Hombre,TRUE,FALSE,VOX,VOX
generales_2019_11,2019,Congreso,Cadiz,7,Álvaro Cuadros García,Hombre,TRUE,FALSE,VOX,VOX
generales_2019_04,2019,Congreso,Cadiz,8,María Guadalupe Sánchez Polo,Mujer,TRUE,FALSE,VOX,VOX
generales_2019_11,2019,Congreso,Cadiz,8,María Guadalupe Sánchez Polo,Mujer,TRUE,FALSE,VOX,VOX
generales_2019_04,2019,Congreso,Cadiz,9,Remedios Maruenda Piñero,Mujer,TRUE,FALSE,VOX,VOX
generales_2019_11,2019,Congreso,Cadiz,9,Remedios Maruenda Piñero,Mujer,TRUE,FALSE,VOX,VOX
generales_2019_04,2019,Congreso,Cantabria,1,Emilio Jesús del Valle Rodríguez,Hombre,TRUE,FALSE,VOX,VOX
generales_2019_11,2019,Congreso,Cantabria,1,Emilio Jesús del Valle Rodríguez,Hombre,TRUE,TRUE,VOX,VOX
generales_2019_04,2019,Congreso,Cantabria,2,José Luis Temes Ortiz,Hombre,TRUE,FALSE,VOX,VOX
generales_2019_11,2019,Congreso,Cantabria,2,José Joaquín Bengochea Seco,Hombre,TRUE,FALSE,VOX,VOX
generales_2019_04,2019,Congreso,Cantabria,3,Guillermo Pérez-Cosío Mariscal,Hombre,TRUE,FALSE,VOX,VOX
generales_2019_11,2019,Congreso,Cantabria,3,Jaime Sánchez Bermúdez,Hombre,TRUE,FALSE,VOX,VOX
generales_2019_04,2019,Congreso,Cantabria,4,Beatriz González Varela,Mujer,TRUE,FALSE,VOX,VOX
generales_2019_11,2019,Congreso,Cantabria,4,Beatriz González Varela,Mujer,TRUE,FALSE,VOX,VOX
generales_2019_04,2019,Congreso,Cantabria,5,María Belén García Díaz,Mujer,TRUE,FALSE,VOX,VOX
generales_2019_11,2019,Congreso,Cantabria,5,Isabel Coz Gordon,Mujer,TRUE,FALSE,VOX,VOX
generales_2019_04,2019,Congreso,Castellon,1,Alberto Teófilo Asarta Cuevas,Hombre,TRUE,FALSE,VOX,VOX
generales_2019_11,2019,Congreso,Castellon,1,Alberto Teófilo Asarta Cuevas,Hombre,TRUE,TRUE,VOX,VOX
generales_2019_04,2019,Congreso,Castellon,2,Sherine Makkar Fahry,Hombre,TRUE,FALSE,VOX,VOX
generales_2019_11,2019,Congreso,Castellon,2,Cristóbal Caballero Escribano,Hombre,TRUE,FALSE,VOX,VOX
generales_2019_04,2019,Congreso,Castellon,3,Cristóbal Caballero Escribano,Hombre,TRUE,FALSE,VOX,VOX
generales_2019_11,2019,Congreso,Castellon,3,Eugenia Viñals González,Mujer,TRUE,FALSE,VOX,VOX
generales_2019_04,2019,Congreso,Castellon,4,Maria de los Ángeles Escribano Jaén,Mujer,TRUE,FALSE,VOX,VOX
generales_2019_11,2019,Congreso,Castellon,4,Nuria Tomás Martín,Mujer,TRUE,FALSE,VOX,VOX
generales_2019_04,2019,Congreso,Castellon,5,Rosa María Serret Meliá,Mujer,TRUE,FALSE,VOX,VOX
generales_2019_11,2019,Congreso,Castellon,5,Alfonso Zaragoza Aymerich,Hombre,TRUE,FALSE,VOX,VOX
generales_2019_04,2019,Congreso,Ceuta,1,Manuel Rafael Rodríguez Valero,Hombre,TRUE,FALSE,VOX,VOX
generales_2019_11,2019,Congreso,Ceuta,1,María Teresa López Álvarez,Mujer,TRUE,TRUE,VOX,VOX
generales_2019_04,2019,Congreso,Ciudad Real,1,Ricardo Chamorro Delmo,Hombre,TRUE,TRUE,VOX,VOX
generales_2019_11,2019,Congreso,Ciudad Real,1,Ricardo Chamorro Delmo,Hombre,TRUE,TRUE,VOX,VOX
generales_2019_04,2019,Congreso,Ciudad Real,2,Ana María Valero Lite,Mujer,TRUE,FALSE,VOX,VOX
generales_2019_11,2019,Congreso,Ciudad Real,2,Ana María Valero Lite,Mujer,TRUE,FALSE,VOX,VOX
generales_2019_04,2019,Congreso,Ciudad Real,3,Antonio Alarcos Olivares,Hombre,TRUE,FALSE,VOX,VOX
generales_2019_11,2019,Congreso,Ciudad Real,3,Antonio Alarcos Olivares,Hombre,TRUE,FALSE,VOX,VOX
generales_2019_04,2019,Congreso,Ciudad Real,4,María Dolores Gómez Moreno,Mujer,TRUE,FALSE,VOX,VOX
generales_2019_11,2019,Congreso,Ciudad Real,4,María Dolores Gómez Moreno,Mujer,TRUE,FALSE,VOX,VOX
generales_2019_04,2019,Congreso,Ciudad Real,5,Rosa María Concepción Peiteado Serrano,Mujer,TRUE,FALSE,VOX,VOX
generales_2019_11,2019,Congreso,Ciudad Real,5,María de los Ángeles Parra López,Mujer,TRUE,FALSE,VOX,VOX
generales_2019_04,2019,Congreso,Cordoba,1,José Ramírez del Río,Hombre,TRUE,TRUE,VOX,VOX
generales_2019_11,2019,Congreso,Cordoba,1,José Ramírez del Río,Hombre,TRUE,TRUE,VOX,VOX
generales_2019_04,2019,Congreso,Cordoba,2,María Dolores Hermoso Porras,Mujer,TRUE,FALSE,VOX,VOX
generales_2019_11,2019,Congreso,Cordoba,2,María Dolores Hermoso Porras,Mujer,TRUE,FALSE,VOX,VOX
generales_2019_04,2019,Congreso,Cordoba,3,Francisco Jesús Navas Ruíz,Hombre,TRUE,FALSE,VOX,VOX
generales_2019_11,2019,Congreso,Cordoba,3,Francisco Jesús Navas Ruiz,Hombre,TRUE,FALSE,VOX,VOX
generales_2019_04,2019,Congreso,Cordoba,4,María Francisca de Prado López,Mujer,TRUE,FALSE,VOX,VOX
generales_2019_11,2019,Congreso,Cordoba,4,Manuela Martín Domínguez,Mujer,TRUE,FALSE,VOX,VOX
generales_2019_04,2019,Congreso,Cordoba,5,Enrique Rubio Merino,Hombre,TRUE,FALSE,VOX,VOX
generales_2019_11,2019,Congreso,Cordoba,5,Alberto Cuevas Hoyas,Hombre,TRUE,FALSE,VOX,VOX
generales_2019_04,2019,Congreso,Cordoba,6,María Trillo Sánchez,Mujer,TRUE,FALSE,VOX,VOX
generales_2019_11,2019,Congreso,Cordoba,6,María Victoria Lozano Orellana,Mujer,TRUE,FALSE,VOX,VOX
generales_2019_04,2019,Congreso,Cuenca,1,Ismael Iván Vélez Cipriano,Hombre,TRUE,FALSE,VOX,VOX
generales_2019_11,2019,Congreso,Cuenca,1,Ismael Iván Vélez Cipriano,Hombre,TRUE,FALSE,VOX,VOX
generales_2019_04,2019,Congreso,Cuenca,2,Alejandro Martínez Ramos,Hombre,TRUE,FALSE,VOX,VOX
generales_2019_11,2019,Congreso,Cuenca,2,Guillermo Martínez Huerta,Hombre,TRUE,FALSE,VOX,VOX
generales_2019_04,2019,Congreso,Cuenca,3,Josefina Rincón Cuenca,Mujer,TRUE,FALSE,VOX,VOX
generales_2019_11,2019,Congreso,Cuenca,3,Rosa Ana Galán Rodríguez,Mujer,TRUE,FALSE,VOX,VOX
generales_2019_04,2019,Congreso,Gipuzkoa,1,Juan de Dios Davila Garijo,Hombre,TRUE,FALSE,VOX,VOX
generales_2019_11,2019,Congreso,Gipuzkoa,1,Juan de Dios Dávila Garijo,Hombre,TRUE,FALSE,VOX,VOX
generales_2019_04,2019,Congreso,Gipuzkoa,2,Maria Begoña Garcia Conde Castillo,Mujer,TRUE,FALSE,VOX,VOX
generales_2019_11,2019,Congreso,Gipuzkoa,2,María del Mar Martija Sánchez-Guardamino,Mujer,TRUE,FALSE,VOX,VOX
generales_2019_04,2019,Congreso,Gipuzkoa,3,Jose Manuel Menendez Hernandez,Hombre,TRUE,FALSE,VOX,VOX
generales_2019_11,2019,Congreso,Gipuzkoa,3,José Manuel Menéndez Hernández,Hombre,TRUE,FALSE,VOX,VOX
generales_2019_04,2019,Congreso,Gipuzkoa,4,Monica Garcia Fernandez,Mujer,TRUE,FALSE,VOX,VOX
generales_2019_11,2019,Congreso,Gipuzkoa,4,Cristina Navarro Machín,Mujer,TRUE,FALSE,VOX,VOX
generales_2019_04,2019,Congreso,Gipuzkoa,5,Maria Paola Petri Ortiz,Mujer,TRUE,FALSE,VOX,VOX
generales_2019_11,2019,Congreso,Gipuzkoa,5,Pedro Ignacio Gandásegui Agorreta,Hombre,TRUE,FALSE,VOX,VOX
generales_2019_04,2019,Congreso,Gipuzkoa,6,Carlos Garcia Conde del Castillo,Hombre,TRUE,FALSE,VOX,VOX
generales_2019_11,2019,Congreso,Gipuzkoa,6,Guadalupe María Ochoa de Alda Nieto,Mujer,TRUE,FALSE,VOX,VOX
generales_2019_04,2019,Congreso,Girona,1,Alberto Tarradas Paneque,Hombre,TRUE,FALSE,VOX,VOX
generales_2019_11,2019,Congreso,Girona,1,Ignasi Mulleras Vinzia,Hombre,TRUE,FALSE,VOX,VOX
generales_2019_04,2019,Congreso,Girona,2,Pedro Bayonas Muñoz,Hombre,TRUE,FALSE,VOX,VOX
generales_2019_11,2019,Congreso,Girona,2,Alberto Tarradas Paneque,Hombre,TRUE,FALSE,VOX,VOX
generales_2019_04,2019,Congreso,Girona,3,Aránzazu del Pilar García García-Verdugo,Mujer,TRUE,FALSE,VOX,VOX
generales_2019_11,2019,Congreso,Girona,3,María Carmen Comas Viladot,Mujer,TRUE,FALSE,VOX,VOX
generales_2019_04,2019,Congreso,Girona,4,Cristina Ruz Navarro,Mujer,TRUE,FALSE,VOX,VOX
generales_2019_11,2019,Congreso,Girona,4,Verónica Nivia Giménez Castrege,Mujer,TRUE,FALSE,VOX,VOX
generales_2019_04,2019,Congreso,Girona,5,José Cartañá Pons,Hombre,TRUE,FALSE,VOX,VOX
generales_2019_11,2019,Congreso,Girona,5,José Cartañá Pons,Hombre,TRUE,FALSE,VOX,VOX
generales_2019_04,2019,Congreso,Girona,6,María Carmen Comas Viladot,Mujer,TRUE,FALSE,VOX,VOX
generales_2019_11,2019,Congreso,Girona,6,Vanesa Guaita Granado,Mujer,TRUE,FALSE,VOX,VOX
generales_2019_04,2019,Congreso,Granada,1,Macarena Olona Choclán,Mujer,TRUE,TRUE,VOX,VOX
generales_2019_11,2019,Congreso,Granada,1,Macarena Olona Choclán,Mujer,TRUE,TRUE,VOX,VOX
generales_2019_04,2019,Congreso,Granada,2,Javier Enrique Reyes Gloria,Hombre,TRUE,FALSE,VOX,VOX
generales_2019_11,2019,Congreso,Granada,2,Onofre Miralles Martín,Hombre,TRUE,FALSE,VOX,VOX
generales_2019_04,2019,Congreso,Granada,3,María Loreto García-Valdecasas Nogales,Mujer,TRUE,FALSE,VOX,VOX
generales_2019_11,2019,Congreso,Granada,3,Dolores Enríquez Salmerón,Mujer,TRUE,FALSE,VOX,VOX
generales_2019_04,2019,Congreso,Granada,4,Juan Antonio Maldonado Castillo,Hombre,TRUE,FALSE,VOX,VOX
generales_2019_11,2019,Congreso,Granada,4,Ignacio Pozo García,Hombre,TRUE,FALSE,VOX,VOX
generales_2019_04,2019,Congreso,Granada,5,Jesús María Cascón Murillo,Hombre,TRUE,FALSE,VOX,VOX
generales_2019_11,2019,Congreso,Granada,5,Miguel Ángel López Fernández,Hombre,TRUE,FALSE,VOX,VOX
generales_2019_04,2019,Congreso,Granada,6,Sandra Guirado Fernández,Mujer,TRUE,FALSE,VOX,VOX
generales_2019_11,2019,Congreso,Granada,6,Sonia Sánchez Moreno,Mujer,TRUE,FALSE,VOX,VOX
generales_2019_04,2019,Congreso,Granada,7,Juan José García Carreño,Hombre,TRUE,FALSE,VOX,VOX
generales_2019_11,2019,Congreso,Granada,7,Manuel Jorge Martín Montero,Hombre,TRUE,FALSE,VOX,VOX
generales_2019_04,2019,Congreso,Guadalajara,1,Antonio de Miguel Anton,Hombre,TRUE,FALSE,VOX,VOX
generales_2019_11,2019,Congreso,Guadalajara,1,Ángel López Maraver,Hombre,TRUE,TRUE,VOX,VOX
generales_2019_04,2019,Congreso,Guadalajara,2,Begoña González Sierra,Mujer,TRUE,FALSE,VOX,VOX
generales_2019_11,2019,Congreso,Guadalajara,2,María del Sagrario Muñoz Valverde,Mujer,TRUE,FALSE,VOX,VOX
generales_2019_04,2019,Congreso,Guadalajara,3,Francisco Javier Toquero del Vado,Hombre,TRUE,FALSE,VOX,VOX
generales_2019_11,2019,Congreso,Guadalajara,3,Gonzalo Romero Cuesta,Hombre,TRUE,FALSE,VOX,VOX
generales_2019_04,2019,Congreso,Huelva,1,Tomás Fernández Ríos,Hombre,TRUE,FALSE,VOX,VOX
generales_2019_11,2019,Congreso,Huelva,1,Tomás Fernández Ríos,Hombre,TRUE,TRUE,VOX,VOX
generales_2019_04,2019,Congreso,Huelva,2,María Francisca Gómez Botas,Mujer,TRUE,FALSE,VOX,VOX
generales_2019_11,2019,Congreso,Huelva,2,Gema Isabel Gutiérrez Toscano,Mujer,TRUE,FALSE,VOX,VOX
generales_2019_04,2019,Congreso,Huelva,3,Oliverio Manuel Rodriguez Orta,Hombre,TRUE,FALSE,VOX,VOX
generales_2019_11,2019,Congreso,Huelva,3,Carlos Bermejo Martins,Hombre,TRUE,FALSE,VOX,VOX
generales_2019_04,2019,Congreso,Huelva,4,Rocío Pérez de Ayala Revuelta,Mujer,TRUE,FALSE,VOX,VOX
generales_2019_11,2019,Congreso,Huelva,4,María del Carmen Córdoba Pallares,Mujer,TRUE,FALSE,VOX,VOX
generales_2019_04,2019,Congreso,Huelva,5,Seluded Martín Marañon,Hombre,TRUE,FALSE,VOX,VOX
generales_2019_11,2019,Congreso,Huelva,5,Mario Ariza Pérez,Hombre,TRUE,FALSE,VOX,VOX
generales_2019_04,2019,Congreso,Huesca,1,Pablo Daniel Ciprés Ara,Hombre,TRUE,FALSE,VOX,VOX
generales_2019_11,2019,Congreso,Huesca,1,Pablo Daniel Ciprés Ara,Hombre,TRUE,FALSE,VOX,VOX
generales_2019_04,2019,Congreso,Huesca,2,Daniel Ari Laks Adler,Hombre,TRUE,FALSE,VOX,VOX
generales_2019_11,2019,Congreso,Huesca,2,Daniel Ari Laks Adler,Hombre,TRUE,FALSE,VOX,VOX
generales_2019_04,2019,Congreso,Huesca,3,Ana Isabel Saez Almenar,Mujer,TRUE,FALSE,VOX,VOX
generales_2019_11,2019,Congreso,Huesca,3,Mercedes Roqueta Milián,Mujer,TRUE,FALSE,VOX,VOX
generales_2019_04,2019,Congreso,Illes Balears,1,Magdalena Margarita Contestí Rosselló,Mujer,TRUE,TRUE,VOX,VOX
generales_2019_11,2019,Congreso,Illes Balears,1,Antonio Salvá Verd,Hombre,TRUE,TRUE,VOX,VOX
generales_2019_04,2019,Congreso,Illes Balears,2,Patricia de las Heras Fernández,Mujer,TRUE,FALSE,VOX,VOX
generales_2019_11,2019,Congreso,Illes Balears,2,Patricia de la Heras Fernández,Mujer,TRUE,TRUE,VOX,VOX
generales_2019_04,2019,Congreso,Illes Balears,3,Jaime Brunicardi Martínez,Hombre,TRUE,FALSE,VOX,VOX
generales_2019_11,2019,Congreso,Illes Balears,3,Bartolomé Torres Mascaró,Hombre,TRUE,FALSE,VOX,VOX
generales_2019_04,2019,Congreso,Illes Balears,4,Andrés Tomás Buades de Armenteras,Hombre,TRUE,FALSE,VOX,VOX
generales_2019_11,2019,Congreso,Illes Balears,4,Esperanza Catalá Ribo,Mujer,TRUE,FALSE,VOX,VOX
generales_2019_04,2019,Congreso,Illes Balears,5,María Dolores Nchaso Sota,Mujer,TRUE,FALSE,VOX,VOX
generales_2019_11,2019,Congreso,Illes Balears,5,María Dolores Nchaso Sota,Mujer,TRUE,FALSE,VOX,VOX
generales_2019_04,2019,Congreso,Illes Balears,6,Francisco Pol Alorda,Hombre,TRUE,FALSE,VOX,VOX
generales_2019_11,2019,Congreso,Illes Balears,6,Francisco Pol Alorda,Hombre,TRUE,FALSE,VOX,VOX
generales_2019_04,2019,Congreso,Illes Balears,7,Vanesa Jofre Blake,Mujer,TRUE,FALSE,VOX,VOX
generales_2019_11,2019,Congreso,Illes Balears,7,Vanesa Jofre Blake,Mujer,TRUE,FALSE,VOX,VOX
generales_2019_04,2019,Congreso,Illes Balears,8,Fulgencio Coll Bucher,Hombre,TRUE,FALSE,VOX,VOX
generales_2019_11,2019,Congreso,Illes Balears,8,Fulgencio Coll Bucher,Hombre,TRUE,FALSE,VOX,VOX
generales_2019_04,2019,Congreso,Jaen,1,Francisco José Alcaraz Martos,Hombre,TRUE,FALSE,VOX,VOX
generales_2019_11,2019,Congreso,Jaen,1,Francisco José Alcaraz Martos,Hombre,TRUE,TRUE,VOX,VOX
generales_2019_04,2019,Congreso,Jaen,2,Gerardo Aceituno Carrasco,Hombre,TRUE,FALSE,VOX,VOX
generales_2019_11,2019,Congreso,Jaen,2,Gerardo Aceituno Carrasco,Hombre,TRUE,FALSE,VOX,VOX
generales_2019_04,2019,Congreso,Jaen,3,María del Rosario del Aguila Gallego,Mujer,TRUE,FALSE,VOX,VOX
generales_2019_11,2019,Congreso,Jaen,3,Carmen María García Aguilar,Mujer,TRUE,FALSE,VOX,VOX
generales_2019_04,2019,Congreso,Jaen,4,Mateo Gallego Cabrera,Hombre,TRUE,FALSE,VOX,VOX
generales_2019_11,2019,Congreso,Jaen,4,Shahrookh Bomi Khambatta Damania,Hombre,TRUE,FALSE,VOX,VOX
generales_2019_04,2019,Congreso,Jaen,5,Carmen María García Aguilar,Mujer,TRUE,FALSE,VOX,VOX
generales_2019_11,2019,Congreso,Jaen,5,María del Rosario del Águila Gallego,Mujer,TRUE,FALSE,VOX,VOX
generales_2019_04,2019,Congreso,La Rioja,1,Jorge Arturo Cutillas Cordón,Hombre,TRUE,FALSE,VOX,VOX
generales_2019_11,2019,Congreso,La Rioja,1,Jorge Arturo Cutillas Cordón,Hombre,TRUE,FALSE,VOX,VOX
generales_2019_04,2019,Congreso,La Rioja,2,María Teresa Arnedo Pérez,Mujer,TRUE,FALSE,VOX,VOX
generales_2019_11,2019,Congreso,La Rioja,2,María Teresa Arnedo Pérez,Mujer,TRUE,FALSE,VOX,VOX
generales_2019_04,2019,Congreso,La Rioja,3,Ricardo Palacios Berbel,Hombre,TRUE,FALSE,VOX,VOX
generales_2019_11,2019,Congreso,La Rioja,3,Belinda Couceiro Redondo,Mujer,TRUE,FALSE,VOX,VOX
generales_2019_04,2019,Congreso,La Rioja,4,Belinda Couceiro Redondo,Mujer,TRUE,FALSE,VOX,VOX
generales_2019_11,2019,Congreso,La Rioja,4,Miguel Angel Blanco Montoya,Hombre,TRUE,FALSE,VOX,VOX
generales_2019_04,2019,Congreso,Las Palmas,1,Jaime González Canomanuel,Hombre,TRUE,FALSE,VOX,VOX
generales_2019_11,2019,Congreso,Las Palmas,1,José María Vázquez Álvarez,Hombre,TRUE,FALSE,VOX,VOX
generales_2019_04,2019,Congreso,Las Palmas,2,Andres Alberto Rodríguez Almeida,Hombre,TRUE,FALSE,VOX,VOX
generales_2019_11,2019,Congreso,Las Palmas,2,Andrés Alberto Rodríguez Almeida,Hombre,TRUE,TRUE,VOX,VOX
generales_2019_04,2019,Congreso,Las Palmas,3,Patricia Castelló Pascual,Mujer,TRUE,FALSE,VOX,VOX
generales_2019_11,2019,Congreso,Las Palmas,3,Ángel Treviño Martín,Hombre,TRUE,FALSE,VOX,VOX
generales_2019_04,2019,Congreso,Las Palmas,4,Rafael Miguel de Juan Miñón,Hombre,TRUE,FALSE,VOX,VOX
generales_2019_11,2019,Congreso,Las Palmas,4,Alexandra María Aguilar Monsalvo,Mujer,TRUE,FALSE,VOX,VOX
generales_2019_04,2019,Congreso,Las Palmas,5,Estefanía Domínguez García,Mujer,TRUE,FALSE,VOX,VOX
generales_2019_11,2019,Congreso,Las Palmas,5,Silvia del Carmen Rodríguez Jiménez,Mujer,TRUE,FALSE,VOX,VOX
generales_2019_04,2019,Congreso,Las Palmas,6,Alexandra María Aguilar Monsalvo,Mujer,TRUE,FALSE,VOX,VOX
generales_2019_11,2019,Congreso,Las Palmas,6,María de los Ángeles Barroso Santana,Mujer,TRUE,FALSE,VOX,VOX
generales_2019_04,2019,Congreso,Las Palmas,7,Israel Salas Jiménez,Hombre,TRUE,FALSE,VOX,VOX
generales_2019_11,2019,Congreso,Las Palmas,7,Jesús Vicente Galván Sasia,Hombre,TRUE,FALSE,VOX,VOX
generales_2019_04,2019,Congreso,Las Palmas,8,Ana María Rodríguez Tejera,Mujer,TRUE,FALSE,VOX,VOX
generales_2019_11,2019,Congreso,Las Palmas,8,María del Carmen Mata Afonso,Mujer,TRUE,FALSE,VOX,VOX
generales_2019_04,2019,Congreso,Leon,1,Marta Álvarez Barrio,Mujer,TRUE,FALSE,VOX,VOX
generales_2019_11,2019,Congreso,Leon,1,Pablo Juan Calvo Liste,Hombre,TRUE,TRUE,VOX,VOX
generales_2019_04,2019,Congreso,Leon,2,María Belén Pulgar Gutiérrez,Mujer,TRUE,FALSE,VOX,VOX
generales_2019_11,2019,Congreso,Leon,2,José Luis Suárez Pastor,Hombre,TRUE,FALSE,VOX,VOX
generales_2019_04,2019,Congreso,Leon,3,Pablo Juan Calvo Liste,Hombre,TRUE,FALSE,VOX,VOX
generales_2019_11,2019,Congreso,Leon,3,Simoneta Riesco Alonso,Mujer,TRUE,FALSE,VOX,VOX
generales_2019_04,2019,Congreso,Leon,4,Rubén Cuervo González,Hombre,TRUE,FALSE,VOX,VOX
generales_2019_11,2019,Congreso,Leon,4,Blanca María Herreros Rodríguez,Mujer,TRUE,FALSE,VOX,VOX
generales_2019_04,2019,Congreso,Lleida,1,Miquel Bonastre Guillamet,Hombre,TRUE,FALSE,VOX,VOX
generales_2019_11,2019,Congreso,Lleida,1,Miquel Bonastre Guillamet,Hombre,TRUE,FALSE,VOX,VOX
generales_2019_04,2019,Congreso,Lleida,2,Alejandra Roig Lopez,Mujer,TRUE,FALSE,VOX,VOX
generales_2019_11,2019,Congreso,Lleida,2,Alejandra Roig López,Mujer,TRUE,FALSE,VOX,VOX
generales_2019_04,2019,Congreso,Lleida,3,Gloria Rico Iribarne,Mujer,TRUE,FALSE,VOX,VOX
generales_2019_11,2019,Congreso,Lleida,3,Gloria Rico Iribarne,Hombre,TRUE,FALSE,VOX,VOX
generales_2019_04,2019,Congreso,Lleida,4,Manuel González Valero,Hombre,TRUE,FALSE,VOX,VOX
generales_2019_11,2019,Congreso,Lleida,4,Gregorio Gálvez Pazos,Hombre,TRUE,FALSE,VOX,VOX
generales_2019_04,2019,Congreso,Lugo,1,Juan María Abascal Castañón,Hombre,TRUE,FALSE,VOX,VOX
generales_2019_11,2019,Congreso,Lugo,1,Cristian González Nogueira,Hombre,TRUE,FALSE,VOX,VOX
generales_2019_04,2019,Congreso,Lugo,2,Manuel Menéndez Mato,Hombre,TRUE,FALSE,VOX,VOX
generales_2019_11,2019,Congreso,Lugo,2,Manuel Menéndez Mato,Hombre,TRUE,FALSE,VOX,VOX
generales_2019_04,2019,Congreso,Lugo,3,María del Carmen Pardo Prado,Mujer,TRUE,FALSE,VOX,VOX
generales_2019_11,2019,Congreso,Lugo,3,Maria del Carmen Pardo Prado,Mujer,TRUE,FALSE,VOX,VOX
generales_2019_04,2019,Congreso,Lugo,4,María Anunciada de León Fernández de Córdoba,Mujer,TRUE,FALSE,VOX,VOX
generales_2019_11,2019,Congreso,Lugo,4,Eva Castiñeira Bellón,Mujer,TRUE,FALSE,VOX,VOX
generales_2019_04,2019,Congreso,Madrid,1,Santiago Abascal Conde,Hombre,TRUE,TRUE,VOX,VOX
generales_2019_11,2019,Congreso,Madrid,1,Santiago Abascal Conde,Hombre,TRUE,TRUE,VOX,VOX
generales_2019_04,2019,Congreso,Madrid,2,Javier Ortega Smith-Molina,Hombre,TRUE,TRUE,VOX,VOX
generales_2019_11,2019,Congreso,Madrid,2,Francisco Javier Ortega Smith-Molina,Hombre,TRUE,TRUE,VOX,VOX
generales_2019_04,2019,Congreso,Madrid,3,Iván Espinosa de los Monteros de Simón,Hombre,TRUE,TRUE,VOX,VOX
generales_2019_11,2019,Congreso,Madrid,3,Iván Espinosa de los Monteros de Simón,Hombre,TRUE,TRUE,VOX,VOX
generales_2019_04,2019,Congreso,Madrid,4,María de la Cabeza Ruiz Solás,Mujer,TRUE,TRUE,VOX,VOX
generales_2019_11,2019,Congreso,Madrid,4,María de la Cabeza Ruíz Solás,Mujer,TRUE,TRUE,VOX,VOX
generales_2019_04,2019,Congreso,Madrid,5,Carla Toscano de Balbín,Mujer,TRUE,TRUE,VOX,VOX
generales_2019_11,2019,Congreso,Madrid,5,Carla Toscano de Balbín,Mujer,TRUE,TRUE,VOX,VOX
generales_2019_04,2019,Congreso,Madrid,6,Juan Luis Steegmann Olmedillas,Hombre,TRUE,FALSE,VOX,VOX
generales_2019_11,2019,Congreso,Madrid,6,Juan Luis Steegmann Olmedillas,Hombre,TRUE,TRUE,VOX,VOX
generales_2019_04,2019,Congreso,Madrid,7,Mireia Borrás Pabón,Mujer,TRUE,FALSE,VOX,VOX
generales_2019_11,2019,Congreso,Madrid,7,Mireia Borrás Pabón,Mujer,TRUE,TRUE,VOX,VOX
generales_2019_04,2019,Congreso,Madrid,8,Ana María Velasco Vidal-Abarca,Mujer,TRUE,FALSE,VOX,VOX
generales_2019_11,2019,Congreso,Madrid,8,Gema Pilar Herrero Monroy,Mujer,TRUE,FALSE,VOX,VOX
generales_2019_04,2019,Congreso,Madrid,9,Alonso de Mendoza Asensi,Hombre,TRUE,FALSE,VOX,VOX
generales_2019_11,2019,Congreso,Madrid,9,Alonso de Mendoza Asensi,Hombre,TRUE,FALSE,VOX,VOX
generales_2019_04,2019,Congreso,Madrid,10,José Cadenas Rabaixet,Hombre,TRUE,FALSE,VOX,VOX
generales_2019_11,2019,Congreso,Madrid,10,José Cadenas Rabaixet,Hombre,TRUE,FALSE,VOX,VOX
generales_2019_04,2019,Congreso,Madrid,11,Gema Pilar Herrero Monroy,Mujer,TRUE,FALSE,VOX,VOX
generales_2019_11,2019,Congreso,Madrid,11,Marta Asunción Castro Fuertes,Mujer,TRUE,FALSE,VOX,VOX
generales_2019_04,2019,Congreso,Madrid,12,Marta Asunción Castro Fuertes,Mujer,TRUE,FALSE,VOX,VOX
generales_2019_11,2019,Congreso,Madrid,12,Jesús Carlos Riosalido Gambotti,Hombre,TRUE,FALSE,VOX,VOX
generales_2019_04,2019,Congreso,Madrid,13,Jesús Carlos Riosalido Gambotti,Hombre,TRUE,FALSE,VOX,VOX
generales_2019_11,2019,Congreso,Madrid,13,Javier Moreno de Miguel,Hombre,TRUE,FALSE,VOX,VOX
generales_2019_04,2019,Congreso,Madrid,14,Javier Moreno de Miguel,Hombre,TRUE,FALSE,VOX,VOX
generales_2019_11,2019,Congreso,Madrid,14,Beatriz Tejero Oller,Mujer,TRUE,FALSE,VOX,VOX
generales_2019_04,2019,Congreso,Madrid,15,José Ignacio Arias Moreno,Hombre,TRUE,FALSE,VOX,VOX
generales_2019_11,2019,Congreso,Madrid,15,Rubén Gallardo García,Hombre,TRUE,FALSE,VOX,VOX
generales_2019_04,2019,Congreso,Madrid,16,Beatriz Tejero Oller,Mujer,TRUE,FALSE,VOX,VOX
generales_2019_11,2019,Congreso,Madrid,16,Javier Cipriano Viviente Solé,Hombre,TRUE,FALSE,VOX,VOX
generales_2019_04,2019,Congreso,Madrid,17,María Teresa Regina Maroto Aparicio,Mujer,TRUE,FALSE,VOX,VOX
generales_2019_11,2019,Congreso,Madrid,17,Óscar González Samos,Hombre,TRUE,FALSE,VOX,VOX
generales_2019_04,2019,Congreso,Madrid,18,Rubén Gallardo García,Hombre,TRUE,FALSE,VOX,VOX
generales_2019_11,2019,Congreso,Madrid,18,Gonzalo Padrón Ramos,Hombre,TRUE,FALSE,VOX,VOX
generales_2019_04,2019,Congreso,Madrid,19,Javier Viviente Sole,Hombre,TRUE,FALSE,VOX,VOX
generales_2019_11,2019,Congreso,Madrid,19,María Teresa López Divasson,Mujer,TRUE,FALSE,VOX,VOX
generales_2019_04,2019,Congreso,Madrid,20,Santiago Antonio Ribas Sáez,Hombre,TRUE,FALSE,VOX,VOX
generales_2019_11,2019,Congreso,Madrid,20,Eulalia López García,Mujer,TRUE,FALSE,VOX,VOX
generales_2019_04,2019,Congreso,Madrid,21,Gonzalo Padrón Ramos,Hombre,TRUE,FALSE,VOX,VOX
generales_2019_11,2019,Congreso,Madrid,21,Daniel Cuesta Lagarejo,Hombre,TRUE,FALSE,VOX,VOX
generales_2019_04,2019,Congreso,Madrid,22,María Teresa López Divassón,Mujer,TRUE,FALSE,VOX,VOX
generales_2019_11,2019,Congreso,Madrid,22,José Hidalgo Serrano,Hombre,TRUE,FALSE,VOX,VOX
generales_2019_04,2019,Congreso,Madrid,23,Eulalia López García,Mujer,TRUE,FALSE,VOX,VOX
generales_2019_11,2019,Congreso,Madrid,23,Amaya Acosta Barrera,Mujer,TRUE,FALSE,VOX,VOX
generales_2019_04,2019,Congreso,Madrid,24,Daniel Cuesta Lagarejo,Hombre,TRUE,FALSE,VOX,VOX
generales_2019_11,2019,Congreso,Madrid,24,Laura Cid Grueso,Mujer,TRUE,FALSE,VOX,VOX
generales_2019_04,2019,Congreso,Madrid,25,José Hidalgo Serrano,Hombre,TRUE,FALSE,VOX,VOX
generales_2019_11,2019,Congreso,Madrid,25,Donato Francisco Javier Barba Prieto,Hombre,TRUE,FALSE,VOX,VOX
generales_2019_04,2019,Congreso,Madrid,26,Amaya Acosta Barrera,Mujer,TRUE,FALSE,VOX,VOX
generales_2019_11,2019,Congreso,Madrid,26,Ignacio Fernández Tomás,Hombre,TRUE,FALSE,VOX,VOX
generales_2019_04,2019,Congreso,Madrid,27,Laura Cid Grueso,Mujer,TRUE,FALSE,VOX,VOX
generales_2019_11,2019,Congreso,Madrid,27,Alejandro Abalo Delgado,Hombre,TRUE,FALSE,VOX,VOX
generales_2019_04,2019,Congreso,Madrid,28,Donato Francisco Javier Barba Prieto,Hombre,TRUE,FALSE,VOX,VOX
generales_2019_11,2019,Congreso,Madrid,28,Eva Arbeo Blázquez,Mujer,TRUE,FALSE,VOX,VOX
generales_2019_04,2019,Congreso,Madrid,29,Juan Ignacio Fernández Tomás,Hombre,TRUE,FALSE,VOX,VOX
generales_2019_11,2019,Congreso,Madrid,29,Ana Isabel Dompablo Guerrero,Mujer,TRUE,FALSE,VOX,VOX
generales_2019_04,2019,Congreso,Madrid,30,Alejandro Abalo Delgado,Hombre,TRUE,FALSE,VOX,VOX
generales_2019_11,2019,Congreso,Madrid,30,Enrique Jesús Ortíz Gómez,Hombre,TRUE,FALSE,VOX,VOX
generales_2019_04,2019,Congreso,Madrid,31,Eva Arbeo Blázquez,Mujer,TRUE,FALSE,VOX,VOX
generales_2019_11,2019,Congreso,Madrid,31,Alejandro Gozalo Yáñez,Hombre,TRUE,FALSE,VOX,VOX
generales_2019_04,2019,Congreso,Madrid,32,Ana Isabel Dompablo Guerrero,Mujer,TRUE,FALSE,VOX,VOX
generales_2019_11,2019,Congreso,Madrid,32,Elena Garachana Nuño,Mujer,TRUE,FALSE,VOX,VOX
generales_2019_04,2019,Congreso,Madrid,33,Enrique Jesús Ortiz Gómez,Hombre,TRUE,FALSE,VOX,VOX
generales_2019_11,2019,Congreso,Madrid,33,Gerardo Marín Carreño,Hombre,TRUE,FALSE,VOX,VOX
generales_2019_04,2019,Congreso,Madrid,34,Alejandro Gozalo Yáñez,Hombre,TRUE,FALSE,VOX,VOX
generales_2019_11,2019,Congreso,Madrid,34,Vicente Pedro Morales Sancho,Hombre,TRUE,FALSE,VOX,VOX
generales_2019_04,2019,Congreso,Madrid,35,Elena Garachana Nuño,Mujer,TRUE,FALSE,VOX,VOX
generales_2019_11,2019,Congreso,Madrid,35,María Carmen Rodríguez Anta,Mujer,TRUE,FALSE,VOX,VOX
generales_2019_04,2019,Congreso,Madrid,36,María Carmen Rodríguez Anta,Mujer,TRUE,FALSE,VOX,VOX
generales_2019_11,2019,Congreso,Madrid,36,María Ángela Chinarro Vadillo,Mujer,TRUE,FALSE,VOX,VOX
generales_2019_04,2019,Congreso,Madrid,37,José Antonio Ortega Lara,Hombre,TRUE,FALSE,VOX,VOX
generales_2019_11,2019,Congreso,Madrid,37,José Antonio Ortega Lara,Hombre,TRUE,FALSE,VOX,VOX
generales_2019_04,2019,Congreso,Malaga,1,Patricia Rueda Perelló,Mujer,TRUE,TRUE,VOX,VOX
generales_2019_11,2019,Congreso,Malaga,1,Patricia Rueda Perelló,Mujer,TRUE,TRUE,VOX,VOX
generales_2019_04,2019,Congreso,Malaga,2,Rubén Silvano Manso Olivar,Hombre,TRUE,FALSE,VOX,VOX
generales_2019_11,2019,Congreso,Malaga,2,Rubén Silvano Manso Olivar,Hombre,TRUE,TRUE,VOX,VOX
generales_2019_04,2019,Congreso,Malaga,3,Loreto Ozores Canella,Mujer,TRUE,FALSE,VOX,VOX
generales_2019_11,2019,Congreso,Malaga,3,Patricia Cristobalina García de Herrera Fernández,Mujer,TRUE,FALSE,VOX,VOX
generales_2019_04,2019,Congreso,Malaga,4,Antonio Miguel Díaz Martínez,Hombre,TRUE,FALSE,VOX,VOX
generales_2019_11,2019,Congreso,Malaga,4,Antonio Alfonso Alcázar Díaz,Hombre,TRUE,FALSE,VOX,VOX
generales_2019_04,2019,Congreso,Malaga,5,Patricia Cristobalina García de Herrera Fernández,Mujer,TRUE,FALSE,VOX,VOX
generales_2019_11,2019,Congreso,Malaga,5,Blas López García,Hombre,TRUE,FALSE,VOX,VOX
generales_2019_04,2019,Congreso,Malaga,6,José Heriberto García Martín,Hombre,TRUE,FALSE,VOX,VOX
generales_2019_11,2019,Congreso,Malaga,6,José Hidalgo Reina,Hombre,TRUE,FALSE,VOX,VOX
generales_2019_04,2019,Congreso,Malaga,7,Beatriz Gloria García Gallego,Mujer,TRUE,FALSE,VOX,VOX
generales_2019_11,2019,Congreso,Malaga,7,Pedro Fernando Barceló Barranco,Hombre,TRUE,FALSE,VOX,VOX
generales_2019_04,2019,Congreso,Malaga,8,José Javier Loma Barrie,Hombre,TRUE,FALSE,VOX,VOX
generales_2019_11,2019,Congreso,Malaga,8,Loreto Ozores Canella,Mujer,TRUE,FALSE,VOX,VOX
generales_2019_04,2019,Congreso,Malaga,9,Andrés Manuel Antón Cervantes,Hombre,TRUE,FALSE,VOX,VOX
generales_2019_11,2019,Congreso,Malaga,9,María Belén Nuflo Morilla,Mujer,TRUE,FALSE,VOX,VOX
generales_2019_04,2019,Congreso,Malaga,10,Blanca Alejandra Jiménez Mancheño,Mujer,TRUE,FALSE,VOX,VOX
generales_2019_11,2019,Congreso,Malaga,10,Ana Leticia Briales Alcaraz,Mujer,TRUE,FALSE,VOX,VOX
generales_2019_04,2019,Congreso,Malaga,11,Blas López García,Hombre,TRUE,FALSE,VOX,VOX
generales_2019_11,2019,Congreso,Malaga,11,Francisco José Vázquez Cárdenas,Hombre,TRUE,FALSE,VOX,VOX
generales_2019_04,2019,Congreso,Melilla,1,José Antonio Herraiz Reyes,Hombre,TRUE,FALSE,VOX,VOX
generales_2019_11,2019,Congreso,Melilla,1,Ignacio Luis Ramírez Sempere,Hombre,TRUE,FALSE,VOX,VOX
generales_2019_04,2019,Congreso,Murcia,1,Lourdes Méndez Monasterio,Mujer,TRUE,TRUE,VOX,VOX
generales_2019_11,2019,Congreso,Murcia,1,Lourdes Méndez Monasterio,Mujer,TRUE,TRUE,VOX,VOX
generales_2019_04,2019,Congreso,Murcia,2,Joaquín Robles López,Hombre,TRUE,TRUE,VOX,VOX
generales_2019_11,2019,Congreso,Murcia,2,Joaquín Robles López,Hombre,TRUE,TRUE,VOX,VOX
generales_2019_04,2019,Congreso,Murcia,3,Luis Gestoso de Miguel,Hombre,TRUE,FALSE,VOX,VOX
generales_2019_11,2019,Congreso,Murcia,3,Luis Gestoso de Miguel,Hombre,TRUE,TRUE,VOX,VOX
generales_2019_04,2019,Congreso,Murcia,4,Juan Ignacio Cortés Guardiola,Hombre,TRUE,FALSE,VOX,VOX
generales_2019_11,2019,Congreso,Murcia,4,Juan Ignacio Cortés Guardiola,Hombre,TRUE,FALSE,VOX,VOX
generales_2019_04,2019,Congreso,Murcia,5,María José Sánchez Alarcón,Mujer,TRUE,FALSE,VOX,VOX
generales_2019_11,2019,Congreso,Murcia,5,María José Sánchez Alarcón,Mujer,TRUE,FALSE,VOX,VOX
generales_2019_04,2019,Congreso,Murcia,6,Juan Manuel Pérez Martínez,Hombre,TRUE,FALSE,VOX,VOX
generales_2019_11,2019,Congreso,Murcia,6,Juan Manuel Pérez Martínez,Hombre,TRUE,FALSE,VOX,VOX
generales_2019_04,2019,Congreso,Murcia,7,Miguel Ángel Mc Donnell Ros,Hombre,TRUE,FALSE,VOX,VOX
generales_2019_11,2019,Congreso,Murcia,7,Miguel Angel Mc Donnell Ros,Hombre,TRUE,FALSE,VOX,VOX
generales_2019_04,2019,Congreso,Murcia,8,María Magdalena Silva Pérez,Mujer,TRUE,FALSE,VOX,VOX
generales_2019_11,2019,Congreso,Murcia,8,María del Alba Peña Acuña,Mujer,TRUE,FALSE,VOX,VOX
generales_2019_04,2019,Congreso,Murcia,9,Alfredo Pérez Carrillo,Hombre,TRUE,FALSE,VOX,VOX
generales_2019_11,2019,Congreso,Murcia,9,David Ibáñez Martínez,Hombre,TRUE,FALSE,VOX,VOX
generales_2019_04,2019,Congreso,Murcia,10,María Isabel Carpena Guillen,Mujer,TRUE,FALSE,VOX,VOX
generales_2019_11,2019,Congreso,Murcia,10,Alba Franco Elvira,Mujer,TRUE,FALSE,VOX,VOX
generales_2019_04,2019,Congreso,Navarra,1,Adolfo Alústiza Romero,Hombre,TRUE,FALSE,VOX,VOX
generales_2019_11,2019,Congreso,Navarra,1,Adolfo Alústiza Romero,Hombre,TRUE,FALSE,VOX,VOX
generales_2019_04,2019,Congreso,Navarra,2,Emilio Jiménez Román,Hombre,TRUE,FALSE,VOX,VOX
generales_2019_11,2019,Congreso,Navarra,2,Garabet Tarjenian Astour,Hombre,TRUE,FALSE,VOX,VOX
generales_2019_04,2019,Congreso,Navarra,3,María Belén Montes-Jovellar Rovira,Mujer,TRUE,FALSE,VOX,VOX
generales_2019_11,2019,Congreso,Navarra,3,María Milagros Eraso Osés,Mujer,TRUE,FALSE,VOX,VOX
generales_2019_04,2019,Congreso,Navarra,4,María Jesús Sernández Fernández,Mujer,TRUE,FALSE,VOX,VOX
generales_2019_11,2019,Congreso,Navarra,4,Elisa Pacho Zapatero,Mujer,TRUE,FALSE,VOX,VOX
generales_2019_04,2019,Congreso,Navarra,5,Rafael Mora Martínez,Hombre,TRUE,FALSE,VOX,VOX
generales_2019_11,2019,Congreso,Navarra,5,Rafael Mora Martínez,Hombre,TRUE,FALSE,VOX,VOX
generales_2019_04,2019,Congreso,Ourense,1,Begoña Conde Álvarez,Mujer,TRUE,FALSE,VOX,VOX
generales_2019_11,2019,Congreso,Ourense,1,Begoña Conde Álvarez,Mujer,TRUE,FALSE,VOX,VOX
generales_2019_04,2019,Congreso,Ourense,2,Marco Antonio Dueñas Llinas,Hombre,TRUE,FALSE,VOX,VOX
generales_2019_11,2019,Congreso,Ourense,2,María Jesús Fernández Rodríguez,Mujer,TRUE,FALSE,VOX,VOX
generales_2019_04,2019,Congreso,Ourense,3,Olga Barandela Rivero,Mujer,TRUE,FALSE,VOX,VOX
generales_2019_11,2019,Congreso,Ourense,3,Antonio Pérez Álvarez,Hombre,TRUE,FALSE,VOX,VOX
generales_2019_04,2019,Congreso,Ourense,4,Cristino Arroyo Ramos,Hombre,TRUE,FALSE,VOX,VOX
generales_2019_11,2019,Congreso,Ourense,4,Cristino Arroyo Ramos,Hombre,TRUE,FALSE,VOX,VOX
generales_2019_04,2019,Congreso,Palencia,1,Sonia Luisa Lalanda Sanmiguel,Mujer,TRUE,FALSE,VOX,VOX
generales_2019_11,2019,Congreso,Palencia,1,Sonia Luisa Lalanda Sanmiguel,Mujer,TRUE,FALSE,VOX,VOX
generales_2019_04,2019,Congreso,Palencia,2,Jaime Laso Herrezuelo,Hombre,TRUE,FALSE,VOX,VOX
generales_2019_11,2019,Congreso,Palencia,2,Santiago José Díez Agúndez,Hombre,TRUE,FALSE,VOX,VOX
generales_2019_04,2019,Congreso,Palencia,3,María Alicia Antolín de la Hoz,Mujer,TRUE,FALSE,VOX,VOX
generales_2019_11,2019,Congreso,Palencia,3,Sandra González Pérez,Mujer,TRUE,FALSE,VOX,VOX
generales_2019_04,2019,Congreso,Pontevedra,1,Antonio Budiño Carballo,Hombre,TRUE,FALSE,VOX,VOX
generales_2019_11,2019,Congreso,Pontevedra,1,Antonio Budiño Carballo,Hombre,TRUE,FALSE,VOX,VOX
generales_2019_04,2019,Congreso,Pontevedra,2,María Cristina López Botana,Mujer,TRUE,FALSE,VOX,VOX
generales_2019_11,2019,Congreso,Pontevedra,2,Fernando Garrido Fernández,Hombre,TRUE,FALSE,VOX,VOX
generales_2019_04,2019,Congreso,Pontevedra,3,Andrés Álvarez Pérez,Hombre,TRUE,FALSE,VOX,VOX
generales_2019_11,2019,Congreso,Pontevedra,3,Tomás José Calvar Landín,Hombre,TRUE,FALSE,VOX,VOX
generales_2019_04,2019,Congreso,Pontevedra,4,María Iglesias Fernández,Mujer,TRUE,FALSE,VOX,VOX
generales_2019_11,2019,Congreso,Pontevedra,4,Mónica Montes López,Mujer,TRUE,FALSE,VOX,VOX
generales_2019_04,2019,Congreso,Pontevedra,5,José Manuel Mendoza Melián,Hombre,TRUE,FALSE,VOX,VOX
generales_2019_11,2019,Congreso,Pontevedra,5,Yara Gómez Vasconcellos,Mujer,TRUE,FALSE,VOX,VOX
generales_2019_04,2019,Congreso,Pontevedra,6,María Antonia Rodríguez Ibarz,Mujer,TRUE,FALSE,VOX,VOX
generales_2019_11,2019,Congreso,Pontevedra,6,Sara Silva Senra,Mujer,TRUE,FALSE,VOX,VOX
generales_2019_04,2019,Congreso,Pontevedra,7,Marcos Rodríguez Martínez,Hombre,TRUE,FALSE,VOX,VOX
generales_2019_11,2019,Congreso,Pontevedra,7,Ángel Julio Borja Saura,Hombre,TRUE,FALSE,VOX,VOX
generales_2019_04,2019,Congreso,S.C. Tenerife,1,Alejandro Gómez Rodríguez,Hombre,TRUE,FALSE,VOX,VOX
generales_2019_11,2019,Congreso,S.C. Tenerife,1,Rubén Darío Vega Arias,Hombre,TRUE,TRUE,VOX,VOX
generales_2019_04,2019,Congreso,S.C. Tenerife,2,Rebeca Martín León,Mujer,TRUE,FALSE,VOX,VOX
generales_2019_11,2019,Congreso,S.C. Tenerife,2,Alejandro Gómez Rodríguez,Hombre,TRUE,FALSE,VOX,VOX
generales_2019_04,2019,Congreso,S.C. Tenerife,3,Fernando Acosta Pérez-Cardona,Hombre,TRUE,FALSE,VOX,VOX
generales_2019_11,2019,Congreso,S.C. Tenerife,3,Rebeca Martín León,Mujer,TRUE,FALSE,VOX,VOX
generales_2019_04,2019,Congreso,S.C. Tenerife,4,María del Carmen Gutiérrez Rubio,Mujer,TRUE,FALSE,VOX,VOX
generales_2019_11,2019,Congreso,S.C. Tenerife,4,Mª Aránzazu Laverdure Fernández,Mujer,TRUE,FALSE,VOX,VOX
generales_2019_04,2019,Congreso,S.C. Tenerife,5,Carlos Ribot Concepción,Hombre,TRUE,FALSE,VOX,VOX
generales_2019_11,2019,Congreso,S.C. Tenerife,5,José Manuel Muñoz García,Hombre,TRUE,FALSE,VOX,VOX
generales_2019_04,2019,Congreso,S.C. Tenerife,6,Zelena María Hormiga Díaz,Mujer,TRUE,FALSE,VOX,VOX
generales_2019_11,2019,Congreso,S.C. Tenerife,6,Zelena María Hormiga Díaz,Mujer,TRUE,FALSE,VOX,VOX
generales_2019_04,2019,Congreso,S.C. Tenerife,7,Juan Barbosa Rodríguez,Hombre,TRUE,FALSE,VOX,VOX
generales_2019_11,2019,Congreso,S.C. Tenerife,7,Juan Barbosa Rodríguez,Hombre,TRUE,FALSE,VOX,VOX
generales_2019_04,2019,Congreso,Salamanca,1,Víctor Guido González Coello de Portugal,Hombre,TRUE,FALSE,VOX,VOX
generales_2019_11,2019,Congreso,Salamanca,1,Víctor Guido González Coello de Portugal,Hombre,TRUE,TRUE,VOX,VOX
generales_2019_04,2019,Congreso,Salamanca,2,Teresa Rodríguez Vidal,Mujer,TRUE,FALSE,VOX,VOX
generales_2019_11,2019,Congreso,Salamanca,2,Teresa Rodríguez Vidal,Mujer,TRUE,FALSE,VOX,VOX
generales_2019_04,2019,Congreso,Salamanca,3,Eva María Pérez Bartol,Mujer,TRUE,FALSE,VOX,VOX
generales_2019_11,2019,Congreso,Salamanca,3,Fernando Pablo García Rodríguez,Hombre,TRUE,FALSE,VOX,VOX
generales_2019_04,2019,Congreso,Salamanca,4,Carlos Menéndez Blanco,Hombre,TRUE,FALSE,VOX,VOX
generales_2019_11,2019,Congreso,Salamanca,4,María Bello Navarro,Mujer,TRUE,FALSE,VOX,VOX
generales_2019_04,2019,Congreso,Segovia,1,Carlos Hugo Fernández-Roca Suarez,Hombre,TRUE,FALSE,VOX,VOX
generales_2019_11,2019,Congreso,Segovia,1,Rodrigo Jiménez Revuelta,Hombre,TRUE,TRUE,VOX,VOX
generales_2019_04,2019,Congreso,Segovia,2,Milagros Beatriz Trenas Fernández,Mujer,TRUE,FALSE,VOX,VOX
generales_2019_11,2019,Congreso,Segovia,2,Milagros Beatriz Trenas Fernández,Mujer,TRUE,FALSE,VOX,VOX
generales_2019_04,2019,Congreso,Segovia,3,Elena Merino Caldas,Mujer,TRUE,FALSE,VOX,VOX
generales_2019_11,2019,Congreso,Segovia,3,Juan Quero Monge,Hombre,TRUE,FALSE,VOX,VOX
generales_2019_04,2019,Congreso,Sevilla,1,María de los Reyes Romero Vilches,Mujer,TRUE,TRUE,VOX,VOX
generales_2019_11,2019,Congreso,Sevilla,1,María de los Reyes Romero Vilches,Mujer,TRUE,TRUE,VOX,VOX
generales_2019_04,2019,Congreso,Sevilla,2,Rubén Pulido Sánchez,Hombre,TRUE,FALSE,VOX,VOX
generales_2019_11,2019,Congreso,Sevilla,2,Francisco José Contreras Peláez,Hombre,TRUE,TRUE,VOX,VOX
generales_2019_04,2019,Congreso,Sevilla,3,Fátima Azmani Ramírez,Mujer,TRUE,FALSE,VOX,VOX
generales_2019_11,2019,Congreso,Sevilla,3,Fátima Azmani Ramírez,Mujer,TRUE,FALSE,VOX,VOX
generales_2019_04,2019,Congreso,Sevilla,4,María de los Dolores López-Bellido Garrido,Mujer,TRUE,FALSE,VOX,VOX
generales_2019_11,2019,Congreso,Sevilla,4,María Dolores López-Bellido Garrido,Mujer,TRUE,FALSE,VOX,VOX
generales_2019_04,2019,Congreso,Sevilla,5,Gonzalo María Alba Beteré,Hombre,TRUE,FALSE,VOX,VOX
generales_2019_11,2019,Congreso,Sevilla,5,Gonzalo María Alba Betere,Hombre,TRUE,FALSE,VOX,VOX
generales_2019_04,2019,Congreso,Sevilla,6,Javier Navarro Ortiz,Hombre,TRUE,FALSE,VOX,VOX
generales_2019_11,2019,Congreso,Sevilla,6,Javier Navarro Ortiz,Hombre,TRUE,FALSE,VOX,VOX
generales_2019_04,2019,Congreso,Sevilla,7,Ángel Molini Estrada,Hombre,TRUE,FALSE,VOX,VOX
generales_2019_11,2019,Congreso,Sevilla,7,Ángel Molini Estrada,Hombre,TRUE,FALSE,VOX,VOX
generales_2019_04,2019,Congreso,Sevilla,8,María Triguero Piñero,Mujer,TRUE,FALSE,VOX,VOX
generales_2019_11,2019,Congreso,Sevilla,8,María Triguero Piñero,Mujer,TRUE,FALSE,VOX,VOX
generales_2019_04,2019,Congreso,Sevilla,9,María Consolación Laserna Fernández,Mujer,TRUE,FALSE,VOX,VOX
generales_2019_11,2019,Congreso,Sevilla,9,María Camacho Guerra,Mujer,TRUE,FALSE,VOX,VOX
generales_2019_04,2019,Congreso,Sevilla,10,José Manuel Peláez Izquierdo,Hombre,TRUE,FALSE,VOX,VOX
generales_2019_11,2019,Congreso,Sevilla,10,José Manuel Peláez Izquierdo,Hombre,TRUE,FALSE,VOX,VOX
generales_2019_04,2019,Congreso,Sevilla,11,Alejandro Llance Rodríguez,Hombre,TRUE,FALSE,VOX,VOX
generales_2019_11,2019,Congreso,Sevilla,11,Alejandro Llance Rodríguez,Hombre,TRUE,FALSE,VOX,VOX
generales_2019_04,2019,Congreso,Sevilla,12,Graciela Conforto Sesto,Mujer,TRUE,FALSE,VOX,VOX
generales_2019_11,2019,Congreso,Sevilla,12,Graciela Conforto Sesto,Mujer,TRUE,FALSE,VOX,VOX
generales_2019_04,2019,Congreso,Soria,1,Sara López Pérez,Mujer,TRUE,FALSE,VOX,VOX
generales_2019_11,2019,Congreso,Soria,1,Irene Guadalupe Sánchez Tabernero,Mujer,TRUE,FALSE,VOX,VOX
generales_2019_04,2019,Congreso,Soria,2,Álvaro Martínez Pena,Hombre,TRUE,FALSE,VOX,VOX
generales_2019_11,2019,Congreso,Soria,2,Mariano Pascual Ovejero,Hombre,TRUE,FALSE,VOX,VOX
generales_2019_04,2019,Congreso,Tarragona,1,Alejandro de Anta Puig,Hombre,TRUE,FALSE,VOX,VOX
generales_2019_11,2019,Congreso,Tarragona,1,Alejandro de Anta Puig,Hombre,TRUE,FALSE,VOX,VOX
generales_2019_04,2019,Congreso,Tarragona,2,Isabel Lázaro Pina,Mujer,TRUE,FALSE,VOX,VOX
generales_2019_11,2019,Congreso,Tarragona,2,Isabel Lázaro Pina,Mujer,TRUE,FALSE,VOX,VOX
generales_2019_04,2019,Congreso,Tarragona,3,Jordi Fernández Martínez,Hombre,TRUE,FALSE,VOX,VOX
generales_2019_11,2019,Congreso,Tarragona,3,Sergio Macián de Greef,Hombre,TRUE,FALSE,VOX,VOX
generales_2019_04,2019,Congreso,Tarragona,4,Ana Belén Rodríguez Ros,Mujer,TRUE,FALSE,VOX,VOX
generales_2019_11,2019,Congreso,Tarragona,4,Ana Belén Rodríguez Ros,Mujer,TRUE,FALSE,VOX,VOX
generales_2019_04,2019,Congreso,Tarragona,5,Jordi Ferré Rey,Hombre,TRUE,FALSE,VOX,VOX
generales_2019_11,2019,Congreso,Tarragona,5,José Ramón Gargallo Bosch,Hombre,TRUE,FALSE,VOX,VOX
generales_2019_04,2019,Congreso,Tarragona,6,Josefa Aguirre Clapé,Mujer,TRUE,FALSE,VOX,VOX
generales_2019_11,2019,Congreso,Tarragona,6,Ana Luisa Amores Gutiérrez,Mujer,TRUE,FALSE,VOX,VOX
generales_2019_04,2019,Congreso,Teruel,1,Alejandro Nolasco Asensio,Hombre,TRUE,FALSE,VOX,VOX
generales_2019_11,2019,Congreso,Teruel,1,Alejandro Nolasco Asensio,Hombre,TRUE,FALSE,VOX,VOX
generales_2019_04,2019,Congreso,Teruel,2,Ricardo Lorente Sancho,Hombre,TRUE,FALSE,VOX,VOX
generales_2019_11,2019,Congreso,Teruel,2,Ricardo Lorente Sancho,Hombre,TRUE,FALSE,VOX,VOX
generales_2019_04,2019,Congreso,Teruel,3,Helena Hidalgo Monterde,Mujer,TRUE,FALSE,VOX,VOX
generales_2019_11,2019,Congreso,Teruel,3,Dalia León Soriano,Mujer,TRUE,FALSE,VOX,VOX
generales_2019_04,2019,Congreso,Toledo,1,Manuel Mariscal Zabala,Hombre,TRUE,TRUE,VOX,VOX
generales_2019_11,2019,Congreso,Toledo,1,Manuel Mariscal Zabala,Hombre,TRUE,TRUE,VOX,VOX
generales_2019_04,2019,Congreso,Toledo,2,Josefina Blázquez Sánchez,Mujer,TRUE,FALSE,VOX,VOX
generales_2019_11,2019,Congreso,Toledo,2,Inés María Cañizares Pacheco,Mujer,TRUE,TRUE,VOX,VOX
generales_2019_04,2019,Congreso,Toledo,3,Ana Isabel Bravo Tirado,Mujer,TRUE,FALSE,VOX,VOX
generales_2019_11,2019,Congreso,Toledo,3,Cristóbal Navarro Domínguez,Hombre,TRUE,FALSE,VOX,VOX
generales_2019_04,2019,Congreso,Toledo,4,José Pedro García-Calderón Salinas,Hombre,TRUE,FALSE,VOX,VOX
generales_2019_11,2019,Congreso,Toledo,4,Anet Pereda Tomassevich,Mujer,TRUE,FALSE,VOX,VOX
generales_2019_04,2019,Congreso,Toledo,5,Sergio Botonero Galán,Hombre,TRUE,FALSE,VOX,VOX
generales_2019_11,2019,Congreso,Toledo,5,Antonio Pérez Martín,Hombre,TRUE,FALSE,VOX,VOX
generales_2019_04,2019,Congreso,Toledo,6,María del Carmen Jiménez González,Mujer,TRUE,FALSE,VOX,VOX
generales_2019_11,2019,Congreso,Toledo,6,Ana María García Arranz,Mujer,TRUE,FALSE,VOX,VOX
generales_2019_04,2019,Congreso,Valencia,1,Ignacio Gil Lázaro,Hombre,TRUE,TRUE,VOX,VOX
generales_2019_11,2019,Congreso,Valencia,1,Ignacio Gil Lázaro,Hombre,TRUE,TRUE,VOX,VOX
generales_2019_04,2019,Congreso,Valencia,2,Cristina Esteban Calonje,Mujer,TRUE,TRUE,VOX,VOX
generales_2019_11,2019,Congreso,Valencia,2,Cristina de Esteban Calonje,Mujer,TRUE,TRUE,VOX,VOX
generales_2019_04,2019,Congreso,Valencia,3,Vicente Montañez Valenzuela,Hombre,TRUE,FALSE,VOX,VOX
generales_2019_11,2019,Congreso,Valencia,3,Julio Utrilla Cano,Hombre,TRUE,TRUE,VOX,VOX
generales_2019_04,2019,Congreso,Valencia,4,Javier Amat de Leon Arce,Hombre,TRUE,FALSE,VOX,VOX
generales_2019_11,2019,Congreso,Valencia,4,José Luis Fernández Santamaría,Hombre,TRUE,FALSE,VOX,VOX
generales_2019_04,2019,Congreso,Valencia,5,María Asunción Sonia Mollá Nebot,Mujer,TRUE,FALSE,VOX,VOX
generales_2019_11,2019,Congreso,Valencia,5,Ana María Bellver Alcántara,Mujer,TRUE,FALSE,VOX,VOX
generales_2019_04,2019,Congreso,Valencia,6,Cristina Criado Gonzálbez,Mujer,TRUE,FALSE,VOX,VOX
generales_2019_11,2019,Congreso,Valencia,6,José Pedro Martínez Carrión,Hombre,TRUE,FALSE,VOX,VOX
generales_2019_04,2019,Congreso,Valencia,7,Ignacio Soriano Tarin,Hombre,TRUE,FALSE,VOX,VOX
generales_2019_11,2019,Congreso,Valencia,7,Ignacio Soriano Tarín,Hombre,TRUE,FALSE,VOX,VOX
generales_2019_04,2019,Congreso,Valencia,8,Javier Pinilla García,Hombre,TRUE,FALSE,VOX,VOX
generales_2019_11,2019,Congreso,Valencia,8,María Ángeles Morán Tamarit de Arrue,Mujer,TRUE,FALSE,VOX,VOX
generales_2019_04,2019,Congreso,Valencia,9,José María Galdón Estefano,Hombre,TRUE,FALSE,VOX,VOX
generales_2019_11,2019,Congreso,Valencia,9,Fernando Sanfélix García,Hombre,TRUE,FALSE,VOX,VOX
generales_2019_04,2019,Congreso,Valencia,10,María Desamparados Baixauli Esteve,Mujer,TRUE,FALSE,VOX,VOX
generales_2019_11,2019,Congreso,Valencia,10,Ana Guillén Peña,Mujer,TRUE,FALSE,VOX,VOX
generales_2019_04,2019,Congreso,Valencia,11,Yésica Alfaro Castillo,Mujer,TRUE,FALSE,VOX,VOX
generales_2019_11,2019,Congreso,Valencia,11,Alejandro Vila Polo,Hombre,TRUE,FALSE,VOX,VOX
generales_2019_04,2019,Congreso,Valencia,12,Sonia Ferrer Barquero,Mujer,TRUE,FALSE,VOX,VOX
generales_2019_11,2019,Congreso,Valencia,12,Francisco de Borja Revilla Brioso,Hombre,TRUE,FALSE,VOX,VOX
generales_2019_04,2019,Congreso,Valencia,13,José Alejandro Pérez Mateu de Ros,Hombre,TRUE,FALSE,VOX,VOX
generales_2019_11,2019,Congreso,Valencia,13,Juan José Gil Albiach,Hombre,TRUE,FALSE,VOX,VOX
generales_2019_04,2019,Congreso,Valencia,14,Ruth García Alarcón,Mujer,TRUE,FALSE,VOX,VOX
generales_2019_11,2019,Congreso,Valencia,14,Sara Blanco Lleti,Mujer,TRUE,FALSE,VOX,VOX
generales_2019_04,2019,Congreso,Valencia,15,Juan Jesús Illueca Contri,Hombre,TRUE,FALSE,VOX,VOX
generales_2019_11,2019,Congreso,Valencia,15,María Asunción Sonia Mollá Nebot,Mujer,TRUE,FALSE,VOX,VOX
generales_2019_04,2019,Congreso,Valladolid,1,Pablo Sáez Alonso-Muñumer,Hombre,TRUE,TRUE,VOX,VOX
generales_2019_11,2019,Congreso,Valladolid,1,Pablo Sáez Alonso-Muñumer,Hombre,TRUE,TRUE,VOX,VOX
generales_2019_04,2019,Congreso,Valladolid,2,Jesús García-Conde del Castillo,Hombre,TRUE,FALSE,VOX,VOX
generales_2019_11,2019,Congreso,Valladolid,2,Jesús María García-Conde del Castillo,Hombre,TRUE,FALSE,VOX,VOX
generales_2019_04,2019,Congreso,Valladolid,3,José Ignacio Alonso Fernández,Hombre,TRUE,FALSE,VOX,VOX
generales_2019_11,2019,Congreso,Valladolid,3,María Isabel Pérez Martín,Mujer,TRUE,FALSE,VOX,VOX
generales_2019_04,2019,Congreso,Valladolid,4,Sofía Margarita Muñoz Casares,Mujer,TRUE,FALSE,VOX,VOX
generales_2019_11,2019,Congreso,Valladolid,4,María Teresa Martín Meléndez,Mujer,TRUE,FALSE,VOX,VOX
generales_2019_04,2019,Congreso,Valladolid,5,María Dolores de la Cuesta Saenz,Mujer,TRUE,FALSE,VOX,VOX
generales_2019_11,2019,Congreso,Valladolid,5,María Dolores de la Cuesta Sáenz,Mujer,TRUE,FALSE,VOX,VOX
generales_2019_04,2019,Congreso,Zamora,1,Pedro Jesús Requejo Novoa,Hombre,TRUE,FALSE,VOX,VOX
generales_2019_11,2019,Congreso,Zamora,1,Pedro Jesús Requejo Novoa,Hombre,TRUE,TRUE,VOX,VOX
generales_2019_04,2019,Congreso,Zamora,2,Miguel Barrios Ramos,Hombre,TRUE,FALSE,VOX,VOX
generales_2019_11,2019,Congreso,Zamora,2,Eugenio Blanco Ugidos,Hombre,TRUE,FALSE,VOX,VOX
generales_2019_04,2019,Congreso,Zamora,3,Susana Sánchez Alonso,Mujer,TRUE,FALSE,VOX,VOX
generales_2019_11,2019,Congreso,Zamora,3,Marcela del Rosario Mansilla Frías,Mujer,TRUE,FALSE,VOX,VOX
generales_2019_04,2019,Congreso,Zaragoza,1,Pedro Fernández Hernández,Hombre,TRUE,TRUE,VOX,VOX
generales_2019_11,2019,Congreso,Zaragoza,1,Pedro Fernández Hernández,Hombre,TRUE,TRUE,VOX,VOX
generales_2019_04,2019,Congreso,Zaragoza,2,Pascual López Buesa,Hombre,TRUE,FALSE,VOX,VOX
generales_2019_11,2019,Congreso,Zaragoza,2,Sara Ballesteros Navarro,Mujer,TRUE,FALSE,VOX,VOX
generales_2019_04,2019,Congreso,Zaragoza,3,Marta Fernández Martín,Mujer,TRUE,FALSE,VOX,VOX
generales_2019_11,2019,Congreso,Zaragoza,3,Román Lobera Molina,Hombre,TRUE,FALSE,VOX,VOX
generales_2019_04,2019,Congreso,Zaragoza,4,Miguel Angel Alonso Alonso,Hombre,TRUE,FALSE,VOX,VOX
generales_2019_11,2019,Congreso,Zaragoza,4,Héctor García Martínez,Hombre,TRUE,FALSE,VOX,VOX
generales_2019_04,2019,Congreso,Zaragoza,5,Jara Juanin Bescós,Mujer,TRUE,FALSE,VOX,VOX
generales_2019_11,2019,Congreso,Zaragoza,5,María Teresa González Campos,Mujer,TRUE,FALSE,VOX,VOX
generales_2019_04,2019,Congreso,Zaragoza,6,Héctor García Martínez,Hombre,TRUE,FALSE,VOX,VOX
generales_2019_11,2019,Congreso,Zaragoza,6,Jesús García Royo,Hombre,TRUE,FALSE,VOX,VOX
generales_2019_04,2019,Congreso,Zaragoza,7,María Ángeles Sauquillo Cueto,Mujer,TRUE,FALSE,VOX,VOX
generales_2019_11,2019,Congreso,Zaragoza,7,Victoria Bergua Pérez,Mujer,TRUE,FALSE,VOX,VOX
generales_2019_04,2019,Senado,A Coruna,1,Francisco Javier Somoza Vales,Hombre,TRUE,FALSE,VOX,VOX
generales_2019_11,2019,Senado,A Coruna,1,Juan Garcilaso de la Vega Muñoz,Hombre,TRUE,FALSE,VOX,VOX
generales_2019_04,2019,Senado,A Coruna,2,Isabel Eguillor Montero,Mujer,TRUE,FALSE,VOX,VOX
generales_2019_04,2019,Senado,A Coruna,3,María Nieves Coloma Sánchez,Mujer,TRUE,FALSE,VOX,VOX
generales_2019_04,2019,Senado,Albacete,1,José Romero Castillejos,Hombre,TRUE,FALSE,VOX,VOX
generales_2019_11,2019,Senado,Albacete,1,Ana María Muñoz Antúnez,Mujer,TRUE,FALSE,VOX,VOX
generales_2019_04,2019,Senado,Albacete,2,María Ángeles López Sánchez,Mujer,TRUE,FALSE,VOX,VOX
generales_2019_04,2019,Senado,Albacete,3,Jesús Pardo Serrano,Hombre,TRUE,FALSE,VOX,VOX
generales_2019_04,2019,Senado,Alicante,1,Pascual Moxica Pruneda,Hombre,TRUE,FALSE,VOX,VOX
generales_2019_11,2019,Senado,Alicante,1,Pascual Moxica Pruneda,Hombre,TRUE,FALSE,VOX,VOX
generales_2019_04,2019,Senado,Alicante,2,Gerardo Carretero Fernández,Hombre,TRUE,FALSE,VOX,VOX
generales_2019_04,2019,Senado,Alicante,3,Carolina Vigara García,Mujer,TRUE,FALSE,VOX,VOX
generales_2019_04,2019,Senado,Almeria,1,Antonio Francisco Barrionuevo Osorio,Hombre,TRUE,FALSE,VOX,VOX
generales_2019_11,2019,Senado,Almeria,1,Juan José Bonilla López,Hombre,TRUE,FALSE,VOX,VOX
generales_2019_04,2019,Senado,Almeria,2,Miguel Angel Benavides Vilchez,Hombre,TRUE,FALSE,VOX,VOX
generales_2019_04,2019,Senado,Almeria,3,Cristina García Plaza,Mujer,TRUE,FALSE,VOX,VOX
generales_2019_04,2019,Senado,Araba/Alava,1,Daniel Ollora Moreno,Hombre,TRUE,FALSE,VOX,VOX
generales_2019_11,2019,Senado,Araba/Alava,1,Laureano Díaz Estévez,Hombre,TRUE,FALSE,VOX,VOX
generales_2019_04,2019,Senado,Araba/Alava,2,Juan Pablo Galán García,Hombre,TRUE,FALSE,VOX,VOX
generales_2019_04,2019,Senado,Araba/Alava,3,Patricia Izquierdo Sarasola,Mujer,TRUE,FALSE,VOX,VOX
generales_2019_04,2019,Senado,Asturias,1,Juan Fernández Baños,Hombre,TRUE,FALSE,VOX,VOX
generales_2019_11,2019,Senado,Asturias,1,Francisco Benavente Meléndez de Arvas,Hombre,TRUE,FALSE,VOX,VOX
generales_2019_04,2019,Senado,Asturias,2,Carlota Cueto-Felgueroso Landeira,Mujer,TRUE,FALSE,VOX,VOX
generales_2019_04,2019,Senado,Asturias,3,Luis Andrés Cleominio Sánchez Caveda,Hombre,TRUE,FALSE,VOX,VOX
generales_2019_04,2019,Senado,Avila,1,Eloísa Cristina Vicenta Sánchez Rodríguez-Morcón,Mujer,TRUE,FALSE,VOX,VOX
generales_2019_11,2019,Senado,Avila,1,José Manuel Lorenzo Serapio,Hombre,TRUE,FALSE,VOX,VOX
generales_2019_04,2019,Senado,Avila,2,Diego Arderius González,Hombre,TRUE,FALSE,VOX,VOX
generales_2019_04,2019,Senado,Avila,3,María Esther Rodríguez Martínez,Mujer,TRUE,FALSE,VOX,VOX
generales_2019_04,2019,Senado,Badajoz,1,Pablo Manuel Tena Guerra,Hombre,TRUE,FALSE,VOX,VOX
generales_2019_11,2019,Senado,Badajoz,1,Ángel Pelayo Gordillo Moreno,Hombre,TRUE,FALSE,VOX,VOX
generales_2019_04,2019,Senado,Badajoz,2,Alicia Plaza Velasco,Mujer,TRUE,FALSE,VOX,VOX
generales_2019_04,2019,Senado,Badajoz,3,Antonio Pozo Pitel,Hombre,TRUE,FALSE,VOX,VOX
generales_2019_04,2019,Senado,Barcelona,1,Juan Carlos Segura Just,Hombre,TRUE,FALSE,VOX,VOX
generales_2019_11,2019,Senado,Barcelona,1,Jordi Aguiló Vendrell,Hombre,TRUE,FALSE,VOX,VOX
generales_2019_04,2019,Senado,Barcelona,2,Raquel Casviner Cañellas,Mujer,TRUE,FALSE,VOX,VOX
generales_2019_04,2019,Senado,Barcelona,3,José Antonio Martínez Tortosa,Hombre,TRUE,FALSE,VOX,VOX
generales_2019_04,2019,Senado,Bizkaia,1,María Pérez Fernández,Mujer,TRUE,FALSE,VOX,VOX
generales_2019_11,2019,Senado,Bizkaia,1,María Pérez Fernández,Mujer,TRUE,FALSE,VOX,VOX
generales_2019_04,2019,Senado,Bizkaia,2,Luis Ángel de Grandes Vargas,Hombre,TRUE,FALSE,VOX,VOX
generales_2019_04,2019,Senado,Bizkaia,3,Javier Arrieta Martín,Hombre,TRUE,FALSE,VOX,VOX
generales_2019_04,2019,Senado,Burgos,1,Beatriz Delgado Sainz,Mujer,TRUE,FALSE,VOX,VOX
generales_2019_11,2019,Senado,Burgos,1,Ana Rosa Hernando Ruiz,Mujer,TRUE,FALSE,VOX,VOX
generales_2019_04,2019,Senado,Burgos,2,Christian Santiago Orduña,Hombre,TRUE,FALSE,VOX,VOX
generales_2019_04,2019,Senado,Caceres,1,Encarnación Solís Trejo,Mujer,TRUE,FALSE,VOX,VOX
generales_2019_11,2019,Senado,Caceres,1,Óscar Arturo Fernández Calle,Hombre,TRUE,FALSE,VOX,VOX
generales_2019_04,2019,Senado,Caceres,2,José Manuel Menéndez-Manjón Cueto,Hombre,TRUE,FALSE,VOX,VOX
generales_2019_04,2019,Senado,Caceres,3,Álvaro Luis Sánchez-Ocaña Vara,Hombre,TRUE,FALSE,VOX,VOX
generales_2019_04,2019,Senado,Cadiz,1,Carlos José Zambrano García-Ráez,Hombre,TRUE,FALSE,VOX,VOX
generales_2019_11,2019,Senado,Cadiz,1,Manuel González Bazán,Hombre,TRUE,FALSE,VOX,VOX
generales_2019_04,2019,Senado,Cadiz,2,Ana María Ros Domínguez,Mujer,TRUE,FALSE,VOX,VOX
generales_2019_04,2019,Senado,Cadiz,3,Jesús María Grandes-Melgarejo Osborne,Hombre,TRUE,FALSE,VOX,VOX
generales_2019_04,2019,Senado,Cantabria,1,José Joaquín Bengochea Seco,Hombre,TRUE,FALSE,VOX,VOX
generales_2019_11,2019,Senado,Cantabria,1,José Luis Temes Ortiz,Hombre,TRUE,FALSE,VOX,VOX
generales_2019_04,2019,Senado,Cantabria,2,Eufronio de los Ríos Sarabia,Hombre,TRUE,FALSE,VOX,VOX
generales_2019_04,2019,Senado,Cantabria,3,Eulalia García Barbero,Mujer,TRUE,FALSE,VOX,VOX
generales_2019_04,2019,Senado,Castellon,1,Luis Andrés Cisneros,Hombre,TRUE,FALSE,VOX,VOX
generales_2019_11,2019,Senado,Castellon,1,Luis Andrés Cisneros,Hombre,TRUE,FALSE,VOX,VOX
generales_2019_04,2019,Senado,Castellon,2,José Aymerich Miralles,Hombre,TRUE,FALSE,VOX,VOX
generales_2019_04,2019,Senado,Castellon,3,Ana Belén Vázquez Hernández,Mujer,TRUE,FALSE,VOX,VOX
generales_2019_04,2019,Senado,Ceuta,1,José María Rodríguez Ruiz,Hombre,TRUE,FALSE,VOX,VOX
generales_2019_11,2019,Senado,Ceuta,1,Juan Ros Alcaide,Hombre,TRUE,TRUE,VOX,VOX
generales_2019_04,2019,Senado,Ceuta,2,Yolanda Merelo Palomares,Mujer,TRUE,FALSE,VOX,VOX
generales_2019_04,2019,Senado,Ciudad Real,1,María Victoria Díaz-Patón Porras,Mujer,TRUE,FALSE,VOX,VOX
generales_2019_11,2019,Senado,Ciudad Real,1,David Manzanares Fúnez,Hombre,TRUE,FALSE,VOX,VOX
generales_2019_04,2019,Senado,Ciudad Real,2,Carlos Fernández Ayala,Hombre,TRUE,FALSE,VOX,VOX
generales_2019_04,2019,Senado,Ciudad Real,3,Alberto Arenas Valencia,Hombre,TRUE,FALSE,VOX,VOX
generales_2019_04,2019,Senado,Cordoba,1,Manuel Ángel González Molina,Hombre,TRUE,FALSE,VOX,VOX
generales_2019_11,2019,Senado,Cordoba,1,Joaquín Cortés Lucena,Hombre,TRUE,FALSE,VOX,VOX
generales_2019_04,2019,Senado,Cordoba,2,María Francisca Osuna Moliz,Mujer,TRUE,FALSE,VOX,VOX
generales_2019_04,2019,Senado,Cordoba,3,María Luisa Díaz Sánchez-Diezma,Mujer,TRUE,FALSE,VOX,VOX
generales_2019_04,2019,Senado,Cuenca,1,Carlos Riquelme Ramos,Hombre,TRUE,FALSE,VOX,VOX
generales_2019_11,2019,Senado,Cuenca,1,David Borja Pérez,Hombre,TRUE,FALSE,VOX,VOX
generales_2019_04,2019,Senado,Cuenca,2,Laura Galán Rodríguez,Mujer,TRUE,FALSE,VOX,VOX
generales_2019_04,2019,Senado,Gipuzkoa,1,Carlos María Bel Clerico,Hombre,TRUE,FALSE,VOX,VOX
generales_2019_11,2019,Senado,Gipuzkoa,1,Carlos María Bell Clerico,Hombre,TRUE,FALSE,VOX,VOX
generales_2019_04,2019,Senado,Girona,1,José Luis Rodríguez Ruíz,Hombre,TRUE,FALSE,VOX,VOX
generales_2019_11,2019,Senado,Girona,1,Francisco Javier Domínguez García,Hombre,TRUE,FALSE,VOX,VOX
generales_2019_04,2019,Senado,Granada,1,José Gómez García,Hombre,TRUE,FALSE,VOX,VOX
generales_2019_11,2019,Senado,Granada,1,Cristina Alejandra Jiménez Jiménez,Mujer,TRUE,FALSE,VOX,VOX
generales_2019_04,2019,Senado,Granada,2,Paloma Gómez Enríquez,Mujer,TRUE,FALSE,VOX,VOX
generales_2019_04,2019,Senado,Granada,3,Rafael Morenate Sánchez,Hombre,TRUE,FALSE,VOX,VOX
generales_2019_04,2019,Senado,Guadalajara,1,Gustavo Aguado Alonso,Hombre,TRUE,FALSE,VOX,VOX
generales_2019_11,2019,Senado,Guadalajara,1,Antonio de Miguel Antón,Hombre,TRUE,FALSE,VOX,VOX
generales_2019_04,2019,Senado,Guadalajara,2,Juan González-Perabá Miralles,Hombre,TRUE,FALSE,VOX,VOX
generales_2019_04,2019,Senado,Guadalajara,3,María José Agudo Calvo,Mujer,TRUE,FALSE,VOX,VOX
generales_2019_04,2019,Senado,Huelva,1,Carlos Bermejo Martíns,Hombre,TRUE,FALSE,VOX,VOX
generales_2019_11,2019,Senado,Huelva,1,Andrés Aragón Bejarano,Hombre,TRUE,FALSE,VOX,VOX
generales_2019_04,2019,Senado,Huelva,2,María del Carmen Córdoba Pallarés,Mujer,TRUE,FALSE,VOX,VOX
generales_2019_04,2019,Senado,Huelva,3,Rosario Toro Faustino,Mujer,TRUE,FALSE,VOX,VOX
generales_2019_04,2019,Senado,Huesca,1,Fermín Civiac LLop,Hombre,TRUE,FALSE,VOX,VOX
generales_2019_11,2019,Senado,Huesca,1,Ricardo Arrudi Cajal,Hombre,TRUE,FALSE,VOX,VOX
generales_2019_04,2019,Senado,Illes Balears,1,Antonio Salvá Verd,Hombre,TRUE,FALSE,VOX,VOX
generales_2019_04,2019,Senado,Illes Balears,1,Guillermo Juan Jusué de Olives,Hombre,TRUE,FALSE,VOX,VOX
generales_2019_04,2019,Senado,Illes Balears,1,José Luis Sánchez Saliquet,Hombre,TRUE,FALSE,VOX,VOX
generales_2019_11,2019,Senado,Illes Balears,1,Manuela Cañadas Pinilla,Mujer,TRUE,FALSE,VOX,VOX
generales_2019_11,2019,Senado,Illes Balears,1,Guillermo Juan Jusué de Olives,Hombre,TRUE,FALSE,VOX,VOX
generales_2019_11,2019,Senado,Illes Balears,1,Carlos Torres Mayans,Hombre,TRUE,FALSE,VOX,VOX
generales_2019_04,2019,Senado,Illes Balears,2,Manuela Cañadas Pinilla,Mujer,TRUE,FALSE,VOX,VOX
generales_2019_04,2019,Senado,Jaen,1,Alfonso Jesús Bayona Gómez,Hombre,TRUE,FALSE,VOX,VOX
generales_2019_11,2019,Senado,Jaen,1,Ramón Ortuño Expósito,Hombre,TRUE,FALSE,VOX,VOX
generales_2019_04,2019,Senado,La Rioja,1,Silvia Garrido Rivas,Mujer,TRUE,FALSE,VOX,VOX
generales_2019_11,2019,Senado,La Rioja,1,Silvia Garrido Rivas,Mujer,TRUE,FALSE,VOX,VOX
generales_2019_04,2019,Senado,La Rioja,2,Carmelo José Borondo Munera,Hombre,TRUE,FALSE,VOX,VOX
generales_2019_04,2019,Senado,La Rioja,3,Eric Fernando Alonso Somovilla,Hombre,TRUE,FALSE,VOX,VOX
generales_2019_04,2019,Senado,Las Palmas,1,Nicasio Jesús Galván Sasia,Hombre,TRUE,FALSE,VOX,VOX
generales_2019_04,2019,Senado,Las Palmas,1,Fernando Bermejo Reales,Hombre,TRUE,FALSE,VOX,VOX
generales_2019_04,2019,Senado,Las Palmas,1,Francisco Sánchez Fernández,Hombre,TRUE,FALSE,VOX,VOX
generales_2019_11,2019,Senado,Las Palmas,1,Carlos Manuel Ruiz de Galarreta Hernández,Hombre,TRUE,FALSE,VOX,VOX
generales_2019_11,2019,Senado,Las Palmas,1,Javier Román Vas,Hombre,TRUE,FALSE,VOX,VOX
generales_2019_11,2019,Senado,Las Palmas,1,Francisco Sánchez Fernández,Hombre,TRUE,FALSE,VOX,VOX
generales_2019_04,2019,Senado,Las Palmas,2,María Vázquez González,Mujer,TRUE,FALSE,VOX,VOX
generales_2019_04,2019,Senado,Leon,1,Jaime Martínez Cadórniga,Hombre,TRUE,FALSE,VOX,VOX
generales_2019_11,2019,Senado,Leon,1,Carlos Pollán Fernández,Hombre,TRUE,FALSE,VOX,VOX
generales_2019_04,2019,Senado,Leon,2,María Virginia Saénz de Miera Jaén,Mujer,TRUE,FALSE,VOX,VOX
generales_2019_04,2019,Senado,Leon,3,Elena Merino Urbón,Mujer,TRUE,FALSE,VOX,VOX
generales_2019_04,2019,Senado,Lleida,1,Antonio Ramon Lopez Gomez,Hombre,TRUE,FALSE,VOX,VOX
generales_2019_11,2019,Senado,Lleida,1,Antonio Ramón López Gómez,Hombre,TRUE,FALSE,VOX,VOX
generales_2019_04,2019,Senado,Lleida,2,Ramón Monfá Herreros,Hombre,TRUE,FALSE,VOX,VOX
generales_2019_04,2019,Senado,Lleida,3,Judith Sarrablo Roure,Mujer,TRUE,FALSE,VOX,VOX
generales_2019_04,2019,Senado,Lugo,1,Antonio Miguel Gálvez García,Hombre,TRUE,FALSE,VOX,VOX
generales_2019_11,2019,Senado,Lugo,1,Antonio Miguel Gálvez García,Hombre,TRUE,FALSE,VOX,VOX
generales_2019_04,2019,Senado,Lugo,2,Víctor Miguel López Quiñoá,Hombre,TRUE,FALSE,VOX,VOX
generales_2019_04,2019,Senado,Lugo,3,Noelia Rabanal González,Mujer,TRUE,FALSE,VOX,VOX
generales_2019_04,2019,Senado,Madrid,1,José María Marco Tobarra,Hombre,TRUE,FALSE,VOX,VOX
generales_2019_11,2019,Senado,Madrid,1,Ana María Velasco Vidal-Abarca,Mujer,TRUE,FALSE,VOX,VOX
generales_2019_04,2019,Senado,Madrid,2,Carlos Bustelo García del Real,Hombre,TRUE,FALSE,VOX,VOX
generales_2019_04,2019,Senado,Madrid,3,Margarita de la Pisa Carrión,Mujer,TRUE,FALSE,VOX,VOX
generales_2019_04,2019,Senado,Malaga,1,Pablo Fernando Sáenz de Tejada Ariza,Hombre,TRUE,FALSE,VOX,VOX
generales_2019_11,2019,Senado,Malaga,1,Pablo Fernando Sáenz de Tejada Ariza,Hombre,TRUE,FALSE,VOX,VOX
generales_2019_04,2019,Senado,Malaga,2,José Carlos Pallarés Muñoz,Hombre,TRUE,FALSE,VOX,VOX
generales_2019_04,2019,Senado,Malaga,3,María Sánchez Jiménez,Mujer,TRUE,FALSE,VOX,VOX
generales_2019_04,2019,Senado,Melilla,1,José Miguel Tasende Souto,Hombre,TRUE,FALSE,VOX,VOX
generales_2019_11,2019,Senado,Melilla,1,Cristina Irurre Contreras,Mujer,TRUE,FALSE,VOX,VOX
generales_2019_04,2019,Senado,Melilla,2,Ana María Trujillo Díaz,Mujer,TRUE,FALSE,VOX,VOX
generales_2019_04,2019,Senado,Murcia,1,José Manuel Marín Gascón,Hombre,TRUE,FALSE,VOX,VOX
generales_2019_11,2019,Senado,Murcia,1,José Manuel Marín Gascón,Hombre,TRUE,TRUE,VOX,VOX
generales_2019_04,2019,Senado,Murcia,2,María Isabel García Lorenzo,Mujer,TRUE,FALSE,VOX,VOX
generales_2019_04,2019,Senado,Murcia,3,Francisco Martínez Ortega,Hombre,TRUE,FALSE,VOX,VOX
generales_2019_04,2019,Senado,Navarra,1,Luis María Pezonaga Pérez,Hombre,TRUE,FALSE,VOX,VOX
generales_2019_11,2019,Senado,Navarra,1,René Demarch Fariñas,Hombre,TRUE,FALSE,VOX,VOX
generales_2019_04,2019,Senado,Navarra,2,Helena Garrués Iñigo,Mujer,TRUE,FALSE,VOX,VOX
generales_2019_04,2019,Senado,Navarra,3,Fermín Carlos Rosas Vilar,Hombre,TRUE,FALSE,VOX,VOX
generales_2019_04,2019,Senado,Ourense,1,María Cristina Bravo Bosch,Mujer,TRUE,FALSE,VOX,VOX
generales_2019_11,2019,Senado,Ourense,1,Julio Rodríguez Garrido,Hombre,TRUE,FALSE,VOX,VOX
generales_2019_04,2019,Senado,Ourense,2,Amador Rego Villar Amor,Hombre,TRUE,FALSE,VOX,VOX
generales_2019_04,2019,Senado,Ourense,3,Julio Rodríguez Garrido,Hombre,TRUE,FALSE,VOX,VOX
generales_2019_04,2019,Senado,Palencia,1,José María Nieto Vigil,Hombre,TRUE,FALSE,VOX,VOX
generales_2019_11,2019,Senado,Palencia,1,Luis Javier Zurro Hernández,Hombre,TRUE,FALSE,VOX,VOX
generales_2019_04,2019,Senado,Palencia,2,Luis Javier Zurro Hernández,Hombre,TRUE,FALSE,VOX,VOX
generales_2019_04,2019,Senado,Palencia,3,Sandra Valverde García,Mujer,TRUE,FALSE,VOX,VOX
generales_2019_04,2019,Senado,Pontevedra,1,Maria de los Angeles Romero Tirado,Mujer,TRUE,FALSE,VOX,VOX
generales_2019_11,2019,Senado,Pontevedra,1,Antonio Ramilo Rodríguez de Robles,Hombre,TRUE,FALSE,VOX,VOX
generales_2019_04,2019,Senado,Pontevedra,2,Carlos Rodríguez Luis,Hombre,TRUE,FALSE,VOX,VOX
generales_2019_04,2019,Senado,Pontevedra,3,Javier Figalgo Iglesias,Hombre,TRUE,FALSE,VOX,VOX
generales_2019_04,2019,Senado,S.C. Tenerife,1,Raquel Atienza Santana,Mujer,TRUE,FALSE,VOX,VOX
generales_2019_04,2019,Senado,S.C. Tenerife,1,Jorge de la Rosa del Toro,Hombre,TRUE,FALSE,VOX,VOX
generales_2019_11,2019,Senado,S.C. Tenerife,1,Merchines Zerolo Álvarez,Mujer,TRUE,FALSE,VOX,VOX
generales_2019_11,2019,Senado,S.C. Tenerife,1,Arturo Perez-Seoane Garau,Hombre,TRUE,FALSE,VOX,VOX
generales_2019_04,2019,Senado,S.C. Tenerife,2,José Manuel Muñoz García,Hombre,TRUE,FALSE,VOX,VOX
generales_2019_04,2019,Senado,Salamanca,1,Germán Torres Varas,Hombre,TRUE,FALSE,VOX,VOX
generales_2019_11,2019,Senado,Salamanca,1,Emilio Polo García,Hombre,TRUE,FALSE,VOX,VOX
generales_2019_04,2019,Senado,Salamanca,2,Rosa de Tavira Olias,Mujer,TRUE,FALSE,VOX,VOX
generales_2019_04,2019,Senado,Segovia,1,Rodrigo Jiménez Revuelta,Hombre,TRUE,FALSE,VOX,VOX
generales_2019_11,2019,Senado,Segovia,1,Jesús Marcos Martín Barba,Hombre,TRUE,FALSE,VOX,VOX
generales_2019_04,2019,Senado,Segovia,2,Esther Núñez Martínez,Mujer,TRUE,FALSE,VOX,VOX
generales_2019_04,2019,Senado,Sevilla,1,Macario Valpuesta Bermúdez,Hombre,TRUE,FALSE,VOX,VOX
generales_2019_11,2019,Senado,Sevilla,1,Macario Valpuesta Bermúdez,Hombre,TRUE,FALSE,VOX,VOX
generales_2019_04,2019,Senado,Sevilla,2,Ángela Jiménez Vico,Mujer,TRUE,FALSE,VOX,VOX
generales_2019_04,2019,Senado,Sevilla,3,José Alfredo Muñoz Martínez,Hombre,TRUE,FALSE,VOX,VOX
generales_2019_04,2019,Senado,Soria,1,Asunción Oliva Domínguez,Mujer,TRUE,FALSE,VOX,VOX
generales_2019_11,2019,Senado,Soria,1,Sara López Pérez,Mujer,TRUE,FALSE,VOX,VOX
generales_2019_04,2019,Senado,Soria,2,Francisco García El Hassaouni,Hombre,TRUE,FALSE,VOX,VOX
generales_2019_04,2019,Senado,Tarragona,1,Sergio Macián de Greef,Hombre,TRUE,FALSE,VOX,VOX
generales_2019_11,2019,Senado,Tarragona,1,Alejandro Soler Baiget,Hombre,TRUE,FALSE,VOX,VOX
generales_2019_04,2019,Senado,Tarragona,2,Ruth Elena García Cámara,Mujer,TRUE,FALSE,VOX,VOX
generales_2019_04,2019,Senado,Tarragona,3,Alejandro Soler Baiget,Hombre,TRUE,FALSE,VOX,VOX
generales_2019_04,2019,Senado,Teruel,1,Juan Manuel Hernández Simón,Hombre,TRUE,FALSE,VOX,VOX
generales_2019_11,2019,Senado,Teruel,1,Juan Manuel Hernández Simón,Hombre,TRUE,FALSE,VOX,VOX
generales_2019_04,2019,Senado,Teruel,2,Alberto Gómez Celma,Hombre,TRUE,FALSE,VOX,VOX
generales_2019_04,2019,Senado,Teruel,3,Paula Gragera Moreno,Mujer,TRUE,FALSE,VOX,VOX
generales_2019_04,2019,Senado,Toledo,1,María Isabel Moreno Carvajal,Mujer,TRUE,FALSE,VOX,VOX
generales_2019_11,2019,Senado,Toledo,1,Josefina Blázquez Sánchez,Mujer,TRUE,FALSE,VOX,VOX
generales_2019_04,2019,Senado,Toledo,2,Juan Julián Bejarano Rodríguez,Hombre,TRUE,FALSE,VOX,VOX
generales_2019_04,2019,Senado,Toledo,3,Isaac Marín Rubio,Hombre,TRUE,FALSE,VOX,VOX
generales_2019_04,2019,Senado,Valencia,1,Ernesto Francisco Armañanzas Villena,Hombre,TRUE,FALSE,VOX,VOX
generales_2019_11,2019,Senado,Valencia,1,Ricardo Belda Valiente,Hombre,TRUE,FALSE,VOX,VOX
generales_2019_04,2019,Senado,Valencia,2,Ricardo Belda Valiente,Hombre,TRUE,FALSE,VOX,VOX
generales_2019_04,2019,Senado,Valencia,3,Delia Barral Navarro,Mujer,TRUE,FALSE,VOX,VOX
generales_2019_04,2019,Senado,Valladolid,1,Pedro María Fernández Barbadillo,Hombre,TRUE,FALSE,VOX,VOX
generales_2019_11,2019,Senado,Valladolid,1,Pedro María Fernández Barbadillo,Hombre,TRUE,FALSE,VOX,VOX
generales_2019_04,2019,Senado,Valladolid,2,María Otero Garay,Mujer,TRUE,FALSE,VOX,VOX
generales_2019_04,2019,Senado,Valladolid,3,Alfonso González Rodríguez-Vilariño,Hombre,TRUE,FALSE,VOX,VOX
generales_2019_04,2019,Senado,Zamora,1,Inmaculada Benítez Gutiérrez,Mujer,TRUE,FALSE,VOX,VOX
generales_2019_11,2019,Senado,Zamora,1,Inmaculada Benítez Gutiérrez,Mujer,TRUE,FALSE,VOX,VOX
generales_2019_04,2019,Senado,Zamora,2,Ángel Gutiérrez Hernando,Hombre,TRUE,FALSE,VOX,VOX
generales_2019_04,2019,Senado,Zamora,3,Rafael Luis Oñate Regojo,Hombre,TRUE,FALSE,VOX,VOX
generales_2019_04,2019,Senado,Zaragoza,1,Julio José Calvo Iglesias,Hombre,TRUE,FALSE,VOX,VOX
generales_2019_11,2019,Senado,Zaragoza,1,Pascual López Buesa,Hombre,TRUE,FALSE,VOX,VOX
generales_2019_04,2019,Senado,Zaragoza,2,Ana María Ochoa Olivera,Mujer,TRUE,FALSE,VOX,VOX
generales_2019_04,2019,Senado,Zaragoza,3,José Francisco Torreblanca Pelegrín,Hombre,TRUE,FALSE,VOX,VOX
generales_2023_07,2023,Congreso,A Coruna,1,Leopoldo Jáudenes Juncal,Hombre,FALSE,FALSE,VOX,VOX
generales_2023_07,2023,Congreso,A Coruna,1,Juan Garcilaso de la Vega Muñoz,Hombre,TRUE,FALSE,VOX,VOX
generales_2023_07,2023,Congreso,A Coruna,2,Rosa María Pérez Torrens,Mujer,FALSE,FALSE,VOX,VOX
generales_2023_07,2023,Congreso,A Coruna,2,Eva María Castro Caridad,Mujer,TRUE,FALSE,VOX,VOX
generales_2023_07,2023,Congreso,A Coruna,3,Pedro Luengo Verdura,Hombre,FALSE,FALSE,VOX,VOX
generales_2023_07,2023,Congreso,A Coruna,3,José Antonio Tojo Criado,Hombre,TRUE,FALSE,VOX,VOX
generales_2023_07,2023,Congreso,A Coruna,4,María Victoria Salguero Hernández,Mujer,TRUE,FALSE,VOX,VOX
generales_2023_07,2023,Congreso,A Coruna,5,Alberto Domínguez López,Hombre,TRUE,FALSE,VOX,VOX
generales_2023_07,2023,Congreso,A Coruna,6,Noelia Prieto González,Mujer,TRUE,FALSE,VOX,VOX
generales_2023_07,2023,Congreso,A Coruna,7,Óscar Rodríguez Pino,Hombre,TRUE,FALSE,VOX,VOX
generales_2023_07,2023,Congreso,A Coruna,8,Elena María Gómez Senra,Mujer,TRUE,FALSE,VOX,VOX
generales_2023_07,2023,Congreso,Albacete,1,Joaquín María Peiró Pérez,Hombre,FALSE,FALSE,VOX,VOX
generales_2023_07,2023,Congreso,Albacete,1,Ismael Iván Vélez Cipriano,Hombre,TRUE,FALSE,VOX,VOX
generales_2023_07,2023,Congreso,Albacete,2,Francisco José Castelló Castelló,Hombre,FALSE,FALSE,VOX,VOX
generales_2023_07,2023,Congreso,Albacete,2,Mariano Acebal Bernal,Hombre,TRUE,FALSE,VOX,VOX
generales_2023_07,2023,Congreso,Albacete,3,Paula Sánchez Iniesta,Mujer,FALSE,FALSE,VOX,VOX
generales_2023_07,2023,Congreso,Albacete,3,Rosa María Céspedes Martínez,Mujer,TRUE,FALSE,VOX,VOX
generales_2023_07,2023,Congreso,Albacete,4,María Luisa Gómez Gómez,Mujer,TRUE,FALSE,VOX,VOX
generales_2023_07,2023,Congreso,Alicante,1,Hilario Catalá Poquet,Hombre,FALSE,FALSE,VOX,VOX
generales_2023_07,2023,Congreso,Alicante,1,David García Gomis,Hombre,TRUE,TRUE,VOX,VOX
generales_2023_07,2023,Congreso,Alicante,2,María Gema Escolano Berna,Mujer,FALSE,FALSE,VOX,VOX
generales_2023_07,2023,Congreso,Alicante,2,José María Sánchez García,Hombre,TRUE,TRUE,VOX,VOX
generales_2023_07,2023,Congreso,Alicante,3,Enrique Joaquín Fernández Rocamora,Hombre,FALSE,FALSE,VOX,VOX
generales_2023_07,2023,Congreso,Alicante,3,Eduardo Luis Ruiz Navarro,Hombre,TRUE,FALSE,VOX,VOX
generales_2023_07,2023,Congreso,Alicante,4,Sandra Rico Deltell,Mujer,FALSE,FALSE,VOX,VOX
generales_2023_07,2023,Congreso,Alicante,4,María Francisca Parreño Coloma,Mujer,TRUE,FALSE,VOX,VOX
generales_2023_07,2023,Congreso,Alicante,5,Cristina Pastor Pérez,Mujer,TRUE,FALSE,VOX,VOX
generales_2023_07,2023,Congreso,Alicante,6,José Mariano Ormeño Castillo,Hombre,TRUE,FALSE,VOX,VOX
generales_2023_07,2023,Congreso,Alicante,7,Juan Utrera Utrera,Hombre,TRUE,FALSE,VOX,VOX
generales_2023_07,2023,Congreso,Alicante,8,María Teresa Peidró Pascual,Mujer,TRUE,FALSE,VOX,VOX
generales_2023_07,2023,Congreso,Alicante,9,Pilar Iluminada Prats Prats,Mujer,TRUE,FALSE,VOX,VOX
generales_2023_07,2023,Congreso,Alicante,10,Enrique Martínez Moreno,Hombre,TRUE,FALSE,VOX,VOX
generales_2023_07,2023,Congreso,Alicante,11,Francisca Vicente Cremades,Mujer,TRUE,FALSE,VOX,VOX
generales_2023_07,2023,Congreso,Alicante,12,Josué Alfredo Escudero Fernández,Hombre,TRUE,FALSE,VOX,VOX
generales_2023_07,2023,Congreso,Almeria,1,Beatriz Sánchez Rodríguez,Mujer,FALSE,FALSE,VOX,VOX
generales_2023_07,2023,Congreso,Almeria,1,Rocío De Meer Méndez,Mujer,TRUE,TRUE,VOX,VOX
generales_2023_07,2023,Congreso,Almeria,2,Andrés Martínez González,Hombre,FALSE,FALSE,VOX,VOX
generales_2023_07,2023,Congreso,Almeria,2,Rodrigo Alonso Fernández,Hombre,TRUE,FALSE,VOX,VOX
generales_2023_07,2023,Congreso,Almeria,3,Inmaculada López Rivas,Mujer,FALSE,FALSE,VOX,VOX
generales_2023_07,2023,Congreso,Almeria,3,Manuela del Mar Martín Ibáñez,Mujer,TRUE,FALSE,VOX,VOX
generales_2023_07,2023,Congreso,Almeria,4,Carlos Antonio García Sánchez,Hombre,TRUE,FALSE,VOX,VOX
generales_2023_07,2023,Congreso,Almeria,5,Patricia Escámez Marín,Mujer,TRUE,FALSE,VOX,VOX
generales_2023_07,2023,Congreso,Almeria,6,Juan Francisco Rojas Fernández,Hombre,TRUE,FALSE,VOX,VOX
generales_2023_07,2023,Congreso,Araba/Alava,1,Fernando Diez Villahoz,Hombre,FALSE,FALSE,VOX,VOX
generales_2023_07,2023,Congreso,Araba/Alava,1,María Teresa Jiménez González,Mujer,TRUE,FALSE,VOX,VOX
generales_2023_07,2023,Congreso,Araba/Alava,2,Zenaida Bibiana Jiménez Saenz de San Pedro,Mujer,FALSE,FALSE,VOX,VOX
generales_2023_07,2023,Congreso,Araba/Alava,2,Francisco Pérez Feijoo,Hombre,TRUE,FALSE,VOX,VOX
generales_2023_07,2023,Congreso,Araba/Alava,3,Asier Martínez Manjon,Hombre,FALSE,FALSE,VOX,VOX
generales_2023_07,2023,Congreso,Araba/Alava,3,Isabel Rodríuez Negro,Mujer,TRUE,FALSE,VOX,VOX
generales_2023_07,2023,Congreso,Araba/Alava,4,Miguel Llamas Barco,Hombre,TRUE,FALSE,VOX,VOX
generales_2023_07,2023,Congreso,Asturias,1,Juan Enrique Canteli Castaño,Hombre,FALSE,FALSE,VOX,VOX
generales_2023_07,2023,Congreso,Asturias,1,José María Figaredo Álvarez-Sala,Hombre,TRUE,TRUE,VOX,VOX
generales_2023_07,2023,Congreso,Asturias,2,María Fernández de la Torre,Mujer,FALSE,FALSE,VOX,VOX
generales_2023_07,2023,Congreso,Asturias,2,Javier Jové Sandoval,Hombre,TRUE,FALSE,VOX,VOX
generales_2023_07,2023,Congreso,Asturias,3,Faustino Fernández Rivera González,Hombre,FALSE,FALSE,VOX,VOX
generales_2023_07,2023,Congreso,Asturias,3,Alejandra González Roqué,Mujer,TRUE,FALSE,VOX,VOX
generales_2023_07,2023,Congreso,Asturias,4,Rafael Ricardo González Gallego,Hombre,TRUE,FALSE,VOX,VOX
generales_2023_07,2023,Congreso,Asturias,5,Laura Lobeto Rodríguez,Mujer,TRUE,FALSE,VOX,VOX
generales_2023_07,2023,Congreso,Asturias,6,Roberto San Juan Fernández,Hombre,TRUE,FALSE,VOX,VOX
generales_2023_07,2023,Congreso,Asturias,7,Belén Álvarez Ceballos,Mujer,TRUE,FALSE,VOX,VOX
generales_2023_07,2023,Congreso,Avila,1,Raquel Canales García,Mujer,FALSE,FALSE,VOX,VOX
generales_2023_07,2023,Congreso,Avila,1,Georgina Trías Gil,Mujer,TRUE,FALSE,VOX,VOX
generales_2023_07,2023,Congreso,Avila,2,Patricia Garzaran Fernández,Mujer,FALSE,FALSE,VOX,VOX
generales_2023_07,2023,Congreso,Avila,2,José Manuel Lorenzo Serapio,Hombre,TRUE,FALSE,VOX,VOX
generales_2023_07,2023,Congreso,Avila,3,Julio Rosado Martín,Hombre,FALSE,FALSE,VOX,VOX
generales_2023_07,2023,Congreso,Avila,3,Fernando Toribio Carrera,Hombre,TRUE,FALSE,VOX,VOX
generales_2023_07,2023,Congreso,Avila,4,Rubén Sánchez Sánchez,Hombre,FALSE,FALSE,VOX,VOX
generales_2023_07,2023,Congreso,Badajoz,1,Fermín Manuel Prieto Martínez,Hombre,FALSE,FALSE,VOX,VOX
generales_2023_07,2023,Congreso,Badajoz,1,Ignacio Hoces Íñiguez,Hombre,TRUE,TRUE,VOX,VOX
generales_2023_07,2023,Congreso,Badajoz,2,Rocío Pérez Barroso,Mujer,FALSE,FALSE,VOX,VOX
generales_2023_07,2023,Congreso,Badajoz,2,Javier Bravo Arrobas,Hombre,TRUE,FALSE,VOX,VOX
generales_2023_07,2023,Congreso,Badajoz,3,María Isabel Lavado Martín,Mujer,FALSE,FALSE,VOX,VOX
generales_2023_07,2023,Congreso,Badajoz,3,Javier Liso Salesa,Hombre,TRUE,FALSE,VOX,VOX
generales_2023_07,2023,Congreso,Badajoz,4,Eva María García Alegre,Mujer,TRUE,FALSE,VOX,VOX
generales_2023_07,2023,Congreso,Badajoz,5,Eloísa María Gracia Montaño,Mujer,TRUE,FALSE,VOX,VOX
generales_2023_07,2023,Congreso,Barcelona,1,Antonio López Plasencia,Hombre,FALSE,FALSE,VOX,VOX
generales_2023_07,2023,Congreso,Barcelona,1,Juan José Aizcorbe Torra,Hombre,TRUE,TRUE,VOX,VOX
generales_2023_07,2023,Congreso,Barcelona,2,Judith Cortés Cortés,Mujer,FALSE,FALSE,VOX,VOX
generales_2023_07,2023,Congreso,Barcelona,2,Carina Mejías Sánchez,Mujer,TRUE,TRUE,VOX,VOX
generales_2023_07,2023,Congreso,Barcelona,3,Nora Eugenia Villafranca Carrillo,Mujer,FALSE,FALSE,VOX,VOX
generales_2023_07,2023,Congreso,Barcelona,3,José Antonio Gilabert Delgado,Hombre,TRUE,FALSE,VOX,VOX
generales_2023_07,2023,Congreso,Barcelona,4,Alicia Tomás Martínez,Mujer,TRUE,FALSE,VOX,VOX
generales_2023_07,2023,Congreso,Barcelona,5,Susana Palomino López,Mujer,TRUE,FALSE,VOX,VOX
generales_2023_07,2023,Congreso,Barcelona,6,Francisco Javier González Priego,Hombre,TRUE,FALSE,VOX,VOX
generales_2023_07,2023,Congreso,Barcelona,7,Nuria Alejandra Acacio Montesinos,Mujer,TRUE,FALSE,VOX,VOX
generales_2023_07,2023,Congreso,Barcelona,8,Mónica Lora Cisquer,Mujer,TRUE,FALSE,VOX,VOX
generales_2023_07,2023,Congreso,Barcelona,9,Marcos Rodríguez Font,Hombre,TRUE,FALSE,VOX,VOX
generales_2023_07,2023,Congreso,Barcelona,10,Iván Cánovas Casanova,Hombre,TRUE,FALSE,VOX,VOX
generales_2023_07,2023,Congreso,Barcelona,11,Juan José García Carré,Hombre,TRUE,FALSE,VOX,VOX
generales_2023_07,2023,Congreso,Barcelona,12,Inmaculada Cervilla Galera,Mujer,TRUE,FALSE,VOX,VOX
generales_2023_07,2023,Congreso,Barcelona,13,Nerea Andrés Antón,Mujer,TRUE,FALSE,VOX,VOX
generales_2023_07,2023,Congreso,Barcelona,14,Marina Ferrer Sánchez,Mujer,TRUE,FALSE,VOX,VOX
generales_2023_07,2023,Congreso,Barcelona,15,Rafael Millán Carracedo,Hombre,TRUE,FALSE,VOX,VOX
generales_2023_07,2023,Congreso,Barcelona,16,María Cristina Tarrés Martínez,Mujer,TRUE,FALSE,VOX,VOX
generales_2023_07,2023,Congreso,Barcelona,17,Óscar Conde Alonso,Hombre,TRUE,FALSE,VOX,VOX
generales_2023_07,2023,Congreso,Barcelona,18,Guadalupe Santiago Coto,Mujer,TRUE,FALSE,VOX,VOX
generales_2023_07,2023,Congreso,Barcelona,19,Marc Cívico Morales,Hombre,TRUE,FALSE,VOX,VOX
generales_2023_07,2023,Congreso,Barcelona,20,Daniel Lafuente Arbós,Hombre,TRUE,FALSE,VOX,VOX
generales_2023_07,2023,Congreso,Barcelona,21,Jordi Rangel Villatoro,Hombre,TRUE,FALSE,VOX,VOX
generales_2023_07,2023,Congreso,Barcelona,22,Argyris Hortas Gozalbo,Hombre,TRUE,FALSE,VOX,VOX
generales_2023_07,2023,Congreso,Barcelona,23,Antonio Balboa Sánchez,Hombre,TRUE,FALSE,VOX,VOX
generales_2023_07,2023,Congreso,Barcelona,24,Gina Ayde Clavijo Pinzón,Mujer,TRUE,FALSE,VOX,VOX
generales_2023_07,2023,Congreso,Barcelona,25,Rosa Tajadura Ochoa,Mujer,TRUE,FALSE,VOX,VOX
generales_2023_07,2023,Congreso,Barcelona,26,Santiago Hernández Gurri,Hombre,TRUE,FALSE,VOX,VOX
generales_2023_07,2023,Congreso,Barcelona,27,Francisco Javier Corbacho Jiménez,Hombre,TRUE,FALSE,VOX,VOX
generales_2023_07,2023,Congreso,Barcelona,28,Francisco Javier Mira Hernández,Hombre,TRUE,FALSE,VOX,VOX
generales_2023_07,2023,Congreso,Barcelona,29,Joana Robles Navarro,Mujer,TRUE,FALSE,VOX,VOX
generales_2023_07,2023,Congreso,Barcelona,30,Ester López Sancho,Mujer,TRUE,FALSE,VOX,VOX
generales_2023_07,2023,Congreso,Barcelona,31,Mireya Navarro Andreu,Mujer,TRUE,FALSE,VOX,VOX
generales_2023_07,2023,Congreso,Barcelona,32,Ignacio Garriga Vaz de Concicao,Hombre,TRUE,FALSE,VOX,VOX
generales_2023_07,2023,Congreso,Bizkaia,1,Emilia Cancho Fernández,Mujer,FALSE,FALSE,VOX,VOX
generales_2023_07,2023,Congreso,Bizkaia,1,Nerea Alzola Alvarez,Mujer,TRUE,FALSE,VOX,VOX
generales_2023_07,2023,Congreso,Bizkaia,2,Alfonso Urquijo Martin,Hombre,FALSE,FALSE,VOX,VOX
generales_2023_07,2023,Congreso,Bizkaia,2,Diego Setien Irureta,Hombre,TRUE,FALSE,VOX,VOX
generales_2023_07,2023,Congreso,Bizkaia,3,Veronica Calle Cancho,Mujer,FALSE,FALSE,VOX,VOX
generales_2023_07,2023,Congreso,Bizkaia,3,María De La O Cordero García,Mujer,TRUE,FALSE,VOX,VOX
generales_2023_07,2023,Congreso,Bizkaia,4,Marco Antonio Moreno Asla,Hombre,TRUE,FALSE,VOX,VOX
generales_2023_07,2023,Congreso,Bizkaia,5,Pilar Guezuraga Anitua,Mujer,TRUE,FALSE,VOX,VOX
generales_2023_07,2023,Congreso,Bizkaia,6,José María Agüeros Guevara,Hombre,TRUE,FALSE,VOX,VOX
generales_2023_07,2023,Congreso,Bizkaia,7,Eva María García Abascal,Mujer,TRUE,FALSE,VOX,VOX
generales_2023_07,2023,Congreso,Bizkaia,8,Nicolas Gutiérrez Saiz,Hombre,TRUE,FALSE,VOX,VOX
generales_2023_07,2023,Congreso,Burgos,1,Sergio Chagartegui Sánchez,Hombre,FALSE,FALSE,VOX,VOX
generales_2023_07,2023,Congreso,Burgos,1,Javier Martínez Lozano,Hombre,TRUE,FALSE,VOX,VOX
generales_2023_07,2023,Congreso,Burgos,2,Lourdes Porcar Laynez,Mujer,FALSE,FALSE,VOX,VOX
generales_2023_07,2023,Congreso,Burgos,2,Virginia Torres Castilla,Mujer,TRUE,FALSE,VOX,VOX
generales_2023_07,2023,Congreso,Burgos,3,Alfonso Camarero González,Hombre,FALSE,FALSE,VOX,VOX
generales_2023_07,2023,Congreso,Burgos,3,Pedro García Illera,Hombre,TRUE,FALSE,VOX,VOX
generales_2023_07,2023,Congreso,Burgos,4,María García Eroles,Mujer,TRUE,FALSE,VOX,VOX
generales_2023_07,2023,Congreso,Caceres,1,Úrsula Sánchez Macías,Mujer,FALSE,FALSE,VOX,VOX
generales_2023_07,2023,Congreso,Caceres,1,María Magdalena Nevado Del Campo,Mujer,TRUE,FALSE,VOX,VOX
generales_2023_07,2023,Congreso,Caceres,2,Alfredo Ángel Galavís Melara,Hombre,FALSE,FALSE,VOX,VOX
generales_2023_07,2023,Congreso,Caceres,2,Jorge Martín Trancón,Hombre,TRUE,FALSE,VOX,VOX
generales_2023_07,2023,Congreso,Caceres,3,Beatriz Muñoz Rodríguez,Mujer,FALSE,FALSE,VOX,VOX
generales_2023_07,2023,Congreso,Caceres,3,Natalia Solano Rosado,Mujer,TRUE,FALSE,VOX,VOX
generales_2023_07,2023,Congreso,Caceres,4,José Luis Martín Rodrigo,Hombre,TRUE,FALSE,VOX,VOX
generales_2023_07,2023,Congreso,Cadiz,1,María de los Ángeles Roldán Alcaide,Mujer,FALSE,FALSE,VOX,VOX
generales_2023_07,2023,Congreso,Cadiz,1,Blanca Armario González,Mujer,TRUE,TRUE,VOX,VOX
generales_2023_07,2023,Congreso,Cadiz,2,Esteban José Cabello Flores,Hombre,FALSE,FALSE,VOX,VOX
generales_2023_07,2023,Congreso,Cadiz,2,Carlos José Zambrano García-Ráez,Hombre,TRUE,FALSE,VOX,VOX
generales_2023_07,2023,Congreso,Cadiz,3,Raúl Vega Díaz,Hombre,FALSE,FALSE,VOX,VOX
generales_2023_07,2023,Congreso,Cadiz,3,Álvaro Cuadros García,Hombre,TRUE,FALSE,VOX,VOX
generales_2023_07,2023,Congreso,Cadiz,4,Guillermo Manuel Marchante Aragón,Hombre,TRUE,FALSE,VOX,VOX
generales_2023_07,2023,Congreso,Cadiz,5,Raquel Fernández Fernández,Mujer,TRUE,FALSE,VOX,VOX
generales_2023_07,2023,Congreso,Cadiz,6,José Antonio Gomila Ortega,Hombre,TRUE,FALSE,VOX,VOX
generales_2023_07,2023,Congreso,Cadiz,7,Elena Guitart Martínez,Mujer,TRUE,FALSE,VOX,VOX
generales_2023_07,2023,Congreso,Cadiz,8,Octavio Tejedor Vilella,Hombre,TRUE,FALSE,VOX,VOX
generales_2023_07,2023,Congreso,Cadiz,9,María Jesús Muñoz González,Mujer,TRUE,FALSE,VOX,VOX
generales_2023_07,2023,Congreso,Cantabria,1,Emma Tato Velasco,Mujer,FALSE,FALSE,VOX,VOX
generales_2023_07,2023,Congreso,Cantabria,1,Emilio Jesús Del Valle Rodríguez,Hombre,TRUE,TRUE,VOX,VOX
generales_2023_07,2023,Congreso,Cantabria,2,María Loreto Maneiro Chinchurreta,Mujer,FALSE,FALSE,VOX,VOX
generales_2023_07,2023,Congreso,Cantabria,2,José María Prieto Gutiérrez,Hombre,TRUE,FALSE,VOX,VOX
generales_2023_07,2023,Congreso,Cantabria,3,Eufronio De Los Ríos Sarabia,Hombre,FALSE,FALSE,VOX,VOX
generales_2023_07,2023,Congreso,Cantabria,3,Manuela Bolado Alcalde,Mujer,TRUE,FALSE,VOX,VOX
generales_2023_07,2023,Congreso,Cantabria,4,Sonia Pacheco Castañera,Mujer,TRUE,FALSE,VOX,VOX
generales_2023_07,2023,Congreso,Cantabria,5,Roberto García Corona,Hombre,TRUE,FALSE,VOX,VOX
generales_2023_07,2023,Congreso,Castellon,1,Monica Aguilella Alegre,Mujer,FALSE,FALSE,VOX,VOX
generales_2023_07,2023,Congreso,Castellon,1,Alberto Asarta Cuevas,Hombre,TRUE,TRUE,VOX,VOX
generales_2023_07,2023,Congreso,Castellon,2,Valentin Lopez Lopez,Hombre,FALSE,FALSE,VOX,VOX
generales_2023_07,2023,Congreso,Castellon,2,Mª De Los Llanos Massó Linares,Mujer,TRUE,FALSE,VOX,VOX
generales_2023_07,2023,Congreso,Castellon,3,Rocio Martínez Barrero,Mujer,FALSE,FALSE,VOX,VOX
generales_2023_07,2023,Congreso,Castellon,3,Cristóbal Caballero Escribano,Hombre,TRUE,FALSE,VOX,VOX
generales_2023_07,2023,Congreso,Castellon,4,Irene Herrero Rubert,Mujer,TRUE,FALSE,VOX,VOX
generales_2023_07,2023,Congreso,Castellon,5,Luis Gil Roca,Hombre,TRUE,FALSE,VOX,VOX
generales_2023_07,2023,Congreso,Ceuta,1,Juan Sergio Redondo Pacheco,Hombre,FALSE,FALSE,VOX,VOX
generales_2023_07,2023,Congreso,Ceuta,1,María Teresa López Álvarez,Mujer,TRUE,FALSE,VOX,VOX
generales_2023_07,2023,Congreso,Ciudad Real,1,María Dolores Ibáñez Cuadros,Mujer,FALSE,FALSE,VOX,VOX
generales_2023_07,2023,Congreso,Ciudad Real,1,Ricardo Chamorro Delmo,Hombre,TRUE,TRUE,VOX,VOX
generales_2023_07,2023,Congreso,Ciudad Real,2,Iván Mora Molina,Hombre,FALSE,FALSE,VOX,VOX
generales_2023_07,2023,Congreso,Ciudad Real,2,María Del Carmen Sánchez Díaz,Mujer,TRUE,FALSE,VOX,VOX
generales_2023_07,2023,Congreso,Ciudad Real,3,María Victoria Noa Aparicio,Mujer,FALSE,FALSE,VOX,VOX
generales_2023_07,2023,Congreso,Ciudad Real,3,Julio Chocano Moreno,Hombre,TRUE,FALSE,VOX,VOX
generales_2023_07,2023,Congreso,Ciudad Real,4,María Del Prado García Sáinz,Mujer,TRUE,FALSE,VOX,VOX
generales_2023_07,2023,Congreso,Ciudad Real,5,Víctor Martín Cazallas,Hombre,TRUE,FALSE,VOX,VOX
generales_2023_07,2023,Congreso,Cordoba,1,José Tuñón Guijosa,Hombre,FALSE,FALSE,VOX,VOX
generales_2023_07,2023,Congreso,Cordoba,1,José Ramírez del Río,Hombre,TRUE,TRUE,VOX,VOX
generales_2023_07,2023,Congreso,Cordoba,2,María Francisca Osuna Moliz,Mujer,FALSE,FALSE,VOX,VOX
generales_2023_07,2023,Congreso,Cordoba,2,Paula de los Ángeles Badanelli Berriozábal,Mujer,TRUE,FALSE,VOX,VOX
generales_2023_07,2023,Congreso,Cordoba,3,José Antonio Fresco Baena,Hombre,FALSE,FALSE,VOX,VOX
generales_2023_07,2023,Congreso,Cordoba,3,Luis Ignacio Delgado Barquero,Hombre,TRUE,FALSE,VOX,VOX
generales_2023_07,2023,Congreso,Cordoba,4,María Isabel Pérez Sillero,Mujer,TRUE,FALSE,VOX,VOX
generales_2023_07,2023,Congreso,Cordoba,5,Francisco Antonio Cabello Mohedano,Hombre,TRUE,FALSE,VOX,VOX
generales_2023_07,2023,Congreso,Cordoba,6,María Francisca de Prado López,Mujer,TRUE,FALSE,VOX,VOX
generales_2023_07,2023,Congreso,Cuenca,1,Jorge López Contreras,Hombre,FALSE,FALSE,VOX,VOX
generales_2023_07,2023,Congreso,Cuenca,1,Mariano Latorre Cañizares,Hombre,TRUE,FALSE,VOX,VOX
generales_2023_07,2023,Congreso,Cuenca,2,María Aránzazu González Fernández,Mujer,FALSE,FALSE,VOX,VOX
generales_2023_07,2023,Congreso,Cuenca,2,Ana Martínez Gracia,Mujer,TRUE,FALSE,VOX,VOX
generales_2023_07,2023,Congreso,Cuenca,3,Borja Anselmo Cano Parra,Hombre,FALSE,FALSE,VOX,VOX
generales_2023_07,2023,Congreso,Cuenca,3,María Beatriz Castillejo Sevilla,Mujer,TRUE,FALSE,VOX,VOX
generales_2023_07,2023,Congreso,Gipuzkoa,1,Sebastián Santamarina Rodero,Hombre,FALSE,FALSE,VOX,VOX
generales_2023_07,2023,Congreso,Gipuzkoa,1,Andrés Paramio Junquera,Hombre,TRUE,FALSE,VOX,VOX
generales_2023_07,2023,Congreso,Gipuzkoa,2,María Mercedes Hernández Polanco,Mujer,FALSE,FALSE,VOX,VOX
generales_2023_07,2023,Congreso,Gipuzkoa,2,María del Mar Martija Sánchez-Guardamino,Mujer,TRUE,FALSE,VOX,VOX
generales_2023_07,2023,Congreso,Gipuzkoa,3,Jon Campandegui Emazabel,Hombre,FALSE,FALSE,VOX,VOX
generales_2023_07,2023,Congreso,Gipuzkoa,3,Juan Dios Dávila Garijo,Hombre,TRUE,FALSE,VOX,VOX
generales_2023_07,2023,Congreso,Gipuzkoa,4,Guadalupe María Ochoa de Alda Nieto,Mujer,TRUE,FALSE,VOX,VOX
generales_2023_07,2023,Congreso,Gipuzkoa,5,Iñigo Arocena Fernández,Hombre,TRUE,FALSE,VOX,VOX
generales_2023_07,2023,Congreso,Gipuzkoa,6,Saioa Retenaga Moreno,Mujer,TRUE,FALSE,VOX,VOX
generales_2023_07,2023,Congreso,Girona,1,María José Ubero Montesinos,Mujer,FALSE,FALSE,VOX,VOX
generales_2023_07,2023,Congreso,Girona,1,Ignasi Mulleras Vinzia,Hombre,TRUE,FALSE,VOX,VOX
generales_2023_07,2023,Congreso,Girona,2,Manuel Sorli López,Hombre,FALSE,FALSE,VOX,VOX
generales_2023_07,2023,Congreso,Girona,2,Francisco Javier Domínguez García,Hombre,TRUE,FALSE,VOX,VOX
generales_2023_07,2023,Congreso,Girona,3,Sergi Fabri Llavero,Hombre,FALSE,FALSE,VOX,VOX
generales_2023_07,2023,Congreso,Girona,3,Sandra Moya Bolivar,Mujer,TRUE,FALSE,VOX,VOX
generales_2023_07,2023,Congreso,Girona,4,María José Hernando Maldonado,Mujer,TRUE,FALSE,VOX,VOX
generales_2023_07,2023,Congreso,Girona,5,Vanesa Guaita Granado,Mujer,TRUE,FALSE,VOX,VOX
generales_2023_07,2023,Congreso,Girona,6,Alberto Tarradas Paneque,Hombre,TRUE,FALSE,VOX,VOX
generales_2023_07,2023,Congreso,Granada,1,Susana Sánchez Navarro,Mujer,FALSE,FALSE,VOX,VOX
generales_2023_07,2023,Congreso,Granada,1,Jacobo González-Robatto Perote,Hombre,TRUE,TRUE,VOX,VOX
generales_2023_07,2023,Congreso,Granada,2,Antonio Manuel Duarte Serrano,Hombre,FALSE,FALSE,VOX,VOX
generales_2023_07,2023,Congreso,Granada,2,Paloma Gómez Enríquez,Mujer,TRUE,FALSE,VOX,VOX
generales_2023_07,2023,Congreso,Granada,3,Ana María Martínez Ruiz,Mujer,FALSE,FALSE,VOX,VOX
generales_2023_07,2023,Congreso,Granada,3,Emilio José Martín Sánchez,Hombre,TRUE,FALSE,VOX,VOX
generales_2023_07,2023,Congreso,Granada,4,José Manuel López Suárez,Hombre,TRUE,FALSE,VOX,VOX
generales_2023_07,2023,Congreso,Granada,5,María Luisa Ávila López,Mujer,TRUE,FALSE,VOX,VOX
generales_2023_07,2023,Congreso,Granada,6,María Josefa Navarro Alfambra,Mujer,TRUE,FALSE,VOX,VOX
generales_2023_07,2023,Congreso,Granada,7,Andrés Gálvez Gálvez,Hombre,TRUE,FALSE,VOX,VOX
generales_2023_07,2023,Congreso,Guadalajara,1,Olivia Moreno Navas,Mujer,FALSE,FALSE,VOX,VOX
generales_2023_07,2023,Congreso,Guadalajara,1,Ángel López Maraver,Hombre,TRUE,TRUE,VOX,VOX
generales_2023_07,2023,Congreso,Guadalajara,2,Víctor Juan Morejon Viton,Hombre,FALSE,FALSE,VOX,VOX
generales_2023_07,2023,Congreso,Guadalajara,2,María Belén Manzano Saguar,Mujer,TRUE,FALSE,VOX,VOX
generales_2023_07,2023,Congreso,Guadalajara,3,Gema Fierres Morejon,Mujer,FALSE,FALSE,VOX,VOX
generales_2023_07,2023,Congreso,Guadalajara,3,Gonzalo Romero Cuesta,Hombre,TRUE,FALSE,VOX,VOX
generales_2023_07,2023,Congreso,Huelva,1,Lidia Sosa Gómez,Mujer,FALSE,FALSE,VOX,VOX
generales_2023_07,2023,Congreso,Huelva,1,Tomás Fernández Ríos,Hombre,TRUE,TRUE,VOX,VOX
generales_2023_07,2023,Congreso,Huelva,2,Ángel Navarro González,Hombre,FALSE,FALSE,VOX,VOX
generales_2023_07,2023,Congreso,Huelva,2,María Ponce Gallardo,Mujer,TRUE,FALSE,VOX,VOX
generales_2023_07,2023,Congreso,Huelva,3,María López Zambrano,Mujer,FALSE,FALSE,VOX,VOX
generales_2023_07,2023,Congreso,Huelva,3,Félix Manuel Ballester Goytia,Hombre,TRUE,FALSE,VOX,VOX
generales_2023_07,2023,Congreso,Huelva,4,María Monserrat Ucelay Lojo,Mujer,TRUE,FALSE,VOX,VOX
generales_2023_07,2023,Congreso,Huelva,5,Eduardo Abreu Cabrera,Hombre,TRUE,FALSE,VOX,VOX
generales_2023_07,2023,Congreso,Huesca,1,Eva María Nuez Rico,Mujer,FALSE,FALSE,VOX,VOX
generales_2023_07,2023,Congreso,Huesca,1,José Manuel Vallejo Aznar,Hombre,TRUE,FALSE,VOX,VOX
generales_2023_07,2023,Congreso,Huesca,2,María Carmen Galán Caballero,Mujer,FALSE,FALSE,VOX,VOX
generales_2023_07,2023,Congreso,Huesca,2,José Luis Rubió Martínez,Hombre,TRUE,FALSE,VOX,VOX
generales_2023_07,2023,Congreso,Huesca,3,Fernando Gallego Estrada,Hombre,FALSE,FALSE,VOX,VOX
generales_2023_07,2023,Congreso,Huesca,3,Beatriz Oliván Romeu,Mujer,TRUE,FALSE,VOX,VOX
generales_2023_07,2023,Congreso,Illes Balears,1,Antonio Jorge Escudero Masa,Hombre,FALSE,FALSE,VOX,VOX
generales_2023_07,2023,Congreso,Illes Balears,1,Jorge Campos Asensi,Hombre,TRUE,TRUE,VOX,VOX
generales_2023_07,2023,Congreso,Illes Balears,2,Amanda Gomila Campaña,Mujer,FALSE,FALSE,VOX,VOX
generales_2023_07,2023,Congreso,Illes Balears,2,Antonio Salva Verd,Hombre,TRUE,FALSE,VOX,VOX
generales_2023_07,2023,Congreso,Illes Balears,3,María Pilar Amate Rotger,Mujer,FALSE,FALSE,VOX,VOX
generales_2023_07,2023,Congreso,Illes Balears,3,Manuela Cañadas Pinilla,Mujer,TRUE,FALSE,VOX,VOX
generales_2023_07,2023,Congreso,Illes Balears,4,Ana María Jiménez López,Mujer,TRUE,FALSE,VOX,VOX
generales_2023_07,2023,Congreso,Illes Balears,5,Santiago Barber López,Hombre,TRUE,FALSE,VOX,VOX
generales_2023_07,2023,Congreso,Illes Balears,6,Nerea García Serrano,Mujer,TRUE,FALSE,VOX,VOX
generales_2023_07,2023,Congreso,Illes Balears,7,Juan Antonio Esteban Rodríguez,Hombre,TRUE,FALSE,VOX,VOX
generales_2023_07,2023,Congreso,Illes Balears,8,Eulalia Petrus Camps,Mujer,TRUE,FALSE,VOX,VOX
generales_2023_07,2023,Congreso,Jaen,1,Gerardo Aceituno Carrasco,Hombre,FALSE,FALSE,VOX,VOX
generales_2023_07,2023,Congreso,Jaen,1,Francisco José Alcaraz Martos,Hombre,TRUE,TRUE,VOX,VOX
generales_2023_07,2023,Congreso,Jaen,2,Eva María González Vera,Mujer,FALSE,FALSE,VOX,VOX
generales_2023_07,2023,Congreso,Jaen,2,María Alba Serrano Sánchez,Mujer,TRUE,FALSE,VOX,VOX
generales_2023_07,2023,Congreso,Jaen,3,Fernando Navas Ruíz,Hombre,FALSE,FALSE,VOX,VOX
generales_2023_07,2023,Congreso,Jaen,3,Miguel Ángel Bermúdez González,Hombre,TRUE,FALSE,VOX,VOX
generales_2023_07,2023,Congreso,Jaen,4,María Dolores Toro Moreno,Mujer,TRUE,FALSE,VOX,VOX
generales_2023_07,2023,Congreso,Jaen,5,María Magdalena Puentedura Pérez,Mujer,TRUE,FALSE,VOX,VOX
generales_2023_07,2023,Congreso,La Rioja,1,Susana Casero Miguel,Mujer,FALSE,FALSE,VOX,VOX
generales_2023_07,2023,Congreso,La Rioja,1,Jorge Arturo Cutillas Cordón,Hombre,TRUE,FALSE,VOX,VOX
generales_2023_07,2023,Congreso,La Rioja,2,Juan Martínez Montoya,Hombre,FALSE,FALSE,VOX,VOX
generales_2023_07,2023,Congreso,La Rioja,2,Laura Llorente Lumbreras,Mujer,TRUE,FALSE,VOX,VOX
generales_2023_07,2023,Congreso,La Rioja,3,María José Carballo Balbuena,Mujer,FALSE,FALSE,VOX,VOX
generales_2023_07,2023,Congreso,La Rioja,3,Luis Emilio Mayoral Corcuera,Hombre,TRUE,FALSE,VOX,VOX
generales_2023_07,2023,Congreso,La Rioja,4,María Belén Benés Ortiz,Mujer,TRUE,FALSE,VOX,VOX
generales_2023_07,2023,Congreso,Las Palmas,1,José Antonio Penichet Sánchez,Hombre,FALSE,FALSE,VOX,VOX
generales_2023_07,2023,Congreso,Las Palmas,1,Andrés Alberto Rodríguez Almeida,Hombre,TRUE,TRUE,VOX,VOX
generales_2023_07,2023,Congreso,Las Palmas,2,Iulia María Bocea Miteu,Mujer,FALSE,FALSE,VOX,VOX
generales_2023_07,2023,Congreso,Las Palmas,2,Jesús Vicente Galván Sasia,Hombre,TRUE,FALSE,VOX,VOX
generales_2023_07,2023,Congreso,Las Palmas,3,Miguel Otero Barrios,Hombre,FALSE,FALSE,VOX,VOX
generales_2023_07,2023,Congreso,Las Palmas,3,Carlos Juan Ramírez Correa,Hombre,TRUE,FALSE,VOX,VOX
generales_2023_07,2023,Congreso,Las Palmas,4,Idaira Margarita Olsen Monzón,Mujer,TRUE,FALSE,VOX,VOX
generales_2023_07,2023,Congreso,Las Palmas,5,Carmen Rosa Expósito Batista,Mujer,TRUE,FALSE,VOX,VOX
generales_2023_07,2023,Congreso,Las Palmas,6,Natalia Carolina Reggiani Svanberg,Mujer,TRUE,FALSE,VOX,VOX
generales_2023_07,2023,Congreso,Las Palmas,7,Eugenio Hernández Cabrera,Hombre,TRUE,FALSE,VOX,VOX
generales_2023_07,2023,Congreso,Las Palmas,8,Clotilde de Jesús Sánchez Méndez,Mujer,TRUE,FALSE,VOX,VOX
generales_2023_07,2023,Congreso,Leon,1,Alejandro Rancho Carracedo,Hombre,FALSE,FALSE,VOX,VOX
generales_2023_07,2023,Congreso,Leon,1,Pablo Juan Calvo Liste,Hombre,TRUE,FALSE,VOX,VOX
generales_2023_07,2023,Congreso,Leon,2,Miguel Ángel Viejo Fresno,Hombre,FALSE,FALSE,VOX,VOX
generales_2023_07,2023,Congreso,Leon,2,Miguel Suárez Arca,Hombre,TRUE,FALSE,VOX,VOX
generales_2023_07,2023,Congreso,Leon,3,Simoneta Riesco Alonso,Mujer,FALSE,FALSE,VOX,VOX
generales_2023_07,2023,Congreso,Leon,3,Ana López Vila,Mujer,TRUE,FALSE,VOX,VOX
generales_2023_07,2023,Congreso,Leon,4,María de las Mercedes Machín Gómez,Mujer,TRUE,FALSE,VOX,VOX
generales_2023_07,2023,Congreso,Lleida,1,Antonio Blas Martí Martín,Hombre,FALSE,FALSE,VOX,VOX
generales_2023_07,2023,Congreso,Lleida,1,Eduard Pallerola Mora,Hombre,TRUE,FALSE,VOX,VOX
generales_2023_07,2023,Congreso,Lleida,2,Rosa María Bonet Carrillo,Mujer,FALSE,FALSE,VOX,VOX
generales_2023_07,2023,Congreso,Lleida,2,Enric Plana Alonso,Hombre,TRUE,FALSE,VOX,VOX
generales_2023_07,2023,Congreso,Lleida,3,Susana Rubio Martí,Mujer,FALSE,FALSE,VOX,VOX
generales_2023_07,2023,Congreso,Lleida,3,Alejandra Roig López,Mujer,TRUE,FALSE,VOX,VOX
generales_2023_07,2023,Congreso,Lleida,4,María Cinta Pujol Rovira,Mujer,TRUE,FALSE,VOX,VOX
generales_2023_07,2023,Congreso,Lugo,1,Jesús Primitivo Rodríguez González,Hombre,FALSE,FALSE,VOX,VOX
generales_2023_07,2023,Congreso,Lugo,1,Sonia María Teijeiro Pérez,Mujer,TRUE,FALSE,VOX,VOX
generales_2023_07,2023,Congreso,Lugo,2,Miguel Ángel Rey Batán,Hombre,FALSE,FALSE,VOX,VOX
generales_2023_07,2023,Congreso,Lugo,2,Jorge Juan Núñez Díaz,Hombre,TRUE,FALSE,VOX,VOX
generales_2023_07,2023,Congreso,Lugo,3,Georgina García Méndez,Mujer,FALSE,FALSE,VOX,VOX
generales_2023_07,2023,Congreso,Lugo,3,Ana Belén Rego Sampedro,Mujer,TRUE,FALSE,VOX,VOX
generales_2023_07,2023,Congreso,Lugo,4,Faustino Juan Yáñez López,Hombre,TRUE,FALSE,VOX,VOX
generales_2023_07,2023,Congreso,Madrid,1,Santiago Antonio Ribas Sáez,Hombre,FALSE,FALSE,VOX,VOX
generales_2023_07,2023,Congreso,Madrid,1,Santiago Abascal Conde,Hombre,TRUE,TRUE,VOX,VOX
generales_2023_07,2023,Congreso,Madrid,2,Eliana Palacios Albornoz,Mujer,FALSE,FALSE,VOX,VOX
generales_2023_07,2023,Congreso,Madrid,2,María de la Cabeza Ruiz Solás,Mujer,TRUE,TRUE,VOX,VOX
generales_2023_07,2023,Congreso,Madrid,3,Felipe Moreno Morera,Hombre,FALSE,FALSE,VOX,VOX
generales_2023_07,2023,Congreso,Madrid,3,Iván Espinosa de los Monteros de Simón,Hombre,TRUE,FALSE,VOX,VOX
generales_2023_07,2023,Congreso,Madrid,4,Francisco Javier Ortega Smith-Molina,Hombre,TRUE,TRUE,VOX,VOX
generales_2023_07,2023,Congreso,Madrid,5,María José Rodríguez de Millán Parro,Mujer,TRUE,TRUE,VOX,VOX
generales_2023_07,2023,Congreso,Madrid,6,Juan Luís Steegmann Olmedillas,Hombre,TRUE,FALSE,VOX,VOX
generales_2023_07,2023,Congreso,Madrid,7,Carla Toscano de Balbín,Mujer,TRUE,TRUE,VOX,VOX
generales_2023_07,2023,Congreso,Madrid,8,Rocío Aguirre Gil de Biedma,Mujer,TRUE,FALSE,VOX,VOX
generales_2023_07,2023,Congreso,Madrid,9,Inés Lucía Cuartero Lorenzo,Mujer,TRUE,FALSE,VOX,VOX
generales_2023_07,2023,Congreso,Madrid,10,Jorge Martín Frías,Hombre,TRUE,FALSE,VOX,VOX
generales_2023_07,2023,Congreso,Madrid,11,Mireia Borrás Pavón,Mujer,TRUE,FALSE,VOX,VOX
generales_2023_07,2023,Congreso,Madrid,12,Rosalba Atilana Guerrero Sánchez,Mujer,TRUE,FALSE,VOX,VOX
generales_2023_07,2023,Congreso,Madrid,13,Javier Pérez Gallardo,Hombre,TRUE,FALSE,VOX,VOX
generales_2023_07,2023,Congreso,Madrid,14,Javier Cipriano Viviente Solé,Hombre,TRUE,FALSE,VOX,VOX
generales_2023_07,2023,Congreso,Madrid,15,Beatriz Tejero Oller,Mujer,TRUE,FALSE,VOX,VOX
generales_2023_07,2023,Congreso,Madrid,16,María Teresa López Divasson,Mujer,TRUE,FALSE,VOX,VOX
generales_2023_07,2023,Congreso,Madrid,17,José Ignacio Arias Moreno,Hombre,TRUE,FALSE,VOX,VOX
generales_2023_07,2023,Congreso,Madrid,18,Raquel Barrero Alba,Mujer,TRUE,FALSE,VOX,VOX
generales_2023_07,2023,Congreso,Madrid,19,Pablo Pérez Gallardo,Hombre,TRUE,FALSE,VOX,VOX
generales_2023_07,2023,Congreso,Madrid,20,Laura Cid Grueso,Mujer,TRUE,FALSE,VOX,VOX
generales_2023_07,2023,Congreso,Madrid,21,Víctor Manuel Acosta Hernández,Hombre,TRUE,FALSE,VOX,VOX
generales_2023_07,2023,Congreso,Madrid,22,María Isabel Pueyo García,Mujer,TRUE,FALSE,VOX,VOX
generales_2023_07,2023,Congreso,Madrid,23,Fernando José Montenegro Álvarez de Tejera,Hombre,TRUE,FALSE,VOX,VOX
generales_2023_07,2023,Congreso,Madrid,24,Ana Isabel de Dompablo Guerrero,Mujer,TRUE,FALSE,VOX,VOX
generales_2023_07,2023,Congreso,Madrid,25,Alejandro Caro Manzanero,Hombre,TRUE,FALSE,VOX,VOX
generales_2023_07,2023,Congreso,Madrid,26,María Susana Jiménez Aibar,Mujer,TRUE,FALSE,VOX,VOX
generales_2023_07,2023,Congreso,Madrid,27,Juan Carlos Vicente Martínez,Hombre,TRUE,FALSE,VOX,VOX
generales_2023_07,2023,Congreso,Madrid,28,Salomé Nieto Tárraga,Mujer,TRUE,FALSE,VOX,VOX
generales_2023_07,2023,Congreso,Madrid,29,Daniel Molina Martínez,Hombre,TRUE,FALSE,VOX,VOX
generales_2023_07,2023,Congreso,Madrid,30,María del Pilar Baos Revilla,Mujer,TRUE,FALSE,VOX,VOX
generales_2023_07,2023,Congreso,Madrid,31,Francisco de Paula Serrano Caballero,Hombre,TRUE,FALSE,VOX,VOX
generales_2023_07,2023,Congreso,Madrid,32,Sonsoles Palacios Moreno,Mujer,TRUE,FALSE,VOX,VOX
generales_2023_07,2023,Congreso,Madrid,33,Miguel Maldonado Caballero,Hombre,TRUE,FALSE,VOX,VOX
generales_2023_07,2023,Congreso,Madrid,34,Ignacio Menéndez Medrano,Hombre,TRUE,FALSE,VOX,VOX
generales_2023_07,2023,Congreso,Madrid,35,Amaya Acosta Barrera,Mujer,TRUE,FALSE,VOX,VOX
generales_2023_07,2023,Congreso,Madrid,36,Oscar González Samos,Hombre,TRUE,FALSE,VOX,VOX
generales_2023_07,2023,Congreso,Madrid,37,Katiuska de los Ángeles García Ramírez,Mujer,TRUE,FALSE,VOX,VOX
generales_2023_07,2023,Congreso,Malaga,1,Lourdes Bárbara Urdiales Doña,Mujer,FALSE,FALSE,VOX,VOX
generales_2023_07,2023,Congreso,Malaga,1,Patricia Rueda Perelló,Mujer,TRUE,TRUE,VOX,VOX
generales_2023_07,2023,Congreso,Malaga,2,José Hidalgo Reina,Hombre,FALSE,FALSE,VOX,VOX
generales_2023_07,2023,Congreso,Malaga,2,Carlos Hernández Quero,Hombre,TRUE,TRUE,VOX,VOX
generales_2023_07,2023,Congreso,Malaga,3,Cayetano Pérez Bueno,Hombre,FALSE,FALSE,VOX,VOX
generales_2023_07,2023,Congreso,Malaga,3,Antonio José Luna García,Hombre,TRUE,FALSE,VOX,VOX
generales_2023_07,2023,Congreso,Malaga,4,José Miguel Gutiérrez Rodríguez,Hombre,TRUE,FALSE,VOX,VOX
generales_2023_07,2023,Congreso,Malaga,5,Marina Ribera González,Mujer,TRUE,FALSE,VOX,VOX
generales_2023_07,2023,Congreso,Malaga,6,José María Callejón Suñé,Hombre,TRUE,FALSE,VOX,VOX
generales_2023_07,2023,Congreso,Malaga,7,Margarita Fernández Ruiz,Mujer,TRUE,FALSE,VOX,VOX
generales_2023_07,2023,Congreso,Malaga,8,María Del Carmen Castro Cerdán,Mujer,TRUE,FALSE,VOX,VOX
generales_2023_07,2023,Congreso,Malaga,9,Francisco Raúl Cordero Olmedo,Hombre,TRUE,FALSE,VOX,VOX
generales_2023_07,2023,Congreso,Malaga,10,Trinidad Celia Aragonés Leiva,Mujer,TRUE,FALSE,VOX,VOX
generales_2023_07,2023,Congreso,Malaga,11,Mauricio Uría Gutiérrez,Hombre,TRUE,FALSE,VOX,VOX
generales_2023_07,2023,Congreso,Melilla,1,Noelia María Salvador Rodríguez,Mujer,FALSE,FALSE,VOX,VOX
generales_2023_07,2023,Congreso,Melilla,1,Javier Diego Ferrero,Hombre,TRUE,FALSE,VOX,VOX
generales_2023_07,2023,Congreso,Murcia,1,Jorge de las Heras Romero,Hombre,FALSE,FALSE,VOX,VOX
generales_2023_07,2023,Congreso,Murcia,1,Lourdes Méndez Monasterio,Mujer,TRUE,TRUE,VOX,VOX
generales_2023_07,2023,Congreso,Murcia,2,Alba Franco Elvira,Mujer,FALSE,FALSE,VOX,VOX
generales_2023_07,2023,Congreso,Murcia,2,Joaquín Robles López,Hombre,TRUE,TRUE,VOX,VOX
generales_2023_07,2023,Congreso,Murcia,3,Joaquín Navarro Orenes,Hombre,FALSE,FALSE,VOX,VOX
generales_2023_07,2023,Congreso,Murcia,3,Luis Gestoso de Miguel,Hombre,TRUE,FALSE,VOX,VOX
generales_2023_07,2023,Congreso,Murcia,4,Ana Ballesteros Albert,Mujer,FALSE,FALSE,VOX,VOX
generales_2023_07,2023,Congreso,Murcia,4,Alejandro Gálvez Carrillo,Hombre,TRUE,FALSE,VOX,VOX
generales_2023_07,2023,Congreso,Murcia,5,Ana Belén Nicolás Salas,Mujer,TRUE,FALSE,VOX,VOX
generales_2023_07,2023,Congreso,Murcia,6,Juan Antonio Molina Peñas,Hombre,TRUE,FALSE,VOX,VOX
generales_2023_07,2023,Congreso,Murcia,7,Angélica Ponce Garrido,Mujer,TRUE,FALSE,VOX,VOX
generales_2023_07,2023,Congreso,Murcia,8,José García Martínez,Hombre,TRUE,FALSE,VOX,VOX
generales_2023_07,2023,Congreso,Murcia,9,Víctor Javier Segura López,Hombre,TRUE,FALSE,VOX,VOX
generales_2023_07,2023,Congreso,Murcia,10,María Eugenia Sánchez Pérez,Mujer,TRUE,FALSE,VOX,VOX
generales_2023_07,2023,Congreso,Navarra,1,Eduardo Gutiérrez De Cabiedes Hidalgo De Caviedes,Hombre,TRUE,FALSE,VOX,VOX
generales_2023_07,2023,Congreso,Navarra,2,María Del Perpetuo Socorr Sada Ballesteros,Mujer,TRUE,FALSE,VOX,VOX
generales_2023_07,2023,Congreso,Navarra,3,José María García Elorz,Hombre,TRUE,FALSE,VOX,VOX
generales_2023_07,2023,Congreso,Navarra,4,Carolina García-ochoa Bonail,Mujer,TRUE,FALSE,VOX,VOX
generales_2023_07,2023,Congreso,Navarra,5,Carlos Campillo Pérez,Hombre,TRUE,FALSE,VOX,VOX
generales_2023_07,2023,Congreso,Ourense,1,José Miguel López Rodríguez,Hombre,FALSE,FALSE,VOX,VOX
generales_2023_07,2023,Congreso,Ourense,1,María Cristina Bravo Bosch,Mujer,TRUE,FALSE,VOX,VOX
generales_2023_07,2023,Congreso,Ourense,2,Mara Marqués Canedo,Mujer,FALSE,FALSE,VOX,VOX
generales_2023_07,2023,Congreso,Ourense,2,José Fermín Troncoso Casares,Hombre,TRUE,FALSE,VOX,VOX
generales_2023_07,2023,Congreso,Ourense,3,Edelmiro Rodríguez Costa,Hombre,FALSE,FALSE,VOX,VOX
generales_2023_07,2023,Congreso,Ourense,3,Beatriz Fernández Pérez,Mujer,TRUE,FALSE,VOX,VOX
generales_2023_07,2023,Congreso,Ourense,4,Gerard Prieto Ginzo,Hombre,TRUE,FALSE,VOX,VOX
generales_2023_07,2023,Congreso,Palencia,1,David Sierra Martín,Hombre,FALSE,FALSE,VOX,VOX
generales_2023_07,2023,Congreso,Palencia,1,Beatriz Muñoz Cagigal,Mujer,TRUE,FALSE,VOX,VOX
generales_2023_07,2023,Congreso,Palencia,2,Ramón Ortega Ramírez,Hombre,FALSE,FALSE,VOX,VOX
generales_2023_07,2023,Congreso,Palencia,2,José Martín Morrondo,Hombre,TRUE,FALSE,VOX,VOX
generales_2023_07,2023,Congreso,Palencia,3,Miriam Caminero González,Mujer,FALSE,FALSE,VOX,VOX
generales_2023_07,2023,Congreso,Palencia,3,Laura Castrillo Acero,Mujer,TRUE,FALSE,VOX,VOX
generales_2023_07,2023,Congreso,Pontevedra,1,Juan Manuel Rosales Pérez,Hombre,FALSE,FALSE,VOX,VOX
generales_2023_07,2023,Congreso,Pontevedra,1,Álvaro José Díaz-Mella López,Hombre,TRUE,FALSE,VOX,VOX
generales_2023_07,2023,Congreso,Pontevedra,2,María Elena Barros Pereira,Mujer,FALSE,FALSE,VOX,VOX
generales_2023_07,2023,Congreso,Pontevedra,2,Miguel Paz Villar,Hombre,TRUE,FALSE,VOX,VOX
generales_2023_07,2023,Congreso,Pontevedra,3,Manuel Español González,Hombre,FALSE,FALSE,VOX,VOX
generales_2023_07,2023,Congreso,Pontevedra,3,Darío Capas López,Hombre,TRUE,FALSE,VOX,VOX
generales_2023_07,2023,Congreso,Pontevedra,4,Ana María Nartallo Cuevas,Mujer,TRUE,FALSE,VOX,VOX
generales_2023_07,2023,Congreso,Pontevedra,5,Silvia Fernández Barreiro,Mujer,TRUE,FALSE,VOX,VOX
generales_2023_07,2023,Congreso,Pontevedra,6,Marcos Rodríguez Martínez,Hombre,TRUE,FALSE,VOX,VOX
generales_2023_07,2023,Congreso,Pontevedra,7,Karina López López,Mujer,TRUE,FALSE,VOX,VOX
generales_2023_07,2023,Congreso,Salamanca,1,Baldomero Sánchez Pérez,Hombre,FALSE,FALSE,VOX,VOX
generales_2023_07,2023,Congreso,Salamanca,1,Víctor Guido González Coello de Portugal,Hombre,TRUE,FALSE,VOX,VOX
generales_2023_07,2023,Congreso,Salamanca,2,Gregorio Garrido García,Hombre,FALSE,FALSE,VOX,VOX
generales_2023_07,2023,Congreso,Salamanca,2,Laura Magdalena Miguel,Mujer,TRUE,FALSE,VOX,VOX
generales_2023_07,2023,Congreso,Salamanca,3,Natalia Fuentes Abad,Mujer,FALSE,FALSE,VOX,VOX
generales_2023_07,2023,Congreso,Salamanca,3,Juan Ramón Gallego Martín,Hombre,TRUE,FALSE,VOX,VOX
generales_2023_07,2023,Congreso,Salamanca,4,Purificación Pozo García,Mujer,TRUE,FALSE,VOX,VOX
generales_2023_07,2023,Congreso,Segovia,1,María Del Caloco Rodríguez Moreno,Mujer,FALSE,FALSE,VOX,VOX
generales_2023_07,2023,Congreso,Segovia,1,Rodrigo Jiménez Revuelta,Hombre,TRUE,FALSE,VOX,VOX
generales_2023_07,2023,Congreso,Segovia,2,Vanesa Calvo Arribas,Mujer,FALSE,FALSE,VOX,VOX
generales_2023_07,2023,Congreso,Segovia,2,Carlos Martín Merino Bernardos,Hombre,TRUE,FALSE,VOX,VOX
generales_2023_07,2023,Congreso,Segovia,3,César Benito Olmos,Hombre,FALSE,FALSE,VOX,VOX
generales_2023_07,2023,Congreso,Segovia,3,María de la Soledad Martínez de Lagos Muñoz,Mujer,TRUE,FALSE,VOX,VOX
generales_2023_07,2023,Congreso,Sevilla,1,Belén María Pontijas Calderón,Mujer,FALSE,FALSE,VOX,VOX
generales_2023_07,2023,Congreso,Sevilla,1,María de los Reyes Romero Vilches,Mujer,TRUE,TRUE,VOX,VOX
generales_2023_07,2023,Congreso,Sevilla,2,Joaquín Domínguez Buendía,Hombre,FALSE,FALSE,VOX,VOX
generales_2023_07,2023,Congreso,Sevilla,2,Francisco José Contreras Peláez,Hombre,TRUE,FALSE,VOX,VOX
generales_2023_07,2023,Congreso,Sevilla,3,Ana Isabel Manzano Sánchez,Mujer,FALSE,FALSE,VOX,VOX
generales_2023_07,2023,Congreso,Sevilla,3,Javier Navarro Ortiz,Hombre,TRUE,FALSE,VOX,VOX
generales_2023_07,2023,Congreso,Sevilla,4,Fátima Azmani Ramírez,Mujer,TRUE,FALSE,VOX,VOX
generales_2023_07,2023,Congreso,Sevilla,5,Jaime Javier Domingo Martínez,Hombre,TRUE,FALSE,VOX,VOX
generales_2023_07,2023,Congreso,Sevilla,6,Carmen Loscertales Martín de Agar,Mujer,TRUE,FALSE,VOX,VOX
generales_2023_07,2023,Congreso,Sevilla,7,María Nieves García de Zúñiga Barberán,Mujer,TRUE,FALSE,VOX,VOX
generales_2023_07,2023,Congreso,Sevilla,8,Antonio Jiménez Castillo,Hombre,TRUE,FALSE,VOX,VOX
generales_2023_07,2023,Congreso,Sevilla,9,Diego Segovia García,Hombre,TRUE,FALSE,VOX,VOX
generales_2023_07,2023,Congreso,Sevilla,10,Sebastián García Moreno,Hombre,TRUE,FALSE,VOX,VOX
generales_2023_07,2023,Congreso,Sevilla,11,María Ana Jiménez-Carlés Fernández de Castro,Mujer,TRUE,FALSE,VOX,VOX
generales_2023_07,2023,Congreso,Sevilla,12,Daniel Andújar Sánchez,Hombre,TRUE,FALSE,VOX,VOX
generales_2023_07,2023,Congreso,Soria,1,Ricardo García Gaitán,Mujer,FALSE,FALSE,VOX,VOX
generales_2023_07,2023,Congreso,Soria,1,Adriana Llorente Ruiz,Mujer,TRUE,FALSE,VOX,VOX
generales_2023_07,2023,Congreso,Soria,2,María Francisca Huerta Gómez,Mujer,FALSE,FALSE,VOX,VOX
generales_2023_07,2023,Congreso,Soria,2,Mariano Olalla Corces,Hombre,TRUE,FALSE,VOX,VOX
generales_2023_07,2023,Congreso,Soria,3,Fernando José Castillo Álvarez,Hombre,FALSE,FALSE,VOX,VOX
generales_2023_07,2023,Congreso,Tarragona,1,María Dolores Zamora Carmona,Mujer,FALSE,FALSE,VOX,VOX
generales_2023_07,2023,Congreso,Tarragona,1,Sergio Macián de Greef,Hombre,TRUE,FALSE,VOX,VOX
generales_2023_07,2023,Congreso,Tarragona,2,José Ramón Gargallo Bosch,Hombre,FALSE,FALSE,VOX,VOX
generales_2023_07,2023,Congreso,Tarragona,2,Jaime Duque Moreno,Hombre,TRUE,FALSE,VOX,VOX
generales_2023_07,2023,Congreso,Tarragona,3,Francisco Javier Vaquero Rodríguez,Hombre,FALSE,FALSE,VOX,VOX
generales_2023_07,2023,Congreso,Tarragona,3,Judit Gómez García,Mujer,TRUE,FALSE,VOX,VOX
generales_2023_07,2023,Congreso,Tarragona,4,Ricard Montero i Meca,Hombre,TRUE,FALSE,VOX,VOX
generales_2023_07,2023,Congreso,Tarragona,5,María de la Soledad Bravo Polanco,Mujer,TRUE,FALSE,VOX,VOX
generales_2023_07,2023,Congreso,Tarragona,6,María Isabel Lázaro Pina,Mujer,TRUE,FALSE,VOX,VOX
generales_2023_07,2023,Congreso,Teruel,1,Antonio Muniesa Armengod,Hombre,FALSE,FALSE,VOX,VOX
generales_2023_07,2023,Congreso,Teruel,1,Aroha Rochela Romero,Mujer,TRUE,FALSE,VOX,VOX
generales_2023_07,2023,Congreso,Teruel,2,Izan Posadas Bazán,Hombre,FALSE,FALSE,VOX,VOX
generales_2023_07,2023,Congreso,Teruel,2,Alejandro Nolasco Asensio,Hombre,TRUE,FALSE,VOX,VOX
generales_2023_07,2023,Congreso,Teruel,3,María Nieves Calle Lidón,Mujer,FALSE,FALSE,VOX,VOX
generales_2023_07,2023,Congreso,Teruel,3,Pilar Loma Bielsa,Mujer,TRUE,FALSE,VOX,VOX
generales_2023_07,2023,Congreso,Toledo,1,María Teresa García De La Rosa Jiménez,Mujer,FALSE,FALSE,VOX,VOX
generales_2023_07,2023,Congreso,Toledo,1,Manuel Mariscal Zabala,Hombre,TRUE,TRUE,VOX,VOX
generales_2023_07,2023,Congreso,Toledo,2,Enrique Quesada Sánchez,Hombre,FALSE,FALSE,VOX,VOX
generales_2023_07,2023,Congreso,Toledo,2,Inés María Cañizares Pacheco,Mujer,TRUE,FALSE,VOX,VOX
generales_2023_07,2023,Congreso,Toledo,3,Fernando Sánchez-Izquierdo Hurtado,Hombre,FALSE,FALSE,VOX,VOX
generales_2023_07,2023,Congreso,Toledo,3,Daniel Arias Vegas,Hombre,TRUE,FALSE,VOX,VOX
generales_2023_07,2023,Congreso,Toledo,4,Florencio Agustín Toldos Fernández,Hombre,TRUE,FALSE,VOX,VOX
generales_2023_07,2023,Congreso,Toledo,5,Concepción Magán Sotomayor,Mujer,TRUE,FALSE,VOX,VOX
generales_2023_07,2023,Congreso,Toledo,6,Sara Isabel Vinuesa Jorge,Mujer,TRUE,FALSE,VOX,VOX
generales_2023_07,2023,Congreso,Valencia,1,Ana María Bellver Alcántara,Mujer,FALSE,FALSE,VOX,VOX
generales_2023_07,2023,Congreso,Valencia,1,Carlos Flores Juberías,Hombre,TRUE,TRUE,VOX,VOX
generales_2023_07,2023,Congreso,Valencia,2,Francisco José Aparisi García,Hombre,FALSE,FALSE,VOX,VOX
generales_2023_07,2023,Congreso,Valencia,2,Ignacio Gil Lázaro,Hombre,TRUE,TRUE,VOX,VOX
generales_2023_07,2023,Congreso,Valencia,3,María Isabel Castell Sánchez,Mujer,FALSE,FALSE,VOX,VOX
generales_2023_07,2023,Congreso,Valencia,3,Julio Utrilla Cano,Hombre,TRUE,FALSE,VOX,VOX
generales_2023_07,2023,Congreso,Valencia,4,Cristina Alicia De Esteban Calonje,Mujer,TRUE,FALSE,VOX,VOX
generales_2023_07,2023,Congreso,Valencia,5,Helena Martínez Losada,Mujer,TRUE,FALSE,VOX,VOX
generales_2023_07,2023,Congreso,Valencia,6,Rosa Ana Perís Catoira,Mujer,TRUE,FALSE,VOX,VOX
generales_2023_07,2023,Congreso,Valencia,7,Guilermo María Alonso del Real Barrera,Hombre,TRUE,FALSE,VOX,VOX
generales_2023_07,2023,Congreso,Valencia,8,Iván Expósito Caballero,Hombre,TRUE,FALSE,VOX,VOX
generales_2023_07,2023,Congreso,Valencia,9,María Adela Agudo Yuste,Mujer,TRUE,FALSE,VOX,VOX
generales_2023_07,2023,Congreso,Valencia,10,Salvador Juan Tena Mingarro,Hombre,TRUE,FALSE,VOX,VOX
generales_2023_07,2023,Congreso,Valencia,11,Virginia Huertas Pechuán,Mujer,TRUE,FALSE,VOX,VOX
generales_2023_07,2023,Congreso,Valencia,12,Pedro Jesús Peñalver Blasco,Hombre,TRUE,FALSE,VOX,VOX
generales_2023_07,2023,Congreso,Valencia,13,Mercedes Del Río Sanz,Mujer,TRUE,FALSE,VOX,VOX
generales_2023_07,2023,Congreso,Valencia,14,Jorge Vicente Roig Ilario,Hombre,TRUE,FALSE,VOX,VOX
generales_2023_07,2023,Congreso,Valencia,15,Marta Hernando Baixauli,Mujer,TRUE,FALSE,VOX,VOX
generales_2023_07,2023,Congreso,Valencia,16,María Amparo Cavero Aras,Mujer,TRUE,FALSE,VOX,VOX
generales_2023_07,2023,Congreso,Valladolid,1,María Dolores De la Cuesta Sáenz,Mujer,FALSE,FALSE,VOX,VOX
generales_2023_07,2023,Congreso,Valladolid,1,Pablo Sáez Alonso-Muñumer,Hombre,TRUE,TRUE,VOX,VOX
generales_2023_07,2023,Congreso,Valladolid,2,Jesús Vegas Hernández,Hombre,FALSE,FALSE,VOX,VOX
generales_2023_07,2023,Congreso,Valladolid,2,Jesús María García-Conde Del Castillo,Hombre,TRUE,FALSE,VOX,VOX
generales_2023_07,2023,Congreso,Valladolid,3,Yolanda Bedmar Rayo,Mujer,FALSE,FALSE,VOX,VOX
generales_2023_07,2023,Congreso,Valladolid,3,María Del Carmen Martín Fernández,Mujer,TRUE,FALSE,VOX,VOX
generales_2023_07,2023,Congreso,Valladolid,4,Rebeca Arroyo Otero,Mujer,TRUE,FALSE,VOX,VOX
generales_2023_07,2023,Congreso,Valladolid,5,Fernando Ángel Vázquez de Prada Valares,Hombre,TRUE,FALSE,VOX,VOX
generales_2023_07,2023,Congreso,Zamora,1,Francisco Rafael Ramírez Díez,Hombre,FALSE,FALSE,VOX,VOX
generales_2023_07,2023,Congreso,Zamora,1,Pedro Jesús Requejo Novoa,Hombre,TRUE,FALSE,VOX,VOX
generales_2023_07,2023,Congreso,Zamora,2,María Admirable López de Manterola Soriano,Mujer,FALSE,FALSE,VOX,VOX
generales_2023_07,2023,Congreso,Zamora,2,Miguel Barrios Ramos,Hombre,TRUE,FALSE,VOX,VOX
generales_2023_07,2023,Congreso,Zamora,3,Antonia San Segundo Maldonado,Mujer,FALSE,FALSE,VOX,VOX
generales_2023_07,2023,Congreso,Zamora,3,María Teresa Piñairo Sanz,Mujer,TRUE,FALSE,VOX,VOX
generales_2023_07,2023,Congreso,Zaragoza,1,Ángel Ignacio Larraz Galé,Hombre,FALSE,FALSE,VOX,VOX
generales_2023_07,2023,Congreso,Zaragoza,1,Pedro Fernández Hernández,Hombre,TRUE,TRUE,VOX,VOX
generales_2023_07,2023,Congreso,Zaragoza,2,Victoria Bergua Pérez,Mujer,FALSE,FALSE,VOX,VOX
generales_2023_07,2023,Congreso,Zaragoza,2,Carlos Luis Falcón Lambán,Hombre,TRUE,FALSE,VOX,VOX
generales_2023_07,2023,Congreso,Zaragoza,3,Marta Isabel Hormaechea Calderón,Mujer,TRUE,FALSE,VOX,VOX
generales_2023_07,2023,Congreso,Zaragoza,4,Enrique Esteban Pendas,Hombre,TRUE,FALSE,VOX,VOX
generales_2023_07,2023,Congreso,Zaragoza,5,María Yolanda Montesinos Hernando,Mujer,TRUE,FALSE,VOX,VOX
generales_2023_07,2023,Congreso,Zaragoza,6,Carlos Artaso González,Hombre,TRUE,FALSE,VOX,VOX
generales_2023_07,2023,Congreso,Zaragoza,7,Marta Ruiz Gutiérrez,Mujer,TRUE,FALSE,VOX,VOX
generales_2023_07,2023,Senado,A Coruna,1,Melchora Muñoz Fuentes,Mujer,FALSE,FALSE,VOX,VOX
generales_2023_07,2023,Senado,A Coruna,1,Manuel Fuentes Lamas,Hombre,TRUE,FALSE,VOX,VOX
generales_2023_07,2023,Senado,A Coruna,2,Manuel Javier Sánchez Fernández,Hombre,FALSE,FALSE,VOX,VOX
generales_2023_07,2023,Senado,A Coruna,2,José Enrique Fernández del Campo Carreño,Hombre,TRUE,FALSE,VOX,VOX
generales_2023_07,2023,Senado,A Coruna,3,María Concepción Abalo Castex,Mujer,FALSE,FALSE,VOX,VOX
generales_2023_07,2023,Senado,A Coruna,3,María Catalina Ces Casais,Mujer,TRUE,FALSE,VOX,VOX
generales_2023_07,2023,Senado,Albacete,1,Guadalupe Moreno Galisteo,Mujer,FALSE,FALSE,VOX,VOX
generales_2023_07,2023,Senado,Albacete,1,Ginés Luis Núñez Martínez,Hombre,TRUE,FALSE,VOX,VOX
generales_2023_07,2023,Senado,Albacete,2,Juan Pablo Espín García,Hombre,FALSE,FALSE,VOX,VOX
generales_2023_07,2023,Senado,Albacete,2,María Ángeles Gutiérrez Montañana,Mujer,TRUE,FALSE,VOX,VOX
generales_2023_07,2023,Senado,Albacete,3,Miriam Dolores Medina Hidalgo De Torralba,Mujer,FALSE,FALSE,VOX,VOX
generales_2023_07,2023,Senado,Albacete,3,Juan Antonio Gil García,Hombre,TRUE,FALSE,VOX,VOX
generales_2023_07,2023,Senado,Alicante,1,Alexandra Estrella Collado Pérez,Mujer,FALSE,FALSE,VOX,VOX
generales_2023_07,2023,Senado,Alicante,1,Irene Lisarte Villalba,Mujer,TRUE,FALSE,VOX,VOX
generales_2023_07,2023,Senado,Alicante,2,Jaime Rozalén Romo,Hombre,FALSE,FALSE,VOX,VOX
generales_2023_07,2023,Senado,Alicante,2,David Moreno Narganes,Hombre,TRUE,FALSE,VOX,VOX
generales_2023_07,2023,Senado,Alicante,3,Oscar Castillo Marín,Hombre,FALSE,FALSE,VOX,VOX
generales_2023_07,2023,Senado,Alicante,3,Lesmy Menéndez González,Mujer,TRUE,FALSE,VOX,VOX
generales_2023_07,2023,Senado,Almeria,1,Soledad Pérez Rubio,Mujer,FALSE,FALSE,VOX,VOX
generales_2023_07,2023,Senado,Almeria,1,Germán Arqueros Rodríguez,Hombre,TRUE,FALSE,VOX,VOX
generales_2023_07,2023,Senado,Almeria,2,Sonia Domenech Maldonado,Mujer,FALSE,FALSE,VOX,VOX
generales_2023_07,2023,Senado,Almeria,2,Rodrigo Navarro Sánchez,Hombre,TRUE,FALSE,VOX,VOX
generales_2023_07,2023,Senado,Almeria,3,Eduardo Adolfo Torres Ramos,Hombre,FALSE,FALSE,VOX,VOX
generales_2023_07,2023,Senado,Almeria,3,Emma Montserrat Descalzo Esteban,Mujer,TRUE,FALSE,VOX,VOX
generales_2023_07,2023,Senado,Araba/Alava,1,Rosario Laporta Hidalgo,Mujer,FALSE,FALSE,VOX,VOX
generales_2023_07,2023,Senado,Araba/Alava,1,Ignacio Cuadrado Rubio,Hombre,TRUE,FALSE,VOX,VOX
generales_2023_07,2023,Senado,Araba/Alava,2,José María Lázaro Gerardo,Hombre,FALSE,FALSE,VOX,VOX
generales_2023_07,2023,Senado,Araba/Alava,2,María Jesús Fernández Rodríguez,Mujer,TRUE,FALSE,VOX,VOX
generales_2023_07,2023,Senado,Araba/Alava,3,María Amaia Martínez Grisaleña,Mujer,FALSE,FALSE,VOX,VOX
generales_2023_07,2023,Senado,Araba/Alava,3,Juan Carlos Ochoa Husillos,Hombre,TRUE,FALSE,VOX,VOX
generales_2023_07,2023,Senado,Asturias,1,Marta Sanz Alejo,Mujer,FALSE,FALSE,VOX,VOX
generales_2023_07,2023,Senado,Asturias,1,María Aránzazu Martínez Riola,Mujer,TRUE,FALSE,VOX,VOX
generales_2023_07,2023,Senado,Asturias,2,Teodoro Ramón Pozo Muñiz,Hombre,FALSE,FALSE,VOX,VOX
generales_2023_07,2023,Senado,Asturias,2,Juan José Merino Rodríguez,Hombre,TRUE,FALSE,VOX,VOX
generales_2023_07,2023,Senado,Asturias,3,María Luisa Menéndez Martínez,Mujer,FALSE,FALSE,VOX,VOX
generales_2023_07,2023,Senado,Asturias,3,Daniel Martínez Buelga,Hombre,TRUE,FALSE,VOX,VOX
generales_2023_07,2023,Senado,Avila,1,Félix Sanz Cantalapiedra,Hombre,FALSE,FALSE,VOX,VOX
generales_2023_07,2023,Senado,Avila,1,Noelia Carretero Carmona,Mujer,TRUE,FALSE,VOX,VOX
generales_2023_07,2023,Senado,Avila,2,Marta Martín Custodio,Mujer,FALSE,FALSE,VOX,VOX
generales_2023_07,2023,Senado,Avila,2,Carlos Salazar Moreta,Hombre,TRUE,FALSE,VOX,VOX
generales_2023_07,2023,Senado,Avila,3,Pedro Luis García Aldea,Hombre,FALSE,FALSE,VOX,VOX
generales_2023_07,2023,Senado,Avila,3,Clara Isabel Rubio Contreras,Mujer,TRUE,FALSE,VOX,VOX
generales_2023_07,2023,Senado,Badajoz,1,Teresa Jesús Hernández Reyes,Mujer,FALSE,FALSE,VOX,VOX
generales_2023_07,2023,Senado,Badajoz,1,Gonzalo Pozo Guisado,Hombre,TRUE,FALSE,VOX,VOX
generales_2023_07,2023,Senado,Badajoz,2,Arturo Andrés Oliva Suárez,Hombre,FALSE,FALSE,VOX,VOX
generales_2023_07,2023,Senado,Badajoz,2,Marta Gervasia Garrido Moreno,Mujer,TRUE,FALSE,VOX,VOX
generales_2023_07,2023,Senado,Badajoz,3,María Dolores Amante Martínez,Mujer,FALSE,FALSE,VOX,VOX
generales_2023_07,2023,Senado,Badajoz,3,José Félix Quintana Barona,Hombre,TRUE,FALSE,VOX,VOX
generales_2023_07,2023,Senado,Barcelona,1,Yolanda Ferrer Fernández,Mujer,FALSE,FALSE,VOX,VOX
generales_2023_07,2023,Senado,Barcelona,1,Daniel Carmona Navarro,Hombre,TRUE,FALSE,VOX,VOX
generales_2023_07,2023,Senado,Barcelona,2,Víctor Orlando Muñoz Ruiz,Hombre,FALSE,FALSE,VOX,VOX
generales_2023_07,2023,Senado,Barcelona,2,María del Mar Buscá Rey,Mujer,TRUE,FALSE,VOX,VOX
generales_2023_07,2023,Senado,Barcelona,3,Mercedes García Bouza,Mujer,FALSE,FALSE,VOX,VOX
generales_2023_07,2023,Senado,Barcelona,3,David Cosculluela Martínez-Galofré,Hombre,TRUE,FALSE,VOX,VOX
generales_2023_07,2023,Senado,Bizkaia,1,Luis Ángel De Grandes Vargas,Hombre,FALSE,FALSE,VOX,VOX
generales_2023_07,2023,Senado,Bizkaia,1,María Pérez Fernández,Mujer,TRUE,FALSE,VOX,VOX
generales_2023_07,2023,Senado,Bizkaia,2,Mercedes Fernández Martin,Mujer,FALSE,FALSE,VOX,VOX
generales_2023_07,2023,Senado,Bizkaia,2,Jesús Varela Gómez,Hombre,TRUE,FALSE,VOX,VOX
generales_2023_07,2023,Senado,Bizkaia,3,Felix Esteve Montes,Hombre,FALSE,FALSE,VOX,VOX
generales_2023_07,2023,Senado,Bizkaia,3,Eva María Rodríguez Martin,Mujer,TRUE,FALSE,VOX,VOX
generales_2023_07,2023,Senado,Burgos,1,Alejandra Medina Sanz,Mujer,FALSE,FALSE,VOX,VOX
generales_2023_07,2023,Senado,Burgos,1,Eduardo Peña Lope,Hombre,TRUE,FALSE,VOX,VOX
generales_2023_07,2023,Senado,Burgos,2,Luis Domingo García,Hombre,FALSE,FALSE,VOX,VOX
generales_2023_07,2023,Senado,Burgos,2,Maite Alonso Ortega,Mujer,TRUE,FALSE,VOX,VOX
generales_2023_07,2023,Senado,Burgos,3,Marta Alegría Martínez,Mujer,FALSE,FALSE,VOX,VOX
generales_2023_07,2023,Senado,Burgos,3,Raúl Ortega Reoyo,Hombre,TRUE,FALSE,VOX,VOX
generales_2023_07,2023,Senado,Caceres,1,Blanca Luz Retortillo Carpintero,Mujer,FALSE,FALSE,VOX,VOX
generales_2023_07,2023,Senado,Caceres,1,Ignacio Javier Gilete Tejero,Hombre,TRUE,FALSE,VOX,VOX
generales_2023_07,2023,Senado,Caceres,2,José Miguel Sillero Blanco,Hombre,FALSE,FALSE,VOX,VOX
generales_2023_07,2023,Senado,Caceres,2,Isabel Pilar Vivas Arceredillo,Mujer,TRUE,FALSE,VOX,VOX
generales_2023_07,2023,Senado,Caceres,3,María Ángeles Gómez Piris,Mujer,FALSE,FALSE,VOX,VOX
generales_2023_07,2023,Senado,Caceres,3,Santiago Muñoz Martín,Hombre,TRUE,FALSE,VOX,VOX
generales_2023_07,2023,Senado,Cadiz,1,Estefanía Durán López,Mujer,FALSE,FALSE,VOX,VOX
generales_2023_07,2023,Senado,Cadiz,1,Enrique José García-Máiquez López,Hombre,TRUE,FALSE,VOX,VOX
generales_2023_07,2023,Senado,Cadiz,2,Francisco Javier Mateos González,Hombre,FALSE,FALSE,VOX,VOX
generales_2023_07,2023,Senado,Cadiz,2,Bárbara María Teresa Escañuela Álvarez Sotomayor,Mujer,TRUE,FALSE,VOX,VOX
generales_2023_07,2023,Senado,Cadiz,3,María de los Milagros Gómez Travieso,Mujer,FALSE,FALSE,VOX,VOX
generales_2023_07,2023,Senado,Cadiz,3,Fernando de la Cruz Muñoz,Hombre,TRUE,FALSE,VOX,VOX
generales_2023_07,2023,Senado,Cantabria,1,Mercedes Palacios Blanco,Mujer,FALSE,FALSE,VOX,VOX
generales_2023_07,2023,Senado,Cantabria,1,Daniel Álvarez Ibáñez,Hombre,TRUE,FALSE,VOX,VOX
generales_2023_07,2023,Senado,Cantabria,2,Fernando Manso Herraiz,Hombre,FALSE,FALSE,VOX,VOX
generales_2023_07,2023,Senado,Cantabria,2,Sara María Campos Oceja,Mujer,TRUE,FALSE,VOX,VOX
generales_2023_07,2023,Senado,Cantabria,3,Sara María De La Llama San Emeterio,Mujer,FALSE,FALSE,VOX,VOX
generales_2023_07,2023,Senado,Cantabria,3,Marcelino Astobiza Arce,Hombre,TRUE,FALSE,VOX,VOX
generales_2023_07,2023,Senado,Castellon,1,Carolina Vilar Lopez,Mujer,FALSE,FALSE,VOX,VOX
generales_2023_07,2023,Senado,Castellon,1,Pedro Sancho Calduch,Hombre,TRUE,FALSE,VOX,VOX
generales_2023_07,2023,Senado,Castellon,2,Antonio Fornés Roca,Hombre,FALSE,FALSE,VOX,VOX
generales_2023_07,2023,Senado,Castellon,2,Luisa Espinós Zafra,Mujer,TRUE,FALSE,VOX,VOX
generales_2023_07,2023,Senado,Castellon,3,Antonio Ferrandiz Vera,Hombre,FALSE,FALSE,VOX,VOX
generales_2023_07,2023,Senado,Castellon,3,Marta Caballero Godes,Mujer,TRUE,FALSE,VOX,VOX
generales_2023_07,2023,Senado,Castellon,4,David Muñoz Pérez,Hombre,FALSE,FALSE,VOX,VOX
generales_2023_07,2023,Senado,Castellon,5,Arantxa Miralles Benages,Mujer,FALSE,FALSE,VOX,VOX
generales_2023_07,2023,Senado,Castellon,6,Yolanda Carmen Tena Solavera,Mujer,FALSE,FALSE,VOX,VOX
generales_2023_07,2023,Senado,Ceuta,1,Francisco José Ruiz Enríquez,Hombre,FALSE,FALSE,VOX,VOX
generales_2023_07,2023,Senado,Ceuta,1,Yolanda Merelo Palomares,Mujer,TRUE,FALSE,VOX,VOX
generales_2023_07,2023,Senado,Ceuta,2,María Carmen Arana Arana,Mujer,FALSE,FALSE,VOX,VOX
generales_2023_07,2023,Senado,Ceuta,2,Carlos Francisco Verdejo Ferrer,Hombre,TRUE,FALSE,VOX,VOX
generales_2023_07,2023,Senado,Ciudad Real,1,María De Los Milagros Calahorra Vera,Mujer,FALSE,FALSE,VOX,VOX
generales_2023_07,2023,Senado,Ciudad Real,1,Jesús Felipe Sánchez-Crespo Ruiz Del Moral,Hombre,TRUE,FALSE,VOX,VOX
generales_2023_07,2023,Senado,Ciudad Real,2,David Silvestre Piñeiro,Hombre,FALSE,FALSE,VOX,VOX
generales_2023_07,2023,Senado,Ciudad Real,2,María del Carmen Ruiz Bolaños,Mujer,TRUE,FALSE,VOX,VOX
generales_2023_07,2023,Senado,Ciudad Real,3,Dolores González López,Mujer,FALSE,FALSE,VOX,VOX
generales_2023_07,2023,Senado,Ciudad Real,3,Carlos Fernández Ayala,Hombre,TRUE,FALSE,VOX,VOX
generales_2023_07,2023,Senado,Cordoba,1,Bernhard Dietz Guerrero,Hombre,FALSE,FALSE,VOX,VOX
generales_2023_07,2023,Senado,Cordoba,1,Rocío Puebla Mendoza,Mujer,TRUE,FALSE,VOX,VOX
generales_2023_07,2023,Senado,Cordoba,2,María Elena Alcalá Rueda,Mujer,FALSE,FALSE,VOX,VOX
generales_2023_07,2023,Senado,Cordoba,2,Miguel Ángel Castellano Cañete,Hombre,TRUE,FALSE,VOX,VOX
generales_2023_07,2023,Senado,Cordoba,3,Juan Luis Rodríguez García,Hombre,FALSE,FALSE,VOX,VOX
generales_2023_07,2023,Senado,Cordoba,3,María de los Dolores Fernández Córdoba,Mujer,TRUE,FALSE,VOX,VOX
generales_2023_07,2023,Senado,Cuenca,1,María Soledad Galán Polo,Mujer,FALSE,FALSE,VOX,VOX
generales_2023_07,2023,Senado,Cuenca,1,Rafael Rodríguez Bartolomé,Hombre,TRUE,FALSE,VOX,VOX
generales_2023_07,2023,Senado,Cuenca,2,Jesús Manuel De la Huz Grimaldos,Hombre,FALSE,FALSE,VOX,VOX
generales_2023_07,2023,Senado,Cuenca,2,María José López Beamud,Mujer,TRUE,FALSE,VOX,VOX
generales_2023_07,2023,Senado,Cuenca,3,Miriam San Román Sanz,Mujer,FALSE,FALSE,VOX,VOX
generales_2023_07,2023,Senado,Cuenca,3,David Borja Pérez,Hombre,TRUE,FALSE,VOX,VOX
generales_2023_07,2023,Senado,Cuenca,4,Carlos Navarro Lizárraga,Hombre,FALSE,FALSE,VOX,VOX
generales_2023_07,2023,Senado,Cuenca,5,Lorena García Barbero,Mujer,FALSE,FALSE,VOX,VOX
generales_2023_07,2023,Senado,Cuenca,6,Luis Muñoz Sánchez,Hombre,FALSE,FALSE,VOX,VOX
generales_2023_07,2023,Senado,Gipuzkoa,1,María del Carmen Abella Toledo,Mujer,FALSE,FALSE,VOX,VOX
generales_2023_07,2023,Senado,Gipuzkoa,1,Pedro Ignacio Gandásegui Agorreta,Hombre,TRUE,FALSE,VOX,VOX
generales_2023_07,2023,Senado,Gipuzkoa,2,Álvaro Palacios Achaerandio,Hombre,FALSE,FALSE,VOX,VOX
generales_2023_07,2023,Senado,Gipuzkoa,2,Alejandra Moreno Miguel,Mujer,TRUE,FALSE,VOX,VOX
generales_2023_07,2023,Senado,Gipuzkoa,3,María Luz Hernández Polanco,Mujer,FALSE,FALSE,VOX,VOX
generales_2023_07,2023,Senado,Gipuzkoa,3,Eduardo Rubio Gastón,Hombre,TRUE,FALSE,VOX,VOX
generales_2023_07,2023,Senado,Girona,1,Francisco Javier Medina Gutiérrez,Hombre,FALSE,FALSE,VOX,VOX
generales_2023_07,2023,Senado,Girona,1,Ana María Catalán Martínez,Mujer,TRUE,FALSE,VOX,VOX
generales_2023_07,2023,Senado,Girona,2,María Carmen Herrera López,Mujer,FALSE,FALSE,VOX,VOX
generales_2023_07,2023,Senado,Girona,2,Jordi Vivo Fernández,Hombre,TRUE,FALSE,VOX,VOX
generales_2023_07,2023,Senado,Girona,3,Roberto Martínez Hernández,Hombre,FALSE,FALSE,VOX,VOX
generales_2023_07,2023,Senado,Girona,3,Cristina Ruz Navarro,Mujer,TRUE,FALSE,VOX,VOX
generales_2023_07,2023,Senado,Granada,1,Mercedes Heredia Rico,Mujer,FALSE,FALSE,VOX,VOX
generales_2023_07,2023,Senado,Granada,1,José Manuel Pérez Padial,Hombre,TRUE,FALSE,VOX,VOX
generales_2023_07,2023,Senado,Granada,2,Alberto Peña López,Hombre,FALSE,FALSE,VOX,VOX
generales_2023_07,2023,Senado,Granada,2,María De La Cruz Lozano Marín,Mujer,TRUE,FALSE,VOX,VOX
generales_2023_07,2023,Senado,Granada,3,Silvia Clara Enríquez Gallego,Mujer,FALSE,FALSE,VOX,VOX
generales_2023_07,2023,Senado,Granada,3,David Navarro Quesada,Hombre,TRUE,FALSE,VOX,VOX
generales_2023_07,2023,Senado,Guadalajara,1,Eva María Henche Pérez,Mujer,FALSE,FALSE,VOX,VOX
generales_2023_07,2023,Senado,Guadalajara,1,Juan González Perabá Miralles,Hombre,TRUE,FALSE,VOX,VOX
generales_2023_07,2023,Senado,Guadalajara,2,José Luis Arcángel Fernández,Hombre,FALSE,FALSE,VOX,VOX
generales_2023_07,2023,Senado,Guadalajara,2,María del Sagrario Muñoz Valverde,Mujer,TRUE,FALSE,VOX,VOX
generales_2023_07,2023,Senado,Guadalajara,3,Virginia García Martín,Mujer,FALSE,FALSE,VOX,VOX
generales_2023_07,2023,Senado,Guadalajara,3,José María Antón García,Hombre,TRUE,FALSE,VOX,VOX
generales_2023_07,2023,Senado,Guadalajara,4,Camilo José Gil Fernández de Angulo,Hombre,FALSE,FALSE,VOX,VOX
generales_2023_07,2023,Senado,Guadalajara,5,Sandra del Saz Cadalso,Mujer,FALSE,FALSE,VOX,VOX
generales_2023_07,2023,Senado,Guadalajara,6,Juan Carlos González Martínez,Hombre,FALSE,FALSE,VOX,VOX
generales_2023_07,2023,Senado,Huelva,1,Lidia Ponce Flores,Mujer,FALSE,FALSE,VOX,VOX
generales_2023_07,2023,Senado,Huelva,1,Rafael Segovia Brome,Hombre,TRUE,FALSE,VOX,VOX
generales_2023_07,2023,Senado,Huelva,2,María Yolanda Esteban Pérez,Mujer,FALSE,FALSE,VOX,VOX
generales_2023_07,2023,Senado,Huelva,2,Carlos Bermejo Martins,Hombre,TRUE,FALSE,VOX,VOX
generales_2023_07,2023,Senado,Huelva,3,Gregorio Vela Pedraza,Hombre,FALSE,FALSE,VOX,VOX
generales_2023_07,2023,Senado,Huelva,3,Amalia Josefa Ballester Goytia,Mujer,TRUE,FALSE,VOX,VOX
generales_2023_07,2023,Senado,Huesca,1,Jaime Ballarín Puyal,Hombre,FALSE,FALSE,VOX,VOX
generales_2023_07,2023,Senado,Huesca,1,María Lorena García López,Mujer,TRUE,FALSE,VOX,VOX
generales_2023_07,2023,Senado,Huesca,2,Susana Magán Foncillas,Mujer,FALSE,FALSE,VOX,VOX
generales_2023_07,2023,Senado,Huesca,2,Marcos Juan Francoy Foncillas,Hombre,TRUE,FALSE,VOX,VOX
generales_2023_07,2023,Senado,Huesca,3,Javier Elvira López,Hombre,FALSE,FALSE,VOX,VOX
generales_2023_07,2023,Senado,Huesca,3,Vanessa Polanco Gómez De Agüero,Mujer,TRUE,FALSE,VOX,VOX
generales_2023_07,2023,Senado,Illes Balears,1,Amaia Larrañaga Badiola,Mujer,FALSE,FALSE,VOX,VOX
generales_2023_07,2023,Senado,Illes Balears,1,Gabriel Antonio Le Senne Presedo,Hombre,TRUE,FALSE,VOX,VOX
generales_2023_07,2023,Senado,Illes Balears,1,María Victoria Sánchez Gordillo,Mujer,FALSE,FALSE,VOX,VOX
generales_2023_07,2023,Senado,Illes Balears,1,Alejandro Llabrés García,Hombre,TRUE,FALSE,VOX,VOX
generales_2023_07,2023,Senado,Illes Balears,1,Jaime León Díaz de Entresotos Cortés,Hombre,FALSE,FALSE,VOX,VOX
generales_2023_07,2023,Senado,Illes Balears,1,Encarnación Castro Rojas,Mujer,TRUE,FALSE,VOX,VOX
generales_2023_07,2023,Senado,Illes Balears,2,Santiago Costa Martín,Hombre,FALSE,FALSE,VOX,VOX
generales_2023_07,2023,Senado,Illes Balears,2,María Vidal Bennasar,Mujer,TRUE,FALSE,VOX,VOX
generales_2023_07,2023,Senado,Jaen,1,Irene Aguilera Dorado,Mujer,FALSE,FALSE,VOX,VOX
generales_2023_07,2023,Senado,Jaen,1,Eugenio Ismael Rodríguez Castillo,Hombre,TRUE,FALSE,VOX,VOX
generales_2023_07,2023,Senado,Jaen,2,Antonia María Torres Martos,Mujer,FALSE,FALSE,VOX,VOX
generales_2023_07,2023,Senado,Jaen,2,María del Mar Delgado Garrucho,Mujer,TRUE,FALSE,VOX,VOX
generales_2023_07,2023,Senado,Jaen,3,María Dolores Parra Rodríguez,Mujer,FALSE,FALSE,VOX,VOX
generales_2023_07,2023,Senado,Jaen,3,David Lara Álvarez,Hombre,TRUE,FALSE,VOX,VOX
generales_2023_07,2023,Senado,La Rioja,1,Jessica Fernández Villoslada,Mujer,FALSE,FALSE,VOX,VOX
generales_2023_07,2023,Senado,La Rioja,1,Ignacio Aquesolo García,Hombre,TRUE,FALSE,VOX,VOX
generales_2023_07,2023,Senado,La Rioja,2,José Manuel Martín Camacho,Hombre,FALSE,FALSE,VOX,VOX
generales_2023_07,2023,Senado,La Rioja,2,Susana Alesanco Ulecia,Mujer,TRUE,FALSE,VOX,VOX
generales_2023_07,2023,Senado,La Rioja,3,Ricardo Palacios Berbel,Hombre,FALSE,FALSE,VOX,VOX
generales_2023_07,2023,Senado,La Rioja,3,Hilda Cárdenas Díaz,Mujer,TRUE,FALSE,VOX,VOX
generales_2023_07,2023,Senado,Las Palmas,1,Rita Esmeralda Cabrera Sánchez,Mujer,FALSE,FALSE,VOX,VOX
generales_2023_07,2023,Senado,Las Palmas,1,Yeray Antonio Suárez Salem,Hombre,TRUE,FALSE,VOX,VOX
generales_2023_07,2023,Senado,Las Palmas,1,Jorge Enrique Barrios Rodríguez,Hombre,FALSE,FALSE,VOX,VOX
generales_2023_07,2023,Senado,Las Palmas,1,María Esther Tamargo Acebal,Mujer,TRUE,FALSE,VOX,VOX
generales_2023_07,2023,Senado,Las Palmas,1,Alicia María García Artiles,Mujer,FALSE,FALSE,VOX,VOX
generales_2023_07,2023,Senado,Las Palmas,1,Miguel Felipe Rastrero Martín,Hombre,TRUE,FALSE,VOX,VOX
generales_2023_07,2023,Senado,Leon,1,María Carmen Galindo González,Mujer,FALSE,FALSE,VOX,VOX
generales_2023_07,2023,Senado,Leon,1,Francisco José García Paramio,Hombre,TRUE,FALSE,VOX,VOX
generales_2023_07,2023,Senado,Leon,2,José Ángel Martínez Blanco,Hombre,FALSE,FALSE,VOX,VOX
generales_2023_07,2023,Senado,Leon,2,Lope Arcos García,Hombre,TRUE,FALSE,VOX,VOX
generales_2023_07,2023,Senado,Leon,3,Raúl Ramos Juan,Hombre,FALSE,FALSE,VOX,VOX
generales_2023_07,2023,Senado,Leon,3,Silvia Ordás Merino,Mujer,TRUE,FALSE,VOX,VOX
generales_2023_07,2023,Senado,Lleida,1,Gregorio Galvez Pazos,Hombre,FALSE,FALSE,VOX,VOX
generales_2023_07,2023,Senado,Lleida,1,Isabel Mas Picatoste,Mujer,TRUE,FALSE,VOX,VOX
generales_2023_07,2023,Senado,Lleida,2,María de la caridad Herrero Melcon,Mujer,FALSE,FALSE,VOX,VOX
generales_2023_07,2023,Senado,Lleida,2,María Isabel Guzman Cornejo,Mujer,TRUE,FALSE,VOX,VOX
generales_2023_07,2023,Senado,Lleida,3,Vanessa Peña Quilez,Mujer,FALSE,FALSE,VOX,VOX
generales_2023_07,2023,Senado,Lleida,3,Josep María Mirada Profitós,Hombre,TRUE,FALSE,VOX,VOX
generales_2023_07,2023,Senado,Lugo,1,Luis Felipe Barrado Rodero,Hombre,FALSE,FALSE,VOX,VOX
generales_2023_07,2023,Senado,Lugo,1,Noelia Rabanal González,Mujer,TRUE,FALSE,VOX,VOX
generales_2023_07,2023,Senado,Lugo,2,Esther Mazaira Regal,Mujer,FALSE,FALSE,VOX,VOX
generales_2023_07,2023,Senado,Lugo,2,Rubén Rodríguez Río,Hombre,TRUE,FALSE,VOX,VOX
generales_2023_07,2023,Senado,Lugo,3,Verónica Arroyo López,Mujer,FALSE,FALSE,VOX,VOX
generales_2023_07,2023,Senado,Lugo,3,Rubén Graña Fernández,Hombre,TRUE,FALSE,VOX,VOX
generales_2023_07,2023,Senado,Madrid,1,Susana Córdoba del Nogal,Mujer,FALSE,FALSE,VOX,VOX
generales_2023_07,2023,Senado,Madrid,1,Carlos Bustelo García del Real,Hombre,TRUE,FALSE,VOX,VOX
generales_2023_07,2023,Senado,Madrid,2,Emilio Hernández Guzmán,Hombre,FALSE,FALSE,VOX,VOX
generales_2023_07,2023,Senado,Madrid,2,Julia Escobar Moreno,Mujer,TRUE,FALSE,VOX,VOX
generales_2023_07,2023,Senado,Madrid,3,Isabel Soba Molero,Mujer,FALSE,FALSE,VOX,VOX
generales_2023_07,2023,Senado,Madrid,3,Zoe Milagros Valdés Martínez,Mujer,TRUE,FALSE,VOX,VOX
generales_2023_07,2023,Senado,Malaga,1,Francisco De Asís Miguel Castillo Medina,Hombre,FALSE,FALSE,VOX,VOX
generales_2023_07,2023,Senado,Malaga,1,Juan Jesús Ruiz Ballesteros,Hombre,TRUE,FALSE,VOX,VOX
generales_2023_07,2023,Senado,Malaga,2,Julio Cañete Menéndez,Hombre,FALSE,FALSE,VOX,VOX
generales_2023_07,2023,Senado,Malaga,2,Gemma María Palomo Ferrer,Mujer,TRUE,FALSE,VOX,VOX
generales_2023_07,2023,Senado,Malaga,3,Carmen Sánchez Salcedo,Mujer,FALSE,FALSE,VOX,VOX
generales_2023_07,2023,Senado,Malaga,3,Alejandro Reyes Rabell,Hombre,TRUE,FALSE,VOX,VOX
generales_2023_07,2023,Senado,Melilla,1,José Miguel Tasende Souto,Hombre,FALSE,FALSE,VOX,VOX
generales_2023_07,2023,Senado,Melilla,1,Sendy Nanwani Ramchand Ghanshandas,Mujer,TRUE,FALSE,VOX,VOX
generales_2023_07,2023,Senado,Melilla,2,Laura Ledo Souto,Mujer,FALSE,FALSE,VOX,VOX
generales_2023_07,2023,Senado,Melilla,2,Rafael Ginel Pascual,Hombre,TRUE,FALSE,VOX,VOX
generales_2023_07,2023,Senado,Melilla,3,María del Carmen Merino Martínez,Mujer,FALSE,FALSE,VOX,VOX
generales_2023_07,2023,Senado,Melilla,4,Francisco Javier Hernández Padilla,Hombre,FALSE,FALSE,VOX,VOX
generales_2023_07,2023,Senado,Murcia,1,Juan Manuel Pérez Martínez,Hombre,FALSE,FALSE,VOX,VOX
generales_2023_07,2023,Senado,Murcia,1,NA,Hombre,TRUE,FALSE,VOX,VOX
generales_2023_07,2023,Senado,Murcia,2,Antonia Baena Rey,Mujer,FALSE,FALSE,VOX,VOX
generales_2023_07,2023,Senado,Murcia,2,María Ángela Berzal Sánchez,Mujer,TRUE,FALSE,VOX,VOX
generales_2023_07,2023,Senado,Murcia,3,Manuel Jaime Filgueira Ameneiros,Hombre,FALSE,FALSE,VOX,VOX
generales_2023_07,2023,Senado,Murcia,3,Juana María Navarro Aguilera,Mujer,TRUE,FALSE,VOX,VOX
generales_2023_07,2023,Senado,Ourense,1,María del Carmen Vaz Rodríguez,Mujer,FALSE,FALSE,VOX,VOX
generales_2023_07,2023,Senado,Ourense,1,Lilian Cerdeira Mosquera,Mujer,TRUE,FALSE,VOX,VOX
generales_2023_07,2023,Senado,Ourense,2,Rafael Gabián González,Hombre,FALSE,FALSE,VOX,VOX
generales_2023_07,2023,Senado,Ourense,2,Domingo Benito Otero Besteiro,Hombre,TRUE,FALSE,VOX,VOX
generales_2023_07,2023,Senado,Ourense,3,María Dolores Díaz Fernández,Mujer,FALSE,FALSE,VOX,VOX
generales_2023_07,2023,Senado,Ourense,3,Miguel Ángel Rojas Silva,Hombre,TRUE,FALSE,VOX,VOX
generales_2023_07,2023,Senado,Palencia,1,María del Camino Fidalgo Velasco,Mujer,FALSE,FALSE,VOX,VOX
generales_2023_07,2023,Senado,Palencia,1,Ricardo Carrancio Sangrador,Hombre,TRUE,FALSE,VOX,VOX
generales_2023_07,2023,Senado,Palencia,2,José Luis Martín Carriedo,Hombre,FALSE,FALSE,VOX,VOX
generales_2023_07,2023,Senado,Palencia,2,Yenifer Fernández Calleja,Mujer,TRUE,FALSE,VOX,VOX
generales_2023_07,2023,Senado,Palencia,3,Araceli Guzón Vían,Mujer,FALSE,FALSE,VOX,VOX
generales_2023_07,2023,Senado,Palencia,3,Carolina González Camino,Mujer,TRUE,FALSE,VOX,VOX
generales_2023_07,2023,Senado,Pontevedra,1,Fernando Garrido Fernández,Hombre,FALSE,FALSE,VOX,VOX
generales_2023_07,2023,Senado,Pontevedra,1,José Manuel Torres Corredoira,Hombre,TRUE,FALSE,VOX,VOX
generales_2023_07,2023,Senado,Pontevedra,2,Natalia Khalyavina Khalyavin,Mujer,FALSE,FALSE,VOX,VOX
generales_2023_07,2023,Senado,Pontevedra,2,Antonio Ramón Quintana Jato,Hombre,TRUE,FALSE,VOX,VOX
generales_2023_07,2023,Senado,Pontevedra,3,Gonzalo Enrique De Francisco Meirelles,Hombre,FALSE,FALSE,VOX,VOX
generales_2023_07,2023,Senado,Pontevedra,3,Elisa María López Moldes,Mujer,TRUE,FALSE,VOX,VOX
generales_2023_07,2023,Senado,S.C. Tenerife,1,Yoelvis Bombino Herrera,Hombre,FALSE,FALSE,VOX,VOX
generales_2023_07,2023,Senado,S.C. Tenerife,1,María Aurora Martínez Rey,Mujer,TRUE,FALSE,VOX,VOX
generales_2023_07,2023,Senado,S.C. Tenerife,1,María Alejandra Santana Navarro,Mujer,FALSE,FALSE,VOX,VOX
generales_2023_07,2023,Senado,S.C. Tenerife,1,Jesús Allende León Rodríguez,Hombre,TRUE,FALSE,VOX,VOX
generales_2023_07,2023,Senado,S.C. Tenerife,1,Nerea Cabrera Rodríguez,Mujer,FALSE,FALSE,VOX,VOX
generales_2023_07,2023,Senado,S.C. Tenerife,1,Jorge Iván Negrín Méndez,Hombre,TRUE,FALSE,VOX,VOX
generales_2023_07,2023,Senado,S.C. Tenerife,1,José Manuel Figueiredo Mota,Hombre,FALSE,FALSE,VOX,VOX
generales_2023_07,2023,Senado,S.C. Tenerife,1,Esperanza Medina Chávez,Mujer,TRUE,FALSE,VOX,VOX
generales_2023_07,2023,Senado,S.C. Tenerife,2,María José Álvarez Ramón,Mujer,FALSE,FALSE,VOX,VOX
generales_2023_07,2023,Senado,S.C. Tenerife,2,Isidro Ventura García,Hombre,TRUE,FALSE,VOX,VOX
generales_2023_07,2023,Senado,Salamanca,1,Francisco Javier Bellido González,Hombre,FALSE,FALSE,VOX,VOX
generales_2023_07,2023,Senado,Salamanca,1,María de los Ángeles Carpio Pérez,Mujer,TRUE,FALSE,VOX,VOX
generales_2023_07,2023,Senado,Salamanca,2,Patricia Martín Miguel,Mujer,FALSE,FALSE,VOX,VOX
generales_2023_07,2023,Senado,Salamanca,2,Javier Bernardo Teira Lafuente,Hombre,TRUE,FALSE,VOX,VOX
generales_2023_07,2023,Senado,Salamanca,3,María Dolores Mateo Mateos,Mujer,FALSE,FALSE,VOX,VOX
generales_2023_07,2023,Senado,Salamanca,3,José Luis Rodríguez Martín,Hombre,TRUE,FALSE,VOX,VOX
generales_2023_07,2023,Senado,Segovia,1,Luis Comyn Gómez Acebo,Hombre,FALSE,FALSE,VOX,VOX
generales_2023_07,2023,Senado,Segovia,1,Fuencisla Arévalo Galván,Mujer,TRUE,FALSE,VOX,VOX
generales_2023_07,2023,Senado,Segovia,2,Cristina Barroso Alonso,Mujer,FALSE,FALSE,VOX,VOX
generales_2023_07,2023,Senado,Segovia,2,Enrique Jiménez Vaquerizo,Hombre,TRUE,FALSE,VOX,VOX
generales_2023_07,2023,Senado,Segovia,3,Silvia Arias Rodríguez,Mujer,FALSE,FALSE,VOX,VOX
generales_2023_07,2023,Senado,Segovia,3,Daniel Luis Labrador Cruz,Hombre,TRUE,FALSE,VOX,VOX
generales_2023_07,2023,Senado,Sevilla,1,Gonzalo María Alba Beteré,Hombre,FALSE,FALSE,VOX,VOX
generales_2023_07,2023,Senado,Sevilla,1,Raul Morales del Piñal,Hombre,TRUE,FALSE,VOX,VOX
generales_2023_07,2023,Senado,Sevilla,2,Jorge Cordobés Chaves,Hombre,FALSE,FALSE,VOX,VOX
generales_2023_07,2023,Senado,Sevilla,2,Cristina María Galán Tristancho,Mujer,TRUE,FALSE,VOX,VOX
generales_2023_07,2023,Senado,Sevilla,3,María Carmen Meléndez Pérez,Mujer,FALSE,FALSE,VOX,VOX
generales_2023_07,2023,Senado,Sevilla,3,María Auxiliadora Pastor Pérez Angulo,Mujer,TRUE,FALSE,VOX,VOX
generales_2023_07,2023,Senado,Soria,1,María Sara López Pérez,Mujer,FALSE,FALSE,VOX,VOX
generales_2023_07,2023,Senado,Soria,1,Alberto Enrique Peñuelas Felipe,Hombre,TRUE,FALSE,VOX,VOX
generales_2023_07,2023,Senado,Soria,2,Santiago Gil Calvo,Hombre,FALSE,FALSE,VOX,VOX
generales_2023_07,2023,Senado,Soria,2,María Montserrat Rubio Blázquez,Mujer,TRUE,FALSE,VOX,VOX
generales_2023_07,2023,Senado,Soria,3,Victorino Javier García Matute,Hombre,FALSE,FALSE,VOX,VOX
generales_2023_07,2023,Senado,Soria,3,Carlos Alonso Omeñaca,Hombre,TRUE,FALSE,VOX,VOX
generales_2023_07,2023,Senado,Soria,4,Eduardo Alvarez García,Hombre,FALSE,FALSE,VOX,VOX
generales_2023_07,2023,Senado,Soria,5,María Soledad López Valburgos,Mujer,FALSE,FALSE,VOX,VOX
generales_2023_07,2023,Senado,Soria,6,María Isabel Martínez Torrijo,Mujer,FALSE,FALSE,VOX,VOX
generales_2023_07,2023,Senado,Tarragona,1,Ana Belén Rodríguez Ros,Mujer,FALSE,FALSE,VOX,VOX
generales_2023_07,2023,Senado,Tarragona,1,Tibor Rius Gerecz,Hombre,TRUE,FALSE,VOX,VOX
generales_2023_07,2023,Senado,Tarragona,2,Ismael Pérez Corral,Hombre,FALSE,FALSE,VOX,VOX
generales_2023_07,2023,Senado,Tarragona,2,Isabel María Lorenzo Medina,Mujer,TRUE,FALSE,VOX,VOX
generales_2023_07,2023,Senado,Tarragona,3,Teodora Niño Sánchez,Mujer,FALSE,FALSE,VOX,VOX
generales_2023_07,2023,Senado,Tarragona,3,David Gracia Martínez,Hombre,TRUE,FALSE,VOX,VOX
generales_2023_07,2023,Senado,Teruel,1,Francisco José Marteles García,Hombre,FALSE,FALSE,VOX,VOX
generales_2023_07,2023,Senado,Teruel,1,Juan Vicente Férriz Hernández,Hombre,TRUE,FALSE,VOX,VOX
generales_2023_07,2023,Senado,Teruel,2,Antonio Sánchez Miguel,Hombre,FALSE,FALSE,VOX,VOX
generales_2023_07,2023,Senado,Teruel,2,Manuel Lozano Polo,Hombre,TRUE,FALSE,VOX,VOX
generales_2023_07,2023,Senado,Teruel,3,María Pilar Cuadrado Carballo,Mujer,FALSE,FALSE,VOX,VOX
generales_2023_07,2023,Senado,Teruel,3,Bárbara Alastuey Rivas,Mujer,TRUE,FALSE,VOX,VOX
generales_2023_07,2023,Senado,Toledo,1,Arturo Delgado Mora,Hombre,FALSE,FALSE,VOX,VOX
generales_2023_07,2023,Senado,Toledo,1,Josefina Blázquez Sánchez,Mujer,TRUE,FALSE,VOX,VOX
generales_2023_07,2023,Senado,Toledo,2,Natalia Sánchez-Flor Díaz-Madroñero,Mujer,FALSE,FALSE,VOX,VOX
generales_2023_07,2023,Senado,Toledo,2,Raúl Corvera Córdoba,Hombre,TRUE,FALSE,VOX,VOX
generales_2023_07,2023,Senado,Toledo,3,Marcos Alonso Gutiérrez,Hombre,FALSE,FALSE,VOX,VOX
generales_2023_07,2023,Senado,Toledo,3,Laura Félix Sánchez-Vallejo,Mujer,TRUE,FALSE,VOX,VOX
generales_2023_07,2023,Senado,Valencia,1,Carlos José Ortega Rubio,Hombre,FALSE,FALSE,VOX,VOX
generales_2023_07,2023,Senado,Valencia,1,Marina Dabán Alonso,Mujer,TRUE,FALSE,VOX,VOX
generales_2023_07,2023,Senado,Valencia,2,Francisco Suárez Mollá,Hombre,FALSE,FALSE,VOX,VOX
generales_2023_07,2023,Senado,Valencia,2,María del Carmen Valero Fauli,Mujer,TRUE,FALSE,VOX,VOX
generales_2023_07,2023,Senado,Valencia,3,María Inés Díaz Casas,Mujer,FALSE,FALSE,VOX,VOX
generales_2023_07,2023,Senado,Valencia,3,Eduardo Rafael Tellez Ruiz,Hombre,TRUE,FALSE,VOX,VOX
generales_2023_07,2023,Senado,Valencia,4,Ana Belén Martínez Fernández,Mujer,FALSE,FALSE,VOX,VOX
generales_2023_07,2023,Senado,Valencia,5,Carmen Gómez Giménez,Mujer,FALSE,FALSE,VOX,VOX
generales_2023_07,2023,Senado,Valencia,6,Miguel Bernet Tamarit,Hombre,FALSE,FALSE,VOX,VOX
generales_2023_07,2023,Senado,Valladolid,1,Aroa Valdés Hernández,Mujer,FALSE,FALSE,VOX,VOX
generales_2023_07,2023,Senado,Valladolid,1,Luis Alberto Matarranz Herreras,Hombre,TRUE,FALSE,VOX,VOX
generales_2023_07,2023,Senado,Valladolid,2,María Zulema San José Sánchez,Mujer,FALSE,FALSE,VOX,VOX
generales_2023_07,2023,Senado,Valladolid,2,Víctor Miguel Menéndez Quintana,Hombre,TRUE,FALSE,VOX,VOX
generales_2023_07,2023,Senado,Valladolid,3,Virginia Arronte De Avila,Mujer,FALSE,FALSE,VOX,VOX
generales_2023_07,2023,Senado,Valladolid,3,Marina Fernández Salvador,Mujer,TRUE,FALSE,VOX,VOX
generales_2023_07,2023,Senado,Zamora,1,David Marino Sánchez,Hombre,FALSE,FALSE,VOX,VOX
generales_2023_07,2023,Senado,Zamora,1,Andrea Flores Ferrero,Mujer,TRUE,FALSE,VOX,VOX
generales_2023_07,2023,Senado,Zamora,2,María Emma Carbajo Flores,Mujer,FALSE,FALSE,VOX,VOX
generales_2023_07,2023,Senado,Zamora,2,Francisco Javier Gutiérrez Rodríguez,Hombre,TRUE,FALSE,VOX,VOX
generales_2023_07,2023,Senado,Zamora,3,María Basilisa Ferrero del Río,Mujer,FALSE,FALSE,VOX,VOX
generales_2023_07,2023,Senado,Zamora,3,Daniel López Torrero,Hombre,TRUE,FALSE,VOX,VOX
generales_2023_07,2023,Senado,Zaragoza,1,Adrián Sarasa Liñán,Hombre,FALSE,FALSE,VOX,VOX
generales_2023_07,2023,Senado,Zaragoza,1,María Pilar Real Díaz,Mujer,TRUE,FALSE,VOX,VOX
generales_2023_07,2023,Senado,Zaragoza,2,María de la Soledad Recio Laza,Mujer,FALSE,FALSE,VOX,VOX
generales_2023_07,2023,Senado,Zaragoza,2,Jesús Gómez Ulecia,Hombre,TRUE,FALSE,VOX,VOX
generales_2023_07,2023,Senado,Zaragoza,3,Ángel José Subirá Subirá,Hombre,FALSE,FALSE,VOX,VOX
generales_2023_07,2023,Senado,Zaragoza,3,Luis Javier Lorén Torres,Hombre,TRUE,FALSE,VOX,VOX
