estudio,eleccion,ambito,ccaa,provincia,circunscripcion,partido,escanos_min,escanos_max,escanos_mas_probable,escanos_circunscripcion,texto_pdf,pagina,formato,etiqueta_pdf
3022,europeas_2014_05,nacional,NA,NA,España,PP,20,21,NA,NA,20-21,3,bloques,(en % sobre | (en %) | voto válido)
3022,europeas_2014_05,nacional,NA,NA,España,PSOE,18,19,NA,NA,18-19,3,bloques,(en % sobre | (en %) | voto válido)
3022,europeas_2014_05,nacional,NA,NA,España,IU,5,5,NA,NA,5,3,bloques,(en % sobre | (en %) | voto válido)
3022,europeas_2014_05,nacional,NA,NA,España,UPyD,3,3,NA,NA,3,3,bloques,(en % sobre | (en %) | voto válido)
3022,europeas_2014_05,nacional,NA,NA,España,Coalición por Europa (CEU),3,3,NA,NA,3,3,bloques,(en % sobre | (en %) | voto válido)
3022,europeas_2014_05,nacional,NA,NA,España,ERC,2,2,NA,NA,2,3,bloques,(en % sobre | (en %) | voto válido)
3022,europeas_2014_05,nacional,NA,NA,España,Los Pueblos Deciden,1,1,NA,NA,1,3,bloques,(en % sobre | (en %) | voto válido)
3022,europeas_2014_05,nacional,NA,NA,España,Primavera Europea,0,0,NA,NA,0,3,bloques,(en % sobre | (en %) | voto válido)
3022,europeas_2014_05,nacional,NA,NA,España,Ciudadanos,0,0,NA,NA,0,3,bloques,(en % sobre | (en %) | voto válido)
3022,europeas_2014_05,nacional,NA,NA,España,Vox,0,0,NA,NA,0,3,bloques,(en % sobre | (en %) | voto válido)
3022,europeas_2014_05,nacional,NA,NA,España,Podemos,1,1,NA,NA,1,3,bloques,(en % sobre | (en %) | voto válido)
3022,europeas_2014_05,nacional,NA,NA,España,Otros,0,0,NA,NA,0,3,bloques,(en % sobre | (en %) | voto válido)
3053,autonomicas_2015_03,comunidad,Andalucía,NA,Andalucía,PP,34,34,NA,NA,34,3,bloques,encuesta (% sobre voto | 1 encuesta CIS 2012 | (en %) válido)
3053,autonomicas_2015_03,comunidad,Andalucía,NA,Andalucía,PSOE,44,44,NA,NA,44,3,bloques,encuesta (% sobre voto | 1 encuesta CIS 2012 | (en %) válido)
3053,autonomicas_2015_03,comunidad,Andalucía,NA,Andalucía,IU,4,5,NA,NA,4-5,3,bloques,encuesta (% sobre voto | 1 encuesta CIS 2012 | (en %) válido)
3053,autonomicas_2015_03,comunidad,Andalucía,NA,Andalucía,UPyD,0,0,NA,NA,-,3,bloques,encuesta (% sobre voto | 1 encuesta CIS 2012 | (en %) válido)
3053,autonomicas_2015_03,comunidad,Andalucía,NA,Andalucía,Podemos,21,22,NA,NA,21-22,3,bloques,encuesta (% sobre voto | 1 encuesta CIS 2012 | (en %) válido)
3053,autonomicas_2015_03,comunidad,Andalucía,NA,Andalucía,Ciudadanos,5,5,NA,NA,5,3,bloques,encuesta (% sobre voto | 1 encuesta CIS 2012 | (en %) válido)
3053,autonomicas_2015_03,comunidad,Andalucía,NA,Andalucía,PA,0,0,NA,NA,-,3,bloques,encuesta (% sobre voto | 1 encuesta CIS 2012 | (en %) válido)
3053,autonomicas_2015_03,provincia,Andalucía,Almería,Almería,PP,4,4,NA,NA,4,4,bloques,encuesta (% sobre voto 2012 | 2 encuesta CIS | (en %) válido)
3053,autonomicas_2015_03,provincia,Andalucía,Almería,Almería,PSOE,5,5,NA,NA,5,4,bloques,encuesta (% sobre voto 2012 | 2 encuesta CIS | (en %) válido)
3053,autonomicas_2015_03,provincia,Andalucía,Almería,Almería,IU,0,0,NA,NA,-,4,bloques,encuesta (% sobre voto 2012 | 2 encuesta CIS | (en %) válido)
3053,autonomicas_2015_03,provincia,Andalucía,Almería,Almería,UPyD,0,0,NA,NA,-,4,bloques,encuesta (% sobre voto 2012 | 2 encuesta CIS | (en %) válido)
3053,autonomicas_2015_03,provincia,Andalucía,Almería,Almería,Podemos,2,2,NA,NA,2,4,bloques,encuesta (% sobre voto 2012 | 2 encuesta CIS | (en %) válido)
3053,autonomicas_2015_03,provincia,Andalucía,Almería,Almería,Ciudadanos,1,1,NA,NA,1,4,bloques,encuesta (% sobre voto 2012 | 2 encuesta CIS | (en %) válido)
3053,autonomicas_2015_03,provincia,Andalucía,Almería,Almería,PA,0,0,NA,NA,-,4,bloques,encuesta (% sobre voto 2012 | 2 encuesta CIS | (en %) válido)
3053,autonomicas_2015_03,provincia,Andalucía,Cádiz,Cádiz,PP,4,4,NA,NA,4,5,bloques,encuesta (% sobre voto 2012 | 3 encuesta CIS | (en %) válido)
3053,autonomicas_2015_03,provincia,Andalucía,Cádiz,Cádiz,PSOE,5,5,NA,NA,5,5,bloques,encuesta (% sobre voto 2012 | 3 encuesta CIS | (en %) válido)
3053,autonomicas_2015_03,provincia,Andalucía,Cádiz,Cádiz,IU,1,1,NA,NA,1,5,bloques,encuesta (% sobre voto 2012 | 3 encuesta CIS | (en %) válido)
3053,autonomicas_2015_03,provincia,Andalucía,Cádiz,Cádiz,UPyD,0,0,NA,NA,-,5,bloques,encuesta (% sobre voto 2012 | 3 encuesta CIS | (en %) válido)
3053,autonomicas_2015_03,provincia,Andalucía,Cádiz,Cádiz,Podemos,4,4,NA,NA,4,5,bloques,encuesta (% sobre voto 2012 | 3 encuesta CIS | (en %) válido)
3053,autonomicas_2015_03,provincia,Andalucía,Cádiz,Cádiz,Ciudadanos,1,1,NA,NA,1,5,bloques,encuesta (% sobre voto 2012 | 3 encuesta CIS | (en %) válido)
3053,autonomicas_2015_03,provincia,Andalucía,Cádiz,Cádiz,PA,0,0,NA,NA,-,5,bloques,encuesta (% sobre voto 2012 | 3 encuesta CIS | (en %) válido)
3053,autonomicas_2015_03,provincia,Andalucía,Córdoba,Córdoba,PP,4,4,NA,NA,4,6,bloques,encuesta (% sobre voto 2012 | 4 encuesta CIS | (en %) válido)
3053,autonomicas_2015_03,provincia,Andalucía,Córdoba,Córdoba,PSOE,5,5,NA,NA,5,6,bloques,encuesta (% sobre voto 2012 | 4 encuesta CIS | (en %) válido)
3053,autonomicas_2015_03,provincia,Andalucía,Córdoba,Córdoba,IU,0,1,NA,NA,0-1,6,bloques,encuesta (% sobre voto 2012 | 4 encuesta CIS | (en %) válido)
3053,autonomicas_2015_03,provincia,Andalucía,Córdoba,Córdoba,UPyD,0,0,NA,NA,-,6,bloques,encuesta (% sobre voto 2012 | 4 encuesta CIS | (en %) válido)
3053,autonomicas_2015_03,provincia,Andalucía,Córdoba,Córdoba,Podemos,2,3,NA,NA,2-3,6,bloques,encuesta (% sobre voto 2012 | 4 encuesta CIS | (en %) válido)
3053,autonomicas_2015_03,provincia,Andalucía,Córdoba,Córdoba,Ciudadanos,0,0,NA,NA,-,6,bloques,encuesta (% sobre voto 2012 | 4 encuesta CIS | (en %) válido)
3053,autonomicas_2015_03,provincia,Andalucía,Córdoba,Córdoba,PA,0,0,NA,NA,-,6,bloques,encuesta (% sobre voto 2012 | 4 encuesta CIS | (en %) válido)
3053,autonomicas_2015_03,provincia,Andalucía,Granada,Granada,PP,4,4,NA,NA,4,7,bloques,encuesta (% sobre voto 2012 | 5 encuesta CIS | (en %) válido)
3053,autonomicas_2015_03,provincia,Andalucía,Granada,Granada,PSOE,5,5,NA,NA,5,7,bloques,encuesta (% sobre voto 2012 | 5 encuesta CIS | (en %) válido)
3053,autonomicas_2015_03,provincia,Andalucía,Granada,Granada,IU,1,1,NA,NA,1,7,bloques,encuesta (% sobre voto 2012 | 5 encuesta CIS | (en %) válido)
3053,autonomicas_2015_03,provincia,Andalucía,Granada,Granada,UPyD,0,0,NA,NA,-,7,bloques,encuesta (% sobre voto 2012 | 5 encuesta CIS | (en %) válido)
3053,autonomicas_2015_03,provincia,Andalucía,Granada,Granada,Podemos,2,2,NA,NA,2,7,bloques,encuesta (% sobre voto 2012 | 5 encuesta CIS | (en %) válido)
3053,autonomicas_2015_03,provincia,Andalucía,Granada,Granada,Ciudadanos,1,1,NA,NA,1,7,bloques,encuesta (% sobre voto 2012 | 5 encuesta CIS | (en %) válido)
3053,autonomicas_2015_03,provincia,Andalucía,Granada,Granada,PA,0,0,NA,NA,-,7,bloques,encuesta (% sobre voto 2012 | 5 encuesta CIS | (en %) válido)
3053,autonomicas_2015_03,provincia,Andalucía,Huelva,Huelva,PP,4,4,NA,NA,4,8,bloques,encuesta (% sobre voto 2012 | 6 encuesta CIS | (en %) válido)
3053,autonomicas_2015_03,provincia,Andalucía,Huelva,Huelva,PSOE,5,5,NA,NA,5,8,bloques,encuesta (% sobre voto 2012 | 6 encuesta CIS | (en %) válido)
3053,autonomicas_2015_03,provincia,Andalucía,Huelva,Huelva,IU,0,0,NA,NA,-,8,bloques,encuesta (% sobre voto 2012 | 6 encuesta CIS | (en %) válido)
3053,autonomicas_2015_03,provincia,Andalucía,Huelva,Huelva,UPyD,0,0,NA,NA,-,8,bloques,encuesta (% sobre voto 2012 | 6 encuesta CIS | (en %) válido)
3053,autonomicas_2015_03,provincia,Andalucía,Huelva,Huelva,Podemos,2,2,NA,NA,2,8,bloques,encuesta (% sobre voto 2012 | 6 encuesta CIS | (en %) válido)
3053,autonomicas_2015_03,provincia,Andalucía,Huelva,Huelva,Ciudadanos,0,0,NA,NA,-,8,bloques,encuesta (% sobre voto 2012 | 6 encuesta CIS | (en %) válido)
3053,autonomicas_2015_03,provincia,Andalucía,Huelva,Huelva,PA,0,0,NA,NA,-,8,bloques,encuesta (% sobre voto 2012 | 6 encuesta CIS | (en %) válido)
3053,autonomicas_2015_03,provincia,Andalucía,Jaén,Jaén,PP,4,4,NA,NA,4,9,bloques,encuesta (% sobre voto 2012 | 7 encuesta CIS | (en %) válido)
3053,autonomicas_2015_03,provincia,Andalucía,Jaén,Jaén,PSOE,5,5,NA,NA,5,9,bloques,encuesta (% sobre voto 2012 | 7 encuesta CIS | (en %) válido)
3053,autonomicas_2015_03,provincia,Andalucía,Jaén,Jaén,IU,0,0,NA,NA,-,9,bloques,encuesta (% sobre voto 2012 | 7 encuesta CIS | (en %) válido)
3053,autonomicas_2015_03,provincia,Andalucía,Jaén,Jaén,UPyD,0,0,NA,NA,-,9,bloques,encuesta (% sobre voto 2012 | 7 encuesta CIS | (en %) válido)
3053,autonomicas_2015_03,provincia,Andalucía,Jaén,Jaén,Podemos,2,2,NA,NA,2,9,bloques,encuesta (% sobre voto 2012 | 7 encuesta CIS | (en %) válido)
3053,autonomicas_2015_03,provincia,Andalucía,Jaén,Jaén,Ciudadanos,0,0,NA,NA,-,9,bloques,encuesta (% sobre voto 2012 | 7 encuesta CIS | (en %) válido)
3053,autonomicas_2015_03,provincia,Andalucía,Jaén,Jaén,PA,0,0,NA,NA,-,9,bloques,encuesta (% sobre voto 2012 | 7 encuesta CIS | (en %) válido)
3053,autonomicas_2015_03,provincia,Andalucía,Málaga,Málaga,PP,6,6,NA,NA,6,10,bloques,encuesta (% sobre voto | 8 encuesta CIS 2012 | (en %) válido)
3053,autonomicas_2015_03,provincia,Andalucía,Málaga,Málaga,PSOE,6,6,NA,NA,6,10,bloques,encuesta (% sobre voto | 8 encuesta CIS 2012 | (en %) válido)
3053,autonomicas_2015_03,provincia,Andalucía,Málaga,Málaga,IU,1,1,NA,NA,1,10,bloques,encuesta (% sobre voto | 8 encuesta CIS 2012 | (en %) válido)
3053,autonomicas_2015_03,provincia,Andalucía,Málaga,Málaga,UPyD,0,0,NA,NA,-,10,bloques,encuesta (% sobre voto | 8 encuesta CIS 2012 | (en %) válido)
3053,autonomicas_2015_03,provincia,Andalucía,Málaga,Málaga,Podemos,3,3,NA,NA,3,10,bloques,encuesta (% sobre voto | 8 encuesta CIS 2012 | (en %) válido)
3053,autonomicas_2015_03,provincia,Andalucía,Málaga,Málaga,Ciudadanos,1,1,NA,NA,1,10,bloques,encuesta (% sobre voto | 8 encuesta CIS 2012 | (en %) válido)
3053,autonomicas_2015_03,provincia,Andalucía,Málaga,Málaga,PA,0,0,NA,NA,-,10,bloques,encuesta (% sobre voto | 8 encuesta CIS 2012 | (en %) válido)
3053,autonomicas_2015_03,provincia,Andalucía,Sevilla,Sevilla,PP,4,4,NA,NA,4,11,bloques,encuesta (% sobre voto | 9 encuesta CIS 2012 | (en %) válido)
3053,autonomicas_2015_03,provincia,Andalucía,Sevilla,Sevilla,PSOE,8,8,NA,NA,8,11,bloques,encuesta (% sobre voto | 9 encuesta CIS 2012 | (en %) válido)
3053,autonomicas_2015_03,provincia,Andalucía,Sevilla,Sevilla,IU,1,1,NA,NA,1,11,bloques,encuesta (% sobre voto | 9 encuesta CIS 2012 | (en %) válido)
3053,autonomicas_2015_03,provincia,Andalucía,Sevilla,Sevilla,UPyD,0,0,NA,NA,-,11,bloques,encuesta (% sobre voto | 9 encuesta CIS 2012 | (en %) válido)
3053,autonomicas_2015_03,provincia,Andalucía,Sevilla,Sevilla,Podemos,4,4,NA,NA,4,11,bloques,encuesta (% sobre voto | 9 encuesta CIS 2012 | (en %) válido)
3053,autonomicas_2015_03,provincia,Andalucía,Sevilla,Sevilla,Ciudadanos,1,1,NA,NA,1,11,bloques,encuesta (% sobre voto | 9 encuesta CIS 2012 | (en %) válido)
3053,autonomicas_2015_03,provincia,Andalucía,Sevilla,Sevilla,PA,0,0,NA,NA,-,11,bloques,encuesta (% sobre voto | 9 encuesta CIS 2012 | (en %) válido)
3060,municipales_2015_05,municipio,Cataluña,NA,Barcelona,PP,4,4,NA,NA,4,3,bloques,encuesta (% sobre voto | 1 CIS en 2011 | (en %) válido)
3060,municipales_2015_05,municipio,Cataluña,NA,Barcelona,PSC,5,5,NA,NA,5,3,bloques,encuesta (% sobre voto | 1 CIS en 2011 | (en %) válido)
3060,municipales_2015_05,municipio,Cataluña,NA,Barcelona,UPyD,0,0,NA,NA,--,3,bloques,encuesta (% sobre voto | 1 CIS en 2011 | (en %) válido)
3060,municipales_2015_05,municipio,Cataluña,NA,Barcelona,Entesa (Barcelona en comú,11,11,NA,NA,11,3,bloques,encuesta (% sobre voto | 1 CIS en 2011 | (en %) válido)
3060,municipales_2015_05,municipio,Cataluña,NA,Barcelona,Ciutadans,6,6,NA,NA,6,3,bloques,encuesta (% sobre voto | 1 CIS en 2011 | (en %) válido)
3060,municipales_2015_05,municipio,Cataluña,NA,Barcelona,CiU,8,8,NA,NA,8,3,bloques,encuesta (% sobre voto | 1 CIS en 2011 | (en %) válido)
3060,municipales_2015_05,municipio,Cataluña,NA,Barcelona,ERC,4,4,NA,NA,4,3,bloques,encuesta (% sobre voto | 1 CIS en 2011 | (en %) válido)
3060,municipales_2015_05,municipio,Cataluña,NA,Barcelona,CUP,3,3,NA,NA,3,3,bloques,encuesta (% sobre voto | 1 CIS en 2011 | (en %) válido)
3061,municipales_2015_05,municipio,Andalucía,NA,Sevilla,PP,20,20,NA,NA,20,3,bloques,(% sobre voto en 2011 | (en %)1 CIS | válido)
3061,municipales_2015_05,municipio,Andalucía,NA,Sevilla,PSOE,11,11,NA,NA,11,3,bloques,(% sobre voto en 2011 | (en %)1 CIS | válido)
3061,municipales_2015_05,municipio,Andalucía,NA,Sevilla,IU,2,2,NA,NA,2,3,bloques,(% sobre voto en 2011 | (en %)1 CIS | válido)
3061,municipales_2015_05,municipio,Andalucía,NA,Sevilla,UPyD,0,0,NA,NA,--,3,bloques,(% sobre voto en 2011 | (en %)1 CIS | válido)
3062,municipales_2015_05,municipio,País Vasco,NA,Vitoria-Gasteiz,PP,9,9,NA,NA,9,3,bloques,1 (% sobre voto en 2011 | (en %) CIS | válido)
3062,municipales_2015_05,municipio,País Vasco,NA,Vitoria-Gasteiz,PSE-PSOE,6,6,NA,NA,6,3,bloques,1 (% sobre voto en 2011 | (en %) CIS | válido)
3062,municipales_2015_05,municipio,País Vasco,NA,Vitoria-Gasteiz,UPyD,0,0,NA,NA,--,3,bloques,1 (% sobre voto en 2011 | (en %) CIS | válido)
3062,municipales_2015_05,municipio,País Vasco,NA,Vitoria-Gasteiz,PNV,6,6,NA,NA,6,3,bloques,1 (% sobre voto en 2011 | (en %) CIS | válido)
3062,municipales_2015_05,municipio,País Vasco,NA,Vitoria-Gasteiz,EH-Bildu,6,6,NA,NA,6,3,bloques,1 (% sobre voto en 2011 | (en %) CIS | válido)
3062,municipales_2015_05,municipio,País Vasco,NA,Vitoria-Gasteiz,Hemen-Gaude,0,0,NA,NA,--,3,bloques,1 (% sobre voto en 2011 | (en %) CIS | válido)
3063,municipales_2015_05,municipio,Galicia,NA,Santiago de Compostela,PP,13,13,NA,NA,13,3,bloques,1 en 2011 | (en %) sobre voto CIS | válido)
3063,municipales_2015_05,municipio,Galicia,NA,Santiago de Compostela,PSdeG-PSOE,9,9,NA,NA,9,3,bloques,1 en 2011 | (en %) sobre voto CIS | válido)
3063,municipales_2015_05,municipio,Galicia,NA,Santiago de Compostela,UPyD,0,0,NA,NA,--,3,bloques,1 en 2011 | (en %) sobre voto CIS | válido)
3063,municipales_2015_05,municipio,Galicia,NA,Santiago de Compostela,BNG,3,3,NA,NA,3,3,bloques,1 en 2011 | (en %) sobre voto CIS | válido)
3064,autonomicas_2015_05,comunidad,Aragón,NA,Aragón,PP,23,24,NA,NA,23-24,3,bloques,1 (% sobre voto | (en %) CIS en 2011 | válido)
3064,autonomicas_2015_05,comunidad,Aragón,NA,Aragón,PSOE,17,17,NA,NA,17,3,bloques,1 (% sobre voto | (en %) CIS en 2011 | válido)
3064,autonomicas_2015_05,comunidad,Aragón,NA,Aragón,IU,3,3,NA,NA,3,3,bloques,1 (% sobre voto | (en %) CIS en 2011 | válido)
3064,autonomicas_2015_05,comunidad,Aragón,NA,Aragón,UPyD,0,0,NA,NA,--,3,bloques,1 (% sobre voto | (en %) CIS en 2011 | válido)
3064,autonomicas_2015_05,comunidad,Aragón,NA,Aragón,Podemos,9,9,NA,NA,9,3,bloques,1 (% sobre voto | (en %) CIS en 2011 | válido)
3064,autonomicas_2015_05,comunidad,Aragón,NA,Aragón,Ciudadanos,8,9,NA,NA,8-9,3,bloques,1 (% sobre voto | (en %) CIS en 2011 | válido)
3064,autonomicas_2015_05,comunidad,Aragón,NA,Aragón,CHA,2,2,NA,NA,2,3,bloques,1 (% sobre voto | (en %) CIS en 2011 | válido)
3064,autonomicas_2015_05,comunidad,Aragón,NA,Aragón,PAR,4,4,NA,NA,4,3,bloques,1 (% sobre voto | (en %) CIS en 2011 | válido)
3065,autonomicas_2015_05,comunidad,Comunidad de Madrid,Madrid,Comunidad de Madrid,PP,48,49,NA,NA,48-49,3,bloques,encuesta (% sobre voto | 1 encuesta CIS 2011 | (en %) válido)
3065,autonomicas_2015_05,comunidad,Comunidad de Madrid,Madrid,Comunidad de Madrid,PSOE,27,28,NA,NA,27-28,3,bloques,encuesta (% sobre voto | 1 encuesta CIS 2011 | (en %) válido)
3065,autonomicas_2015_05,comunidad,Comunidad de Madrid,Madrid,Comunidad de Madrid,IU-LV,7,7,NA,NA,7,3,bloques,encuesta (% sobre voto | 1 encuesta CIS 2011 | (en %) válido)
3065,autonomicas_2015_05,comunidad,Comunidad de Madrid,Madrid,Comunidad de Madrid,UPyD,0,0,NA,NA,--,3,bloques,encuesta (% sobre voto | 1 encuesta CIS 2011 | (en %) válido)
3065,autonomicas_2015_05,comunidad,Comunidad de Madrid,Madrid,Comunidad de Madrid,Podemos,24,24,NA,NA,24,3,bloques,encuesta (% sobre voto | 1 encuesta CIS 2011 | (en %) válido)
3065,autonomicas_2015_05,comunidad,Comunidad de Madrid,Madrid,Comunidad de Madrid,Ciudadanos,22,23,NA,NA,22-23,3,bloques,encuesta (% sobre voto | 1 encuesta CIS 2011 | (en %) válido)
3066,autonomicas_2015_05,comunidad,Comunitat Valenciana,NA,Comunitat Valenciana,PP,33,35,NA,NA,33-35,3,bloques,encuesta (% sobre voto escaños CIS | 1 2011 | (en %) válido)
3066,autonomicas_2015_05,comunidad,Comunitat Valenciana,NA,Comunitat Valenciana,PSOE,22,23,NA,NA,22-23,3,bloques,encuesta (% sobre voto escaños CIS | 1 2011 | (en %) válido)
3066,autonomicas_2015_05,comunidad,Comunitat Valenciana,NA,Comunitat Valenciana,IU,0,0,NA,NA,--,3,bloques,encuesta (% sobre voto escaños CIS | 1 2011 | (en %) válido)
3066,autonomicas_2015_05,comunidad,Comunitat Valenciana,NA,Comunitat Valenciana,UPyD,0,0,NA,NA,--,3,bloques,encuesta (% sobre voto escaños CIS | 1 2011 | (en %) válido)
3066,autonomicas_2015_05,comunidad,Comunitat Valenciana,NA,Comunitat Valenciana,Podemos,19,19,NA,NA,19,3,bloques,encuesta (% sobre voto escaños CIS | 1 2011 | (en %) válido)
3066,autonomicas_2015_05,comunidad,Comunitat Valenciana,NA,Comunitat Valenciana,Ciudadanos,16,16,NA,NA,16,3,bloques,encuesta (% sobre voto escaños CIS | 1 2011 | (en %) válido)
3066,autonomicas_2015_05,comunidad,Comunitat Valenciana,NA,Comunitat Valenciana,Compromís,7,8,NA,NA,7-8,3,bloques,encuesta (% sobre voto escaños CIS | 1 2011 | (en %) válido)
3067,autonomicas_2015_05,comunidad,Principado de Asturias,Asturias,Principado de Asturias,PP,11,11,NA,NA,11,3,bloques,encuesta (% sobre voto | 1 encuesta CIS 2012 | (en %) válido)
3067,autonomicas_2015_05,comunidad,Principado de Asturias,Asturias,Principado de Asturias,PSOE,13,13,NA,NA,13,3,bloques,encuesta (% sobre voto | 1 encuesta CIS 2012 | (en %) válido)
3067,autonomicas_2015_05,comunidad,Principado de Asturias,Asturias,Principado de Asturias,IU,2,2,NA,NA,2,3,bloques,encuesta (% sobre voto | 1 encuesta CIS 2012 | (en %) válido)
3067,autonomicas_2015_05,comunidad,Principado de Asturias,Asturias,Principado de Asturias,UPyD,0,0,NA,NA,--,3,bloques,encuesta (% sobre voto | 1 encuesta CIS 2012 | (en %) válido)
3067,autonomicas_2015_05,comunidad,Principado de Asturias,Asturias,Principado de Asturias,Podemos,10,10,NA,NA,10,3,bloques,encuesta (% sobre voto | 1 encuesta CIS 2012 | (en %) válido)
3067,autonomicas_2015_05,comunidad,Principado de Asturias,Asturias,Principado de Asturias,Ciudadanos,4,4,NA,NA,4,3,bloques,encuesta (% sobre voto | 1 encuesta CIS 2012 | (en %) válido)
3067,autonomicas_2015_05,comunidad,Principado de Asturias,Asturias,Principado de Asturias,Foro (FAC),5,5,NA,NA,5,3,bloques,encuesta (% sobre voto | 1 encuesta CIS 2012 | (en %) válido)
3068,autonomicas_2015_05,comunidad,Illes Balears,NA,Illes Balears,PP,19,20,NA,NA,19-20,3,bloques,encuesta (% sobre | 1 encuesta CIS 2011 | (en %) voto válido)
3068,autonomicas_2015_05,comunidad,Illes Balears,NA,Illes Balears,PSOE,14,15,NA,NA,14-15,3,bloques,encuesta (% sobre | 1 encuesta CIS 2011 | (en %) voto válido)
3068,autonomicas_2015_05,comunidad,Illes Balears,NA,Illes Balears,EU-Guanyem,0,0,NA,NA,--,3,bloques,encuesta (% sobre | 1 encuesta CIS 2011 | (en %) voto válido)
3068,autonomicas_2015_05,comunidad,Illes Balears,NA,Illes Balears,UPyD,0,0,NA,NA,--,3,bloques,encuesta (% sobre | 1 encuesta CIS 2011 | (en %) voto válido)
3068,autonomicas_2015_05,comunidad,Illes Balears,NA,Illes Balears,Podemos,10,10,NA,NA,10,3,bloques,encuesta (% sobre | 1 encuesta CIS 2011 | (en %) voto válido)
3068,autonomicas_2015_05,comunidad,Illes Balears,NA,Illes Balears,Ciudadanos,9,9,NA,NA,9,3,bloques,encuesta (% sobre | 1 encuesta CIS 2011 | (en %) voto válido)
3068,autonomicas_2015_05,comunidad,Illes Balears,NA,Illes Balears,MES,5,5,NA,NA,5,3,bloques,encuesta (% sobre | 1 encuesta CIS 2011 | (en %) voto válido)
3068,autonomicas_2015_05,comunidad,Illes Balears,NA,Illes Balears,PI,0,0,NA,NA,--,3,bloques,encuesta (% sobre | 1 encuesta CIS 2011 | (en %) voto válido)
3068,autonomicas_2015_05,comunidad,Illes Balears,NA,Illes Balears,Gent per Formentera,1,1,NA,NA,1,3,bloques,encuesta (% sobre | 1 encuesta CIS 2011 | (en %) voto válido)
3069,autonomicas_2015_05,comunidad,Canarias,NA,Canarias,PP,12,14,NA,NA,12-14,3,bloques,encuesta (% sobre voto | 1 encuesta CIS 2011 | (en %) válido)
3069,autonomicas_2015_05,comunidad,Canarias,NA,Canarias,PSOE,15,16,NA,NA,15-16,3,bloques,encuesta (% sobre voto | 1 encuesta CIS 2011 | (en %) válido)
3069,autonomicas_2015_05,comunidad,Canarias,NA,Canarias,Canarias Decide,0,0,NA,NA,--,3,bloques,encuesta (% sobre voto | 1 encuesta CIS 2011 | (en %) válido)
3069,autonomicas_2015_05,comunidad,Canarias,NA,Canarias,UPyD,0,0,NA,NA,--,3,bloques,encuesta (% sobre voto | 1 encuesta CIS 2011 | (en %) válido)
3069,autonomicas_2015_05,comunidad,Canarias,NA,Canarias,Podemos,10,10,NA,NA,10,3,bloques,encuesta (% sobre voto | 1 encuesta CIS 2011 | (en %) válido)
3069,autonomicas_2015_05,comunidad,Canarias,NA,Canarias,Ciudadanos,4,5,NA,NA,4-5,3,bloques,encuesta (% sobre voto | 1 encuesta CIS 2011 | (en %) válido)
3069,autonomicas_2015_05,comunidad,Canarias,NA,Canarias,CC-PNC,17,17,NA,NA,17,3,bloques,encuesta (% sobre voto | 1 encuesta CIS 2011 | (en %) válido)
3069,autonomicas_2015_05,comunidad,Canarias,NA,Canarias,Nueva Canarias,0,0,NA,NA,--,3,bloques,encuesta (% sobre voto | 1 encuesta CIS 2011 | (en %) válido)
3070,autonomicas_2015_05,comunidad,Cantabria,Cantabria,Cantabria,PP,13,14,NA,NA,13-14,3,bloques,Estimación Escaños | en la voto CIS | escaños obtenidos en
3070,autonomicas_2015_05,comunidad,Cantabria,Cantabria,Cantabria,PSOE,6,6,NA,NA,6,3,bloques,Estimación Escaños | en la voto CIS | escaños obtenidos en
3070,autonomicas_2015_05,comunidad,Cantabria,Cantabria,Cantabria,IU,0,0,NA,NA,--,3,bloques,Estimación Escaños | en la voto CIS | escaños obtenidos en
3070,autonomicas_2015_05,comunidad,Cantabria,Cantabria,Cantabria,UPyD,0,0,NA,NA,--,3,bloques,Estimación Escaños | en la voto CIS | escaños obtenidos en
3070,autonomicas_2015_05,comunidad,Cantabria,Cantabria,Cantabria,Podemos,3,3,NA,NA,3,3,bloques,Estimación Escaños | en la voto CIS | escaños obtenidos en
3070,autonomicas_2015_05,comunidad,Cantabria,Cantabria,Cantabria,Ciudadanos,4,4,NA,NA,4,3,bloques,Estimación Escaños | en la voto CIS | escaños obtenidos en
3070,autonomicas_2015_05,comunidad,Cantabria,Cantabria,Cantabria,PRC,8,9,NA,NA,8-9,3,bloques,Estimación Escaños | en la voto CIS | escaños obtenidos en
3071,autonomicas_2015_05,comunidad,Castilla-La Mancha,NA,Castilla-La Mancha,PP,14,15,NA,NA,14-15,3,bloques,1 (% sobre voto 2 | (en %) CIS en 2011 | válido)
3071,autonomicas_2015_05,comunidad,Castilla-La Mancha,NA,Castilla-La Mancha,PSOE,13,13,NA,NA,13,3,bloques,1 (% sobre voto 2 | (en %) CIS en 2011 | válido)
3071,autonomicas_2015_05,comunidad,Castilla-La Mancha,NA,Castilla-La Mancha,Ganemos-IU,0,0,NA,NA,--,3,bloques,1 (% sobre voto 2 | (en %) CIS en 2011 | válido)
3071,autonomicas_2015_05,comunidad,Castilla-La Mancha,NA,Castilla-La Mancha,UPyD,0,0,NA,NA,--,3,bloques,1 (% sobre voto 2 | (en %) CIS en 2011 | válido)
3071,autonomicas_2015_05,comunidad,Castilla-La Mancha,NA,Castilla-La Mancha,Podemos,2,2,NA,NA,2,3,bloques,1 (% sobre voto 2 | (en %) CIS en 2011 | válido)
3071,autonomicas_2015_05,comunidad,Castilla-La Mancha,NA,Castilla-La Mancha,Ciudadanos,3,4,NA,NA,3-4,3,bloques,1 (% sobre voto 2 | (en %) CIS en 2011 | válido)
3072,autonomicas_2015_05,comunidad,Castilla y León,NA,Castilla y León,PP,43,44,NA,NA,43-44,3,bloques,encuesta (% sobre | 1 encuesta CIS 2011 | (en %) voto válido)
3072,autonomicas_2015_05,comunidad,Castilla y León,NA,Castilla y León,PSOE,20,21,NA,NA,20-21,3,bloques,encuesta (% sobre | 1 encuesta CIS 2011 | (en %) voto válido)
3072,autonomicas_2015_05,comunidad,Castilla y León,NA,Castilla y León,IU,1,1,NA,NA,1,3,bloques,encuesta (% sobre | 1 encuesta CIS 2011 | (en %) voto válido)
3072,autonomicas_2015_05,comunidad,Castilla y León,NA,Castilla y León,UPyD,0,0,NA,NA,--,3,bloques,encuesta (% sobre | 1 encuesta CIS 2011 | (en %) voto válido)
3072,autonomicas_2015_05,comunidad,Castilla y León,NA,Castilla y León,Podemos,8,10,NA,NA,8-10,3,bloques,encuesta (% sobre | 1 encuesta CIS 2011 | (en %) voto válido)
3072,autonomicas_2015_05,comunidad,Castilla y León,NA,Castilla y León,Ciudadanos,9,9,NA,NA,9,3,bloques,encuesta (% sobre | 1 encuesta CIS 2011 | (en %) voto válido)
3072,autonomicas_2015_05,comunidad,Castilla y León,NA,Castilla y León,UPL,1,1,NA,NA,1,3,bloques,encuesta (% sobre | 1 encuesta CIS 2011 | (en %) voto válido)
3073,autonomicas_2015_05,comunidad,Extremadura,NA,Extremadura,PP,24,26,NA,NA,24-26,3,bloques,encuesta (% sobre | 1 CIS 2011 | (en %) voto válido)
3073,autonomicas_2015_05,comunidad,Extremadura,NA,Extremadura,PSOE,26,28,NA,NA,26-28,3,bloques,encuesta (% sobre | 1 CIS 2011 | (en %) voto válido)
3073,autonomicas_2015_05,comunidad,Extremadura,NA,Extremadura,IU,0,2,NA,NA,0-2,3,bloques,encuesta (% sobre | 1 CIS 2011 | (en %) voto válido)
3073,autonomicas_2015_05,comunidad,Extremadura,NA,Extremadura,UPyD,0,0,NA,NA,--,3,bloques,encuesta (% sobre | 1 CIS 2011 | (en %) voto válido)
3073,autonomicas_2015_05,comunidad,Extremadura,NA,Extremadura,Podemos,8,8,NA,NA,8,3,bloques,encuesta (% sobre | 1 CIS 2011 | (en %) voto válido)
3073,autonomicas_2015_05,comunidad,Extremadura,NA,Extremadura,Ciudadanos,4,4,NA,NA,4,3,bloques,encuesta (% sobre | 1 CIS 2011 | (en %) voto válido)
3074,autonomicas_2015_05,comunidad,Región de Murcia,Murcia,Región de Murcia,PP,21,22,NA,NA,21-22,3,bloques,encuesta (% sobre | 1 CIS 2011 | (en %) voto válido)
3074,autonomicas_2015_05,comunidad,Región de Murcia,Murcia,Región de Murcia,PSOE,11,12,NA,NA,11-12,3,bloques,encuesta (% sobre | 1 CIS 2011 | (en %) voto válido)
3074,autonomicas_2015_05,comunidad,Región de Murcia,Murcia,Región de Murcia,Ganar la RM (IU-Verdes-AS),0,0,NA,NA,--,3,bloques,encuesta (% sobre | 1 CIS 2011 | (en %) voto válido)
3074,autonomicas_2015_05,comunidad,Región de Murcia,Murcia,Región de Murcia,UPyD,0,0,NA,NA,--,3,bloques,encuesta (% sobre | 1 CIS 2011 | (en %) voto válido)
3074,autonomicas_2015_05,comunidad,Región de Murcia,Murcia,Región de Murcia,Podemos,6,6,NA,NA,6,3,bloques,encuesta (% sobre | 1 CIS 2011 | (en %) voto válido)
3074,autonomicas_2015_05,comunidad,Región de Murcia,Murcia,Región de Murcia,Ciudadanos,6,6,NA,NA,6,3,bloques,encuesta (% sobre | 1 CIS 2011 | (en %) voto válido)
3075,autonomicas_2015_05,comunidad,Navarra,Navarra,Navarra,PP,3,3,NA,NA,3,3,bloques,la encuesta sobre voto encuesta | 1 2011 | (en %) válido) CIS
3075,autonomicas_2015_05,comunidad,Navarra,Navarra,Navarra,PSOE,6,6,NA,NA,6,3,bloques,la encuesta sobre voto encuesta | 1 2011 | (en %) válido) CIS
3075,autonomicas_2015_05,comunidad,Navarra,Navarra,Navarra,Coalición Izquierda Ezquerra,2,2,NA,NA,2,3,bloques,la encuesta sobre voto encuesta | 1 2011 | (en %) válido) CIS
3075,autonomicas_2015_05,comunidad,Navarra,Navarra,Navarra,UPyD,0,0,NA,NA,--,3,bloques,la encuesta sobre voto encuesta | 1 2011 | (en %) válido) CIS
3075,autonomicas_2015_05,comunidad,Navarra,Navarra,Navarra,Podemos,11,11,NA,NA,11,3,bloques,la encuesta sobre voto encuesta | 1 2011 | (en %) válido) CIS
3075,autonomicas_2015_05,comunidad,Navarra,Navarra,Navarra,Ciudadanos,4,5,NA,NA,4-5,3,bloques,la encuesta sobre voto encuesta | 1 2011 | (en %) válido) CIS
3075,autonomicas_2015_05,comunidad,Navarra,Navarra,Navarra,UPN,11,12,NA,NA,11-12,3,bloques,la encuesta sobre voto encuesta | 1 2011 | (en %) válido) CIS
3075,autonomicas_2015_05,comunidad,Navarra,Navarra,Navarra,Geroa-Bai,5,5,NA,NA,5,3,bloques,la encuesta sobre voto encuesta | 1 2011 | (en %) válido) CIS
3075,autonomicas_2015_05,comunidad,Navarra,Navarra,Navarra,EH-Bildu,7,7,NA,NA,7,3,bloques,la encuesta sobre voto encuesta | 1 2011 | (en %) válido) CIS
3076,autonomicas_2015_05,comunidad,La Rioja,La Rioja,La Rioja,PP,15,16,NA,NA,15-16,3,bloques,encuesta (% sobre voto según | 1 2011 | (en %) válido) encuesta CIS
3076,autonomicas_2015_05,comunidad,La Rioja,La Rioja,La Rioja,PSOE,8,9,NA,NA,8-9,3,bloques,encuesta (% sobre voto según | 1 2011 | (en %) válido) encuesta CIS
3076,autonomicas_2015_05,comunidad,La Rioja,La Rioja,La Rioja,Cambia La Rioja-IU-EQUO,0,0,NA,NA,--,3,bloques,encuesta (% sobre voto según | 1 2011 | (en %) válido) encuesta CIS
3076,autonomicas_2015_05,comunidad,La Rioja,La Rioja,La Rioja,UPyD,0,0,NA,NA,--,3,bloques,encuesta (% sobre voto según | 1 2011 | (en %) válido) encuesta CIS
3076,autonomicas_2015_05,comunidad,La Rioja,La Rioja,La Rioja,Podemos,4,4,NA,NA,4,3,bloques,encuesta (% sobre voto según | 1 2011 | (en %) válido) encuesta CIS
3076,autonomicas_2015_05,comunidad,La Rioja,La Rioja,La Rioja,Ciudadanos,5,5,NA,NA,5,3,bloques,encuesta (% sobre voto según | 1 2011 | (en %) válido) encuesta CIS
3076,autonomicas_2015_05,comunidad,La Rioja,La Rioja,La Rioja,PR,0,0,NA,NA,--,3,bloques,encuesta (% sobre voto según | 1 2011 | (en %) válido) encuesta CIS
3077,autonomicas_2015_05,comunidad,Ceuta,Ceuta,Ceuta,PP,14,14,NA,NA,14,3,bloques,encuesta (% sobre | 1 CIS 2011 | (en %) voto válido)
3077,autonomicas_2015_05,comunidad,Ceuta,Ceuta,Ceuta,PSOE,6,6,NA,NA,6,3,bloques,encuesta (% sobre | 1 CIS 2011 | (en %) voto válido)
3077,autonomicas_2015_05,comunidad,Ceuta,Ceuta,Ceuta,IU,0,0,NA,NA,--,3,bloques,encuesta (% sobre | 1 CIS 2011 | (en %) voto válido)
3077,autonomicas_2015_05,comunidad,Ceuta,Ceuta,Ceuta,UPyD,0,0,NA,NA,--,3,bloques,encuesta (% sobre | 1 CIS 2011 | (en %) voto válido)
3077,autonomicas_2015_05,comunidad,Ceuta,Ceuta,Ceuta,Ciudadanos,2,2,NA,NA,2,3,bloques,encuesta (% sobre | 1 CIS 2011 | (en %) voto válido)
3077,autonomicas_2015_05,comunidad,Ceuta,Ceuta,Ceuta,Caballas,3,3,NA,NA,3,3,bloques,encuesta (% sobre | 1 CIS 2011 | (en %) voto válido)
3078,autonomicas_2015_05,comunidad,Melilla,Melilla,Melilla,PP,10,11,NA,NA,10-11,3,bloques,encuesta (% sobre | 1 CIS 2011 | (en %) voto válido)
3078,autonomicas_2015_05,comunidad,Melilla,Melilla,Melilla,PSOE,6,6,NA,NA,6,3,bloques,encuesta (% sobre | 1 CIS 2011 | (en %) voto válido)
3078,autonomicas_2015_05,comunidad,Melilla,Melilla,Melilla,IU,0,0,NA,NA,--,3,bloques,encuesta (% sobre | 1 CIS 2011 | (en %) voto válido)
3078,autonomicas_2015_05,comunidad,Melilla,Melilla,Melilla,UPyD,0,0,NA,NA,--,3,bloques,encuesta (% sobre | 1 CIS 2011 | (en %) voto válido)
3078,autonomicas_2015_05,comunidad,Melilla,Melilla,Melilla,Podemos,2,2,NA,NA,2,3,bloques,encuesta (% sobre | 1 CIS 2011 | (en %) voto válido)
3078,autonomicas_2015_05,comunidad,Melilla,Melilla,Melilla,Ciudadanos,1,2,NA,NA,1-2,3,bloques,encuesta (% sobre | 1 CIS 2011 | (en %) voto válido)
3078,autonomicas_2015_05,comunidad,Melilla,Melilla,Melilla,CpM,4,4,NA,NA,4,3,bloques,encuesta (% sobre | 1 CIS 2011 | (en %) voto válido)
3078,autonomicas_2015_05,comunidad,Melilla,Melilla,Melilla,Populares en libertad,1,1,NA,NA,1,3,bloques,encuesta (% sobre | 1 CIS 2011 | (en %) voto válido)
3117,generales_2015_12,nacional,NA,NA,España,PP,120,128,NA,NA,120-128,3,bloques,sobre voto escaños | (en %) | válido)
3117,generales_2015_12,nacional,NA,NA,España,PSOE,77,89,NA,NA,77-89,3,bloques,sobre voto escaños | (en %) | válido)
3117,generales_2015_12,nacional,NA,NA,España,IU (Unidad Popular),3,4,NA,NA,3-4,3,bloques,sobre voto escaños | (en %) | válido)
3117,generales_2015_12,nacional,NA,NA,España,UPyD,0,0,NA,NA,--,3,bloques,sobre voto escaños | (en %) | válido)
3117,generales_2015_12,nacional,NA,NA,España,Ciudadanos,63,66,NA,NA,63-66,3,bloques,sobre voto escaños | (en %) | válido)
3117,generales_2015_12,nacional,NA,NA,España,Podemos,23,25,NA,NA,23-25,3,bloques,sobre voto escaños | (en %) | válido)
3117,generales_2015_12,nacional,NA,NA,España,Convergència (Democràcia,9,9,NA,NA,9,3,bloques,sobre voto escaños | (en %) | válido)
3117,generales_2015_12,nacional,NA,NA,España,ERC,7,7,NA,NA,7,3,bloques,sobre voto escaños | (en %) | válido)
3117,generales_2015_12,nacional,NA,NA,España,Unió,0,0,NA,NA,--,3,bloques,sobre voto escaños | (en %) | válido)
3117,generales_2015_12,nacional,NA,NA,España,PNV,5,5,NA,NA,5,3,bloques,sobre voto escaños | (en %) | válido)
3117,generales_2015_12,nacional,NA,NA,España,EH Bildu,6,7,NA,NA,6-7,3,bloques,sobre voto escaños | (en %) | válido)
3117,generales_2015_12,nacional,NA,NA,España,Geroa Bai,0,0,NA,NA,--,3,bloques,sobre voto escaños | (en %) | válido)
3117,generales_2015_12,nacional,NA,NA,España,BNG (Nós-Candidatura,0,0,NA,NA,--,3,bloques,sobre voto escaños | (en %) | válido)
3117,generales_2015_12,nacional,NA,NA,España,CC,1,1,NA,NA,1,3,bloques,sobre voto escaños | (en %) | válido)
3117,generales_2015_12,nacional,NA,NA,España,Compromís-Podemos-En Comú Podem,7,7,NA,NA,7,3,bloques,sobre voto escaños | (en %) | válido)
3117,generales_2015_12,nacional,NA,NA,España,En Marea,5,6,NA,NA,5-6,3,bloques,sobre voto escaños | (en %) | válido)
3117,generales_2015_12,provincia,Andalucía,Almería,Almería,PP,2,3,NA,6,2-3,4,ancho,ALMERÍA
3117,generales_2015_12,provincia,Andalucía,Almería,Almería,PSOE,2,3,NA,6,3-2,4,ancho,ALMERÍA
3117,generales_2015_12,provincia,Andalucía,Almería,Almería,Ciudadanos,1,1,NA,6,1,4,ancho,ALMERÍA
3117,generales_2015_12,provincia,Andalucía,Cádiz,Cádiz,PP,3,3,NA,9,3,4,ancho,CÁDIZ
3117,generales_2015_12,provincia,Andalucía,Cádiz,Cádiz,PSOE,3,3,NA,9,3,4,ancho,CÁDIZ
3117,generales_2015_12,provincia,Andalucía,Cádiz,Cádiz,Ciudadanos,2,2,NA,9,2,4,ancho,CÁDIZ
3117,generales_2015_12,provincia,Andalucía,Cádiz,Cádiz,Podemos,1,1,NA,9,1,4,ancho,CÁDIZ
3117,generales_2015_12,provincia,Andalucía,Córdoba,Córdoba,PP,2,2,NA,6,2,4,ancho,CÓRDOBA
3117,generales_2015_12,provincia,Andalucía,Córdoba,Córdoba,PSOE,2,2,NA,6,2,4,ancho,CÓRDOBA
3117,generales_2015_12,provincia,Andalucía,Córdoba,Córdoba,Ciudadanos,1,1,NA,6,1,4,ancho,CÓRDOBA
3117,generales_2015_12,provincia,Andalucía,Córdoba,Córdoba,Podemos,1,1,NA,6,1,4,ancho,CÓRDOBA
3117,generales_2015_12,provincia,Andalucía,Granada,Granada,PP,2,3,NA,7,2-3,4,ancho,GRANADA
3117,generales_2015_12,provincia,Andalucía,Granada,Granada,PSOE,2,3,NA,7,3-2,4,ancho,GRANADA
3117,generales_2015_12,provincia,Andalucía,Granada,Granada,Ciudadanos,1,2,NA,7,1-2,4,ancho,GRANADA
3117,generales_2015_12,provincia,Andalucía,Granada,Granada,Podemos,1,1,NA,7,1,4,ancho,GRANADA
3117,generales_2015_12,provincia,Andalucía,Huelva,Huelva,PP,2,2,NA,5,2,4,ancho,HUELVA
3117,generales_2015_12,provincia,Andalucía,Huelva,Huelva,PSOE,2,2,NA,5,2,4,ancho,HUELVA
3117,generales_2015_12,provincia,Andalucía,Huelva,Huelva,Ciudadanos,1,1,NA,5,1,4,ancho,HUELVA
3117,generales_2015_12,provincia,Andalucía,Jaén,Jaén,PP,2,2,NA,5,2,4,ancho,JAÉN
3117,generales_2015_12,provincia,Andalucía,Jaén,Jaén,PSOE,2,3,NA,5,2-3,4,ancho,JAÉN
3117,generales_2015_12,provincia,Andalucía,Jaén,Jaén,Ciudadanos,0,1,NA,5,1-0,4,ancho,JAÉN
3117,generales_2015_12,provincia,Andalucía,Málaga,Málaga,PP,3,3,NA,11,3,4,ancho,MÁLAGA
3117,generales_2015_12,provincia,Andalucía,Málaga,Málaga,PSOE,4,4,NA,11,4,4,ancho,MÁLAGA
3117,generales_2015_12,provincia,Andalucía,Málaga,Málaga,Ciudadanos,3,3,NA,11,3,4,ancho,MÁLAGA
3117,generales_2015_12,provincia,Andalucía,Málaga,Málaga,Podemos,1,1,NA,11,1,4,ancho,MÁLAGA
3117,generales_2015_12,provincia,Andalucía,Sevilla,Sevilla,PP,3,3,NA,12,3,4,ancho,SEVILLA
3117,generales_2015_12,provincia,Andalucía,Sevilla,Sevilla,PSOE,4,5,NA,12,4-5,4,ancho,SEVILLA
3117,generales_2015_12,provincia,Andalucía,Sevilla,Sevilla,IU (UP),1,1,NA,12,1,4,ancho,SEVILLA
3117,generales_2015_12,provincia,Andalucía,Sevilla,Sevilla,Ciudadanos,2,3,NA,12,3-2,4,ancho,SEVILLA
3117,generales_2015_12,provincia,Andalucía,Sevilla,Sevilla,Podemos,1,1,NA,12,1,4,ancho,SEVILLA
3117,generales_2015_12,provincia,Aragón,Huesca,Huesca,PP,1,1,NA,3,1,4,ancho,HUESCA
3117,generales_2015_12,provincia,Aragón,Huesca,Huesca,PSOE,1,1,NA,3,1,4,ancho,HUESCA
3117,generales_2015_12,provincia,Aragón,Huesca,Huesca,Ciudadanos,1,1,NA,3,1,4,ancho,HUESCA
3117,generales_2015_12,provincia,Aragón,Teruel,Teruel,PP,2,2,NA,3,2,4,ancho,TERUEL
3117,generales_2015_12,provincia,Aragón,Teruel,Teruel,PSOE,1,1,NA,3,1,4,ancho,TERUEL
3117,generales_2015_12,provincia,Aragón,Zaragoza,Zaragoza,PP,3,3,NA,7,3,4,ancho,ZARAGOZA
3117,generales_2015_12,provincia,Aragón,Zaragoza,Zaragoza,PSOE,2,2,NA,7,2,4,ancho,ZARAGOZA
3117,generales_2015_12,provincia,Aragón,Zaragoza,Zaragoza,Ciudadanos,1,1,NA,7,1,4,ancho,ZARAGOZA
3117,generales_2015_12,provincia,Aragón,Zaragoza,Zaragoza,Podemos,1,1,NA,7,1,4,ancho,ZARAGOZA
3117,generales_2015_12,provincia,Principado de Asturias,Asturias,Asturias,PP,3,3,NA,8,3,4,ancho,ASTURIAS
3117,generales_2015_12,provincia,Principado de Asturias,Asturias,Asturias,PSOE,2,2,NA,8,2,4,ancho,ASTURIAS
3117,generales_2015_12,provincia,Principado de Asturias,Asturias,Asturias,IU (UP),1,1,NA,8,1,4,ancho,ASTURIAS
3117,generales_2015_12,provincia,Principado de Asturias,Asturias,Asturias,Ciudadanos,1,1,NA,8,1,4,ancho,ASTURIAS
3117,generales_2015_12,provincia,Principado de Asturias,Asturias,Asturias,Podemos,1,1,NA,8,1,4,ancho,ASTURIAS
3117,generales_2015_12,provincia,Illes Balears,Baleares,Baleares,PP,2,3,NA,8,3-2,4,ancho,I. BALEARS
3117,generales_2015_12,provincia,Illes Balears,Baleares,Baleares,PSOE,1,2,NA,8,1-2,4,ancho,I. BALEARS
3117,generales_2015_12,provincia,Illes Balears,Baleares,Baleares,Ciudadanos,2,2,NA,8,2,4,ancho,I. BALEARS
3117,generales_2015_12,provincia,Illes Balears,Baleares,Baleares,Podemos,2,2,NA,8,2,4,ancho,I. BALEARS
3117,generales_2015_12,provincia,Canarias,Las Palmas,Las Palmas,PP,3,3,NA,8,3,4,ancho,LAS PALMAS
3117,generales_2015_12,provincia,Canarias,Las Palmas,Las Palmas,PSOE,2,2,NA,8,2,4,ancho,LAS PALMAS
3117,generales_2015_12,provincia,Canarias,Las Palmas,Las Palmas,Ciudadanos,1,1,NA,8,1,4,ancho,LAS PALMAS
3117,generales_2015_12,provincia,Canarias,Las Palmas,Las Palmas,Podemos,2,2,NA,8,2,4,ancho,LAS PALMAS
3117,generales_2015_12,provincia,Canarias,Santa Cruz de Tenerife,Santa Cruz de Tenerife,PP,3,3,NA,7,3,4,ancho,S.C.TENERIFE
3117,generales_2015_12,provincia,Canarias,Santa Cruz de Tenerife,Santa Cruz de Tenerife,PSOE,1,2,NA,7,1-2,4,ancho,S.C.TENERIFE
3117,generales_2015_12,provincia,Canarias,Santa Cruz de Tenerife,Santa Cruz de Tenerife,Ciudadanos,1,1,NA,7,1,4,ancho,S.C.TENERIFE
3117,generales_2015_12,provincia,Canarias,Santa Cruz de Tenerife,Santa Cruz de Tenerife,Podemos,0,1,NA,7,1-0,4,ancho,S.C.TENERIFE
3117,generales_2015_12,provincia,Canarias,Santa Cruz de Tenerife,Santa Cruz de Tenerife,CC,1,1,NA,7,1,4,ancho,S.C.TENERIFE
3117,generales_2015_12,provincia,Cantabria,Cantabria,Cantabria,PP,3,3,NA,5,3,4,ancho,CANTABRIA
3117,generales_2015_12,provincia,Cantabria,Cantabria,Cantabria,PSOE,1,1,NA,5,1,4,ancho,CANTABRIA
3117,generales_2015_12,provincia,Cantabria,Cantabria,Cantabria,Ciudadanos,1,1,NA,5,1,4,ancho,CANTABRIA
3117,generales_2015_12,provincia,Castilla y León,Ávila,Ávila,PP,2,2,NA,3,2,4,ancho,ÁVILA
3117,generales_2015_12,provincia,Castilla y León,Ávila,Ávila,Ciudadanos,1,1,NA,3,1,4,ancho,ÁVILA
3117,generales_2015_12,provincia,Castilla y León,Burgos,Burgos,PP,2,2,NA,4,2,4,ancho,BURGOS
3117,generales_2015_12,provincia,Castilla y León,Burgos,Burgos,PSOE,1,1,NA,4,1,4,ancho,BURGOS
3117,generales_2015_12,provincia,Castilla y León,Burgos,Burgos,Ciudadanos,1,1,NA,4,1,4,ancho,BURGOS
3117,generales_2015_12,provincia,Castilla y León,León,León,PP,2,2,NA,5,2,4,ancho,LEÓN
3117,generales_2015_12,provincia,Castilla y León,León,León,PSOE,2,2,NA,5,2,4,ancho,LEÓN
3117,generales_2015_12,provincia,Castilla y León,León,León,Ciudadanos,1,1,NA,5,1,4,ancho,LEÓN
3117,generales_2015_12,provincia,Castilla y León,Palencia,Palencia,PP,2,2,NA,3,2,4,ancho,PALENCIA
3117,generales_2015_12,provincia,Castilla y León,Palencia,Palencia,PSOE,1,1,NA,3,1,4,ancho,PALENCIA
3117,generales_2015_12,provincia,Castilla y León,Salamanca,Salamanca,PP,2,2,NA,4,2,4,ancho,SALAMANCA
3117,generales_2015_12,provincia,Castilla y León,Salamanca,Salamanca,PSOE,1,1,NA,4,1,4,ancho,SALAMANCA
3117,generales_2015_12,provincia,Castilla y León,Salamanca,Salamanca,Ciudadanos,1,1,NA,4,1,4,ancho,SALAMANCA
3117,generales_2015_12,provincia,Castilla y León,Segovia,Segovia,PP,1,2,NA,3,1-2,4,ancho,SEGOVIA
3117,generales_2015_12,provincia,Castilla y León,Segovia,Segovia,PSOE,0,1,NA,3,1-0,4,ancho,SEGOVIA
3117,generales_2015_12,provincia,Castilla y León,Segovia,Segovia,Ciudadanos,1,1,NA,3,1,4,ancho,SEGOVIA
3117,generales_2015_12,provincia,Castilla y León,Soria,Soria,PP,1,1,NA,2,1,4,ancho,SORIA
3117,generales_2015_12,provincia,Castilla y León,Soria,Soria,Ciudadanos,1,1,NA,2,1,4,ancho,SORIA
3117,generales_2015_12,provincia,Castilla y León,Valladolid,Valladolid,PP,3,3,NA,5,3,4,ancho,VALLADOLID
3117,generales_2015_12,provincia,Castilla y León,Valladolid,Valladolid,PSOE,1,1,NA,5,1,4,ancho,VALLADOLID
3117,generales_2015_12,provincia,Castilla y León,Valladolid,Valladolid,Ciudadanos,1,1,NA,5,1,4,ancho,VALLADOLID
3117,generales_2015_12,provincia,Castilla y León,Zamora,Zamora,PP,2,2,NA,3,2,4,ancho,ZAMORA
3117,generales_2015_12,provincia,Castilla y León,Zamora,Zamora,PSOE,1,1,NA,3,1,4,ancho,ZAMORA
3117,generales_2015_12,provincia,Castilla-La Mancha,Albacete,Albacete,PP,2,2,NA,4,2,4,ancho,ALBACETE
3117,generales_2015_12,provincia,Castilla-La Mancha,Albacete,Albacete,PSOE,1,1,NA,4,1,4,ancho,ALBACETE
3117,generales_2015_12,provincia,Castilla-La Mancha,Albacete,Albacete,Ciudadanos,1,1,NA,4,1,4,ancho,ALBACETE
3117,generales_2015_12,provincia,Castilla-La Mancha,Ciudad Real,Ciudad Real,PP,2,3,NA,5,2-3,4,ancho,CIUDAD REAL
3117,generales_2015_12,provincia,Castilla-La Mancha,Ciudad Real,Ciudad Real,PSOE,1,2,NA,5,2-1,4,ancho,CIUDAD REAL
3117,generales_2015_12,provincia,Castilla-La Mancha,Ciudad Real,Ciudad Real,Ciudadanos,1,1,NA,5,1,4,ancho,CIUDAD REAL
3117,generales_2015_12,provincia,Castilla-La Mancha,Cuenca,Cuenca,PP,2,2,NA,3,2,4,ancho,CUENCA
3117,generales_2015_12,provincia,Castilla-La Mancha,Cuenca,Cuenca,PSOE,1,1,NA,3,1,4,ancho,CUENCA
3117,generales_2015_12,provincia,Castilla-La Mancha,Guadalajara,Guadalajara,PP,1,1,NA,3,1,4,ancho,GUADALAJARA
3117,generales_2015_12,provincia,Castilla-La Mancha,Guadalajara,Guadalajara,PSOE,1,1,NA,3,1,4,ancho,GUADALAJARA
3117,generales_2015_12,provincia,Castilla-La Mancha,Guadalajara,Guadalajara,Ciudadanos,1,1,NA,3,1,4,ancho,GUADALAJARA
3117,generales_2015_12,provincia,Castilla-La Mancha,Toledo,Toledo,PP,3,3,NA,6,3,4,ancho,TOLEDO
3117,generales_2015_12,provincia,Castilla-La Mancha,Toledo,Toledo,PSOE,1,1,NA,6,1,4,ancho,TOLEDO
3117,generales_2015_12,provincia,Castilla-La Mancha,Toledo,Toledo,Ciudadanos,2,2,NA,6,2,4,ancho,TOLEDO
3117,generales_2015_12,provincia,Cataluña,Barcelona,Barcelona,PP,3,3,NA,31,3,4,ancho,BARCELONA
3117,generales_2015_12,provincia,Cataluña,Barcelona,Barcelona,PSOE,5,6,NA,31,5-6,4,ancho,BARCELONA
3117,generales_2015_12,provincia,Cataluña,Barcelona,Barcelona,Ciudadanos,6,6,NA,31,6,4,ancho,BARCELONA
3117,generales_2015_12,provincia,Cataluña,Barcelona,Barcelona,CDC (DiL),4,4,NA,31,4,4,ancho,BARCELONA
3117,generales_2015_12,provincia,Cataluña,Barcelona,Barcelona,ERC,4,4,NA,31,4,4,ancho,BARCELONA
3117,generales_2015_12,provincia,Cataluña,Barcelona,Barcelona,En Comú Podem,8,9,NA,31,9-8,4,ancho,BARCELONA
3117,generales_2015_12,provincia,Cataluña,Girona,Girona,PSOE,1,1,NA,6,1,4,ancho,GIRONA
3117,generales_2015_12,provincia,Cataluña,Girona,Girona,Ciudadanos,1,1,NA,6,1,4,ancho,GIRONA
3117,generales_2015_12,provincia,Cataluña,Girona,Girona,CDC (DiL),2,2,NA,6,2,4,ancho,GIRONA
3117,generales_2015_12,provincia,Cataluña,Girona,Girona,ERC,1,1,NA,6,1,4,ancho,GIRONA
3117,generales_2015_12,provincia,Cataluña,Girona,Girona,En Comú Podem,1,1,NA,6,1,4,ancho,GIRONA
3117,generales_2015_12,provincia,Cataluña,Lleida,Lleida,Ciudadanos,1,1,NA,4,1,4,ancho,LLEIDA
3117,generales_2015_12,provincia,Cataluña,Lleida,Lleida,CDC (DiL),2,2,NA,4,2,4,ancho,LLEIDA
3117,generales_2015_12,provincia,Cataluña,Lleida,Lleida,ERC,1,1,NA,4,1,4,ancho,LLEIDA
3117,generales_2015_12,provincia,Cataluña,Tarragona,Tarragona,PP,1,1,NA,6,1,4,ancho,TARRAGONA
3117,generales_2015_12,provincia,Cataluña,Tarragona,Tarragona,PSOE,1,1,NA,6,1,4,ancho,TARRAGONA
3117,generales_2015_12,provincia,Cataluña,Tarragona,Tarragona,Ciudadanos,1,1,NA,6,1,4,ancho,TARRAGONA
3117,generales_2015_12,provincia,Cataluña,Tarragona,Tarragona,CDC (DiL),1,1,NA,6,1,4,ancho,TARRAGONA
3117,generales_2015_12,provincia,Cataluña,Tarragona,Tarragona,ERC,1,1,NA,6,1,4,ancho,TARRAGONA
3117,generales_2015_12,provincia,Cataluña,Tarragona,Tarragona,En Comú Podem,1,1,NA,6,1,4,ancho,TARRAGONA
3117,generales_2015_12,provincia,Ceuta,Ceuta,Ceuta,PP,1,1,NA,1,1,4,ancho,CEUTA
3117,generales_2015_12,provincia,Comunitat Valenciana,Alicante,Alicante,PP,4,5,NA,12,4-5,4,ancho,ALACANT
3117,generales_2015_12,provincia,Comunitat Valenciana,Alicante,Alicante,PSOE,2,3,NA,12,3-2,4,ancho,ALACANT
3117,generales_2015_12,provincia,Comunitat Valenciana,Alicante,Alicante,Ciudadanos,3,3,NA,12,3,4,ancho,ALACANT
3117,generales_2015_12,provincia,Comunitat Valenciana,Alicante,Alicante,Compromís Podemos EEM,2,2,NA,12,2,4,ancho,ALACANT
3117,generales_2015_12,provincia,Comunitat Valenciana,Castellón,Castellón,PP,2,2,NA,5,2,4,ancho,CASTELLÓ
3117,generales_2015_12,provincia,Comunitat Valenciana,Castellón,Castellón,PSOE,1,1,NA,5,1,4,ancho,CASTELLÓ
3117,generales_2015_12,provincia,Comunitat Valenciana,Castellón,Castellón,Ciudadanos,1,1,NA,5,1,4,ancho,CASTELLÓ
3117,generales_2015_12,provincia,Comunitat Valenciana,Castellón,Castellón,Compromís Podemos EEM,1,1,NA,5,1,4,ancho,CASTELLÓ
3117,generales_2015_12,provincia,Comunitat Valenciana,Valencia,Valencia,PP,4,5,NA,15,5-4,4,ancho,VALÈNCIA
3117,generales_2015_12,provincia,Comunitat Valenciana,Valencia,Valencia,PSOE,3,3,NA,15,3,4,ancho,VALÈNCIA
3117,generales_2015_12,provincia,Comunitat Valenciana,Valencia,Valencia,IU (UP),0,1,NA,15,0-1,4,ancho,VALÈNCIA
3117,generales_2015_12,provincia,Comunitat Valenciana,Valencia,Valencia,Ciudadanos,3,3,NA,15,3,4,ancho,VALÈNCIA
3117,generales_2015_12,provincia,Comunitat Valenciana,Valencia,Valencia,Compromís Podemos EEM,4,4,NA,15,4,4,ancho,VALÈNCIA
3117,generales_2015_12,provincia,Extremadura,Badajoz,Badajoz,PP,2,2,NA,6,2,4,ancho,BADAJOZ
3117,generales_2015_12,provincia,Extremadura,Badajoz,Badajoz,PSOE,3,3,NA,6,3,4,ancho,BADAJOZ
3117,generales_2015_12,provincia,Extremadura,Badajoz,Badajoz,Ciudadanos,1,1,NA,6,1,4,ancho,BADAJOZ
3117,generales_2015_12,provincia,Extremadura,Cáceres,Cáceres,PP,2,2,NA,4,2,4,ancho,CÁCERES
3117,generales_2015_12,provincia,Extremadura,Cáceres,Cáceres,PSOE,2,2,NA,4,2,4,ancho,CÁCERES
3117,generales_2015_12,provincia,Galicia,A Coruña,A Coruña,PP,3,3,NA,8,3,4,ancho,CORUÑA (A)
3117,generales_2015_12,provincia,Galicia,A Coruña,A Coruña,PSOE,2,2,NA,8,2,4,ancho,CORUÑA (A)
3117,generales_2015_12,provincia,Galicia,A Coruña,A Coruña,Ciudadanos,1,1,NA,8,1,4,ancho,CORUÑA (A)
3117,generales_2015_12,provincia,Galicia,A Coruña,A Coruña,En Marea,2,2,NA,8,2,4,ancho,CORUÑA (A)
3117,generales_2015_12,provincia,Galicia,Lugo,Lugo,PP,2,2,NA,4,2,4,ancho,LUGO
3117,generales_2015_12,provincia,Galicia,Lugo,Lugo,PSOE,1,1,NA,4,1,4,ancho,LUGO
3117,generales_2015_12,provincia,Galicia,Lugo,Lugo,En Marea,1,1,NA,4,1,4,ancho,LUGO
3117,generales_2015_12,provincia,Galicia,Ourense,Ourense,PP,2,2,NA,4,2,4,ancho,OURENSE
3117,generales_2015_12,provincia,Galicia,Ourense,Ourense,PSOE,1,1,NA,4,1,4,ancho,OURENSE
3117,generales_2015_12,provincia,Galicia,Ourense,Ourense,En Marea,1,1,NA,4,1,4,ancho,OURENSE
3117,generales_2015_12,provincia,Galicia,Pontevedra,Pontevedra,PP,3,3,NA,7,3,4,ancho,PONTEVEDRA
3117,generales_2015_12,provincia,Galicia,Pontevedra,Pontevedra,PSOE,1,2,NA,7,1-2,4,ancho,PONTEVEDRA
3117,generales_2015_12,provincia,Galicia,Pontevedra,Pontevedra,Ciudadanos,1,1,NA,7,1,4,ancho,PONTEVEDRA
3117,generales_2015_12,provincia,Galicia,Pontevedra,Pontevedra,En Marea,1,2,NA,7,2-1,4,ancho,PONTEVEDRA
3117,generales_2015_12,provincia,La Rioja,La Rioja,La Rioja,PP,2,2,NA,4,2,4,ancho,RIOJA (LA)
3117,generales_2015_12,provincia,La Rioja,La Rioja,La Rioja,PSOE,1,1,NA,4,1,4,ancho,RIOJA (LA)
3117,generales_2015_12,provincia,La Rioja,La Rioja,La Rioja,Ciudadanos,1,1,NA,4,1,4,ancho,RIOJA (LA)
3117,generales_2015_12,provincia,Comunidad de Madrid,Madrid,Madrid,PP,13,14,NA,36,14-13,4,ancho,MADRID
3117,generales_2015_12,provincia,Comunidad de Madrid,Madrid,Madrid,PSOE,5,5,NA,36,5,4,ancho,MADRID
3117,generales_2015_12,provincia,Comunidad de Madrid,Madrid,Madrid,IU (UP),1,1,NA,36,1,4,ancho,MADRID
3117,generales_2015_12,provincia,Comunidad de Madrid,Madrid,Madrid,Ciudadanos,10,10,NA,36,10,4,ancho,MADRID
3117,generales_2015_12,provincia,Comunidad de Madrid,Madrid,Madrid,Podemos,6,7,NA,36,6-7,4,ancho,MADRID
3117,generales_2015_12,provincia,Melilla,Melilla,Melilla,PP,1,1,NA,1,1,4,ancho,MELILLA
3117,generales_2015_12,provincia,Navarra,Navarra,Navarra,PP,2,2,NA,5,2,4,ancho,NAVARRA
3117,generales_2015_12,provincia,Navarra,Navarra,Navarra,PSOE,1,1,NA,5,1,4,ancho,NAVARRA
3117,generales_2015_12,provincia,Navarra,Navarra,Navarra,Podemos,1,1,NA,5,1,4,ancho,NAVARRA
3117,generales_2015_12,provincia,Navarra,Navarra,Navarra,EH Bildu,1,1,NA,5,1,4,ancho,NAVARRA
3117,generales_2015_12,provincia,País Vasco,Álava,Álava,PP,1,1,NA,4,1,4,ancho,ARABA-ÁLAVA
3117,generales_2015_12,provincia,País Vasco,Álava,Álava,Podemos,1,1,NA,4,1,4,ancho,ARABA-ÁLAVA
3117,generales_2015_12,provincia,País Vasco,Álava,Álava,PNV,1,1,NA,4,1,4,ancho,ARABA-ÁLAVA
3117,generales_2015_12,provincia,País Vasco,Álava,Álava,EH Bildu,1,1,NA,4,1,4,ancho,ARABA-ÁLAVA
3117,generales_2015_12,provincia,País Vasco,Guipúzcoa,Guipúzcoa,PSOE,0,1,NA,6,0-1,4,ancho,GIPUZKOA
3117,generales_2015_12,provincia,País Vasco,Guipúzcoa,Guipúzcoa,Podemos,1,1,NA,6,1,4,ancho,GIPUZKOA
3117,generales_2015_12,provincia,País Vasco,Guipúzcoa,Guipúzcoa,PNV,2,2,NA,6,2,4,ancho,GIPUZKOA
3117,generales_2015_12,provincia,País Vasco,Guipúzcoa,Guipúzcoa,EH Bildu,2,3,NA,6,3-2,4,ancho,GIPUZKOA
3117,generales_2015_12,provincia,País Vasco,Vizcaya,Vizcaya,PP,1,1,NA,8,1,4,ancho,BIZKAIA
3117,generales_2015_12,provincia,País Vasco,Vizcaya,Vizcaya,PSOE,1,1,NA,8,1,4,ancho,BIZKAIA
3117,generales_2015_12,provincia,País Vasco,Vizcaya,Vizcaya,Podemos,2,2,NA,8,2,4,ancho,BIZKAIA
3117,generales_2015_12,provincia,País Vasco,Vizcaya,Vizcaya,PNV,2,2,NA,8,2,4,ancho,BIZKAIA
3117,generales_2015_12,provincia,País Vasco,Vizcaya,Vizcaya,EH Bildu,2,2,NA,8,2,4,ancho,BIZKAIA
3117,generales_2015_12,provincia,Región de Murcia,Murcia,Murcia,PP,5,5,NA,10,5,4,ancho,MURCIA
3117,generales_2015_12,provincia,Región de Murcia,Murcia,Murcia,PSOE,2,2,NA,10,2,4,ancho,MURCIA
3117,generales_2015_12,provincia,Región de Murcia,Murcia,Murcia,Ciudadanos,2,2,NA,10,2,4,ancho,MURCIA
3117,generales_2015_12,provincia,Región de Murcia,Murcia,Murcia,Podemos,1,1,NA,10,1,4,ancho,MURCIA
3141,generales_2016_06,nacional,NA,NA,España,PP,118,121,NA,NA,118-121,3,bloques,sobre voto escaños | (en %) | válido)
3141,generales_2016_06,nacional,NA,NA,España,PSOE,78,80,NA,NA,78-80,3,bloques,sobre voto escaños | (en %) | válido)
3141,generales_2016_06,nacional,NA,NA,España,Unidos Podemos,58,60,NA,NA,58-60,3,bloques,sobre voto escaños | (en %) | válido)
3141,generales_2016_06,nacional,NA,NA,España,Ciudadanos,38,39,NA,NA,38-39,3,bloques,sobre voto escaños | (en %) | válido)
3141,generales_2016_06,nacional,NA,NA,España,En Comú Podem,14,15,NA,NA,14-15,3,bloques,sobre voto escaños | (en %) | válido)
3141,generales_2016_06,nacional,NA,NA,España,Compromís-Podemos-EUPV,9,10,NA,NA,9-10,3,bloques,sobre voto escaños | (en %) | válido)
3141,generales_2016_06,nacional,NA,NA,España,ERC,8,9,NA,NA,8-9,3,bloques,sobre voto escaños | (en %) | válido)
3141,generales_2016_06,nacional,NA,NA,España,CDC,6,7,NA,NA,6-7,3,bloques,sobre voto escaños | (en %) | válido)
3141,generales_2016_06,nacional,NA,NA,España,En Marea,7,7,NA,NA,7,3,bloques,sobre voto escaños | (en %) | válido)
3141,generales_2016_06,nacional,NA,NA,España,PNV,5,5,NA,NA,5,3,bloques,sobre voto escaños | (en %) | válido)
3141,generales_2016_06,nacional,NA,NA,España,EH Bildu,3,3,NA,NA,3,3,bloques,sobre voto escaños | (en %) | válido)
3141,generales_2016_06,nacional,NA,NA,España,CC,0,0,NA,NA,-,3,bloques,sobre voto escaños | (en %) | válido)
3141,generales_2016_06,provincia,Andalucía,Almería,Almería,PP,3,3,NA,6,3,4,ancho,ALMERÍA
3141,generales_2016_06,provincia,Andalucía,Almería,Almería,PSOE,1,1,NA,6,1,4,ancho,ALMERÍA
3141,generales_2016_06,provincia,Andalucía,Almería,Almería,Unidos Podemos,1,1,NA,6,1,4,ancho,ALMERÍA
3141,generales_2016_06,provincia,Andalucía,Almería,Almería,Ciudadanos,1,1,NA,6,1,4,ancho,ALMERÍA
3141,generales_2016_06,provincia,Andalucía,Cádiz,Cádiz,PP,3,3,NA,9,3,4,ancho,CÁDIZ
3141,generales_2016_06,provincia,Andalucía,Cádiz,Cádiz,PSOE,3,3,NA,9,3,4,ancho,CÁDIZ
3141,generales_2016_06,provincia,Andalucía,Cádiz,Cádiz,Unidos Podemos,2,2,NA,9,2,4,ancho,CÁDIZ
3141,generales_2016_06,provincia,Andalucía,Cádiz,Cádiz,Ciudadanos,1,1,NA,9,1,4,ancho,CÁDIZ
3141,generales_2016_06,provincia,Andalucía,Córdoba,Córdoba,PP,2,2,NA,6,2,4,ancho,CÓRDOBA
3141,generales_2016_06,provincia,Andalucía,Córdoba,Córdoba,PSOE,2,2,NA,6,2,4,ancho,CÓRDOBA
3141,generales_2016_06,provincia,Andalucía,Córdoba,Córdoba,Unidos Podemos,1,1,NA,6,1,4,ancho,CÓRDOBA
3141,generales_2016_06,provincia,Andalucía,Córdoba,Córdoba,Ciudadanos,1,1,NA,6,1,4,ancho,CÓRDOBA
3141,generales_2016_06,provincia,Andalucía,Granada,Granada,PP,2,2,NA,7,2,4,ancho,GRANADA
3141,generales_2016_06,provincia,Andalucía,Granada,Granada,PSOE,2,2,NA,7,2,4,ancho,GRANADA
3141,generales_2016_06,provincia,Andalucía,Granada,Granada,Unidos Podemos,2,2,NA,7,2,4,ancho,GRANADA
3141,generales_2016_06,provincia,Andalucía,Granada,Granada,Ciudadanos,1,1,NA,7,1,4,ancho,GRANADA
3141,generales_2016_06,provincia,Andalucía,Huelva,Huelva,PP,1,1,NA,5,1,4,ancho,HUELVA
3141,generales_2016_06,provincia,Andalucía,Huelva,Huelva,PSOE,2,2,NA,5,2,4,ancho,HUELVA
3141,generales_2016_06,provincia,Andalucía,Huelva,Huelva,Unidos Podemos,1,1,NA,5,1,4,ancho,HUELVA
3141,generales_2016_06,provincia,Andalucía,Huelva,Huelva,Ciudadanos,1,1,NA,5,1,4,ancho,HUELVA
3141,generales_2016_06,provincia,Andalucía,Jaén,Jaén,PP,2,2,NA,5,2,4,ancho,JAÉN
3141,generales_2016_06,provincia,Andalucía,Jaén,Jaén,PSOE,2,2,NA,5,2,4,ancho,JAÉN
3141,generales_2016_06,provincia,Andalucía,Jaén,Jaén,Unidos Podemos,1,1,NA,5,1,4,ancho,JAÉN
3141,generales_2016_06,provincia,Andalucía,Málaga,Málaga,PP,4,4,NA,11,4,4,ancho,MÁLAGA
3141,generales_2016_06,provincia,Andalucía,Málaga,Málaga,PSOE,4,4,NA,11,4,4,ancho,MÁLAGA
3141,generales_2016_06,provincia,Andalucía,Málaga,Málaga,Unidos Podemos,2,2,NA,11,2,4,ancho,MÁLAGA
3141,generales_2016_06,provincia,Andalucía,Málaga,Málaga,Ciudadanos,1,1,NA,11,1,4,ancho,MÁLAGA
3141,generales_2016_06,provincia,Andalucía,Sevilla,Sevilla,PP,3,3,NA,12,3,4,ancho,SEVILLA
3141,generales_2016_06,provincia,Andalucía,Sevilla,Sevilla,PSOE,4,4,NA,12,4,4,ancho,SEVILLA
3141,generales_2016_06,provincia,Andalucía,Sevilla,Sevilla,Unidos Podemos,3,3,NA,12,3,4,ancho,SEVILLA
3141,generales_2016_06,provincia,Andalucía,Sevilla,Sevilla,Ciudadanos,2,2,NA,12,2,4,ancho,SEVILLA
3141,generales_2016_06,provincia,Aragón,Huesca,Huesca,PP,1,1,NA,3,1,4,ancho,HUESCA
3141,generales_2016_06,provincia,Aragón,Huesca,Huesca,PSOE,1,1,NA,3,1,4,ancho,HUESCA
3141,generales_2016_06,provincia,Aragón,Huesca,Huesca,Unidos Podemos,1,1,NA,3,1,4,ancho,HUESCA
3141,generales_2016_06,provincia,Aragón,Teruel,Teruel,PP,1,1,NA,3,1,4,ancho,TERUEL
3141,generales_2016_06,provincia,Aragón,Teruel,Teruel,PSOE,0,1,NA,3,1(-1),4,ancho,TERUEL
3141,generales_2016_06,provincia,Aragón,Teruel,Teruel,Unidos Podemos,0,1,NA,3,0(+1),4,ancho,TERUEL
3141,generales_2016_06,provincia,Aragón,Teruel,Teruel,Ciudadanos,1,1,NA,3,1,4,ancho,TERUEL
3141,generales_2016_06,provincia,Aragón,Zaragoza,Zaragoza,PP,2,2,NA,7,2,4,ancho,ZARAGOZA
3141,generales_2016_06,provincia,Aragón,Zaragoza,Zaragoza,PSOE,2,2,NA,7,2,4,ancho,ZARAGOZA
3141,generales_2016_06,provincia,Aragón,Zaragoza,Zaragoza,Unidos Podemos,2,2,NA,7,2,4,ancho,ZARAGOZA
3141,generales_2016_06,provincia,Aragón,Zaragoza,Zaragoza,Ciudadanos,1,1,NA,7,1,4,ancho,ZARAGOZA
3141,generales_2016_06,provincia,Principado de Asturias,Asturias,Asturias,PP,3,3,NA,8,3,4,ancho,ASTURIAS
3141,generales_2016_06,provincia,Principado de Asturias,Asturias,Asturias,PSOE,2,2,NA,8,2,4,ancho,ASTURIAS
3141,generales_2016_06,provincia,Principado de Asturias,Asturias,Asturias,Unidos Podemos,2,2,NA,8,2,4,ancho,ASTURIAS
3141,generales_2016_06,provincia,Principado de Asturias,Asturias,Asturias,Ciudadanos,1,1,NA,8,1,4,ancho,ASTURIAS
3141,generales_2016_06,provincia,Illes Balears,Baleares,Baleares,PP,3,3,NA,8,3,4,ancho,I. BALEARS
3141,generales_2016_06,provincia,Illes Balears,Baleares,Baleares,PSOE,1,1,NA,8,1,4,ancho,I. BALEARS
3141,generales_2016_06,provincia,Illes Balears,Baleares,Baleares,Unidos Podemos,3,3,NA,8,3,4,ancho,I. BALEARS
3141,generales_2016_06,provincia,Illes Balears,Baleares,Baleares,Ciudadanos,1,1,NA,8,1,4,ancho,I. BALEARS
3141,generales_2016_06,provincia,Canarias,Las Palmas,Las Palmas,PP,2,2,NA,8,2,4,ancho,LAS PALMAS
3141,generales_2016_06,provincia,Canarias,Las Palmas,Las Palmas,PSOE,2,2,NA,8,2,4,ancho,LAS PALMAS
3141,generales_2016_06,provincia,Canarias,Las Palmas,Las Palmas,Unidos Podemos,3,3,NA,8,3,4,ancho,LAS PALMAS
3141,generales_2016_06,provincia,Canarias,Las Palmas,Las Palmas,Ciudadanos,1,1,NA,8,1,4,ancho,LAS PALMAS
3141,generales_2016_06,provincia,Canarias,Santa Cruz de Tenerife,Santa Cruz de Tenerife,PP,3,3,NA,7,3,4,ancho,S.C.TENERIFE
3141,generales_2016_06,provincia,Canarias,Santa Cruz de Tenerife,Santa Cruz de Tenerife,PSOE,1,1,NA,7,1,4,ancho,S.C.TENERIFE
3141,generales_2016_06,provincia,Canarias,Santa Cruz de Tenerife,Santa Cruz de Tenerife,Unidos Podemos,2,2,NA,7,2,4,ancho,S.C.TENERIFE
3141,generales_2016_06,provincia,Canarias,Santa Cruz de Tenerife,Santa Cruz de Tenerife,Ciudadanos,1,1,NA,7,1,4,ancho,S.C.TENERIFE
3141,generales_2016_06,provincia,Cantabria,Cantabria,Cantabria,PP,2,2,NA,5,2,4,ancho,CANTABRIA
3141,generales_2016_06,provincia,Cantabria,Cantabria,Cantabria,PSOE,1,1,NA,5,1,4,ancho,CANTABRIA
3141,generales_2016_06,provincia,Cantabria,Cantabria,Cantabria,Unidos Podemos,1,1,NA,5,1,4,ancho,CANTABRIA
3141,generales_2016_06,provincia,Cantabria,Cantabria,Cantabria,Ciudadanos,1,1,NA,5,1,4,ancho,CANTABRIA
3141,generales_2016_06,provincia,Castilla y León,Ávila,Ávila,PP,2,3,NA,3,3(-1),4,ancho,ÁVILA
3141,generales_2016_06,provincia,Castilla y León,Ávila,Ávila,PSOE,0,1,NA,3,0(+1),4,ancho,ÁVILA
3141,generales_2016_06,provincia,Castilla y León,Burgos,Burgos,PP,2,2,NA,4,2,4,ancho,BURGOS
3141,generales_2016_06,provincia,Castilla y León,Burgos,Burgos,PSOE,1,1,NA,4,1,4,ancho,BURGOS
3141,generales_2016_06,provincia,Castilla y León,Burgos,Burgos,Unidos Podemos,1,1,NA,4,1,4,ancho,BURGOS
3141,generales_2016_06,provincia,Castilla y León,León,León,PP,2,2,NA,4,2,4,ancho,LEÓN
3141,generales_2016_06,provincia,Castilla y León,León,León,PSOE,1,1,NA,4,1,4,ancho,LEÓN
3141,generales_2016_06,provincia,Castilla y León,León,León,Unidos Podemos,1,1,NA,4,1,4,ancho,LEÓN
3141,generales_2016_06,provincia,Castilla y León,Palencia,Palencia,PP,1,1,NA,3,1,4,ancho,PALENCIA
3141,generales_2016_06,provincia,Castilla y León,Palencia,Palencia,PSOE,1,1,NA,3,1,4,ancho,PALENCIA
3141,generales_2016_06,provincia,Castilla y León,Palencia,Palencia,Unidos Podemos,1,1,NA,3,1,4,ancho,PALENCIA
3141,generales_2016_06,provincia,Castilla y León,Salamanca,Salamanca,PP,2,2,NA,4,2,4,ancho,SALAMANCA
3141,generales_2016_06,provincia,Castilla y León,Salamanca,Salamanca,PSOE,1,1,NA,4,1,4,ancho,SALAMANCA
3141,generales_2016_06,provincia,Castilla y León,Salamanca,Salamanca,Unidos Podemos,0,1,NA,4,1(-1),4,ancho,SALAMANCA
3141,generales_2016_06,provincia,Castilla y León,Salamanca,Salamanca,Ciudadanos,0,1,NA,4,0(+1),4,ancho,SALAMANCA
3141,generales_2016_06,provincia,Castilla y León,Segovia,Segovia,PP,1,1,NA,3,1,4,ancho,SEGOVIA
3141,generales_2016_06,provincia,Castilla y León,Segovia,Segovia,PSOE,1,1,NA,3,1,4,ancho,SEGOVIA
3141,generales_2016_06,provincia,Castilla y León,Segovia,Segovia,Unidos Podemos,1,1,NA,3,1,4,ancho,SEGOVIA
3141,generales_2016_06,provincia,Castilla y León,Soria,Soria,PP,2,2,NA,2,2,4,ancho,SORIA
3141,generales_2016_06,provincia,Castilla y León,Valladolid,Valladolid,PP,2,2,NA,5,2,4,ancho,VALLADOLID
3141,generales_2016_06,provincia,Castilla y León,Valladolid,Valladolid,PSOE,1,1,NA,5,1,4,ancho,VALLADOLID
3141,generales_2016_06,provincia,Castilla y León,Valladolid,Valladolid,Unidos Podemos,1,1,NA,5,1,4,ancho,VALLADOLID
3141,generales_2016_06,provincia,Castilla y León,Valladolid,Valladolid,Ciudadanos,1,1,NA,5,1,4,ancho,VALLADOLID
3141,generales_2016_06,provincia,Castilla y León,Zamora,Zamora,PP,2,2,NA,3,2,4,ancho,ZAMORA
3141,generales_2016_06,provincia,Castilla y León,Zamora,Zamora,PSOE,1,1,NA,3,1,4,ancho,ZAMORA
3141,generales_2016_06,provincia,Castilla-La Mancha,Albacete,Albacete,PP,2,2,NA,4,2,4,ancho,ALBACETE
3141,generales_2016_06,provincia,Castilla-La Mancha,Albacete,Albacete,PSOE,1,1,NA,4,1,4,ancho,ALBACETE
3141,generales_2016_06,provincia,Castilla-La Mancha,Albacete,Albacete,Unidos Podemos,1,1,NA,4,1,4,ancho,ALBACETE
3141,generales_2016_06,provincia,Castilla-La Mancha,Ciudad Real,Ciudad Real,PP,3,3,NA,5,3,4,ancho,CIUDAD REAL
3141,generales_2016_06,provincia,Castilla-La Mancha,Ciudad Real,Ciudad Real,PSOE,2,2,NA,5,2,4,ancho,CIUDAD REAL
3141,generales_2016_06,provincia,Castilla-La Mancha,Cuenca,Cuenca,PP,2,2,NA,3,2,4,ancho,CUENCA
3141,generales_2016_06,provincia,Castilla-La Mancha,Cuenca,Cuenca,PSOE,1,1,NA,3,1,4,ancho,CUENCA
3141,generales_2016_06,provincia,Castilla-La Mancha,Guadalajara,Guadalajara,PP,1,1,NA,3,1,4,ancho,GUADALAJARA
3141,generales_2016_06,provincia,Castilla-La Mancha,Guadalajara,Guadalajara,PSOE,1,1,NA,3,1,4,ancho,GUADALAJARA
3141,generales_2016_06,provincia,Castilla-La Mancha,Guadalajara,Guadalajara,Unidos Podemos,1,1,NA,3,1,4,ancho,GUADALAJARA
3141,generales_2016_06,provincia,Castilla-La Mancha,Toledo,Toledo,PP,3,3,NA,6,3,4,ancho,TOLEDO
3141,generales_2016_06,provincia,Castilla-La Mancha,Toledo,Toledo,PSOE,1,1,NA,6,1,4,ancho,TOLEDO
3141,generales_2016_06,provincia,Castilla-La Mancha,Toledo,Toledo,Unidos Podemos,1,1,NA,6,1,4,ancho,TOLEDO
3141,generales_2016_06,provincia,Castilla-La Mancha,Toledo,Toledo,Ciudadanos,1,1,NA,6,1,4,ancho,TOLEDO
3141,generales_2016_06,provincia,Cataluña,Barcelona,Barcelona,PP,3,4,NA,31,3(+1),4,ancho,BARCELONA
3141,generales_2016_06,provincia,Cataluña,Barcelona,Barcelona,PSOE,5,5,NA,31,5,4,ancho,BARCELONA
3141,generales_2016_06,provincia,Cataluña,Barcelona,Barcelona,Ciudadanos,4,4,NA,31,4,4,ancho,BARCELONA
3141,generales_2016_06,provincia,Cataluña,Barcelona,Barcelona,En Comú Podem,11,11,NA,31,11,4,ancho,BARCELONA
3141,generales_2016_06,provincia,Cataluña,Barcelona,Barcelona,ERC,4,5,NA,31,5(-1),4,ancho,BARCELONA
3141,generales_2016_06,provincia,Cataluña,Barcelona,Barcelona,CDC,3,3,NA,31,3,4,ancho,BARCELONA
3141,generales_2016_06,provincia,Cataluña,Girona,Girona,PSOE,1,1,NA,6,1,4,ancho,GIRONA
3141,generales_2016_06,provincia,Cataluña,Girona,Girona,En Comú Podem,1,1,NA,6,1,4,ancho,GIRONA
3141,generales_2016_06,provincia,Cataluña,Girona,Girona,ERC,2,2,NA,6,2,4,ancho,GIRONA
3141,generales_2016_06,provincia,Cataluña,Girona,Girona,CDC,2,2,NA,6,2,4,ancho,GIRONA
3141,generales_2016_06,provincia,Cataluña,Lleida,Lleida,PSOE,1,1,NA,4,1,4,ancho,LLEIDA
3141,generales_2016_06,provincia,Cataluña,Lleida,Lleida,En Comú Podem,1,1,NA,4,1,4,ancho,LLEIDA
3141,generales_2016_06,provincia,Cataluña,Lleida,Lleida,ERC,1,1,NA,4,1,4,ancho,LLEIDA
3141,generales_2016_06,provincia,Cataluña,Lleida,Lleida,CDC,1,1,NA,4,1,4,ancho,LLEIDA
3141,generales_2016_06,provincia,Cataluña,Tarragona,Tarragona,PP,1,1,NA,6,1,4,ancho,TARRAGONA
3141,generales_2016_06,provincia,Cataluña,Tarragona,Tarragona,PSOE,1,1,NA,6,1,4,ancho,TARRAGONA
3141,generales_2016_06,provincia,Cataluña,Tarragona,Tarragona,Ciudadanos,1,1,NA,6,1,4,ancho,TARRAGONA
3141,generales_2016_06,provincia,Cataluña,Tarragona,Tarragona,En Comú Podem,1,2,NA,6,2(-1),4,ancho,TARRAGONA
3141,generales_2016_06,provincia,Cataluña,Tarragona,Tarragona,ERC,1,1,NA,6,1,4,ancho,TARRAGONA
3141,generales_2016_06,provincia,Cataluña,Tarragona,Tarragona,CDC,0,1,NA,6,0(+1),4,ancho,TARRAGONA
3141,generales_2016_06,provincia,Ceuta,Ceuta,Ceuta,PP,1,1,NA,1,1,4,ancho,CEUTA
3141,generales_2016_06,provincia,Comunitat Valenciana,Alicante,Alicante,PP,4,4,NA,12,4,4,ancho,ALICANTE
3141,generales_2016_06,provincia,Comunitat Valenciana,Alicante,Alicante,PSOE,3,3,NA,12,3,4,ancho,ALICANTE
3141,generales_2016_06,provincia,Comunitat Valenciana,Alicante,Alicante,Ciudadanos,2,2,NA,12,2,4,ancho,ALICANTE
3141,generales_2016_06,provincia,Comunitat Valenciana,Alicante,Alicante,Compromís Podemos EUPV,3,3,NA,12,3,4,ancho,ALICANTE
3141,generales_2016_06,provincia,Comunitat Valenciana,Castellón,Castellón,PP,1,2,NA,5,2(-1),4,ancho,CASTELLÓN
3141,generales_2016_06,provincia,Comunitat Valenciana,Castellón,Castellón,PSOE,1,1,NA,5,1,4,ancho,CASTELLÓN
3141,generales_2016_06,provincia,Comunitat Valenciana,Castellón,Castellón,Ciudadanos,1,1,NA,5,1,4,ancho,CASTELLÓN
3141,generales_2016_06,provincia,Comunitat Valenciana,Castellón,Castellón,Compromís Podemos EUPV,1,2,NA,5,1(+1),4,ancho,CASTELLÓN
3141,generales_2016_06,provincia,Comunitat Valenciana,Valencia,Valencia,PP,6,6,NA,16,6,4,ancho,VALENCIA
3141,generales_2016_06,provincia,Comunitat Valenciana,Valencia,Valencia,PSOE,3,3,NA,16,3,4,ancho,VALENCIA
3141,generales_2016_06,provincia,Comunitat Valenciana,Valencia,Valencia,Ciudadanos,2,2,NA,16,2,4,ancho,VALENCIA
3141,generales_2016_06,provincia,Comunitat Valenciana,Valencia,Valencia,Compromís Podemos EUPV,5,5,NA,16,5,4,ancho,VALENCIA
3141,generales_2016_06,provincia,Extremadura,Badajoz,Badajoz,PP,2,2,NA,6,2,4,ancho,BADAJOZ
3141,generales_2016_06,provincia,Extremadura,Badajoz,Badajoz,PSOE,2,2,NA,6,2,4,ancho,BADAJOZ
3141,generales_2016_06,provincia,Extremadura,Badajoz,Badajoz,Unidos Podemos,1,1,NA,6,1,4,ancho,BADAJOZ
3141,generales_2016_06,provincia,Extremadura,Badajoz,Badajoz,Ciudadanos,1,1,NA,6,1,4,ancho,BADAJOZ
3141,generales_2016_06,provincia,Extremadura,Cáceres,Cáceres,PP,2,2,NA,4,2,4,ancho,CÁCERES
3141,generales_2016_06,provincia,Extremadura,Cáceres,Cáceres,PSOE,2,2,NA,4,2,4,ancho,CÁCERES
3141,generales_2016_06,provincia,Galicia,A Coruña,A Coruña,PP,3,3,NA,8,3,4,ancho,A CORUÑA
3141,generales_2016_06,provincia,Galicia,A Coruña,A Coruña,PSOE,2,2,NA,8,2,4,ancho,A CORUÑA
3141,generales_2016_06,provincia,Galicia,A Coruña,A Coruña,Ciudadanos,1,1,NA,8,1,4,ancho,A CORUÑA
3141,generales_2016_06,provincia,Galicia,A Coruña,A Coruña,En Marea,2,2,NA,8,2,4,ancho,A CORUÑA
3141,generales_2016_06,provincia,Galicia,Lugo,Lugo,PP,2,2,NA,4,2,4,ancho,LUGO
3141,generales_2016_06,provincia,Galicia,Lugo,Lugo,PSOE,1,1,NA,4,1,4,ancho,LUGO
3141,generales_2016_06,provincia,Galicia,Lugo,Lugo,En Marea,1,1,NA,4,1,4,ancho,LUGO
3141,generales_2016_06,provincia,Galicia,Ourense,Ourense,PP,2,2,NA,4,2,4,ancho,OURENSE
3141,generales_2016_06,provincia,Galicia,Ourense,Ourense,PSOE,1,1,NA,4,1,4,ancho,OURENSE
3141,generales_2016_06,provincia,Galicia,Ourense,Ourense,En Marea,1,1,NA,4,1,4,ancho,OURENSE
3141,generales_2016_06,provincia,Galicia,Pontevedra,Pontevedra,PP,3,3,NA,7,3,4,ancho,PONTEVEDRA
3141,generales_2016_06,provincia,Galicia,Pontevedra,Pontevedra,PSOE,1,1,NA,7,1,4,ancho,PONTEVEDRA
3141,generales_2016_06,provincia,Galicia,Pontevedra,Pontevedra,En Marea,3,3,NA,7,3,4,ancho,PONTEVEDRA
3141,generales_2016_06,provincia,La Rioja,La Rioja,La Rioja,PP,2,2,NA,4,2,4,ancho,LA RIOJA
3141,generales_2016_06,provincia,La Rioja,La Rioja,La Rioja,PSOE,1,1,NA,4,1,4,ancho,LA RIOJA
3141,generales_2016_06,provincia,La Rioja,La Rioja,La Rioja,Unidos Podemos,1,1,NA,4,1,4,ancho,LA RIOJA
3141,generales_2016_06,provincia,Comunidad de Madrid,Madrid,Madrid,PP,12,12,NA,36,12,4,ancho,MADRID
3141,generales_2016_06,provincia,Comunidad de Madrid,Madrid,Madrid,PSOE,6,6,NA,36,6,4,ancho,MADRID
3141,generales_2016_06,provincia,Comunidad de Madrid,Madrid,Madrid,Unidos Podemos,10,10,NA,36,10,4,ancho,MADRID
3141,generales_2016_06,provincia,Comunidad de Madrid,Madrid,Madrid,Ciudadanos,8,8,NA,36,8,4,ancho,MADRID
3141,generales_2016_06,provincia,Melilla,Melilla,Melilla,PP,1,1,NA,1,1,4,ancho,MELILLA
3141,generales_2016_06,provincia,Navarra,Navarra,Navarra,PP,2,2,NA,5,2,4,ancho,NAVARRA
3141,generales_2016_06,provincia,Navarra,Navarra,Navarra,PSOE,1,1,NA,5,1,4,ancho,NAVARRA
3141,generales_2016_06,provincia,Navarra,Navarra,Navarra,Unidos Podemos,2,2,NA,5,2,4,ancho,NAVARRA
3141,generales_2016_06,provincia,País Vasco,Álava,Álava,PP,1,1,NA,4,1,4,ancho,ARABA-ÁLAVA
3141,generales_2016_06,provincia,País Vasco,Álava,Álava,Unidos Podemos,2,2,NA,4,2,4,ancho,ARABA-ÁLAVA
3141,generales_2016_06,provincia,País Vasco,Álava,Álava,PNV,1,1,NA,4,1,4,ancho,ARABA-ÁLAVA
3141,generales_2016_06,provincia,País Vasco,Guipúzcoa,Guipúzcoa,PSOE,1,1,NA,6,1,4,ancho,GIPUZKOA
3141,generales_2016_06,provincia,País Vasco,Guipúzcoa,Guipúzcoa,Unidos Podemos,2,2,NA,6,2,4,ancho,GIPUZKOA
3141,generales_2016_06,provincia,País Vasco,Guipúzcoa,Guipúzcoa,PNV,1,1,NA,6,1,4,ancho,GIPUZKOA
3141,generales_2016_06,provincia,País Vasco,Guipúzcoa,Guipúzcoa,EH Bildu,2,2,NA,6,2,4,ancho,GIPUZKOA
3141,generales_2016_06,provincia,País Vasco,Vizcaya,Vizcaya,PP,1,1,NA,8,1,4,ancho,BIZKAIA
3141,generales_2016_06,provincia,País Vasco,Vizcaya,Vizcaya,Unidos Podemos,3,3,NA,8,3,4,ancho,BIZKAIA
3141,generales_2016_06,provincia,País Vasco,Vizcaya,Vizcaya,PNV,3,3,NA,8,3,4,ancho,BIZKAIA
3141,generales_2016_06,provincia,País Vasco,Vizcaya,Vizcaya,EH Bildu,1,1,NA,8,1,4,ancho,BIZKAIA
3141,generales_2016_06,provincia,Región de Murcia,Murcia,Murcia,PP,5,5,NA,10,5,4,ancho,MURCIA
3141,generales_2016_06,provincia,Región de Murcia,Murcia,Murcia,PSOE,2,2,NA,10,2,4,ancho,MURCIA
3141,generales_2016_06,provincia,Región de Murcia,Murcia,Murcia,Unidos Podemos,2,2,NA,10,2,4,ancho,MURCIA
3141,generales_2016_06,provincia,Región de Murcia,Murcia,Murcia,Ciudadanos,1,1,NA,10,1,4,ancho,MURCIA
3152,autonomicas_2016_09,comunidad,País Vasco,NA,País Vasco,EAJ-PNV,27,28,NA,NA,27-28,3,bloques,encuesta (% sobre | 1 CIS | (en %) voto válido)
3152,autonomicas_2016_09,comunidad,País Vasco,NA,País Vasco,PSE-EE/PSOE,8,8,NA,NA,8,3,bloques,encuesta (% sobre | 1 CIS | (en %) voto válido)
3152,autonomicas_2016_09,comunidad,País Vasco,NA,País Vasco,PP,8,8,NA,NA,8,3,bloques,encuesta (% sobre | 1 CIS | (en %) voto válido)
3152,autonomicas_2016_09,comunidad,País Vasco,NA,País Vasco,EH Bildu,16,16,NA,NA,16,3,bloques,encuesta (% sobre | 1 CIS | (en %) voto válido)
3152,autonomicas_2016_09,comunidad,País Vasco,NA,País Vasco,Podemos (Elkarrekin Podemos),15,16,NA,NA,15-16,3,bloques,encuesta (% sobre | 1 CIS | (en %) voto válido)
3152,autonomicas_2016_09,comunidad,País Vasco,NA,País Vasco,Ciudadanos,0,0,NA,NA,--,3,bloques,encuesta (% sobre | 1 CIS | (en %) voto válido)
3152,autonomicas_2016_09,provincia,País Vasco,Álava,Álava,EAJ-PNV,7,7,NA,NA,7,4,bloques,encuesta (% sobre | CIS | (en %) voto válido)
3152,autonomicas_2016_09,provincia,País Vasco,Álava,Álava,PSE-EE/PSOE,3,3,NA,NA,3,4,bloques,encuesta (% sobre | CIS | (en %) voto válido)
3152,autonomicas_2016_09,provincia,País Vasco,Álava,Álava,PP,4,4,NA,NA,4,4,bloques,encuesta (% sobre | CIS | (en %) voto válido)
3152,autonomicas_2016_09,provincia,País Vasco,Álava,Álava,EH Bildu,5,5,NA,NA,5,4,bloques,encuesta (% sobre | CIS | (en %) voto válido)
3152,autonomicas_2016_09,provincia,País Vasco,Álava,Álava,Podemos (Elkarrekin Podemos),6,6,NA,NA,6,4,bloques,encuesta (% sobre | CIS | (en %) voto válido)
3152,autonomicas_2016_09,provincia,País Vasco,Álava,Álava,Ciudadanos,0,0,NA,NA,--,4,bloques,encuesta (% sobre | CIS | (en %) voto válido)
3152,autonomicas_2016_09,provincia,País Vasco,Vizcaya,Vizcaya,EAJ-PNV,11,12,NA,NA,11-12,5,bloques,encuesta (% sobre | CIS | (en %) voto válido)
3152,autonomicas_2016_09,provincia,País Vasco,Vizcaya,Vizcaya,PSE-EE/PSOE,3,3,NA,NA,3,5,bloques,encuesta (% sobre | CIS | (en %) voto válido)
3152,autonomicas_2016_09,provincia,País Vasco,Vizcaya,Vizcaya,PP,2,2,NA,NA,2,5,bloques,encuesta (% sobre | CIS | (en %) voto válido)
3152,autonomicas_2016_09,provincia,País Vasco,Vizcaya,Vizcaya,EH Bildu,4,4,NA,NA,4,5,bloques,encuesta (% sobre | CIS | (en %) voto válido)
3152,autonomicas_2016_09,provincia,País Vasco,Vizcaya,Vizcaya,Podemos (Elkarrekin Podemos),4,5,NA,NA,5-4,5,bloques,encuesta (% sobre | CIS | (en %) voto válido)
3152,autonomicas_2016_09,provincia,País Vasco,Vizcaya,Vizcaya,Ciudadanos,0,0,NA,NA,--,5,bloques,encuesta (% sobre | CIS | (en %) voto válido)
3152,autonomicas_2016_09,provincia,País Vasco,Guipúzcoa,Guipúzcoa,EAJ-PNV,9,9,NA,NA,9,6,bloques,encuesta (% sobre | CIS | (en %) voto válido)
3152,autonomicas_2016_09,provincia,País Vasco,Guipúzcoa,Guipúzcoa,PSE-EE/PSOE,2,2,NA,NA,2,6,bloques,encuesta (% sobre | CIS | (en %) voto válido)
3152,autonomicas_2016_09,provincia,País Vasco,Guipúzcoa,Guipúzcoa,PP,2,2,NA,NA,2,6,bloques,encuesta (% sobre | CIS | (en %) voto válido)
3152,autonomicas_2016_09,provincia,País Vasco,Guipúzcoa,Guipúzcoa,EH Bildu,7,7,NA,NA,7,6,bloques,encuesta (% sobre | CIS | (en %) voto válido)
3152,autonomicas_2016_09,provincia,País Vasco,Guipúzcoa,Guipúzcoa,Podemos (Elkarrekin Podemos),5,5,NA,NA,5,6,bloques,encuesta (% sobre | CIS | (en %) voto válido)
3152,autonomicas_2016_09,provincia,País Vasco,Guipúzcoa,Guipúzcoa,Ciudadanos,0,0,NA,NA,--,6,bloques,encuesta (% sobre | CIS | (en %) voto válido)
3153,autonomicas_2016_09,comunidad,Galicia,NA,Galicia,PP,40,41,NA,NA,40-41,3,bloques,encuesta (% sobre | 1 CIS | (en %) voto válido)
3153,autonomicas_2016_09,comunidad,Galicia,NA,Galicia,PSdeG/PSOE,16,16,NA,NA,16,3,bloques,encuesta (% sobre | 1 CIS | (en %) voto válido)
3153,autonomicas_2016_09,comunidad,Galicia,NA,Galicia,BNG-Nós,2,2,NA,NA,2,3,bloques,encuesta (% sobre | 1 CIS | (en %) voto válido)
3153,autonomicas_2016_09,comunidad,Galicia,NA,Galicia,"En Marea (Podemos, ANOVA, EU, Equo)",15,17,NA,NA,15-17,3,bloques,encuesta (% sobre | 1 CIS | (en %) voto válido)
3153,autonomicas_2016_09,comunidad,Galicia,NA,Galicia,Ciudadanos,0,1,NA,NA,0-1,3,bloques,encuesta (% sobre | 1 CIS | (en %) voto válido)
3153,autonomicas_2016_09,provincia,Galicia,A Coruña,A Coruña,PP,13,13,NA,NA,13,4,bloques,encuesta (% sobre | CIS | (en %) voto válido)
3153,autonomicas_2016_09,provincia,Galicia,A Coruña,A Coruña,PSdeG/PSOE,5,5,NA,NA,5,4,bloques,encuesta (% sobre | CIS | (en %) voto válido)
3153,autonomicas_2016_09,provincia,Galicia,A Coruña,A Coruña,BNG-Nós,1,1,NA,NA,1,4,bloques,encuesta (% sobre | CIS | (en %) voto válido)
3153,autonomicas_2016_09,provincia,Galicia,A Coruña,A Coruña,"En Marea (Podemos, ANOVA, EU, Equo)",6,6,NA,NA,6,4,bloques,encuesta (% sobre | CIS | (en %) voto válido)
3153,autonomicas_2016_09,provincia,Galicia,A Coruña,A Coruña,Ciudadanos,0,0,NA,NA,--,4,bloques,encuesta (% sobre | CIS | (en %) voto válido)
3153,autonomicas_2016_09,provincia,Galicia,Lugo,Lugo,PP,9,9,NA,NA,9,5,bloques,encuesta (% sobre | CIS | (en %) voto válido)
3153,autonomicas_2016_09,provincia,Galicia,Lugo,Lugo,PSdeG/PSOE,3,3,NA,NA,3,5,bloques,encuesta (% sobre | CIS | (en %) voto válido)
3153,autonomicas_2016_09,provincia,Galicia,Lugo,Lugo,BNG-Nós,0,0,NA,NA,--,5,bloques,encuesta (% sobre | CIS | (en %) voto válido)
3153,autonomicas_2016_09,provincia,Galicia,Lugo,Lugo,"En Marea (Podemos, ANOVA, EU, Equo)",2,2,NA,NA,2,5,bloques,encuesta (% sobre | CIS | (en %) voto válido)
3153,autonomicas_2016_09,provincia,Galicia,Lugo,Lugo,Ciudadanos,0,0,NA,NA,--,5,bloques,encuesta (% sobre | CIS | (en %) voto válido)
3153,autonomicas_2016_09,provincia,Galicia,Ourense,Ourense,PP,8,9,NA,NA,9-8,6,bloques,encuesta (% sobre | CIS | (en %) voto válido)
3153,autonomicas_2016_09,provincia,Galicia,Ourense,Ourense,PSdeG/PSOE,3,3,NA,NA,3,6,bloques,encuesta (% sobre | CIS | (en %) voto válido)
3153,autonomicas_2016_09,provincia,Galicia,Ourense,Ourense,BNG-Nós,0,0,NA,NA,--,6,bloques,encuesta (% sobre | CIS | (en %) voto válido)
3153,autonomicas_2016_09,provincia,Galicia,Ourense,Ourense,"En Marea (Podemos, ANOVA, EU, Equo)",2,3,NA,NA,2-3,6,bloques,encuesta (% sobre | CIS | (en %) voto válido)
3153,autonomicas_2016_09,provincia,Galicia,Ourense,Ourense,Ciudadanos,0,0,NA,NA,--,6,bloques,encuesta (% sobre | CIS | (en %) voto válido)
3153,autonomicas_2016_09,provincia,Galicia,Pontevedra,Pontevedra,PP,10,10,NA,NA,10,7,bloques,encuesta (% sobre | CIS | (en %) voto válido)
3153,autonomicas_2016_09,provincia,Galicia,Pontevedra,Pontevedra,PSdeG/PSOE,5,5,NA,NA,5,7,bloques,encuesta (% sobre | CIS | (en %) voto válido)
3153,autonomicas_2016_09,provincia,Galicia,Pontevedra,Pontevedra,BNG-Nós,1,1,NA,NA,1,7,bloques,encuesta (% sobre | CIS | (en %) voto válido)
3153,autonomicas_2016_09,provincia,Galicia,Pontevedra,Pontevedra,"En Marea (Podemos, ANOVA, EU, Equo)",5,6,NA,NA,5-6,7,bloques,encuesta (% sobre | CIS | (en %) voto válido)
3153,autonomicas_2016_09,provincia,Galicia,Pontevedra,Pontevedra,Ciudadanos,0,1,NA,NA,1-0,7,bloques,encuesta (% sobre | CIS | (en %) voto válido)
3230,autonomicas_2018_12,comunidad,Andalucía,NA,Andalucía,PSOE-A,45,47,NA,NA,45-47,3,bloques,(% sobre voto | encuesta encuesta CIS 2015 | candidaturas)
3230,autonomicas_2018_12,comunidad,Andalucía,NA,Andalucía,PP,20,22,NA,NA,20-22,3,bloques,(% sobre voto | encuesta encuesta CIS 2015 | candidaturas)
3230,autonomicas_2018_12,comunidad,Andalucía,NA,Andalucía,Adelante Andalucía (Podemos + IU),20,20,NA,NA,20,3,bloques,(% sobre voto | encuesta encuesta CIS 2015 | candidaturas)
3230,autonomicas_2018_12,comunidad,Andalucía,NA,Andalucía,Ciudadanos,20,22,NA,NA,20-22,3,bloques,(% sobre voto | encuesta encuesta CIS 2015 | candidaturas)
3230,autonomicas_2018_12,comunidad,Andalucía,NA,Andalucía,VOX,1,1,NA,NA,1,3,bloques,(% sobre voto | encuesta encuesta CIS 2015 | candidaturas)
3230,autonomicas_2018_12,provincia,Andalucía,Almería,Almería,PSOE-A,5,5,NA,NA,5,4,bloques,directo en voto CIS Estimación Escaños | la (% sobre voto escaños de la obtenidos en | encuesta candidatura) encuesta CIS 2015
3230,autonomicas_2018_12,provincia,Andalucía,Almería,Almería,PP,3,3,NA,NA,3,4,bloques,directo en voto CIS Estimación Escaños | la (% sobre voto escaños de la obtenidos en | encuesta candidatura) encuesta CIS 2015
3230,autonomicas_2018_12,provincia,Andalucía,Almería,Almería,Adelante Andalucía (Podemos + IU),1,1,NA,NA,1,4,bloques,directo en voto CIS Estimación Escaños | la (% sobre voto escaños de la obtenidos en | encuesta candidatura) encuesta CIS 2015
3230,autonomicas_2018_12,provincia,Andalucía,Almería,Almería,Ciudadanos,2,2,NA,NA,2,4,bloques,directo en voto CIS Estimación Escaños | la (% sobre voto escaños de la obtenidos en | encuesta candidatura) encuesta CIS 2015
3230,autonomicas_2018_12,provincia,Andalucía,Almería,Almería,VOX,1,1,NA,NA,1,4,bloques,directo en voto CIS Estimación Escaños | la (% sobre voto escaños de la obtenidos en | encuesta candidatura) encuesta CIS 2015
3230,autonomicas_2018_12,provincia,Andalucía,Cádiz,Cádiz,PSOE-A,6,7,NA,NA,6-7,5,bloques,directo voto CIS Estimación obtenidos en | en la (% sobre voto escaños de la 2015 | encuesta candidatura) encuesta CIS
3230,autonomicas_2018_12,provincia,Andalucía,Cádiz,Cádiz,PP,2,3,NA,NA,2-3,5,bloques,directo voto CIS Estimación obtenidos en | en la (% sobre voto escaños de la 2015 | encuesta candidatura) encuesta CIS
3230,autonomicas_2018_12,provincia,Andalucía,Cádiz,Cádiz,Adelante Andalucía (Podemos + IU),3,3,NA,NA,3,5,bloques,directo voto CIS Estimación obtenidos en | en la (% sobre voto escaños de la 2015 | encuesta candidatura) encuesta CIS
3230,autonomicas_2018_12,provincia,Andalucía,Cádiz,Cádiz,Ciudadanos,3,4,NA,NA,3-4,5,bloques,directo voto CIS Estimación obtenidos en | en la (% sobre voto escaños de la 2015 | encuesta candidatura) encuesta CIS
3230,autonomicas_2018_12,provincia,Andalucía,Córdoba,Córdoba,PSOE-A,5,5,NA,NA,5,6,bloques,directo voto CIS Estimación obtenidos en | en la (% sobre voto escaños de la 2015 | encuesta candidatura) encuesta CIS
3230,autonomicas_2018_12,provincia,Andalucía,Córdoba,Córdoba,PP,2,2,NA,NA,2,6,bloques,directo voto CIS Estimación obtenidos en | en la (% sobre voto escaños de la 2015 | encuesta candidatura) encuesta CIS
3230,autonomicas_2018_12,provincia,Andalucía,Córdoba,Córdoba,Adelante Andalucía (Podemos + IU),3,3,NA,NA,3,6,bloques,directo voto CIS Estimación obtenidos en | en la (% sobre voto escaños de la 2015 | encuesta candidatura) encuesta CIS
3230,autonomicas_2018_12,provincia,Andalucía,Córdoba,Córdoba,Ciudadanos,2,2,NA,NA,2,6,bloques,directo voto CIS Estimación obtenidos en | en la (% sobre voto escaños de la 2015 | encuesta candidatura) encuesta CIS
3230,autonomicas_2018_12,provincia,Andalucía,Granada,Granada,PSOE-A,5,5,NA,NA,5,7,bloques,directo en voto CIS Estimación obtenidos en | la (% sobre voto escaños de la 2015 | encuesta candidatura) encuesta CIS
3230,autonomicas_2018_12,provincia,Andalucía,Granada,Granada,PP,2,2,NA,NA,2,7,bloques,directo en voto CIS Estimación obtenidos en | la (% sobre voto escaños de la 2015 | encuesta candidatura) encuesta CIS
3230,autonomicas_2018_12,provincia,Andalucía,Granada,Granada,Adelante Andalucía (Podemos + IU),3,3,NA,NA,3,7,bloques,directo en voto CIS Estimación obtenidos en | la (% sobre voto escaños de la 2015 | encuesta candidatura) encuesta CIS
3230,autonomicas_2018_12,provincia,Andalucía,Granada,Granada,Ciudadanos,3,3,NA,NA,3,7,bloques,directo en voto CIS Estimación obtenidos en | la (% sobre voto escaños de la 2015 | encuesta candidatura) encuesta CIS
3230,autonomicas_2018_12,provincia,Andalucía,Huelva,Huelva,PSOE-A,5,5,NA,NA,5,8,bloques,la encuesta (% sobre voto 2015 | encuesta CIS | (en %) 11 candidatura)
3230,autonomicas_2018_12,provincia,Andalucía,Huelva,Huelva,PP,2,2,NA,NA,2,8,bloques,la encuesta (% sobre voto 2015 | encuesta CIS | (en %) 11 candidatura)
3230,autonomicas_2018_12,provincia,Andalucía,Huelva,Huelva,Adelante Andalucía (Podemos + IU),2,2,NA,NA,2,8,bloques,la encuesta (% sobre voto 2015 | encuesta CIS | (en %) 11 candidatura)
3230,autonomicas_2018_12,provincia,Andalucía,Huelva,Huelva,Ciudadanos,2,2,NA,NA,2,8,bloques,la encuesta (% sobre voto 2015 | encuesta CIS | (en %) 11 candidatura)
3230,autonomicas_2018_12,provincia,Andalucía,Jaén,Jaén,PSOE-A,5,6,NA,NA,5-6,9,bloques,(% sobre voto 2015 | encuesta encuesta CIS | candidatura)
3230,autonomicas_2018_12,provincia,Andalucía,Jaén,Jaén,PP,2,3,NA,NA,2-3,9,bloques,(% sobre voto 2015 | encuesta encuesta CIS | candidatura)
3230,autonomicas_2018_12,provincia,Andalucía,Jaén,Jaén,Adelante Andalucía (Podemos + IU),1,1,NA,NA,1,9,bloques,(% sobre voto 2015 | encuesta encuesta CIS | candidatura)
3230,autonomicas_2018_12,provincia,Andalucía,Jaén,Jaén,Ciudadanos,1,2,NA,NA,1-2,9,bloques,(% sobre voto 2015 | encuesta encuesta CIS | candidatura)
3230,autonomicas_2018_12,provincia,Andalucía,Málaga,Málaga,PSOE-A,6,6,NA,NA,6,10,bloques,(% sobre voto 2015 | encuesta encuesta CIS | candidatura)
3230,autonomicas_2018_12,provincia,Andalucía,Málaga,Málaga,PP,4,4,NA,NA,4,10,bloques,(% sobre voto 2015 | encuesta encuesta CIS | candidatura)
3230,autonomicas_2018_12,provincia,Andalucía,Málaga,Málaga,Adelante Andalucía (Podemos + IU),3,3,NA,NA,3,10,bloques,(% sobre voto 2015 | encuesta encuesta CIS | candidatura)
3230,autonomicas_2018_12,provincia,Andalucía,Málaga,Málaga,Ciudadanos,4,4,NA,NA,4,10,bloques,(% sobre voto 2015 | encuesta encuesta CIS | candidatura)
3230,autonomicas_2018_12,provincia,Andalucía,Sevilla,Sevilla,PSOE-A,8,8,NA,NA,8,11,bloques,directo en voto CIS Estimación Escaños | la (% sobre voto escaños de la obtenidos en | encuesta candidatura) encuesta CIS 2015
3230,autonomicas_2018_12,provincia,Andalucía,Sevilla,Sevilla,PP,3,3,NA,NA,3,11,bloques,directo en voto CIS Estimación Escaños | la (% sobre voto escaños de la obtenidos en | encuesta candidatura) encuesta CIS 2015
3230,autonomicas_2018_12,provincia,Andalucía,Sevilla,Sevilla,Adelante Andalucía (Podemos + IU),4,4,NA,NA,4,11,bloques,directo en voto CIS Estimación Escaños | la (% sobre voto escaños de la obtenidos en | encuesta candidatura) encuesta CIS 2015
3230,autonomicas_2018_12,provincia,Andalucía,Sevilla,Sevilla,Ciudadanos,3,3,NA,NA,3,11,bloques,directo en voto CIS Estimación Escaños | la (% sobre voto escaños de la obtenidos en | encuesta candidatura) encuesta CIS 2015
3242,generales_2019_04,nacional,NA,NA,España,PP,66,76,NA,NA,66-76,3,bloques,sobre voto escaños | (en %) | válido)
3242,generales_2019_04,nacional,NA,NA,España,PSOE,123,138,NA,NA,123-138,3,bloques,sobre voto escaños | (en %) | válido)
3242,generales_2019_04,nacional,NA,NA,España,Unidas Podemos,28,34,NA,NA,28-34,3,bloques,sobre voto escaños | (en %) | válido)
3242,generales_2019_04,nacional,NA,NA,España,Ciudadanos,42,51,NA,NA,42-51,3,bloques,sobre voto escaños | (en %) | válido)
3242,generales_2019_04,nacional,NA,NA,España,En Comú Podem,5,7,NA,NA,5-7,3,bloques,sobre voto escaños | (en %) | válido)
3242,generales_2019_04,nacional,NA,NA,España,Compromís,1,2,NA,NA,1-2,3,bloques,sobre voto escaños | (en %) | válido)
3242,generales_2019_04,nacional,NA,NA,España,ERC,17,18,NA,NA,17-18,3,bloques,sobre voto escaños | (en %) | válido)
3242,generales_2019_04,nacional,NA,NA,España,JxCat,4,5,NA,NA,4-5,3,bloques,sobre voto escaños | (en %) | válido)
3242,generales_2019_04,nacional,NA,NA,España,EAJ-PNV,6,6,NA,NA,6,3,bloques,sobre voto escaños | (en %) | válido)
3242,generales_2019_04,nacional,NA,NA,España,EH Bildu,3,5,NA,NA,3-5,3,bloques,sobre voto escaños | (en %) | válido)
3242,generales_2019_04,nacional,NA,NA,España,CCa-PNC,0,1,NA,NA,0-1,3,bloques,sobre voto escaños | (en %) | válido)
3242,generales_2019_04,nacional,NA,NA,España,Navarra Suma,1,2,NA,NA,1-2,3,bloques,sobre voto escaños | (en %) | válido)
3242,generales_2019_04,nacional,NA,NA,España,VOX,29,37,NA,NA,29-37,3,bloques,sobre voto escaños | (en %) | válido)
3242,generales_2019_04,nacional,NA,NA,España,En Marea,0,0,NA,NA,0,3,bloques,sobre voto escaños | (en %) | válido)
3242,generales_2019_04,nacional,NA,NA,España,Nueva Canarias,0,0,NA,NA,0,3,bloques,sobre voto escaños | (en %) | válido)
3242,generales_2019_04,nacional,NA,NA,España,PACMA,0,2,NA,NA,0-2,3,bloques,sobre voto escaños | (en %) | válido)
3242,generales_2019_04,provincia,Andalucía,Almería,Almería,PP,1,2,NA,6,1-2,4,ancho,Almería
3242,generales_2019_04,provincia,Andalucía,Almería,Almería,PSOE,3,3,NA,6,3,4,ancho,Almería
3242,generales_2019_04,provincia,Andalucía,Almería,Almería,Unidas Podemos,0,1,NA,6,0-1,4,ancho,Almería
3242,generales_2019_04,provincia,Andalucía,Almería,Almería,Ciudadanos,0,1,NA,6,0-1,4,ancho,Almería
3242,generales_2019_04,provincia,Andalucía,Almería,Almería,Vox,1,1,NA,6,1,4,ancho,Almería
3242,generales_2019_04,provincia,Andalucía,Cádiz,Cádiz,PP,1,1,NA,9,1,4,ancho,Cádiz
3242,generales_2019_04,provincia,Andalucía,Cádiz,Cádiz,PSOE,4,4,NA,9,4,4,ancho,Cádiz
3242,generales_2019_04,provincia,Andalucía,Cádiz,Cádiz,Unidas Podemos,1,2,NA,9,1-2,4,ancho,Cádiz
3242,generales_2019_04,provincia,Andalucía,Cádiz,Cádiz,Ciudadanos,1,1,NA,9,1,4,ancho,Cádiz
3242,generales_2019_04,provincia,Andalucía,Cádiz,Cádiz,Vox,1,2,NA,9,1-2,4,ancho,Cádiz
3242,generales_2019_04,provincia,Andalucía,Córdoba,Córdoba,PP,1,1,NA,6,1,4,ancho,Córdoba
3242,generales_2019_04,provincia,Andalucía,Córdoba,Córdoba,PSOE,3,3,NA,6,3,4,ancho,Córdoba
3242,generales_2019_04,provincia,Andalucía,Córdoba,Córdoba,Unidas Podemos,1,1,NA,6,1,4,ancho,Córdoba
3242,generales_2019_04,provincia,Andalucía,Córdoba,Córdoba,Ciudadanos,1,1,NA,6,1,4,ancho,Córdoba
3242,generales_2019_04,provincia,Andalucía,Granada,Granada,PP,1,1,NA,7,1,4,ancho,Granada
3242,generales_2019_04,provincia,Andalucía,Granada,Granada,PSOE,3,3,NA,7,3,4,ancho,Granada
3242,generales_2019_04,provincia,Andalucía,Granada,Granada,Unidas Podemos,1,1,NA,7,1,4,ancho,Granada
3242,generales_2019_04,provincia,Andalucía,Granada,Granada,Ciudadanos,1,1,NA,7,1,4,ancho,Granada
3242,generales_2019_04,provincia,Andalucía,Granada,Granada,Vox,1,1,NA,7,1,4,ancho,Granada
3242,generales_2019_04,provincia,Andalucía,Huelva,Huelva,PP,1,1,NA,5,1,4,ancho,Huelva
3242,generales_2019_04,provincia,Andalucía,Huelva,Huelva,PSOE,2,2,NA,5,2,4,ancho,Huelva
3242,generales_2019_04,provincia,Andalucía,Huelva,Huelva,Unidas Podemos,1,1,NA,5,1,4,ancho,Huelva
3242,generales_2019_04,provincia,Andalucía,Huelva,Huelva,Ciudadanos,1,1,NA,5,1,4,ancho,Huelva
3242,generales_2019_04,provincia,Andalucía,Jaén,Jaén,PP,1,1,NA,5,1,4,ancho,Jaén
3242,generales_2019_04,provincia,Andalucía,Jaén,Jaén,PSOE,3,3,NA,5,3,4,ancho,Jaén
3242,generales_2019_04,provincia,Andalucía,Jaén,Jaén,Vox,1,1,NA,5,1,4,ancho,Jaén
3242,generales_2019_04,provincia,Andalucía,Málaga,Málaga,PP,2,3,NA,11,2-3,4,ancho,Málaga
3242,generales_2019_04,provincia,Andalucía,Málaga,Málaga,PSOE,3,4,NA,11,3-4,4,ancho,Málaga
3242,generales_2019_04,provincia,Andalucía,Málaga,Málaga,Unidas Podemos,1,1,NA,11,1,4,ancho,Málaga
3242,generales_2019_04,provincia,Andalucía,Málaga,Málaga,Ciudadanos,2,2,NA,11,2,4,ancho,Málaga
3242,generales_2019_04,provincia,Andalucía,Málaga,Málaga,Vox,2,2,NA,11,2,4,ancho,Málaga
3242,generales_2019_04,provincia,Andalucía,Sevilla,Sevilla,PP,2,2,NA,12,2,4,ancho,Sevilla
3242,generales_2019_04,provincia,Andalucía,Sevilla,Sevilla,PSOE,5,6,NA,12,5-6,4,ancho,Sevilla
3242,generales_2019_04,provincia,Andalucía,Sevilla,Sevilla,Unidas Podemos,1,2,NA,12,1-2,4,ancho,Sevilla
3242,generales_2019_04,provincia,Andalucía,Sevilla,Sevilla,Ciudadanos,2,2,NA,12,2,4,ancho,Sevilla
3242,generales_2019_04,provincia,Andalucía,Sevilla,Sevilla,Vox,1,1,NA,12,1,4,ancho,Sevilla
3242,generales_2019_04,provincia,Aragón,Huesca,Huesca,PP,1,1,NA,3,1,4,ancho,Huesca
3242,generales_2019_04,provincia,Aragón,Huesca,Huesca,PSOE,1,2,NA,3,1-2,4,ancho,Huesca
3242,generales_2019_04,provincia,Aragón,Huesca,Huesca,Ciudadanos,0,1,NA,3,0-1,4,ancho,Huesca
3242,generales_2019_04,provincia,Aragón,Teruel,Teruel,PP,1,1,NA,3,1,4,ancho,Teruel
3242,generales_2019_04,provincia,Aragón,Teruel,Teruel,PSOE,1,1,NA,3,1,4,ancho,Teruel
3242,generales_2019_04,provincia,Aragón,Teruel,Teruel,Ciudadanos,1,1,NA,3,1,4,ancho,Teruel
3242,generales_2019_04,provincia,Aragón,Zaragoza,Zaragoza,PP,2,2,NA,7,2,4,ancho,Zaragoza
3242,generales_2019_04,provincia,Aragón,Zaragoza,Zaragoza,PSOE,2,2,NA,7,2,4,ancho,Zaragoza
3242,generales_2019_04,provincia,Aragón,Zaragoza,Zaragoza,Unidas Podemos,1,1,NA,7,1,4,ancho,Zaragoza
3242,generales_2019_04,provincia,Aragón,Zaragoza,Zaragoza,Ciudadanos,1,1,NA,7,1,4,ancho,Zaragoza
3242,generales_2019_04,provincia,Aragón,Zaragoza,Zaragoza,Vox,1,1,NA,7,1,4,ancho,Zaragoza
3242,generales_2019_04,provincia,Principado de Asturias,Asturias,Asturias,PP,2,2,NA,7,2,4,ancho,Asturias
3242,generales_2019_04,provincia,Principado de Asturias,Asturias,Asturias,PSOE,3,3,NA,7,3,4,ancho,Asturias
3242,generales_2019_04,provincia,Principado de Asturias,Asturias,Asturias,Unidas Podemos,1,1,NA,7,1,4,ancho,Asturias
3242,generales_2019_04,provincia,Principado de Asturias,Asturias,Asturias,Ciudadanos,1,1,NA,7,1,4,ancho,Asturias
3242,generales_2019_04,provincia,Illes Balears,Baleares,Baleares,PP,1,1,NA,8,1,4,ancho,I. Balears
3242,generales_2019_04,provincia,Illes Balears,Baleares,Baleares,PSOE,2,3,NA,8,2-3,4,ancho,I. Balears
3242,generales_2019_04,provincia,Illes Balears,Baleares,Baleares,Unidas Podemos,1,2,NA,8,1-2,4,ancho,I. Balears
3242,generales_2019_04,provincia,Illes Balears,Baleares,Baleares,Ciudadanos,1,2,NA,8,1-2,4,ancho,I. Balears
3242,generales_2019_04,provincia,Illes Balears,Baleares,Baleares,Vox,1,2,NA,8,1-2,4,ancho,I. Balears
3242,generales_2019_04,provincia,Canarias,Las Palmas,Las Palmas,PP,2,2,NA,8,2,4,ancho,Las Palmas
3242,generales_2019_04,provincia,Canarias,Las Palmas,Las Palmas,PSOE,3,3,NA,8,3,4,ancho,Las Palmas
3242,generales_2019_04,provincia,Canarias,Las Palmas,Las Palmas,Unidas Podemos,1,1,NA,8,1,4,ancho,Las Palmas
3242,generales_2019_04,provincia,Canarias,Las Palmas,Las Palmas,Ciudadanos,1,2,NA,8,1-2,4,ancho,Las Palmas
3242,generales_2019_04,provincia,Canarias,Las Palmas,Las Palmas,Vox,0,1,NA,8,0-1,4,ancho,Las Palmas
3242,generales_2019_04,provincia,Canarias,Santa Cruz de Tenerife,Santa Cruz de Tenerife,PP,1,1,NA,7,1,4,ancho,SC Tenerife
3242,generales_2019_04,provincia,Canarias,Santa Cruz de Tenerife,Santa Cruz de Tenerife,PSOE,2,3,NA,7,2-3,4,ancho,SC Tenerife
3242,generales_2019_04,provincia,Canarias,Santa Cruz de Tenerife,Santa Cruz de Tenerife,Unidas Podemos,1,1,NA,7,1,4,ancho,SC Tenerife
3242,generales_2019_04,provincia,Canarias,Santa Cruz de Tenerife,Santa Cruz de Tenerife,Ciudadanos,1,1,NA,7,1,4,ancho,SC Tenerife
3242,generales_2019_04,provincia,Canarias,Santa Cruz de Tenerife,Santa Cruz de Tenerife,Vox,1,1,NA,7,1,4,ancho,SC Tenerife
3242,generales_2019_04,provincia,Canarias,Santa Cruz de Tenerife,Santa Cruz de Tenerife,CC,0,1,NA,7,0-1,4,ancho,SC Tenerife
3242,generales_2019_04,provincia,Cantabria,Cantabria,Cantabria,PP,1,2,NA,5,1-2,4,ancho,Cantabria
3242,generales_2019_04,provincia,Cantabria,Cantabria,Cantabria,PSOE,2,3,NA,5,2-3,4,ancho,Cantabria
3242,generales_2019_04,provincia,Cantabria,Cantabria,Cantabria,Ciudadanos,1,1,NA,5,1,4,ancho,Cantabria
3242,generales_2019_04,provincia,Castilla y León,Ávila,Ávila,PP,1,2,NA,3,1-2,4,ancho,Ávila
3242,generales_2019_04,provincia,Castilla y León,Ávila,Ávila,PSOE,1,1,NA,3,1,4,ancho,Ávila
3242,generales_2019_04,provincia,Castilla y León,Ávila,Ávila,Ciudadanos,0,1,NA,3,0-1,4,ancho,Ávila
3242,generales_2019_04,provincia,Castilla y León,Burgos,Burgos,PP,1,2,NA,4,1-2,4,ancho,Burgos
3242,generales_2019_04,provincia,Castilla y León,Burgos,Burgos,PSOE,2,2,NA,4,2,4,ancho,Burgos
3242,generales_2019_04,provincia,Castilla y León,Burgos,Burgos,Ciudadanos,0,1,NA,4,0-1,4,ancho,Burgos
3242,generales_2019_04,provincia,Castilla y León,León,León,PP,1,1,NA,4,1,4,ancho,León
3242,generales_2019_04,provincia,Castilla y León,León,León,PSOE,2,2,NA,4,2,4,ancho,León
3242,generales_2019_04,provincia,Castilla y León,León,León,Vox,1,1,NA,4,1,4,ancho,León
3242,generales_2019_04,provincia,Castilla y León,Palencia,Palencia,PP,1,1,NA,3,1,4,ancho,Palencia
3242,generales_2019_04,provincia,Castilla y León,Palencia,Palencia,PSOE,1,1,NA,3,1,4,ancho,Palencia
3242,generales_2019_04,provincia,Castilla y León,Palencia,Palencia,Ciudadanos,0,1,NA,3,0-1,4,ancho,Palencia
3242,generales_2019_04,provincia,Castilla y León,Palencia,Palencia,Vox,0,1,NA,3,0-1,4,ancho,Palencia
3242,generales_2019_04,provincia,Castilla y León,Salamanca,Salamanca,PP,2,2,NA,4,2,4,ancho,Salamanca
3242,generales_2019_04,provincia,Castilla y León,Salamanca,Salamanca,PSOE,1,1,NA,4,1,4,ancho,Salamanca
3242,generales_2019_04,provincia,Castilla y León,Salamanca,Salamanca,Vox,1,1,NA,4,1,4,ancho,Salamanca
3242,generales_2019_04,provincia,Castilla y León,Segovia,Segovia,PP,1,1,NA,3,1,4,ancho,Segovia
3242,generales_2019_04,provincia,Castilla y León,Segovia,Segovia,PSOE,1,1,NA,3,1,4,ancho,Segovia
3242,generales_2019_04,provincia,Castilla y León,Segovia,Segovia,Ciudadanos,1,1,NA,3,1,4,ancho,Segovia
3242,generales_2019_04,provincia,Castilla y León,Soria,Soria,PP,1,1,NA,2,1,4,ancho,Soria
3242,generales_2019_04,provincia,Castilla y León,Soria,Soria,PSOE,1,1,NA,2,1,4,ancho,Soria
3242,generales_2019_04,provincia,Castilla y León,Valladolid,Valladolid,PP,1,1,NA,5,1,4,ancho,Valladolid
3242,generales_2019_04,provincia,Castilla y León,Valladolid,Valladolid,PSOE,2,2,NA,5,2,4,ancho,Valladolid
3242,generales_2019_04,provincia,Castilla y León,Valladolid,Valladolid,Ciudadanos,1,1,NA,5,1,4,ancho,Valladolid
3242,generales_2019_04,provincia,Castilla y León,Valladolid,Valladolid,Vox,1,1,NA,5,1,4,ancho,Valladolid
3242,generales_2019_04,provincia,Castilla y León,Zamora,Zamora,PP,1,1,NA,3,1,4,ancho,Zamora
3242,generales_2019_04,provincia,Castilla y León,Zamora,Zamora,PSOE,1,1,NA,3,1,4,ancho,Zamora
3242,generales_2019_04,provincia,Castilla y León,Zamora,Zamora,Ciudadanos,1,1,NA,3,1,4,ancho,Zamora
3242,generales_2019_04,provincia,Castilla-La Mancha,Albacete,Albacete,PP,1,1,NA,4,1,4,ancho,Albacete
3242,generales_2019_04,provincia,Castilla-La Mancha,Albacete,Albacete,PSOE,2,2,NA,4,2,4,ancho,Albacete
3242,generales_2019_04,provincia,Castilla-La Mancha,Albacete,Albacete,Ciudadanos,1,1,NA,4,1,4,ancho,Albacete
3242,generales_2019_04,provincia,Castilla-La Mancha,Ciudad Real,Ciudad Real,PP,1,1,NA,5,1,4,ancho,C. Real
3242,generales_2019_04,provincia,Castilla-La Mancha,Ciudad Real,Ciudad Real,PSOE,2,2,NA,5,2,4,ancho,C. Real
3242,generales_2019_04,provincia,Castilla-La Mancha,Ciudad Real,Ciudad Real,Ciudadanos,1,1,NA,5,1,4,ancho,C. Real
3242,generales_2019_04,provincia,Castilla-La Mancha,Ciudad Real,Ciudad Real,Vox,1,1,NA,5,1,4,ancho,C. Real
3242,generales_2019_04,provincia,Castilla-La Mancha,Cuenca,Cuenca,PP,1,1,NA,3,1,4,ancho,Cuenca
3242,generales_2019_04,provincia,Castilla-La Mancha,Cuenca,Cuenca,PSOE,1,1,NA,3,1,4,ancho,Cuenca
3242,generales_2019_04,provincia,Castilla-La Mancha,Cuenca,Cuenca,Vox,1,1,NA,3,1,4,ancho,Cuenca
3242,generales_2019_04,provincia,Castilla-La Mancha,Guadalajara,Guadalajara,PSOE,2,2,NA,3,2,4,ancho,Guadalajara
3242,generales_2019_04,provincia,Castilla-La Mancha,Guadalajara,Guadalajara,Vox,1,1,NA,3,1,4,ancho,Guadalajara
3242,generales_2019_04,provincia,Castilla-La Mancha,Toledo,Toledo,PP,2,2,NA,6,2,4,ancho,Toledo
3242,generales_2019_04,provincia,Castilla-La Mancha,Toledo,Toledo,PSOE,2,2,NA,6,2,4,ancho,Toledo
3242,generales_2019_04,provincia,Castilla-La Mancha,Toledo,Toledo,Ciudadanos,1,1,NA,6,1,4,ancho,Toledo
3242,generales_2019_04,provincia,Castilla-La Mancha,Toledo,Toledo,Vox,1,1,NA,6,1,4,ancho,Toledo
3242,generales_2019_04,provincia,Cataluña,Barcelona,Barcelona,PP,1,1,NA,32,1,4,ancho,Barcelona
3242,generales_2019_04,provincia,Cataluña,Barcelona,Barcelona,PSOE,8,9,NA,32,8-9,4,ancho,Barcelona
3242,generales_2019_04,provincia,Cataluña,Barcelona,Barcelona,Ciudadanos,3,3,NA,32,3,4,ancho,Barcelona
3242,generales_2019_04,provincia,Cataluña,Barcelona,Barcelona,Vox,3,3,NA,32,3,4,ancho,Barcelona
3242,generales_2019_04,provincia,Cataluña,Barcelona,Barcelona,En Comú Podem,5,6,NA,32,5-6,4,ancho,Barcelona
3242,generales_2019_04,provincia,Cataluña,Barcelona,Barcelona,ERC,9,10,NA,32,9-10,4,ancho,Barcelona
3242,generales_2019_04,provincia,Cataluña,Barcelona,Barcelona,Jx Cat,2,3,NA,32,2-3,4,ancho,Barcelona
3242,generales_2019_04,provincia,Cataluña,Barcelona,Barcelona,PAC MA,0,1,NA,32,0-1,4,ancho,Barcelona
3242,generales_2019_04,provincia,Cataluña,Girona,Girona,PSOE,2,2,NA,6,2,4,ancho,Girona
3242,generales_2019_04,provincia,Cataluña,Girona,Girona,ERC,3,3,NA,6,3,4,ancho,Girona
3242,generales_2019_04,provincia,Cataluña,Girona,Girona,Jx Cat,1,1,NA,6,1,4,ancho,Girona
3242,generales_2019_04,provincia,Cataluña,Lleida,Lleida,PSOE,1,1,NA,4,1,4,ancho,Lleida
3242,generales_2019_04,provincia,Cataluña,Lleida,Lleida,ERC,2,2,NA,4,2,4,ancho,Lleida
3242,generales_2019_04,provincia,Cataluña,Lleida,Lleida,Jx Cat,1,1,NA,4,1,4,ancho,Lleida
3242,generales_2019_04,provincia,Cataluña,Tarragona,Tarragona,PSOE,1,2,NA,6,1-2,4,ancho,Tarragona
3242,generales_2019_04,provincia,Cataluña,Tarragona,Tarragona,Ciudadanos,1,1,NA,6,1,4,ancho,Tarragona
3242,generales_2019_04,provincia,Cataluña,Tarragona,Tarragona,En Comú Podem,0,1,NA,6,0-1,4,ancho,Tarragona
3242,generales_2019_04,provincia,Cataluña,Tarragona,Tarragona,ERC,3,3,NA,6,3,4,ancho,Tarragona
3242,generales_2019_04,provincia,Ceuta,Ceuta,Ceuta,PP,0,1,NA,1,0-1,4,ancho,Ceuta
3242,generales_2019_04,provincia,Ceuta,Ceuta,Ceuta,PSOE,0,1,NA,1,0-1,4,ancho,Ceuta
3242,generales_2019_04,provincia,Ceuta,Ceuta,Ceuta,Vox,0,1,NA,1,0-1,4,ancho,Ceuta
3242,generales_2019_04,provincia,Comunitat Valenciana,Alicante,Alicante,PP,2,3,NA,12,2-3,4,ancho,Alicante
3242,generales_2019_04,provincia,Comunitat Valenciana,Alicante,Alicante,PSOE,4,5,NA,12,4-5,4,ancho,Alicante
3242,generales_2019_04,provincia,Comunitat Valenciana,Alicante,Alicante,Unidas Podemos,1,1,NA,12,1,4,ancho,Alicante
3242,generales_2019_04,provincia,Comunitat Valenciana,Alicante,Alicante,Ciudadanos,2,2,NA,12,2,4,ancho,Alicante
3242,generales_2019_04,provincia,Comunitat Valenciana,Alicante,Alicante,Vox,2,2,NA,12,2,4,ancho,Alicante
3242,generales_2019_04,provincia,Comunitat Valenciana,Castellón,Castellón,PP,1,1,NA,5,1,4,ancho,Castellón
3242,generales_2019_04,provincia,Comunitat Valenciana,Castellón,Castellón,PSOE,2,3,NA,5,2-3,4,ancho,Castellón
3242,generales_2019_04,provincia,Comunitat Valenciana,Castellón,Castellón,Ciudadanos,1,1,NA,5,1,4,ancho,Castellón
3242,generales_2019_04,provincia,Comunitat Valenciana,Castellón,Castellón,Vox,0,1,NA,5,0-1,4,ancho,Castellón
3242,generales_2019_04,provincia,Comunitat Valenciana,Valencia,Valencia,PP,3,3,NA,15,3,4,ancho,Valencia
3242,generales_2019_04,provincia,Comunitat Valenciana,Valencia,Valencia,PSOE,5,5,NA,15,5,4,ancho,Valencia
3242,generales_2019_04,provincia,Comunitat Valenciana,Valencia,Valencia,Unidas Podemos,2,2,NA,15,2,4,ancho,Valencia
3242,generales_2019_04,provincia,Comunitat Valenciana,Valencia,Valencia,Ciudadanos,2,3,NA,15,2-3,4,ancho,Valencia
3242,generales_2019_04,provincia,Comunitat Valenciana,Valencia,Valencia,Vox,1,2,NA,15,1-2,4,ancho,Valencia
3242,generales_2019_04,provincia,Comunitat Valenciana,Valencia,Valencia,Compromís,1,2,NA,15,1-2,4,ancho,Valencia
3242,generales_2019_04,provincia,Comunitat Valenciana,Valencia,Valencia,PAC MA,0,1,NA,15,0-1,4,ancho,Valencia
3242,generales_2019_04,provincia,Extremadura,Badajoz,Badajoz,PP,2,2,NA,6,2,4,ancho,Badajoz
3242,generales_2019_04,provincia,Extremadura,Badajoz,Badajoz,PSOE,3,3,NA,6,3,4,ancho,Badajoz
3242,generales_2019_04,provincia,Extremadura,Badajoz,Badajoz,Ciudadanos,1,1,NA,6,1,4,ancho,Badajoz
3242,generales_2019_04,provincia,Extremadura,Cáceres,Cáceres,PP,1,1,NA,4,1,4,ancho,Cáceres
3242,generales_2019_04,provincia,Extremadura,Cáceres,Cáceres,PSOE,2,2,NA,4,2,4,ancho,Cáceres
3242,generales_2019_04,provincia,Extremadura,Cáceres,Cáceres,Ciudadanos,1,1,NA,4,1,4,ancho,Cáceres
3242,generales_2019_04,provincia,Galicia,A Coruña,A Coruña,PP,2,3,NA,8,2-3,4,ancho,A Coruña
3242,generales_2019_04,provincia,Galicia,A Coruña,A Coruña,PSOE,2,3,NA,8,2-3,4,ancho,A Coruña
3242,generales_2019_04,provincia,Galicia,A Coruña,A Coruña,Unidas Podemos,1,1,NA,8,1,4,ancho,A Coruña
3242,generales_2019_04,provincia,Galicia,A Coruña,A Coruña,Ciudadanos,1,1,NA,8,1,4,ancho,A Coruña
3242,generales_2019_04,provincia,Galicia,A Coruña,A Coruña,Vox,1,1,NA,8,1,4,ancho,A Coruña
3242,generales_2019_04,provincia,Galicia,Lugo,Lugo,PP,2,2,NA,4,2,4,ancho,Lugo
3242,generales_2019_04,provincia,Galicia,Lugo,Lugo,PSOE,2,2,NA,4,2,4,ancho,Lugo
3242,generales_2019_04,provincia,Galicia,Ourense,Ourense,PP,2,2,NA,4,2,4,ancho,Ourense
3242,generales_2019_04,provincia,Galicia,Ourense,Ourense,PSOE,2,2,NA,4,2,4,ancho,Ourense
3242,generales_2019_04,provincia,Galicia,Pontevedra,Pontevedra,PP,2,2,NA,7,2,4,ancho,Pontevedra
3242,generales_2019_04,provincia,Galicia,Pontevedra,Pontevedra,PSOE,3,3,NA,7,3,4,ancho,Pontevedra
3242,generales_2019_04,provincia,Galicia,Pontevedra,Pontevedra,Unidas Podemos,1,1,NA,7,1,4,ancho,Pontevedra
3242,generales_2019_04,provincia,Galicia,Pontevedra,Pontevedra,Ciudadanos,1,1,NA,7,1,4,ancho,Pontevedra
3242,generales_2019_04,provincia,La Rioja,La Rioja,La Rioja,PP,1,1,NA,4,1,4,ancho,La Rioja
3242,generales_2019_04,provincia,La Rioja,La Rioja,La Rioja,PSOE,2,2,NA,4,2,4,ancho,La Rioja
3242,generales_2019_04,provincia,La Rioja,La Rioja,La Rioja,Unidas Podemos,1,1,NA,4,1,4,ancho,La Rioja
3242,generales_2019_04,provincia,Comunidad de Madrid,Madrid,Madrid,PP,8,9,NA,37,8-9,4,ancho,Madrid
3242,generales_2019_04,provincia,Comunidad de Madrid,Madrid,Madrid,PSOE,12,13,NA,37,12-13,4,ancho,Madrid
3242,generales_2019_04,provincia,Comunidad de Madrid,Madrid,Madrid,Unidas Podemos,6,7,NA,37,6-7,4,ancho,Madrid
3242,generales_2019_04,provincia,Comunidad de Madrid,Madrid,Madrid,Ciudadanos,7,7,NA,37,7,4,ancho,Madrid
3242,generales_2019_04,provincia,Comunidad de Madrid,Madrid,Madrid,Vox,3,4,NA,37,3-4,4,ancho,Madrid
3242,generales_2019_04,provincia,Melilla,Melilla,Melilla,PP,0,1,NA,1,0-1,4,ancho,Melilla
3242,generales_2019_04,provincia,Melilla,Melilla,Melilla,PSOE,0,1,NA,1,0-1,4,ancho,Melilla
3242,generales_2019_04,provincia,Navarra,Navarra,Navarra,PSOE,2,2,NA,5,2,4,ancho,Navarra
3242,generales_2019_04,provincia,Navarra,Navarra,Navarra,Unidas Podemos,1,1,NA,5,1,4,ancho,Navarra
3242,generales_2019_04,provincia,Navarra,Navarra,Navarra,Navarra Suma,1,2,NA,5,1-2,4,ancho,Navarra
3242,generales_2019_04,provincia,Navarra,Navarra,Navarra,EH Bildu,0,1,NA,5,0-1,4,ancho,Navarra
3242,generales_2019_04,provincia,País Vasco,Álava,Álava,PSOE,2,2,NA,4,2,4,ancho,Álava
3242,generales_2019_04,provincia,País Vasco,Álava,Álava,Unidas Podemos,1,1,NA,4,1,4,ancho,Álava
3242,generales_2019_04,provincia,País Vasco,Álava,Álava,PNV,1,1,NA,4,1,4,ancho,Álava
3242,generales_2019_04,provincia,País Vasco,Guipúzcoa,Guipúzcoa,PSOE,1,1,NA,6,1,4,ancho,Gipuzkoa
3242,generales_2019_04,provincia,País Vasco,Guipúzcoa,Guipúzcoa,Unidas Podemos,1,1,NA,6,1,4,ancho,Gipuzkoa
3242,generales_2019_04,provincia,País Vasco,Guipúzcoa,Guipúzcoa,PNV,2,2,NA,6,2,4,ancho,Gipuzkoa
3242,generales_2019_04,provincia,País Vasco,Guipúzcoa,Guipúzcoa,EH Bildu,2,2,NA,6,2,4,ancho,Gipuzkoa
3242,generales_2019_04,provincia,País Vasco,Vizcaya,Vizcaya,PSOE,2,2,NA,8,2,4,ancho,Bizkaia
3242,generales_2019_04,provincia,País Vasco,Vizcaya,Vizcaya,Unidas Podemos,1,2,NA,8,1-2,4,ancho,Bizkaia
3242,generales_2019_04,provincia,País Vasco,Vizcaya,Vizcaya,PNV,3,3,NA,8,3,4,ancho,Bizkaia
3242,generales_2019_04,provincia,País Vasco,Vizcaya,Vizcaya,EH Bildu,1,2,NA,8,1-2,4,ancho,Bizkaia
3242,generales_2019_04,provincia,Región de Murcia,Murcia,Murcia,PP,3,3,NA,10,3,4,ancho,Murcia
3242,generales_2019_04,provincia,Región de Murcia,Murcia,Murcia,PSOE,2,3,NA,10,2-3,4,ancho,Murcia
3242,generales_2019_04,provincia,Región de Murcia,Murcia,Murcia,Unidas Podemos,1,1,NA,10,1,4,ancho,Murcia
3242,generales_2019_04,provincia,Región de Murcia,Murcia,Murcia,Ciudadanos,1,2,NA,10,1-2,4,ancho,Murcia
3242,generales_2019_04,provincia,Región de Murcia,Murcia,Murcia,Vox,2,2,NA,10,2,4,ancho,Murcia
3244,autonomicas_2019_04,comunidad,Comunitat Valenciana,NA,Comunitat Valenciana,PP,18,19,NA,NA,18-19,3,bloques,encuesta (% sobre voto escaños CIS | 2015 | (en %) 1 válido)
3244,autonomicas_2019_04,comunidad,Comunitat Valenciana,NA,Comunitat Valenciana,PSOE-PSPV,33,36,NA,NA,33-36,3,bloques,encuesta (% sobre voto escaños CIS | 2015 | (en %) 1 válido)
3244,autonomicas_2019_04,comunidad,Comunitat Valenciana,NA,Comunitat Valenciana,Unides Podem-EUPV,7,8,NA,NA,7-8,3,bloques,encuesta (% sobre voto escaños CIS | 2015 | (en %) 1 válido)
3244,autonomicas_2019_04,comunidad,Comunitat Valenciana,NA,Comunitat Valenciana,Ciudadanos,16,19,NA,NA,16-19,3,bloques,encuesta (% sobre voto escaños CIS | 2015 | (en %) 1 válido)
3244,autonomicas_2019_04,comunidad,Comunitat Valenciana,NA,Comunitat Valenciana,Compromís,17,18,NA,NA,17-18,3,bloques,encuesta (% sobre voto escaños CIS | 2015 | (en %) 1 válido)
3244,autonomicas_2019_04,comunidad,Comunitat Valenciana,NA,Comunitat Valenciana,VOX,5,6,NA,NA,5-6,3,bloques,encuesta (% sobre voto escaños CIS | 2015 | (en %) 1 válido)
3244,autonomicas_2019_04,comunidad,Comunitat Valenciana,NA,Comunitat Valenciana,PACMA,0,0,NA,NA,0,3,bloques,encuesta (% sobre voto escaños CIS | 2015 | (en %) 1 válido)
3244,autonomicas_2019_04,provincia,Comunitat Valenciana,Alicante,Alicante,PP,6,6,NA,NA,6,4,bloques,encuesta (% sobre voto escaños CIS | 2015 | (en %) 2 válido)
3244,autonomicas_2019_04,provincia,Comunitat Valenciana,Alicante,Alicante,PSOE-PSPV,13,14,NA,NA,13-14,4,bloques,encuesta (% sobre voto escaños CIS | 2015 | (en %) 2 válido)
3244,autonomicas_2019_04,provincia,Comunitat Valenciana,Alicante,Alicante,Unides Podem-EUPV,3,3,NA,NA,3,4,bloques,encuesta (% sobre voto escaños CIS | 2015 | (en %) 2 válido)
3244,autonomicas_2019_04,provincia,Comunitat Valenciana,Alicante,Alicante,Ciudadanos,6,7,NA,NA,6-7,4,bloques,encuesta (% sobre voto escaños CIS | 2015 | (en %) 2 válido)
3244,autonomicas_2019_04,provincia,Comunitat Valenciana,Alicante,Alicante,Compromís,4,4,NA,NA,4,4,bloques,encuesta (% sobre voto escaños CIS | 2015 | (en %) 2 válido)
3244,autonomicas_2019_04,provincia,Comunitat Valenciana,Alicante,Alicante,VOX,2,3,NA,NA,2-3,4,bloques,encuesta (% sobre voto escaños CIS | 2015 | (en %) 2 válido)
3244,autonomicas_2019_04,provincia,Comunitat Valenciana,Alicante,Alicante,PACMA,0,0,NA,NA,0,4,bloques,encuesta (% sobre voto escaños CIS | 2015 | (en %) 2 válido)
3244,autonomicas_2019_04,provincia,Comunitat Valenciana,Castellón,Castellón,PP,6,7,NA,NA,6-7,5,bloques,encuesta (% sobre escaños CIS | 2015 | (en %) 3 voto válido)
3244,autonomicas_2019_04,provincia,Comunitat Valenciana,Castellón,Castellón,PSOE-PSPV,7,8,NA,NA,7-8,5,bloques,encuesta (% sobre escaños CIS | 2015 | (en %) 3 voto válido)
3244,autonomicas_2019_04,provincia,Comunitat Valenciana,Castellón,Castellón,Unides Podem-EUPV,1,2,NA,NA,1-2,5,bloques,encuesta (% sobre escaños CIS | 2015 | (en %) 3 voto válido)
3244,autonomicas_2019_04,provincia,Comunitat Valenciana,Castellón,Castellón,Ciudadanos,4,5,NA,NA,4-5,5,bloques,encuesta (% sobre escaños CIS | 2015 | (en %) 3 voto válido)
3244,autonomicas_2019_04,provincia,Comunitat Valenciana,Castellón,Castellón,Compromís,4,4,NA,NA,4,5,bloques,encuesta (% sobre escaños CIS | 2015 | (en %) 3 voto válido)
3244,autonomicas_2019_04,provincia,Comunitat Valenciana,Castellón,Castellón,VOX,1,1,NA,NA,1,5,bloques,encuesta (% sobre escaños CIS | 2015 | (en %) 3 voto válido)
3244,autonomicas_2019_04,provincia,Comunitat Valenciana,Castellón,Castellón,PACMA,0,0,NA,NA,0,5,bloques,encuesta (% sobre escaños CIS | 2015 | (en %) 3 voto válido)
3244,autonomicas_2019_04,provincia,Comunitat Valenciana,Valencia,Valencia,PP,6,6,NA,NA,6,6,bloques,encuesta (% sobre escaños CIS | 2015 | (en %) 4 voto válido)
3244,autonomicas_2019_04,provincia,Comunitat Valenciana,Valencia,Valencia,PSOE-PSPV,13,14,NA,NA,13-14,6,bloques,encuesta (% sobre escaños CIS | 2015 | (en %) 4 voto válido)
3244,autonomicas_2019_04,provincia,Comunitat Valenciana,Valencia,Valencia,Unides Podem-EUPV,3,3,NA,NA,3,6,bloques,encuesta (% sobre escaños CIS | 2015 | (en %) 4 voto válido)
3244,autonomicas_2019_04,provincia,Comunitat Valenciana,Valencia,Valencia,Ciudadanos,6,7,NA,NA,6-7,6,bloques,encuesta (% sobre escaños CIS | 2015 | (en %) 4 voto válido)
3244,autonomicas_2019_04,provincia,Comunitat Valenciana,Valencia,Valencia,Compromís,9,10,NA,NA,9-10,6,bloques,encuesta (% sobre escaños CIS | 2015 | (en %) 4 voto válido)
3244,autonomicas_2019_04,provincia,Comunitat Valenciana,Valencia,Valencia,VOX,2,2,NA,NA,2,6,bloques,encuesta (% sobre escaños CIS | 2015 | (en %) 4 voto válido)
3244,autonomicas_2019_04,provincia,Comunitat Valenciana,Valencia,Valencia,PACMA,0,0,NA,NA,0,6,bloques,encuesta (% sobre escaños CIS | 2015 | (en %) 4 voto válido)
3245,autonomicas_2019_05,comunidad,Aragón,NA,Aragón,PP,18,19,NA,NA,18-19,4,bloques,sobre voto escaños | (en %) | válido)
3245,autonomicas_2019_05,comunidad,Aragón,NA,Aragón,PSOE,20,22,NA,NA,20-22,4,bloques,sobre voto escaños | (en %) | válido)
3245,autonomicas_2019_05,comunidad,Aragón,NA,Aragón,Podemos (ver tabla),10,12,NA,NA,10-12,4,bloques,sobre voto escaños | (en %) | válido)
3245,autonomicas_2019_05,comunidad,Aragón,NA,Aragón,Ciudadanos,9,10,NA,NA,9-10,4,bloques,sobre voto escaños | (en %) | válido)
3245,autonomicas_2019_05,comunidad,Aragón,NA,Aragón,IU (ver tabla),3,3,NA,NA,3,4,bloques,sobre voto escaños | (en %) | válido)
3245,autonomicas_2019_05,comunidad,Aragón,NA,Aragón,VOX,0,0,NA,NA,0,4,bloques,sobre voto escaños | (en %) | válido)
3245,autonomicas_2019_05,comunidad,Aragón,NA,Aragón,PACMA,0,0,NA,NA,0,4,bloques,sobre voto escaños | (en %) | válido)
3245,autonomicas_2019_05,comunidad,Aragón,NA,Aragón,PAR,3,4,NA,NA,3-4,4,bloques,sobre voto escaños | (en %) | válido)
3245,autonomicas_2019_05,comunidad,Aragón,NA,Aragón,CHA,0,1,NA,NA,0-1,4,bloques,sobre voto escaños | (en %) | válido)
3245,autonomicas_2019_05,comunidad,Principado de Asturias,Asturias,Principado de Asturias,PP,10,11,NA,NA,10-11,5,bloques,sobre voto escaños | (en %) | válido)
3245,autonomicas_2019_05,comunidad,Principado de Asturias,Asturias,Principado de Asturias,PSOE,15,18,NA,NA,15-18,5,bloques,sobre voto escaños | (en %) | válido)
3245,autonomicas_2019_05,comunidad,Principado de Asturias,Asturias,Principado de Asturias,Podemos (ver tabla),7,9,NA,NA,7-9,5,bloques,sobre voto escaños | (en %) | válido)
3245,autonomicas_2019_05,comunidad,Principado de Asturias,Asturias,Principado de Asturias,Ciudadanos,4,5,NA,NA,4-5,5,bloques,sobre voto escaños | (en %) | válido)
3245,autonomicas_2019_05,comunidad,Principado de Asturias,Asturias,Principado de Asturias,IU (ver tabla),4,5,NA,NA,4-5,5,bloques,sobre voto escaños | (en %) | válido)
3245,autonomicas_2019_05,comunidad,Principado de Asturias,Asturias,Principado de Asturias,VOX,1,1,NA,NA,1,5,bloques,sobre voto escaños | (en %) | válido)
3245,autonomicas_2019_05,comunidad,Principado de Asturias,Asturias,Principado de Asturias,FAC,0,1,NA,NA,0-1,5,bloques,sobre voto escaños | (en %) | válido)
3245,autonomicas_2019_05,comunidad,Illes Balears,NA,Illes Balears,PP,14,16,NA,NA,14-16,6,bloques,sobre voto escaños | (en %) | válido)
3245,autonomicas_2019_05,comunidad,Illes Balears,NA,Illes Balears,PSOE-PSIB,17,19,NA,NA,17-19,6,bloques,sobre voto escaños | (en %) | válido)
3245,autonomicas_2019_05,comunidad,Illes Balears,NA,Illes Balears,Podemos (ver tabla),7,8,NA,NA,7-8,6,bloques,sobre voto escaños | (en %) | válido)
3245,autonomicas_2019_05,comunidad,Illes Balears,NA,Illes Balears,Ciudadanos,9,10,NA,NA,9-10,6,bloques,sobre voto escaños | (en %) | válido)
3245,autonomicas_2019_05,comunidad,Illes Balears,NA,Illes Balears,VOX,0,1,NA,NA,0-1,6,bloques,sobre voto escaños | (en %) | válido)
3245,autonomicas_2019_05,comunidad,Illes Balears,NA,Illes Balears,PACMA,0,0,NA,NA,0,6,bloques,sobre voto escaños | (en %) | válido)
3245,autonomicas_2019_05,comunidad,Illes Balears,NA,Illes Balears,MÈS,7,8,NA,NA,7-8,6,bloques,sobre voto escaños | (en %) | válido)
3245,autonomicas_2019_05,comunidad,Illes Balears,NA,Illes Balears,EL PI,2,3,NA,NA,2-3,6,bloques,sobre voto escaños | (en %) | válido)
3245,autonomicas_2019_05,comunidad,Canarias,NA,Canarias,PP,9,11,NA,NA,9-11,7,bloques,sobre voto escaños | (en %) | válido)
3245,autonomicas_2019_05,comunidad,Canarias,NA,Canarias,PSOE,20,23,NA,NA,20-23,7,bloques,sobre voto escaños | (en %) | válido)
3245,autonomicas_2019_05,comunidad,Canarias,NA,Canarias,Podemos (ver tabla),6,8,NA,NA,6-8,7,bloques,sobre voto escaños | (en %) | válido)
3245,autonomicas_2019_05,comunidad,Canarias,NA,Canarias,Ciudadanos,6,8,NA,NA,6-8,7,bloques,sobre voto escaños | (en %) | válido)
3245,autonomicas_2019_05,comunidad,Canarias,NA,Canarias,VOX,0,1,NA,NA,0-1,7,bloques,sobre voto escaños | (en %) | válido)
3245,autonomicas_2019_05,comunidad,Canarias,NA,Canarias,PACMA,0,0,NA,NA,0,7,bloques,sobre voto escaños | (en %) | válido)
3245,autonomicas_2019_05,comunidad,Canarias,NA,Canarias,CCa-PNC,12,15,NA,NA,12-15,7,bloques,sobre voto escaños | (en %) | válido)
3245,autonomicas_2019_05,comunidad,Canarias,NA,Canarias,Nueva Canarias,4,7,NA,NA,4-7,7,bloques,sobre voto escaños | (en %) | válido)
3245,autonomicas_2019_05,comunidad,Cantabria,Cantabria,Cantabria,PP,8,10,NA,NA,8-10,8,bloques,sobre voto escaños | (en %) | válido)
3245,autonomicas_2019_05,comunidad,Cantabria,Cantabria,Cantabria,PSOE,5,7,NA,NA,5-7,8,bloques,sobre voto escaños | (en %) | válido)
3245,autonomicas_2019_05,comunidad,Cantabria,Cantabria,Cantabria,Podemos (ver tabla),2,3,NA,NA,2-3,8,bloques,sobre voto escaños | (en %) | válido)
3245,autonomicas_2019_05,comunidad,Cantabria,Cantabria,Cantabria,Ciudadanos,2,3,NA,NA,2-3,8,bloques,sobre voto escaños | (en %) | válido)
3245,autonomicas_2019_05,comunidad,Cantabria,Cantabria,Cantabria,IU (ver tabla),0,0,NA,NA,0,8,bloques,sobre voto escaños | (en %) | válido)
3245,autonomicas_2019_05,comunidad,Cantabria,Cantabria,Cantabria,VOX,1,2,NA,NA,1-2,8,bloques,sobre voto escaños | (en %) | válido)
3245,autonomicas_2019_05,comunidad,Cantabria,Cantabria,Cantabria,PRC,12,13,NA,NA,12-13,8,bloques,sobre voto escaños | (en %) | válido)
3245,autonomicas_2019_05,comunidad,Castilla-La Mancha,NA,Castilla-La Mancha,PP,11,14,NA,NA,11-14,9,bloques,sobre voto escaños | (en %) | válido)
3245,autonomicas_2019_05,comunidad,Castilla-La Mancha,NA,Castilla-La Mancha,PSOE,15,18,NA,NA,15-18,9,bloques,sobre voto escaños | (en %) | válido)
3245,autonomicas_2019_05,comunidad,Castilla-La Mancha,NA,Castilla-La Mancha,Podemos (ver tabla),2,3,NA,NA,2-3,9,bloques,sobre voto escaños | (en %) | válido)
3245,autonomicas_2019_05,comunidad,Castilla-La Mancha,NA,Castilla-La Mancha,Ciudadanos,2,3,NA,NA,2-3,9,bloques,sobre voto escaños | (en %) | válido)
3245,autonomicas_2019_05,comunidad,Castilla-La Mancha,NA,Castilla-La Mancha,VOX,0,1,NA,NA,0-1,9,bloques,sobre voto escaños | (en %) | válido)
3245,autonomicas_2019_05,comunidad,Castilla-La Mancha,NA,Castilla-La Mancha,PACMA,0,0,NA,NA,0,9,bloques,sobre voto escaños | (en %) | válido)
3245,autonomicas_2019_05,comunidad,Castilla y León,NA,Castilla y León,PP,28,29,NA,NA,28-29,10,bloques,sobre voto escaños | (en %) | válido)
3245,autonomicas_2019_05,comunidad,Castilla y León,NA,Castilla y León,PSOE,30,31,NA,NA,30-31,10,bloques,sobre voto escaños | (en %) | válido)
3245,autonomicas_2019_05,comunidad,Castilla y León,NA,Castilla y León,Podemos (ver tabla),8,8,NA,NA,8,10,bloques,sobre voto escaños | (en %) | válido)
3245,autonomicas_2019_05,comunidad,Castilla y León,NA,Castilla y León,Ciudadanos,10,13,NA,NA,10-13,10,bloques,sobre voto escaños | (en %) | válido)
3245,autonomicas_2019_05,comunidad,Castilla y León,NA,Castilla y León,IU (ver tabla),0,1,NA,NA,0-1,10,bloques,sobre voto escaños | (en %) | válido)
3245,autonomicas_2019_05,comunidad,Castilla y León,NA,Castilla y León,VOX,0,1,NA,NA,0-1,10,bloques,sobre voto escaños | (en %) | válido)
3245,autonomicas_2019_05,comunidad,Extremadura,NA,Extremadura,PP,19,21,NA,NA,19-21,11,bloques,sobre voto escaños | (en %) | válido)
3245,autonomicas_2019_05,comunidad,Extremadura,NA,Extremadura,PSOE,30,32,NA,NA,30-32,11,bloques,sobre voto escaños | (en %) | válido)
3245,autonomicas_2019_05,comunidad,Extremadura,NA,Extremadura,Podemos (ver tabla),7,8,NA,NA,7-8,11,bloques,sobre voto escaños | (en %) | válido)
3245,autonomicas_2019_05,comunidad,Extremadura,NA,Extremadura,Ciudadanos,5,6,NA,NA,5-6,11,bloques,sobre voto escaños | (en %) | válido)
3245,autonomicas_2019_05,comunidad,Extremadura,NA,Extremadura,VOX,0,0,NA,NA,0,11,bloques,sobre voto escaños | (en %) | válido)
3245,autonomicas_2019_05,comunidad,Comunidad de Madrid,Madrid,Comunidad de Madrid,PP,29,33,NA,NA,29-33,12,bloques,sobre voto escaños | (en %) | válido)
3245,autonomicas_2019_05,comunidad,Comunidad de Madrid,Madrid,Comunidad de Madrid,PSOE,33,38,NA,NA,33-38,12,bloques,sobre voto escaños | (en %) | válido)
3245,autonomicas_2019_05,comunidad,Comunidad de Madrid,Madrid,Comunidad de Madrid,Podemos (ver tabla),17,19,NA,NA,17-19,12,bloques,sobre voto escaños | (en %) | válido)
3245,autonomicas_2019_05,comunidad,Comunidad de Madrid,Madrid,Comunidad de Madrid,Ciudadanos,21,24,NA,NA,21-24,12,bloques,sobre voto escaños | (en %) | válido)
3245,autonomicas_2019_05,comunidad,Comunidad de Madrid,Madrid,Comunidad de Madrid,VOX,6,8,NA,NA,6-8,12,bloques,sobre voto escaños | (en %) | válido)
3245,autonomicas_2019_05,comunidad,Comunidad de Madrid,Madrid,Comunidad de Madrid,Más Madrid,16,18,NA,NA,16-18,12,bloques,sobre voto escaños | (en %) | válido)
3245,autonomicas_2019_05,comunidad,Región de Murcia,Murcia,Región de Murcia,PP,12,14,NA,NA,12-14,13,bloques,sobre voto escaños | (en %) | válido)
3245,autonomicas_2019_05,comunidad,Región de Murcia,Murcia,Región de Murcia,PSOE,14,17,NA,NA,14-17,13,bloques,sobre voto escaños | (en %) | válido)
3245,autonomicas_2019_05,comunidad,Región de Murcia,Murcia,Región de Murcia,Podemos (ver tabla),4,5,NA,NA,4-5,13,bloques,sobre voto escaños | (en %) | válido)
3245,autonomicas_2019_05,comunidad,Región de Murcia,Murcia,Región de Murcia,Ciudadanos,7,8,NA,NA,7-8,13,bloques,sobre voto escaños | (en %) | válido)
3245,autonomicas_2019_05,comunidad,Región de Murcia,Murcia,Región de Murcia,IU (ver tabla),1,2,NA,NA,1-2,13,bloques,sobre voto escaños | (en %) | válido)
3245,autonomicas_2019_05,comunidad,Región de Murcia,Murcia,Región de Murcia,VOX,4,5,NA,NA,4-5,13,bloques,sobre voto escaños | (en %) | válido)
3245,autonomicas_2019_05,comunidad,Región de Murcia,Murcia,Región de Murcia,PACMA,0,0,NA,NA,0,13,bloques,sobre voto escaños | (en %) | válido)
3245,autonomicas_2019_05,comunidad,Navarra,Navarra,Navarra,PSOE,11,12,NA,NA,11-12,14,bloques,sobre voto escaños | (en %) | válido)
3245,autonomicas_2019_05,comunidad,Navarra,Navarra,Navarra,Podemos (ver tabla),6,6,NA,NA,6,14,bloques,sobre voto escaños | (en %) | válido)
3245,autonomicas_2019_05,comunidad,Navarra,Navarra,Navarra,IU (ver tabla),1,2,NA,NA,1-2,14,bloques,sobre voto escaños | (en %) | válido)
3245,autonomicas_2019_05,comunidad,Navarra,Navarra,Navarra,PACMA,0,0,NA,NA,0,14,bloques,sobre voto escaños | (en %) | válido)
3245,autonomicas_2019_05,comunidad,Navarra,Navarra,Navarra,EH Bildu,7,8,NA,NA,7-8,14,bloques,sobre voto escaños | (en %) | válido)
3245,autonomicas_2019_05,comunidad,Navarra,Navarra,Navarra,Navarra Suma,16,17,NA,NA,16-17,14,bloques,sobre voto escaños | (en %) | válido)
3245,autonomicas_2019_05,comunidad,Navarra,Navarra,Navarra,Geroa Bai,7,9,NA,NA,7-9,14,bloques,sobre voto escaños | (en %) | válido)
3245,autonomicas_2019_05,comunidad,La Rioja,La Rioja,La Rioja,PP,11,13,NA,NA,11-13,15,bloques,sobre voto escaños | (en %) | válido)
3245,autonomicas_2019_05,comunidad,La Rioja,La Rioja,La Rioja,PSOE,12,14,NA,NA,12-14,15,bloques,sobre voto escaños | (en %) | válido)
3245,autonomicas_2019_05,comunidad,La Rioja,La Rioja,La Rioja,Podemos (ver tabla),2,3,NA,NA,2-3,15,bloques,sobre voto escaños | (en %) | válido)
3245,autonomicas_2019_05,comunidad,La Rioja,La Rioja,La Rioja,Ciudadanos,3,4,NA,NA,3-4,15,bloques,sobre voto escaños | (en %) | válido)
3245,autonomicas_2019_05,comunidad,La Rioja,La Rioja,La Rioja,VOX,0,0,NA,NA,0,15,bloques,sobre voto escaños | (en %) | válido)
3245,autonomicas_2019_05,comunidad,La Rioja,La Rioja,La Rioja,PACMA,0,0,NA,NA,0,15,bloques,sobre voto escaños | (en %) | válido)
3245,autonomicas_2019_05,comunidad,La Rioja,La Rioja,La Rioja,PR+,2,3,NA,NA,2-3,15,bloques,sobre voto escaños | (en %) | válido)
3245,municipales_2019_05,municipio,NA,NA,Madrid,PP,13,15,NA,NA,13-15,16,bloques,sobre voto escaños | (en %) | válido)
3245,municipales_2019_05,municipio,NA,NA,Madrid,PSOE,10,12,NA,NA,10-12,16,bloques,sobre voto escaños | (en %) | válido)
3245,municipales_2019_05,municipio,NA,NA,Madrid,Ciudadanos,8,9,NA,NA,8-9,16,bloques,sobre voto escaños | (en %) | válido)
3245,municipales_2019_05,municipio,NA,NA,Madrid,IU (ver tabla),0,0,NA,NA,0,16,bloques,sobre voto escaños | (en %) | válido)
3245,municipales_2019_05,municipio,NA,NA,Madrid,Más Madrid,21,23,NA,NA,21-23,16,bloques,sobre voto escaños | (en %) | válido)
3245,municipales_2019_05,municipio,NA,NA,Madrid,VOX,2,3,NA,NA,2-3,16,bloques,sobre voto escaños | (en %) | válido)
3245,municipales_2019_05,municipio,NA,NA,Barcelona,PP,2,3,NA,NA,2-3,17,bloques,sobre voto escaños | (en %) | válido)
3245,municipales_2019_05,municipio,NA,NA,Barcelona,PSC,6,7,NA,NA,6-7,17,bloques,sobre voto escaños | (en %) | válido)
3245,municipales_2019_05,municipio,NA,NA,Barcelona,VOX,0,0,NA,NA,0,17,bloques,sobre voto escaños | (en %) | válido)
3245,municipales_2019_05,municipio,NA,NA,Barcelona,PACMA,0,0,NA,NA,0,17,bloques,sobre voto escaños | (en %) | válido)
3245,municipales_2019_05,municipio,NA,NA,Barcelona,Barcelona En Comú-En Comú Guanyem,10,11,NA,NA,10-11,17,bloques,sobre voto escaños | (en %) | válido)
3245,municipales_2019_05,municipio,NA,NA,Barcelona,ERC,9,11,NA,NA,9-11,17,bloques,sobre voto escaños | (en %) | válido)
3245,municipales_2019_05,municipio,NA,NA,Barcelona,PDeCAT (JxCat),5,7,NA,NA,5-7,17,bloques,sobre voto escaños | (en %) | válido)
3245,municipales_2019_05,municipio,NA,NA,Barcelona,CUP,2,2,NA,NA,2,17,bloques,sobre voto escaños | (en %) | válido)
3245,municipales_2019_05,municipio,NA,NA,Barcelona,Barcelona pel Canví-C’s,5,6,NA,NA,5-6,17,bloques,sobre voto escaños | (en %) | válido)
3245,municipales_2019_05,municipio,NA,NA,Valencia,PP,6,7,NA,NA,6-7,18,bloques,sobre voto escaños | (en %) | válido)
3245,municipales_2019_05,municipio,NA,NA,Valencia,PSOE,6,8,NA,NA,6-8,18,bloques,sobre voto escaños | (en %) | válido)
3245,municipales_2019_05,municipio,NA,NA,Valencia,Podemos (ver tabla),3,4,NA,NA,3-4,18,bloques,sobre voto escaños | (en %) | válido)
3245,municipales_2019_05,municipio,NA,NA,Valencia,Ciudadanos,6,7,NA,NA,6-7,18,bloques,sobre voto escaños | (en %) | válido)
3245,municipales_2019_05,municipio,NA,NA,Valencia,VOX,1,2,NA,NA,1-2,18,bloques,sobre voto escaños | (en %) | válido)
3245,municipales_2019_05,municipio,NA,NA,Valencia,PACMA,0,0,NA,NA,0,18,bloques,sobre voto escaños | (en %) | válido)
3245,municipales_2019_05,municipio,NA,NA,Valencia,Compromís,9,11,NA,NA,9-11,18,bloques,sobre voto escaños | (en %) | válido)
3245,municipales_2019_05,municipio,NA,NA,Sevilla,PP,8,10,NA,NA,8-10,19,bloques,sobre voto escaños | (en %) | válido)
3245,municipales_2019_05,municipio,NA,NA,Sevilla,PSOE,13,15,NA,NA,13-15,19,bloques,sobre voto escaños | (en %) | válido)
3245,municipales_2019_05,municipio,NA,NA,Sevilla,Adelante Sevilla,5,6,NA,NA,5-6,19,bloques,sobre voto escaños | (en %) | válido)
3245,municipales_2019_05,municipio,NA,NA,Sevilla,Ciudadanos,3,4,NA,NA,3-4,19,bloques,sobre voto escaños | (en %) | válido)
3245,municipales_2019_05,municipio,NA,NA,Sevilla,VOX,0,0,NA,NA,0,19,bloques,sobre voto escaños | (en %) | válido)
3245,municipales_2019_05,municipio,NA,NA,Zaragoza,PP,9,10,NA,NA,9-10,20,bloques,sobre voto escaños | (en %) | válido)
3245,municipales_2019_05,municipio,NA,NA,Zaragoza,PSOE,8,9,NA,NA,8-9,20,bloques,sobre voto escaños | (en %) | válido)
3245,municipales_2019_05,municipio,NA,NA,Zaragoza,Podemos (ver tabla),4,5,NA,NA,4-5,20,bloques,sobre voto escaños | (en %) | válido)
3245,municipales_2019_05,municipio,NA,NA,Zaragoza,Ciudadanos,3,4,NA,NA,3-4,20,bloques,sobre voto escaños | (en %) | válido)
3245,municipales_2019_05,municipio,NA,NA,Zaragoza,VOX,0,0,NA,NA,0,20,bloques,sobre voto escaños | (en %) | válido)
3245,municipales_2019_05,municipio,NA,NA,Zaragoza,PACMA,0,0,NA,NA,0,20,bloques,sobre voto escaños | (en %) | válido)
3245,municipales_2019_05,municipio,NA,NA,Zaragoza,PAR,0,0,NA,NA,0,20,bloques,sobre voto escaños | (en %) | válido)
3245,municipales_2019_05,municipio,NA,NA,Zaragoza,CHA,1,2,NA,NA,1-2,20,bloques,sobre voto escaños | (en %) | válido)
3245,municipales_2019_05,municipio,NA,NA,Zaragoza,Zaragoza en Común,4,6,NA,NA,4-6,20,bloques,sobre voto escaños | (en %) | válido)
3245,europeas_2019_05,nacional,NA,NA,España,PP,11,12,NA,NA,11-12,3,bloques,sobre voto escaños | (en %) | válido)
3245,europeas_2019_05,nacional,NA,NA,España,PSOE,17,18,NA,NA,17-18,3,bloques,sobre voto escaños | (en %) | válido)
3245,europeas_2019_05,nacional,NA,NA,España,Unidas Podemos Cambiar Europa,8,8,NA,NA,8,3,bloques,sobre voto escaños | (en %) | válido)
3245,europeas_2019_05,nacional,NA,NA,España,Ciudadanos,8,9,NA,NA,8-9,3,bloques,sobre voto escaños | (en %) | válido)
3245,europeas_2019_05,nacional,NA,NA,España,VOX,4,5,NA,NA,4-5,3,bloques,sobre voto escaños | (en %) | válido)
3245,europeas_2019_05,nacional,NA,NA,España,PACMA,0,0,NA,NA,0,3,bloques,sobre voto escaños | (en %) | válido)
3245,europeas_2019_05,nacional,NA,NA,España,Junts,1,1,NA,NA,1,3,bloques,sobre voto escaños | (en %) | válido)
3245,europeas_2019_05,nacional,NA,NA,España,Coalición por una Europa Solidaria (CEUS),1,1,NA,NA,1,3,bloques,sobre voto escaños | (en %) | válido)
3245,europeas_2019_05,nacional,NA,NA,España,Ahora Repúblicas,3,3,NA,NA,3,3,bloques,sobre voto escaños | (en %) | válido)
3245,europeas_2019_05,nacional,NA,NA,España,Otros,0,0,NA,NA,0,3,bloques,sobre voto escaños | (en %) | válido)
3263,generales_2019_11,nacional,NA,NA,España,PSOE,133,150,NA,NA,133-150,3,bloques,encuesta CIS (en % sobre | escaños | (en %) voto válido)
3263,generales_2019_11,nacional,NA,NA,España,PP,74,81,NA,NA,74-81,3,bloques,encuesta CIS (en % sobre | escaños | (en %) voto válido)
3263,generales_2019_11,nacional,NA,NA,España,Ciudadanos,27,35,NA,NA,27-35,3,bloques,encuesta CIS (en % sobre | escaños | (en %) voto válido)
3263,generales_2019_11,nacional,NA,NA,España,Unidas Podemos,27,33,NA,NA,27-33,3,bloques,encuesta CIS (en % sobre | escaños | (en %) voto válido)
3263,generales_2019_11,nacional,NA,NA,España,VOX,14,21,NA,NA,14-21,3,bloques,encuesta CIS (en % sobre | escaños | (en %) voto válido)
3263,generales_2019_11,nacional,NA,NA,España,Más País,2,2,NA,NA,2,3,bloques,encuesta CIS (en % sobre | escaños | (en %) voto válido)
3263,generales_2019_11,nacional,NA,NA,España,PACMA,0,0,NA,NA,0,3,bloques,encuesta CIS (en % sobre | escaños | (en %) voto válido)
3263,generales_2019_11,nacional,NA,NA,España,ERC,16,18,NA,NA,16-18,3,bloques,encuesta CIS (en % sobre | escaños | (en %) voto válido)
3263,generales_2019_11,nacional,NA,NA,España,En Comú Podem,8,9,NA,NA,8-9,3,bloques,encuesta CIS (en % sobre | escaños | (en %) voto válido)
3263,generales_2019_11,nacional,NA,NA,España,JxCat,4,6,NA,NA,4-6,3,bloques,encuesta CIS (en % sobre | escaños | (en %) voto válido)
3263,generales_2019_11,nacional,NA,NA,España,CUP,1,2,NA,NA,1-2,3,bloques,encuesta CIS (en % sobre | escaños | (en %) voto válido)
3263,generales_2019_11,nacional,NA,NA,España,EAJ-PNV,6,7,NA,NA,6-7,3,bloques,encuesta CIS (en % sobre | escaños | (en %) voto válido)
3263,generales_2019_11,nacional,NA,NA,España,EH Bildu,5,5,NA,NA,5,3,bloques,encuesta CIS (en % sobre | escaños | (en %) voto válido)
3263,generales_2019_11,nacional,NA,NA,España,Geroa Bai,0,0,NA,NA,0,3,bloques,encuesta CIS (en % sobre | escaños | (en %) voto válido)
3263,generales_2019_11,nacional,NA,NA,España,NA+,2,2,NA,NA,2,3,bloques,encuesta CIS (en % sobre | escaños | (en %) voto válido)
3263,generales_2019_11,nacional,NA,NA,España,CCa-NC,1,2,NA,NA,1-2,3,bloques,encuesta CIS (en % sobre | escaños | (en %) voto válido)
3263,generales_2019_11,nacional,NA,NA,España,Més Compromís,1,2,NA,NA,1-2,3,bloques,encuesta CIS (en % sobre | escaños | (en %) voto válido)
3263,generales_2019_11,nacional,NA,NA,España,PRC,0,1,NA,NA,0-1,3,bloques,encuesta CIS (en % sobre | escaños | (en %) voto válido)
3263,generales_2019_11,nacional,NA,NA,España,En Común-Unidas Podemos,2,3,NA,NA,2-3,3,bloques,encuesta CIS (en % sobre | escaños | (en %) voto válido)
3263,generales_2019_11,nacional,NA,NA,España,BNG,0,0,NA,NA,0,3,bloques,encuesta CIS (en % sobre | escaños | (en %) voto válido)
3263,generales_2019_11,nacional,NA,NA,España,Otros partidos,0,0,NA,NA,0,3,bloques,encuesta CIS (en % sobre | escaños | (en %) voto válido)
3263,generales_2019_11,provincia,Andalucía,Almería,Almería,PSOE,2,3,NA,6,2-3,4,ancho,ALMERÍA
3263,generales_2019_11,provincia,Andalucía,Almería,Almería,PP,1,1,NA,6,1,4,ancho,ALMERÍA
3263,generales_2019_11,provincia,Andalucía,Almería,Almería,C’s,1,1,NA,6,1,4,ancho,ALMERÍA
3263,generales_2019_11,provincia,Andalucía,Almería,Almería,UP,0,1,NA,6,0-1,4,ancho,ALMERÍA
3263,generales_2019_11,provincia,Andalucía,Almería,Almería,VOX,1,1,NA,6,1,4,ancho,ALMERÍA
3263,generales_2019_11,provincia,Andalucía,Almería,Almería,ERC,0,0,NA,6,-,4,ancho,ALMERÍA
3263,generales_2019_11,provincia,Andalucía,Almería,Almería,En Comú Podem,0,0,NA,6,-,4,ancho,ALMERÍA
3263,generales_2019_11,provincia,Andalucía,Almería,Almería,JxCat,0,0,NA,6,-,4,ancho,ALMERÍA
3263,generales_2019_11,provincia,Andalucía,Almería,Almería,CUP,0,0,NA,6,-,4,ancho,ALMERÍA
3263,generales_2019_11,provincia,Andalucía,Almería,Almería,PNV,0,0,NA,6,-,4,ancho,ALMERÍA
3263,generales_2019_11,provincia,Andalucía,Almería,Almería,EH Bildu,0,0,NA,6,-,4,ancho,ALMERÍA
3263,generales_2019_11,provincia,Andalucía,Almería,Almería,BNG,0,0,NA,6,-,4,ancho,ALMERÍA
3263,generales_2019_11,provincia,Andalucía,Almería,Almería,En Común-Unidas Podemos,0,0,NA,6,-,4,ancho,ALMERÍA
3263,generales_2019_11,provincia,Andalucía,Almería,Almería,Més Compromís,0,0,NA,6,-,4,ancho,ALMERÍA
3263,generales_2019_11,provincia,Andalucía,Almería,Almería,NA+,0,0,NA,6,-,4,ancho,ALMERÍA
3263,generales_2019_11,provincia,Andalucía,Almería,Almería,CCa-NC,0,0,NA,6,-,4,ancho,ALMERÍA
3263,generales_2019_11,provincia,Andalucía,Almería,Almería,PRC,0,0,NA,6,-,4,ancho,ALMERÍA
3263,generales_2019_11,provincia,Andalucía,Cádiz,Cádiz,PSOE,3,4,NA,9,3-4,4,ancho,CÁDIZ
3263,generales_2019_11,provincia,Andalucía,Cádiz,Cádiz,PP,1,2,NA,9,1-2,4,ancho,CÁDIZ
3263,generales_2019_11,provincia,Andalucía,Cádiz,Cádiz,C’s,1,1,NA,9,1,4,ancho,CÁDIZ
3263,generales_2019_11,provincia,Andalucía,Cádiz,Cádiz,UP,1,2,NA,9,1-2,4,ancho,CÁDIZ
3263,generales_2019_11,provincia,Andalucía,Cádiz,Cádiz,VOX,1,1,NA,9,1,4,ancho,CÁDIZ
3263,generales_2019_11,provincia,Andalucía,Cádiz,Cádiz,ERC,0,0,NA,9,-,4,ancho,CÁDIZ
3263,generales_2019_11,provincia,Andalucía,Cádiz,Cádiz,En Comú Podem,0,0,NA,9,-,4,ancho,CÁDIZ
3263,generales_2019_11,provincia,Andalucía,Cádiz,Cádiz,JxCat,0,0,NA,9,-,4,ancho,CÁDIZ
3263,generales_2019_11,provincia,Andalucía,Cádiz,Cádiz,CUP,0,0,NA,9,-,4,ancho,CÁDIZ
3263,generales_2019_11,provincia,Andalucía,Cádiz,Cádiz,PNV,0,0,NA,9,-,4,ancho,CÁDIZ
3263,generales_2019_11,provincia,Andalucía,Cádiz,Cádiz,EH Bildu,0,0,NA,9,-,4,ancho,CÁDIZ
3263,generales_2019_11,provincia,Andalucía,Cádiz,Cádiz,BNG,0,0,NA,9,-,4,ancho,CÁDIZ
3263,generales_2019_11,provincia,Andalucía,Cádiz,Cádiz,En Común-Unidas Podemos,0,0,NA,9,-,4,ancho,CÁDIZ
3263,generales_2019_11,provincia,Andalucía,Cádiz,Cádiz,Més Compromís,0,0,NA,9,-,4,ancho,CÁDIZ
3263,generales_2019_11,provincia,Andalucía,Cádiz,Cádiz,NA+,0,0,NA,9,-,4,ancho,CÁDIZ
3263,generales_2019_11,provincia,Andalucía,Cádiz,Cádiz,CCa-NC,0,0,NA,9,-,4,ancho,CÁDIZ
3263,generales_2019_11,provincia,Andalucía,Cádiz,Cádiz,PRC,0,0,NA,9,-,4,ancho,CÁDIZ
3263,generales_2019_11,provincia,Andalucía,Córdoba,Córdoba,PSOE,3,3,NA,6,3,4,ancho,CÓRDOBA
3263,generales_2019_11,provincia,Andalucía,Córdoba,Córdoba,PP,1,1,NA,6,1,4,ancho,CÓRDOBA
3263,generales_2019_11,provincia,Andalucía,Córdoba,Córdoba,C’s,0,1,NA,6,0-1,4,ancho,CÓRDOBA
3263,generales_2019_11,provincia,Andalucía,Córdoba,Córdoba,UP,1,1,NA,6,1,4,ancho,CÓRDOBA
3263,generales_2019_11,provincia,Andalucía,Córdoba,Córdoba,VOX,0,1,NA,6,0-1,4,ancho,CÓRDOBA
3263,generales_2019_11,provincia,Andalucía,Córdoba,Córdoba,ERC,0,0,NA,6,-,4,ancho,CÓRDOBA
3263,generales_2019_11,provincia,Andalucía,Córdoba,Córdoba,En Comú Podem,0,0,NA,6,-,4,ancho,CÓRDOBA
3263,generales_2019_11,provincia,Andalucía,Córdoba,Córdoba,JxCat,0,0,NA,6,-,4,ancho,CÓRDOBA
3263,generales_2019_11,provincia,Andalucía,Córdoba,Córdoba,CUP,0,0,NA,6,-,4,ancho,CÓRDOBA
3263,generales_2019_11,provincia,Andalucía,Córdoba,Córdoba,PNV,0,0,NA,6,-,4,ancho,CÓRDOBA
3263,generales_2019_11,provincia,Andalucía,Córdoba,Córdoba,EH Bildu,0,0,NA,6,-,4,ancho,CÓRDOBA
3263,generales_2019_11,provincia,Andalucía,Córdoba,Córdoba,BNG,0,0,NA,6,-,4,ancho,CÓRDOBA
3263,generales_2019_11,provincia,Andalucía,Córdoba,Córdoba,En Común-Unidas Podemos,0,0,NA,6,-,4,ancho,CÓRDOBA
3263,generales_2019_11,provincia,Andalucía,Córdoba,Córdoba,Més Compromís,0,0,NA,6,-,4,ancho,CÓRDOBA
3263,generales_2019_11,provincia,Andalucía,Córdoba,Córdoba,NA+,0,0,NA,6,-,4,ancho,CÓRDOBA
3263,generales_2019_11,provincia,Andalucía,Córdoba,Córdoba,CCa-NC,0,0,NA,6,-,4,ancho,CÓRDOBA
3263,generales_2019_11,provincia,Andalucía,Córdoba,Córdoba,PRC,0,0,NA,6,-,4,ancho,CÓRDOBA
3263,generales_2019_11,provincia,Andalucía,Granada,Granada,PSOE,3,3,NA,7,3,4,ancho,GRANADA
3263,generales_2019_11,provincia,Andalucía,Granada,Granada,PP,1,1,NA,7,1,4,ancho,GRANADA
3263,generales_2019_11,provincia,Andalucía,Granada,Granada,C’s,1,1,NA,7,1,4,ancho,GRANADA
3263,generales_2019_11,provincia,Andalucía,Granada,Granada,UP,1,1,NA,7,1,4,ancho,GRANADA
3263,generales_2019_11,provincia,Andalucía,Granada,Granada,VOX,1,1,NA,7,1,4,ancho,GRANADA
3263,generales_2019_11,provincia,Andalucía,Granada,Granada,ERC,0,0,NA,7,-,4,ancho,GRANADA
3263,generales_2019_11,provincia,Andalucía,Granada,Granada,En Comú Podem,0,0,NA,7,-,4,ancho,GRANADA
3263,generales_2019_11,provincia,Andalucía,Granada,Granada,JxCat,0,0,NA,7,-,4,ancho,GRANADA
3263,generales_2019_11,provincia,Andalucía,Granada,Granada,CUP,0,0,NA,7,-,4,ancho,GRANADA
3263,generales_2019_11,provincia,Andalucía,Granada,Granada,PNV,0,0,NA,7,-,4,ancho,GRANADA
3263,generales_2019_11,provincia,Andalucía,Granada,Granada,EH Bildu,0,0,NA,7,-,4,ancho,GRANADA
3263,generales_2019_11,provincia,Andalucía,Granada,Granada,BNG,0,0,NA,7,-,4,ancho,GRANADA
3263,generales_2019_11,provincia,Andalucía,Granada,Granada,En Común-Unidas Podemos,0,0,NA,7,-,4,ancho,GRANADA
3263,generales_2019_11,provincia,Andalucía,Granada,Granada,Més Compromís,0,0,NA,7,-,4,ancho,GRANADA
3263,generales_2019_11,provincia,Andalucía,Granada,Granada,NA+,0,0,NA,7,-,4,ancho,GRANADA
3263,generales_2019_11,provincia,Andalucía,Granada,Granada,CCa-NC,0,0,NA,7,-,4,ancho,GRANADA
3263,generales_2019_11,provincia,Andalucía,Granada,Granada,PRC,0,0,NA,7,-,4,ancho,GRANADA
3263,generales_2019_11,provincia,Andalucía,Huelva,Huelva,PSOE,3,3,NA,5,3,4,ancho,HUELVA
3263,generales_2019_11,provincia,Andalucía,Huelva,Huelva,PP,1,1,NA,5,1,4,ancho,HUELVA
3263,generales_2019_11,provincia,Andalucía,Huelva,Huelva,C’s,1,1,NA,5,1,4,ancho,HUELVA
3263,generales_2019_11,provincia,Andalucía,Huelva,Huelva,ERC,0,0,NA,5,-,4,ancho,HUELVA
3263,generales_2019_11,provincia,Andalucía,Huelva,Huelva,En Comú Podem,0,0,NA,5,-,4,ancho,HUELVA
3263,generales_2019_11,provincia,Andalucía,Huelva,Huelva,JxCat,0,0,NA,5,-,4,ancho,HUELVA
3263,generales_2019_11,provincia,Andalucía,Huelva,Huelva,CUP,0,0,NA,5,-,4,ancho,HUELVA
3263,generales_2019_11,provincia,Andalucía,Huelva,Huelva,PNV,0,0,NA,5,-,4,ancho,HUELVA
3263,generales_2019_11,provincia,Andalucía,Huelva,Huelva,EH Bildu,0,0,NA,5,-,4,ancho,HUELVA
3263,generales_2019_11,provincia,Andalucía,Huelva,Huelva,BNG,0,0,NA,5,-,4,ancho,HUELVA
3263,generales_2019_11,provincia,Andalucía,Huelva,Huelva,En Común-Unidas Podemos,0,0,NA,5,-,4,ancho,HUELVA
3263,generales_2019_11,provincia,Andalucía,Huelva,Huelva,Més Compromís,0,0,NA,5,-,4,ancho,HUELVA
3263,generales_2019_11,provincia,Andalucía,Huelva,Huelva,NA+,0,0,NA,5,-,4,ancho,HUELVA
3263,generales_2019_11,provincia,Andalucía,Huelva,Huelva,CCa-NC,0,0,NA,5,-,4,ancho,HUELVA
3263,generales_2019_11,provincia,Andalucía,Huelva,Huelva,PRC,0,0,NA,5,-,4,ancho,HUELVA
3263,generales_2019_11,provincia,Andalucía,Jaén,Jaén,PSOE,3,3,NA,5,3,4,ancho,JAÉN
3263,generales_2019_11,provincia,Andalucía,Jaén,Jaén,PP,1,1,NA,5,1,4,ancho,JAÉN
3263,generales_2019_11,provincia,Andalucía,Jaén,Jaén,C’s,1,1,NA,5,1,4,ancho,JAÉN
3263,generales_2019_11,provincia,Andalucía,Jaén,Jaén,ERC,0,0,NA,5,-,4,ancho,JAÉN
3263,generales_2019_11,provincia,Andalucía,Jaén,Jaén,En Comú Podem,0,0,NA,5,-,4,ancho,JAÉN
3263,generales_2019_11,provincia,Andalucía,Jaén,Jaén,JxCat,0,0,NA,5,-,4,ancho,JAÉN
3263,generales_2019_11,provincia,Andalucía,Jaén,Jaén,CUP,0,0,NA,5,-,4,ancho,JAÉN
3263,generales_2019_11,provincia,Andalucía,Jaén,Jaén,PNV,0,0,NA,5,-,4,ancho,JAÉN
3263,generales_2019_11,provincia,Andalucía,Jaén,Jaén,EH Bildu,0,0,NA,5,-,4,ancho,JAÉN
3263,generales_2019_11,provincia,Andalucía,Jaén,Jaén,BNG,0,0,NA,5,-,4,ancho,JAÉN
3263,generales_2019_11,provincia,Andalucía,Jaén,Jaén,En Común-Unidas Podemos,0,0,NA,5,-,4,ancho,JAÉN
3263,generales_2019_11,provincia,Andalucía,Jaén,Jaén,Més Compromís,0,0,NA,5,-,4,ancho,JAÉN
3263,generales_2019_11,provincia,Andalucía,Jaén,Jaén,NA+,0,0,NA,5,-,4,ancho,JAÉN
3263,generales_2019_11,provincia,Andalucía,Jaén,Jaén,CCa-NC,0,0,NA,5,-,4,ancho,JAÉN
3263,generales_2019_11,provincia,Andalucía,Jaén,Jaén,PRC,0,0,NA,5,-,4,ancho,JAÉN
3263,generales_2019_11,provincia,Andalucía,Málaga,Málaga,PSOE,4,4,NA,11,4,4,ancho,MÁLAGA
3263,generales_2019_11,provincia,Andalucía,Málaga,Málaga,PP,2,2,NA,11,2,4,ancho,MÁLAGA
3263,generales_2019_11,provincia,Andalucía,Málaga,Málaga,C’s,2,2,NA,11,2,4,ancho,MÁLAGA
3263,generales_2019_11,provincia,Andalucía,Málaga,Málaga,UP,2,2,NA,11,2,4,ancho,MÁLAGA
3263,generales_2019_11,provincia,Andalucía,Málaga,Málaga,VOX,1,1,NA,11,1,4,ancho,MÁLAGA
3263,generales_2019_11,provincia,Andalucía,Málaga,Málaga,ERC,0,0,NA,11,-,4,ancho,MÁLAGA
3263,generales_2019_11,provincia,Andalucía,Málaga,Málaga,En Comú Podem,0,0,NA,11,-,4,ancho,MÁLAGA
3263,generales_2019_11,provincia,Andalucía,Málaga,Málaga,JxCat,0,0,NA,11,-,4,ancho,MÁLAGA
3263,generales_2019_11,provincia,Andalucía,Málaga,Málaga,CUP,0,0,NA,11,-,4,ancho,MÁLAGA
3263,generales_2019_11,provincia,Andalucía,Málaga,Málaga,PNV,0,0,NA,11,-,4,ancho,MÁLAGA
3263,generales_2019_11,provincia,Andalucía,Málaga,Málaga,EH Bildu,0,0,NA,11,-,4,ancho,MÁLAGA
3263,generales_2019_11,provincia,Andalucía,Málaga,Málaga,BNG,0,0,NA,11,-,4,ancho,MÁLAGA
3263,generales_2019_11,provincia,Andalucía,Málaga,Málaga,En Común-Unidas Podemos,0,0,NA,11,-,4,ancho,MÁLAGA
3263,generales_2019_11,provincia,Andalucía,Málaga,Málaga,Més Compromís,0,0,NA,11,-,4,ancho,MÁLAGA
3263,generales_2019_11,provincia,Andalucía,Málaga,Málaga,NA+,0,0,NA,11,-,4,ancho,MÁLAGA
3263,generales_2019_11,provincia,Andalucía,Málaga,Málaga,CCa-NC,0,0,NA,11,-,4,ancho,MÁLAGA
3263,generales_2019_11,provincia,Andalucía,Málaga,Málaga,PRC,0,0,NA,11,-,4,ancho,MÁLAGA
3263,generales_2019_11,provincia,Andalucía,Sevilla,Sevilla,PSOE,6,7,NA,12,6-7,4,ancho,SEVILLA
3263,generales_2019_11,provincia,Andalucía,Sevilla,Sevilla,PP,1,2,NA,12,1-2,4,ancho,SEVILLA
3263,generales_2019_11,provincia,Andalucía,Sevilla,Sevilla,C’s,1,1,NA,12,1,4,ancho,SEVILLA
3263,generales_2019_11,provincia,Andalucía,Sevilla,Sevilla,UP,2,2,NA,12,2,4,ancho,SEVILLA
3263,generales_2019_11,provincia,Andalucía,Sevilla,Sevilla,VOX,1,1,NA,12,1,4,ancho,SEVILLA
3263,generales_2019_11,provincia,Andalucía,Sevilla,Sevilla,ERC,0,0,NA,12,-,4,ancho,SEVILLA
3263,generales_2019_11,provincia,Andalucía,Sevilla,Sevilla,En Comú Podem,0,0,NA,12,-,4,ancho,SEVILLA
3263,generales_2019_11,provincia,Andalucía,Sevilla,Sevilla,JxCat,0,0,NA,12,-,4,ancho,SEVILLA
3263,generales_2019_11,provincia,Andalucía,Sevilla,Sevilla,CUP,0,0,NA,12,-,4,ancho,SEVILLA
3263,generales_2019_11,provincia,Andalucía,Sevilla,Sevilla,PNV,0,0,NA,12,-,4,ancho,SEVILLA
3263,generales_2019_11,provincia,Andalucía,Sevilla,Sevilla,EH Bildu,0,0,NA,12,-,4,ancho,SEVILLA
3263,generales_2019_11,provincia,Andalucía,Sevilla,Sevilla,BNG,0,0,NA,12,-,4,ancho,SEVILLA
3263,generales_2019_11,provincia,Andalucía,Sevilla,Sevilla,En Común-Unidas Podemos,0,0,NA,12,-,4,ancho,SEVILLA
3263,generales_2019_11,provincia,Andalucía,Sevilla,Sevilla,Més Compromís,0,0,NA,12,-,4,ancho,SEVILLA
3263,generales_2019_11,provincia,Andalucía,Sevilla,Sevilla,NA+,0,0,NA,12,-,4,ancho,SEVILLA
3263,generales_2019_11,provincia,Andalucía,Sevilla,Sevilla,CCa-NC,0,0,NA,12,-,4,ancho,SEVILLA
3263,generales_2019_11,provincia,Andalucía,Sevilla,Sevilla,PRC,0,0,NA,12,-,4,ancho,SEVILLA
3263,generales_2019_11,provincia,Aragón,Huesca,Huesca,PSOE,2,2,NA,3,2,4,ancho,HUESCA
3263,generales_2019_11,provincia,Aragón,Huesca,Huesca,PP,1,1,NA,3,1,4,ancho,HUESCA
3263,generales_2019_11,provincia,Aragón,Huesca,Huesca,ERC,0,0,NA,3,-,4,ancho,HUESCA
3263,generales_2019_11,provincia,Aragón,Huesca,Huesca,En Comú Podem,0,0,NA,3,-,4,ancho,HUESCA
3263,generales_2019_11,provincia,Aragón,Huesca,Huesca,JxCat,0,0,NA,3,-,4,ancho,HUESCA
3263,generales_2019_11,provincia,Aragón,Huesca,Huesca,CUP,0,0,NA,3,-,4,ancho,HUESCA
3263,generales_2019_11,provincia,Aragón,Huesca,Huesca,PNV,0,0,NA,3,-,4,ancho,HUESCA
3263,generales_2019_11,provincia,Aragón,Huesca,Huesca,EH Bildu,0,0,NA,3,-,4,ancho,HUESCA
3263,generales_2019_11,provincia,Aragón,Huesca,Huesca,BNG,0,0,NA,3,-,4,ancho,HUESCA
3263,generales_2019_11,provincia,Aragón,Huesca,Huesca,En Común-Unidas Podemos,0,0,NA,3,-,4,ancho,HUESCA
3263,generales_2019_11,provincia,Aragón,Huesca,Huesca,Més Compromís,0,0,NA,3,-,4,ancho,HUESCA
3263,generales_2019_11,provincia,Aragón,Huesca,Huesca,NA+,0,0,NA,3,-,4,ancho,HUESCA
3263,generales_2019_11,provincia,Aragón,Huesca,Huesca,CCa-NC,0,0,NA,3,-,4,ancho,HUESCA
3263,generales_2019_11,provincia,Aragón,Huesca,Huesca,PRC,0,0,NA,3,-,4,ancho,HUESCA
3263,generales_2019_11,provincia,Aragón,Teruel,Teruel,PSOE,2,2,NA,3,2,4,ancho,TERUEL
3263,generales_2019_11,provincia,Aragón,Teruel,Teruel,PP,1,1,NA,3,1,4,ancho,TERUEL
3263,generales_2019_11,provincia,Aragón,Teruel,Teruel,ERC,0,0,NA,3,-,4,ancho,TERUEL
3263,generales_2019_11,provincia,Aragón,Teruel,Teruel,En Comú Podem,0,0,NA,3,-,4,ancho,TERUEL
3263,generales_2019_11,provincia,Aragón,Teruel,Teruel,JxCat,0,0,NA,3,-,4,ancho,TERUEL
3263,generales_2019_11,provincia,Aragón,Teruel,Teruel,CUP,0,0,NA,3,-,4,ancho,TERUEL
3263,generales_2019_11,provincia,Aragón,Teruel,Teruel,PNV,0,0,NA,3,-,4,ancho,TERUEL
3263,generales_2019_11,provincia,Aragón,Teruel,Teruel,EH Bildu,0,0,NA,3,-,4,ancho,TERUEL
3263,generales_2019_11,provincia,Aragón,Teruel,Teruel,BNG,0,0,NA,3,-,4,ancho,TERUEL
3263,generales_2019_11,provincia,Aragón,Teruel,Teruel,En Común-Unidas Podemos,0,0,NA,3,-,4,ancho,TERUEL
3263,generales_2019_11,provincia,Aragón,Teruel,Teruel,Més Compromís,0,0,NA,3,-,4,ancho,TERUEL
3263,generales_2019_11,provincia,Aragón,Teruel,Teruel,NA+,0,0,NA,3,-,4,ancho,TERUEL
3263,generales_2019_11,provincia,Aragón,Teruel,Teruel,CCa-NC,0,0,NA,3,-,4,ancho,TERUEL
3263,generales_2019_11,provincia,Aragón,Teruel,Teruel,PRC,0,0,NA,3,-,4,ancho,TERUEL
3263,generales_2019_11,provincia,Aragón,Zaragoza,Zaragoza,PSOE,3,3,NA,7,3,4,ancho,ZARAGOZA
3263,generales_2019_11,provincia,Aragón,Zaragoza,Zaragoza,PP,2,2,NA,7,2,4,ancho,ZARAGOZA
3263,generales_2019_11,provincia,Aragón,Zaragoza,Zaragoza,C’s,0,1,NA,7,0-1,4,ancho,ZARAGOZA
3263,generales_2019_11,provincia,Aragón,Zaragoza,Zaragoza,UP,1,1,NA,7,1,4,ancho,ZARAGOZA
3263,generales_2019_11,provincia,Aragón,Zaragoza,Zaragoza,VOX,0,1,NA,7,0-1,4,ancho,ZARAGOZA
3263,generales_2019_11,provincia,Aragón,Zaragoza,Zaragoza,ERC,0,0,NA,7,-,4,ancho,ZARAGOZA
3263,generales_2019_11,provincia,Aragón,Zaragoza,Zaragoza,En Comú Podem,0,0,NA,7,-,4,ancho,ZARAGOZA
3263,generales_2019_11,provincia,Aragón,Zaragoza,Zaragoza,JxCat,0,0,NA,7,-,4,ancho,ZARAGOZA
3263,generales_2019_11,provincia,Aragón,Zaragoza,Zaragoza,CUP,0,0,NA,7,-,4,ancho,ZARAGOZA
3263,generales_2019_11,provincia,Aragón,Zaragoza,Zaragoza,PNV,0,0,NA,7,-,4,ancho,ZARAGOZA
3263,generales_2019_11,provincia,Aragón,Zaragoza,Zaragoza,EH Bildu,0,0,NA,7,-,4,ancho,ZARAGOZA
3263,generales_2019_11,provincia,Aragón,Zaragoza,Zaragoza,BNG,0,0,NA,7,-,4,ancho,ZARAGOZA
3263,generales_2019_11,provincia,Aragón,Zaragoza,Zaragoza,En Común-Unidas Podemos,0,0,NA,7,-,4,ancho,ZARAGOZA
3263,generales_2019_11,provincia,Aragón,Zaragoza,Zaragoza,Més Compromís,0,0,NA,7,-,4,ancho,ZARAGOZA
3263,generales_2019_11,provincia,Aragón,Zaragoza,Zaragoza,NA+,0,0,NA,7,-,4,ancho,ZARAGOZA
3263,generales_2019_11,provincia,Aragón,Zaragoza,Zaragoza,CCa-NC,0,0,NA,7,-,4,ancho,ZARAGOZA
3263,generales_2019_11,provincia,Aragón,Zaragoza,Zaragoza,PRC,0,0,NA,7,-,4,ancho,ZARAGOZA
3263,generales_2019_11,provincia,Principado de Asturias,Asturias,Asturias,PSOE,3,4,NA,7,3-4,4,ancho,ASTURIAS
3263,generales_2019_11,provincia,Principado de Asturias,Asturias,Asturias,PP,1,2,NA,7,1-2,4,ancho,ASTURIAS
3263,generales_2019_11,provincia,Principado de Asturias,Asturias,Asturias,C’s,1,1,NA,7,1,4,ancho,ASTURIAS
3263,generales_2019_11,provincia,Principado de Asturias,Asturias,Asturias,UP,1,1,NA,7,1,4,ancho,ASTURIAS
3263,generales_2019_11,provincia,Principado de Asturias,Asturias,Asturias,ERC,0,0,NA,7,-,4,ancho,ASTURIAS
3263,generales_2019_11,provincia,Principado de Asturias,Asturias,Asturias,En Comú Podem,0,0,NA,7,-,4,ancho,ASTURIAS
3263,generales_2019_11,provincia,Principado de Asturias,Asturias,Asturias,JxCat,0,0,NA,7,-,4,ancho,ASTURIAS
3263,generales_2019_11,provincia,Principado de Asturias,Asturias,Asturias,CUP,0,0,NA,7,-,4,ancho,ASTURIAS
3263,generales_2019_11,provincia,Principado de Asturias,Asturias,Asturias,PNV,0,0,NA,7,-,4,ancho,ASTURIAS
3263,generales_2019_11,provincia,Principado de Asturias,Asturias,Asturias,EH Bildu,0,0,NA,7,-,4,ancho,ASTURIAS
3263,generales_2019_11,provincia,Principado de Asturias,Asturias,Asturias,BNG,0,0,NA,7,-,4,ancho,ASTURIAS
3263,generales_2019_11,provincia,Principado de Asturias,Asturias,Asturias,En Común-Unidas Podemos,0,0,NA,7,-,4,ancho,ASTURIAS
3263,generales_2019_11,provincia,Principado de Asturias,Asturias,Asturias,Més Compromís,0,0,NA,7,-,4,ancho,ASTURIAS
3263,generales_2019_11,provincia,Principado de Asturias,Asturias,Asturias,NA+,0,0,NA,7,-,4,ancho,ASTURIAS
3263,generales_2019_11,provincia,Principado de Asturias,Asturias,Asturias,CCa-NC,0,0,NA,7,-,4,ancho,ASTURIAS
3263,generales_2019_11,provincia,Principado de Asturias,Asturias,Asturias,PRC,0,0,NA,7,-,4,ancho,ASTURIAS
3263,generales_2019_11,provincia,Illes Balears,Baleares,Baleares,PSOE,4,4,NA,8,4,4,ancho,I. BALEARS
3263,generales_2019_11,provincia,Illes Balears,Baleares,Baleares,PP,1,1,NA,8,1,4,ancho,I. BALEARS
3263,generales_2019_11,provincia,Illes Balears,Baleares,Baleares,C’s,2,2,NA,8,2,4,ancho,I. BALEARS
3263,generales_2019_11,provincia,Illes Balears,Baleares,Baleares,UP,1,2,NA,8,1-2,4,ancho,I. BALEARS
3263,generales_2019_11,provincia,Illes Balears,Baleares,Baleares,VOX,0,1,NA,8,0-1,4,ancho,I. BALEARS
3263,generales_2019_11,provincia,Illes Balears,Baleares,Baleares,ERC,0,0,NA,8,-,4,ancho,I. BALEARS
3263,generales_2019_11,provincia,Illes Balears,Baleares,Baleares,En Comú Podem,0,0,NA,8,-,4,ancho,I. BALEARS
3263,generales_2019_11,provincia,Illes Balears,Baleares,Baleares,JxCat,0,0,NA,8,-,4,ancho,I. BALEARS
3263,generales_2019_11,provincia,Illes Balears,Baleares,Baleares,CUP,0,0,NA,8,-,4,ancho,I. BALEARS
3263,generales_2019_11,provincia,Illes Balears,Baleares,Baleares,PNV,0,0,NA,8,-,4,ancho,I. BALEARS
3263,generales_2019_11,provincia,Illes Balears,Baleares,Baleares,EH Bildu,0,0,NA,8,-,4,ancho,I. BALEARS
3263,generales_2019_11,provincia,Illes Balears,Baleares,Baleares,BNG,0,0,NA,8,-,4,ancho,I. BALEARS
3263,generales_2019_11,provincia,Illes Balears,Baleares,Baleares,En Común-Unidas Podemos,0,0,NA,8,-,4,ancho,I. BALEARS
3263,generales_2019_11,provincia,Illes Balears,Baleares,Baleares,Més Compromís,0,0,NA,8,-,4,ancho,I. BALEARS
3263,generales_2019_11,provincia,Illes Balears,Baleares,Baleares,NA+,0,0,NA,8,-,4,ancho,I. BALEARS
3263,generales_2019_11,provincia,Illes Balears,Baleares,Baleares,CCa-NC,0,0,NA,8,-,4,ancho,I. BALEARS
3263,generales_2019_11,provincia,Illes Balears,Baleares,Baleares,PRC,0,0,NA,8,-,4,ancho,I. BALEARS
3263,generales_2019_11,provincia,Canarias,Las Palmas,Las Palmas,PSOE,3,3,NA,8,3,4,ancho,LAS PALMAS
3263,generales_2019_11,provincia,Canarias,Las Palmas,Las Palmas,PP,2,2,NA,8,2,4,ancho,LAS PALMAS
3263,generales_2019_11,provincia,Canarias,Las Palmas,Las Palmas,C’s,1,1,NA,8,1,4,ancho,LAS PALMAS
3263,generales_2019_11,provincia,Canarias,Las Palmas,Las Palmas,UP,1,1,NA,8,1,4,ancho,LAS PALMAS
3263,generales_2019_11,provincia,Canarias,Las Palmas,Las Palmas,VOX,0,1,NA,8,0-1,4,ancho,LAS PALMAS
3263,generales_2019_11,provincia,Canarias,Las Palmas,Las Palmas,ERC,0,0,NA,8,-,4,ancho,LAS PALMAS
3263,generales_2019_11,provincia,Canarias,Las Palmas,Las Palmas,En Comú Podem,0,0,NA,8,-,4,ancho,LAS PALMAS
3263,generales_2019_11,provincia,Canarias,Las Palmas,Las Palmas,JxCat,0,0,NA,8,-,4,ancho,LAS PALMAS
3263,generales_2019_11,provincia,Canarias,Las Palmas,Las Palmas,CUP,0,0,NA,8,-,4,ancho,LAS PALMAS
3263,generales_2019_11,provincia,Canarias,Las Palmas,Las Palmas,PNV,0,0,NA,8,-,4,ancho,LAS PALMAS
3263,generales_2019_11,provincia,Canarias,Las Palmas,Las Palmas,EH Bildu,0,0,NA,8,-,4,ancho,LAS PALMAS
3263,generales_2019_11,provincia,Canarias,Las Palmas,Las Palmas,BNG,0,0,NA,8,-,4,ancho,LAS PALMAS
3263,generales_2019_11,provincia,Canarias,Las Palmas,Las Palmas,En Común-Unidas Podemos,0,0,NA,8,-,4,ancho,LAS PALMAS
3263,generales_2019_11,provincia,Canarias,Las Palmas,Las Palmas,Més Compromís,0,0,NA,8,-,4,ancho,LAS PALMAS
3263,generales_2019_11,provincia,Canarias,Las Palmas,Las Palmas,NA+,0,0,NA,8,-,4,ancho,LAS PALMAS
3263,generales_2019_11,provincia,Canarias,Las Palmas,Las Palmas,CCa-NC,0,1,NA,8,0-1,4,ancho,LAS PALMAS
3263,generales_2019_11,provincia,Canarias,Las Palmas,Las Palmas,PRC,0,0,NA,8,-,4,ancho,LAS PALMAS
3263,generales_2019_11,provincia,Canarias,Santa Cruz de Tenerife,Santa Cruz de Tenerife,PSOE,3,3,NA,7,3,4,ancho,S.C.TENERIFE
3263,generales_2019_11,provincia,Canarias,Santa Cruz de Tenerife,Santa Cruz de Tenerife,PP,1,1,NA,7,1,4,ancho,S.C.TENERIFE
3263,generales_2019_11,provincia,Canarias,Santa Cruz de Tenerife,Santa Cruz de Tenerife,C’s,1,1,NA,7,1,4,ancho,S.C.TENERIFE
3263,generales_2019_11,provincia,Canarias,Santa Cruz de Tenerife,Santa Cruz de Tenerife,UP,1,1,NA,7,1,4,ancho,S.C.TENERIFE
3263,generales_2019_11,provincia,Canarias,Santa Cruz de Tenerife,Santa Cruz de Tenerife,ERC,0,0,NA,7,-,4,ancho,S.C.TENERIFE
3263,generales_2019_11,provincia,Canarias,Santa Cruz de Tenerife,Santa Cruz de Tenerife,En Comú Podem,0,0,NA,7,-,4,ancho,S.C.TENERIFE
3263,generales_2019_11,provincia,Canarias,Santa Cruz de Tenerife,Santa Cruz de Tenerife,JxCat,0,0,NA,7,-,4,ancho,S.C.TENERIFE
3263,generales_2019_11,provincia,Canarias,Santa Cruz de Tenerife,Santa Cruz de Tenerife,CUP,0,0,NA,7,-,4,ancho,S.C.TENERIFE
3263,generales_2019_11,provincia,Canarias,Santa Cruz de Tenerife,Santa Cruz de Tenerife,PNV,0,0,NA,7,-,4,ancho,S.C.TENERIFE
3263,generales_2019_11,provincia,Canarias,Santa Cruz de Tenerife,Santa Cruz de Tenerife,EH Bildu,0,0,NA,7,-,4,ancho,S.C.TENERIFE
3263,generales_2019_11,provincia,Canarias,Santa Cruz de Tenerife,Santa Cruz de Tenerife,BNG,0,0,NA,7,-,4,ancho,S.C.TENERIFE
3263,generales_2019_11,provincia,Canarias,Santa Cruz de Tenerife,Santa Cruz de Tenerife,En Común-Unidas Podemos,0,0,NA,7,-,4,ancho,S.C.TENERIFE
3263,generales_2019_11,provincia,Canarias,Santa Cruz de Tenerife,Santa Cruz de Tenerife,Més Compromís,0,0,NA,7,-,4,ancho,S.C.TENERIFE
3263,generales_2019_11,provincia,Canarias,Santa Cruz de Tenerife,Santa Cruz de Tenerife,NA+,0,0,NA,7,-,4,ancho,S.C.TENERIFE
3263,generales_2019_11,provincia,Canarias,Santa Cruz de Tenerife,Santa Cruz de Tenerife,CCa-NC,1,1,NA,7,1,4,ancho,S.C.TENERIFE
3263,generales_2019_11,provincia,Canarias,Santa Cruz de Tenerife,Santa Cruz de Tenerife,PRC,0,0,NA,7,-,4,ancho,S.C.TENERIFE
3263,generales_2019_11,provincia,Cantabria,Cantabria,Cantabria,PSOE,2,2,NA,5,2,4,ancho,CANTABRIA
3263,generales_2019_11,provincia,Cantabria,Cantabria,Cantabria,PP,2,2,NA,5,2,4,ancho,CANTABRIA
3263,generales_2019_11,provincia,Cantabria,Cantabria,Cantabria,C’s,0,1,NA,5,0-1,4,ancho,CANTABRIA
3263,generales_2019_11,provincia,Cantabria,Cantabria,Cantabria,ERC,0,0,NA,5,-,4,ancho,CANTABRIA
3263,generales_2019_11,provincia,Cantabria,Cantabria,Cantabria,En Comú Podem,0,0,NA,5,-,4,ancho,CANTABRIA
3263,generales_2019_11,provincia,Cantabria,Cantabria,Cantabria,JxCat,0,0,NA,5,-,4,ancho,CANTABRIA
3263,generales_2019_11,provincia,Cantabria,Cantabria,Cantabria,CUP,0,0,NA,5,-,4,ancho,CANTABRIA
3263,generales_2019_11,provincia,Cantabria,Cantabria,Cantabria,PNV,0,0,NA,5,-,4,ancho,CANTABRIA
3263,generales_2019_11,provincia,Cantabria,Cantabria,Cantabria,EH Bildu,0,0,NA,5,-,4,ancho,CANTABRIA
3263,generales_2019_11,provincia,Cantabria,Cantabria,Cantabria,BNG,0,0,NA,5,-,4,ancho,CANTABRIA
3263,generales_2019_11,provincia,Cantabria,Cantabria,Cantabria,En Común-Unidas Podemos,0,0,NA,5,-,4,ancho,CANTABRIA
3263,generales_2019_11,provincia,Cantabria,Cantabria,Cantabria,Més Compromís,0,0,NA,5,-,4,ancho,CANTABRIA
3263,generales_2019_11,provincia,Cantabria,Cantabria,Cantabria,NA+,0,0,NA,5,-,4,ancho,CANTABRIA
3263,generales_2019_11,provincia,Cantabria,Cantabria,Cantabria,CCa-NC,0,0,NA,5,-,4,ancho,CANTABRIA
3263,generales_2019_11,provincia,Cantabria,Cantabria,Cantabria,PRC,0,1,NA,5,0-1,4,ancho,CANTABRIA
3263,generales_2019_11,provincia,Castilla y León,Ávila,Ávila,PSOE,1,1,NA,3,1,4,ancho,ÁVILA
3263,generales_2019_11,provincia,Castilla y León,Ávila,Ávila,PP,2,2,NA,3,2,4,ancho,ÁVILA
3263,generales_2019_11,provincia,Castilla y León,Ávila,Ávila,ERC,0,0,NA,3,-,4,ancho,ÁVILA
3263,generales_2019_11,provincia,Castilla y León,Ávila,Ávila,En Comú Podem,0,0,NA,3,-,4,ancho,ÁVILA
3263,generales_2019_11,provincia,Castilla y León,Ávila,Ávila,JxCat,0,0,NA,3,-,4,ancho,ÁVILA
3263,generales_2019_11,provincia,Castilla y León,Ávila,Ávila,CUP,0,0,NA,3,-,4,ancho,ÁVILA
3263,generales_2019_11,provincia,Castilla y León,Ávila,Ávila,PNV,0,0,NA,3,-,4,ancho,ÁVILA
3263,generales_2019_11,provincia,Castilla y León,Ávila,Ávila,EH Bildu,0,0,NA,3,-,4,ancho,ÁVILA
3263,generales_2019_11,provincia,Castilla y León,Ávila,Ávila,BNG,0,0,NA,3,-,4,ancho,ÁVILA
3263,generales_2019_11,provincia,Castilla y León,Ávila,Ávila,En Común-Unidas Podemos,0,0,NA,3,-,4,ancho,ÁVILA
3263,generales_2019_11,provincia,Castilla y León,Ávila,Ávila,Més Compromís,0,0,NA,3,-,4,ancho,ÁVILA
3263,generales_2019_11,provincia,Castilla y León,Ávila,Ávila,NA+,0,0,NA,3,-,4,ancho,ÁVILA
3263,generales_2019_11,provincia,Castilla y León,Ávila,Ávila,CCa-NC,0,0,NA,3,-,4,ancho,ÁVILA
3263,generales_2019_11,provincia,Castilla y León,Ávila,Ávila,PRC,0,0,NA,3,-,4,ancho,ÁVILA
3263,generales_2019_11,provincia,Castilla y León,Burgos,Burgos,PSOE,2,2,NA,4,2,4,ancho,BURGOS
3263,generales_2019_11,provincia,Castilla y León,Burgos,Burgos,PP,2,2,NA,4,2,4,ancho,BURGOS
3263,generales_2019_11,provincia,Castilla y León,Burgos,Burgos,ERC,0,0,NA,4,-,4,ancho,BURGOS
3263,generales_2019_11,provincia,Castilla y León,Burgos,Burgos,En Comú Podem,0,0,NA,4,-,4,ancho,BURGOS
3263,generales_2019_11,provincia,Castilla y León,Burgos,Burgos,JxCat,0,0,NA,4,-,4,ancho,BURGOS
3263,generales_2019_11,provincia,Castilla y León,Burgos,Burgos,CUP,0,0,NA,4,-,4,ancho,BURGOS
3263,generales_2019_11,provincia,Castilla y León,Burgos,Burgos,PNV,0,0,NA,4,-,4,ancho,BURGOS
3263,generales_2019_11,provincia,Castilla y León,Burgos,Burgos,EH Bildu,0,0,NA,4,-,4,ancho,BURGOS
3263,generales_2019_11,provincia,Castilla y León,Burgos,Burgos,BNG,0,0,NA,4,-,4,ancho,BURGOS
3263,generales_2019_11,provincia,Castilla y León,Burgos,Burgos,En Común-Unidas Podemos,0,0,NA,4,-,4,ancho,BURGOS
3263,generales_2019_11,provincia,Castilla y León,Burgos,Burgos,Més Compromís,0,0,NA,4,-,4,ancho,BURGOS
3263,generales_2019_11,provincia,Castilla y León,Burgos,Burgos,NA+,0,0,NA,4,-,4,ancho,BURGOS
3263,generales_2019_11,provincia,Castilla y León,Burgos,Burgos,CCa-NC,0,0,NA,4,-,4,ancho,BURGOS
3263,generales_2019_11,provincia,Castilla y León,Burgos,Burgos,PRC,0,0,NA,4,-,4,ancho,BURGOS
3263,generales_2019_11,provincia,Castilla y León,León,León,PSOE,2,2,NA,4,2,4,ancho,LEÓN
3263,generales_2019_11,provincia,Castilla y León,León,León,PP,2,2,NA,4,2,4,ancho,LEÓN
3263,generales_2019_11,provincia,Castilla y León,León,León,ERC,0,0,NA,4,-,4,ancho,LEÓN
3263,generales_2019_11,provincia,Castilla y León,León,León,En Comú Podem,0,0,NA,4,-,4,ancho,LEÓN
3263,generales_2019_11,provincia,Castilla y León,León,León,JxCat,0,0,NA,4,-,4,ancho,LEÓN
3263,generales_2019_11,provincia,Castilla y León,León,León,CUP,0,0,NA,4,-,4,ancho,LEÓN
3263,generales_2019_11,provincia,Castilla y León,León,León,PNV,0,0,NA,4,-,4,ancho,LEÓN
3263,generales_2019_11,provincia,Castilla y León,León,León,EH Bildu,0,0,NA,4,-,4,ancho,LEÓN
3263,generales_2019_11,provincia,Castilla y León,León,León,BNG,0,0,NA,4,-,4,ancho,LEÓN
3263,generales_2019_11,provincia,Castilla y León,León,León,En Común-Unidas Podemos,0,0,NA,4,-,4,ancho,LEÓN
3263,generales_2019_11,provincia,Castilla y León,León,León,Més Compromís,0,0,NA,4,-,4,ancho,LEÓN
3263,generales_2019_11,provincia,Castilla y León,León,León,NA+,0,0,NA,4,-,4,ancho,LEÓN
3263,generales_2019_11,provincia,Castilla y León,León,León,CCa-NC,0,0,NA,4,-,4,ancho,LEÓN
3263,generales_2019_11,provincia,Castilla y León,León,León,PRC,0,0,NA,4,-,4,ancho,LEÓN
3263,generales_2019_11,provincia,Castilla y León,Palencia,Palencia,PSOE,1,1,NA,3,1,4,ancho,PALENCIA
3263,generales_2019_11,provincia,Castilla y León,Palencia,Palencia,PP,2,2,NA,3,2,4,ancho,PALENCIA
3263,generales_2019_11,provincia,Castilla y León,Palencia,Palencia,ERC,0,0,NA,3,-,4,ancho,PALENCIA
3263,generales_2019_11,provincia,Castilla y León,Palencia,Palencia,En Comú Podem,0,0,NA,3,-,4,ancho,PALENCIA
3263,generales_2019_11,provincia,Castilla y León,Palencia,Palencia,JxCat,0,0,NA,3,-,4,ancho,PALENCIA
3263,generales_2019_11,provincia,Castilla y León,Palencia,Palencia,CUP,0,0,NA,3,-,4,ancho,PALENCIA
3263,generales_2019_11,provincia,Castilla y León,Palencia,Palencia,PNV,0,0,NA,3,-,4,ancho,PALENCIA
3263,generales_2019_11,provincia,Castilla y León,Palencia,Palencia,EH Bildu,0,0,NA,3,-,4,ancho,PALENCIA
3263,generales_2019_11,provincia,Castilla y León,Palencia,Palencia,BNG,0,0,NA,3,-,4,ancho,PALENCIA
3263,generales_2019_11,provincia,Castilla y León,Palencia,Palencia,En Común-Unidas Podemos,0,0,NA,3,-,4,ancho,PALENCIA
3263,generales_2019_11,provincia,Castilla y León,Palencia,Palencia,Més Compromís,0,0,NA,3,-,4,ancho,PALENCIA
3263,generales_2019_11,provincia,Castilla y León,Palencia,Palencia,NA+,0,0,NA,3,-,4,ancho,PALENCIA
3263,generales_2019_11,provincia,Castilla y León,Palencia,Palencia,CCa-NC,0,0,NA,3,-,4,ancho,PALENCIA
3263,generales_2019_11,provincia,Castilla y León,Palencia,Palencia,PRC,0,0,NA,3,-,4,ancho,PALENCIA
3263,generales_2019_11,provincia,Castilla y León,Salamanca,Salamanca,PSOE,1,2,NA,4,1-2,4,ancho,SALAMANCA
3263,generales_2019_11,provincia,Castilla y León,Salamanca,Salamanca,PP,2,2,NA,4,2,4,ancho,SALAMANCA
3263,generales_2019_11,provincia,Castilla y León,Salamanca,Salamanca,C’s,0,1,NA,4,0-1,4,ancho,SALAMANCA
3263,generales_2019_11,provincia,Castilla y León,Salamanca,Salamanca,ERC,0,0,NA,4,-,4,ancho,SALAMANCA
3263,generales_2019_11,provincia,Castilla y León,Salamanca,Salamanca,En Comú Podem,0,0,NA,4,-,4,ancho,SALAMANCA
3263,generales_2019_11,provincia,Castilla y León,Salamanca,Salamanca,JxCat,0,0,NA,4,-,4,ancho,SALAMANCA
3263,generales_2019_11,provincia,Castilla y León,Salamanca,Salamanca,CUP,0,0,NA,4,-,4,ancho,SALAMANCA
3263,generales_2019_11,provincia,Castilla y León,Salamanca,Salamanca,PNV,0,0,NA,4,-,4,ancho,SALAMANCA
3263,generales_2019_11,provincia,Castilla y León,Salamanca,Salamanca,EH Bildu,0,0,NA,4,-,4,ancho,SALAMANCA
3263,generales_2019_11,provincia,Castilla y León,Salamanca,Salamanca,BNG,0,0,NA,4,-,4,ancho,SALAMANCA
3263,generales_2019_11,provincia,Castilla y León,Salamanca,Salamanca,En Común-Unidas Podemos,0,0,NA,4,-,4,ancho,SALAMANCA
3263,generales_2019_11,provincia,Castilla y León,Salamanca,Salamanca,Més Compromís,0,0,NA,4,-,4,ancho,SALAMANCA
3263,generales_2019_11,provincia,Castilla y León,Salamanca,Salamanca,NA+,0,0,NA,4,-,4,ancho,SALAMANCA
3263,generales_2019_11,provincia,Castilla y León,Salamanca,Salamanca,CCa-NC,0,0,NA,4,-,4,ancho,SALAMANCA
3263,generales_2019_11,provincia,Castilla y León,Salamanca,Salamanca,PRC,0,0,NA,4,-,4,ancho,SALAMANCA
3263,generales_2019_11,provincia,Castilla y León,Segovia,Segovia,PSOE,1,2,NA,3,1-2,4,ancho,SEGOVIA
3263,generales_2019_11,provincia,Castilla y León,Segovia,Segovia,PP,1,1,NA,3,1,4,ancho,SEGOVIA
3263,generales_2019_11,provincia,Castilla y León,Segovia,Segovia,C’s,0,1,NA,3,0-1,4,ancho,SEGOVIA
3263,generales_2019_11,provincia,Castilla y León,Segovia,Segovia,ERC,0,0,NA,3,-,4,ancho,SEGOVIA
3263,generales_2019_11,provincia,Castilla y León,Segovia,Segovia,En Comú Podem,0,0,NA,3,-,4,ancho,SEGOVIA
3263,generales_2019_11,provincia,Castilla y León,Segovia,Segovia,JxCat,0,0,NA,3,-,4,ancho,SEGOVIA
3263,generales_2019_11,provincia,Castilla y León,Segovia,Segovia,CUP,0,0,NA,3,-,4,ancho,SEGOVIA
3263,generales_2019_11,provincia,Castilla y León,Segovia,Segovia,PNV,0,0,NA,3,-,4,ancho,SEGOVIA
3263,generales_2019_11,provincia,Castilla y León,Segovia,Segovia,EH Bildu,0,0,NA,3,-,4,ancho,SEGOVIA
3263,generales_2019_11,provincia,Castilla y León,Segovia,Segovia,BNG,0,0,NA,3,-,4,ancho,SEGOVIA
3263,generales_2019_11,provincia,Castilla y León,Segovia,Segovia,En Común-Unidas Podemos,0,0,NA,3,-,4,ancho,SEGOVIA
3263,generales_2019_11,provincia,Castilla y León,Segovia,Segovia,Més Compromís,0,0,NA,3,-,4,ancho,SEGOVIA
3263,generales_2019_11,provincia,Castilla y León,Segovia,Segovia,NA+,0,0,NA,3,-,4,ancho,SEGOVIA
3263,generales_2019_11,provincia,Castilla y León,Segovia,Segovia,CCa-NC,0,0,NA,3,-,4,ancho,SEGOVIA
3263,generales_2019_11,provincia,Castilla y León,Segovia,Segovia,PRC,0,0,NA,3,-,4,ancho,SEGOVIA
3263,generales_2019_11,provincia,Castilla y León,Soria,Soria,PSOE,1,1,NA,2,1,4,ancho,SORIA
3263,generales_2019_11,provincia,Castilla y León,Soria,Soria,PP,1,1,NA,2,1,4,ancho,SORIA
3263,generales_2019_11,provincia,Castilla y León,Soria,Soria,ERC,0,0,NA,2,-,4,ancho,SORIA
3263,generales_2019_11,provincia,Castilla y León,Soria,Soria,En Comú Podem,0,0,NA,2,-,4,ancho,SORIA
3263,generales_2019_11,provincia,Castilla y León,Soria,Soria,JxCat,0,0,NA,2,-,4,ancho,SORIA
3263,generales_2019_11,provincia,Castilla y León,Soria,Soria,CUP,0,0,NA,2,-,4,ancho,SORIA
3263,generales_2019_11,provincia,Castilla y León,Soria,Soria,PNV,0,0,NA,2,-,4,ancho,SORIA
3263,generales_2019_11,provincia,Castilla y León,Soria,Soria,EH Bildu,0,0,NA,2,-,4,ancho,SORIA
3263,generales_2019_11,provincia,Castilla y León,Soria,Soria,BNG,0,0,NA,2,-,4,ancho,SORIA
3263,generales_2019_11,provincia,Castilla y León,Soria,Soria,En Común-Unidas Podemos,0,0,NA,2,-,4,ancho,SORIA
3263,generales_2019_11,provincia,Castilla y León,Soria,Soria,Més Compromís,0,0,NA,2,-,4,ancho,SORIA
3263,generales_2019_11,provincia,Castilla y León,Soria,Soria,NA+,0,0,NA,2,-,4,ancho,SORIA
3263,generales_2019_11,provincia,Castilla y León,Soria,Soria,CCa-NC,0,0,NA,2,-,4,ancho,SORIA
3263,generales_2019_11,provincia,Castilla y León,Soria,Soria,PRC,0,0,NA,2,-,4,ancho,SORIA
3263,generales_2019_11,provincia,Castilla y León,Valladolid,Valladolid,PSOE,2,3,NA,5,2-3,4,ancho,VALLADOLID
3263,generales_2019_11,provincia,Castilla y León,Valladolid,Valladolid,PP,1,2,NA,5,1-2,4,ancho,VALLADOLID
3263,generales_2019_11,provincia,Castilla y León,Valladolid,Valladolid,UP,1,1,NA,5,1,4,ancho,VALLADOLID
3263,generales_2019_11,provincia,Castilla y León,Valladolid,Valladolid,ERC,0,0,NA,5,-,4,ancho,VALLADOLID
3263,generales_2019_11,provincia,Castilla y León,Valladolid,Valladolid,En Comú Podem,0,0,NA,5,-,4,ancho,VALLADOLID
3263,generales_2019_11,provincia,Castilla y León,Valladolid,Valladolid,JxCat,0,0,NA,5,-,4,ancho,VALLADOLID
3263,generales_2019_11,provincia,Castilla y León,Valladolid,Valladolid,CUP,0,0,NA,5,-,4,ancho,VALLADOLID
3263,generales_2019_11,provincia,Castilla y León,Valladolid,Valladolid,PNV,0,0,NA,5,-,4,ancho,VALLADOLID
3263,generales_2019_11,provincia,Castilla y León,Valladolid,Valladolid,EH Bildu,0,0,NA,5,-,4,ancho,VALLADOLID
3263,generales_2019_11,provincia,Castilla y León,Valladolid,Valladolid,BNG,0,0,NA,5,-,4,ancho,VALLADOLID
3263,generales_2019_11,provincia,Castilla y León,Valladolid,Valladolid,En Común-Unidas Podemos,0,0,NA,5,-,4,ancho,VALLADOLID
3263,generales_2019_11,provincia,Castilla y León,Valladolid,Valladolid,Més Compromís,0,0,NA,5,-,4,ancho,VALLADOLID
3263,generales_2019_11,provincia,Castilla y León,Valladolid,Valladolid,NA+,0,0,NA,5,-,4,ancho,VALLADOLID
3263,generales_2019_11,provincia,Castilla y León,Valladolid,Valladolid,CCa-NC,0,0,NA,5,-,4,ancho,VALLADOLID
3263,generales_2019_11,provincia,Castilla y León,Valladolid,Valladolid,PRC,0,0,NA,5,-,4,ancho,VALLADOLID
3263,generales_2019_11,provincia,Castilla y León,Zamora,Zamora,PSOE,2,2,NA,3,2,4,ancho,ZAMORA
3263,generales_2019_11,provincia,Castilla y León,Zamora,Zamora,PP,1,1,NA,3,1,4,ancho,ZAMORA
3263,generales_2019_11,provincia,Castilla y León,Zamora,Zamora,ERC,0,0,NA,3,-,4,ancho,ZAMORA
3263,generales_2019_11,provincia,Castilla y León,Zamora,Zamora,En Comú Podem,0,0,NA,3,-,4,ancho,ZAMORA
3263,generales_2019_11,provincia,Castilla y León,Zamora,Zamora,JxCat,0,0,NA,3,-,4,ancho,ZAMORA
3263,generales_2019_11,provincia,Castilla y León,Zamora,Zamora,CUP,0,0,NA,3,-,4,ancho,ZAMORA
3263,generales_2019_11,provincia,Castilla y León,Zamora,Zamora,PNV,0,0,NA,3,-,4,ancho,ZAMORA
3263,generales_2019_11,provincia,Castilla y León,Zamora,Zamora,EH Bildu,0,0,NA,3,-,4,ancho,ZAMORA
3263,generales_2019_11,provincia,Castilla y León,Zamora,Zamora,BNG,0,0,NA,3,-,4,ancho,ZAMORA
3263,generales_2019_11,provincia,Castilla y León,Zamora,Zamora,En Común-Unidas Podemos,0,0,NA,3,-,4,ancho,ZAMORA
3263,generales_2019_11,provincia,Castilla y León,Zamora,Zamora,Més Compromís,0,0,NA,3,-,4,ancho,ZAMORA
3263,generales_2019_11,provincia,Castilla y León,Zamora,Zamora,NA+,0,0,NA,3,-,4,ancho,ZAMORA
3263,generales_2019_11,provincia,Castilla y León,Zamora,Zamora,CCa-NC,0,0,NA,3,-,4,ancho,ZAMORA
3263,generales_2019_11,provincia,Castilla y León,Zamora,Zamora,PRC,0,0,NA,3,-,4,ancho,ZAMORA
3263,generales_2019_11,provincia,Castilla-La Mancha,Albacete,Albacete,PSOE,3,3,NA,4,3,4,ancho,ALBACETE
3263,generales_2019_11,provincia,Castilla-La Mancha,Albacete,Albacete,PP,1,1,NA,4,1,4,ancho,ALBACETE
3263,generales_2019_11,provincia,Castilla-La Mancha,Albacete,Albacete,ERC,0,0,NA,4,-,4,ancho,ALBACETE
3263,generales_2019_11,provincia,Castilla-La Mancha,Albacete,Albacete,En Comú Podem,0,0,NA,4,-,4,ancho,ALBACETE
3263,generales_2019_11,provincia,Castilla-La Mancha,Albacete,Albacete,JxCat,0,0,NA,4,-,4,ancho,ALBACETE
3263,generales_2019_11,provincia,Castilla-La Mancha,Albacete,Albacete,CUP,0,0,NA,4,-,4,ancho,ALBACETE
3263,generales_2019_11,provincia,Castilla-La Mancha,Albacete,Albacete,PNV,0,0,NA,4,-,4,ancho,ALBACETE
3263,generales_2019_11,provincia,Castilla-La Mancha,Albacete,Albacete,EH Bildu,0,0,NA,4,-,4,ancho,ALBACETE
3263,generales_2019_11,provincia,Castilla-La Mancha,Albacete,Albacete,BNG,0,0,NA,4,-,4,ancho,ALBACETE
3263,generales_2019_11,provincia,Castilla-La Mancha,Albacete,Albacete,En Común-Unidas Podemos,0,0,NA,4,-,4,ancho,ALBACETE
3263,generales_2019_11,provincia,Castilla-La Mancha,Albacete,Albacete,Més Compromís,0,0,NA,4,-,4,ancho,ALBACETE
3263,generales_2019_11,provincia,Castilla-La Mancha,Albacete,Albacete,NA+,0,0,NA,4,-,4,ancho,ALBACETE
3263,generales_2019_11,provincia,Castilla-La Mancha,Albacete,Albacete,CCa-NC,0,0,NA,4,-,4,ancho,ALBACETE
3263,generales_2019_11,provincia,Castilla-La Mancha,Albacete,Albacete,PRC,0,0,NA,4,-,4,ancho,ALBACETE
3263,generales_2019_11,provincia,Castilla-La Mancha,Ciudad Real,Ciudad Real,PSOE,2,3,NA,5,2-3,4,ancho,CIUDAD REAL
3263,generales_2019_11,provincia,Castilla-La Mancha,Ciudad Real,Ciudad Real,PP,2,2,NA,5,2,4,ancho,CIUDAD REAL
3263,generales_2019_11,provincia,Castilla-La Mancha,Ciudad Real,Ciudad Real,C’s,0,1,NA,5,0-1,4,ancho,CIUDAD REAL
3263,generales_2019_11,provincia,Castilla-La Mancha,Ciudad Real,Ciudad Real,ERC,0,0,NA,5,-,4,ancho,CIUDAD REAL
3263,generales_2019_11,provincia,Castilla-La Mancha,Ciudad Real,Ciudad Real,En Comú Podem,0,0,NA,5,-,4,ancho,CIUDAD REAL
3263,generales_2019_11,provincia,Castilla-La Mancha,Ciudad Real,Ciudad Real,JxCat,0,0,NA,5,-,4,ancho,CIUDAD REAL
3263,generales_2019_11,provincia,Castilla-La Mancha,Ciudad Real,Ciudad Real,CUP,0,0,NA,5,-,4,ancho,CIUDAD REAL
3263,generales_2019_11,provincia,Castilla-La Mancha,Ciudad Real,Ciudad Real,PNV,0,0,NA,5,-,4,ancho,CIUDAD REAL
3263,generales_2019_11,provincia,Castilla-La Mancha,Ciudad Real,Ciudad Real,EH Bildu,0,0,NA,5,-,4,ancho,CIUDAD REAL
3263,generales_2019_11,provincia,Castilla-La Mancha,Ciudad Real,Ciudad Real,BNG,0,0,NA,5,-,4,ancho,CIUDAD REAL
3263,generales_2019_11,provincia,Castilla-La Mancha,Ciudad Real,Ciudad Real,En Común-Unidas Podemos,0,0,NA,5,-,4,ancho,CIUDAD REAL
3263,generales_2019_11,provincia,Castilla-La Mancha,Ciudad Real,Ciudad Real,Més Compromís,0,0,NA,5,-,4,ancho,CIUDAD REAL
3263,generales_2019_11,provincia,Castilla-La Mancha,Ciudad Real,Ciudad Real,NA+,0,0,NA,5,-,4,ancho,CIUDAD REAL
3263,generales_2019_11,provincia,Castilla-La Mancha,Ciudad Real,Ciudad Real,CCa-NC,0,0,NA,5,-,4,ancho,CIUDAD REAL
3263,generales_2019_11,provincia,Castilla-La Mancha,Ciudad Real,Ciudad Real,PRC,0,0,NA,5,-,4,ancho,CIUDAD REAL
3263,generales_2019_11,provincia,Castilla-La Mancha,Cuenca,Cuenca,PSOE,2,2,NA,3,2,4,ancho,CUENCA
3263,generales_2019_11,provincia,Castilla-La Mancha,Cuenca,Cuenca,PP,1,1,NA,3,1,4,ancho,CUENCA
3263,generales_2019_11,provincia,Castilla-La Mancha,Cuenca,Cuenca,ERC,0,0,NA,3,-,4,ancho,CUENCA
3263,generales_2019_11,provincia,Castilla-La Mancha,Cuenca,Cuenca,En Comú Podem,0,0,NA,3,-,4,ancho,CUENCA
3263,generales_2019_11,provincia,Castilla-La Mancha,Cuenca,Cuenca,JxCat,0,0,NA,3,-,4,ancho,CUENCA
3263,generales_2019_11,provincia,Castilla-La Mancha,Cuenca,Cuenca,CUP,0,0,NA,3,-,4,ancho,CUENCA
3263,generales_2019_11,provincia,Castilla-La Mancha,Cuenca,Cuenca,PNV,0,0,NA,3,-,4,ancho,CUENCA
3263,generales_2019_11,provincia,Castilla-La Mancha,Cuenca,Cuenca,EH Bildu,0,0,NA,3,-,4,ancho,CUENCA
3263,generales_2019_11,provincia,Castilla-La Mancha,Cuenca,Cuenca,BNG,0,0,NA,3,-,4,ancho,CUENCA
3263,generales_2019_11,provincia,Castilla-La Mancha,Cuenca,Cuenca,En Común-Unidas Podemos,0,0,NA,3,-,4,ancho,CUENCA
3263,generales_2019_11,provincia,Castilla-La Mancha,Cuenca,Cuenca,Més Compromís,0,0,NA,3,-,4,ancho,CUENCA
3263,generales_2019_11,provincia,Castilla-La Mancha,Cuenca,Cuenca,NA+,0,0,NA,3,-,4,ancho,CUENCA
3263,generales_2019_11,provincia,Castilla-La Mancha,Cuenca,Cuenca,CCa-NC,0,0,NA,3,-,4,ancho,CUENCA
3263,generales_2019_11,provincia,Castilla-La Mancha,Cuenca,Cuenca,PRC,0,0,NA,3,-,4,ancho,CUENCA
3263,generales_2019_11,provincia,Castilla-La Mancha,Guadalajara,Guadalajara,PSOE,1,2,NA,3,1-2,4,ancho,GUADALAJARA
3263,generales_2019_11,provincia,Castilla-La Mancha,Guadalajara,Guadalajara,PP,1,1,NA,3,1,4,ancho,GUADALAJARA
3263,generales_2019_11,provincia,Castilla-La Mancha,Guadalajara,Guadalajara,VOX,0,1,NA,3,0-1,4,ancho,GUADALAJARA
3263,generales_2019_11,provincia,Castilla-La Mancha,Guadalajara,Guadalajara,ERC,0,0,NA,3,-,4,ancho,GUADALAJARA
3263,generales_2019_11,provincia,Castilla-La Mancha,Guadalajara,Guadalajara,En Comú Podem,0,0,NA,3,-,4,ancho,GUADALAJARA
3263,generales_2019_11,provincia,Castilla-La Mancha,Guadalajara,Guadalajara,JxCat,0,0,NA,3,-,4,ancho,GUADALAJARA
3263,generales_2019_11,provincia,Castilla-La Mancha,Guadalajara,Guadalajara,CUP,0,0,NA,3,-,4,ancho,GUADALAJARA
3263,generales_2019_11,provincia,Castilla-La Mancha,Guadalajara,Guadalajara,PNV,0,0,NA,3,-,4,ancho,GUADALAJARA
3263,generales_2019_11,provincia,Castilla-La Mancha,Guadalajara,Guadalajara,EH Bildu,0,0,NA,3,-,4,ancho,GUADALAJARA
3263,generales_2019_11,provincia,Castilla-La Mancha,Guadalajara,Guadalajara,BNG,0,0,NA,3,-,4,ancho,GUADALAJARA
3263,generales_2019_11,provincia,Castilla-La Mancha,Guadalajara,Guadalajara,En Común-Unidas Podemos,0,0,NA,3,-,4,ancho,GUADALAJARA
3263,generales_2019_11,provincia,Castilla-La Mancha,Guadalajara,Guadalajara,Més Compromís,0,0,NA,3,-,4,ancho,GUADALAJARA
3263,generales_2019_11,provincia,Castilla-La Mancha,Guadalajara,Guadalajara,NA+,0,0,NA,3,-,4,ancho,GUADALAJARA
3263,generales_2019_11,provincia,Castilla-La Mancha,Guadalajara,Guadalajara,CCa-NC,0,0,NA,3,-,4,ancho,GUADALAJARA
3263,generales_2019_11,provincia,Castilla-La Mancha,Guadalajara,Guadalajara,PRC,0,0,NA,3,-,4,ancho,GUADALAJARA
3263,generales_2019_11,provincia,Castilla-La Mancha,Toledo,Toledo,PSOE,2,3,NA,6,2-3,4,ancho,TOLEDO
3263,generales_2019_11,provincia,Castilla-La Mancha,Toledo,Toledo,PP,2,2,NA,6,2,4,ancho,TOLEDO
3263,generales_2019_11,provincia,Castilla-La Mancha,Toledo,Toledo,C’s,0,1,NA,6,0-1,4,ancho,TOLEDO
3263,generales_2019_11,provincia,Castilla-La Mancha,Toledo,Toledo,VOX,1,1,NA,6,1,4,ancho,TOLEDO
3263,generales_2019_11,provincia,Castilla-La Mancha,Toledo,Toledo,ERC,0,0,NA,6,-,4,ancho,TOLEDO
3263,generales_2019_11,provincia,Castilla-La Mancha,Toledo,Toledo,En Comú Podem,0,0,NA,6,-,4,ancho,TOLEDO
3263,generales_2019_11,provincia,Castilla-La Mancha,Toledo,Toledo,JxCat,0,0,NA,6,-,4,ancho,TOLEDO
3263,generales_2019_11,provincia,Castilla-La Mancha,Toledo,Toledo,CUP,0,0,NA,6,-,4,ancho,TOLEDO
3263,generales_2019_11,provincia,Castilla-La Mancha,Toledo,Toledo,PNV,0,0,NA,6,-,4,ancho,TOLEDO
3263,generales_2019_11,provincia,Castilla-La Mancha,Toledo,Toledo,EH Bildu,0,0,NA,6,-,4,ancho,TOLEDO
3263,generales_2019_11,provincia,Castilla-La Mancha,Toledo,Toledo,BNG,0,0,NA,6,-,4,ancho,TOLEDO
3263,generales_2019_11,provincia,Castilla-La Mancha,Toledo,Toledo,En Común-Unidas Podemos,0,0,NA,6,-,4,ancho,TOLEDO
3263,generales_2019_11,provincia,Castilla-La Mancha,Toledo,Toledo,Més Compromís,0,0,NA,6,-,4,ancho,TOLEDO
3263,generales_2019_11,provincia,Castilla-La Mancha,Toledo,Toledo,NA+,0,0,NA,6,-,4,ancho,TOLEDO
3263,generales_2019_11,provincia,Castilla-La Mancha,Toledo,Toledo,CCa-NC,0,0,NA,6,-,4,ancho,TOLEDO
3263,generales_2019_11,provincia,Castilla-La Mancha,Toledo,Toledo,PRC,0,0,NA,6,-,4,ancho,TOLEDO
3263,generales_2019_11,provincia,Cataluña,Barcelona,Barcelona,PSOE,9,9,NA,32,9,4,ancho,BARCELONA
3263,generales_2019_11,provincia,Cataluña,Barcelona,Barcelona,PP,1,1,NA,32,1,4,ancho,BARCELONA
3263,generales_2019_11,provincia,Cataluña,Barcelona,Barcelona,C’s,2,2,NA,32,2,4,ancho,BARCELONA
3263,generales_2019_11,provincia,Cataluña,Barcelona,Barcelona,ERC,9,10,NA,32,9-10,4,ancho,BARCELONA
3263,generales_2019_11,provincia,Cataluña,Barcelona,Barcelona,En Comú Podem,6,7,NA,32,6-7,4,ancho,BARCELONA
3263,generales_2019_11,provincia,Cataluña,Barcelona,Barcelona,JxCat,3,3,NA,32,3,4,ancho,BARCELONA
3263,generales_2019_11,provincia,Cataluña,Barcelona,Barcelona,CUP,1,2,NA,32,1-2,4,ancho,BARCELONA
3263,generales_2019_11,provincia,Cataluña,Barcelona,Barcelona,PNV,0,0,NA,32,-,4,ancho,BARCELONA
3263,generales_2019_11,provincia,Cataluña,Barcelona,Barcelona,EH Bildu,0,0,NA,32,-,4,ancho,BARCELONA
3263,generales_2019_11,provincia,Cataluña,Barcelona,Barcelona,BNG,0,0,NA,32,-,4,ancho,BARCELONA
3263,generales_2019_11,provincia,Cataluña,Barcelona,Barcelona,En Común-Unidas Podemos,0,0,NA,32,-,4,ancho,BARCELONA
3263,generales_2019_11,provincia,Cataluña,Barcelona,Barcelona,Més Compromís,0,0,NA,32,-,4,ancho,BARCELONA
3263,generales_2019_11,provincia,Cataluña,Barcelona,Barcelona,NA+,0,0,NA,32,-,4,ancho,BARCELONA
3263,generales_2019_11,provincia,Cataluña,Barcelona,Barcelona,CCa-NC,0,0,NA,32,-,4,ancho,BARCELONA
3263,generales_2019_11,provincia,Cataluña,Barcelona,Barcelona,PRC,0,0,NA,32,-,4,ancho,BARCELONA
3263,generales_2019_11,provincia,Cataluña,Girona,Girona,PSOE,1,1,NA,6,1,4,ancho,GIRONA
3263,generales_2019_11,provincia,Cataluña,Girona,Girona,ERC,3,3,NA,6,3,4,ancho,GIRONA
3263,generales_2019_11,provincia,Cataluña,Girona,Girona,En Comú Podem,1,1,NA,6,1,4,ancho,GIRONA
3263,generales_2019_11,provincia,Cataluña,Girona,Girona,JxCat,1,1,NA,6,1,4,ancho,GIRONA
3263,generales_2019_11,provincia,Cataluña,Girona,Girona,PNV,0,0,NA,6,-,4,ancho,GIRONA
3263,generales_2019_11,provincia,Cataluña,Girona,Girona,EH Bildu,0,0,NA,6,-,4,ancho,GIRONA
3263,generales_2019_11,provincia,Cataluña,Girona,Girona,BNG,0,0,NA,6,-,4,ancho,GIRONA
3263,generales_2019_11,provincia,Cataluña,Girona,Girona,En Común-Unidas Podemos,0,0,NA,6,-,4,ancho,GIRONA
3263,generales_2019_11,provincia,Cataluña,Girona,Girona,Més Compromís,0,0,NA,6,-,4,ancho,GIRONA
3263,generales_2019_11,provincia,Cataluña,Girona,Girona,NA+,0,0,NA,6,-,4,ancho,GIRONA
3263,generales_2019_11,provincia,Cataluña,Girona,Girona,CCa-NC,0,0,NA,6,-,4,ancho,GIRONA
3263,generales_2019_11,provincia,Cataluña,Girona,Girona,PRC,0,0,NA,6,-,4,ancho,GIRONA
3263,generales_2019_11,provincia,Cataluña,Lleida,Lleida,PSOE,1,1,NA,4,1,4,ancho,LLEIDA
3263,generales_2019_11,provincia,Cataluña,Lleida,Lleida,ERC,2,3,NA,4,2-3,4,ancho,LLEIDA
3263,generales_2019_11,provincia,Cataluña,Lleida,Lleida,JxCat,0,1,NA,4,0-1,4,ancho,LLEIDA
3263,generales_2019_11,provincia,Cataluña,Lleida,Lleida,PNV,0,0,NA,4,-,4,ancho,LLEIDA
3263,generales_2019_11,provincia,Cataluña,Lleida,Lleida,EH Bildu,0,0,NA,4,-,4,ancho,LLEIDA
3263,generales_2019_11,provincia,Cataluña,Lleida,Lleida,BNG,0,0,NA,4,-,4,ancho,LLEIDA
3263,generales_2019_11,provincia,Cataluña,Lleida,Lleida,En Común-Unidas Podemos,0,0,NA,4,-,4,ancho,LLEIDA
3263,generales_2019_11,provincia,Cataluña,Lleida,Lleida,Més Compromís,0,0,NA,4,-,4,ancho,LLEIDA
3263,generales_2019_11,provincia,Cataluña,Lleida,Lleida,NA+,0,0,NA,4,-,4,ancho,LLEIDA
3263,generales_2019_11,provincia,Cataluña,Lleida,Lleida,CCa-NC,0,0,NA,4,-,4,ancho,LLEIDA
3263,generales_2019_11,provincia,Cataluña,Lleida,Lleida,PRC,0,0,NA,4,-,4,ancho,LLEIDA
3263,generales_2019_11,provincia,Cataluña,Tarragona,Tarragona,PSOE,2,3,NA,6,2-3,4,ancho,TARRAGONA
3263,generales_2019_11,provincia,Cataluña,Tarragona,Tarragona,ERC,2,2,NA,6,2,4,ancho,TARRAGONA
3263,generales_2019_11,provincia,Cataluña,Tarragona,Tarragona,En Comú Podem,1,1,NA,6,1,4,ancho,TARRAGONA
3263,generales_2019_11,provincia,Cataluña,Tarragona,Tarragona,JxCat,0,1,NA,6,0-1,4,ancho,TARRAGONA
3263,generales_2019_11,provincia,Cataluña,Tarragona,Tarragona,PNV,0,0,NA,6,-,4,ancho,TARRAGONA
3263,generales_2019_11,provincia,Cataluña,Tarragona,Tarragona,EH Bildu,0,0,NA,6,-,4,ancho,TARRAGONA
3263,generales_2019_11,provincia,Cataluña,Tarragona,Tarragona,BNG,0,0,NA,6,-,4,ancho,TARRAGONA
3263,generales_2019_11,provincia,Cataluña,Tarragona,Tarragona,En Común-Unidas Podemos,0,0,NA,6,-,4,ancho,TARRAGONA
3263,generales_2019_11,provincia,Cataluña,Tarragona,Tarragona,Més Compromís,0,0,NA,6,-,4,ancho,TARRAGONA
3263,generales_2019_11,provincia,Cataluña,Tarragona,Tarragona,NA+,0,0,NA,6,-,4,ancho,TARRAGONA
3263,generales_2019_11,provincia,Cataluña,Tarragona,Tarragona,CCa-NC,0,0,NA,6,-,4,ancho,TARRAGONA
3263,generales_2019_11,provincia,Cataluña,Tarragona,Tarragona,PRC,0,0,NA,6,-,4,ancho,TARRAGONA
3263,generales_2019_11,provincia,Ceuta,Ceuta,Ceuta,PSOE,1,1,NA,1,1,4,ancho,CEUTA
3263,generales_2019_11,provincia,Ceuta,Ceuta,Ceuta,ERC,0,0,NA,1,-,4,ancho,CEUTA
3263,generales_2019_11,provincia,Ceuta,Ceuta,Ceuta,En Comú Podem,0,0,NA,1,-,4,ancho,CEUTA
3263,generales_2019_11,provincia,Ceuta,Ceuta,Ceuta,JxCat,0,0,NA,1,-,4,ancho,CEUTA
3263,generales_2019_11,provincia,Ceuta,Ceuta,Ceuta,CUP,0,0,NA,1,-,4,ancho,CEUTA
3263,generales_2019_11,provincia,Ceuta,Ceuta,Ceuta,PNV,0,0,NA,1,-,4,ancho,CEUTA
3263,generales_2019_11,provincia,Ceuta,Ceuta,Ceuta,EH Bildu,0,0,NA,1,-,4,ancho,CEUTA
3263,generales_2019_11,provincia,Ceuta,Ceuta,Ceuta,BNG,0,0,NA,1,-,4,ancho,CEUTA
3263,generales_2019_11,provincia,Ceuta,Ceuta,Ceuta,En Común-Unidas Podemos,0,0,NA,1,-,4,ancho,CEUTA
3263,generales_2019_11,provincia,Ceuta,Ceuta,Ceuta,Més Compromís,0,0,NA,1,-,4,ancho,CEUTA
3263,generales_2019_11,provincia,Ceuta,Ceuta,Ceuta,NA+,0,0,NA,1,-,4,ancho,CEUTA
3263,generales_2019_11,provincia,Ceuta,Ceuta,Ceuta,CCa-NC,0,0,NA,1,-,4,ancho,CEUTA
3263,generales_2019_11,provincia,Ceuta,Ceuta,Ceuta,PRC,0,0,NA,1,-,4,ancho,CEUTA
3263,generales_2019_11,provincia,Comunitat Valenciana,Alicante,Alicante,PSOE,4,5,NA,12,4-5,4,ancho,ALICANTE
3263,generales_2019_11,provincia,Comunitat Valenciana,Alicante,Alicante,PP,3,3,NA,12,3,4,ancho,ALICANTE
3263,generales_2019_11,provincia,Comunitat Valenciana,Alicante,Alicante,C’s,2,2,NA,12,2,4,ancho,ALICANTE
3263,generales_2019_11,provincia,Comunitat Valenciana,Alicante,Alicante,UP,1,2,NA,12,1-2,4,ancho,ALICANTE
3263,generales_2019_11,provincia,Comunitat Valenciana,Alicante,Alicante,VOX,1,1,NA,12,1,4,ancho,ALICANTE
3263,generales_2019_11,provincia,Comunitat Valenciana,Alicante,Alicante,Más país,0,0,NA,12,-,4,ancho,ALICANTE
3263,generales_2019_11,provincia,Comunitat Valenciana,Alicante,Alicante,ERC,0,0,NA,12,-,4,ancho,ALICANTE
3263,generales_2019_11,provincia,Comunitat Valenciana,Alicante,Alicante,En Comú Podem,0,0,NA,12,-,4,ancho,ALICANTE
3263,generales_2019_11,provincia,Comunitat Valenciana,Alicante,Alicante,JxCat,0,0,NA,12,-,4,ancho,ALICANTE
3263,generales_2019_11,provincia,Comunitat Valenciana,Alicante,Alicante,CUP,0,0,NA,12,-,4,ancho,ALICANTE
3263,generales_2019_11,provincia,Comunitat Valenciana,Alicante,Alicante,PNV,0,0,NA,12,-,4,ancho,ALICANTE
3263,generales_2019_11,provincia,Comunitat Valenciana,Alicante,Alicante,EH Bildu,0,0,NA,12,-,4,ancho,ALICANTE
3263,generales_2019_11,provincia,Comunitat Valenciana,Alicante,Alicante,BNG,0,0,NA,12,-,4,ancho,ALICANTE
3263,generales_2019_11,provincia,Comunitat Valenciana,Alicante,Alicante,En Común-Unidas Podemos,0,0,NA,12,-,4,ancho,ALICANTE
3263,generales_2019_11,provincia,Comunitat Valenciana,Alicante,Alicante,NA+,0,0,NA,12,-,4,ancho,ALICANTE
3263,generales_2019_11,provincia,Comunitat Valenciana,Alicante,Alicante,CCa-NC,0,0,NA,12,-,4,ancho,ALICANTE
3263,generales_2019_11,provincia,Comunitat Valenciana,Alicante,Alicante,PRC,0,0,NA,12,-,4,ancho,ALICANTE
3263,generales_2019_11,provincia,Comunitat Valenciana,Castellón,Castellón,PSOE,2,2,NA,5,2,4,ancho,CASTELLÓN
3263,generales_2019_11,provincia,Comunitat Valenciana,Castellón,Castellón,PP,2,2,NA,5,2,4,ancho,CASTELLÓN
3263,generales_2019_11,provincia,Comunitat Valenciana,Castellón,Castellón,UP,1,1,NA,5,1,4,ancho,CASTELLÓN
3263,generales_2019_11,provincia,Comunitat Valenciana,Castellón,Castellón,Más país,0,0,NA,5,-,4,ancho,CASTELLÓN
3263,generales_2019_11,provincia,Comunitat Valenciana,Castellón,Castellón,ERC,0,0,NA,5,-,4,ancho,CASTELLÓN
3263,generales_2019_11,provincia,Comunitat Valenciana,Castellón,Castellón,En Comú Podem,0,0,NA,5,-,4,ancho,CASTELLÓN
3263,generales_2019_11,provincia,Comunitat Valenciana,Castellón,Castellón,JxCat,0,0,NA,5,-,4,ancho,CASTELLÓN
3263,generales_2019_11,provincia,Comunitat Valenciana,Castellón,Castellón,CUP,0,0,NA,5,-,4,ancho,CASTELLÓN
3263,generales_2019_11,provincia,Comunitat Valenciana,Castellón,Castellón,PNV,0,0,NA,5,-,4,ancho,CASTELLÓN
3263,generales_2019_11,provincia,Comunitat Valenciana,Castellón,Castellón,EH Bildu,0,0,NA,5,-,4,ancho,CASTELLÓN
3263,generales_2019_11,provincia,Comunitat Valenciana,Castellón,Castellón,BNG,0,0,NA,5,-,4,ancho,CASTELLÓN
3263,generales_2019_11,provincia,Comunitat Valenciana,Castellón,Castellón,En Común-Unidas Podemos,0,0,NA,5,-,4,ancho,CASTELLÓN
3263,generales_2019_11,provincia,Comunitat Valenciana,Castellón,Castellón,NA+,0,0,NA,5,-,4,ancho,CASTELLÓN
3263,generales_2019_11,provincia,Comunitat Valenciana,Castellón,Castellón,CCa-NC,0,0,NA,5,-,4,ancho,CASTELLÓN
3263,generales_2019_11,provincia,Comunitat Valenciana,Castellón,Castellón,PRC,0,0,NA,5,-,4,ancho,CASTELLÓN
3263,generales_2019_11,provincia,Comunitat Valenciana,Valencia,Valencia,PSOE,4,5,NA,15,4-5,4,ancho,VALENCIA
3263,generales_2019_11,provincia,Comunitat Valenciana,Valencia,Valencia,PP,2,3,NA,15,2-3,4,ancho,VALENCIA
3263,generales_2019_11,provincia,Comunitat Valenciana,Valencia,Valencia,C’s,2,2,NA,15,2,4,ancho,VALENCIA
3263,generales_2019_11,provincia,Comunitat Valenciana,Valencia,Valencia,UP,2,3,NA,15,2-3,4,ancho,VALENCIA
3263,generales_2019_11,provincia,Comunitat Valenciana,Valencia,Valencia,VOX,1,2,NA,15,1-2,4,ancho,VALENCIA
3263,generales_2019_11,provincia,Comunitat Valenciana,Valencia,Valencia,Más país,0,0,NA,15,-,4,ancho,VALENCIA
3263,generales_2019_11,provincia,Comunitat Valenciana,Valencia,Valencia,ERC,0,0,NA,15,-,4,ancho,VALENCIA
3263,generales_2019_11,provincia,Comunitat Valenciana,Valencia,Valencia,En Comú Podem,0,0,NA,15,-,4,ancho,VALENCIA
3263,generales_2019_11,provincia,Comunitat Valenciana,Valencia,Valencia,JxCat,0,0,NA,15,-,4,ancho,VALENCIA
3263,generales_2019_11,provincia,Comunitat Valenciana,Valencia,Valencia,CUP,0,0,NA,15,-,4,ancho,VALENCIA
3263,generales_2019_11,provincia,Comunitat Valenciana,Valencia,Valencia,PNV,0,0,NA,15,-,4,ancho,VALENCIA
3263,generales_2019_11,provincia,Comunitat Valenciana,Valencia,Valencia,EH Bildu,0,0,NA,15,-,4,ancho,VALENCIA
3263,generales_2019_11,provincia,Comunitat Valenciana,Valencia,Valencia,BNG,0,0,NA,15,-,4,ancho,VALENCIA
3263,generales_2019_11,provincia,Comunitat Valenciana,Valencia,Valencia,En Común-Unidas Podemos,0,0,NA,15,-,4,ancho,VALENCIA
3263,generales_2019_11,provincia,Comunitat Valenciana,Valencia,Valencia,Més Compromís,1,2,NA,15,1-2,4,ancho,VALENCIA
3263,generales_2019_11,provincia,Comunitat Valenciana,Valencia,Valencia,NA+,0,0,NA,15,-,4,ancho,VALENCIA
3263,generales_2019_11,provincia,Comunitat Valenciana,Valencia,Valencia,CCa-NC,0,0,NA,15,-,4,ancho,VALENCIA
3263,generales_2019_11,provincia,Comunitat Valenciana,Valencia,Valencia,PRC,0,0,NA,15,-,4,ancho,VALENCIA
3263,generales_2019_11,provincia,Extremadura,Badajoz,Badajoz,PSOE,3,4,NA,6,3-4,4,ancho,BADAJOZ
3263,generales_2019_11,provincia,Extremadura,Badajoz,Badajoz,PP,1,2,NA,6,1-2,4,ancho,BADAJOZ
3263,generales_2019_11,provincia,Extremadura,Badajoz,Badajoz,C’s,1,1,NA,6,1,4,ancho,BADAJOZ
3263,generales_2019_11,provincia,Extremadura,Badajoz,Badajoz,ERC,0,0,NA,6,-,4,ancho,BADAJOZ
3263,generales_2019_11,provincia,Extremadura,Badajoz,Badajoz,En Comú Podem,0,0,NA,6,-,4,ancho,BADAJOZ
3263,generales_2019_11,provincia,Extremadura,Badajoz,Badajoz,JxCat,0,0,NA,6,-,4,ancho,BADAJOZ
3263,generales_2019_11,provincia,Extremadura,Badajoz,Badajoz,CUP,0,0,NA,6,-,4,ancho,BADAJOZ
3263,generales_2019_11,provincia,Extremadura,Badajoz,Badajoz,PNV,0,0,NA,6,-,4,ancho,BADAJOZ
3263,generales_2019_11,provincia,Extremadura,Badajoz,Badajoz,EH Bildu,0,0,NA,6,-,4,ancho,BADAJOZ
3263,generales_2019_11,provincia,Extremadura,Badajoz,Badajoz,BNG,0,0,NA,6,-,4,ancho,BADAJOZ
3263,generales_2019_11,provincia,Extremadura,Badajoz,Badajoz,En Común-Unidas Podemos,0,0,NA,6,-,4,ancho,BADAJOZ
3263,generales_2019_11,provincia,Extremadura,Badajoz,Badajoz,Més Compromís,0,0,NA,6,-,4,ancho,BADAJOZ
3263,generales_2019_11,provincia,Extremadura,Badajoz,Badajoz,NA+,0,0,NA,6,-,4,ancho,BADAJOZ
3263,generales_2019_11,provincia,Extremadura,Badajoz,Badajoz,CCa-NC,0,0,NA,6,-,4,ancho,BADAJOZ
3263,generales_2019_11,provincia,Extremadura,Badajoz,Badajoz,PRC,0,0,NA,6,-,4,ancho,BADAJOZ
3263,generales_2019_11,provincia,Extremadura,Cáceres,Cáceres,PSOE,3,3,NA,4,3,4,ancho,CÁCERES
3263,generales_2019_11,provincia,Extremadura,Cáceres,Cáceres,PP,1,1,NA,4,1,4,ancho,CÁCERES
3263,generales_2019_11,provincia,Extremadura,Cáceres,Cáceres,ERC,0,0,NA,4,-,4,ancho,CÁCERES
3263,generales_2019_11,provincia,Extremadura,Cáceres,Cáceres,En Comú Podem,0,0,NA,4,-,4,ancho,CÁCERES
3263,generales_2019_11,provincia,Extremadura,Cáceres,Cáceres,JxCat,0,0,NA,4,-,4,ancho,CÁCERES
3263,generales_2019_11,provincia,Extremadura,Cáceres,Cáceres,CUP,0,0,NA,4,-,4,ancho,CÁCERES
3263,generales_2019_11,provincia,Extremadura,Cáceres,Cáceres,PNV,0,0,NA,4,-,4,ancho,CÁCERES
3263,generales_2019_11,provincia,Extremadura,Cáceres,Cáceres,EH Bildu,0,0,NA,4,-,4,ancho,CÁCERES
3263,generales_2019_11,provincia,Extremadura,Cáceres,Cáceres,BNG,0,0,NA,4,-,4,ancho,CÁCERES
3263,generales_2019_11,provincia,Extremadura,Cáceres,Cáceres,En Común-Unidas Podemos,0,0,NA,4,-,4,ancho,CÁCERES
3263,generales_2019_11,provincia,Extremadura,Cáceres,Cáceres,Més Compromís,0,0,NA,4,-,4,ancho,CÁCERES
3263,generales_2019_11,provincia,Extremadura,Cáceres,Cáceres,NA+,0,0,NA,4,-,4,ancho,CÁCERES
3263,generales_2019_11,provincia,Extremadura,Cáceres,Cáceres,CCa-NC,0,0,NA,4,-,4,ancho,CÁCERES
3263,generales_2019_11,provincia,Extremadura,Cáceres,Cáceres,PRC,0,0,NA,4,-,4,ancho,CÁCERES
3263,generales_2019_11,provincia,Galicia,A Coruña,A Coruña,PSOE,3,4,NA,8,3-4,4,ancho,A CORUÑA
3263,generales_2019_11,provincia,Galicia,A Coruña,A Coruña,PP,3,3,NA,8,3,4,ancho,A CORUÑA
3263,generales_2019_11,provincia,Galicia,A Coruña,A Coruña,ERC,0,0,NA,8,-,4,ancho,A CORUÑA
3263,generales_2019_11,provincia,Galicia,A Coruña,A Coruña,En Comú Podem,0,0,NA,8,-,4,ancho,A CORUÑA
3263,generales_2019_11,provincia,Galicia,A Coruña,A Coruña,JxCat,0,0,NA,8,-,4,ancho,A CORUÑA
3263,generales_2019_11,provincia,Galicia,A Coruña,A Coruña,CUP,0,0,NA,8,-,4,ancho,A CORUÑA
3263,generales_2019_11,provincia,Galicia,A Coruña,A Coruña,PNV,0,0,NA,8,-,4,ancho,A CORUÑA
3263,generales_2019_11,provincia,Galicia,A Coruña,A Coruña,EH Bildu,0,0,NA,8,-,4,ancho,A CORUÑA
3263,generales_2019_11,provincia,Galicia,A Coruña,A Coruña,En Común-Unidas Podemos,1,2,NA,8,1-2,4,ancho,A CORUÑA
3263,generales_2019_11,provincia,Galicia,A Coruña,A Coruña,Més Compromís,0,0,NA,8,-,4,ancho,A CORUÑA
3263,generales_2019_11,provincia,Galicia,A Coruña,A Coruña,NA+,0,0,NA,8,-,4,ancho,A CORUÑA
3263,generales_2019_11,provincia,Galicia,A Coruña,A Coruña,CCa-NC,0,0,NA,8,-,4,ancho,A CORUÑA
3263,generales_2019_11,provincia,Galicia,A Coruña,A Coruña,PRC,0,0,NA,8,-,4,ancho,A CORUÑA
3263,generales_2019_11,provincia,Galicia,Lugo,Lugo,PSOE,2,2,NA,4,2,4,ancho,LUGO
3263,generales_2019_11,provincia,Galicia,Lugo,Lugo,PP,2,2,NA,4,2,4,ancho,LUGO
3263,generales_2019_11,provincia,Galicia,Lugo,Lugo,ERC,0,0,NA,4,-,4,ancho,LUGO
3263,generales_2019_11,provincia,Galicia,Lugo,Lugo,En Comú Podem,0,0,NA,4,-,4,ancho,LUGO
3263,generales_2019_11,provincia,Galicia,Lugo,Lugo,JxCat,0,0,NA,4,-,4,ancho,LUGO
3263,generales_2019_11,provincia,Galicia,Lugo,Lugo,CUP,0,0,NA,4,-,4,ancho,LUGO
3263,generales_2019_11,provincia,Galicia,Lugo,Lugo,PNV,0,0,NA,4,-,4,ancho,LUGO
3263,generales_2019_11,provincia,Galicia,Lugo,Lugo,EH Bildu,0,0,NA,4,-,4,ancho,LUGO
3263,generales_2019_11,provincia,Galicia,Lugo,Lugo,Més Compromís,0,0,NA,4,-,4,ancho,LUGO
3263,generales_2019_11,provincia,Galicia,Lugo,Lugo,NA+,0,0,NA,4,-,4,ancho,LUGO
3263,generales_2019_11,provincia,Galicia,Lugo,Lugo,CCa-NC,0,0,NA,4,-,4,ancho,LUGO
3263,generales_2019_11,provincia,Galicia,Lugo,Lugo,PRC,0,0,NA,4,-,4,ancho,LUGO
3263,generales_2019_11,provincia,Galicia,Ourense,Ourense,PSOE,2,2,NA,4,2,4,ancho,OURENSE
3263,generales_2019_11,provincia,Galicia,Ourense,Ourense,PP,2,2,NA,4,2,4,ancho,OURENSE
3263,generales_2019_11,provincia,Galicia,Ourense,Ourense,ERC,0,0,NA,4,-,4,ancho,OURENSE
3263,generales_2019_11,provincia,Galicia,Ourense,Ourense,En Comú Podem,0,0,NA,4,-,4,ancho,OURENSE
3263,generales_2019_11,provincia,Galicia,Ourense,Ourense,JxCat,0,0,NA,4,-,4,ancho,OURENSE
3263,generales_2019_11,provincia,Galicia,Ourense,Ourense,CUP,0,0,NA,4,-,4,ancho,OURENSE
3263,generales_2019_11,provincia,Galicia,Ourense,Ourense,PNV,0,0,NA,4,-,4,ancho,OURENSE
3263,generales_2019_11,provincia,Galicia,Ourense,Ourense,EH Bildu,0,0,NA,4,-,4,ancho,OURENSE
3263,generales_2019_11,provincia,Galicia,Ourense,Ourense,Més Compromís,0,0,NA,4,-,4,ancho,OURENSE
3263,generales_2019_11,provincia,Galicia,Ourense,Ourense,NA+,0,0,NA,4,-,4,ancho,OURENSE
3263,generales_2019_11,provincia,Galicia,Ourense,Ourense,CCa-NC,0,0,NA,4,-,4,ancho,OURENSE
3263,generales_2019_11,provincia,Galicia,Ourense,Ourense,PRC,0,0,NA,4,-,4,ancho,OURENSE
3263,generales_2019_11,provincia,Galicia,Pontevedra,Pontevedra,PSOE,3,3,NA,7,3,4,ancho,PONTEVEDRA
3263,generales_2019_11,provincia,Galicia,Pontevedra,Pontevedra,PP,2,2,NA,7,2,4,ancho,PONTEVEDRA
3263,generales_2019_11,provincia,Galicia,Pontevedra,Pontevedra,C’s,1,1,NA,7,1,4,ancho,PONTEVEDRA
3263,generales_2019_11,provincia,Galicia,Pontevedra,Pontevedra,ERC,0,0,NA,7,-,4,ancho,PONTEVEDRA
3263,generales_2019_11,provincia,Galicia,Pontevedra,Pontevedra,En Comú Podem,0,0,NA,7,-,4,ancho,PONTEVEDRA
3263,generales_2019_11,provincia,Galicia,Pontevedra,Pontevedra,JxCat,0,0,NA,7,-,4,ancho,PONTEVEDRA
3263,generales_2019_11,provincia,Galicia,Pontevedra,Pontevedra,CUP,0,0,NA,7,-,4,ancho,PONTEVEDRA
3263,generales_2019_11,provincia,Galicia,Pontevedra,Pontevedra,PNV,0,0,NA,7,-,4,ancho,PONTEVEDRA
3263,generales_2019_11,provincia,Galicia,Pontevedra,Pontevedra,EH Bildu,0,0,NA,7,-,4,ancho,PONTEVEDRA
3263,generales_2019_11,provincia,Galicia,Pontevedra,Pontevedra,En Común-Unidas Podemos,1,1,NA,7,1,4,ancho,PONTEVEDRA
3263,generales_2019_11,provincia,Galicia,Pontevedra,Pontevedra,Més Compromís,0,0,NA,7,-,4,ancho,PONTEVEDRA
3263,generales_2019_11,provincia,Galicia,Pontevedra,Pontevedra,NA+,0,0,NA,7,-,4,ancho,PONTEVEDRA
3263,generales_2019_11,provincia,Galicia,Pontevedra,Pontevedra,CCa-NC,0,0,NA,7,-,4,ancho,PONTEVEDRA
3263,generales_2019_11,provincia,Galicia,Pontevedra,Pontevedra,PRC,0,0,NA,7,-,4,ancho,PONTEVEDRA
3263,generales_2019_11,provincia,La Rioja,La Rioja,La Rioja,PSOE,2,2,NA,4,2,4,ancho,LA RIOJA
3263,generales_2019_11,provincia,La Rioja,La Rioja,La Rioja,PP,2,2,NA,4,2,4,ancho,LA RIOJA
3263,generales_2019_11,provincia,La Rioja,La Rioja,La Rioja,ERC,0,0,NA,4,-,4,ancho,LA RIOJA
3263,generales_2019_11,provincia,La Rioja,La Rioja,La Rioja,En Comú Podem,0,0,NA,4,-,4,ancho,LA RIOJA
3263,generales_2019_11,provincia,La Rioja,La Rioja,La Rioja,JxCat,0,0,NA,4,-,4,ancho,LA RIOJA
3263,generales_2019_11,provincia,La Rioja,La Rioja,La Rioja,CUP,0,0,NA,4,-,4,ancho,LA RIOJA
3263,generales_2019_11,provincia,La Rioja,La Rioja,La Rioja,PNV,0,0,NA,4,-,4,ancho,LA RIOJA
3263,generales_2019_11,provincia,La Rioja,La Rioja,La Rioja,EH Bildu,0,0,NA,4,-,4,ancho,LA RIOJA
3263,generales_2019_11,provincia,La Rioja,La Rioja,La Rioja,BNG,0,0,NA,4,-,4,ancho,LA RIOJA
3263,generales_2019_11,provincia,La Rioja,La Rioja,La Rioja,En Común-Unidas Podemos,0,0,NA,4,-,4,ancho,LA RIOJA
3263,generales_2019_11,provincia,La Rioja,La Rioja,La Rioja,Més Compromís,0,0,NA,4,-,4,ancho,LA RIOJA
3263,generales_2019_11,provincia,La Rioja,La Rioja,La Rioja,NA+,0,0,NA,4,-,4,ancho,LA RIOJA
3263,generales_2019_11,provincia,La Rioja,La Rioja,La Rioja,CCa-NC,0,0,NA,4,-,4,ancho,LA RIOJA
3263,generales_2019_11,provincia,La Rioja,La Rioja,La Rioja,PRC,0,0,NA,4,-,4,ancho,LA RIOJA
3263,generales_2019_11,provincia,Comunidad de Madrid,Madrid,Madrid,PSOE,11,12,NA,37,11-12,4,ancho,MADRID
3263,generales_2019_11,provincia,Comunidad de Madrid,Madrid,Madrid,PP,8,9,NA,37,8-9,4,ancho,MADRID
3263,generales_2019_11,provincia,Comunidad de Madrid,Madrid,Madrid,C’s,5,6,NA,37,5-6,4,ancho,MADRID
3263,generales_2019_11,provincia,Comunidad de Madrid,Madrid,Madrid,UP,5,6,NA,37,5-6,4,ancho,MADRID
3263,generales_2019_11,provincia,Comunidad de Madrid,Madrid,Madrid,VOX,4,5,NA,37,4-5,4,ancho,MADRID
3263,generales_2019_11,provincia,Comunidad de Madrid,Madrid,Madrid,Más país,2,2,NA,37,2,4,ancho,MADRID
3263,generales_2019_11,provincia,Comunidad de Madrid,Madrid,Madrid,ERC,0,0,NA,37,-,4,ancho,MADRID
3263,generales_2019_11,provincia,Comunidad de Madrid,Madrid,Madrid,En Comú Podem,0,0,NA,37,-,4,ancho,MADRID
3263,generales_2019_11,provincia,Comunidad de Madrid,Madrid,Madrid,JxCat,0,0,NA,37,-,4,ancho,MADRID
3263,generales_2019_11,provincia,Comunidad de Madrid,Madrid,Madrid,CUP,0,0,NA,37,-,4,ancho,MADRID
3263,generales_2019_11,provincia,Comunidad de Madrid,Madrid,Madrid,PNV,0,0,NA,37,-,4,ancho,MADRID
3263,generales_2019_11,provincia,Comunidad de Madrid,Madrid,Madrid,EH Bildu,0,0,NA,37,-,4,ancho,MADRID
3263,generales_2019_11,provincia,Comunidad de Madrid,Madrid,Madrid,BNG,0,0,NA,37,-,4,ancho,MADRID
3263,generales_2019_11,provincia,Comunidad de Madrid,Madrid,Madrid,En Común-Unidas Podemos,0,0,NA,37,-,4,ancho,MADRID
3263,generales_2019_11,provincia,Comunidad de Madrid,Madrid,Madrid,Més Compromís,0,0,NA,37,-,4,ancho,MADRID
3263,generales_2019_11,provincia,Comunidad de Madrid,Madrid,Madrid,NA+,0,0,NA,37,-,4,ancho,MADRID
3263,generales_2019_11,provincia,Comunidad de Madrid,Madrid,Madrid,CCa-NC,0,0,NA,37,-,4,ancho,MADRID
3263,generales_2019_11,provincia,Comunidad de Madrid,Madrid,Madrid,PRC,0,0,NA,37,-,4,ancho,MADRID
3263,generales_2019_11,provincia,Melilla,Melilla,Melilla,PP,1,1,NA,1,1,4,ancho,MELILLA
3263,generales_2019_11,provincia,Melilla,Melilla,Melilla,ERC,0,0,NA,1,-,4,ancho,MELILLA
3263,generales_2019_11,provincia,Melilla,Melilla,Melilla,En Comú Podem,0,0,NA,1,-,4,ancho,MELILLA
3263,generales_2019_11,provincia,Melilla,Melilla,Melilla,JxCat,0,0,NA,1,-,4,ancho,MELILLA
3263,generales_2019_11,provincia,Melilla,Melilla,Melilla,CUP,0,0,NA,1,-,4,ancho,MELILLA
3263,generales_2019_11,provincia,Melilla,Melilla,Melilla,PNV,0,0,NA,1,-,4,ancho,MELILLA
3263,generales_2019_11,provincia,Melilla,Melilla,Melilla,EH Bildu,0,0,NA,1,-,4,ancho,MELILLA
3263,generales_2019_11,provincia,Melilla,Melilla,Melilla,BNG,0,0,NA,1,-,4,ancho,MELILLA
3263,generales_2019_11,provincia,Melilla,Melilla,Melilla,En Común-Unidas Podemos,0,0,NA,1,-,4,ancho,MELILLA
3263,generales_2019_11,provincia,Melilla,Melilla,Melilla,Més Compromís,0,0,NA,1,-,4,ancho,MELILLA
3263,generales_2019_11,provincia,Melilla,Melilla,Melilla,NA+,0,0,NA,1,-,4,ancho,MELILLA
3263,generales_2019_11,provincia,Melilla,Melilla,Melilla,CCa-NC,0,0,NA,1,-,4,ancho,MELILLA
3263,generales_2019_11,provincia,Melilla,Melilla,Melilla,PRC,0,0,NA,1,-,4,ancho,MELILLA
3263,generales_2019_11,provincia,Navarra,Navarra,Navarra,PSOE,1,1,NA,5,1,4,ancho,NAVARRA
3263,generales_2019_11,provincia,Navarra,Navarra,Navarra,PP,0,0,NA,5,-,4,ancho,NAVARRA
3263,generales_2019_11,provincia,Navarra,Navarra,Navarra,C’s,0,0,NA,5,-,4,ancho,NAVARRA
3263,generales_2019_11,provincia,Navarra,Navarra,Navarra,UP,1,1,NA,5,1,4,ancho,NAVARRA
3263,generales_2019_11,provincia,Navarra,Navarra,Navarra,ERC,0,0,NA,5,-,4,ancho,NAVARRA
3263,generales_2019_11,provincia,Navarra,Navarra,Navarra,En Comú Podem,0,0,NA,5,-,4,ancho,NAVARRA
3263,generales_2019_11,provincia,Navarra,Navarra,Navarra,JxCat,0,0,NA,5,-,4,ancho,NAVARRA
3263,generales_2019_11,provincia,Navarra,Navarra,Navarra,CUP,0,0,NA,5,-,4,ancho,NAVARRA
3263,generales_2019_11,provincia,Navarra,Navarra,Navarra,PNV,0,0,NA,5,-,4,ancho,NAVARRA
3263,generales_2019_11,provincia,Navarra,Navarra,Navarra,EH Bildu,1,1,NA,5,1,4,ancho,NAVARRA
3263,generales_2019_11,provincia,Navarra,Navarra,Navarra,BNG,0,0,NA,5,-,4,ancho,NAVARRA
3263,generales_2019_11,provincia,Navarra,Navarra,Navarra,En Común-Unidas Podemos,0,0,NA,5,-,4,ancho,NAVARRA
3263,generales_2019_11,provincia,Navarra,Navarra,Navarra,Més Compromís,0,0,NA,5,-,4,ancho,NAVARRA
3263,generales_2019_11,provincia,Navarra,Navarra,Navarra,NA+,2,2,NA,5,2,4,ancho,NAVARRA
3263,generales_2019_11,provincia,Navarra,Navarra,Navarra,CCa-NC,0,0,NA,5,-,4,ancho,NAVARRA
3263,generales_2019_11,provincia,Navarra,Navarra,Navarra,PRC,0,0,NA,5,-,4,ancho,NAVARRA
3263,generales_2019_11,provincia,País Vasco,Álava,Álava,PSOE,1,1,NA,4,1,4,ancho,ARABA-ÁLAVA
3263,generales_2019_11,provincia,País Vasco,Álava,Álava,UP,1,1,NA,4,1,4,ancho,ARABA-ÁLAVA
3263,generales_2019_11,provincia,País Vasco,Álava,Álava,ERC,0,0,NA,4,-,4,ancho,ARABA-ÁLAVA
3263,generales_2019_11,provincia,País Vasco,Álava,Álava,En Comú Podem,0,0,NA,4,-,4,ancho,ARABA-ÁLAVA
3263,generales_2019_11,provincia,País Vasco,Álava,Álava,JxCat,0,0,NA,4,-,4,ancho,ARABA-ÁLAVA
3263,generales_2019_11,provincia,País Vasco,Álava,Álava,CUP,0,0,NA,4,-,4,ancho,ARABA-ÁLAVA
3263,generales_2019_11,provincia,País Vasco,Álava,Álava,PNV,1,1,NA,4,1,4,ancho,ARABA-ÁLAVA
3263,generales_2019_11,provincia,País Vasco,Álava,Álava,EH Bildu,1,1,NA,4,1,4,ancho,ARABA-ÁLAVA
3263,generales_2019_11,provincia,País Vasco,Álava,Álava,BNG,0,0,NA,4,-,4,ancho,ARABA-ÁLAVA
3263,generales_2019_11,provincia,País Vasco,Álava,Álava,En Común-Unidas Podemos,0,0,NA,4,-,4,ancho,ARABA-ÁLAVA
3263,generales_2019_11,provincia,País Vasco,Álava,Álava,Més Compromís,0,0,NA,4,-,4,ancho,ARABA-ÁLAVA
3263,generales_2019_11,provincia,País Vasco,Álava,Álava,NA+,0,0,NA,4,-,4,ancho,ARABA-ÁLAVA
3263,generales_2019_11,provincia,País Vasco,Álava,Álava,CCa-NC,0,0,NA,4,-,4,ancho,ARABA-ÁLAVA
3263,generales_2019_11,provincia,País Vasco,Álava,Álava,PRC,0,0,NA,4,-,4,ancho,ARABA-ÁLAVA
3263,generales_2019_11,provincia,País Vasco,Guipúzcoa,Guipúzcoa,PSOE,1,1,NA,6,1,4,ancho,GIPUZKOA
3263,generales_2019_11,provincia,País Vasco,Guipúzcoa,Guipúzcoa,UP,1,1,NA,6,1,4,ancho,GIPUZKOA
3263,generales_2019_11,provincia,País Vasco,Guipúzcoa,Guipúzcoa,ERC,0,0,NA,6,-,4,ancho,GIPUZKOA
3263,generales_2019_11,provincia,País Vasco,Guipúzcoa,Guipúzcoa,En Comú Podem,0,0,NA,6,-,4,ancho,GIPUZKOA
3263,generales_2019_11,provincia,País Vasco,Guipúzcoa,Guipúzcoa,JxCat,0,0,NA,6,-,4,ancho,GIPUZKOA
3263,generales_2019_11,provincia,País Vasco,Guipúzcoa,Guipúzcoa,CUP,0,0,NA,6,-,4,ancho,GIPUZKOA
3263,generales_2019_11,provincia,País Vasco,Guipúzcoa,Guipúzcoa,PNV,2,2,NA,6,2,4,ancho,GIPUZKOA
3263,generales_2019_11,provincia,País Vasco,Guipúzcoa,Guipúzcoa,EH Bildu,2,2,NA,6,2,4,ancho,GIPUZKOA
3263,generales_2019_11,provincia,País Vasco,Guipúzcoa,Guipúzcoa,BNG,0,0,NA,6,-,4,ancho,GIPUZKOA
3263,generales_2019_11,provincia,País Vasco,Guipúzcoa,Guipúzcoa,En Común-Unidas Podemos,0,0,NA,6,-,4,ancho,GIPUZKOA
3263,generales_2019_11,provincia,País Vasco,Guipúzcoa,Guipúzcoa,Més Compromís,0,0,NA,6,-,4,ancho,GIPUZKOA
3263,generales_2019_11,provincia,País Vasco,Guipúzcoa,Guipúzcoa,NA+,0,0,NA,6,-,4,ancho,GIPUZKOA
3263,generales_2019_11,provincia,País Vasco,Guipúzcoa,Guipúzcoa,CCa-NC,0,0,NA,6,-,4,ancho,GIPUZKOA
3263,generales_2019_11,provincia,País Vasco,Guipúzcoa,Guipúzcoa,PRC,0,0,NA,6,-,4,ancho,GIPUZKOA
3263,generales_2019_11,provincia,País Vasco,Vizcaya,Vizcaya,PSOE,2,3,NA,8,2-3,4,ancho,BIZKAIA
3263,generales_2019_11,provincia,País Vasco,Vizcaya,Vizcaya,UP,1,1,NA,8,1,4,ancho,BIZKAIA
3263,generales_2019_11,provincia,País Vasco,Vizcaya,Vizcaya,ERC,0,0,NA,8,-,4,ancho,BIZKAIA
3263,generales_2019_11,provincia,País Vasco,Vizcaya,Vizcaya,En Comú Podem,0,0,NA,8,-,4,ancho,BIZKAIA
3263,generales_2019_11,provincia,País Vasco,Vizcaya,Vizcaya,JxCat,0,0,NA,8,-,4,ancho,BIZKAIA
3263,generales_2019_11,provincia,País Vasco,Vizcaya,Vizcaya,CUP,0,0,NA,8,-,4,ancho,BIZKAIA
3263,generales_2019_11,provincia,País Vasco,Vizcaya,Vizcaya,PNV,3,4,NA,8,3-4,4,ancho,BIZKAIA
3263,generales_2019_11,provincia,País Vasco,Vizcaya,Vizcaya,EH Bildu,1,1,NA,8,1,4,ancho,BIZKAIA
3263,generales_2019_11,provincia,País Vasco,Vizcaya,Vizcaya,BNG,0,0,NA,8,-,4,ancho,BIZKAIA
3263,generales_2019_11,provincia,País Vasco,Vizcaya,Vizcaya,En Común-Unidas Podemos,0,0,NA,8,-,4,ancho,BIZKAIA
3263,generales_2019_11,provincia,País Vasco,Vizcaya,Vizcaya,Més Compromís,0,0,NA,8,-,4,ancho,BIZKAIA
3263,generales_2019_11,provincia,País Vasco,Vizcaya,Vizcaya,NA+,0,0,NA,8,-,4,ancho,BIZKAIA
3263,generales_2019_11,provincia,País Vasco,Vizcaya,Vizcaya,CCa-NC,0,0,NA,8,-,4,ancho,BIZKAIA
3263,generales_2019_11,provincia,País Vasco,Vizcaya,Vizcaya,PRC,0,0,NA,8,-,4,ancho,BIZKAIA
3263,generales_2019_11,provincia,Región de Murcia,Murcia,Murcia,PSOE,3,3,NA,10,3,4,ancho,MURCIA
3263,generales_2019_11,provincia,Región de Murcia,Murcia,Murcia,PP,3,3,NA,10,3,4,ancho,MURCIA
3263,generales_2019_11,provincia,Región de Murcia,Murcia,Murcia,C’s,1,1,NA,10,1,4,ancho,MURCIA
3263,generales_2019_11,provincia,Región de Murcia,Murcia,Murcia,UP,1,1,NA,10,1,4,ancho,MURCIA
3263,generales_2019_11,provincia,Región de Murcia,Murcia,Murcia,VOX,2,2,NA,10,2,4,ancho,MURCIA
3263,generales_2019_11,provincia,Región de Murcia,Murcia,Murcia,ERC,0,0,NA,10,-,4,ancho,MURCIA
3263,generales_2019_11,provincia,Región de Murcia,Murcia,Murcia,En Comú Podem,0,0,NA,10,-,4,ancho,MURCIA
3263,generales_2019_11,provincia,Región de Murcia,Murcia,Murcia,JxCat,0,0,NA,10,-,4,ancho,MURCIA
3263,generales_2019_11,provincia,Región de Murcia,Murcia,Murcia,CUP,0,0,NA,10,-,4,ancho,MURCIA
3263,generales_2019_11,provincia,Región de Murcia,Murcia,Murcia,PNV,0,0,NA,10,-,4,ancho,MURCIA
3263,generales_2019_11,provincia,Región de Murcia,Murcia,Murcia,EH Bildu,0,0,NA,10,-,4,ancho,MURCIA
3263,generales_2019_11,provincia,Región de Murcia,Murcia,Murcia,BNG,0,0,NA,10,-,4,ancho,MURCIA
3263,generales_2019_11,provincia,Región de Murcia,Murcia,Murcia,En Común-Unidas Podemos,0,0,NA,10,-,4,ancho,MURCIA
3263,generales_2019_11,provincia,Región de Murcia,Murcia,Murcia,Més Compromís,0,0,NA,10,-,4,ancho,MURCIA
3263,generales_2019_11,provincia,Región de Murcia,Murcia,Murcia,NA+,0,0,NA,10,-,4,ancho,MURCIA
3263,generales_2019_11,provincia,Región de Murcia,Murcia,Murcia,CCa-NC,0,0,NA,10,-,4,ancho,MURCIA
3263,generales_2019_11,provincia,Región de Murcia,Murcia,Murcia,PRC,0,0,NA,10,-,4,ancho,MURCIA
3286,autonomicas_2020_07,comunidad,País Vasco,NA,País Vasco,EAJ-PNV,31,34,NA,NA,31-34,3,bloques,escaños CIS | (en % sobre el voto | censo) válido)
3286,autonomicas_2020_07,comunidad,País Vasco,NA,País Vasco,EH Bildu,16,18,NA,NA,16-18,3,bloques,escaños CIS | (en % sobre el voto | censo) válido)
3286,autonomicas_2020_07,comunidad,País Vasco,NA,País Vasco,PSE-EE (PSOE),11,13,NA,NA,11-13,3,bloques,escaños CIS | (en % sobre el voto | censo) válido)
3286,autonomicas_2020_07,comunidad,País Vasco,NA,País Vasco,Elkarrekin Podemos-UP,11,12,NA,NA,11-12,3,bloques,escaños CIS | (en % sobre el voto | censo) válido)
3286,autonomicas_2020_07,comunidad,País Vasco,NA,País Vasco,PP+C’s,3,6,NA,NA,3-6,3,bloques,escaños CIS | (en % sobre el voto | censo) válido)
3286,autonomicas_2020_07,comunidad,País Vasco,NA,País Vasco,VOX,0,0,NA,NA,-,3,bloques,escaños CIS | (en % sobre el voto | censo) válido)
3286,autonomicas_2020_07,comunidad,País Vasco,NA,País Vasco,PACMA,0,0,NA,NA,-,3,bloques,escaños CIS | (en % sobre el voto | censo) válido)
3286,autonomicas_2020_07,comunidad,País Vasco,NA,País Vasco,Otros partidos,0,0,NA,NA,-,3,bloques,escaños CIS | (en % sobre el voto | censo) válido)
3286,autonomicas_2020_07,provincia,País Vasco,Álava,Álava,EAJ-PNV,9,10,NA,NA,9-10,4,bloques,escaños CIS | (en % sobre el voto | censo) válido)
3286,autonomicas_2020_07,provincia,País Vasco,Álava,Álava,EH Bildu,5,6,NA,NA,5-6,4,bloques,escaños CIS | (en % sobre el voto | censo) válido)
3286,autonomicas_2020_07,provincia,País Vasco,Álava,Álava,PSE-EE (PSOE),4,5,NA,NA,4-5,4,bloques,escaños CIS | (en % sobre el voto | censo) válido)
3286,autonomicas_2020_07,provincia,País Vasco,Álava,Álava,Elkarrekin Podemos-UP,4,4,NA,NA,4,4,bloques,escaños CIS | (en % sobre el voto | censo) válido)
3286,autonomicas_2020_07,provincia,País Vasco,Álava,Álava,PP+C’s,2,3,NA,NA,2-3,4,bloques,escaños CIS | (en % sobre el voto | censo) válido)
3286,autonomicas_2020_07,provincia,País Vasco,Álava,Álava,VOX,0,0,NA,NA,-,4,bloques,escaños CIS | (en % sobre el voto | censo) válido)
3286,autonomicas_2020_07,provincia,País Vasco,Álava,Álava,PACMA,0,0,NA,NA,-,4,bloques,escaños CIS | (en % sobre el voto | censo) válido)
3286,autonomicas_2020_07,provincia,País Vasco,Álava,Álava,Otros partidos,0,0,NA,NA,-,4,bloques,escaños CIS | (en % sobre el voto | censo) válido)
3286,autonomicas_2020_07,provincia,País Vasco,Guipúzcoa,Guipúzcoa,EAJ-PNV,11,12,NA,NA,11-12,5,bloques,escaños CIS | (en % sobre el voto | censo) válido)
3286,autonomicas_2020_07,provincia,País Vasco,Guipúzcoa,Guipúzcoa,EH Bildu,7,8,NA,NA,7-8,5,bloques,escaños CIS | (en % sobre el voto | censo) válido)
3286,autonomicas_2020_07,provincia,País Vasco,Guipúzcoa,Guipúzcoa,PSE-EE (PSOE),3,4,NA,NA,3-4,5,bloques,escaños CIS | (en % sobre el voto | censo) válido)
3286,autonomicas_2020_07,provincia,País Vasco,Guipúzcoa,Guipúzcoa,Elkarrekin Podemos-UP,3,3,NA,NA,3,5,bloques,escaños CIS | (en % sobre el voto | censo) válido)
3286,autonomicas_2020_07,provincia,País Vasco,Guipúzcoa,Guipúzcoa,PP+C’s,0,1,NA,NA,0-1,5,bloques,escaños CIS | (en % sobre el voto | censo) válido)
3286,autonomicas_2020_07,provincia,País Vasco,Guipúzcoa,Guipúzcoa,VOX,0,0,NA,NA,-,5,bloques,escaños CIS | (en % sobre el voto | censo) válido)
3286,autonomicas_2020_07,provincia,País Vasco,Guipúzcoa,Guipúzcoa,PACMA,0,0,NA,NA,-,5,bloques,escaños CIS | (en % sobre el voto | censo) válido)
3286,autonomicas_2020_07,provincia,País Vasco,Guipúzcoa,Guipúzcoa,Otros partidos,0,0,NA,NA,-,5,bloques,escaños CIS | (en % sobre el voto | censo) válido)
3286,autonomicas_2020_07,provincia,País Vasco,Vizcaya,Vizcaya,EAJ-PNV,11,12,NA,NA,11-12,6,bloques,escaños CIS | (en % sobre el voto | censo) válido)
3286,autonomicas_2020_07,provincia,País Vasco,Vizcaya,Vizcaya,EH Bildu,4,4,NA,NA,4,6,bloques,escaños CIS | (en % sobre el voto | censo) válido)
3286,autonomicas_2020_07,provincia,País Vasco,Vizcaya,Vizcaya,PSE-EE (PSOE),4,4,NA,NA,4,6,bloques,escaños CIS | (en % sobre el voto | censo) válido)
3286,autonomicas_2020_07,provincia,País Vasco,Vizcaya,Vizcaya,Elkarrekin Podemos-UP,4,5,NA,NA,4-5,6,bloques,escaños CIS | (en % sobre el voto | censo) válido)
3286,autonomicas_2020_07,provincia,País Vasco,Vizcaya,Vizcaya,PP+C’s,1,2,NA,NA,1-2,6,bloques,escaños CIS | (en % sobre el voto | censo) válido)
3286,autonomicas_2020_07,provincia,País Vasco,Vizcaya,Vizcaya,VOX,0,0,NA,NA,-,6,bloques,escaños CIS | (en % sobre el voto | censo) válido)
3286,autonomicas_2020_07,provincia,País Vasco,Vizcaya,Vizcaya,PACMA,0,0,NA,NA,-,6,bloques,escaños CIS | (en % sobre el voto | censo) válido)
3286,autonomicas_2020_07,provincia,País Vasco,Vizcaya,Vizcaya,Otros partidos,0,0,NA,NA,-,6,bloques,escaños CIS | (en % sobre el voto | censo) válido)
3287,autonomicas_2020_07,comunidad,Galicia,NA,Galicia,PP,40,42,NA,NA,40-42,3,bloques,encuesta (en % sobre el escaños CIS | (en % sobre voto válido) | censo)
3287,autonomicas_2020_07,comunidad,Galicia,NA,Galicia,PSdeG-PSOE,16,18,NA,NA,16-18,3,bloques,encuesta (en % sobre el escaños CIS | (en % sobre voto válido) | censo)
3287,autonomicas_2020_07,comunidad,Galicia,NA,Galicia,BNG,12,14,NA,NA,12-14,3,bloques,encuesta (en % sobre el escaños CIS | (en % sobre voto válido) | censo)
3287,autonomicas_2020_07,comunidad,Galicia,NA,Galicia,Galicia en Común-ANOVA,4,6,NA,NA,4-6,3,bloques,encuesta (en % sobre el escaños CIS | (en % sobre voto válido) | censo)
3287,autonomicas_2020_07,comunidad,Galicia,NA,Galicia,Marea Galeguista,0,0,NA,NA,-,3,bloques,encuesta (en % sobre el escaños CIS | (en % sobre voto válido) | censo)
3287,autonomicas_2020_07,comunidad,Galicia,NA,Galicia,VOX,0,0,NA,NA,-,3,bloques,encuesta (en % sobre el escaños CIS | (en % sobre voto válido) | censo)
3287,autonomicas_2020_07,comunidad,Galicia,NA,Galicia,Ciudadanos,0,0,NA,NA,-,3,bloques,encuesta (en % sobre el escaños CIS | (en % sobre voto válido) | censo)
3287,autonomicas_2020_07,comunidad,Galicia,NA,Galicia,PACMA,0,0,NA,NA,-,3,bloques,encuesta (en % sobre el escaños CIS | (en % sobre voto válido) | censo)
3287,autonomicas_2020_07,comunidad,Galicia,NA,Galicia,Otros partidos,0,0,NA,NA,-,3,bloques,encuesta (en % sobre el escaños CIS | (en % sobre voto válido) | censo)
3287,autonomicas_2020_07,provincia,Galicia,A Coruña,A Coruña,PP,13,13,NA,NA,13,4,bloques,encuesta (en % sobre el escaños CIS | (en % sobre voto válido) | censo)
3287,autonomicas_2020_07,provincia,Galicia,A Coruña,A Coruña,PSdeG-PSOE,5,5,NA,NA,5,4,bloques,encuesta (en % sobre el escaños CIS | (en % sobre voto válido) | censo)
3287,autonomicas_2020_07,provincia,Galicia,A Coruña,A Coruña,BNG,4,5,NA,NA,4-5,4,bloques,encuesta (en % sobre el escaños CIS | (en % sobre voto válido) | censo)
3287,autonomicas_2020_07,provincia,Galicia,A Coruña,A Coruña,Galicia en Común-ANOVA,2,3,NA,NA,2-3,4,bloques,encuesta (en % sobre el escaños CIS | (en % sobre voto válido) | censo)
3287,autonomicas_2020_07,provincia,Galicia,A Coruña,A Coruña,Marea Galeguista,0,0,NA,NA,-,4,bloques,encuesta (en % sobre el escaños CIS | (en % sobre voto válido) | censo)
3287,autonomicas_2020_07,provincia,Galicia,A Coruña,A Coruña,VOX,0,0,NA,NA,-,4,bloques,encuesta (en % sobre el escaños CIS | (en % sobre voto válido) | censo)
3287,autonomicas_2020_07,provincia,Galicia,A Coruña,A Coruña,Ciudadanos,0,0,NA,NA,-,4,bloques,encuesta (en % sobre el escaños CIS | (en % sobre voto válido) | censo)
3287,autonomicas_2020_07,provincia,Galicia,A Coruña,A Coruña,PACMA,0,0,NA,NA,-,4,bloques,encuesta (en % sobre el escaños CIS | (en % sobre voto válido) | censo)
3287,autonomicas_2020_07,provincia,Galicia,A Coruña,A Coruña,Otros partidos,0,0,NA,NA,-,4,bloques,encuesta (en % sobre el escaños CIS | (en % sobre voto válido) | censo)
3287,autonomicas_2020_07,provincia,Galicia,Lugo,Lugo,PP,8,9,NA,NA,8-9,5,bloques,encuesta (en % sobre el escaños CIS | (en % sobre voto válido) | censo)
3287,autonomicas_2020_07,provincia,Galicia,Lugo,Lugo,PSdeG-PSOE,3,4,NA,NA,3-4,5,bloques,encuesta (en % sobre el escaños CIS | (en % sobre voto válido) | censo)
3287,autonomicas_2020_07,provincia,Galicia,Lugo,Lugo,BNG,2,3,NA,NA,2-3,5,bloques,encuesta (en % sobre el escaños CIS | (en % sobre voto válido) | censo)
3287,autonomicas_2020_07,provincia,Galicia,Lugo,Lugo,Galicia en Común-ANOVA,0,0,NA,NA,-,5,bloques,encuesta (en % sobre el escaños CIS | (en % sobre voto válido) | censo)
3287,autonomicas_2020_07,provincia,Galicia,Lugo,Lugo,Marea Galeguista,0,0,NA,NA,-,5,bloques,encuesta (en % sobre el escaños CIS | (en % sobre voto válido) | censo)
3287,autonomicas_2020_07,provincia,Galicia,Lugo,Lugo,VOX,0,0,NA,NA,-,5,bloques,encuesta (en % sobre el escaños CIS | (en % sobre voto válido) | censo)
3287,autonomicas_2020_07,provincia,Galicia,Lugo,Lugo,Ciudadanos,0,0,NA,NA,-,5,bloques,encuesta (en % sobre el escaños CIS | (en % sobre voto válido) | censo)
3287,autonomicas_2020_07,provincia,Galicia,Lugo,Lugo,PACMA,0,0,NA,NA,-,5,bloques,encuesta (en % sobre el escaños CIS | (en % sobre voto válido) | censo)
3287,autonomicas_2020_07,provincia,Galicia,Lugo,Lugo,Otros partidos,0,0,NA,NA,-,5,bloques,encuesta (en % sobre el escaños CIS | (en % sobre voto válido) | censo)
3287,autonomicas_2020_07,provincia,Galicia,Ourense,Ourense,PP,8,9,NA,NA,8-9,6,bloques,encuesta (en % sobre el escaños CIS | (en % sobre voto válido) | censo)
3287,autonomicas_2020_07,provincia,Galicia,Ourense,Ourense,PSdeG-PSOE,3,4,NA,NA,3-4,6,bloques,encuesta (en % sobre el escaños CIS | (en % sobre voto válido) | censo)
3287,autonomicas_2020_07,provincia,Galicia,Ourense,Ourense,BNG,2,2,NA,NA,2,6,bloques,encuesta (en % sobre el escaños CIS | (en % sobre voto válido) | censo)
3287,autonomicas_2020_07,provincia,Galicia,Ourense,Ourense,Galicia en Común-ANOVA,0,1,NA,NA,0-1,6,bloques,encuesta (en % sobre el escaños CIS | (en % sobre voto válido) | censo)
3287,autonomicas_2020_07,provincia,Galicia,Ourense,Ourense,Marea Galeguista,0,0,NA,NA,-,6,bloques,encuesta (en % sobre el escaños CIS | (en % sobre voto válido) | censo)
3287,autonomicas_2020_07,provincia,Galicia,Ourense,Ourense,VOX,0,0,NA,NA,-,6,bloques,encuesta (en % sobre el escaños CIS | (en % sobre voto válido) | censo)
3287,autonomicas_2020_07,provincia,Galicia,Ourense,Ourense,Ciudadanos,0,0,NA,NA,-,6,bloques,encuesta (en % sobre el escaños CIS | (en % sobre voto válido) | censo)
3287,autonomicas_2020_07,provincia,Galicia,Ourense,Ourense,PACMA,0,0,NA,NA,-,6,bloques,encuesta (en % sobre el escaños CIS | (en % sobre voto válido) | censo)
3287,autonomicas_2020_07,provincia,Galicia,Ourense,Ourense,Otros partidos,0,0,NA,NA,-,6,bloques,encuesta (en % sobre el escaños CIS | (en % sobre voto válido) | censo)
3287,autonomicas_2020_07,provincia,Galicia,Pontevedra,Pontevedra,PP,10,11,NA,NA,10-11,7,bloques,encuesta (en % sobre el escaños CIS | (en % sobre voto válido) | censo)
3287,autonomicas_2020_07,provincia,Galicia,Pontevedra,Pontevedra,PSdeG-PSOE,5,5,NA,NA,5,7,bloques,encuesta (en % sobre el escaños CIS | (en % sobre voto válido) | censo)
3287,autonomicas_2020_07,provincia,Galicia,Pontevedra,Pontevedra,BNG,4,4,NA,NA,4,7,bloques,encuesta (en % sobre el escaños CIS | (en % sobre voto válido) | censo)
3287,autonomicas_2020_07,provincia,Galicia,Pontevedra,Pontevedra,Galicia en Común-ANOVA,2,2,NA,NA,2,7,bloques,encuesta (en % sobre el escaños CIS | (en % sobre voto válido) | censo)
3287,autonomicas_2020_07,provincia,Galicia,Pontevedra,Pontevedra,Marea Galeguista,0,0,NA,NA,-,7,bloques,encuesta (en % sobre el escaños CIS | (en % sobre voto válido) | censo)
3287,autonomicas_2020_07,provincia,Galicia,Pontevedra,Pontevedra,VOX,0,0,NA,NA,-,7,bloques,encuesta (en % sobre el escaños CIS | (en % sobre voto válido) | censo)
3287,autonomicas_2020_07,provincia,Galicia,Pontevedra,Pontevedra,Ciudadanos,0,0,NA,NA,-,7,bloques,encuesta (en % sobre el escaños CIS | (en % sobre voto válido) | censo)
3287,autonomicas_2020_07,provincia,Galicia,Pontevedra,Pontevedra,PACMA,0,0,NA,NA,-,7,bloques,encuesta (en % sobre el escaños CIS | (en % sobre voto válido) | censo)
3287,autonomicas_2020_07,provincia,Galicia,Pontevedra,Pontevedra,Otros partidos,0,0,NA,NA,-,7,bloques,encuesta (en % sobre el escaños CIS | (en % sobre voto válido) | censo)
3306,autonomicas_2021_02,comunidad,Cataluña,NA,Cataluña,Junts per Catalunya (JxCat),20,27,NA,NA,20-27,3,bloques,sobre voto | (en %) 1 CIS | válido)
3306,autonomicas_2021_02,comunidad,Cataluña,NA,Cataluña,Esquerra Republicana (ERC),31,33,NA,NA,31-33,3,bloques,sobre voto | (en %) 1 CIS | válido)
3306,autonomicas_2021_02,comunidad,Cataluña,NA,Cataluña,Partit dels Socialistes de Catalunya (PSC),30,35,NA,NA,30-35,3,bloques,sobre voto | (en %) 1 CIS | válido)
3306,autonomicas_2021_02,comunidad,Cataluña,NA,Cataluña,En Comú Podem,9,12,NA,NA,9-12,3,bloques,sobre voto | (en %) 1 CIS | válido)
3306,autonomicas_2021_02,comunidad,Cataluña,NA,Cataluña,Candidatura d’Unitat Popular (CUP),8,11,NA,NA,8-11,3,bloques,sobre voto | (en %) 1 CIS | válido)
3306,autonomicas_2021_02,comunidad,Cataluña,NA,Cataluña,Ciutadans-Partido de la Ciudadanía (C’s),13,15,NA,NA,13-15,3,bloques,sobre voto | (en %) 1 CIS | válido)
3306,autonomicas_2021_02,comunidad,Cataluña,NA,Cataluña,Partit Popular/Partido Popular (PP),7,7,NA,NA,7,3,bloques,sobre voto | (en %) 1 CIS | válido)
3306,autonomicas_2021_02,comunidad,Cataluña,NA,Cataluña,VOX,6,10,NA,NA,6-10,3,bloques,sobre voto | (en %) 1 CIS | válido)
3306,autonomicas_2021_02,comunidad,Cataluña,NA,Cataluña,Partit Demòcrata (PDeCAT),0,0,NA,NA,-,3,bloques,sobre voto | (en %) 1 CIS | válido)
3306,autonomicas_2021_02,comunidad,Cataluña,NA,Cataluña,Partit Nacionalista de Catalunya (PNC),0,0,NA,NA,-,3,bloques,sobre voto | (en %) 1 CIS | válido)
3306,autonomicas_2021_02,comunidad,Cataluña,NA,Cataluña,Partido Animalista Contra el Maltrato Animal (PACMA),0,0,NA,NA,-,3,bloques,sobre voto | (en %) 1 CIS | válido)
3306,autonomicas_2021_02,provincia,Cataluña,Barcelona,Barcelona,Junts per Catalunya (JxCat),10,13,NA,NA,10-13,4,bloques,sobre voto | (en %) CIS | válido)
3306,autonomicas_2021_02,provincia,Cataluña,Barcelona,Barcelona,Esquerra Republicana (ERC),17,18,NA,NA,17-18,4,bloques,sobre voto | (en %) CIS | válido)
3306,autonomicas_2021_02,provincia,Cataluña,Barcelona,Barcelona,Partit dels Socialistes de Catalunya (PSC),21,24,NA,NA,21-24,4,bloques,sobre voto | (en %) CIS | válido)
3306,autonomicas_2021_02,provincia,Cataluña,Barcelona,Barcelona,En Comú Podem,8,9,NA,NA,8-9,4,bloques,sobre voto | (en %) CIS | válido)
3306,autonomicas_2021_02,provincia,Cataluña,Barcelona,Barcelona,Candidatura d´Unitat Popular (CUP),5,7,NA,NA,5-7,4,bloques,sobre voto | (en %) CIS | válido)
3306,autonomicas_2021_02,provincia,Cataluña,Barcelona,Barcelona,Ciutadans-Partido de la Ciudadanía (C’s),9,10,NA,NA,9-10,4,bloques,sobre voto | (en %) CIS | válido)
3306,autonomicas_2021_02,provincia,Cataluña,Barcelona,Barcelona,Partit Popular/Partido Popular (PP),5,5,NA,NA,5,4,bloques,sobre voto | (en %) CIS | válido)
3306,autonomicas_2021_02,provincia,Cataluña,Barcelona,Barcelona,VOX,4,6,NA,NA,4-6,4,bloques,sobre voto | (en %) CIS | válido)
3306,autonomicas_2021_02,provincia,Cataluña,Barcelona,Barcelona,Partit Demòcrata (PDeCAT),0,0,NA,NA,-,4,bloques,sobre voto | (en %) CIS | válido)
3306,autonomicas_2021_02,provincia,Cataluña,Barcelona,Barcelona,Partit Nacionalista de Catalunya (PNC),0,0,NA,NA,-,4,bloques,sobre voto | (en %) CIS | válido)
3306,autonomicas_2021_02,provincia,Cataluña,Barcelona,Barcelona,Partido Animalista Contra el Maltrato Animal (PACMA),0,0,NA,NA,-,4,bloques,sobre voto | (en %) CIS | válido)
3306,autonomicas_2021_02,provincia,Cataluña,Girona,Girona,Junts per Catalunya (JxCat),4,6,NA,NA,4-6,5,bloques,sobre voto | (en %) CIS | válido)
3306,autonomicas_2021_02,provincia,Cataluña,Girona,Girona,Esquerra Republicana (ERC),5,6,NA,NA,5-6,5,bloques,sobre voto | (en %) CIS | válido)
3306,autonomicas_2021_02,provincia,Cataluña,Girona,Girona,Partit dels Socialistes de Catalunya (PSC),3,3,NA,NA,3,5,bloques,sobre voto | (en %) CIS | válido)
3306,autonomicas_2021_02,provincia,Cataluña,Girona,Girona,En Comú Podem,0,1,NA,NA,0-1,5,bloques,sobre voto | (en %) CIS | válido)
3306,autonomicas_2021_02,provincia,Cataluña,Girona,Girona,Candidatura d´Unitat Popular (CUP),1,2,NA,NA,1-2,5,bloques,sobre voto | (en %) CIS | válido)
3306,autonomicas_2021_02,provincia,Cataluña,Girona,Girona,Ciutadans-Partido de la Ciudadanía (C’s),1,2,NA,NA,1-2,5,bloques,sobre voto | (en %) CIS | válido)
3306,autonomicas_2021_02,provincia,Cataluña,Girona,Girona,Partit Popular/Partido Popular (PP),0,0,NA,NA,0,5,bloques,sobre voto | (en %) CIS | válido)
3306,autonomicas_2021_02,provincia,Cataluña,Girona,Girona,VOX,1,1,NA,NA,1,5,bloques,sobre voto | (en %) CIS | válido)
3306,autonomicas_2021_02,provincia,Cataluña,Girona,Girona,Partit Demòcrata (PDeCAT),0,0,NA,NA,-,5,bloques,sobre voto | (en %) CIS | válido)
3306,autonomicas_2021_02,provincia,Cataluña,Girona,Girona,Partit Nacionalista de Catalunya (PNC),0,0,NA,NA,-,5,bloques,sobre voto | (en %) CIS | válido)
3306,autonomicas_2021_02,provincia,Cataluña,Girona,Girona,Partido Animalista Contra el Maltrato Animal (PACMA),0,0,NA,NA,-,5,bloques,sobre voto | (en %) CIS | válido)
3306,autonomicas_2021_02,provincia,Cataluña,Lleida,Lleida,Junts per Catalunya (JxCat),3,4,NA,NA,3-4,6,bloques,sobre voto | (en %) CIS | válido)
3306,autonomicas_2021_02,provincia,Cataluña,Lleida,Lleida,Esquerra Republicana (ERC),5,5,NA,NA,5,6,bloques,sobre voto | (en %) CIS | válido)
3306,autonomicas_2021_02,provincia,Cataluña,Lleida,Lleida,Partit dels Socialistes de Catalunya (PSC),2,3,NA,NA,2-3,6,bloques,sobre voto | (en %) CIS | válido)
3306,autonomicas_2021_02,provincia,Cataluña,Lleida,Lleida,En Comú Podem,0,1,NA,NA,0-1,6,bloques,sobre voto | (en %) CIS | válido)
3306,autonomicas_2021_02,provincia,Cataluña,Lleida,Lleida,Candidatura d´Unitat Popular (CUP),1,1,NA,NA,1,6,bloques,sobre voto | (en %) CIS | válido)
3306,autonomicas_2021_02,provincia,Cataluña,Lleida,Lleida,Ciutadans-Partido de la Ciudadanía (C’s),1,1,NA,NA,1,6,bloques,sobre voto | (en %) CIS | válido)
3306,autonomicas_2021_02,provincia,Cataluña,Lleida,Lleida,Partit Popular/Partido Popular (PP),1,1,NA,NA,1,6,bloques,sobre voto | (en %) CIS | válido)
3306,autonomicas_2021_02,provincia,Cataluña,Lleida,Lleida,VOX,0,1,NA,NA,0-1,6,bloques,sobre voto | (en %) CIS | válido)
3306,autonomicas_2021_02,provincia,Cataluña,Lleida,Lleida,Partit Demòcrata (PDeCAT),0,0,NA,NA,-,6,bloques,sobre voto | (en %) CIS | válido)
3306,autonomicas_2021_02,provincia,Cataluña,Lleida,Lleida,Partit Nacionalista de Catalunya (PNC),0,0,NA,NA,-,6,bloques,sobre voto | (en %) CIS | válido)
3306,autonomicas_2021_02,provincia,Cataluña,Lleida,Lleida,Partido Animalista Contra el Maltrato Animal (PACMA),0,0,NA,NA,-,6,bloques,sobre voto | (en %) CIS | válido)
3306,autonomicas_2021_02,provincia,Cataluña,Tarragona,Tarragona,Junts per Catalunya (JxCat),3,4,NA,NA,3-4,7,bloques,sobre voto | (en %) CIS | válido)
3306,autonomicas_2021_02,provincia,Cataluña,Tarragona,Tarragona,Esquerra Republicana (ERC),4,4,NA,NA,4,7,bloques,sobre voto | (en %) CIS | válido)
3306,autonomicas_2021_02,provincia,Cataluña,Tarragona,Tarragona,Partit dels Socialistes de Catalunya (PSC),4,5,NA,NA,4-5,7,bloques,sobre voto | (en %) CIS | válido)
3306,autonomicas_2021_02,provincia,Cataluña,Tarragona,Tarragona,En Comú Podem,1,1,NA,NA,1,7,bloques,sobre voto | (en %) CIS | válido)
3306,autonomicas_2021_02,provincia,Cataluña,Tarragona,Tarragona,Candidatura d´Unitat Popular (CUP),1,1,NA,NA,1,7,bloques,sobre voto | (en %) CIS | válido)
3306,autonomicas_2021_02,provincia,Cataluña,Tarragona,Tarragona,Ciutadans-Partido de la Ciudadanía (C’s),2,2,NA,NA,2,7,bloques,sobre voto | (en %) CIS | válido)
3306,autonomicas_2021_02,provincia,Cataluña,Tarragona,Tarragona,Partit Popular/Partido Popular (PP),1,1,NA,NA,1,7,bloques,sobre voto | (en %) CIS | válido)
3306,autonomicas_2021_02,provincia,Cataluña,Tarragona,Tarragona,VOX,1,2,NA,NA,1-2,7,bloques,sobre voto | (en %) CIS | válido)
3306,autonomicas_2021_02,provincia,Cataluña,Tarragona,Tarragona,Partit Demòcrata (PDeCAT),0,0,NA,NA,-,7,bloques,sobre voto | (en %) CIS | válido)
3306,autonomicas_2021_02,provincia,Cataluña,Tarragona,Tarragona,Partit Nacionalista de Catalunya (PNC),0,0,NA,NA,-,7,bloques,sobre voto | (en %) CIS | válido)
3306,autonomicas_2021_02,provincia,Cataluña,Tarragona,Tarragona,Partido Animalista Contra el Maltrato Animal (PACMA),0,0,NA,NA,-,7,bloques,sobre voto | (en %) CIS | válido)
3317,autonomicas_2021_05,comunidad,Comunidad de Madrid,Madrid,Comunidad de Madrid,PSOE,38,38,NA,NA,38,3,bloques,encuesta (en % sobre el escaños CIS | (en % sobre voto válido) | censo)
3317,autonomicas_2021_05,comunidad,Comunidad de Madrid,Madrid,Comunidad de Madrid,PP,59,59,NA,NA,59,3,bloques,encuesta (en % sobre el escaños CIS | (en % sobre voto válido) | censo)
3317,autonomicas_2021_05,comunidad,Comunidad de Madrid,Madrid,Comunidad de Madrid,Ciudadanos,0,0,NA,NA,-,3,bloques,encuesta (en % sobre el escaños CIS | (en % sobre voto válido) | censo)
3317,autonomicas_2021_05,comunidad,Comunidad de Madrid,Madrid,Comunidad de Madrid,Más Madrid,20,20,NA,NA,20,3,bloques,encuesta (en % sobre el escaños CIS | (en % sobre voto válido) | censo)
3317,autonomicas_2021_05,comunidad,Comunidad de Madrid,Madrid,Comunidad de Madrid,VOX,9,9,NA,NA,9,3,bloques,encuesta (en % sobre el escaños CIS | (en % sobre voto válido) | censo)
3317,autonomicas_2021_05,comunidad,Comunidad de Madrid,Madrid,Comunidad de Madrid,Unidas Podemos,10,10,NA,NA,10,3,bloques,encuesta (en % sobre el escaños CIS | (en % sobre voto válido) | censo)
3317,autonomicas_2021_05,comunidad,Comunidad de Madrid,Madrid,Comunidad de Madrid,PACMA,0,0,NA,NA,-,3,bloques,encuesta (en % sobre el escaños CIS | (en % sobre voto válido) | censo)
3317,autonomicas_2021_05,comunidad,Comunidad de Madrid,Madrid,Comunidad de Madrid,Otros partidos,0,0,NA,NA,-,3,bloques,encuesta (en % sobre el escaños CIS | (en % sobre voto válido) | censo)
3317,autonomicas_2021_05,comunidad,Comunidad de Madrid,Madrid,Comunidad de Madrid,En blanco,0,0,NA,NA,-,3,bloques,encuesta (en % sobre el escaños CIS | (en % sobre voto válido) | censo)
3348,autonomicas_2022_02,comunidad,Castilla y León,NA,Castilla y León,PSOE,25,34,NA,NA,25-34,3,bloques,encuesta | válido) | (en %)
3348,autonomicas_2022_02,comunidad,Castilla y León,NA,Castilla y León,PP,27,32,NA,NA,27-32,3,bloques,encuesta | válido) | (en %)
3348,autonomicas_2022_02,comunidad,Castilla y León,NA,Castilla y León,Ciudadanos,2,5,NA,NA,2-5,3,bloques,encuesta | válido) | (en %)
3348,autonomicas_2022_02,comunidad,Castilla y León,NA,Castilla y León,Unidas Podemos,3,5,NA,NA,3-5,3,bloques,encuesta | válido) | (en %)
3348,autonomicas_2022_02,comunidad,Castilla y León,NA,Castilla y León,VOX,4,8,NA,NA,4-8,3,bloques,encuesta | válido) | (en %)
3348,autonomicas_2022_02,comunidad,Castilla y León,NA,Castilla y León,UPL,2,3,NA,NA,2-3,3,bloques,encuesta | válido) | (en %)
3348,autonomicas_2022_02,comunidad,Castilla y León,NA,Castilla y León,Por Ávila,1,1,NA,NA,1,3,bloques,encuesta | válido) | (en %)
3348,autonomicas_2022_02,comunidad,Castilla y León,NA,Castilla y León,Soria Ya,2,3,NA,NA,2-3,3,bloques,encuesta | válido) | (en %)
3348,autonomicas_2022_02,provincia,Castilla y León,Ávila,Ávila,PSOE,2,3,NA,NA,2-3,4,bloques,encuesta | válido) | (en %)
3348,autonomicas_2022_02,provincia,Castilla y León,Ávila,Ávila,PP,3,3,NA,NA,3,4,bloques,encuesta | válido) | (en %)
3348,autonomicas_2022_02,provincia,Castilla y León,Ávila,Ávila,VOX,0,1,NA,NA,0-1,4,bloques,encuesta | válido) | (en %)
3348,autonomicas_2022_02,provincia,Castilla y León,Ávila,Ávila,Por Ávila,1,1,NA,NA,1,4,bloques,encuesta | válido) | (en %)
3348,autonomicas_2022_02,provincia,Castilla y León,Burgos,Burgos,PSOE,4,5,NA,NA,4-5,5,bloques,encuesta | válido) | (en %)
3348,autonomicas_2022_02,provincia,Castilla y León,Burgos,Burgos,PP,3,4,NA,NA,3-4,5,bloques,encuesta | válido) | (en %)
3348,autonomicas_2022_02,provincia,Castilla y León,Burgos,Burgos,Ciudadanos,0,1,NA,NA,0-1,5,bloques,encuesta | válido) | (en %)
3348,autonomicas_2022_02,provincia,Castilla y León,Burgos,Burgos,Unidas Podemos,1,1,NA,NA,1,5,bloques,encuesta | válido) | (en %)
3348,autonomicas_2022_02,provincia,Castilla y León,Burgos,Burgos,VOX,1,1,NA,NA,1,5,bloques,encuesta | válido) | (en %)
3348,autonomicas_2022_02,provincia,Castilla y León,León,León,PSOE,4,5,NA,NA,4-5,6,bloques,encuesta | válido) | (en %)
3348,autonomicas_2022_02,provincia,Castilla y León,León,León,PP,3,4,NA,NA,3-4,6,bloques,encuesta | válido) | (en %)
3348,autonomicas_2022_02,provincia,Castilla y León,León,León,Unidas Podemos,1,1,NA,NA,1,6,bloques,encuesta | válido) | (en %)
3348,autonomicas_2022_02,provincia,Castilla y León,León,León,VOX,1,1,NA,NA,1,6,bloques,encuesta | válido) | (en %)
3348,autonomicas_2022_02,provincia,Castilla y León,León,León,UPL,2,3,NA,NA,2-3,6,bloques,encuesta | válido) | (en %)
3348,autonomicas_2022_02,provincia,Castilla y León,Palencia,Palencia,PSOE,2,3,NA,NA,2-3,7,bloques,encuesta | válido) | (en %)
3348,autonomicas_2022_02,provincia,Castilla y León,Palencia,Palencia,PP,3,3,NA,NA,3,7,bloques,encuesta | válido) | (en %)
3348,autonomicas_2022_02,provincia,Castilla y León,Palencia,Palencia,Ciudadanos,0,1,NA,NA,0-1,7,bloques,encuesta | válido) | (en %)
3348,autonomicas_2022_02,provincia,Castilla y León,Palencia,Palencia,VOX,0,1,NA,NA,0-1,7,bloques,encuesta | válido) | (en %)
3348,autonomicas_2022_02,provincia,Castilla y León,Salamanca,Salamanca,PSOE,3,4,NA,NA,3-4,8,bloques,encuesta | válido) | (en %)
3348,autonomicas_2022_02,provincia,Castilla y León,Salamanca,Salamanca,PP,4,5,NA,NA,4-5,8,bloques,encuesta | válido) | (en %)
3348,autonomicas_2022_02,provincia,Castilla y León,Salamanca,Salamanca,Ciudadanos,1,1,NA,NA,1,8,bloques,encuesta | válido) | (en %)
3348,autonomicas_2022_02,provincia,Castilla y León,Salamanca,Salamanca,VOX,1,1,NA,NA,1,8,bloques,encuesta | válido) | (en %)
3348,autonomicas_2022_02,provincia,Castilla y León,Segovia,Segovia,PSOE,2,3,NA,NA,2-3,9,bloques,encuesta | válido) | (en %)
3348,autonomicas_2022_02,provincia,Castilla y León,Segovia,Segovia,PP,2,3,NA,NA,2-3,9,bloques,encuesta | válido) | (en %)
3348,autonomicas_2022_02,provincia,Castilla y León,Segovia,Segovia,Unidas Podemos,0,1,NA,NA,0-1,9,bloques,encuesta | válido) | (en %)
3348,autonomicas_2022_02,provincia,Castilla y León,Segovia,Segovia,VOX,0,1,NA,NA,0-1,9,bloques,encuesta | válido) | (en %)
3348,autonomicas_2022_02,provincia,Castilla y León,Soria,Soria,PSOE,1,2,NA,NA,1-2,10,bloques,encuesta | válido) | (en %)
3348,autonomicas_2022_02,provincia,Castilla y León,Soria,Soria,PP,1,1,NA,NA,1,10,bloques,encuesta | válido) | (en %)
3348,autonomicas_2022_02,provincia,Castilla y León,Soria,Soria,Soria Ya,2,3,NA,NA,2-3,10,bloques,encuesta | válido) | (en %)
3348,autonomicas_2022_02,provincia,Castilla y León,Valladolid,Valladolid,PSOE,5,6,NA,NA,5-6,11,bloques,encuesta | válido) | (en %)
3348,autonomicas_2022_02,provincia,Castilla y León,Valladolid,Valladolid,PP,5,5,NA,NA,5,11,bloques,encuesta | válido) | (en %)
3348,autonomicas_2022_02,provincia,Castilla y León,Valladolid,Valladolid,Ciudadanos,1,2,NA,NA,1-2,11,bloques,encuesta | válido) | (en %)
3348,autonomicas_2022_02,provincia,Castilla y León,Valladolid,Valladolid,Unidas Podemos,1,2,NA,NA,1-2,11,bloques,encuesta | válido) | (en %)
3348,autonomicas_2022_02,provincia,Castilla y León,Valladolid,Valladolid,VOX,1,1,NA,NA,1,11,bloques,encuesta | válido) | (en %)
3348,autonomicas_2022_02,provincia,Castilla y León,Zamora,Zamora,PSOE,2,3,NA,NA,2-3,12,bloques,encuesta | válido) | (en %)
3348,autonomicas_2022_02,provincia,Castilla y León,Zamora,Zamora,PP,3,4,NA,NA,3-4,12,bloques,encuesta | válido) | (en %)
3348,autonomicas_2022_02,provincia,Castilla y León,Zamora,Zamora,VOX,0,1,NA,NA,0-1,12,bloques,encuesta | válido) | (en %)
3365,autonomicas_2022_06,comunidad,Andalucía,NA,Andalucía,PP,47,49,NA,NA,47-49,3,bloques,en la (% sobre de escaños | encuesta voto error * CIS | (en %) válido)
3365,autonomicas_2022_06,comunidad,Andalucía,NA,Andalucía,PSOE,32,36,NA,NA,32-36,3,bloques,en la (% sobre de escaños | encuesta voto error * CIS | (en %) válido)
3365,autonomicas_2022_06,comunidad,Andalucía,NA,Andalucía,VOX,17,21,NA,NA,17-21,3,bloques,en la (% sobre de escaños | encuesta voto error * CIS | (en %) válido)
3365,autonomicas_2022_06,comunidad,Andalucía,NA,Andalucía,Por Andalucía,9,10,NA,NA,9-10,3,bloques,en la (% sobre de escaños | encuesta voto error * CIS | (en %) válido)
3365,autonomicas_2022_06,comunidad,Andalucía,NA,Andalucía,Adelante Andalucía,2,2,NA,NA,2,3,bloques,en la (% sobre de escaños | encuesta voto error * CIS | (en %) válido)
3365,autonomicas_2022_06,comunidad,Andalucía,NA,Andalucía,Ciudadanos,1,3,NA,NA,1-3,3,bloques,en la (% sobre de escaños | encuesta voto error * CIS | (en %) válido)
3365,autonomicas_2022_06,comunidad,Andalucía,NA,Andalucía,PACMA,0,0,NA,NA,0,3,bloques,en la (% sobre de escaños | encuesta voto error * CIS | (en %) válido)
3365,autonomicas_2022_06,comunidad,Andalucía,NA,Andalucía,Jaén Merece Más,0,1,NA,NA,0-1,3,bloques,en la (% sobre de escaños | encuesta voto error * CIS | (en %) válido)
3365,autonomicas_2022_06,provincia,Andalucía,Almería,Almería,PP,5,5,NA,NA,5,4,bloques,encuesta error * CIS | voto válido) | (en %)
3365,autonomicas_2022_06,provincia,Andalucía,Almería,Almería,PSOE,4,5,NA,NA,4-5,4,bloques,encuesta error * CIS | voto válido) | (en %)
3365,autonomicas_2022_06,provincia,Andalucía,Almería,Almería,VOX,2,3,NA,NA,2-3,4,bloques,encuesta error * CIS | voto válido) | (en %)
3365,autonomicas_2022_06,provincia,Andalucía,Almería,Almería,Por Andalucía,1,1,NA,NA,1,4,bloques,encuesta error * CIS | voto válido) | (en %)
3365,autonomicas_2022_06,provincia,Andalucía,Almería,Almería,Ciudadanos,0,0,NA,NA,0,4,bloques,encuesta error * CIS | voto válido) | (en %)
3365,autonomicas_2022_06,provincia,Andalucía,Almería,Almería,Adelante Andalucía,0,0,NA,NA,0,4,bloques,encuesta error * CIS | voto válido) | (en %)
3365,autonomicas_2022_06,provincia,Andalucía,Almería,Almería,PACMA,0,0,NA,NA,0,4,bloques,encuesta error * CIS | voto válido) | (en %)
3365,autonomicas_2022_06,provincia,Andalucía,Cádiz,Cádiz,PP,6,7,NA,NA,6-7,5,bloques,en la (% sobre de escaños | encuesta voto error * CIS | (en %) válido)
3365,autonomicas_2022_06,provincia,Andalucía,Cádiz,Cádiz,PSOE,4,5,NA,NA,4-5,5,bloques,en la (% sobre de escaños | encuesta voto error * CIS | (en %) válido)
3365,autonomicas_2022_06,provincia,Andalucía,Cádiz,Cádiz,VOX,3,3,NA,NA,3,5,bloques,en la (% sobre de escaños | encuesta voto error * CIS | (en %) válido)
3365,autonomicas_2022_06,provincia,Andalucía,Cádiz,Cádiz,Por Andalucía,1,1,NA,NA,1,5,bloques,en la (% sobre de escaños | encuesta voto error * CIS | (en %) válido)
3365,autonomicas_2022_06,provincia,Andalucía,Cádiz,Cádiz,Adelante Andalucía,1,1,NA,NA,1,5,bloques,en la (% sobre de escaños | encuesta voto error * CIS | (en %) válido)
3365,autonomicas_2022_06,provincia,Andalucía,Cádiz,Cádiz,Ciudadanos,0,0,NA,NA,0,5,bloques,en la (% sobre de escaños | encuesta voto error * CIS | (en %) válido)
3365,autonomicas_2022_06,provincia,Andalucía,Cádiz,Cádiz,PACMA,0,0,NA,NA,0,5,bloques,en la (% sobre de escaños | encuesta voto error * CIS | (en %) válido)
3365,autonomicas_2022_06,provincia,Andalucía,Córdoba,Córdoba,PP,5,5,NA,NA,5,6,bloques,encuesta error * CIS | voto válido) | (en %)
3365,autonomicas_2022_06,provincia,Andalucía,Córdoba,Córdoba,PSOE,4,4,NA,NA,4,6,bloques,encuesta error * CIS | voto válido) | (en %)
3365,autonomicas_2022_06,provincia,Andalucía,Córdoba,Córdoba,VOX,2,2,NA,NA,2,6,bloques,encuesta error * CIS | voto válido) | (en %)
3365,autonomicas_2022_06,provincia,Andalucía,Córdoba,Córdoba,Por Andalucía,1,1,NA,NA,1,6,bloques,encuesta error * CIS | voto válido) | (en %)
3365,autonomicas_2022_06,provincia,Andalucía,Córdoba,Córdoba,Ciudadanos,0,0,NA,NA,0,6,bloques,encuesta error * CIS | voto válido) | (en %)
3365,autonomicas_2022_06,provincia,Andalucía,Córdoba,Córdoba,Adelante Andalucía,0,0,NA,NA,0,6,bloques,encuesta error * CIS | voto válido) | (en %)
3365,autonomicas_2022_06,provincia,Andalucía,Córdoba,Córdoba,PACMA,0,0,NA,NA,0,6,bloques,encuesta error * CIS | voto válido) | (en %)
3365,autonomicas_2022_06,provincia,Andalucía,Granada,Granada,PP,6,6,NA,NA,6,7,bloques,encuesta error * CIS | voto válido) | (en %)
3365,autonomicas_2022_06,provincia,Andalucía,Granada,Granada,PSOE,4,5,NA,NA,4-5,7,bloques,encuesta error * CIS | voto válido) | (en %)
3365,autonomicas_2022_06,provincia,Andalucía,Granada,Granada,VOX,2,3,NA,NA,2-3,7,bloques,encuesta error * CIS | voto válido) | (en %)
3365,autonomicas_2022_06,provincia,Andalucía,Granada,Granada,Por Andalucía,1,1,NA,NA,1,7,bloques,encuesta error * CIS | voto válido) | (en %)
3365,autonomicas_2022_06,provincia,Andalucía,Granada,Granada,Ciudadanos,0,1,NA,NA,0-1,7,bloques,encuesta error * CIS | voto válido) | (en %)
3365,autonomicas_2022_06,provincia,Andalucía,Granada,Granada,Adelante Andalucía,0,0,NA,NA,0,7,bloques,encuesta error * CIS | voto válido) | (en %)
3365,autonomicas_2022_06,provincia,Andalucía,Granada,Granada,PACMA,0,0,NA,NA,0,7,bloques,encuesta error * CIS | voto válido) | (en %)
3365,autonomicas_2022_06,provincia,Andalucía,Granada,Granada,Juntos por Granada,0,0,NA,NA,0,7,bloques,encuesta error * CIS | voto válido) | (en %)
3365,autonomicas_2022_06,provincia,Andalucía,Huelva,Huelva,PP,5,5,NA,NA,5,8,bloques,encuesta error * CIS | voto válido) | (en %)
3365,autonomicas_2022_06,provincia,Andalucía,Huelva,Huelva,PSOE,3,3,NA,NA,3,8,bloques,encuesta error * CIS | voto válido) | (en %)
3365,autonomicas_2022_06,provincia,Andalucía,Huelva,Huelva,VOX,2,2,NA,NA,2,8,bloques,encuesta error * CIS | voto válido) | (en %)
3365,autonomicas_2022_06,provincia,Andalucía,Huelva,Huelva,Por Andalucía,1,1,NA,NA,1,8,bloques,encuesta error * CIS | voto válido) | (en %)
3365,autonomicas_2022_06,provincia,Andalucía,Huelva,Huelva,Adelante Andalucía,0,0,NA,NA,0,8,bloques,encuesta error * CIS | voto válido) | (en %)
3365,autonomicas_2022_06,provincia,Andalucía,Huelva,Huelva,Ciudadanos,0,0,NA,NA,0,8,bloques,encuesta error * CIS | voto válido) | (en %)
3365,autonomicas_2022_06,provincia,Andalucía,Huelva,Huelva,Por Huelva,0,0,NA,NA,0,8,bloques,encuesta error * CIS | voto válido) | (en %)
3365,autonomicas_2022_06,provincia,Andalucía,Huelva,Huelva,PACMA,0,0,NA,NA,0,8,bloques,encuesta error * CIS | voto válido) | (en %)
3365,autonomicas_2022_06,provincia,Andalucía,Jaén,Jaén,PP,5,5,NA,NA,5,9,bloques,encuesta error * CIS | voto válido) | (en %)
3365,autonomicas_2022_06,provincia,Andalucía,Jaén,Jaén,PSOE,3,3,NA,NA,3,9,bloques,encuesta error * CIS | voto válido) | (en %)
3365,autonomicas_2022_06,provincia,Andalucía,Jaén,Jaén,VOX,1,2,NA,NA,1-2,9,bloques,encuesta error * CIS | voto válido) | (en %)
3365,autonomicas_2022_06,provincia,Andalucía,Jaén,Jaén,Por Andalucía,1,1,NA,NA,1,9,bloques,encuesta error * CIS | voto válido) | (en %)
3365,autonomicas_2022_06,provincia,Andalucía,Jaén,Jaén,Jaén Merece Más,0,1,NA,NA,0-1,9,bloques,encuesta error * CIS | voto válido) | (en %)
3365,autonomicas_2022_06,provincia,Andalucía,Jaén,Jaén,Ciudadanos,0,0,NA,NA,0,9,bloques,encuesta error * CIS | voto válido) | (en %)
3365,autonomicas_2022_06,provincia,Andalucía,Jaén,Jaén,Adelante Andalucía,0,0,NA,NA,0,9,bloques,encuesta error * CIS | voto válido) | (en %)
3365,autonomicas_2022_06,provincia,Andalucía,Jaén,Jaén,PACMA,0,0,NA,NA,0,9,bloques,encuesta error * CIS | voto válido) | (en %)
3365,autonomicas_2022_06,provincia,Andalucía,Málaga,Málaga,PP,7,8,NA,NA,7-8,10,bloques,encuesta error * CIS | voto válido) | (en %)
3365,autonomicas_2022_06,provincia,Andalucía,Málaga,Málaga,PSOE,5,5,NA,NA,5,10,bloques,encuesta error * CIS | voto válido) | (en %)
3365,autonomicas_2022_06,provincia,Andalucía,Málaga,Málaga,VOX,3,3,NA,NA,3,10,bloques,encuesta error * CIS | voto válido) | (en %)
3365,autonomicas_2022_06,provincia,Andalucía,Málaga,Málaga,Por Andalucía,1,2,NA,NA,1-2,10,bloques,encuesta error * CIS | voto válido) | (en %)
3365,autonomicas_2022_06,provincia,Andalucía,Málaga,Málaga,Ciudadanos,1,1,NA,NA,1,10,bloques,encuesta error * CIS | voto válido) | (en %)
3365,autonomicas_2022_06,provincia,Andalucía,Málaga,Málaga,Adelante Andalucía,0,0,NA,NA,0,10,bloques,encuesta error * CIS | voto válido) | (en %)
3365,autonomicas_2022_06,provincia,Andalucía,Málaga,Málaga,PACMA,0,0,NA,NA,0,10,bloques,encuesta error * CIS | voto válido) | (en %)
3365,autonomicas_2022_06,provincia,Andalucía,Sevilla,Sevilla,PP,8,8,NA,NA,8,11,bloques,en la (% sobre de escaños | encuesta voto error * CIS | (en %) válido)
3365,autonomicas_2022_06,provincia,Andalucía,Sevilla,Sevilla,PSOE,5,6,NA,NA,5-6,11,bloques,en la (% sobre de escaños | encuesta voto error * CIS | (en %) válido)
3365,autonomicas_2022_06,provincia,Andalucía,Sevilla,Sevilla,VOX,2,3,NA,NA,2-3,11,bloques,en la (% sobre de escaños | encuesta voto error * CIS | (en %) válido)
3365,autonomicas_2022_06,provincia,Andalucía,Sevilla,Sevilla,Por Andalucía,2,2,NA,NA,2,11,bloques,en la (% sobre de escaños | encuesta voto error * CIS | (en %) válido)
3365,autonomicas_2022_06,provincia,Andalucía,Sevilla,Sevilla,Adelante Andalucía,1,1,NA,NA,1,11,bloques,en la (% sobre de escaños | encuesta voto error * CIS | (en %) válido)
3365,autonomicas_2022_06,provincia,Andalucía,Sevilla,Sevilla,Ciudadanos,0,1,NA,NA,0-1,11,bloques,en la (% sobre de escaños | encuesta voto error * CIS | (en %) válido)
3365,autonomicas_2022_06,provincia,Andalucía,Sevilla,Sevilla,PACMA,0,0,NA,NA,0,11,bloques,en la (% sobre de escaños | encuesta voto error * CIS | (en %) válido)
3402,municipales_2023_05,municipio,NA,NA,Barcelona,PSC,10,12,NA,NA,10-12,5,bloques,(en % sobre de error* voto | (en %) | censo) válido)
3402,municipales_2023_05,municipio,NA,NA,Barcelona,PP,2,3,NA,NA,2-3,5,bloques,(en % sobre de error* voto | (en %) | censo) válido)
3402,municipales_2023_05,municipio,NA,NA,Barcelona,VOX,0,0,NA,NA,-,5,bloques,(en % sobre de error* voto | (en %) | censo) válido)
3402,municipales_2023_05,municipio,NA,NA,Barcelona,En Comú Podem,11,13,NA,NA,11-13,5,bloques,(en % sobre de error* voto | (en %) | censo) válido)
3402,municipales_2023_05,municipio,NA,NA,Barcelona,Ciudadanos,0,0,NA,NA,-,5,bloques,(en % sobre de error* voto | (en %) | censo) válido)
3402,municipales_2023_05,municipio,NA,NA,Barcelona,PACMA,0,0,NA,NA,-,5,bloques,(en % sobre de error* voto | (en %) | censo) válido)
3402,municipales_2023_05,municipio,NA,NA,Barcelona,ERC,6,7,NA,NA,6-7,5,bloques,(en % sobre de error* voto | (en %) | censo) válido)
3402,municipales_2023_05,municipio,NA,NA,Barcelona,Junts,8,9,NA,NA,8-9,5,bloques,(en % sobre de error* voto | (en %) | censo) válido)
3402,municipales_2023_05,municipio,NA,NA,Barcelona,CUP,0,0,NA,NA,-,5,bloques,(en % sobre de error* voto | (en %) | censo) válido)
3402,municipales_2023_05,municipio,NA,NA,Barcelona,Valents,0,0,NA,NA,-,5,bloques,(en % sobre de error* voto | (en %) | censo) válido)
3402,municipales_2023_05,municipio,NA,NA,Barcelona,Otros partidos,0,0,NA,NA,-,5,bloques,(en % sobre de error* voto | (en %) | censo) válido)
3402,municipales_2023_05,municipio,NA,NA,Barcelona,En blanco,0,0,NA,NA,-,5,bloques,(en % sobre de error* voto | (en %) | censo) válido)
3402,municipales_2023_05,municipio,NA,NA,Bilbao,PSOE,5,6,NA,NA,5-6,6,bloques,(en % sobre de error* voto | (en %) | censo) válido)
3402,municipales_2023_05,municipio,NA,NA,Bilbao,PP,2,3,NA,NA,2-3,6,bloques,(en % sobre de error* voto | (en %) | censo) válido)
3402,municipales_2023_05,municipio,NA,NA,Bilbao,VOX,0,1,NA,NA,0-1,6,bloques,(en % sobre de error* voto | (en %) | censo) válido)
3402,municipales_2023_05,municipio,NA,NA,Bilbao,Elkarrekin (Podemos + IU + Verdes Equo + Alianza,2,3,NA,NA,2-3,6,bloques,(en % sobre de error* voto | (en %) | censo) válido)
3402,municipales_2023_05,municipio,NA,NA,Bilbao,Verde) Ciudadanos,0,0,NA,NA,-,6,bloques,(en % sobre de error* voto | (en %) | censo) válido)
3402,municipales_2023_05,municipio,NA,NA,Bilbao,EAJ-PNV,11,13,NA,NA,11-13,6,bloques,(en % sobre de error* voto | (en %) | censo) válido)
3402,municipales_2023_05,municipio,NA,NA,Bilbao,EH Bildu,5,7,NA,NA,5-7,6,bloques,(en % sobre de error* voto | (en %) | censo) válido)
3402,municipales_2023_05,municipio,NA,NA,Bilbao,Otros partidos,0,0,NA,NA,-,6,bloques,(en % sobre de error* voto | (en %) | censo) válido)
3402,municipales_2023_05,municipio,NA,NA,Bilbao,En blanco,0,0,NA,NA,-,6,bloques,(en % sobre de error* voto | (en %) | censo) válido)
3402,municipales_2023_05,municipio,NA,NA,Madrid,PSOE,8,11,NA,NA,8-11,7,bloques,(en % sobre de error* voto | (en %) | censo) válido)
3402,municipales_2023_05,municipio,NA,NA,Madrid,PP,21,25,NA,NA,21-25,7,bloques,(en % sobre de error* voto | (en %) | censo) válido)
3402,municipales_2023_05,municipio,NA,NA,Madrid,VOX,4,5,NA,NA,4-5,7,bloques,(en % sobre de error* voto | (en %) | censo) válido)
3402,municipales_2023_05,municipio,NA,NA,Madrid,Podemos + IU + Alianza Verde,0,4,NA,NA,0-4,7,bloques,(en % sobre de error* voto | (en %) | censo) válido)
3402,municipales_2023_05,municipio,NA,NA,Madrid,Ciudadanos,0,3,NA,NA,0-3,7,bloques,(en % sobre de error* voto | (en %) | censo) válido)
3402,municipales_2023_05,municipio,NA,NA,Madrid,Más Madrid,13,18,NA,NA,13-18,7,bloques,(en % sobre de error* voto | (en %) | censo) válido)
3402,municipales_2023_05,municipio,NA,NA,Madrid,Otros partidos,0,0,NA,NA,-,7,bloques,(en % sobre de error* voto | (en %) | censo) válido)
3402,municipales_2023_05,municipio,NA,NA,Madrid,En blanco,0,0,NA,NA,-,7,bloques,(en % sobre de error* voto | (en %) | censo) válido)
3402,municipales_2023_05,municipio,NA,NA,Sevilla,PSOE,14,15,NA,NA,14-15,8,bloques,(en % sobre de error* voto | (en %) | censo) válido)
3402,municipales_2023_05,municipio,NA,NA,Sevilla,PP,12,13,NA,NA,12-13,8,bloques,(en % sobre de error* voto | (en %) | censo) válido)
3402,municipales_2023_05,municipio,NA,NA,Sevilla,VOX,2,3,NA,NA,2-3,8,bloques,(en % sobre de error* voto | (en %) | censo) válido)
3402,municipales_2023_05,municipio,NA,NA,Sevilla,País + Los Verdes + EQUO + IPA +,3,3,NA,NA,3,8,bloques,(en % sobre de error* voto | (en %) | censo) válido)
3402,municipales_2023_05,municipio,NA,NA,Sevilla,Ciudadanos,0,0,NA,NA,-,8,bloques,(en % sobre de error* voto | (en %) | censo) válido)
3402,municipales_2023_05,municipio,NA,NA,Sevilla,PACMA,0,0,NA,NA,-,8,bloques,(en % sobre de error* voto | (en %) | censo) válido)
3402,municipales_2023_05,municipio,NA,NA,Sevilla,Adelante Andalucía,0,0,NA,NA,-,8,bloques,(en % sobre de error* voto | (en %) | censo) válido)
3402,municipales_2023_05,municipio,NA,NA,Sevilla,Otros partidos,0,0,NA,NA,-,8,bloques,(en % sobre de error* voto | (en %) | censo) válido)
3402,municipales_2023_05,municipio,NA,NA,Sevilla,En blanco,0,0,NA,NA,-,8,bloques,(en % sobre de error* voto | (en %) | censo) válido)
3402,municipales_2023_05,municipio,NA,NA,Valencia,PSOE,7,7,NA,NA,7,9,bloques,(en % sobre de error* voto | (en %) | censo) válido)
3402,municipales_2023_05,municipio,NA,NA,Valencia,PP,10,10,NA,NA,10,9,bloques,(en % sobre de error* voto | (en %) | censo) válido)
3402,municipales_2023_05,municipio,NA,NA,Valencia,VOX,4,5,NA,NA,4-5,9,bloques,(en % sobre de error* voto | (en %) | censo) válido)
3402,municipales_2023_05,municipio,NA,NA,Valencia,Unides Podem-Esquerra Unida,0,1,NA,NA,0-1,9,bloques,(en % sobre de error* voto | (en %) | censo) válido)
3402,municipales_2023_05,municipio,NA,NA,Valencia,Ciudadanos,0,0,NA,NA,-,9,bloques,(en % sobre de error* voto | (en %) | censo) válido)
3402,municipales_2023_05,municipio,NA,NA,Valencia,Compromís,11,12,NA,NA,11-12,9,bloques,(en % sobre de error* voto | (en %) | censo) válido)
3402,municipales_2023_05,municipio,NA,NA,Valencia,Otros partidos,0,0,NA,NA,-,9,bloques,(en % sobre de error* voto | (en %) | censo) válido)
3402,municipales_2023_05,municipio,NA,NA,Valencia,En blanco,0,0,NA,NA,-,9,bloques,(en % sobre de error* voto | (en %) | censo) válido)
3402,municipales_2023_05,municipio,NA,NA,Valladolid,PSOE,11,12,NA,NA,11-12,10,bloques,(en % sobre de error* voto | (en %) | censo) válido)
3402,municipales_2023_05,municipio,NA,NA,Valladolid,PP,9,11,NA,NA,9-11,10,bloques,(en % sobre de error* voto | (en %) | censo) válido)
3402,municipales_2023_05,municipio,NA,NA,Valladolid,VOX,2,3,NA,NA,2-3,10,bloques,(en % sobre de error* voto | (en %) | censo) válido)
3402,municipales_2023_05,municipio,NA,NA,Valladolid,Ciudadanos,0,0,NA,NA,-,10,bloques,(en % sobre de error* voto | (en %) | censo) válido)
3402,municipales_2023_05,municipio,NA,NA,Valladolid,Valladolid toma la Palabra,3,4,NA,NA,3-4,10,bloques,(en % sobre de error* voto | (en %) | censo) válido)
3402,municipales_2023_05,municipio,NA,NA,Valladolid,Otros partidos,0,0,NA,NA,-,10,bloques,(en % sobre de error* voto | (en %) | censo) válido)
3402,municipales_2023_05,municipio,NA,NA,Valladolid,En blanco,0,0,NA,NA,-,10,bloques,(en % sobre de error* voto | (en %) | censo) válido)
3402,municipales_2023_05,municipio,NA,NA,Vigo,PSOE,18,21,NA,NA,18-21,11,bloques,(en % sobre de error* voto | (en %) | censo) válido)
3402,municipales_2023_05,municipio,NA,NA,Vigo,PP,3,5,NA,NA,3-5,11,bloques,(en % sobre de error* voto | (en %) | censo) válido)
3402,municipales_2023_05,municipio,NA,NA,Vigo,VOX,0,0,NA,NA,-,11,bloques,(en % sobre de error* voto | (en %) | censo) válido)
3402,municipales_2023_05,municipio,NA,NA,Vigo,BNG,1,3,NA,NA,1-3,11,bloques,(en % sobre de error* voto | (en %) | censo) válido)
3402,municipales_2023_05,municipio,NA,NA,Vigo,Marea de Vigo,0,2,NA,NA,0-2,11,bloques,(en % sobre de error* voto | (en %) | censo) válido)
3402,municipales_2023_05,municipio,NA,NA,Vigo,Otros partidos,0,0,NA,NA,-,11,bloques,(en % sobre de error* voto | (en %) | censo) válido)
3402,municipales_2023_05,municipio,NA,NA,Vigo,En blanco,0,0,NA,NA,-,11,bloques,(en % sobre de error* voto | (en %) | censo) válido)
3402,municipales_2023_05,municipio,NA,NA,Zaragoza,PSOE,9,10,NA,NA,9-10,12,bloques,(en % sobre de error* voto | (en %) | censo) válido)
3402,municipales_2023_05,municipio,NA,NA,Zaragoza,PP,12,14,NA,NA,12-14,12,bloques,(en % sobre de error* voto | (en %) | censo) válido)
3402,municipales_2023_05,municipio,NA,NA,Zaragoza,VOX,2,3,NA,NA,2-3,12,bloques,(en % sobre de error* voto | (en %) | censo) válido)
3402,municipales_2023_05,municipio,NA,NA,Zaragoza,Ciudadanos,0,0,NA,NA,-,12,bloques,(en % sobre de error* voto | (en %) | censo) válido)
3402,municipales_2023_05,municipio,NA,NA,Zaragoza,Podemos + Alianza Verde,0,2,NA,NA,0-2,12,bloques,(en % sobre de error* voto | (en %) | censo) válido)
3402,municipales_2023_05,municipio,NA,NA,Zaragoza,PAR,0,0,NA,NA,-,12,bloques,(en % sobre de error* voto | (en %) | censo) válido)
3402,municipales_2023_05,municipio,NA,NA,Zaragoza,CHA,0,2,NA,NA,0-2,12,bloques,(en % sobre de error* voto | (en %) | censo) válido)
3402,municipales_2023_05,municipio,NA,NA,Zaragoza,Zaragoza en Común (Izquierda Unida + Ganemos,2,3,NA,NA,2-3,12,bloques,(en % sobre de error* voto | (en %) | censo) válido)
3402,municipales_2023_05,municipio,NA,NA,Zaragoza,Otros partidos,0,0,NA,NA,-,12,bloques,(en % sobre de error* voto | (en %) | censo) válido)
3402,municipales_2023_05,municipio,NA,NA,Zaragoza,En blanco,0,0,NA,NA,-,12,bloques,(en % sobre de error* voto | (en %) | censo) válido)
3402,autonomicas_2023_05,comunidad,Aragón,NA,Aragón,PSOE,24,26,NA,NA,24-26,13,bloques,(en % sobre de error* voto | (en %) | censo) válido)
3402,autonomicas_2023_05,comunidad,Aragón,NA,Aragón,PP,24,28,NA,NA,24-28,13,bloques,(en % sobre de error* voto | (en %) | censo) válido)
3402,autonomicas_2023_05,comunidad,Aragón,NA,Aragón,VOX,3,5,NA,NA,3-5,13,bloques,(en % sobre de error* voto | (en %) | censo) válido)
3402,autonomicas_2023_05,comunidad,Aragón,NA,Aragón,Podemos Alianza Verde,3,3,NA,NA,3,13,bloques,(en % sobre de error* voto | (en %) | censo) válido)
3402,autonomicas_2023_05,comunidad,Aragón,NA,Aragón,IU,1,1,NA,NA,1,13,bloques,(en % sobre de error* voto | (en %) | censo) válido)
3402,autonomicas_2023_05,comunidad,Aragón,NA,Aragón,Ciudadanos,0,0,NA,NA,-,13,bloques,(en % sobre de error* voto | (en %) | censo) válido)
3402,autonomicas_2023_05,comunidad,Aragón,NA,Aragón,PACMA,0,0,NA,NA,-,13,bloques,(en % sobre de error* voto | (en %) | censo) válido)
3402,autonomicas_2023_05,comunidad,Aragón,NA,Aragón,CHA,2,4,NA,NA,2-4,13,bloques,(en % sobre de error* voto | (en %) | censo) válido)
3402,autonomicas_2023_05,comunidad,Aragón,NA,Aragón,PAR,0,1,NA,NA,0-1,13,bloques,(en % sobre de error* voto | (en %) | censo) válido)
3402,autonomicas_2023_05,comunidad,Aragón,NA,Aragón,España Vaciada (Aragón Existe + Teruel Existe),4,4,NA,NA,4,13,bloques,(en % sobre de error* voto | (en %) | censo) válido)
3402,autonomicas_2023_05,comunidad,Aragón,NA,Aragón,Otros partidos,0,0,NA,NA,-,13,bloques,(en % sobre de error* voto | (en %) | censo) válido)
3402,autonomicas_2023_05,comunidad,Aragón,NA,Aragón,En blanco,0,0,NA,NA,-,13,bloques,(en % sobre de error* voto | (en %) | censo) válido)
3402,autonomicas_2023_05,comunidad,Cantabria,Cantabria,Cantabria,PSOE,8,9,NA,NA,8-9,17,bloques,(en % sobre de error* voto | (en %) | censo) válido)
3402,autonomicas_2023_05,comunidad,Cantabria,Cantabria,Cantabria,PP,12,13,NA,NA,12-13,17,bloques,(en % sobre de error* voto | (en %) | censo) válido)
3402,autonomicas_2023_05,comunidad,Cantabria,Cantabria,Cantabria,VOX,4,5,NA,NA,4-5,17,bloques,(en % sobre de error* voto | (en %) | censo) válido)
3402,autonomicas_2023_05,comunidad,Cantabria,Cantabria,Cantabria,Podemos Izquierda,2,3,NA,NA,2-3,17,bloques,(en % sobre de error* voto | (en %) | censo) válido)
3402,autonomicas_2023_05,comunidad,Cantabria,Cantabria,Cantabria,Ciudadanos,0,0,NA,NA,-,17,bloques,(en % sobre de error* voto | (en %) | censo) válido)
3402,autonomicas_2023_05,comunidad,Cantabria,Cantabria,Cantabria,PACMA,0,0,NA,NA,-,17,bloques,(en % sobre de error* voto | (en %) | censo) válido)
3402,autonomicas_2023_05,comunidad,Cantabria,Cantabria,Cantabria,PRC,6,7,NA,NA,6-7,17,bloques,(en % sobre de error* voto | (en %) | censo) válido)
3402,autonomicas_2023_05,comunidad,Cantabria,Cantabria,Cantabria,Otros partidos,0,0,NA,NA,-,17,bloques,(en % sobre de error* voto | (en %) | censo) válido)
3402,autonomicas_2023_05,comunidad,Cantabria,Cantabria,Cantabria,En blanco,0,0,NA,NA,-,17,bloques,(en % sobre de error* voto | (en %) | censo) válido)
3402,autonomicas_2023_05,comunidad,Castilla-La Mancha,NA,Castilla-La Mancha,PSOE,16,22,NA,NA,16-22,18,bloques,(en % sobre de error* voto | (en %) | censo) válido)
3402,autonomicas_2023_05,comunidad,Castilla-La Mancha,NA,Castilla-La Mancha,PP,9,11,NA,NA,9-11,18,bloques,(en % sobre de error* voto | (en %) | censo) válido)
3402,autonomicas_2023_05,comunidad,Castilla-La Mancha,NA,Castilla-La Mancha,VOX,2,4,NA,NA,2-4,18,bloques,(en % sobre de error* voto | (en %) | censo) válido)
3402,autonomicas_2023_05,comunidad,Castilla-La Mancha,NA,Castilla-La Mancha,Unidas Podemos (Podemos + IU + Alianza Verde +,0,2,NA,NA,0-2,18,bloques,(en % sobre de error* voto | (en %) | censo) válido)
3402,autonomicas_2023_05,comunidad,Castilla-La Mancha,NA,Castilla-La Mancha,Ciudadanos,0,0,NA,NA,-,18,bloques,(en % sobre de error* voto | (en %) | censo) válido)
3402,autonomicas_2023_05,comunidad,Castilla-La Mancha,NA,Castilla-La Mancha,Otros partidos,0,0,NA,NA,-,18,bloques,(en % sobre de error* voto | (en %) | censo) válido)
3402,autonomicas_2023_05,comunidad,Castilla-La Mancha,NA,Castilla-La Mancha,En blanco,0,0,NA,NA,-,18,bloques,(en % sobre de error* voto | (en %) | censo) válido)
3402,autonomicas_2023_05,comunidad,Extremadura,NA,Extremadura,PSOE,28,29,NA,NA,28-29,19,bloques,(en % sobre de error* voto | (en %) | censo) válido)
3402,autonomicas_2023_05,comunidad,Extremadura,NA,Extremadura,PP,24,26,NA,NA,24-26,19,bloques,(en % sobre de error* voto | (en %) | censo) válido)
3402,autonomicas_2023_05,comunidad,Extremadura,NA,Extremadura,VOX,5,6,NA,NA,5-6,19,bloques,(en % sobre de error* voto | (en %) | censo) válido)
3402,autonomicas_2023_05,comunidad,Extremadura,NA,Extremadura,Extremadura (Podemos + IU + Alianza Verde),4,8,NA,NA,4-8,19,bloques,(en % sobre de error* voto | (en %) | censo) válido)
3402,autonomicas_2023_05,comunidad,Extremadura,NA,Extremadura,Ciudadanos,0,0,NA,NA,-,19,bloques,(en % sobre de error* voto | (en %) | censo) válido)
3402,autonomicas_2023_05,comunidad,Extremadura,NA,Extremadura,Otros partidos,0,0,NA,NA,-,19,bloques,(en % sobre de error* voto | (en %) | censo) válido)
3402,autonomicas_2023_05,comunidad,Extremadura,NA,Extremadura,En blanco,0,0,NA,NA,-,19,bloques,(en % sobre de error* voto | (en %) | censo) válido)
3402,autonomicas_2023_05,comunidad,Comunidad de Madrid,Madrid,Comunidad de Madrid,PSOE,19,26,NA,NA,19-26,20,bloques,(en % sobre de error* voto | (en %) | censo) válido)
3402,autonomicas_2023_05,comunidad,Comunidad de Madrid,Madrid,Comunidad de Madrid,PP,61,70,NA,NA,61-70,20,bloques,(en % sobre de error* voto | (en %) | censo) válido)
3402,autonomicas_2023_05,comunidad,Comunidad de Madrid,Madrid,Comunidad de Madrid,VOX,8,11,NA,NA,8-11,20,bloques,(en % sobre de error* voto | (en %) | censo) válido)
3402,autonomicas_2023_05,comunidad,Comunidad de Madrid,Madrid,Comunidad de Madrid,Podemos + Izquierda Unida+ Alianza Verde,8,10,NA,NA,8-10,20,bloques,(en % sobre de error* voto | (en %) | censo) válido)
3402,autonomicas_2023_05,comunidad,Comunidad de Madrid,Madrid,Comunidad de Madrid,Ciudadanos,0,0,NA,NA,-,20,bloques,(en % sobre de error* voto | (en %) | censo) válido)
3402,autonomicas_2023_05,comunidad,Comunidad de Madrid,Madrid,Comunidad de Madrid,Más Madrid Verdes EQUO,29,30,NA,NA,29-30,20,bloques,(en % sobre de error* voto | (en %) | censo) válido)
3402,autonomicas_2023_05,comunidad,Comunidad de Madrid,Madrid,Comunidad de Madrid,Otros partidos,0,0,NA,NA,-,20,bloques,(en % sobre de error* voto | (en %) | censo) válido)
3402,autonomicas_2023_05,comunidad,Comunidad de Madrid,Madrid,Comunidad de Madrid,En blanco,0,0,NA,NA,-,20,bloques,(en % sobre de error* voto | (en %) | censo) válido)
3402,autonomicas_2023_05,comunidad,Región de Murcia,Murcia,Región de Murcia,PSOE,14,16,NA,NA,14-16,21,bloques,(en % sobre de error* voto | (en %) | censo) válido)
3402,autonomicas_2023_05,comunidad,Región de Murcia,Murcia,Región de Murcia,PP,17,18,NA,NA,17-18,21,bloques,(en % sobre de error* voto | (en %) | censo) válido)
3402,autonomicas_2023_05,comunidad,Región de Murcia,Murcia,Región de Murcia,VOX,7,9,NA,NA,7-9,21,bloques,(en % sobre de error* voto | (en %) | censo) válido)
3402,autonomicas_2023_05,comunidad,Región de Murcia,Murcia,Región de Murcia,Izquierda Unida + Verdes +,4,5,NA,NA,4-5,21,bloques,(en % sobre de error* voto | (en %) | censo) válido)
3402,autonomicas_2023_05,comunidad,Región de Murcia,Murcia,Región de Murcia,Ciudadanos,0,0,NA,NA,-,21,bloques,(en % sobre de error* voto | (en %) | censo) válido)
3402,autonomicas_2023_05,comunidad,Región de Murcia,Murcia,Región de Murcia,Otros partidos,0,0,NA,NA,-,21,bloques,(en % sobre de error* voto | (en %) | censo) válido)
3402,autonomicas_2023_05,comunidad,Región de Murcia,Murcia,Región de Murcia,En blanco,0,0,NA,NA,-,21,bloques,(en % sobre de error* voto | (en %) | censo) válido)
3402,autonomicas_2023_05,comunidad,Navarra,Navarra,Navarra,PSOE,9,12,NA,NA,9-12,22,bloques,(en % sobre de error* voto | (en %) | censo) válido)
3402,autonomicas_2023_05,comunidad,Navarra,Navarra,Navarra,PP,5,6,NA,NA,5-6,22,bloques,(en % sobre de error* voto | (en %) | censo) válido)
3402,autonomicas_2023_05,comunidad,Navarra,Navarra,Navarra,VOX,2,3,NA,NA,2-3,22,bloques,(en % sobre de error* voto | (en %) | censo) válido)
3402,autonomicas_2023_05,comunidad,Navarra,Navarra,Navarra,Alianza Verde + Batzarre +,2,4,NA,NA,2-4,22,bloques,(en % sobre de error* voto | (en %) | censo) válido)
3402,autonomicas_2023_05,comunidad,Navarra,Navarra,Navarra,Ciudadanos,0,0,NA,NA,-,22,bloques,(en % sobre de error* voto | (en %) | censo) válido)
3402,autonomicas_2023_05,comunidad,Navarra,Navarra,Navarra,UPN,10,13,NA,NA,10-13,22,bloques,(en % sobre de error* voto | (en %) | censo) válido)
3402,autonomicas_2023_05,comunidad,Navarra,Navarra,Navarra,Geroa Bai,8,10,NA,NA,8-10,22,bloques,(en % sobre de error* voto | (en %) | censo) válido)
3402,autonomicas_2023_05,comunidad,Navarra,Navarra,Navarra,EH Bildu,8,10,NA,NA,8-10,22,bloques,(en % sobre de error* voto | (en %) | censo) válido)
3402,autonomicas_2023_05,comunidad,Navarra,Navarra,Navarra,Otros partidos,0,0,NA,NA,-,22,bloques,(en % sobre de error* voto | (en %) | censo) válido)
3402,autonomicas_2023_05,comunidad,Navarra,Navarra,Navarra,En blanco,0,0,NA,NA,-,22,bloques,(en % sobre de error* voto | (en %) | censo) válido)
3402,autonomicas_2023_05,comunidad,La Rioja,La Rioja,La Rioja,PSOE,13,14,NA,NA,13-14,23,bloques,(en % sobre de error* voto | (en %) | censo) válido)
3402,autonomicas_2023_05,comunidad,La Rioja,La Rioja,La Rioja,PP,14,15,NA,NA,14-15,23,bloques,(en % sobre de error* voto | (en %) | censo) válido)
3402,autonomicas_2023_05,comunidad,La Rioja,La Rioja,La Rioja,VOX,1,2,NA,NA,1-2,23,bloques,(en % sobre de error* voto | (en %) | censo) válido)
3402,autonomicas_2023_05,comunidad,La Rioja,La Rioja,La Rioja,Podemos + Izquierda Unida,2,4,NA,NA,2-4,23,bloques,(en % sobre de error* voto | (en %) | censo) válido)
3402,autonomicas_2023_05,comunidad,La Rioja,La Rioja,La Rioja,Ciudadanos,0,0,NA,NA,-,23,bloques,(en % sobre de error* voto | (en %) | censo) válido)
3402,autonomicas_2023_05,comunidad,La Rioja,La Rioja,La Rioja,Partido Riojano-+ España Vaciada,0,0,NA,NA,-,23,bloques,(en % sobre de error* voto | (en %) | censo) válido)
3402,autonomicas_2023_05,comunidad,La Rioja,La Rioja,La Rioja,Otros partidos,0,0,NA,NA,-,23,bloques,(en % sobre de error* voto | (en %) | censo) válido)
3402,autonomicas_2023_05,comunidad,La Rioja,La Rioja,La Rioja,En blanco,0,0,NA,NA,-,23,bloques,(en % sobre de error* voto | (en %) | censo) válido)
3402,autonomicas_2023_05,comunidad,Comunitat Valenciana,NA,Comunitat Valenciana,PSOE,30,34,NA,NA,30-34,24,bloques,(en % sobre de error* voto | (en %) | censo) válido)
3402,autonomicas_2023_05,comunidad,Comunitat Valenciana,NA,Comunitat Valenciana,PP,31,36,NA,NA,31-36,24,bloques,(en % sobre de error* voto | (en %) | censo) válido)
3402,autonomicas_2023_05,comunidad,Comunitat Valenciana,NA,Comunitat Valenciana,VOX,8,12,NA,NA,8-12,24,bloques,(en % sobre de error* voto | (en %) | censo) válido)
3402,autonomicas_2023_05,comunidad,Comunitat Valenciana,NA,Comunitat Valenciana,Unides Podem + Esquerra Unida,2,5,NA,NA,2-5,24,bloques,(en % sobre de error* voto | (en %) | censo) válido)
3402,autonomicas_2023_05,comunidad,Comunitat Valenciana,NA,Comunitat Valenciana,Ciudadanos,0,0,NA,NA,-,24,bloques,(en % sobre de error* voto | (en %) | censo) válido)
3402,autonomicas_2023_05,comunidad,Comunitat Valenciana,NA,Comunitat Valenciana,PACMA,0,0,NA,NA,-,24,bloques,(en % sobre de error* voto | (en %) | censo) válido)
3402,autonomicas_2023_05,comunidad,Comunitat Valenciana,NA,Comunitat Valenciana,Compromís,15,19,NA,NA,15-19,24,bloques,(en % sobre de error* voto | (en %) | censo) válido)
3402,autonomicas_2023_05,comunidad,Comunitat Valenciana,NA,Comunitat Valenciana,Otros partidos,0,0,NA,NA,-,24,bloques,(en % sobre de error* voto | (en %) | censo) válido)
3402,autonomicas_2023_05,comunidad,Comunitat Valenciana,NA,Comunitat Valenciana,En blanco,0,0,NA,NA,-,24,bloques,(en % sobre de error* voto | (en %) | censo) válido)
3411,generales_2023_07,nacional,NA,NA,España,PP,122,140,NA,NA,122-140,2,bloques,el voto | censo) | válido)
3411,generales_2023_07,nacional,NA,NA,España,PSOE,115,135,NA,NA,115-135,2,bloques,el voto | censo) | válido)
3411,generales_2023_07,nacional,NA,NA,España,SUMAR,43,50,NA,NA,43-50,2,bloques,el voto | censo) | válido)
3411,generales_2023_07,nacional,NA,NA,España,VOX,21,29,NA,NA,21-29,2,bloques,el voto | censo) | válido)
3411,generales_2023_07,nacional,NA,NA,España,ERC,5,7,NA,NA,5-7,2,bloques,el voto | censo) | válido)
3411,generales_2023_07,nacional,NA,NA,España,EH-Bildu,4,7,NA,NA,4-7,2,bloques,el voto | censo) | válido)
3411,generales_2023_07,nacional,NA,NA,España,JuntsxCat,3,6,NA,NA,3-6,2,bloques,el voto | censo) | válido)
3411,generales_2023_07,nacional,NA,NA,España,EAJ-PNV,3,5,NA,NA,3-5,2,bloques,el voto | censo) | válido)
3411,generales_2023_07,nacional,NA,NA,España,BNG,2,3,NA,NA,2-3,2,bloques,el voto | censo) | válido)
3411,generales_2023_07,nacional,NA,NA,España,CCa,0,1,NA,NA,0-1,2,bloques,el voto | censo) | válido)
3411,generales_2023_07,nacional,NA,NA,España,CUP,0,1,NA,NA,0-1,2,bloques,el voto | censo) | válido)
3411,generales_2023_07,nacional,NA,NA,España,Teruel Existe,0,1,NA,NA,0-1,2,bloques,el voto | censo) | válido)
3411,generales_2023_07,nacional,NA,NA,España,En blanco,0,0,NA,NA,-,2,bloques,el voto | censo) | válido)
3411,generales_2023_07,nacional,NA,NA,España,Otros partidos,0,0,NA,NA,-,2,bloques,el voto | censo) | válido)
3411,generales_2023_07,provincia,Andalucía,Almería,Almería,PSOE,2,2,NA,6,2,3,ancho,ALMERÍA
3411,generales_2023_07,provincia,Andalucía,Almería,Almería,PP,3,3,NA,6,3,3,ancho,ALMERÍA
3411,generales_2023_07,provincia,Andalucía,Almería,Almería,VOX,1,1,NA,6,1,3,ancho,ALMERÍA
3411,generales_2023_07,provincia,Andalucía,Almería,Almería,SUMAR,0,0,NA,6,0,3,ancho,ALMERÍA
3411,generales_2023_07,provincia,Andalucía,Almería,Almería,Teruel Existe,0,0,NA,6,0,3,ancho,ALMERÍA
3411,generales_2023_07,provincia,Andalucía,Almería,Almería,CCa,0,0,NA,6,0,3,ancho,ALMERÍA
3411,generales_2023_07,provincia,Andalucía,Almería,Almería,ERC,0,0,NA,6,0,3,ancho,ALMERÍA
3411,generales_2023_07,provincia,Andalucía,Almería,Almería,JxCat,0,0,NA,6,0,3,ancho,ALMERÍA
3411,generales_2023_07,provincia,Andalucía,Almería,Almería,CUP,0,0,NA,6,0,3,ancho,ALMERÍA
3411,generales_2023_07,provincia,Andalucía,Almería,Almería,BNG,0,0,NA,6,0,3,ancho,ALMERÍA
3411,generales_2023_07,provincia,Andalucía,Almería,Almería,EAJ-PNV,0,0,NA,6,0,3,ancho,ALMERÍA
3411,generales_2023_07,provincia,Andalucía,Almería,Almería,EH-Bildu,0,0,NA,6,0,3,ancho,ALMERÍA
3411,generales_2023_07,provincia,Andalucía,Cádiz,Cádiz,PSOE,3,3,NA,9,3,3,ancho,CÁDIZ
3411,generales_2023_07,provincia,Andalucía,Cádiz,Cádiz,PP,4,4,NA,9,4,3,ancho,CÁDIZ
3411,generales_2023_07,provincia,Andalucía,Cádiz,Cádiz,VOX,1,1,NA,9,1,3,ancho,CÁDIZ
3411,generales_2023_07,provincia,Andalucía,Cádiz,Cádiz,SUMAR,1,1,NA,9,1,3,ancho,CÁDIZ
3411,generales_2023_07,provincia,Andalucía,Cádiz,Cádiz,Teruel Existe,0,0,NA,9,0,3,ancho,CÁDIZ
3411,generales_2023_07,provincia,Andalucía,Cádiz,Cádiz,CCa,0,0,NA,9,0,3,ancho,CÁDIZ
3411,generales_2023_07,provincia,Andalucía,Cádiz,Cádiz,ERC,0,0,NA,9,0,3,ancho,CÁDIZ
3411,generales_2023_07,provincia,Andalucía,Cádiz,Cádiz,JxCat,0,0,NA,9,0,3,ancho,CÁDIZ
3411,generales_2023_07,provincia,Andalucía,Cádiz,Cádiz,CUP,0,0,NA,9,0,3,ancho,CÁDIZ
3411,generales_2023_07,provincia,Andalucía,Cádiz,Cádiz,BNG,0,0,NA,9,0,3,ancho,CÁDIZ
3411,generales_2023_07,provincia,Andalucía,Cádiz,Cádiz,EAJ-PNV,0,0,NA,9,0,3,ancho,CÁDIZ
3411,generales_2023_07,provincia,Andalucía,Cádiz,Cádiz,EH-Bildu,0,0,NA,9,0,3,ancho,CÁDIZ
3411,generales_2023_07,provincia,Andalucía,Córdoba,Córdoba,PSOE,1,2,NA,6,1-2,3,ancho,CÓRDOBA
3411,generales_2023_07,provincia,Andalucía,Córdoba,Córdoba,PP,2,3,NA,6,2-3,3,ancho,CÓRDOBA
3411,generales_2023_07,provincia,Andalucía,Córdoba,Córdoba,VOX,0,1,NA,6,0-1,3,ancho,CÓRDOBA
3411,generales_2023_07,provincia,Andalucía,Córdoba,Córdoba,SUMAR,1,1,NA,6,1,3,ancho,CÓRDOBA
3411,generales_2023_07,provincia,Andalucía,Córdoba,Córdoba,Teruel Existe,0,0,NA,6,0,3,ancho,CÓRDOBA
3411,generales_2023_07,provincia,Andalucía,Córdoba,Córdoba,CCa,0,0,NA,6,0,3,ancho,CÓRDOBA
3411,generales_2023_07,provincia,Andalucía,Córdoba,Córdoba,ERC,0,0,NA,6,0,3,ancho,CÓRDOBA
3411,generales_2023_07,provincia,Andalucía,Córdoba,Córdoba,JxCat,0,0,NA,6,0,3,ancho,CÓRDOBA
3411,generales_2023_07,provincia,Andalucía,Córdoba,Córdoba,CUP,0,0,NA,6,0,3,ancho,CÓRDOBA
3411,generales_2023_07,provincia,Andalucía,Córdoba,Córdoba,BNG,0,0,NA,6,0,3,ancho,CÓRDOBA
3411,generales_2023_07,provincia,Andalucía,Córdoba,Córdoba,EAJ-PNV,0,0,NA,6,0,3,ancho,CÓRDOBA
3411,generales_2023_07,provincia,Andalucía,Córdoba,Córdoba,EH-Bildu,0,0,NA,6,0,3,ancho,CÓRDOBA
3411,generales_2023_07,provincia,Andalucía,Granada,Granada,PSOE,2,2,NA,7,2,3,ancho,GRANADA
3411,generales_2023_07,provincia,Andalucía,Granada,Granada,PP,3,3,NA,7,3,3,ancho,GRANADA
3411,generales_2023_07,provincia,Andalucía,Granada,Granada,VOX,1,1,NA,7,1,3,ancho,GRANADA
3411,generales_2023_07,provincia,Andalucía,Granada,Granada,SUMAR,1,1,NA,7,1,3,ancho,GRANADA
3411,generales_2023_07,provincia,Andalucía,Granada,Granada,Teruel Existe,0,0,NA,7,0,3,ancho,GRANADA
3411,generales_2023_07,provincia,Andalucía,Granada,Granada,CCa,0,0,NA,7,0,3,ancho,GRANADA
3411,generales_2023_07,provincia,Andalucía,Granada,Granada,ERC,0,0,NA,7,0,3,ancho,GRANADA
3411,generales_2023_07,provincia,Andalucía,Granada,Granada,JxCat,0,0,NA,7,0,3,ancho,GRANADA
3411,generales_2023_07,provincia,Andalucía,Granada,Granada,CUP,0,0,NA,7,0,3,ancho,GRANADA
3411,generales_2023_07,provincia,Andalucía,Granada,Granada,BNG,0,0,NA,7,0,3,ancho,GRANADA
3411,generales_2023_07,provincia,Andalucía,Granada,Granada,EAJ-PNV,0,0,NA,7,0,3,ancho,GRANADA
3411,generales_2023_07,provincia,Andalucía,Granada,Granada,EH-Bildu,0,0,NA,7,0,3,ancho,GRANADA
3411,generales_2023_07,provincia,Andalucía,Huelva,Huelva,PSOE,2,2,NA,5,2,3,ancho,HUELVA
3411,generales_2023_07,provincia,Andalucía,Huelva,Huelva,PP,2,2,NA,5,2,3,ancho,HUELVA
3411,generales_2023_07,provincia,Andalucía,Huelva,Huelva,VOX,0,0,NA,5,0,3,ancho,HUELVA
3411,generales_2023_07,provincia,Andalucía,Huelva,Huelva,SUMAR,1,1,NA,5,1,3,ancho,HUELVA
3411,generales_2023_07,provincia,Andalucía,Huelva,Huelva,Teruel Existe,0,0,NA,5,0,3,ancho,HUELVA
3411,generales_2023_07,provincia,Andalucía,Huelva,Huelva,CCa,0,0,NA,5,0,3,ancho,HUELVA
3411,generales_2023_07,provincia,Andalucía,Huelva,Huelva,ERC,0,0,NA,5,0,3,ancho,HUELVA
3411,generales_2023_07,provincia,Andalucía,Huelva,Huelva,JxCat,0,0,NA,5,0,3,ancho,HUELVA
3411,generales_2023_07,provincia,Andalucía,Huelva,Huelva,CUP,0,0,NA,5,0,3,ancho,HUELVA
3411,generales_2023_07,provincia,Andalucía,Huelva,Huelva,BNG,0,0,NA,5,0,3,ancho,HUELVA
3411,generales_2023_07,provincia,Andalucía,Huelva,Huelva,EAJ-PNV,0,0,NA,5,0,3,ancho,HUELVA
3411,generales_2023_07,provincia,Andalucía,Huelva,Huelva,EH-Bildu,0,0,NA,5,0,3,ancho,HUELVA
3411,generales_2023_07,provincia,Andalucía,Jaén,Jaén,PSOE,2,2,NA,5,2,3,ancho,JAÉN
3411,generales_2023_07,provincia,Andalucía,Jaén,Jaén,PP,3,3,NA,5,3,3,ancho,JAÉN
3411,generales_2023_07,provincia,Andalucía,Jaén,Jaén,VOX,0,0,NA,5,0,3,ancho,JAÉN
3411,generales_2023_07,provincia,Andalucía,Jaén,Jaén,SUMAR,0,0,NA,5,0,3,ancho,JAÉN
3411,generales_2023_07,provincia,Andalucía,Jaén,Jaén,Teruel Existe,0,0,NA,5,0,3,ancho,JAÉN
3411,generales_2023_07,provincia,Andalucía,Jaén,Jaén,CCa,0,0,NA,5,0,3,ancho,JAÉN
3411,generales_2023_07,provincia,Andalucía,Jaén,Jaén,ERC,0,0,NA,5,0,3,ancho,JAÉN
3411,generales_2023_07,provincia,Andalucía,Jaén,Jaén,JxCat,0,0,NA,5,0,3,ancho,JAÉN
3411,generales_2023_07,provincia,Andalucía,Jaén,Jaén,CUP,0,0,NA,5,0,3,ancho,JAÉN
3411,generales_2023_07,provincia,Andalucía,Jaén,Jaén,BNG,0,0,NA,5,0,3,ancho,JAÉN
3411,generales_2023_07,provincia,Andalucía,Jaén,Jaén,EAJ-PNV,0,0,NA,5,0,3,ancho,JAÉN
3411,generales_2023_07,provincia,Andalucía,Jaén,Jaén,EH-Bildu,0,0,NA,5,0,3,ancho,JAÉN
3411,generales_2023_07,provincia,Andalucía,Málaga,Málaga,PSOE,3,3,NA,11,3,3,ancho,MÁLAGA
3411,generales_2023_07,provincia,Andalucía,Málaga,Málaga,PP,5,5,NA,11,5,3,ancho,MÁLAGA
3411,generales_2023_07,provincia,Andalucía,Málaga,Málaga,VOX,1,1,NA,11,1,3,ancho,MÁLAGA
3411,generales_2023_07,provincia,Andalucía,Málaga,Málaga,SUMAR,2,2,NA,11,2,3,ancho,MÁLAGA
3411,generales_2023_07,provincia,Andalucía,Málaga,Málaga,Teruel Existe,0,0,NA,11,0,3,ancho,MÁLAGA
3411,generales_2023_07,provincia,Andalucía,Málaga,Málaga,CCa,0,0,NA,11,0,3,ancho,MÁLAGA
3411,generales_2023_07,provincia,Andalucía,Málaga,Málaga,ERC,0,0,NA,11,0,3,ancho,MÁLAGA
3411,generales_2023_07,provincia,Andalucía,Málaga,Málaga,JxCat,0,0,NA,11,0,3,ancho,MÁLAGA
3411,generales_2023_07,provincia,Andalucía,Málaga,Málaga,CUP,0,0,NA,11,0,3,ancho,MÁLAGA
3411,generales_2023_07,provincia,Andalucía,Málaga,Málaga,BNG,0,0,NA,11,0,3,ancho,MÁLAGA
3411,generales_2023_07,provincia,Andalucía,Málaga,Málaga,EAJ-PNV,0,0,NA,11,0,3,ancho,MÁLAGA
3411,generales_2023_07,provincia,Andalucía,Málaga,Málaga,EH-Bildu,0,0,NA,11,0,3,ancho,MÁLAGA
3411,generales_2023_07,provincia,Andalucía,Sevilla,Sevilla,PSOE,3,4,NA,12,3-4,3,ancho,SEVILLA
3411,generales_2023_07,provincia,Andalucía,Sevilla,Sevilla,PP,5,5,NA,12,5,3,ancho,SEVILLA
3411,generales_2023_07,provincia,Andalucía,Sevilla,Sevilla,VOX,1,2,NA,12,1-2,3,ancho,SEVILLA
3411,generales_2023_07,provincia,Andalucía,Sevilla,Sevilla,SUMAR,2,2,NA,12,2,3,ancho,SEVILLA
3411,generales_2023_07,provincia,Andalucía,Sevilla,Sevilla,Teruel Existe,0,0,NA,12,0,3,ancho,SEVILLA
3411,generales_2023_07,provincia,Andalucía,Sevilla,Sevilla,CCa,0,0,NA,12,0,3,ancho,SEVILLA
3411,generales_2023_07,provincia,Andalucía,Sevilla,Sevilla,ERC,0,0,NA,12,0,3,ancho,SEVILLA
3411,generales_2023_07,provincia,Andalucía,Sevilla,Sevilla,JxCat,0,0,NA,12,0,3,ancho,SEVILLA
3411,generales_2023_07,provincia,Andalucía,Sevilla,Sevilla,CUP,0,0,NA,12,0,3,ancho,SEVILLA
3411,generales_2023_07,provincia,Andalucía,Sevilla,Sevilla,BNG,0,0,NA,12,0,3,ancho,SEVILLA
3411,generales_2023_07,provincia,Andalucía,Sevilla,Sevilla,EAJ-PNV,0,0,NA,12,0,3,ancho,SEVILLA
3411,generales_2023_07,provincia,Andalucía,Sevilla,Sevilla,EH-Bildu,0,0,NA,12,0,3,ancho,SEVILLA
3411,generales_2023_07,provincia,Aragón,Huesca,Huesca,PSOE,1,1,NA,3,1,3,ancho,HUESCA
3411,generales_2023_07,provincia,Aragón,Huesca,Huesca,PP,1,2,NA,3,1-2,3,ancho,HUESCA
3411,generales_2023_07,provincia,Aragón,Huesca,Huesca,VOX,0,0,NA,3,0,3,ancho,HUESCA
3411,generales_2023_07,provincia,Aragón,Huesca,Huesca,SUMAR,0,1,NA,3,0-1,3,ancho,HUESCA
3411,generales_2023_07,provincia,Aragón,Huesca,Huesca,Teruel Existe,0,0,NA,3,0,3,ancho,HUESCA
3411,generales_2023_07,provincia,Aragón,Huesca,Huesca,CCa,0,0,NA,3,0,3,ancho,HUESCA
3411,generales_2023_07,provincia,Aragón,Huesca,Huesca,ERC,0,0,NA,3,0,3,ancho,HUESCA
3411,generales_2023_07,provincia,Aragón,Huesca,Huesca,JxCat,0,0,NA,3,0,3,ancho,HUESCA
3411,generales_2023_07,provincia,Aragón,Huesca,Huesca,CUP,0,0,NA,3,0,3,ancho,HUESCA
3411,generales_2023_07,provincia,Aragón,Huesca,Huesca,BNG,0,0,NA,3,0,3,ancho,HUESCA
3411,generales_2023_07,provincia,Aragón,Huesca,Huesca,EAJ-PNV,0,0,NA,3,0,3,ancho,HUESCA
3411,generales_2023_07,provincia,Aragón,Huesca,Huesca,EH-Bildu,0,0,NA,3,0,3,ancho,HUESCA
3411,generales_2023_07,provincia,Aragón,Teruel,Teruel,PSOE,1,1,NA,3,1,3,ancho,TERUEL
3411,generales_2023_07,provincia,Aragón,Teruel,Teruel,PP,1,2,NA,3,1-2,3,ancho,TERUEL
3411,generales_2023_07,provincia,Aragón,Teruel,Teruel,VOX,0,0,NA,3,0,3,ancho,TERUEL
3411,generales_2023_07,provincia,Aragón,Teruel,Teruel,SUMAR,0,0,NA,3,0,3,ancho,TERUEL
3411,generales_2023_07,provincia,Aragón,Teruel,Teruel,Teruel Existe,0,1,NA,3,0-1,3,ancho,TERUEL
3411,generales_2023_07,provincia,Aragón,Teruel,Teruel,CCa,0,0,NA,3,0,3,ancho,TERUEL
3411,generales_2023_07,provincia,Aragón,Teruel,Teruel,ERC,0,0,NA,3,0,3,ancho,TERUEL
3411,generales_2023_07,provincia,Aragón,Teruel,Teruel,JxCat,0,0,NA,3,0,3,ancho,TERUEL
3411,generales_2023_07,provincia,Aragón,Teruel,Teruel,CUP,0,0,NA,3,0,3,ancho,TERUEL
3411,generales_2023_07,provincia,Aragón,Teruel,Teruel,BNG,0,0,NA,3,0,3,ancho,TERUEL
3411,generales_2023_07,provincia,Aragón,Teruel,Teruel,EAJ-PNV,0,0,NA,3,0,3,ancho,TERUEL
3411,generales_2023_07,provincia,Aragón,Teruel,Teruel,EH-Bildu,0,0,NA,3,0,3,ancho,TERUEL
3411,generales_2023_07,provincia,Aragón,Zaragoza,Zaragoza,PSOE,2,3,NA,7,2-3,3,ancho,ZARAGOZA
3411,generales_2023_07,provincia,Aragón,Zaragoza,Zaragoza,PP,3,3,NA,7,3,3,ancho,ZARAGOZA
3411,generales_2023_07,provincia,Aragón,Zaragoza,Zaragoza,VOX,0,1,NA,7,0-1,3,ancho,ZARAGOZA
3411,generales_2023_07,provincia,Aragón,Zaragoza,Zaragoza,SUMAR,1,1,NA,7,1,3,ancho,ZARAGOZA
3411,generales_2023_07,provincia,Aragón,Zaragoza,Zaragoza,Teruel Existe,0,0,NA,7,0,3,ancho,ZARAGOZA
3411,generales_2023_07,provincia,Aragón,Zaragoza,Zaragoza,CCa,0,0,NA,7,0,3,ancho,ZARAGOZA
3411,generales_2023_07,provincia,Aragón,Zaragoza,Zaragoza,ERC,0,0,NA,7,0,3,ancho,ZARAGOZA
3411,generales_2023_07,provincia,Aragón,Zaragoza,Zaragoza,JxCat,0,0,NA,7,0,3,ancho,ZARAGOZA
3411,generales_2023_07,provincia,Aragón,Zaragoza,Zaragoza,CUP,0,0,NA,7,0,3,ancho,ZARAGOZA
3411,generales_2023_07,provincia,Aragón,Zaragoza,Zaragoza,BNG,0,0,NA,7,0,3,ancho,ZARAGOZA
3411,generales_2023_07,provincia,Aragón,Zaragoza,Zaragoza,EAJ-PNV,0,0,NA,7,0,3,ancho,ZARAGOZA
3411,generales_2023_07,provincia,Aragón,Zaragoza,Zaragoza,EH-Bildu,0,0,NA,7,0,3,ancho,ZARAGOZA
3411,generales_2023_07,provincia,Principado de Asturias,Asturias,Asturias,PSOE,2,3,NA,7,2-3,3,ancho,ASTURIAS
3411,generales_2023_07,provincia,Principado de Asturias,Asturias,Asturias,PP,2,3,NA,7,2-3,3,ancho,ASTURIAS
3411,generales_2023_07,provincia,Principado de Asturias,Asturias,Asturias,VOX,1,1,NA,7,1,3,ancho,ASTURIAS
3411,generales_2023_07,provincia,Principado de Asturias,Asturias,Asturias,SUMAR,1,2,NA,7,1-2,3,ancho,ASTURIAS
3411,generales_2023_07,provincia,Principado de Asturias,Asturias,Asturias,Teruel Existe,0,0,NA,7,0,3,ancho,ASTURIAS
3411,generales_2023_07,provincia,Principado de Asturias,Asturias,Asturias,CCa,0,0,NA,7,0,3,ancho,ASTURIAS
3411,generales_2023_07,provincia,Principado de Asturias,Asturias,Asturias,ERC,0,0,NA,7,0,3,ancho,ASTURIAS
3411,generales_2023_07,provincia,Principado de Asturias,Asturias,Asturias,JxCat,0,0,NA,7,0,3,ancho,ASTURIAS
3411,generales_2023_07,provincia,Principado de Asturias,Asturias,Asturias,CUP,0,0,NA,7,0,3,ancho,ASTURIAS
3411,generales_2023_07,provincia,Principado de Asturias,Asturias,Asturias,BNG,0,0,NA,7,0,3,ancho,ASTURIAS
3411,generales_2023_07,provincia,Principado de Asturias,Asturias,Asturias,EAJ-PNV,0,0,NA,7,0,3,ancho,ASTURIAS
3411,generales_2023_07,provincia,Principado de Asturias,Asturias,Asturias,EH-Bildu,0,0,NA,7,0,3,ancho,ASTURIAS
3411,generales_2023_07,provincia,Illes Balears,Baleares,Baleares,PSOE,2,3,NA,8,2-3,3,ancho,I. BALEARS
3411,generales_2023_07,provincia,Illes Balears,Baleares,Baleares,PP,2,3,NA,8,2-3,3,ancho,I. BALEARS
3411,generales_2023_07,provincia,Illes Balears,Baleares,Baleares,VOX,1,1,NA,8,1,3,ancho,I. BALEARS
3411,generales_2023_07,provincia,Illes Balears,Baleares,Baleares,SUMAR,2,2,NA,8,2,3,ancho,I. BALEARS
3411,generales_2023_07,provincia,Illes Balears,Baleares,Baleares,Teruel Existe,0,0,NA,8,0,3,ancho,I. BALEARS
3411,generales_2023_07,provincia,Illes Balears,Baleares,Baleares,CCa,0,0,NA,8,0,3,ancho,I. BALEARS
3411,generales_2023_07,provincia,Illes Balears,Baleares,Baleares,ERC,0,0,NA,8,0,3,ancho,I. BALEARS
3411,generales_2023_07,provincia,Illes Balears,Baleares,Baleares,JxCat,0,0,NA,8,0,3,ancho,I. BALEARS
3411,generales_2023_07,provincia,Illes Balears,Baleares,Baleares,CUP,0,0,NA,8,0,3,ancho,I. BALEARS
3411,generales_2023_07,provincia,Illes Balears,Baleares,Baleares,BNG,0,0,NA,8,0,3,ancho,I. BALEARS
3411,generales_2023_07,provincia,Illes Balears,Baleares,Baleares,EAJ-PNV,0,0,NA,8,0,3,ancho,I. BALEARS
3411,generales_2023_07,provincia,Illes Balears,Baleares,Baleares,EH-Bildu,0,0,NA,8,0,3,ancho,I. BALEARS
3411,generales_2023_07,provincia,Canarias,Las Palmas,Las Palmas,PSOE,3,4,NA,8,3-4,3,ancho,LAS PALMAS
3411,generales_2023_07,provincia,Canarias,Las Palmas,Las Palmas,PP,2,3,NA,8,2-3,3,ancho,LAS PALMAS
3411,generales_2023_07,provincia,Canarias,Las Palmas,Las Palmas,VOX,0,1,NA,8,0-1,3,ancho,LAS PALMAS
3411,generales_2023_07,provincia,Canarias,Las Palmas,Las Palmas,SUMAR,1,1,NA,8,1,3,ancho,LAS PALMAS
3411,generales_2023_07,provincia,Canarias,Las Palmas,Las Palmas,Teruel Existe,0,0,NA,8,0,3,ancho,LAS PALMAS
3411,generales_2023_07,provincia,Canarias,Las Palmas,Las Palmas,CCa,0,1,NA,8,0-1,3,ancho,LAS PALMAS
3411,generales_2023_07,provincia,Canarias,Las Palmas,Las Palmas,ERC,0,0,NA,8,0,3,ancho,LAS PALMAS
3411,generales_2023_07,provincia,Canarias,Las Palmas,Las Palmas,JxCat,0,0,NA,8,0,3,ancho,LAS PALMAS
3411,generales_2023_07,provincia,Canarias,Las Palmas,Las Palmas,CUP,0,0,NA,8,0,3,ancho,LAS PALMAS
3411,generales_2023_07,provincia,Canarias,Las Palmas,Las Palmas,BNG,0,0,NA,8,0,3,ancho,LAS PALMAS
3411,generales_2023_07,provincia,Canarias,Las Palmas,Las Palmas,EAJ-PNV,0,0,NA,8,0,3,ancho,LAS PALMAS
3411,generales_2023_07,provincia,Canarias,Las Palmas,Las Palmas,EH-Bildu,0,0,NA,8,0,3,ancho,LAS PALMAS
3411,generales_2023_07,provincia,Canarias,Santa Cruz de Tenerife,Santa Cruz de Tenerife,PSOE,3,3,NA,7,3,3,ancho,S.C. TENERIFE
3411,generales_2023_07,provincia,Canarias,Santa Cruz de Tenerife,Santa Cruz de Tenerife,PP,2,3,NA,7,2-3,3,ancho,S.C. TENERIFE
3411,generales_2023_07,provincia,Canarias,Santa Cruz de Tenerife,Santa Cruz de Tenerife,VOX,0,1,NA,7,0-1,3,ancho,S.C. TENERIFE
3411,generales_2023_07,provincia,Canarias,Santa Cruz de Tenerife,Santa Cruz de Tenerife,SUMAR,1,1,NA,7,1,3,ancho,S.C. TENERIFE
3411,generales_2023_07,provincia,Canarias,Santa Cruz de Tenerife,Santa Cruz de Tenerife,Teruel Existe,0,0,NA,7,0,3,ancho,S.C. TENERIFE
3411,generales_2023_07,provincia,Canarias,Santa Cruz de Tenerife,Santa Cruz de Tenerife,CCa,0,0,NA,7,0,3,ancho,S.C. TENERIFE
3411,generales_2023_07,provincia,Canarias,Santa Cruz de Tenerife,Santa Cruz de Tenerife,ERC,0,0,NA,7,0,3,ancho,S.C. TENERIFE
3411,generales_2023_07,provincia,Canarias,Santa Cruz de Tenerife,Santa Cruz de Tenerife,JxCat,0,0,NA,7,0,3,ancho,S.C. TENERIFE
3411,generales_2023_07,provincia,Canarias,Santa Cruz de Tenerife,Santa Cruz de Tenerife,CUP,0,0,NA,7,0,3,ancho,S.C. TENERIFE
3411,generales_2023_07,provincia,Canarias,Santa Cruz de Tenerife,Santa Cruz de Tenerife,BNG,0,0,NA,7,0,3,ancho,S.C. TENERIFE
3411,generales_2023_07,provincia,Canarias,Santa Cruz de Tenerife,Santa Cruz de Tenerife,EAJ-PNV,0,0,NA,7,0,3,ancho,S.C. TENERIFE
3411,generales_2023_07,provincia,Canarias,Santa Cruz de Tenerife,Santa Cruz de Tenerife,EH-Bildu,0,0,NA,7,0,3,ancho,S.C. TENERIFE
3411,generales_2023_07,provincia,Cantabria,Cantabria,Cantabria,PSOE,2,2,NA,5,2,3,ancho,CANTABRIA
3411,generales_2023_07,provincia,Cantabria,Cantabria,Cantabria,PP,2,2,NA,5,2,3,ancho,CANTABRIA
3411,generales_2023_07,provincia,Cantabria,Cantabria,Cantabria,VOX,0,1,NA,5,0-1,3,ancho,CANTABRIA
3411,generales_2023_07,provincia,Cantabria,Cantabria,Cantabria,SUMAR,0,1,NA,5,0-1,3,ancho,CANTABRIA
3411,generales_2023_07,provincia,Cantabria,Cantabria,Cantabria,Teruel Existe,0,0,NA,5,0,3,ancho,CANTABRIA
3411,generales_2023_07,provincia,Cantabria,Cantabria,Cantabria,CCa,0,0,NA,5,0,3,ancho,CANTABRIA
3411,generales_2023_07,provincia,Cantabria,Cantabria,Cantabria,ERC,0,0,NA,5,0,3,ancho,CANTABRIA
3411,generales_2023_07,provincia,Cantabria,Cantabria,Cantabria,JxCat,0,0,NA,5,0,3,ancho,CANTABRIA
3411,generales_2023_07,provincia,Cantabria,Cantabria,Cantabria,CUP,0,0,NA,5,0,3,ancho,CANTABRIA
3411,generales_2023_07,provincia,Cantabria,Cantabria,Cantabria,BNG,0,0,NA,5,0,3,ancho,CANTABRIA
3411,generales_2023_07,provincia,Cantabria,Cantabria,Cantabria,EAJ-PNV,0,0,NA,5,0,3,ancho,CANTABRIA
3411,generales_2023_07,provincia,Cantabria,Cantabria,Cantabria,EH-Bildu,0,0,NA,5,0,3,ancho,CANTABRIA
3411,generales_2023_07,provincia,Castilla y León,Ávila,Ávila,PSOE,1,2,NA,3,1-2,3,ancho,ÁVILA
3411,generales_2023_07,provincia,Castilla y León,Ávila,Ávila,PP,1,2,NA,3,1-2,3,ancho,ÁVILA
3411,generales_2023_07,provincia,Castilla y León,Ávila,Ávila,VOX,0,0,NA,3,0,3,ancho,ÁVILA
3411,generales_2023_07,provincia,Castilla y León,Ávila,Ávila,SUMAR,0,0,NA,3,0,3,ancho,ÁVILA
3411,generales_2023_07,provincia,Castilla y León,Ávila,Ávila,Teruel Existe,0,0,NA,3,0,3,ancho,ÁVILA
3411,generales_2023_07,provincia,Castilla y León,Ávila,Ávila,CCa,0,0,NA,3,0,3,ancho,ÁVILA
3411,generales_2023_07,provincia,Castilla y León,Ávila,Ávila,ERC,0,0,NA,3,0,3,ancho,ÁVILA
3411,generales_2023_07,provincia,Castilla y León,Ávila,Ávila,JxCat,0,0,NA,3,0,3,ancho,ÁVILA
3411,generales_2023_07,provincia,Castilla y León,Ávila,Ávila,CUP,0,0,NA,3,0,3,ancho,ÁVILA
3411,generales_2023_07,provincia,Castilla y León,Ávila,Ávila,BNG,0,0,NA,3,0,3,ancho,ÁVILA
3411,generales_2023_07,provincia,Castilla y León,Ávila,Ávila,EAJ-PNV,0,0,NA,3,0,3,ancho,ÁVILA
3411,generales_2023_07,provincia,Castilla y León,Ávila,Ávila,EH-Bildu,0,0,NA,3,0,3,ancho,ÁVILA
3411,generales_2023_07,provincia,Castilla y León,Burgos,Burgos,PSOE,2,2,NA,4,2,3,ancho,BURGOS
3411,generales_2023_07,provincia,Castilla y León,Burgos,Burgos,PP,1,2,NA,4,1-2,3,ancho,BURGOS
3411,generales_2023_07,provincia,Castilla y León,Burgos,Burgos,VOX,0,0,NA,4,0,3,ancho,BURGOS
3411,generales_2023_07,provincia,Castilla y León,Burgos,Burgos,SUMAR,0,1,NA,4,0-1,3,ancho,BURGOS
3411,generales_2023_07,provincia,Castilla y León,Burgos,Burgos,Teruel Existe,0,0,NA,4,0,3,ancho,BURGOS
3411,generales_2023_07,provincia,Castilla y León,Burgos,Burgos,CCa,0,0,NA,4,0,3,ancho,BURGOS
3411,generales_2023_07,provincia,Castilla y León,Burgos,Burgos,ERC,0,0,NA,4,0,3,ancho,BURGOS
3411,generales_2023_07,provincia,Castilla y León,Burgos,Burgos,JxCat,0,0,NA,4,0,3,ancho,BURGOS
3411,generales_2023_07,provincia,Castilla y León,Burgos,Burgos,CUP,0,0,NA,4,0,3,ancho,BURGOS
3411,generales_2023_07,provincia,Castilla y León,Burgos,Burgos,BNG,0,0,NA,4,0,3,ancho,BURGOS
3411,generales_2023_07,provincia,Castilla y León,Burgos,Burgos,EAJ-PNV,0,0,NA,4,0,3,ancho,BURGOS
3411,generales_2023_07,provincia,Castilla y León,Burgos,Burgos,EH-Bildu,0,0,NA,4,0,3,ancho,BURGOS
3411,generales_2023_07,provincia,Castilla y León,León,León,PSOE,2,2,NA,4,2,3,ancho,LEÓN
3411,generales_2023_07,provincia,Castilla y León,León,León,PP,2,2,NA,4,2,3,ancho,LEÓN
3411,generales_2023_07,provincia,Castilla y León,León,León,VOX,0,0,NA,4,0,3,ancho,LEÓN
3411,generales_2023_07,provincia,Castilla y León,León,León,SUMAR,0,0,NA,4,0,3,ancho,LEÓN
3411,generales_2023_07,provincia,Castilla y León,León,León,Teruel Existe,0,0,NA,4,0,3,ancho,LEÓN
3411,generales_2023_07,provincia,Castilla y León,León,León,CCa,0,0,NA,4,0,3,ancho,LEÓN
3411,generales_2023_07,provincia,Castilla y León,León,León,ERC,0,0,NA,4,0,3,ancho,LEÓN
3411,generales_2023_07,provincia,Castilla y León,León,León,JxCat,0,0,NA,4,0,3,ancho,LEÓN
3411,generales_2023_07,provincia,Castilla y León,León,León,CUP,0,0,NA,4,0,3,ancho,LEÓN
3411,generales_2023_07,provincia,Castilla y León,León,León,BNG,0,0,NA,4,0,3,ancho,LEÓN
3411,generales_2023_07,provincia,Castilla y León,León,León,EAJ-PNV,0,0,NA,4,0,3,ancho,LEÓN
3411,generales_2023_07,provincia,Castilla y León,León,León,EH-Bildu,0,0,NA,4,0,3,ancho,LEÓN
3411,generales_2023_07,provincia,Castilla y León,Palencia,Palencia,PSOE,1,1,NA,3,1,3,ancho,PALENCIA
3411,generales_2023_07,provincia,Castilla y León,Palencia,Palencia,PP,2,2,NA,3,2,3,ancho,PALENCIA
3411,generales_2023_07,provincia,Castilla y León,Palencia,Palencia,VOX,0,0,NA,3,0,3,ancho,PALENCIA
3411,generales_2023_07,provincia,Castilla y León,Palencia,Palencia,SUMAR,0,0,NA,3,0,3,ancho,PALENCIA
3411,generales_2023_07,provincia,Castilla y León,Palencia,Palencia,Teruel Existe,0,0,NA,3,0,3,ancho,PALENCIA
3411,generales_2023_07,provincia,Castilla y León,Palencia,Palencia,CCa,0,0,NA,3,0,3,ancho,PALENCIA
3411,generales_2023_07,provincia,Castilla y León,Palencia,Palencia,ERC,0,0,NA,3,0,3,ancho,PALENCIA
3411,generales_2023_07,provincia,Castilla y León,Palencia,Palencia,JxCat,0,0,NA,3,0,3,ancho,PALENCIA
3411,generales_2023_07,provincia,Castilla y León,Palencia,Palencia,CUP,0,0,NA,3,0,3,ancho,PALENCIA
3411,generales_2023_07,provincia,Castilla y León,Palencia,Palencia,BNG,0,0,NA,3,0,3,ancho,PALENCIA
3411,generales_2023_07,provincia,Castilla y León,Palencia,Palencia,EAJ-PNV,0,0,NA,3,0,3,ancho,PALENCIA
3411,generales_2023_07,provincia,Castilla y León,Palencia,Palencia,EH-Bildu,0,0,NA,3,0,3,ancho,PALENCIA
3411,generales_2023_07,provincia,Castilla y León,Salamanca,Salamanca,PSOE,2,2,NA,4,2,3,ancho,SALAMANCA
3411,generales_2023_07,provincia,Castilla y León,Salamanca,Salamanca,PP,2,2,NA,4,2,3,ancho,SALAMANCA
3411,generales_2023_07,provincia,Castilla y León,Salamanca,Salamanca,VOX,0,0,NA,4,0,3,ancho,SALAMANCA
3411,generales_2023_07,provincia,Castilla y León,Salamanca,Salamanca,SUMAR,0,0,NA,4,0,3,ancho,SALAMANCA
3411,generales_2023_07,provincia,Castilla y León,Salamanca,Salamanca,Teruel Existe,0,0,NA,4,0,3,ancho,SALAMANCA
3411,generales_2023_07,provincia,Castilla y León,Salamanca,Salamanca,CCa,0,0,NA,4,0,3,ancho,SALAMANCA
3411,generales_2023_07,provincia,Castilla y León,Salamanca,Salamanca,ERC,0,0,NA,4,0,3,ancho,SALAMANCA
3411,generales_2023_07,provincia,Castilla y León,Salamanca,Salamanca,JxCat,0,0,NA,4,0,3,ancho,SALAMANCA
3411,generales_2023_07,provincia,Castilla y León,Salamanca,Salamanca,CUP,0,0,NA,4,0,3,ancho,SALAMANCA
3411,generales_2023_07,provincia,Castilla y León,Salamanca,Salamanca,BNG,0,0,NA,4,0,3,ancho,SALAMANCA
3411,generales_2023_07,provincia,Castilla y León,Salamanca,Salamanca,EAJ-PNV,0,0,NA,4,0,3,ancho,SALAMANCA
3411,generales_2023_07,provincia,Castilla y León,Salamanca,Salamanca,EH-Bildu,0,0,NA,4,0,3,ancho,SALAMANCA
3411,generales_2023_07,provincia,Castilla y León,Segovia,Segovia,PSOE,1,2,NA,3,1-2,3,ancho,SEGOVIA
3411,generales_2023_07,provincia,Castilla y León,Segovia,Segovia,PP,1,2,NA,3,1-2,3,ancho,SEGOVIA
3411,generales_2023_07,provincia,Castilla y León,Segovia,Segovia,VOX,0,0,NA,3,0,3,ancho,SEGOVIA
3411,generales_2023_07,provincia,Castilla y León,Segovia,Segovia,SUMAR,0,0,NA,3,0,3,ancho,SEGOVIA
3411,generales_2023_07,provincia,Castilla y León,Segovia,Segovia,Teruel Existe,0,0,NA,3,0,3,ancho,SEGOVIA
3411,generales_2023_07,provincia,Castilla y León,Segovia,Segovia,CCa,0,0,NA,3,0,3,ancho,SEGOVIA
3411,generales_2023_07,provincia,Castilla y León,Segovia,Segovia,ERC,0,0,NA,3,0,3,ancho,SEGOVIA
3411,generales_2023_07,provincia,Castilla y León,Segovia,Segovia,JxCat,0,0,NA,3,0,3,ancho,SEGOVIA
3411,generales_2023_07,provincia,Castilla y León,Segovia,Segovia,CUP,0,0,NA,3,0,3,ancho,SEGOVIA
3411,generales_2023_07,provincia,Castilla y León,Segovia,Segovia,BNG,0,0,NA,3,0,3,ancho,SEGOVIA
3411,generales_2023_07,provincia,Castilla y León,Segovia,Segovia,EAJ-PNV,0,0,NA,3,0,3,ancho,SEGOVIA
3411,generales_2023_07,provincia,Castilla y León,Segovia,Segovia,EH-Bildu,0,0,NA,3,0,3,ancho,SEGOVIA
3411,generales_2023_07,provincia,Castilla y León,Soria,Soria,PSOE,1,1,NA,2,1,3,ancho,SORIA
3411,generales_2023_07,provincia,Castilla y León,Soria,Soria,PP,1,1,NA,2,1,3,ancho,SORIA
3411,generales_2023_07,provincia,Castilla y León,Soria,Soria,VOX,0,0,NA,2,0,3,ancho,SORIA
3411,generales_2023_07,provincia,Castilla y León,Soria,Soria,SUMAR,0,0,NA,2,0,3,ancho,SORIA
3411,generales_2023_07,provincia,Castilla y León,Soria,Soria,Teruel Existe,0,0,NA,2,0,3,ancho,SORIA
3411,generales_2023_07,provincia,Castilla y León,Soria,Soria,CCa,0,0,NA,2,0,3,ancho,SORIA
3411,generales_2023_07,provincia,Castilla y León,Soria,Soria,ERC,0,0,NA,2,0,3,ancho,SORIA
3411,generales_2023_07,provincia,Castilla y León,Soria,Soria,JxCat,0,0,NA,2,0,3,ancho,SORIA
3411,generales_2023_07,provincia,Castilla y León,Soria,Soria,CUP,0,0,NA,2,0,3,ancho,SORIA
3411,generales_2023_07,provincia,Castilla y León,Soria,Soria,BNG,0,0,NA,2,0,3,ancho,SORIA
3411,generales_2023_07,provincia,Castilla y León,Soria,Soria,EAJ-PNV,0,0,NA,2,0,3,ancho,SORIA
3411,generales_2023_07,provincia,Castilla y León,Soria,Soria,EH-Bildu,0,0,NA,2,0,3,ancho,SORIA
3411,generales_2023_07,provincia,Castilla y León,Valladolid,Valladolid,PSOE,2,2,NA,5,2,3,ancho,VALLADOLID
3411,generales_2023_07,provincia,Castilla y León,Valladolid,Valladolid,PP,2,2,NA,5,2,3,ancho,VALLADOLID
3411,generales_2023_07,provincia,Castilla y León,Valladolid,Valladolid,VOX,0,0,NA,5,0,3,ancho,VALLADOLID
3411,generales_2023_07,provincia,Castilla y León,Valladolid,Valladolid,SUMAR,1,1,NA,5,1,3,ancho,VALLADOLID
3411,generales_2023_07,provincia,Castilla y León,Valladolid,Valladolid,Teruel Existe,0,0,NA,5,0,3,ancho,VALLADOLID
3411,generales_2023_07,provincia,Castilla y León,Valladolid,Valladolid,CCa,0,0,NA,5,0,3,ancho,VALLADOLID
3411,generales_2023_07,provincia,Castilla y León,Valladolid,Valladolid,ERC,0,0,NA,5,0,3,ancho,VALLADOLID
3411,generales_2023_07,provincia,Castilla y León,Valladolid,Valladolid,JxCat,0,0,NA,5,0,3,ancho,VALLADOLID
3411,generales_2023_07,provincia,Castilla y León,Valladolid,Valladolid,CUP,0,0,NA,5,0,3,ancho,VALLADOLID
3411,generales_2023_07,provincia,Castilla y León,Valladolid,Valladolid,BNG,0,0,NA,5,0,3,ancho,VALLADOLID
3411,generales_2023_07,provincia,Castilla y León,Valladolid,Valladolid,EAJ-PNV,0,0,NA,5,0,3,ancho,VALLADOLID
3411,generales_2023_07,provincia,Castilla y León,Valladolid,Valladolid,EH-Bildu,0,0,NA,5,0,3,ancho,VALLADOLID
3411,generales_2023_07,provincia,Castilla y León,Zamora,Zamora,PSOE,1,1,NA,3,1,3,ancho,ZAMORA
3411,generales_2023_07,provincia,Castilla y León,Zamora,Zamora,PP,2,2,NA,3,2,3,ancho,ZAMORA
3411,generales_2023_07,provincia,Castilla y León,Zamora,Zamora,VOX,0,0,NA,3,0,3,ancho,ZAMORA
3411,generales_2023_07,provincia,Castilla y León,Zamora,Zamora,SUMAR,0,0,NA,3,0,3,ancho,ZAMORA
3411,generales_2023_07,provincia,Castilla y León,Zamora,Zamora,Teruel Existe,0,0,NA,3,0,3,ancho,ZAMORA
3411,generales_2023_07,provincia,Castilla y León,Zamora,Zamora,CCa,0,0,NA,3,0,3,ancho,ZAMORA
3411,generales_2023_07,provincia,Castilla y León,Zamora,Zamora,ERC,0,0,NA,3,0,3,ancho,ZAMORA
3411,generales_2023_07,provincia,Castilla y León,Zamora,Zamora,JxCat,0,0,NA,3,0,3,ancho,ZAMORA
3411,generales_2023_07,provincia,Castilla y León,Zamora,Zamora,CUP,0,0,NA,3,0,3,ancho,ZAMORA
3411,generales_2023_07,provincia,Castilla y León,Zamora,Zamora,BNG,0,0,NA,3,0,3,ancho,ZAMORA
3411,generales_2023_07,provincia,Castilla y León,Zamora,Zamora,EAJ-PNV,0,0,NA,3,0,3,ancho,ZAMORA
3411,generales_2023_07,provincia,Castilla y León,Zamora,Zamora,EH-Bildu,0,0,NA,3,0,3,ancho,ZAMORA
3411,generales_2023_07,provincia,Castilla-La Mancha,Albacete,Albacete,PSOE,2,2,NA,4,2,3,ancho,ALBACETE
3411,generales_2023_07,provincia,Castilla-La Mancha,Albacete,Albacete,PP,2,2,NA,4,2,3,ancho,ALBACETE
3411,generales_2023_07,provincia,Castilla-La Mancha,Albacete,Albacete,VOX,0,0,NA,4,0,3,ancho,ALBACETE
3411,generales_2023_07,provincia,Castilla-La Mancha,Albacete,Albacete,SUMAR,0,0,NA,4,0,3,ancho,ALBACETE
3411,generales_2023_07,provincia,Castilla-La Mancha,Albacete,Albacete,Teruel Existe,0,0,NA,4,0,3,ancho,ALBACETE
3411,generales_2023_07,provincia,Castilla-La Mancha,Albacete,Albacete,CCa,0,0,NA,4,0,3,ancho,ALBACETE
3411,generales_2023_07,provincia,Castilla-La Mancha,Albacete,Albacete,ERC,0,0,NA,4,0,3,ancho,ALBACETE
3411,generales_2023_07,provincia,Castilla-La Mancha,Albacete,Albacete,JxCat,0,0,NA,4,0,3,ancho,ALBACETE
3411,generales_2023_07,provincia,Castilla-La Mancha,Albacete,Albacete,CUP,0,0,NA,4,0,3,ancho,ALBACETE
3411,generales_2023_07,provincia,Castilla-La Mancha,Albacete,Albacete,BNG,0,0,NA,4,0,3,ancho,ALBACETE
3411,generales_2023_07,provincia,Castilla-La Mancha,Albacete,Albacete,EAJ-PNV,0,0,NA,4,0,3,ancho,ALBACETE
3411,generales_2023_07,provincia,Castilla-La Mancha,Albacete,Albacete,EH-Bildu,0,0,NA,4,0,3,ancho,ALBACETE
3411,generales_2023_07,provincia,Castilla-La Mancha,Ciudad Real,Ciudad Real,PSOE,2,2,NA,5,2,3,ancho,CIUDAD REAL
3411,generales_2023_07,provincia,Castilla-La Mancha,Ciudad Real,Ciudad Real,PP,2,2,NA,5,2,3,ancho,CIUDAD REAL
3411,generales_2023_07,provincia,Castilla-La Mancha,Ciudad Real,Ciudad Real,VOX,1,1,NA,5,1,3,ancho,CIUDAD REAL
3411,generales_2023_07,provincia,Castilla-La Mancha,Ciudad Real,Ciudad Real,SUMAR,0,0,NA,5,0,3,ancho,CIUDAD REAL
3411,generales_2023_07,provincia,Castilla-La Mancha,Ciudad Real,Ciudad Real,Teruel Existe,0,0,NA,5,0,3,ancho,CIUDAD REAL
3411,generales_2023_07,provincia,Castilla-La Mancha,Ciudad Real,Ciudad Real,CCa,0,0,NA,5,0,3,ancho,CIUDAD REAL
3411,generales_2023_07,provincia,Castilla-La Mancha,Ciudad Real,Ciudad Real,ERC,0,0,NA,5,0,3,ancho,CIUDAD REAL
3411,generales_2023_07,provincia,Castilla-La Mancha,Ciudad Real,Ciudad Real,JxCat,0,0,NA,5,0,3,ancho,CIUDAD REAL
3411,generales_2023_07,provincia,Castilla-La Mancha,Ciudad Real,Ciudad Real,CUP,0,0,NA,5,0,3,ancho,CIUDAD REAL
3411,generales_2023_07,provincia,Castilla-La Mancha,Ciudad Real,Ciudad Real,BNG,0,0,NA,5,0,3,ancho,CIUDAD REAL
3411,generales_2023_07,provincia,Castilla-La Mancha,Ciudad Real,Ciudad Real,EAJ-PNV,0,0,NA,5,0,3,ancho,CIUDAD REAL
3411,generales_2023_07,provincia,Castilla-La Mancha,Ciudad Real,Ciudad Real,EH-Bildu,0,0,NA,5,0,3,ancho,CIUDAD REAL
3411,generales_2023_07,provincia,Castilla-La Mancha,Cuenca,Cuenca,PSOE,1,1,NA,3,1,3,ancho,CUENCA
3411,generales_2023_07,provincia,Castilla-La Mancha,Cuenca,Cuenca,PP,2,2,NA,3,2,3,ancho,CUENCA
3411,generales_2023_07,provincia,Castilla-La Mancha,Cuenca,Cuenca,VOX,0,0,NA,3,0,3,ancho,CUENCA
3411,generales_2023_07,provincia,Castilla-La Mancha,Cuenca,Cuenca,SUMAR,0,0,NA,3,0,3,ancho,CUENCA
3411,generales_2023_07,provincia,Castilla-La Mancha,Cuenca,Cuenca,Teruel Existe,0,0,NA,3,0,3,ancho,CUENCA
3411,generales_2023_07,provincia,Castilla-La Mancha,Cuenca,Cuenca,CCa,0,0,NA,3,0,3,ancho,CUENCA
3411,generales_2023_07,provincia,Castilla-La Mancha,Cuenca,Cuenca,ERC,0,0,NA,3,0,3,ancho,CUENCA
3411,generales_2023_07,provincia,Castilla-La Mancha,Cuenca,Cuenca,JxCat,0,0,NA,3,0,3,ancho,CUENCA
3411,generales_2023_07,provincia,Castilla-La Mancha,Cuenca,Cuenca,CUP,0,0,NA,3,0,3,ancho,CUENCA
3411,generales_2023_07,provincia,Castilla-La Mancha,Cuenca,Cuenca,BNG,0,0,NA,3,0,3,ancho,CUENCA
3411,generales_2023_07,provincia,Castilla-La Mancha,Cuenca,Cuenca,EAJ-PNV,0,0,NA,3,0,3,ancho,CUENCA
3411,generales_2023_07,provincia,Castilla-La Mancha,Cuenca,Cuenca,EH-Bildu,0,0,NA,3,0,3,ancho,CUENCA
3411,generales_2023_07,provincia,Castilla-La Mancha,Guadalajara,Guadalajara,PSOE,1,1,NA,3,1,3,ancho,GUADALAJARA
3411,generales_2023_07,provincia,Castilla-La Mancha,Guadalajara,Guadalajara,PP,2,2,NA,3,2,3,ancho,GUADALAJARA
3411,generales_2023_07,provincia,Castilla-La Mancha,Guadalajara,Guadalajara,VOX,0,0,NA,3,0,3,ancho,GUADALAJARA
3411,generales_2023_07,provincia,Castilla-La Mancha,Guadalajara,Guadalajara,SUMAR,0,0,NA,3,0,3,ancho,GUADALAJARA
3411,generales_2023_07,provincia,Castilla-La Mancha,Guadalajara,Guadalajara,Teruel Existe,0,0,NA,3,0,3,ancho,GUADALAJARA
3411,generales_2023_07,provincia,Castilla-La Mancha,Guadalajara,Guadalajara,CCa,0,0,NA,3,0,3,ancho,GUADALAJARA
3411,generales_2023_07,provincia,Castilla-La Mancha,Guadalajara,Guadalajara,ERC,0,0,NA,3,0,3,ancho,GUADALAJARA
3411,generales_2023_07,provincia,Castilla-La Mancha,Guadalajara,Guadalajara,JxCat,0,0,NA,3,0,3,ancho,GUADALAJARA
3411,generales_2023_07,provincia,Castilla-La Mancha,Guadalajara,Guadalajara,CUP,0,0,NA,3,0,3,ancho,GUADALAJARA
3411,generales_2023_07,provincia,Castilla-La Mancha,Guadalajara,Guadalajara,BNG,0,0,NA,3,0,3,ancho,GUADALAJARA
3411,generales_2023_07,provincia,Castilla-La Mancha,Guadalajara,Guadalajara,EAJ-PNV,0,0,NA,3,0,3,ancho,GUADALAJARA
3411,generales_2023_07,provincia,Castilla-La Mancha,Guadalajara,Guadalajara,EH-Bildu,0,0,NA,3,0,3,ancho,GUADALAJARA
3411,generales_2023_07,provincia,Castilla-La Mancha,Toledo,Toledo,PSOE,2,2,NA,6,2,3,ancho,TOLEDO
3411,generales_2023_07,provincia,Castilla-La Mancha,Toledo,Toledo,PP,3,3,NA,6,3,3,ancho,TOLEDO
3411,generales_2023_07,provincia,Castilla-La Mancha,Toledo,Toledo,VOX,1,1,NA,6,1,3,ancho,TOLEDO
3411,generales_2023_07,provincia,Castilla-La Mancha,Toledo,Toledo,SUMAR,0,0,NA,6,0,3,ancho,TOLEDO
3411,generales_2023_07,provincia,Castilla-La Mancha,Toledo,Toledo,Teruel Existe,0,0,NA,6,0,3,ancho,TOLEDO
3411,generales_2023_07,provincia,Castilla-La Mancha,Toledo,Toledo,CCa,0,0,NA,6,0,3,ancho,TOLEDO
3411,generales_2023_07,provincia,Castilla-La Mancha,Toledo,Toledo,ERC,0,0,NA,6,0,3,ancho,TOLEDO
3411,generales_2023_07,provincia,Castilla-La Mancha,Toledo,Toledo,JxCat,0,0,NA,6,0,3,ancho,TOLEDO
3411,generales_2023_07,provincia,Castilla-La Mancha,Toledo,Toledo,CUP,0,0,NA,6,0,3,ancho,TOLEDO
3411,generales_2023_07,provincia,Castilla-La Mancha,Toledo,Toledo,BNG,0,0,NA,6,0,3,ancho,TOLEDO
3411,generales_2023_07,provincia,Castilla-La Mancha,Toledo,Toledo,EAJ-PNV,0,0,NA,6,0,3,ancho,TOLEDO
3411,generales_2023_07,provincia,Castilla-La Mancha,Toledo,Toledo,EH-Bildu,0,0,NA,6,0,3,ancho,TOLEDO
3411,generales_2023_07,provincia,Cataluña,Barcelona,Barcelona,PSOE,11,13,NA,32,11-13,3,ancho,BARCELONA
3411,generales_2023_07,provincia,Cataluña,Barcelona,Barcelona,PP,5,5,NA,32,5,3,ancho,BARCELONA
3411,generales_2023_07,provincia,Cataluña,Barcelona,Barcelona,VOX,2,2,NA,32,2,3,ancho,BARCELONA
3411,generales_2023_07,provincia,Cataluña,Barcelona,Barcelona,SUMAR,6,7,NA,32,6-7,3,ancho,BARCELONA
3411,generales_2023_07,provincia,Cataluña,Barcelona,Barcelona,Teruel Existe,0,0,NA,32,0,3,ancho,BARCELONA
3411,generales_2023_07,provincia,Cataluña,Barcelona,Barcelona,CCa,0,0,NA,32,0,3,ancho,BARCELONA
3411,generales_2023_07,provincia,Cataluña,Barcelona,Barcelona,ERC,3,4,NA,32,3-4,3,ancho,BARCELONA
3411,generales_2023_07,provincia,Cataluña,Barcelona,Barcelona,JxCat,2,3,NA,32,2-3,3,ancho,BARCELONA
3411,generales_2023_07,provincia,Cataluña,Barcelona,Barcelona,CUP,0,1,NA,32,0-1,3,ancho,BARCELONA
3411,generales_2023_07,provincia,Cataluña,Barcelona,Barcelona,BNG,0,0,NA,32,0,3,ancho,BARCELONA
3411,generales_2023_07,provincia,Cataluña,Barcelona,Barcelona,EAJ-PNV,0,0,NA,32,0,3,ancho,BARCELONA
3411,generales_2023_07,provincia,Cataluña,Barcelona,Barcelona,EH-Bildu,0,0,NA,32,0,3,ancho,BARCELONA
3411,generales_2023_07,provincia,Cataluña,Girona,Girona,PSOE,2,3,NA,6,2-3,3,ancho,GIRONA
3411,generales_2023_07,provincia,Cataluña,Girona,Girona,PP,0,1,NA,6,0-1,3,ancho,GIRONA
3411,generales_2023_07,provincia,Cataluña,Girona,Girona,VOX,0,0,NA,6,0,3,ancho,GIRONA
3411,generales_2023_07,provincia,Cataluña,Girona,Girona,SUMAR,1,1,NA,6,1,3,ancho,GIRONA
3411,generales_2023_07,provincia,Cataluña,Girona,Girona,Teruel Existe,0,0,NA,6,0,3,ancho,GIRONA
3411,generales_2023_07,provincia,Cataluña,Girona,Girona,CCa,0,0,NA,6,0,3,ancho,GIRONA
3411,generales_2023_07,provincia,Cataluña,Girona,Girona,ERC,0,1,NA,6,0-1,3,ancho,GIRONA
3411,generales_2023_07,provincia,Cataluña,Girona,Girona,JxCat,1,1,NA,6,1,3,ancho,GIRONA
3411,generales_2023_07,provincia,Cataluña,Girona,Girona,CUP,0,0,NA,6,0,3,ancho,GIRONA
3411,generales_2023_07,provincia,Cataluña,Girona,Girona,BNG,0,0,NA,6,0,3,ancho,GIRONA
3411,generales_2023_07,provincia,Cataluña,Girona,Girona,EAJ-PNV,0,0,NA,6,0,3,ancho,GIRONA
3411,generales_2023_07,provincia,Cataluña,Girona,Girona,EH-Bildu,0,0,NA,6,0,3,ancho,GIRONA
3411,generales_2023_07,provincia,Cataluña,Lleida,Lleida,PSOE,2,2,NA,4,2,3,ancho,LLEIDA
3411,generales_2023_07,provincia,Cataluña,Lleida,Lleida,PP,0,1,NA,4,0-1,3,ancho,LLEIDA
3411,generales_2023_07,provincia,Cataluña,Lleida,Lleida,VOX,0,0,NA,4,0,3,ancho,LLEIDA
3411,generales_2023_07,provincia,Cataluña,Lleida,Lleida,SUMAR,0,0,NA,4,0,3,ancho,LLEIDA
3411,generales_2023_07,provincia,Cataluña,Lleida,Lleida,Teruel Existe,0,0,NA,4,0,3,ancho,LLEIDA
3411,generales_2023_07,provincia,Cataluña,Lleida,Lleida,CCa,0,0,NA,4,0,3,ancho,LLEIDA
3411,generales_2023_07,provincia,Cataluña,Lleida,Lleida,ERC,1,1,NA,4,1,3,ancho,LLEIDA
3411,generales_2023_07,provincia,Cataluña,Lleida,Lleida,JxCat,0,1,NA,4,0-1,3,ancho,LLEIDA
3411,generales_2023_07,provincia,Cataluña,Lleida,Lleida,CUP,0,0,NA,4,0,3,ancho,LLEIDA
3411,generales_2023_07,provincia,Cataluña,Lleida,Lleida,BNG,0,0,NA,4,0,3,ancho,LLEIDA
3411,generales_2023_07,provincia,Cataluña,Lleida,Lleida,EAJ-PNV,0,0,NA,4,0,3,ancho,LLEIDA
3411,generales_2023_07,provincia,Cataluña,Lleida,Lleida,EH-Bildu,0,0,NA,4,0,3,ancho,LLEIDA
3411,generales_2023_07,provincia,Cataluña,Tarragona,Tarragona,PSOE,3,4,NA,6,3-4,3,ancho,TARRAGONA
3411,generales_2023_07,provincia,Cataluña,Tarragona,Tarragona,PP,1,1,NA,6,1,3,ancho,TARRAGONA
3411,generales_2023_07,provincia,Cataluña,Tarragona,Tarragona,VOX,0,1,NA,6,0-1,3,ancho,TARRAGONA
3411,generales_2023_07,provincia,Cataluña,Tarragona,Tarragona,SUMAR,0,1,NA,6,0-1,3,ancho,TARRAGONA
3411,generales_2023_07,provincia,Cataluña,Tarragona,Tarragona,Teruel Existe,0,0,NA,6,0,3,ancho,TARRAGONA
3411,generales_2023_07,provincia,Cataluña,Tarragona,Tarragona,CCa,0,0,NA,6,0,3,ancho,TARRAGONA
3411,generales_2023_07,provincia,Cataluña,Tarragona,Tarragona,ERC,1,1,NA,6,1,3,ancho,TARRAGONA
3411,generales_2023_07,provincia,Cataluña,Tarragona,Tarragona,JxCat,0,1,NA,6,0-1,3,ancho,TARRAGONA
3411,generales_2023_07,provincia,Cataluña,Tarragona,Tarragona,CUP,0,0,NA,6,0,3,ancho,TARRAGONA
3411,generales_2023_07,provincia,Cataluña,Tarragona,Tarragona,BNG,0,0,NA,6,0,3,ancho,TARRAGONA
3411,generales_2023_07,provincia,Cataluña,Tarragona,Tarragona,EAJ-PNV,0,0,NA,6,0,3,ancho,TARRAGONA
3411,generales_2023_07,provincia,Cataluña,Tarragona,Tarragona,EH-Bildu,0,0,NA,6,0,3,ancho,TARRAGONA
3411,generales_2023_07,provincia,Comunitat Valenciana,Alicante,Alicante,PSOE,4,4,NA,12,4,3,ancho,ALICANTE
3411,generales_2023_07,provincia,Comunitat Valenciana,Alicante,Alicante,PP,4,4,NA,12,4,3,ancho,ALICANTE
3411,generales_2023_07,provincia,Comunitat Valenciana,Alicante,Alicante,VOX,2,2,NA,12,2,3,ancho,ALICANTE
3411,generales_2023_07,provincia,Comunitat Valenciana,Alicante,Alicante,SUMAR,2,2,NA,12,2,3,ancho,ALICANTE
3411,generales_2023_07,provincia,Comunitat Valenciana,Alicante,Alicante,Teruel Existe,0,0,NA,12,0,3,ancho,ALICANTE
3411,generales_2023_07,provincia,Comunitat Valenciana,Alicante,Alicante,CCa,0,0,NA,12,0,3,ancho,ALICANTE
3411,generales_2023_07,provincia,Comunitat Valenciana,Alicante,Alicante,ERC,0,0,NA,12,0,3,ancho,ALICANTE
3411,generales_2023_07,provincia,Comunitat Valenciana,Alicante,Alicante,JxCat,0,0,NA,12,0,3,ancho,ALICANTE
3411,generales_2023_07,provincia,Comunitat Valenciana,Alicante,Alicante,CUP,0,0,NA,12,0,3,ancho,ALICANTE
3411,generales_2023_07,provincia,Comunitat Valenciana,Alicante,Alicante,BNG,0,0,NA,12,0,3,ancho,ALICANTE
3411,generales_2023_07,provincia,Comunitat Valenciana,Alicante,Alicante,EAJ-PNV,0,0,NA,12,0,3,ancho,ALICANTE
3411,generales_2023_07,provincia,Comunitat Valenciana,Alicante,Alicante,EH-Bildu,0,0,NA,12,0,3,ancho,ALICANTE
3411,generales_2023_07,provincia,Comunitat Valenciana,Castellón,Castellón,PSOE,2,2,NA,5,2,3,ancho,CASTELLÓN
3411,generales_2023_07,provincia,Comunitat Valenciana,Castellón,Castellón,PP,2,2,NA,5,2,3,ancho,CASTELLÓN
3411,generales_2023_07,provincia,Comunitat Valenciana,Castellón,Castellón,VOX,0,0,NA,5,0,3,ancho,CASTELLÓN
3411,generales_2023_07,provincia,Comunitat Valenciana,Castellón,Castellón,SUMAR,1,1,NA,5,1,3,ancho,CASTELLÓN
3411,generales_2023_07,provincia,Comunitat Valenciana,Castellón,Castellón,Teruel Existe,0,0,NA,5,0,3,ancho,CASTELLÓN
3411,generales_2023_07,provincia,Comunitat Valenciana,Castellón,Castellón,CCa,0,0,NA,5,0,3,ancho,CASTELLÓN
3411,generales_2023_07,provincia,Comunitat Valenciana,Castellón,Castellón,ERC,0,0,NA,5,0,3,ancho,CASTELLÓN
3411,generales_2023_07,provincia,Comunitat Valenciana,Castellón,Castellón,JxCat,0,0,NA,5,0,3,ancho,CASTELLÓN
3411,generales_2023_07,provincia,Comunitat Valenciana,Castellón,Castellón,CUP,0,0,NA,5,0,3,ancho,CASTELLÓN
3411,generales_2023_07,provincia,Comunitat Valenciana,Castellón,Castellón,BNG,0,0,NA,5,0,3,ancho,CASTELLÓN
3411,generales_2023_07,provincia,Comunitat Valenciana,Castellón,Castellón,EAJ-PNV,0,0,NA,5,0,3,ancho,CASTELLÓN
3411,generales_2023_07,provincia,Comunitat Valenciana,Castellón,Castellón,EH-Bildu,0,0,NA,5,0,3,ancho,CASTELLÓN
3411,generales_2023_07,provincia,Comunitat Valenciana,Valencia,Valencia,PSOE,5,5,NA,16,5,3,ancho,VALENCIA
3411,generales_2023_07,provincia,Comunitat Valenciana,Valencia,Valencia,PP,5,5,NA,16,5,3,ancho,VALENCIA
3411,generales_2023_07,provincia,Comunitat Valenciana,Valencia,Valencia,VOX,2,2,NA,16,2,3,ancho,VALENCIA
3411,generales_2023_07,provincia,Comunitat Valenciana,Valencia,Valencia,SUMAR,4,4,NA,16,4,3,ancho,VALENCIA
3411,generales_2023_07,provincia,Comunitat Valenciana,Valencia,Valencia,Teruel Existe,0,0,NA,16,0,3,ancho,VALENCIA
3411,generales_2023_07,provincia,Comunitat Valenciana,Valencia,Valencia,CCa,0,0,NA,16,0,3,ancho,VALENCIA
3411,generales_2023_07,provincia,Comunitat Valenciana,Valencia,Valencia,ERC,0,0,NA,16,0,3,ancho,VALENCIA
3411,generales_2023_07,provincia,Comunitat Valenciana,Valencia,Valencia,JxCat,0,0,NA,16,0,3,ancho,VALENCIA
3411,generales_2023_07,provincia,Comunitat Valenciana,Valencia,Valencia,CUP,0,0,NA,16,0,3,ancho,VALENCIA
3411,generales_2023_07,provincia,Comunitat Valenciana,Valencia,Valencia,BNG,0,0,NA,16,0,3,ancho,VALENCIA
3411,generales_2023_07,provincia,Comunitat Valenciana,Valencia,Valencia,EAJ-PNV,0,0,NA,16,0,3,ancho,VALENCIA
3411,generales_2023_07,provincia,Comunitat Valenciana,Valencia,Valencia,EH-Bildu,0,0,NA,16,0,3,ancho,VALENCIA
3411,generales_2023_07,provincia,Extremadura,Badajoz,Badajoz,PSOE,2,2,NA,5,2,3,ancho,BADAJOZ
3411,generales_2023_07,provincia,Extremadura,Badajoz,Badajoz,PP,3,3,NA,5,3,3,ancho,BADAJOZ
3411,generales_2023_07,provincia,Extremadura,Badajoz,Badajoz,VOX,0,0,NA,5,0,3,ancho,BADAJOZ
3411,generales_2023_07,provincia,Extremadura,Badajoz,Badajoz,SUMAR,0,0,NA,5,0,3,ancho,BADAJOZ
3411,generales_2023_07,provincia,Extremadura,Badajoz,Badajoz,Teruel Existe,0,0,NA,5,0,3,ancho,BADAJOZ
3411,generales_2023_07,provincia,Extremadura,Badajoz,Badajoz,CCa,0,0,NA,5,0,3,ancho,BADAJOZ
3411,generales_2023_07,provincia,Extremadura,Badajoz,Badajoz,ERC,0,0,NA,5,0,3,ancho,BADAJOZ
3411,generales_2023_07,provincia,Extremadura,Badajoz,Badajoz,JxCat,0,0,NA,5,0,3,ancho,BADAJOZ
3411,generales_2023_07,provincia,Extremadura,Badajoz,Badajoz,CUP,0,0,NA,5,0,3,ancho,BADAJOZ
3411,generales_2023_07,provincia,Extremadura,Badajoz,Badajoz,BNG,0,0,NA,5,0,3,ancho,BADAJOZ
3411,generales_2023_07,provincia,Extremadura,Badajoz,Badajoz,EAJ-PNV,0,0,NA,5,0,3,ancho,BADAJOZ
3411,generales_2023_07,provincia,Extremadura,Badajoz,Badajoz,EH-Bildu,0,0,NA,5,0,3,ancho,BADAJOZ
3411,generales_2023_07,provincia,Extremadura,Cáceres,Cáceres,PSOE,2,2,NA,4,2,3,ancho,CÁCERES
3411,generales_2023_07,provincia,Extremadura,Cáceres,Cáceres,PP,2,2,NA,4,2,3,ancho,CÁCERES
3411,generales_2023_07,provincia,Extremadura,Cáceres,Cáceres,VOX,0,0,NA,4,0,3,ancho,CÁCERES
3411,generales_2023_07,provincia,Extremadura,Cáceres,Cáceres,SUMAR,0,0,NA,4,0,3,ancho,CÁCERES
3411,generales_2023_07,provincia,Extremadura,Cáceres,Cáceres,Teruel Existe,0,0,NA,4,0,3,ancho,CÁCERES
3411,generales_2023_07,provincia,Extremadura,Cáceres,Cáceres,CCa,0,0,NA,4,0,3,ancho,CÁCERES
3411,generales_2023_07,provincia,Extremadura,Cáceres,Cáceres,ERC,0,0,NA,4,0,3,ancho,CÁCERES
3411,generales_2023_07,provincia,Extremadura,Cáceres,Cáceres,JxCat,0,0,NA,4,0,3,ancho,CÁCERES
3411,generales_2023_07,provincia,Extremadura,Cáceres,Cáceres,CUP,0,0,NA,4,0,3,ancho,CÁCERES
3411,generales_2023_07,provincia,Extremadura,Cáceres,Cáceres,BNG,0,0,NA,4,0,3,ancho,CÁCERES
3411,generales_2023_07,provincia,Extremadura,Cáceres,Cáceres,EAJ-PNV,0,0,NA,4,0,3,ancho,CÁCERES
3411,generales_2023_07,provincia,Extremadura,Cáceres,Cáceres,EH-Bildu,0,0,NA,4,0,3,ancho,CÁCERES
3411,generales_2023_07,provincia,Galicia,A Coruña,A Coruña,PSOE,2,3,NA,8,2-3,3,ancho,A CORUÑA
3411,generales_2023_07,provincia,Galicia,A Coruña,A Coruña,PP,3,4,NA,8,3-4,3,ancho,A CORUÑA
3411,generales_2023_07,provincia,Galicia,A Coruña,A Coruña,VOX,0,0,NA,8,0,3,ancho,A CORUÑA
3411,generales_2023_07,provincia,Galicia,A Coruña,A Coruña,SUMAR,1,1,NA,8,1,3,ancho,A CORUÑA
3411,generales_2023_07,provincia,Galicia,A Coruña,A Coruña,Teruel Existe,0,0,NA,8,0,3,ancho,A CORUÑA
3411,generales_2023_07,provincia,Galicia,A Coruña,A Coruña,CCa,0,0,NA,8,0,3,ancho,A CORUÑA
3411,generales_2023_07,provincia,Galicia,A Coruña,A Coruña,ERC,0,0,NA,8,0,3,ancho,A CORUÑA
3411,generales_2023_07,provincia,Galicia,A Coruña,A Coruña,JxCat,0,0,NA,8,0,3,ancho,A CORUÑA
3411,generales_2023_07,provincia,Galicia,A Coruña,A Coruña,CUP,0,0,NA,8,0,3,ancho,A CORUÑA
3411,generales_2023_07,provincia,Galicia,A Coruña,A Coruña,BNG,1,1,NA,8,1,3,ancho,A CORUÑA
3411,generales_2023_07,provincia,Galicia,A Coruña,A Coruña,EAJ-PNV,0,0,NA,8,0,3,ancho,A CORUÑA
3411,generales_2023_07,provincia,Galicia,A Coruña,A Coruña,EH-Bildu,0,0,NA,8,0,3,ancho,A CORUÑA
3411,generales_2023_07,provincia,Galicia,Lugo,Lugo,PSOE,2,2,NA,4,2,3,ancho,LUGO
3411,generales_2023_07,provincia,Galicia,Lugo,Lugo,PP,1,2,NA,4,1-2,3,ancho,LUGO
3411,generales_2023_07,provincia,Galicia,Lugo,Lugo,VOX,0,0,NA,4,0,3,ancho,LUGO
3411,generales_2023_07,provincia,Galicia,Lugo,Lugo,SUMAR,0,0,NA,4,0,3,ancho,LUGO
3411,generales_2023_07,provincia,Galicia,Lugo,Lugo,Teruel Existe,0,0,NA,4,0,3,ancho,LUGO
3411,generales_2023_07,provincia,Galicia,Lugo,Lugo,CCa,0,0,NA,4,0,3,ancho,LUGO
3411,generales_2023_07,provincia,Galicia,Lugo,Lugo,ERC,0,0,NA,4,0,3,ancho,LUGO
3411,generales_2023_07,provincia,Galicia,Lugo,Lugo,JxCat,0,0,NA,4,0,3,ancho,LUGO
3411,generales_2023_07,provincia,Galicia,Lugo,Lugo,CUP,0,0,NA,4,0,3,ancho,LUGO
3411,generales_2023_07,provincia,Galicia,Lugo,Lugo,BNG,0,1,NA,4,0-1,3,ancho,LUGO
3411,generales_2023_07,provincia,Galicia,Lugo,Lugo,EAJ-PNV,0,0,NA,4,0,3,ancho,LUGO
3411,generales_2023_07,provincia,Galicia,Lugo,Lugo,EH-Bildu,0,0,NA,4,0,3,ancho,LUGO
3411,generales_2023_07,provincia,Galicia,Ourense,Ourense,PSOE,1,2,NA,4,1-2,3,ancho,OURENSE
3411,generales_2023_07,provincia,Galicia,Ourense,Ourense,PP,2,3,NA,4,2-3,3,ancho,OURENSE
3411,generales_2023_07,provincia,Galicia,Ourense,Ourense,VOX,0,0,NA,4,0,3,ancho,OURENSE
3411,generales_2023_07,provincia,Galicia,Ourense,Ourense,SUMAR,0,0,NA,4,0,3,ancho,OURENSE
3411,generales_2023_07,provincia,Galicia,Ourense,Ourense,Teruel Existe,0,0,NA,4,0,3,ancho,OURENSE
3411,generales_2023_07,provincia,Galicia,Ourense,Ourense,CCa,0,0,NA,4,0,3,ancho,OURENSE
3411,generales_2023_07,provincia,Galicia,Ourense,Ourense,ERC,0,0,NA,4,0,3,ancho,OURENSE
3411,generales_2023_07,provincia,Galicia,Ourense,Ourense,JxCat,0,0,NA,4,0,3,ancho,OURENSE
3411,generales_2023_07,provincia,Galicia,Ourense,Ourense,CUP,0,0,NA,4,0,3,ancho,OURENSE
3411,generales_2023_07,provincia,Galicia,Ourense,Ourense,BNG,0,0,NA,4,0,3,ancho,OURENSE
3411,generales_2023_07,provincia,Galicia,Ourense,Ourense,EAJ-PNV,0,0,NA,4,0,3,ancho,OURENSE
3411,generales_2023_07,provincia,Galicia,Ourense,Ourense,EH-Bildu,0,0,NA,4,0,3,ancho,OURENSE
3411,generales_2023_07,provincia,Galicia,Pontevedra,Pontevedra,PSOE,2,3,NA,7,2-3,3,ancho,PONTEVEDRA
3411,generales_2023_07,provincia,Galicia,Pontevedra,Pontevedra,PP,2,3,NA,7,2-3,3,ancho,PONTEVEDRA
3411,generales_2023_07,provincia,Galicia,Pontevedra,Pontevedra,VOX,0,0,NA,7,0,3,ancho,PONTEVEDRA
3411,generales_2023_07,provincia,Galicia,Pontevedra,Pontevedra,SUMAR,1,1,NA,7,1,3,ancho,PONTEVEDRA
3411,generales_2023_07,provincia,Galicia,Pontevedra,Pontevedra,Teruel Existe,0,0,NA,7,0,3,ancho,PONTEVEDRA
3411,generales_2023_07,provincia,Galicia,Pontevedra,Pontevedra,CCa,0,0,NA,7,0,3,ancho,PONTEVEDRA
3411,generales_2023_07,provincia,Galicia,Pontevedra,Pontevedra,ERC,0,0,NA,7,0,3,ancho,PONTEVEDRA
3411,generales_2023_07,provincia,Galicia,Pontevedra,Pontevedra,JxCat,0,0,NA,7,0,3,ancho,PONTEVEDRA
3411,generales_2023_07,provincia,Galicia,Pontevedra,Pontevedra,CUP,0,0,NA,7,0,3,ancho,PONTEVEDRA
3411,generales_2023_07,provincia,Galicia,Pontevedra,Pontevedra,BNG,1,1,NA,7,1,3,ancho,PONTEVEDRA
3411,generales_2023_07,provincia,Galicia,Pontevedra,Pontevedra,EAJ-PNV,0,0,NA,7,0,3,ancho,PONTEVEDRA
3411,generales_2023_07,provincia,Galicia,Pontevedra,Pontevedra,EH-Bildu,0,0,NA,7,0,3,ancho,PONTEVEDRA
3411,generales_2023_07,provincia,Comunidad de Madrid,Madrid,Madrid,PSOE,10,11,NA,37,10-11,3,ancho,MADRID
3411,generales_2023_07,provincia,Comunidad de Madrid,Madrid,Madrid,PP,14,15,NA,37,14-15,3,ancho,MADRID
3411,generales_2023_07,provincia,Comunidad de Madrid,Madrid,Madrid,VOX,4,5,NA,37,4-5,3,ancho,MADRID
3411,generales_2023_07,provincia,Comunidad de Madrid,Madrid,Madrid,SUMAR,7,8,NA,37,7-8,3,ancho,MADRID
3411,generales_2023_07,provincia,Comunidad de Madrid,Madrid,Madrid,Teruel Existe,0,0,NA,37,0,3,ancho,MADRID
3411,generales_2023_07,provincia,Comunidad de Madrid,Madrid,Madrid,CCa,0,0,NA,37,0,3,ancho,MADRID
3411,generales_2023_07,provincia,Comunidad de Madrid,Madrid,Madrid,ERC,0,0,NA,37,0,3,ancho,MADRID
3411,generales_2023_07,provincia,Comunidad de Madrid,Madrid,Madrid,JxCat,0,0,NA,37,0,3,ancho,MADRID
3411,generales_2023_07,provincia,Comunidad de Madrid,Madrid,Madrid,CUP,0,0,NA,37,0,3,ancho,MADRID
3411,generales_2023_07,provincia,Comunidad de Madrid,Madrid,Madrid,BNG,0,0,NA,37,0,3,ancho,MADRID
3411,generales_2023_07,provincia,Comunidad de Madrid,Madrid,Madrid,EAJ-PNV,0,0,NA,37,0,3,ancho,MADRID
3411,generales_2023_07,provincia,Comunidad de Madrid,Madrid,Madrid,EH-Bildu,0,0,NA,37,0,3,ancho,MADRID
3411,generales_2023_07,provincia,Región de Murcia,Murcia,Murcia,PSOE,2,3,NA,10,2-3,3,ancho,MURCIA
3411,generales_2023_07,provincia,Región de Murcia,Murcia,Murcia,PP,4,5,NA,10,4-5,3,ancho,MURCIA
3411,generales_2023_07,provincia,Región de Murcia,Murcia,Murcia,VOX,2,2,NA,10,2,3,ancho,MURCIA
3411,generales_2023_07,provincia,Región de Murcia,Murcia,Murcia,SUMAR,1,1,NA,10,1,3,ancho,MURCIA
3411,generales_2023_07,provincia,Región de Murcia,Murcia,Murcia,Teruel Existe,0,0,NA,10,0,3,ancho,MURCIA
3411,generales_2023_07,provincia,Región de Murcia,Murcia,Murcia,CCa,0,0,NA,10,0,3,ancho,MURCIA
3411,generales_2023_07,provincia,Región de Murcia,Murcia,Murcia,ERC,0,0,NA,10,0,3,ancho,MURCIA
3411,generales_2023_07,provincia,Región de Murcia,Murcia,Murcia,JxCat,0,0,NA,10,0,3,ancho,MURCIA
3411,generales_2023_07,provincia,Región de Murcia,Murcia,Murcia,CUP,0,0,NA,10,0,3,ancho,MURCIA
3411,generales_2023_07,provincia,Región de Murcia,Murcia,Murcia,BNG,0,0,NA,10,0,3,ancho,MURCIA
3411,generales_2023_07,provincia,Región de Murcia,Murcia,Murcia,EAJ-PNV,0,0,NA,10,0,3,ancho,MURCIA
3411,generales_2023_07,provincia,Región de Murcia,Murcia,Murcia,EH-Bildu,0,0,NA,10,0,3,ancho,MURCIA
3411,generales_2023_07,provincia,Navarra,Navarra,Navarra,PSOE,2,2,NA,5,2,3,ancho,NAVARRA
3411,generales_2023_07,provincia,Navarra,Navarra,Navarra,PP,1,1,NA,5,1,3,ancho,NAVARRA
3411,generales_2023_07,provincia,Navarra,Navarra,Navarra,VOX,0,0,NA,5,0,3,ancho,NAVARRA
3411,generales_2023_07,provincia,Navarra,Navarra,Navarra,SUMAR,1,1,NA,5,1,3,ancho,NAVARRA
3411,generales_2023_07,provincia,Navarra,Navarra,Navarra,Teruel Existe,0,0,NA,5,0,3,ancho,NAVARRA
3411,generales_2023_07,provincia,Navarra,Navarra,Navarra,CCa,0,0,NA,5,0,3,ancho,NAVARRA
3411,generales_2023_07,provincia,Navarra,Navarra,Navarra,ERC,0,0,NA,5,0,3,ancho,NAVARRA
3411,generales_2023_07,provincia,Navarra,Navarra,Navarra,JxCat,0,0,NA,5,0,3,ancho,NAVARRA
3411,generales_2023_07,provincia,Navarra,Navarra,Navarra,CUP,0,0,NA,5,0,3,ancho,NAVARRA
3411,generales_2023_07,provincia,Navarra,Navarra,Navarra,BNG,0,0,NA,5,0,3,ancho,NAVARRA
3411,generales_2023_07,provincia,Navarra,Navarra,Navarra,EAJ-PNV,0,0,NA,5,0,3,ancho,NAVARRA
3411,generales_2023_07,provincia,Navarra,Navarra,Navarra,EH-Bildu,1,1,NA,5,1,3,ancho,NAVARRA
3411,generales_2023_07,provincia,País Vasco,Álava,Álava,PSOE,1,2,NA,4,1-2,3,ancho,ARABA-ÁLAVA
3411,generales_2023_07,provincia,País Vasco,Álava,Álava,PP,1,1,NA,4,1,3,ancho,ARABA-ÁLAVA
3411,generales_2023_07,provincia,País Vasco,Álava,Álava,VOX,0,0,NA,4,0,3,ancho,ARABA-ÁLAVA
3411,generales_2023_07,provincia,País Vasco,Álava,Álava,SUMAR,1,1,NA,4,1,3,ancho,ARABA-ÁLAVA
3411,generales_2023_07,provincia,País Vasco,Álava,Álava,Teruel Existe,0,0,NA,4,0,3,ancho,ARABA-ÁLAVA
3411,generales_2023_07,provincia,País Vasco,Álava,Álava,CCa,0,0,NA,4,0,3,ancho,ARABA-ÁLAVA
3411,generales_2023_07,provincia,País Vasco,Álava,Álava,ERC,0,0,NA,4,0,3,ancho,ARABA-ÁLAVA
3411,generales_2023_07,provincia,País Vasco,Álava,Álava,JxCat,0,0,NA,4,0,3,ancho,ARABA-ÁLAVA
3411,generales_2023_07,provincia,País Vasco,Álava,Álava,CUP,0,0,NA,4,0,3,ancho,ARABA-ÁLAVA
3411,generales_2023_07,provincia,País Vasco,Álava,Álava,BNG,0,0,NA,4,0,3,ancho,ARABA-ÁLAVA
3411,generales_2023_07,provincia,País Vasco,Álava,Álava,EAJ-PNV,0,1,NA,4,0-1,3,ancho,ARABA-ÁLAVA
3411,generales_2023_07,provincia,País Vasco,Álava,Álava,EH-Bildu,0,1,NA,4,0-1,3,ancho,ARABA-ÁLAVA
3411,generales_2023_07,provincia,País Vasco,Guipúzcoa,Guipúzcoa,PSOE,1,2,NA,6,1-2,3,ancho,GIPUZKOA
3411,generales_2023_07,provincia,País Vasco,Guipúzcoa,Guipúzcoa,PP,0,0,NA,6,0,3,ancho,GIPUZKOA
3411,generales_2023_07,provincia,País Vasco,Guipúzcoa,Guipúzcoa,VOX,0,0,NA,6,0,3,ancho,GIPUZKOA
3411,generales_2023_07,provincia,País Vasco,Guipúzcoa,Guipúzcoa,SUMAR,1,1,NA,6,1,3,ancho,GIPUZKOA
3411,generales_2023_07,provincia,País Vasco,Guipúzcoa,Guipúzcoa,Teruel Existe,0,0,NA,6,0,3,ancho,GIPUZKOA
3411,generales_2023_07,provincia,País Vasco,Guipúzcoa,Guipúzcoa,CCa,0,0,NA,6,0,3,ancho,GIPUZKOA
3411,generales_2023_07,provincia,País Vasco,Guipúzcoa,Guipúzcoa,ERC,0,0,NA,6,0,3,ancho,GIPUZKOA
3411,generales_2023_07,provincia,País Vasco,Guipúzcoa,Guipúzcoa,JxCat,0,0,NA,6,0,3,ancho,GIPUZKOA
3411,generales_2023_07,provincia,País Vasco,Guipúzcoa,Guipúzcoa,CUP,0,0,NA,6,0,3,ancho,GIPUZKOA
3411,generales_2023_07,provincia,País Vasco,Guipúzcoa,Guipúzcoa,BNG,0,0,NA,6,0,3,ancho,GIPUZKOA
3411,generales_2023_07,provincia,País Vasco,Guipúzcoa,Guipúzcoa,EAJ-PNV,1,2,NA,6,1-2,3,ancho,GIPUZKOA
3411,generales_2023_07,provincia,País Vasco,Guipúzcoa,Guipúzcoa,EH-Bildu,2,3,NA,6,2-3,3,ancho,GIPUZKOA
3411,generales_2023_07,provincia,País Vasco,Vizcaya,Vizcaya,PSOE,2,3,NA,8,2-3,3,ancho,BIZKAIA
3411,generales_2023_07,provincia,País Vasco,Vizcaya,Vizcaya,PP,1,1,NA,8,1,3,ancho,BIZKAIA
3411,generales_2023_07,provincia,País Vasco,Vizcaya,Vizcaya,VOX,0,0,NA,8,0,3,ancho,BIZKAIA
3411,generales_2023_07,provincia,País Vasco,Vizcaya,Vizcaya,SUMAR,1,1,NA,8,1,3,ancho,BIZKAIA
3411,generales_2023_07,provincia,País Vasco,Vizcaya,Vizcaya,Teruel Existe,0,0,NA,8,0,3,ancho,BIZKAIA
3411,generales_2023_07,provincia,País Vasco,Vizcaya,Vizcaya,CCa,0,0,NA,8,0,3,ancho,BIZKAIA
3411,generales_2023_07,provincia,País Vasco,Vizcaya,Vizcaya,ERC,0,0,NA,8,0,3,ancho,BIZKAIA
3411,generales_2023_07,provincia,País Vasco,Vizcaya,Vizcaya,JxCat,0,0,NA,8,0,3,ancho,BIZKAIA
3411,generales_2023_07,provincia,País Vasco,Vizcaya,Vizcaya,CUP,0,0,NA,8,0,3,ancho,BIZKAIA
3411,generales_2023_07,provincia,País Vasco,Vizcaya,Vizcaya,BNG,0,0,NA,8,0,3,ancho,BIZKAIA
3411,generales_2023_07,provincia,País Vasco,Vizcaya,Vizcaya,EAJ-PNV,2,2,NA,8,2,3,ancho,BIZKAIA
3411,generales_2023_07,provincia,País Vasco,Vizcaya,Vizcaya,EH-Bildu,1,2,NA,8,1-2,3,ancho,BIZKAIA
3411,generales_2023_07,provincia,La Rioja,La Rioja,La Rioja,PSOE,2,2,NA,4,2,3,ancho,LA RIOJA
3411,generales_2023_07,provincia,La Rioja,La Rioja,La Rioja,PP,2,2,NA,4,2,3,ancho,LA RIOJA
3411,generales_2023_07,provincia,La Rioja,La Rioja,La Rioja,VOX,0,0,NA,4,0,3,ancho,LA RIOJA
3411,generales_2023_07,provincia,La Rioja,La Rioja,La Rioja,SUMAR,0,0,NA,4,0,3,ancho,LA RIOJA
3411,generales_2023_07,provincia,La Rioja,La Rioja,La Rioja,Teruel Existe,0,0,NA,4,0,3,ancho,LA RIOJA
3411,generales_2023_07,provincia,La Rioja,La Rioja,La Rioja,CCa,0,0,NA,4,0,3,ancho,LA RIOJA
3411,generales_2023_07,provincia,La Rioja,La Rioja,La Rioja,ERC,0,0,NA,4,0,3,ancho,LA RIOJA
3411,generales_2023_07,provincia,La Rioja,La Rioja,La Rioja,JxCat,0,0,NA,4,0,3,ancho,LA RIOJA
3411,generales_2023_07,provincia,La Rioja,La Rioja,La Rioja,CUP,0,0,NA,4,0,3,ancho,LA RIOJA
3411,generales_2023_07,provincia,La Rioja,La Rioja,La Rioja,BNG,0,0,NA,4,0,3,ancho,LA RIOJA
3411,generales_2023_07,provincia,La Rioja,La Rioja,La Rioja,EAJ-PNV,0,0,NA,4,0,3,ancho,LA RIOJA
3411,generales_2023_07,provincia,La Rioja,La Rioja,La Rioja,EH-Bildu,0,0,NA,4,0,3,ancho,LA RIOJA
3411,generales_2023_07,provincia,Ceuta,Ceuta,Ceuta,PSOE,0,0,NA,1,0,3,ancho,CEUTA
3411,generales_2023_07,provincia,Ceuta,Ceuta,Ceuta,PP,1,1,NA,1,1,3,ancho,CEUTA
3411,generales_2023_07,provincia,Ceuta,Ceuta,Ceuta,VOX,0,0,NA,1,0,3,ancho,CEUTA
3411,generales_2023_07,provincia,Ceuta,Ceuta,Ceuta,SUMAR,0,0,NA,1,0,3,ancho,CEUTA
3411,generales_2023_07,provincia,Ceuta,Ceuta,Ceuta,Teruel Existe,0,0,NA,1,0,3,ancho,CEUTA
3411,generales_2023_07,provincia,Ceuta,Ceuta,Ceuta,CCa,0,0,NA,1,0,3,ancho,CEUTA
3411,generales_2023_07,provincia,Ceuta,Ceuta,Ceuta,ERC,0,0,NA,1,0,3,ancho,CEUTA
3411,generales_2023_07,provincia,Ceuta,Ceuta,Ceuta,JxCat,0,0,NA,1,0,3,ancho,CEUTA
3411,generales_2023_07,provincia,Ceuta,Ceuta,Ceuta,CUP,0,0,NA,1,0,3,ancho,CEUTA
3411,generales_2023_07,provincia,Ceuta,Ceuta,Ceuta,BNG,0,0,NA,1,0,3,ancho,CEUTA
3411,generales_2023_07,provincia,Ceuta,Ceuta,Ceuta,EAJ-PNV,0,0,NA,1,0,3,ancho,CEUTA
3411,generales_2023_07,provincia,Ceuta,Ceuta,Ceuta,EH-Bildu,0,0,NA,1,0,3,ancho,CEUTA
3411,generales_2023_07,provincia,Melilla,Melilla,Melilla,PSOE,0,0,NA,1,0,3,ancho,MELILLA
3411,generales_2023_07,provincia,Melilla,Melilla,Melilla,PP,1,1,NA,1,1,3,ancho,MELILLA
3411,generales_2023_07,provincia,Melilla,Melilla,Melilla,VOX,0,0,NA,1,0,3,ancho,MELILLA
3411,generales_2023_07,provincia,Melilla,Melilla,Melilla,SUMAR,0,0,NA,1,0,3,ancho,MELILLA
3411,generales_2023_07,provincia,Melilla,Melilla,Melilla,Teruel Existe,0,0,NA,1,0,3,ancho,MELILLA
3411,generales_2023_07,provincia,Melilla,Melilla,Melilla,CCa,0,0,NA,1,0,3,ancho,MELILLA
3411,generales_2023_07,provincia,Melilla,Melilla,Melilla,ERC,0,0,NA,1,0,3,ancho,MELILLA
3411,generales_2023_07,provincia,Melilla,Melilla,Melilla,JxCat,0,0,NA,1,0,3,ancho,MELILLA
3411,generales_2023_07,provincia,Melilla,Melilla,Melilla,CUP,0,0,NA,1,0,3,ancho,MELILLA
3411,generales_2023_07,provincia,Melilla,Melilla,Melilla,BNG,0,0,NA,1,0,3,ancho,MELILLA
3411,generales_2023_07,provincia,Melilla,Melilla,Melilla,EAJ-PNV,0,0,NA,1,0,3,ancho,MELILLA
3411,generales_2023_07,provincia,Melilla,Melilla,Melilla,EH-Bildu,0,0,NA,1,0,3,ancho,MELILLA
3437,autonomicas_2024_02,comunidad,Galicia,NA,Galicia,PP,36,38,NA,NA,(36-38),3,bloques,% sobre error | válido) | censo)
3437,autonomicas_2024_02,comunidad,Galicia,NA,Galicia,BNG,20,23,NA,NA,(20-23),3,bloques,% sobre error | válido) | censo)
3437,autonomicas_2024_02,comunidad,Galicia,NA,Galicia,PSdeG-PSOE,15,17,NA,NA,(15-17),3,bloques,% sobre error | válido) | censo)
3437,autonomicas_2024_02,comunidad,Galicia,NA,Galicia,Sumar Galicia,0,2,NA,NA,(0-2),3,bloques,% sobre error | válido) | censo)
3437,autonomicas_2024_02,comunidad,Galicia,NA,Galicia,VOX,0,0,NA,NA,-,3,bloques,% sobre error | válido) | censo)
3437,autonomicas_2024_02,comunidad,Galicia,NA,Galicia,Democracia Ourensana,1,1,NA,NA,1,3,bloques,% sobre error | válido) | censo)
3437,autonomicas_2024_02,comunidad,Galicia,NA,Galicia,Podemos Galicia,0,0,NA,NA,-,3,bloques,% sobre error | válido) | censo)
3437,autonomicas_2024_02,comunidad,Galicia,NA,Galicia,Otros partidos,0,0,NA,NA,-,3,bloques,% sobre error | válido) | censo)
3437,autonomicas_2024_02,comunidad,Galicia,NA,Galicia,En blanco,0,0,NA,NA,-,3,bloques,% sobre error | válido) | censo)
3437,autonomicas_2024_02,provincia,Galicia,A Coruña,A Coruña,PP,12,13,NA,NA,(12-13),4,bloques,Estudio nº 3437. Preelectoral de Galicia. Elecciones autonómicas 2024 ESTIMACIÓN DE VOTO | A CORUÑA | Intervalo de escaños
3437,autonomicas_2024_02,provincia,Galicia,A Coruña,A Coruña,BNG,7,8,NA,NA,(7-8),4,bloques,Estudio nº 3437. Preelectoral de Galicia. Elecciones autonómicas 2024 ESTIMACIÓN DE VOTO | A CORUÑA | Intervalo de escaños
3437,autonomicas_2024_02,provincia,Galicia,A Coruña,A Coruña,PSdeG-PSOE,5,6,NA,NA,(5-6),4,bloques,Estudio nº 3437. Preelectoral de Galicia. Elecciones autonómicas 2024 ESTIMACIÓN DE VOTO | A CORUÑA | Intervalo de escaños
3437,autonomicas_2024_02,provincia,Galicia,A Coruña,A Coruña,Sumar Galicia,0,1,NA,NA,(0-1),4,bloques,Estudio nº 3437. Preelectoral de Galicia. Elecciones autonómicas 2024 ESTIMACIÓN DE VOTO | A CORUÑA | Intervalo de escaños
3437,autonomicas_2024_02,provincia,Galicia,A Coruña,A Coruña,VOX,0,0,NA,NA,-,4,bloques,Estudio nº 3437. Preelectoral de Galicia. Elecciones autonómicas 2024 ESTIMACIÓN DE VOTO | A CORUÑA | Intervalo de escaños
3437,autonomicas_2024_02,provincia,Galicia,A Coruña,A Coruña,Podemos Galicia,0,0,NA,NA,-,4,bloques,Estudio nº 3437. Preelectoral de Galicia. Elecciones autonómicas 2024 ESTIMACIÓN DE VOTO | A CORUÑA | Intervalo de escaños
3437,autonomicas_2024_02,provincia,Galicia,A Coruña,A Coruña,Otros partidos,0,0,NA,NA,-,4,bloques,Estudio nº 3437. Preelectoral de Galicia. Elecciones autonómicas 2024 ESTIMACIÓN DE VOTO | A CORUÑA | Intervalo de escaños
3437,autonomicas_2024_02,provincia,Galicia,Lugo,Lugo,PP,8,9,NA,NA,(8-9),4,bloques,4 | LUGO | Intervalo de escaños
3437,autonomicas_2024_02,provincia,Galicia,Lugo,Lugo,BNG,3,3,NA,NA,3,4,bloques,4 | LUGO | Intervalo de escaños
3437,autonomicas_2024_02,provincia,Galicia,Lugo,Lugo,PSdeG-PSOE,3,3,NA,NA,3,4,bloques,4 | LUGO | Intervalo de escaños
3437,autonomicas_2024_02,provincia,Galicia,Lugo,Lugo,Sumar Galicia,0,0,NA,NA,-,4,bloques,4 | LUGO | Intervalo de escaños
3437,autonomicas_2024_02,provincia,Galicia,Lugo,Lugo,VOX,0,0,NA,NA,-,4,bloques,4 | LUGO | Intervalo de escaños
3437,autonomicas_2024_02,provincia,Galicia,Lugo,Lugo,Podemos Galicia,0,0,NA,NA,-,4,bloques,4 | LUGO | Intervalo de escaños
3437,autonomicas_2024_02,provincia,Galicia,Lugo,Lugo,Otros partidos,0,0,NA,NA,-,4,bloques,4 | LUGO | Intervalo de escaños
3437,autonomicas_2024_02,provincia,Galicia,Ourense,Ourense,PP,7,7,NA,NA,7,5,bloques,5 | OURENSE | Intervalo de escaños
3437,autonomicas_2024_02,provincia,Galicia,Ourense,Ourense,BNG,3,4,NA,NA,(3-4),5,bloques,5 | OURENSE | Intervalo de escaños
3437,autonomicas_2024_02,provincia,Galicia,Ourense,Ourense,PSdeG-PSOE,2,2,NA,NA,2,5,bloques,5 | OURENSE | Intervalo de escaños
3437,autonomicas_2024_02,provincia,Galicia,Ourense,Ourense,Democracia Ourensana,1,1,NA,NA,1,5,bloques,5 | OURENSE | Intervalo de escaños
3437,autonomicas_2024_02,provincia,Galicia,Ourense,Ourense,Sumar Galicia,0,0,NA,NA,-,5,bloques,5 | OURENSE | Intervalo de escaños
3437,autonomicas_2024_02,provincia,Galicia,Ourense,Ourense,VOX,0,0,NA,NA,-,5,bloques,5 | OURENSE | Intervalo de escaños
3437,autonomicas_2024_02,provincia,Galicia,Ourense,Ourense,Podemos Galicia,0,0,NA,NA,-,5,bloques,5 | OURENSE | Intervalo de escaños
3437,autonomicas_2024_02,provincia,Galicia,Ourense,Ourense,Otros partidos,0,0,NA,NA,-,5,bloques,5 | OURENSE | Intervalo de escaños
3437,autonomicas_2024_02,provincia,Galicia,Pontevedra,Pontevedra,PP,9,9,NA,NA,9,5,bloques,PONTEVEDRA | Intervalo de escaños
3437,autonomicas_2024_02,provincia,Galicia,Pontevedra,Pontevedra,BNG,7,8,NA,NA,(7-8),5,bloques,PONTEVEDRA | Intervalo de escaños
3437,autonomicas_2024_02,provincia,Galicia,Pontevedra,Pontevedra,PSdeG-PSOE,5,6,NA,NA,(5-6),5,bloques,PONTEVEDRA | Intervalo de escaños
3437,autonomicas_2024_02,provincia,Galicia,Pontevedra,Pontevedra,Sumar Galicia,0,1,NA,NA,(0-1),5,bloques,PONTEVEDRA | Intervalo de escaños
3437,autonomicas_2024_02,provincia,Galicia,Pontevedra,Pontevedra,VOX,0,0,NA,NA,-,5,bloques,PONTEVEDRA | Intervalo de escaños
3437,autonomicas_2024_02,provincia,Galicia,Pontevedra,Pontevedra,Podemos Galicia,0,0,NA,NA,-,5,bloques,PONTEVEDRA | Intervalo de escaños
3437,autonomicas_2024_02,provincia,Galicia,Pontevedra,Pontevedra,Otros partidos,0,0,NA,NA,-,5,bloques,PONTEVEDRA | Intervalo de escaños
3448,autonomicas_2024_04,comunidad,País Vasco,NA,País Vasco,EAJ-PNV,30,31,NA,NA,(30-31),3,bloques,(en % sobre de escaños | error* voto válido) | censo)
3448,autonomicas_2024_04,comunidad,País Vasco,NA,País Vasco,EH Bildu,28,29,NA,NA,(28-29),3,bloques,(en % sobre de escaños | error* voto válido) | censo)
3448,autonomicas_2024_04,comunidad,País Vasco,NA,País Vasco,PSE-EE (PSOE),10,11,NA,NA,(10-11),3,bloques,(en % sobre de escaños | error* voto válido) | censo)
3448,autonomicas_2024_04,comunidad,País Vasco,NA,País Vasco,PP,5,6,NA,NA,(5-6),3,bloques,(en % sobre de escaños | error* voto válido) | censo)
3448,autonomicas_2024_04,comunidad,País Vasco,NA,País Vasco,Sumar,0,2,NA,NA,(0-2),3,bloques,(en % sobre de escaños | error* voto válido) | censo)
3448,autonomicas_2024_04,comunidad,País Vasco,NA,País Vasco,Elkarrekin Podemos-Alianza Verde,0,1,NA,NA,(0-1),3,bloques,(en % sobre de escaños | error* voto válido) | censo)
3448,autonomicas_2024_04,comunidad,País Vasco,NA,País Vasco,VOX,0,1,NA,NA,(0-1),3,bloques,(en % sobre de escaños | error* voto válido) | censo)
3448,autonomicas_2024_04,comunidad,País Vasco,NA,País Vasco,Otros partidos,0,0,NA,NA,-,3,bloques,(en % sobre de escaños | error* voto válido) | censo)
3448,autonomicas_2024_04,comunidad,País Vasco,NA,País Vasco,En blanco,0,0,NA,NA,-,3,bloques,(en % sobre de escaños | error* voto válido) | censo)
3453,autonomicas_2024_05,comunidad,Cataluña,NA,Cataluña,PSC-PSOE,39,40,NA,NA,(39-40),3,bloques,de escaños | % sobre error * válido) | censo)
3453,autonomicas_2024_05,comunidad,Cataluña,NA,Cataluña,ERC,27,28,NA,NA,(27-28),3,bloques,de escaños | % sobre error * válido) | censo)
3453,autonomicas_2024_05,comunidad,Cataluña,NA,Cataluña,Cat-Junts+,28,30,NA,NA,(28-30),3,bloques,de escaños | % sobre error * válido) | censo)
3453,autonomicas_2024_05,comunidad,Cataluña,NA,Cataluña,PP,13,14,NA,NA,(13-14),3,bloques,de escaños | % sobre error * válido) | censo)
3453,autonomicas_2024_05,comunidad,Cataluña,NA,Cataluña,VOX,8,9,NA,NA,(8-9),3,bloques,de escaños | % sobre error * válido) | censo)
3453,autonomicas_2024_05,comunidad,Cataluña,NA,Cataluña,Comuns Sumar,7,8,NA,NA,(7-8),3,bloques,de escaños | % sobre error * válido) | censo)
3453,autonomicas_2024_05,comunidad,Cataluña,NA,Cataluña,CUP-DT,5,7,NA,NA,(5-7),3,bloques,de escaños | % sobre error * válido) | censo)
3453,autonomicas_2024_05,comunidad,Cataluña,NA,Cataluña,Alianςa Catalana,0,2,NA,NA,(0-2),3,bloques,de escaños | % sobre error * válido) | censo)
3453,autonomicas_2024_05,comunidad,Cataluña,NA,Cataluña,Ciudadanos,0,0,NA,NA,-,3,bloques,de escaños | % sobre error * válido) | censo)
3453,autonomicas_2024_05,comunidad,Cataluña,NA,Cataluña,Alhora,0,0,NA,NA,-,3,bloques,de escaños | % sobre error * válido) | censo)
3453,autonomicas_2024_05,comunidad,Cataluña,NA,Cataluña,Otros partidos,0,0,NA,NA,-,3,bloques,de escaños | % sobre error * válido) | censo)
3453,autonomicas_2024_05,comunidad,Cataluña,NA,Cataluña,En blanco,0,0,NA,NA,-,3,bloques,de escaños | % sobre error * válido) | censo)
3458,europeas_2024_06,nacional,NA,NA,España,PSOE,21,24,NA,NA,(21-24),3,bloques,(en % sobre de error* | válido) | censo)
3458,europeas_2024_06,nacional,NA,NA,España,PP,18,20,NA,NA,(18-20),3,bloques,(en % sobre de error* | válido) | censo)
3458,europeas_2024_06,nacional,NA,NA,España,VOX,5,6,NA,NA,(5-6),3,bloques,(en % sobre de error* | válido) | censo)
3458,europeas_2024_06,nacional,NA,NA,España,Sumar,4,4,NA,NA,4,3,bloques,(en % sobre de error* | válido) | censo)
3458,europeas_2024_06,nacional,NA,NA,España,Podemos,2,3,NA,NA,(2-3),3,bloques,(en % sobre de error* | válido) | censo)
3458,europeas_2024_06,nacional,NA,NA,España,Ahora Repúblicas,2,3,NA,NA,(2-3),3,bloques,(en % sobre de error* | válido) | censo)
3458,europeas_2024_06,nacional,NA,NA,España,Agrupación de electores 'Se Acabó la Fiesta',1,2,NA,NA,(1-2),3,bloques,(en % sobre de error* | válido) | censo)
3458,europeas_2024_06,nacional,NA,NA,España,Junts i Lliures per Europa,1,2,NA,NA,(1-2),3,bloques,(en % sobre de error* | válido) | censo)
3458,europeas_2024_06,nacional,NA,NA,España,Ciudadanos,1,2,NA,NA,(1-2),3,bloques,(en % sobre de error* | válido) | censo)
3458,europeas_2024_06,nacional,NA,NA,España,Por una Europa Solidaria,0,1,NA,NA,(0-1),3,bloques,(en % sobre de error* | válido) | censo)
3458,europeas_2024_06,nacional,NA,NA,España,La España Olvidada Existe,0,0,NA,NA,-,3,bloques,(en % sobre de error* | válido) | censo)
3458,europeas_2024_06,nacional,NA,NA,España,Otros partidos,0,0,NA,NA,-,3,bloques,(en % sobre de error* | válido) | censo)
3458,europeas_2024_06,nacional,NA,NA,España,En blanco,0,0,NA,NA,-,3,bloques,(en % sobre de error* | válido) | censo)
3538,autonomicas_2025_12,comunidad,Extremadura,NA,Extremadura,PP,25,29,NA,NA,25-29,3,bloques,(en % sobre de error* voto | (en %) | censo) válido)
3538,autonomicas_2025_12,comunidad,Extremadura,NA,Extremadura,PSOE,19,22,NA,NA,19-22,3,bloques,(en % sobre de error* voto | (en %) | censo) válido)
3538,autonomicas_2025_12,comunidad,Extremadura,NA,Extremadura,VOX,10,12,NA,NA,10-12,3,bloques,(en % sobre de error* voto | (en %) | censo) válido)
3538,autonomicas_2025_12,comunidad,Extremadura,NA,Extremadura,Podemos-IU-AV,6,7,NA,NA,6-7,3,bloques,(en % sobre de error* voto | (en %) | censo) válido)
3538,autonomicas_2025_12,comunidad,Extremadura,NA,Extremadura,JUNTOS-LEVANTA,0,0,NA,NA,-,3,bloques,(en % sobre de error* voto | (en %) | censo) válido)
3538,autonomicas_2025_12,comunidad,Extremadura,NA,Extremadura,Otros partidos,0,0,NA,NA,-,3,bloques,(en % sobre de error* voto | (en %) | censo) válido)
3538,autonomicas_2025_12,comunidad,Extremadura,NA,Extremadura,En blanco,0,0,NA,NA,-,3,bloques,(en % sobre de error* voto | (en %) | censo) válido)
3538,autonomicas_2025_12,provincia,Extremadura,Badajoz,Badajoz,PP,15,15,NA,NA,15,4,bloques,(en % sobre de error* voto | (en %) | censo) válido)
3538,autonomicas_2025_12,provincia,Extremadura,Badajoz,Badajoz,PSOE,11,11,NA,NA,11,4,bloques,(en % sobre de error* voto | (en %) | censo) válido)
3538,autonomicas_2025_12,provincia,Extremadura,Badajoz,Badajoz,VOX,6,6,NA,NA,6,4,bloques,(en % sobre de error* voto | (en %) | censo) válido)
3538,autonomicas_2025_12,provincia,Extremadura,Badajoz,Badajoz,Podemos-IU-AV,4,4,NA,NA,4,4,bloques,(en % sobre de error* voto | (en %) | censo) válido)
3538,autonomicas_2025_12,provincia,Extremadura,Badajoz,Badajoz,JUNTOS-LEVANTA,0,0,NA,NA,-,4,bloques,(en % sobre de error* voto | (en %) | censo) válido)
3538,autonomicas_2025_12,provincia,Extremadura,Badajoz,Badajoz,Otros partidos,0,0,NA,NA,-,4,bloques,(en % sobre de error* voto | (en %) | censo) válido)
3538,autonomicas_2025_12,provincia,Extremadura,Badajoz,Badajoz,En blanco,0,0,NA,NA,-,4,bloques,(en % sobre de error* voto | (en %) | censo) válido)
3538,autonomicas_2025_12,provincia,Extremadura,Cáceres,Cáceres,PP,12,12,NA,NA,12,5,bloques,(en % sobre de error* voto | (en %) | censo) válido)
3538,autonomicas_2025_12,provincia,Extremadura,Cáceres,Cáceres,PSOE,9,9,NA,NA,9,5,bloques,(en % sobre de error* voto | (en %) | censo) válido)
3538,autonomicas_2025_12,provincia,Extremadura,Cáceres,Cáceres,VOX,6,6,NA,NA,6,5,bloques,(en % sobre de error* voto | (en %) | censo) válido)
3538,autonomicas_2025_12,provincia,Extremadura,Cáceres,Cáceres,Podemos-IU-AV,2,2,NA,NA,2,5,bloques,(en % sobre de error* voto | (en %) | censo) válido)
3538,autonomicas_2025_12,provincia,Extremadura,Cáceres,Cáceres,JUNTOS-LEVANTA,0,0,NA,NA,-,5,bloques,(en % sobre de error* voto | (en %) | censo) válido)
3538,autonomicas_2025_12,provincia,Extremadura,Cáceres,Cáceres,Otros partidos,0,0,NA,NA,-,5,bloques,(en % sobre de error* voto | (en %) | censo) válido)
3538,autonomicas_2025_12,provincia,Extremadura,Cáceres,Cáceres,En blanco,0,0,NA,NA,-,5,bloques,(en % sobre de error* voto | (en %) | censo) válido)
3543,autonomicas_2026_02,comunidad,Aragón,NA,Aragón,PP,25,29,NA,NA,25-29,3,bloques,(en % sobre de error* voto | (en %) | censo) válido)
3543,autonomicas_2026_02,comunidad,Aragón,NA,Aragón,PSOE,17,23,NA,NA,17-23,3,bloques,(en % sobre de error* voto | (en %) | censo) válido)
3543,autonomicas_2026_02,comunidad,Aragón,NA,Aragón,VOX,10,13,NA,NA,10-13,3,bloques,(en % sobre de error* voto | (en %) | censo) válido)
3543,autonomicas_2026_02,comunidad,Aragón,NA,Aragón,CHA,3,5,NA,NA,3-5,3,bloques,(en % sobre de error* voto | (en %) | censo) válido)
3543,autonomicas_2026_02,comunidad,Aragón,NA,Aragón,IU-MOVIMIENTO SUMAR,1,3,NA,NA,1-3,3,bloques,(en % sobre de error* voto | (en %) | censo) válido)
3543,autonomicas_2026_02,comunidad,Aragón,NA,Aragón,PODEMOS-AV,0,1,NA,NA,0-1,3,bloques,(en % sobre de error* voto | (en %) | censo) válido)
3543,autonomicas_2026_02,comunidad,Aragón,NA,Aragón,EXISTE,1,2,NA,NA,1-2,3,bloques,(en % sobre de error* voto | (en %) | censo) válido)
3543,autonomicas_2026_02,comunidad,Aragón,NA,Aragón,SALF,0,0,NA,NA,-,3,bloques,(en % sobre de error* voto | (en %) | censo) válido)
3543,autonomicas_2026_02,comunidad,Aragón,NA,Aragón,PAR,0,0,NA,NA,-,3,bloques,(en % sobre de error* voto | (en %) | censo) válido)
3543,autonomicas_2026_02,comunidad,Aragón,NA,Aragón,Otros partidos,0,0,NA,NA,-,3,bloques,(en % sobre de error* voto | (en %) | censo) válido)
3543,autonomicas_2026_02,comunidad,Aragón,NA,Aragón,En blanco,0,0,NA,NA,-,3,bloques,(en % sobre de error* voto | (en %) | censo) válido)
3543,autonomicas_2026_02,provincia,Aragón,Huesca,Huesca,PP,7,8,NA,NA,7-8,4,bloques,(en % sobre de error* voto | (en %) | censo) válido)
3543,autonomicas_2026_02,provincia,Aragón,Huesca,Huesca,PSOE,5,7,NA,NA,5-7,4,bloques,(en % sobre de error* voto | (en %) | censo) válido)
3543,autonomicas_2026_02,provincia,Aragón,Huesca,Huesca,VOX,3,3,NA,NA,3,4,bloques,(en % sobre de error* voto | (en %) | censo) válido)
3543,autonomicas_2026_02,provincia,Aragón,Huesca,Huesca,CHA,1,2,NA,NA,1-2,4,bloques,(en % sobre de error* voto | (en %) | censo) válido)
3543,autonomicas_2026_02,provincia,Aragón,Huesca,Huesca,IU-MOVIMIENTO SUMAR,0,1,NA,NA,0-1,4,bloques,(en % sobre de error* voto | (en %) | censo) válido)
3543,autonomicas_2026_02,provincia,Aragón,Huesca,Huesca,PODEMOS-AV,0,0,NA,NA,-,4,bloques,(en % sobre de error* voto | (en %) | censo) válido)
3543,autonomicas_2026_02,provincia,Aragón,Huesca,Huesca,PAR,0,0,NA,NA,-,4,bloques,(en % sobre de error* voto | (en %) | censo) válido)
3543,autonomicas_2026_02,provincia,Aragón,Huesca,Huesca,SALF,0,0,NA,NA,-,4,bloques,(en % sobre de error* voto | (en %) | censo) válido)
3543,autonomicas_2026_02,provincia,Aragón,Huesca,Huesca,EXISTE,0,0,NA,NA,-,4,bloques,(en % sobre de error* voto | (en %) | censo) válido)
3543,autonomicas_2026_02,provincia,Aragón,Huesca,Huesca,Otros partidos,0,0,NA,NA,-,4,bloques,(en % sobre de error* voto | (en %) | censo) válido)
3543,autonomicas_2026_02,provincia,Aragón,Huesca,Huesca,En blanco,0,0,NA,NA,-,4,bloques,(en % sobre de error* voto | (en %) | censo) válido)
3543,autonomicas_2026_02,provincia,Aragón,Teruel,Teruel,PP,5,6,NA,NA,5-6,5,bloques,(en % sobre de error* voto | (en %) | censo) válido)
3543,autonomicas_2026_02,provincia,Aragón,Teruel,Teruel,PSOE,3,4,NA,NA,3-4,5,bloques,(en % sobre de error* voto | (en %) | censo) válido)
3543,autonomicas_2026_02,provincia,Aragón,Teruel,Teruel,VOX,2,3,NA,NA,2-3,5,bloques,(en % sobre de error* voto | (en %) | censo) válido)
3543,autonomicas_2026_02,provincia,Aragón,Teruel,Teruel,EXISTE,1,2,NA,NA,1-2,5,bloques,(en % sobre de error* voto | (en %) | censo) válido)
3543,autonomicas_2026_02,provincia,Aragón,Teruel,Teruel,CHA,0,0,NA,NA,-,5,bloques,(en % sobre de error* voto | (en %) | censo) válido)
3543,autonomicas_2026_02,provincia,Aragón,Teruel,Teruel,IU-MOVIMIENTO SUMAR,0,0,NA,NA,-,5,bloques,(en % sobre de error* voto | (en %) | censo) válido)
3543,autonomicas_2026_02,provincia,Aragón,Teruel,Teruel,SALF,0,0,NA,NA,-,5,bloques,(en % sobre de error* voto | (en %) | censo) válido)
3543,autonomicas_2026_02,provincia,Aragón,Teruel,Teruel,PAR,0,0,NA,NA,-,5,bloques,(en % sobre de error* voto | (en %) | censo) válido)
3543,autonomicas_2026_02,provincia,Aragón,Teruel,Teruel,PODEMOS-AV,0,0,NA,NA,-,5,bloques,(en % sobre de error* voto | (en %) | censo) válido)
3543,autonomicas_2026_02,provincia,Aragón,Teruel,Teruel,Otros partidos,0,0,NA,NA,-,5,bloques,(en % sobre de error* voto | (en %) | censo) válido)
3543,autonomicas_2026_02,provincia,Aragón,Teruel,Teruel,En blanco,0,0,NA,NA,-,5,bloques,(en % sobre de error* voto | (en %) | censo) válido)
3543,autonomicas_2026_02,provincia,Aragón,Zaragoza,Zaragoza,PP,13,15,NA,NA,13-15,6,bloques,(en % sobre de error* voto | (en %) | censo) válido)
3543,autonomicas_2026_02,provincia,Aragón,Zaragoza,Zaragoza,PSOE,9,12,NA,NA,9-12,6,bloques,(en % sobre de error* voto | (en %) | censo) válido)
3543,autonomicas_2026_02,provincia,Aragón,Zaragoza,Zaragoza,VOX,5,7,NA,NA,5-7,6,bloques,(en % sobre de error* voto | (en %) | censo) válido)
3543,autonomicas_2026_02,provincia,Aragón,Zaragoza,Zaragoza,CHA,2,3,NA,NA,2-3,6,bloques,(en % sobre de error* voto | (en %) | censo) válido)
3543,autonomicas_2026_02,provincia,Aragón,Zaragoza,Zaragoza,IU-MOVIMIENTO SUMAR,1,2,NA,NA,1-2,6,bloques,(en % sobre de error* voto | (en %) | censo) válido)
3543,autonomicas_2026_02,provincia,Aragón,Zaragoza,Zaragoza,PODEMOS-AV,0,1,NA,NA,0-1,6,bloques,(en % sobre de error* voto | (en %) | censo) válido)
3543,autonomicas_2026_02,provincia,Aragón,Zaragoza,Zaragoza,SALF,0,0,NA,NA,-,6,bloques,(en % sobre de error* voto | (en %) | censo) válido)
3543,autonomicas_2026_02,provincia,Aragón,Zaragoza,Zaragoza,PAR,0,0,NA,NA,-,6,bloques,(en % sobre de error* voto | (en %) | censo) válido)
3543,autonomicas_2026_02,provincia,Aragón,Zaragoza,Zaragoza,EXISTE,0,0,NA,NA,-,6,bloques,(en % sobre de error* voto | (en %) | censo) válido)
3543,autonomicas_2026_02,provincia,Aragón,Zaragoza,Zaragoza,Otros partidos,0,0,NA,NA,-,6,bloques,(en % sobre de error* voto | (en %) | censo) válido)
3543,autonomicas_2026_02,provincia,Aragón,Zaragoza,Zaragoza,En blanco,0,0,NA,NA,-,6,bloques,(en % sobre de error* voto | (en %) | censo) válido)
3545,autonomicas_2026_03,comunidad,Castilla y León,NA,Castilla y León,PP,28,38,NA,NA,28-38,3,bloques,(en % voto válido) (en %) escaños | sobre | censo)
3545,autonomicas_2026_03,comunidad,Castilla y León,NA,Castilla y León,PSOE,26,35,NA,NA,26-35,3,bloques,(en % voto válido) (en %) escaños | sobre | censo)
3545,autonomicas_2026_03,comunidad,Castilla y León,NA,Castilla y León,VOX,11,19,NA,NA,11-19,3,bloques,(en % voto válido) (en %) escaños | sobre | censo)
3545,autonomicas_2026_03,comunidad,Castilla y León,NA,Castilla y León,UPL,2,4,NA,NA,2-4,3,bloques,(en % voto válido) (en %) escaños | sobre | censo)
3545,autonomicas_2026_03,comunidad,Castilla y León,NA,Castilla y León,IU-Movimiento Sumar-VQ,0,4,NA,NA,0-4,3,bloques,(en % voto válido) (en %) escaños | sobre | censo)
3545,autonomicas_2026_03,comunidad,Castilla y León,NA,Castilla y León,Por Ávila,0,1,NA,NA,0-1,3,bloques,(en % voto válido) (en %) escaños | sobre | censo)
3545,autonomicas_2026_03,comunidad,Castilla y León,NA,Castilla y León,Soria Ya,0,1,NA,NA,0-1,3,bloques,(en % voto válido) (en %) escaños | sobre | censo)
3545,autonomicas_2026_03,comunidad,Castilla y León,NA,Castilla y León,Podemos-AV,0,0,NA,NA,-,3,bloques,(en % voto válido) (en %) escaños | sobre | censo)
3545,autonomicas_2026_03,comunidad,Castilla y León,NA,Castilla y León,SALF,0,0,NA,NA,-,3,bloques,(en % voto válido) (en %) escaños | sobre | censo)
3545,autonomicas_2026_03,comunidad,Castilla y León,NA,Castilla y León,Otros partidos,0,0,NA,NA,-,3,bloques,(en % voto válido) (en %) escaños | sobre | censo)
3545,autonomicas_2026_03,comunidad,Castilla y León,NA,Castilla y León,En blanco,0,0,NA,NA,-,3,bloques,(en % voto válido) (en %) escaños | sobre | censo)
3545,autonomicas_2026_03,provincia,Castilla y León,Ávila,Ávila,PP,2,4,NA,NA,2-4,4,bloques,voto válido) (en %) escaños | sobre | censo)
3545,autonomicas_2026_03,provincia,Castilla y León,Ávila,Ávila,PSOE,2,3,NA,NA,2-3,4,bloques,voto válido) (en %) escaños | sobre | censo)
3545,autonomicas_2026_03,provincia,Castilla y León,Ávila,Ávila,VOX,1,2,NA,NA,1-2,4,bloques,voto válido) (en %) escaños | sobre | censo)
3545,autonomicas_2026_03,provincia,Castilla y León,Ávila,Ávila,Por Ávila,0,1,NA,NA,0-1,4,bloques,voto válido) (en %) escaños | sobre | censo)
3545,autonomicas_2026_03,provincia,Castilla y León,Ávila,Ávila,IU-Movimiento Sumar-VQ,0,0,NA,NA,-,4,bloques,voto válido) (en %) escaños | sobre | censo)
3545,autonomicas_2026_03,provincia,Castilla y León,Ávila,Ávila,Podemos-AV,0,0,NA,NA,-,4,bloques,voto válido) (en %) escaños | sobre | censo)
3545,autonomicas_2026_03,provincia,Castilla y León,Ávila,Ávila,Otros partidos,0,0,NA,NA,-,4,bloques,voto válido) (en %) escaños | sobre | censo)
3545,autonomicas_2026_03,provincia,Castilla y León,Ávila,Ávila,En blanco,0,0,NA,NA,-,4,bloques,voto válido) (en %) escaños | sobre | censo)
3545,autonomicas_2026_03,provincia,Castilla y León,Burgos,Burgos,PP,4,5,NA,NA,4-5,5,bloques,(en % de error* voto válido) (en %) escaños | sobre | censo)
3545,autonomicas_2026_03,provincia,Castilla y León,Burgos,Burgos,PSOE,4,5,NA,NA,4-5,5,bloques,(en % de error* voto válido) (en %) escaños | sobre | censo)
3545,autonomicas_2026_03,provincia,Castilla y León,Burgos,Burgos,VOX,1,2,NA,NA,1-2,5,bloques,(en % de error* voto válido) (en %) escaños | sobre | censo)
3545,autonomicas_2026_03,provincia,Castilla y León,Burgos,Burgos,IU-Movimiento Sumar-VQ,0,1,NA,NA,0-1,5,bloques,(en % de error* voto válido) (en %) escaños | sobre | censo)
3545,autonomicas_2026_03,provincia,Castilla y León,Burgos,Burgos,Podemos-AV,0,0,NA,NA,-,5,bloques,(en % de error* voto válido) (en %) escaños | sobre | censo)
3545,autonomicas_2026_03,provincia,Castilla y León,Burgos,Burgos,Otros partidos,0,0,NA,NA,-,5,bloques,(en % de error* voto válido) (en %) escaños | sobre | censo)
3545,autonomicas_2026_03,provincia,Castilla y León,Burgos,Burgos,En blanco,0,0,NA,NA,-,5,bloques,(en % de error* voto válido) (en %) escaños | sobre | censo)
3545,autonomicas_2026_03,provincia,Castilla y León,León,León,PSOE,3,6,NA,NA,3-6,6,bloques,(en % voto válido) (en %) escaños | sobre | censo)
3545,autonomicas_2026_03,provincia,Castilla y León,León,León,PP,3,6,NA,NA,3-6,6,bloques,(en % voto válido) (en %) escaños | sobre | censo)
3545,autonomicas_2026_03,provincia,Castilla y León,León,León,UPL,2,4,NA,NA,2-4,6,bloques,(en % voto válido) (en %) escaños | sobre | censo)
3545,autonomicas_2026_03,provincia,Castilla y León,León,León,VOX,2,2,NA,NA,2,6,bloques,(en % voto válido) (en %) escaños | sobre | censo)
3545,autonomicas_2026_03,provincia,Castilla y León,León,León,IU-Movimiento Sumar-VQ,0,1,NA,NA,0-1,6,bloques,(en % voto válido) (en %) escaños | sobre | censo)
3545,autonomicas_2026_03,provincia,Castilla y León,León,León,Podemos-AV,0,0,NA,NA,-,6,bloques,(en % voto válido) (en %) escaños | sobre | censo)
3545,autonomicas_2026_03,provincia,Castilla y León,León,León,Otros partidos,0,0,NA,NA,-,6,bloques,(en % voto válido) (en %) escaños | sobre | censo)
3545,autonomicas_2026_03,provincia,Castilla y León,León,León,En blanco,0,0,NA,NA,-,6,bloques,(en % voto válido) (en %) escaños | sobre | censo)
3545,autonomicas_2026_03,provincia,Castilla y León,Palencia,Palencia,PP,3,3,NA,NA,3,7,bloques,de error* voto válido) (en %) escaños | sobre | censo)
3545,autonomicas_2026_03,provincia,Castilla y León,Palencia,Palencia,PSOE,3,3,NA,NA,3,7,bloques,de error* voto válido) (en %) escaños | sobre | censo)
3545,autonomicas_2026_03,provincia,Castilla y León,Palencia,Palencia,VOX,1,1,NA,NA,1,7,bloques,de error* voto válido) (en %) escaños | sobre | censo)
3545,autonomicas_2026_03,provincia,Castilla y León,Palencia,Palencia,IU-Movimiento Sumar-VQ,0,0,NA,NA,-,7,bloques,de error* voto válido) (en %) escaños | sobre | censo)
3545,autonomicas_2026_03,provincia,Castilla y León,Palencia,Palencia,SALF,0,0,NA,NA,-,7,bloques,de error* voto válido) (en %) escaños | sobre | censo)
3545,autonomicas_2026_03,provincia,Castilla y León,Palencia,Palencia,Podemos-AV,0,0,NA,NA,-,7,bloques,de error* voto válido) (en %) escaños | sobre | censo)
3545,autonomicas_2026_03,provincia,Castilla y León,Palencia,Palencia,Otros partidos,0,0,NA,NA,-,7,bloques,de error* voto válido) (en %) escaños | sobre | censo)
3545,autonomicas_2026_03,provincia,Castilla y León,Palencia,Palencia,En blanco,0,0,NA,NA,-,7,bloques,de error* voto válido) (en %) escaños | sobre | censo)
3545,autonomicas_2026_03,provincia,Castilla y León,Salamanca,Salamanca,PP,4,5,NA,NA,4-5,8,bloques,(en % válido) (en %) escaños | sobre | censo)
3545,autonomicas_2026_03,provincia,Castilla y León,Salamanca,Salamanca,PSOE,3,4,NA,NA,3-4,8,bloques,(en % válido) (en %) escaños | sobre | censo)
3545,autonomicas_2026_03,provincia,Castilla y León,Salamanca,Salamanca,VOX,2,3,NA,NA,2-3,8,bloques,(en % válido) (en %) escaños | sobre | censo)
3545,autonomicas_2026_03,provincia,Castilla y León,Salamanca,Salamanca,IU-Movimiento Sumar-VQ,0,0,NA,NA,-,8,bloques,(en % válido) (en %) escaños | sobre | censo)
3545,autonomicas_2026_03,provincia,Castilla y León,Salamanca,Salamanca,UPL,0,0,NA,NA,-,8,bloques,(en % válido) (en %) escaños | sobre | censo)
3545,autonomicas_2026_03,provincia,Castilla y León,Salamanca,Salamanca,Podemos-AV,0,0,NA,NA,-,8,bloques,(en % válido) (en %) escaños | sobre | censo)
3545,autonomicas_2026_03,provincia,Castilla y León,Salamanca,Salamanca,Otros partidos,0,0,NA,NA,-,8,bloques,(en % válido) (en %) escaños | sobre | censo)
3545,autonomicas_2026_03,provincia,Castilla y León,Salamanca,Salamanca,En blanco,0,0,NA,NA,-,8,bloques,(en % válido) (en %) escaños | sobre | censo)
3545,autonomicas_2026_03,provincia,Castilla y León,Segovia,Segovia,PP,3,3,NA,NA,3,9,bloques,(en % voto válido) (en %) escaños | sobre | censo)
3545,autonomicas_2026_03,provincia,Castilla y León,Segovia,Segovia,PSOE,2,3,NA,NA,2-3,9,bloques,(en % voto válido) (en %) escaños | sobre | censo)
3545,autonomicas_2026_03,provincia,Castilla y León,Segovia,Segovia,VOX,1,2,NA,NA,1-2,9,bloques,(en % voto válido) (en %) escaños | sobre | censo)
3545,autonomicas_2026_03,provincia,Castilla y León,Segovia,Segovia,IU-Movimiento Sumar-VQ,0,1,NA,NA,0-1,9,bloques,(en % voto válido) (en %) escaños | sobre | censo)
3545,autonomicas_2026_03,provincia,Castilla y León,Segovia,Segovia,Podemos-AV,0,0,NA,NA,-,9,bloques,(en % voto válido) (en %) escaños | sobre | censo)
3545,autonomicas_2026_03,provincia,Castilla y León,Segovia,Segovia,Otros partidos,0,0,NA,NA,-,9,bloques,(en % voto válido) (en %) escaños | sobre | censo)
3545,autonomicas_2026_03,provincia,Castilla y León,Segovia,Segovia,En blanco,0,0,NA,NA,-,9,bloques,(en % voto válido) (en %) escaños | sobre | censo)
3545,autonomicas_2026_03,provincia,Castilla y León,Soria,Soria,PSOE,2,2,NA,NA,2,10,bloques,(en % voto válido) (en %) escaños | sobre | censo)
3545,autonomicas_2026_03,provincia,Castilla y León,Soria,Soria,PP,1,2,NA,NA,1-2,10,bloques,(en % voto válido) (en %) escaños | sobre | censo)
3545,autonomicas_2026_03,provincia,Castilla y León,Soria,Soria,Soria Ya,0,1,NA,NA,0-1,10,bloques,(en % voto válido) (en %) escaños | sobre | censo)
3545,autonomicas_2026_03,provincia,Castilla y León,Soria,Soria,VOX,0,1,NA,NA,0-1,10,bloques,(en % voto válido) (en %) escaños | sobre | censo)
3545,autonomicas_2026_03,provincia,Castilla y León,Soria,Soria,IU-Movimiento Sumar-VQ,0,0,NA,NA,-,10,bloques,(en % voto válido) (en %) escaños | sobre | censo)
3545,autonomicas_2026_03,provincia,Castilla y León,Soria,Soria,SALF,0,0,NA,NA,-,10,bloques,(en % voto válido) (en %) escaños | sobre | censo)
3545,autonomicas_2026_03,provincia,Castilla y León,Soria,Soria,Podemos-AV,0,0,NA,NA,-,10,bloques,(en % voto válido) (en %) escaños | sobre | censo)
3545,autonomicas_2026_03,provincia,Castilla y León,Soria,Soria,Otros partidos,0,0,NA,NA,-,10,bloques,(en % voto válido) (en %) escaños | sobre | censo)
3545,autonomicas_2026_03,provincia,Castilla y León,Soria,Soria,En blanco,0,0,NA,NA,-,10,bloques,(en % voto válido) (en %) escaños | sobre | censo)
3545,autonomicas_2026_03,provincia,Castilla y León,Valladolid,Valladolid,PSOE,5,6,NA,NA,5-6,11,bloques,(en % voto válido) (en %) escaños | sobre | censo)
3545,autonomicas_2026_03,provincia,Castilla y León,Valladolid,Valladolid,PP,5,6,NA,NA,5-6,11,bloques,(en % voto válido) (en %) escaños | sobre | censo)
3545,autonomicas_2026_03,provincia,Castilla y León,Valladolid,Valladolid,VOX,2,4,NA,NA,2-4,11,bloques,(en % voto válido) (en %) escaños | sobre | censo)
3545,autonomicas_2026_03,provincia,Castilla y León,Valladolid,Valladolid,IU-Movimiento Sumar-VQ,0,1,NA,NA,0-1,11,bloques,(en % voto válido) (en %) escaños | sobre | censo)
3545,autonomicas_2026_03,provincia,Castilla y León,Valladolid,Valladolid,Podemos-AV,0,0,NA,NA,-,11,bloques,(en % voto válido) (en %) escaños | sobre | censo)
3545,autonomicas_2026_03,provincia,Castilla y León,Valladolid,Valladolid,SALF,0,0,NA,NA,-,11,bloques,(en % voto válido) (en %) escaños | sobre | censo)
3545,autonomicas_2026_03,provincia,Castilla y León,Valladolid,Valladolid,Otros partidos,0,0,NA,NA,-,11,bloques,(en % voto válido) (en %) escaños | sobre | censo)
3545,autonomicas_2026_03,provincia,Castilla y León,Valladolid,Valladolid,En blanco,0,0,NA,NA,-,11,bloques,(en % voto válido) (en %) escaños | sobre | censo)
3545,autonomicas_2026_03,provincia,Castilla y León,Zamora,Zamora,PP,3,4,NA,NA,3-4,12,bloques,(en % voto válido) (en %) escaños | sobre | censo)
3545,autonomicas_2026_03,provincia,Castilla y León,Zamora,Zamora,PSOE,2,3,NA,NA,2-3,12,bloques,(en % voto válido) (en %) escaños | sobre | censo)
3545,autonomicas_2026_03,provincia,Castilla y León,Zamora,Zamora,VOX,1,2,NA,NA,1-2,12,bloques,(en % voto válido) (en %) escaños | sobre | censo)
3545,autonomicas_2026_03,provincia,Castilla y León,Zamora,Zamora,UPL,0,0,NA,NA,-,12,bloques,(en % voto válido) (en %) escaños | sobre | censo)
3545,autonomicas_2026_03,provincia,Castilla y León,Zamora,Zamora,IU-Movimiento Sumar-VQ,0,0,NA,NA,-,12,bloques,(en % voto válido) (en %) escaños | sobre | censo)
3545,autonomicas_2026_03,provincia,Castilla y León,Zamora,Zamora,Podemos-AV,0,0,NA,NA,-,12,bloques,(en % voto válido) (en %) escaños | sobre | censo)
3545,autonomicas_2026_03,provincia,Castilla y León,Zamora,Zamora,Otros partidos,0,0,NA,NA,-,12,bloques,(en % voto válido) (en %) escaños | sobre | censo)
3545,autonomicas_2026_03,provincia,Castilla y León,Zamora,Zamora,En blanco,0,0,NA,NA,-,12,bloques,(en % voto válido) (en %) escaños | sobre | censo)
3558,autonomicas_2026_05,comunidad,Andalucía,NA,Andalucía,PP,51,59,55,NA,51-59,3,bloques,(en % de error* voto válido) (en %) escaños probabilidad | sobre | censo)
3558,autonomicas_2026_05,comunidad,Andalucía,NA,Andalucía,PSOE,27,34,31,NA,27-34,3,bloques,(en % de error* voto válido) (en %) escaños probabilidad | sobre | censo)
3558,autonomicas_2026_05,comunidad,Andalucía,NA,Andalucía,VOX,8,17,13,NA,8-17,3,bloques,(en % de error* voto válido) (en %) escaños probabilidad | sobre | censo)
3558,autonomicas_2026_05,comunidad,Andalucía,NA,Andalucía,Adelante Andalucía,5,7,6,NA,5-7,3,bloques,(en % de error* voto válido) (en %) escaños probabilidad | sobre | censo)
3558,autonomicas_2026_05,comunidad,Andalucía,NA,Andalucía,Por Andalucía,4,5,4,NA,4-5,3,bloques,(en % de error* voto válido) (en %) escaños probabilidad | sobre | censo)
3558,autonomicas_2026_05,comunidad,Andalucía,NA,Andalucía,SALF,0,0,0,NA,-,3,bloques,(en % de error* voto válido) (en %) escaños probabilidad | sobre | censo)
3558,autonomicas_2026_05,comunidad,Andalucía,NA,Andalucía,JM+,0,0,0,NA,-,3,bloques,(en % de error* voto válido) (en %) escaños probabilidad | sobre | censo)
3558,autonomicas_2026_05,comunidad,Andalucía,NA,Andalucía,Otros partidos,0,0,0,NA,-,3,bloques,(en % de error* voto válido) (en %) escaños probabilidad | sobre | censo)
3558,autonomicas_2026_05,comunidad,Andalucía,NA,Andalucía,En blanco,0,0,0,NA,-,3,bloques,(en % de error* voto válido) (en %) escaños probabilidad | sobre | censo)
3558,autonomicas_2026_05,provincia,Andalucía,Almería,Almería,PP,6,8,NA,NA,6-8,4,bloques,de error* voto válido) (en %) escaños | sobre | censo)
3558,autonomicas_2026_05,provincia,Andalucía,Almería,Almería,PSOE,3,4,NA,NA,3-4,4,bloques,de error* voto válido) (en %) escaños | sobre | censo)
3558,autonomicas_2026_05,provincia,Andalucía,Almería,Almería,VOX,1,3,NA,NA,1-3,4,bloques,de error* voto válido) (en %) escaños | sobre | censo)
3558,autonomicas_2026_05,provincia,Andalucía,Almería,Almería,Por Andalucía,0,0,NA,NA,-,4,bloques,de error* voto válido) (en %) escaños | sobre | censo)
3558,autonomicas_2026_05,provincia,Andalucía,Almería,Almería,Adelante Andalucía,0,0,NA,NA,-,4,bloques,de error* voto válido) (en %) escaños | sobre | censo)
3558,autonomicas_2026_05,provincia,Andalucía,Almería,Almería,SALF,0,0,NA,NA,-,4,bloques,de error* voto válido) (en %) escaños | sobre | censo)
3558,autonomicas_2026_05,provincia,Andalucía,Almería,Almería,Otros partidos,0,0,NA,NA,-,4,bloques,de error* voto válido) (en %) escaños | sobre | censo)
3558,autonomicas_2026_05,provincia,Andalucía,Almería,Almería,En blanco,0,0,NA,NA,-,4,bloques,de error* voto válido) (en %) escaños | sobre | censo)
3558,autonomicas_2026_05,provincia,Andalucía,Cádiz,Cádiz,PP,7,8,NA,NA,7-8,5,bloques,de error* voto válido) (en %) | sobre | censo)
3558,autonomicas_2026_05,provincia,Andalucía,Cádiz,Cádiz,PSOE,2,4,NA,NA,2-4,5,bloques,de error* voto válido) (en %) | sobre | censo)
3558,autonomicas_2026_05,provincia,Andalucía,Cádiz,Cádiz,Adelante Andalucía,2,2,NA,NA,2,5,bloques,de error* voto válido) (en %) | sobre | censo)
3558,autonomicas_2026_05,provincia,Andalucía,Cádiz,Cádiz,VOX,1,3,NA,NA,1-3,5,bloques,de error* voto válido) (en %) | sobre | censo)
3558,autonomicas_2026_05,provincia,Andalucía,Cádiz,Cádiz,Por Andalucía,1,1,NA,NA,1,5,bloques,de error* voto válido) (en %) | sobre | censo)
3558,autonomicas_2026_05,provincia,Andalucía,Cádiz,Cádiz,SALF,0,0,NA,NA,-,5,bloques,de error* voto válido) (en %) | sobre | censo)
3558,autonomicas_2026_05,provincia,Andalucía,Cádiz,Cádiz,Otros partidos,0,0,NA,NA,-,5,bloques,de error* voto válido) (en %) | sobre | censo)
3558,autonomicas_2026_05,provincia,Andalucía,Cádiz,Cádiz,En blanco,0,0,NA,NA,-,5,bloques,de error* voto válido) (en %) | sobre | censo)
3558,autonomicas_2026_05,provincia,Andalucía,Córdoba,Córdoba,PP,5,6,NA,NA,5-6,6,bloques,de error* voto válido) (en %) | sobre | censo)
3558,autonomicas_2026_05,provincia,Andalucía,Córdoba,Córdoba,PSOE,3,4,NA,NA,3-4,6,bloques,de error* voto válido) (en %) | sobre | censo)
3558,autonomicas_2026_05,provincia,Andalucía,Córdoba,Córdoba,VOX,1,2,NA,NA,1-2,6,bloques,de error* voto válido) (en %) | sobre | censo)
3558,autonomicas_2026_05,provincia,Andalucía,Córdoba,Córdoba,Por Andalucía,1,1,NA,NA,1,6,bloques,de error* voto válido) (en %) | sobre | censo)
3558,autonomicas_2026_05,provincia,Andalucía,Córdoba,Córdoba,Adelante Andalucía,0,1,NA,NA,0-1,6,bloques,de error* voto válido) (en %) | sobre | censo)
3558,autonomicas_2026_05,provincia,Andalucía,Córdoba,Córdoba,SALF,0,0,NA,NA,-,6,bloques,de error* voto válido) (en %) | sobre | censo)
3558,autonomicas_2026_05,provincia,Andalucía,Córdoba,Córdoba,Otros partidos,0,0,NA,NA,-,6,bloques,de error* voto válido) (en %) | sobre | censo)
3558,autonomicas_2026_05,provincia,Andalucía,Córdoba,Córdoba,En blanco,0,0,NA,NA,-,6,bloques,de error* voto válido) (en %) | sobre | censo)
3558,autonomicas_2026_05,provincia,Andalucía,Granada,Granada,PP,6,7,NA,NA,6-7,7,bloques,de error* voto válido) (en %) | sobre | censo)
3558,autonomicas_2026_05,provincia,Andalucía,Granada,Granada,PSOE,3,4,NA,NA,3-4,7,bloques,de error* voto válido) (en %) | sobre | censo)
3558,autonomicas_2026_05,provincia,Andalucía,Granada,Granada,VOX,1,2,NA,NA,1-2,7,bloques,de error* voto válido) (en %) | sobre | censo)
3558,autonomicas_2026_05,provincia,Andalucía,Granada,Granada,Por Andalucía,1,1,NA,NA,1,7,bloques,de error* voto válido) (en %) | sobre | censo)
3558,autonomicas_2026_05,provincia,Andalucía,Granada,Granada,Adelante Andalucía,0,0,NA,NA,-,7,bloques,de error* voto válido) (en %) | sobre | censo)
3558,autonomicas_2026_05,provincia,Andalucía,Granada,Granada,SALF,0,0,NA,NA,-,7,bloques,de error* voto válido) (en %) | sobre | censo)
3558,autonomicas_2026_05,provincia,Andalucía,Granada,Granada,Otros partidos,0,0,NA,NA,-,7,bloques,de error* voto válido) (en %) | sobre | censo)
3558,autonomicas_2026_05,provincia,Andalucía,Granada,Granada,En blanco,0,0,NA,NA,-,7,bloques,de error* voto válido) (en %) | sobre | censo)
3558,autonomicas_2026_05,provincia,Andalucía,Huelva,Huelva,PP,5,6,NA,NA,5-6,8,bloques,de error* voto válido) (en %) | sobre | censo)
3558,autonomicas_2026_05,provincia,Andalucía,Huelva,Huelva,PSOE,3,4,NA,NA,3-4,8,bloques,de error* voto válido) (en %) | sobre | censo)
3558,autonomicas_2026_05,provincia,Andalucía,Huelva,Huelva,VOX,1,2,NA,NA,1-2,8,bloques,de error* voto válido) (en %) | sobre | censo)
3558,autonomicas_2026_05,provincia,Andalucía,Huelva,Huelva,Adelante Andalucía,0,1,NA,NA,0-1,8,bloques,de error* voto válido) (en %) | sobre | censo)
3558,autonomicas_2026_05,provincia,Andalucía,Huelva,Huelva,Por Andalucía,0,0,NA,NA,-,8,bloques,de error* voto válido) (en %) | sobre | censo)
3558,autonomicas_2026_05,provincia,Andalucía,Huelva,Huelva,SALF,0,0,NA,NA,-,8,bloques,de error* voto válido) (en %) | sobre | censo)
3558,autonomicas_2026_05,provincia,Andalucía,Huelva,Huelva,Otros partidos,0,0,NA,NA,-,8,bloques,de error* voto válido) (en %) | sobre | censo)
3558,autonomicas_2026_05,provincia,Andalucía,Huelva,Huelva,En blanco,0,0,NA,NA,-,8,bloques,de error* voto válido) (en %) | sobre | censo)
3558,autonomicas_2026_05,provincia,Andalucía,Jaén,Jaén,PP,6,7,NA,NA,6-7,9,bloques,de error* voto válido) (en %) | sobre | censo)
3558,autonomicas_2026_05,provincia,Andalucía,Jaén,Jaén,PSOE,3,4,NA,NA,3-4,9,bloques,de error* voto válido) (en %) | sobre | censo)
3558,autonomicas_2026_05,provincia,Andalucía,Jaén,Jaén,VOX,1,2,NA,NA,1-2,9,bloques,de error* voto válido) (en %) | sobre | censo)
3558,autonomicas_2026_05,provincia,Andalucía,Jaén,Jaén,Adelante Andalucía,0,0,NA,NA,-,9,bloques,de error* voto válido) (en %) | sobre | censo)
3558,autonomicas_2026_05,provincia,Andalucía,Jaén,Jaén,Por Andalucía,0,0,NA,NA,-,9,bloques,de error* voto válido) (en %) | sobre | censo)
3558,autonomicas_2026_05,provincia,Andalucía,Jaén,Jaén,SALF,0,0,NA,NA,-,9,bloques,de error* voto válido) (en %) | sobre | censo)
3558,autonomicas_2026_05,provincia,Andalucía,Jaén,Jaén,JM+,0,0,NA,NA,-,9,bloques,de error* voto válido) (en %) | sobre | censo)
3558,autonomicas_2026_05,provincia,Andalucía,Jaén,Jaén,Otros partidos,0,0,NA,NA,-,9,bloques,de error* voto válido) (en %) | sobre | censo)
3558,autonomicas_2026_05,provincia,Andalucía,Jaén,Jaén,En blanco,0,0,NA,NA,-,9,bloques,de error* voto válido) (en %) | sobre | censo)
3558,autonomicas_2026_05,provincia,Andalucía,Málaga,Málaga,PP,8,9,NA,NA,8-9,10,bloques,de error* voto válido) (en %) | sobre | censo)
3558,autonomicas_2026_05,provincia,Andalucía,Málaga,Málaga,PSOE,4,5,NA,NA,4-5,10,bloques,de error* voto válido) (en %) | sobre | censo)
3558,autonomicas_2026_05,provincia,Andalucía,Málaga,Málaga,VOX,1,2,NA,NA,1-2,10,bloques,de error* voto válido) (en %) | sobre | censo)
3558,autonomicas_2026_05,provincia,Andalucía,Málaga,Málaga,Adelante Andalucía,1,1,NA,NA,1,10,bloques,de error* voto válido) (en %) | sobre | censo)
3558,autonomicas_2026_05,provincia,Andalucía,Málaga,Málaga,Por Andalucía,0,1,NA,NA,0-1,10,bloques,de error* voto válido) (en %) | sobre | censo)
3558,autonomicas_2026_05,provincia,Andalucía,Málaga,Málaga,SALF,0,0,NA,NA,-,10,bloques,de error* voto válido) (en %) | sobre | censo)
3558,autonomicas_2026_05,provincia,Andalucía,Málaga,Málaga,Otros partidos,0,0,NA,NA,-,10,bloques,de error* voto válido) (en %) | sobre | censo)
3558,autonomicas_2026_05,provincia,Andalucía,Málaga,Málaga,En blanco,0,0,NA,NA,-,10,bloques,de error* voto válido) (en %) | sobre | censo)
3558,autonomicas_2026_05,provincia,Andalucía,Sevilla,Sevilla,PP,8,9,NA,NA,8-9,11,bloques,de error* voto válido) (en %) | sobre | censo)
3558,autonomicas_2026_05,provincia,Andalucía,Sevilla,Sevilla,PSOE,5,6,NA,NA,5-6,11,bloques,de error* voto válido) (en %) | sobre | censo)
3558,autonomicas_2026_05,provincia,Andalucía,Sevilla,Sevilla,Adelante Andalucía,2,2,NA,NA,2,11,bloques,de error* voto válido) (en %) | sobre | censo)
3558,autonomicas_2026_05,provincia,Andalucía,Sevilla,Sevilla,VOX,1,2,NA,NA,1-2,11,bloques,de error* voto válido) (en %) | sobre | censo)
3558,autonomicas_2026_05,provincia,Andalucía,Sevilla,Sevilla,Por Andalucía,1,1,NA,NA,1,11,bloques,de error* voto válido) (en %) | sobre | censo)
3558,autonomicas_2026_05,provincia,Andalucía,Sevilla,Sevilla,SALF,0,0,NA,NA,-,11,bloques,de error* voto válido) (en %) | sobre | censo)
3558,autonomicas_2026_05,provincia,Andalucía,Sevilla,Sevilla,Otros partidos,0,0,NA,NA,-,11,bloques,de error* voto válido) (en %) | sobre | censo)
3558,autonomicas_2026_05,provincia,Andalucía,Sevilla,Sevilla,En blanco,0,0,NA,NA,-,11,bloques,de error* voto válido) (en %) | sobre | censo)
