person_id,expected_bearers,same_province,pp_years,pp_places,vox_years,vox_places,verdict
ANTONIO GARCIA GARCIA,550.66,FALSE,"2003, 2007, 2011, 2015","Badajoz, Cuenca, Leon, Segunda, Sevilla, Tarragona, Toledo",2023,Valencia,NA
MARIA GARCIA GARCIA,506.24,FALSE,"2003, 2007","Segovia, Sevilla",2023,Asturias,NA
FRANCISCO GARCIA GARCIA,397.59,FALSE,2003,"Albacete, Almeria, Jaen, Leon","2019, 2023","Ciudad Real, Sevilla",NA
MARIA CARMEN GONZALEZ GARCIA,370.57,FALSE,"2003, 2007, 2015","Bizkaia, Gipuzkoa, Navarra, Valladolid",2015,Madrid,NA
ANTONIO RODRIGUEZ GARCIA,357.44,FALSE,"2011, 2015, 2019, 2023","Barcelona, Huelva, Sevilla","2019, 2023","Illes Balears, Mallorca, Toledo",NA
ANTONIO GONZALEZ GARCIA,353.98,FALSE,"2007, 2011, 2015, 2019, 2023","Eivissa, Madrid, Malaga, Menorca",2023,"Albacete, Illes Balears, Tarragona",NA
DAVID GARCIA GARCIA,347.59,FALSE,"2011, 2015, 2019, 2023","Albacete, Burgos, Salamanca, Tarragona, Valladolid, Zamora",2019,Avila,NA
ANTONIO GARCIA FERNANDEZ,341.27,FALSE,"2003, 2007, 2011, 2015, 2019, 2023","Badajoz, Caceres, Ciudad Real, Jaen, Leon",2021,Barcelona,NA
ANTONIO LOPEZ GARCIA,331.62,FALSE,"2003, 2007, 2011, 2015, 2019, 2023","Avila, Granada, Jaen, Madrid, Valencia","2019, 2023","Cadiz, Madrid, Toledo",NA
ANTONIO GARCIA MARTINEZ,316.79,FALSE,"2003, 2007, 2011, 2015, 2019, 2023","Badajoz, Granada, Jaen, Madrid",2023,Alicante,NA
ANTONIO MARTINEZ GARCIA,316.79,FALSE,"2003, 2007, 2015, 2023","Albacete, Badajoz, Granada, Lleida",2023,Granada,NA
ANTONIO SANCHEZ GARCIA,311.42,FALSE,"2003, 2023","Lugo, Madrid",2023,"Alicante, Cadiz",NA
MANUEL GARCIA FERNANDEZ,303.55,FALSE,"2003, 2007, 2011, 2019, 2023","A Coruna, Asturias, Pontevedra, Sevilla, Valladolid",2023,Girona,NA
ANTONIO PEREZ GARCIA,296.58,FALSE,"2003, 2011, 2015, 2019, 2023","Avila, Sevilla, Valencia",2019,Murcia,NA
MANUEL LOPEZ GARCIA,294.97,FALSE,"1977, 2003, 2007","Granada, Leon, León, S.C. Tenerife",2019,Bizkaia,NA
MARIA MARTINEZ GARCIA,291.23,FALSE,"2019, 2023","La Rioja, Tarragona",2023,"Albacete, Madrid",NA
MARIA SANCHEZ GARCIA,286.29,FALSE,"2003, 2007, 2019, 2023","Caceres, Murcia, Salamanca",2023,La Rioja,NA
MANUEL MARTINEZ GARCIA,281.77,FALSE,"2003, 2007","Barcelona, Zaragoza",2019,Illes Balears,NA
JUAN GARCIA GARCIA,278.73,FALSE,"2007, 2011","Albacete, Almeria, Barcelona, Sevilla, Zamora",2019,Granada,NA
MANUEL GARCIA SANCHEZ,277,FALSE,"2003, 2007, 2015, 2019","Guadalajara, Madrid, Salamanca, Sevilla","2019, 2023","Almeria, Asturias",NA
MANUEL SANCHEZ GARCIA,277,FALSE,"2007, 2015, 2019","Granada, Jaen, Malaga",2023,Malaga,NA
JOSE GARCIA LOPEZ,273.69,FALSE,"2003, 2007, 2011, 2015","Alicante, Granada, Murcia",2019,Jaen,NA
JOSE GARCIA MARTINEZ,261.44,FALSE,"2003, 2007, 2011","Barcelona, Gipuzkoa, Granada",2023,"Murcia, Región de Murcia",NA
JOSE MARTINEZ GARCIA,261.44,FALSE,"2003, 2007","Avila, Granada, Lugo, Murcia, Tarragona","2015, 2019, 2023",Murcia,NA
FRANCISCO RODRIGUEZ GARCIA,258.08,FALSE,2007,Barcelona,2019,Almeria,NA
FRANCISCO GARCIA GONZALEZ,255.59,FALSE,"2003, 2007, 2011, 2015","Albacete, Alicante, Toledo",2023,Valencia,NA
FRANCISCO GONZALEZ GARCIA,255.59,FALSE,2011,Salamanca,2019,Ciudad Real,NA
FRANCISCO FERNANDEZ GARCIA,246.4,FALSE,"2003, 2007, 2011, 2015, 2019, 2023","Avila, Cadiz, Cordoba, Granada, Huelva, Leon, Tarragona",2023,Zaragoza,NA
LAURA GARCIA GARCIA,241.52,FALSE,2011,Huesca,"2022, 2023","Avila, Ávila, Barcelona",NA
FRANCISCO GARCIA LOPEZ,239.44,FALSE,"2007, 2011, 2023","Barcelona, Cordoba, Granada","2023, 2024",Barcelona,NA
ANTONIO GONZALEZ RODRIGUEZ,229.77,FALSE,"2003, 2019, 2023","Almeria, Asturias, Granada",2023,Girona,NA
MARIA CARMEN RODRIGUEZ LOPEZ,225.34,FALSE,"2011, 2015, 2019",Sevilla,2023,Huelva,NA
ANTONIO RODRIGUEZ FERNANDEZ,221.52,FALSE,"2003, 2007, 2015, 2023","Malaga, Zamora","2015, 2019","Barcelona, Madrid",NA
ANA GARCIA GARCIA,220.72,FALSE,"2011, 2019","Granada, Leon",2023,Barcelona,NA
ANTONIO FERNANDEZ GONZALEZ,219.38,FALSE,"2011, 2015","Barcelona, Leon",2019,Sevilla,NA
ANTONIO RODRIGUEZ LOPEZ,215.26,FALSE,"2007, 2011, 2015, 2023","Granada, Lugo, Madrid, S.C. Tenerife",2023,Granada,NA
FRANCISCO GARCIA PEREZ,214.14,FALSE,"2003, 2007, 2011, 2015","Caceres, Leon, Madrid",2023,Granada,NA
MARTA GARCIA GARCIA,213.47,FALSE,"2007, 2011, 2015, 2023","Illes Balears, Madrid, Salamanca, Valladolid",2019,Burgos,NA
ANTONIO GONZALEZ LOPEZ,213.18,FALSE,"2003, 2007, 2011, 2015, 2019, 2023","Albacete, Badajoz, Cordoba, Leon, Malaga, Navarra","2019, 2023","Barcelona, Malaga",NA
MIGUEL ANGEL GARCIA GARCIA,212.83,FALSE,"2007, 2011, 2015, 2019, 2023","Almeria, Granada, La Rioja, Palencia","2019, 2023","Alicante, Granada",NA
PABLO GARCIA GARCIA,212.44,FALSE,"2003, 2007, 2015","Barcelona, Leon",2023,Salamanca,NA
MARIA CARMEN SANCHEZ RODRIGUEZ,211.61,FALSE,"2007, 2011","Barcelona, Huelva",2023,Barcelona,NA
CRISTINA GARCIA GARCIA,210.66,FALSE,2007,Asturias,2023,Guadalajara,NA
MANUEL RODRIGUEZ RODRIGUEZ,206.37,FALSE,"2003, 2007, 2011, 2015, 2019, 2023","Granada, Leon, Madrid, Ourense","2019, 2023","Granada, Lugo",NA
ANTONIO LOPEZ FERNANDEZ,205.52,FALSE,"2003, 2007","Almeria, Madrid, Murcia",2023,Toledo,NA
MANUEL GONZALEZ GONZALEZ,202.4,FALSE,"2003, 2015, 2019, 2023","Gipuzkoa, Ourense, Pontevedra, Sevilla",2019,Huelva,NA
MARIA ANGELES GARCIA GARCIA,200.43,FALSE,2003,Caceres,2023,Burgos,NA
ANTONIO GONZALEZ SANCHEZ,200.19,FALSE,"2003, 2015, 2019, 2023","Avila, Caceres, Salamanca",2019,Alicante,NA
ANTONIO SANCHEZ GONZALEZ,200.19,FALSE,"2003, 2011, 2023","Ciudad Real, Salamanca",2023,Salamanca,NA
DAVID GARCIA SANCHEZ,196.57,FALSE,"2003, 2007, 2023","Barcelona, Caceres","2019, 2023",Alicante,NA
ANTONIO FERNANDEZ MARTINEZ,196.32,FALSE,2003,Zamora,2019,Alicante,NA
ANTONIO FERNANDEZ SANCHEZ,193,FALSE,"2003, 2011, 2015, 2019, 2023","Cadiz, Granada, Tarragona, Toledo","2021, 2023","Barcelona, Murcia",NA
ANTONIO SANCHEZ FERNANDEZ,193,FALSE,"2015, 2019, 2023","Almeria, Granada",2019,Albacete,NA
JOSE RODRIGUEZ RODRIGUEZ,191.48,FALSE,"2001, 2003, 2007, 2023","Asturias, Bizkaia, Huelva, Lugo, Ourense",2023,Huelva,NA
MANUEL LOPEZ RODRIGUEZ,191.47,FALSE,"2007, 2011, 2015, 2019, 2023",Lugo,2019,Madrid,NA
MANUEL RODRIGUEZ LOPEZ,191.47,FALSE,2003,"Ciudad Real, Soria",2019,Madrid,NA
ANTONIO LOPEZ MARTINEZ,190.78,FALSE,"2003, 2005, 2007, 2015, 2023","Bizkaia, Ourense, Palencia","2019, 2023","Barcelona, Bizkaia",NA
ANGEL GARCIA GARCIA,189,FALSE,"2003, 2011, 2015, 2023","Badajoz, Granada, Lleida, Pontevedra",2023,Murcia,NA
ANTONIO GOMEZ GARCIA,188.87,FALSE,"2003, 2007, 2023","Albacete, Murcia",2023,Cadiz,NA
MARIA CARMEN SANCHEZ MARTINEZ,187.54,FALSE,2019,Valencia,2023,Murcia,NA
JAVIER RODRIGUEZ GARCIA,187.33,FALSE,2019,Asturias,2023,Barcelona,NA
CARMEN GARCIA LOPEZ,186.98,FALSE,"2007, 2019","Madrid, Murcia",2019,Murcia,NA
PEDRO GARCIA GARCIA,186.26,FALSE,"2003, 2007, 2011, 2015, 2019, 2023","Bizkaia, Huelva, Lleida, Madrid, Toledo, Zamora",2023,Murcia,NA
JAVIER GARCIA GONZALEZ,185.52,FALSE,2023,Asturias,2023,Madrid,NA
JOSE FERNANDEZ RODRIGUEZ,182.82,FALSE,"2003, 2007, 2011","Granada, Pontevedra, Valladolid",2019,Valladolid,NA
JOSE RODRIGUEZ FERNANDEZ,182.82,FALSE,"2003, 2007, 2015, 2019, 2023","A Coruna, Almeria, Asturias, Barcelona, Lugo",2023,Barcelona,NA
MANUEL MARTINEZ GONZALEZ,181.13,FALSE,"2003, 2011","Illes Balears, Toledo",2023,Madrid,NA
JOSE FERNANDEZ GONZALEZ,181.05,FALSE,"2011, 2019","Asturias, Leon, Pontevedra","2015, 2019",Madrid,NA
JUAN GARCIA RODRIGUEZ,180.93,FALSE,"2007, 2011, 2015, 2019, 2023","Albacete, Granada",2023,Albacete,NA
ANTONIO GARCIA MARTIN,180.82,FALSE,"2011, 2015, 2023","Avila, Badajoz",2023,Madrid,NA
DANIEL GARCIA FERNANDEZ,179.18,FALSE,"2011, 2023",Ourense,"2023, 2025","Caceres, Cáceres",NA
ANTONIO MARTINEZ SANCHEZ,179.15,FALSE,"2003, 2007, 2011, 2015","Barcelona, Granada","2019, 2023","Cadiz, Murcia, Región de Murcia",NA
JAVIER FERNANDEZ GARCIA,178.86,TRUE,2011,Toledo,2019,Toledo,NA
JAVIER GARCIA FERNANDEZ,178.86,FALSE,"2007, 2011, 2015, 2019","A Coruna, Girona, Madrid, Tarragona",2023,Madrid,NA
ANTONIO LOPEZ PEREZ,178.61,FALSE,"2003, 2011, 2015, 2019, 2023","Caceres, Lleida, Lugo",2023,Sevilla,NA
ANTONIO PEREZ LOPEZ,178.61,FALSE,"2003, 2019, 2023","Ciudad Real, Murcia",2023,"Barcelona, Murcia",NA
JOSE ANTONIO GARCIA RODRIGUEZ,177.48,FALSE,"2003, 2007, 2011, 2015, 2019, 2023","Guadalajara, Leon, Madrid, Toledo",2023,Girona,NA
JOSE ANTONIO RODRIGUEZ GARCIA,177.48,FALSE,"2003, 2007, 2023","Asturias, Jaen, Madrid, Sevilla","2019, 2023","Asturias, Badajoz",NA
ANTONIO SANCHEZ SANCHEZ,176.12,FALSE,"2003, 2007, 2011, 2015, 2019, 2023","Avila, Jaen, Madrid, Toledo","2019, 2023","Ciudad Real, Sevilla",NA
JOSE ANTONIO GARCIA GONZALEZ,175.77,FALSE,"2003, 2007, 2011, 2015, 2019, 2023","Caceres, Palencia",2023,Valencia,NA
MARIA CARMEN SANCHEZ PEREZ,175.58,TRUE,2003,Granada,2019,Granada,NA
JOSE MARIA GARCIA GARCIA,175.47,FALSE,"2003, 2011, 2015, 2019","Avila, Zamora",2023,"Asturias, Las Palmas, Occidente",NA
MANUEL MARTINEZ FERNANDEZ,174.63,FALSE,2019,Lugo,2019,Sevilla,NA
JAVIER GARCIA LOPEZ,173.8,FALSE,"2015, 2019, 2023",Illes Balears,2015,Leon,NA
MARIA GOMEZ GARCIA,173.63,FALSE,"2007, 2011, 2015, 2019, 2023","A Coruna, Alicante",2023,Caceres,NA
ANTONIO MARTINEZ PEREZ,170.62,FALSE,"2003, 2007, 2011, 2015, 2019","Granada, Jaen, Madrid","2019, 2023","Granada, Sevilla, Valencia",NA
FRANCISCO JAVIER GARCIA RODRIGUEZ,170.6,FALSE,2003,Huelva,2023,Palencia,NA
MANUEL MARTINEZ LOPEZ,169.69,FALSE,"2003, 2019","Leon, Malaga, Zaragoza",2019,Madrid,NA
JOSE FERNANDEZ LOPEZ,169.61,FALSE,"2011, 2015, 2019","Asturias, Lugo",2019,Lleida,NA
MARIA PEREZ FERNANDEZ,168.98,FALSE,"2003, 2007",Bizkaia,"2015, 2016, 2019, 2020, 2023, 2024","Álava, Bizkaia, Gipuzkoa",NA
JOSE GONZALEZ MARTINEZ,168.06,FALSE,"2003, 2011, 2015, 2019, 2023","Leon, Ourense, Salamanca",2019,Leon,NA
JUAN GARCIA LOPEZ,167.86,FALSE,"2003, 2019","Cadiz, Granada, Madrid",2023,Madrid,NA
MARIA MARTINEZ MARTINEZ,167.54,FALSE,"2003, 2007, 2015, 2023","Alicante, Almeria, Barcelona, Cuenca, Guadalajara",2023,Madrid,NA
FRANCISCO RODRIGUEZ RODRIGUEZ,167.52,FALSE,"2003, 2007, 2011, 2015, 2019, 2023","Badajoz, Murcia, Ourense","2019, 2023",Granada,NA
MANUEL LOPEZ SANCHEZ,166.81,FALSE,"2003, 2007, 2011, 2015","Avila, Ciudad Real, Gipuzkoa, Granada, Lugo, Salamanca",2023,Leon,NA
MARIA GARCIA MARTIN,166.24,FALSE,2023,"Salamanca, Sevilla",2023,Ciudad Real,NA
JAVIER GARCIA MARTINEZ,166.03,FALSE,"2007, 2011, 2015, 2023","Guadalajara, Toledo, Zamora","2019, 2023","Barcelona, Las Palmas, Murcia",NA
FRANCISCO GONZALEZ RODRIGUEZ,165.9,FALSE,"2003, 2007, 2019, 2023","Cadiz, Granada, Ourense",2023,Ourense,NA
JOSE ANTONIO LOPEZ GARCIA,164.66,FALSE,"2007, 2011, 2015, 2018, 2023","Jaen, Jaén, S.C. Tenerife, Zaragoza",2023,Asturias,NA
JOSE LUIS GARCIA GONZALEZ,163.81,FALSE,"2003, 2011, 2023","Cuenca, Toledo",2023,Las Palmas,NA
DANIEL SANCHEZ GARCIA,163.51,FALSE,2015,Huelva,2019,Alicante,NA
ANTONIA GARCIA GARCIA,163.35,FALSE,2003,Badajoz,2023,Valencia,NA
MANUEL MARTINEZ MARTINEZ,162.1,FALSE,"2003, 2007, 2011, 2015, 2023","Asturias, Ciudad Real, Cuenca, Tarragona, Teruel, Valencia",2023,Alicante,NA
JOSE MARTINEZ FERNANDEZ,162.03,FALSE,"2011, 2015, 2019, 2023","Albacete, Barcelona, Bizkaia, Sevilla",2019,Murcia,NA
JUAN MARTINEZ GARCIA,160.35,FALSE,"2007, 2011, 2015, 2019, 2023","Granada, Murcia, Sevilla",2023,Lleida,NA
ANA MARIA GARCIA RODRIGUEZ,160.28,FALSE,"2019, 2023",Cadiz,2023,Jaen,NA
JOSE PEREZ RODRIGUEZ,158.88,FALSE,"2015, 2019","A Coruna, Ourense",2023,Almeria,NA
FRANCISCO JAVIER GARCIA LOPEZ,158.28,FALSE,2011,Cuenca,2023,"Granada, Navarra",NA
CARLOS FERNANDEZ GARCIA,157.99,FALSE,"2003, 2011","Barcelona, Leon, Navarra",2023,Toledo,NA
ALEJANDRO GARCIA FERNANDEZ,157.96,FALSE,"2003, 2007, 2011, 2019","Ciudad Real, Leon, Zamora",2023,Granada,NA
JOSE LOPEZ MARTINEZ,157.45,FALSE,"2007, 2011, 2015","A Coruna, Lugo",2015,Cantabria,NA
JOSE PEREZ GONZALEZ,157.35,FALSE,"2003, 2007, 2011","Leon, Sevilla, Zamora",2019,Tarragona,NA
JOSE GOMEZ GARCIA,155.87,FALSE,2003,Almeria,2019,Granada,NA
JAVIER PEREZ GARCIA,155.44,FALSE,2023,Las Palmas,2019,Salamanca,NA
JOSE LOPEZ SANCHEZ,154.78,FALSE,"2003, 2007, 2011, 2015, 2023","A Coruna, Almeria, Murcia","2019, 2023",Almeria,NA
JESUS GONZALEZ GARCIA,153.74,FALSE,"2003, 2007, 2011, 2015, 2019, 2023","Barcelona, Burgos, Lugo, Salamanca",2023,Avila,NA
ANA MARIA GARCIA FERNANDEZ,153.03,FALSE,"2003, 2007, 2011, 2015, 2019, 2023","Almeria, Cantabria, Leon, Salamanca","2018, 2023","Málaga, Sevilla",NA
FRANCISCO FERNANDEZ FERNANDEZ,152.71,FALSE,"2003, 2011, 2015, 2019, 2023","Burgos, Caceres, La Rioja, Leon, Murcia, Ourense, Sevilla","2019, 2023",Madrid,NA
FRANCISCO JAVIER GARCIA MARTINEZ,151.2,FALSE,"2007, 2011, 2015, 2019, 2023","Burgos, Castellon, Cuenca, Leon, Murcia",2023,Cuenca,NA
ANA MARIA GARCIA LOPEZ,148.7,FALSE,"2003, 2019","Albacete, Asturias","2015, 2019","Granada, Toledo",NA
FRANCISCO LOPEZ FERNANDEZ,148.39,FALSE,"2003, 2007, 2023","Asturias, Barcelona",2023,Sevilla,NA
JOSE MARTINEZ SANCHEZ,147.85,FALSE,"2003, 2023","Almeria, Barcelona",2023,Girona,NA
JOSE SANCHEZ MARTINEZ,147.85,FALSE,"2011, 2015","Ciudad Real, Illes Balears",2023,Alicante,NA
JOSE SANCHEZ SANCHEZ,145.35,FALSE,"2003, 2007, 2023","Cadiz, Madrid, Murcia, Salamanca, Zamora",2023,"Murcia, Salamanca",NA
DAVID RODRIGUEZ GONZALEZ,145.04,FALSE,"2003, 2023","Asturias, Salamanca",2023,La Rioja,NA
ANTONIO HERNANDEZ GARCIA,144.97,FALSE,"2003, 2007, 2011, 2015, 2023","Caceres, Salamanca","2019, 2023","Alicante, Murcia",NA
MARIA PILAR FERNANDEZ GARCIA,144.34,FALSE,2015,Navarra,2023,Burgos,NA
MARIA PILAR GARCIA FERNANDEZ,144.34,FALSE,"2007, 2023","Burgos, Las Palmas",2023,Ciudad Real,NA
FRANCISCO LOPEZ LOPEZ,144.2,FALSE,2019,Región de Murcia,2019,Cadiz,NA
JESUS LOPEZ GARCIA,144.03,FALSE,2003,Murcia,2023,Badajoz,NA
FRANCISCO MARTINEZ FERNANDEZ,141.75,FALSE,"2015, 2023",Barcelona,2019,Asturias,NA
JOSE MANUEL RODRIGUEZ GARCIA,141.25,FALSE,"2003, 2007, 2023","Badajoz, Leon, León, Lugo",2019,Jaen,NA
ANTONIO GARCIA RUIZ,139.53,FALSE,2015,Jaen,"2019, 2023","Cadiz, Jaen",NA
ANTONIO RUIZ GARCIA,139.53,FALSE,"2003, 2007, 2011, 2015, 2023",Cuenca,2023,Sevilla,NA
FRANCISCO FERNANDEZ SANCHEZ,139.35,FALSE,"2003, 2011","Barcelona, Granada",2023,Madrid,NA
FRANCISCO PEREZ RODRIGUEZ,139,FALSE,"2003, 2007, 2011, 2015, 2019, 2023","Castellon, Granada, Ourense",2019,Cadiz,NA
JUAN JOSE GARCIA GARCIA,138.31,FALSE,"2003, 2007, 2019, 2023","Avila, Segovia, Valencia","2018, 2019, 2023, 2025","Badajoz, Malaga, Málaga",NA
FRANCISCO LOPEZ MARTINEZ,137.75,FALSE,"2019, 2023","Albacete, Barcelona",2023,Almeria,NA
FRANCISCO PEREZ GONZALEZ,137.66,FALSE,2023,Almeria,2023,Cordoba,NA
JESUS GARCIA MARTINEZ,137.58,FALSE,"2003, 2007, 2011, 2015, 2019, 2023","Murcia, Zaragoza",2023,Teruel,NA
CARLOS GARCIA PEREZ,137.3,FALSE,2003,Madrid,"2015, 2016",Granada,NA
MARTA GARCIA GONZALEZ,137.22,FALSE,2019,Avila,2019,Alicante,NA
RAQUEL GARCIA GARCIA,137.1,FALSE,"2011, 2015","S.C. Tenerife, Sevilla",2023,Malaga,NA
PABLO GARCIA GONZALEZ,136.56,FALSE,"2003, 2007, 2011, 2019","Avila, Madrid, Segovia","2019, 2023",Granada,NA
MARIA TERESA FERNANDEZ GARCIA,136.52,FALSE,"2007, 2011, 2015, 2019","Cantabria, Leon, Navarra",2023,Huelva,NA
FRANCISCO GARCIA GOMEZ,136.37,FALSE,"2003, 2007, 2015","Alicante, Tarragona, Valencia",2015,"Caceres, Madrid",NA
DAVID LOPEZ RODRIGUEZ,135.88,TRUE,"2015, 2019",Asturias,2023,Asturias,NA
FRANCISCO LOPEZ SANCHEZ,135.41,FALSE,"2003, 2019","Alicante, Sevilla","2019, 2023","Cantabria, Madrid, Murcia",NA
JESUS GARCIA SANCHEZ,135.25,FALSE,"2019, 2023","Bizkaia, Caceres, Huelva",2023,"Murcia, S.C. Tenerife",NA
JESUS SANCHEZ GARCIA,135.25,FALSE,2003,"Badajoz, Murcia",2023,"Granada, Madrid, Murcia",NA
MANUEL JIMENEZ GARCIA,135.2,FALSE,"2003, 2007, 2011","Cordoba, Sevilla",2019,Cadiz,NA
JOSE MANUEL FERNANDEZ GARCIA,134.86,FALSE,2003,Leon,2023,Salamanca,NA
ANA MARIA GARCIA PEREZ,132.99,FALSE,2007,Cuenca,2023,Sevilla,NA
ANA MARIA PEREZ GARCIA,132.99,FALSE,2019,Tarragona,2023,Murcia,NA
MIGUEL ANGEL FERNANDEZ GARCIA,131.9,TRUE,2011,Asturias,2023,Asturias,NA
MIGUEL ANGEL GARCIA FERNANDEZ,131.9,FALSE,2015,La Rioja,2023,Asturias,NA
JOSE MANUEL GARCIA LOPEZ,131.05,FALSE,2019,"Caceres, Toledo",2023,"Asturias, Caceres",NA
JOSE MANUEL LOPEZ GARCIA,131.05,FALSE,"2015, 2023","Burgos, Lugo, S.C. Tenerife, Toledo","2015, 2019, 2023","Almeria, Cuenca",NA
FRANCISCO GARCIA MARTIN,130.56,FALSE,"2003, 2007","Leon, Sevilla, Toledo",2023,Illes Balears,NA
RAFAEL GONZALEZ GARCIA,130.17,FALSE,"2003, 2007, 2015, 2019","Cantabria, Jaen, Murcia, Salamanca",2015,Valladolid,NA
DAVID MARTINEZ RODRIGUEZ,129.8,TRUE,2011,Leon,2023,Leon,NA
MARIA DOLORES GARCIA MARTINEZ,129.8,FALSE,"2003, 2015","Granada, Guadalajara",2019,"Madrid, Murcia",NA
DAVID LOPEZ FERNANDEZ,129.73,FALSE,2023,Sevilla,2019,Toledo,NA
CARMEN GONZALEZ RODRIGUEZ,129.55,FALSE,"2003, 2007, 2015","Malaga, Ourense",2023,Granada,NA
LUCIA FERNANDEZ GARCIA,128.67,FALSE,2023,Madrid,2023,Alicante,NA
MARTA GARCIA LOPEZ,128.55,FALSE,2023,Lugo,2019,Gipuzkoa,NA
MIGUEL ANGEL GARCIA LOPEZ,128.17,FALSE,2003,Cantabria,2023,Granada,NA
SERGIO RODRIGUEZ GARCIA,127.46,FALSE,"2003, 2019, 2023","Badajoz, Lugo","2019, 2023","Granada, Huelva",NA
FRANCISCO SANCHEZ SANCHEZ,127.16,FALSE,"2003, 2007, 2011","Alicante, Sevilla",2023,Girona,NA
CRISTINA GARCIA LOPEZ,126.87,FALSE,"2007, 2011","Girona, Palencia",2023,Granada,NA
RAFAEL FERNANDEZ GARCIA,125.49,FALSE,2007,Asturias,2019,"Barcelona, Jaen",NA
CARMEN RODRIGUEZ FERNANDEZ,124.9,FALSE,2023,"Asturias, Badajoz",2015,Madrid,NA
MIGUEL MARTINEZ GARCIA,123.69,FALSE,"2003, 2007, 2023","Alicante, Cuenca, Leon",2023,Barcelona,NA
FRANCISCO MARTINEZ PEREZ,123.19,FALSE,2007,Granada,2023,Alicante,NA
FRANCISCO PEREZ MARTINEZ,123.19,FALSE,2003,Lleida,2023,Alicante,NA
ANTONIO GOMEZ RODRIGUEZ,122.59,FALSE,2003,Huelva,2023,La Rioja,NA
PABLO MARTINEZ GARCIA,122.21,FALSE,"2003, 2007, 2011, 2015, 2019, 2023","Cantabria, Cuenca",2023,Valencia,NA
RAFAEL GARCIA LOPEZ,121.95,FALSE,"2011, 2015",Burgos,2023,Alicante,NA
ANGEL GONZALEZ GARCIA,121.5,FALSE,"2011, 2019, 2023",Cuenca,2023,S.C. Tenerife,NA
ANTONIO GOMEZ GONZALEZ,121.41,FALSE,"2015, 2019","Albacete, Huelva, Sevilla",2019,Albacete,NA
CRISTINA GARCIA MARTINEZ,121.19,FALSE,"2003, 2011, 2015, 2019, 2023","Albacete, Burgos",2019,Murcia,NA
FRANCISCO PEREZ SANCHEZ,121.1,FALSE,2019,Almeria,2023,Murcia,NA
JOSEFA GARCIA MARTINEZ,121.07,FALSE,2015,Leon,2019,Murcia,NA
PEDRO GONZALEZ GARCIA,119.73,FALSE,"2003, 2007, 2011, 2015, 2019, 2023","Alicante, Cantabria",2023,Bizkaia,NA
CRISTINA GARCIA SANCHEZ,119.14,FALSE,"2003, 2007, 2011, 2015, 2023","Barcelona, Toledo",2023,Albacete,NA
ISABEL PEREZ GARCIA,118.98,FALSE,"2019, 2023",Asturias,2023,Murcia,NA
ALBA GARCIA GARCIA,117.45,FALSE,"2019, 2023",Segovia,2019,Toledo,NA
MARIA JOSE FERNANDEZ GARCIA,117.45,TRUE,2023,Madrid,2023,Madrid,NA
ANTONIO MARTIN RODRIGUEZ,117.37,FALSE,2011,Madrid,2023,Asturias,NA
ANTONIO RODRIGUEZ MARTIN,117.37,FALSE,2003,Zaragoza,2023,"Barcelona, Valladolid",NA
JOSE MANUEL PEREZ GARCIA,117.21,FALSE,"2003, 2007, 2011, 2019","Asturias, Valladolid",2023,Guadalajara,NA
ANGEL FERNANDEZ GARCIA,117.13,FALSE,2015,Avila,2015,Madrid,NA
ANGEL GARCIA FERNANDEZ,117.13,FALSE,2003,"Burgos, Salamanca","2019, 2023","Ciudad Real, Madrid",NA
ANTONIO GOMEZ FERNANDEZ,117.05,FALSE,"2003, 2007, 2011, 2015, 2019, 2023","Malaga, Ourense",2019,Zamora,NA
ANTONIO MARTIN GONZALEZ,116.24,FALSE,"2011, 2015",Salamanca,2015,Araba/Alava,NA
PEDRO GARCIA FERNANDEZ,115.43,FALSE,"2007, 2011, 2015, 2023","Araba/Alava, Leon",2019,Leon,NA
FRANCISCO PEREZ PEREZ,115.34,FALSE,2003,Caceres,2019,Almeria,NA
MIGUEL ANGEL PEREZ GARCIA,114.63,FALSE,"2003, 2007, 2011, 2015","Avila, Pontevedra",2023,Cantabria,NA
RAFAEL GARCIA SANCHEZ,114.52,FALSE,2007,Granada,"2019, 2023","Granada, Toledo",NA
PABLO GARCIA PEREZ,114.42,FALSE,"2000, 2003, 2007, 2011, 2015, 2016, 2022, 2023, 2026","Asturias, Granada",2023,Leon,NA
DAVID MARTIN GARCIA,114.14,FALSE,"2003, 2007, 2011, 2015, 2019, 2023","Almeria, Ciudad Real, Valladolid",2023,Madrid,NA
ANTONIO LOPEZ GOMEZ,113.74,FALSE,"2003, 2007, 2011, 2015, 2019, 2023","Ciudad Real, Granada, Ourense",2023,Alicante,NA
JAVIER LOPEZ RODRIGUEZ,112.82,FALSE,"2003, 2007, 2011, 2015","Cordoba, Lugo",2019,Toledo,NA
MERCEDES GARCIA GARCIA,112.36,FALSE,"2003, 2007, 2011, 2015","Leon, Valladolid",2023,"Ciudad Real, Sevilla",NA
SILVIA GARCIA GARCIA,112.25,FALSE,"2003, 2007, 2015, 2023","A Coruna, Guadalajara, Leon, León, Tarragona",2023,"Cantabria, Murcia",NA
DAVID SANCHEZ SANCHEZ,111.17,FALSE,"2007, 2011, 2015, 2019, 2023","Avila, Salamanca, Toledo, Valencia",2023,Toledo,NA
JUAN FERNANDEZ GONZALEZ,111.04,FALSE,2007,Ourense,2023,Avila,NA
FRANCISCO JAVIER RODRIGUEZ RODRIGUEZ,110.74,FALSE,"2003, 2007, 2011, 2015","Madrid, Malaga, Sevilla",2023,Las Palmas,NA
JOSE MARIA GARCIA FERNANDEZ,108.74,FALSE,"2015, 2019, 2023",Lugo,2019,Valladolid,NA
ANGEL MARTINEZ GARCIA,108.73,FALSE,"2019, 2023",Leon,2015,Madrid,NA
MANUEL GONZALEZ GOMEZ,107.99,FALSE,2003,Caceres,2023,Cadiz,NA
JUAN LOPEZ GONZALEZ,107.91,FALSE,"2003, 2007, 2011, 2015",Tarragona,"2019, 2023","Barcelona, Zaragoza",NA
JAVIER MARTINEZ RODRIGUEZ,107.77,FALSE,"2015, 2019",Granada,2019,Toledo,NA
JAVIER RODRIGUEZ MARTINEZ,107.77,FALSE,2015,A Coruna,2019,Leon,NA
ALEJANDRO RODRIGUEZ RODRIGUEZ,107.39,FALSE,"2003, 2007, 2011, 2015","Asturias, Pontevedra",2023,Valladolid,NA
PEDRO MARTINEZ GARCIA,107.15,FALSE,2003,Asturias,2023,Madrid,NA
ANGEL SANCHEZ GARCIA,106.89,FALSE,"2003, 2007, 2015","Granada, Lleida, Madrid",2019,Malaga,NA
ANTONIO GOMEZ SANCHEZ,106.81,FALSE,"2003, 2007, 2023","Ciudad Real, Malaga, Salamanca, Sevilla, Toledo",2019,Sevilla,NA
ALBERTO GONZALEZ GARCIA,106.29,FALSE,"2015, 2019, 2023","Albacete, Salamanca, Sevilla",2023,Cantabria,NA
SERGIO GARCIA PEREZ,105.76,FALSE,2011,Barcelona,"2019, 2023","Leon, Valencia",NA
CARMEN LOPEZ SANCHEZ,105.74,FALSE,2023,Granada,2023,S.C. Tenerife,NA
ALEJANDRO GONZALEZ GONZALEZ,105.33,FALSE,2015,Ourense,2023,Zamora,NA
JOSE ANTONIO FERNANDEZ FERNANDEZ,105.02,FALSE,"2003, 2007, 2011","Avila, Huesca, Toledo",2019,Madrid,NA
FRANCISCO JAVIER GONZALEZ FERNANDEZ,104.71,FALSE,"2007, 2011, 2015","Toledo, Zamora",2019,Murcia,NA
LUIS GARCIA GONZALEZ,104.08,FALSE,2007,"Cuenca, Granada","2019, 2023","Almeria, Gipuzkoa, Leon",NA
MANUEL GONZALEZ MARTIN,103.39,FALSE,"2003, 2011","Cadiz, Huelva, Toledo",2015,Salamanca,NA
JORGE SANCHEZ GARCIA,102.37,FALSE,"2007, 2011, 2023","A Coruna, Valencia",2023,Madrid,NA
ANTONIO MARTIN SANCHEZ,102.26,FALSE,"2003, 2007","Gipuzkoa, Granada, Salamanca",2015,Almeria,NA
JOSE ANTONIO FERNANDEZ LOPEZ,102.05,FALSE,2003,"Burgos, Lugo",2019,Leon,NA
DANIEL PEREZ RODRIGUEZ,101.08,FALSE,"2019, 2023","Pontevedra, Toledo",2023,Salamanca,NA
MARIA ISABEL PEREZ GARCIA,100.65,FALSE,"2003, 2007, 2011","Asturias, Centro","2015, 2023",Madrid,NA
JAVIER LOPEZ MARTINEZ,99.98,FALSE,2023,La Rioja,2023,Toledo,NA
CARLOS RODRIGUEZ LOPEZ,99.65,FALSE,"2007, 2011, 2015, 2023",Ourense,2023,"Las Palmas, Madrid",NA
ALEJANDRO RODRIGUEZ LOPEZ,99.63,FALSE,"2015, 2023","Almeria, Ourense",2023,Toledo,NA
ALBERTO LOPEZ GARCIA,99.57,FALSE,"2007, 2011, 2015, 2019, 2023","Almeria, Burgos, Leon, Madrid",2019,Illes Balears,NA
JOSE ANTONIO SANCHEZ GONZALEZ,99.4,FALSE,"2003, 2011","Albacete, Granada",2023,Cordoba,NA
CARMEN SANCHEZ SANCHEZ,99.3,FALSE,"2003, 2007, 2011","Badajoz, Madrid","2015, 2019",Granada,NA
JOSE MARIA SANCHEZ GARCIA,99.23,FALSE,2007,Salamanca,"2019, 2023",Alicante,NA
JOSE ANTONIO LOPEZ LOPEZ,99.16,FALSE,"2003, 2007, 2011, 2015, 2019, 2023","Badajoz, Castellon, Ciudad Real, Cuenca, Toledo",2019,Granada,NA
JESUS GONZALEZ GONZALEZ,98.83,FALSE,"2011, 2015, 2023","Caceres, Navarra, Sevilla",2019,Granada,NA
FRANCISCO JAVIER FERNANDEZ LOPEZ,98.09,FALSE,"2007, 2011",Toledo,2023,Barcelona,NA
JUAN CARLOS GARCIA RODRIGUEZ,97.99,FALSE,"2003, 2007, 2011","Palencia, Valladolid","2019, 2023",Madrid,NA
ANTONIO PEREZ MARTIN,97.39,FALSE,"2003, 2007, 2011, 2015","Avila, Girona, Granada, Jaen",2019,Toledo,NA
JUAN LOPEZ MARTINEZ,96.57,FALSE,"2003, 2007, 2011, 2015, 2019",Granada,2023,Murcia,NA
JOSE LUIS RODRIGUEZ MARTINEZ,95.16,FALSE,2011,Lugo,2015,Leon,NA
CARLOS LOPEZ FERNANDEZ,95.14,FALSE,"2019, 2023",Asturias,2023,Lugo,NA
MARIA DOLORES RODRIGUEZ RODRIGUEZ,95.07,FALSE,"2007, 2011, 2023","Badajoz, Ciudad Real",2019,Bizkaia,NA
JAVIER MARTIN GARCIA,94.77,FALSE,"2011, 2015, 2019",Avila,2023,Lleida,NA
EDUARDO GARCIA GARCIA,94.41,FALSE,2023,Albacete,2023,Madrid,NA
JOSE LUIS GONZALEZ MARTINEZ,94.24,FALSE,2023,"Albacete, Murcia",2019,Cordoba,NA
JOAQUIN GARCIA GARCIA,93.91,FALSE,"2003, 2007, 2015, 2019, 2023","A Coruna, Alicante, Salamanca",2023,Albacete,NA
JAVIER SANCHEZ MARTINEZ,93.89,TRUE,2015,Barcelona,2023,Barcelona,NA
DANIEL LOPEZ PEREZ,93.78,FALSE,2023,Teruel,"2019, 2023",Madrid,NA
JOSE ANTONIO GARCIA GOMEZ,93.78,FALSE,"2003, 2007, 2011, 2019, 2023","Asturias, Cantabria, Palencia",2019,Murcia,NA
FRANCISCO JAVIER MARTINEZ FERNANDEZ,93.7,FALSE,2011,Navarra,2019,Pontevedra,NA
JAVIER PEREZ LOPEZ,93.61,FALSE,"2019, 2023","Gipuzkoa, Sevilla","2019, 2023",Madrid,NA
JUAN CARLOS GARCIA FERNANDEZ,93.56,FALSE,"2007, 2011, 2015, 2019",Toledo,2023,Asturias,NA
ANTONIO HERNANDEZ GONZALEZ,93.19,FALSE,"2003, 2006, 2007, 2019","Barcelona, Lleida",2023,Barcelona,NA
LUIS MARTINEZ GARCIA,93.14,FALSE,"2003, 2015","Albacete, Barcelona","2018, 2019, 2023","Almeria, Almería",NA
JOSE MARTIN FERNANDEZ,92.49,FALSE,"2003, 2007","S.C. Tenerife, Toledo",2023,S.C. Tenerife,NA
JOSE LUIS LOPEZ LOPEZ,92.42,FALSE,"2007, 2023","Cordoba, Cuenca, Lugo",2019,Sevilla,NA
ANA MARIA FERNANDEZ LOPEZ,92.16,FALSE,2011,Caceres,2015,Madrid,NA
JESUS FERNANDEZ FERNANDEZ,91.86,FALSE,"2003, 2007","Jaen, Lugo, Ourense",2023,Almeria,NA
ISABEL GONZALEZ GONZALEZ,91.29,FALSE,2019,Guadalajara,2023,Alicante,NA
JUAN CARLOS LOPEZ GARCIA,90.91,FALSE,"2015, 2019",Asturias,"2019, 2020, 2023",Pontevedra,NA
JUAN LOPEZ PEREZ,90.41,FALSE,"2003, 2015, 2019, 2023","A Coruna, Barcelona, Cadiz",2023,Murcia,NA
ROBERTO GARCIA GARCIA,90.21,FALSE,"2003, 2007, 2011, 2015, 2019, 2023","Guadalajara, Valencia",2023,Soria,NA
JOSE MANUEL GONZALEZ GONZALEZ,89.92,FALSE,"2019, 2023",Las Palmas,2023,Barcelona,NA
ANA MARIA SANCHEZ GONZALEZ,89.77,FALSE,"2003, 2007, 2015, 2023","Avila, Jaen",2023,Valencia,NA
MIGUEL RODRIGUEZ GONZALEZ,89.72,FALSE,2015,Valladolid,"2019, 2023",Barcelona,NA
MIGUEL ANGEL RODRIGUEZ RODRIGUEZ,89.68,FALSE,"2011, 2015, 2019, 2023","Caceres, Ourense",2023,Granada,NA
FRANCISCO JAVIER SANCHEZ LOPEZ,89.51,FALSE,"2007, 2019","Avila, Cadiz","2015, 2019","Madrid, Murcia",NA
JESUS MARTINEZ RODRIGUEZ,89.31,FALSE,"2003, 2023","Palencia, Zamora",2023,Jaen,NA
FRANCISCO GARCIA MORENO,89.15,FALSE,"2003, 2007, 2011, 2015","Granada, Segovia",2019,Granada,NA
JOSE LUIS PEREZ RODRIGUEZ,89.09,FALSE,"2003, 2007, 2019","Ourense, Pontevedra",2019,Granada,NA
RAQUEL GARCIA RODRIGUEZ,88.99,FALSE,2023,Asturias,"2019, 2023",Malaga,NA
JOSE ANTONIO LOPEZ PEREZ,88.69,FALSE,2003,Madrid,2015,"Caceres, Madrid",NA
LAURA RODRIGUEZ SANCHEZ,88.66,FALSE,"2015, 2023","Caceres, Salamanca",2019,Madrid,NA
JAIME GARCIA GARCIA,88.53,FALSE,"2003, 2007, 2011","Asturias, Valencia",2023,Murcia,NA
FRANCISCO RODRIGUEZ GOMEZ,88.52,FALSE,2019,Sevilla,2023,S.C. Tenerife,NA
JOSE LUIS MARTINEZ LOPEZ,88.29,FALSE,2023,Barcelona,2019,Asturias,NA
JOSE SANCHEZ GOMEZ,88.15,FALSE,"2003, 2007, 2011, 2023","Caceres, Salamanca",2023,Alicante,NA
FRANCISCO JOSE GARCIA GARCIA,88.09,FALSE,"2007, 2011, 2015, 2019, 2023","Caceres, Murcia, Tarragona, Valencia",2015,"Caceres, Madrid",NA
DAVID RUIZ GARCIA,88.08,FALSE,"2007, 2011","Murcia, Toledo",2023,Toledo,NA
MIGUEL ANGEL GONZALEZ GONZALEZ,87.95,FALSE,"2003, 2015, 2019","Asturias, Girona, Madrid",2023,"Barcelona, Toledo",NA
JESUS SANCHEZ RODRIGUEZ,87.79,TRUE,"2019, 2023",A Coruna,2023,A Coruna,NA
MARIA TERESA GONZALEZ FERNANDEZ,87.76,FALSE,"2011, 2023","Caceres, Cuenca","2019, 2023","Asturias, Occidente",NA
FRANCISCO JAVIER PEREZ FERNANDEZ,87.73,FALSE,"2007, 2015",Zamora,"2019, 2023","Madrid, Tarragona",NA
LUIS PEREZ GARCIA,87.2,FALSE,2011,Avila,2023,Barcelona,NA
JOSE MANUEL FERNANDEZ GONZALEZ,86.69,FALSE,"2005, 2019, 2023","Lugo, Ourense",2023,Leon,NA
JOSE MANUEL GONZALEZ FERNANDEZ,86.69,FALSE,"2003, 2015","Burgos, Leon",2023,Asturias,NA
MARIA JIMENEZ FERNANDEZ,86.6,FALSE,2019,Granada,2023,Valencia,NA
ANA MARIA FERNANDEZ SANCHEZ,86.54,FALSE,"2007, 2023","Barcelona, Guadalajara",2023,Girona,NA
FRANCISCO JAVIER GARCIA MARTIN,86.3,FALSE,"2003, 2015",Salamanca,"2015, 2019","Madrid, Single national constituency",NA
FRANCISCO JAVIER MARTIN GARCIA,86.3,FALSE,"2007, 2015","Barcelona, Segovia, Valladolid",2023,Las Palmas,NA
ANTONIO SANCHEZ JIMENEZ,85.96,FALSE,2003,Granada,2023,Illes Balears,NA
RAUL GONZALEZ GARCIA,85.08,FALSE,"2011, 2015, 2019, 2023","Asturias, Leon, Salamanca",2023,Madrid,NA
JOSE MANUEL RODRIGUEZ LOPEZ,85.07,FALSE,"2003, 2007, 2011","A Coruna, Bizkaia, Girona",2023,Ourense,NA
RAQUEL FERNANDEZ GARCIA,84.97,FALSE,"2011, 2015, 2019, 2023","Lugo, Segovia",2019,Madrid,NA
CRISTINA FERNANDEZ RODRIGUEZ,84.74,FALSE,"2003, 2007",Malaga,2019,Granada,NA
JESUS FERNANDEZ SANCHEZ,83.82,FALSE,2019,Avila,2023,Sevilla,NA
CARLOS MARTIN GARCIA,83.71,FALSE,"2019, 2023",Toledo,2019,Teruel,NA
JUAN JOSE LOPEZ GARCIA,83.29,FALSE,"2003, 2019","Almeria, Sevilla","2015, 2019",Madrid,NA
CARLOS LOPEZ PEREZ,82.68,FALSE,2015,Leon,2023,Guadalajara,NA
JOSE LUIS LOPEZ PEREZ,82.66,FALSE,2007,Valencia,2019,Cordoba,NA
JOSE LUIS PEREZ LOPEZ,82.66,FALSE,2003,Malaga,"2015, 2016",Cantabria,NA
ISABEL FERNANDEZ LOPEZ,82.45,FALSE,2003,Madrid,2015,Cadiz,NA
RAUL FERNANDEZ GARCIA,82.03,FALSE,2003,Toledo,2019,Cuenca,NA
JOSE LUIS SANCHEZ SANCHEZ,81.5,FALSE,2003,"Caceres, Toledo","2014, 2015, 2019, 2023","Madrid, Single national constituency, Toledo",NA
MARIA TERESA GONZALEZ MARTINEZ,81.46,FALSE,"2011, 2015",Toledo,2023,Madrid,NA
JOSE JIMENEZ RODRIGUEZ,81.43,FALSE,"2003, 2015","Illes Balears, Malaga",2023,Sevilla,NA
JOSE MANUEL RODRIGUEZ MARTINEZ,81.26,FALSE,"2015, 2019, 2023","Burgos, Granada","2019, 2023","Asturias, Centro, Murcia",NA
SERGIO GONZALEZ GONZALEZ,81.14,FALSE,2019,Avila,2023,Sevilla,NA
LUCIA GONZALEZ LOPEZ,80.38,FALSE,"2011, 2015, 2023",Ourense,2023,"Girona, Valencia",NA
JESUS FERNANDEZ PEREZ,79.83,FALSE,"2003, 2007, 2011, 2015, 2023","Araba/Alava, Barcelona, Zamora",2023,Ciudad Real,NA
DANIEL GARCIA JIMENEZ,79.8,FALSE,2023,Tarragona,2015,Madrid,NA
MIGUEL ANGEL FERNANDEZ LOPEZ,79.43,FALSE,2003,Leon,"2019, 2020, 2023","A Coruna, A Coruña",NA
MIGUEL ANGEL LOPEZ FERNANDEZ,79.43,FALSE,"2007, 2011, 2015",Toledo,"2019, 2023",Granada,NA
JESUS MARTINEZ MARTINEZ,79.15,FALSE,"2003, 2007, 2011, 2023","Alicante, Girona, Huesca, La Rioja, Leon, Soria, Valencia, Valladolid, Zaragoza",2023,Albacete,NA
JOSE MANUEL SANCHEZ GONZALEZ,79.11,FALSE,2019,Cadiz,2023,Madrid,NA
MARIA SANCHEZ JIMENEZ,79.02,FALSE,2011,Cadiz,2019,Malaga,NA
SERGIO FERNANDEZ RODRIGUEZ,78.99,FALSE,2015,Avila,2019,Leon,NA
JESUS GARCIA MARTIN,78.53,FALSE,"2003, 2019","Avila, Madrid",2023,Salamanca,NA
FRANCISCO MUNOZ GARCIA,78.3,FALSE,"2011, 2023","Castellon, Toledo",2023,Leon,NA
ANGEL GONZALEZ GONZALEZ,78.1,FALSE,"2003, 2023","Bizkaia, Salamanca",2023,Salamanca,NA
RAFAEL FERNANDEZ FERNANDEZ,77.77,FALSE,"2019, 2023",Cantabria,2023,Asturias,NA
PEDRO GONZALEZ RODRIGUEZ,77.72,FALSE,"2003, 2019, 2023","Cantabria, Leon",2023,Granada,NA
JESUS LOPEZ PEREZ,77.57,FALSE,2015,Asturias,2019,Valencia,NA
JOSEFA RODRIGUEZ SANCHEZ,77.26,FALSE,"2007, 2011, 2015","Barcelona, Lleida","2019, 2023",Granada,NA
PEDRO GONZALEZ GONZALEZ,76.97,FALSE,"2003, 2023","Avila, Salamanca",2023,Cadiz,NA
JOSE MANUEL PEREZ RODRIGUEZ,76.08,FALSE,"2003, 2019, 2023","Huelva, Pontevedra, S.C. Tenerife",2023,Granada,NA
SERGIO LOPEZ GONZALEZ,76.02,FALSE,2019,Huesca,2021,Barcelona,NA
RUBEN FERNANDEZ GARCIA,75.73,FALSE,2023,Palencia,"2019, 2023","Caceres, Illes Balears, Leon",NA
RAFAEL LOPEZ FERNANDEZ,75.57,FALSE,2023,Lugo,2023,Malaga,NA
JOSE ANTONIO JIMENEZ GARCIA,75.47,FALSE,2007,Cuenca,2023,Cadiz,NA
JOSE MANUEL LOPEZ MARTINEZ,75.39,FALSE,"2003, 2011, 2019","Girona, Murcia",2023,"Almeria, Barcelona",NA
FERNANDO RODRIGUEZ RODRIGUEZ,75.37,FALSE,2003,Lugo,2023,Cantabria,NA
JOSE MANUEL PEREZ GONZALEZ,75.34,FALSE,2011,Badajoz,2019,Malaga,NA
ANGEL FERNANDEZ GONZALEZ,75.3,FALSE,"2011, 2015, 2019",Ciudad Real,2023,Jaen,NA
ANTONIO RUIZ PEREZ,75.15,FALSE,2023,Granada,2023,Barcelona,NA
FERNANDO RODRIGUEZ GONZALEZ,74.64,FALSE,"2011, 2015, 2019, 2023",Lugo,2019,Salamanca,NA
ANTONIO MORENO LOPEZ,74.36,FALSE,2007,Barcelona,"2015, 2023","Guadalajara, Madrid",NA
RAFAEL RODRIGUEZ SANCHEZ,74.33,FALSE,"2019, 2023",Toledo,2023,"Alicante, Tarragona",NA
RAFAEL SANCHEZ RODRIGUEZ,74.33,FALSE,2023,Sevilla,2023,Madrid,NA
JESUS PEREZ MARTINEZ,74.1,FALSE,2019,Valencia,2023,S.C. Tenerife,NA
BEATRIZ RODRIGUEZ GARCIA,73.99,FALSE,"2007, 2011",Sevilla,2023,Madrid,NA
FERNANDO GONZALEZ GONZALEZ,73.92,TRUE,"2011, 2015",Granada,2023,Granada,NA
MIGUEL ANGEL LOPEZ MARTINEZ,73.74,FALSE,2023,Madrid,2023,Alicante,NA
FRANCISCO PEREZ GOMEZ,73.45,FALSE,"2007, 2011",Madrid,2023,Sevilla,NA
MARIA DOLORES SANCHEZ MARTINEZ,73.41,FALSE,2023,Barcelona,2023,Cadiz,NA
MARIA JOSE GONZALEZ LOPEZ,73.37,FALSE,"2019, 2023",Pontevedra,2023,A Coruna,NA
MIGUEL SANCHEZ LOPEZ,73.23,FALSE,"2003, 2019","Albacete, Barcelona, Madrid",2023,Illes Balears,NA
JESUS PEREZ SANCHEZ,72.85,FALSE,"2003, 2007, 2011, 2015",Cuenca,2023,Albacete,NA
ANGEL FERNANDEZ FERNANDEZ,72.59,FALSE,"2015, 2019",Zamora,"2019, 2023",Asturias,NA
JOSE MARIA GONZALEZ GONZALEZ,72.51,FALSE,"2003, 2007, 2011, 2015, 2023","Burgos, Huelva, Salamanca, Sevilla, Zamora",2023,Asturias,NA
MANUEL MARTINEZ RUIZ,71.4,FALSE,"2003, 2007, 2011","Bizkaia, Granada, Jaen, Palencia",2023,Tarragona,NA
FRANCISCO JIMENEZ RODRIGUEZ,71.24,FALSE,"2003, 2011","Girona, Granada",2023,Granada,NA
MIGUEL MARTINEZ MARTINEZ,71.16,FALSE,2015,Leon,2023,Alicante,NA
ANTONIO MARTINEZ MORENO,71.03,FALSE,"2003, 2011, 2015, 2019","Alicante, Almeria, Jaen",2023,Girona,NA
ANTONIO MORENO MARTINEZ,71.03,FALSE,"2011, 2015, 2019","Murcia, Tarragona",2023,Illes Balears,NA
ANA ISABEL GARCIA GARCIA,71.01,FALSE,"2007, 2011, 2015, 2019, 2023","Guadalajara, Madrid, Toledo, Zaragoza","2019, 2022, 2023",Salamanca,NA
RAFAEL FERNANDEZ SANCHEZ,70.97,TRUE,2019,Granada,2023,Granada,NA
JORGE LOPEZ RODRIGUEZ,70.76,FALSE,2011,Badajoz,2023,Ourense,NA
FRANCISCO JIMENEZ GONZALEZ,70.55,FALSE,"2011, 2015, 2019",Ciudad Real,2019,Granada,NA
MIGUEL ANGEL MARTINEZ MARTINEZ,70.44,FALSE,"2019, 2023",Pontevedra,2023,Valencia,NA
ANTONIO RODRIGUEZ MUNOZ,70.39,FALSE,"2019, 2023",Granada,2023,Almeria,NA
JOSEFA PEREZ FERNANDEZ,70.25,FALSE,"2019, 2023",Cordoba,2023,Toledo,NA
MARIA JOSE MARTINEZ GONZALEZ,70.08,FALSE,"2015, 2019, 2023","Albacete, Valencia",2023,Leon,NA
MIGUEL ANGEL MARTIN GARCIA,69.89,FALSE,"2007, 2019, 2023",Ciudad Real,2015,Madrid,NA
JESUS PEREZ PEREZ,69.38,FALSE,"2003, 2007, 2011, 2015, 2019","Caceres, Granada, Valladolid",2023,Caceres,NA
MARIA JESUS GARCIA SANCHEZ,69.14,FALSE,"2015, 2019",Toledo,2015,Madrid,NA
RUBEN SANCHEZ GARCIA,69.11,FALSE,"2007, 2011, 2015",Murcia,2023,Cadiz,NA
JOSE HERNANDEZ MARTINEZ,68.83,FALSE,2003,Valencia,"2019, 2023",Murcia,NA
MIGUEL SANCHEZ SANCHEZ,68.76,FALSE,2007,Valencia,2019,Madrid,NA
BEATRIZ LOPEZ GARCIA,68.65,FALSE,2019,Granada,2023,Valencia,NA
MANUEL MARTINEZ DIAZ,68.21,FALSE,2003,Granada,"2023, 2024",Barcelona,NA
MIGUEL ANGEL SANCHEZ SANCHEZ,68.07,FALSE,"2003, 2011, 2023","Badajoz, Leon, Salamanca",2015,Guadalajara,NA
FRANCISCO FERNANDEZ JIMENEZ,68.01,FALSE,"2019, 2023",Bizkaia,2023,Toledo,NA
SERGIO PEREZ GONZALEZ,67.99,FALSE,"2007, 2011, 2015",Zamora,2023,Huelva,NA
JOSE MARIA GONZALEZ LOPEZ,67.93,FALSE,"2015, 2019, 2023",Barcelona,2019,Burgos,NA
JUAN ANTONIO GARCIA MARTINEZ,67.77,FALSE,2011,Murcia,2023,Alicante,NA
DAVID GARCIA ALVAREZ,67.54,FALSE,"2011, 2015, 2019","Cantabria, Valladolid","2019, 2023",Valladolid,NA
JOSE MARIA FERNANDEZ FERNANDEZ,67.39,FALSE,"2003, 2007, 2011, 2015, 2019","Asturias, Madrid","2019, 2023",Murcia,NA
JOSE LUIS HERNANDEZ GARCIA,67.09,FALSE,"2007, 2011, 2015","Malaga, Salamanca, Valladolid","2019, 2023","Cantabria, Huelva",NA
LUIS GONZALEZ GONZALEZ,66.9,FALSE,"2003, 2007, 2011, 2023","Avila, Leon",2023,Barcelona,NA
FERNANDO RODRIGUEZ MARTINEZ,66.8,TRUE,2019,"Leon, León",2015,"Leon, León",NA
JUAN MANUEL GARCIA GONZALEZ,66.52,FALSE,2011,A Coruna,"2023, 2024","A Coruña, Avila",NA
JOSE RUIZ MARTINEZ,66.25,FALSE,2023,Castellon,2023,Tarragona,NA
SANTIAGO GONZALEZ GARCIA,66.21,FALSE,2015,Sevilla,2023,Cordoba,NA
MARIA JOSE MARTINEZ LOPEZ,65.66,FALSE,2023,Albacete,2023,Alicante,NA
OSCAR GARCIA SANCHEZ,65.17,FALSE,"2007, 2011, 2023","Tarragona, Toledo",2019,Madrid,NA
SERGIO MARTINEZ MARTINEZ,64.99,FALSE,2023,Cuenca,2023,Cadiz,NA
CAROLINA GARCIA GARCIA,64.92,FALSE,"2003, 2011, 2015, 2019","Barcelona, Jaen",2015,Madrid,NA
ANTONIO GOMEZ GOMEZ,64.78,FALSE,"2003, 2007, 2011, 2019, 2023","Cantabria, Huelva, Jaen, Madrid",2023,Jaen,NA
ALBERTO RODRIGUEZ LOPEZ,64.63,FALSE,"2007, 2023","Lugo, Sevilla",2015,Leon,NA
PEDRO MARTINEZ LOPEZ,64.53,TRUE,2003,Granada,2019,Granada,NA
SERGIO GARCIA MARTIN,64.48,FALSE,2007,Asturias,2023,Toledo,NA
ALVARO FERNANDEZ RODRIGUEZ,64.23,FALSE,"2015, 2023","Asturias, Centro",2023,Leon,NA
JOSE MARIA LOPEZ LOPEZ,63.64,FALSE,"2007, 2011","Avila, Huelva",2023,Albacete,NA
JOSE MANUEL PEREZ PEREZ,63.13,FALSE,"2015, 2019, 2023","A Coruna, Ourense","2022, 2023",Huelva,NA
MONTSERRAT RODRIGUEZ GARCIA,62.47,TRUE,2015,Barcelona,2023,Barcelona,NA
PAULA RODRIGUEZ MARTINEZ,62.45,FALSE,2019,A Coruna,2023,Alicante,NA
MARIA ISABEL FERNANDEZ PEREZ,62.37,TRUE,2007,Leon,2019,Leon,NA
ELENA GONZALEZ GONZALEZ,62.27,FALSE,2011,Bizkaia,2023,Castellon,NA
ANGEL GARCIA MARTIN,62.06,FALSE,"2003, 2007, 2011","Ciudad Real, Huelva",2019,Madrid,NA
ALVARO GONZALEZ LOPEZ,61.81,FALSE,"2003, 2007, 2011, 2015, 2019, 2023",Madrid,2023,Toledo,NA
MANUEL ALVAREZ RODRIGUEZ,61.78,FALSE,"2007, 2011, 2023","Leon, Ourense, Valencia",2019,Valencia,NA
ADRIAN FERNANDEZ RODRIGUEZ,61.77,FALSE,2023,Leon,2019,Granada,NA
RAFAEL PEREZ SANCHEZ,61.68,FALSE,"2011, 2015, 2019, 2023","Cordoba, Sevilla","2019, 2023","Barcelona, Huelva",NA
JAVIER FERNANDEZ GOMEZ,61.34,FALSE,"2019, 2023","Badajoz, Valladolid",2023,Ciudad Real,NA
PEDRO MARTIN GARCIA,61.16,TRUE,2023,Salamanca,2023,Salamanca,NA
ALICIA GARCIA RODRIGUEZ,61.13,FALSE,"2003, 2007, 2015, 2019, 2023","Avila, Ávila",2019,Salamanca,NA
PEDRO SANCHEZ MARTINEZ,60.6,TRUE,2007,Murcia,2023,Murcia,NA
JORGE PEREZ FERNANDEZ,60.42,FALSE,"2015, 2023","Illes Balears, Ourense",2023,Illes Balears,NA
JOSE ANTONIO GOMEZ GONZALEZ,60.28,FALSE,"2003, 2007",Badajoz,"2019, 2023","Cadiz, Madrid",NA
JOSE ANTONIO GONZALEZ GOMEZ,60.28,FALSE,"2007, 2011","Caceres, Sevilla",2019,Barcelona,NA
MONICA GARCIA FERNANDEZ,59.73,FALSE,"2003, 2015, 2019, 2023","A Coruna, Asturias",2019,"Cordoba, Gipuzkoa",NA
MARIA DOLORES HERNANDEZ GARCIA,59.4,FALSE,"2011, 2015",Murcia,2015,Madrid,NA
ANTONIO MARTIN MARTIN,59.38,FALSE,"2003, 2007, 2011","Bizkaia, Caceres, Madrid, Malaga",2023,Barcelona,NA
MANUEL ALVAREZ FERNANDEZ,58.98,FALSE,"2005, 2023","Lugo, Ourense","2019, 2023",Barcelona,NA
ADRIAN FERNANDEZ FERNANDEZ,58.97,FALSE,"2019, 2023",Lugo,2023,Leon,NA
JORGE PEREZ LOPEZ,58.71,FALSE,2007,Barcelona,2019,Sevilla,NA
DIEGO GONZALEZ FERNANDEZ,58.48,FALSE,"2015, 2019, 2023, 2024","Álava, Araba/Alava, Ourense",2023,Leon,NA
FRANCISCO JAVIER GOMEZ GONZALEZ,57.95,TRUE,2023,Cantabria,2023,Cantabria,NA
MARIA ISABEL MARTINEZ PEREZ,57.9,FALSE,"2003, 2007, 2011, 2015, 2019, 2023","Cordoba, Murcia",2019,Murcia,NA
DAVID JIMENEZ LOPEZ,57.78,FALSE,2026,Ávila,2019,Granada,NA
ANTONIO PEREZ ALVAREZ,57.63,FALSE,2011,Badajoz,"2019, 2020, 2023","Lleida, Ourense",NA
RAQUEL GONZALEZ RODRIGUEZ,57.21,FALSE,2003,Asturias,2019,Las Palmas,NA
CARLOS GARCIA MORENO,57.16,FALSE,2015,Gipuzkoa,2019,Barcelona,NA
SONIA FERNANDEZ GARCIA,56.64,FALSE,"2019, 2023",Asturias,2023,Illes Balears,NA
LUIS RODRIGUEZ PEREZ,56.6,FALSE,"2003, 2007, 2011, 2015, 2019, 2023","Alicante, Leon",2023,Sevilla,NA
JOSE ANTONIO LOPEZ GOMEZ,56.48,FALSE,2003,Avila,2015,"Caceres, Madrid",NA
JUAN CARLOS RODRIGUEZ MARTINEZ,56.37,FALSE,"2003, 2007, 2015, 2019, 2023",Asturias,2023,Tarragona,NA
MIGUEL ANGEL HERNANDEZ GARCIA,56.03,TRUE,"2011, 2019",Granada,2023,Granada,NA
ROBERTO FERNANDEZ GARCIA,55.91,FALSE,"2007, 2011, 2015, 2019, 2023","Cuenca, Leon, Toledo",2019,Gipuzkoa,NA
JUAN CARLOS MARTINEZ GONZALEZ,55.83,FALSE,"2003, 2007, 2011, 2015, 2019","Cantabria, Tarragona",2023,Tarragona,NA
SANTIAGO GARCIA PEREZ,55.47,FALSE,2003,Caceres,"2019, 2023",Toledo,NA
MONICA GARCIA MARTINEZ,55.44,FALSE,2015,Albacete,2023,Malaga,NA
FRANCISCO DIAZ MARTINEZ,55.37,FALSE,2003,Gipuzkoa,2023,Sevilla,NA
MONTSERRAT GARCIA MARTINEZ,55.36,FALSE,2015,Barcelona,2023,Alicante,NA
YOLANDA GARCIA RODRIGUEZ,55.24,FALSE,"2019, 2023",Avila,"2019, 2023","Toledo, Valencia",NA
MANUEL GOMEZ MARTIN,55.16,FALSE,"2003, 2007, 2011, 2012, 2015, 2019","Badajoz, Huelva",2023,Barcelona,NA
ADRIAN FERNANDEZ MARTINEZ,54.74,FALSE,2023,La Rioja,2023,Castellon,NA
ANTONIA FERNANDEZ PEREZ,54.52,TRUE,2011,Las Palmas,"2015, 2016",Las Palmas,NA
ROBERTO GARCIA LOPEZ,54.33,FALSE,"2007, 2011, 2015","Cordoba, Leon",2019,Madrid,NA
JOSE LUIS RODRIGUEZ MARTIN,54.32,FALSE,"2015, 2019",Toledo,"2023, 2026",Salamanca,NA
ALBERTO GARCIA MARTIN,54.29,TRUE,2007,Granada,2019,Granada,NA
FRANCISCO PEREZ RUIZ,54.26,FALSE,2011,Malaga,2023,Sevilla,NA
JUAN GARCIA ALVAREZ,54.16,FALSE,2011,Bizkaia,2023,Madrid,NA
LUIS PEREZ FERNANDEZ,54.04,FALSE,"2003, 2011, 2015","Asturias, Toledo",2023,Burgos,NA
ANTONIO FERNANDEZ ROMERO,53.63,FALSE,2023,Badajoz,2023,Toledo,NA
RAQUEL LOPEZ RODRIGUEZ,53.59,FALSE,2023,Gipuzkoa,"2019, 2023","Murcia, Región de Murcia",NA
FRANCISCO JAVIER FERNANDEZ MARTIN,53.49,FALSE,2023,Toledo,2019,Zaragoza,NA
CRISTINA RUIZ GARCIA,53.38,FALSE,2023,Malaga,"2023, 2026",Sevilla,NA
JUAN JOSE FERNANDEZ FERNANDEZ,53.12,FALSE,2019,Granada,"2019, 2021, 2023",Lleida,NA
FRANCISCO JOSE GARCIA LOPEZ,53.05,FALSE,2019,Cadiz,2023,Navarra,NA
JOSE ANTONIO GOMEZ SANCHEZ,53.03,FALSE,"2019, 2023","Huelva, Las Palmas, Toledo",2023,Toledo,NA
MARIA ALVAREZ PEREZ,52.98,FALSE,"2019, 2023","Ourense, Sevilla",2019,Toledo,NA
MARIA ANGELES GARCIA HERNANDEZ,52.77,FALSE,"2003, 2007","Cuenca, Zamora",2023,Navarra,NA
RAQUEL FERNANDEZ FERNANDEZ,52.66,FALSE,"2003, 2023",Toledo,2023,Cadiz,NA
ROBERTO MARTINEZ GARCIA,51.9,FALSE,"2003, 2007",Tarragona,2019,Asturias,NA
DAVID JIMENEZ PEREZ,51.68,TRUE,2015,Lleida,2023,Lleida,NA
SONIA SANCHEZ GARCIA,51.68,FALSE,2007,Burgos,2023,Toledo,NA
FRANCISCO MORENO MARTINEZ,51.29,FALSE,2003,Barcelona,2023,Girona,NA
ALBERTO MARTINEZ PEREZ,51.23,FALSE,2019,Sevilla,"2019, 2023",Valencia,NA
JUAN JOSE GONZALEZ MARTINEZ,51.15,FALSE,"2011, 2015, 2019",Badajoz,2023,Granada,NA
JESUS MARTIN RODRIGUEZ,50.98,TRUE,2007,Granada,2019,Granada,NA
VICENTE PEREZ GARCIA,50.83,FALSE,"2015, 2019","Castellon, Toledo",2023,Valencia,NA
JUAN JOSE SANCHEZ RODRIGUEZ,50.77,TRUE,2003,Badajoz,"2015, 2016",Badajoz,NA
JOSE LUIS LOPEZ MARTIN,50.39,FALSE,2023,Zamora,"2019, 2023","Lleida, Salamanca",NA
CARLOS GARCIA MUNOZ,50.2,FALSE,2011,Segovia,"2015, 2019","Malaga, Segovia",NA
JULIA GONZALEZ GONZALEZ,50.18,FALSE,"2019, 2023",Barcelona,2023,Caceres,NA
JUAN JIMENEZ RODRIGUEZ,49.94,TRUE,"2003, 2007",Barcelona,2023,Barcelona,NA
ANTONIO GARCIA SERRANO,49.45,FALSE,"2007, 2011, 2015, 2019, 2023",Cordoba,2023,Granada,NA
MARIA JESUS FERNANDEZ RODRIGUEZ,49.18,FALSE,2023,Granada,"2019, 2020, 2023, 2024","Araba/Alava, Ourense",NA
RUBEN FERNANDEZ RODRIGUEZ,49.16,FALSE,"2003, 2007, 2011, 2015, 2019, 2023","Asturias, Leon",2019,Leon,NA
JUAN CARLOS LOPEZ PEREZ,48.97,TRUE,2015,Cadiz,"2016, 2019",Cadiz,NA
MANUEL GARCIA VAZQUEZ,48.9,FALSE,"2003, 2007, 2019","Huelva, Ourense",2019,Madrid,NA
FRANCISCO JAVIER SANCHEZ MARTIN,48.81,FALSE,2015,Valladolid,2023,Madrid,NA
JUAN ANTONIO GONZALEZ GONZALEZ,48.68,FALSE,2003,Avila,"2019, 2023",Malaga,NA
CARMEN SANCHEZ JIMENEZ,48.47,FALSE,2011,Caceres,2019,Malaga,NA
JOSE MANUEL RODRIGUEZ GOMEZ,48.45,FALSE,"2003, 2007, 2019, 2023","A Coruna, Bizkaia, Huelva, Lugo",2019,Huelva,NA
JUAN JOSE GARCIA GOMEZ,47.44,FALSE,2003,Cadiz,2019,Toledo,NA
ALEJANDRO MARTIN SANCHEZ,47.33,FALSE,2019,Salamanca,2023,Caceres,NA
JESUS GOMEZ MARTINEZ,47.19,FALSE,"2007, 2019","Leon, Single national constituency",2023,Valladolid,NA
FRANCISCO MUNOZ LOPEZ,47.15,FALSE,"2007, 2023",Toledo,2023,Madrid,NA
CLARA GARCIA GARCIA,46.68,FALSE,2015,Guadalajara,2023,Valladolid,NA
ANTONIO GUTIERREZ LOPEZ,45.82,FALSE,2015,Sevilla,2019,Malaga,NA
RAQUEL PEREZ FERNANDEZ,45.76,TRUE,"2007, 2011, 2015",Cantabria,2023,Cantabria,NA
JOSE ANTONIO JIMENEZ LOPEZ,45.45,FALSE,2003,Avila,2023,Almeria,NA
RAFAEL GARCIA MORENO,45.4,FALSE,"2011, 2015","Avila, Granada",2019,Avila,NA
JAVIER RUIZ FERNANDEZ,45.32,TRUE,2003,Cantabria,"2019, 2023",Cantabria,NA
JOSE ANTONIO RUIZ RODRIGUEZ,44.97,FALSE,2023,A Coruna,2023,Malaga,NA
MIGUEL ANGEL GONZALEZ MARTIN,44.93,FALSE,2019,Las Palmas,2023,Sevilla,NA
FRANCISCO GOMEZ MARTIN,44.78,FALSE,2003,Palencia,2023,Salamanca,NA
JOSE ANTONIO FERNANDEZ HERNANDEZ,44.61,FALSE,"2007, 2011",Barcelona,2019,La Rioja,NA
DAVID MORENO SANCHEZ,44.08,FALSE,2011,Toledo,2019,Girona,NA
JORGE DIAZ GARCIA,43.82,FALSE,"2015, 2019",Guadalajara,2019,Toledo,NA
MARIA DOLORES GOMEZ SANCHEZ,43.77,FALSE,"2003, 2007","Murcia, Primera",2023,Sevilla,NA
ANTONIO NAVARRO RODRIGUEZ,43.69,FALSE,"2003, 2007, 2015",Jaen,2023,Granada,NA
ANA MARTIN LOPEZ,43.65,TRUE,2003,Sevilla,2023,Sevilla,NA
FRANCISCO GARCIA DOMINGUEZ,43.12,FALSE,2015,Teruel,2023,Sevilla,NA
OSCAR LOPEZ FERNANDEZ,43.01,FALSE,"2007, 2011",Lugo,2023,Girona,NA
JOSE ANTONIO RODRIGUEZ DIAZ,42.96,FALSE,2011,Bizkaia,"2019, 2023","Asturias, Malaga",NA
FRANCISCO MARTIN MARTIN,42.87,FALSE,"2003, 2007, 2011, 2019","Caceres, Salamanca",2019,Madrid,NA
JOSE MANUEL MUNOZ GARCIA,42.86,FALSE,2023,Sevilla,"2019, 2023","Cadiz, S.C. Tenerife",NA
ANDRES RODRIGUEZ RODRIGUEZ,42.8,FALSE,"2003, 2007, 2011",S.C. Tenerife,2023,Sevilla,NA
JOSE MARIA GARCIA DIAZ,42.47,FALSE,2007,Asturias,2023,Murcia,NA
ANGEL GARCIA MORENO,42.38,TRUE,2003,Madrid,2019,Madrid,NA
DANIEL MORENO RODRIGUEZ,42.08,FALSE,2019,Jaen,2023,Caceres,NA
MARIA JOSEFA GARCIA SANCHEZ,42.06,FALSE,"2011, 2019, 2023","Guadalajara, Valladolid",2023,Guadalajara,NA
ANDRES GONZALEZ GONZALEZ,41.97,FALSE,"2003, 2007, 2011, 2023","Asturias, Cantabria, Leon",2023,Avila,NA
RAFAEL GOMEZ LOPEZ,41.83,FALSE,"2015, 2019","Lleida, Toledo",2023,Tarragona,NA
MARIA JOSE GONZALEZ GOMEZ,41.78,FALSE,2011,Sevilla,2019,Valencia,NA
MIGUEL ALVAREZ GARCIA,41.78,FALSE,"2003, 2011, 2015",Leon,2019,Malaga,NA
PEDRO GARCIA MORENO,41.76,TRUE,2019,Soria,2023,Soria,NA
MIGUEL ANGEL GARCIA ALVAREZ,41.36,FALSE,"2015, 2019, 2023",Madrid,2019,"Lanzarote, Las Palmas",NA
JUAN ANTONIO FERNANDEZ SANCHEZ,41.29,FALSE,2023,Almeria,"2019, 2023","Almeria, Malaga",NA
FRANCISCO JAVIER RUIZ FERNANDEZ,41.27,FALSE,2015,Caceres,2023,Región de Murcia,NA
DAVID LOPEZ MUNOZ,41.22,FALSE,"2019, 2023",Madrid,"2019, 2023",Guadalajara,NA
RAFAEL FERNANDEZ MARTIN,41.21,FALSE,"2003, 2007, 2011, 2015",Segovia,2023,Teruel,NA
ANTONIO MARIN GARCIA,41.12,FALSE,"2019, 2023",Valencia,2023,Murcia,NA
ALBERTO GARCIA DIAZ,40.02,FALSE,"2015, 2019, 2023","Cantabria, Toledo",2023,Toledo,NA
SILVIA MARTINEZ FERNANDEZ,40.02,FALSE,2011,Burgos,2023,Valencia,NA
ROCIO LOPEZ GONZALEZ,39.96,TRUE,"2003, 2011, 2015, 2019, 2023",Toledo,2023,Toledo,NA
JOSE ANTONIO LOPEZ DIAZ,39.86,FALSE,2011,Badajoz,2023,"Asturias, Centro",NA
JOSE LUIS JIMENEZ SANCHEZ,39.78,FALSE,"2011, 2015",Alicante,"2019, 2023",Malaga,NA
CONCEPCION MARTINEZ LOPEZ,39.75,FALSE,"2007, 2011",Leon,2015,Malaga,NA
PILAR GONZALEZ PEREZ,39.72,FALSE,2011,Las Palmas,2023,Lugo,NA
ROCIO FERNANDEZ FERNANDEZ,39.64,FALSE,"2011, 2023",Lugo,2023,Lleida,NA
OSCAR GOMEZ GARCIA,39.52,FALSE,2015,Lleida,2023,Zamora,NA
JOSE GOMEZ RUIZ,39.5,FALSE,2015,Ciudad Real,2023,Malaga,NA
JOSE MOLINA GARCIA,39.36,FALSE,2019,Jaen,2023,Granada,NA
ANGEL GOMEZ LOPEZ,39.04,FALSE,"2003, 2023","Barcelona, Toledo",2023,Guadalajara,NA
MARIA ISABEL GOMEZ LOPEZ,38.6,FALSE,2011,Guadalajara,2019,Madrid,NA
ANTONIO RUIZ JIMENEZ,38.52,FALSE,"2007, 2011",Granada,2015,S.C. Tenerife,NA
NEREA LOPEZ GARCIA,38.43,FALSE,2023,A Coruna,2023,Bizkaia,NA
MERCEDES SANCHEZ LOPEZ,38.27,FALSE,"2003, 2007, 2015, 2023","Albacete, Huelva",2023,Bizkaia,NA
ANTONIO HERNANDEZ HERNANDEZ,38.16,FALSE,"2015, 2019","Murcia, Salamanca",2019,Murcia,NA
FERNANDO RODRIGUEZ MARTIN,38.13,FALSE,"2003, 2007, 2011","Caceres, Tarragona",2023,Pontevedra,NA
RAMON FERNANDEZ FERNANDEZ,38.05,FALSE,"2003, 2007, 2011, 2015, 2019, 2023","Asturias, Badajoz, Granada",2023,"Asturias, Girona",NA
EVA MARIA GARCIA GONZALEZ,37.91,FALSE,2023,Sevilla,"2019, 2023",Palencia,NA
LORENA RODRIGUEZ GARCIA,37.81,FALSE,2023,Valencia,2019,Alicante,NA
JOAQUIN FERNANDEZ RODRIGUEZ,37.78,FALSE,"2003, 2015, 2019, 2023","Ourense, Sevilla",2023,Cadiz,NA
JOAQUIN RODRIGUEZ FERNANDEZ,37.78,FALSE,2023,Leon,2023,Asturias,NA
LAURA DIAZ GONZALEZ,37.58,FALSE,"2011, 2015",Asturias,2023,Cantabria,NA
ANDRES MARTINEZ GONZALEZ,37.56,TRUE,2011,Almeria,2023,Almeria,NA
CAROLINA MARTINEZ GARCIA,37.35,TRUE,2019,Ciudad Real,2023,Ciudad Real,NA
JESUS SANCHEZ JIMENEZ,37.33,FALSE,"2011, 2015",Cuenca,2015,Murcia,NA
MANUEL JIMENEZ JIMENEZ,37.32,FALSE,"2003, 2011, 2015, 2019, 2023","Cordoba, Gipuzkoa, Granada",2023,Valladolid,NA
DIEGO RUIZ GARCIA,37.2,FALSE,2015,Asturias,2019,Sevilla,NA
JOSE MANUEL HERNANDEZ RODRIGUEZ,37.19,FALSE,2011,Salamanca,2019,Madrid,NA
CARLOS LOPEZ DIAZ,37.16,FALSE,"2003, 2023",Lugo,2019,Valencia,NA
NURIA PEREZ FERNANDEZ,36.98,TRUE,2019,Madrid,2019,Madrid,NA
RAMON LOPEZ FERNANDEZ,36.98,FALSE,"1989, 2015, 2019, 2023","Barcelona, Jaen",2023,"Bizkaia, Granada",NA
ROCIO FERNANDEZ MARTINEZ,36.8,FALSE,"2011, 2015, 2019",Asturias,2023,Murcia,NA
MARIA DOLORES GONZALEZ RUIZ,36.75,TRUE,"2003, 2007",Alicante,2015,Alicante,NA
ANTONIO MEDINA GARCIA,36.47,FALSE,2019,Toledo,2023,Las Palmas,NA
MIGUEL ANGEL FERNANDEZ JIMENEZ,36.41,FALSE,2015,Cadiz,2023,Avila,NA
MARIO LOPEZ MARTINEZ,36.33,FALSE,2007,Cuenca,2015,Almeria,NA
SERGIO GOMEZ PEREZ,36.27,FALSE,2023,S.C. Tenerife,2023,Madrid,NA
JUAN MANUEL PEREZ RODRIGUEZ,36.18,FALSE,2011,Ourense,2023,Pontevedra,NA
JULIO GARCIA GONZALEZ,36.14,FALSE,"2003, 2007",Almeria,2023,Sevilla,NA
NEREA SANCHEZ GARCIA,36.09,FALSE,2023,Leon,2023,Toledo,NA
MARIO GOMEZ GARCIA,35.97,FALSE,2015,Toledo,2023,Cadiz,NA
SILVIA SANCHEZ SANCHEZ,35.9,FALSE,2023,Salamanca,"2019, 2023",Toledo,NA
JUAN MANUEL SANCHEZ LOPEZ,35.24,FALSE,2023,Sevilla,2023,Cadiz,NA
MARIA DOLORES JIMENEZ SANCHEZ,35.22,FALSE,2011,Avila,2023,Alicante,NA
SANDRA FERNANDEZ FERNANDEZ,35.21,TRUE,2023,A Coruna,2023,A Coruna,NA
LUIS MIGUEL GARCIA GARCIA,35.12,FALSE,2003,Toledo,"2019, 2023",Madrid,NA
ANGEL MARTIN SANCHEZ,35.1,FALSE,"2003, 2023",Salamanca,2019,Toledo,NA
MARIA TERESA HERNANDEZ LOPEZ,34.92,FALSE,2023,Salamanca,2023,Valencia,NA
JOSE LUIS DIAZ SANCHEZ,34.88,FALSE,2007,Cáceres,2023,Caceres,NA
JUAN ALVAREZ GONZALEZ,34.82,FALSE,"2003, 2011, 2015, 2019, 2023","Asturias, Lugo",2023,A Coruna,NA
TOMAS FERNANDEZ GARCIA,34.52,FALSE,"2011, 2015, 2019, 2023","Leon, Ourense",2023,Girona,NA
MANUEL DOMINGUEZ RODRIGUEZ,34.48,FALSE,"2003, 2007, 2011, 2015",Ourense,"2019, 2023","Huelva, Madrid",NA
MANUEL MARTINEZ NAVARRO,34.44,FALSE,"2007, 2011, 2015",Barcelona,2023,Valencia,NA
MARCOS GONZALEZ MARTINEZ,34.31,FALSE,2023,Valencia,2019,Cantabria,NA
EMILIO MARTINEZ GARCIA,34.26,FALSE,2007,Sevilla,2023,Tarragona,NA
MARIA DOLORES HERNANDEZ MARTINEZ,34.17,FALSE,2003,Palencia,2023,Murcia,NA
JOSE ANTONIO ALVAREZ GONZALEZ,34.15,FALSE,"2011, 2015, 2023",Asturias,2019,Illes Balears,NA
SONIA RODRIGUEZ MARTINEZ,34.13,FALSE,2019,La Rioja,2023,Leon,NA
PATRICIA LOPEZ PEREZ,33.99,FALSE,"2007, 2011, 2015, 2023",Ourense,2023,Alicante,NA
ALVARO GOMEZ FERNANDEZ,33.94,TRUE,2015,Madrid,2023,Madrid,NA
JUAN CARLOS GARCIA MORENO,33.85,FALSE,2011,Huelva,2019,Almeria,NA
MARIA DOLORES DIAZ FERNANDEZ,33.85,FALSE,"2007, 2011, 2015, 2019, 2023",Almeria,2023,Ourense,NA
ROSARIO FERNANDEZ SANCHEZ,33.7,FALSE,"2003, 2007",Toledo,"2019, 2023",Granada,NA
ROBERTO LOPEZ FERNANDEZ,33.67,FALSE,"2019, 2023",Granada,2019,Illes Balears,NA
CARMEN MARTIN MARTIN,33.48,FALSE,2023,Huelva,2019,Granada,NA
EDUARDO FERNANDEZ SANCHEZ,33.09,FALSE,2023,Madrid,2023,Sevilla,NA
RAFAEL HERNANDEZ FERNANDEZ,33.04,FALSE,2007,Almeria,2023,"Asturias, Avila",NA
JOAQUIN FERNANDEZ SANCHEZ,32.91,FALSE,2003,Jaen,2023,Valencia,NA
ROBERTO SANCHEZ GONZALEZ,32.8,FALSE,"2007, 2011, 2019",Toledo,2019,Caceres,NA
MARIA ELENA GARCIA MARTINEZ,32.79,FALSE,"2007, 2023","Madrid, Navarra","2015, 2019",Madrid,NA
JESUS SANCHEZ DIAZ,32.74,FALSE,"2019, 2023",Madrid,2023,Toledo,NA
EDUARDO GONZALEZ PEREZ,32.69,FALSE,"2011, 2015, 2019",Castellon,2023,Granada,NA
JOAQUIN LOPEZ MARTINEZ,32.53,FALSE,2007,Murcia,2023,Alicante,NA
ALVARO MARTIN FERNANDEZ,32.49,TRUE,2007,Huesca,2019,Huesca,NA
JOSE LUIS SANCHEZ MORENO,32.31,FALSE,2019,Toledo,2023,Gipuzkoa,NA
ALEJANDRO MUNOZ GONZALEZ,32.27,TRUE,2015,Granada,"2019, 2023",Granada,NA
JOSE MIGUEL PEREZ GARCIA,32.27,FALSE,"2011, 2015",Madrid,2019,Murcia,NA
ANTONIO GIL LOPEZ,31.88,FALSE,2011,Zaragoza,2019,Valencia,NA
JOSE LUIS GONZALEZ ALVAREZ,31.83,FALSE,"2003, 2011, 2015","Avila, Ciudad Real",2023,Avila,NA
MIGUEL ANGEL HERNANDEZ SANCHEZ,31.69,FALSE,"2007, 2011, 2015, 2019, 2023, 2025","Badajoz, Caceres",2015,Toledo,NA
FERNANDO PEREZ MARTIN,31.64,FALSE,"2018, 2019",Granada,2023,Avila,NA
JAIME FERNANDEZ MARTINEZ,31.56,FALSE,2015,Albacete,2019,Ciudad Real,NA
ANTONIO MORENO RUIZ,31.29,FALSE,2003,Valencia,2023,Sevilla,NA
FRANCISCO GONZALEZ NAVARRO,31.24,FALSE,"2015, 2019, 2023",Cuenca,2023,Tarragona,NA
MARIA TERESA HERNANDEZ PEREZ,31.23,FALSE,"2007, 2019, 2023",Madrid,2023,"Fuerteventura, Las Palmas",NA
JUAN CARLOS LOPEZ GOMEZ,31.18,FALSE,2023,Leon,2023,Malaga,NA
DAVID GONZALEZ GUTIERREZ,30.87,FALSE,2023,Cantabria,2019,Madrid,NA
ANA MARIA ALVAREZ GONZALEZ,30.84,FALSE,2015,Ourense,2015,Madrid,NA
ROBERTO LOPEZ SANCHEZ,30.72,FALSE,2003,Salamanca,2019,"Lanzarote, Las Palmas",NA
JOSE LUIS ALVAREZ FERNANDEZ,30.69,FALSE,"2003, 2007, 2011, 2015",Leon,"2019, 2023","Barcelona, Cantabria",NA
EVA RODRIGUEZ LOPEZ,30.34,TRUE,2011,Navarra,2023,Navarra,NA
JOSE RUIZ HERNANDEZ,30.32,FALSE,2003,Granada,2023,Murcia,NA
ALICIA SANCHEZ SANCHEZ,30.12,TRUE,"2015, 2019",Salamanca,2023,Salamanca,NA
LUIS MARTIN SANCHEZ,30.07,FALSE,"2019, 2023",Madrid,2023,Toledo,NA
JOSE LUIS GOMEZ GOMEZ,29.98,FALSE,"2003, 2007, 2011, 2015","Caceres, Cadiz",2015,Madrid,NA
JUAN ANTONIO GARCIA RUIZ,29.85,TRUE,2019,Toledo,2023,Toledo,NA
RICARDO GONZALEZ RODRIGUEZ,29.83,FALSE,"2007, 2015, 2019","Granada, Salamanca",2023,Asturias,NA
ANGEL DIAZ RODRIGUEZ,29.7,FALSE,2003,Asturias,2023,Cantabria,NA
FATIMA MARTINEZ GARCIA,29.08,FALSE,2011,Salamanca,2023,Caceres,NA
IVAN GARCIA MORENO,29.04,FALSE,2023,Caceres,2023,Avila,NA
DIEGO LOPEZ MARTIN,29.03,FALSE,2023,Avila,"2019, 2023",Sevilla,NA
ROSA MARIA MARTIN RODRIGUEZ,28.69,FALSE,"2015, 2023",Valladolid,2023,Avila,NA
FRANCISCO JOSE SANCHEZ MARTINEZ,28.66,FALSE,2007,Caceres,2023,Murcia,NA
JOAQUIN PEREZ SANCHEZ,28.6,FALSE,"2015, 2019",Castellon,"2019, 2023",Valencia,NA
JUAN CARLOS MARTIN MARTINEZ,28.52,FALSE,"2003, 2007, 2011, 2015, 2019, 2023",Guadalajara,2023,Barcelona,NA
ALMUDENA GARCIA GARCIA,28.49,TRUE,2007,Madrid,2019,Madrid,NA
JOSE DOMINGUEZ MARTINEZ,28.36,FALSE,2003,Teruel,2023,Granada,NA
JOSE ANTONIO GARCIA RAMOS,28.28,TRUE,2015,Granada,2019,Granada,NA
DIANA GARCIA GARCIA,27.97,FALSE,"2019, 2023",Lugo,2023,Alicante,NA
FRANCISCO MARTINEZ NAVARRO,27.95,FALSE,"2007, 2023","Cuenca, Valencia",2023,Albacete,NA
ANTONIO GARCIA PRIETO,27.65,FALSE,"2003, 2007",Barcelona,2023,Illes Balears,NA
CARMEN GONZALEZ GUTIERREZ,27.58,FALSE,2003,Alicante,2023,Cantabria,NA
ANGELA SANCHEZ SANCHEZ,27.56,FALSE,2019,Araba/Alava,2019,Granada,NA
ANA ISABEL GONZALEZ LOPEZ,27.49,TRUE,2015,Albacete,2023,Albacete,NA
CARLOS MARTIN MARTIN,27.49,FALSE,"2003, 2007, 2011, 2015, 2019, 2023","Caceres, Granada, Madrid, Malaga",2023,S.C. Tenerife,NA
JOSE MANUEL ALVAREZ RODRIGUEZ,27.45,FALSE,"2003, 2007, 2011",Lugo,2015,Leon,NA
GUILLERMO FERNANDEZ GONZALEZ,27.4,FALSE,2003,Leon,2019,Lugo,NA
MARGARITA LOPEZ LOPEZ,27.32,FALSE,2015,Lugo,2023,Granada,NA
MANUEL SUAREZ RODRIGUEZ,27.3,FALSE,"2003, 2007, 2011, 2015, 2023","Leon, S.C. Tenerife",2019,"Asturias, Occidente",NA
PEDRO MARTINEZ RUIZ,27.15,TRUE,2007,Barcelona,2019,Barcelona,NA
DIEGO GOMEZ PEREZ,27.12,TRUE,2019,Madrid,2023,Madrid,NA
JORDI FERNANDEZ MARTINEZ,27.12,TRUE,2015,Tarragona,"2019, 2021",Tarragona,NA
SUSANA SANCHEZ PEREZ,26.97,TRUE,2011,Ciudad Real,2019,Ciudad Real,NA
MIGUEL ANGEL ALVAREZ RODRIGUEZ,26.84,FALSE,"2007, 2015, 2019",Leon,2023,Caceres,NA
ANA MARIA MARTIN MARTIN,26.63,FALSE,"2003, 2007, 2011",Palencia,2015,"Caceres, Cáceres",NA
PABLO GONZALEZ ALVAREZ,26.54,FALSE,2003,Asturias,2023,Pontevedra,NA
FRANCISCO ALVAREZ GOMEZ,26.5,FALSE,"2019, 2023",Zamora,2019,Cadiz,NA
LUIS GONZALEZ RUIZ,26.37,FALSE,"2012, 2015, 2016, 2019",Granada,2023,Madrid,NA
MIGUEL NAVARRO GARCIA,26.28,TRUE,2007,Valencia,2023,Valencia,NA
SARA GONZALEZ DIAZ,26.1,FALSE,"2019, 2023",Madrid,2023,Asturias,NA
ANA ISABEL SANCHEZ RODRIGUEZ,26.07,TRUE,2011,Salamanca,2023,Salamanca,NA
FRANCISCO VAZQUEZ GONZALEZ,25.52,FALSE,2011,Ourense,2023,Alicante,NA
MARIA JOSEFA GOMEZ GARCIA,25.51,FALSE,2007,Cordoba,2015,Córdoba,NA
SALVADOR FERNANDEZ LOPEZ,25.29,FALSE,"2011, 2015","Leon, Sevilla",2023,Leon,NA
LUIS JIMENEZ SANCHEZ,25.27,FALSE,2003,Alicante,2023,Malaga,NA
LUIS DIAZ GONZALEZ,25.19,FALSE,"2003, 2011, 2015, 2019",Caceres,2023,Barcelona,NA
EMILIO RODRIGUEZ RODRIGUEZ,25.09,FALSE,"2007, 2015","Pontevedra, Toledo","2015, 2023",Sevilla,NA
RICARDO GONZALEZ PEREZ,24.75,FALSE,"2019, 2023",Madrid,2019,Bizkaia,NA
MANUEL MORENO MORENO,24.63,FALSE,"2007, 2019",Sevilla,2023,Granada,NA
JOSE VAZQUEZ PEREZ,24.44,FALSE,"2007, 2011, 2015",Ourense,2023,Las Palmas,NA
MANUEL MARTINEZ MOLINA,24.4,FALSE,"2007, 2015, 2023","Almeria, Granada, Madrid",2023,Madrid,NA
JUAN FRANCISCO SANCHEZ GARCIA,24.24,FALSE,"2019, 2023",Sevilla,2023,Pontevedra,NA
MANUEL FERNANDEZ ORTIZ,24.01,FALSE,2019,Granada,2023,Teruel,NA
FRANCISCO JAVIER MARTIN JIMENEZ,23.82,FALSE,2007,Malaga,2023,Toledo,NA
MARIA ANGELES GOMEZ GOMEZ,23.58,FALSE,2019,Albacete,2023,Caceres,NA
FRANCISCO JAVIER GUTIERREZ RODRIGUEZ,23.57,TRUE,2019,Zamora,2023,Zamora,NA
EVA MARIA FERNANDEZ GONZALEZ,23.49,FALSE,"2003, 2007",Ciudad Real,2019,Alicante,NA
ANTONIO PEREZ ORTIZ,23.46,FALSE,2019,Albacete,2019,Murcia,NA
LORENA FERNANDEZ RODRIGUEZ,23.43,FALSE,2007,Toledo,2023,Madrid,NA
JOSE MIGUEL RODRIGUEZ LOPEZ,23.42,FALSE,"2003, 2007",Cantabria,2019,Almeria,NA
FRANCISCA MARTINEZ DIAZ,23.4,FALSE,2007,Barcelona,2023,Malaga,NA
ALVARO RODRIGUEZ MORENO,23.24,FALSE,2023,Badajoz,2019,Malaga,NA
LUIS RUIZ SANCHEZ,23.2,FALSE,2015,Granada,2023,Madrid,NA
NATALIA GARCIA RUIZ,23.16,FALSE,2023,Granada,2023,Guadalajara,NA
MARIA BLANCO PEREZ,22.97,FALSE,"2011, 2015","A Coruna, Valladolid",2023,Castellon,NA
JAVIER MARTINEZ GUTIERREZ,22.94,FALSE,2003,Barcelona,2023,Toledo,NA
DAVID PEREZ NAVARRO,22.88,TRUE,"2003, 2007",Zaragoza,2023,Zaragoza,NA
JOSE LUIS GARCIA SERRANO,22.88,FALSE,"2011, 2015",Zaragoza,2023,Burgos,NA
MERCEDES FERNANDEZ MARTIN,22.87,FALSE,2019,Huelva,"2015, 2016, 2019, 2020, 2023, 2024","Álava, Bizkaia",NA
MARIA ELENA FERNANDEZ GONZALEZ,22.71,FALSE,2003,Leon,2015,Cantabria,NA
INMACULADA SANCHEZ SANCHEZ,22.65,FALSE,2023,Huelva,2023,Alicante,NA
JUAN CARLOS SANCHEZ HERNANDEZ,22.48,FALSE,2003,Salamanca,2023,Toledo,NA
BEATRIZ GARCIA MUNOZ,22.45,FALSE,2023,Cordoba,2023,Murcia,NA
FERNANDO TORRES GARCIA,22.34,FALSE,2023,Soria,2023,Zaragoza,NA
MANUEL GONZALEZ RUBIO,22.28,TRUE,"2007, 2011, 2015",Asturias,2023,Asturias,NA
JOSE MARIA MORENO SANCHEZ,22.25,FALSE,2007,Sevilla,2023,Cadiz,NA
JOSE ANTONIO ALONSO FERNANDEZ,22.24,FALSE,2019,Leon,2023,Almeria,NA
ANTONIO RODRIGUEZ CORTES,22.23,FALSE,2015,Alicante,2019,Madrid,NA
MARIA PILAR JIMENEZ GOMEZ,22.05,TRUE,2007,Barcelona,2019,Barcelona,NA
EVA MARIA RODRIGUEZ MARTINEZ,22.02,TRUE,2015,Granada,2019,Granada,NA
SERGIO MARTINEZ ALVAREZ,21.95,FALSE,"2011, 2015",Toledo,2023,Asturias,NA
JOSE MIGUEL LOPEZ LOPEZ,21.73,FALSE,2011,Albacete,2023,Almeria,NA
ANA ISABEL PEREZ SANCHEZ,21.63,FALSE,2019,Caceres,2019,Badajoz,NA
MARIA ROSA GONZALEZ FERNANDEZ,21.34,FALSE,2015,Toledo,2019,Madrid,NA
MARINA GARCIA MORENO,20.92,FALSE,2003,Madrid,2023,Toledo,NA
MARIA VICTORIA MARTINEZ FERNANDEZ,20.89,FALSE,"2007, 2011",Castellon,"2019, 2023",Valencia,NA
JOSE RAMON RODRIGUEZ FERNANDEZ,20.68,TRUE,2007,Araba/Alava,2023,Araba/Alava,NA
ANTONIO GARCIA IBANEZ,20.43,FALSE,2003,Granada,2023,Barcelona,NA
JAVIER PEREZ ALONSO,20.4,FALSE,2023,Pontevedra,2023,Zamora,NA
SANTIAGO LOPEZ MARTIN,20.37,FALSE,"2003, 2011, 2015",Segovia,2019,Alicante,NA
ISMAEL FERNANDEZ FERNANDEZ,20.35,TRUE,"2003, 2007, 2011, 2015",Cantabria,2023,Cantabria,NA
MARIA DOLORES SERRANO GARCIA,20.26,TRUE,2023,Malaga,2023,Malaga,NA
ANA BELEN MARTINEZ FERNANDEZ,20.14,FALSE,"2015, 2019, 2023",Murcia,2023,Valencia,NA
JUAN JOSE MORENO RODRIGUEZ,20.13,FALSE,2019,Almeria,2023,Jaen,NA
JUAN MANUEL ALVAREZ GARCIA,20.11,TRUE,2015,Leon,2023,Leon,NA
JUAN LUIS RODRIGUEZ GARCIA,19.99,FALSE,2003,"Cordoba, Sevilla",2023,Cordoba,NA
FRANCISCO JAVIER ALONSO MARTINEZ,19.85,FALSE,2003,Valencia,2015,Madrid,NA
FRANCISCO SANCHEZ MOLINA,19.47,FALSE,2007,Cuenca,2023,Guadalajara,NA
RUBEN MARTINEZ JIMENEZ,19.4,FALSE,2015,Caceres,2023,Alicante,NA
VICENTE FERNANDEZ MARTIN,19.21,TRUE,"2007, 2011",Palencia,2023,Palencia,NA
SANTIAGO SANCHEZ MARTIN,19.13,FALSE,"2003, 2019",Ciudad Real,2023,Caceres,NA
YOLANDA GARCIA MORENO,19.08,FALSE,"2011, 2015","Illes Balears, Malaga",2019,Barcelona,NA
ALFONSO HERNANDEZ GARCIA,19.03,FALSE,2023,Salamanca,2023,Tarragona,NA
JESUS ALONSO LOPEZ,18.91,TRUE,2019,Burgos,2023,Burgos,NA
JOSE MANUEL RUIZ GOMEZ,18.91,FALSE,"2007, 2011, 2015, 2023",Cantabria,2023,Avila,NA
MARIA ELENA MARTINEZ MARTINEZ,18.87,FALSE,"2003, 2007, 2011, 2015, 2023",Leon,2023,Badajoz,NA
MANUEL DURAN GARCIA,18.84,FALSE,"2007, 2011, 2015","Badajoz, Murcia",2023,Badajoz,NA
MARIA IGLESIAS FERNANDEZ,18.67,TRUE,"2007, 2011, 2015",Pontevedra,2019,Pontevedra,NA
AGUSTIN FERNANDEZ MARTINEZ,18.66,TRUE,"2003, 2007",Cantabria,2023,Cantabria,NA
MANUEL DIAZ ROMERO,18.63,FALSE,"2007, 2011, 2015, 2019",Teruel,2023,Sevilla,NA
DAVID RODRIGUEZ ORTEGA,18.52,FALSE,2011,Palencia,2023,Sevilla,NA
JOSE LUIS HERNANDEZ JIMENEZ,18.52,FALSE,2003,La Rioja,2015,Madrid,NA
EDUARDO ALVAREZ GARCIA,18.34,TRUE,2003,Soria,2023,Soria,NA
VICENTE GOMEZ SANCHEZ,18.31,FALSE,"2007, 2023",Malaga,"2015, 2019, 2023","Cuarta, Murcia, Región de Murcia",NA
FRANCISCO GUTIERREZ MARTIN,18.04,TRUE,2007,Toledo,2023,Toledo,NA
AGUSTIN LOPEZ SANCHEZ,17.82,FALSE,"2003, 2007",Salamanca,2023,Alicante,NA
ANTONIO MARQUEZ RODRIGUEZ,17.81,FALSE,"2007, 2011, 2015","Cadiz, Malaga",2023,Sevilla,NA
ROSARIO PEREZ GOMEZ,17.76,FALSE,2007,Alicante,2019,Tarragona,NA
DANIEL RUIZ DIAZ,17.73,TRUE,"2011, 2015",Toledo,2023,Toledo,NA
MARIA CRISTINA RODRIGUEZ FERNANDEZ,17.72,FALSE,"2012, 2015, 2019, 2023","A Coruña, Asturias",2019,Madrid,NA
VICENTE MARTIN SANCHEZ,17.53,FALSE,"2003, 2007, 2011, 2015, 2023",Madrid,2023,Asturias,NA
SANTIAGO HERNANDEZ GONZALEZ,17.43,FALSE,"2015, 2023",Almeria,2023,"S.C. Tenerife, Tenerife",NA
RAUL GARCIA ALONSO,17.37,TRUE,2015,Leon,2023,Leon,NA
MARIA DOLORES GOMEZ MORENO,17.35,TRUE,2011,Ciudad Real,"2019, 2023",Ciudad Real,NA
AGUSTIN MARTINEZ MARTINEZ,17.32,FALSE,"2015, 2019, 2023",Albacete,"2019, 2023",Cadiz,NA
MIGUEL DIAZ MARTIN,17.09,FALSE,2023,Avila,2023,Burgos,NA
RAUL MUNOZ RODRIGUEZ,16.92,FALSE,"2003, 2007, 2019","Avila, Toledo",2023,Toledo,NA
JUAN CARLOS SANCHEZ MUNOZ,16.81,FALSE,"2015, 2023","Bizkaia, Cordoba",2023,Madrid,NA
ROCIO GONZALEZ RUIZ,16.81,FALSE,2007,Ciudad Real,2015,Madrid,NA
ROBERTO MARTIN SANCHEZ,16.75,FALSE,"2007, 2015, 2019, 2023","Granada, Toledo",2023,Avila,NA
JESUS HERNANDEZ HERNANDEZ,16.57,FALSE,"2003, 2007, 2023","Avila, Caceres","2019, 2023",Granada,NA
ALEJANDRO VAZQUEZ RODRIGUEZ,16.52,FALSE,2011,Valencia,2023,Sevilla,NA
JOSE LUIS VAZQUEZ RODRIGUEZ,16.51,FALSE,2003,Ourense,2023,Madrid,NA
ESTEBAN GARCIA FERNANDEZ,16.42,FALSE,"2015, 2019, 2023",Alicante,2023,Cadiz,NA
MARIA JOSE MOLINA GARCIA,16.41,TRUE,2023,Granada,2019,Granada,NA
JOSE JAVIER GONZALEZ GARCIA,16.39,FALSE,2023,Barcelona,2019,Alicante,NA
JOSE LUIS RUIZ RUIZ,16.36,FALSE,2011,Navarra,2023,Illes Balears,NA
ALEJANDRO RAMOS FERNANDEZ,16.34,TRUE,2019,Granada,2023,Granada,NA
MARIA PEREZ SANTOS,16.07,FALSE,2023,A Coruna,"2016, 2019",La Rioja,NA
IKER GOMEZ GARCIA,16.05,FALSE,2015,Araba/Alava,2023,Burgos,NA
ANTONIO FERNANDEZ CAMPOS,16.03,FALSE,2003,Malaga,2023,Cadiz,NA
ANTONIO GONZALEZ FUENTES,15.98,FALSE,"2003, 2019","Badajoz, Toledo",2023,Alicante,NA
MARIA INMACULADA GARCIA SANCHEZ,15.96,FALSE,2011,Murcia,2023,Toledo,NA
MARIA NIEVES PEREZ GONZALEZ,15.95,FALSE,2003,"Barcelona, Leon",2019,Barcelona,NA
RICARDO GOMEZ GONZALEZ,15.76,FALSE,"2003, 2007","La Rioja, Ourense",2023,Asturias,NA
JOSE LUIS SANCHEZ RAMIREZ,15.61,TRUE,2011,Toledo,"2019, 2023",Toledo,NA
MARIA TERESA RUBIO GARCIA,15.59,FALSE,2011,Cuenca,2019,Badajoz,NA
MARIA JESUS ALVAREZ RODRIGUEZ,15.42,FALSE,"2003, 2011, 2019","Araba/Alava, Leon","2019, 2020","Álava, Araba/Alava",NA
DANIEL SUAREZ FERNANDEZ,15.39,TRUE,2023,Granada,2019,Granada,NA
JUAN GARCIA FLORES,15.36,FALSE,2003,Albacete,2023,Badajoz,NA
FRANCISCO JAVIER DOMINGUEZ PEREZ,15.35,FALSE,2023,Leon,2023,Alicante,NA
PATRICIA MARTINEZ RUIZ,15.28,TRUE,"2003, 2004, 2006, 2007",Barcelona,2023,Barcelona,NA
MANUEL FERNANDEZ PRIETO,15.24,FALSE,"2003, 2007, 2011, 2015","Cantabria, Leon, Ourense",2023,"Barcelona, Sevilla",NA
MARIA CRUZ GARCIA LOPEZ,15.22,FALSE,2023,Sevilla,2019,Murcia,NA
ALEJANDRO MARTINEZ RAMOS,15.17,TRUE,"2003, 2007",Cuenca,"2015, 2016, 2019",Cuenca,NA
GREGORIO MARTINEZ GARCIA,15.08,FALSE,2003,Bizkaia,2023,Toledo,NA
FRANCISCO RODRIGUEZ GARRIDO,15.02,FALSE,"2007, 2011",Jaen,2023,Huelva,NA
ROBERTO JIMENEZ LOPEZ,15,FALSE,2011,Huesca,"2019, 2023",Almeria,NA
JOSE RAMON PEREZ PEREZ,14.91,FALSE,2023,Zamora,2019,Bizkaia,NA
RAFAEL MORENO MARTIN,14.91,FALSE,2003,Bizkaia,"2020, 2023, 2024","Bizkaia, Gipuzkoa",NA
MARIA PILAR MARTIN ALVAREZ,14.86,FALSE,2019,Toledo,2023,Zaragoza,NA
MARIA VICTORIA GARCIA RUIZ,14.85,FALSE,2003,Cordoba,2019,Ciudad Real,NA
VICTOR MANUEL LOPEZ RODRIGUEZ,14.75,FALSE,2007,Madrid,2023,"Caceres, Madrid",NA
BEATRIZ MUNOZ RODRIGUEZ,14.57,FALSE,2007,Almeria,"2023, 2025","Caceres, Cáceres",NA
MIGUEL MUNOZ GOMEZ,14.52,FALSE,"2007, 2015, 2019",Sevilla,2023,Cantabria,NA
FRANCISCO JAVIER FLORES GARCIA,14.48,TRUE,2015,Cadiz,2019,Cadiz,NA
SILVIA MORENO MARTINEZ,14.48,FALSE,2023,Badajoz,2023,Castellon,NA
DANIEL MOLINA MARTINEZ,14.41,FALSE,"2019, 2023",Guadalajara,2023,Madrid,NA
EDUARDO RUIZ LOPEZ,14.41,FALSE,2023,Cordoba,2019,"Cantabria, Murcia",NA
VICENTE RUIZ LOPEZ,14.4,FALSE,2011,Segovia,2019,Toledo,NA
EVA MARIA GARCIA DIAZ,14.27,TRUE,"2007, 2011, 2015",Guadalajara,2023,Guadalajara,NA
RAUL MARTIN MARTIN,14.27,FALSE,2003,Caceres,2023,Toledo,NA
ENRIQUE MARTINEZ MORENO,14.22,TRUE,2011,Alicante,2023,Alicante,NA
JESUS GARCIA SANTOS,14.1,TRUE,2015,Sevilla,2019,Sevilla,NA
MARIA JOSE PEREZ GUTIERREZ,14.1,FALSE,"2011, 2015",S.C. Tenerife,2019,Sevilla,NA
JESUS RODRIGUEZ SERRANO,13.94,FALSE,"2011, 2019",Madrid,2023,Granada,NA
GONZALO MARTIN FERNANDEZ,13.77,FALSE,"2019, 2023",Leon,2019,Huesca,NA
ANA LOPEZ RAMOS,13.75,FALSE,2023,Barcelona,2019,Cadiz,NA
MARIA BEGONA RODRIGUEZ GONZALEZ,13.75,FALSE,2023,Asturias,2023,Cantabria,NA
JUANA DIAZ LOPEZ,13.74,FALSE,2003,Murcia,2019,Badajoz,NA
MIGUEL ANGEL RUIZ RUIZ,13.67,FALSE,2007,Albacete,2023,Granada,NA
ANA MARIA GONZALEZ SUAREZ,13.63,FALSE,2003,Asturias,2023,Leon,NA
CRISTINA RUIZ RUIZ,13.53,FALSE,"2007, 2011, 2023",La Rioja,2023,Granada,NA
MARIA LUISA GARCIA VAZQUEZ,13.51,FALSE,"2007, 2011",Ourense,2019,Madrid,NA
JOSE GOMEZ MOLINA,13.5,FALSE,2019,Huelva,2023,Madrid,NA
FRANCISCO JOSE LOPEZ RUIZ,13.44,TRUE,2011,Granada,2023,Granada,NA
JOSE GALLEGO FERNANDEZ,13.43,FALSE,2011,Albacete,"2019, 2023",Granada,NA
GUILLERMO ALVAREZ GARCIA,13.36,FALSE,"2003, 2007",Madrid,2023,Asturias,NA
FRANCISCO MARTINEZ GARRIDO,13.31,TRUE,2007,Granada,2019,Granada,NA
MARIO RODRIGUEZ ALVAREZ,13.23,TRUE,2015,Madrid,2023,Madrid,NA
JUAN JOSE JIMENEZ GOMEZ,13.09,TRUE,2011,Ciudad Real,2023,Ciudad Real,NA
JUAN CARLOS HERNANDEZ MARTIN,13.05,TRUE,2011,Salamanca,2023,Salamanca,NA
LOURDES FERNANDEZ MARTINEZ,13.05,TRUE,"2011, 2015",Valencia,2023,Valencia,NA
CESAR LOPEZ PEREZ,12.91,FALSE,"2007, 2015, 2019, 2023, 2026",Valladolid,"2016, 2019","Álava, Bizkaia",NA
ENRIQUE LOPEZ ALVAREZ,12.9,FALSE,2003,Ourense,2023,Madrid,NA
OSCAR SANCHEZ MUNOZ,12.83,TRUE,2015,Avila,2019,Avila,NA
JOSE REYES SANCHEZ,12.66,FALSE,"2007, 2011, 2015",Toledo,2023,Sevilla,NA
JUAN CARLOS GARCIA ORTEGA,12.39,FALSE,"2011, 2019, 2023",Madrid,2023,Jaen,NA
MARIA CARMEN MARTIN CASTILLO,12.32,TRUE,2019,Cantabria,2023,Cantabria,NA
SILVIA MARTIN MARTIN,12.1,FALSE,"2015, 2019, 2023",Salamanca,2023,Almeria,NA
ISABEL GONZALEZ CASTRO,12.09,FALSE,2007,Huelva,2023,Girona,NA
JOSE MARTINEZ VEGA,12.05,FALSE,"2011, 2015, 2019",Leon,2023,Toledo,NA
FRANCISCO HERRERA SANCHEZ,12.02,FALSE,"2011, 2015, 2019","Bizkaia, Jaen",2023,Almeria,NA
MOISES GARCIA SANCHEZ,12.01,FALSE,2023,Badajoz,"2019, 2023","Murcia, Sevilla",NA
EDUARDO RODRIGUEZ ALVAREZ,11.91,FALSE,"2019, 2023",Bizkaia,2019,Valencia,NA
ANTONIO MATEOS GARCIA,11.9,FALSE,"2003, 2007, 2011, 2015, 2019, 2023",Barcelona,2023,Burgos,NA
BEGONA RODRIGUEZ PEREZ,11.82,FALSE,2019,Madrid,2019,Valladolid,NA
MARIA PAZ LOPEZ GONZALEZ,11.65,FALSE,2015,Valencia,2026,Córdoba,NA
ISABEL MARIA SANCHEZ MARTINEZ,11.54,FALSE,2011,Almeria,2023,Murcia,NA
FRANCISCO JAVIER ALVAREZ MORENO,11.45,FALSE,2011,Barcelona,2023,Granada,NA
JOSE DIEZ LOPEZ,11.32,TRUE,2007,Cantabria,2019,Cantabria,NA
JOSE MANUEL LOPEZ SUAREZ,11.25,TRUE,"2011, 2015",Granada,"2022, 2023, 2026",Granada,NA
ANTONIO GONZALEZ SAEZ,11.08,TRUE,"2007, 2019",Cuenca,2023,Cuenca,NA
ALVARO HERNANDEZ HERNANDEZ,11.07,FALSE,2015,Salamanca,2019,Región de Murcia,NA
HECTOR GARCIA MORENO,11.04,TRUE,2015,Toledo,2019,Toledo,NA
NOELIA LOPEZ HERNANDEZ,10.99,FALSE,2015,"Avila, Barcelona",2019,Barcelona,NA
MIGUEL ANGEL MARTIN ROMERO,10.98,TRUE,"2007, 2011, 2015",Teruel,2023,Teruel,NA
PATRICIA ALVAREZ PEREZ,10.97,FALSE,2003,Pontevedra,2023,Toledo,NA
JAVIER ALVAREZ ALVAREZ,10.9,FALSE,"2011, 2015",Barcelona,2023,Leon,NA
ERNESTO FERNANDEZ GARCIA,10.89,FALSE,"2015, 2019",Toledo,2023,Barcelona,NA
JOSE FERRER RODRIGUEZ,10.82,TRUE,"2003, 2011",Barcelona,"2019, 2023",Barcelona,NA
JUAN CARLOS ALONSO PEREZ,10.67,FALSE,"2007, 2011, 2015, 2019, 2023",Ourense,2019,Madrid,NA
RICARDO SANCHEZ HERNANDEZ,10.64,FALSE,2007,Bizkaia,2023,Las Palmas,NA
ANGEL SUAREZ RODRIGUEZ,10.53,FALSE,2003,Leon,2023,Toledo,NA
ANTONIO GARCIA BLAZQUEZ,10.52,TRUE,2015,Badajoz,2023,Badajoz,NA
FRANCISCO JAVIER GONZALEZ CORTES,10.51,FALSE,2007,Barcelona,2019,Malaga,NA
MANUEL GARCIA APARICIO,10.4,FALSE,"2003, 2007, 2011, 2015",Jaen,2019,Barcelona,NA
MARIA ANTONIA RODRIGUEZ MARTIN,10.39,FALSE,2003,Salamanca,2023,Malaga,NA
MARIA LUISA JIMENEZ JIMENEZ,10.31,FALSE,"2003, 2007",Salamanca,2023,Illes Balears,NA
MARIA ESTHER MARTINEZ MARTINEZ,10.19,FALSE,2015,Granada,2023,Albacete,NA
ARACELI FERNANDEZ MARTINEZ,10.18,FALSE,"2007, 2011, 2015, 2019, 2023",Leon,2023,Madrid,NA
MARIA GARCIA MENENDEZ,10.13,TRUE,2011,Asturias,2019,Asturias,NA
JAVIER RODRIGUEZ MENDEZ,9.99,FALSE,"2011, 2015, 2019",Barcelona,2023,Leon,NA
DAVID MARTIN MOLINA,9.89,FALSE,2023,Toledo,2019,Murcia,NA
MIGUEL ANGEL ORTEGA SANCHEZ,9.88,TRUE,2003,Madrid,2019,Madrid,NA
ROBERTO MARTIN MARTIN,9.73,FALSE,2011,S.C. Tenerife,2023,Alicante,NA
RAQUEL ALONSO PEREZ,9.69,FALSE,"2011, 2015, 2023","Madrid, Segovia",2023,Madrid,NA
MARIA EUGENIA FERNANDEZ MARTINEZ,9.59,FALSE,2015,Granada,2019,Malaga,NA
MIGUEL ANGEL MUNOZ MORENO,9.4,FALSE,2003,Sevilla,2019,Cadiz,NA
FRANCISCO MONTERO LOPEZ,9.38,TRUE,"2015, 2019",Granada,2023,Granada,NA
MANUEL GUTIERREZ GUTIERREZ,9.35,FALSE,2023,Ciudad Real,2023,Leon,NA
ARTURO MARTINEZ LOPEZ,9.32,TRUE,2003,Granada,2015,Granada,NA
ARACELI MARTINEZ SANCHEZ,9.29,TRUE,2003,Valencia,"2019, 2023",Valencia,NA
ALFONSO MUNOZ RODRIGUEZ,9.24,FALSE,"2015, 2019, 2023",Sevilla,2023,Barcelona,NA
JAVIER MARTINEZ LOZANO,9.24,FALSE,2003,Burgos,"2015, 2016, 2019, 2022, 2023, 2026","Burgos, Single national constituency",NA
ISAAC LOPEZ SANCHEZ,9.23,TRUE,2011,Tarragona,2019,Tarragona,NA
ANTONIO MARIN MORENO,9.22,FALSE,2011,Sevilla,2023,Valencia,NA
JUAN JOSE ALVAREZ GOMEZ,9.22,FALSE,"2003, 2007, 2011",La Rioja,2023,Valencia,NA
JUAN JOSE MEDINA GARCIA,9.16,FALSE,"2011, 2015, 2019, 2023",Jaen,2023,Tarragona,NA
LAURA MEDINA SANCHEZ,9.05,FALSE,"2019, 2023",Madrid,2023,Sevilla,NA
MARIA BELEN GARCIA DIAZ,9.01,FALSE,2023,Bizkaia,2019,Cantabria,NA
JOSE CARLOS MARTIN RODRIGUEZ,8.89,TRUE,2011,Barcelona,2019,Barcelona,NA
MANUEL LOPEZ LARA,8.81,FALSE,2019,Jaen,2023,Madrid,NA
FRANCISCO DURAN MARTINEZ,8.8,TRUE,2003,Tarragona,2019,Tarragona,NA
MOISES GONZALEZ GONZALEZ,8.77,FALSE,"2003, 2007",Valladolid,"2019, 2023","Madrid, Toledo",NA
ROSA MARIA RODRIGUEZ VAZQUEZ,8.72,TRUE,"2003, 2011",Toledo,2023,Toledo,NA
JOSE GARCIA LUNA,8.68,FALSE,2007,Barcelona,"2015, 2016, 2019",Huelva,NA
SANTIAGO GARCIA BLANCO,8.68,FALSE,2007,Ourense,2019,Murcia,NA
JAVIER GONZALEZ CALVO,8.64,FALSE,"2015, 2019",Lugo,2023,Valladolid,NA
MIGUEL ANGEL RUBIO SANCHEZ,8.52,FALSE,"2003, 2011, 2015, 2019, 2023","Alicante, Caceres","2019, 2023",Caceres,NA
MANUEL REY RODRIGUEZ,8.48,FALSE,2003,Lugo,2023,Girona,NA
FRANCISCO JOSE GARCIA GIL,8.47,FALSE,2023,Caceres,2023,Illes Balears,NA
JOSE ANTONIO GOMEZ SERRANO,8.42,FALSE,2019,Malaga,"2022, 2023","Malaga, Málaga",NA
AINARA GARCIA MARTIN,8.4,TRUE,"2015, 2019",Asturias,2023,Asturias,NA
JOSE MARIA MARTINEZ ORTEGA,8.29,TRUE,2015,Burgos,2019,Burgos,NA
TANIA PEREZ MARTINEZ,8.21,FALSE,"2007, 2011",A Coruna,2023,Girona,NA
JOSE LUIS GARRIDO PEREZ,7.99,TRUE,2011,Jaen,2019,Jaen,NA
MANUEL PEREIRA GONZALEZ,7.98,FALSE,2003,Leon,2023,Madrid,NA
FRANCISCO MANUEL MARTIN GARCIA,7.95,FALSE,"2015, 2019, 2023","Avila, Huelva",2023,Granada,NA
JOSE ANTONIO GOMEZ BLANCO,7.9,FALSE,2023,Salamanca,2023,Valencia,NA
ISMAEL PEREZ JIMENEZ,7.88,FALSE,"2003, 2007",Barcelona,2023,Murcia,NA
ROCIO JIMENEZ JIMENEZ,7.86,FALSE,2011,Granada,2019,Malaga,NA
AMPARO RUIZ RODRIGUEZ,7.77,FALSE,2019,Toledo,2019,Alicante,NA
JUAN FRANCISCO JIMENEZ RODRIGUEZ,7.68,FALSE,2019,Toledo,2023,Sevilla,NA
MARIA LUISA VAZQUEZ SANCHEZ,7.64,TRUE,2015,Cantabria,2019,Cantabria,NA
ELENA GARCIA PRIETO,7.57,FALSE,"2007, 2011, 2023","Salamanca, Toledo",2023,Toledo,NA
JOSE CASTRO ALVAREZ,7.52,FALSE,"1989, 1993, 2023",Pontevedra,2023,Cadiz,NA
FRANCISCO JAVIER FERNANDEZ VEGA,7.51,TRUE,2015,Leon,2023,Leon,NA
JOSE ANGEL LOPEZ MARTIN,7.48,FALSE,2023,Avila,2023,Caceres,NA
ELISABET MARTINEZ FERNANDEZ,7.46,FALSE,2003,Girona,2023,Jaen,NA
MANUEL GARCIA ZAPATA,7.37,TRUE,2007,Murcia,2023,Murcia,NA
VALENTIN LOPEZ LOPEZ,7.36,FALSE,"2003, 2007, 2011, 2015, 2019, 2023",Asturias,"2019, 2023","Castellon, Castellón",NA
JUAN SANTANA RODRIGUEZ,7.35,FALSE,2011,Malaga,2023,Las Palmas,NA
LAURA GONZALEZ CAMPOS,7.29,TRUE,2019,Teruel,2023,Teruel,NA
EDUARDO GOMEZ MORENO,7.26,TRUE,2015,Las Palmas,2019,Las Palmas,NA
LUIS MIGUEL GOMEZ LOPEZ,7.25,FALSE,"2011, 2015, 2019, 2023",Madrid,2023,Valencia,NA
MARIA DOLORES MUNOZ ROMERO,6.98,TRUE,2011,Sevilla,2023,Sevilla,NA
FELIPE MARTIN LOPEZ,6.96,FALSE,2007,Toledo,2023,Barcelona,NA
MARIA LUISA LOPEZ CASTRO,6.93,FALSE,2003,Pontevedra,2023,Granada,NA
JESUS PENA SANCHEZ,6.92,TRUE,"2003, 2007, 2011, 2015, 2019",Jaen,2023,Jaen,NA
ANGEL GUTIERREZ HERNANDEZ,6.87,TRUE,2015,Araba/Alava,2019,Araba/Alava,NA
JUAN ANTONIO GARRIDO GARCIA,6.85,FALSE,2023,Salamanca,2023,Granada,NA
ALEJANDRO REDONDO GARCIA,6.79,FALSE,2007,Toledo,2023,Madrid,NA
EDUARDO TORRES MARTINEZ,6.78,FALSE,2003,Guadalajara,2023,Barcelona,NA
MARIA MONTSERRAT GONZALEZ GONZALEZ,6.78,FALSE,2003,Madrid,2023,Cantabria,NA
JOSE ANTONIO PASCUAL GONZALEZ,6.76,FALSE,"2011, 2015, 2019",Salamanca,2019,Jaen,NA
JUAN RUBIO GOMEZ,6.76,FALSE,2023,Avila,2023,S.C. Tenerife,NA
FRANCISCO JAVIER ALONSO ALVAREZ,6.7,TRUE,2007,Granada,2023,Granada,NA
SANTIAGO MUNOZ MARTIN,6.66,FALSE,2003,Caceres,"2023, 2025","Caceres, Cáceres",NA
FERNANDO IGLESIAS FERNANDEZ,6.6,TRUE,"2007, 2011, 2015",Cantabria,2023,Cantabria,NA
FRANCISCO JAVIER PEREZ CALVO,6.59,FALSE,2019,Tarragona,2019,Cadiz,NA
JUAN JOSE GARCIA GALLEGO,6.59,TRUE,2019,Illes Balears,2023,Illes Balears,NA
MARIA ISABEL CORTES SANCHEZ,6.57,TRUE,2015,Girona,2019,Girona,NA
JOSE ANTONIO LOPEZ GIMENEZ,6.54,TRUE,2019,Jaen,2023,Jaen,NA
FRANCISCO JAVIER GARCIA MIRANDA,6.49,FALSE,2015,Malaga,"2019, 2023",Ceuta,NA
ROBERTO ALONSO PEREZ,6.38,TRUE,2015,Valencia,2023,Valencia,NA
ANGEL CRUZ FERNANDEZ,6.37,TRUE,2003,Caceres,2023,Caceres,NA
ANTONIO ALARCON FERNANDEZ,6.36,TRUE,2007,Malaga,2023,Malaga,NA
EVA MARIA MARTIN MARTIN,6.36,FALSE,2011,Madrid,2019,Huelva,NA
RAQUEL RODRIGUEZ RUBIO,6.3,FALSE,"2007, 2015","Caceres, Leon",2019,Cadiz,NA
ANTONIO FERNANDEZ CUESTA,6.28,TRUE,2003,Toledo,"2019, 2023",Toledo,NA
JUAN JOSE MARTIN GUTIERREZ,6.28,TRUE,2007,Segovia,"2015, 2019, 2023",Segovia,NA
JOSE ANTONIO BENITO GARCIA,6.24,FALSE,2019,Segovia,2023,Toledo,NA
MIGUEL ANGEL CANO PEREZ,6.13,TRUE,2003,Granada,2019,Granada,NA
BEATRIZ SUAREZ FERNANDEZ,6.07,TRUE,2015,Leon,"2019, 2023",Leon,NA
BENJAMIN RODRIGUEZ GONZALEZ,6,TRUE,2003,Ourense,2023,Ourense,NA
FERNANDO DIAZ GUTIERREZ,5.98,FALSE,2003,Ciudad Real,2019,Sevilla,NA
JUAN MANUEL RODRIGUEZ MORALES,5.94,FALSE,"2007, 2011",Huelva,2023,Barcelona,NA
CESAR SANCHEZ HERNANDEZ,5.92,TRUE,"2011, 2015",Murcia,2023,Murcia,NA
JUAN ORTIZ HERNANDEZ,5.8,FALSE,"2003, 2019, 2023",Almeria,2020,Bizkaia,NA
FRANCISCO ALVAREZ MARIN,5.77,TRUE,"2007, 2011",Barcelona,2023,Barcelona,NA
CARMELO LOPEZ FERNANDEZ,5.72,FALSE,2015,Toledo,2023,Granada,NA
JESUS VILA GARCIA,5.63,TRUE,2019,Pontevedra,"2023, 2024",Pontevedra,NA
FRANCISCO AGUADO GARCIA,5.61,TRUE,2007,Granada,"2019, 2023",Granada,NA
LUIS MIGUEL LOPEZ HERNANDEZ,5.57,FALSE,"2003, 2019","Bizkaia, Zamora",2023,Zamora,NA
GEMMA MARTINEZ MARTIN,5.42,TRUE,2015,Burgos,2023,Burgos,NA
FELIX LOPEZ MUNOZ,5.39,FALSE,2023,Toledo,2019,Valencia,NA
MARIA INMACULADA MARTIN MARTINEZ,5.33,TRUE,2011,S.C. Tenerife,2023,S.C. Tenerife,NA
FRANCISCO JAVIER SANTOS GOMEZ,5.31,FALSE,"2003, 2007, 2023","Malaga, Salamanca",2019,Malaga,NA
MARIA YOLANDA PEREZ LOPEZ,5.31,FALSE,2015,Cantabria,2019,Valladolid,NA
JOSE RICO SANCHEZ,5.3,TRUE,2003,Almeria,2023,Almeria,NA
ANTONIO MONTERO DIAZ,5.22,FALSE,2011,Albacete,2023,Valencia,NA
JUAN CARLOS GUERRERO LOPEZ,5.21,TRUE,"2003, 2007",Caceres,2023,Caceres,NA
SONIA RODRIGUEZ BLANCO,5,FALSE,"2019, 2023",Badajoz,2023,Valencia,NA
ADORACION FERNANDEZ MARTINEZ,4.98,FALSE,2015,Valencia,2015,Almería,NA
ANTONIO ARIZA GARCIA,4.98,TRUE,2003,Tarragona,2023,Tarragona,NA
MANUEL CUEVAS FERNANDEZ,4.97,FALSE,"2007, 2011, 2015",Sevilla,2023,Cordoba,NA
FRANCISCA GARCIA CAMACHO,4.94,TRUE,2019,Granada,2023,Granada,NA
JESUS MARIN JIMENEZ,4.93,TRUE,"2015, 2019",Madrid,2023,Madrid,NA
FRANCISCO JOSE PEREZ RAMOS,4.91,FALSE,"2011, 2019",Barcelona,2023,Madrid,NA
MARIA MUNIZ GARCIA,4.85,FALSE,"2003, 2007, 2008, 2011","Almeria, Almería",2019,"Asturias, Centro",NA
MONTSERRAT PRIETO GARCIA,4.83,TRUE,"2003, 2007, 2011",Jaen,2019,Jaen,NA
FERNANDO MARTINEZ VIDAL,4.81,TRUE,"1989, 2007, 2011, 2015",Madrid,"2019, 2023",Madrid,NA
PEDRO ANTONIO FERNANDEZ SANCHEZ,4.79,TRUE,"2003, 2007, 2015",Toledo,2019,Toledo,NA
JOSE MARIA RAMOS HERNANDEZ,4.78,FALSE,"2007, 2011",Salamanca,2023,Caceres,NA
LAURA RODRIGUEZ SOLER,4.77,FALSE,2023,Madrid,"2014, 2015","Madrid, Single national constituency",NA
PEDRO FERNANDEZ DIEZ,4.77,TRUE,2011,Leon,2019,Leon,NA
MARIA CRISTINA MARTIN MARTIN,4.75,FALSE,"2011, 2015, 2019, 2023",Salamanca,2023,Granada,NA
FRANCISCO JAVIER ESTEBAN LOPEZ,4.74,FALSE,"2007, 2011",Huelva,"2019, 2023",Sevilla,NA
JAVIER GONZALEZ PALACIOS,4.73,TRUE,2015,Burgos,"2019, 2023",Burgos,NA
JOSE LUIS ESTEBAN FERNANDEZ,4.73,FALSE,2019,Zamora,2023,Toledo,NA
RAUL DOMINGUEZ MARTIN,4.71,FALSE,"2011, 2015, 2019, 2023","Caceres, Huelva",2019,Illes Balears,NA
FRANCISCO MARIN ROMERO,4.67,FALSE,2003,Alicante,2023,Huelva,NA
CARMEN MUNOZ MARIN,4.57,FALSE,"2007, 2011",Cordoba,2019,Huelva,NA
MARIA MENDOZA JIMENEZ,4.57,TRUE,2023,Illes Balears,2019,Illes Balears,NA
PEDRO ANTONIO PEREZ FERNANDEZ,4.56,FALSE,2003,Cadiz,2019,Murcia,NA
JOSE MANUEL PEREZ LORENZO,4.48,FALSE,"2015, 2019",A Coruna,2023,Cadiz,NA
FRANCISCO JAVIER LARA SANCHEZ,4.44,FALSE,2011,Alicante,2023,Soria,NA
ISABEL ORTIZ RUIZ,4.43,TRUE,"2007, 2015",Cantabria,2023,Cantabria,NA
JOSE MANUEL FERNANDEZ MENDOZA,4.41,FALSE,"2003, 2011",Jaen,2023,Albacete,NA
ANA MARIA MOYA SANCHEZ,4.39,TRUE,2003,Granada,2023,Granada,NA
MARIA DOLORES FRANCO FERNANDEZ,4.39,TRUE,2003,Cordoba,2023,Cordoba,NA
FRANCISCO JAVIER PRIETO MARTIN,4.33,TRUE,2011,Salamanca,2023,Salamanca,NA
MANUEL GARCIA RUANO,4.33,FALSE,2003,Jaen,2019,Valencia,NA
FRANCISCO BLAZQUEZ SANCHEZ,4.3,FALSE,2011,Salamanca,"2019, 2023",Murcia,NA
JESUS LOPEZ CAMACHO,4.23,FALSE,2023,Almeria,2023,Cantabria,NA
ANTONIO JIMENEZ MONTES,4.16,FALSE,"2011, 2015","Cordoba, Granada",2023,Granada,NA
MARTIN MARTINEZ GIL,4.1,TRUE,2023,Murcia,2019,Murcia,NA
JOSE ANTONIO GARCIA VALLEJO,4.05,TRUE,"2015, 2019",Caceres,2023,Caceres,NA
ALEJANDRO GUERRERO JIMENEZ,4.03,TRUE,"2011, 2015, 2023",Badajoz,2019,Badajoz,NA
ABEL HERNANDEZ RODRIGUEZ,4.01,FALSE,2015,Valladolid,2023,Granada,NA
MANUELA HERRERA LOPEZ,3.98,FALSE,"2011, 2019",Jaen,2023,Girona,NA
ARTURO DIAZ LOPEZ,3.92,TRUE,2015,Granada,2023,Granada,NA
JOSE ANGEL GARCIA RAMOS,3.91,TRUE,"2007, 2011, 2015, 2019",Salamanca,"2023, 2026",Salamanca,NA
JOSE CORTES GUTIERREZ,3.9,FALSE,2015,Girona,2023,Barcelona,NA
ANA ISABEL BLANCO RODRIGUEZ,3.88,TRUE,2007,Leon,2019,Leon,NA
JUAN CARLOS DIEZ FERNANDEZ,3.87,TRUE,2003,Leon,2023,Leon,NA
FRANCISCO JAVIER MARTINEZ PALACIOS,3.86,FALSE,2019,Burgos,2023,"Asturias, Girona",NA
LUIS AGUILAR PEREZ,3.86,TRUE,2023,Cadiz,2019,Cadiz,NA
CARLOS IZQUIERDO PEREZ,3.81,FALSE,2011,Granada,2019,Barcelona,NA
ROBERTO MARIN SANCHEZ,3.81,TRUE,2023,Albacete,2019,Albacete,NA
ANA BELEN DIAZ JIMENEZ,3.77,FALSE,"2007, 2011",Avila,2023,S.C. Tenerife,NA
MARIA BELEN GONZALEZ ROMERO,3.76,TRUE,2015,Caceres,2019,Caceres,NA
MARIA ISABEL GOMEZ GARRIDO,3.73,FALSE,2023,Granada,2023,Barcelona,NA
JAVIER ORTEGA ROMERO,3.72,TRUE,2023,Guadalajara,2019,Guadalajara,NA
VICENTE GARCIA MONTERO,3.7,FALSE,2003,Palencia,2023,Cordoba,NA
MIGUEL ANGEL ALONSO ALONSO,3.67,FALSE,2023,Cantabria,2019,Zaragoza,NA
MIGUEL GOMEZ MARQUEZ,3.67,TRUE,2011,Lleida,2023,Lleida,NA
MARIA LUISA PEREZ PRIETO,3.66,FALSE,"2011, 2015, 2023",A Coruna,2023,Las Palmas,NA
JOAQUIN FERNANDEZ CORTES,3.62,TRUE,2019,Granada,2023,Granada,NA
SERGIO PASTOR MARTINEZ,3.62,FALSE,2023,Alicante,"2019, 2023",Valencia,NA
JOSE ANTONIO PEREZ VARELA,3.59,FALSE,"2007, 2011",A Coruna,2023,Girona,NA
MARIA REMEDIOS JIMENEZ GARCIA,3.57,FALSE,2003,Barcelona,"2015, 2016","Malaga, Málaga",NA
MANUEL PARDO DIAZ,3.56,FALSE,"2011, 2015",Ciudad Real,2023,Jaen,NA
CESAR GONZALEZ GUTIERREZ,3.53,TRUE,"2007, 2011, 2015, 2019",Leon,2023,Leon,NA
MANUEL ESTEVEZ GOMEZ,3.5,FALSE,2015,Toledo,2023,Leon,NA
JOSE ANTONIO PEREZ GUZMAN,3.49,FALSE,"2007, 2011",Malaga,"2015, 2019","Castellon, Malaga",NA
JAVIER CASTRO GUTIERREZ,3.39,FALSE,"2019, 2023",Albacete,2023,Cantabria,NA
RODRIGO ALONSO FERNANDEZ,3.37,FALSE,"2007, 2011",Almeria,"2018, 2019, 2023, 2024","Almeria, Almería, Single national constituency",NA
JOSE MARIA GUTIERREZ GUTIERREZ,3.35,FALSE,2019,Burgos,2019,Barcelona,NA
EUSEBIO PEREZ FERNANDEZ,3.33,TRUE,2019,Sevilla,2023,Sevilla,NA
DAVID IZQUIERDO GOMEZ,3.31,TRUE,2015,Segovia,2019,Segovia,NA
JULIA DELGADO MARTIN,3.3,TRUE,"2003, 2007",Barcelona,2023,Barcelona,NA
LUIS LOPEZ PARRA,3.29,FALSE,2015,Almeria,"2015, 2023","Almería, La Rioja",NA
ENRIQUE VEGA GONZALEZ,3.27,FALSE,2003,Leon,2023,Asturias,NA
GUILLERMO GUTIERREZ GOMEZ,3.26,FALSE,2015,Cantabria,2023,Barcelona,NA
LETICIA DIAZ RODRIGUEZ,3.25,TRUE,"2011, 2015",Cantabria,2023,Cantabria,NA
DANIEL RAMOS DOMINGUEZ,3.24,FALSE,2007,Zamora,2019,Madrid,NA
DIEGO GONZALEZ RIVERA,3.23,TRUE,2007,Sevilla,2023,Sevilla,NA
JUAN ALONSO MORALES,3.23,TRUE,"2003, 2007, 2011, 2015",Valladolid,2019,Valladolid,NA
JUAN ANTONIO REY GARCIA,3.14,TRUE,2023,Toledo,2019,Toledo,NA
MARIA TERESA ALONSO DOMINGUEZ,3.14,FALSE,2011,Huesca,2023,Huelva,NA
JUAN CARLOS HERRERO PEREZ,3.12,FALSE,"2003, 2007",Salamanca,2023,Caceres,NA
ROSALIA GOMEZ SANCHEZ,3.06,FALSE,2007,Madrid,2015,Salamanca,NA
RAMON MARTINEZ CANO,3.05,TRUE,2019,Sevilla,2023,Sevilla,NA
AVELINO GARCIA PEREZ,3,TRUE,"2003, 2007",Ourense,2019,Ourense,NA
MARIA JOSE NUNEZ DIAZ,3,FALSE,2019,Cantabria,2023,A Coruna,NA
MIGUEL MACIAS MARTINEZ,3,TRUE,2023,Sevilla,2019,Sevilla,NA
ANTONIO ROMERA RODRIGUEZ,2.96,FALSE,"2004, 2011, 2015","Barcelona, Cadiz",2019,Barcelona,NA
CARIDAD PEREZ RODRIGUEZ,2.94,TRUE,2019,Granada,2023,Granada,NA
LUIS MARIA FERNANDEZ MARTINEZ,2.92,FALSE,2007,"Ávila, Burgos",2023,Burgos,NA
ENRIQUE HERNANDEZ VAZQUEZ,2.9,TRUE,"2003, 2007, 2011",Huelva,2023,Huelva,NA
JOSE MANUEL IGLESIAS MORENO,2.9,FALSE,2003,Palencia,2023,Huelva,NA
RUFINO SANCHEZ GARCIA,2.89,FALSE,2003,Caceres,2019,Madrid,NA
JUAN ANTONIO GARCIA MACIAS,2.86,TRUE,2015,Huelva,"2019, 2023",Huelva,NA
PABLO GOMEZ MONTERO,2.86,TRUE,2019,Barcelona,2023,Barcelona,NA
LUISA TORRES FERNANDEZ,2.83,FALSE,2015,Toledo,"2019, 2023",Madrid,NA
TERESA RODRIGUEZ VIDAL,2.82,TRUE,2015,Salamanca,"2019, 2022",Salamanca,NA
VERONICA FERNANDEZ NUNEZ,2.74,FALSE,2023,Lugo,2019,Asturias,NA
ANTONIO COCA GARCIA,2.72,TRUE,"2003, 2007",Granada,"2019, 2023",Granada,NA
MARIA LUISA SERRANO MORENO,2.72,FALSE,2011,Huelva,2023,Valencia,NA
ANTONIO MARTINEZ MORCILLO,2.68,TRUE,2007,Albacete,2015,Albacete,NA
JOSE ANGEL RUBIO GARCIA,2.68,FALSE,"2015, 2019","Albacete, Segovia","2023, 2026",Segovia,NA
DANIEL MORALES RAMOS,2.64,TRUE,2003,Granada,2023,Granada,NA
JORGE MATA GARCIA,2.58,FALSE,2015,Gipuzkoa,2023,Madrid,NA
MILAGROS TORRES MARTINEZ,2.58,TRUE,"2003, 2011, 2015",Sevilla,2019,Sevilla,NA
JESUS MANUEL RUIZ FERNANDEZ,2.55,TRUE,"2007, 2011",Cuenca,2019,Cuenca,NA
SILVIA MARIA GARCIA LOPEZ,2.54,FALSE,2019,Huelva,2019,Asturias,NA
ANA MARIA BAENA GARCIA,2.53,FALSE,"2019, 2023",Almeria,2023,Sevilla,NA
JOSE RAFAEL GARCIA SANCHEZ,2.52,TRUE,"2003, 2007, 2011",Caceres,"2019, 2023",Caceres,NA
JUAN JOSE MOYA MARTINEZ,2.5,TRUE,"2015, 2023",Barcelona,2019,Barcelona,NA
MANUEL LOPEZ BARBERO,2.5,TRUE,2019,Jaen,2023,Jaen,NA
JOSE ANTONIO MENDOZA JIMENEZ,2.47,FALSE,2015,Girona,"2019, 2023",Madrid,NA
JUAN CARLOS JIMENEZ SANTOS,2.46,TRUE,2019,Barcelona,2023,Barcelona,NA
SANTIAGO FERNANDEZ SANTIAGO,2.46,TRUE,"2019, 2023",Almeria,2023,Almeria,NA
ALEJANDRO GARCIA ARRANZ,2.41,FALSE,2023,Burgos,2023,Madrid,NA
MARIA CARMEN MORENO ALARCON,2.41,FALSE,2003,Valencia,2019,Barcelona,NA
ANTONIO MARTINEZ CARRENO,2.39,FALSE,"2003, 2007, 2011",Lleida,"2015, 2019, 2023","Badajoz, Segovia",NA
EDUARDO PEREZ CAMPOS,2.39,TRUE,2007,Zaragoza,2023,Zaragoza,NA
AURELIO GOMEZ FERNANDEZ,2.36,TRUE,"2007, 2019",Ciudad Real,2023,Ciudad Real,NA
JOSE MANUEL DOMINGUEZ VAZQUEZ,2.36,FALSE,2023,Ourense,2023,Sevilla,NA
MANUEL MORCILLO SANCHEZ,2.34,TRUE,2003,Toledo,2015,Toledo,NA
JOSE LUIS MATA FERNANDEZ,2.25,FALSE,2019,Burgos,2023,Valencia,NA
VALERIANO MARTINEZ GARCIA,2.22,FALSE,"2016, 2020",Pontevedra,2019,Murcia,NA
JAVIER MARTIN CALDERON,2.21,TRUE,2011,Girona,2023,Girona,NA
MARGARITA MARTIN MORALES,2.19,TRUE,"2007, 2019",Guadalajara,2023,Guadalajara,NA
RAFAEL CARRASCO DIAZ,2.14,TRUE,"2015, 2019",Toledo,2023,Toledo,NA
JOSE MANUEL GARCIA MUNIZ,2.08,TRUE,2015,Asturias,2019,Asturias,NA
ANDRES VICENTE MARTINEZ,2.05,TRUE,2007,Segovia,2015,Segovia,NA
PATRICIA FERNANDEZ RIVAS,2.05,TRUE,"2007, 2011",Granada,2023,Granada,NA
JUAN ANTONIO MORALES ALVAREZ,2.02,FALSE,"2003, 2007, 2011, 2015","Badajoz, Cáceres",2019,Badajoz,NA
VICTOR RIVAS GONZALEZ,2.02,TRUE,2015,Salamanca,2023,Salamanca,NA
MARGARITA GONZALEZ DIEZ,2,FALSE,"2007, 2011, 2015",Bizkaia,"2019, 2023","Bizkaia, Leon",NA
SONIA CRESPO RODRIGUEZ,1.99,FALSE,2007,Girona,2019,Malaga,NA
LUIS CORTES ALVAREZ,1.96,FALSE,2015,Araba/Alava,"2016, 2019","Álava, Bizkaia",NA
MARIA JOSEFA DIAZ RAMIREZ,1.95,FALSE,2011,Cordoba,2023,Murcia,NA
CARLOS GONZALEZ PRADO,1.92,TRUE,2023,Caceres,2019,Caceres,NA
JUAN JOSE VALERO SANCHEZ,1.92,TRUE,2007,Zaragoza,2019,Zaragoza,NA
MOISES GOMEZ HERNANDEZ,1.92,TRUE,2019,Granada,2023,Granada,NA
DANIEL LUQUE DIAZ,1.88,FALSE,2003,Sevilla,2015,Madrid,NA
LUIS MIGUEL GARCIA CANO,1.88,FALSE,"2011, 2015",Asturias,2019,"Asturias, Oriente",NA
JOSE LUIS MORALES DELGADO,1.87,TRUE,2019,Zamora,2023,Zamora,NA
ALBERTO GARCIA LLORENTE,1.85,FALSE,"2015, 2019, 2023",Valladolid,2023,Palencia,NA
JOSE ANTONIO PERALTA FERNANDEZ,1.83,FALSE,2015,Bizkaia,2019,Zaragoza,NA
JULIO CESAR SANCHEZ JIMENEZ,1.82,TRUE,"2011, 2015, 2019",Segovia,2023,Segovia,NA
JOSE MANUEL CARRETERO GONZALEZ,1.8,FALSE,2023,Badajoz,2023,Las Palmas,NA
ANTONIO PALOMAR GARCIA,1.79,FALSE,2003,Sevilla,"2015, 2016, 2018, 2019","Bizkaia, Cadiz, Cádiz",NA
JUAN CARLOS GONZALEZ CUESTA,1.79,FALSE,2023,Madrid,"2015, 2019, 2021","Asturias, Madrid",NA
JOSE JIMENEZ CORRAL,1.78,TRUE,2003,Granada,2015,Granada,NA
ROSA MARIA EXPOSITO SANCHEZ,1.78,FALSE,"2011, 2015, 2019",Cordoba,2023,Almeria,NA
SERGIO VEGA MUNOZ,1.78,TRUE,2015,Burgos,"2022, 2023",Burgos,NA
AMALIA GUTIERREZ FERNANDEZ,1.77,TRUE,2007,Madrid,2019,Madrid,NA
JOSE MARIA HERNANDEZ HERRERO,1.77,FALSE,2003,Caceres,2023,Salamanca,NA
ANA MARIA CALERO MARTINEZ,1.76,FALSE,2003,Albacete,2019,Cuenca,NA
SERGIO LOPEZ CABELLO,1.74,TRUE,2003,Cordoba,"2019, 2023",Cordoba,NA
ELISEO FERNANDEZ FERNANDEZ,1.72,FALSE,2023,Ourense,2023,Avila,NA
JOSE LUIS PRIETO ALONSO,1.68,FALSE,2015,Valladolid,2023,Palencia,NA
ROSA MARIA SANTAMARIA GONZALEZ,1.66,FALSE,2007,Valladolid,2019,La Rioja,NA
ESTELA ALVAREZ LOPEZ,1.64,TRUE,2019,Zamora,2023,Zamora,NA
PEDRO JOSE ALONSO SANCHEZ,1.64,TRUE,"2011, 2015",Leon,"2019, 2023",Leon,NA
ANA ROSA RODRIGUEZ DIAZ,1.62,TRUE,2007,Asturias,2023,Asturias,NA
ANTONIO TELLEZ PEREZ,1.62,TRUE,2019,Malaga,2023,Malaga,NA
CARLOS JAVIER GUTIERREZ GARCIA,1.61,TRUE,2019,Guadalajara,"2015, 2016",Guadalajara,NA
ANIBAL GONZALEZ GONZALEZ,1.6,FALSE,"2015, 2019",Cantabria,2023,S.C. Tenerife,NA
ANTONIO MARTINEZ TORIBIO,1.59,TRUE,"2003, 2007, 2011, 2015",Valladolid,2023,Valladolid,NA
FRANCISCO JOSE RUIZ RUBIO,1.58,FALSE,"2003, 2011",Tarragona,2023,Alicante,NA
FRANCISCO MONTORO FERNANDEZ,1.57,TRUE,2019,Granada,2023,Granada,NA
JAIME LUQUE GONZALEZ,1.53,TRUE,2003,Cordoba,"2019, 2023",Cordoba,NA
PEDRO VELASCO RUIZ,1.53,TRUE,2007,Madrid,2023,Madrid,NA
ANTONIO LUCAS MUNOZ,1.52,FALSE,"2003, 2011",Barcelona,2019,Valencia,NA
ANA TERESA PEREZ GARCIA,1.51,TRUE,2011,Cuenca,2015,Cuenca,NA
FRANCISCO GARCIA TUDELA,1.51,FALSE,"2007, 2011",Granada,2023,Girona,NA
JUAN ALBERTO GARCIA RUIZ,1.5,TRUE,2019,Toledo,2023,Toledo,NA
MARIA VICTORIA VARGAS MARTINEZ,1.49,TRUE,"2007, 2011",Cordoba,"2019, 2023",Cordoba,NA
JOSE ANTONIO POZO GOMEZ,1.47,TRUE,2019,Malaga,2023,Malaga,NA
JOSE MANUEL MARTIN RICO,1.47,TRUE,2011,Caceres,2023,Caceres,NA
PEDRO FERNANDEZ CARRION,1.47,FALSE,2011,Albacete,2019,Almeria,NA
ANA ISABEL PASTOR GONZALEZ,1.46,FALSE,"2003, 2007",Badajoz,2015,"Leon, León",NA
FRANCISCO JAVIER PEREZ MADRID,1.44,TRUE,2011,Madrid,2023,Madrid,NA
CONCEPCION RODRIGUEZ COSTA,1.43,TRUE,2015,Ourense,2023,Ourense,NA
MARIA JESUS CABALLERO JIMENEZ,1.43,FALSE,2011,Navarra,2023,Sevilla,NA
CARMEN MARIA DIAZ RUIZ,1.42,FALSE,"2007, 2011, 2015, 2019, 2023",Malaga,"2019, 2023",Cantabria,NA
OSCAR VIDAL HERNANDEZ,1.42,TRUE,"2011, 2015",Valladolid,2019,Valladolid,NA
RAQUEL MILLAN MARTINEZ,1.42,TRUE,2015,Barcelona,2023,Barcelona,NA
ANGEL SUAREZ SUAREZ,1.39,FALSE,"2007, 2011, 2015",Leon,"2019, 2023","Leon, León",NA
JOAQUIN GARCIA VALLEJO,1.39,FALSE,"2011, 2015",Toledo,2023,Cordoba,NA
JULIAN PEREZ VIDAL,1.39,TRUE,2003,Murcia,"2019, 2023",Murcia,NA
RAMON LOPEZ PADILLA,1.35,TRUE,2011,Jaen,2023,Jaen,NA
JESUS MIGUEL PEREZ SANCHEZ,1.31,TRUE,"2003, 2007, 2011",Salamanca,2023,Salamanca,NA
FRANCISCO JAVIER DIAZ JURADO,1.3,TRUE,"2007, 2011, 2015, 2018, 2019","Cadiz, Cádiz","2023, 2026","Cadiz, Cádiz",NA
CESAR GONZALEZ LEON,1.29,TRUE,2015,Palencia,2023,Palencia,NA
FRANCISCO GOMEZ VALENZUELA,1.29,TRUE,2003,Jaen,2023,Jaen,NA
JORGE MARTINEZ CALERO,1.29,TRUE,"2007, 2011",Girona,"2019, 2023",Girona,NA
JOSE LUIS MARTIN RODRIGO,1.29,FALSE,"2003, 2007, 2019",Caceres,2023,"Caceres, Cáceres",NA
ALBA RODRIGUEZ BLASCO,1.28,TRUE,2023,Barcelona,2019,Barcelona,NA
ANGEL MARTIN QUINTANA,1.28,TRUE,2007,Malaga,2023,Malaga,NA
JUAN PIZARRO SANCHEZ,1.28,TRUE,"2003, 2007, 2011, 2015, 2023",Illes Balears,2019,Illes Balears,NA
SILVIA CAMPOS DIAZ,1.28,TRUE,2007,Malaga,2023,Malaga,NA
JESUS JORGE GONZALEZ,1.27,TRUE,2023,Caceres,2019,Caceres,NA
GEMMA ROMERO JIMENEZ,1.24,TRUE,2019,Madrid,2023,Madrid,NA
ANGEL ROJAS ROMERO,1.22,TRUE,2007,Sevilla,2023,Sevilla,NA
LUIS HERNANDO RODRIGUEZ,1.22,FALSE,2015,Girona,2023,Segovia,NA
MARIANO MARTIN RAMOS,1.22,TRUE,2023,Toledo,2019,Toledo,NA
OLGA NIETO FERNANDEZ,1.22,TRUE,2023,Badajoz,2019,Badajoz,NA
SUSANA GUTIERREZ VAZQUEZ,1.22,FALSE,2007,Sevilla,"2015, 2019","Bizkaia, Sevilla",NA
SALVADOR CORTES JIMENEZ,1.16,FALSE,2007,Granada,2023,Malaga,NA
AMELIA MORALES LOPEZ,1.14,TRUE,"2007, 2011",Valladolid,2023,Valladolid,NA
JOSE MIGUEL GUTIERREZ GUTIERREZ,1.14,TRUE,2007,Burgos,2023,Burgos,NA
ANA MARIA REVUELTA GARCIA,1.12,TRUE,2011,Leon,2023,Leon,NA
ANGEL LUIS HERNANDEZ MARTIN,1.12,FALSE,"2011, 2015",Zamora,2015,Salamanca,NA
CRISTOBAL ORTEGA PEREZ,1.12,TRUE,"2003, 2007, 2011, 2015",Sevilla,2023,Sevilla,NA
FRANCISCO JAVIER BELLIDO GONZALEZ,1.12,TRUE,2003,Salamanca,2023,Salamanca,NA
JOSE ANTONIO JIMENEZ SORIA,1.1,TRUE,"2011, 2015",Jaen,2023,Jaen,NA
JOSE JESUS SANCHEZ SANCHEZ,1.1,FALSE,2003,Albacete,2019,Sevilla,NA
SHEILA DIAZ DIAZ,1.1,FALSE,2011,Granada,2023,Malaga,NA
JUAN ANTONIO GARCIA BARRAGAN,1.08,FALSE,2023,Gipuzkoa,2023,Alicante,NA
NEREA PEREZ MOYA,1.08,TRUE,2019,Granada,2023,Granada,NA
JOSE MANUEL GALLARDO ROMERO,1.06,FALSE,2023,Teruel,2019,Castellon,NA
SARA MUNOZ GALLARDO,1.03,FALSE,2015,Las Palmas,2019,Huelva,NA
BARBARA SERRANO MARTINEZ,1.02,TRUE,2007,Sevilla,2023,Sevilla,NA
ELISA MOYA GARCIA,1.02,TRUE,"2007, 2011",Toledo,"2019, 2023",Toledo,NA
FERNANDO SANCHEZ CID,1.02,FALSE,2003,Tarragona,2023,Badajoz,NA
NOELIA MARIN MUNOZ,1.02,TRUE,"2011, 2019",Granada,2023,Granada,NA
ANA MARIA JIMENEZ BONILLA,1.01,TRUE,2015,Malaga,2023,Malaga,NA
FRANCISCO ROLDAN DOMINGUEZ,1.01,TRUE,"2003, 2011, 2015",Sevilla,2019,Sevilla,NA
MIGUEL ANGEL ALCALA LOPEZ,1,TRUE,2011,Almeria,2019,Almeria,NA
RUBEN RODRIGUEZ JUAREZ,1,FALSE,"2003, 2007, 2011, 2015",Granada,"2019, 2021",Madrid,NA
CARMEN JUAREZ RUIZ,0.99,FALSE,"2015, 2019",Girona,2023,Barcelona,NA
EUSEBIA MARTINEZ LOPEZ,0.99,TRUE,2003,Toledo,2023,Toledo,NA
JOSE ANTONIO ZARAGOZA SANCHEZ,0.99,FALSE,2003,Alicante,2019,Malaga,NA
MARIA TORRES RODRIGO,0.97,TRUE,2015,Toledo,2023,Toledo,NA
ANA LOPEZ REBOLLO,0.96,FALSE,2023,Badajoz,2019,Illes Balears,NA
REBECA GONZALEZ PRIETO,0.96,TRUE,"2011, 2015",Burgos,2019,Burgos,NA
ANTONIO JESUS RODRIGUEZ GARRIDO,0.94,FALSE,"2019, 2023",Huelva,2023,Sevilla,NA
JOSE ANTONIO MINGUEZ PEREZ,0.94,TRUE,2007,Valencia,"2019, 2023",Valencia,NA
JOSE LUIS MARTIN PALMA,0.94,TRUE,"2007, 2011, 2015, 2019",Barcelona,2023,Barcelona,NA
MERCEDES SANCHEZ VALLEJO,0.94,TRUE,2003,Ceuta,2015,Ceuta,NA
FRANCISCA BLASCO MARTIN,0.92,TRUE,"2015, 2019",Illes Balears,2023,Illes Balears,NA
JULIO RODRIGUEZ MARCOS,0.92,TRUE,2015,Salamanca,2023,Salamanca,NA
INMACULADA MUNOZ CASTILLO,0.91,TRUE,"2015, 2023",Madrid,2019,Madrid,NA
JOSE ANTONIO MARTINEZ TORTOSA,0.9,FALSE,2007,Girona,2019,Barcelona,NA
SORAYA ORTEGA RODRIGUEZ,0.9,TRUE,"2011, 2015",Sevilla,2023,Sevilla,NA
ALEJANDRO NOVOA RODRIGUEZ,0.89,FALSE,2015,Araba/Alava,"2019, 2020, 2023","Álava, Araba/Alava",NA
JOSE JIMENEZ OLMO,0.89,TRUE,2023,Avila,2019,Avila,NA
MIGUEL ABELLAN MARTINEZ,0.89,FALSE,2003,Huesca,"2019, 2023",Murcia,NA
JUAN JOSE NICOLAS GONZALEZ,0.88,TRUE,2007,Leon,2019,Leon,NA
RAMON ORTEGA RAMIREZ,0.88,TRUE,2003,Palencia,"2023, 2026",Palencia,NA
RICARDO GONZALEZ BLAZQUEZ,0.88,TRUE,2003,Avila,2023,Avila,NA
VICTOR GARCIA LATORRE,0.88,FALSE,"2007, 2015, 2019, 2023",Castellon,"2019, 2023",Zaragoza,NA
ISABEL CONDE ALVAREZ,0.87,TRUE,2011,Araba/Alava,2019,Araba/Alava,NA
JOSE LUIS LOPEZ FRAGA,0.87,FALSE,2003,"A Coruna, Barcelona",2023,Lugo,NA
PATRICIA SANCHEZ OJEDA,0.86,TRUE,2003,Las Palmas,2023,Las Palmas,NA
ANGEL HERNANDEZ BALLESTEROS,0.84,TRUE,2019,Salamanca,2023,Salamanca,NA
MARIA MOLINA BLAZQUEZ,0.84,TRUE,2023,Caceres,2019,Caceres,NA
OSCAR CAMARA MARTINEZ,0.84,TRUE,2007,Burgos,2023,Burgos,NA
JESUS CASTELLANOS MARTIN,0.83,TRUE,2003,Toledo,2023,Toledo,NA
RAQUEL BARREIRO GONZALEZ,0.83,TRUE,2019,A Coruna,2023,A Coruna,NA
BARTOLOME RUIZ RUIZ,0.82,TRUE,"2011, 2015",Jaen,2023,Jaen,NA
CAROLINA OLIVER GARCIA,0.82,FALSE,2007,Alicante,2023,Murcia,NA
EMILIO VARELA SANCHEZ,0.82,TRUE,2007,Madrid,2019,Madrid,NA
CARLOS ALBERTO LOPEZ DELGADO,0.81,TRUE,"2011, 2015",Leon,2023,Leon,NA
MARIA INMACULADA LOPEZ CALVO,0.79,TRUE,2003,Cadiz,2019,Cadiz,NA
RAFAEL MAYA FERNANDEZ,0.79,FALSE,2007,Granada,"2015, 2023",Almeria,NA
FERNANDO ARROYO ROMERO,0.77,TRUE,2015,Huelva,2023,Huelva,NA
FRANCISCO MARTIN CONESA,0.77,TRUE,2011,Barcelona,2019,Barcelona,NA
JOSE AGUILAR PASCUAL,0.77,FALSE,2015,Gipuzkoa,2023,Madrid,NA
VICTORIA LOPEZ AGUILERA,0.77,TRUE,"2015, 2019",Granada,2023,Granada,NA
ANTONIO VICENTE HIDALGO,0.76,FALSE,"2011, 2023",Salamanca,2023,Sevilla,NA
NESTOR MARTINEZ ALVAREZ,0.76,TRUE,2019,Granada,2023,Granada,NA
SILVIA RAMOS NUNEZ,0.76,TRUE,2019,Caceres,2023,Caceres,NA
ENRIQUE LOPEZ MORAL,0.75,TRUE,"2011, 2015, 2019",Barcelona,2023,Barcelona,NA
JESUS GUTIERREZ BENITO,0.75,FALSE,"2019, 2023",Las Palmas,2023,Asturias,NA
ANTONIO MENESES MARTIN,0.74,TRUE,"2007, 2011, 2015",Avila,2019,Avila,NA
MARIA ISABEL CONDE ALVAREZ,0.74,FALSE,2003,Araba/Alava,"2015, 2016, 2019, 2020","Álava, Araba/Alava, Madrid",NA
JAVIER VEGA FLORES,0.73,TRUE,2011,Barcelona,2023,Barcelona,NA
ENCARNACION GOMEZ ANDRES,0.71,FALSE,2003,Bizkaia,2023,Zamora,NA
MANUEL DIEZ VICENTE,0.71,TRUE,2019,Zamora,2023,Zamora,NA
MARIA ESPERANZA RUIZ DIAZ,0.71,FALSE,2003,Huelva,2023,Avila,NA
MARTA VILLALBA MORENO,0.71,TRUE,2011,Madrid,2019,Madrid,NA
PEDRO HERNANDEZ MARCO,0.71,TRUE,2003,Alicante,2019,Alicante,NA
JOSE LUIS SUAREZ PASTOR,0.7,FALSE,"2003, 2007",Leon,"2019, 2022, 2023","Leon, León",NA
FERNANDO NAVAS RUIZ,0.69,FALSE,"2007, 2011, 2015",Jaen,"2022, 2023, 2026","Jaen, Jaén",NA
ANTONIO BALBOA SANCHEZ,0.68,TRUE,2011,Barcelona,"2019, 2023, 2024",Barcelona,NA
CAROLINA PEREZ MONTOYA,0.68,TRUE,2011,Almeria,2023,Almeria,NA
EDUARDO CASTRO CASTRO,0.68,TRUE,2011,Badajoz,"2015, 2019",Badajoz,NA
MANUEL PEREZ VELARDE,0.68,TRUE,2023,Badajoz,2019,Badajoz,NA
JOSE ANTONIO ORTEGA LARA,0.67,FALSE,2003,Burgos,"2014, 2015, 2019, 2023","Burgos, Madrid, Single national constituency",NA
JOSE MARTINEZ GONZALVEZ,0.66,TRUE,"2003, 2015",Castellon,2023,Castellon,NA
MARIA ESTEBAN CARRASCO,0.66,FALSE,2023,Zamora,2023,Salamanca,NA
NURIA TOMAS MARTIN,0.66,FALSE,2007,Castellon,2019,"Castellon, Castellón",NA
MARIA CARMEN GALAN CABALLERO,0.65,TRUE,2015,Huesca,2023,Huesca,NA
MARIA PILAR CANO PENA,0.64,TRUE,2011,Cordoba,2023,Cordoba,NA
JOSE ANTONIO OJEDA ROMERO,0.62,TRUE,"2011, 2015",Sevilla,2023,Sevilla,NA
JOSE MOLINA NAVAS,0.6,TRUE,2007,Cordoba,2019,Cordoba,NA
LIDIA MALDONADO FERNANDEZ,0.59,TRUE,2011,Granada,2015,Granada,NA
ANA PERAL PEREZ,0.58,TRUE,2003,Cadiz,2019,Cadiz,NA
JOSE MORENO PINILLA,0.58,TRUE,"2011, 2015",Granada,2023,Granada,NA
MARIA CARMEN LOZANO MILLAN,0.58,TRUE,2019,Madrid,2023,Madrid,NA
BEATRIZ BERNABE GARCIA,0.57,TRUE,2019,Segovia,2023,Segovia,NA
RAUL MUNOZ SALAS,0.57,FALSE,2023,Madrid,"2019, 2023",Jaen,NA
OSCAR PRIETO GIL,0.56,FALSE,2003,Huelva,2023,Leon,NA
GABRIEL GIL ORTEGA,0.55,FALSE,"2003, 2007",Avila,2023,Valencia,NA
ANTONIO PLAZA REYES,0.54,TRUE,2007,Madrid,2023,Madrid,NA
SERGIO MARTIN CHAMORRO,0.54,FALSE,2003,Tarragona,2023,Salamanca,NA
JUAN LUIS HERNANDEZ CASTILLO,0.53,FALSE,"2003, 2007",Ciudad Real,2019,Granada,NA
AGUSTIN PEREZ MIGUEL,0.51,TRUE,2003,Valladolid,"2019, 2023",Valladolid,NA
MARIANO LOPEZ VILA,0.51,FALSE,"2011, 2023","Madrid, Navarra",2019,Madrid,NA
PURIFICACION POZO GARCIA,0.51,TRUE,"2003, 2007, 2011, 2015, 2016, 2019",Salamanca,2023,Salamanca,NA
CONSUELO SANCHEZ BERMUDEZ,0.5,TRUE,"2003, 2007",Jaen,2023,Jaen,NA
MARIA MAGDALENA MARTIN BLANCO,0.5,TRUE,"2003, 2007",Salamanca,2023,Salamanca,NA
ISRAEL DIAZ DOMINGUEZ,0.49,FALSE,2007,Madrid,2023,"Caceres, Madrid",NA
MANUELA MARTINEZ SOUTO,0.49,FALSE,2003,A Coruna,"2023, 2024","A Coruna, A Coruña, Navarra",NA
REBECA MARTIN LEON,0.49,FALSE,2015,La Palma,2019,S.C. Tenerife,NA
CARLOS GALAN RUBIO,0.48,TRUE,2019,Madrid,2023,Madrid,NA
FELIX NIETO RUIZ,0.48,FALSE,2003,Cuarta,2023,Murcia,NA
ISMAEL ARROYO MARTIN,0.48,TRUE,2003,Soria,2023,Soria,NA
MARIA ISABEL PARRILLA PEREZ,0.48,TRUE,2011,Jaen,2023,Jaen,NA
ROBERTO JIMENEZ BLAZQUEZ,0.48,TRUE,"2007, 2011",Madrid,2023,Madrid,NA
ANA MARIA BENITO BLANCO,0.47,TRUE,2019,Cantabria,2023,Cantabria,NA
JUAN PABLO GALAN GARCIA,0.47,TRUE,2023,Araba/Alava,2019,Araba/Alava,NA
MIGUEL VIDAL VIDAL,0.47,FALSE,"2007, 2011, 2015, 2019","Illes Balears, Mallorca",2015,Murcia,NA
FRANCISCO JAVIER PUERTA MARTIN,0.46,TRUE,"2011, 2015",Granada,"2019, 2023",Granada,NA
JAVIER RIPOLL JIMENEZ,0.46,FALSE,2011,Barcelona,2023,"Illes Balears, Mallorca",NA
JUAN AGUERA MARTINEZ,0.46,TRUE,2003,Murcia,2015,Murcia,NA
MANUEL BUSTOS GUTIERREZ,0.46,FALSE,2019,Barcelona,2019,Granada,NA
EMILIO JOSE GONZALEZ MARIN,0.45,TRUE,2015,Valladolid,2023,Valladolid,NA
JOSE LUIS VERA SANTOS,0.45,FALSE,"2003, 2007, 2011",Ciudad Real,2015,"Ciudad, Ciudad Real",NA
SAUL GONZALEZ GIMENEZ,0.45,TRUE,2015,Leon,2019,Leon,NA
SERGIO CASTRO GALAN,0.45,FALSE,2023,Gipuzkoa,2015,"Asturias, Centro",NA
MISAEL GARCIA FERNANDEZ,0.44,TRUE,"2011, 2015",Leon,"2019, 2023",Leon,NA
CARLOS RODRIGO DOMINGUEZ,0.43,TRUE,"2003, 2007",Zaragoza,"2019, 2023, 2026",Zaragoza,NA
JOSE MANUEL MARTINEZ MATIAS,0.43,TRUE,2011,Teruel,"2023, 2026",Teruel,NA
JUAN JOSE FERNANDEZ TORIBIO,0.43,TRUE,2011,Cantabria,2023,Cantabria,NA
MARIA JOSE GIL GUZMAN,0.43,TRUE,"2011, 2015",Granada,"2019, 2023",Granada,NA
ISABEL MONTANES GONZALEZ,0.42,FALSE,2007,Barcelona,2019,Lugo,NA
RUBEN GUTIERREZ SORIANO,0.42,TRUE,2023,Toledo,2019,Toledo,NA
ASUNCION HEREDIA FERNANDEZ,0.41,FALSE,2015,Granada,2023,Barcelona,NA
ISIDRO CARRASCO MARTINEZ,0.41,TRUE,"2011, 2015",Murcia,2023,Murcia,NA
RICARDO ANTONIO SANCHEZ GONZALEZ,0.41,TRUE,2015,Huelva,2019,Huelva,NA
DAVID TEJEDOR ALVAREZ,0.4,TRUE,"2011, 2015",Burgos,2019,Burgos,NA
IVAN RODRIGUEZ PRAT,0.4,TRUE,"2011, 2015",Girona,2023,Girona,NA
MARIA GRIMA GONZALEZ,0.4,TRUE,2015,Tarragona,2019,Tarragona,NA
OMAR REDONDO FERNANDEZ,0.4,TRUE,2023,Leon,2019,Leon,NA
ALEJANDRA ROIG LOPEZ,0.39,TRUE,2007,Lleida,"2019, 2021, 2023, 2024",Lleida,NA
ANTONIO HURTADO SILVA,0.39,TRUE,2015,Las Palmas,2019,Las Palmas,NA
CARLOS VELASCO CALVO,0.39,TRUE,"2007, 2011",Zamora,2023,Zamora,NA
JOSE ANTONIO GARRIDO MACIAS,0.39,TRUE,2003,Valladolid,2019,Valladolid,NA
MARIA DOLORES MARTIN DIEGO,0.39,TRUE,2011,Barcelona,2023,Barcelona,NA
MIGUEL PANTOJA LOPEZ,0.39,TRUE,"2003, 2007, 2011, 2015",Toledo,"2019, 2023",Toledo,NA
JESUS RODRIGUEZ PACHON,0.38,TRUE,2007,Barcelona,2019,Barcelona,NA
JOSE ANTONIO MACIAS GUERRERO,0.38,TRUE,2007,Malaga,"2019, 2023",Malaga,NA
MARIA JESUS PELAYO GARCIA,0.38,FALSE,"2007, 2011, 2015","Ciudad, Ciudad Real","2019, 2023",Ciudad Real,NA
PEDRO MIGUEL GONZALEZ ALONSO,0.38,FALSE,2003,Madrid,2019,Bizkaia,NA
FRANCISCO JAVIER GUILLAMON GONZALEZ,0.37,TRUE,2019,Murcia,2023,Murcia,NA
ISAIAS MORENO PEREZ,0.37,TRUE,2003,Caceres,2023,Caceres,NA
JOSE MANUEL VIGO FERNANDEZ,0.37,FALSE,2019,A Coruna,2023,Cadiz,NA
JOSEFINA BLAZQUEZ SANCHEZ,0.37,TRUE,2007,Toledo,"2019, 2023",Toledo,NA
LORENA GONZALEZ TAPIA,0.37,TRUE,2015,Almeria,2023,Almeria,NA
PEDRO RECHE SANCHEZ,0.37,TRUE,2023,Granada,2019,Granada,NA
ANGEL CASARES PEREZ,0.36,TRUE,"2003, 2007",Valladolid,2023,Valladolid,NA
ANGEL ROJAS CAMPOS,0.36,TRUE,"2015, 2019",Granada,2023,Granada,NA
ANTONIO GALLEGO BURGOS,0.36,TRUE,"2003, 2007, 2011, 2015",Barcelona,2021,Barcelona,NA
FRANCISCO JOSE RUIZ AGUIRRE,0.36,TRUE,"2015, 2023",Navarra,2019,Navarra,NA
JAVIER LOPEZ SARRIA,0.36,TRUE,2007,Lleida,"2019, 2021",Lleida,NA
MARTIN RODRIGUEZ PINERO,0.36,TRUE,2003,Caceres,2023,Caceres,NA
EVA MARIA PADILLA HERNANDEZ,0.35,TRUE,2011,Valencia,2023,Valencia,NA
JOAQUIN MONTALVO GARCIA,0.35,TRUE,"2003, 2007",Madrid,2023,Madrid,NA
ROSA MARIA CANADAS SANCHEZ,0.35,TRUE,2007,Granada,2023,Granada,NA
ESTHER ARANDA RUIZ,0.34,TRUE,2011,Malaga,2023,Malaga,NA
JOSE LUIS RUIZ CERVANTES,0.34,TRUE,2003,Ciudad Real,2023,Ciudad Real,NA
NATIVIDAD PEREZ SALAZAR,0.34,TRUE,2003,Cantabria,2023,Cantabria,NA
YOLANDA TORRES BRAVO,0.34,TRUE,"2011, 2015",Madrid,"2019, 2021, 2023",Madrid,NA
ALBERTO HERNAN GARCIA,0.33,TRUE,2011,Madrid,2019,Madrid,NA
ANTONIA GALLARDO NUNEZ,0.33,TRUE,"2003, 2007",Cordoba,2023,Cordoba,NA
JUAN RASCON GARCIA,0.33,TRUE,2003,Jaen,2023,Jaen,NA
ENCARNACION CASTRO ROJAS,0.32,FALSE,"2003, 2007",Illes Balears,2023,"Eivissa, Illes Balears",NA
JUAN RAMON GALLEGO MARTIN,0.31,TRUE,2003,Salamanca,2023,Salamanca,NA
SERGIO DIEZ LORENZO,0.31,TRUE,2015,Valladolid,2019,Valladolid,NA
ALFONSO MANUEL SANCHEZ PEREZ,0.3,FALSE,2015,Jaen,2023,Cordoba,NA
ANGEL GUTIERREZ HERNANDO,0.3,TRUE,2023,Zamora,2019,Zamora,NA
FRANCISCO MEDINA REQUENA,0.3,TRUE,2015,Albacete,2023,Albacete,NA
JOSEFA GARRE GARCIA,0.3,TRUE,2003,Murcia,2023,Murcia,NA
MANUEL MARIA MARTIN GOMEZ,0.3,TRUE,"2003, 2011",Sevilla,"2019, 2023",Sevilla,NA
RAQUEL MORENO BARBA,0.3,TRUE,2011,Madrid,"2019, 2021",Madrid,NA
ALFONSO HIDALGO RAMOS,0.29,TRUE,"2003, 2007",Cantabria,2023,Cantabria,NA
ANGEL JURADO MARIN,0.29,TRUE,"2003, 2007",Ciudad Real,2023,Ciudad Real,NA
CARLOS TORRES SEGOVIA,0.29,TRUE,2023,Madrid,2019,Madrid,NA
ELENA CUENCA TORRES,0.29,TRUE,2015,Girona,2023,Girona,NA
EUGENIO HERNANDEZ CABRERA,0.29,TRUE,2003,Las Palmas,2023,Las Palmas,NA
ALBERTO AMIGO SANCHEZ,0.28,FALSE,2003,Zamora,2023,Valladolid,NA
ANGEL TOMAS GARCIA GONZALEZ,0.28,FALSE,2003,Cantabria,2023,S.C. Tenerife,NA
JOSE VICENTE GARCIA VILLA,0.28,TRUE,2011,Toledo,2023,Toledo,NA
JUAN FRANCISCO GONZALEZ CID,0.28,FALSE,2007,"Ávila, Burgos",2023,Burgos,NA
RAUL GALINDO GUTIERREZ,0.28,TRUE,"2011, 2015",Zaragoza,2023,Zaragoza,NA
ROSA MARIA CARRILLO MARIN,0.28,TRUE,2019,Murcia,2023,Murcia,NA
ANTONIO LUIS GONZALEZ SANZ,0.27,TRUE,2011,Valladolid,2019,Valladolid,NA
FRANCISCO JAVIER OLALLA LOPEZ,0.27,TRUE,"2011, 2015, 2019",Burgos,2023,Burgos,NA
IVAN CRESPO SANZ,0.27,FALSE,2023,Las Palmas,2019,Fuerteventura,NA
ANTONIO MARTINEZ ANIORTE,0.26,TRUE,"2003, 2007",Murcia,"2019, 2023",Murcia,NA
CRISTINA GUERRERO AVILA,0.26,TRUE,"2011, 2015, 2019",Granada,2023,Granada,NA
MARIA YOLANDA GUERRERO JIMENEZ,0.26,TRUE,2003,Barcelona,2023,Barcelona,NA
NEREA GONZALEZ BEJARANO,0.26,TRUE,2023,Zamora,2019,Zamora,NA
ROSA MARIA SANCHEZ ROPERO,0.26,FALSE,2011,Caceres,2019,"Caceres, Cáceres",NA
JOSE LUIS ROBLES PASCUAL,0.25,TRUE,2011,Barcelona,2019,Barcelona,NA
JOSE MARIA DELGADO VALVERDE,0.25,TRUE,2003,Granada,2019,Granada,NA
PATRICIA SOUTO GOMEZ,0.25,TRUE,2019,Ourense,2023,Ourense,NA
ANTONIO MARTIN TABERNERO,0.24,TRUE,2019,Salamanca,2023,Salamanca,NA
CAROLINA ESTEBAN TORRES,0.24,FALSE,2015,Illes Balears,2019,"Illes Balears, Mallorca",NA
FRANCISCO JAVIER CORBACHO JIMENEZ,0.24,TRUE,2015,Barcelona,"2021, 2023, 2024",Barcelona,NA
JOSE ANTONIO GUILLEN DURAN,0.24,TRUE,"2015, 2019",Guadalajara,2023,Guadalajara,NA
JOSE FRANCISCO JIMENEZ CARRILLO,0.24,FALSE,2015,Malaga,2019,Valencia,NA
DOLORES CONTRERAS GUERRERO,0.23,TRUE,2007,Almeria,2019,Almeria,NA
JESUS GUTIERREZ MOLERO,0.23,TRUE,2007,Cordoba,2019,Cordoba,NA
JESUS TORNERO GOMEZ,0.23,TRUE,2011,Murcia,2023,Murcia,NA
CARMEN RODRIGUEZ MENDO,0.22,FALSE,2007,Caceres,"2023, 2025","Caceres, Cáceres",NA
GREGORIO VELASCO RUIZ,0.22,TRUE,2007,Madrid,2023,Madrid,NA
AQUILINO MARIN GARCIA,0.21,TRUE,2011,Cordoba,2019,Cordoba,NA
LUIS PALACIOS PRIETO,0.21,TRUE,2015,Toledo,2023,Toledo,NA
CAYETANO MARTIN ORTEGA,0.2,TRUE,2003,Toledo,2019,Toledo,NA
FRANCISCO JAVIER VALDES ORTEGA,0.2,FALSE,2011,Navarra,2019,Alicante,NA
MANUEL NAVAS SEGURA,0.2,TRUE,"2011, 2015",Valencia,"2019, 2023",Valencia,NA
ROBERTO GARCIA CORONA,0.2,TRUE,2007,Cantabria,2023,Cantabria,NA
AINOA MARTIN BLANCO,0.19,TRUE,"2015, 2019",Segovia,2023,Segovia,NA
EUGENIO JIMENEZ BRAVO,0.19,TRUE,"2003, 2007, 2015",Caceres,2023,Caceres,NA
FERNANDO CUESTA GARRIDO,0.19,TRUE,"2007, 2023",Araba/Alava,2015,Araba/Alava,NA
MANUEL CORRAL ARROYO,0.19,TRUE,"2003, 2007",Salamanca,2023,Salamanca,NA
VANESA SARMIENTO GONZALEZ,0.19,TRUE,2007,Leon,2019,Leon,NA
ANA MARIA TORRIJOS HERNANDEZ,0.18,TRUE,"1993, 2007, 2019",Barcelona,2015,Barcelona,NA
ANGEL MANAS DIAZ,0.18,TRUE,2011,Alicante,2023,Alicante,NA
ERNESTO FERNANDEZ BALLESTEROS,0.18,TRUE,2011,Barcelona,"2019, 2023",Barcelona,NA
JAVIER ABENZA MARTINEZ,0.18,TRUE,2015,Murcia,2019,Murcia,NA
MIGUEL JAVIER FERNANDEZ FERNANDEZ,0.18,TRUE,"2011, 2015",Leon,2023,Leon,NA
PEDRO JOSE GOMEZ BUENO,0.18,TRUE,2019,Zaragoza,2023,Zaragoza,NA
REMIGIO DIAZ MARTINEZ,0.18,TRUE,2011,Toledo,2019,Toledo,NA
DANIEL IGLESIAS NAVARRETE,0.17,FALSE,2003,Barcelona,"2019, 2023",Caceres,NA
FRANCISCO JAVIER NIETO QUESADA,0.17,TRUE,2003,Malaga,2023,Malaga,NA
MARCELINO MARTINEZ MARCOS,0.17,TRUE,2023,Leon,2019,Leon,NA
MIGUEL DOMINGUEZ HERVAS,0.17,TRUE,2011,Caceres,2023,Caceres,NA
RAIMUNDO DOMINGUEZ MARTIN,0.17,TRUE,2019,Madrid,2023,Madrid,NA
ROSA MARIA CARRETERO VAZQUEZ,0.17,TRUE,"2015, 2019",Huelva,2023,Huelva,NA
ANTONIO CONTRERAS ARRIBAS,0.16,TRUE,2007,Cordoba,2019,Cordoba,NA
ANTONIO NUNEZ CANADAS,0.16,TRUE,2019,Caceres,2023,Caceres,NA
FELISA GARCIA GUIJARRO,0.16,TRUE,"2007, 2011, 2015",Madrid,2023,Madrid,NA
JUANA GONZALEZ QUINTAS,0.16,FALSE,2007,Girona,2023,Barcelona,NA
MARIA ISABEL GRAGERA SANCHEZ,0.16,TRUE,"2011, 2015",Badajoz,2019,Badajoz,NA
MARIA VICTORIA DIAZ REQUENA,0.16,TRUE,2015,Almeria,2019,Almeria,NA
MIGUEL GARCIA CANSECO,0.16,TRUE,"2007, 2011, 2015",Leon,2019,Leon,NA
RAUL GARCIA MANZANERO,0.16,TRUE,"2011, 2015",Madrid,2023,Madrid,NA
ALEJANDRO BAEZA SERRANO,0.15,TRUE,2007,Sevilla,2023,Sevilla,NA
ANTONIA CASTELLANOS MOLINA,0.15,TRUE,2011,Ciudad Real,2023,Ciudad Real,NA
CRISTINA YANEZ VAZQUEZ,0.15,TRUE,2019,A Coruna,2023,A Coruna,NA
ENCARNACION LOZANO LARA,0.15,FALSE,2019,Cordoba,2023,Almeria,NA
GLORIA PERALTA MARTIN,0.15,TRUE,"2003, 2007",Toledo,2023,Toledo,NA
JUAN ANTONIO MALDONADO CASTILLO,0.15,FALSE,2003,Granada,"2014, 2019","Granada, Single national constituency",NA
MARIA CRUZ MUNIZ FERNANDEZ,0.15,FALSE,2011,Cuenca,2023,Cantabria,NA
MIGUEL GOMEZ CEA,0.15,FALSE,"2003, 2007",Leon,"2019, 2022",Palencia,NA
ALBERTO GARRE LOPEZ,0.14,FALSE,"2003, 2004, 2011","Murcia, Segunda, Tercera",2023,Región de Murcia,NA
CARLOS COMENDADOR GARCIA,0.14,TRUE,2023,Caceres,2019,Caceres,NA
IGNACIO GIL LAZARO,0.14,TRUE,"1989, 1993, 1996, 2000, 2004, 2008, 2015, 2016",Valencia,"2019, 2023",Valencia,NA
ISAAC MARIN RUBIO,0.14,TRUE,2011,Toledo,"2015, 2019",Toledo,NA
LUIS HERRERA POZO,0.14,TRUE,2015,Sevilla,2023,Sevilla,NA
MARIA JOSE VERDU TORRES,0.14,FALSE,2015,Illes Balears,"2019, 2023, 2024","Illes Balears, Mallorca, Single national constituency",NA
PABLO PASCUAL BERMEJO,0.14,TRUE,2015,Segovia,2023,Segovia,NA
PABLO ROPERO MUNOZ,0.14,TRUE,2011,Barcelona,2023,Barcelona,NA
VIRTUDES PEREZ LEON,0.14,TRUE,2015,Girona,2019,Girona,NA
ANGEL ANTONIO MUNOZ DIAZ,0.13,TRUE,2007,Sevilla,2019,Sevilla,NA
BEGONA CONDE ALVAREZ,0.13,FALSE,"2007, 2015",Araba/Alava,2019,Ourense,NA
JOSE ANGEL GALLEGO MARIN,0.13,TRUE,"2011, 2015, 2019",Zamora,2023,Zamora,NA
JOSE GONZALVEZ DOMINGUEZ,0.13,FALSE,"2007, 2011, 2015","Caceres, Cáceres",2023,Caceres,NA
JOSEFA SOTO MURILLO,0.13,FALSE,"2007, 2011",Cordoba,2019,Malaga,NA
JUAN CARLOS PANDO FERNANDEZ,0.13,TRUE,"2003, 2007, 2011, 2015",Palencia,2023,Palencia,NA
MARIA BEGONA CONDE ALVAREZ,0.13,FALSE,"1989, 2003, 2011",Araba/Alava,"2019, 2024",Single national constituency,NA
RAMON MOLINA POZO,0.13,TRUE,"2003, 2011",Malaga,"2019, 2023",Malaga,NA
ROCIO GARCIA PETIT,0.13,TRUE,2019,Leon,2023,Leon,NA
RUBEN LOPEZ PICHARDO,0.13,FALSE,2019,Barcelona,2023,Segovia,NA
SUSANA SEGOVIA ROMERO,0.13,TRUE,2011,Madrid,2023,Madrid,NA
ANGEL GARCIA CLUA,0.12,TRUE,2015,Navarra,2023,Navarra,NA
FERNANDO VIGARA SANCHEZ,0.12,TRUE,2015,Ciudad Real,2019,Ciudad Real,NA
FRANCISCO MARTINEZ CEACERO,0.12,FALSE,"2007, 2015",Jaen,2023,Segovia,NA
JOSE LUIS ALONSO FERRERAS,0.12,TRUE,2023,Valladolid,2019,Valladolid,NA
LUIS JOAQUIN SANCHEZ PEREZ,0.12,TRUE,2011,Badajoz,2019,Badajoz,NA
MARGARITA VELEZ GUTIERREZ,0.12,TRUE,2019,Cantabria,2023,Cantabria,NA
MARIA ASCENSION MIRANDA LOPEZ,0.12,TRUE,2011,Huelva,2023,Huelva,NA
MARIA LUISA GIMENO CORTES,0.12,TRUE,2019,Segovia,2023,Segovia,NA
MARISOL MOYA PEREZ,0.12,TRUE,"2015, 2019",Granada,2023,Granada,NA
ALEJANDRO ALBELDA GONZALEZ,0.11,FALSE,"2007, 2015","Araba/Alava, Bizkaia",2023,La Rioja,NA
FERNANDO PABLO GARCIA RODRIGUEZ,0.11,TRUE,2003,Salamanca,2019,Salamanca,NA
JOSE LUIS HERNANDO PASCUAL,0.11,TRUE,"2011, 2015, 2019",Burgos,2023,Burgos,NA
MARIA ENRIQUETA GARCIA SUAREZ,0.11,TRUE,2007,Asturias,2023,Asturias,NA
RUBEN FRAILE RAMOS,0.11,FALSE,2007,Salamanca,2023,Zamora,NA
ANA ISABEL ALGABA FERNANDEZ,0.1,TRUE,2011,Ciudad Real,2023,Ciudad Real,NA
EDUARDO CALVO GUZMAN,0.1,TRUE,2007,Jaen,2023,Jaen,NA
JUAN JOSE PINERA LOPEZ,0.1,FALSE,"2011, 2015",Murcia,2019,"Cantabria, Murcia",NA
MARIA ALMUDENA MARTINEZ ROJAS,0.1,FALSE,2023,Cuenca,2019,Madrid,NA
PABLO SANTOS LOBATO,0.1,TRUE,2023,Toledo,2019,Toledo,NA
RAFAEL VAZQUEZ ZAMORANO,0.1,TRUE,"2015, 2018, 2019",Huelva,2023,Huelva,NA
RAMON FERNANDEZ BIELSA,0.1,FALSE,2007,Tarragona,2015,Valencia,NA
RAUL LOPEZ MONTON,0.1,TRUE,2011,Teruel,2023,Teruel,NA
TOMAS LARA GUERRERO,0.1,TRUE,2015,Malaga,2023,Malaga,NA
ADRIAN BARRIUSO PEREZ,0.09,TRUE,2019,Burgos,2023,Burgos,NA
BALDOMERO GARCIA CARRILLO,0.09,FALSE,"2007, 2008, 2011","Cordoba, Córdoba",2019,Cordoba,NA
BRUNO MORALES PARRA,0.09,TRUE,"2011, 2015, 2019",Barcelona,2023,Barcelona,NA
CARLOS SANCHEZ MARBAN,0.09,TRUE,2003,Leon,2019,Leon,NA
ENRIQUE PENA SALVADOR,0.09,FALSE,2003,Castellon,"2019, 2023",Almeria,NA
FERNANDO RODRIGUEZ TEBA,0.09,TRUE,2011,Huelva,2018,Huelva,NA
GEMA SANCHEZ HINOJOSA,0.09,TRUE,2023,Cordoba,2019,Cordoba,NA
HELI GARCIA GARCIA,0.09,TRUE,2003,Leon,2023,Leon,NA
JOSE ANTONIO GILABERT DELGADO,0.09,FALSE,"2003, 2019","Barcelona, Gipuzkoa",2023,Barcelona,NA
JOSE ANTONIO PASCUAL PIZARRO,0.09,TRUE,2019,Cordoba,2023,Cordoba,NA
JUAN JOSE MORENO FELIX,0.09,TRUE,2019,Tarragona,2023,Tarragona,NA
JULIANA GUTIERREZ ARIAS,0.09,FALSE,2007,Barcelona,2019,Bizkaia,NA
MARIA SALOME FERNANDEZ SANTOS,0.09,TRUE,"2007, 2011, 2015",Palencia,2023,Palencia,NA
MONTSERRAT MARTINEZ BELINCHON,0.09,TRUE,2015,Barcelona,2023,Barcelona,NA
PEDRO BESTARD MARTINEZ,0.09,TRUE,"2003, 2007, 2011",Illes Balears,2023,Illes Balears,NA
VICTOR MANUEL CANIZARES SANCHEZ,0.09,FALSE,2011,Madrid,2019,Sevilla,NA
ADRIAN BUCETA LOPEZ,0.08,TRUE,"2015, 2019",Valencia,2023,Valencia,NA
ANGEL MONGE RUBIO,0.08,FALSE,"2007, 2023","Guadalajara, Jaen",2023,Jaen,NA
CARLOS MANUEL BERMEJO GONZALEZ,0.08,TRUE,"2011, 2015",Madrid,2023,Madrid,NA
DANIEL GARCIA PINAN,0.08,TRUE,2011,Leon,2023,Leon,NA
JAVIER PAZ SIMON,0.08,TRUE,"2003, 2011, 2015",Toledo,2023,Toledo,NA
JOSE ACEVEDO RICO,0.08,TRUE,2003,Barcelona,2019,Barcelona,NA
JUAN CARLOS ORTIZ BARCELO,0.08,FALSE,2011,Illes Balears,2019,"Illes Balears, Menorca",NA
JUAN PEDRO LAGUNA SANCHEZ,0.08,TRUE,"2003, 2007",Madrid,2023,Madrid,NA
MACARENA ROCIO GOMEZ GARCIA,0.08,TRUE,2007,Girona,2023,Girona,NA
PATRICIA FERNANDEZ COLOMINA,0.08,FALSE,2015,Granada,2019,Almeria,NA
RAFAEL PEREZ ADAMUZ,0.08,TRUE,2007,Barcelona,"2021, 2023",Barcelona,NA
RAUL CASTILLO SOLANO,0.08,TRUE,2019,Jaen,2023,Jaen,NA
RUBEN BLANCO LOBATO,0.08,TRUE,2019,Zamora,2023,Zamora,NA
SALVADOR LUCENA MUNOZ,0.08,TRUE,"2007, 2011, 2015",Granada,2019,Granada,NA
SANTIAGO NAVARRO CASTELLO,0.08,TRUE,"2007, 2019",Teruel,2023,Teruel,NA
BENITO DELGADO PENA,0.07,TRUE,2011,Burgos,2023,Burgos,NA
CARMEN SIERRA GRANDE,0.07,FALSE,2011,Lleida,2019,Barcelona,NA
DAVID HIERRO SANTOS,0.07,TRUE,2003,Palencia,"2019, 2022, 2026",Palencia,NA
FERNANDO VIEDMA RUIZ,0.07,TRUE,2011,Jaen,2019,Jaen,NA
FRANCISCO JAVIER ARROYO BARBA,0.07,TRUE,2015,Toledo,2019,Toledo,NA
JORGE CASILLAS GUTIERREZ,0.07,FALSE,2019,Avila,2022,Ávila,NA
JOSEFA REDONDO SOLIS,0.07,TRUE,"2007, 2011, 2015, 2024",Barcelona,2019,Barcelona,NA
JUAN CARLOS RAMON SOTO,0.07,TRUE,2003,Valencia,2023,Valencia,NA
JUAN JESUS GONZALEZ BELLIDO,0.07,TRUE,"2011, 2015",Malaga,2023,Malaga,NA
JUAN MANUEL CARCELLER MARTINEZ,0.07,TRUE,2011,Valencia,2023,Valencia,NA
JUAN MARIA RIVAS MORENO,0.07,TRUE,"2007, 2011",Granada,"2019, 2023",Granada,NA
LUIS JAVIER RODRIGUEZ COLLADO,0.07,TRUE,2007,Salamanca,2023,Salamanca,NA
MARIA BEATRIZ GALVEZ LOPEZ,0.07,FALSE,2007,Gran Canaria,2015,Las Palmas,NA
MARIA JOSE AGUDO CALVO,0.07,TRUE,"2003, 2007",Guadalajara,2019,Guadalajara,NA
MARIA MAGDALENA GIL ARIAS,0.07,TRUE,2003,Toledo,2023,Toledo,NA
MONICA MONINO PEREZ,0.07,FALSE,2007,Murcia,2023,Alicante,NA
ALBERTO EGEA HIDALGO,0.06,TRUE,2019,Granada,2023,Granada,NA
ALICIA PLAZA VELASCO,0.06,TRUE,2015,Badajoz,2019,Badajoz,NA
ANA ISABEL HERNANDEZ HIGUERAS,0.06,TRUE,"2015, 2019",Guadalajara,2023,Guadalajara,NA
ANA MARIA BERNARDINO RUIZ,0.06,TRUE,2023,Jaen,2019,Jaen,NA
ANA MARIA LIMON GUTIERREZ,0.06,TRUE,2011,Sevilla,2023,Sevilla,NA
ANGEL TREVINO MARTIN,0.06,FALSE,2007,Las Palmas,2019,"Gran Canaria, Las Palmas",NA
ANTONIO JESUS HIDALGO GARRIDO,0.06,TRUE,2003,Almeria,2019,Almeria,NA
ANTONIO ROCHA QUINTERO,0.06,FALSE,"2011, 2015",S.C. Tenerife,2019,La Palma,NA
AURORA CARAVACA MARTINEZ,0.06,TRUE,"2007, 2011",Girona,2019,Girona,NA
DAVID MORILLO PACHECO,0.06,TRUE,2023,Badajoz,2019,Badajoz,NA
DIEGO MUNOZ BOLUDA,0.06,TRUE,2015,Ciudad Real,2023,Ciudad Real,NA
ELVIRA LOPEZ GUARDIOLA,0.06,TRUE,2003,Alicante,2023,Alicante,NA
FRANCISCO JOSE GARCIA PARAMIO,0.06,FALSE,2015,Leon,"2023, 2024","Leon, Single national constituency",NA
GUILLERMO HERRANZ GIL,0.06,TRUE,2015,Barcelona,2023,Barcelona,NA
INMACULADA GARCIA SANTONJA,0.06,TRUE,2015,Alicante,2023,Alicante,NA
JORGE GONZALEZ CASTILLEJOS,0.06,TRUE,2011,Ciudad Real,2019,Ciudad Real,NA
JOSE ANTONIO URGEL LOPEZ,0.06,TRUE,2003,Zaragoza,2019,Zaragoza,NA
JOSE DAVID GOMEZ ESCRIBANO,0.06,TRUE,2019,Segovia,2023,Segovia,NA
JOSE MANUEL BLAZQUEZ ARENAS,0.06,TRUE,2019,Sevilla,2023,Sevilla,NA
JOSE MANUEL SETIEN RUIZ,0.06,TRUE,2003,Cantabria,2023,Cantabria,NA
JOSE MARIA ROMERO CHAMIZO,0.06,TRUE,2023,Badajoz,2019,Badajoz,NA
JULIO MANUEL MARTINEZ BLANCO,0.06,TRUE,2015,Valencia,2023,Valencia,NA
MANUEL MOLINA LAO,0.06,TRUE,"2011, 2015",La Rioja,2023,La Rioja,NA
MANUEL URENA CONTRERAS,0.06,TRUE,2003,Jaen,"2019, 2023",Jaen,NA
MARIA ANGELES JUAN APARICIO,0.06,TRUE,"2007, 2011, 2015",Valencia,2023,Valencia,NA
MARIA JESUS BARRERA PASTOR,0.06,TRUE,2019,Sevilla,2023,Sevilla,NA
MARIA PILAR CORNAGO SANCHEZ,0.06,TRUE,2019,Zaragoza,2023,Zaragoza,NA
MIGUEL GOMEZ BRAOJOS,0.06,TRUE,"2007, 2015",Toledo,2023,Toledo,NA
NESTOR ARROYO GOMEZ,0.06,FALSE,2011,Toledo,2023,Valencia,NA
RAUL REDONDO SIMON,0.06,TRUE,"2007, 2011",Leon,2023,Leon,NA
SANTIAGO MARIN ROMERA,0.06,TRUE,2019,Jaen,2023,Jaen,NA
ALBERTO FERNANDO MARTINEZ MARTINEZ,0.05,FALSE,1989,Granada,2015,Cuenca,NA
ALFONSO PAZ MARQUEZ,0.05,TRUE,2007,Sevilla,2023,Sevilla,NA
AMALIA MURIEL LOPEZ,0.05,TRUE,"2011, 2015",Toledo,2023,Toledo,NA
AURELIO MURCIA GONZALEZ,0.05,TRUE,2007,Alicante,2023,Alicante,NA
CARLOS FRANCISCO MORENO RAMIREZ,0.05,TRUE,2015,Granada,2023,Granada,NA
CARLOS TORIJA DIAZ,0.05,TRUE,2007,Toledo,2023,Toledo,NA
CRISTINA ORTEGA TRIGUERO,0.05,TRUE,2007,Girona,"2019, 2023",Girona,NA
DOMINGO JIMENEZ GRANADO,0.05,FALSE,2003,Caceres,"2015, 2016","Caceres, Cáceres",NA
FRANCISCO JAVIER BARREIRO PACHECO,0.05,FALSE,2007,Cadiz,2019,Bizkaia,NA
GABRIEL PARAMO SANCHEZ,0.05,TRUE,2007,Madrid,2023,Madrid,NA
ISABEL CASAS ROSALES,0.05,TRUE,"2003, 2007",Cordoba,2023,Cordoba,NA
ISMAEL SANZ LUCAS,0.05,TRUE,2003,Cuenca,2023,Cuenca,NA
JAVIER TORRES NEGRO,0.05,FALSE,2011,Bizkaia,2023,Guadalajara,NA
JESUS DAVID RUIZ CORTES,0.05,TRUE,2019,Jaen,2023,Jaen,NA
JOSE IGNACIO SOSA VAZQUEZ,0.05,TRUE,2015,Huelva,2023,Huelva,NA
JOSE LUIS TENORIO SANTOS,0.05,FALSE,"2003, 2019","Avila, Madrid",2023,Avila,NA
JOSEFA ISABEL MARTINEZ ROMERO,0.05,TRUE,2011,Murcia,2023,Murcia,NA
JUAN EMILIO GUERRERO GONZALEZ,0.05,TRUE,2011,Granada,2023,Granada,NA
JUAN JOSE RIBAS MENDEZ,0.05,FALSE,"2003, 2007","Eivissa, Illes Balears",2019,Eivissa,NA
JUAN PACHECO TIRADO,0.05,FALSE,2003,Illes Balears,2019,Eivissa,NA
MARIA ANTONIA LOPEZ VILLAREJO,0.05,TRUE,2007,Jaen,2023,Jaen,NA
MARIA VICTORIA GALLEGO MIGUEL,0.05,TRUE,"2007, 2011",Toledo,2023,Toledo,NA
MAXIMO SANTOS DELGADO,0.05,TRUE,2007,Valladolid,"2019, 2023",Valladolid,NA
PABLO PASCUAL TOVAR,0.05,FALSE,2015,Illes Balears,2019,Mallorca,NA
PEDRO LUIS PAEZ PEREZ,0.05,TRUE,2007,Madrid,2019,Madrid,NA
RAFAEL ROLDAN MORAL,0.05,FALSE,2003,Cordoba,2018,Córdoba,NA
RODRIGO JIMENEZ REVUELTA,0.05,FALSE,2007,Gipuzkoa,"2019, 2023",Segovia,NA
VICENTE ARAQUE MUNOZ,0.05,TRUE,"2003, 2007, 2011",Cuenca,2019,Cuenca,NA
VIRGINIA TORRES CASTILLA,0.05,TRUE,"2007, 2011",Burgos,"2023, 2026",Burgos,NA
ALFREDO HERRERA SIMON,0.04,TRUE,2023,Burgos,2019,Burgos,NA
ANTONIO ANTOLINO RUIZ,0.04,TRUE,2007,Zaragoza,2019,Zaragoza,NA
ANTONIO FERNANDO LOPEZ GARRIDO,0.04,TRUE,"2003, 2015",Cuenca,2023,Cuenca,NA
ANTONIO FRANCISCO CARRERA FERNANDEZ,0.04,TRUE,2007,Leon,2023,Leon,NA
ANTONIO HERRERA CAZALLA,0.04,TRUE,2003,Cadiz,2023,Cadiz,NA
BERNABE MONTERO DIAZ,0.04,TRUE,2003,Albacete,2023,Albacete,NA
DANIEL MARCHAL DOMINGUEZ,0.04,TRUE,"2007, 2011",Cordoba,2023,Cordoba,NA
EMILIO MORALEDA MORENO,0.04,FALSE,2011,Toledo,2023,Madrid,NA
ENRIQUE JIMENEZ VAQUERIZO,0.04,TRUE,"2007, 2011, 2015",Segovia,"2023, 2026",Segovia,NA
EUGENIO MOLTO GARCIA,0.04,FALSE,2007,Malaga,"2015, 2016, 2018, 2022, 2023","Malaga, Málaga",NA
FRANCISCO ASIS MUNOZ NIETO,0.04,FALSE,2011,Cordoba,2023,Avila,NA
IGNACIO GONZALEZ VELAYOS,0.04,TRUE,"2003, 2007, 2011, 2015",Madrid,"2019, 2021, 2023",Madrid,NA
INMACULADA VARONA RUIZ,0.04,FALSE,2003,Burgos,"2019, 2023",Guadalajara,NA
ISABEL MARIA ZAPATA RUBIO,0.04,TRUE,"2015, 2019",Murcia,2023,Murcia,NA
ISABEL RUIZ RESINO,0.04,FALSE,"2011, 2019",Toledo,"2014, 2015","Single national constituency, Toledo",NA
ISAIAS MORENO IGLESIAS,0.04,FALSE,2011,Caceres,2023,"Caceres, Cáceres",NA
JOSE ANTONIO PEREZ MORALA,0.04,TRUE,"2003, 2007",Leon,"2019, 2023",Leon,NA
JOSE MARIA ORTEGA POZA,0.04,TRUE,"2003, 2007",Soria,2022,Soria,NA
JUAN CARLOS CADIZ ALVAREZ,0.04,TRUE,2015,Asturias,2023,Asturias,NA
JUAN CARLOS IBANEZ BONET,0.04,TRUE,2011,Valencia,"2019, 2023",Valencia,NA
JUAN DIEGO RAMIREZ DURAN,0.04,TRUE,2019,Sevilla,2023,Sevilla,NA
LUIS MIGUEL RODRIGUEZ MANUEL,0.04,FALSE,2011,Araba/Alava,"2023, 2024","Álava, Araba/Alava",NA
MARIA FRANCISCA HUERTA GOMEZ,0.04,TRUE,"2007, 2011",Soria,"2019, 2022, 2023",Soria,NA
MARIA ROSARIO CANO COBOS,0.04,TRUE,"2003, 2007",Granada,2023,Granada,NA
MIGUEL ANGEL TERESA MARTIN,0.04,TRUE,2015,Soria,2023,Soria,NA
PEDRO JOSE ROMAN PRIETO,0.04,TRUE,2007,Badajoz,2019,Badajoz,NA
VERONICA BARRERA IBANEZ,0.04,FALSE,2007,Lleida,2015,"Castellon, Girona",NA
VIRGINIA GARCIA MASEGOSA,0.04,FALSE,2007,Gipuzkoa,2019,Madrid,NA
AFRICA GARCIA ASTORGA,0.03,FALSE,2023,Cadiz,2019,Girona,NA
ALMUDENA ARENAS NUNEZ,0.03,TRUE,"2003, 2011, 2019",Toledo,2023,Toledo,NA
ANA CALLEJAS IGLESIAS,0.03,TRUE,2007,Illes Balears,2023,Illes Balears,NA
ANTONIA GIMENEZ SEVILLANO,0.03,TRUE,2003,Valencia,2023,Valencia,NA
ANTONIO ANGEL PRIETO MORENO,0.03,TRUE,"2007, 2011",Malaga,"2015, 2019, 2023",Malaga,NA
ANTONIO BARNEO PEREZ,0.03,TRUE,2007,Barcelona,2023,Barcelona,NA
BERNARDO EXPOSITO MOLINA,0.03,TRUE,"2011, 2015, 2019",Lleida,2023,Lleida,NA
CARLOS GALLEGO COZAR,0.03,TRUE,"2011, 2015, 2019",Tarragona,2023,Tarragona,NA
DAVID MARTIN OCETE,0.03,TRUE,2015,Granada,2023,Granada,NA
DAVID VIDAL VILAPLANA,0.03,TRUE,2015,Barcelona,2023,Barcelona,NA
DIEGO SANZ VARA,0.03,TRUE,2007,Valladolid,2023,Valladolid,NA
ENRIQUE CABEZA DIEZ,0.03,TRUE,2015,Valladolid,"2019, 2023",Valladolid,NA
ENRIQUE PEREZ BAOS,0.03,FALSE,"2011, 2015","Bizkaia, Madrid","2019, 2023",Madrid,NA
FRANCISCO JAVIER CAMARA CAMPO,0.03,TRUE,"2007, 2011, 2015",Burgos,2023,Burgos,NA
FRANCISCO JAVIER GARRIDO LUMBRERAS,0.03,FALSE,"2015, 2019",Jaen,2023,Ciudad Real,NA
ISABEL ROMERO ENTRENA,0.03,TRUE,2011,Malaga,2019,Malaga,NA
JOSE DOMINGUEZ SILVERA,0.03,TRUE,2019,Tarragona,2023,Tarragona,NA
JOSE ENRIQUE CLAVERO GARCIA,0.03,TRUE,2003,Zaragoza,2023,Zaragoza,NA
JOSE LUIS MARTIN CARRIEDO,0.03,TRUE,"2015, 2019",Palencia,2023,Palencia,NA
JOSE LUIS REDERO RODRIGUEZ,0.03,TRUE,2019,Salamanca,2023,Salamanca,NA
JOSE MANUEL GOMEZ PEREGRIN,0.03,TRUE,2007,Almeria,2019,Almeria,NA
JOSE MARIA GALLEGO RAMA,0.03,TRUE,2003,Jaen,2023,Jaen,NA
JUAN MIGUEL ACOSTA CALVO,0.03,FALSE,2007,Salamanca,2019,Murcia,NA
JULIAN MIRANDA ROBLES,0.03,TRUE,"2011, 2015, 2019",Zamora,2023,Zamora,NA
LUISA MARIA SUAREZ DIEZ,0.03,TRUE,2007,Leon,2023,Leon,NA
LUZ MARIA ACEVEDO PEREZ,0.03,FALSE,2015,Navarra,2019,Madrid,NA
MANUEL ESPANOL CABRERA,0.03,TRUE,2003,Valencia,2023,Valencia,NA
MANUEL FLOR BRAVO,0.03,TRUE,"2003, 2007, 2011",Cadiz,2019,Cadiz,NA
MANUEL MARIN HERRUZO,0.03,TRUE,"2007, 2023",Sevilla,2019,Sevilla,NA
MANUEL SOLER MAGANA,0.03,TRUE,2011,Tarragona,2023,Tarragona,NA
MARIA CRISTINA TARRES MARTINEZ,0.03,TRUE,"1996, 2007, 2011, 2015",Barcelona,"2023, 2024",Barcelona,NA
MARIA EMMA GOMEZ SANZ,0.03,TRUE,"2007, 2011",Segovia,2023,Segovia,NA
MARIA ESTHER FERNANDEZ MORATALLA,0.03,TRUE,"2003, 2007, 2011",Toledo,2019,Toledo,NA
MARIA ISABEL NAVARRO PARDOS,0.03,TRUE,2011,Zaragoza,2023,Zaragoza,NA
MARIA ISABEL VALERO ABRIL,0.03,TRUE,2003,Barcelona,2023,Barcelona,NA
MARIA JESUS ABRIL HERRERO,0.03,FALSE,2007,Girona,2019,Madrid,NA
MARIA MAGDALENA RODRIGUEZ CAMARERO,0.03,TRUE,2015,Valladolid,2023,Valladolid,NA
MARIA MILAGROS TRIVINO RODRIGUEZ,0.03,TRUE,2023,Toledo,2019,Toledo,NA
MARIA RUBIO ZULUETA,0.03,FALSE,2003,Bizkaia,2019,Valencia,NA
MARIO LAZARO CORRAL,0.03,TRUE,2019,Burgos,2023,Burgos,NA
MARTA GALVEZ TENA,0.03,TRUE,2003,Zaragoza,2023,Zaragoza,NA
MIGUEL VALERO RIBAS,0.03,TRUE,2011,Barcelona,"2019, 2023",Barcelona,NA
NICOLAS CANO GUIJARRO,0.03,TRUE,2015,Cuenca,2023,Cuenca,NA
OLIVER RAFAEL GARCIA GARCIA,0.03,TRUE,"2003, 2007",Badajoz,2019,Badajoz,NA
PAU BERRUEZO GARCIA,0.03,TRUE,2019,Valencia,2023,Valencia,NA
PEDRO ANTONIO MARTINEZ ALIAGA,0.03,TRUE,2003,Almeria,2023,Almeria,NA
PEDRO SIERRA FUSTER,0.03,FALSE,2019,Valencia,2023,Illes Balears,NA
RAMON YOLDI SANCHEZ,0.03,TRUE,2015,Navarra,2019,Navarra,NA
RAUL GOMEZ JAMBRINA,0.03,TRUE,2007,Zamora,"2019, 2026",Zamora,NA
RUBEN OLMEDA GUTIERREZ,0.03,FALSE,"2003, 2007",Bizkaia,2019,Madrid,NA
SALVADOR VILLANUEVA BUENO,0.03,TRUE,2023,Valencia,2015,Valencia,NA
SAMUEL DIAZ ARREBOLA,0.03,TRUE,2011,Granada,2019,Granada,NA
VICENTE SANCHO SANCHO,0.03,TRUE,"2007, 2011",Valencia,2019,Valencia,NA
VIRGINIA SETIEN FERNANDEZ,0.03,TRUE,"2003, 2007, 2011, 2015",Cantabria,2023,Cantabria,NA
AGUSTIN BEDMAR GOMEZ,0.02,TRUE,2015,Granada,2019,Granada,NA
AGUSTIN CARMELO GONZALEZ RODRIGUEZ,0.02,FALSE,2011,"La Palma, S.C. Tenerife","2015, 2019","Gran Canaria, Las Palmas",NA
AITOR IGLESIAS RIBAS,0.02,TRUE,2015,Barcelona,2023,Barcelona,NA
ALBERTO MANUEL SUAREZ GUTIERREZ,0.02,TRUE,2015,Leon,"2019, 2023",Leon,NA
ALEXANDER PASCUAL IBANEZ,0.02,TRUE,"2011, 2015",Burgos,2023,Burgos,NA
ALVARO MARTIN FUERTE,0.02,FALSE,2003,Madrid,"2019, 2023","Madrid, Salamanca",NA
AMADOR MANUEL MARTINEZ GARCIA,0.02,TRUE,2015,Sevilla,2023,Sevilla,NA
ANA BELEN URRESTARAZU RODRIGUEZ,0.02,TRUE,"2011, 2015, 2019",Cantabria,2023,Cantabria,NA
ANA MARIA ALCALA MELERO,0.02,TRUE,"2007, 2011",Jaen,2023,Jaen,NA
ANGEL FERRERAS PASTOR,0.02,TRUE,"2007, 2011",Leon,2019,Leon,NA
ANTONIO LUIS OLMOS MARTIN,0.02,TRUE,2007,Granada,2019,Granada,NA
ANTONIO MANUEL DUARTE SERRANO,0.02,TRUE,"2003, 2007, 2011, 2015",Granada,"2019, 2023",Granada,NA
ANTONIO SERRA GOMILA,0.02,TRUE,2011,Illes Balears,2019,Illes Balears,NA
ARIADNA HERNANDEZ TORRIJOS,0.02,FALSE,2007,Barcelona,"2014, 2015","Barcelona, Single national constituency",NA
CANDIDO GARCIA MARCHENA,0.02,TRUE,2011,Segovia,2023,Segovia,NA
CARLOS BERMEJO MARTINS,0.02,TRUE,2007,Huelva,"2019, 2022, 2023",Huelva,NA
CRISTINA ALEJANDRA JIMENEZ JIMENEZ,0.02,TRUE,2007,Granada,"2019, 2022, 2023, 2026",Granada,NA
DIANA MOYA REDONDO,0.02,TRUE,"2015, 2021",Barcelona,2019,Barcelona,NA
DOLORES CALDERON CERVANTES,0.02,TRUE,2007,Murcia,2023,Murcia,NA
ESTEBAN GONZALEZ BANO,0.02,TRUE,2015,Alicante,2023,Alicante,NA
FEDERICO ESCRIBANO RUBIO,0.02,FALSE,2003,Albacete,2015,Castellon,NA
FRANCISCO JAVIER MARI VENTURA,0.02,TRUE,"2003, 2007, 2011",Valencia,2023,Valencia,NA
FRANCISCO RICO MICO,0.02,TRUE,2003,Alicante,2023,Alicante,NA
INMACULADA CABALLERO BARRERO,0.02,TRUE,2011,Huelva,"2019, 2023",Huelva,NA
JESUS HERBOSA MARTINEZ,0.02,TRUE,"2011, 2015",La Rioja,2019,La Rioja,NA
JORGE GRASES GARCIA,0.02,TRUE,2007,Bizkaia,2015,Bizkaia,NA
JOSE FRANCISCO ALEMAN GIL,0.02,TRUE,2011,Las Palmas,"2019, 2023",Las Palmas,NA
JOSE GINES RUBIO SANCHEZ,0.02,TRUE,2011,Almeria,2023,Almeria,NA
JOSE MARIA MARQUEZ MACHUCA,0.02,TRUE,2007,Sevilla,2023,Sevilla,NA
JOSUE MARTIN BARRIO,0.02,TRUE,"2011, 2015",Guadalajara,2019,Guadalajara,NA
JUAN ANTONIO ROMERO LUZON,0.02,TRUE,"2007, 2015",Guadalajara,2023,Guadalajara,NA
JUAN CARLOS HUERTA MESA,0.02,TRUE,"2011, 2015",Guadalajara,2023,Guadalajara,NA
JUAN FELIU ROMAN,0.02,TRUE,2015,Illes Balears,2019,Illes Balears,NA
JUAN LUIS JARA DELGADO,0.02,FALSE,2003,Sevilla,"2015, 2016",Madrid,NA
LAURA TRUJILLO BOLIVAR,0.02,TRUE,"2011, 2015",Granada,2018,Granada,NA
LUISA FERNANDEZ LOMBARDIA,0.02,TRUE,2019,Barcelona,2023,Barcelona,NA
MANUEL BORQUE MORALES,0.02,TRUE,2007,Teruel,2023,Teruel,NA
MANUEL FRANCISCO RODRIGUEZ PENALVER,0.02,TRUE,"2003, 2007",Cadiz,"2019, 2023",Cadiz,NA
MARCELINA CUELLAR SANCHEZ,0.02,TRUE,2023,Badajoz,2019,Badajoz,NA
MARCO ANTONIO CASTANO ORTIZ,0.02,TRUE,2003,Almeria,2023,Almeria,NA
MARIA ANGELES GUTIERREZ MONTANANA,0.02,TRUE,2007,Albacete,2023,Albacete,NA
MARIA DOLORES MATEA LOPEZ,0.02,TRUE,2007,Albacete,2023,Albacete,NA
MARIA GUADALUPE ARNAIZ FERNANDEZ,0.02,FALSE,2007,Girona,2023,Barcelona,NA
MARIA ISABEL LAZARO PINA,0.02,FALSE,2015,Tarragona,"2019, 2023","Single national constituency, Tarragona",NA
MARIA JESUS MARTIN ARBIOL,0.02,TRUE,2011,Zaragoza,2019,Zaragoza,NA
MARIA PAZ PANIAGUA SUAREZ,0.02,TRUE,2011,Madrid,"2019, 2023",Madrid,NA
MARIA TERESA PERULERO MARTIN,0.02,TRUE,2007,Toledo,2019,Toledo,NA
MARIA VIDAL BENNASAR,0.02,FALSE,2015,Illes Balears,"2019, 2023","Illes Balears, Mallorca",NA
MIGUEL ANGEL PATON GIMENEZ,0.02,FALSE,2003,Barcelona,2023,Valencia,NA
MIGUEL ORDONEZ ALMAGRO,0.02,TRUE,2011,Jaen,2015,Jaen,NA
OSCAR BAEZA ESCUDERO,0.02,TRUE,2007,Ciudad Real,2023,Ciudad Real,NA
OSCAR PALACIOS BORJA,0.02,TRUE,"2015, 2019",Ciudad Real,2023,Ciudad Real,NA
PEDRO MIGUEL JIMENEZ RODRIGO,0.02,TRUE,2023,Madrid,2019,Madrid,NA
RAFAEL GONZALEZ GURILLO,0.02,FALSE,2003,Barcelona,"2019, 2023","Barcelona, Lugo",NA
RITA CALLE MARTIN,0.02,TRUE,2003,Caceres,2023,Caceres,NA
ROBERTO TIERNO HERNANDEZ,0.02,TRUE,2015,Huesca,2019,Huesca,NA
SANDRA DIOS MORALES,0.02,TRUE,"2023, 2024",Tarragona,2019,Tarragona,NA
SEBASTIAN QUINTANA ESCOBAR,0.02,TRUE,2007,Jaen,2023,Jaen,NA
ADOLFO BURGOS CALVO,0.01,TRUE,"2011, 2015",Toledo,2019,Toledo,NA
AGUEDA LOPEZ JODAR,0.01,TRUE,"2011, 2015, 2019",Jaen,2023,Jaen,NA
ALBERTO CABANAS ANDRES,0.01,TRUE,2007,Zaragoza,2019,Zaragoza,NA
ALFREDO DIEZ FERRERAS,0.01,FALSE,"2003, 2007",Leon,2023,Zamora,NA
ALICIA DIAZ MARRUPE,0.01,FALSE,2003,Badajoz,2023,Alicante,NA
ALVARO JUAN DELGADO RODRIGUEZ,0.01,FALSE,2019,Malaga,2015,"Malaga, Málaga",NA
AMALIA PEREZ BANO,0.01,TRUE,"2015, 2019",Murcia,2023,Murcia,NA
ANA BELEN NICOLAS SALAS,0.01,TRUE,2003,Murcia,2023,Murcia,NA
ANA MARIA COMPTE REDONDO,0.01,FALSE,2015,Madrid,2023,Malaga,NA
ANTONIO ESCUDERO CANTALAPIEDRA,0.01,TRUE,2019,Lleida,2023,Lleida,NA
ANTONIO MANUEL GALVEZ CONTRERAS,0.01,TRUE,2003,Cordoba,"2019, 2023",Cordoba,NA
ARANZAZU LOPEZ NOMBELA,0.01,TRUE,2011,Avila,2023,Avila,NA
BLANCA MARIA CAMPO PEREZ,0.01,TRUE,2003,Leon,2019,Leon,NA
BLANCA NINO CORTES,0.01,TRUE,2011,Valladolid,2019,Valladolid,NA
CARINA MEJIAS SANCHEZ,0.01,TRUE,"2006, 2007",Barcelona,2023,Barcelona,NA
CARLOS ALFREDO MARTIN CALDERON,0.01,TRUE,2015,Toledo,2019,Toledo,NA
CARMEN MARIA ROMERO SAYAGO,0.01,TRUE,2015,Badajoz,2023,Badajoz,NA
CECILIA SIERRA CUEVAS,0.01,FALSE,2007,Girona,2019,Madrid,NA
CIRILO GARCIA BARRIOS,0.01,TRUE,2007,Zamora,2023,Zamora,NA
DAVID NACHER RAMON,0.01,TRUE,"2003, 2007, 2011, 2015",Valencia,2023,Valencia,NA
DIEGO JOSE PRADOS MARTINEZ,0.01,FALSE,2003,Guadalajara,2019,Bizkaia,NA
EMILIO MAYORDOMO SANZ,0.01,TRUE,2011,Cuenca,2023,Cuenca,NA
FERNANDO CEBALLOS MORON,0.01,TRUE,"2007, 2011",Barcelona,"2019, 2023",Barcelona,NA
FERNANDO MOYA CANTARERO,0.01,TRUE,"2011, 2015, 2023",Barcelona,2019,Barcelona,NA
FIDENCIO SANTOS GARCIA,0.01,TRUE,2019,Palencia,2023,Palencia,NA
FRANCISCO ANTONIO LINAN LOPEZ,0.01,TRUE,2011,Granada,"2019, 2023",Granada,NA
FRANCISCO JAVIER SABIN MONTERO,0.01,TRUE,2015,Sevilla,2019,Sevilla,NA
FRANCISCO ROBERTO CASTILLO PEREZ,0.01,FALSE,2003,Granada,2019,Malaga,NA
GABRIELA ROSA REY,0.01,TRUE,"2007, 2011",Madrid,"2019, 2023",Madrid,NA
GEMA ROCIO MARTINEZ MARIN,0.01,TRUE,2007,Albacete,2023,Albacete,NA
HIPOLITO ROSARIO GONZALEZ,0.01,FALSE,2015,Araba/Alava,"2016, 2019","Álava, Araba/Alava",NA
IGNACIO SANCHEZ MEYA,0.01,TRUE,2019,Barcelona,2023,Barcelona,NA
ISABEL MARIA AYALA HURTADO,0.01,TRUE,2019,Murcia,2023,Murcia,NA
IVAN SERRANO CAMPA,0.01,TRUE,2011,Caceres,2023,Caceres,NA
JAVIER AGUSTIN JIMENEZ JIMENEZ,0.01,FALSE,2011,Malaga,"2022, 2023",Segovia,NA
JAVIER RIVERA CAZALLA,0.01,TRUE,"2011, 2015",Madrid,2019,Madrid,NA
JAVIER SALDANA REQUENA,0.01,FALSE,"2003, 2007, 2011",Valencia,2023,Las Palmas,NA
JESUS ARMENTEROS ARANDA,0.01,TRUE,2011,Sevilla,2023,Sevilla,NA
JESUS VERGARA BEJAR,0.01,TRUE,2019,Caceres,2023,Caceres,NA
JOAQUIN SECADES ALVAREZ,0.01,TRUE,2019,Sevilla,2023,Sevilla,NA
JORDI MORILLAS ESTEBAN,0.01,TRUE,2007,Barcelona,2019,Barcelona,NA
JOSE ANTONIO ALONSO HOZ,0.01,TRUE,2003,Barcelona,2023,Barcelona,NA
JOSE BORRERO BARBOSA,0.01,TRUE,2019,Cantabria,2023,Cantabria,NA
JOSE CABALLERO GRAELL,0.01,TRUE,2003,Barcelona,"2019, 2023",Barcelona,NA
JOSE FERNANDO GONZALEZ BORRERO,0.01,TRUE,2007,Huelva,2023,Huelva,NA
JOSE LUIS CAMARA LINAN,0.01,TRUE,2011,La Rioja,2023,La Rioja,NA
JOSE LUIS MEDIAVILLA LLORENTE,0.01,TRUE,2003,Soria,2023,Soria,NA
JOSE MANUEL PARTIDO ALONSO,0.01,TRUE,2007,Leon,2023,Leon,NA
JOSE MARIA GRADO MARTIN,0.01,TRUE,"2007, 2011",Segovia,2015,Segovia,NA
JOSE MARIA HITA ROMAN,0.01,TRUE,"2003, 2007",Madrid,2023,Madrid,NA
JOSE MIGUEL MOLLA NIETO,0.01,TRUE,"2003, 2007, 2011, 2015",Albacete,2023,Albacete,NA
JOSE VICENTE AGUILAR ZARAGOZA,0.01,FALSE,2007,Tarragona,2019,Valencia,NA
JUAN ANDRES VALDIVIA ROMERO,0.01,TRUE,"2007, 2011, 2015, 2019",Granada,2023,Granada,NA
JUAN ANTONIO MORAL CRIADO,0.01,TRUE,"2007, 2011, 2015",Segovia,2023,Segovia,NA
JUAN CARLOS AGENJO RAMOS,0.01,TRUE,2023,Almeria,2019,Almeria,NA
JUAN GARRIGA DOMENECH,0.01,TRUE,2003,Barcelona,2019,Barcelona,NA
JUAN JOSE NUNEZ SALAR,0.01,TRUE,2011,Malaga,2023,Malaga,NA
JUAN MANUEL ALCAIDE GALVAN,0.01,TRUE,2015,Huelva,2022,Huelva,NA
JUAN MANUEL CHAMIZO GUERRERO,0.01,TRUE,2023,Badajoz,2019,Badajoz,NA
JUAN MARCOS MANRIQUE LOPEZ,0.01,TRUE,2015,Madrid,"2019, 2021, 2023",Madrid,NA
JUAN MARTIN FERNANDEZ AMOR,0.01,TRUE,2003,Cordoba,2019,Cordoba,NA
JULIO ANTONIO FERNANDEZ TOME,0.01,TRUE,"2003, 2007",Valladolid,2019,Valladolid,NA
JULIO JOSE CALVO IGLESIAS,0.01,FALSE,"1989, 2011","Huesca, Zaragoza","2015, 2019, 2023",Zaragoza,NA
LARA GIL MANCEBO,0.01,FALSE,2019,Leon,"2023, 2026","Leon, León",NA
LETICIA CUESTA VICENTE,0.01,TRUE,"2011, 2015",Salamanca,2023,Salamanca,NA
LUIS CARLOS FERNANDEZ TEJERINA,0.01,TRUE,2003,Leon,2023,Leon,NA
LUIS IGNACIO ESTEBAN TORRES,0.01,TRUE,2023,Zaragoza,2019,Zaragoza,NA
LUIS MACIA HERRANZ,0.01,TRUE,2007,Zaragoza,2019,Zaragoza,NA
LUIS MIGUEL RIVAS MATAS,0.01,FALSE,2019,Bizkaia,2023,Malaga,NA
LUIS TITOS MOLINA,0.01,FALSE,2003,Sevilla,"2019, 2023","Bizkaia, Lugo",NA
MANUEL ACUYO ORTIZ,0.01,TRUE,2015,Barcelona,2023,Barcelona,NA
MANUEL BEAS QUESADA,0.01,TRUE,2015,Sevilla,2023,Sevilla,NA
MANUEL LORO POLO,0.01,TRUE,2011,Ciudad Real,2023,Ciudad Real,NA
MANUEL MAGRO ALFONSO,0.01,TRUE,"2011, 2015, 2019",Caceres,2023,Caceres,NA
MANUELA SALVATIERRA ABAD,0.01,TRUE,2007,Granada,"2019, 2023",Granada,NA
MARIA BEATRIZ SILVESTRE PEREZ,0.01,TRUE,2003,Valencia,2023,Valencia,NA
MARIA CARMEN TEJA NUNEZ,0.01,TRUE,"2007, 2019",Madrid,2023,Madrid,NA
MARIA CRUZ GALINDO LORENTE,0.01,TRUE,"2011, 2015",Granada,2019,Granada,NA
MARIA ELVIRA AMADO LOPEZ,0.01,TRUE,"2003, 2007, 2011",A Coruna,2023,A Coruna,NA
MARIA INMACULADA JORGE MONTERO,0.01,TRUE,2015,Caceres,2023,Caceres,NA
MARIA ISABEL ESCALANTE BARBA,0.01,TRUE,2023,Malaga,2019,Malaga,NA
MARIA JESUS GALACHE ALVAREZ,0.01,TRUE,2007,Valladolid,2015,Valladolid,NA
MARIA JOSE MARCOS VALDIVIESO,0.01,TRUE,2019,Valladolid,2023,Valladolid,NA
MARIA MANUELA ORTEGA CABEZAS,0.01,TRUE,2003,Barcelona,2023,Barcelona,NA
MARIA SONSOLES PENA IGLESIAS,0.01,FALSE,2015,Navarra,2023,Madrid,NA
MARIA SUSANA SEBASTIAN MARTINEZ,0.01,TRUE,2003,Toledo,2023,Toledo,NA
MARTA CAMPESINO RUIZ,0.01,FALSE,"2003, 2007",Madrid,2019,Bizkaia,NA
MARTA FIGUEROA LABRADOR,0.01,TRUE,2007,S.C. Tenerife,2019,S.C. Tenerife,NA
MAXIMINO GARCIA MIGUELEZ,0.01,TRUE,2015,Leon,2023,Leon,NA
MIGUEL ANGEL DIAZ GILO,0.01,TRUE,2007,Huelva,"2019, 2023",Huelva,NA
MIGUEL ANGEL NORENA VEGA,0.01,TRUE,2019,Salamanca,2023,Salamanca,NA
MONTSERRAT ROMERO ALCONCHEL,0.01,TRUE,"2007, 2011",Cadiz,2019,Cadiz,NA
NATALIA ALONSO BENNASAR,0.01,TRUE,2011,Illes Balears,2019,Illes Balears,NA
NEREA ALZOLA ALVAREZ,0.01,FALSE,"2003, 2005, 2007",Bizkaia,"2019, 2023, 2024","Bizkaia, Single national constituency",NA
NOEMI SELAS FERNANDEZ,0.01,TRUE,"2007, 2011, 2015",Madrid,"2019, 2023",Madrid,NA
OSCAR BLANCO REMON,0.01,TRUE,2003,Zaragoza,2023,Zaragoza,NA
OSCAR JESUS JIMENEZ NIETO,0.01,TRUE,2015,Madrid,2023,Madrid,NA
OSCAR MIRANDA CARBAJO,0.01,TRUE,2019,Zamora,2023,Zamora,NA
PATRICIA FAYOS VIDAL,0.01,TRUE,2019,Valencia,2023,Valencia,NA
PATRICIA FERRERO VALLE,0.01,TRUE,"2011, 2015",Valladolid,2023,Valladolid,NA
PEDRO ANTONIO PINTO VELASCO,0.01,TRUE,2003,Burgos,"2019, 2023",Burgos,NA
PEDRO LUIS SOLANO DELGADO,0.01,TRUE,2003,Cuenca,2023,Cuenca,NA
RAFAEL LOPEZ BADIAS,0.01,FALSE,2019,Bizkaia,2019,Madrid,NA
RAFAEL MORANCHO RUIZ,0.01,TRUE,2023,Sevilla,2019,Sevilla,NA
ROCIO PUGA LORENZO,0.01,TRUE,2023,Granada,2019,Granada,NA
RUBEN RAMOS ARCONADA,0.01,TRUE,2015,Palencia,2019,Palencia,NA
SANTIAGO ABASCAL CONDE,0.01,FALSE,"2001, 2003, 2005, 2007, 2009","Álava, Araba/Alava","2014, 2015, 2016, 2019, 2021, 2023","Madrid, Single national constituency",NA
SEILA NUNEZ NUNEZ,0.01,TRUE,"2011, 2015",Caceres,2019,Caceres,NA
SERGIO BAEZA MORILLO,0.01,FALSE,2015,Tarragona,2023,Barcelona,NA
SUSANA SUAREZ VILLAGRA,0.01,FALSE,"2007, 2011, 2015",Valladolid,"2022, 2026",Segovia,NA
TAMARA FERNANDEZ INCLAN,0.01,TRUE,2015,Asturias,2019,Asturias,NA
TANIA DIAZ FRAGOSO,0.01,TRUE,2015,Madrid,2023,Madrid,NA
TERESA ANGULLO GARCIA,0.01,TRUE,"2007, 2011",Madrid,"2019, 2021, 2023",Madrid,NA
TERESA NAVARRO LEPE,0.01,FALSE,2007,Sevilla,2023,Alicante,NA
VENTURA REDONDO MORENO,0.01,FALSE,"2007, 2011",Cordoba,"2019, 2022, 2023","Cordoba, Córdoba",NA
VERONICA ALAMO TRUJILLO,0.01,FALSE,2019,S.C. Tenerife,2023,Tenerife,NA
VERONICA SEGADOR GOMEZ,0.01,TRUE,2007,Ciudad Real,2023,Ciudad Real,NA
VIDAL MARTIN FRAILE,0.01,TRUE,2019,Salamanca,2023,Salamanca,NA
YOLANDA GONCALVES NIETO,0.01,TRUE,"2007, 2011, 2015",Toledo,"2019, 2023",Toledo,NA
ADELINA ALONSO MONROY,0,TRUE,2007,Leon,2023,Leon,NA
ADORACION PLAZA BORREGO,0,FALSE,"2011, 2015",Almeria,2019,Bizkaia,NA
ADRIAN BALFAGON FUERTES,0,TRUE,2011,Teruel,2023,Teruel,NA
AFRICA PIREZ CARPINTERO,0,TRUE,2023,Cadiz,2019,Cadiz,NA
AGUSTIN COSTA ARBOS,0,TRUE,2007,Barcelona,2023,Barcelona,NA
AGUSTIN JUAN CABRERA PENA,0,FALSE,2007,S.C. Tenerife,2023,Las Palmas,NA
ALBERTO CAMERON FABRA,0,TRUE,"2003, 2007",Barcelona,2023,Barcelona,NA
ALBERTO MANUEL OCHANDO PEREZ,0,TRUE,2011,Granada,2023,Granada,NA
ALFONSA SANCHEZ MULAS,0,TRUE,2011,Salamanca,2026,Salamanca,NA
ALFONSO JAIME MARTINEZ CANADA,0,TRUE,2007,Girona,2023,Girona,NA
ALFONSO POMARES CAMPOY,0,TRUE,"2003, 2007",Granada,2019,Granada,NA
ALFREDO FUERTES ZAERA,0,TRUE,2019,Teruel,2023,Teruel,NA
ALFREDO PALACIN CAMBRA,0,TRUE,"2003, 2007",Lleida,"2015, 2016, 2019, 2023",Lleida,NA
ALFREDO QUINTANA MACHIN,0,TRUE,2011,Zaragoza,"2015, 2016, 2023",Zaragoza,NA
ALMUDENA OROZCO CUBILLO,0,TRUE,2023,Guadalajara,2019,Guadalajara,NA
AMBROSIO ANDREU VILLALON,0,TRUE,2011,Valencia,2023,Valencia,NA
ANA MARIA BOGA VIEIRO,0,TRUE,"2003, 2019",A Coruna,2023,A Coruna,NA
ANA MARIA PIQUER CEBRIAN,0,TRUE,2019,Valencia,2023,Valencia,NA
ANA REBECA DIAZ MENENDEZ,0,FALSE,2011,Asturias,2019,"Asturias, Girona",NA
ANDRES BERLINCHES SANTANA,0,FALSE,2007,Gipuzkoa,2015,Madrid,NA
ANDRES COLOMER CASTELLS,0,TRUE,2019,Valencia,2023,Valencia,NA
ANDRES HERANCE MUNOZ,0,TRUE,2019,Ciudad Real,2023,Ciudad Real,NA
ANDRES RAUL PINAR MOLINA,0,TRUE,2011,Granada,2019,Granada,NA
ANGEL CINCA DOMINGO,0,TRUE,"2003, 2015",Lleida,2023,Lleida,NA
ANGEL FRANCISCO REBOLLO GALLEGO,0,TRUE,2003,Alicante,"2019, 2023",Alicante,NA
ANGEL JOSE NINO PARDO,0,FALSE,2019,Guadalajara,2023,Zamora,NA
ANGEL ORTEGO CONESA,0,TRUE,"2015, 2019",Madrid,2023,Madrid,NA
ANGEL RAUL PRIETO ORDAS,0,TRUE,2015,Leon,"2019, 2023",Leon,NA
ANGEL RAYA ARQUELLADA,0,TRUE,2011,Granada,2019,Granada,NA
ANGEL RIVERA POYO,0,TRUE,2003,Zamora,2023,Zamora,NA
ANGEL SEBASTIAN CUADRADO CARRERA,0,TRUE,"2003, 2007, 2011, 2015, 2019",Cantabria,2023,Cantabria,NA
ANGEL TORTOLA REY,0,TRUE,2015,Toledo,2023,Toledo,NA
ANTONIO ANGEL JASO GRACIA,0,TRUE,2015,Zaragoza,2023,Zaragoza,NA
ANTONIO ANGEL MARTIN OCETE,0,TRUE,"2011, 2019",Granada,2023,Granada,NA
ANTONIO BALINO SILVESTRE,0,FALSE,2003,Sevilla,2023,Cadiz,NA
ANTONIO CAMPS CASASNOVAS,0,FALSE,"2011, 2015",Menorca,2019,Illes Balears,NA
ANTONIO CEJALVO HIGUERAS,0,TRUE,2007,Cuenca,2023,Cuenca,NA
ANTONIO COMAS CAPO,0,TRUE,2003,Illes Balears,2023,Illes Balears,NA
ANTONIO DOMINGO FERNANDEZ VALDIVIA,0,TRUE,2015,Las Palmas,2019,Las Palmas,NA
ANTONIO FELIX ROMERO ANIORTE,0,TRUE,2023,Burgos,2019,Burgos,NA
ANTONIO FERNANDO ANGUERA TORRUBIANO,0,TRUE,2003,Tarragona,2023,Tarragona,NA
ANTONIO JESUS VICO GUZMAN,0,TRUE,2007,Sevilla,"2019, 2023",Sevilla,NA
ANTONIO JOSE RUBIA PLAZA,0,TRUE,2011,Almeria,2023,Almeria,NA
ANTONIO MANUEL ARBOLEDAS MARTINEZ,0,TRUE,2015,Jaen,2023,Jaen,NA
ANTONIO MARCOS MOLINA NIETO,0,TRUE,2003,Jaen,2023,Jaen,NA
ANTONIO MARIA ZAPATA PEDRENO,0,TRUE,2023,Sevilla,2019,Sevilla,NA
ANTONIO MIGUEL BOGAS FERNANDEZ,0,FALSE,2007,Cordoba,"2022, 2023","Cordoba, Córdoba",NA
ANTONIO NAVARTA RECIO,0,FALSE,"2011, 2019","Barcelona, Girona",2023,Barcelona,NA
ANTONIO POZO PITEL,0,TRUE,"2015, 2023",Badajoz,2019,Badajoz,NA
ANTONIO SALVA VERD,0,FALSE,2011,Gipuzkoa,"2019, 2023",Illes Balears,NA
ANTONIO SELLAS DORCA,0,TRUE,"2003, 2007",Barcelona,2019,Barcelona,NA
ARANTXA ALONSO GODINO,0,TRUE,2023,Madrid,2019,Madrid,NA
ARTURO PENARRUBIA PENARANDA,0,TRUE,2007,Cuenca,2023,Cuenca,NA
ASCENSION VALLINAS RASINES,0,TRUE,2011,Leon,2015,Leon,NA
BARTOLOME JULIA ROSSELLO,0,TRUE,2015,Illes Balears,2019,Illes Balears,NA
BARTOMEU COLL PASCUAL,0,TRUE,2011,Illes Balears,2023,Illes Balears,NA
BEATRIZ TEJERO OLLER,0,FALSE,2011,Madrid,"2019, 2021, 2023, 2024","Madrid, Single national constituency",NA
BEGONA LAFUENTE VALENZUELA,0,TRUE,2019,Las Palmas,2023,Las Palmas,NA
BELARMINO DOMINGUEZ OTERO,0,TRUE,2007,Leon,"2019, 2023",Leon,NA
BENJAMIN VERCHER BENAVENT,0,TRUE,2007,Valencia,2023,Valencia,NA
BORJA AGUDO JARA,0,FALSE,"2003, 2019","Bizkaia, Gipuzkoa",2023,Madrid,NA
BORJA CARRASCOSA CANET,0,TRUE,2019,Valencia,2023,Valencia,NA
BRUNO HEBRERO LOPEZ,0,TRUE,2023,Madrid,2019,Madrid,NA
CANDELARIA SEGOVIA PARDO,0,TRUE,"2003, 2007",Sevilla,2023,Sevilla,NA
CARLOS ALBERTO TIRADO MENA,0,TRUE,2023,Malaga,2019,Malaga,NA
CARLOS BEDIA COLLANTES,0,FALSE,"2011, 2015",Cantabria,"2019, 2023","Bizkaia, Cantabria",NA
CARLOS CORTIZO CASANOVA,0,TRUE,2023,Barcelona,"2019, 2021",Barcelona,NA
CARLOS ENRIQUE MAGRO CASTELLANOS,0,FALSE,2007,Malaga,"2015, 2019, 2023, 2026","Malaga, Málaga",NA
CARLOS SANTIAGO CABRERA MUR,0,TRUE,"2011, 2015",Huesca,2019,Huesca,NA
CARMEN QUINTANA ALHAJA,0,TRUE,2023,Badajoz,2019,Badajoz,NA
CARMEN ROCIO RUFI FANDOS,0,TRUE,2003,Sevilla,2023,Sevilla,NA
CARMEN TOLEDANO VALCARCEL,0,TRUE,"2007, 2011, 2015",Cadiz,2019,Cadiz,NA
CRISTOBAL ENRIQUE AGUADO DIAZ,0,TRUE,2007,Cantabria,2019,Cantabria,NA
DAMIAN DANIEL SERRANO DILLANA,0,TRUE,"2007, 2011, 2015",Badajoz,2019,Badajoz,NA
DANIEL GUINEA BETANCOURT,0,TRUE,2023,Toledo,2019,Toledo,NA
DANIEL HORNOS HORCAS,0,TRUE,2011,Zaragoza,"2019, 2023",Zaragoza,NA
DANIEL PINTO BAUSELA,0,TRUE,2007,Barcelona,2023,Barcelona,NA
DAVID ALAGUERO VALLE,0,FALSE,2015,Asturias,2019,Cadiz,NA
DAVID ARTIGAS VAL,0,TRUE,2015,Zaragoza,2019,Zaragoza,NA
DAVID IVAN PERDOMO ARMAS,0,FALSE,2003,Gipuzkoa,"2019, 2023",Las Palmas,NA
DAVID MESEGUER BES,0,TRUE,2003,Zaragoza,2023,Zaragoza,NA
DAVID PAULO CABALLER,0,TRUE,2015,Castellon,2023,Castellon,NA
DELFIN CORCOLES PENA,0,TRUE,"2007, 2011",Albacete,"2015, 2019",Albacete,NA
DELIA SAUCEDO GALINDO,0,FALSE,"2007, 2011",Sevilla,2023,Valladolid,NA
DEOGRACIAS MARTINEZ CARNICER,0,TRUE,2011,Granada,"2019, 2023",Granada,NA
DIEGO JOSE CORREDOR MARTOS,0,TRUE,2003,Sevilla,2019,Sevilla,NA
DIEGO ROMERO FRANQUEZA,0,TRUE,2011,Badajoz,2023,Badajoz,NA
DOMINGO ANTONIO NASARRE GRACIA,0,FALSE,2011,Barcelona,2023,Las Palmas,NA
DOMINGO DOMINGUEZ CABACO,0,TRUE,"2003, 2007",Salamanca,2023,Salamanca,NA
EDUARDO PENA LOPE,0,TRUE,"2003, 2007",Burgos,"2022, 2023",Burgos,NA
ELENA ROSELLO FABREGAT,0,TRUE,2019,Barcelona,2023,Barcelona,NA
ELISA ARANDA LIZANO,0,TRUE,2015,Toledo,2023,Toledo,NA
ELISEO ANTON MARCOS,0,TRUE,2003,Burgos,2023,Burgos,NA
ELOISA MARIA GRACIA MONTANO,0,TRUE,"2003, 2007",Badajoz,"2019, 2023",Badajoz,NA
ELVIRA MARIA VICENTE GARRIDO,0,TRUE,"1989, 2003, 2007, 2011",Granada,2019,Granada,NA
EMETERIO CORRAL REDONDO,0,TRUE,"2003, 2007",Avila,2019,Avila,NA
EMILIANO PAREDES SANTAMARIA,0,TRUE,2015,Toledo,"2019, 2023",Toledo,NA
EMILIO DESCALS GIMENEZ,0,TRUE,2019,Valencia,2023,Valencia,NA
EMILIO JESUS LONGAS RIVAS,0,TRUE,"2003, 2007",Zaragoza,2019,Zaragoza,NA
EMILIO JESUS MOLES RICO,0,TRUE,2019,Granada,2023,Granada,NA
EMILIO MATEU MORELLO,0,TRUE,"1993, 2003",Tarragona,2024,Tarragona,NA
EMILIO PASCUAL SAN JOSE,0,FALSE,"2003, 2011","Bizkaia, Lleida",2019,Ourense,NA
EMMA BARRANCO MOLERO,0,FALSE,2023,Almeria,"2019, 2022","Almeria, Almería",NA
ENRIQUE ESTELLA LEDO,0,FALSE,2003,Bizkaia,"2015, 2019, 2023, 2024","A Coruna, A Coruña, Bizkaia",NA
ENRIQUE HEREDIA VIDIELLA,0,TRUE,2011,Barcelona,2023,Barcelona,NA
ENRIQUE IBANEZ ADE,0,TRUE,"2007, 2011",Zaragoza,2023,Zaragoza,NA
ESAU MARTIN ANTON,0,FALSE,"2003, 2007, 2011",Araba/Alava,"2015, 2016","Álava, Araba/Alava",NA
ESMERALDA RECIO LUCAS,0,TRUE,2019,Madrid,2023,Madrid,NA
ESPERANZA CATALA RIBO,0,TRUE,"2007, 2011",Illes Balears,2019,Illes Balears,NA
ESTEBAN CORCHERO CUECO,0,TRUE,"2003, 2011",Caceres,2023,Caceres,NA
ESTEBAN SUREDA SUNER,0,FALSE,2003,Barcelona,2023,Illes Balears,NA
ESTEFANIA BELOSO IGLESIAS,0,FALSE,2007,Bizkaia,2019,Pontevedra,NA
ESTRELLA COMERON HERRERO,0,TRUE,"2011, 2015",Salamanca,2023,Salamanca,NA
EUSEBIO CICUENDEZ GANAN,0,TRUE,2011,Madrid,2023,Madrid,NA
EVA MARIA VILAPLANA VILAPLANA,0,TRUE,"2003, 2007",Alicante,2023,Alicante,NA
EVELIN VINAGRE ROMAN,0,TRUE,2019,Caceres,2023,Caceres,NA
FELIX JOSE REDONDO BELZUNCE,0,TRUE,"2007, 2011",Alicante,"2019, 2023",Alicante,NA
FERNANDO BARBER BARBER,0,FALSE,"2003, 2015","Alicante, Valencia",2023,Valencia,NA
FERNANDO JAVIER MENA MONTALBAN,0,FALSE,2011,Ciudad Real,2023,"Ciudad Real, Valladolid",NA
FERNANDO MARCOS MORICHE,0,FALSE,2019,Caceres,2023,Las Palmas,NA
FERNANDO PAJUELO BERNABE,0,FALSE,"2011, 2015","Bizkaia, Gipuzkoa",2023,Madrid,NA
FERNANDO VALLINAS VEGA,0,TRUE,2003,Leon,2015,Leon,NA
FRANCISCA DOLORES PARRILLA ESCOBOSA,0,TRUE,2011,Almeria,2023,Almeria,NA
FRANCISCA MARIA CRUZADO RIOS,0,TRUE,2003,Malaga,2015,Malaga,NA
FRANCISCO ALFREDO VEGA BIENVENIDO,0,TRUE,2003,Asturias,2019,Asturias,NA
FRANCISCO ANTONIO BERNA DITO,0,TRUE,2011,Zaragoza,"2023, 2026",Zaragoza,NA
FRANCISCO CAZALILLA MARTOS,0,TRUE,2011,Jaen,2023,Jaen,NA
FRANCISCO FAZ OLIVENCIA,0,FALSE,2007,Gipuzkoa,2015,Almeria,NA
FRANCISCO GABRIEL VEGA PADIAL,0,TRUE,"2007, 2015",Granada,"2019, 2023",Granada,NA
FRANCISCO JAVIER ARANA DORREGO,0,TRUE,2007,Madrid,2019,Madrid,NA
FRANCISCO JAVIER ARTEAGA CANDELAS,0,TRUE,2019,Leon,2023,Leon,NA
FRANCISCO JAVIER AVINO PUERTAS,0,FALSE,2007,Tarragona,2015,Valencia,NA
FRANCISCO JESUS GAVILAN SIRVENT,0,TRUE,2019,Cordoba,2023,Cordoba,NA
FRANCISCO JESUS RODRIGUEZ REFOYO,0,TRUE,2015,Zamora,"2019, 2023",Zamora,NA
FRANCISCO JOSE MANSO CRIADO,0,FALSE,2003,Salamanca,"2015, 2019, 2023","Gipuzkoa, Madrid, Salamanca",NA
FRANCISCO LUIS ROSADO TALAVERA,0,TRUE,2015,Las Palmas,"2019, 2023",Las Palmas,NA
FRANCISCO MANUEL LABRADO JIMENEZ,0,TRUE,2011,Sevilla,2023,Sevilla,NA
FRANCISCO MANUEL VIVANCO VALERO,0,TRUE,2003,Granada,2019,Granada,NA
FRANCISCO MIGUEL PAIVA MENDEZ,0,TRUE,2015,Badajoz,2019,Badajoz,NA
FRANCISCO PLATA PLATA,0,FALSE,2003,Granada,2023,Valencia,NA
GEMA ISABEL GUTIERREZ TOSCANO,0,TRUE,"2011, 2015",Huelva,"2019, 2022",Huelva,NA
GERARDO MATARAN FERREIRA,0,FALSE,"2003, 2007",Jaen,2022,Jaén,NA
GREGORIO GALVEZ PAZOS,0,TRUE,"1996, 2003, 2007",Lleida,"2019, 2023",Lleida,NA
GREGORIO MANUEL POZO CARRETERO,0,TRUE,2015,Badajoz,2019,Badajoz,NA
GUILLERMO MANUEL MARCHANTE ARAGON,0,FALSE,2011,Cadiz,"2019, 2022, 2023","Cadiz, Cádiz",NA
GUILLERMO MARIA SANZ JUNOY,0,TRUE,2007,Guadalajara,2015,Guadalajara,NA
GUILLERMO NICOLAS ESCOBAR ZAMORA,0,FALSE,2011,Leon,2026,León,NA
GUSTAVO COSCOJUELA CAMPOS,0,TRUE,"2007, 2011, 2015",Huesca,"2019, 2023",Huesca,NA
HELIODORO ESTEBAN PALMERO,0,TRUE,"2007, 2011",Caceres,2023,Caceres,NA
HUGO CANELLAS AVILA,0,FALSE,2003,Cadiz,2023,Sevilla,NA
IGNACIO ALFONSO MARTIN CAMENO,0,TRUE,2011,Toledo,"2019, 2023",Toledo,NA
IGNACIO SICILIA DOMENECH,0,TRUE,2003,Burgos,"2019, 2022, 2023, 2026",Burgos,NA
IGNACIO UGARTE REBOLLO,0,FALSE,2023,Bizkaia,2015,Madrid,NA
IRENE FABREGAT OLIVA,0,TRUE,2019,Barcelona,2023,Barcelona,NA
IRIA ABASCAL CONDE,0,FALSE,"2003, 2007, 2011",Araba/Alava,"2015, 2016, 2019, 2020","Álava, Araba/Alava",NA
ISABEL ABUIN DOMINGO,0,FALSE,2011,Bizkaia,2023,Madrid,NA
ISABEL FERRANDIZ CONEJERO,0,TRUE,2007,Alicante,2019,Alicante,NA
ISABEL MAS PICATOSTE,0,TRUE,2003,Lleida,"2019, 2023",Lleida,NA
ISARD PISONERO FERRE,0,FALSE,2015,Teruel,2023,Zaragoza,NA
JACOBO LOREA BOBO,0,TRUE,2011,Navarra,2015,Navarra,NA
JAVIER HORNO GRACIA,0,TRUE,2011,Navarra,"2019, 2023",Navarra,NA
JAVIER LAFUENTE LACUEVA,0,TRUE,"2003, 2011",Teruel,2023,Teruel,NA
JERONIMA MAYANS BOSCH,0,TRUE,2003,Illes Balears,2023,Illes Balears,NA
JESUS ANTONIO BAILON GRACIA,0,TRUE,2003,Zaragoza,2023,Zaragoza,NA
JESUS CARRENO ARGUMANEZ,0,TRUE,"2003, 2007",Toledo,2023,Toledo,NA
JESUS NICOLAS VELASCO TUDURI,0,FALSE,2007,Girona,2015,"Araba/Alava, Jaén",NA
JESUS SALVADOR ZURDO HERNANDEZ,0,TRUE,2015,Madrid,2023,Madrid,NA
JESUS TEODORO OCTAVIO CARPIO,0,TRUE,2015,Ciudad Real,2019,Ciudad Real,NA
JESUS VALLEJO VALLINAS,0,TRUE,"2015, 2019",Leon,2023,Leon,NA
JEZABEL CALVO DOMINGUEZ,0,TRUE,2019,Castellon,2023,Castellon,NA
JOAQUIN CUEVAS ALLER,0,FALSE,2007,León,2015,"Leon, León",NA
JOAQUIN GAMBOA AMOROS,0,TRUE,2015,Murcia,2023,Murcia,NA
JORDI AGUILO VENDRELL,0,FALSE,2015,Girona,2019,Barcelona,NA
JORDI BORRULL PUIGARNAU,0,TRUE,"2003, 2007, 2011, 2015, 2019",Barcelona,2023,Barcelona,NA
JORGE ALEJANDRO VALMASEDA REMOLINA,0,TRUE,2003,Gipuzkoa,2020,Gipuzkoa,NA
JORGE GALBANY RIBERA,0,TRUE,2015,Barcelona,2019,Barcelona,NA
JORGE JOSE CINCA DOMINGO,0,TRUE,2003,Lleida,2023,Lleida,NA
JOSE ANDRES GAMEZ GORDILLO,0,TRUE,2015,Badajoz,2019,Badajoz,NA
JOSE ANGEL BUENESTADO GIL,0,TRUE,2015,Ciudad Real,2023,Ciudad Real,NA
JOSE ANGEL TRAVER ROCA,0,TRUE,2015,Castellon,2023,Castellon,NA
JOSE ANTONIO RICART ESQUIVA,0,TRUE,"2003, 2007",Alicante,2023,Alicante,NA
JOSE ANTONIO YAGO ESCUSA,0,TRUE,"2011, 2015",Teruel,2023,Teruel,NA
JOSE CARCELES PARRAGA,0,TRUE,2003,Ciudad Real,"2019, 2023",Ciudad Real,NA
JOSE CARLOS GENTO RUBIO,0,TRUE,2011,Toledo,"2015, 2019",Toledo,NA
JOSE CASTANEDA REBANAL,0,TRUE,"2003, 2015",Cantabria,2023,Cantabria,NA
JOSE CRUZ CABRERO GARCIA,0,TRUE,2007,Segovia,2023,Segovia,NA
JOSE EDUARDO MORAN MORAN,0,TRUE,"2003, 2007, 2011, 2015",Cuenca,2019,Cuenca,NA
JOSE FLORENCIO MONTALVO BERMEJO,0,TRUE,2007,Segovia,2019,Segovia,NA
JOSE GUZMAN OLABARRI,0,TRUE,2023,Bizkaia,2015,Bizkaia,NA
JOSE HECTOR LOZANO PINILLA,0,FALSE,2015,Lleida,2023,Barcelona,NA
JOSE HUMBERTO LAGOS LOPEZ,0,TRUE,2007,Sevilla,2023,Sevilla,NA
JOSE IGNACIO GUISANDE ABAD,0,FALSE,"2007, 2011",Soria,2023,Zaragoza,NA
JOSE IGNACIO NOZAL ALONSO,0,TRUE,2007,Burgos,2023,Burgos,NA
JOSE JAVIER CERVERA SORIA,0,TRUE,"2003, 2007, 2011",Valencia,2023,Valencia,NA
JOSE JAVIER FERREIRO ANON,0,TRUE,"2007, 2011",A Coruna,2023,A Coruna,NA
JOSE JOAQUIN CARDENES MARTIN,0,TRUE,2007,Las Palmas,2023,Las Palmas,NA
JOSE JUAN RAYMUNDO REBOLLO,0,TRUE,2007,Alicante,2015,Alicante,NA
JOSE LUIS NARROS MANZANERO,0,TRUE,2003,Madrid,2023,Madrid,NA
JOSE LUIS PEROGIL CHAMORRO,0,TRUE,2003,Madrid,2023,Madrid,NA
JOSE LUIS SIBINA PEREYRA,0,TRUE,2023,Barcelona,2019,Barcelona,NA
JOSE MANUEL LLANO BARRIO,0,TRUE,2003,Cantabria,2023,Cantabria,NA
JOSE MARCOS PONS DEVESA,0,TRUE,2003,Alicante,2023,Alicante,NA
JOSE MARIA AGUEROS GUEVARA,0,TRUE,2003,Bizkaia,2023,Bizkaia,NA
JOSE MIGUEL LLOPIS ALGUACIL,0,TRUE,2019,Jaen,2023,Jaen,NA
JOSE PEDRO VALLEJO BARROS,0,TRUE,2015,Toledo,2019,Toledo,NA
JOSE RAMON CUE CERECEDA,0,TRUE,2003,Cadiz,2015,Cadiz,NA
JOSE RAMON LASO COFRECES,0,TRUE,2007,Palencia,2019,Palencia,NA
JOSE RUBEN VALIENTE BRAOJOS,0,TRUE,2011,Toledo,2023,Toledo,NA
JOSE SALVADOR RONDA CRESPO,0,TRUE,2003,Alicante,"2019, 2023",Alicante,NA
JOSE VIDAL RAMOS ESPADA,0,TRUE,"2011, 2015, 2019",Zamora,2023,Zamora,NA
JOSEFA GLORIA PEREZ PUERTO,0,TRUE,2011,Cadiz,2019,Cadiz,NA
JOSEFA MARIA COLOMA CABRERIZO,0,TRUE,2011,Valencia,2023,Valencia,NA
JOSEP CARDONA VICIANO,0,TRUE,2019,Alicante,2023,Alicante,NA
JUAN ANDRES LORENZO TRISTANCHO,0,TRUE,2015,Huelva,2023,Huelva,NA
JUAN ANTONIO BECEDAS NIETO,0,TRUE,"2011, 2015, 2019",Salamanca,2023,Salamanca,NA
JUAN ANTONIO CUERVAS AYLLON,0,FALSE,2007,Castellon,2023,Valencia,NA
JUAN ANTONIO MONDEJAR AYALA,0,TRUE,2003,Madrid,2019,Madrid,NA
JUAN CARLOS FIALLEGAS IGLESIAS,0,TRUE,2019,Valladolid,2023,Valladolid,NA
JUAN CARLOS GUINDEL CALLEJO,0,TRUE,2015,Madrid,2023,Madrid,NA
JUAN CARLOS SEGURA JUST,0,FALSE,2007,Girona,"2019, 2023",Barcelona,NA
JUAN CASELLAS FONT,0,TRUE,2003,Tarragona,2023,Tarragona,NA
JUAN CESAR CERVANTES MUNOZ,0,TRUE,2015,Cuenca,"2019, 2023",Cuenca,NA
JUAN DIOS DAVILA GARIJO,0,TRUE,"2003, 2007",Gipuzkoa,2023,Gipuzkoa,NA
JUAN ENRIQUE CANTELI CASTANO,0,FALSE,2007,Bizkaia,2023,"Asturias, Centro",NA
JUAN FRANCISCO PALMA VALENZUELA,0,TRUE,"2003, 2007",Granada,2023,Granada,NA
JUAN JAVIER GANDARA CATALAN,0,TRUE,2007,Leon,2023,Leon,NA
JUAN JULIAN BEJARANO RODRIGUEZ,0,FALSE,"2007, 2011","Bizkaia, Toledo",2019,Toledo,NA
JUAN MANUEL ARRUGA ELIAS,0,TRUE,2011,Barcelona,"2023, 2024",Barcelona,NA
JUAN MANUEL CABEO CABRERA,0,TRUE,2011,Navarra,"2019, 2023",Navarra,NA
JUAN MANUEL MIRANDA BAILON,0,FALSE,2003,Sevilla,2023,Avila,NA
JUAN MAURICIO MARTIN GALINDO,0,TRUE,2015,Barcelona,2023,Barcelona,NA
JUAN MIGUEL BORT HEREDIA,0,TRUE,"2015, 2019",Castellon,2023,Castellon,NA
JUAN NADADOR CAMARA,0,TRUE,"2003, 2007, 2011, 2015, 2019",Guadalajara,2023,Guadalajara,NA
JUAN RAMON JOVER SELLES,0,TRUE,2015,Alicante,2023,Alicante,NA
JUAN RIERA MORLA,0,TRUE,2019,Barcelona,2023,Barcelona,NA
JULIA MARIA LLOPIS NOHEDA,0,TRUE,2019,Alicante,2023,Alicante,NA
JULIA ROMA BASTUS,0,TRUE,"2007, 2011, 2015",Lleida,2019,Lleida,NA
JULIA TERESA BORGES FIGUEREDO,0,TRUE,2015,Sevilla,2023,Sevilla,NA
JULIAN JESUS TORRERO SANCHEZ,0,TRUE,2007,Cadiz,2023,Cadiz,NA
JULIO CESAR PEREZ TESTERA,0,TRUE,2007,Leon,2015,Leon,NA
JULIO JOSE FEBRER ALONSO,0,TRUE,2011,Bizkaia,2023,Bizkaia,NA
JUSTA ALBURQUERQUE HERNANDEZ,0,TRUE,2003,Barcelona,2019,Barcelona,NA
LAURA BALAGUER BALLVE,0,TRUE,"2006, 2007",Girona,"2019, 2023",Girona,NA
LAUREANO ARROGANTE HIGUERA,0,FALSE,"2003, 2007",Madrid,"2015, 2019, 2023","Caceres, Madrid",NA
LOURDES MENDEZ MONASTERIO,0,FALSE,"2003, 2004",Murcia,"2019, 2023","Murcia, Single national constituency",NA
LUCIANA TOBIAS NEVADO,0,FALSE,2003,Tarragona,2023,Barcelona,NA
LUIS ARAGUES MONTANES,0,TRUE,"2003, 2011, 2015",Zaragoza,2019,Zaragoza,NA
LUIS FERNANDO CASTANEDA VICEIRA,0,TRUE,2007,Granada,2023,Granada,NA
LUIS FERNANDO SANCHON SANCHEZ,0,TRUE,"2007, 2015, 2019",Salamanca,2023,Salamanca,NA
LUIS IVAN FERNANDEZ ROLDAN,0,TRUE,2011,Toledo,2023,Toledo,NA
LUIS JAVIER BOO FEIJOO,0,TRUE,2015,A Coruna,2019,A Coruna,NA
LUIS JORGE DIAZ ARRIBAS,0,TRUE,"2003, 2007, 2011, 2015",Toledo,2019,Toledo,NA
LUIS MIGUEL ZAMORANO COBOS,0,TRUE,2017,Girona,"2019, 2021, 2023",Girona,NA
LUIS SACRISTAN VIRSEDA,0,TRUE,2019,Segovia,2023,Segovia,NA
LUISA MARIA ONTENIENTE ACEBES,0,TRUE,2011,Murcia,2023,Murcia,NA
LUZ DIVINA ARIAS QUESADA,0,TRUE,2007,Jaen,2023,Jaen,NA
MACARENA MARIA BERMUDEZ GILBERT,0,TRUE,2023,Sevilla,2019,Sevilla,NA
MAIKA SERRANO CONEJO,0,TRUE,2023,Toledo,2019,Toledo,NA
MANUEL ANGEL ZUBIA MORATO,0,TRUE,2003,Toledo,2023,Toledo,NA
MANUEL ENRIQUE ESCRIVA MELERO,0,TRUE,"2007, 2019",Valencia,2023,Valencia,NA
MANUEL FELICIANO MARTINEZ ARAUZ,0,FALSE,2007,Guadalajara,"2019, 2023",Madrid,NA
MANUEL JORGE MARTIN MONTERO,0,FALSE,2007,Gipuzkoa,"2019, 2022, 2023",Granada,NA
MANUEL JOSE BELLVER OLIVER,0,FALSE,"2007, 2011","Girona, Navarra",2015,Navarra,NA
MANUEL MELCHOR AGUILAR ILLESCAS,0,TRUE,"2011, 2015",Malaga,2023,Malaga,NA
MANUELA ASTO ROLDAN,0,TRUE,2011,Lleida,"2015, 2016",Lleida,NA
MANUELA EUGENIA CAMPOS RUIZ,0,FALSE,2007,Ciudad Real,2023,"Ciudad Real, Valladolid",NA
MANUELA SERNA SAUGAR,0,TRUE,"2011, 2015",Avila,2019,Avila,NA
MARA TOYOS RIERA,0,FALSE,"2003, 2007",Girona,2023,Barcelona,NA
MARGARITA DURAN VADELL,0,FALSE,2011,Mallorca,2023,Illes Balears,NA
MARIA ADELA AGUDO YUSTE,0,TRUE,2007,Valencia,2023,Valencia,NA
MARIA ANGELES VENDRELL IVARS,0,TRUE,"2007, 2011",Valencia,2019,Valencia,NA
MARIA ARACELI CUESTA PINEL,0,TRUE,2007,Granada,2023,Granada,NA
MARIA ARANTZAZU GUTIERREZ MENDIVIL,0,FALSE,2011,Araba/Alava,"2019, 2020","Álava, Araba/Alava",NA
MARIA BELEN FIDALGO CANON,0,FALSE,2011,Leon,"2019, 2022, 2023","Leon, León",NA
MARIA CARMEN CADENAS CAMPELO,0,TRUE,2003,Leon,2019,Leon,NA
MARIA CONSOLACION ALCON GARRIDO,0,TRUE,2007,Caceres,2023,Caceres,NA
MARIA CONSOLACION CAMPOS TIRADO,0,TRUE,2007,Cordoba,2023,Cordoba,NA
MARIA COVADONGA NEGRO HERNANDEZ,0,TRUE,"2007, 2011, 2015",Valladolid,2023,Valladolid,NA
MARIA DOLORES PULIDO BAGUR,0,FALSE,2003,Illes Balears,2019,"Illes Balears, Menorca",NA
MARIA ESTELA LINAN LOPEZ,0,TRUE,"2011, 2015",Granada,2019,Granada,NA
MARIA FATIMA REQUENA PLAZA,0,TRUE,2015,Ciudad Real,2023,Ciudad Real,NA
MARIA FRANCISCA PARRENO COLOMA,0,TRUE,2007,Alicante,2023,Alicante,NA
MARIA INMACULADA TORRES ALAMINOS,0,FALSE,"2003, 2007, 2011, 2015, 2019, 2023",Granada,2019,Sevilla,NA
MARIA ISABEL ANARTE RIOJA,0,TRUE,2015,Huelva,2023,Huelva,NA
MARIA ISABEL SEMPERE SEMPERE,0,TRUE,2011,Alicante,2019,Alicante,NA
MARIA JOSE GUZON TRIGUEROS,0,FALSE,2007,Palencia,2023,Asturias,NA
MARIA JOSE LENA CARRILLO,0,FALSE,"2003, 2007",Cordoba,2018,Córdoba,NA
MARIA JOSEFA NAVARRO ALFAMBRA,0,TRUE,"2003, 2011",Granada,"2019, 2023, 2026",Granada,NA
MARIA LOURDES VILA MORERA,0,TRUE,2007,Barcelona,"2019, 2023",Barcelona,NA
MARIA LUISA DORADO PALANCO,0,TRUE,2015,Sevilla,2023,Sevilla,NA
MARIA LUISA ROMERAL MATAS,0,TRUE,2007,Guadalajara,"2019, 2023",Guadalajara,NA
MARIA MANUELA MANRIQUE MANERO,0,TRUE,"2011, 2015",Burgos,2019,Burgos,NA
MARIA MILAGROS RANZ AMO,0,FALSE,"2007, 2015, 2019",Bizkaia,2023,Madrid,NA
MARIA MONTSERRAT IBANEZ BARCINA,0,TRUE,"2011, 2015, 2019",Burgos,2023,Burgos,NA
MARIA MOSCARDO SUAY,0,TRUE,2011,Valencia,2023,Valencia,NA
MARIA PALOMA ALCOBENDAS GARRIDO,0,TRUE,2007,Madrid,2019,Madrid,NA
MARIA PAZ MARTINEZ LAFITA,0,TRUE,2003,Huesca,2023,Huesca,NA
MARIA PIA ESPEL URIEN,0,FALSE,"2015, 2019",Gipuzkoa,2023,Madrid,NA
MARIA PILAR ALCAZAR URDA,0,FALSE,2011,Jaen,2023,Toledo,NA
MARIA REGO REGO,0,TRUE,"2003, 2015",Barcelona,2023,Barcelona,NA
MARIA RINA LOMENA,0,TRUE,2019,Huesca,2023,Huesca,NA
MARIA RUTH HERNANDEZ MANZANERO,0,TRUE,2007,Toledo,2023,Toledo,NA
MARIA SACRAMENTO CORDOBA COLADO,0,FALSE,2007,Ciudad Real,2015,"Ciudad, Ciudad Real",NA
MARIA SAGRARIO SANCHEZ MAHIA,0,TRUE,2023,Bizkaia,2019,Bizkaia,NA
MARIA SHEILA GARCIA ENCABO,0,FALSE,2019,Guadalajara,2023,Navarra,NA
MARIA TERESA VILANOVA CASES,0,TRUE,2011,Valencia,2023,Valencia,NA
MARIA TRINIDAD FERRANDO FENOLL,0,TRUE,2023,Barcelona,2021,Barcelona,NA
MARIA YOLANDA MONTESINOS HERNANDO,0,TRUE,2011,Zaragoza,2023,Zaragoza,NA
MARIAN CAMISON OJALVO,0,FALSE,2007,Gipuzkoa,2015,Madrid,NA
MARIANO CERRADA HERAS,0,TRUE,"2007, 2011, 2015",Guadalajara,2023,Guadalajara,NA
MARINA PALACIOS SEIN,0,TRUE,2015,Jaen,2023,Jaen,NA
MARIO BRUNO TOMAS MANCILLA,0,FALSE,2011,Granada,"2019, 2023","Ceuta, Granada",NA
MARTA AGREDANO FERRE,0,TRUE,2011,Madrid,2023,Madrid,NA
MARTA CICUENDEZ CHAMORRO,0,FALSE,2019,Gipuzkoa,2023,Caceres,NA
MAURICIO COBIAN CARRASCAL,0,FALSE,2015,Gipuzkoa,2023,Madrid,NA
MERCEDES MOSQUERA BARQUIN,0,FALSE,2011,Bizkaia,2023,Cantabria,NA
MIGUEL ANGEL BUESO CASAS,0,FALSE,2023,Castellon,2019,Valencia,NA
MIGUEL ANGEL GAGO LARGO,0,TRUE,2011,Zamora,2023,Zamora,NA
MIGUEL ANGEL GARCERA IGLESIAS,0,FALSE,2023,Valencia,2015,"Castellon, Girona",NA
MIGUEL ANGEL VILLAMANAN IBARS,0,TRUE,"2003, 2007, 2011",Zaragoza,2023,Zaragoza,NA
MIGUEL BONASTRE LAUSIN,0,TRUE,2003,Lleida,2019,Lleida,NA
MIGUEL MARCE PRATS,0,TRUE,2019,Barcelona,2023,Barcelona,NA
MIGUEL MORLA MASCARO,0,TRUE,"2007, 2011, 2023",Illes Balears,2019,Illes Balears,NA
MIGUEL PACHECO CHIAS,0,TRUE,2003,Cordoba,2023,Cordoba,NA
MIGUEL ROCANDIO ANTON,0,TRUE,"2015, 2019",Burgos,2023,Burgos,NA
MIGUEL TARDIO PICO,0,TRUE,"2007, 2011, 2015",Cadiz,2023,Cadiz,NA
MIQUEL BONASTRE GUILLAMET,0,FALSE,"2003, 2011",Lleida,2019,"Lleida, Single national constituency",NA
MODESTO RICO ARANDA,0,TRUE,2015,Barcelona,2023,Barcelona,NA
MONICA IBANEZ GUMBAU,0,TRUE,2019,Castellon,2023,Castellon,NA
MONSERRAT SANZ SOLIS,0,TRUE,"2011, 2015",Segovia,2022,Segovia,NA
MYRIAM EXTREMO NICOLAS,0,FALSE,2019,Avila,2023,Segovia,NA
NOELIA PERIS MIRALLES,0,TRUE,2019,Alicante,2023,Alicante,NA
NOELIA ROSARIO DIAZ VACA,0,TRUE,2023,Madrid,2019,Madrid,NA
OLIVERIO ESPIGARES VAZQUEZ,0,TRUE,2019,Granada,2023,Granada,NA
ONOFRE MIRALLES MARTIN,0,FALSE,2003,Gipuzkoa,2019,Granada,NA
OSCAR LUIS CANENCIA SANZ,0,TRUE,2003,Madrid,2023,Madrid,NA
OTILIA ALARCON CAMUS,0,TRUE,"2011, 2019",Granada,"2023, 2026",Granada,NA
PABLO JOSE SANTOS CORONA,0,TRUE,2007,S.C. Tenerife,2019,S.C. Tenerife,NA
PATRICIA IZQUIERDO SARASOLA,0,FALSE,"2007, 2011",Araba/Alava,"2015, 2016, 2019","Álava, Araba/Alava",NA
PAULINO HERGUEDAS VELA,0,TRUE,2003,Valladolid,2023,Valladolid,NA
PEDRO ADOLFO VALLES PEREA,0,TRUE,2011,Zaragoza,2019,Zaragoza,NA
PEDRO BOCANEGRA OCON,0,TRUE,2023,Granada,2019,Granada,NA
PEDRO JESUS PENALVER BLASCO,0,TRUE,2007,Valencia,2023,Valencia,NA
PEDRO JUAN MORAN MARQUEZ,0,TRUE,2011,Badajoz,2025,Badajoz,NA
PEDRO LUIS HORMIGOS JEREZ,0,TRUE,2003,Toledo,2019,Toledo,NA
PEDRO MARIANO CALVO MATESANZ,0,TRUE,2019,Segovia,2023,Segovia,NA
PEDRO VICENTE CALVO VILLAGORDO,0,TRUE,2007,Alicante,2023,Alicante,NA
PILAR BAGAN GARGALLO,0,TRUE,"2011, 2015",Barcelona,"2019, 2023",Barcelona,NA
PILAR COBOS GIRALDA,0,TRUE,"2007, 2011, 2015",Valladolid,2019,Valladolid,NA
PILAR LOMA BIELSA,0,TRUE,"2015, 2019",Teruel,"2023, 2026",Teruel,NA
PILAR LOURDES CARDOSO BALMONT,0,TRUE,2015,Sevilla,2023,Sevilla,NA
PLINIO GONZALEZ SUAREZ,0,TRUE,2011,Leon,2023,Leon,NA
PRUDENCIO CERRO SANCHEZ,0,TRUE,2011,Madrid,"2021, 2023",Madrid,NA
RAFAEL EDUARDO NEVADO CALERO,0,TRUE,"2003, 2007",Cordoba,2019,Cordoba,NA
RAFAEL RICARDO MARTINEZ CARRASCO,0,TRUE,2003,Badajoz,2019,Badajoz,NA
RAFAEL RODRIGO SANTOS PEREZ,0,FALSE,2007,"Ávila, Burgos",2023,Burgos,NA
RAFAEL ROLDAN LASERNA,0,TRUE,2003,Barcelona,"2019, 2021, 2023, 2024",Barcelona,NA
RAFAEL SISCAR MONCHO,0,TRUE,2003,Alicante,2023,Alicante,NA
RAFEL SERRA BURGUERA,0,TRUE,2007,Illes Balears,2019,Illes Balears,NA
RAMON DAMIAN FERNANDEZ PARRA,0,TRUE,2007,Albacete,2023,Albacete,NA
RAMON FRAILE BEZARES,0,TRUE,2007,Jaen,2023,Jaen,NA
RAMON QUIRANTE QUIRANTE,0,TRUE,2015,Las Palmas,"2019, 2023",Las Palmas,NA
RAMON SANAHUJA DOMINGO,0,TRUE,2003,Tarragona,"2019, 2023",Tarragona,NA
RAQUEL LIZAN GALIANO,0,TRUE,2007,Alicante,2019,Alicante,NA
REBECA OCANA CURRAS,0,FALSE,2019,"Barcelona, Bizkaia",2015,Madrid,NA
REBECA ORTEGO CONESA,0,TRUE,2015,Madrid,"2019, 2023",Madrid,NA
RICARDO ESTRADA DEVESA,0,TRUE,2019,Girona,2023,Girona,NA
RICARDO GARRUDO CAYON,0,FALSE,"2007, 2011",Araba/Alava,2014,Single national constituency,NA
RICARDO LUIS PUJOL PALMADA,0,TRUE,2007,Barcelona,2023,Barcelona,NA
ROBERTO BASTAN TORTOSA,0,FALSE,2007,Tarragona,2019,Castellon,NA
RODRIGO GALERON GALERON,0,TRUE,"2011, 2015",Burgos,2019,Burgos,NA
RODRIGO JORGE ISIDRO,0,TRUE,2019,Zamora,2023,Zamora,NA
RODRIGO RAFAEL VILALLONGA ELORZA,0,TRUE,"2007, 2011",Bizkaia,"2016, 2019, 2023",Bizkaia,NA
ROSA BENEYTO ESTEVE,0,TRUE,2003,Alicante,2019,Alicante,NA
ROSA BOYA ALONSO,0,TRUE,2011,Araba/Alava,2019,Araba/Alava,NA
ROSA MARIA ALAMO BELDA,0,TRUE,"2011, 2015",Madrid,2019,Madrid,NA
ROSANA DUQUE DUQUE,0,TRUE,"2015, 2019",Ciudad Real,2023,Ciudad Real,NA
ROSARIO GARZON DUENAS,0,TRUE,2007,Segovia,2023,Segovia,NA
RUBEN BARRIONUEVO MACHO,0,TRUE,2015,Palencia,2023,Palencia,NA
SALUD ORDONEZ ORTIZ,0,TRUE,"2011, 2015, 2019",Barcelona,2023,Barcelona,NA
SALVADOR HUESO SANUDO,0,TRUE,2011,Cadiz,2015,Cadiz,NA
SALVADOR SARABIA SAINZ,0,TRUE,"2003, 2007",Cantabria,2023,Cantabria,NA
SANDRA MARIA ZAS ORDONEZ,0,TRUE,2003,A Coruna,2023,A Coruna,NA
SANDRA ORTIZ AZANA,0,TRUE,2011,Toledo,2023,Toledo,NA
SANTIAGO ALMERO COCERA,0,TRUE,2015,Barcelona,2023,Barcelona,NA
SANTIAGO LORENTE MIRAS,0,TRUE,2015,Granada,2023,Granada,NA
SANTOS ANDRES PINAR REDONDO,0,TRUE,2003,Avila,"2019, 2023",Avila,NA
SERGIO SOGO SANTOS,0,TRUE,2015,Zamora,2023,Zamora,NA
SILVESTRE ARTERO ARCAS,0,TRUE,2011,Almeria,2023,Almeria,NA
SILVIA FATIMA GONZALEZ FERRO,0,TRUE,2011,Madrid,2019,Madrid,NA
SOFIA POTTER ALLER,0,TRUE,2019,Asturias,2023,Asturias,NA
SONIA MANTECA PANDO,0,TRUE,"2003, 2007, 2011, 2015",Cantabria,"2019, 2023",Cantabria,NA
TERESA GALLO VIRUMBRALES,0,FALSE,2003,Bizkaia,"2015, 2019, 2023","Bizkaia, Madrid",NA
TERESA JOSE MORATO CASTILLA,0,TRUE,2007,Huelva,2023,Huelva,NA
TOMAS PAGES MADRIGAL,0,TRUE,2007,Sevilla,"2019, 2023",Sevilla,NA
ULPIANO COLINAS GALLEGO,0,TRUE,"2007, 2011",Leon,"2019, 2023",Leon,NA
VICENTE OSCAR BATALLER CABALLERO,0,FALSE,2015,Valencia,2023,Alicante,NA
VICTOR JESUS ALONSO CARRETERO,0,TRUE,2003,Soria,2023,Soria,NA
VICTOR JUAN MOREJON VITON,0,TRUE,2011,Guadalajara,"2019, 2023",Guadalajara,NA
VIOLETA OLALLA MADICO,0,TRUE,2019,Valladolid,2023,Valladolid,NA
AARON LONGINOS DE PAZ JIMENEZ,NA,TRUE,2023,Zamora,2019,Zamora,NA
ALEJANDRO ADALBERTO RAMIREZ JUAREZ,NA,FALSE,2003,Gipuzkoa,2015,Ceuta,NA
ALEJANDRO MENCIA DE GODOS,NA,TRUE,2011,Leon,2023,Leon,NA
ALVARO DE AQUINO HORMIGA HERNANDEZ,NA,TRUE,2003,Las Palmas,2019,Las Palmas,NA
ALVARO DEL VALLE PALACIOS,NA,TRUE,2015,Cantabria,"2019, 2023",Cantabria,NA
ALVARO LUIS SANCHEZ OCANA VARA,NA,FALSE,2015,Caceres,"2023, 2025","Caceres, Cáceres",NA
ALVARO SANZ DEL CAMPO,NA,FALSE,2007,Valladolid,2019,"Fuerteventura, Las Palmas",NA
AMERICO BESPUCIO RODRIGUEZ MORAL,NA,TRUE,2007,Toledo,2023,Toledo,NA
ANA VELASCO VIDALABARCA,NA,FALSE,2007,Girona,2014,Single national constituency,NA
ANGEL MARTINEZ VILLASTRIGO,NA,TRUE,"2011, 2015",Bizkaia,2024,Bizkaia,NA
ANGEL NICOLAS ARFELIS,NA,TRUE,2003,Lleida,2023,Lleida,NA
ANGEL PELAYO GORDILLO MORENO,NA,TRUE,2011,Badajoz,"2019, 2023, 2025",Badajoz,NA
ANTONIO ALVAREZ CIENFUEGOS DE AGUIRRE,NA,TRUE,2023,Badajoz,2019,Badajoz,NA
ANTONIO FERNANDEZ DE LA FUENTE,NA,TRUE,2007,Leon,2019,Leon,NA
BALTASAR JOSE MARIA MIGUELEZ RODRIGUEZ,NA,TRUE,2003,Zamora,"2019, 2023",Zamora,NA
BEGONA MIQUELARENA ALBISU,NA,TRUE,"2003, 2007",Cantabria,2023,Cantabria,NA
BENJAMIN FELIPE CALERO FIGUEROA,NA,TRUE,"2003, 2007",Toledo,2019,Toledo,NA
BERNARDO AMANCIO ALONSO GALLEGO,NA,TRUE,2015,Valladolid,2019,Valladolid,NA
BERNARDO CASIQUE MOZOMBITE,NA,TRUE,"2015, 2019",Barcelona,2023,Barcelona,NA
BRUNO DE SALVADOR SALA,NA,TRUE,2011,Barcelona,2023,Barcelona,NA
CARLOS ESMARAGDO IBARROLA DUENAS,NA,TRUE,"2003, 2007, 2011, 2015",Leon,2023,Leon,NA
CARLOS JAVIER SALAZAR DE LA ALDEA,NA,FALSE,2011,Bizkaia,2023,Madrid,NA
CARLOS LUIS GOMEZ DE LA FUENTE,NA,TRUE,2003,Segovia,2015,Segovia,NA
CARMELO ALVAREZ FERNANDEZ DE GAMARRA,NA,TRUE,2003,Madrid,"2019, 2023",Madrid,NA
CATALINA CORONADA REAL ALAMILLO,NA,TRUE,"2007, 2011",Huelva,2023,Huelva,NA
CELESTINO DEL TESO RODRIGUEZ,NA,TRUE,"2015, 2019",Salamanca,2023,Salamanca,NA
CESAR DE LAORDEN SANTIUSTE,NA,TRUE,2023,Tarragona,2019,Tarragona,NA
CESAR MARTINEZ JUANIS,NA,TRUE,2011,Segovia,2019,Segovia,NA
CLAUDIO JOAQUIN MANES MARTINEZ,NA,TRUE,"2003, 2011",Zaragoza,2023,Zaragoza,NA
CONSUELO GARCIA DE ANGULO DE LA CALLE,NA,FALSE,2003,Tarragona,2019,Cadiz,NA
CRISTINA COTO DE LA MATA,NA,FALSE,"2003, 2007","Asturias, Centro",2019,Asturias,NA
DANI DANIEL SANCHEZ GARCIA,NA,TRUE,2015,Granada,2019,Granada,NA
DAVID COSCULLUELA MARTINEZGALOFRE,NA,TRUE,2003,Barcelona,2023,Barcelona,NA
DIDIER GIGI NGOIE,NA,TRUE,"2015, 2019",S.C. Tenerife,2023,S.C. Tenerife,NA
EDUARDO GUTIERREZ DE CABIEDES HIDALGO DE CAVIEDES,NA,FALSE,2011,Navarra,"2014, 2015, 2019, 2023","Navarra, Single national constituency",NA
ELSA ANA VIETINA ALVAREZ,NA,FALSE,2015,Girona,2023,Madrid,NA
EMILIANO ALONSO VALDANZO,NA,TRUE,"2003, 2007, 2011, 2015",Valladolid,2023,Valladolid,NA
EMILIANO SANTOS ALVAREZ ALONSO,NA,FALSE,"2007, 2011",Leon,2015,"Leon, León",NA
EMILIO LOPEZ DEL CERRO,NA,TRUE,2003,Granada,2019,Granada,NA
ENRIQUE MARTINEZ DE GOICOECHEA,NA,TRUE,2003,Sevilla,2019,Sevilla,NA
ERNESTO PINILLA DEL ROSARIO,NA,TRUE,"2007, 2011",Zaragoza,2016,Zaragoza,NA
EVANGELINA SANCHEZ MASELI,NA,TRUE,"2007, 2015",Toledo,2019,Toledo,NA
FATIMA DE LA FLOR CASAS,NA,TRUE,"2011, 2015",Ciudad Real,2023,Ciudad Real,NA
FATIMA PACETTI CANADAS,NA,TRUE,2003,Granada,2019,Granada,NA
FELIPE DE ARRIBA MARTIN,NA,TRUE,2003,Salamanca,2023,Salamanca,NA
FELIPE DE LA RIVA BARROSO,NA,TRUE,2011,Madrid,2019,Madrid,NA
FERNANDO LOPEZ DEL ANGEL,NA,TRUE,2015,Navarra,2023,Navarra,NA
FRANCISCA GONZALEZ MARTINCOCINAS,NA,TRUE,2015,Toledo,2019,Toledo,NA
FRANCISCO CORREDERAS TRISTELL,NA,TRUE,"2011, 2015, 2019, 2021",Barcelona,2023,Barcelona,NA
FRANCISCO DE ASIS GARCIA FORTES,NA,FALSE,2003,Barcelona,2015,"Malaga, Málaga",NA
FRANCISCO HURTADO DE LA OSA,NA,TRUE,2015,Guadalajara,2023,Guadalajara,NA
FRANCISCO JAVIER DEL RIO SANCHEZ,NA,TRUE,2023,Madrid,2019,Madrid,NA
FRANCISCO JAVIER SOLERESPIAUBA GALLO,NA,FALSE,2015,Bizkaia,2023,Cantabria,NA
FRANCISCO REYES ABERTURO SANCHEZ,NA,TRUE,2015,Caceres,"2019, 2023",Caceres,NA
FRANCISCO TORNADIJO PEREZ,NA,FALSE,"2003, 2007",Barcelona,2023,Murcia,NA
GABRIEL FERNANDEZ GARCIA DE LA TORRE,NA,TRUE,2003,Burgos,2023,Burgos,NA
GARABET TARJENIAN ASTOUR,NA,TRUE,2011,Navarra,2019,Navarra,NA
GEMA BARTOLOME DEL VALLE,NA,TRUE,2015,Guadalajara,2023,Guadalajara,NA
GEMA FIERRES MOREJON,NA,TRUE,2015,Guadalajara,"2019, 2023",Guadalajara,NA
GONZALO JERONIMO RUIZ DE BURGOS MANJAVACAS,NA,FALSE,2019,Bizkaia,2023,Madrid,NA
HARTIOUN TARJENIAN ASTOUR,NA,TRUE,2011,Navarra,2019,Navarra,NA
HECTOR DE PRADO CASTRO,NA,TRUE,2023,Leon,2019,Leon,NA
HORTENSIA SANCHEZBRETANO SOLER,NA,TRUE,2023,Asturias,2019,Asturias,NA
IGNACIO GARRIGA VAZ DE CONCICAO,NA,FALSE,2007,Barcelona,"2015, 2016, 2019, 2021, 2023, 2024","Barcelona, Madrid, Single national constituency",NA
INIGO HENRIQUEZ DE LUNA LOSADA,NA,TRUE,"2003, 2007, 2011, 2015",Madrid,"2019, 2021, 2023",Madrid,NA
INIGO MARTINEZ DE ARTOLA SILVA,NA,TRUE,2003,Gipuzkoa,2023,Gipuzkoa,NA
ISIDORO DE MIGUEL CREMER,NA,TRUE,"2015, 2019",Burgos,2023,Burgos,NA
JAIME BENJAMIN BALLARIN PUYAL,NA,TRUE,2019,Huesca,"2023, 2026",Huesca,NA
JAIME LEON DIAZ DE ENTRESOTOS CORTES,NA,FALSE,"2003, 2007",Illes Balears,"2019, 2023","Eivissa, Illes Balears",NA
JAIME LOZANO DE ANCOS,NA,TRUE,2011,Toledo,2023,Toledo,NA
JAVIER DE LUCAS SANZ,NA,TRUE,"2003, 2019",Segovia,"2023, 2026",Segovia,NA
JAVIER PIQUERO DE LA CALLE,NA,TRUE,"2011, 2015, 2019",Segovia,2023,Segovia,NA
JAVIER REMIS HURLE,NA,FALSE,"2007, 2011",Asturias,2019,Oriente,NA
JEROME GARRIS SUAREZ,NA,FALSE,"2011, 2015",Araba/Alava,"2019, 2023","Araba/Alava, Madrid",NA
JESUS LER GONZALEZ,NA,TRUE,2023,Lleida,2015,Lleida,NA
JOAN BALLLLOSERA LLAGOSTERA,NA,TRUE,2011,Girona,"2023, 2024",Girona,NA
JOAQUIN ZAPICO MARTIN GRANDE,NA,TRUE,"2003, 2007, 2019",Malaga,2015,Malaga,NA
JORGE ALBERTO CHANTAL RECIO,NA,TRUE,2015,Madrid,2023,Madrid,NA
JORGE MOLINA DE LA MORENA,NA,TRUE,2007,Toledo,2023,Toledo,NA
JOSE ALBERTO TEMINO CABIA,NA,TRUE,2011,Burgos,2023,Burgos,NA
JOSE ALFREDO GARCIA FERNANDEZ DEL VISO,NA,TRUE,2003,Asturias,2019,Asturias,NA
JOSE ANTONIO JOAQUIN VARONA VARONA,NA,FALSE,2003,Cordoba,"2015, 2023","Cordoba, Madrid",NA
JOSE ANTONIO RIVERA CAPADO,NA,TRUE,"2003, 2015",Huelva,2023,Huelva,NA
JOSE ANTONIO RUIZ VALDEPENAS MOLINO,NA,FALSE,2007,Madrid,2019,Ciudad Real,NA
JOSE ANTONIO SANCHEZ AYLON,NA,TRUE,"2011, 2015",Zaragoza,2023,Zaragoza,NA
JOSE DE AZEVEDO TORRA,NA,TRUE,"2011, 2015",Barcelona,"2019, 2021",Barcelona,NA
JOSE JOAQUIN DE LA TORRE LOPEZ,NA,TRUE,"2003, 2007, 2011, 2015",Huelva,2023,Huelva,NA
JOSE LUIS CACACE ROSSI,NA,TRUE,2007,Sevilla,2019,Sevilla,NA
JOSE LUIS MIRON FIANCES,NA,TRUE,2015,Sevilla,2023,Sevilla,NA
JOSE MARIA AMALIO GARCIA ARIAS VIEIRA,NA,TRUE,2007,Guadalajara,2015,Guadalajara,NA
JOSE MARIA VIERNA PERNIA,NA,FALSE,2015,Girona,2019,Leon,NA
JOSE MIGUEL LLARAS FUENTES,NA,TRUE,2015,Huesca,2023,Huesca,NA
JOSE MIGUEL NOVILLO RIUSECH,NA,TRUE,2015,Navarra,2023,Navarra,NA
JUAN ANTONIO BESTARD PLANIOLS,NA,TRUE,"2007, 2015",Illes Balears,"2019, 2023",Illes Balears,NA
JUAN ANTONIO DEL PENO LLORENTE,NA,TRUE,"2003, 2007, 2011, 2015, 2019","Asturias, Centro",2023,"Asturias, Centro",NA
JUAN CARLOS DE LA FUENTE GONZALEZ,NA,TRUE,"2015, 2019",Zamora,2023,Zamora,NA
JUAN CARLOS DE SEGURA JUST,NA,FALSE,2003,Bizkaia,2024,Barcelona,NA
JUAN CARLOS DEL REY MARTINEZ,NA,TRUE,2019,Valencia,2023,Valencia,NA
JUAN DE DIOS ARDILA EXPOSITO,NA,FALSE,"2011, 2015",Almeria,2019,Girona,NA
JUAN DE DIOS CASAS CRISTOBAL,NA,TRUE,"2019, 2023",Madrid,2015,Madrid,NA
JUAN DE DIOS PEQUENO ESCALANTE,NA,TRUE,2003,Cordoba,2019,Cordoba,NA
JUAN DE LA CRUZ GARRIGA DOMENECH,NA,TRUE,2007,Barcelona,2021,Barcelona,NA
JUAN RAMON DEOP PEREZ,NA,TRUE,2003,Madrid,2023,Madrid,NA
JUAN VALENTIN KIRCHHOFER LOPEZ,NA,TRUE,2003,Illes Balears,2019,Illes Balears,NA
JULIO LAUREANO GARCIA ALVIRA,NA,TRUE,2011,Barcelona,2019,Barcelona,NA
KARININA ISABEL BOEHME DUDE,NA,TRUE,2019,Barcelona,2023,Barcelona,NA
LAURA DORREIS ALONSO,NA,FALSE,2007,Leon,2026,León,NA
LEOCADIA MARIA BENAVENTE LARA,NA,FALSE,"2007, 2011",Cadiz,"2019, 2022, 2023","Cadiz, Cádiz",NA
LIBERTO ALFONSO SENDEROS PEREZ,NA,TRUE,2015,Barcelona,2023,Barcelona,NA
LIDIA BEDMAN LAPENA,NA,FALSE,2011,Araba/Alava,2015,Madrid,NA
LIDIA REGINA AGUADO LOPEZ,NA,TRUE,"2011, 2015",Granada,2023,Granada,NA
LOURDES BARBARA URDIALES DONA,NA,TRUE,"2003, 2007",Malaga,2023,Malaga,NA
LOURDES PAMELA TORRUBIA IBANEZ,NA,TRUE,2019,Cordoba,2023,Cordoba,NA
LUCAS AMADOR GIL DEL PINO,NA,FALSE,2015,Lleida,2023,Cordoba,NA
LUCIA ILENIA ACOSTA MARTIN,NA,FALSE,2015,S.C. Tenerife,2019,La Palma,NA
LUCINO CACHERO FUEYO,NA,FALSE,"2007, 2015","Barcelona, Madrid",2023,Madrid,NA
LUIS ALBERTO MANTARAS MUNOZ,NA,TRUE,"2007, 2015",Huelva,2019,Huelva,NA
LUIS ASUA BRUNT,NA,TRUE,"2003, 2007, 2011",Madrid,"2019, 2021",Madrid,NA
LUIS COMYN GOMEZ ACEBO,NA,TRUE,2015,Segovia,2023,Segovia,NA
LUIS GESTOSO DE MIGUEL,NA,FALSE,"2003, 2007",Murcia,"2019, 2023","Murcia, Región de Murcia",NA
LUIS JAVIER GUAYERBAS FERNANDEZ,NA,TRUE,"2007, 2011, 2015, 2019",Barcelona,2023,Barcelona,NA
LUIS LOZANO ALBORECA,NA,TRUE,2007,Madrid,2019,Madrid,NA
LUIS MIGUEL MARTINALBO SASTRE,NA,TRUE,2015,Avila,2019,Avila,NA
LUIS MIGUEL URRECHU REVOIRO,NA,FALSE,2003,Araba/Alava,"2016, 2019, 2020","Álava, Araba/Alava",NA
LUIS MIGUEL VILLALBA DE DIEGO,NA,TRUE,2019,Valladolid,2023,Valladolid,NA
LUISCARLOS CAMPOS DE LA FUENTE,NA,TRUE,2015,Cuenca,2023,Cuenca,NA
M INMACULADA GONZALEZ LOPEZ,NA,FALSE,2023,Avila,2019,Murcia,NA
MAGACEDA CANADA CANADA,NA,TRUE,2015,Cuenca,2023,Cuenca,NA
MAGDALENA RITA GONZALEZ CARRASCOSA MALPICA,NA,TRUE,2007,Granada,2019,Granada,NA
MANUEL DEL RIO PALACIOS,NA,TRUE,2019,Zamora,2023,Zamora,NA
MANUEL JOSE REBOLLO JUANILLO,NA,TRUE,2019,Salamanca,2023,Salamanca,NA
MANUEL JOSUE CASTILLO GARCIA,NA,TRUE,2015,Toledo,2019,Toledo,NA
MARGARITA DE SOUSA LORENZANA,NA,FALSE,2007,Leon,2023,Asturias,NA
MARIA ADELA VAO CANADAS,NA,TRUE,2011,Granada,"2022, 2023, 2026",Granada,NA
MARIA AMELIA BAENA ESPADAFOR,NA,TRUE,2011,Granada,2019,Granada,NA
MARIA DE LA CONSOLACION VALDES FERNANDEZ,NA,TRUE,2007,Asturias,2019,Asturias,NA
MARIA DE LAS MERCEDES FERNANDEZ GONZALEZ,NA,TRUE,2007,Palencia,2019,Palencia,NA
MARIA DE LAS NIEVES ALMANSA MARTIN,NA,TRUE,"2007, 2011",Ciudad Real,2023,Ciudad Real,NA
MARIA DE LAS NIEVES ALONSO CABALLERO,NA,TRUE,2011,Valladolid,2023,Valladolid,NA
MARIA DE LAS NIEVES MARURI ZABALA,NA,TRUE,2007,Jaen,2023,Jaen,NA
MARIA DE LAS NIEVES NICOLAS JIMENEZ,NA,FALSE,2019,Avila,2023,Segovia,NA
MARIA DE LOS ANGELES ESCRIBANO JAEN,NA,TRUE,2003,Castellon,"2019, 2023",Castellon,NA
MARIA DE LOS ANGELES GARCIA RUIZ,NA,FALSE,2023,Sevilla,2023,Ciudad Real,NA
MARIA DE LOS ANGELES LUACES MUNIZ,NA,TRUE,2003,Valladolid,"2019, 2023",Valladolid,NA
MARIA DE LOS ANGELES OTERO BOUZAS,NA,TRUE,2003,Ourense,2023,Ourense,NA
MARIA DE LOS ANGELES VEGA MOTA,NA,TRUE,2019,Cadiz,2023,Cadiz,NA
MARIA DE LOS REYES QUINTANA VELEZ,NA,TRUE,2011,Jaen,2023,Jaen,NA
MARIA DEL CARMEN ALONSO GARCIA,NA,FALSE,2011,"Almeria, Sevilla",2023,Barcelona,NA
MARIA DEL CARMEN ANGULO CHUQUIPIONDO,NA,TRUE,"2015, 2019",Barcelona,2023,Barcelona,NA
MARIA DEL CARMEN BARROSO GARCIA,NA,TRUE,"2011, 2015",Toledo,2019,Toledo,NA
MARIA DEL CARMEN CABEZAS MOLERO,NA,TRUE,2011,Cordoba,2023,Cordoba,NA
MARIA DEL CARMEN FERNANDEZ RUIZ,NA,FALSE,2015,Malaga,2023,Zaragoza,NA
MARIA DEL CARMEN GARCIA FERNANDEZ,NA,FALSE,"2007, 2011, 2015, 2019, 2023","Sevilla, Tarragona",2023,Madrid,NA
MARIA DEL CARMEN GARCIA GARCIA,NA,FALSE,"2003, 2007, 2019, 2023","Barcelona, Cordoba, Leon",2023,"Albacete, Almeria",NA
MARIA DEL CARMEN GARCIA GONZALEZ,NA,FALSE,"2003, 2007, 2015, 2019, 2023","A Coruna, Guadalajara, Sevilla","2015, 2023","Madrid, Salamanca",NA
MARIA DEL CARMEN GARCIA LOPEZ,NA,FALSE,"2003, 2015, 2019, 2023","Barcelona, Granada, Toledo",2023,Jaen,NA
MARIA DEL CARMEN GARCIA PEREZ,NA,FALSE,2023,Cordoba,2023,S.C. Tenerife,NA
MARIA DEL CARMEN GARCIA RODRIGUEZ,NA,FALSE,"2011, 2015, 2023","Badajoz, Granada","2019, 2023","Madrid, Segovia",NA
MARIA DEL CARMEN GARCIA ROMERO,NA,FALSE,"2003, 2007","Ciudad Real, Palencia",2023,Barcelona,NA
MARIA DEL CARMEN GOMEZ GARCIA,NA,FALSE,"2003, 2019","Cuenca, Huelva",2023,Cuenca,NA
MARIA DEL CARMEN JIMENEZ JIMENEZ,NA,FALSE,2023,Malaga,2015,"Caceres, Cáceres",NA
MARIA DEL CARMEN LOPEZ FERNANDEZ,NA,FALSE,"2003, 2007, 2011, 2023","Alicante, Asturias, Cuenca, Leon, Malaga",2019,Sevilla,NA
MARIA DEL CARMEN LOPEZ GRACIA,NA,TRUE,2003,Madrid,2023,Madrid,NA
MARIA DEL CARMEN LOPEZ GUZMAN,NA,FALSE,2023,Ciudad Real,2019,Cadiz,NA
MARIA DEL CARMEN LOPEZ LOPEZ,NA,FALSE,"2003, 2011","Albacete, Almeria",2023,Madrid,NA
MARIA DEL CARMEN LOPEZ RUIZ,NA,FALSE,"2007, 2011, 2015",Jaen,2015,Sevilla,NA
MARIA DEL CARMEN LOPEZ SANCHEZ,NA,FALSE,"2011, 2015, 2019, 2023",Cordoba,2023,Madrid,NA
MARIA DEL CARMEN MARTIN FERNANDEZ,NA,FALSE,"2015, 2019, 2023",Toledo,2023,Valladolid,NA
MARIA DEL CARMEN MARTINEZ MARTINEZ,NA,FALSE,"2003, 2011, 2015, 2019","Almeria, Granada, Jaen",2023,"Albacete, Almeria",NA
MARIA DEL CARMEN MARTINEZ SANCHEZ,NA,FALSE,2003,Jaen,2023,Murcia,NA
MARIA DEL CARMEN NAVARRO DOMINGO,NA,TRUE,2023,Granada,2019,Granada,NA
MARIA DEL CARMEN NAVARRO ROBLES,NA,TRUE,2007,Granada,2023,Granada,NA
MARIA DEL CARMEN ORTIZ GARCIA,NA,FALSE,"2011, 2015",Toledo,2023,Huelva,NA
MARIA DEL CARMEN PEREZ TERROBA,NA,TRUE,2003,Cadiz,2019,Cadiz,NA
MARIA DEL CARMEN RAQUEL GARCIA MOLINA,NA,TRUE,2015,Soria,"2016, 2023",Soria,NA
MARIA DEL CARMEN RODRIGUEZ BLANCO,NA,FALSE,"2011, 2019, 2023","Bizkaia, Ciudad Real, Salamanca",2023,Cordoba,NA
MARIA DEL CARMEN RODRIGUEZ GONZALEZ,NA,FALSE,2011,Jaen,2023,Leon,NA
MARIA DEL CARMEN ROMERO FERNANDEZ,NA,FALSE,"2003, 2007, 2015","Barcelona, Ciudad Real",2019,Sevilla,NA
MARIA DEL CARMEN RUIZ GARCIA,NA,FALSE,2003,Granada,2023,Cadiz,NA
MARIA DEL CARMEN RUIZ MARTINEZ,NA,FALSE,2019,Gipuzkoa,"2015, 2019, 2023",Murcia,NA
MARIA DEL CARMEN SANCHEZ DIAZ,NA,FALSE,"2015, 2023","Illes Balears, Las Palmas",2023,Ciudad Real,NA
MARIA DEL CARMEN SANCHEZ GARCIA,NA,FALSE,"2003, 2007, 2011",Toledo,2023,Madrid,NA
MARIA DEL CARMEN SANCHEZ IZQUIERDO,NA,TRUE,2007,Barcelona,"2019, 2023",Barcelona,NA
MARIA DEL CARMEN SANCHEZ ROBLES,NA,FALSE,2007,Girona,2023,Barcelona,NA
MARIA DEL CARMEN SANTANA MARTIN,NA,FALSE,2011,Las Palmas,"2015, 2016, 2019","Gran Canaria, Las Palmas",NA
MARIA DEL CORAL MARTIN GOMEZ,NA,TRUE,2007,Sevilla,"2019, 2023",Sevilla,NA
MARIA DEL MAR DELGADO GARRUCHO,NA,FALSE,2015,Jaen,"2022, 2023","Jaen, Jaén",NA
MARIA DEL MAR MORIANA ESPEJO,NA,TRUE,2015,Leon,"2019, 2023",Leon,NA
MARIA DEL MAR RODRIGUEZ GOMEZ,NA,FALSE,"2007, 2011, 2019","Madrid, Sevilla","2019, 2023",Sevilla,NA
MARIA DEL PILAR ALVARO PEREZ,NA,TRUE,2023,Burgos,2019,Burgos,NA
MARIA DEL PILAR DIAZ VAZQUEZ,NA,TRUE,"2007, 2011",Badajoz,2023,Badajoz,NA
MARIA DEL PILAR FERNANDEZ FERNANDEZ,NA,FALSE,"2007, 2023","Badajoz, Malaga",2023,Zamora,NA
MARIA DEL PILAR GARCIA GARCIA,NA,FALSE,"2007, 2011, 2019, 2023","Albacete, Badajoz, Ciudad Real, Guadalajara",2023,Caceres,NA
MARIA DEL PILAR GUTIERREZ GOMEZ,NA,TRUE,2003,Toledo,2023,Toledo,NA
MARIA DEL PILAR MARTIN PARRA,NA,TRUE,2019,Zamora,2023,Zamora,NA
MARIA DEL PILAR MARTINEZ LOPEZ,NA,FALSE,"2003, 2019","Jaen, Madrid",2015,A Coruna,NA
MARIA DEL PILAR MORALES DEL CASTILLO,NA,TRUE,"2007, 2011",Granada,2023,Granada,NA
MARIA DEL PILAR PANADERO HERNANDEZ,NA,TRUE,2023,Caceres,2019,Caceres,NA
MARIA DEL PILAR PEREZ GARCIA,NA,FALSE,"2007, 2015, 2019","Cáceres, Jaen, Sevilla",2019,Palencia,NA
MARIA DEL PILAR SANCHEZ PEREZ,NA,FALSE,"2003, 2007",Caceres,"2023, 2026","Jaen, Jaén",NA
MARIA DEL ROCIO BARRERA PABLO,NA,TRUE,"2003, 2007",Avila,2019,Avila,NA
MARIA DEL ROSARIO GARCIA SANCHEZ,NA,FALSE,"2011, 2015",Salamanca,2023,Albacete,NA
MARIA DEL ROSARIO RIVERA DEL RIO,NA,FALSE,2003,Leon,2023,Zamora,NA
MARIA DEL SOCORRO DEL FRAILE SARMIENTO,NA,FALSE,2003,Madrid,2023,Leon,NA
MARIA DOLORES CREUS RABASEDA,NA,TRUE,2011,Girona,2023,Girona,NA
MARIA DOLORES MONTORO DE FRANCISCO,NA,TRUE,"2007, 2011",Madrid,"2019, 2023",Madrid,NA
MARIA HELENA FERNANDEZ DEL RIO,NA,TRUE,2019,Barcelona,2023,Barcelona,NA
MARIA INMACULADA GONZALEZ DEL VALLE ALLENDE,NA,FALSE,"2003, 2007",Gipuzkoa,2019,Bizkaia,NA
MARIA ISABEL GARCIA ARRIMADA,NA,TRUE,2019,Leon,2023,Leon,NA
MARIA JOSE CANO TIRAO,NA,TRUE,2007,Barcelona,2019,Barcelona,NA
MARIA JOSE PERALLON GALLEGO,NA,FALSE,2007,Barcelona,"2019, 2021, 2023","Barcelona, Girona",NA
MARIA JOSE SAN LEON BORJA,NA,TRUE,"2011, 2015",Valencia,2023,Valencia,NA
MARIA LEELEE CHOW CASAS,NA,TRUE,2003,Zaragoza,2023,Zaragoza,NA
MARIA LICER GONZALEZ REGO,NA,FALSE,"2003, 2015",Barcelona,2019,Lugo,NA
MARIA LUISA VELAZQUEZ DE CASTRO SANCHEZ,NA,TRUE,"2015, 2019",Granada,2023,Granada,NA
MARIA MANUELA DE LA HORRA TORRES,NA,TRUE,"2007, 2011",Madrid,2023,Madrid,NA
MARIA MONTSERRAT PARETAS JUHE,NA,FALSE,"2003, 2007, 2019",Barcelona,2023,Avila,NA
MARIA PILAR SARASOLA PEDRUZO,NA,FALSE,"2007, 2011",Araba/Alava,"2015, 2016, 2020, 2023, 2024","Álava, Araba/Alava, Gipuzkoa",NA
MARIA REGLA DABANA MARIN,NA,TRUE,2015,Asturias,2019,Asturias,NA
MARIA ROSA DE QUINTANA ANDREU,NA,FALSE,2007,Barcelona,2023,Girona,NA
MARIA TERESA FERRO GRISOLIA,NA,FALSE,2015,Gipuzkoa,2023,Madrid,NA
MARIA TERESA FUERTES COMINGES,NA,TRUE,2003,Bizkaia,2015,Bizkaia,NA
MARIA VISITACION AGUADO DEL OLMO,NA,FALSE,"2015, 2019","Barcelona, Madrid",2023,Madrid,NA
MARIANA OCHOA DE RETANA FRAMIS,NA,FALSE,2011,Barcelona,"2019, 2023",Cadiz,NA
MARIANO ESTECHA DE DIEGO,NA,FALSE,2011,Almeria,"2022, 2023","Almeria, Almería",NA
MARINA DE SAN ANTONIO BERRENDERO,NA,TRUE,"2007, 2011",Madrid,2023,Madrid,NA
MARINE VANDEPUTTE,NA,TRUE,2019,S.C. Tenerife,2023,S.C. Tenerife,NA
MARTIN VALENZUELA DE LA TORRE,NA,TRUE,2011,Jaen,2023,Jaen,NA
MIGUEL CORTY FRIEDRICH,NA,TRUE,2007,Alicante,2023,Alicante,NA
MIGUEL FACUNDO ALAMBIAGA AGUSTI,NA,TRUE,2015,Valencia,2023,Valencia,NA
MIGUEL LOPEZ DE LOS SANTOS,NA,TRUE,"2003, 2007",Cantabria,2023,Cantabria,NA
MIRIAM RINONES VEGA,NA,TRUE,2019,Cantabria,2023,Cantabria,NA
MODESTO PABLO MUNOZ GALLEGO,NA,FALSE,2015,Asturias,"2019, 2023",Leon,NA
MOISES MARINO GONZALEZ GONZALEZ,NA,TRUE,"2007, 2011",Granada,"2019, 2023",Granada,NA
NADIA DELGADO GOMEZJORDANA,NA,TRUE,2007,Leon,2019,Leon,NA
NICOLAS GOMES RABACAL,NA,TRUE,"2003, 2007",Leon,2019,Leon,NA
OLAF DOS ANJOS RIVAS,NA,TRUE,2019,Asturias,2023,Asturias,NA
OSCAR FELIPE DE TORRES NEIRA,NA,FALSE,2003,Gipuzkoa,"2019, 2023",Madrid,NA
OSWALDO AQUILINO TAVIO ACEVEDO,NA,TRUE,2011,Las Palmas,2019,Las Palmas,NA
PABLO GUTIERREZ DE CABIEDES HIDALGO DE CAVIEDES,NA,FALSE,2011,Navarra,"2019, 2021, 2023",Madrid,NA
PABLO SANTO DE LA FUENTE,NA,FALSE,2011,Barcelona,2019,Cadiz,NA
PASCUAL MOXICA PRUNEDA,NA,TRUE,2003,Alicante,2019,Alicante,NA
PATRICIA CORONEL NOHL,NA,TRUE,2007,Malaga,2019,Malaga,NA
PATRICIA MOSULEN SANCHEZ,NA,TRUE,2015,Avila,2019,Avila,NA
PEDRO BERNABE NAVARRO GARCIA,NA,FALSE,2011,Granada,2023,Almeria,NA
PEDRO MIGUEL RANCHO CARRACEDO,NA,TRUE,"2011, 2015",Leon,2019,Leon,NA
PEDRO PASCUAL DE LA CRUZ NIEVES,NA,TRUE,2015,Albacete,2023,Albacete,NA
RAMON GOMEZ DE SALAZAR CASO DE LOS COBOS,NA,FALSE,2003,Gipuzkoa,2019,Madrid,NA
RAMON MONFA HERREROS,NA,TRUE,2011,Lleida,"2019, 2021",Lleida,NA
RAQUEL CASVINER CANELLAS,NA,FALSE,2007,Girona,"2019, 2021",Barcelona,NA
RICARDO ARRUDI CAJAL,NA,TRUE,2011,Huesca,2019,Huesca,NA
RICARDO GALI ASMARATS,NA,FALSE,2019,Barcelona,2023,"Illes Balears, Menorca",NA
RICARDO QUINTIN GARCIA MOYA,NA,TRUE,"2003, 2015",Granada,2023,Granada,NA
ROBERTO SENACH SAN MILLAN,NA,FALSE,"2007, 2011",Cantabria,2023,"Cantabria, Murcia",NA
ROGER PATRICK DEIGN,NA,TRUE,"2007, 2011, 2015",Las Palmas,"2019, 2023",Las Palmas,NA
SALOME BOSCH DE LA CERDA,NA,FALSE,2003,Barcelona,2023,Caceres,NA
SAMUEL GARCIA OCHOA MARTIN,NA,TRUE,2019,Toledo,2023,Toledo,NA
SANTIAGO ABASCAL ESCUZA,NA,TRUE,"2003, 2004, 2007, 2011, 2012, 2015","Álava, Araba/Alava",2016,"Álava, Araba/Alava",NA
SANTIAGO SERGIO MUNOZ IGUALADA,NA,TRUE,"2015, 2019",Cuenca,2023,Cuenca,NA
SELUDED MARTIN MARANON,NA,TRUE,2015,Huelva,2019,Huelva,NA
SILVIA DEL PRADO TABOADA GARCIA,NA,FALSE,2003,S.C. Tenerife,2023,"Lanzarote, Las Palmas",NA
SIVA LEON RUBIO,NA,TRUE,"2011, 2015",Valencia,"2019, 2023",Valencia,NA
SONIA FERNANDEZ SALINERO SAN MARTIN,NA,TRUE,2007,Madrid,2023,Madrid,NA
SUSANA HERNANDEZ DEL MAZO,NA,TRUE,2015,Toledo,2023,Toledo,NA
THIBAULT OLIVER FLERON GRIGNARD,NA,TRUE,"2003, 2011",Cadiz,2023,Cadiz,NA
VALENTIN CHACARTEGUI CICEROL,NA,TRUE,2011,Illes Balears,2019,Illes Balears,NA
VASILICA ADRIANA PANAINTESCU TINCA,NA,FALSE,2019,Bizkaia,2023,Madrid,NA
VICENTE CHANQUET HERNANDEZ,NA,TRUE,2007,Caceres,2023,Caceres,NA
VICENTE NERIN DUCHA,NA,TRUE,2011,Zaragoza,2023,Zaragoza,NA
VICTOR MANUEL ANTEQUERA GAFORIO,NA,TRUE,2015,Granada,2019,Granada,NA
VIRGINIA REBECA TORRES SANZ,NA,FALSE,"2007, 2015","Madrid, Malaga","2019, 2023",Madrid,NA
WENCESLAO ALBERTO FONT BRIONES,NA,TRUE,"1993, 2003, 2007, 2011, 2015",Huelva,"2019, 2023",Huelva,NA
YAGO RAMON GALAN ALTEMIR,NA,TRUE,"2007, 2011, 2015, 2019",Barcelona,2023,Barcelona,NA
YOLANDA CARMEN TENA SOLAVERA,NA,FALSE,"2007, 2011",Castellon,"2019, 2023","Castellon, Castellón",NA
YOLANDA LUISA CABEZUELO ARENAS,NA,FALSE,2011,Cadiz,2023,Alicante,NA
