"","from","to","weight"
"1","ADRIAN GARCIA MARTINEZ","DAVID GARCIA GOMIS",1
"2","ADRIAN GARCIA MARTINEZ","MARIA ISABEL DOMINGUEZ POMARES",1
"3","ADRIAN TRASHORRAS ALVAREZ","ALBA MARIA SANCHEZ POZAS",1
"4","ADRIAN TRASHORRAS ALVAREZ","ALEJANDRO HERNANDEZ VALDES",1
"5","ADRIAN TRASHORRAS ALVAREZ","ANA MARIA RUIZ VAZQUEZ",1
"6","ADRIAN TRASHORRAS ALVAREZ","ANTONIO JOSE LUNA GARCIA",1
"7","ADRIAN TRASHORRAS ALVAREZ","ANTONIO SEVILLA RODRIGUEZ",2
"8","ADRIAN TRASHORRAS ALVAREZ","BEATRIZ SANCHEZ AGUSTINO",1
"9","ADRIAN TRASHORRAS ALVAREZ","BENITO MORILLO ALEJO",2
"10","ADRIAN TRASHORRAS ALVAREZ","BLANCA ARMARIO GONZALEZ",1
"11","ADRIAN TRASHORRAS ALVAREZ","CLOTILDE SALVADOR SANCHEZ",1
"12","ADRIAN TRASHORRAS ALVAREZ","CRISTINA ALEJANDRA JIMENEZ JIMENEZ",1
"13","ADRIAN TRASHORRAS ALVAREZ","GEMA ISABEL GUTIERREZ TOSCANO",1
"14","ADRIAN TRASHORRAS ALVAREZ","JAIME JAVIER DOMINGO MARTINEZ",1
"15","ADRIAN TRASHORRAS ALVAREZ","JAVIER CORTES LUCENA",2
"16","ADRIAN TRASHORRAS ALVAREZ","JOSE MARIA ORTELLS POLO",1
"17","ADRIAN TRASHORRAS ALVAREZ","JUAN JOSE BOSQUET ARIAS",1
"18","ADRIAN TRASHORRAS ALVAREZ","JUAN JOSE COCA LOPEZ",1
"19","ADRIAN TRASHORRAS ALVAREZ","MACARENA OLONA CHOCLAN",1
"20","ADRIAN TRASHORRAS ALVAREZ","MANUEL GAVIRA FLORENTINO",2
"21","ADRIAN TRASHORRAS ALVAREZ","MARIA CRISTINA PELAEZ IZQUIERDO",1
"22","ADRIAN TRASHORRAS ALVAREZ","MARIA GORETTI EIBERLE SANCHEZ DE TOCA",1
"23","ADRIAN TRASHORRAS ALVAREZ","MARIA JOSE RODRIGUEZ DE MILLAN PARRO",1
"24","ADRIAN TRASHORRAS ALVAREZ","MARIA MAGDALENA PUENTEDURA PEREZ",1
"25","ADRIAN TRASHORRAS ALVAREZ","MARIA MERCEDES RODRIGUEZ TAMAYO",1
"26","ADRIAN TRASHORRAS ALVAREZ","MARIA TERESA DE TERRY OLLERO",1
"27","ADRIAN TRASHORRAS ALVAREZ","NOELIA MARIA CAMPOS RODRIGUEZ",1
"28","ADRIAN TRASHORRAS ALVAREZ","PAULA DE LOS ANGELES BADANELLI BERRIOZABAL",1
"29","ADRIAN TRASHORRAS ALVAREZ","PURIFICACION FERNANDEZ MORALES",1
"30","ADRIAN TRASHORRAS ALVAREZ","RAFAEL SEGOVIA BROME",2
"31","ADRIAN TRASHORRAS ALVAREZ","RICARDO LOPEZ OLEA",2
"32","ADRIAN TRASHORRAS ALVAREZ","ROCIO MARIN ORTEGA",1
"33","ADRIAN TRASHORRAS ALVAREZ","RODRIGO JAVIER ALONSO FERNANDEZ",2
"34","AGUSTIN ROSETY FERNANDEZ DE CASTRO","ALBA FRANCO ELVIRA",1
"35","AGUSTIN ROSETY FERNANDEZ DE CASTRO","ALBERTO TARRADAS PANEQUE",2
"36","AGUSTIN ROSETY FERNANDEZ DE CASTRO","ALBERTO TEOFILO ASARTA CUEVAS",2
"37","AGUSTIN ROSETY FERNANDEZ DE CASTRO","ALEJANDRO GOMEZ RODRIGUEZ",2
"38","AGUSTIN ROSETY FERNANDEZ DE CASTRO","ALEJANDRO NOLASCO ASENSIO",2
"39","AGUSTIN ROSETY FERNANDEZ DE CASTRO","ALEJANDRO VILA POLO",1
"40","AGUSTIN ROSETY FERNANDEZ DE CASTRO","AMAYA ACOSTA BARRERA",2
"41","AGUSTIN ROSETY FERNANDEZ DE CASTRO","ANA GUILLEN PENA",1
"42","AGUSTIN ROSETY FERNANDEZ DE CASTRO","ANA MARIA VELASCO VIDALABARCA",2
"43","AGUSTIN ROSETY FERNANDEZ DE CASTRO","ANDRES ALBERTO RODRIGUEZ ALMEIDA",2
"44","AGUSTIN ROSETY FERNANDEZ DE CASTRO","ANDRES FELIX BELLO SANZ",2
"45","AGUSTIN ROSETY FERNANDEZ DE CASTRO","ANGEL LOPEZ MARAVER",1
"46","AGUSTIN ROSETY FERNANDEZ DE CASTRO","ANGEL PELAYO GORDILLO MORENO",1
"47","AGUSTIN ROSETY FERNANDEZ DE CASTRO","ANTONIO DE MIGUEL ANTON",2
"48","AGUSTIN ROSETY FERNANDEZ DE CASTRO","ANTONIO RAMON LOPEZ GOMEZ",2
"49","AGUSTIN ROSETY FERNANDEZ DE CASTRO","ANTONIO SALVA VERD",2
"50","AGUSTIN ROSETY FERNANDEZ DE CASTRO","BEATRIZ GONZALEZ VARELA",2
"51","AGUSTIN ROSETY FERNANDEZ DE CASTRO","BEATRIZ TEJERO OLLER",2
"52","AGUSTIN ROSETY FERNANDEZ DE CASTRO","BLANCA MARIA HERREROS RODRIGUEZ",1
"53","AGUSTIN ROSETY FERNANDEZ DE CASTRO","CARLA TOSCANO DE BALBIN",2
"54","AGUSTIN ROSETY FERNANDEZ DE CASTRO","CARLOS JOSE ZAMBRANO GARCIARAEZ",2
"55","AGUSTIN ROSETY FERNANDEZ DE CASTRO","CARLOS MENENDEZ BLANCO",1
"56","AGUSTIN ROSETY FERNANDEZ DE CASTRO","CARLOS POLLAN FERNANDEZ",1
"57","AGUSTIN ROSETY FERNANDEZ DE CASTRO","CRISTINA ALEJANDRA JIMENEZ JIMENEZ",1
"58","AGUSTIN ROSETY FERNANDEZ DE CASTRO","CRISTINA DE ESTEBAN CALONJE",1
"59","AGUSTIN ROSETY FERNANDEZ DE CASTRO","CRISTINA ESTEBAN CALONJE",1
"60","AGUSTIN ROSETY FERNANDEZ DE CASTRO","DAVID BORJA PEREZ",1
"61","AGUSTIN ROSETY FERNANDEZ DE CASTRO","EMILIO JESUS DEL VALLE RODRIGUEZ",2
"62","AGUSTIN ROSETY FERNANDEZ DE CASTRO","EMILIO JIMENEZ ROMAN",1
"63","AGUSTIN ROSETY FERNANDEZ DE CASTRO","FRANCISCO CUSTODIO RODRIGUEZ",1
"64","AGUSTIN ROSETY FERNANDEZ DE CASTRO","FRANCISCO DE BORJA REVILLA BRIOSO",1
"65","AGUSTIN ROSETY FERNANDEZ DE CASTRO","FRANCISCO JAVIER ORTEGA SMITHMOLINA",1
"66","AGUSTIN ROSETY FERNANDEZ DE CASTRO","FRANCISCO JAVIER TOQUERO DEL VADO",1
"67","AGUSTIN ROSETY FERNANDEZ DE CASTRO","FRANCISCO JOSE ALCARAZ MARTOS",2
"68","AGUSTIN ROSETY FERNANDEZ DE CASTRO","FRANCISCO JOSE CONTRERAS PELAEZ",1
"69","AGUSTIN ROSETY FERNANDEZ DE CASTRO","FRANCISCO JOSE DIAZ GRANADOS",1
"70","AGUSTIN ROSETY FERNANDEZ DE CASTRO","FULGENCIO COLL BUCHER",2
"71","AGUSTIN ROSETY FERNANDEZ DE CASTRO","GEMA ISABEL GUTIERREZ TOSCANO",1
"72","AGUSTIN ROSETY FERNANDEZ DE CASTRO","GEORGINA TRIAS GIL",2
"73","AGUSTIN ROSETY FERNANDEZ DE CASTRO","GERARDO ACEITUNO CARRASCO",2
"74","AGUSTIN ROSETY FERNANDEZ DE CASTRO","IGNACIO GARRIGA VAZ DE CONCICAO",2
"75","AGUSTIN ROSETY FERNANDEZ DE CASTRO","IGNACIO GIL LAZARO",2
"76","AGUSTIN ROSETY FERNANDEZ DE CASTRO","IGNACIO SICILIA DOMENECH",1
"77","AGUSTIN ROSETY FERNANDEZ DE CASTRO","INES MARIA CANIZARES PACHECO",1
"78","AGUSTIN ROSETY FERNANDEZ DE CASTRO","ISABEL LAZARO PINA",2
"79","AGUSTIN ROSETY FERNANDEZ DE CASTRO","ISMAEL IVAN VELEZ CIPRIANO",2
"80","AGUSTIN ROSETY FERNANDEZ DE CASTRO","IVAN ESPINOSA DE LOS MONTEROS DE SIMON",2
"81","AGUSTIN ROSETY FERNANDEZ DE CASTRO","JAIME GONZALEZ CANOMANUEL",1
"82","AGUSTIN ROSETY FERNANDEZ DE CASTRO","JAVIER ORTEGA SMITHMOLINA",1
"83","AGUSTIN ROSETY FERNANDEZ DE CASTRO","JESUS GARCIA ROYO",1
"84","AGUSTIN ROSETY FERNANDEZ DE CASTRO","JOAQUIN ROBLES LOPEZ",2
"85","AGUSTIN ROSETY FERNANDEZ DE CASTRO","JORGE ARTURO CUTILLAS CORDON",2
"86","AGUSTIN ROSETY FERNANDEZ DE CASTRO","JOSE IGNACIO ARIAS MORENO",1
"87","AGUSTIN ROSETY FERNANDEZ DE CASTRO","JOSE JOAQUIN BENGOCHEA SECO",2
"88","AGUSTIN ROSETY FERNANDEZ DE CASTRO","JOSE LUIS FERNANDEZ SANTAMARIA",1
"89","AGUSTIN ROSETY FERNANDEZ DE CASTRO","JOSE MARCELO AMARILLA PEREZ",1
"90","AGUSTIN ROSETY FERNANDEZ DE CASTRO","JOSE MARIA FIGAREDO ALVAREZSALA",2
"91","AGUSTIN ROSETY FERNANDEZ DE CASTRO","JOSE MARIA MARCO TOBARRA",1
"92","AGUSTIN ROSETY FERNANDEZ DE CASTRO","JOSE MARIA SANCHEZ GARCIA",2
"93","AGUSTIN ROSETY FERNANDEZ DE CASTRO","JOSE MARIA VAZQUEZ ALVAREZ",1
"94","AGUSTIN ROSETY FERNANDEZ DE CASTRO","JOSE MIGUEL TASENDE SOUTO",1
"95","AGUSTIN ROSETY FERNANDEZ DE CASTRO","JOSE RAMIREZ DEL RIO",2
"96","AGUSTIN ROSETY FERNANDEZ DE CASTRO","JOSEFINA BLAZQUEZ SANCHEZ",2
"97","AGUSTIN ROSETY FERNANDEZ DE CASTRO","JUAN FRANCISCO ROJAS FERNANDEZ",1
"98","AGUSTIN ROSETY FERNANDEZ DE CASTRO","JUAN IGNACIO FERNANDEZ TOMAS",1
"99","AGUSTIN ROSETY FERNANDEZ DE CASTRO","JUAN JOSE AIZCORBE TORRA",2
"100","AGUSTIN ROSETY FERNANDEZ DE CASTRO","JULIO JOSE CALVO IGLESIAS",1
"101","AGUSTIN ROSETY FERNANDEZ DE CASTRO","LAURA GALAN RODRIGUEZ",1
"102","AGUSTIN ROSETY FERNANDEZ DE CASTRO","LOURDES MENDEZ MONASTERIO",2
"103","AGUSTIN ROSETY FERNANDEZ DE CASTRO","LUIS GESTOSO DE MIGUEL",2
"104","AGUSTIN ROSETY FERNANDEZ DE CASTRO","MACARENA OLONA CHOCLAN",2
"105","AGUSTIN ROSETY FERNANDEZ DE CASTRO","MAGDALENA MARGARITA CONTESTI ROSSELLO",1
"106","AGUSTIN ROSETY FERNANDEZ DE CASTRO","MANUEL GONZALEZ BAZAN",2
"107","AGUSTIN ROSETY FERNANDEZ DE CASTRO","MANUEL JORGE MARTIN MONTERO",1
"108","AGUSTIN ROSETY FERNANDEZ DE CASTRO","MANUEL MARISCAL ZABALA",2
"109","AGUSTIN ROSETY FERNANDEZ DE CASTRO","MANUEL MESTRE BAREA",2
"110","AGUSTIN ROSETY FERNANDEZ DE CASTRO","MANUEL RAFAEL RODRIGUEZ VALERO",1
"111","AGUSTIN ROSETY FERNANDEZ DE CASTRO","MARGARITA DE LA PISA CARRION",1
"112","AGUSTIN ROSETY FERNANDEZ DE CASTRO","MARIA DE LA CABEZA RUIZ SOLAS",2
"113","AGUSTIN ROSETY FERNANDEZ DE CASTRO","MARIA DE LOS REYES ROMERO VILCHES",2
"114","AGUSTIN ROSETY FERNANDEZ DE CASTRO","MARIA DOLORES GOMEZ MORENO",2
"115","AGUSTIN ROSETY FERNANDEZ DE CASTRO","MARIA ELISA GARCIA FUSTER",1
"116","AGUSTIN ROSETY FERNANDEZ DE CASTRO","MARIA ISABEL DOMINGUEZ POMARES",1
"117","AGUSTIN ROSETY FERNANDEZ DE CASTRO","MARIA ISABEL PEREZ MARTIN",1
"118","AGUSTIN ROSETY FERNANDEZ DE CASTRO","MARIA MAGDALENA NEVADO DEL CAMPO",2
"119","AGUSTIN ROSETY FERNANDEZ DE CASTRO","MARIA MERCEDES RODRIGUEZ TAMAYO",1
"120","AGUSTIN ROSETY FERNANDEZ DE CASTRO","MARIA TERESA ARNEDO PEREZ",2
"121","AGUSTIN ROSETY FERNANDEZ DE CASTRO","MARIA TERESA LOPEZ ALVAREZ",1
"122","AGUSTIN ROSETY FERNANDEZ DE CASTRO","MARIA TERESA LOPEZ DIVASSON",2
"123","AGUSTIN ROSETY FERNANDEZ DE CASTRO","MARTA ALVAREZ BARRIO",1
"124","AGUSTIN ROSETY FERNANDEZ DE CASTRO","MARTA FERNANDEZ MARTIN",1
"125","AGUSTIN ROSETY FERNANDEZ DE CASTRO","MARTA GERVASIA GARRIDO MORENO",1
"126","AGUSTIN ROSETY FERNANDEZ DE CASTRO","MIGUEL ANGEL FERNANDEZ LOPEZ",2
"127","AGUSTIN ROSETY FERNANDEZ DE CASTRO","MIGUEL ANGEL LOPEZ FERNANDEZ",1
"128","AGUSTIN ROSETY FERNANDEZ DE CASTRO","MIREIA BORRAS PABON",2
"129","AGUSTIN ROSETY FERNANDEZ DE CASTRO","MONICA LORA CISQUER",1
"130","AGUSTIN ROSETY FERNANDEZ DE CASTRO","OSCAR ARTURO FERNANDEZ CALLE",1
"131","AGUSTIN ROSETY FERNANDEZ DE CASTRO","PABLO JUAN CALVO LISTE",2
"132","AGUSTIN ROSETY FERNANDEZ DE CASTRO","PABLO SAEZ ALONSOMUNUMER",2
"133","AGUSTIN ROSETY FERNANDEZ DE CASTRO","PALOMA GOMEZ ENRIQUEZ",1
"134","AGUSTIN ROSETY FERNANDEZ DE CASTRO","PATRICIA DE LAS HERAS FERNANDEZ",1
"135","AGUSTIN ROSETY FERNANDEZ DE CASTRO","PATRICIA RUEDA PERELLO",2
"136","AGUSTIN ROSETY FERNANDEZ DE CASTRO","PEDRO FERNANDEZ HERNANDEZ",2
"137","AGUSTIN ROSETY FERNANDEZ DE CASTRO","PEDRO JESUS REQUEJO NOVOA",2
"138","AGUSTIN ROSETY FERNANDEZ DE CASTRO","RAQUEL TOMAS PEDROSA",1
"139","AGUSTIN ROSETY FERNANDEZ DE CASTRO","RICARDO BELDA VALIENTE",2
"140","AGUSTIN ROSETY FERNANDEZ DE CASTRO","RICARDO CHAMORRO DELMO",2
"141","AGUSTIN ROSETY FERNANDEZ DE CASTRO","ROCIO DE MEER MENDEZ",2
"142","AGUSTIN ROSETY FERNANDEZ DE CASTRO","RODRIGO JIMENEZ REVUELTA",2
"143","AGUSTIN ROSETY FERNANDEZ DE CASTRO","RUBEN SILVANO MANSO OLIVAR",2
"144","AGUSTIN ROSETY FERNANDEZ DE CASTRO","SANTIAGO ABASCAL CONDE",2
"145","AGUSTIN ROSETY FERNANDEZ DE CASTRO","SARA CONCEPCION ALVAREZ ROUCO",1
"146","AGUSTIN ROSETY FERNANDEZ DE CASTRO","SERAFIN SERRANO MARIN",1
"147","AGUSTIN ROSETY FERNANDEZ DE CASTRO","SERGIO BOTONERO GALAN",1
"148","AGUSTIN ROSETY FERNANDEZ DE CASTRO","SERGIO MACIAN DE GREEF",2
"149","AGUSTIN ROSETY FERNANDEZ DE CASTRO","SONIA LUISA LALANDA SANMIGUEL",2
"150","AGUSTIN ROSETY FERNANDEZ DE CASTRO","TOMAS FERNANDEZ RIOS",2
"151","AGUSTIN ROSETY FERNANDEZ DE CASTRO","VICTOR GUIDO GONZALEZ COELLO DE PORTUGAL",2
"152","AGUSTIN ROSETY FERNANDEZ DE CASTRO","VICTOR MANUEL SANCHEZ DEL REAL",2
"153","AGUSTIN ROSETY FERNANDEZ DE CASTRO","YOLANDA MERELO PALOMARES",1
"154","AINHOA GARCIA FLOREZ","ANA MARIA CUARTERO LORENZO",1
"155","AINHOA GARCIA FLOREZ","ANA MARIA VELASCO VIDALABARCA",1
"156","AINHOA GARCIA FLOREZ","ANGEL HERNANDEZ PANDO",1
"157","AINHOA GARCIA FLOREZ","HERMANN LEOPOLD TERTSCH DEL VALLELERSUNDI",1
"158","AINHOA GARCIA FLOREZ","INIGO HENRIQUEZ DE LUNA LOSADA",1
"159","AINHOA GARCIA FLOREZ","ISABEL PEREZ MONINOARANDA",1
"160","AINHOA GARCIA FLOREZ","JORGE ARTURO CUTILLAS CORDON",1
"161","AINHOA GARCIA FLOREZ","JORGE BUXADE VILLALBA",1
"162","AINHOA GARCIA FLOREZ","JORGE MARTIN FRIAS",1
"163","AINHOA GARCIA FLOREZ","JOSE ANTONIO FUSTER LAMELAS",1
"164","AINHOA GARCIA FLOREZ","JOSE IGNACIO ARIAS MORENO",1
"165","AINHOA GARCIA FLOREZ","JOSE LUIS RUIZ BARTOLOME",1
"166","AINHOA GARCIA FLOREZ","JUAN CARLOS GIRAUTA VIDAL",1
"167","AINHOA GARCIA FLOREZ","JUAN IGNACIO FERNANDEZ TOMAS",1
"168","AINHOA GARCIA FLOREZ","MARGARITA DE LA PISA CARRION",1
"169","AINHOA GARCIA FLOREZ","MARIA BELEN GONZALEZ MORENO",1
"170","AINHOA GARCIA FLOREZ","MIREIA BORRAS PABON",1
"171","AINHOA GARCIA FLOREZ","ROCIO DOMINGUEZ PERALS",1
"172","AINHOA GARCIA FLOREZ","ROCIO MONASTERIO SAN MARTIN",1
"173","ALBA CRISTINA GRUESO SANCHEZ","LUIS MAURICIO MULLER HEIBERG",1
"174","ALBA CRISTINA GRUESO SANCHEZ","SONSOLES PALACIOS MORENO",1
"175","ALBA FRANCO ELVIRA","ALBERTO ASARTA CUEVAS",1
"176","ALBA FRANCO ELVIRA","ANDRES ALBERTO RODRIGUEZ ALMEIDA",1
"177","ALBA FRANCO ELVIRA","ANGEL LOPEZ MARAVER",2
"178","ALBA FRANCO ELVIRA","ANTONIO SALVA VERD",1
"179","ALBA FRANCO ELVIRA","BLANCA ARMARIO GONZALEZ",1
"180","ALBA FRANCO ELVIRA","CARINA MEJIAS SANCHEZ",1
"181","ALBA FRANCO ELVIRA","CARLA TOSCANO DE BALBIN",1
"182","ALBA FRANCO ELVIRA","CARLOS FLORES JUBERIAS",1
"183","ALBA FRANCO ELVIRA","CRISTINA DE ESTEBAN CALONJE",1
"184","ALBA FRANCO ELVIRA","DAVID GARCIA GOMIS",1
"185","ALBA FRANCO ELVIRA","EMILIO JESUS DEL VALLE RODRIGUEZ",1
"186","ALBA FRANCO ELVIRA","FRANCISCO JAVIER ORTEGA SMITHMOLINA",2
"187","ALBA FRANCO ELVIRA","FRANCISCO JOSE ALCARAZ MARTOS",1
"188","ALBA FRANCO ELVIRA","FRANCISCO JOSE CONTRERAS PELAEZ",1
"189","ALBA FRANCO ELVIRA","GEORGINA TRIAS GIL",1
"190","ALBA FRANCO ELVIRA","IGNACIO GARRIGA VAZ DE CONCICAO",1
"191","ALBA FRANCO ELVIRA","IGNACIO GIL LAZARO",2
"192","ALBA FRANCO ELVIRA","IGNACIO HOCES INIGUEZ",1
"193","ALBA FRANCO ELVIRA","ISMAEL IVAN VELEZ CIPRIANO",1
"194","ALBA FRANCO ELVIRA","IVAN ESPINOSA DE LOS MONTEROS DE SIMON",3
"195","ALBA FRANCO ELVIRA","JACOBO GONZALEZROBATTO PEROTE",1
"196","ALBA FRANCO ELVIRA","JOAQUIN ROBLES LOPEZ",2
"197","ALBA FRANCO ELVIRA","JORGE CAMPOS ASENSI",1
"198","ALBA FRANCO ELVIRA","JOSE FRANCISCO GARRE IZQUIERDO",1
"199","ALBA FRANCO ELVIRA","JOSE MARIA FIGAREDO ALVAREZSALA",2
"200","ALBA FRANCO ELVIRA","JOSE MARIA SANCHEZ GARCIA",1
"201","ALBA FRANCO ELVIRA","JOSE MARIA VAZQUEZ ALVAREZ",1
"202","ALBA FRANCO ELVIRA","JOSE RAMIREZ DEL RIO",2
"203","ALBA FRANCO ELVIRA","JUAN JOSE AIZCORBE TORRA",1
"204","ALBA FRANCO ELVIRA","LOURDES MENDEZ MONASTERIO",2
"205","ALBA FRANCO ELVIRA","LUIS GESTOSO DE MIGUEL",1
"206","ALBA FRANCO ELVIRA","MACARENA OLONA CHOCLAN",1
"207","ALBA FRANCO ELVIRA","MANUEL MARISCAL ZABALA",2
"208","ALBA FRANCO ELVIRA","MANUEL MESTRE BAREA",1
"209","ALBA FRANCO ELVIRA","MARIA DE LA CABEZA RUIZ SOLAS",2
"210","ALBA FRANCO ELVIRA","MARIA DE LOS REYES ROMERO VILCHES",2
"211","ALBA FRANCO ELVIRA","MARIA GUERRERO CANO",1
"212","ALBA FRANCO ELVIRA","MARIA JOSE RODRIGUEZ DE MILLAN PARRO",1
"213","ALBA FRANCO ELVIRA","MARIA MAGDALENA NEVADO DEL CAMPO",1
"214","ALBA FRANCO ELVIRA","MARIA TERESA LOPEZ ALVAREZ",1
"215","ALBA FRANCO ELVIRA","PABLO JUAN CALVO LISTE",1
"216","ALBA FRANCO ELVIRA","PABLO SAEZ ALONSOMUNUMER",2
"217","ALBA FRANCO ELVIRA","PATRICIA RUEDA PERELLO",2
"218","ALBA FRANCO ELVIRA","PEDRO FERNANDEZ HERNANDEZ",2
"219","ALBA FRANCO ELVIRA","PEDRO JESUS REQUEJO NOVOA",1
"220","ALBA FRANCO ELVIRA","RICARDO CHAMORRO DELMO",2
"221","ALBA FRANCO ELVIRA","ROCIO DE MEER MENDEZ",2
"222","ALBA FRANCO ELVIRA","RODRIGO JIMENEZ REVUELTA",1
"223","ALBA FRANCO ELVIRA","SANTIAGO ABASCAL CONDE",2
"224","ALBA FRANCO ELVIRA","SERGIO MACIAN DE GREEF",1
"225","ALBA FRANCO ELVIRA","TOMAS FERNANDEZ RIOS",1
"226","ALBA FRANCO ELVIRA","VICTOR GUIDO GONZALEZ COELLO DE PORTUGAL",1
"227","ALBA FRANCO ELVIRA","VICTOR MANUEL SANCHEZ DEL REAL",1
"228","ALBA FRANCO ELVIRA","YOLANDA MERELO PALOMARES",1
"229","ALBA MARIA SANCHEZ POZAS","ANA ISABEL MANZANO SANCHEZ",1
"230","ALBA MARIA SANCHEZ POZAS","ANA MARIA RUIZ VAZQUEZ",1
"231","ALBA MARIA SANCHEZ POZAS","ANGEL LUIS BORDAS GUIJARRO",1
"232","ALBA MARIA SANCHEZ POZAS","ANTONIO SEVILLA RODRIGUEZ",1
"233","ALBA MARIA SANCHEZ POZAS","BEATRIZ SANCHEZ AGUSTINO",1
"234","ALBA MARIA SANCHEZ POZAS","BEATRIZ SANCHEZ RODRIGUEZ",1
"235","ALBA MARIA SANCHEZ POZAS","BENITO MORILLO ALEJO",1
"236","ALBA MARIA SANCHEZ POZAS","CLOTILDE SALVADOR SANCHEZ",1
"237","ALBA MARIA SANCHEZ POZAS","CRISTINA ALEJANDRA JIMENEZ JIMENEZ",1
"238","ALBA MARIA SANCHEZ POZAS","DAVID NAVARRO QUESADA",1
"239","ALBA MARIA SANCHEZ POZAS","EVA MARIA POZA MENDEZ",1
"240","ALBA MARIA SANCHEZ POZAS","GLORIA GAMONOSO FERRARO",1
"241","ALBA MARIA SANCHEZ POZAS","GUSTAVO DE CASTRO SIERRA",1
"242","ALBA MARIA SANCHEZ POZAS","INIGO PABLO OSUNA GONZALEZ DE AGUILAR",1
"243","ALBA MARIA SANCHEZ POZAS","ISABEL MADERA FREIXAS",1
"244","ALBA MARIA SANCHEZ POZAS","JAVIER CORTES LUCENA",1
"245","ALBA MARIA SANCHEZ POZAS","JOSE ANTONIO GOMILA ORTEGA",1
"246","ALBA MARIA SANCHEZ POZAS","JUAN FRANCISCO ROJAS FERNANDEZ",1
"247","ALBA MARIA SANCHEZ POZAS","JUAN JOSE BOSQUET ARIAS",1
"248","ALBA MARIA SANCHEZ POZAS","JUAN JOSE COCA LOPEZ",1
"249","ALBA MARIA SANCHEZ POZAS","LUCIA CUADROS ESTEVEZ",1
"250","ALBA MARIA SANCHEZ POZAS","MANUEL GAVIRA FLORENTINO",1
"251","ALBA MARIA SANCHEZ POZAS","MANUEL JESUS VELA SABORIDO",1
"252","ALBA MARIA SANCHEZ POZAS","MARIA ADELA VAO CANADAS",1
"253","ALBA MARIA SANCHEZ POZAS","MARIA CRISTINA PELAEZ IZQUIERDO",1
"254","ALBA MARIA SANCHEZ POZAS","MARIA DE LA CRUZ LOZANO MARIN",1
"255","ALBA MARIA SANCHEZ POZAS","MARIA DEL CARMEN INFANTES HERNANDEZ",1
"256","ALBA MARIA SANCHEZ POZAS","MARIA GORETTI EIBERLE SANCHEZ DE TOCA",1
"257","ALBA MARIA SANCHEZ POZAS","NOELIA MARIA CAMPOS RODRIGUEZ",1
"258","ALBA MARIA SANCHEZ POZAS","OTILIA ALARCON CAMUS",1
"259","ALBA MARIA SANCHEZ POZAS","PAULA DE LOS ANGELES BADANELLI BERRIOZABAL",1
"260","ALBA MARIA SANCHEZ POZAS","PURIFICACION FERNANDEZ MORALES",1
"261","ALBA MARIA SANCHEZ POZAS","RAFAEL SEGOVIA BROME",1
"262","ALBA MARIA SANCHEZ POZAS","RICARDO LOPEZ OLEA",1
"263","ALBA MARIA SANCHEZ POZAS","ROCIO MARIN ORTEGA",1
"264","ALBA MARIA SANCHEZ POZAS","RODRIGO JAVIER ALONSO FERNANDEZ",1
"265","ALBA MARIA SANCHEZ POZAS","SILVIA CLARA ENRIQUEZ GALLEGO",1
"266","ALBA MARIA SANCHEZ POZAS","SILVIA MARIA BELLIDO VERA",1
"267","ALBERTO ASARTA CUEVAS","ALBERTO TARRADAS PANEQUE",1
"268","ALBERTO ASARTA CUEVAS","ALEJANDRO CARO MANZANERO",1
"269","ALBERTO ASARTA CUEVAS","ALEJANDRO NOLASCO ASENSIO",1
"270","ALBERTO ASARTA CUEVAS","ALFREDO ANGEL GALAVIS MELARA",1
"271","ALBERTO ASARTA CUEVAS","AMAYA ACOSTA BARRERA",1
"272","ALBERTO ASARTA CUEVAS","ANA ISABEL DE DOMPABLO GUERRERO",1
"273","ALBERTO ASARTA CUEVAS","ANA ISABEL MANZANO SANCHEZ",1
"274","ALBERTO ASARTA CUEVAS","ANDRES ALBERTO RODRIGUEZ ALMEIDA",1
"275","ALBERTO ASARTA CUEVAS","ANGEL LOPEZ MARAVER",1
"276","ALBERTO ASARTA CUEVAS","ANTONIO JOSE LUNA GARCIA",1
"277","ALBERTO ASARTA CUEVAS","ANTONIO MANUEL DUARTE SERRANO",1
"278","ALBERTO ASARTA CUEVAS","ANTONIO SALVA VERD",1
"279","ALBERTO ASARTA CUEVAS","AROA VALDES HERNANDEZ",1
"280","ALBERTO ASARTA CUEVAS","AROHA ROCHELA ROMERO",1
"281","ALBERTO ASARTA CUEVAS","BEATRIZ MUNOZ RODRIGUEZ",1
"282","ALBERTO ASARTA CUEVAS","BEATRIZ OLIVAN ROMEU",1
"283","ALBERTO ASARTA CUEVAS","BEATRIZ SANCHEZ RODRIGUEZ",1
"284","ALBERTO ASARTA CUEVAS","BEATRIZ TEJERO OLLER",1
"285","ALBERTO ASARTA CUEVAS","BLANCA ARMARIO GONZALEZ",1
"286","ALBERTO ASARTA CUEVAS","BLANCA LUZ RETORTILLO CARPINTERO",1
"287","ALBERTO ASARTA CUEVAS","CAMILO JOSE GIL FERNANDEZ DE ANGULO",1
"288","ALBERTO ASARTA CUEVAS","CARINA MEJIAS SANCHEZ",1
"289","ALBERTO ASARTA CUEVAS","CARLA TOSCANO DE BALBIN",1
"290","ALBERTO ASARTA CUEVAS","CARLOS FLORES JUBERIAS",1
"291","ALBERTO ASARTA CUEVAS","CARLOS FRANCISCO VERDEJO FERRER",1
"292","ALBERTO ASARTA CUEVAS","CARLOS JOSE ZAMBRANO GARCIARAEZ",1
"293","ALBERTO ASARTA CUEVAS","CARLOS NAVARRO LIZARRAGA",1
"294","ALBERTO ASARTA CUEVAS","CARMEN LOSCERTALES MARTIN DE AGAR",1
"295","ALBERTO ASARTA CUEVAS","CLARA ISABEL RUBIO CONTRERAS",1
"296","ALBERTO ASARTA CUEVAS","DANIEL MOLINA MARTINEZ",1
"297","ALBERTO ASARTA CUEVAS","DAVID BORJA PEREZ",1
"298","ALBERTO ASARTA CUEVAS","DAVID GARCIA GOMIS",1
"299","ALBERTO ASARTA CUEVAS","DAVID MUNOZ PEREZ",1
"300","ALBERTO ASARTA CUEVAS","DAVID NAVARRO QUESADA",1
"301","ALBERTO ASARTA CUEVAS","ELIANA PALACIOS ALBORNOZ",1
"302","ALBERTO ASARTA CUEVAS","ELOISA MARIA GRACIA MONTANO",1
"303","ALBERTO ASARTA CUEVAS","EMILIO JESUS DEL VALLE RODRIGUEZ",1
"304","ALBERTO ASARTA CUEVAS","ENRIQUE JIMENEZ VAQUERIZO",1
"305","ALBERTO ASARTA CUEVAS","ENRIQUE QUESADA SANCHEZ",1
"306","ALBERTO ASARTA CUEVAS","EVA MARIA GARCIA ALEGRE",1
"307","ALBERTO ASARTA CUEVAS","FELIPE MORENO MORERA",1
"308","ALBERTO ASARTA CUEVAS","FLORENCIO AGUSTIN TOLDOS FERNANDEZ",1
"309","ALBERTO ASARTA CUEVAS","FRANCISCA VICENTE CREMADES",1
"310","ALBERTO ASARTA CUEVAS","FRANCISCO DE PAULA SERRANO CABALLERO",1
"311","ALBERTO ASARTA CUEVAS","FRANCISCO JAVIER ORTEGA SMITHMOLINA",1
"312","ALBERTO ASARTA CUEVAS","FRANCISCO JOSE ALCARAZ MARTOS",1
"313","ALBERTO ASARTA CUEVAS","FRANCISCO JOSE CONTRERAS PELAEZ",1
"314","ALBERTO ASARTA CUEVAS","FRANCISCO JOSE RUIZ ENRIQUEZ",1
"315","ALBERTO ASARTA CUEVAS","FRANCISCO RAUL CORDERO OLMEDO",1
"316","ALBERTO ASARTA CUEVAS","GEORGINA TRIAS GIL",1
"317","ALBERTO ASARTA CUEVAS","GERARDO ACEITUNO CARRASCO",1
"318","ALBERTO ASARTA CUEVAS","IGNACIO GARRIGA VAZ DE CONCICAO",1
"319","ALBERTO ASARTA CUEVAS","IGNACIO GIL LAZARO",1
"320","ALBERTO ASARTA CUEVAS","IGNACIO HOCES INIGUEZ",1
"321","ALBERTO ASARTA CUEVAS","IGNACIO MENENDEZ MEDRANO",1
"322","ALBERTO ASARTA CUEVAS","INES MARIA CANIZARES PACHECO",1
"323","ALBERTO ASARTA CUEVAS","IRENE HERRERO RUBERT",1
"324","ALBERTO ASARTA CUEVAS","ISMAEL IVAN VELEZ CIPRIANO",1
"325","ALBERTO ASARTA CUEVAS","IVAN ESPINOSA DE LOS MONTEROS DE SIMON",1
"326","ALBERTO ASARTA CUEVAS","JACOBO GONZALEZROBATTO PEROTE",1
"327","ALBERTO ASARTA CUEVAS","JAIME JAVIER DOMINGO MARTINEZ",1
"328","ALBERTO ASARTA CUEVAS","JAVIER BRAVO ARROBAS",1
"329","ALBERTO ASARTA CUEVAS","JAVIER JOVE SANDOVAL",1
"330","ALBERTO ASARTA CUEVAS","JAVIER PEREZ GALLARDO",1
"331","ALBERTO ASARTA CUEVAS","JOAQUIN ROBLES LOPEZ",1
"332","ALBERTO ASARTA CUEVAS","JORGE ARTURO CUTILLAS CORDON",1
"333","ALBERTO ASARTA CUEVAS","JORGE CAMPOS ASENSI",1
"334","ALBERTO ASARTA CUEVAS","JORGE MARTIN FRIAS",1
"335","ALBERTO ASARTA CUEVAS","JORGE MARTIN TRANCON",1
"336","ALBERTO ASARTA CUEVAS","JOSE ANTONIO GOMILA ORTEGA",1
"337","ALBERTO ASARTA CUEVAS","JOSE FRANCISCO GARRE IZQUIERDO",1
"338","ALBERTO ASARTA CUEVAS","JOSE IGNACIO ARIAS MORENO",1
"339","ALBERTO ASARTA CUEVAS","JOSE MANUEL MARTIN CAMACHO",1
"340","ALBERTO ASARTA CUEVAS","JOSE MARIA ANTON GARCIA",1
"341","ALBERTO ASARTA CUEVAS","JOSE MARIA FIGAREDO ALVAREZSALA",1
"342","ALBERTO ASARTA CUEVAS","JOSE MARIA SANCHEZ GARCIA",1
"343","ALBERTO ASARTA CUEVAS","JOSE MIGUEL TASENDE SOUTO",1
"344","ALBERTO ASARTA CUEVAS","JOSE RAMIREZ DEL RIO",1
"345","ALBERTO ASARTA CUEVAS","JOSEFINA BLAZQUEZ SANCHEZ",1
"346","ALBERTO ASARTA CUEVAS","JUAN CARLOS VICENTE MARTINEZ",1
"347","ALBERTO ASARTA CUEVAS","JUAN FRANCISCO ROJAS FERNANDEZ",1
"348","ALBERTO ASARTA CUEVAS","JUAN JOSE AIZCORBE TORRA",1
"349","ALBERTO ASARTA CUEVAS","JUAN SERGIO REDONDO PACHECO",1
"350","ALBERTO ASARTA CUEVAS","JULIO ROSADO MARTIN",1
"351","ALBERTO ASARTA CUEVAS","KATIUSKA DE LOS ANGELES GARCIA RAMIREZ",1
"352","ALBERTO ASARTA CUEVAS","LOURDES MENDEZ MONASTERIO",1
"353","ALBERTO ASARTA CUEVAS","LUIS GESTOSO DE MIGUEL",1
"354","ALBERTO ASARTA CUEVAS","MANUEL MARISCAL ZABALA",1
"355","ALBERTO ASARTA CUEVAS","MANUELA BOLADO ALCALDE",1
"356","ALBERTO ASARTA CUEVAS","MANUELA DEL MAR MARTIN IBANEZ",1
"357","ALBERTO ASARTA CUEVAS","MARIA ARANZAZU MARTINEZ RIOLA",1
"358","ALBERTO ASARTA CUEVAS","MARIA BEATRIZ CASTILLEJO SEVILLA",1
"359","ALBERTO ASARTA CUEVAS","MARIA BELEN MANZANO SAGUAR",1
"360","ALBERTO ASARTA CUEVAS","MARIA DE LA CABEZA RUIZ SOLAS",1
"361","ALBERTO ASARTA CUEVAS","MARIA DE LA CRUZ LOZANO MARIN",1
"362","ALBERTO ASARTA CUEVAS","MARIA DE LOS REYES ROMERO VILCHES",1
"363","ALBERTO ASARTA CUEVAS","MARIA DEL PILAR BAOS REVILLA",1
"364","ALBERTO ASARTA CUEVAS","MARIA DOLORES MATEO MATEOS",1
"365","ALBERTO ASARTA CUEVAS","MARIA GEMA ESCOLANO BERNA",1
"366","ALBERTO ASARTA CUEVAS","MARIA INES DIAZ CASAS",1
"367","ALBERTO ASARTA CUEVAS","MARIA JOSE RODRIGUEZ DE MILLAN PARRO",1
"368","ALBERTO ASARTA CUEVAS","MARIA LOPEZ ZAMBRANO",1
"369","ALBERTO ASARTA CUEVAS","MARIA LUISA MENENDEZ MARTINEZ",1
"370","ALBERTO ASARTA CUEVAS","MARIA MAGDALENA NEVADO DEL CAMPO",1
"371","ALBERTO ASARTA CUEVAS","MARIA MAGDALENA PUENTEDURA PEREZ",1
"372","ALBERTO ASARTA CUEVAS","MARIA SUSANA JIMENEZ AIBAR",1
"373","ALBERTO ASARTA CUEVAS","MARIA TERESA GARCIA DE LA ROSA JIMENEZ",1
"374","ALBERTO ASARTA CUEVAS","MARIA TERESA LOPEZ ALVAREZ",1
"375","ALBERTO ASARTA CUEVAS","MARIA TERESA LOPEZ DIVASSON",1
"376","ALBERTO ASARTA CUEVAS","MARIA VIDAL BENNASAR",1
"377","ALBERTO ASARTA CUEVAS","MARIA ZULEMA SAN JOSE SANCHEZ",1
"378","ALBERTO ASARTA CUEVAS","MARINA DABAN ALONSO",1
"379","ALBERTO ASARTA CUEVAS","MARTA ALEGRIA MARTINEZ",1
"380","ALBERTO ASARTA CUEVAS","MARTA GERVASIA GARRIDO MORENO",1
"381","ALBERTO ASARTA CUEVAS","MARTA MARTIN CUSTODIO",1
"382","ALBERTO ASARTA CUEVAS","MIGUEL MALDONADO CABALLERO",1
"383","ALBERTO ASARTA CUEVAS","MONICA LORA CISQUER",1
"384","ALBERTO ASARTA CUEVAS","OLIVIA MORENO NAVAS",1
"385","ALBERTO ASARTA CUEVAS","PABLO JUAN CALVO LISTE",1
"386","ALBERTO ASARTA CUEVAS","PABLO PEREZ GALLARDO",1
"387","ALBERTO ASARTA CUEVAS","PABLO SAEZ ALONSOMUNUMER",1
"388","ALBERTO ASARTA CUEVAS","PALOMA GOMEZ ENRIQUEZ",1
"389","ALBERTO ASARTA CUEVAS","PATRICIA ESCAMEZ MARIN",1
"390","ALBERTO ASARTA CUEVAS","PATRICIA RUEDA PERELLO",1
"391","ALBERTO ASARTA CUEVAS","PAULA DE LOS ANGELES BADANELLI BERRIOZABAL",1
"392","ALBERTO ASARTA CUEVAS","PEDRO FERNANDEZ HERNANDEZ",1
"393","ALBERTO ASARTA CUEVAS","PEDRO JESUS REQUEJO NOVOA",1
"394","ALBERTO ASARTA CUEVAS","RAFAEL RICARDO GONZALEZ GALLEGO",1
"395","ALBERTO ASARTA CUEVAS","RAFAEL SEGOVIA BROME",1
"396","ALBERTO ASARTA CUEVAS","RICARDO CHAMORRO DELMO",1
"397","ALBERTO ASARTA CUEVAS","ROCIO DE MEER MENDEZ",1
"398","ALBERTO ASARTA CUEVAS","RODRIGO JIMENEZ REVUELTA",1
"399","ALBERTO ASARTA CUEVAS","SALOME NIETO TARRAGA",1
"400","ALBERTO ASARTA CUEVAS","SANTIAGO ABASCAL CONDE",1
"401","ALBERTO ASARTA CUEVAS","SERGI FABRI LLAVERO",1
"402","ALBERTO ASARTA CUEVAS","SERGIO CHAGARTEGUI SANCHEZ",1
"403","ALBERTO ASARTA CUEVAS","SERGIO MACIAN DE GREEF",1
"404","ALBERTO ASARTA CUEVAS","SILVIA CLARA ENRIQUEZ GALLEGO",1
"405","ALBERTO ASARTA CUEVAS","SOLEDAD PEREZ RUBIO",1
"406","ALBERTO ASARTA CUEVAS","SONSOLES PALACIOS MORENO",1
"407","ALBERTO ASARTA CUEVAS","TEODORO RAMON POZO MUNIZ",1
"408","ALBERTO ASARTA CUEVAS","TOMAS FERNANDEZ RIOS",1
"409","ALBERTO ASARTA CUEVAS","VALENTIN LOPEZ LOPEZ",1
"410","ALBERTO ASARTA CUEVAS","VICTOR GUIDO GONZALEZ COELLO DE PORTUGAL",1
"411","ALBERTO ASARTA CUEVAS","VICTOR MANUEL ACOSTA HERNANDEZ",1
"412","ALBERTO ASARTA CUEVAS","VIRGINIA HUERTAS PECHUAN",1
"413","ALBERTO ASARTA CUEVAS","YOLANDA MERELO PALOMARES",1
"414","ALBERTO GARRE LOPEZ","JOSE ANGEL ANTELO PAREDES",1
"415","ALBERTO GARRE LOPEZ","MARIA JOSE RUIZ DIAZ",1
"416","ALBERTO GARRE LOPEZ","RUBEN MARTINEZ ALPANEZ",1
"417","ALBERTO TARRADAS PANEQUE","ALBERTO TEOFILO ASARTA CUEVAS",1
"418","ALBERTO TARRADAS PANEQUE","ALEJANDRO GOMEZ RODRIGUEZ",1
"419","ALBERTO TARRADAS PANEQUE","ANDRES ALBERTO RODRIGUEZ ALMEIDA",1
"420","ALBERTO TARRADAS PANEQUE","ANDRES FELIX BELLO SANZ",2
"421","ALBERTO TARRADAS PANEQUE","ANGEL LOPEZ MARAVER",2
"422","ALBERTO TARRADAS PANEQUE","ANTONIO DE MIGUEL ANTON",1
"423","ALBERTO TARRADAS PANEQUE","ANTONIO GALLEGO BURGOS",1
"424","ALBERTO TARRADAS PANEQUE","ANTONIO RAMON LOPEZ GOMEZ",1
"425","ALBERTO TARRADAS PANEQUE","ANTONIO SALVA VERD",1
"426","ALBERTO TARRADAS PANEQUE","BLANCA ARMARIO GONZALEZ",1
"427","ALBERTO TARRADAS PANEQUE","CARINA MEJIAS SANCHEZ",1
"428","ALBERTO TARRADAS PANEQUE","CARLA TOSCANO DE BALBIN",1
"429","ALBERTO TARRADAS PANEQUE","CARLOS FLORES JUBERIAS",1
"430","ALBERTO TARRADAS PANEQUE","CRISTINA DE ESTEBAN CALONJE",1
"431","ALBERTO TARRADAS PANEQUE","CRISTINA ESTEBAN CALONJE",1
"432","ALBERTO TARRADAS PANEQUE","DAVID GARCIA GOMIS",1
"433","ALBERTO TARRADAS PANEQUE","EMILIO JESUS DEL VALLE RODRIGUEZ",1
"434","ALBERTO TARRADAS PANEQUE","FRANCISCO JAVIER ORTEGA SMITHMOLINA",2
"435","ALBERTO TARRADAS PANEQUE","FRANCISCO JOSE ALCARAZ MARTOS",2
"436","ALBERTO TARRADAS PANEQUE","FRANCISCO JOSE CONTRERAS PELAEZ",1
"437","ALBERTO TARRADAS PANEQUE","GEORGINA TRIAS GIL",1
"438","ALBERTO TARRADAS PANEQUE","IGNACIO GARRIGA VAZ DE CONCICAO",4
"439","ALBERTO TARRADAS PANEQUE","IGNACIO GIL LAZARO",3
"440","ALBERTO TARRADAS PANEQUE","IGNACIO HOCES INIGUEZ",1
"441","ALBERTO TARRADAS PANEQUE","ISABEL LAZARO PINA",1
"442","ALBERTO TARRADAS PANEQUE","ISMAEL IVAN VELEZ CIPRIANO",2
"443","ALBERTO TARRADAS PANEQUE","IVAN ESPINOSA DE LOS MONTEROS DE SIMON",3
"444","ALBERTO TARRADAS PANEQUE","JACOBO GONZALEZROBATTO PEROTE",1
"445","ALBERTO TARRADAS PANEQUE","JAIME GONZALEZ CANOMANUEL",1
"446","ALBERTO TARRADAS PANEQUE","JAVIER ORTEGA SMITHMOLINA",1
"447","ALBERTO TARRADAS PANEQUE","JAVIER RAMIREZ GUTIERREZ",1
"448","ALBERTO TARRADAS PANEQUE","JOAN GARRIGA DOMENECH",1
"449","ALBERTO TARRADAS PANEQUE","JOAQUIN ROBLES LOPEZ",3
"450","ALBERTO TARRADAS PANEQUE","JORGE CAMPOS ASENSI",1
"451","ALBERTO TARRADAS PANEQUE","JOSE FRANCISCO GARRE IZQUIERDO",1
"452","ALBERTO TARRADAS PANEQUE","JOSE MARIA FIGAREDO ALVAREZSALA",2
"453","ALBERTO TARRADAS PANEQUE","JOSE MARIA SANCHEZ GARCIA",2
"454","ALBERTO TARRADAS PANEQUE","JOSE MARIA VAZQUEZ ALVAREZ",1
"455","ALBERTO TARRADAS PANEQUE","JOSE RAMIREZ DEL RIO",2
"456","ALBERTO TARRADAS PANEQUE","JUAN DE LA CRUZ GARRIGA DOMENECH",1
"457","ALBERTO TARRADAS PANEQUE","JUAN JOSE AIZCORBE TORRA",2
"458","ALBERTO TARRADAS PANEQUE","JULIA CALVET PUIG",1
"459","ALBERTO TARRADAS PANEQUE","LOURDES MENDEZ MONASTERIO",3
"460","ALBERTO TARRADAS PANEQUE","MACARENA OLONA CHOCLAN",2
"461","ALBERTO TARRADAS PANEQUE","MAGDALENA MARGARITA CONTESTI ROSSELLO",1
"462","ALBERTO TARRADAS PANEQUE","MANUEL GONZALEZ BAZAN",1
"463","ALBERTO TARRADAS PANEQUE","MANUEL JESUS ACOSTA ELIAS",2
"464","ALBERTO TARRADAS PANEQUE","MANUEL MARISCAL ZABALA",3
"465","ALBERTO TARRADAS PANEQUE","MANUEL MESTRE BAREA",2
"466","ALBERTO TARRADAS PANEQUE","MANUEL RAFAEL RODRIGUEZ VALERO",1
"467","ALBERTO TARRADAS PANEQUE","MARIA DE LA CABEZA RUIZ SOLAS",3
"468","ALBERTO TARRADAS PANEQUE","MARIA DE LOS REYES ROMERO VILCHES",3
"469","ALBERTO TARRADAS PANEQUE","MARIA ELISA GARCIA FUSTER",2
"470","ALBERTO TARRADAS PANEQUE","MARIA JOSE RODRIGUEZ DE MILLAN PARRO",1
"471","ALBERTO TARRADAS PANEQUE","MARIA MAGDALENA NEVADO DEL CAMPO",1
"472","ALBERTO TARRADAS PANEQUE","MARIA TERESA LOPEZ ALVAREZ",1
"473","ALBERTO TARRADAS PANEQUE","MARTA ALVAREZ BARRIO",1
"474","ALBERTO TARRADAS PANEQUE","MIGUEL ANGEL FERNANDEZ LOPEZ",1
"475","ALBERTO TARRADAS PANEQUE","MONICA LORA CISQUER",2
"476","ALBERTO TARRADAS PANEQUE","PABLO JUAN CALVO LISTE",1
"477","ALBERTO TARRADAS PANEQUE","PABLO SAEZ ALONSOMUNUMER",3
"478","ALBERTO TARRADAS PANEQUE","PATRICIA DE LAS HERAS FERNANDEZ",1
"479","ALBERTO TARRADAS PANEQUE","PATRICIA RUEDA PERELLO",3
"480","ALBERTO TARRADAS PANEQUE","PEDRO FERNANDEZ HERNANDEZ",3
"481","ALBERTO TARRADAS PANEQUE","PEDRO JESUS REQUEJO NOVOA",1
"482","ALBERTO TARRADAS PANEQUE","RAFAEL VILLAFRANCA MERCE",1
"483","ALBERTO TARRADAS PANEQUE","RICARDO CHAMORRO DELMO",3
"484","ALBERTO TARRADAS PANEQUE","ROCIO DE MEER MENDEZ",3
"485","ALBERTO TARRADAS PANEQUE","RODRIGO JIMENEZ REVUELTA",1
"486","ALBERTO TARRADAS PANEQUE","RUBEN SILVANO MANSO OLIVAR",1
"487","ALBERTO TARRADAS PANEQUE","SANTIAGO ABASCAL CONDE",3
"488","ALBERTO TARRADAS PANEQUE","SERAFIN SERRANO MARIN",1
"489","ALBERTO TARRADAS PANEQUE","SERGI FABRI LLAVERO",2
"490","ALBERTO TARRADAS PANEQUE","SERGIO MACIAN DE GREEF",3
"491","ALBERTO TARRADAS PANEQUE","SONIA LUISA LALANDA SANMIGUEL",1
"492","ALBERTO TARRADAS PANEQUE","TOMAS FERNANDEZ RIOS",1
"493","ALBERTO TARRADAS PANEQUE","VICTOR GUIDO GONZALEZ COELLO DE PORTUGAL",2
"494","ALBERTO TARRADAS PANEQUE","VICTOR MANUEL SANCHEZ DEL REAL",1
"495","ALBERTO TARRADAS PANEQUE","YOLANDA MERELO PALOMARES",1
"496","ALBERTO TEOFILO ASARTA CUEVAS","ALEJANDRO GOMEZ RODRIGUEZ",1
"497","ALBERTO TEOFILO ASARTA CUEVAS","ALEJANDRO NOLASCO ASENSIO",1
"498","ALBERTO TEOFILO ASARTA CUEVAS","AMAYA ACOSTA BARRERA",1
"499","ALBERTO TEOFILO ASARTA CUEVAS","ANA MARIA VELASCO VIDALABARCA",1
"500","ALBERTO TEOFILO ASARTA CUEVAS","ANDRES ALBERTO RODRIGUEZ ALMEIDA",1
"501","ALBERTO TEOFILO ASARTA CUEVAS","ANDRES FELIX BELLO SANZ",1
"502","ALBERTO TEOFILO ASARTA CUEVAS","ANGEL LOPEZ MARAVER",1
"503","ALBERTO TEOFILO ASARTA CUEVAS","ANTONIO DE MIGUEL ANTON",1
"504","ALBERTO TEOFILO ASARTA CUEVAS","ANTONIO RAMON LOPEZ GOMEZ",1
"505","ALBERTO TEOFILO ASARTA CUEVAS","ANTONIO SALVA VERD",2
"506","ALBERTO TEOFILO ASARTA CUEVAS","BEATRIZ GONZALEZ VARELA",1
"507","ALBERTO TEOFILO ASARTA CUEVAS","BEATRIZ TEJERO OLLER",1
"508","ALBERTO TEOFILO ASARTA CUEVAS","CARLA TOSCANO DE BALBIN",2
"509","ALBERTO TEOFILO ASARTA CUEVAS","CARLOS JOSE ZAMBRANO GARCIARAEZ",1
"510","ALBERTO TEOFILO ASARTA CUEVAS","CARLOS MENENDEZ BLANCO",1
"511","ALBERTO TEOFILO ASARTA CUEVAS","CRISTINA DE ESTEBAN CALONJE",1
"512","ALBERTO TEOFILO ASARTA CUEVAS","CRISTINA ESTEBAN CALONJE",1
"513","ALBERTO TEOFILO ASARTA CUEVAS","EMILIO JESUS DEL VALLE RODRIGUEZ",1
"514","ALBERTO TEOFILO ASARTA CUEVAS","EMILIO JIMENEZ ROMAN",1
"515","ALBERTO TEOFILO ASARTA CUEVAS","FRANCISCO JAVIER ORTEGA SMITHMOLINA",1
"516","ALBERTO TEOFILO ASARTA CUEVAS","FRANCISCO JAVIER TOQUERO DEL VADO",1
"517","ALBERTO TEOFILO ASARTA CUEVAS","FRANCISCO JOSE ALCARAZ MARTOS",1
"518","ALBERTO TEOFILO ASARTA CUEVAS","FULGENCIO COLL BUCHER",1
"519","ALBERTO TEOFILO ASARTA CUEVAS","GEORGINA TRIAS GIL",1
"520","ALBERTO TEOFILO ASARTA CUEVAS","GERARDO ACEITUNO CARRASCO",1
"521","ALBERTO TEOFILO ASARTA CUEVAS","IGNACIO GARRIGA VAZ DE CONCICAO",2
"522","ALBERTO TEOFILO ASARTA CUEVAS","IGNACIO GIL LAZARO",2
"523","ALBERTO TEOFILO ASARTA CUEVAS","ISABEL LAZARO PINA",1
"524","ALBERTO TEOFILO ASARTA CUEVAS","ISMAEL IVAN VELEZ CIPRIANO",1
"525","ALBERTO TEOFILO ASARTA CUEVAS","IVAN ESPINOSA DE LOS MONTEROS DE SIMON",2
"526","ALBERTO TEOFILO ASARTA CUEVAS","JAIME GONZALEZ CANOMANUEL",1
"527","ALBERTO TEOFILO ASARTA CUEVAS","JAVIER ORTEGA SMITHMOLINA",1
"528","ALBERTO TEOFILO ASARTA CUEVAS","JOAQUIN ROBLES LOPEZ",2
"529","ALBERTO TEOFILO ASARTA CUEVAS","JORGE ARTURO CUTILLAS CORDON",1
"530","ALBERTO TEOFILO ASARTA CUEVAS","JOSE IGNACIO ARIAS MORENO",1
"531","ALBERTO TEOFILO ASARTA CUEVAS","JOSE JOAQUIN BENGOCHEA SECO",1
"532","ALBERTO TEOFILO ASARTA CUEVAS","JOSE MARCELO AMARILLA PEREZ",1
"533","ALBERTO TEOFILO ASARTA CUEVAS","JOSE MARIA FIGAREDO ALVAREZSALA",2
"534","ALBERTO TEOFILO ASARTA CUEVAS","JOSE MARIA MARCO TOBARRA",1
"535","ALBERTO TEOFILO ASARTA CUEVAS","JOSE MARIA SANCHEZ GARCIA",1
"536","ALBERTO TEOFILO ASARTA CUEVAS","JOSE MARIA VAZQUEZ ALVAREZ",1
"537","ALBERTO TEOFILO ASARTA CUEVAS","JOSE MIGUEL TASENDE SOUTO",1
"538","ALBERTO TEOFILO ASARTA CUEVAS","JOSE RAMIREZ DEL RIO",2
"539","ALBERTO TEOFILO ASARTA CUEVAS","JOSEFINA BLAZQUEZ SANCHEZ",1
"540","ALBERTO TEOFILO ASARTA CUEVAS","JUAN FRANCISCO ROJAS FERNANDEZ",1
"541","ALBERTO TEOFILO ASARTA CUEVAS","JUAN IGNACIO FERNANDEZ TOMAS",1
"542","ALBERTO TEOFILO ASARTA CUEVAS","JUAN JOSE AIZCORBE TORRA",1
"543","ALBERTO TEOFILO ASARTA CUEVAS","JULIO JOSE CALVO IGLESIAS",1
"544","ALBERTO TEOFILO ASARTA CUEVAS","LAURA GALAN RODRIGUEZ",1
"545","ALBERTO TEOFILO ASARTA CUEVAS","LOURDES MENDEZ MONASTERIO",2
"546","ALBERTO TEOFILO ASARTA CUEVAS","LUIS GESTOSO DE MIGUEL",1
"547","ALBERTO TEOFILO ASARTA CUEVAS","MACARENA OLONA CHOCLAN",2
"548","ALBERTO TEOFILO ASARTA CUEVAS","MAGDALENA MARGARITA CONTESTI ROSSELLO",1
"549","ALBERTO TEOFILO ASARTA CUEVAS","MANUEL GONZALEZ BAZAN",1
"550","ALBERTO TEOFILO ASARTA CUEVAS","MANUEL MARISCAL ZABALA",2
"551","ALBERTO TEOFILO ASARTA CUEVAS","MANUEL MESTRE BAREA",2
"552","ALBERTO TEOFILO ASARTA CUEVAS","MANUEL RAFAEL RODRIGUEZ VALERO",1
"553","ALBERTO TEOFILO ASARTA CUEVAS","MARGARITA DE LA PISA CARRION",1
"554","ALBERTO TEOFILO ASARTA CUEVAS","MARIA DE LA CABEZA RUIZ SOLAS",2
"555","ALBERTO TEOFILO ASARTA CUEVAS","MARIA DE LOS REYES ROMERO VILCHES",2
"556","ALBERTO TEOFILO ASARTA CUEVAS","MARIA DOLORES GOMEZ MORENO",1
"557","ALBERTO TEOFILO ASARTA CUEVAS","MARIA MAGDALENA NEVADO DEL CAMPO",1
"558","ALBERTO TEOFILO ASARTA CUEVAS","MARIA MERCEDES RODRIGUEZ TAMAYO",1
"559","ALBERTO TEOFILO ASARTA CUEVAS","MARIA TERESA ARNEDO PEREZ",1
"560","ALBERTO TEOFILO ASARTA CUEVAS","MARIA TERESA LOPEZ DIVASSON",1
"561","ALBERTO TEOFILO ASARTA CUEVAS","MARTA ALVAREZ BARRIO",1
"562","ALBERTO TEOFILO ASARTA CUEVAS","MARTA FERNANDEZ MARTIN",1
"563","ALBERTO TEOFILO ASARTA CUEVAS","MARTA GERVASIA GARRIDO MORENO",1
"564","ALBERTO TEOFILO ASARTA CUEVAS","MIGUEL ANGEL FERNANDEZ LOPEZ",1
"565","ALBERTO TEOFILO ASARTA CUEVAS","MIREIA BORRAS PABON",1
"566","ALBERTO TEOFILO ASARTA CUEVAS","PABLO JUAN CALVO LISTE",1
"567","ALBERTO TEOFILO ASARTA CUEVAS","PABLO SAEZ ALONSOMUNUMER",2
"568","ALBERTO TEOFILO ASARTA CUEVAS","PALOMA GOMEZ ENRIQUEZ",1
"569","ALBERTO TEOFILO ASARTA CUEVAS","PATRICIA DE LAS HERAS FERNANDEZ",1
"570","ALBERTO TEOFILO ASARTA CUEVAS","PATRICIA RUEDA PERELLO",2
"571","ALBERTO TEOFILO ASARTA CUEVAS","PEDRO FERNANDEZ HERNANDEZ",2
"572","ALBERTO TEOFILO ASARTA CUEVAS","PEDRO JESUS REQUEJO NOVOA",1
"573","ALBERTO TEOFILO ASARTA CUEVAS","RAQUEL TOMAS PEDROSA",1
"574","ALBERTO TEOFILO ASARTA CUEVAS","RICARDO BELDA VALIENTE",1
"575","ALBERTO TEOFILO ASARTA CUEVAS","RICARDO CHAMORRO DELMO",2
"576","ALBERTO TEOFILO ASARTA CUEVAS","ROCIO DE MEER MENDEZ",2
"577","ALBERTO TEOFILO ASARTA CUEVAS","RODRIGO JIMENEZ REVUELTA",1
"578","ALBERTO TEOFILO ASARTA CUEVAS","RUBEN SILVANO MANSO OLIVAR",1
"579","ALBERTO TEOFILO ASARTA CUEVAS","SANTIAGO ABASCAL CONDE",2
"580","ALBERTO TEOFILO ASARTA CUEVAS","SARA CONCEPCION ALVAREZ ROUCO",1
"581","ALBERTO TEOFILO ASARTA CUEVAS","SERAFIN SERRANO MARIN",1
"582","ALBERTO TEOFILO ASARTA CUEVAS","SERGIO BOTONERO GALAN",1
"583","ALBERTO TEOFILO ASARTA CUEVAS","SERGIO MACIAN DE GREEF",1
"584","ALBERTO TEOFILO ASARTA CUEVAS","SONIA LUISA LALANDA SANMIGUEL",1
"585","ALBERTO TEOFILO ASARTA CUEVAS","TOMAS FERNANDEZ RIOS",1
"586","ALBERTO TEOFILO ASARTA CUEVAS","VICTOR GUIDO GONZALEZ COELLO DE PORTUGAL",1
"587","ALBERTO TEOFILO ASARTA CUEVAS","VICTOR MANUEL SANCHEZ DEL REAL",2
"588","ALBERTO TEOFILO ASARTA CUEVAS","YOLANDA MERELO PALOMARES",1
"589","ALEJANDRO CARO MANZANERO","ALICIA VERONICA RUBIO CALLE",1
"590","ALEJANDRO CARO MANZANERO","ANA MARIA CUARTERO LORENZO",2
"591","ALEJANDRO CARO MANZANERO","ANA MARIA VELASCO VIDALABARCA",1
"592","ALEJANDRO CARO MANZANERO","ANDRES ALBERTO RODRIGUEZ ALMEIDA",1
"593","ALEJANDRO CARO MANZANERO","ANGEL LOPEZ MARAVER",1
"594","ALEJANDRO CARO MANZANERO","BLANCA ARMARIO GONZALEZ",1
"595","ALEJANDRO CARO MANZANERO","CARINA MEJIAS SANCHEZ",1
"596","ALEJANDRO CARO MANZANERO","CARLOS FLORES JUBERIAS",1
"597","ALEJANDRO CARO MANZANERO","DAVID GARCIA GOMIS",1
"598","ALEJANDRO CARO MANZANERO","EMILIO JESUS DEL VALLE RODRIGUEZ",1
"599","ALEJANDRO CARO MANZANERO","FRANCISCO JAVIER ORTEGA SMITHMOLINA",1
"600","ALEJANDRO CARO MANZANERO","FRANCISCO JOSE ALCARAZ MARTOS",1
"601","ALEJANDRO CARO MANZANERO","FRANCISCO JOSE CONTRERAS PELAEZ",1
"602","ALEJANDRO CARO MANZANERO","GEORGINA TRIAS GIL",1
"603","ALEJANDRO CARO MANZANERO","IGNACIO GIL LAZARO",1
"604","ALEJANDRO CARO MANZANERO","IGNACIO HOCES INIGUEZ",1
"605","ALEJANDRO CARO MANZANERO","INIGO HENRIQUEZ DE LUNA LOSADA",2
"606","ALEJANDRO CARO MANZANERO","ISABEL PEREZ MONINOARANDA",1
"607","ALEJANDRO CARO MANZANERO","ISMAEL IVAN VELEZ CIPRIANO",1
"608","ALEJANDRO CARO MANZANERO","IVAN ESPINOSA DE LOS MONTEROS DE SIMON",1
"609","ALEJANDRO CARO MANZANERO","JACOBO GONZALEZROBATTO PEROTE",1
"610","ALEJANDRO CARO MANZANERO","JAVIER PEREZ GALLARDO",1
"611","ALEJANDRO CARO MANZANERO","JOAQUIN ROBLES LOPEZ",1
"612","ALEJANDRO CARO MANZANERO","JORGE ARTURO CUTILLAS CORDON",2
"613","ALEJANDRO CARO MANZANERO","JORGE CAMPOS ASENSI",1
"614","ALEJANDRO CARO MANZANERO","JOSE ANTONIO FUSTER LAMELAS",1
"615","ALEJANDRO CARO MANZANERO","JOSE FRANCISCO GARRE IZQUIERDO",1
"616","ALEJANDRO CARO MANZANERO","JOSE IGNACIO ARIAS MORENO",2
"617","ALEJANDRO CARO MANZANERO","JOSE LUIS RUIZ BARTOLOME",2
"618","ALEJANDRO CARO MANZANERO","JOSE MARIA FIGAREDO ALVAREZSALA",1
"619","ALEJANDRO CARO MANZANERO","JOSE MARIA SANCHEZ GARCIA",1
"620","ALEJANDRO CARO MANZANERO","JOSE RAMIREZ DEL RIO",1
"621","ALEJANDRO CARO MANZANERO","JUAN JOSE AIZCORBE TORRA",1
"622","ALEJANDRO CARO MANZANERO","LOURDES MENDEZ MONASTERIO",1
"623","ALEJANDRO CARO MANZANERO","MANUEL MARISCAL ZABALA",1
"624","ALEJANDRO CARO MANZANERO","MARIA AMPARO ORTEGA HERNANDEZ",1
"625","ALEJANDRO CARO MANZANERO","MARIA BELEN GONZALEZ MORENO",1
"626","ALEJANDRO CARO MANZANERO","MARIA DE LA CABEZA RUIZ SOLAS",1
"627","ALEJANDRO CARO MANZANERO","MARIA DE LOS REYES ROMERO VILCHES",1
"628","ALEJANDRO CARO MANZANERO","MARIA JOSE RODRIGUEZ DE MILLAN PARRO",1
"629","ALEJANDRO CARO MANZANERO","MARIA MAGDALENA NEVADO DEL CAMPO",1
"630","ALEJANDRO CARO MANZANERO","MARIA TERESA LOPEZ ALVAREZ",1
"631","ALEJANDRO CARO MANZANERO","MARIANO CALABUIG MARTINEZ",1
"632","ALEJANDRO CARO MANZANERO","PABLO JUAN CALVO LISTE",1
"633","ALEJANDRO CARO MANZANERO","PABLO SAEZ ALONSOMUNUMER",1
"634","ALEJANDRO CARO MANZANERO","PATRICIA RUEDA PERELLO",1
"635","ALEJANDRO CARO MANZANERO","PEDRO FERNANDEZ HERNANDEZ",1
"636","ALEJANDRO CARO MANZANERO","PEDRO JESUS REQUEJO NOVOA",1
"637","ALEJANDRO CARO MANZANERO","RICARDO CHAMORRO DELMO",1
"638","ALEJANDRO CARO MANZANERO","ROCIO DE MEER MENDEZ",1
"639","ALEJANDRO CARO MANZANERO","ROCIO MONASTERIO SAN MARTIN",2
"640","ALEJANDRO CARO MANZANERO","RODRIGO JIMENEZ REVUELTA",1
"641","ALEJANDRO CARO MANZANERO","SANTIAGO ABASCAL CONDE",1
"642","ALEJANDRO CARO MANZANERO","SERGIO MACIAN DE GREEF",1
"643","ALEJANDRO CARO MANZANERO","TOMAS FERNANDEZ RIOS",1
"644","ALEJANDRO CARO MANZANERO","VICTOR GUIDO GONZALEZ COELLO DE PORTUGAL",1
"645","ALEJANDRO CARO MANZANERO","YOLANDA MERELO PALOMARES",1
"646","ALEJANDRO GOMEZ RODRIGUEZ","ALEJANDRO NOLASCO ASENSIO",1
"647","ALEJANDRO GOMEZ RODRIGUEZ","AMAYA ACOSTA BARRERA",1
"648","ALEJANDRO GOMEZ RODRIGUEZ","ANA MARIA VELASCO VIDALABARCA",1
"649","ALEJANDRO GOMEZ RODRIGUEZ","ANDRES ALBERTO RODRIGUEZ ALMEIDA",1
"650","ALEJANDRO GOMEZ RODRIGUEZ","ANDRES FELIX BELLO SANZ",1
"651","ALEJANDRO GOMEZ RODRIGUEZ","ANGEL LOPEZ MARAVER",1
"652","ALEJANDRO GOMEZ RODRIGUEZ","ANTONIO DE MIGUEL ANTON",1
"653","ALEJANDRO GOMEZ RODRIGUEZ","ANTONIO RAMON LOPEZ GOMEZ",1
"654","ALEJANDRO GOMEZ RODRIGUEZ","ANTONIO SALVA VERD",2
"655","ALEJANDRO GOMEZ RODRIGUEZ","BEATRIZ GONZALEZ VARELA",1
"656","ALEJANDRO GOMEZ RODRIGUEZ","BEATRIZ TEJERO OLLER",1
"657","ALEJANDRO GOMEZ RODRIGUEZ","CARLA TOSCANO DE BALBIN",2
"658","ALEJANDRO GOMEZ RODRIGUEZ","CARLOS JOSE ZAMBRANO GARCIARAEZ",1
"659","ALEJANDRO GOMEZ RODRIGUEZ","CARLOS MENENDEZ BLANCO",1
"660","ALEJANDRO GOMEZ RODRIGUEZ","CRISTINA DE ESTEBAN CALONJE",1
"661","ALEJANDRO GOMEZ RODRIGUEZ","CRISTINA ESTEBAN CALONJE",1
"662","ALEJANDRO GOMEZ RODRIGUEZ","EMILIO JESUS DEL VALLE RODRIGUEZ",1
"663","ALEJANDRO GOMEZ RODRIGUEZ","EMILIO JIMENEZ ROMAN",1
"664","ALEJANDRO GOMEZ RODRIGUEZ","FRANCISCO JAVIER ORTEGA SMITHMOLINA",1
"665","ALEJANDRO GOMEZ RODRIGUEZ","FRANCISCO JAVIER TOQUERO DEL VADO",1
"666","ALEJANDRO GOMEZ RODRIGUEZ","FRANCISCO JOSE ALCARAZ MARTOS",1
"667","ALEJANDRO GOMEZ RODRIGUEZ","FULGENCIO COLL BUCHER",1
"668","ALEJANDRO GOMEZ RODRIGUEZ","GEORGINA TRIAS GIL",1
"669","ALEJANDRO GOMEZ RODRIGUEZ","GERARDO ACEITUNO CARRASCO",1
"670","ALEJANDRO GOMEZ RODRIGUEZ","IGNACIO GARRIGA VAZ DE CONCICAO",2
"671","ALEJANDRO GOMEZ RODRIGUEZ","IGNACIO GIL LAZARO",2
"672","ALEJANDRO GOMEZ RODRIGUEZ","ISABEL LAZARO PINA",1
"673","ALEJANDRO GOMEZ RODRIGUEZ","ISMAEL IVAN VELEZ CIPRIANO",1
"674","ALEJANDRO GOMEZ RODRIGUEZ","IVAN ESPINOSA DE LOS MONTEROS DE SIMON",2
"675","ALEJANDRO GOMEZ RODRIGUEZ","JAIME GONZALEZ CANOMANUEL",1
"676","ALEJANDRO GOMEZ RODRIGUEZ","JAVIER ORTEGA SMITHMOLINA",1
"677","ALEJANDRO GOMEZ RODRIGUEZ","JOAQUIN ROBLES LOPEZ",2
"678","ALEJANDRO GOMEZ RODRIGUEZ","JORGE ARTURO CUTILLAS CORDON",1
"679","ALEJANDRO GOMEZ RODRIGUEZ","JOSE IGNACIO ARIAS MORENO",1
"680","ALEJANDRO GOMEZ RODRIGUEZ","JOSE JOAQUIN BENGOCHEA SECO",1
"681","ALEJANDRO GOMEZ RODRIGUEZ","JOSE MARCELO AMARILLA PEREZ",1
"682","ALEJANDRO GOMEZ RODRIGUEZ","JOSE MARIA FIGAREDO ALVAREZSALA",2
"683","ALEJANDRO GOMEZ RODRIGUEZ","JOSE MARIA MARCO TOBARRA",1
"684","ALEJANDRO GOMEZ RODRIGUEZ","JOSE MARIA SANCHEZ GARCIA",1
"685","ALEJANDRO GOMEZ RODRIGUEZ","JOSE MARIA VAZQUEZ ALVAREZ",1
"686","ALEJANDRO GOMEZ RODRIGUEZ","JOSE MIGUEL TASENDE SOUTO",1
"687","ALEJANDRO GOMEZ RODRIGUEZ","JOSE RAMIREZ DEL RIO",2
"688","ALEJANDRO GOMEZ RODRIGUEZ","JOSEFINA BLAZQUEZ SANCHEZ",1
"689","ALEJANDRO GOMEZ RODRIGUEZ","JUAN FRANCISCO ROJAS FERNANDEZ",1
"690","ALEJANDRO GOMEZ RODRIGUEZ","JUAN IGNACIO FERNANDEZ TOMAS",1
"691","ALEJANDRO GOMEZ RODRIGUEZ","JUAN JOSE AIZCORBE TORRA",1
"692","ALEJANDRO GOMEZ RODRIGUEZ","JULIO JOSE CALVO IGLESIAS",1
"693","ALEJANDRO GOMEZ RODRIGUEZ","LAURA GALAN RODRIGUEZ",1
"694","ALEJANDRO GOMEZ RODRIGUEZ","LOURDES MENDEZ MONASTERIO",2
"695","ALEJANDRO GOMEZ RODRIGUEZ","LUIS GESTOSO DE MIGUEL",1
"696","ALEJANDRO GOMEZ RODRIGUEZ","MACARENA OLONA CHOCLAN",2
"697","ALEJANDRO GOMEZ RODRIGUEZ","MAGDALENA MARGARITA CONTESTI ROSSELLO",1
"698","ALEJANDRO GOMEZ RODRIGUEZ","MANUEL GONZALEZ BAZAN",1
"699","ALEJANDRO GOMEZ RODRIGUEZ","MANUEL MARISCAL ZABALA",2
"700","ALEJANDRO GOMEZ RODRIGUEZ","MANUEL MESTRE BAREA",2
"701","ALEJANDRO GOMEZ RODRIGUEZ","MANUEL RAFAEL RODRIGUEZ VALERO",1
"702","ALEJANDRO GOMEZ RODRIGUEZ","MARGARITA DE LA PISA CARRION",1
"703","ALEJANDRO GOMEZ RODRIGUEZ","MARIA DE LA CABEZA RUIZ SOLAS",2
"704","ALEJANDRO GOMEZ RODRIGUEZ","MARIA DE LOS REYES ROMERO VILCHES",2
"705","ALEJANDRO GOMEZ RODRIGUEZ","MARIA DOLORES GOMEZ MORENO",1
"706","ALEJANDRO GOMEZ RODRIGUEZ","MARIA MAGDALENA NEVADO DEL CAMPO",1
"707","ALEJANDRO GOMEZ RODRIGUEZ","MARIA MERCEDES RODRIGUEZ TAMAYO",1
"708","ALEJANDRO GOMEZ RODRIGUEZ","MARIA TERESA ARNEDO PEREZ",1
"709","ALEJANDRO GOMEZ RODRIGUEZ","MARIA TERESA LOPEZ DIVASSON",1
"710","ALEJANDRO GOMEZ RODRIGUEZ","MARTA ALVAREZ BARRIO",1
"711","ALEJANDRO GOMEZ RODRIGUEZ","MARTA FERNANDEZ MARTIN",1
"712","ALEJANDRO GOMEZ RODRIGUEZ","MARTA GERVASIA GARRIDO MORENO",1
"713","ALEJANDRO GOMEZ RODRIGUEZ","MIGUEL ANGEL FERNANDEZ LOPEZ",1
"714","ALEJANDRO GOMEZ RODRIGUEZ","MIREIA BORRAS PABON",1
"715","ALEJANDRO GOMEZ RODRIGUEZ","PABLO JUAN CALVO LISTE",1
"716","ALEJANDRO GOMEZ RODRIGUEZ","PABLO SAEZ ALONSOMUNUMER",2
"717","ALEJANDRO GOMEZ RODRIGUEZ","PALOMA GOMEZ ENRIQUEZ",1
"718","ALEJANDRO GOMEZ RODRIGUEZ","PATRICIA DE LAS HERAS FERNANDEZ",1
"719","ALEJANDRO GOMEZ RODRIGUEZ","PATRICIA RUEDA PERELLO",2
"720","ALEJANDRO GOMEZ RODRIGUEZ","PEDRO FERNANDEZ HERNANDEZ",2
"721","ALEJANDRO GOMEZ RODRIGUEZ","PEDRO JESUS REQUEJO NOVOA",1
"722","ALEJANDRO GOMEZ RODRIGUEZ","RAQUEL TOMAS PEDROSA",1
"723","ALEJANDRO GOMEZ RODRIGUEZ","RICARDO BELDA VALIENTE",1
"724","ALEJANDRO GOMEZ RODRIGUEZ","RICARDO CHAMORRO DELMO",2
"725","ALEJANDRO GOMEZ RODRIGUEZ","ROCIO DE MEER MENDEZ",2
"726","ALEJANDRO GOMEZ RODRIGUEZ","RODRIGO JIMENEZ REVUELTA",1
"727","ALEJANDRO GOMEZ RODRIGUEZ","RUBEN SILVANO MANSO OLIVAR",1
"728","ALEJANDRO GOMEZ RODRIGUEZ","SANTIAGO ABASCAL CONDE",2
"729","ALEJANDRO GOMEZ RODRIGUEZ","SARA CONCEPCION ALVAREZ ROUCO",1
"730","ALEJANDRO GOMEZ RODRIGUEZ","SERAFIN SERRANO MARIN",1
"731","ALEJANDRO GOMEZ RODRIGUEZ","SERGIO BOTONERO GALAN",1
"732","ALEJANDRO GOMEZ RODRIGUEZ","SERGIO MACIAN DE GREEF",1
"733","ALEJANDRO GOMEZ RODRIGUEZ","SONIA LUISA LALANDA SANMIGUEL",1
"734","ALEJANDRO GOMEZ RODRIGUEZ","TOMAS FERNANDEZ RIOS",1
"735","ALEJANDRO GOMEZ RODRIGUEZ","VICTOR GUIDO GONZALEZ COELLO DE PORTUGAL",1
"736","ALEJANDRO GOMEZ RODRIGUEZ","VICTOR MANUEL SANCHEZ DEL REAL",2
"737","ALEJANDRO GOMEZ RODRIGUEZ","YOLANDA MERELO PALOMARES",1
"738","ALEJANDRO HERNANDEZ VALDES","ANA MARIA RUIZ VAZQUEZ",1
"739","ALEJANDRO HERNANDEZ VALDES","ANGEL LUIS BORDAS GUIJARRO",1
"740","ALEJANDRO HERNANDEZ VALDES","ANTONIO JOSE LUNA GARCIA",1
"741","ALEJANDRO HERNANDEZ VALDES","ANTONIO SEVILLA RODRIGUEZ",1
"742","ALEJANDRO HERNANDEZ VALDES","BEATRIZ SANCHEZ RODRIGUEZ",1
"743","ALEJANDRO HERNANDEZ VALDES","BENITO MORILLO ALEJO",1
"744","ALEJANDRO HERNANDEZ VALDES","BLANCA ARMARIO GONZALEZ",1
"745","ALEJANDRO HERNANDEZ VALDES","CRISTINA ALEJANDRA JIMENEZ JIMENEZ",1
"746","ALEJANDRO HERNANDEZ VALDES","DAVID NAVARRO QUESADA",1
"747","ALEJANDRO HERNANDEZ VALDES","EVA MARIA POZA MENDEZ",1
"748","ALEJANDRO HERNANDEZ VALDES","FRANCISCO JOSE CONTRERAS PELAEZ",1
"749","ALEJANDRO HERNANDEZ VALDES","FRANCISCO RAUL CORDERO OLMEDO",1
"750","ALEJANDRO HERNANDEZ VALDES","GEMA ISABEL GUTIERREZ TOSCANO",1
"751","ALEJANDRO HERNANDEZ VALDES","GERARDO ACEITUNO CARRASCO",1
"752","ALEJANDRO HERNANDEZ VALDES","GLORIA GAMONOSO FERRARO",1
"753","ALEJANDRO HERNANDEZ VALDES","HERMANN LEOPOLD TERTSCH DEL VALLELERSUNDI",1
"754","ALEJANDRO HERNANDEZ VALDES","JAIME JAVIER DOMINGO MARTINEZ",1
"755","ALEJANDRO HERNANDEZ VALDES","JAVIER CORTES LUCENA",1
"756","ALEJANDRO HERNANDEZ VALDES","JORGE BUXADE VILLALBA",1
"757","ALEJANDRO HERNANDEZ VALDES","JOSE ANTONIO GOMILA ORTEGA",1
"758","ALEJANDRO HERNANDEZ VALDES","JOSE MARIA ORTELLS POLO",1
"759","ALEJANDRO HERNANDEZ VALDES","JUAN JOSE BOSQUET ARIAS",1
"760","ALEJANDRO HERNANDEZ VALDES","JUAN JOSE COCA LOPEZ",1
"761","ALEJANDRO HERNANDEZ VALDES","LUCIA CUADROS ESTEVEZ",1
"762","ALEJANDRO HERNANDEZ VALDES","LUZ BELINDA RODRIGUEZ FERNANDEZ",1
"763","ALEJANDRO HERNANDEZ VALDES","MACARENA OLONA CHOCLAN",1
"764","ALEJANDRO HERNANDEZ VALDES","MANUEL GAVIRA FLORENTINO",1
"765","ALEJANDRO HERNANDEZ VALDES","MANUEL JORGE MARTIN MONTERO",1
"766","ALEJANDRO HERNANDEZ VALDES","MANUELA DEL MAR MARTIN IBANEZ",1
"767","ALEJANDRO HERNANDEZ VALDES","MARGARITA DE LA PISA CARRION",1
"768","ALEJANDRO HERNANDEZ VALDES","MARIA ADELA VAO CANADAS",1
"769","ALEJANDRO HERNANDEZ VALDES","MARIA DEL CARMEN MURIEL MARQUEZ",1
"770","ALEJANDRO HERNANDEZ VALDES","MARIA JOSE RODRIGUEZ DE MILLAN PARRO",1
"771","ALEJANDRO HERNANDEZ VALDES","MARIA LOPEZ ZAMBRANO",1
"772","ALEJANDRO HERNANDEZ VALDES","MARIA MAGDALENA PUENTEDURA PEREZ",1
"773","ALEJANDRO HERNANDEZ VALDES","MARIA MERCEDES RODRIGUEZ TAMAYO",1
"774","ALEJANDRO HERNANDEZ VALDES","MAZALY AGUILAR",1
"775","ALEJANDRO HERNANDEZ VALDES","MONTSERRAT CERVANTES LLORT",1
"776","ALEJANDRO HERNANDEZ VALDES","PURIFICACION FERNANDEZ MORALES",1
"777","ALEJANDRO HERNANDEZ VALDES","RAFAEL SEGOVIA BROME",1
"778","ALEJANDRO HERNANDEZ VALDES","RICARDO LOPEZ OLEA",1
"779","ALEJANDRO HERNANDEZ VALDES","RODRIGO JAVIER ALONSO FERNANDEZ",1
"780","ALEJANDRO HERNANDEZ VALDES","SILVIA CLARA ENRIQUEZ GALLEGO",1
"781","ALEJANDRO HERNANDEZ VALDES","SOLEDAD PEREZ RUBIO",1
"782","ALEJANDRO NOLASCO ASENSIO","ANA BELEN BARON FERRANDO",1
"783","ALEJANDRO NOLASCO ASENSIO","ANA ISABEL PARDO PARDOS",1
"784","ALEJANDRO NOLASCO ASENSIO","ANDRES ALBERTO RODRIGUEZ ALMEIDA",1
"785","ALEJANDRO NOLASCO ASENSIO","ANGEL LOPEZ MARAVER",2
"786","ALEJANDRO NOLASCO ASENSIO","ANTONIO DE MIGUEL ANTON",1
"787","ALEJANDRO NOLASCO ASENSIO","ANTONIO SALVA VERD",1
"788","ALEJANDRO NOLASCO ASENSIO","ARANZAZU SIMON PEREZ",1
"789","ALEJANDRO NOLASCO ASENSIO","AROHA ROCHELA ROMERO",1
"790","ALEJANDRO NOLASCO ASENSIO","BEATRIZ OLIVAN ROMEU",1
"791","ALEJANDRO NOLASCO ASENSIO","BLANCA ARMARIO GONZALEZ",1
"792","ALEJANDRO NOLASCO ASENSIO","CARINA MEJIAS SANCHEZ",1
"793","ALEJANDRO NOLASCO ASENSIO","CARLA TOSCANO DE BALBIN",1
"794","ALEJANDRO NOLASCO ASENSIO","CARLOS FLORES JUBERIAS",1
"795","ALEJANDRO NOLASCO ASENSIO","CARLOS JAVIER ANDREU SANZ",1
"796","ALEJANDRO NOLASCO ASENSIO","CARLOS RODRIGO DOMINGUEZ",1
"797","ALEJANDRO NOLASCO ASENSIO","CRISTINA DE ESTEBAN CALONJE",1
"798","ALEJANDRO NOLASCO ASENSIO","CRISTINA ESTEBAN CALONJE",1
"799","ALEJANDRO NOLASCO ASENSIO","DAVID ARRANZ BALLESTEROS",2
"800","ALEJANDRO NOLASCO ASENSIO","DAVID GARCIA GOMIS",1
"801","ALEJANDRO NOLASCO ASENSIO","ELISABET CARBALLO DIAZ",1
"802","ALEJANDRO NOLASCO ASENSIO","EMILIO JESUS DEL VALLE RODRIGUEZ",1
"803","ALEJANDRO NOLASCO ASENSIO","EVA MARIA TORRES PULIDO",1
"804","ALEJANDRO NOLASCO ASENSIO","FRANCISCO JAVIER ORTEGA SMITHMOLINA",2
"805","ALEJANDRO NOLASCO ASENSIO","FRANCISCO JOSE ALCARAZ MARTOS",2
"806","ALEJANDRO NOLASCO ASENSIO","FRANCISCO JOSE CONTRERAS PELAEZ",1
"807","ALEJANDRO NOLASCO ASENSIO","GEORGINA TRIAS GIL",1
"808","ALEJANDRO NOLASCO ASENSIO","IGNACIO GARRIGA VAZ DE CONCICAO",2
"809","ALEJANDRO NOLASCO ASENSIO","IGNACIO GIL LAZARO",3
"810","ALEJANDRO NOLASCO ASENSIO","IGNACIO HOCES INIGUEZ",1
"811","ALEJANDRO NOLASCO ASENSIO","ISMAEL IVAN VELEZ CIPRIANO",2
"812","ALEJANDRO NOLASCO ASENSIO","IVAN ESPINOSA DE LOS MONTEROS DE SIMON",3
"813","ALEJANDRO NOLASCO ASENSIO","JACOBO GONZALEZROBATTO PEROTE",1
"814","ALEJANDRO NOLASCO ASENSIO","JAIME GONZALEZ CANOMANUEL",1
"815","ALEJANDRO NOLASCO ASENSIO","JAVIER ORTEGA SMITHMOLINA",1
"816","ALEJANDRO NOLASCO ASENSIO","JAVIER VALENTIN ALONSO CORONEL",1
"817","ALEJANDRO NOLASCO ASENSIO","JESUS GARCIA ROYO",1
"818","ALEJANDRO NOLASCO ASENSIO","JOAQUIN ROBLES LOPEZ",3
"819","ALEJANDRO NOLASCO ASENSIO","JORGE CAMPOS ASENSI",1
"820","ALEJANDRO NOLASCO ASENSIO","JORGE SADABA CORRAL",1
"821","ALEJANDRO NOLASCO ASENSIO","JOSE FRANCISCO GARRE IZQUIERDO",1
"822","ALEJANDRO NOLASCO ASENSIO","JOSE MARIA FIGAREDO ALVAREZSALA",2
"823","ALEJANDRO NOLASCO ASENSIO","JOSE MARIA SANCHEZ GARCIA",2
"824","ALEJANDRO NOLASCO ASENSIO","JOSE MARIA VAZQUEZ ALVAREZ",1
"825","ALEJANDRO NOLASCO ASENSIO","JOSE RAMIREZ DEL RIO",2
"826","ALEJANDRO NOLASCO ASENSIO","JUAN JOSE AIZCORBE TORRA",2
"827","ALEJANDRO NOLASCO ASENSIO","LEONIA ALEXANDRA BERNARDINO SILVANO",1
"828","ALEJANDRO NOLASCO ASENSIO","LOURDES MENDEZ MONASTERIO",3
"829","ALEJANDRO NOLASCO ASENSIO","LUIS FRANCISCO BIENDICHO GRACIA",1
"830","ALEJANDRO NOLASCO ASENSIO","MACARENA OLONA CHOCLAN",2
"831","ALEJANDRO NOLASCO ASENSIO","MAGDALENA MARGARITA CONTESTI ROSSELLO",1
"832","ALEJANDRO NOLASCO ASENSIO","MANUEL GONZALEZ BAZAN",1
"833","ALEJANDRO NOLASCO ASENSIO","MANUEL MARISCAL ZABALA",3
"834","ALEJANDRO NOLASCO ASENSIO","MANUEL MESTRE BAREA",2
"835","ALEJANDRO NOLASCO ASENSIO","MANUEL RAFAEL RODRIGUEZ VALERO",1
"836","ALEJANDRO NOLASCO ASENSIO","MARIA CARMEN ROUCO LALIENA",1
"837","ALEJANDRO NOLASCO ASENSIO","MARIA DE LA CABEZA RUIZ SOLAS",3
"838","ALEJANDRO NOLASCO ASENSIO","MARIA DE LOS REYES ROMERO VILCHES",3
"839","ALEJANDRO NOLASCO ASENSIO","MARIA ISABEL CALZADA ANDREU",1
"840","ALEJANDRO NOLASCO ASENSIO","MARIA JOSE RODRIGUEZ DE MILLAN PARRO",1
"841","ALEJANDRO NOLASCO ASENSIO","MARIA MAGDALENA NEVADO DEL CAMPO",1
"842","ALEJANDRO NOLASCO ASENSIO","MARIA PILAR DELGADO ANGLADA",1
"843","ALEJANDRO NOLASCO ASENSIO","MARIA TERESA LOPEZ ALVAREZ",1
"844","ALEJANDRO NOLASCO ASENSIO","MARTA ALVAREZ BARRIO",1
"845","ALEJANDRO NOLASCO ASENSIO","MARTA FERNANDEZ MARTIN",2
"846","ALEJANDRO NOLASCO ASENSIO","MARTA MORENO RODRIGUEZ",1
"847","ALEJANDRO NOLASCO ASENSIO","MIGUEL ANGEL FERNANDEZ LOPEZ",1
"848","ALEJANDRO NOLASCO ASENSIO","PABLO JUAN CALVO LISTE",1
"849","ALEJANDRO NOLASCO ASENSIO","PABLO SAEZ ALONSOMUNUMER",3
"850","ALEJANDRO NOLASCO ASENSIO","PATRICIA DE LAS HERAS FERNANDEZ",1
"851","ALEJANDRO NOLASCO ASENSIO","PATRICIA RUEDA PERELLO",3
"852","ALEJANDRO NOLASCO ASENSIO","PEDRO FERNANDEZ HERNANDEZ",3
"853","ALEJANDRO NOLASCO ASENSIO","PEDRO JESUS REQUEJO NOVOA",1
"854","ALEJANDRO NOLASCO ASENSIO","RICARDO CHAMORRO DELMO",3
"855","ALEJANDRO NOLASCO ASENSIO","ROCIO DE MEER MENDEZ",3
"856","ALEJANDRO NOLASCO ASENSIO","RODRIGO JIMENEZ REVUELTA",1
"857","ALEJANDRO NOLASCO ASENSIO","RUBEN SILVANO MANSO OLIVAR",1
"858","ALEJANDRO NOLASCO ASENSIO","SANTIAGO ABASCAL CONDE",3
"859","ALEJANDRO NOLASCO ASENSIO","SANTIAGO MORON SANJUAN",2
"860","ALEJANDRO NOLASCO ASENSIO","SERAFIN SERRANO MARIN",1
"861","ALEJANDRO NOLASCO ASENSIO","SERGIO MACIAN DE GREEF",1
"862","ALEJANDRO NOLASCO ASENSIO","SERGIO MARCO JIMENEZ",1
"863","ALEJANDRO NOLASCO ASENSIO","SONIA LUISA LALANDA SANMIGUEL",1
"864","ALEJANDRO NOLASCO ASENSIO","TOMAS FERNANDEZ RIOS",1
"865","ALEJANDRO NOLASCO ASENSIO","VICENTE GALLASTEGUI AZNAR",1
"866","ALEJANDRO NOLASCO ASENSIO","VICTOR GUIDO GONZALEZ COELLO DE PORTUGAL",2
"867","ALEJANDRO NOLASCO ASENSIO","VICTOR MANUEL SANCHEZ DEL REAL",1
"868","ALEJANDRO NOLASCO ASENSIO","YOLANDA MERELO PALOMARES",1
"869","ALEJANDRO VILA POLO","ANA VEGA CAMPOS",1
"870","ALEJANDRO VILA POLO","ANGEL LOPEZ MARAVER",1
"871","ALEJANDRO VILA POLO","ANTONIO SALVA VERD",1
"872","ALEJANDRO VILA POLO","CARLA TOSCANO DE BALBIN",1
"873","ALEJANDRO VILA POLO","CARLOS FLORES JUBERIAS",1
"874","ALEJANDRO VILA POLO","CRISTINA DE ESTEBAN CALONJE",1
"875","ALEJANDRO VILA POLO","DAVID GARCIA GOMIS",1
"876","ALEJANDRO VILA POLO","DAVID MUNOZ PEREZ",1
"877","ALEJANDRO VILA POLO","FRANCISCO JAVIER ORTEGA SMITHMOLINA",1
"878","ALEJANDRO VILA POLO","IGNACIO GARRIGA VAZ DE CONCICAO",1
"879","ALEJANDRO VILA POLO","IGNACIO GIL LAZARO",1
"880","ALEJANDRO VILA POLO","IVAN ESPINOSA DE LOS MONTEROS DE SIMON",1
"881","ALEJANDRO VILA POLO","JOAQUIN ROBLES LOPEZ",1
"882","ALEJANDRO VILA POLO","JOSE LUIS AGUIRRE LARRAURI",1
"883","ALEJANDRO VILA POLO","JOSE MARIA FIGAREDO ALVAREZSALA",1
"884","ALEJANDRO VILA POLO","JOSE MARIA LLANOS PITARCH",1
"885","ALEJANDRO VILA POLO","JOSE MARIA VAZQUEZ ALVAREZ",1
"886","ALEJANDRO VILA POLO","JOSE RAMIREZ DEL RIO",1
"887","ALEJANDRO VILA POLO","JULIA MARIA LLOPIS NOHEDA",1
"888","ALEJANDRO VILA POLO","LOURDES MENDEZ MONASTERIO",1
"889","ALEJANDRO VILA POLO","MACARENA OLONA CHOCLAN",1
"890","ALEJANDRO VILA POLO","MANUEL MARISCAL ZABALA",1
"891","ALEJANDRO VILA POLO","MANUEL MESTRE BAREA",1
"892","ALEJANDRO VILA POLO","MARIA DE LA CABEZA RUIZ SOLAS",1
"893","ALEJANDRO VILA POLO","MARIA DE LOS ANGELES CRIADO GONZALBEZ",1
"894","ALEJANDRO VILA POLO","MARIA DE LOS LLANOS MASSO LINARES",1
"895","ALEJANDRO VILA POLO","MARIA DE LOS REYES ROMERO VILCHES",1
"896","ALEJANDRO VILA POLO","MIGUEL PASCUAL PEREZ",1
"897","ALEJANDRO VILA POLO","PABLO SAEZ ALONSOMUNUMER",1
"898","ALEJANDRO VILA POLO","PATRICIA RUEDA PERELLO",1
"899","ALEJANDRO VILA POLO","PEDRO FERNANDEZ HERNANDEZ",1
"900","ALEJANDRO VILA POLO","RICARDO CHAMORRO DELMO",1
"901","ALEJANDRO VILA POLO","ROCIO DE MEER MENDEZ",1
"902","ALEJANDRO VILA POLO","SANTIAGO ABASCAL CONDE",1
"903","ALEJANDRO VILA POLO","VICTOR MANUEL SANCHEZ DEL REAL",1
"904","ALFONSO RAFAEL CARRETO RUIZ","JOSE ANTONIO GOMILA ORTEGA",1
"905","ALFREDO ANGEL GALAVIS MELARA","ALVARO LUIS SANCHEZ OCANA VARA",1
"906","ALFREDO ANGEL GALAVIS MELARA","ANDRES ALBERTO RODRIGUEZ ALMEIDA",1
"907","ALFREDO ANGEL GALAVIS MELARA","ANGEL LOPEZ MARAVER",1
"908","ALFREDO ANGEL GALAVIS MELARA","ANGEL PELAYO GORDILLO MORENO",1
"909","ALFREDO ANGEL GALAVIS MELARA","BEATRIZ MUNOZ RODRIGUEZ",1
"910","ALFREDO ANGEL GALAVIS MELARA","BLANCA ARMARIO GONZALEZ",1
"911","ALFREDO ANGEL GALAVIS MELARA","CARINA MEJIAS SANCHEZ",1
"912","ALFREDO ANGEL GALAVIS MELARA","CARLOS FLORES JUBERIAS",1
"913","ALFREDO ANGEL GALAVIS MELARA","DAVID GARCIA GOMIS",1
"914","ALFREDO ANGEL GALAVIS MELARA","EDUARDO MARIA GUTIERREZ MURILLO",1
"915","ALFREDO ANGEL GALAVIS MELARA","EMILIO JESUS DEL VALLE RODRIGUEZ",1
"916","ALFREDO ANGEL GALAVIS MELARA","EVA MARIA GARCIA ALEGRE",1
"917","ALFREDO ANGEL GALAVIS MELARA","FRANCISCO JAVIER ORTEGA SMITHMOLINA",1
"918","ALFREDO ANGEL GALAVIS MELARA","FRANCISCO JOSE ALCARAZ MARTOS",1
"919","ALFREDO ANGEL GALAVIS MELARA","FRANCISCO JOSE CONTRERAS PELAEZ",1
"920","ALFREDO ANGEL GALAVIS MELARA","GEORGINA TRIAS GIL",1
"921","ALFREDO ANGEL GALAVIS MELARA","IGNACIO GIL LAZARO",1
"922","ALFREDO ANGEL GALAVIS MELARA","IGNACIO HOCES INIGUEZ",1
"923","ALFREDO ANGEL GALAVIS MELARA","INES CHECA MALLEBRERA",1
"924","ALFREDO ANGEL GALAVIS MELARA","ISMAEL IVAN VELEZ CIPRIANO",1
"925","ALFREDO ANGEL GALAVIS MELARA","IVAN ESPINOSA DE LOS MONTEROS DE SIMON",1
"926","ALFREDO ANGEL GALAVIS MELARA","JACOBO GONZALEZROBATTO PEROTE",1
"927","ALFREDO ANGEL GALAVIS MELARA","JAVIER BRAVO ARROBAS",1
"928","ALFREDO ANGEL GALAVIS MELARA","JOAQUIN ROBLES LOPEZ",1
"929","ALFREDO ANGEL GALAVIS MELARA","JORGE CAMPOS ASENSI",1
"930","ALFREDO ANGEL GALAVIS MELARA","JORGE MARTIN TRANCON",1
"931","ALFREDO ANGEL GALAVIS MELARA","JOSE FRANCISCO GARRE IZQUIERDO",1
"932","ALFREDO ANGEL GALAVIS MELARA","JOSE MARCELO AMARILLA PEREZ",1
"933","ALFREDO ANGEL GALAVIS MELARA","JOSE MARIA FIGAREDO ALVAREZSALA",1
"934","ALFREDO ANGEL GALAVIS MELARA","JOSE MARIA SANCHEZ GARCIA",1
"935","ALFREDO ANGEL GALAVIS MELARA","JOSE RAMIREZ DEL RIO",1
"936","ALFREDO ANGEL GALAVIS MELARA","JUAN JOSE AIZCORBE TORRA",1
"937","ALFREDO ANGEL GALAVIS MELARA","JUAN JOSE GARCIA GARCIA",1
"938","ALFREDO ANGEL GALAVIS MELARA","LAURA GALAN RODRIGUEZ",1
"939","ALFREDO ANGEL GALAVIS MELARA","LOURDES MENDEZ MONASTERIO",1
"940","ALFREDO ANGEL GALAVIS MELARA","MANUEL MARISCAL ZABALA",1
"941","ALFREDO ANGEL GALAVIS MELARA","MARIA DE LA CABEZA RUIZ SOLAS",1
"942","ALFREDO ANGEL GALAVIS MELARA","MARIA DE LOS REYES ROMERO VILCHES",1
"943","ALFREDO ANGEL GALAVIS MELARA","MARIA JESUS SALVATIERRA GORDILLO",1
"944","ALFREDO ANGEL GALAVIS MELARA","MARIA JOSE RODRIGUEZ DE MILLAN PARRO",1
"945","ALFREDO ANGEL GALAVIS MELARA","MARIA MAGDALENA NEVADO DEL CAMPO",1
"946","ALFREDO ANGEL GALAVIS MELARA","MARIA TERESA LOPEZ ALVAREZ",1
"947","ALFREDO ANGEL GALAVIS MELARA","MARTA GERVASIA GARRIDO MORENO",1
"948","ALFREDO ANGEL GALAVIS MELARA","OSCAR ARTURO FERNANDEZ CALLE",1
"949","ALFREDO ANGEL GALAVIS MELARA","PABLO JUAN CALVO LISTE",1
"950","ALFREDO ANGEL GALAVIS MELARA","PABLO SAEZ ALONSOMUNUMER",1
"951","ALFREDO ANGEL GALAVIS MELARA","PATRICIA RUEDA PERELLO",1
"952","ALFREDO ANGEL GALAVIS MELARA","PEDRO FERNANDEZ HERNANDEZ",1
"953","ALFREDO ANGEL GALAVIS MELARA","PEDRO JESUS REQUEJO NOVOA",1
"954","ALFREDO ANGEL GALAVIS MELARA","RICARDO CHAMORRO DELMO",1
"955","ALFREDO ANGEL GALAVIS MELARA","ROCIO DE MEER MENDEZ",1
"956","ALFREDO ANGEL GALAVIS MELARA","RODRIGO JIMENEZ REVUELTA",1
"957","ALFREDO ANGEL GALAVIS MELARA","SANTIAGO ABASCAL CONDE",1
"958","ALFREDO ANGEL GALAVIS MELARA","SERGIO MACIAN DE GREEF",1
"959","ALFREDO ANGEL GALAVIS MELARA","TOMAS FERNANDEZ RIOS",1
"960","ALFREDO ANGEL GALAVIS MELARA","VICTOR GUIDO GONZALEZ COELLO DE PORTUGAL",1
"961","ALFREDO ANGEL GALAVIS MELARA","YOLANDA MERELO PALOMARES",1
"962","ALICIA VERONICA RUBIO CALLE","AMAYA ACOSTA BARRERA",2
"963","ALICIA VERONICA RUBIO CALLE","ANA MARIA CUARTERO LORENZO",2
"964","ALICIA VERONICA RUBIO CALLE","BEATRIZ TEJERO OLLER",2
"965","ALICIA VERONICA RUBIO CALLE","CARMELO ALVAREZ FERNANDEZ DE GAMARRA",1
"966","ALICIA VERONICA RUBIO CALLE","CAROLINA DE PABLO GONZALEZ",1
"967","ALICIA VERONICA RUBIO CALLE","CONSUELO BLANCO GAMBOA",2
"968","ALICIA VERONICA RUBIO CALLE","ELENA ELOISA DOMINGUEZ MUNOZ",1
"969","ALICIA VERONICA RUBIO CALLE","ELIANA PALACIOS ALBORNOZ",1
"970","ALICIA VERONICA RUBIO CALLE","EUGENIO MARTINEZ ALVAR",1
"971","ALICIA VERONICA RUBIO CALLE","FRANCISCO DE PAULA SERRANO CABALLERO",2
"972","ALICIA VERONICA RUBIO CALLE","FRANCISCO JOSE ALONSO ANEIROS",1
"973","ALICIA VERONICA RUBIO CALLE","FRANCISCO MANUEL BOZA GONZALEZ",1
"974","ALICIA VERONICA RUBIO CALLE","GUADALUPE DE LA FUENTE ESPINOSA",1
"975","ALICIA VERONICA RUBIO CALLE","GUILLERMO CASTANO MATAS",1
"976","ALICIA VERONICA RUBIO CALLE","IGNACIO GONZALEZ VELAYOS",2
"977","ALICIA VERONICA RUBIO CALLE","IGNACIO SERRANO GARRIDO",1
"978","ALICIA VERONICA RUBIO CALLE","INIGO HENRIQUEZ DE LUNA LOSADA",2
"979","ALICIA VERONICA RUBIO CALLE","ISABEL PEREZ MONINOARANDA",2
"980","ALICIA VERONICA RUBIO CALLE","ISRAEL DIAZ LOPEZ",1
"981","ALICIA VERONICA RUBIO CALLE","JAVIER DIAZ SANCHEZ",2
"982","ALICIA VERONICA RUBIO CALLE","JAVIER PEREZ GALLARDO",2
"983","ALICIA VERONICA RUBIO CALLE","JESUS FERNANDEZ SERRANO",1
"984","ALICIA VERONICA RUBIO CALLE","JESUS IGNACIO DE LA FUENTE MOLINERO",2
"985","ALICIA VERONICA RUBIO CALLE","JORGE ARTURO CUTILLAS CORDON",2
"986","ALICIA VERONICA RUBIO CALLE","JORGE MANUEL MIRAT GALET",1
"987","ALICIA VERONICA RUBIO CALLE","JORGE MARTIN MOROLLON",1
"988","ALICIA VERONICA RUBIO CALLE","JOSE IGNACIO ARIAS MORENO",2
"989","ALICIA VERONICA RUBIO CALLE","JOSE LUIS RUIZ BARTOLOME",2
"990","ALICIA VERONICA RUBIO CALLE","JOSE MANUEL FERNANDEZ TESTA",2
"991","ALICIA VERONICA RUBIO CALLE","JOSE MARIA MARCO TOBARRA",1
"992","ALICIA VERONICA RUBIO CALLE","JOSE MIGUEL GONZALEZ JIMENEZ",1
"993","ALICIA VERONICA RUBIO CALLE","JOSE RODRIGUEZ CUADRADO",1
"994","ALICIA VERONICA RUBIO CALLE","JOSE ROMERO BAENA",1
"995","ALICIA VERONICA RUBIO CALLE","JUAN CARLOS VICENTE MARTINEZ",1
"996","ALICIA VERONICA RUBIO CALLE","JUAN IGNACIO FERNANDEZ TOMAS",2
"997","ALICIA VERONICA RUBIO CALLE","JUAN IGNACIO PINEDA SALVADOR",2
"998","ALICIA VERONICA RUBIO CALLE","JUAN MARCOS MANRIQUE LOPEZ",1
"999","ALICIA VERONICA RUBIO CALLE","MARIA AZULEMA MINGARRO DOMINGUEZ",1
"1000","ALICIA VERONICA RUBIO CALLE","MARIA DE LA O LLAMES FERNANDEZ",1
"1001","ALICIA VERONICA RUBIO CALLE","MARIA DEL PILAR BAOS REVILLA",1
"1002","ALICIA VERONICA RUBIO CALLE","MARIA SUSANA JIMENEZ AIBAR",1
"1003","ALICIA VERONICA RUBIO CALLE","MARIA TERESA LOPEZ DIVASSON",2
"1004","ALICIA VERONICA RUBIO CALLE","MARIANO CALABUIG MARTINEZ",2
"1005","ALICIA VERONICA RUBIO CALLE","MARTA IBERO DURAN",2
"1006","ALICIA VERONICA RUBIO CALLE","MIGUEL ANGEL DIEZ GARCIA",1
"1007","ALICIA VERONICA RUBIO CALLE","MIGUEL GUADALFAJARA ROZAS",1
"1008","ALICIA VERONICA RUBIO CALLE","MIGUEL MALDONADO CABALLERO",1
"1009","ALICIA VERONICA RUBIO CALLE","NURIA LATORRE SANDONIS",1
"1010","ALICIA VERONICA RUBIO CALLE","PABLO PEREZ GALLARDO",1
"1011","ALICIA VERONICA RUBIO CALLE","PATRICIA DONCEL COMY",1
"1012","ALICIA VERONICA RUBIO CALLE","PEDRO JOSE MALLEN VAZQUEZ",2
"1013","ALICIA VERONICA RUBIO CALLE","PEDRO VICENTE MAJOLERO LOPEZ",1
"1014","ALICIA VERONICA RUBIO CALLE","ROCIO MONASTERIO SAN MARTIN",2
"1015","ALICIA VERONICA RUBIO CALLE","RUBEN SUAREZ FERNANDEZ",1
"1016","ALICIA VERONICA RUBIO CALLE","SALOME NIETO TARRAGA",1
"1017","ALICIA VERONICA RUBIO CALLE","SANTIAGO ABASCAL CONDE",1
"1018","ALICIA VERONICA RUBIO CALLE","SANTIAGO RAMON CABANAS BURKHALTER",1
"1019","ALICIA VERONICA RUBIO CALLE","SONSOLES PALACIOS MORENO",1
"1020","ALICIA VERONICA RUBIO CALLE","TERESA ANGULLO GARCIA",2
"1021","ALICIA VERONICA RUBIO CALLE","VALENTINA DEL CAMPILLO HOLZWARTH",1
"1022","ALICIA VERONICA RUBIO CALLE","VICTOR MANUEL ACOSTA HERNANDEZ",1
"1023","ALICIA VERONICA RUBIO CALLE","VICTOR MANUEL CARRETERO RUFO",1
"1024","ALICIA VERONICA RUBIO CALLE","VICTOR SANCHEZ SANCHEZ",1
"1025","ALICIA VERONICA RUBIO CALLE","YOLANDA TORRES BRAVO",1
"1026","ALVARO LUIS SANCHEZ OCANA VARA","ANGEL PELAYO GORDILLO MORENO",1
"1027","ALVARO LUIS SANCHEZ OCANA VARA","BEATRIZ MUNOZ RODRIGUEZ",1
"1028","ALVARO LUIS SANCHEZ OCANA VARA","EDUARDO MARIA GUTIERREZ MURILLO",1
"1029","ALVARO LUIS SANCHEZ OCANA VARA","EVA MARIA GARCIA ALEGRE",1
"1030","ALVARO LUIS SANCHEZ OCANA VARA","INES CHECA MALLEBRERA",1
"1031","ALVARO LUIS SANCHEZ OCANA VARA","JAVIER BRAVO ARROBAS",1
"1032","ALVARO LUIS SANCHEZ OCANA VARA","JORGE MARTIN TRANCON",1
"1033","ALVARO LUIS SANCHEZ OCANA VARA","JOSE MARCELO AMARILLA PEREZ",1
"1034","ALVARO LUIS SANCHEZ OCANA VARA","JUAN JOSE GARCIA GARCIA",1
"1035","ALVARO LUIS SANCHEZ OCANA VARA","LAURA GALAN RODRIGUEZ",1
"1036","ALVARO LUIS SANCHEZ OCANA VARA","MARIA JESUS SALVATIERRA GORDILLO",1
"1037","ALVARO LUIS SANCHEZ OCANA VARA","MARTA GERVASIA GARRIDO MORENO",1
"1038","ALVARO LUIS SANCHEZ OCANA VARA","OSCAR ARTURO FERNANDEZ CALLE",1
"1039","AMAYA ACOSTA BARRERA","ANA MARIA CUARTERO LORENZO",3
"1040","AMAYA ACOSTA BARRERA","ANA MARIA VELASCO VIDALABARCA",1
"1041","AMAYA ACOSTA BARRERA","ANDRES ALBERTO RODRIGUEZ ALMEIDA",1
"1042","AMAYA ACOSTA BARRERA","ANGEL LOPEZ MARAVER",2
"1043","AMAYA ACOSTA BARRERA","ANTONIO DE MIGUEL ANTON",1
"1044","AMAYA ACOSTA BARRERA","ANTONIO SALVA VERD",1
"1045","AMAYA ACOSTA BARRERA","BLANCA ARMARIO GONZALEZ",1
"1046","AMAYA ACOSTA BARRERA","CARINA MEJIAS SANCHEZ",1
"1047","AMAYA ACOSTA BARRERA","CARLA TOSCANO DE BALBIN",1
"1048","AMAYA ACOSTA BARRERA","CARLOS FLORES JUBERIAS",1
"1049","AMAYA ACOSTA BARRERA","CRISTINA DE ESTEBAN CALONJE",1
"1050","AMAYA ACOSTA BARRERA","CRISTINA ESTEBAN CALONJE",1
"1051","AMAYA ACOSTA BARRERA","DAVID GARCIA GOMIS",1
"1052","AMAYA ACOSTA BARRERA","EMILIO JESUS DEL VALLE RODRIGUEZ",1
"1053","AMAYA ACOSTA BARRERA","FRANCISCO JAVIER ORTEGA SMITHMOLINA",2
"1054","AMAYA ACOSTA BARRERA","FRANCISCO JOSE ALCARAZ MARTOS",2
"1055","AMAYA ACOSTA BARRERA","FRANCISCO JOSE CONTRERAS PELAEZ",1
"1056","AMAYA ACOSTA BARRERA","GEORGINA TRIAS GIL",1
"1057","AMAYA ACOSTA BARRERA","IGNACIO GARRIGA VAZ DE CONCICAO",2
"1058","AMAYA ACOSTA BARRERA","IGNACIO GIL LAZARO",3
"1059","AMAYA ACOSTA BARRERA","IGNACIO HOCES INIGUEZ",1
"1060","AMAYA ACOSTA BARRERA","INIGO HENRIQUEZ DE LUNA LOSADA",3
"1061","AMAYA ACOSTA BARRERA","ISABEL PEREZ MONINOARANDA",1
"1062","AMAYA ACOSTA BARRERA","ISMAEL IVAN VELEZ CIPRIANO",2
"1063","AMAYA ACOSTA BARRERA","IVAN ESPINOSA DE LOS MONTEROS DE SIMON",3
"1064","AMAYA ACOSTA BARRERA","JACOBO GONZALEZROBATTO PEROTE",1
"1065","AMAYA ACOSTA BARRERA","JAIME GONZALEZ CANOMANUEL",1
"1066","AMAYA ACOSTA BARRERA","JAVIER ORTEGA SMITHMOLINA",1
"1067","AMAYA ACOSTA BARRERA","JAVIER PEREZ GALLARDO",1
"1068","AMAYA ACOSTA BARRERA","JOAQUIN ROBLES LOPEZ",3
"1069","AMAYA ACOSTA BARRERA","JORGE ARTURO CUTILLAS CORDON",3
"1070","AMAYA ACOSTA BARRERA","JORGE CAMPOS ASENSI",1
"1071","AMAYA ACOSTA BARRERA","JOSE ANTONIO FUSTER LAMELAS",1
"1072","AMAYA ACOSTA BARRERA","JOSE FRANCISCO GARRE IZQUIERDO",1
"1073","AMAYA ACOSTA BARRERA","JOSE IGNACIO ARIAS MORENO",2
"1074","AMAYA ACOSTA BARRERA","JOSE LUIS RUIZ BARTOLOME",2
"1075","AMAYA ACOSTA BARRERA","JOSE MARIA FIGAREDO ALVAREZSALA",2
"1076","AMAYA ACOSTA BARRERA","JOSE MARIA MARCO TOBARRA",1
"1077","AMAYA ACOSTA BARRERA","JOSE MARIA SANCHEZ GARCIA",2
"1078","AMAYA ACOSTA BARRERA","JOSE MARIA VAZQUEZ ALVAREZ",1
"1079","AMAYA ACOSTA BARRERA","JOSE RAMIREZ DEL RIO",2
"1080","AMAYA ACOSTA BARRERA","JUAN JOSE AIZCORBE TORRA",2
"1081","AMAYA ACOSTA BARRERA","LOURDES MENDEZ MONASTERIO",3
"1082","AMAYA ACOSTA BARRERA","MACARENA OLONA CHOCLAN",2
"1083","AMAYA ACOSTA BARRERA","MAGDALENA MARGARITA CONTESTI ROSSELLO",1
"1084","AMAYA ACOSTA BARRERA","MANUEL GALLARDO POZO",1
"1085","AMAYA ACOSTA BARRERA","MANUEL GONZALEZ BAZAN",1
"1086","AMAYA ACOSTA BARRERA","MANUEL MARISCAL ZABALA",3
"1087","AMAYA ACOSTA BARRERA","MANUEL MESTRE BAREA",2
"1088","AMAYA ACOSTA BARRERA","MANUEL RAFAEL RODRIGUEZ VALERO",1
"1089","AMAYA ACOSTA BARRERA","MARIA BELEN GONZALEZ MORENO",1
"1090","AMAYA ACOSTA BARRERA","MARIA DE LA CABEZA RUIZ SOLAS",3
"1091","AMAYA ACOSTA BARRERA","MARIA DE LOS REYES ROMERO VILCHES",3
"1092","AMAYA ACOSTA BARRERA","MARIA JOSE RODRIGUEZ DE MILLAN PARRO",1
"1093","AMAYA ACOSTA BARRERA","MARIA MAGDALENA NEVADO DEL CAMPO",1
"1094","AMAYA ACOSTA BARRERA","MARIA TERESA LOPEZ ALVAREZ",1
"1095","AMAYA ACOSTA BARRERA","MARIANO CALABUIG MARTINEZ",2
"1096","AMAYA ACOSTA BARRERA","MARTA ALVAREZ BARRIO",1
"1097","AMAYA ACOSTA BARRERA","MIGUEL ANGEL FERNANDEZ LOPEZ",1
"1098","AMAYA ACOSTA BARRERA","PABLO JUAN CALVO LISTE",1
"1099","AMAYA ACOSTA BARRERA","PABLO SAEZ ALONSOMUNUMER",3
"1100","AMAYA ACOSTA BARRERA","PATRICIA DE LAS HERAS FERNANDEZ",1
"1101","AMAYA ACOSTA BARRERA","PATRICIA RUEDA PERELLO",3
"1102","AMAYA ACOSTA BARRERA","PEDRO FERNANDEZ HERNANDEZ",3
"1103","AMAYA ACOSTA BARRERA","PEDRO JESUS REQUEJO NOVOA",1
"1104","AMAYA ACOSTA BARRERA","RICARDO CHAMORRO DELMO",3
"1105","AMAYA ACOSTA BARRERA","ROCIO DE MEER MENDEZ",3
"1106","AMAYA ACOSTA BARRERA","ROCIO MONASTERIO SAN MARTIN",3
"1107","AMAYA ACOSTA BARRERA","RODRIGO JIMENEZ REVUELTA",1
"1108","AMAYA ACOSTA BARRERA","RUBEN SILVANO MANSO OLIVAR",1
"1109","AMAYA ACOSTA BARRERA","SANTIAGO ABASCAL CONDE",3
"1110","AMAYA ACOSTA BARRERA","SERAFIN SERRANO MARIN",1
"1111","AMAYA ACOSTA BARRERA","SERGIO MACIAN DE GREEF",1
"1112","AMAYA ACOSTA BARRERA","SONIA LUISA LALANDA SANMIGUEL",1
"1113","AMAYA ACOSTA BARRERA","TOMAS FERNANDEZ RIOS",1
"1114","AMAYA ACOSTA BARRERA","VICTOR GUIDO GONZALEZ COELLO DE PORTUGAL",2
"1115","AMAYA ACOSTA BARRERA","VICTOR MANUEL SANCHEZ DEL REAL",1
"1116","AMAYA ACOSTA BARRERA","YOLANDA MERELO PALOMARES",1
"1117","ANA BELEN BARON FERRANDO","ANA ISABEL PARDO PARDOS",1
"1118","ANA BELEN BARON FERRANDO","ARANZAZU SIMON PEREZ",1
"1119","ANA BELEN BARON FERRANDO","AROHA ROCHELA ROMERO",1
"1120","ANA BELEN BARON FERRANDO","CARLOS JAVIER ANDREU SANZ",1
"1121","ANA BELEN BARON FERRANDO","DAVID ARRANZ BALLESTEROS",1
"1122","ANA BELEN BARON FERRANDO","JAVIER VALENTIN ALONSO CORONEL",1
"1123","ANA BELEN BARON FERRANDO","LUIS FRANCISCO BIENDICHO GRACIA",1
"1124","ANA BELEN BARON FERRANDO","MARIA CARMEN ROUCO LALIENA",1
"1125","ANA BELEN BARON FERRANDO","MARTA FERNANDEZ MARTIN",1
"1126","ANA BELEN BARON FERRANDO","SANTIAGO MORON SANJUAN",1
"1127","ANA BELEN BARON FERRANDO","SERGIO MARCO JIMENEZ",1
"1128","ANA BELEN CIFUENTES CANOVAS","CARLOS FRANCISCO VERDEJO FERRER",2
"1129","ANA BELEN CIFUENTES CANOVAS","FRANCISCO JOSE RUIZ ENRIQUEZ",2
"1130","ANA BELEN CIFUENTES CANOVAS","JUAN SERGIO REDONDO PACHECO",2
"1131","ANA BELEN CIFUENTES CANOVAS","MARIA TERESA LOPEZ ALVAREZ",2
"1132","ANA BELEN CIFUENTES CANOVAS","YOLANDA MERELO PALOMARES",2
"1133","ANA CRISTINA LOPEZ FERNANDEZ","BEATRIZ SANCHEZ RODRIGUEZ",1
"1134","ANA CRISTINA LOPEZ FERNANDEZ","FRANCISCO JOSE DIAZ GRANADOS",1
"1135","ANA CRISTINA LOPEZ FERNANDEZ","JOSE ANTONIO BUENDIA TELLEZ",1
"1136","ANA CRISTINA LOPEZ FERNANDEZ","JUAN ANTONIO PRADOS MORENO",1
"1137","ANA CRISTINA LOPEZ FERNANDEZ","JUAN JOSE BOSQUET ARIAS",1
"1138","ANA CRISTINA LOPEZ FERNANDEZ","MONTSERRAT CERVANTES LLORT",1
"1139","ANA GONZALEZ MARTINEZ","JUAN MARCOS MANRIQUE LOPEZ",1
"1140","ANA GONZALEZ MARTINEZ","TOMAS RAMOS GARRIDO",1
"1141","ANA GUILLEN PENA","ANA VEGA CAMPOS",1
"1142","ANA GUILLEN PENA","ANGEL LOPEZ MARAVER",1
"1143","ANA GUILLEN PENA","ANTONIO SALVA VERD",1
"1144","ANA GUILLEN PENA","CARLA TOSCANO DE BALBIN",1
"1145","ANA GUILLEN PENA","CARLOS FLORES JUBERIAS",1
"1146","ANA GUILLEN PENA","CRISTINA DE ESTEBAN CALONJE",1
"1147","ANA GUILLEN PENA","DAVID GARCIA GOMIS",1
"1148","ANA GUILLEN PENA","DAVID MUNOZ PEREZ",1
"1149","ANA GUILLEN PENA","FRANCISCO JAVIER ORTEGA SMITHMOLINA",1
"1150","ANA GUILLEN PENA","IGNACIO GARRIGA VAZ DE CONCICAO",1
"1151","ANA GUILLEN PENA","IGNACIO GIL LAZARO",1
"1152","ANA GUILLEN PENA","IVAN ESPINOSA DE LOS MONTEROS DE SIMON",1
"1153","ANA GUILLEN PENA","JOAQUIN ROBLES LOPEZ",1
"1154","ANA GUILLEN PENA","JOSE LUIS AGUIRRE LARRAURI",1
"1155","ANA GUILLEN PENA","JOSE MARIA FIGAREDO ALVAREZSALA",1
"1156","ANA GUILLEN PENA","JOSE MARIA LLANOS PITARCH",1
"1157","ANA GUILLEN PENA","JOSE MARIA VAZQUEZ ALVAREZ",1
"1158","ANA GUILLEN PENA","JOSE RAMIREZ DEL RIO",1
"1159","ANA GUILLEN PENA","JULIA MARIA LLOPIS NOHEDA",1
"1160","ANA GUILLEN PENA","LOURDES MENDEZ MONASTERIO",1
"1161","ANA GUILLEN PENA","MACARENA OLONA CHOCLAN",1
"1162","ANA GUILLEN PENA","MANUEL MARISCAL ZABALA",1
"1163","ANA GUILLEN PENA","MANUEL MESTRE BAREA",1
"1164","ANA GUILLEN PENA","MARIA DE LA CABEZA RUIZ SOLAS",1
"1165","ANA GUILLEN PENA","MARIA DE LOS ANGELES CRIADO GONZALBEZ",1
"1166","ANA GUILLEN PENA","MARIA DE LOS LLANOS MASSO LINARES",1
"1167","ANA GUILLEN PENA","MARIA DE LOS REYES ROMERO VILCHES",1
"1168","ANA GUILLEN PENA","MIGUEL PASCUAL PEREZ",1
"1169","ANA GUILLEN PENA","PABLO SAEZ ALONSOMUNUMER",1
"1170","ANA GUILLEN PENA","PATRICIA RUEDA PERELLO",1
"1171","ANA GUILLEN PENA","PEDRO FERNANDEZ HERNANDEZ",1
"1172","ANA GUILLEN PENA","RICARDO CHAMORRO DELMO",1
"1173","ANA GUILLEN PENA","ROCIO DE MEER MENDEZ",1
"1174","ANA GUILLEN PENA","SANTIAGO ABASCAL CONDE",1
"1175","ANA GUILLEN PENA","VICTOR MANUEL SANCHEZ DEL REAL",1
"1176","ANA ISABEL DE DOMPABLO GUERRERO","ANA MARIA CUARTERO LORENZO",1
"1177","ANA ISABEL DE DOMPABLO GUERRERO","ANA MARIA VELASCO VIDALABARCA",1
"1178","ANA ISABEL DE DOMPABLO GUERRERO","ANDRES ALBERTO RODRIGUEZ ALMEIDA",1
"1179","ANA ISABEL DE DOMPABLO GUERRERO","ANGEL LOPEZ MARAVER",1
"1180","ANA ISABEL DE DOMPABLO GUERRERO","BLANCA ARMARIO GONZALEZ",1
"1181","ANA ISABEL DE DOMPABLO GUERRERO","CARINA MEJIAS SANCHEZ",1
"1182","ANA ISABEL DE DOMPABLO GUERRERO","CARLOS FLORES JUBERIAS",1
"1183","ANA ISABEL DE DOMPABLO GUERRERO","DAVID GARCIA GOMIS",1
"1184","ANA ISABEL DE DOMPABLO GUERRERO","EMILIO JESUS DEL VALLE RODRIGUEZ",1
"1185","ANA ISABEL DE DOMPABLO GUERRERO","ESTHER MARIA DE LAS MUELAS PERALTA",1
"1186","ANA ISABEL DE DOMPABLO GUERRERO","FRANCISCO JAVIER ORTEGA SMITHMOLINA",1
"1187","ANA ISABEL DE DOMPABLO GUERRERO","FRANCISCO JOSE ALCARAZ MARTOS",1
"1188","ANA ISABEL DE DOMPABLO GUERRERO","FRANCISCO JOSE CONTRERAS PELAEZ",1
"1189","ANA ISABEL DE DOMPABLO GUERRERO","GEORGINA TRIAS GIL",1
"1190","ANA ISABEL DE DOMPABLO GUERRERO","IGNACIO GIL LAZARO",1
"1191","ANA ISABEL DE DOMPABLO GUERRERO","IGNACIO HOCES INIGUEZ",1
"1192","ANA ISABEL DE DOMPABLO GUERRERO","INIGO HENRIQUEZ DE LUNA LOSADA",1
"1193","ANA ISABEL DE DOMPABLO GUERRERO","ISABEL PEREZ MONINOARANDA",1
"1194","ANA ISABEL DE DOMPABLO GUERRERO","ISMAEL IVAN VELEZ CIPRIANO",1
"1195","ANA ISABEL DE DOMPABLO GUERRERO","IVAN ESPINOSA DE LOS MONTEROS DE SIMON",1
"1196","ANA ISABEL DE DOMPABLO GUERRERO","JACOBO GONZALEZROBATTO PEROTE",1
"1197","ANA ISABEL DE DOMPABLO GUERRERO","JOAQUIN ROBLES LOPEZ",1
"1198","ANA ISABEL DE DOMPABLO GUERRERO","JORGE ARTURO CUTILLAS CORDON",1
"1199","ANA ISABEL DE DOMPABLO GUERRERO","JORGE CAMPOS ASENSI",1
"1200","ANA ISABEL DE DOMPABLO GUERRERO","JOSE ANTONIO FUSTER LAMELAS",1
"1201","ANA ISABEL DE DOMPABLO GUERRERO","JOSE FRANCISCO GARRE IZQUIERDO",1
"1202","ANA ISABEL DE DOMPABLO GUERRERO","JOSE IGNACIO ARIAS MORENO",1
"1203","ANA ISABEL DE DOMPABLO GUERRERO","JOSE LUIS RUIZ BARTOLOME",1
"1204","ANA ISABEL DE DOMPABLO GUERRERO","JOSE MARIA FIGAREDO ALVAREZSALA",1
"1205","ANA ISABEL DE DOMPABLO GUERRERO","JOSE MARIA SANCHEZ GARCIA",1
"1206","ANA ISABEL DE DOMPABLO GUERRERO","JOSE RAMIREZ DEL RIO",1
"1207","ANA ISABEL DE DOMPABLO GUERRERO","JUAN JOSE AIZCORBE TORRA",1
"1208","ANA ISABEL DE DOMPABLO GUERRERO","LOURDES MENDEZ MONASTERIO",1
"1209","ANA ISABEL DE DOMPABLO GUERRERO","MANUEL MARISCAL ZABALA",1
"1210","ANA ISABEL DE DOMPABLO GUERRERO","MARIA BELEN GONZALEZ MORENO",1
"1211","ANA ISABEL DE DOMPABLO GUERRERO","MARIA DE LA CABEZA RUIZ SOLAS",1
"1212","ANA ISABEL DE DOMPABLO GUERRERO","MARIA DE LOS REYES ROMERO VILCHES",1
"1213","ANA ISABEL DE DOMPABLO GUERRERO","MARIA JOSE RODRIGUEZ DE MILLAN PARRO",1
"1214","ANA ISABEL DE DOMPABLO GUERRERO","MARIA MAGDALENA NEVADO DEL CAMPO",1
"1215","ANA ISABEL DE DOMPABLO GUERRERO","MARIA TERESA LOPEZ ALVAREZ",1
"1216","ANA ISABEL DE DOMPABLO GUERRERO","PABLO JUAN CALVO LISTE",1
"1217","ANA ISABEL DE DOMPABLO GUERRERO","PABLO SAEZ ALONSOMUNUMER",1
"1218","ANA ISABEL DE DOMPABLO GUERRERO","PATRICIA RUEDA PERELLO",1
"1219","ANA ISABEL DE DOMPABLO GUERRERO","PEDRO FERNANDEZ HERNANDEZ",1
"1220","ANA ISABEL DE DOMPABLO GUERRERO","PEDRO JESUS REQUEJO NOVOA",1
"1221","ANA ISABEL DE DOMPABLO GUERRERO","RICARDO CHAMORRO DELMO",1
"1222","ANA ISABEL DE DOMPABLO GUERRERO","ROCIO DE MEER MENDEZ",1
"1223","ANA ISABEL DE DOMPABLO GUERRERO","ROCIO MONASTERIO SAN MARTIN",1
"1224","ANA ISABEL DE DOMPABLO GUERRERO","RODRIGO JIMENEZ REVUELTA",1
"1225","ANA ISABEL DE DOMPABLO GUERRERO","SANTIAGO ABASCAL CONDE",1
"1226","ANA ISABEL DE DOMPABLO GUERRERO","SERGIO MACIAN DE GREEF",1
"1227","ANA ISABEL DE DOMPABLO GUERRERO","TOMAS FERNANDEZ RIOS",1
"1228","ANA ISABEL DE DOMPABLO GUERRERO","VICTOR GUIDO GONZALEZ COELLO DE PORTUGAL",1
"1229","ANA ISABEL DE DOMPABLO GUERRERO","YOLANDA MERELO PALOMARES",1
"1230","ANA ISABEL HERNANDEZ HIGUERAS","PATRICIA PAJARES DEL VALLE",1
"1231","ANA ISABEL MANZANO SANCHEZ","ANDRES ALBERTO RODRIGUEZ ALMEIDA",1
"1232","ANA ISABEL MANZANO SANCHEZ","ANGEL LOPEZ MARAVER",1
"1233","ANA ISABEL MANZANO SANCHEZ","ANTONIO SEVILLA RODRIGUEZ",1
"1234","ANA ISABEL MANZANO SANCHEZ","BEATRIZ SANCHEZ AGUSTINO",1
"1235","ANA ISABEL MANZANO SANCHEZ","BENITO MORILLO ALEJO",1
"1236","ANA ISABEL MANZANO SANCHEZ","BLANCA ARMARIO GONZALEZ",1
"1237","ANA ISABEL MANZANO SANCHEZ","CARINA MEJIAS SANCHEZ",1
"1238","ANA ISABEL MANZANO SANCHEZ","CARLOS FLORES JUBERIAS",1
"1239","ANA ISABEL MANZANO SANCHEZ","CLOTILDE SALVADOR SANCHEZ",1
"1240","ANA ISABEL MANZANO SANCHEZ","DAVID GARCIA GOMIS",1
"1241","ANA ISABEL MANZANO SANCHEZ","EMILIO JESUS DEL VALLE RODRIGUEZ",1
"1242","ANA ISABEL MANZANO SANCHEZ","FRANCISCO JAVIER ORTEGA SMITHMOLINA",1
"1243","ANA ISABEL MANZANO SANCHEZ","FRANCISCO JOSE ALCARAZ MARTOS",1
"1244","ANA ISABEL MANZANO SANCHEZ","FRANCISCO JOSE CONTRERAS PELAEZ",1
"1245","ANA ISABEL MANZANO SANCHEZ","GEORGINA TRIAS GIL",1
"1246","ANA ISABEL MANZANO SANCHEZ","IGNACIO GIL LAZARO",1
"1247","ANA ISABEL MANZANO SANCHEZ","IGNACIO HOCES INIGUEZ",1
"1248","ANA ISABEL MANZANO SANCHEZ","IGNACIO MANUEL MUNIZ MAQUEDA",1
"1249","ANA ISABEL MANZANO SANCHEZ","ISMAEL IVAN VELEZ CIPRIANO",1
"1250","ANA ISABEL MANZANO SANCHEZ","IVAN ESPINOSA DE LOS MONTEROS DE SIMON",1
"1251","ANA ISABEL MANZANO SANCHEZ","JACOBO GONZALEZROBATTO PEROTE",1
"1252","ANA ISABEL MANZANO SANCHEZ","JAVIER CORTES LUCENA",1
"1253","ANA ISABEL MANZANO SANCHEZ","JOAQUIN ROBLES LOPEZ",1
"1254","ANA ISABEL MANZANO SANCHEZ","JORGE CAMPOS ASENSI",1
"1255","ANA ISABEL MANZANO SANCHEZ","JOSE FRANCISCO GARRE IZQUIERDO",1
"1256","ANA ISABEL MANZANO SANCHEZ","JOSE MARIA FIGAREDO ALVAREZSALA",1
"1257","ANA ISABEL MANZANO SANCHEZ","JOSE MARIA SANCHEZ GARCIA",1
"1258","ANA ISABEL MANZANO SANCHEZ","JOSE RAMIREZ DEL RIO",1
"1259","ANA ISABEL MANZANO SANCHEZ","JUAN JOSE AIZCORBE TORRA",1
"1260","ANA ISABEL MANZANO SANCHEZ","JUAN JOSE COCA LOPEZ",1
"1261","ANA ISABEL MANZANO SANCHEZ","LOURDES MENDEZ MONASTERIO",1
"1262","ANA ISABEL MANZANO SANCHEZ","MANUEL GAVIRA FLORENTINO",1
"1263","ANA ISABEL MANZANO SANCHEZ","MANUEL MARISCAL ZABALA",1
"1264","ANA ISABEL MANZANO SANCHEZ","MARIA CRISTINA PELAEZ IZQUIERDO",1
"1265","ANA ISABEL MANZANO SANCHEZ","MARIA DE LA CABEZA RUIZ SOLAS",1
"1266","ANA ISABEL MANZANO SANCHEZ","MARIA DE LOS REYES ROMERO VILCHES",2
"1267","ANA ISABEL MANZANO SANCHEZ","MARIA GORETTI EIBERLE SANCHEZ DE TOCA",1
"1268","ANA ISABEL MANZANO SANCHEZ","MARIA JOSE RODRIGUEZ DE MILLAN PARRO",1
"1269","ANA ISABEL MANZANO SANCHEZ","MARIA MAGDALENA NEVADO DEL CAMPO",1
"1270","ANA ISABEL MANZANO SANCHEZ","MARIA TERESA LOPEZ ALVAREZ",1
"1271","ANA ISABEL MANZANO SANCHEZ","NOELIA MARIA CAMPOS RODRIGUEZ",1
"1272","ANA ISABEL MANZANO SANCHEZ","PABLO JUAN CALVO LISTE",1
"1273","ANA ISABEL MANZANO SANCHEZ","PABLO SAEZ ALONSOMUNUMER",1
"1274","ANA ISABEL MANZANO SANCHEZ","PATRICIA RUEDA PERELLO",1
"1275","ANA ISABEL MANZANO SANCHEZ","PAULA DE LOS ANGELES BADANELLI BERRIOZABAL",1
"1276","ANA ISABEL MANZANO SANCHEZ","PEDRO FERNANDEZ HERNANDEZ",1
"1277","ANA ISABEL MANZANO SANCHEZ","PEDRO JESUS REQUEJO NOVOA",1
"1278","ANA ISABEL MANZANO SANCHEZ","RAFAEL SEGOVIA BROME",1
"1279","ANA ISABEL MANZANO SANCHEZ","RICARDO CHAMORRO DELMO",1
"1280","ANA ISABEL MANZANO SANCHEZ","RICARDO LOPEZ OLEA",1
"1281","ANA ISABEL MANZANO SANCHEZ","ROCIO DE MEER MENDEZ",1
"1282","ANA ISABEL MANZANO SANCHEZ","ROCIO MARIN ORTEGA",1
"1283","ANA ISABEL MANZANO SANCHEZ","RODRIGO JAVIER ALONSO FERNANDEZ",1
"1284","ANA ISABEL MANZANO SANCHEZ","RODRIGO JIMENEZ REVUELTA",1
"1285","ANA ISABEL MANZANO SANCHEZ","SANTIAGO ABASCAL CONDE",1
"1286","ANA ISABEL MANZANO SANCHEZ","SERGIO MACIAN DE GREEF",1
"1287","ANA ISABEL MANZANO SANCHEZ","TOMAS FERNANDEZ RIOS",1
"1288","ANA ISABEL MANZANO SANCHEZ","VICTOR GUIDO GONZALEZ COELLO DE PORTUGAL",1
"1289","ANA ISABEL MANZANO SANCHEZ","YOLANDA MERELO PALOMARES",1
"1290","ANA ISABEL PARDO PARDOS","ARANZAZU SIMON PEREZ",1
"1291","ANA ISABEL PARDO PARDOS","AROHA ROCHELA ROMERO",1
"1292","ANA ISABEL PARDO PARDOS","BEATRIZ OLIVAN ROMEU",1
"1293","ANA ISABEL PARDO PARDOS","CARLOS JAVIER ANDREU SANZ",1
"1294","ANA ISABEL PARDO PARDOS","CARLOS RODRIGO DOMINGUEZ",1
"1295","ANA ISABEL PARDO PARDOS","DAVID ARRANZ BALLESTEROS",1
"1296","ANA ISABEL PARDO PARDOS","ELISABET CARBALLO DIAZ",1
"1297","ANA ISABEL PARDO PARDOS","EVA MARIA TORRES PULIDO",2
"1298","ANA ISABEL PARDO PARDOS","JAVIER VALENTIN ALONSO CORONEL",1
"1299","ANA ISABEL PARDO PARDOS","JESUS GARCIA ROYO",1
"1300","ANA ISABEL PARDO PARDOS","JORGE SADABA CORRAL",1
"1301","ANA ISABEL PARDO PARDOS","JULIO JOSE CALVO IGLESIAS",1
"1302","ANA ISABEL PARDO PARDOS","LEONIA ALEXANDRA BERNARDINO SILVANO",1
"1303","ANA ISABEL PARDO PARDOS","LUIS FRANCISCO BIENDICHO GRACIA",1
"1304","ANA ISABEL PARDO PARDOS","MARIA CARMEN ROUCO LALIENA",1
"1305","ANA ISABEL PARDO PARDOS","MARIA ISABEL CALZADA ANDREU",1
"1306","ANA ISABEL PARDO PARDOS","MARIA PILAR DELGADO ANGLADA",1
"1307","ANA ISABEL PARDO PARDOS","MARTA FERNANDEZ MARTIN",1
"1308","ANA ISABEL PARDO PARDOS","MARTA MORENO RODRIGUEZ",1
"1309","ANA ISABEL PARDO PARDOS","SANTIAGO MORON SANJUAN",1
"1310","ANA ISABEL PARDO PARDOS","SERGIO MARCO JIMENEZ",1
"1311","ANA ISABEL PARDO PARDOS","VICENTE GALLASTEGUI AZNAR",1
"1312","ANA MARIA CUARTERO LORENZO","ANA MARIA VELASCO VIDALABARCA",1
"1313","ANA MARIA CUARTERO LORENZO","ANGEL LUIS RUIZ ALVAREZ",1
"1314","ANA MARIA CUARTERO LORENZO","ANGEL MANUEL ALONSO MENDEZ",1
"1315","ANA MARIA CUARTERO LORENZO","BEATRIZ TEJERO OLLER",3
"1316","ANA MARIA CUARTERO LORENZO","BENITO DEL RIO LOPEZ",1
"1317","ANA MARIA CUARTERO LORENZO","CARMELO ALVAREZ FERNANDEZ DE GAMARRA",2
"1318","ANA MARIA CUARTERO LORENZO","CAROLINA DE PABLO GONZALEZ",2
"1319","ANA MARIA CUARTERO LORENZO","CONSUELO BLANCO GAMBOA",2
"1320","ANA MARIA CUARTERO LORENZO","DANIEL MOLINA MARTINEZ",1
"1321","ANA MARIA CUARTERO LORENZO","DANIEL PONCE GARRIDO",1
"1322","ANA MARIA CUARTERO LORENZO","EDUARDO ALONSO CARRION",1
"1323","ANA MARIA CUARTERO LORENZO","ELENA ELOISA DOMINGUEZ MUNOZ",2
"1324","ANA MARIA CUARTERO LORENZO","ELIANA PALACIOS ALBORNOZ",2
"1325","ANA MARIA CUARTERO LORENZO","ENRIQUE ALVAREZ FERRER",1
"1326","ANA MARIA CUARTERO LORENZO","EUGENIO MARTINEZ ALVAR",1
"1327","ANA MARIA CUARTERO LORENZO","FELIPE MORENO MORERA",1
"1328","ANA MARIA CUARTERO LORENZO","FERNANDO HERNANDEZ VELASCO",1
"1329","ANA MARIA CUARTERO LORENZO","FRANCISCO DE PAULA SERRANO CABALLERO",3
"1330","ANA MARIA CUARTERO LORENZO","FRANCISCO JOSE ALONSO ANEIROS",2
"1331","ANA MARIA CUARTERO LORENZO","FRANCISCO MANUEL BOZA GONZALEZ",1
"1332","ANA MARIA CUARTERO LORENZO","GUADALUPE DE LA FUENTE ESPINOSA",2
"1333","ANA MARIA CUARTERO LORENZO","GUILLERMO CASTANO MATAS",2
"1334","ANA MARIA CUARTERO LORENZO","HERMANN LEOPOLD TERTSCH DEL VALLELERSUNDI",1
"1335","ANA MARIA CUARTERO LORENZO","IGNACIO GONZALEZ VELAYOS",3
"1336","ANA MARIA CUARTERO LORENZO","IGNACIO MENENDEZ MEDRANO",1
"1337","ANA MARIA CUARTERO LORENZO","IGNACIO SERRANO GARRIDO",1
"1338","ANA MARIA CUARTERO LORENZO","INIGO HENRIQUEZ DE LUNA LOSADA",3
"1339","ANA MARIA CUARTERO LORENZO","ISABEL PEREZ MONINOARANDA",3
"1340","ANA MARIA CUARTERO LORENZO","ISRAEL DIAZ LOPEZ",1
"1341","ANA MARIA CUARTERO LORENZO","JAVIER DIAZ SANCHEZ",3
"1342","ANA MARIA CUARTERO LORENZO","JAVIER PEREZ GALLARDO",3
"1343","ANA MARIA CUARTERO LORENZO","JESUS FERNANDEZ SERRANO",2
"1344","ANA MARIA CUARTERO LORENZO","JESUS IGNACIO DE LA FUENTE MOLINERO",3
"1345","ANA MARIA CUARTERO LORENZO","JORGE ARTURO CUTILLAS CORDON",3
"1346","ANA MARIA CUARTERO LORENZO","JORGE BUXADE VILLALBA",1
"1347","ANA MARIA CUARTERO LORENZO","JORGE MANUEL MIRAT GALET",2
"1348","ANA MARIA CUARTERO LORENZO","JORGE MARTIN FRIAS",1
"1349","ANA MARIA CUARTERO LORENZO","JORGE MARTIN MOROLLON",2
"1350","ANA MARIA CUARTERO LORENZO","JOSE ANTONIO FUSTER LAMELAS",1
"1351","ANA MARIA CUARTERO LORENZO","JOSE IGNACIO ARIAS MORENO",3
"1352","ANA MARIA CUARTERO LORENZO","JOSE LUIS NARROS MANZANERO",1
"1353","ANA MARIA CUARTERO LORENZO","JOSE LUIS RUIZ BARTOLOME",3
"1354","ANA MARIA CUARTERO LORENZO","JOSE MANUEL FERNANDEZ TESTA",3
"1355","ANA MARIA CUARTERO LORENZO","JOSE MARIA MARCO TOBARRA",1
"1356","ANA MARIA CUARTERO LORENZO","JOSE MIGUEL GONZALEZ JIMENEZ",1
"1357","ANA MARIA CUARTERO LORENZO","JOSE RODRIGUEZ CUADRADO",2
"1358","ANA MARIA CUARTERO LORENZO","JOSE ROMERO BAENA",1
"1359","ANA MARIA CUARTERO LORENZO","JUAN CARLOS GIRAUTA VIDAL",1
"1360","ANA MARIA CUARTERO LORENZO","JUAN CARLOS VICENTE MARTINEZ",2
"1361","ANA MARIA CUARTERO LORENZO","JUAN IGNACIO FERNANDEZ TOMAS",2
"1362","ANA MARIA CUARTERO LORENZO","JUAN IGNACIO PINEDA SALVADOR",3
"1363","ANA MARIA CUARTERO LORENZO","JUAN MARCOS MANRIQUE LOPEZ",2
"1364","ANA MARIA CUARTERO LORENZO","MACARENA DUQUE MARTINEZ",1
"1365","ANA MARIA CUARTERO LORENZO","MARGARITA DE LA PISA CARRION",1
"1366","ANA MARIA CUARTERO LORENZO","MARIA AMPARO ORTEGA HERNANDEZ",1
"1367","ANA MARIA CUARTERO LORENZO","MARIA AZULEMA MINGARRO DOMINGUEZ",1
"1368","ANA MARIA CUARTERO LORENZO","MARIA BELEN GONZALEZ MORENO",1
"1369","ANA MARIA CUARTERO LORENZO","MARIA DE LA O LLAMES FERNANDEZ",1
"1370","ANA MARIA CUARTERO LORENZO","MARIA DEL PILAR BAOS REVILLA",1
"1371","ANA MARIA CUARTERO LORENZO","MARIA DEL ROCIO AVEZUELA MIGUEL",1
"1372","ANA MARIA CUARTERO LORENZO","MARIA SUSANA JIMENEZ AIBAR",2
"1373","ANA MARIA CUARTERO LORENZO","MARIA TERESA LOPEZ DIVASSON",3
"1374","ANA MARIA CUARTERO LORENZO","MARIANO CALABUIG MARTINEZ",3
"1375","ANA MARIA CUARTERO LORENZO","MARTA IBERO DURAN",3
"1376","ANA MARIA CUARTERO LORENZO","MIGUEL ANGEL DIEZ GARCIA",2
"1377","ANA MARIA CUARTERO LORENZO","MIGUEL GUADALFAJARA ROZAS",2
"1378","ANA MARIA CUARTERO LORENZO","MIGUEL MALDONADO CABALLERO",2
"1379","ANA MARIA CUARTERO LORENZO","MIREIA BORRAS PABON",1
"1380","ANA MARIA CUARTERO LORENZO","NATHALIE GUICHARD DE ARTINANO",1
"1381","ANA MARIA CUARTERO LORENZO","NURIA LATORRE SANDONIS",2
"1382","ANA MARIA CUARTERO LORENZO","OSCAR FELIPE DE TORRES NEIRA",1
"1383","ANA MARIA CUARTERO LORENZO","PABLO PEREZ GALLARDO",2
"1384","ANA MARIA CUARTERO LORENZO","PATRICIA DONCEL COMY",2
"1385","ANA MARIA CUARTERO LORENZO","PEDRO JOSE MALLEN VAZQUEZ",2
"1386","ANA MARIA CUARTERO LORENZO","PEDRO MORENO GOMEZ",1
"1387","ANA MARIA CUARTERO LORENZO","PEDRO PORCHER PEREZ",1
"1388","ANA MARIA CUARTERO LORENZO","PEDRO VICENTE MAJOLERO LOPEZ",1
"1389","ANA MARIA CUARTERO LORENZO","REBECA ORTEGO CONESA",1
"1390","ANA MARIA CUARTERO LORENZO","ROCIO MONASTERIO SAN MARTIN",3
"1391","ANA MARIA CUARTERO LORENZO","RUBEN SUAREZ FERNANDEZ",2
"1392","ANA MARIA CUARTERO LORENZO","SALOME NIETO TARRAGA",2
"1393","ANA MARIA CUARTERO LORENZO","SANTIAGO ABASCAL CONDE",2
"1394","ANA MARIA CUARTERO LORENZO","SANTIAGO RAMON CABANAS BURKHALTER",1
"1395","ANA MARIA CUARTERO LORENZO","SELENE MARIA DURAN SANCHEZ",1
"1396","ANA MARIA CUARTERO LORENZO","SONSOLES PALACIOS MORENO",2
"1397","ANA MARIA CUARTERO LORENZO","TERESA ANGULLO GARCIA",3
"1398","ANA MARIA CUARTERO LORENZO","URSULA MARIANA HERNANDEZ ZUNIGA",1
"1399","ANA MARIA CUARTERO LORENZO","VALENTINA DEL CAMPILLO HOLZWARTH",1
"1400","ANA MARIA CUARTERO LORENZO","VICTOR MANUEL ACOSTA HERNANDEZ",2
"1401","ANA MARIA CUARTERO LORENZO","VICTOR MANUEL CARRETERO RUFO",1
"1402","ANA MARIA CUARTERO LORENZO","VICTOR SANCHEZ SANCHEZ",2
"1403","ANA MARIA CUARTERO LORENZO","YOLANDA TORRES BRAVO",2
"1404","ANA MARIA LOPEZ GALDEANO","MARIA ENCARNACION RIVAS GARCIA",1
"1405","ANA MARIA LOPEZ GALDEANO","PATRICIA FERNANDEZ RIVAS",1
"1406","ANA MARIA RUIZ VAZQUEZ","ANGEL LUIS BORDAS GUIJARRO",1
"1407","ANA MARIA RUIZ VAZQUEZ","ANTONIO JOSE LUNA GARCIA",1
"1408","ANA MARIA RUIZ VAZQUEZ","ANTONIO SEVILLA RODRIGUEZ",2
"1409","ANA MARIA RUIZ VAZQUEZ","BEATRIZ SANCHEZ AGUSTINO",1
"1410","ANA MARIA RUIZ VAZQUEZ","BEATRIZ SANCHEZ RODRIGUEZ",1
"1411","ANA MARIA RUIZ VAZQUEZ","BENITO MORILLO ALEJO",2
"1412","ANA MARIA RUIZ VAZQUEZ","BLANCA ARMARIO GONZALEZ",1
"1413","ANA MARIA RUIZ VAZQUEZ","CLOTILDE SALVADOR SANCHEZ",1
"1414","ANA MARIA RUIZ VAZQUEZ","CRISTINA ALEJANDRA JIMENEZ JIMENEZ",1
"1415","ANA MARIA RUIZ VAZQUEZ","DAVID NAVARRO QUESADA",1
"1416","ANA MARIA RUIZ VAZQUEZ","EVA MARIA POZA MENDEZ",1
"1417","ANA MARIA RUIZ VAZQUEZ","FRANCISCO RAUL CORDERO OLMEDO",1
"1418","ANA MARIA RUIZ VAZQUEZ","GEMA ISABEL GUTIERREZ TOSCANO",1
"1419","ANA MARIA RUIZ VAZQUEZ","GERARDO ACEITUNO CARRASCO",1
"1420","ANA MARIA RUIZ VAZQUEZ","GLORIA GAMONOSO FERRARO",1
"1421","ANA MARIA RUIZ VAZQUEZ","JAIME JAVIER DOMINGO MARTINEZ",1
"1422","ANA MARIA RUIZ VAZQUEZ","JAVIER CORTES LUCENA",2
"1423","ANA MARIA RUIZ VAZQUEZ","JOSE ANTONIO GOMILA ORTEGA",1
"1424","ANA MARIA RUIZ VAZQUEZ","JOSE MARIA ORTELLS POLO",1
"1425","ANA MARIA RUIZ VAZQUEZ","JUAN JOSE BOSQUET ARIAS",1
"1426","ANA MARIA RUIZ VAZQUEZ","JUAN JOSE COCA LOPEZ",2
"1427","ANA MARIA RUIZ VAZQUEZ","LUCIA CUADROS ESTEVEZ",1
"1428","ANA MARIA RUIZ VAZQUEZ","MACARENA OLONA CHOCLAN",1
"1429","ANA MARIA RUIZ VAZQUEZ","MANUEL GAVIRA FLORENTINO",2
"1430","ANA MARIA RUIZ VAZQUEZ","MANUEL JORGE MARTIN MONTERO",1
"1431","ANA MARIA RUIZ VAZQUEZ","MANUELA DEL MAR MARTIN IBANEZ",1
"1432","ANA MARIA RUIZ VAZQUEZ","MARIA ADELA VAO CANADAS",1
"1433","ANA MARIA RUIZ VAZQUEZ","MARIA CRISTINA PELAEZ IZQUIERDO",1
"1434","ANA MARIA RUIZ VAZQUEZ","MARIA DEL CARMEN MURIEL MARQUEZ",1
"1435","ANA MARIA RUIZ VAZQUEZ","MARIA GORETTI EIBERLE SANCHEZ DE TOCA",1
"1436","ANA MARIA RUIZ VAZQUEZ","MARIA JOSE RODRIGUEZ DE MILLAN PARRO",1
"1437","ANA MARIA RUIZ VAZQUEZ","MARIA LOPEZ ZAMBRANO",1
"1438","ANA MARIA RUIZ VAZQUEZ","MARIA MAGDALENA PUENTEDURA PEREZ",1
"1439","ANA MARIA RUIZ VAZQUEZ","MARIA MERCEDES RODRIGUEZ TAMAYO",1
"1440","ANA MARIA RUIZ VAZQUEZ","MONTSERRAT CERVANTES LLORT",1
"1441","ANA MARIA RUIZ VAZQUEZ","NOELIA MARIA CAMPOS RODRIGUEZ",1
"1442","ANA MARIA RUIZ VAZQUEZ","PAULA DE LOS ANGELES BADANELLI BERRIOZABAL",1
"1443","ANA MARIA RUIZ VAZQUEZ","PURIFICACION FERNANDEZ MORALES",1
"1444","ANA MARIA RUIZ VAZQUEZ","RAFAEL SEGOVIA BROME",2
"1445","ANA MARIA RUIZ VAZQUEZ","RICARDO LOPEZ OLEA",2
"1446","ANA MARIA RUIZ VAZQUEZ","ROCIO MARIN ORTEGA",1
"1447","ANA MARIA RUIZ VAZQUEZ","RODRIGO JAVIER ALONSO FERNANDEZ",2
"1448","ANA MARIA RUIZ VAZQUEZ","SILVIA CLARA ENRIQUEZ GALLEGO",1
"1449","ANA MARIA RUIZ VAZQUEZ","SOLEDAD PEREZ RUBIO",1
"1450","ANA MARIA VELASCO VIDALABARCA","ANGEL LOPEZ MARAVER",1
"1451","ANA MARIA VELASCO VIDALABARCA","ANGEL LUIS RUIZ ALVAREZ",1
"1452","ANA MARIA VELASCO VIDALABARCA","ANGEL MANUEL ALONSO MENDEZ",1
"1453","ANA MARIA VELASCO VIDALABARCA","ANTONIO DE MIGUEL ANTON",1
"1454","ANA MARIA VELASCO VIDALABARCA","ANTONIO SALVA VERD",1
"1455","ANA MARIA VELASCO VIDALABARCA","BEATRIZ TEJERO OLLER",1
"1456","ANA MARIA VELASCO VIDALABARCA","BENITO DEL RIO LOPEZ",1
"1457","ANA MARIA VELASCO VIDALABARCA","CARLA TOSCANO DE BALBIN",1
"1458","ANA MARIA VELASCO VIDALABARCA","CARMELO ALVAREZ FERNANDEZ DE GAMARRA",1
"1459","ANA MARIA VELASCO VIDALABARCA","CAROLINA DE PABLO GONZALEZ",1
"1460","ANA MARIA VELASCO VIDALABARCA","CRISTINA DE ESTEBAN CALONJE",1
"1461","ANA MARIA VELASCO VIDALABARCA","CRISTINA ESTEBAN CALONJE",1
"1462","ANA MARIA VELASCO VIDALABARCA","DANIEL MOLINA MARTINEZ",1
"1463","ANA MARIA VELASCO VIDALABARCA","DANIEL PONCE GARRIDO",1
"1464","ANA MARIA VELASCO VIDALABARCA","EDUARDO ALONSO CARRION",1
"1465","ANA MARIA VELASCO VIDALABARCA","ELENA ELOISA DOMINGUEZ MUNOZ",1
"1466","ANA MARIA VELASCO VIDALABARCA","ELIANA PALACIOS ALBORNOZ",1
"1467","ANA MARIA VELASCO VIDALABARCA","ENRIQUE ALVAREZ FERRER",1
"1468","ANA MARIA VELASCO VIDALABARCA","FELIPE MORENO MORERA",1
"1469","ANA MARIA VELASCO VIDALABARCA","FERNANDO HERNANDEZ VELASCO",1
"1470","ANA MARIA VELASCO VIDALABARCA","FRANCISCO DE PAULA SERRANO CABALLERO",1
"1471","ANA MARIA VELASCO VIDALABARCA","FRANCISCO JAVIER ORTEGA SMITHMOLINA",1
"1472","ANA MARIA VELASCO VIDALABARCA","FRANCISCO JOSE ALCARAZ MARTOS",1
"1473","ANA MARIA VELASCO VIDALABARCA","FRANCISCO JOSE ALONSO ANEIROS",1
"1474","ANA MARIA VELASCO VIDALABARCA","GUADALUPE DE LA FUENTE ESPINOSA",1
"1475","ANA MARIA VELASCO VIDALABARCA","GUILLERMO CASTANO MATAS",1
"1476","ANA MARIA VELASCO VIDALABARCA","IGNACIO GARRIGA VAZ DE CONCICAO",2
"1477","ANA MARIA VELASCO VIDALABARCA","IGNACIO GIL LAZARO",2
"1478","ANA MARIA VELASCO VIDALABARCA","IGNACIO GONZALEZ VELAYOS",1
"1479","ANA MARIA VELASCO VIDALABARCA","IGNACIO MENENDEZ MEDRANO",1
"1480","ANA MARIA VELASCO VIDALABARCA","INIGO HENRIQUEZ DE LUNA LOSADA",1
"1481","ANA MARIA VELASCO VIDALABARCA","ISABEL PEREZ MONINOARANDA",1
"1482","ANA MARIA VELASCO VIDALABARCA","ISMAEL IVAN VELEZ CIPRIANO",1
"1483","ANA MARIA VELASCO VIDALABARCA","IVAN ESPINOSA DE LOS MONTEROS DE SIMON",2
"1484","ANA MARIA VELASCO VIDALABARCA","JAIME GONZALEZ CANOMANUEL",1
"1485","ANA MARIA VELASCO VIDALABARCA","JAVIER DIAZ SANCHEZ",1
"1486","ANA MARIA VELASCO VIDALABARCA","JAVIER ORTEGA SMITHMOLINA",1
"1487","ANA MARIA VELASCO VIDALABARCA","JAVIER PEREZ GALLARDO",1
"1488","ANA MARIA VELASCO VIDALABARCA","JESUS FERNANDEZ SERRANO",1
"1489","ANA MARIA VELASCO VIDALABARCA","JESUS IGNACIO DE LA FUENTE MOLINERO",1
"1490","ANA MARIA VELASCO VIDALABARCA","JOAQUIN ROBLES LOPEZ",2
"1491","ANA MARIA VELASCO VIDALABARCA","JORGE ARTURO CUTILLAS CORDON",1
"1492","ANA MARIA VELASCO VIDALABARCA","JORGE MANUEL MIRAT GALET",1
"1493","ANA MARIA VELASCO VIDALABARCA","JORGE MARTIN MOROLLON",1
"1494","ANA MARIA VELASCO VIDALABARCA","JOSE ANTONIO FUSTER LAMELAS",1
"1495","ANA MARIA VELASCO VIDALABARCA","JOSE IGNACIO ARIAS MORENO",1
"1496","ANA MARIA VELASCO VIDALABARCA","JOSE LUIS NARROS MANZANERO",1
"1497","ANA MARIA VELASCO VIDALABARCA","JOSE LUIS RUIZ BARTOLOME",1
"1498","ANA MARIA VELASCO VIDALABARCA","JOSE MANUEL FERNANDEZ TESTA",1
"1499","ANA MARIA VELASCO VIDALABARCA","JOSE MARIA FIGAREDO ALVAREZSALA",1
"1500","ANA MARIA VELASCO VIDALABARCA","JOSE MARIA SANCHEZ GARCIA",1
"1501","ANA MARIA VELASCO VIDALABARCA","JOSE MARIA VAZQUEZ ALVAREZ",1
"1502","ANA MARIA VELASCO VIDALABARCA","JOSE RAMIREZ DEL RIO",1
"1503","ANA MARIA VELASCO VIDALABARCA","JOSE RODRIGUEZ CUADRADO",1
"1504","ANA MARIA VELASCO VIDALABARCA","JUAN CARLOS VICENTE MARTINEZ",1
"1505","ANA MARIA VELASCO VIDALABARCA","JUAN IGNACIO PINEDA SALVADOR",1
"1506","ANA MARIA VELASCO VIDALABARCA","JUAN JOSE AIZCORBE TORRA",1
"1507","ANA MARIA VELASCO VIDALABARCA","JUAN MARCOS MANRIQUE LOPEZ",1
"1508","ANA MARIA VELASCO VIDALABARCA","LOURDES MENDEZ MONASTERIO",2
"1509","ANA MARIA VELASCO VIDALABARCA","MACARENA DUQUE MARTINEZ",1
"1510","ANA MARIA VELASCO VIDALABARCA","MACARENA OLONA CHOCLAN",2
"1511","ANA MARIA VELASCO VIDALABARCA","MAGDALENA MARGARITA CONTESTI ROSSELLO",1
"1512","ANA MARIA VELASCO VIDALABARCA","MANUEL GONZALEZ BAZAN",1
"1513","ANA MARIA VELASCO VIDALABARCA","MANUEL MARISCAL ZABALA",2
"1514","ANA MARIA VELASCO VIDALABARCA","MANUEL MESTRE BAREA",2
"1515","ANA MARIA VELASCO VIDALABARCA","MANUEL RAFAEL RODRIGUEZ VALERO",1
"1516","ANA MARIA VELASCO VIDALABARCA","MARIA AMPARO ORTEGA HERNANDEZ",1
"1517","ANA MARIA VELASCO VIDALABARCA","MARIA BELEN GONZALEZ MORENO",1
"1518","ANA MARIA VELASCO VIDALABARCA","MARIA DE LA CABEZA RUIZ SOLAS",2
"1519","ANA MARIA VELASCO VIDALABARCA","MARIA DE LOS REYES ROMERO VILCHES",2
"1520","ANA MARIA VELASCO VIDALABARCA","MARIA DEL ROCIO AVEZUELA MIGUEL",1
"1521","ANA MARIA VELASCO VIDALABARCA","MARIA SUSANA JIMENEZ AIBAR",1
"1522","ANA MARIA VELASCO VIDALABARCA","MARIA TERESA LOPEZ DIVASSON",1
"1523","ANA MARIA VELASCO VIDALABARCA","MARIANO CALABUIG MARTINEZ",1
"1524","ANA MARIA VELASCO VIDALABARCA","MARTA ALVAREZ BARRIO",1
"1525","ANA MARIA VELASCO VIDALABARCA","MARTA IBERO DURAN",1
"1526","ANA MARIA VELASCO VIDALABARCA","MIGUEL ANGEL DIEZ GARCIA",1
"1527","ANA MARIA VELASCO VIDALABARCA","MIGUEL ANGEL FERNANDEZ LOPEZ",1
"1528","ANA MARIA VELASCO VIDALABARCA","MIGUEL GUADALFAJARA ROZAS",1
"1529","ANA MARIA VELASCO VIDALABARCA","MIGUEL MALDONADO CABALLERO",1
"1530","ANA MARIA VELASCO VIDALABARCA","NATHALIE GUICHARD DE ARTINANO",1
"1531","ANA MARIA VELASCO VIDALABARCA","NURIA LATORRE SANDONIS",1
"1532","ANA MARIA VELASCO VIDALABARCA","OSCAR FELIPE DE TORRES NEIRA",1
"1533","ANA MARIA VELASCO VIDALABARCA","PABLO PEREZ GALLARDO",1
"1534","ANA MARIA VELASCO VIDALABARCA","PABLO SAEZ ALONSOMUNUMER",2
"1535","ANA MARIA VELASCO VIDALABARCA","PATRICIA DE LAS HERAS FERNANDEZ",1
"1536","ANA MARIA VELASCO VIDALABARCA","PATRICIA DONCEL COMY",1
"1537","ANA MARIA VELASCO VIDALABARCA","PATRICIA RUEDA PERELLO",2
"1538","ANA MARIA VELASCO VIDALABARCA","PEDRO FERNANDEZ HERNANDEZ",2
"1539","ANA MARIA VELASCO VIDALABARCA","PEDRO MORENO GOMEZ",1
"1540","ANA MARIA VELASCO VIDALABARCA","PEDRO PORCHER PEREZ",1
"1541","ANA MARIA VELASCO VIDALABARCA","REBECA ORTEGO CONESA",1
"1542","ANA MARIA VELASCO VIDALABARCA","RICARDO CHAMORRO DELMO",2
"1543","ANA MARIA VELASCO VIDALABARCA","ROCIO DE MEER MENDEZ",2
"1544","ANA MARIA VELASCO VIDALABARCA","ROCIO MONASTERIO SAN MARTIN",1
"1545","ANA MARIA VELASCO VIDALABARCA","RUBEN SILVANO MANSO OLIVAR",1
"1546","ANA MARIA VELASCO VIDALABARCA","RUBEN SUAREZ FERNANDEZ",1
"1547","ANA MARIA VELASCO VIDALABARCA","SALOME NIETO TARRAGA",1
"1548","ANA MARIA VELASCO VIDALABARCA","SANTIAGO ABASCAL CONDE",3
"1549","ANA MARIA VELASCO VIDALABARCA","SELENE MARIA DURAN SANCHEZ",1
"1550","ANA MARIA VELASCO VIDALABARCA","SERAFIN SERRANO MARIN",1
"1551","ANA MARIA VELASCO VIDALABARCA","SONIA LUISA LALANDA SANMIGUEL",1
"1552","ANA MARIA VELASCO VIDALABARCA","SONSOLES PALACIOS MORENO",1
"1553","ANA MARIA VELASCO VIDALABARCA","TERESA ANGULLO GARCIA",1
"1554","ANA MARIA VELASCO VIDALABARCA","URSULA MARIANA HERNANDEZ ZUNIGA",1
"1555","ANA MARIA VELASCO VIDALABARCA","VICTOR GUIDO GONZALEZ COELLO DE PORTUGAL",1
"1556","ANA MARIA VELASCO VIDALABARCA","VICTOR MANUEL ACOSTA HERNANDEZ",1
"1557","ANA MARIA VELASCO VIDALABARCA","VICTOR MANUEL SANCHEZ DEL REAL",1
"1558","ANA MARIA VELASCO VIDALABARCA","VICTOR SANCHEZ SANCHEZ",1
"1559","ANA MARIA VELASCO VIDALABARCA","YOLANDA TORRES BRAVO",1
"1560","ANA SOFIA ELENO LEYTE","FRANCISCO JAVIER AGUERO POUS",1
"1561","ANA SOFIA ELENO LEYTE","JOSE ROMERO BAENA",1
"1562","ANA SOFIA ELENO LEYTE","JUAN CARLOS VICENTE MARTINEZ",1
"1563","ANA SOFIA ELENO LEYTE","MARIA JOSE FERNANDEZ GARCIA",1
"1564","ANA VEGA CAMPOS","ANGELES CRIADO GONZALBEZ",1
"1565","ANA VEGA CAMPOS","CARLOS FLORES JUBERIAS",1
"1566","ANA VEGA CAMPOS","DAVID GARCIA GOMIS",2
"1567","ANA VEGA CAMPOS","DAVID MUNOZ PEREZ",2
"1568","ANA VEGA CAMPOS","ELENA CARRASCO RUBIO",1
"1569","ANA VEGA CAMPOS","FRANCISCA VICENTE CREMADES",1
"1570","ANA VEGA CAMPOS","FRANCISCO DE BORJA REVILLA BRIOSO",1
"1571","ANA VEGA CAMPOS","FRANCISCO JOSE CONTRERAS PELAEZ",1
"1572","ANA VEGA CAMPOS","GEMA ALEMAN PEREZ",1
"1573","ANA VEGA CAMPOS","HERMANN LEOPOLD TERTSCH DEL VALLELERSUNDI",1
"1574","ANA VEGA CAMPOS","IRENE HERRERO RUBERT",1
"1575","ANA VEGA CAMPOS","JESUS ALBIOL TALAYA",2
"1576","ANA VEGA CAMPOS","JOAQUIN MARIA ALES ESTRELLA",2
"1577","ANA VEGA CAMPOS","JORGE BUXADE VILLALBA",1
"1578","ANA VEGA CAMPOS","JOSE LUIS AGUIRRE LARRAURI",2
"1579","ANA VEGA CAMPOS","JOSE LUIS FERNANDEZ SANTAMARIA",2
"1580","ANA VEGA CAMPOS","JOSE MANUEL GRAU DELGADO",1
"1581","ANA VEGA CAMPOS","JOSE MARIA LLANOS PITARCH",2
"1582","ANA VEGA CAMPOS","JUAN BADENAS CARPIO",1
"1583","ANA VEGA CAMPOS","JULIA MARIA LLOPIS NOHEDA",1
"1584","ANA VEGA CAMPOS","LAURA CARRASCO COZAR",1
"1585","ANA VEGA CAMPOS","M DEL CARMEN ROBLEDILLO SANCHEZ",1
"1586","ANA VEGA CAMPOS","MARGARITA DE LA PISA CARRION",1
"1587","ANA VEGA CAMPOS","MARGARITA SERRANO MIRA",1
"1588","ANA VEGA CAMPOS","MARIA DE LOS ANGELES CRIADO GONZALBEZ",1
"1589","ANA VEGA CAMPOS","MARIA DE LOS LLANOS MASSO LINARES",2
"1590","ANA VEGA CAMPOS","MARINA DABAN ALONSO",1
"1591","ANA VEGA CAMPOS","MARIO ORTOLA MARTINEZ",2
"1592","ANA VEGA CAMPOS","MAZALY AGUILAR",1
"1593","ANA VEGA CAMPOS","MIGUEL ANGEL HUERTA ASENSIO",1
"1594","ANA VEGA CAMPOS","MIGUEL DA SILVA ORTEGA",2
"1595","ANA VEGA CAMPOS","MIGUEL PASCUAL PEREZ",2
"1596","ANA VEGA CAMPOS","RICARDO BELDA VALIENTE",1
"1597","ANA VEGA CAMPOS","SERGIO PASTOR MARTINEZ",1
"1598","ANA VEGA CAMPOS","VALENTIN LOPEZ LOPEZ",1
"1599","ANA VEGA CAMPOS","VIRGINIA HUERTAS PECHUAN",2
"1600","ANDRES ALBERTO RODRIGUEZ ALMEIDA","ANGEL LOPEZ MARAVER",2
"1601","ANDRES ALBERTO RODRIGUEZ ALMEIDA","ANTONIO DE MIGUEL ANTON",1
"1602","ANDRES ALBERTO RODRIGUEZ ALMEIDA","ANTONIO JOSE LUNA GARCIA",1
"1603","ANDRES ALBERTO RODRIGUEZ ALMEIDA","ANTONIO MANUEL DUARTE SERRANO",1
"1604","ANDRES ALBERTO RODRIGUEZ ALMEIDA","ANTONIO SALVA VERD",2
"1605","ANDRES ALBERTO RODRIGUEZ ALMEIDA","AROA VALDES HERNANDEZ",1
"1606","ANDRES ALBERTO RODRIGUEZ ALMEIDA","AROHA ROCHELA ROMERO",1
"1607","ANDRES ALBERTO RODRIGUEZ ALMEIDA","BEATRIZ MUNOZ RODRIGUEZ",1
"1608","ANDRES ALBERTO RODRIGUEZ ALMEIDA","BEATRIZ OLIVAN ROMEU",1
"1609","ANDRES ALBERTO RODRIGUEZ ALMEIDA","BEATRIZ SANCHEZ RODRIGUEZ",1
"1610","ANDRES ALBERTO RODRIGUEZ ALMEIDA","BEATRIZ TEJERO OLLER",1
"1611","ANDRES ALBERTO RODRIGUEZ ALMEIDA","BLANCA ARMARIO GONZALEZ",1
"1612","ANDRES ALBERTO RODRIGUEZ ALMEIDA","BLANCA LUZ RETORTILLO CARPINTERO",1
"1613","ANDRES ALBERTO RODRIGUEZ ALMEIDA","CAMILO JOSE GIL FERNANDEZ DE ANGULO",1
"1614","ANDRES ALBERTO RODRIGUEZ ALMEIDA","CARINA MEJIAS SANCHEZ",1
"1615","ANDRES ALBERTO RODRIGUEZ ALMEIDA","CARLA TOSCANO DE BALBIN",2
"1616","ANDRES ALBERTO RODRIGUEZ ALMEIDA","CARLOS FLORES JUBERIAS",1
"1617","ANDRES ALBERTO RODRIGUEZ ALMEIDA","CARLOS FRANCISCO VERDEJO FERRER",1
"1618","ANDRES ALBERTO RODRIGUEZ ALMEIDA","CARLOS JOSE ZAMBRANO GARCIARAEZ",1
"1619","ANDRES ALBERTO RODRIGUEZ ALMEIDA","CARLOS NAVARRO LIZARRAGA",1
"1620","ANDRES ALBERTO RODRIGUEZ ALMEIDA","CARMEN LOSCERTALES MARTIN DE AGAR",1
"1621","ANDRES ALBERTO RODRIGUEZ ALMEIDA","CLARA ISABEL RUBIO CONTRERAS",1
"1622","ANDRES ALBERTO RODRIGUEZ ALMEIDA","CRISTINA DE ESTEBAN CALONJE",1
"1623","ANDRES ALBERTO RODRIGUEZ ALMEIDA","CRISTINA ESTEBAN CALONJE",1
"1624","ANDRES ALBERTO RODRIGUEZ ALMEIDA","DANIEL MOLINA MARTINEZ",1
"1625","ANDRES ALBERTO RODRIGUEZ ALMEIDA","DAVID BORJA PEREZ",1
"1626","ANDRES ALBERTO RODRIGUEZ ALMEIDA","DAVID GARCIA GOMIS",1
"1627","ANDRES ALBERTO RODRIGUEZ ALMEIDA","DAVID MUNOZ PEREZ",1
"1628","ANDRES ALBERTO RODRIGUEZ ALMEIDA","DAVID NAVARRO QUESADA",1
"1629","ANDRES ALBERTO RODRIGUEZ ALMEIDA","ELIANA PALACIOS ALBORNOZ",1
"1630","ANDRES ALBERTO RODRIGUEZ ALMEIDA","ELOISA MARIA GRACIA MONTANO",1
"1631","ANDRES ALBERTO RODRIGUEZ ALMEIDA","EMILIO JESUS DEL VALLE RODRIGUEZ",1
"1632","ANDRES ALBERTO RODRIGUEZ ALMEIDA","ENRIQUE JIMENEZ VAQUERIZO",1
"1633","ANDRES ALBERTO RODRIGUEZ ALMEIDA","ENRIQUE QUESADA SANCHEZ",1
"1634","ANDRES ALBERTO RODRIGUEZ ALMEIDA","EVA MARIA GARCIA ALEGRE",1
"1635","ANDRES ALBERTO RODRIGUEZ ALMEIDA","FELIPE MORENO MORERA",1
"1636","ANDRES ALBERTO RODRIGUEZ ALMEIDA","FLORENCIO AGUSTIN TOLDOS FERNANDEZ",1
"1637","ANDRES ALBERTO RODRIGUEZ ALMEIDA","FRANCISCA VICENTE CREMADES",1
"1638","ANDRES ALBERTO RODRIGUEZ ALMEIDA","FRANCISCO DE PAULA SERRANO CABALLERO",1
"1639","ANDRES ALBERTO RODRIGUEZ ALMEIDA","FRANCISCO JAVIER ORTEGA SMITHMOLINA",2
"1640","ANDRES ALBERTO RODRIGUEZ ALMEIDA","FRANCISCO JOSE ALCARAZ MARTOS",2
"1641","ANDRES ALBERTO RODRIGUEZ ALMEIDA","FRANCISCO JOSE CONTRERAS PELAEZ",1
"1642","ANDRES ALBERTO RODRIGUEZ ALMEIDA","FRANCISCO JOSE RUIZ ENRIQUEZ",1
"1643","ANDRES ALBERTO RODRIGUEZ ALMEIDA","FRANCISCO RAUL CORDERO OLMEDO",1
"1644","ANDRES ALBERTO RODRIGUEZ ALMEIDA","GEORGINA TRIAS GIL",1
"1645","ANDRES ALBERTO RODRIGUEZ ALMEIDA","GERARDO ACEITUNO CARRASCO",1
"1646","ANDRES ALBERTO RODRIGUEZ ALMEIDA","IGNACIO GARRIGA VAZ DE CONCICAO",3
"1647","ANDRES ALBERTO RODRIGUEZ ALMEIDA","IGNACIO GIL LAZARO",3
"1648","ANDRES ALBERTO RODRIGUEZ ALMEIDA","IGNACIO HOCES INIGUEZ",1
"1649","ANDRES ALBERTO RODRIGUEZ ALMEIDA","IGNACIO MENENDEZ MEDRANO",1
"1650","ANDRES ALBERTO RODRIGUEZ ALMEIDA","INES MARIA CANIZARES PACHECO",1
"1651","ANDRES ALBERTO RODRIGUEZ ALMEIDA","IRENE HERRERO RUBERT",1
"1652","ANDRES ALBERTO RODRIGUEZ ALMEIDA","ISMAEL IVAN VELEZ CIPRIANO",2
"1653","ANDRES ALBERTO RODRIGUEZ ALMEIDA","IVAN ESPINOSA DE LOS MONTEROS DE SIMON",3
"1654","ANDRES ALBERTO RODRIGUEZ ALMEIDA","JACOBO GONZALEZROBATTO PEROTE",1
"1655","ANDRES ALBERTO RODRIGUEZ ALMEIDA","JAIME GONZALEZ CANOMANUEL",1
"1656","ANDRES ALBERTO RODRIGUEZ ALMEIDA","JAIME JAVIER DOMINGO MARTINEZ",1
"1657","ANDRES ALBERTO RODRIGUEZ ALMEIDA","JAVIER BRAVO ARROBAS",1
"1658","ANDRES ALBERTO RODRIGUEZ ALMEIDA","JAVIER JOVE SANDOVAL",1
"1659","ANDRES ALBERTO RODRIGUEZ ALMEIDA","JAVIER ORTEGA SMITHMOLINA",1
"1660","ANDRES ALBERTO RODRIGUEZ ALMEIDA","JAVIER PEREZ GALLARDO",1
"1661","ANDRES ALBERTO RODRIGUEZ ALMEIDA","JOAQUIN ROBLES LOPEZ",3
"1662","ANDRES ALBERTO RODRIGUEZ ALMEIDA","JORGE ARTURO CUTILLAS CORDON",1
"1663","ANDRES ALBERTO RODRIGUEZ ALMEIDA","JORGE CAMPOS ASENSI",1
"1664","ANDRES ALBERTO RODRIGUEZ ALMEIDA","JORGE MARTIN FRIAS",1
"1665","ANDRES ALBERTO RODRIGUEZ ALMEIDA","JORGE MARTIN TRANCON",1
"1666","ANDRES ALBERTO RODRIGUEZ ALMEIDA","JOSE ANTONIO GOMILA ORTEGA",1
"1667","ANDRES ALBERTO RODRIGUEZ ALMEIDA","JOSE FRANCISCO GARRE IZQUIERDO",1
"1668","ANDRES ALBERTO RODRIGUEZ ALMEIDA","JOSE IGNACIO ARIAS MORENO",1
"1669","ANDRES ALBERTO RODRIGUEZ ALMEIDA","JOSE MANUEL MARTIN CAMACHO",1
"1670","ANDRES ALBERTO RODRIGUEZ ALMEIDA","JOSE MARIA ANTON GARCIA",1
"1671","ANDRES ALBERTO RODRIGUEZ ALMEIDA","JOSE MARIA FIGAREDO ALVAREZSALA",2
"1672","ANDRES ALBERTO RODRIGUEZ ALMEIDA","JOSE MARIA SANCHEZ GARCIA",2
"1673","ANDRES ALBERTO RODRIGUEZ ALMEIDA","JOSE MARIA VAZQUEZ ALVAREZ",1
"1674","ANDRES ALBERTO RODRIGUEZ ALMEIDA","JOSE MIGUEL TASENDE SOUTO",1
"1675","ANDRES ALBERTO RODRIGUEZ ALMEIDA","JOSE RAMIREZ DEL RIO",2
"1676","ANDRES ALBERTO RODRIGUEZ ALMEIDA","JOSEFINA BLAZQUEZ SANCHEZ",1
"1677","ANDRES ALBERTO RODRIGUEZ ALMEIDA","JUAN CARLOS VICENTE MARTINEZ",1
"1678","ANDRES ALBERTO RODRIGUEZ ALMEIDA","JUAN FRANCISCO ROJAS FERNANDEZ",1
"1679","ANDRES ALBERTO RODRIGUEZ ALMEIDA","JUAN JOSE AIZCORBE TORRA",2
"1680","ANDRES ALBERTO RODRIGUEZ ALMEIDA","JUAN SERGIO REDONDO PACHECO",1
"1681","ANDRES ALBERTO RODRIGUEZ ALMEIDA","JULIO ROSADO MARTIN",1
"1682","ANDRES ALBERTO RODRIGUEZ ALMEIDA","KATIUSKA DE LOS ANGELES GARCIA RAMIREZ",1
"1683","ANDRES ALBERTO RODRIGUEZ ALMEIDA","LOURDES MENDEZ MONASTERIO",3
"1684","ANDRES ALBERTO RODRIGUEZ ALMEIDA","LUIS GESTOSO DE MIGUEL",1
"1685","ANDRES ALBERTO RODRIGUEZ ALMEIDA","MACARENA OLONA CHOCLAN",2
"1686","ANDRES ALBERTO RODRIGUEZ ALMEIDA","MAGDALENA MARGARITA CONTESTI ROSSELLO",1
"1687","ANDRES ALBERTO RODRIGUEZ ALMEIDA","MANUEL GONZALEZ BAZAN",1
"1688","ANDRES ALBERTO RODRIGUEZ ALMEIDA","MANUEL MARISCAL ZABALA",3
"1689","ANDRES ALBERTO RODRIGUEZ ALMEIDA","MANUEL MESTRE BAREA",2
"1690","ANDRES ALBERTO RODRIGUEZ ALMEIDA","MANUEL RAFAEL RODRIGUEZ VALERO",1
"1691","ANDRES ALBERTO RODRIGUEZ ALMEIDA","MANUELA BOLADO ALCALDE",1
"1692","ANDRES ALBERTO RODRIGUEZ ALMEIDA","MANUELA DEL MAR MARTIN IBANEZ",1
"1693","ANDRES ALBERTO RODRIGUEZ ALMEIDA","MARIA ARANZAZU MARTINEZ RIOLA",1
"1694","ANDRES ALBERTO RODRIGUEZ ALMEIDA","MARIA BEATRIZ CASTILLEJO SEVILLA",1
"1695","ANDRES ALBERTO RODRIGUEZ ALMEIDA","MARIA BELEN MANZANO SAGUAR",1
"1696","ANDRES ALBERTO RODRIGUEZ ALMEIDA","MARIA DE LA CABEZA RUIZ SOLAS",3
"1697","ANDRES ALBERTO RODRIGUEZ ALMEIDA","MARIA DE LA CRUZ LOZANO MARIN",1
"1698","ANDRES ALBERTO RODRIGUEZ ALMEIDA","MARIA DE LOS REYES ROMERO VILCHES",3
"1699","ANDRES ALBERTO RODRIGUEZ ALMEIDA","MARIA DEL PILAR BAOS REVILLA",1
"1700","ANDRES ALBERTO RODRIGUEZ ALMEIDA","MARIA DOLORES MATEO MATEOS",1
"1701","ANDRES ALBERTO RODRIGUEZ ALMEIDA","MARIA GEMA ESCOLANO BERNA",1
"1702","ANDRES ALBERTO RODRIGUEZ ALMEIDA","MARIA INES DIAZ CASAS",1
"1703","ANDRES ALBERTO RODRIGUEZ ALMEIDA","MARIA JOSE RODRIGUEZ DE MILLAN PARRO",1
"1704","ANDRES ALBERTO RODRIGUEZ ALMEIDA","MARIA LOPEZ ZAMBRANO",1
"1705","ANDRES ALBERTO RODRIGUEZ ALMEIDA","MARIA LUISA MENENDEZ MARTINEZ",1
"1706","ANDRES ALBERTO RODRIGUEZ ALMEIDA","MARIA MAGDALENA NEVADO DEL CAMPO",1
"1707","ANDRES ALBERTO RODRIGUEZ ALMEIDA","MARIA MAGDALENA PUENTEDURA PEREZ",1
"1708","ANDRES ALBERTO RODRIGUEZ ALMEIDA","MARIA SUSANA JIMENEZ AIBAR",1
"1709","ANDRES ALBERTO RODRIGUEZ ALMEIDA","MARIA TERESA GARCIA DE LA ROSA JIMENEZ",1
"1710","ANDRES ALBERTO RODRIGUEZ ALMEIDA","MARIA TERESA LOPEZ ALVAREZ",1
"1711","ANDRES ALBERTO RODRIGUEZ ALMEIDA","MARIA TERESA LOPEZ DIVASSON",1
"1712","ANDRES ALBERTO RODRIGUEZ ALMEIDA","MARIA VIDAL BENNASAR",1
"1713","ANDRES ALBERTO RODRIGUEZ ALMEIDA","MARIA ZULEMA SAN JOSE SANCHEZ",1
"1714","ANDRES ALBERTO RODRIGUEZ ALMEIDA","MARINA DABAN ALONSO",1
"1715","ANDRES ALBERTO RODRIGUEZ ALMEIDA","MARTA ALEGRIA MARTINEZ",1
"1716","ANDRES ALBERTO RODRIGUEZ ALMEIDA","MARTA ALVAREZ BARRIO",1
"1717","ANDRES ALBERTO RODRIGUEZ ALMEIDA","MARTA GERVASIA GARRIDO MORENO",1
"1718","ANDRES ALBERTO RODRIGUEZ ALMEIDA","MARTA MARTIN CUSTODIO",1
"1719","ANDRES ALBERTO RODRIGUEZ ALMEIDA","MIGUEL ANGEL FERNANDEZ LOPEZ",1
"1720","ANDRES ALBERTO RODRIGUEZ ALMEIDA","MIGUEL MALDONADO CABALLERO",1
"1721","ANDRES ALBERTO RODRIGUEZ ALMEIDA","MONICA LORA CISQUER",1
"1722","ANDRES ALBERTO RODRIGUEZ ALMEIDA","OLIVIA MORENO NAVAS",1
"1723","ANDRES ALBERTO RODRIGUEZ ALMEIDA","PABLO JUAN CALVO LISTE",1
"1724","ANDRES ALBERTO RODRIGUEZ ALMEIDA","PABLO PEREZ GALLARDO",1
"1725","ANDRES ALBERTO RODRIGUEZ ALMEIDA","PABLO SAEZ ALONSOMUNUMER",3
"1726","ANDRES ALBERTO RODRIGUEZ ALMEIDA","PALOMA GOMEZ ENRIQUEZ",1
"1727","ANDRES ALBERTO RODRIGUEZ ALMEIDA","PATRICIA DE LAS HERAS FERNANDEZ",1
"1728","ANDRES ALBERTO RODRIGUEZ ALMEIDA","PATRICIA ESCAMEZ MARIN",1
"1729","ANDRES ALBERTO RODRIGUEZ ALMEIDA","PATRICIA RUEDA PERELLO",3
"1730","ANDRES ALBERTO RODRIGUEZ ALMEIDA","PAULA DE LOS ANGELES BADANELLI BERRIOZABAL",1
"1731","ANDRES ALBERTO RODRIGUEZ ALMEIDA","PEDRO FERNANDEZ HERNANDEZ",3
"1732","ANDRES ALBERTO RODRIGUEZ ALMEIDA","PEDRO JESUS REQUEJO NOVOA",1
"1733","ANDRES ALBERTO RODRIGUEZ ALMEIDA","RAFAEL RICARDO GONZALEZ GALLEGO",1
"1734","ANDRES ALBERTO RODRIGUEZ ALMEIDA","RAFAEL SEGOVIA BROME",1
"1735","ANDRES ALBERTO RODRIGUEZ ALMEIDA","RICARDO CHAMORRO DELMO",3
"1736","ANDRES ALBERTO RODRIGUEZ ALMEIDA","ROCIO DE MEER MENDEZ",3
"1737","ANDRES ALBERTO RODRIGUEZ ALMEIDA","RODRIGO JIMENEZ REVUELTA",1
"1738","ANDRES ALBERTO RODRIGUEZ ALMEIDA","RUBEN SILVANO MANSO OLIVAR",1
"1739","ANDRES ALBERTO RODRIGUEZ ALMEIDA","SALOME NIETO TARRAGA",1
"1740","ANDRES ALBERTO RODRIGUEZ ALMEIDA","SANTIAGO ABASCAL CONDE",3
"1741","ANDRES ALBERTO RODRIGUEZ ALMEIDA","SERAFIN SERRANO MARIN",1
"1742","ANDRES ALBERTO RODRIGUEZ ALMEIDA","SERGI FABRI LLAVERO",1
"1743","ANDRES ALBERTO RODRIGUEZ ALMEIDA","SERGIO CHAGARTEGUI SANCHEZ",1
"1744","ANDRES ALBERTO RODRIGUEZ ALMEIDA","SERGIO MACIAN DE GREEF",1
"1745","ANDRES ALBERTO RODRIGUEZ ALMEIDA","SILVIA CLARA ENRIQUEZ GALLEGO",1
"1746","ANDRES ALBERTO RODRIGUEZ ALMEIDA","SOLEDAD PEREZ RUBIO",1
"1747","ANDRES ALBERTO RODRIGUEZ ALMEIDA","SONIA LUISA LALANDA SANMIGUEL",1
"1748","ANDRES ALBERTO RODRIGUEZ ALMEIDA","SONSOLES PALACIOS MORENO",1
"1749","ANDRES ALBERTO RODRIGUEZ ALMEIDA","TEODORO RAMON POZO MUNIZ",1
"1750","ANDRES ALBERTO RODRIGUEZ ALMEIDA","TOMAS FERNANDEZ RIOS",1
"1751","ANDRES ALBERTO RODRIGUEZ ALMEIDA","VALENTIN LOPEZ LOPEZ",1
"1752","ANDRES ALBERTO RODRIGUEZ ALMEIDA","VICTOR GUIDO GONZALEZ COELLO DE PORTUGAL",2
"1753","ANDRES ALBERTO RODRIGUEZ ALMEIDA","VICTOR MANUEL ACOSTA HERNANDEZ",1
"1754","ANDRES ALBERTO RODRIGUEZ ALMEIDA","VICTOR MANUEL SANCHEZ DEL REAL",1
"1755","ANDRES ALBERTO RODRIGUEZ ALMEIDA","VIRGINIA HUERTAS PECHUAN",1
"1756","ANDRES ALBERTO RODRIGUEZ ALMEIDA","YOLANDA MERELO PALOMARES",1
"1757","ANDRES FELIX BELLO SANZ","ANGEL LOPEZ MARAVER",1
"1758","ANDRES FELIX BELLO SANZ","ANTONIO DE MIGUEL ANTON",1
"1759","ANDRES FELIX BELLO SANZ","ANTONIO GALLEGO BURGOS",1
"1760","ANDRES FELIX BELLO SANZ","ANTONIO RAMON LOPEZ GOMEZ",1
"1761","ANDRES FELIX BELLO SANZ","ANTONIO SALVA VERD",1
"1762","ANDRES FELIX BELLO SANZ","CARLA TOSCANO DE BALBIN",1
"1763","ANDRES FELIX BELLO SANZ","CRISTINA DE ESTEBAN CALONJE",1
"1764","ANDRES FELIX BELLO SANZ","CRISTINA ESTEBAN CALONJE",1
"1765","ANDRES FELIX BELLO SANZ","FRANCISCO JAVIER ORTEGA SMITHMOLINA",1
"1766","ANDRES FELIX BELLO SANZ","FRANCISCO JOSE ALCARAZ MARTOS",1
"1767","ANDRES FELIX BELLO SANZ","IGNACIO GARRIGA VAZ DE CONCICAO",4
"1768","ANDRES FELIX BELLO SANZ","IGNACIO GIL LAZARO",2
"1769","ANDRES FELIX BELLO SANZ","ISABEL LAZARO PINA",1
"1770","ANDRES FELIX BELLO SANZ","ISMAEL IVAN VELEZ CIPRIANO",1
"1771","ANDRES FELIX BELLO SANZ","IVAN ESPINOSA DE LOS MONTEROS DE SIMON",2
"1772","ANDRES FELIX BELLO SANZ","JAIME GONZALEZ CANOMANUEL",1
"1773","ANDRES FELIX BELLO SANZ","JAVIER ORTEGA SMITHMOLINA",1
"1774","ANDRES FELIX BELLO SANZ","JAVIER RAMIREZ GUTIERREZ",1
"1775","ANDRES FELIX BELLO SANZ","JOAN GARRIGA DOMENECH",1
"1776","ANDRES FELIX BELLO SANZ","JOAQUIN ROBLES LOPEZ",2
"1777","ANDRES FELIX BELLO SANZ","JOSE MARIA FIGAREDO ALVAREZSALA",1
"1778","ANDRES FELIX BELLO SANZ","JOSE MARIA SANCHEZ GARCIA",1
"1779","ANDRES FELIX BELLO SANZ","JOSE MARIA VAZQUEZ ALVAREZ",1
"1780","ANDRES FELIX BELLO SANZ","JOSE RAMIREZ DEL RIO",1
"1781","ANDRES FELIX BELLO SANZ","JUAN DE LA CRUZ GARRIGA DOMENECH",1
"1782","ANDRES FELIX BELLO SANZ","JUAN JOSE AIZCORBE TORRA",1
"1783","ANDRES FELIX BELLO SANZ","JULIA CALVET PUIG",1
"1784","ANDRES FELIX BELLO SANZ","LOURDES MENDEZ MONASTERIO",2
"1785","ANDRES FELIX BELLO SANZ","MACARENA OLONA CHOCLAN",2
"1786","ANDRES FELIX BELLO SANZ","MAGDALENA MARGARITA CONTESTI ROSSELLO",1
"1787","ANDRES FELIX BELLO SANZ","MANUEL GONZALEZ BAZAN",1
"1788","ANDRES FELIX BELLO SANZ","MANUEL JESUS ACOSTA ELIAS",1
"1789","ANDRES FELIX BELLO SANZ","MANUEL MARISCAL ZABALA",2
"1790","ANDRES FELIX BELLO SANZ","MANUEL MESTRE BAREA",2
"1791","ANDRES FELIX BELLO SANZ","MANUEL RAFAEL RODRIGUEZ VALERO",1
"1792","ANDRES FELIX BELLO SANZ","MARIA DE LA CABEZA RUIZ SOLAS",2
"1793","ANDRES FELIX BELLO SANZ","MARIA DE LOS REYES ROMERO VILCHES",2
"1794","ANDRES FELIX BELLO SANZ","MARIA ELISA GARCIA FUSTER",2
"1795","ANDRES FELIX BELLO SANZ","MARTA ALVAREZ BARRIO",1
"1796","ANDRES FELIX BELLO SANZ","MIGUEL ANGEL FERNANDEZ LOPEZ",1
"1797","ANDRES FELIX BELLO SANZ","MONICA LORA CISQUER",2
"1798","ANDRES FELIX BELLO SANZ","PABLO SAEZ ALONSOMUNUMER",2
"1799","ANDRES FELIX BELLO SANZ","PATRICIA DE LAS HERAS FERNANDEZ",1
"1800","ANDRES FELIX BELLO SANZ","PATRICIA RUEDA PERELLO",2
"1801","ANDRES FELIX BELLO SANZ","PEDRO FERNANDEZ HERNANDEZ",2
"1802","ANDRES FELIX BELLO SANZ","RAFAEL VILLAFRANCA MERCE",1
"1803","ANDRES FELIX BELLO SANZ","RICARDO CHAMORRO DELMO",2
"1804","ANDRES FELIX BELLO SANZ","ROCIO DE MEER MENDEZ",2
"1805","ANDRES FELIX BELLO SANZ","RUBEN SILVANO MANSO OLIVAR",1
"1806","ANDRES FELIX BELLO SANZ","SANTIAGO ABASCAL CONDE",2
"1807","ANDRES FELIX BELLO SANZ","SERAFIN SERRANO MARIN",1
"1808","ANDRES FELIX BELLO SANZ","SERGI FABRI LLAVERO",1
"1809","ANDRES FELIX BELLO SANZ","SERGIO MACIAN DE GREEF",2
"1810","ANDRES FELIX BELLO SANZ","SONIA LUISA LALANDA SANMIGUEL",1
"1811","ANDRES FELIX BELLO SANZ","VICTOR GUIDO GONZALEZ COELLO DE PORTUGAL",1
"1812","ANDRES FELIX BELLO SANZ","VICTOR MANUEL SANCHEZ DEL REAL",1
"1813","ANGEL ALDA PEREZ","HECTOR ALACID LOPEZ",1
"1814","ANGEL APARICIO MOTA","CARLOS JOSE ZAMBRANO GARCIARAEZ",1
"1815","ANGEL FARAO BLAZQUEZ","JOSE CAJA DEL OLMO",1
"1816","ANGEL HERNANDEZ PANDO","JUAN IGNACIO FERNANDEZ TOMAS",1
"1817","ANGEL HERNANDEZ PANDO","ROCIO DOMINGUEZ PERALS",1
"1818","ANGEL LOPEZ MARAVER","ANGEL PELAYO GORDILLO MORENO",1
"1819","ANGEL LOPEZ MARAVER","ANTONIO DE MIGUEL ANTON",1
"1820","ANGEL LOPEZ MARAVER","ANTONIO JOSE LUNA GARCIA",1
"1821","ANGEL LOPEZ MARAVER","ANTONIO MANUEL DUARTE SERRANO",1
"1822","ANGEL LOPEZ MARAVER","ANTONIO RAMON LOPEZ GOMEZ",1
"1823","ANGEL LOPEZ MARAVER","ANTONIO SALVA VERD",2
"1824","ANGEL LOPEZ MARAVER","AROA VALDES HERNANDEZ",1
"1825","ANGEL LOPEZ MARAVER","AROHA ROCHELA ROMERO",1
"1826","ANGEL LOPEZ MARAVER","BEATRIZ GONZALEZ VARELA",1
"1827","ANGEL LOPEZ MARAVER","BEATRIZ MUNOZ RODRIGUEZ",1
"1828","ANGEL LOPEZ MARAVER","BEATRIZ OLIVAN ROMEU",1
"1829","ANGEL LOPEZ MARAVER","BEATRIZ SANCHEZ RODRIGUEZ",1
"1830","ANGEL LOPEZ MARAVER","BEATRIZ TEJERO OLLER",2
"1831","ANGEL LOPEZ MARAVER","BLANCA ARMARIO GONZALEZ",1
"1832","ANGEL LOPEZ MARAVER","BLANCA LUZ RETORTILLO CARPINTERO",1
"1833","ANGEL LOPEZ MARAVER","BLANCA MARIA HERREROS RODRIGUEZ",1
"1834","ANGEL LOPEZ MARAVER","CAMILO JOSE GIL FERNANDEZ DE ANGULO",1
"1835","ANGEL LOPEZ MARAVER","CARINA MEJIAS SANCHEZ",1
"1836","ANGEL LOPEZ MARAVER","CARLA TOSCANO DE BALBIN",2
"1837","ANGEL LOPEZ MARAVER","CARLOS FLORES JUBERIAS",1
"1838","ANGEL LOPEZ MARAVER","CARLOS FRANCISCO VERDEJO FERRER",1
"1839","ANGEL LOPEZ MARAVER","CARLOS JOSE ZAMBRANO GARCIARAEZ",2
"1840","ANGEL LOPEZ MARAVER","CARLOS NAVARRO LIZARRAGA",1
"1841","ANGEL LOPEZ MARAVER","CARLOS POLLAN FERNANDEZ",1
"1842","ANGEL LOPEZ MARAVER","CARMEN LOSCERTALES MARTIN DE AGAR",1
"1843","ANGEL LOPEZ MARAVER","CLARA ISABEL RUBIO CONTRERAS",1
"1844","ANGEL LOPEZ MARAVER","CRISTINA ALEJANDRA JIMENEZ JIMENEZ",1
"1845","ANGEL LOPEZ MARAVER","CRISTINA DE ESTEBAN CALONJE",1
"1846","ANGEL LOPEZ MARAVER","DANIEL MOLINA MARTINEZ",1
"1847","ANGEL LOPEZ MARAVER","DAVID BORJA PEREZ",2
"1848","ANGEL LOPEZ MARAVER","DAVID GARCIA GOMIS",1
"1849","ANGEL LOPEZ MARAVER","DAVID MUNOZ PEREZ",1
"1850","ANGEL LOPEZ MARAVER","DAVID NAVARRO QUESADA",1
"1851","ANGEL LOPEZ MARAVER","ELIANA PALACIOS ALBORNOZ",1
"1852","ANGEL LOPEZ MARAVER","ELOISA MARIA GRACIA MONTANO",1
"1853","ANGEL LOPEZ MARAVER","EMILIO JESUS DEL VALLE RODRIGUEZ",2
"1854","ANGEL LOPEZ MARAVER","ENRIQUE JIMENEZ VAQUERIZO",1
"1855","ANGEL LOPEZ MARAVER","ENRIQUE QUESADA SANCHEZ",1
"1856","ANGEL LOPEZ MARAVER","EVA MARIA GARCIA ALEGRE",1
"1857","ANGEL LOPEZ MARAVER","FELIPE MORENO MORERA",1
"1858","ANGEL LOPEZ MARAVER","FLORENCIO AGUSTIN TOLDOS FERNANDEZ",1
"1859","ANGEL LOPEZ MARAVER","FRANCISCA VICENTE CREMADES",1
"1860","ANGEL LOPEZ MARAVER","FRANCISCO CUSTODIO RODRIGUEZ",1
"1861","ANGEL LOPEZ MARAVER","FRANCISCO DE BORJA REVILLA BRIOSO",1
"1862","ANGEL LOPEZ MARAVER","FRANCISCO DE PAULA SERRANO CABALLERO",1
"1863","ANGEL LOPEZ MARAVER","FRANCISCO JAVIER ORTEGA SMITHMOLINA",2
"1864","ANGEL LOPEZ MARAVER","FRANCISCO JOSE ALCARAZ MARTOS",2
"1865","ANGEL LOPEZ MARAVER","FRANCISCO JOSE CONTRERAS PELAEZ",3
"1866","ANGEL LOPEZ MARAVER","FRANCISCO JOSE DIAZ GRANADOS",1
"1867","ANGEL LOPEZ MARAVER","FRANCISCO JOSE RUIZ ENRIQUEZ",1
"1868","ANGEL LOPEZ MARAVER","FRANCISCO RAUL CORDERO OLMEDO",1
"1869","ANGEL LOPEZ MARAVER","FULGENCIO COLL BUCHER",1
"1870","ANGEL LOPEZ MARAVER","GEMA ISABEL GUTIERREZ TOSCANO",1
"1871","ANGEL LOPEZ MARAVER","GEORGINA TRIAS GIL",2
"1872","ANGEL LOPEZ MARAVER","GERARDO ACEITUNO CARRASCO",2
"1873","ANGEL LOPEZ MARAVER","HERMANN LEOPOLD TERTSCH DEL VALLELERSUNDI",1
"1874","ANGEL LOPEZ MARAVER","IGNACIO GARRIGA VAZ DE CONCICAO",2
"1875","ANGEL LOPEZ MARAVER","IGNACIO GIL LAZARO",2
"1876","ANGEL LOPEZ MARAVER","IGNACIO HOCES INIGUEZ",1
"1877","ANGEL LOPEZ MARAVER","IGNACIO MENENDEZ MEDRANO",1
"1878","ANGEL LOPEZ MARAVER","IGNACIO SICILIA DOMENECH",1
"1879","ANGEL LOPEZ MARAVER","INES MARIA CANIZARES PACHECO",2
"1880","ANGEL LOPEZ MARAVER","IRENE HERRERO RUBERT",1
"1881","ANGEL LOPEZ MARAVER","ISABEL LAZARO PINA",1
"1882","ANGEL LOPEZ MARAVER","ISMAEL IVAN VELEZ CIPRIANO",2
"1883","ANGEL LOPEZ MARAVER","IVAN ESPINOSA DE LOS MONTEROS DE SIMON",2
"1884","ANGEL LOPEZ MARAVER","JACOBO GONZALEZROBATTO PEROTE",1
"1885","ANGEL LOPEZ MARAVER","JAIME JAVIER DOMINGO MARTINEZ",1
"1886","ANGEL LOPEZ MARAVER","JAVIER BRAVO ARROBAS",1
"1887","ANGEL LOPEZ MARAVER","JAVIER JOVE SANDOVAL",1
"1888","ANGEL LOPEZ MARAVER","JAVIER PEREZ GALLARDO",1
"1889","ANGEL LOPEZ MARAVER","JESUS GARCIA ROYO",1
"1890","ANGEL LOPEZ MARAVER","JOAQUIN ROBLES LOPEZ",2
"1891","ANGEL LOPEZ MARAVER","JORGE ARTURO CUTILLAS CORDON",2
"1892","ANGEL LOPEZ MARAVER","JORGE BUXADE VILLALBA",1
"1893","ANGEL LOPEZ MARAVER","JORGE CAMPOS ASENSI",1
"1894","ANGEL LOPEZ MARAVER","JORGE MARTIN FRIAS",1
"1895","ANGEL LOPEZ MARAVER","JORGE MARTIN TRANCON",1
"1896","ANGEL LOPEZ MARAVER","JOSE ANTONIO GOMILA ORTEGA",1
"1897","ANGEL LOPEZ MARAVER","JOSE FRANCISCO GARRE IZQUIERDO",1
"1898","ANGEL LOPEZ MARAVER","JOSE IGNACIO ARIAS MORENO",1
"1899","ANGEL LOPEZ MARAVER","JOSE JOAQUIN BENGOCHEA SECO",1
"1900","ANGEL LOPEZ MARAVER","JOSE LUIS FERNANDEZ SANTAMARIA",1
"1901","ANGEL LOPEZ MARAVER","JOSE MANUEL MARTIN CAMACHO",1
"1902","ANGEL LOPEZ MARAVER","JOSE MARIA ANTON GARCIA",1
"1903","ANGEL LOPEZ MARAVER","JOSE MARIA FIGAREDO ALVAREZSALA",2
"1904","ANGEL LOPEZ MARAVER","JOSE MARIA SANCHEZ GARCIA",2
"1905","ANGEL LOPEZ MARAVER","JOSE MARIA VAZQUEZ ALVAREZ",1
"1906","ANGEL LOPEZ MARAVER","JOSE MIGUEL TASENDE SOUTO",1
"1907","ANGEL LOPEZ MARAVER","JOSE RAMIREZ DEL RIO",2
"1908","ANGEL LOPEZ MARAVER","JOSEFINA BLAZQUEZ SANCHEZ",2
"1909","ANGEL LOPEZ MARAVER","JUAN CARLOS VICENTE MARTINEZ",1
"1910","ANGEL LOPEZ MARAVER","JUAN FRANCISCO ROJAS FERNANDEZ",1
"1911","ANGEL LOPEZ MARAVER","JUAN JOSE AIZCORBE TORRA",2
"1912","ANGEL LOPEZ MARAVER","JUAN SERGIO REDONDO PACHECO",1
"1913","ANGEL LOPEZ MARAVER","JULIO ROSADO MARTIN",1
"1914","ANGEL LOPEZ MARAVER","KATIUSKA DE LOS ANGELES GARCIA RAMIREZ",1
"1915","ANGEL LOPEZ MARAVER","LOURDES MENDEZ MONASTERIO",2
"1916","ANGEL LOPEZ MARAVER","LUIS GESTOSO DE MIGUEL",2
"1917","ANGEL LOPEZ MARAVER","MACARENA OLONA CHOCLAN",1
"1918","ANGEL LOPEZ MARAVER","MANUEL GONZALEZ BAZAN",1
"1919","ANGEL LOPEZ MARAVER","MANUEL JORGE MARTIN MONTERO",1
"1920","ANGEL LOPEZ MARAVER","MANUEL MARISCAL ZABALA",2
"1921","ANGEL LOPEZ MARAVER","MANUEL MESTRE BAREA",1
"1922","ANGEL LOPEZ MARAVER","MANUELA BOLADO ALCALDE",1
"1923","ANGEL LOPEZ MARAVER","MANUELA DEL MAR MARTIN IBANEZ",1
"1924","ANGEL LOPEZ MARAVER","MARGARITA DE LA PISA CARRION",1
"1925","ANGEL LOPEZ MARAVER","MARIA ARANZAZU MARTINEZ RIOLA",1
"1926","ANGEL LOPEZ MARAVER","MARIA BEATRIZ CASTILLEJO SEVILLA",1
"1927","ANGEL LOPEZ MARAVER","MARIA BELEN MANZANO SAGUAR",1
"1928","ANGEL LOPEZ MARAVER","MARIA DE LA CABEZA RUIZ SOLAS",2
"1929","ANGEL LOPEZ MARAVER","MARIA DE LA CRUZ LOZANO MARIN",1
"1930","ANGEL LOPEZ MARAVER","MARIA DE LOS REYES ROMERO VILCHES",2
"1931","ANGEL LOPEZ MARAVER","MARIA DEL PILAR BAOS REVILLA",1
"1932","ANGEL LOPEZ MARAVER","MARIA DOLORES GOMEZ MORENO",1
"1933","ANGEL LOPEZ MARAVER","MARIA DOLORES MATEO MATEOS",1
"1934","ANGEL LOPEZ MARAVER","MARIA ELISA GARCIA FUSTER",1
"1935","ANGEL LOPEZ MARAVER","MARIA GEMA ESCOLANO BERNA",1
"1936","ANGEL LOPEZ MARAVER","MARIA INES DIAZ CASAS",1
"1937","ANGEL LOPEZ MARAVER","MARIA ISABEL DOMINGUEZ POMARES",1
"1938","ANGEL LOPEZ MARAVER","MARIA ISABEL PEREZ MARTIN",1
"1939","ANGEL LOPEZ MARAVER","MARIA JOSE RODRIGUEZ DE MILLAN PARRO",1
"1940","ANGEL LOPEZ MARAVER","MARIA LOPEZ ZAMBRANO",1
"1941","ANGEL LOPEZ MARAVER","MARIA LUISA MENENDEZ MARTINEZ",1
"1942","ANGEL LOPEZ MARAVER","MARIA MAGDALENA NEVADO DEL CAMPO",2
"1943","ANGEL LOPEZ MARAVER","MARIA MAGDALENA PUENTEDURA PEREZ",1
"1944","ANGEL LOPEZ MARAVER","MARIA SUSANA JIMENEZ AIBAR",1
"1945","ANGEL LOPEZ MARAVER","MARIA TERESA ARNEDO PEREZ",1
"1946","ANGEL LOPEZ MARAVER","MARIA TERESA GARCIA DE LA ROSA JIMENEZ",1
"1947","ANGEL LOPEZ MARAVER","MARIA TERESA LOPEZ ALVAREZ",2
"1948","ANGEL LOPEZ MARAVER","MARIA TERESA LOPEZ DIVASSON",2
"1949","ANGEL LOPEZ MARAVER","MARIA VIDAL BENNASAR",1
"1950","ANGEL LOPEZ MARAVER","MARIA ZULEMA SAN JOSE SANCHEZ",1
"1951","ANGEL LOPEZ MARAVER","MARINA DABAN ALONSO",1
"1952","ANGEL LOPEZ MARAVER","MARTA ALEGRIA MARTINEZ",1
"1953","ANGEL LOPEZ MARAVER","MARTA GERVASIA GARRIDO MORENO",1
"1954","ANGEL LOPEZ MARAVER","MARTA MARTIN CUSTODIO",1
"1955","ANGEL LOPEZ MARAVER","MAZALY AGUILAR",1
"1956","ANGEL LOPEZ MARAVER","MIGUEL ANGEL FERNANDEZ LOPEZ",1
"1957","ANGEL LOPEZ MARAVER","MIGUEL ANGEL LOPEZ FERNANDEZ",1
"1958","ANGEL LOPEZ MARAVER","MIGUEL MALDONADO CABALLERO",1
"1959","ANGEL LOPEZ MARAVER","MIREIA BORRAS PABON",1
"1960","ANGEL LOPEZ MARAVER","MONICA LORA CISQUER",2
"1961","ANGEL LOPEZ MARAVER","OLIVIA MORENO NAVAS",1
"1962","ANGEL LOPEZ MARAVER","OSCAR ARTURO FERNANDEZ CALLE",1
"1963","ANGEL LOPEZ MARAVER","PABLO JUAN CALVO LISTE",2
"1964","ANGEL LOPEZ MARAVER","PABLO PEREZ GALLARDO",1
"1965","ANGEL LOPEZ MARAVER","PABLO SAEZ ALONSOMUNUMER",2
"1966","ANGEL LOPEZ MARAVER","PALOMA GOMEZ ENRIQUEZ",1
"1967","ANGEL LOPEZ MARAVER","PATRICIA ESCAMEZ MARIN",1
"1968","ANGEL LOPEZ MARAVER","PATRICIA RUEDA PERELLO",2
"1969","ANGEL LOPEZ MARAVER","PAULA DE LOS ANGELES BADANELLI BERRIOZABAL",1
"1970","ANGEL LOPEZ MARAVER","PEDRO FERNANDEZ HERNANDEZ",2
"1971","ANGEL LOPEZ MARAVER","PEDRO JESUS REQUEJO NOVOA",2
"1972","ANGEL LOPEZ MARAVER","RAFAEL RICARDO GONZALEZ GALLEGO",1
"1973","ANGEL LOPEZ MARAVER","RAFAEL SEGOVIA BROME",1
"1974","ANGEL LOPEZ MARAVER","RICARDO BELDA VALIENTE",1
"1975","ANGEL LOPEZ MARAVER","RICARDO CHAMORRO DELMO",2
"1976","ANGEL LOPEZ MARAVER","ROCIO DE MEER MENDEZ",2
"1977","ANGEL LOPEZ MARAVER","RODRIGO JIMENEZ REVUELTA",2
"1978","ANGEL LOPEZ MARAVER","RUBEN SILVANO MANSO OLIVAR",1
"1979","ANGEL LOPEZ MARAVER","SALOME NIETO TARRAGA",1
"1980","ANGEL LOPEZ MARAVER","SANTIAGO ABASCAL CONDE",2
"1981","ANGEL LOPEZ MARAVER","SERGI FABRI LLAVERO",1
"1982","ANGEL LOPEZ MARAVER","SERGIO CHAGARTEGUI SANCHEZ",1
"1983","ANGEL LOPEZ MARAVER","SERGIO MACIAN DE GREEF",2
"1984","ANGEL LOPEZ MARAVER","SILVIA CLARA ENRIQUEZ GALLEGO",1
"1985","ANGEL LOPEZ MARAVER","SOLEDAD PEREZ RUBIO",1
"1986","ANGEL LOPEZ MARAVER","SONIA LUISA LALANDA SANMIGUEL",1
"1987","ANGEL LOPEZ MARAVER","SONSOLES PALACIOS MORENO",1
"1988","ANGEL LOPEZ MARAVER","TEODORO RAMON POZO MUNIZ",1
"1989","ANGEL LOPEZ MARAVER","TOMAS FERNANDEZ RIOS",2
"1990","ANGEL LOPEZ MARAVER","VALENTIN LOPEZ LOPEZ",1
"1991","ANGEL LOPEZ MARAVER","VICTOR GUIDO GONZALEZ COELLO DE PORTUGAL",2
"1992","ANGEL LOPEZ MARAVER","VICTOR MANUEL ACOSTA HERNANDEZ",1
"1993","ANGEL LOPEZ MARAVER","VICTOR MANUEL SANCHEZ DEL REAL",1
"1994","ANGEL LOPEZ MARAVER","VIRGINIA HUERTAS PECHUAN",1
"1995","ANGEL LOPEZ MARAVER","YOLANDA MERELO PALOMARES",1
"1996","ANGEL LUIS BORDAS GUIJARRO","ANTONIO JOSE LUNA GARCIA",1
"1997","ANGEL LUIS BORDAS GUIJARRO","ANTONIO SEVILLA RODRIGUEZ",2
"1998","ANGEL LUIS BORDAS GUIJARRO","BEATRIZ SANCHEZ AGUSTINO",1
"1999","ANGEL LUIS BORDAS GUIJARRO","BENITO MORILLO ALEJO",2
"2000","ANGEL LUIS BORDAS GUIJARRO","BLANCA ARMARIO GONZALEZ",1
"2001","ANGEL LUIS BORDAS GUIJARRO","CLOTILDE SALVADOR SANCHEZ",1
"2002","ANGEL LUIS BORDAS GUIJARRO","CRISTINA ALEJANDRA JIMENEZ JIMENEZ",1
"2003","ANGEL LUIS BORDAS GUIJARRO","GEMA ISABEL GUTIERREZ TOSCANO",1
"2004","ANGEL LUIS BORDAS GUIJARRO","JAIME JAVIER DOMINGO MARTINEZ",1
"2005","ANGEL LUIS BORDAS GUIJARRO","JAVIER CORTES LUCENA",3
"2006","ANGEL LUIS BORDAS GUIJARRO","JOSE MARIA ORTELLS POLO",1
"2007","ANGEL LUIS BORDAS GUIJARRO","JUAN JOSE BOSQUET ARIAS",1
"2008","ANGEL LUIS BORDAS GUIJARRO","JUAN JOSE COCA LOPEZ",1
"2009","ANGEL LUIS BORDAS GUIJARRO","MACARENA OLONA CHOCLAN",1
"2010","ANGEL LUIS BORDAS GUIJARRO","MANUEL GAVIRA FLORENTINO",2
"2011","ANGEL LUIS BORDAS GUIJARRO","MARIA CRISTINA PELAEZ IZQUIERDO",1
"2012","ANGEL LUIS BORDAS GUIJARRO","MARIA GORETTI EIBERLE SANCHEZ DE TOCA",1
"2013","ANGEL LUIS BORDAS GUIJARRO","MARIA JOSE RODRIGUEZ DE MILLAN PARRO",1
"2014","ANGEL LUIS BORDAS GUIJARRO","MARIA MAGDALENA PUENTEDURA PEREZ",1
"2015","ANGEL LUIS BORDAS GUIJARRO","MARIA MERCEDES RODRIGUEZ TAMAYO",1
"2016","ANGEL LUIS BORDAS GUIJARRO","NOELIA MARIA CAMPOS RODRIGUEZ",1
"2017","ANGEL LUIS BORDAS GUIJARRO","PAULA DE LOS ANGELES BADANELLI BERRIOZABAL",1
"2018","ANGEL LUIS BORDAS GUIJARRO","PURIFICACION FERNANDEZ MORALES",1
"2019","ANGEL LUIS BORDAS GUIJARRO","RAFAEL SEGOVIA BROME",2
"2020","ANGEL LUIS BORDAS GUIJARRO","RICARDO LOPEZ OLEA",2
"2021","ANGEL LUIS BORDAS GUIJARRO","ROCIO MARIN ORTEGA",1
"2022","ANGEL LUIS BORDAS GUIJARRO","RODRIGO JAVIER ALONSO FERNANDEZ",2
"2023","ANGEL LUIS RUIZ ALVAREZ","INIGO HENRIQUEZ DE LUNA LOSADA",1
"2024","ANGEL LUIS RUIZ ALVAREZ","ISABEL PEREZ MONINOARANDA",1
"2025","ANGEL LUIS RUIZ ALVAREZ","JORGE ARTURO CUTILLAS CORDON",1
"2026","ANGEL LUIS RUIZ ALVAREZ","JOSE ANTONIO FUSTER LAMELAS",1
"2027","ANGEL LUIS RUIZ ALVAREZ","JOSE IGNACIO ARIAS MORENO",1
"2028","ANGEL LUIS RUIZ ALVAREZ","JOSE LUIS RUIZ BARTOLOME",1
"2029","ANGEL LUIS RUIZ ALVAREZ","MARIA BELEN GONZALEZ MORENO",1
"2030","ANGEL LUIS RUIZ ALVAREZ","ROCIO MONASTERIO SAN MARTIN",1
"2031","ANGEL MANUEL ALONSO MENDEZ","INIGO HENRIQUEZ DE LUNA LOSADA",1
"2032","ANGEL MANUEL ALONSO MENDEZ","ISABEL PEREZ MONINOARANDA",1
"2033","ANGEL MANUEL ALONSO MENDEZ","JORGE ARTURO CUTILLAS CORDON",1
"2034","ANGEL MANUEL ALONSO MENDEZ","JOSE ANTONIO FUSTER LAMELAS",1
"2035","ANGEL MANUEL ALONSO MENDEZ","JOSE IGNACIO ARIAS MORENO",1
"2036","ANGEL MANUEL ALONSO MENDEZ","JOSE LUIS RUIZ BARTOLOME",1
"2037","ANGEL MANUEL ALONSO MENDEZ","MARIA BELEN GONZALEZ MORENO",1
"2038","ANGEL MANUEL ALONSO MENDEZ","ROCIO MONASTERIO SAN MARTIN",1
"2039","ANGEL PELAYO GORDILLO MORENO","ANTONIO SALVA VERD",1
"2040","ANGEL PELAYO GORDILLO MORENO","BEATRIZ MUNOZ RODRIGUEZ",1
"2041","ANGEL PELAYO GORDILLO MORENO","CARLA TOSCANO DE BALBIN",1
"2042","ANGEL PELAYO GORDILLO MORENO","CRISTINA DE ESTEBAN CALONJE",1
"2043","ANGEL PELAYO GORDILLO MORENO","EDUARDO MARIA GUTIERREZ MURILLO",1
"2044","ANGEL PELAYO GORDILLO MORENO","EVA MARIA GARCIA ALEGRE",1
"2045","ANGEL PELAYO GORDILLO MORENO","FRANCISCO JAVIER ORTEGA SMITHMOLINA",1
"2046","ANGEL PELAYO GORDILLO MORENO","IGNACIO GARRIGA VAZ DE CONCICAO",1
"2047","ANGEL PELAYO GORDILLO MORENO","IGNACIO GIL LAZARO",1
"2048","ANGEL PELAYO GORDILLO MORENO","INES CHECA MALLEBRERA",1
"2049","ANGEL PELAYO GORDILLO MORENO","IVAN ESPINOSA DE LOS MONTEROS DE SIMON",1
"2050","ANGEL PELAYO GORDILLO MORENO","JAVIER BRAVO ARROBAS",1
"2051","ANGEL PELAYO GORDILLO MORENO","JOAQUIN ROBLES LOPEZ",1
"2052","ANGEL PELAYO GORDILLO MORENO","JORGE MARTIN TRANCON",1
"2053","ANGEL PELAYO GORDILLO MORENO","JOSE MARCELO AMARILLA PEREZ",1
"2054","ANGEL PELAYO GORDILLO MORENO","JOSE MARIA FIGAREDO ALVAREZSALA",1
"2055","ANGEL PELAYO GORDILLO MORENO","JOSE MARIA VAZQUEZ ALVAREZ",1
"2056","ANGEL PELAYO GORDILLO MORENO","JOSE RAMIREZ DEL RIO",1
"2057","ANGEL PELAYO GORDILLO MORENO","JUAN JOSE GARCIA GARCIA",1
"2058","ANGEL PELAYO GORDILLO MORENO","LAURA GALAN RODRIGUEZ",1
"2059","ANGEL PELAYO GORDILLO MORENO","LOURDES MENDEZ MONASTERIO",1
"2060","ANGEL PELAYO GORDILLO MORENO","MACARENA OLONA CHOCLAN",1
"2061","ANGEL PELAYO GORDILLO MORENO","MANUEL MARISCAL ZABALA",1
"2062","ANGEL PELAYO GORDILLO MORENO","MANUEL MESTRE BAREA",1
"2063","ANGEL PELAYO GORDILLO MORENO","MARIA DE LA CABEZA RUIZ SOLAS",1
"2064","ANGEL PELAYO GORDILLO MORENO","MARIA DE LOS REYES ROMERO VILCHES",1
"2065","ANGEL PELAYO GORDILLO MORENO","MARIA JESUS SALVATIERRA GORDILLO",1
"2066","ANGEL PELAYO GORDILLO MORENO","MARTA GERVASIA GARRIDO MORENO",1
"2067","ANGEL PELAYO GORDILLO MORENO","OSCAR ARTURO FERNANDEZ CALLE",1
"2068","ANGEL PELAYO GORDILLO MORENO","PABLO SAEZ ALONSOMUNUMER",1
"2069","ANGEL PELAYO GORDILLO MORENO","PATRICIA RUEDA PERELLO",1
"2070","ANGEL PELAYO GORDILLO MORENO","PEDRO FERNANDEZ HERNANDEZ",1
"2071","ANGEL PELAYO GORDILLO MORENO","RICARDO CHAMORRO DELMO",1
"2072","ANGEL PELAYO GORDILLO MORENO","ROCIO DE MEER MENDEZ",1
"2073","ANGEL PELAYO GORDILLO MORENO","SANTIAGO ABASCAL CONDE",1
"2074","ANGEL PELAYO GORDILLO MORENO","VICTOR MANUEL SANCHEZ DEL REAL",1
"2075","ANGELES CRIADO GONZALBEZ","DAVID GARCIA GOMIS",1
"2076","ANGELES CRIADO GONZALBEZ","DAVID MUNOZ PEREZ",1
"2077","ANGELES CRIADO GONZALBEZ","GEMA ALEMAN PEREZ",1
"2078","ANGELES CRIADO GONZALBEZ","JESUS ALBIOL TALAYA",1
"2079","ANGELES CRIADO GONZALBEZ","JOAQUIN MARIA ALES ESTRELLA",1
"2080","ANGELES CRIADO GONZALBEZ","JOSE LUIS AGUIRRE LARRAURI",1
"2081","ANGELES CRIADO GONZALBEZ","JOSE LUIS FERNANDEZ SANTAMARIA",1
"2082","ANGELES CRIADO GONZALBEZ","JOSE MARIA LLANOS PITARCH",1
"2083","ANGELES CRIADO GONZALBEZ","LAURA CARRASCO COZAR",1
"2084","ANGELES CRIADO GONZALBEZ","MARGARITA SERRANO MIRA",1
"2085","ANGELES CRIADO GONZALBEZ","MARIA DE LOS LLANOS MASSO LINARES",1
"2086","ANGELES CRIADO GONZALBEZ","MARIO ORTOLA MARTINEZ",1
"2087","ANGELES CRIADO GONZALBEZ","MIGUEL DA SILVA ORTEGA",1
"2088","ANGELES CRIADO GONZALBEZ","MIGUEL PASCUAL PEREZ",1
"2089","ANGELES CRIADO GONZALBEZ","RICARDO BELDA VALIENTE",1
"2090","ANGELES CRIADO GONZALBEZ","SERGIO PASTOR MARTINEZ",1
"2091","ANGELES CRIADO GONZALBEZ","VIRGINIA HUERTAS PECHUAN",1
"2092","ANTOLIN MUNOZ HIGUERUELA","DANIEL APOLONIO LOPEZ",1
"2093","ANTONIO DE MIGUEL ANTON","ANTONIO RAMON LOPEZ GOMEZ",1
"2094","ANTONIO DE MIGUEL ANTON","ANTONIO SALVA VERD",2
"2095","ANTONIO DE MIGUEL ANTON","BEATRIZ GONZALEZ VARELA",1
"2096","ANTONIO DE MIGUEL ANTON","BEATRIZ TEJERO OLLER",1
"2097","ANTONIO DE MIGUEL ANTON","CARLA TOSCANO DE BALBIN",2
"2098","ANTONIO DE MIGUEL ANTON","CARLOS JOSE ZAMBRANO GARCIARAEZ",1
"2099","ANTONIO DE MIGUEL ANTON","CARLOS MENENDEZ BLANCO",1
"2100","ANTONIO DE MIGUEL ANTON","CRISTINA DE ESTEBAN CALONJE",1
"2101","ANTONIO DE MIGUEL ANTON","CRISTINA ESTEBAN CALONJE",1
"2102","ANTONIO DE MIGUEL ANTON","EMILIO JESUS DEL VALLE RODRIGUEZ",1
"2103","ANTONIO DE MIGUEL ANTON","EMILIO JIMENEZ ROMAN",1
"2104","ANTONIO DE MIGUEL ANTON","FRANCISCO JAVIER ORTEGA SMITHMOLINA",1
"2105","ANTONIO DE MIGUEL ANTON","FRANCISCO JAVIER TOQUERO DEL VADO",1
"2106","ANTONIO DE MIGUEL ANTON","FRANCISCO JOSE ALCARAZ MARTOS",1
"2107","ANTONIO DE MIGUEL ANTON","FRANCISCO JOSE CONTRERAS PELAEZ",1
"2108","ANTONIO DE MIGUEL ANTON","FULGENCIO COLL BUCHER",1
"2109","ANTONIO DE MIGUEL ANTON","GEORGINA TRIAS GIL",1
"2110","ANTONIO DE MIGUEL ANTON","GERARDO ACEITUNO CARRASCO",1
"2111","ANTONIO DE MIGUEL ANTON","HERMANN LEOPOLD TERTSCH DEL VALLELERSUNDI",1
"2112","ANTONIO DE MIGUEL ANTON","IGNACIO GARRIGA VAZ DE CONCICAO",2
"2113","ANTONIO DE MIGUEL ANTON","IGNACIO GIL LAZARO",2
"2114","ANTONIO DE MIGUEL ANTON","ISABEL LAZARO PINA",1
"2115","ANTONIO DE MIGUEL ANTON","ISMAEL IVAN VELEZ CIPRIANO",1
"2116","ANTONIO DE MIGUEL ANTON","IVAN ESPINOSA DE LOS MONTEROS DE SIMON",2
"2117","ANTONIO DE MIGUEL ANTON","JAIME GONZALEZ CANOMANUEL",1
"2118","ANTONIO DE MIGUEL ANTON","JAVIER ORTEGA SMITHMOLINA",1
"2119","ANTONIO DE MIGUEL ANTON","JOAQUIN ROBLES LOPEZ",2
"2120","ANTONIO DE MIGUEL ANTON","JORGE ARTURO CUTILLAS CORDON",1
"2121","ANTONIO DE MIGUEL ANTON","JORGE BUXADE VILLALBA",1
"2122","ANTONIO DE MIGUEL ANTON","JOSE IGNACIO ARIAS MORENO",1
"2123","ANTONIO DE MIGUEL ANTON","JOSE JOAQUIN BENGOCHEA SECO",1
"2124","ANTONIO DE MIGUEL ANTON","JOSE MARCELO AMARILLA PEREZ",1
"2125","ANTONIO DE MIGUEL ANTON","JOSE MARIA FIGAREDO ALVAREZSALA",2
"2126","ANTONIO DE MIGUEL ANTON","JOSE MARIA MARCO TOBARRA",1
"2127","ANTONIO DE MIGUEL ANTON","JOSE MARIA SANCHEZ GARCIA",1
"2128","ANTONIO DE MIGUEL ANTON","JOSE MARIA VAZQUEZ ALVAREZ",1
"2129","ANTONIO DE MIGUEL ANTON","JOSE MIGUEL TASENDE SOUTO",1
"2130","ANTONIO DE MIGUEL ANTON","JOSE RAMIREZ DEL RIO",2
"2131","ANTONIO DE MIGUEL ANTON","JOSEFINA BLAZQUEZ SANCHEZ",1
"2132","ANTONIO DE MIGUEL ANTON","JUAN FRANCISCO ROJAS FERNANDEZ",1
"2133","ANTONIO DE MIGUEL ANTON","JUAN IGNACIO FERNANDEZ TOMAS",1
"2134","ANTONIO DE MIGUEL ANTON","JUAN JOSE AIZCORBE TORRA",1
"2135","ANTONIO DE MIGUEL ANTON","JULIO JOSE CALVO IGLESIAS",1
"2136","ANTONIO DE MIGUEL ANTON","LAURA GALAN RODRIGUEZ",1
"2137","ANTONIO DE MIGUEL ANTON","LOURDES MENDEZ MONASTERIO",2
"2138","ANTONIO DE MIGUEL ANTON","LUIS GESTOSO DE MIGUEL",1
"2139","ANTONIO DE MIGUEL ANTON","MACARENA OLONA CHOCLAN",2
"2140","ANTONIO DE MIGUEL ANTON","MAGDALENA MARGARITA CONTESTI ROSSELLO",1
"2141","ANTONIO DE MIGUEL ANTON","MANUEL GONZALEZ BAZAN",1
"2142","ANTONIO DE MIGUEL ANTON","MANUEL MARISCAL ZABALA",2
"2143","ANTONIO DE MIGUEL ANTON","MANUEL MESTRE BAREA",2
"2144","ANTONIO DE MIGUEL ANTON","MANUEL RAFAEL RODRIGUEZ VALERO",1
"2145","ANTONIO DE MIGUEL ANTON","MARGARITA DE LA PISA CARRION",2
"2146","ANTONIO DE MIGUEL ANTON","MARIA DE LA CABEZA RUIZ SOLAS",2
"2147","ANTONIO DE MIGUEL ANTON","MARIA DE LOS REYES ROMERO VILCHES",2
"2148","ANTONIO DE MIGUEL ANTON","MARIA DOLORES GOMEZ MORENO",1
"2149","ANTONIO DE MIGUEL ANTON","MARIA MAGDALENA NEVADO DEL CAMPO",1
"2150","ANTONIO DE MIGUEL ANTON","MARIA MERCEDES RODRIGUEZ TAMAYO",1
"2151","ANTONIO DE MIGUEL ANTON","MARIA TERESA ARNEDO PEREZ",1
"2152","ANTONIO DE MIGUEL ANTON","MARIA TERESA LOPEZ DIVASSON",1
"2153","ANTONIO DE MIGUEL ANTON","MARTA ALVAREZ BARRIO",1
"2154","ANTONIO DE MIGUEL ANTON","MARTA FERNANDEZ MARTIN",1
"2155","ANTONIO DE MIGUEL ANTON","MARTA GERVASIA GARRIDO MORENO",1
"2156","ANTONIO DE MIGUEL ANTON","MAZALY AGUILAR",1
"2157","ANTONIO DE MIGUEL ANTON","MIGUEL ANGEL FERNANDEZ LOPEZ",1
"2158","ANTONIO DE MIGUEL ANTON","MIREIA BORRAS PABON",1
"2159","ANTONIO DE MIGUEL ANTON","PABLO JUAN CALVO LISTE",1
"2160","ANTONIO DE MIGUEL ANTON","PABLO SAEZ ALONSOMUNUMER",2
"2161","ANTONIO DE MIGUEL ANTON","PALOMA GOMEZ ENRIQUEZ",1
"2162","ANTONIO DE MIGUEL ANTON","PATRICIA DE LAS HERAS FERNANDEZ",1
"2163","ANTONIO DE MIGUEL ANTON","PATRICIA RUEDA PERELLO",2
"2164","ANTONIO DE MIGUEL ANTON","PEDRO FERNANDEZ HERNANDEZ",2
"2165","ANTONIO DE MIGUEL ANTON","PEDRO JESUS REQUEJO NOVOA",1
"2166","ANTONIO DE MIGUEL ANTON","RAQUEL TOMAS PEDROSA",1
"2167","ANTONIO DE MIGUEL ANTON","RICARDO BELDA VALIENTE",1
"2168","ANTONIO DE MIGUEL ANTON","RICARDO CHAMORRO DELMO",2
"2169","ANTONIO DE MIGUEL ANTON","ROCIO DE MEER MENDEZ",2
"2170","ANTONIO DE MIGUEL ANTON","RODRIGO JIMENEZ REVUELTA",1
"2171","ANTONIO DE MIGUEL ANTON","RUBEN SILVANO MANSO OLIVAR",1
"2172","ANTONIO DE MIGUEL ANTON","SANTIAGO ABASCAL CONDE",2
"2173","ANTONIO DE MIGUEL ANTON","SARA CONCEPCION ALVAREZ ROUCO",1
"2174","ANTONIO DE MIGUEL ANTON","SERAFIN SERRANO MARIN",1
"2175","ANTONIO DE MIGUEL ANTON","SERGIO BOTONERO GALAN",1
"2176","ANTONIO DE MIGUEL ANTON","SERGIO MACIAN DE GREEF",1
"2177","ANTONIO DE MIGUEL ANTON","SONIA LUISA LALANDA SANMIGUEL",1
"2178","ANTONIO DE MIGUEL ANTON","TOMAS FERNANDEZ RIOS",1
"2179","ANTONIO DE MIGUEL ANTON","VICTOR GUIDO GONZALEZ COELLO DE PORTUGAL",1
"2180","ANTONIO DE MIGUEL ANTON","VICTOR MANUEL SANCHEZ DEL REAL",2
"2181","ANTONIO DE MIGUEL ANTON","YOLANDA MERELO PALOMARES",1
"2182","ANTONIO GALLARDO TEJEDA","EVA MARIA POZA MENDEZ",1
"2183","ANTONIO GALLEGO BURGOS","ANTONIO RAMON LOPEZ GOMEZ",1
"2184","ANTONIO GALLEGO BURGOS","IGNACIO GARRIGA VAZ DE CONCICAO",1
"2185","ANTONIO GALLEGO BURGOS","ISABEL LAZARO PINA",1
"2186","ANTONIO GALLEGO BURGOS","JUAN DE LA CRUZ GARRIGA DOMENECH",1
"2187","ANTONIO GALLEGO BURGOS","MANUEL JESUS ACOSTA ELIAS",1
"2188","ANTONIO GALLEGO BURGOS","MARIA ELISA GARCIA FUSTER",1
"2189","ANTONIO GALLEGO BURGOS","MONICA LORA CISQUER",1
"2190","ANTONIO GALLEGO BURGOS","SERGI FABRI LLAVERO",1
"2191","ANTONIO GALLEGO BURGOS","SERGIO MACIAN DE GREEF",1
"2192","ANTONIO GARCIA MORALES","JORGE MARTIN MOROLLON",1
"2193","ANTONIO GASCUNANA SANCHEZ","CARLOS MENENDEZ BLANCO",1
"2194","ANTONIO GASCUNANA SANCHEZ","CARLOS POLLAN FERNANDEZ",1
"2195","ANTONIO GASCUNANA SANCHEZ","CARLOTA MORILLO GARCIA",1
"2196","ANTONIO GASCUNANA SANCHEZ","CLARA ISABEL RUBIO CONTRERAS",1
"2197","ANTONIO GASCUNANA SANCHEZ","DAVID HIERRO SANTOS",1
"2198","ANTONIO GASCUNANA SANCHEZ","ENRIQUE JIMENEZ VAQUERIZO",1
"2199","ANTONIO GASCUNANA SANCHEZ","IGNACIO SICILIA DOMENECH",1
"2200","ANTONIO GASCUNANA SANCHEZ","JESUS JIMENEZ MIGUEL",1
"2201","ANTONIO GASCUNANA SANCHEZ","JONATHAN GARCIA GARCIA",1
"2202","ANTONIO GASCUNANA SANCHEZ","JOSE ALBERTO DIAZ PICO",1
"2203","ANTONIO GASCUNANA SANCHEZ","JOSE ANTONIO PALOMO MARTIN",1
"2204","ANTONIO GASCUNANA SANCHEZ","LAURA DORREIS ALONSO",1
"2205","ANTONIO GASCUNANA SANCHEZ","MARIA DE FATIMA PINACHO FERNANDEZ",1
"2206","ANTONIO GASCUNANA SANCHEZ","MARIA DOLORES MATEO MATEOS",1
"2207","ANTONIO GASCUNANA SANCHEZ","MARIA LUISA CALVO ENRIQUEZ",1
"2208","ANTONIO GASCUNANA SANCHEZ","MARTA ALEGRIA MARTINEZ",1
"2209","ANTONIO GASCUNANA SANCHEZ","MAURICIO ANGULO GUERRERO",1
"2210","ANTONIO GASCUNANA SANCHEZ","MIGUEL CONTRERAS MARTINEZ",1
"2211","ANTONIO GASCUNANA SANCHEZ","SUSANA SUAREZ VILLAGRA",1
"2212","ANTONIO JOSE CANDADO AGUADO","DAVID ARRANZ BALLESTEROS",1
"2213","ANTONIO JOSE CANDADO AGUADO","MARIA CRISTINA ALGARA MARTINEZ",1
"2214","ANTONIO JOSE CANDADO AGUADO","MARTA FERNANDEZ MARTIN",1
"2215","ANTONIO JOSE CANDADO AGUADO","SANTIAGO MORON SANJUAN",1
"2216","ANTONIO JOSE LUNA GARCIA","ANTONIO SEVILLA RODRIGUEZ",1
"2217","ANTONIO JOSE LUNA GARCIA","BEATRIZ SANCHEZ RODRIGUEZ",1
"2218","ANTONIO JOSE LUNA GARCIA","BENITO MORILLO ALEJO",1
"2219","ANTONIO JOSE LUNA GARCIA","BLANCA ARMARIO GONZALEZ",2
"2220","ANTONIO JOSE LUNA GARCIA","CARINA MEJIAS SANCHEZ",1
"2221","ANTONIO JOSE LUNA GARCIA","CARLOS FLORES JUBERIAS",1
"2222","ANTONIO JOSE LUNA GARCIA","CRISTINA ALEJANDRA JIMENEZ JIMENEZ",1
"2223","ANTONIO JOSE LUNA GARCIA","DAVID GARCIA GOMIS",1
"2224","ANTONIO JOSE LUNA GARCIA","DAVID NAVARRO QUESADA",1
"2225","ANTONIO JOSE LUNA GARCIA","EMILIO JESUS DEL VALLE RODRIGUEZ",1
"2226","ANTONIO JOSE LUNA GARCIA","EVA MARIA POZA MENDEZ",1
"2227","ANTONIO JOSE LUNA GARCIA","FRANCISCO JAVIER ORTEGA SMITHMOLINA",1
"2228","ANTONIO JOSE LUNA GARCIA","FRANCISCO JOSE ALCARAZ MARTOS",1
"2229","ANTONIO JOSE LUNA GARCIA","FRANCISCO JOSE CONTRERAS PELAEZ",1
"2230","ANTONIO JOSE LUNA GARCIA","FRANCISCO RAUL CORDERO OLMEDO",1
"2231","ANTONIO JOSE LUNA GARCIA","GEMA ISABEL GUTIERREZ TOSCANO",1
"2232","ANTONIO JOSE LUNA GARCIA","GEORGINA TRIAS GIL",1
"2233","ANTONIO JOSE LUNA GARCIA","GERARDO ACEITUNO CARRASCO",1
"2234","ANTONIO JOSE LUNA GARCIA","GLORIA GAMONOSO FERRARO",1
"2235","ANTONIO JOSE LUNA GARCIA","IGNACIO GIL LAZARO",1
"2236","ANTONIO JOSE LUNA GARCIA","IGNACIO HOCES INIGUEZ",1
"2237","ANTONIO JOSE LUNA GARCIA","ISMAEL IVAN VELEZ CIPRIANO",1
"2238","ANTONIO JOSE LUNA GARCIA","IVAN ESPINOSA DE LOS MONTEROS DE SIMON",1
"2239","ANTONIO JOSE LUNA GARCIA","JACOBO GONZALEZROBATTO PEROTE",1
"2240","ANTONIO JOSE LUNA GARCIA","JAIME JAVIER DOMINGO MARTINEZ",1
"2241","ANTONIO JOSE LUNA GARCIA","JAVIER CORTES LUCENA",1
"2242","ANTONIO JOSE LUNA GARCIA","JOAQUIN ROBLES LOPEZ",1
"2243","ANTONIO JOSE LUNA GARCIA","JORGE CAMPOS ASENSI",1
"2244","ANTONIO JOSE LUNA GARCIA","JOSE ANTONIO GOMILA ORTEGA",1
"2245","ANTONIO JOSE LUNA GARCIA","JOSE FRANCISCO GARRE IZQUIERDO",1
"2246","ANTONIO JOSE LUNA GARCIA","JOSE MARIA FIGAREDO ALVAREZSALA",1
"2247","ANTONIO JOSE LUNA GARCIA","JOSE MARIA ORTELLS POLO",1
"2248","ANTONIO JOSE LUNA GARCIA","JOSE MARIA SANCHEZ GARCIA",1
"2249","ANTONIO JOSE LUNA GARCIA","JOSE RAMIREZ DEL RIO",1
"2250","ANTONIO JOSE LUNA GARCIA","JUAN JOSE AIZCORBE TORRA",1
"2251","ANTONIO JOSE LUNA GARCIA","JUAN JOSE BOSQUET ARIAS",1
"2252","ANTONIO JOSE LUNA GARCIA","JUAN JOSE COCA LOPEZ",1
"2253","ANTONIO JOSE LUNA GARCIA","LOURDES MENDEZ MONASTERIO",1
"2254","ANTONIO JOSE LUNA GARCIA","LUCIA CUADROS ESTEVEZ",1
"2255","ANTONIO JOSE LUNA GARCIA","MACARENA OLONA CHOCLAN",1
"2256","ANTONIO JOSE LUNA GARCIA","MANUEL GAVIRA FLORENTINO",1
"2257","ANTONIO JOSE LUNA GARCIA","MANUEL JORGE MARTIN MONTERO",1
"2258","ANTONIO JOSE LUNA GARCIA","MANUEL MARISCAL ZABALA",1
"2259","ANTONIO JOSE LUNA GARCIA","MANUELA DEL MAR MARTIN IBANEZ",1
"2260","ANTONIO JOSE LUNA GARCIA","MARIA ADELA VAO CANADAS",1
"2261","ANTONIO JOSE LUNA GARCIA","MARIA DE LA CABEZA RUIZ SOLAS",1
"2262","ANTONIO JOSE LUNA GARCIA","MARIA DE LOS REYES ROMERO VILCHES",1
"2263","ANTONIO JOSE LUNA GARCIA","MARIA DEL CARMEN MURIEL MARQUEZ",1
"2264","ANTONIO JOSE LUNA GARCIA","MARIA JOSE RODRIGUEZ DE MILLAN PARRO",2
"2265","ANTONIO JOSE LUNA GARCIA","MARIA LOPEZ ZAMBRANO",1
"2266","ANTONIO JOSE LUNA GARCIA","MARIA MAGDALENA NEVADO DEL CAMPO",1
"2267","ANTONIO JOSE LUNA GARCIA","MARIA MAGDALENA PUENTEDURA PEREZ",1
"2268","ANTONIO JOSE LUNA GARCIA","MARIA MERCEDES RODRIGUEZ TAMAYO",1
"2269","ANTONIO JOSE LUNA GARCIA","MARIA TERESA LOPEZ ALVAREZ",1
"2270","ANTONIO JOSE LUNA GARCIA","MONTSERRAT CERVANTES LLORT",1
"2271","ANTONIO JOSE LUNA GARCIA","PABLO JUAN CALVO LISTE",1
"2272","ANTONIO JOSE LUNA GARCIA","PABLO SAEZ ALONSOMUNUMER",1
"2273","ANTONIO JOSE LUNA GARCIA","PATRICIA RUEDA PERELLO",1
"2274","ANTONIO JOSE LUNA GARCIA","PEDRO FERNANDEZ HERNANDEZ",1
"2275","ANTONIO JOSE LUNA GARCIA","PEDRO JESUS REQUEJO NOVOA",1
"2276","ANTONIO JOSE LUNA GARCIA","PURIFICACION FERNANDEZ MORALES",1
"2277","ANTONIO JOSE LUNA GARCIA","RAFAEL SEGOVIA BROME",1
"2278","ANTONIO JOSE LUNA GARCIA","RICARDO CHAMORRO DELMO",1
"2279","ANTONIO JOSE LUNA GARCIA","RICARDO LOPEZ OLEA",1
"2280","ANTONIO JOSE LUNA GARCIA","ROCIO DE MEER MENDEZ",1
"2281","ANTONIO JOSE LUNA GARCIA","RODRIGO JAVIER ALONSO FERNANDEZ",1
"2282","ANTONIO JOSE LUNA GARCIA","RODRIGO JIMENEZ REVUELTA",1
"2283","ANTONIO JOSE LUNA GARCIA","SANTIAGO ABASCAL CONDE",1
"2284","ANTONIO JOSE LUNA GARCIA","SERGIO MACIAN DE GREEF",1
"2285","ANTONIO JOSE LUNA GARCIA","SILVIA CLARA ENRIQUEZ GALLEGO",1
"2286","ANTONIO JOSE LUNA GARCIA","SOLEDAD PEREZ RUBIO",1
"2287","ANTONIO JOSE LUNA GARCIA","TOMAS FERNANDEZ RIOS",1
"2288","ANTONIO JOSE LUNA GARCIA","VICTOR GUIDO GONZALEZ COELLO DE PORTUGAL",1
"2289","ANTONIO JOSE LUNA GARCIA","YOLANDA MERELO PALOMARES",1
"2290","ANTONIO LABORDA MUR","DAVID ARRANZ BALLESTEROS",1
"2291","ANTONIO LABORDA MUR","MARTA FERNANDEZ MARTIN",1
"2292","ANTONIO LABORDA MUR","SANTIAGO MORON SANJUAN",1
"2293","ANTONIO MANUEL DUARTE SERRANO","BLANCA ARMARIO GONZALEZ",1
"2294","ANTONIO MANUEL DUARTE SERRANO","CARINA MEJIAS SANCHEZ",1
"2295","ANTONIO MANUEL DUARTE SERRANO","CARLOS FLORES JUBERIAS",1
"2296","ANTONIO MANUEL DUARTE SERRANO","DAVID GARCIA GOMIS",1
"2297","ANTONIO MANUEL DUARTE SERRANO","EMILIO JESUS DEL VALLE RODRIGUEZ",1
"2298","ANTONIO MANUEL DUARTE SERRANO","FRANCISCO JAVIER ORTEGA SMITHMOLINA",1
"2299","ANTONIO MANUEL DUARTE SERRANO","FRANCISCO JOSE ALCARAZ MARTOS",1
"2300","ANTONIO MANUEL DUARTE SERRANO","FRANCISCO JOSE CONTRERAS PELAEZ",1
"2301","ANTONIO MANUEL DUARTE SERRANO","GEORGINA TRIAS GIL",1
"2302","ANTONIO MANUEL DUARTE SERRANO","IGNACIO GIL LAZARO",1
"2303","ANTONIO MANUEL DUARTE SERRANO","IGNACIO HOCES INIGUEZ",1
"2304","ANTONIO MANUEL DUARTE SERRANO","ISMAEL IVAN VELEZ CIPRIANO",1
"2305","ANTONIO MANUEL DUARTE SERRANO","IVAN ESPINOSA DE LOS MONTEROS DE SIMON",1
"2306","ANTONIO MANUEL DUARTE SERRANO","JACOBO GONZALEZROBATTO PEROTE",1
"2307","ANTONIO MANUEL DUARTE SERRANO","JOAQUIN ROBLES LOPEZ",1
"2308","ANTONIO MANUEL DUARTE SERRANO","JORGE CAMPOS ASENSI",1
"2309","ANTONIO MANUEL DUARTE SERRANO","JOSE FRANCISCO GARRE IZQUIERDO",1
"2310","ANTONIO MANUEL DUARTE SERRANO","JOSE MARIA FIGAREDO ALVAREZSALA",1
"2311","ANTONIO MANUEL DUARTE SERRANO","JOSE MARIA SANCHEZ GARCIA",1
"2312","ANTONIO MANUEL DUARTE SERRANO","JOSE RAMIREZ DEL RIO",1
"2313","ANTONIO MANUEL DUARTE SERRANO","JUAN JOSE AIZCORBE TORRA",1
"2314","ANTONIO MANUEL DUARTE SERRANO","LOURDES MENDEZ MONASTERIO",1
"2315","ANTONIO MANUEL DUARTE SERRANO","MANUEL MARISCAL ZABALA",1
"2316","ANTONIO MANUEL DUARTE SERRANO","MARIA DE LA CABEZA RUIZ SOLAS",1
"2317","ANTONIO MANUEL DUARTE SERRANO","MARIA DE LOS REYES ROMERO VILCHES",1
"2318","ANTONIO MANUEL DUARTE SERRANO","MARIA JOSE RODRIGUEZ DE MILLAN PARRO",1
"2319","ANTONIO MANUEL DUARTE SERRANO","MARIA MAGDALENA NEVADO DEL CAMPO",1
"2320","ANTONIO MANUEL DUARTE SERRANO","MARIA TERESA LOPEZ ALVAREZ",1
"2321","ANTONIO MANUEL DUARTE SERRANO","PABLO JUAN CALVO LISTE",1
"2322","ANTONIO MANUEL DUARTE SERRANO","PABLO SAEZ ALONSOMUNUMER",1
"2323","ANTONIO MANUEL DUARTE SERRANO","PATRICIA RUEDA PERELLO",1
"2324","ANTONIO MANUEL DUARTE SERRANO","PEDRO FERNANDEZ HERNANDEZ",1
"2325","ANTONIO MANUEL DUARTE SERRANO","PEDRO JESUS REQUEJO NOVOA",1
"2326","ANTONIO MANUEL DUARTE SERRANO","RICARDO CHAMORRO DELMO",1
"2327","ANTONIO MANUEL DUARTE SERRANO","ROCIO DE MEER MENDEZ",1
"2328","ANTONIO MANUEL DUARTE SERRANO","RODRIGO JIMENEZ REVUELTA",1
"2329","ANTONIO MANUEL DUARTE SERRANO","SANTIAGO ABASCAL CONDE",1
"2330","ANTONIO MANUEL DUARTE SERRANO","SERGIO MACIAN DE GREEF",1
"2331","ANTONIO MANUEL DUARTE SERRANO","TOMAS FERNANDEZ RIOS",1
"2332","ANTONIO MANUEL DUARTE SERRANO","VICTOR GUIDO GONZALEZ COELLO DE PORTUGAL",1
"2333","ANTONIO MANUEL DUARTE SERRANO","YOLANDA MERELO PALOMARES",1
"2334","ANTONIO MARTINEZ ANIORTE","MIRIAM PEREZ TRIVINO",1
"2335","ANTONIO MARTINEZ SANCHEZ","MARIA DE LA PALOMA BLANCO BRAVO",1
"2336","ANTONIO RAMON LOPEZ GOMEZ","ANTONIO SALVA VERD",1
"2337","ANTONIO RAMON LOPEZ GOMEZ","CARLA TOSCANO DE BALBIN",1
"2338","ANTONIO RAMON LOPEZ GOMEZ","CRISTINA DE ESTEBAN CALONJE",1
"2339","ANTONIO RAMON LOPEZ GOMEZ","CRISTINA ESTEBAN CALONJE",1
"2340","ANTONIO RAMON LOPEZ GOMEZ","FRANCISCO JAVIER ORTEGA SMITHMOLINA",1
"2341","ANTONIO RAMON LOPEZ GOMEZ","FRANCISCO JOSE ALCARAZ MARTOS",1
"2342","ANTONIO RAMON LOPEZ GOMEZ","IGNACIO GARRIGA VAZ DE CONCICAO",3
"2343","ANTONIO RAMON LOPEZ GOMEZ","IGNACIO GIL LAZARO",2
"2344","ANTONIO RAMON LOPEZ GOMEZ","ISABEL LAZARO PINA",1
"2345","ANTONIO RAMON LOPEZ GOMEZ","ISMAEL IVAN VELEZ CIPRIANO",1
"2346","ANTONIO RAMON LOPEZ GOMEZ","IVAN ESPINOSA DE LOS MONTEROS DE SIMON",2
"2347","ANTONIO RAMON LOPEZ GOMEZ","JAIME GONZALEZ CANOMANUEL",1
"2348","ANTONIO RAMON LOPEZ GOMEZ","JAVIER ORTEGA SMITHMOLINA",1
"2349","ANTONIO RAMON LOPEZ GOMEZ","JOAQUIN ROBLES LOPEZ",2
"2350","ANTONIO RAMON LOPEZ GOMEZ","JOSE MARIA FIGAREDO ALVAREZSALA",1
"2351","ANTONIO RAMON LOPEZ GOMEZ","JOSE MARIA SANCHEZ GARCIA",1
"2352","ANTONIO RAMON LOPEZ GOMEZ","JOSE MARIA VAZQUEZ ALVAREZ",1
"2353","ANTONIO RAMON LOPEZ GOMEZ","JOSE RAMIREZ DEL RIO",1
"2354","ANTONIO RAMON LOPEZ GOMEZ","JUAN DE LA CRUZ GARRIGA DOMENECH",1
"2355","ANTONIO RAMON LOPEZ GOMEZ","JUAN JOSE AIZCORBE TORRA",1
"2356","ANTONIO RAMON LOPEZ GOMEZ","LOURDES MENDEZ MONASTERIO",2
"2357","ANTONIO RAMON LOPEZ GOMEZ","MACARENA OLONA CHOCLAN",2
"2358","ANTONIO RAMON LOPEZ GOMEZ","MAGDALENA MARGARITA CONTESTI ROSSELLO",1
"2359","ANTONIO RAMON LOPEZ GOMEZ","MANUEL GONZALEZ BAZAN",1
"2360","ANTONIO RAMON LOPEZ GOMEZ","MANUEL JESUS ACOSTA ELIAS",1
"2361","ANTONIO RAMON LOPEZ GOMEZ","MANUEL MARISCAL ZABALA",2
"2362","ANTONIO RAMON LOPEZ GOMEZ","MANUEL MESTRE BAREA",2
"2363","ANTONIO RAMON LOPEZ GOMEZ","MANUEL RAFAEL RODRIGUEZ VALERO",1
"2364","ANTONIO RAMON LOPEZ GOMEZ","MARIA DE LA CABEZA RUIZ SOLAS",2
"2365","ANTONIO RAMON LOPEZ GOMEZ","MARIA DE LOS REYES ROMERO VILCHES",2
"2366","ANTONIO RAMON LOPEZ GOMEZ","MARIA ELISA GARCIA FUSTER",1
"2367","ANTONIO RAMON LOPEZ GOMEZ","MARTA ALVAREZ BARRIO",1
"2368","ANTONIO RAMON LOPEZ GOMEZ","MIGUEL ANGEL FERNANDEZ LOPEZ",1
"2369","ANTONIO RAMON LOPEZ GOMEZ","MONICA LORA CISQUER",1
"2370","ANTONIO RAMON LOPEZ GOMEZ","PABLO SAEZ ALONSOMUNUMER",2
"2371","ANTONIO RAMON LOPEZ GOMEZ","PATRICIA DE LAS HERAS FERNANDEZ",1
"2372","ANTONIO RAMON LOPEZ GOMEZ","PATRICIA RUEDA PERELLO",2
"2373","ANTONIO RAMON LOPEZ GOMEZ","PEDRO FERNANDEZ HERNANDEZ",2
"2374","ANTONIO RAMON LOPEZ GOMEZ","RICARDO CHAMORRO DELMO",2
"2375","ANTONIO RAMON LOPEZ GOMEZ","ROCIO DE MEER MENDEZ",2
"2376","ANTONIO RAMON LOPEZ GOMEZ","RUBEN SILVANO MANSO OLIVAR",1
"2377","ANTONIO RAMON LOPEZ GOMEZ","SANTIAGO ABASCAL CONDE",2
"2378","ANTONIO RAMON LOPEZ GOMEZ","SERAFIN SERRANO MARIN",1
"2379","ANTONIO RAMON LOPEZ GOMEZ","SERGI FABRI LLAVERO",1
"2380","ANTONIO RAMON LOPEZ GOMEZ","SERGIO MACIAN DE GREEF",1
"2381","ANTONIO RAMON LOPEZ GOMEZ","SONIA LUISA LALANDA SANMIGUEL",1
"2382","ANTONIO RAMON LOPEZ GOMEZ","VICTOR GUIDO GONZALEZ COELLO DE PORTUGAL",1
"2383","ANTONIO RAMON LOPEZ GOMEZ","VICTOR MANUEL SANCHEZ DEL REAL",1
"2384","ANTONIO SALADO LOPEZ","FELIX MACIAS TORRES",1
"2385","ANTONIO SALVA VERD","BEATRIZ GONZALEZ VARELA",1
"2386","ANTONIO SALVA VERD","BEATRIZ TEJERO OLLER",1
"2387","ANTONIO SALVA VERD","BLANCA ARMARIO GONZALEZ",1
"2388","ANTONIO SALVA VERD","BLANCA MARIA HERREROS RODRIGUEZ",1
"2389","ANTONIO SALVA VERD","CARINA MEJIAS SANCHEZ",1
"2390","ANTONIO SALVA VERD","CARLA TOSCANO DE BALBIN",1
"2391","ANTONIO SALVA VERD","CARLOS FLORES JUBERIAS",1
"2392","ANTONIO SALVA VERD","CARLOS JOSE ZAMBRANO GARCIARAEZ",1
"2393","ANTONIO SALVA VERD","CARLOS POLLAN FERNANDEZ",1
"2394","ANTONIO SALVA VERD","CRISTINA ALEJANDRA JIMENEZ JIMENEZ",1
"2395","ANTONIO SALVA VERD","CRISTINA DE ESTEBAN CALONJE",1
"2396","ANTONIO SALVA VERD","CRISTINA ESTEBAN CALONJE",1
"2397","ANTONIO SALVA VERD","DAVID BORJA PEREZ",1
"2398","ANTONIO SALVA VERD","DAVID GARCIA GOMIS",1
"2399","ANTONIO SALVA VERD","EMILIO JESUS DEL VALLE RODRIGUEZ",2
"2400","ANTONIO SALVA VERD","FRANCISCO CUSTODIO RODRIGUEZ",1
"2401","ANTONIO SALVA VERD","FRANCISCO DE BORJA REVILLA BRIOSO",1
"2402","ANTONIO SALVA VERD","FRANCISCO JAVIER ORTEGA SMITHMOLINA",2
"2403","ANTONIO SALVA VERD","FRANCISCO JOSE ALCARAZ MARTOS",3
"2404","ANTONIO SALVA VERD","FRANCISCO JOSE CONTRERAS PELAEZ",2
"2405","ANTONIO SALVA VERD","FRANCISCO JOSE DIAZ GRANADOS",1
"2406","ANTONIO SALVA VERD","FULGENCIO COLL BUCHER",1
"2407","ANTONIO SALVA VERD","GEMA ISABEL GUTIERREZ TOSCANO",1
"2408","ANTONIO SALVA VERD","GEORGINA TRIAS GIL",2
"2409","ANTONIO SALVA VERD","GERARDO ACEITUNO CARRASCO",1
"2410","ANTONIO SALVA VERD","IGNACIO GARRIGA VAZ DE CONCICAO",2
"2411","ANTONIO SALVA VERD","IGNACIO GIL LAZARO",3
"2412","ANTONIO SALVA VERD","IGNACIO HOCES INIGUEZ",1
"2413","ANTONIO SALVA VERD","IGNACIO SICILIA DOMENECH",1
"2414","ANTONIO SALVA VERD","INES MARIA CANIZARES PACHECO",1
"2415","ANTONIO SALVA VERD","ISABEL LAZARO PINA",1
"2416","ANTONIO SALVA VERD","ISMAEL IVAN VELEZ CIPRIANO",3
"2417","ANTONIO SALVA VERD","IVAN ESPINOSA DE LOS MONTEROS DE SIMON",3
"2418","ANTONIO SALVA VERD","JACOBO GONZALEZROBATTO PEROTE",1
"2419","ANTONIO SALVA VERD","JAIME GONZALEZ CANOMANUEL",1
"2420","ANTONIO SALVA VERD","JAVIER ORTEGA SMITHMOLINA",1
"2421","ANTONIO SALVA VERD","JESUS GARCIA ROYO",1
"2422","ANTONIO SALVA VERD","JOAQUIN ROBLES LOPEZ",3
"2423","ANTONIO SALVA VERD","JORGE ARTURO CUTILLAS CORDON",1
"2424","ANTONIO SALVA VERD","JORGE CAMPOS ASENSI",1
"2425","ANTONIO SALVA VERD","JOSE FRANCISCO GARRE IZQUIERDO",1
"2426","ANTONIO SALVA VERD","JOSE JOAQUIN BENGOCHEA SECO",1
"2427","ANTONIO SALVA VERD","JOSE LUIS FERNANDEZ SANTAMARIA",1
"2428","ANTONIO SALVA VERD","JOSE MARIA FIGAREDO ALVAREZSALA",2
"2429","ANTONIO SALVA VERD","JOSE MARIA SANCHEZ GARCIA",3
"2430","ANTONIO SALVA VERD","JOSE MARIA VAZQUEZ ALVAREZ",1
"2431","ANTONIO SALVA VERD","JOSE RAMIREZ DEL RIO",2
"2432","ANTONIO SALVA VERD","JOSEFINA BLAZQUEZ SANCHEZ",1
"2433","ANTONIO SALVA VERD","JUAN JOSE AIZCORBE TORRA",3
"2434","ANTONIO SALVA VERD","LOURDES MENDEZ MONASTERIO",3
"2435","ANTONIO SALVA VERD","LUIS GESTOSO DE MIGUEL",1
"2436","ANTONIO SALVA VERD","MACARENA OLONA CHOCLAN",2
"2437","ANTONIO SALVA VERD","MAGDALENA MARGARITA CONTESTI ROSSELLO",1
"2438","ANTONIO SALVA VERD","MANUEL GONZALEZ BAZAN",2
"2439","ANTONIO SALVA VERD","MANUEL JORGE MARTIN MONTERO",1
"2440","ANTONIO SALVA VERD","MANUEL MARISCAL ZABALA",3
"2441","ANTONIO SALVA VERD","MANUEL MESTRE BAREA",2
"2442","ANTONIO SALVA VERD","MANUEL RAFAEL RODRIGUEZ VALERO",1
"2443","ANTONIO SALVA VERD","MARIA DE LA CABEZA RUIZ SOLAS",3
"2444","ANTONIO SALVA VERD","MARIA DE LOS REYES ROMERO VILCHES",3
"2445","ANTONIO SALVA VERD","MARIA DOLORES GOMEZ MORENO",1
"2446","ANTONIO SALVA VERD","MARIA ELISA GARCIA FUSTER",1
"2447","ANTONIO SALVA VERD","MARIA ISABEL DOMINGUEZ POMARES",1
"2448","ANTONIO SALVA VERD","MARIA ISABEL PEREZ MARTIN",1
"2449","ANTONIO SALVA VERD","MARIA JOSE RODRIGUEZ DE MILLAN PARRO",1
"2450","ANTONIO SALVA VERD","MARIA MAGDALENA NEVADO DEL CAMPO",2
"2451","ANTONIO SALVA VERD","MARIA TERESA ARNEDO PEREZ",1
"2452","ANTONIO SALVA VERD","MARIA TERESA LOPEZ ALVAREZ",2
"2453","ANTONIO SALVA VERD","MARIA TERESA LOPEZ DIVASSON",1
"2454","ANTONIO SALVA VERD","MARIA VIDAL BENNASAR",1
"2455","ANTONIO SALVA VERD","MARTA ALVAREZ BARRIO",1
"2456","ANTONIO SALVA VERD","MIGUEL ANGEL FERNANDEZ LOPEZ",2
"2457","ANTONIO SALVA VERD","MIGUEL ANGEL LOPEZ FERNANDEZ",1
"2458","ANTONIO SALVA VERD","MIREIA BORRAS PABON",1
"2459","ANTONIO SALVA VERD","MONICA LORA CISQUER",1
"2460","ANTONIO SALVA VERD","OSCAR ARTURO FERNANDEZ CALLE",1
"2461","ANTONIO SALVA VERD","PABLO JUAN CALVO LISTE",2
"2462","ANTONIO SALVA VERD","PABLO SAEZ ALONSOMUNUMER",3
"2463","ANTONIO SALVA VERD","PATRICIA DE LAS HERAS FERNANDEZ",1
"2464","ANTONIO SALVA VERD","PATRICIA RUEDA PERELLO",3
"2465","ANTONIO SALVA VERD","PEDRO FERNANDEZ HERNANDEZ",3
"2466","ANTONIO SALVA VERD","PEDRO JESUS REQUEJO NOVOA",2
"2467","ANTONIO SALVA VERD","RICARDO BELDA VALIENTE",1
"2468","ANTONIO SALVA VERD","RICARDO CHAMORRO DELMO",3
"2469","ANTONIO SALVA VERD","ROCIO DE MEER MENDEZ",3
"2470","ANTONIO SALVA VERD","RODRIGO JIMENEZ REVUELTA",2
"2471","ANTONIO SALVA VERD","RUBEN SILVANO MANSO OLIVAR",2
"2472","ANTONIO SALVA VERD","SANTIAGO ABASCAL CONDE",3
"2473","ANTONIO SALVA VERD","SERAFIN SERRANO MARIN",1
"2474","ANTONIO SALVA VERD","SERGIO MACIAN DE GREEF",2
"2475","ANTONIO SALVA VERD","SONIA LUISA LALANDA SANMIGUEL",2
"2476","ANTONIO SALVA VERD","TOMAS FERNANDEZ RIOS",2
"2477","ANTONIO SALVA VERD","VICTOR GUIDO GONZALEZ COELLO DE PORTUGAL",3
"2478","ANTONIO SALVA VERD","VICTOR MANUEL SANCHEZ DEL REAL",1
"2479","ANTONIO SALVA VERD","YOLANDA MERELO PALOMARES",1
"2480","ANTONIO SANCHEZ SANCHEZ","MARIA DOLORES GOMEZ MORENO",1
"2481","ANTONIO SEVILLA RODRIGUEZ","BEATRIZ SANCHEZ AGUSTINO",1
"2482","ANTONIO SEVILLA RODRIGUEZ","BEATRIZ SANCHEZ RODRIGUEZ",2
"2483","ANTONIO SEVILLA RODRIGUEZ","BENITO MORILLO ALEJO",2
"2484","ANTONIO SEVILLA RODRIGUEZ","BLANCA ARMARIO GONZALEZ",1
"2485","ANTONIO SEVILLA RODRIGUEZ","CLOTILDE SALVADOR SANCHEZ",1
"2486","ANTONIO SEVILLA RODRIGUEZ","CRISTINA ALEJANDRA JIMENEZ JIMENEZ",2
"2487","ANTONIO SEVILLA RODRIGUEZ","DAVID NAVARRO QUESADA",2
"2488","ANTONIO SEVILLA RODRIGUEZ","EVA MARIA POZA MENDEZ",2
"2489","ANTONIO SEVILLA RODRIGUEZ","FRANCISCO JOSE GARRIDO ROJAS",1
"2490","ANTONIO SEVILLA RODRIGUEZ","FRANCISCO RAUL CORDERO OLMEDO",1
"2491","ANTONIO SEVILLA RODRIGUEZ","GEMA ISABEL GUTIERREZ TOSCANO",1
"2492","ANTONIO SEVILLA RODRIGUEZ","GERARDO ACEITUNO CARRASCO",1
"2493","ANTONIO SEVILLA RODRIGUEZ","GLORIA GAMONOSO FERRARO",2
"2494","ANTONIO SEVILLA RODRIGUEZ","GUSTAVO DE CASTRO SIERRA",1
"2495","ANTONIO SEVILLA RODRIGUEZ","INIGO PABLO OSUNA GONZALEZ DE AGUILAR",1
"2496","ANTONIO SEVILLA RODRIGUEZ","ISABEL MADERA FREIXAS",1
"2497","ANTONIO SEVILLA RODRIGUEZ","JAIME JAVIER DOMINGO MARTINEZ",1
"2498","ANTONIO SEVILLA RODRIGUEZ","JAVIER CORTES LUCENA",2
"2499","ANTONIO SEVILLA RODRIGUEZ","JOSE ANTONIO GOMILA ORTEGA",2
"2500","ANTONIO SEVILLA RODRIGUEZ","JOSE ANTONIO MACIAS GUERRERO",1
"2501","ANTONIO SEVILLA RODRIGUEZ","JOSE MARIA ORTELLS POLO",1
"2502","ANTONIO SEVILLA RODRIGUEZ","JUAN FRANCISCO ROJAS FERNANDEZ",1
"2503","ANTONIO SEVILLA RODRIGUEZ","JUAN JOSE BOSQUET ARIAS",2
"2504","ANTONIO SEVILLA RODRIGUEZ","JUAN JOSE COCA LOPEZ",2
"2505","ANTONIO SEVILLA RODRIGUEZ","LUCIA CUADROS ESTEVEZ",2
"2506","ANTONIO SEVILLA RODRIGUEZ","MACARENA OLONA CHOCLAN",1
"2507","ANTONIO SEVILLA RODRIGUEZ","MANUEL GAVIRA FLORENTINO",2
"2508","ANTONIO SEVILLA RODRIGUEZ","MANUEL JESUS VELA SABORIDO",1
"2509","ANTONIO SEVILLA RODRIGUEZ","MANUEL JORGE MARTIN MONTERO",1
"2510","ANTONIO SEVILLA RODRIGUEZ","MANUELA DEL MAR MARTIN IBANEZ",1
"2511","ANTONIO SEVILLA RODRIGUEZ","MARIA ADELA VAO CANADAS",2
"2512","ANTONIO SEVILLA RODRIGUEZ","MARIA CRISTINA PELAEZ IZQUIERDO",1
"2513","ANTONIO SEVILLA RODRIGUEZ","MARIA DE LA CRUZ LOZANO MARIN",1
"2514","ANTONIO SEVILLA RODRIGUEZ","MARIA DEL CARMEN INFANTES HERNANDEZ",1
"2515","ANTONIO SEVILLA RODRIGUEZ","MARIA DEL CARMEN MURIEL MARQUEZ",1
"2516","ANTONIO SEVILLA RODRIGUEZ","MARIA GORETTI EIBERLE SANCHEZ DE TOCA",1
"2517","ANTONIO SEVILLA RODRIGUEZ","MARIA JOSE RODRIGUEZ DE MILLAN PARRO",1
"2518","ANTONIO SEVILLA RODRIGUEZ","MARIA LOPEZ ZAMBRANO",1
"2519","ANTONIO SEVILLA RODRIGUEZ","MARIA MAGDALENA PUENTEDURA PEREZ",1
"2520","ANTONIO SEVILLA RODRIGUEZ","MARIA MERCEDES RODRIGUEZ TAMAYO",1
"2521","ANTONIO SEVILLA RODRIGUEZ","MONTSERRAT CERVANTES LLORT",1
"2522","ANTONIO SEVILLA RODRIGUEZ","NOELIA MARIA CAMPOS RODRIGUEZ",1
"2523","ANTONIO SEVILLA RODRIGUEZ","OTILIA ALARCON CAMUS",1
"2524","ANTONIO SEVILLA RODRIGUEZ","PAULA DE LOS ANGELES BADANELLI BERRIOZABAL",1
"2525","ANTONIO SEVILLA RODRIGUEZ","PURIFICACION FERNANDEZ MORALES",2
"2526","ANTONIO SEVILLA RODRIGUEZ","RAFAEL SEGOVIA BROME",2
"2527","ANTONIO SEVILLA RODRIGUEZ","RICARDO LOPEZ OLEA",2
"2528","ANTONIO SEVILLA RODRIGUEZ","ROCIO MARIN ORTEGA",1
"2529","ANTONIO SEVILLA RODRIGUEZ","RODRIGO JAVIER ALONSO FERNANDEZ",2
"2530","ANTONIO SEVILLA RODRIGUEZ","SILVIA CLARA ENRIQUEZ GALLEGO",2
"2531","ANTONIO SEVILLA RODRIGUEZ","SILVIA MARIA BELLIDO VERA",1
"2532","ANTONIO SEVILLA RODRIGUEZ","SOLEDAD PEREZ RUBIO",1
"2533","ARACELI COLOMAR COSTILLA","IDOIA RIBAS MARINO",1
"2534","ARACELI COLOMAR COSTILLA","JORGE CAMPOS ASENSI",1
"2535","ARACELI COLOMAR COSTILLA","SERGIO RODRIGUEZ FARRE",1
"2536","ARANTZAZU PURIFICACION CABELLO LOPEZ","CARLA TOSCANO DE BALBIN",1
"2537","ARANTZAZU PURIFICACION CABELLO LOPEZ","FERNANDO MARTINEZ VIDAL",1
"2538","ARANTZAZU PURIFICACION CABELLO LOPEZ","FRANCISCO JAVIER ORTEGA SMITHMOLINA",1
"2539","ARANTZAZU PURIFICACION CABELLO LOPEZ","SANTIAGO ABASCAL CONDE",1
"2540","ARANZAZU SIMON PEREZ","AROHA ROCHELA ROMERO",1
"2541","ARANZAZU SIMON PEREZ","BEATRIZ OLIVAN ROMEU",1
"2542","ARANZAZU SIMON PEREZ","CARLOS JAVIER ANDREU SANZ",1
"2543","ARANZAZU SIMON PEREZ","CARLOS RODRIGO DOMINGUEZ",1
"2544","ARANZAZU SIMON PEREZ","DAVID ARRANZ BALLESTEROS",1
"2545","ARANZAZU SIMON PEREZ","ELISABET CARBALLO DIAZ",1
"2546","ARANZAZU SIMON PEREZ","EVA MARIA TORRES PULIDO",1
"2547","ARANZAZU SIMON PEREZ","JAVIER VALENTIN ALONSO CORONEL",1
"2548","ARANZAZU SIMON PEREZ","JESUS GARCIA ROYO",1
"2549","ARANZAZU SIMON PEREZ","JORGE SADABA CORRAL",1
"2550","ARANZAZU SIMON PEREZ","LEONIA ALEXANDRA BERNARDINO SILVANO",1
"2551","ARANZAZU SIMON PEREZ","LUIS FRANCISCO BIENDICHO GRACIA",1
"2552","ARANZAZU SIMON PEREZ","MARIA CARMEN ROUCO LALIENA",1
"2553","ARANZAZU SIMON PEREZ","MARIA ISABEL CALZADA ANDREU",1
"2554","ARANZAZU SIMON PEREZ","MARIA PILAR DELGADO ANGLADA",1
"2555","ARANZAZU SIMON PEREZ","MARTA FERNANDEZ MARTIN",1
"2556","ARANZAZU SIMON PEREZ","MARTA MORENO RODRIGUEZ",1
"2557","ARANZAZU SIMON PEREZ","SANTIAGO MORON SANJUAN",1
"2558","ARANZAZU SIMON PEREZ","SERGIO MARCO JIMENEZ",1
"2559","ARANZAZU SIMON PEREZ","VICENTE GALLASTEGUI AZNAR",1
"2560","ARMANDO ANTONIO BLANCO TORCAL","BEATRIZ GONZALEZ VARELA",2
"2561","ARMANDO ANTONIO BLANCO TORCAL","CRISTOBAL PALACIO RUIZ",2
"2562","ARMANDO ANTONIO BLANCO TORCAL","EMILIO JESUS DEL VALLE RODRIGUEZ",1
"2563","ARMANDO ANTONIO BLANCO TORCAL","JOSE JOAQUIN BENGOCHEA SECO",1
"2564","ARMANDO ANTONIO BLANCO TORCAL","LETICIA DIAZ RODRIGUEZ",1
"2565","ARMANDO ANTONIO BLANCO TORCAL","MANUELA BOLADO ALCALDE",1
"2566","ARMANDO ANTONIO BLANCO TORCAL","NATIVIDAD PEREZ SALAZAR",1
"2567","AROA VALDES HERNANDEZ","BLANCA ARMARIO GONZALEZ",1
"2568","AROA VALDES HERNANDEZ","CARINA MEJIAS SANCHEZ",1
"2569","AROA VALDES HERNANDEZ","CARLOS FLORES JUBERIAS",1
"2570","AROA VALDES HERNANDEZ","CARLOS MENENDEZ BLANCO",1
"2571","AROA VALDES HERNANDEZ","CARLOS POLLAN FERNANDEZ",1
"2572","AROA VALDES HERNANDEZ","CLARA ISABEL RUBIO CONTRERAS",1
"2573","AROA VALDES HERNANDEZ","DAVID GARCIA GOMIS",1
"2574","AROA VALDES HERNANDEZ","DAVID HIERRO SANTOS",1
"2575","AROA VALDES HERNANDEZ","EMILIO JESUS DEL VALLE RODRIGUEZ",1
"2576","AROA VALDES HERNANDEZ","ENRIQUE JIMENEZ VAQUERIZO",1
"2577","AROA VALDES HERNANDEZ","FRANCISCO JAVIER ORTEGA SMITHMOLINA",1
"2578","AROA VALDES HERNANDEZ","FRANCISCO JOSE ALCARAZ MARTOS",1
"2579","AROA VALDES HERNANDEZ","FRANCISCO JOSE CONTRERAS PELAEZ",1
"2580","AROA VALDES HERNANDEZ","GEORGINA TRIAS GIL",1
"2581","AROA VALDES HERNANDEZ","IGNACIO GIL LAZARO",1
"2582","AROA VALDES HERNANDEZ","IGNACIO HOCES INIGUEZ",1
"2583","AROA VALDES HERNANDEZ","IGNACIO SICILIA DOMENECH",1
"2584","AROA VALDES HERNANDEZ","ISMAEL IVAN VELEZ CIPRIANO",1
"2585","AROA VALDES HERNANDEZ","IVAN ESPINOSA DE LOS MONTEROS DE SIMON",1
"2586","AROA VALDES HERNANDEZ","JACOBO GONZALEZROBATTO PEROTE",1
"2587","AROA VALDES HERNANDEZ","JESUS JIMENEZ MIGUEL",1
"2588","AROA VALDES HERNANDEZ","JOAQUIN ROBLES LOPEZ",1
"2589","AROA VALDES HERNANDEZ","JONATHAN GARCIA GARCIA",1
"2590","AROA VALDES HERNANDEZ","JORGE CAMPOS ASENSI",1
"2591","AROA VALDES HERNANDEZ","JOSE ALBERTO DIAZ PICO",1
"2592","AROA VALDES HERNANDEZ","JOSE ANTONIO PALOMO MARTIN",1
"2593","AROA VALDES HERNANDEZ","JOSE FRANCISCO GARRE IZQUIERDO",1
"2594","AROA VALDES HERNANDEZ","JOSE MARIA FIGAREDO ALVAREZSALA",1
"2595","AROA VALDES HERNANDEZ","JOSE MARIA SANCHEZ GARCIA",1
"2596","AROA VALDES HERNANDEZ","JOSE RAMIREZ DEL RIO",1
"2597","AROA VALDES HERNANDEZ","JUAN JOSE AIZCORBE TORRA",1
"2598","AROA VALDES HERNANDEZ","LAURA DORREIS ALONSO",1
"2599","AROA VALDES HERNANDEZ","LOURDES MENDEZ MONASTERIO",1
"2600","AROA VALDES HERNANDEZ","MANUEL MARISCAL ZABALA",1
"2601","AROA VALDES HERNANDEZ","MARIA DE FATIMA PINACHO FERNANDEZ",1
"2602","AROA VALDES HERNANDEZ","MARIA DE LA CABEZA RUIZ SOLAS",1
"2603","AROA VALDES HERNANDEZ","MARIA DE LOS REYES ROMERO VILCHES",1
"2604","AROA VALDES HERNANDEZ","MARIA DOLORES MATEO MATEOS",1
"2605","AROA VALDES HERNANDEZ","MARIA JOSE RODRIGUEZ DE MILLAN PARRO",1
"2606","AROA VALDES HERNANDEZ","MARIA LUISA CALVO ENRIQUEZ",1
"2607","AROA VALDES HERNANDEZ","MARIA MAGDALENA NEVADO DEL CAMPO",1
"2608","AROA VALDES HERNANDEZ","MARIA TERESA LOPEZ ALVAREZ",1
"2609","AROA VALDES HERNANDEZ","MARTA ALEGRIA MARTINEZ",1
"2610","AROA VALDES HERNANDEZ","MAURICIO ANGULO GUERRERO",1
"2611","AROA VALDES HERNANDEZ","MIGUEL CONTRERAS MARTINEZ",1
"2612","AROA VALDES HERNANDEZ","PABLO JUAN CALVO LISTE",1
"2613","AROA VALDES HERNANDEZ","PABLO SAEZ ALONSOMUNUMER",1
"2614","AROA VALDES HERNANDEZ","PATRICIA RUEDA PERELLO",1
"2615","AROA VALDES HERNANDEZ","PEDRO FERNANDEZ HERNANDEZ",1
"2616","AROA VALDES HERNANDEZ","PEDRO JESUS REQUEJO NOVOA",1
"2617","AROA VALDES HERNANDEZ","RICARDO CHAMORRO DELMO",1
"2618","AROA VALDES HERNANDEZ","RICARDO VELASCO ESPESO",1
"2619","AROA VALDES HERNANDEZ","ROCIO DE MEER MENDEZ",1
"2620","AROA VALDES HERNANDEZ","RODRIGO JIMENEZ REVUELTA",1
"2621","AROA VALDES HERNANDEZ","SANTIAGO ABASCAL CONDE",1
"2622","AROA VALDES HERNANDEZ","SERGIO MACIAN DE GREEF",1
"2623","AROA VALDES HERNANDEZ","SUSANA SUAREZ VILLAGRA",1
"2624","AROA VALDES HERNANDEZ","TOMAS FERNANDEZ RIOS",1
"2625","AROA VALDES HERNANDEZ","VICTOR GUIDO GONZALEZ COELLO DE PORTUGAL",1
"2626","AROA VALDES HERNANDEZ","YOLANDA MERELO PALOMARES",1
"2627","AROHA ROCHELA ROMERO","BEATRIZ OLIVAN ROMEU",1
"2628","AROHA ROCHELA ROMERO","BLANCA ARMARIO GONZALEZ",1
"2629","AROHA ROCHELA ROMERO","CARINA MEJIAS SANCHEZ",1
"2630","AROHA ROCHELA ROMERO","CARLOS FLORES JUBERIAS",1
"2631","AROHA ROCHELA ROMERO","CARLOS JAVIER ANDREU SANZ",1
"2632","AROHA ROCHELA ROMERO","CARLOS RODRIGO DOMINGUEZ",1
"2633","AROHA ROCHELA ROMERO","DAVID ARRANZ BALLESTEROS",2
"2634","AROHA ROCHELA ROMERO","DAVID GARCIA GOMIS",1
"2635","AROHA ROCHELA ROMERO","ELISABET CARBALLO DIAZ",1
"2636","AROHA ROCHELA ROMERO","EMILIO JESUS DEL VALLE RODRIGUEZ",1
"2637","AROHA ROCHELA ROMERO","EVA MARIA TORRES PULIDO",1
"2638","AROHA ROCHELA ROMERO","FRANCISCO JAVIER ORTEGA SMITHMOLINA",1
"2639","AROHA ROCHELA ROMERO","FRANCISCO JOSE ALCARAZ MARTOS",1
"2640","AROHA ROCHELA ROMERO","FRANCISCO JOSE CONTRERAS PELAEZ",1
"2641","AROHA ROCHELA ROMERO","GEORGINA TRIAS GIL",1
"2642","AROHA ROCHELA ROMERO","IGNACIO GIL LAZARO",1
"2643","AROHA ROCHELA ROMERO","IGNACIO HOCES INIGUEZ",1
"2644","AROHA ROCHELA ROMERO","ISMAEL IVAN VELEZ CIPRIANO",1
"2645","AROHA ROCHELA ROMERO","IVAN ESPINOSA DE LOS MONTEROS DE SIMON",1
"2646","AROHA ROCHELA ROMERO","JACOBO GONZALEZROBATTO PEROTE",1
"2647","AROHA ROCHELA ROMERO","JAVIER VALENTIN ALONSO CORONEL",1
"2648","AROHA ROCHELA ROMERO","JESUS GARCIA ROYO",1
"2649","AROHA ROCHELA ROMERO","JOAQUIN ROBLES LOPEZ",1
"2650","AROHA ROCHELA ROMERO","JORGE CAMPOS ASENSI",1
"2651","AROHA ROCHELA ROMERO","JORGE SADABA CORRAL",1
"2652","AROHA ROCHELA ROMERO","JOSE FRANCISCO GARRE IZQUIERDO",1
"2653","AROHA ROCHELA ROMERO","JOSE MARIA FIGAREDO ALVAREZSALA",1
"2654","AROHA ROCHELA ROMERO","JOSE MARIA SANCHEZ GARCIA",1
"2655","AROHA ROCHELA ROMERO","JOSE RAMIREZ DEL RIO",1
"2656","AROHA ROCHELA ROMERO","JUAN JOSE AIZCORBE TORRA",1
"2657","AROHA ROCHELA ROMERO","LEONIA ALEXANDRA BERNARDINO SILVANO",1
"2658","AROHA ROCHELA ROMERO","LOURDES MENDEZ MONASTERIO",1
"2659","AROHA ROCHELA ROMERO","LUIS FRANCISCO BIENDICHO GRACIA",1
"2660","AROHA ROCHELA ROMERO","MANUEL MARISCAL ZABALA",1
"2661","AROHA ROCHELA ROMERO","MARIA CARMEN ROUCO LALIENA",1
"2662","AROHA ROCHELA ROMERO","MARIA DE LA CABEZA RUIZ SOLAS",1
"2663","AROHA ROCHELA ROMERO","MARIA DE LOS REYES ROMERO VILCHES",1
"2664","AROHA ROCHELA ROMERO","MARIA ISABEL CALZADA ANDREU",1
"2665","AROHA ROCHELA ROMERO","MARIA JOSE RODRIGUEZ DE MILLAN PARRO",1
"2666","AROHA ROCHELA ROMERO","MARIA MAGDALENA NEVADO DEL CAMPO",1
"2667","AROHA ROCHELA ROMERO","MARIA PILAR DELGADO ANGLADA",1
"2668","AROHA ROCHELA ROMERO","MARIA TERESA LOPEZ ALVAREZ",1
"2669","AROHA ROCHELA ROMERO","MARTA FERNANDEZ MARTIN",2
"2670","AROHA ROCHELA ROMERO","MARTA MORENO RODRIGUEZ",1
"2671","AROHA ROCHELA ROMERO","PABLO JUAN CALVO LISTE",1
"2672","AROHA ROCHELA ROMERO","PABLO SAEZ ALONSOMUNUMER",1
"2673","AROHA ROCHELA ROMERO","PATRICIA RUEDA PERELLO",1
"2674","AROHA ROCHELA ROMERO","PEDRO FERNANDEZ HERNANDEZ",1
"2675","AROHA ROCHELA ROMERO","PEDRO JESUS REQUEJO NOVOA",1
"2676","AROHA ROCHELA ROMERO","RICARDO CHAMORRO DELMO",1
"2677","AROHA ROCHELA ROMERO","ROCIO DE MEER MENDEZ",1
"2678","AROHA ROCHELA ROMERO","RODRIGO JIMENEZ REVUELTA",1
"2679","AROHA ROCHELA ROMERO","SANTIAGO ABASCAL CONDE",1
"2680","AROHA ROCHELA ROMERO","SANTIAGO MORON SANJUAN",2
"2681","AROHA ROCHELA ROMERO","SERGIO MACIAN DE GREEF",1
"2682","AROHA ROCHELA ROMERO","SERGIO MARCO JIMENEZ",1
"2683","AROHA ROCHELA ROMERO","TOMAS FERNANDEZ RIOS",1
"2684","AROHA ROCHELA ROMERO","VICENTE GALLASTEGUI AZNAR",1
"2685","AROHA ROCHELA ROMERO","VICTOR GUIDO GONZALEZ COELLO DE PORTUGAL",1
"2686","AROHA ROCHELA ROMERO","YOLANDA MERELO PALOMARES",1
"2687","AURORA RODIL MARTINEZ","SAMUEL RUIZ TENA",1
"2688","AVELINO LUENGO URBANO","JAVIER GODOY DIAZ",1
"2689","BEATRIZ GONZALEZ VARELA","CARLA TOSCANO DE BALBIN",1
"2690","BEATRIZ GONZALEZ VARELA","CRISTINA DE ESTEBAN CALONJE",1
"2691","BEATRIZ GONZALEZ VARELA","CRISTINA ESTEBAN CALONJE",1
"2692","BEATRIZ GONZALEZ VARELA","CRISTOBAL PALACIO RUIZ",2
"2693","BEATRIZ GONZALEZ VARELA","EMILIO JESUS DEL VALLE RODRIGUEZ",1
"2694","BEATRIZ GONZALEZ VARELA","FRANCISCO JAVIER ORTEGA SMITHMOLINA",1
"2695","BEATRIZ GONZALEZ VARELA","FRANCISCO JOSE ALCARAZ MARTOS",1
"2696","BEATRIZ GONZALEZ VARELA","IGNACIO GARRIGA VAZ DE CONCICAO",2
"2697","BEATRIZ GONZALEZ VARELA","IGNACIO GIL LAZARO",2
"2698","BEATRIZ GONZALEZ VARELA","ISMAEL IVAN VELEZ CIPRIANO",1
"2699","BEATRIZ GONZALEZ VARELA","IVAN ESPINOSA DE LOS MONTEROS DE SIMON",2
"2700","BEATRIZ GONZALEZ VARELA","JAIME GONZALEZ CANOMANUEL",1
"2701","BEATRIZ GONZALEZ VARELA","JAVIER ORTEGA SMITHMOLINA",1
"2702","BEATRIZ GONZALEZ VARELA","JOAQUIN ROBLES LOPEZ",2
"2703","BEATRIZ GONZALEZ VARELA","JOSE MARIA FIGAREDO ALVAREZSALA",1
"2704","BEATRIZ GONZALEZ VARELA","JOSE MARIA SANCHEZ GARCIA",1
"2705","BEATRIZ GONZALEZ VARELA","JOSE MARIA VAZQUEZ ALVAREZ",1
"2706","BEATRIZ GONZALEZ VARELA","JOSE RAMIREZ DEL RIO",1
"2707","BEATRIZ GONZALEZ VARELA","JUAN JOSE AIZCORBE TORRA",1
"2708","BEATRIZ GONZALEZ VARELA","LETICIA DIAZ RODRIGUEZ",1
"2709","BEATRIZ GONZALEZ VARELA","LOURDES MENDEZ MONASTERIO",2
"2710","BEATRIZ GONZALEZ VARELA","MACARENA OLONA CHOCLAN",2
"2711","BEATRIZ GONZALEZ VARELA","MAGDALENA MARGARITA CONTESTI ROSSELLO",1
"2712","BEATRIZ GONZALEZ VARELA","MANUEL GONZALEZ BAZAN",1
"2713","BEATRIZ GONZALEZ VARELA","MANUEL MARISCAL ZABALA",2
"2714","BEATRIZ GONZALEZ VARELA","MANUEL MESTRE BAREA",2
"2715","BEATRIZ GONZALEZ VARELA","MANUEL RAFAEL RODRIGUEZ VALERO",1
"2716","BEATRIZ GONZALEZ VARELA","MANUELA BOLADO ALCALDE",1
"2717","BEATRIZ GONZALEZ VARELA","MARIA DE LA CABEZA RUIZ SOLAS",2
"2718","BEATRIZ GONZALEZ VARELA","MARIA DE LOS REYES ROMERO VILCHES",2
"2719","BEATRIZ GONZALEZ VARELA","MARTA ALVAREZ BARRIO",1
"2720","BEATRIZ GONZALEZ VARELA","MIGUEL ANGEL FERNANDEZ LOPEZ",1
"2721","BEATRIZ GONZALEZ VARELA","NATIVIDAD PEREZ SALAZAR",1
"2722","BEATRIZ GONZALEZ VARELA","PABLO SAEZ ALONSOMUNUMER",2
"2723","BEATRIZ GONZALEZ VARELA","PATRICIA DE LAS HERAS FERNANDEZ",1
"2724","BEATRIZ GONZALEZ VARELA","PATRICIA RUEDA PERELLO",2
"2725","BEATRIZ GONZALEZ VARELA","PEDRO FERNANDEZ HERNANDEZ",2
"2726","BEATRIZ GONZALEZ VARELA","RICARDO CHAMORRO DELMO",2
"2727","BEATRIZ GONZALEZ VARELA","ROCIO DE MEER MENDEZ",2
"2728","BEATRIZ GONZALEZ VARELA","RUBEN SILVANO MANSO OLIVAR",1
"2729","BEATRIZ GONZALEZ VARELA","SANTIAGO ABASCAL CONDE",2
"2730","BEATRIZ GONZALEZ VARELA","SERAFIN SERRANO MARIN",1
"2731","BEATRIZ GONZALEZ VARELA","SONIA LUISA LALANDA SANMIGUEL",1
"2732","BEATRIZ GONZALEZ VARELA","VICTOR GUIDO GONZALEZ COELLO DE PORTUGAL",1
"2733","BEATRIZ GONZALEZ VARELA","VICTOR MANUEL SANCHEZ DEL REAL",1
"2734","BEATRIZ MARIA LOPEZROBERTS LUZON","ISABEL PEREZ MONINOARANDA",1
"2735","BEATRIZ MUNOZ RODRIGUEZ","BLANCA ARMARIO GONZALEZ",1
"2736","BEATRIZ MUNOZ RODRIGUEZ","CARINA MEJIAS SANCHEZ",1
"2737","BEATRIZ MUNOZ RODRIGUEZ","CARLOS FLORES JUBERIAS",1
"2738","BEATRIZ MUNOZ RODRIGUEZ","DAVID GARCIA GOMIS",1
"2739","BEATRIZ MUNOZ RODRIGUEZ","EDUARDO MARIA GUTIERREZ MURILLO",1
"2740","BEATRIZ MUNOZ RODRIGUEZ","EMILIO JESUS DEL VALLE RODRIGUEZ",1
"2741","BEATRIZ MUNOZ RODRIGUEZ","EVA MARIA GARCIA ALEGRE",1
"2742","BEATRIZ MUNOZ RODRIGUEZ","FRANCISCO JAVIER ORTEGA SMITHMOLINA",1
"2743","BEATRIZ MUNOZ RODRIGUEZ","FRANCISCO JOSE ALCARAZ MARTOS",1
"2744","BEATRIZ MUNOZ RODRIGUEZ","FRANCISCO JOSE CONTRERAS PELAEZ",1
"2745","BEATRIZ MUNOZ RODRIGUEZ","GEORGINA TRIAS GIL",1
"2746","BEATRIZ MUNOZ RODRIGUEZ","IGNACIO GIL LAZARO",1
"2747","BEATRIZ MUNOZ RODRIGUEZ","IGNACIO HOCES INIGUEZ",1
"2748","BEATRIZ MUNOZ RODRIGUEZ","INES CHECA MALLEBRERA",1
"2749","BEATRIZ MUNOZ RODRIGUEZ","ISMAEL IVAN VELEZ CIPRIANO",1
"2750","BEATRIZ MUNOZ RODRIGUEZ","IVAN ESPINOSA DE LOS MONTEROS DE SIMON",1
"2751","BEATRIZ MUNOZ RODRIGUEZ","JACOBO GONZALEZROBATTO PEROTE",1
"2752","BEATRIZ MUNOZ RODRIGUEZ","JAVIER BRAVO ARROBAS",1
"2753","BEATRIZ MUNOZ RODRIGUEZ","JOAQUIN ROBLES LOPEZ",1
"2754","BEATRIZ MUNOZ RODRIGUEZ","JORGE CAMPOS ASENSI",1
"2755","BEATRIZ MUNOZ RODRIGUEZ","JORGE MARTIN TRANCON",1
"2756","BEATRIZ MUNOZ RODRIGUEZ","JOSE FRANCISCO GARRE IZQUIERDO",1
"2757","BEATRIZ MUNOZ RODRIGUEZ","JOSE MARCELO AMARILLA PEREZ",1
"2758","BEATRIZ MUNOZ RODRIGUEZ","JOSE MARIA FIGAREDO ALVAREZSALA",1
"2759","BEATRIZ MUNOZ RODRIGUEZ","JOSE MARIA SANCHEZ GARCIA",1
"2760","BEATRIZ MUNOZ RODRIGUEZ","JOSE RAMIREZ DEL RIO",1
"2761","BEATRIZ MUNOZ RODRIGUEZ","JUAN JOSE AIZCORBE TORRA",1
"2762","BEATRIZ MUNOZ RODRIGUEZ","JUAN JOSE GARCIA GARCIA",1
"2763","BEATRIZ MUNOZ RODRIGUEZ","LAURA GALAN RODRIGUEZ",1
"2764","BEATRIZ MUNOZ RODRIGUEZ","LOURDES MENDEZ MONASTERIO",1
"2765","BEATRIZ MUNOZ RODRIGUEZ","MANUEL MARISCAL ZABALA",1
"2766","BEATRIZ MUNOZ RODRIGUEZ","MARIA DE LA CABEZA RUIZ SOLAS",1
"2767","BEATRIZ MUNOZ RODRIGUEZ","MARIA DE LOS REYES ROMERO VILCHES",1
"2768","BEATRIZ MUNOZ RODRIGUEZ","MARIA JESUS SALVATIERRA GORDILLO",1
"2769","BEATRIZ MUNOZ RODRIGUEZ","MARIA JOSE RODRIGUEZ DE MILLAN PARRO",1
"2770","BEATRIZ MUNOZ RODRIGUEZ","MARIA MAGDALENA NEVADO DEL CAMPO",1
"2771","BEATRIZ MUNOZ RODRIGUEZ","MARIA TERESA LOPEZ ALVAREZ",1
"2772","BEATRIZ MUNOZ RODRIGUEZ","MARTA GERVASIA GARRIDO MORENO",1
"2773","BEATRIZ MUNOZ RODRIGUEZ","OSCAR ARTURO FERNANDEZ CALLE",1
"2774","BEATRIZ MUNOZ RODRIGUEZ","PABLO JUAN CALVO LISTE",1
"2775","BEATRIZ MUNOZ RODRIGUEZ","PABLO SAEZ ALONSOMUNUMER",1
"2776","BEATRIZ MUNOZ RODRIGUEZ","PATRICIA RUEDA PERELLO",1
"2777","BEATRIZ MUNOZ RODRIGUEZ","PEDRO FERNANDEZ HERNANDEZ",1
"2778","BEATRIZ MUNOZ RODRIGUEZ","PEDRO JESUS REQUEJO NOVOA",1
"2779","BEATRIZ MUNOZ RODRIGUEZ","RICARDO CHAMORRO DELMO",1
"2780","BEATRIZ MUNOZ RODRIGUEZ","ROCIO DE MEER MENDEZ",1
"2781","BEATRIZ MUNOZ RODRIGUEZ","RODRIGO JIMENEZ REVUELTA",1
"2782","BEATRIZ MUNOZ RODRIGUEZ","SANTIAGO ABASCAL CONDE",1
"2783","BEATRIZ MUNOZ RODRIGUEZ","SERGIO MACIAN DE GREEF",1
"2784","BEATRIZ MUNOZ RODRIGUEZ","TOMAS FERNANDEZ RIOS",1
"2785","BEATRIZ MUNOZ RODRIGUEZ","VICTOR GUIDO GONZALEZ COELLO DE PORTUGAL",1
"2786","BEATRIZ MUNOZ RODRIGUEZ","YOLANDA MERELO PALOMARES",1
"2787","BEATRIZ NAVARRO FENOY","MARIA DEL PILAR FENOY NIETO",1
"2788","BEATRIZ NAVARRO FENOY","PATRICIA ESCAMEZ MARIN",1
"2789","BEATRIZ OLIVAN ROMEU","BLANCA ARMARIO GONZALEZ",1
"2790","BEATRIZ OLIVAN ROMEU","CARINA MEJIAS SANCHEZ",1
"2791","BEATRIZ OLIVAN ROMEU","CARLOS FLORES JUBERIAS",1
"2792","BEATRIZ OLIVAN ROMEU","CARLOS JAVIER ANDREU SANZ",1
"2793","BEATRIZ OLIVAN ROMEU","DAVID ARRANZ BALLESTEROS",2
"2794","BEATRIZ OLIVAN ROMEU","DAVID GARCIA GOMIS",1
"2795","BEATRIZ OLIVAN ROMEU","EMILIO JESUS DEL VALLE RODRIGUEZ",1
"2796","BEATRIZ OLIVAN ROMEU","FRANCISCO JAVIER ORTEGA SMITHMOLINA",1
"2797","BEATRIZ OLIVAN ROMEU","FRANCISCO JOSE ALCARAZ MARTOS",1
"2798","BEATRIZ OLIVAN ROMEU","FRANCISCO JOSE CONTRERAS PELAEZ",1
"2799","BEATRIZ OLIVAN ROMEU","GEORGINA TRIAS GIL",1
"2800","BEATRIZ OLIVAN ROMEU","IGNACIO GIL LAZARO",1
"2801","BEATRIZ OLIVAN ROMEU","IGNACIO HOCES INIGUEZ",1
"2802","BEATRIZ OLIVAN ROMEU","ISMAEL IVAN VELEZ CIPRIANO",1
"2803","BEATRIZ OLIVAN ROMEU","IVAN ESPINOSA DE LOS MONTEROS DE SIMON",1
"2804","BEATRIZ OLIVAN ROMEU","JACOBO GONZALEZROBATTO PEROTE",1
"2805","BEATRIZ OLIVAN ROMEU","JAVIER VALENTIN ALONSO CORONEL",1
"2806","BEATRIZ OLIVAN ROMEU","JOAQUIN ROBLES LOPEZ",1
"2807","BEATRIZ OLIVAN ROMEU","JORGE CAMPOS ASENSI",1
"2808","BEATRIZ OLIVAN ROMEU","JOSE FRANCISCO GARRE IZQUIERDO",1
"2809","BEATRIZ OLIVAN ROMEU","JOSE MARIA FIGAREDO ALVAREZSALA",1
"2810","BEATRIZ OLIVAN ROMEU","JOSE MARIA SANCHEZ GARCIA",1
"2811","BEATRIZ OLIVAN ROMEU","JOSE RAMIREZ DEL RIO",1
"2812","BEATRIZ OLIVAN ROMEU","JUAN JOSE AIZCORBE TORRA",1
"2813","BEATRIZ OLIVAN ROMEU","LOURDES MENDEZ MONASTERIO",1
"2814","BEATRIZ OLIVAN ROMEU","LUIS FRANCISCO BIENDICHO GRACIA",1
"2815","BEATRIZ OLIVAN ROMEU","MANUEL MARISCAL ZABALA",1
"2816","BEATRIZ OLIVAN ROMEU","MARIA CARMEN ROUCO LALIENA",1
"2817","BEATRIZ OLIVAN ROMEU","MARIA DE LA CABEZA RUIZ SOLAS",1
"2818","BEATRIZ OLIVAN ROMEU","MARIA DE LOS REYES ROMERO VILCHES",1
"2819","BEATRIZ OLIVAN ROMEU","MARIA JOSE RODRIGUEZ DE MILLAN PARRO",1
"2820","BEATRIZ OLIVAN ROMEU","MARIA MAGDALENA NEVADO DEL CAMPO",1
"2821","BEATRIZ OLIVAN ROMEU","MARIA TERESA LOPEZ ALVAREZ",1
"2822","BEATRIZ OLIVAN ROMEU","MARTA FERNANDEZ MARTIN",2
"2823","BEATRIZ OLIVAN ROMEU","PABLO JUAN CALVO LISTE",1
"2824","BEATRIZ OLIVAN ROMEU","PABLO SAEZ ALONSOMUNUMER",1
"2825","BEATRIZ OLIVAN ROMEU","PATRICIA RUEDA PERELLO",1
"2826","BEATRIZ OLIVAN ROMEU","PEDRO FERNANDEZ HERNANDEZ",1
"2827","BEATRIZ OLIVAN ROMEU","PEDRO JESUS REQUEJO NOVOA",1
"2828","BEATRIZ OLIVAN ROMEU","RICARDO CHAMORRO DELMO",1
"2829","BEATRIZ OLIVAN ROMEU","ROCIO DE MEER MENDEZ",1
"2830","BEATRIZ OLIVAN ROMEU","RODRIGO JIMENEZ REVUELTA",1
"2831","BEATRIZ OLIVAN ROMEU","SANTIAGO ABASCAL CONDE",1
"2832","BEATRIZ OLIVAN ROMEU","SANTIAGO MORON SANJUAN",2
"2833","BEATRIZ OLIVAN ROMEU","SERGIO MACIAN DE GREEF",1
"2834","BEATRIZ OLIVAN ROMEU","SERGIO MARCO JIMENEZ",1
"2835","BEATRIZ OLIVAN ROMEU","TOMAS FERNANDEZ RIOS",1
"2836","BEATRIZ OLIVAN ROMEU","VICTOR GUIDO GONZALEZ COELLO DE PORTUGAL",1
"2837","BEATRIZ OLIVAN ROMEU","YOLANDA MERELO PALOMARES",1
"2838","BEATRIZ SANCHEZ AGUSTINO","BEATRIZ SANCHEZ RODRIGUEZ",1
"2839","BEATRIZ SANCHEZ AGUSTINO","BENITO MORILLO ALEJO",1
"2840","BEATRIZ SANCHEZ AGUSTINO","CLOTILDE SALVADOR SANCHEZ",1
"2841","BEATRIZ SANCHEZ AGUSTINO","CRISTINA ALEJANDRA JIMENEZ JIMENEZ",1
"2842","BEATRIZ SANCHEZ AGUSTINO","DAVID NAVARRO QUESADA",1
"2843","BEATRIZ SANCHEZ AGUSTINO","EVA MARIA POZA MENDEZ",1
"2844","BEATRIZ SANCHEZ AGUSTINO","GLORIA GAMONOSO FERRARO",1
"2845","BEATRIZ SANCHEZ AGUSTINO","GUSTAVO DE CASTRO SIERRA",1
"2846","BEATRIZ SANCHEZ AGUSTINO","INIGO PABLO OSUNA GONZALEZ DE AGUILAR",1
"2847","BEATRIZ SANCHEZ AGUSTINO","ISABEL MADERA FREIXAS",1
"2848","BEATRIZ SANCHEZ AGUSTINO","JAVIER CORTES LUCENA",1
"2849","BEATRIZ SANCHEZ AGUSTINO","JOSE ANTONIO GOMILA ORTEGA",1
"2850","BEATRIZ SANCHEZ AGUSTINO","JUAN FRANCISCO ROJAS FERNANDEZ",1
"2851","BEATRIZ SANCHEZ AGUSTINO","JUAN JOSE BOSQUET ARIAS",1
"2852","BEATRIZ SANCHEZ AGUSTINO","JUAN JOSE COCA LOPEZ",1
"2853","BEATRIZ SANCHEZ AGUSTINO","LUCIA CUADROS ESTEVEZ",1
"2854","BEATRIZ SANCHEZ AGUSTINO","LUZ BELINDA RODRIGUEZ FERNANDEZ",1
"2855","BEATRIZ SANCHEZ AGUSTINO","MANUEL GAVIRA FLORENTINO",1
"2856","BEATRIZ SANCHEZ AGUSTINO","MANUEL JESUS VELA SABORIDO",1
"2857","BEATRIZ SANCHEZ AGUSTINO","MARIA ADELA VAO CANADAS",1
"2858","BEATRIZ SANCHEZ AGUSTINO","MARIA CRISTINA PELAEZ IZQUIERDO",1
"2859","BEATRIZ SANCHEZ AGUSTINO","MARIA DE LA CRUZ LOZANO MARIN",1
"2860","BEATRIZ SANCHEZ AGUSTINO","MARIA DEL CARMEN INFANTES HERNANDEZ",1
"2861","BEATRIZ SANCHEZ AGUSTINO","MARIA GORETTI EIBERLE SANCHEZ DE TOCA",1
"2862","BEATRIZ SANCHEZ AGUSTINO","MONICA DEL CARMEN RODRIGUEZ GALLEGO",1
"2863","BEATRIZ SANCHEZ AGUSTINO","NOELIA MARIA CAMPOS RODRIGUEZ",1
"2864","BEATRIZ SANCHEZ AGUSTINO","OTILIA ALARCON CAMUS",1
"2865","BEATRIZ SANCHEZ AGUSTINO","PALOMA GOMEZ ENRIQUEZ",1
"2866","BEATRIZ SANCHEZ AGUSTINO","PAULA DE LOS ANGELES BADANELLI BERRIOZABAL",1
"2867","BEATRIZ SANCHEZ AGUSTINO","PURIFICACION FERNANDEZ MORALES",1
"2868","BEATRIZ SANCHEZ AGUSTINO","RAFAEL SEGOVIA BROME",1
"2869","BEATRIZ SANCHEZ AGUSTINO","RICARDO LOPEZ OLEA",1
"2870","BEATRIZ SANCHEZ AGUSTINO","ROCIO MARIN ORTEGA",1
"2871","BEATRIZ SANCHEZ AGUSTINO","RODRIGO JAVIER ALONSO FERNANDEZ",1
"2872","BEATRIZ SANCHEZ AGUSTINO","SILVIA CLARA ENRIQUEZ GALLEGO",1
"2873","BEATRIZ SANCHEZ AGUSTINO","SILVIA MARIA BELLIDO VERA",1
"2874","BEATRIZ SANCHEZ DEL ALAMO","DIEGO JOSE SALINAS HERNANDEZ",1
"2875","BEATRIZ SANCHEZ RODRIGUEZ","BENITO MORILLO ALEJO",2
"2876","BEATRIZ SANCHEZ RODRIGUEZ","BLANCA ARMARIO GONZALEZ",2
"2877","BEATRIZ SANCHEZ RODRIGUEZ","CARINA MEJIAS SANCHEZ",1
"2878","BEATRIZ SANCHEZ RODRIGUEZ","CARLOS FLORES JUBERIAS",1
"2879","BEATRIZ SANCHEZ RODRIGUEZ","CLOTILDE SALVADOR SANCHEZ",1
"2880","BEATRIZ SANCHEZ RODRIGUEZ","CRISTINA ALEJANDRA JIMENEZ JIMENEZ",1
"2881","BEATRIZ SANCHEZ RODRIGUEZ","DAVID GARCIA GOMIS",1
"2882","BEATRIZ SANCHEZ RODRIGUEZ","EMILIO JESUS DEL VALLE RODRIGUEZ",1
"2883","BEATRIZ SANCHEZ RODRIGUEZ","FRANCISCO JAVIER ORTEGA SMITHMOLINA",1
"2884","BEATRIZ SANCHEZ RODRIGUEZ","FRANCISCO JOSE ALCARAZ MARTOS",1
"2885","BEATRIZ SANCHEZ RODRIGUEZ","FRANCISCO JOSE CONTRERAS PELAEZ",1
"2886","BEATRIZ SANCHEZ RODRIGUEZ","FRANCISCO JOSE DIAZ GRANADOS",1
"2887","BEATRIZ SANCHEZ RODRIGUEZ","GEMA ISABEL GUTIERREZ TOSCANO",1
"2888","BEATRIZ SANCHEZ RODRIGUEZ","GEORGINA TRIAS GIL",1
"2889","BEATRIZ SANCHEZ RODRIGUEZ","IGNACIO GIL LAZARO",1
"2890","BEATRIZ SANCHEZ RODRIGUEZ","IGNACIO HOCES INIGUEZ",1
"2891","BEATRIZ SANCHEZ RODRIGUEZ","ISMAEL IVAN VELEZ CIPRIANO",1
"2892","BEATRIZ SANCHEZ RODRIGUEZ","IVAN ESPINOSA DE LOS MONTEROS DE SIMON",1
"2893","BEATRIZ SANCHEZ RODRIGUEZ","JACOBO GONZALEZROBATTO PEROTE",1
"2894","BEATRIZ SANCHEZ RODRIGUEZ","JAIME JAVIER DOMINGO MARTINEZ",1
"2895","BEATRIZ SANCHEZ RODRIGUEZ","JAVIER CORTES LUCENA",2
"2896","BEATRIZ SANCHEZ RODRIGUEZ","JOAQUIN ROBLES LOPEZ",1
"2897","BEATRIZ SANCHEZ RODRIGUEZ","JORGE CAMPOS ASENSI",1
"2898","BEATRIZ SANCHEZ RODRIGUEZ","JOSE ANTONIO BUENDIA TELLEZ",1
"2899","BEATRIZ SANCHEZ RODRIGUEZ","JOSE FRANCISCO GARRE IZQUIERDO",1
"2900","BEATRIZ SANCHEZ RODRIGUEZ","JOSE MARIA FIGAREDO ALVAREZSALA",1
"2901","BEATRIZ SANCHEZ RODRIGUEZ","JOSE MARIA ORTELLS POLO",1
"2902","BEATRIZ SANCHEZ RODRIGUEZ","JOSE MARIA SANCHEZ GARCIA",1
"2903","BEATRIZ SANCHEZ RODRIGUEZ","JOSE RAMIREZ DEL RIO",1
"2904","BEATRIZ SANCHEZ RODRIGUEZ","JUAN ANTONIO PRADOS MORENO",1
"2905","BEATRIZ SANCHEZ RODRIGUEZ","JUAN JOSE AIZCORBE TORRA",1
"2906","BEATRIZ SANCHEZ RODRIGUEZ","JUAN JOSE BOSQUET ARIAS",2
"2907","BEATRIZ SANCHEZ RODRIGUEZ","JUAN JOSE COCA LOPEZ",1
"2908","BEATRIZ SANCHEZ RODRIGUEZ","LOURDES MENDEZ MONASTERIO",1
"2909","BEATRIZ SANCHEZ RODRIGUEZ","MACARENA OLONA CHOCLAN",1
"2910","BEATRIZ SANCHEZ RODRIGUEZ","MANUEL GAVIRA FLORENTINO",2
"2911","BEATRIZ SANCHEZ RODRIGUEZ","MANUEL MARISCAL ZABALA",1
"2912","BEATRIZ SANCHEZ RODRIGUEZ","MARIA CRISTINA PELAEZ IZQUIERDO",1
"2913","BEATRIZ SANCHEZ RODRIGUEZ","MARIA DE LA CABEZA RUIZ SOLAS",1
"2914","BEATRIZ SANCHEZ RODRIGUEZ","MARIA DE LOS REYES ROMERO VILCHES",1
"2915","BEATRIZ SANCHEZ RODRIGUEZ","MARIA DEL CARMEN CHAMORRO LEON",1
"2916","BEATRIZ SANCHEZ RODRIGUEZ","MARIA GORETTI EIBERLE SANCHEZ DE TOCA",1
"2917","BEATRIZ SANCHEZ RODRIGUEZ","MARIA JOSE RODRIGUEZ DE MILLAN PARRO",2
"2918","BEATRIZ SANCHEZ RODRIGUEZ","MARIA MAGDALENA NEVADO DEL CAMPO",1
"2919","BEATRIZ SANCHEZ RODRIGUEZ","MARIA MAGDALENA PUENTEDURA PEREZ",1
"2920","BEATRIZ SANCHEZ RODRIGUEZ","MARIA MERCEDES RODRIGUEZ TAMAYO",1
"2921","BEATRIZ SANCHEZ RODRIGUEZ","MARIA TERESA LOPEZ ALVAREZ",1
"2922","BEATRIZ SANCHEZ RODRIGUEZ","MONTSERRAT CERVANTES LLORT",1
"2923","BEATRIZ SANCHEZ RODRIGUEZ","NOELIA MARIA CAMPOS RODRIGUEZ",1
"2924","BEATRIZ SANCHEZ RODRIGUEZ","PABLO JUAN CALVO LISTE",1
"2925","BEATRIZ SANCHEZ RODRIGUEZ","PABLO SAEZ ALONSOMUNUMER",1
"2926","BEATRIZ SANCHEZ RODRIGUEZ","PATRICIA RUEDA PERELLO",1
"2927","BEATRIZ SANCHEZ RODRIGUEZ","PAULA DE LOS ANGELES BADANELLI BERRIOZABAL",1
"2928","BEATRIZ SANCHEZ RODRIGUEZ","PEDRO FERNANDEZ HERNANDEZ",1
"2929","BEATRIZ SANCHEZ RODRIGUEZ","PEDRO JESUS REQUEJO NOVOA",1
"2930","BEATRIZ SANCHEZ RODRIGUEZ","PURIFICACION FERNANDEZ MORALES",1
"2931","BEATRIZ SANCHEZ RODRIGUEZ","RAFAEL SEGOVIA BROME",2
"2932","BEATRIZ SANCHEZ RODRIGUEZ","RICARDO CHAMORRO DELMO",1
"2933","BEATRIZ SANCHEZ RODRIGUEZ","RICARDO LOPEZ OLEA",2
"2934","BEATRIZ SANCHEZ RODRIGUEZ","ROCIO DE MEER MENDEZ",1
"2935","BEATRIZ SANCHEZ RODRIGUEZ","ROCIO MARIN ORTEGA",1
"2936","BEATRIZ SANCHEZ RODRIGUEZ","RODRIGO JAVIER ALONSO FERNANDEZ",2
"2937","BEATRIZ SANCHEZ RODRIGUEZ","RODRIGO JIMENEZ REVUELTA",1
"2938","BEATRIZ SANCHEZ RODRIGUEZ","SANTIAGO ABASCAL CONDE",1
"2939","BEATRIZ SANCHEZ RODRIGUEZ","SERGIO MACIAN DE GREEF",1
"2940","BEATRIZ SANCHEZ RODRIGUEZ","TOMAS FERNANDEZ RIOS",1
"2941","BEATRIZ SANCHEZ RODRIGUEZ","VICTOR GUIDO GONZALEZ COELLO DE PORTUGAL",1
"2942","BEATRIZ SANCHEZ RODRIGUEZ","YOLANDA MERELO PALOMARES",1
"2943","BEATRIZ TEJERO OLLER","BLANCA ARMARIO GONZALEZ",1
"2944","BEATRIZ TEJERO OLLER","CARINA MEJIAS SANCHEZ",1
"2945","BEATRIZ TEJERO OLLER","CARLA TOSCANO DE BALBIN",1
"2946","BEATRIZ TEJERO OLLER","CARLOS FLORES JUBERIAS",1
"2947","BEATRIZ TEJERO OLLER","CRISTINA DE ESTEBAN CALONJE",1
"2948","BEATRIZ TEJERO OLLER","CRISTINA ESTEBAN CALONJE",1
"2949","BEATRIZ TEJERO OLLER","DAVID GARCIA GOMIS",1
"2950","BEATRIZ TEJERO OLLER","EMILIO JESUS DEL VALLE RODRIGUEZ",1
"2951","BEATRIZ TEJERO OLLER","FRANCISCO JAVIER ORTEGA SMITHMOLINA",2
"2952","BEATRIZ TEJERO OLLER","FRANCISCO JOSE ALCARAZ MARTOS",2
"2953","BEATRIZ TEJERO OLLER","FRANCISCO JOSE CONTRERAS PELAEZ",1
"2954","BEATRIZ TEJERO OLLER","GEORGINA TRIAS GIL",1
"2955","BEATRIZ TEJERO OLLER","HERMANN LEOPOLD TERTSCH DEL VALLELERSUNDI",1
"2956","BEATRIZ TEJERO OLLER","IGNACIO GARRIGA VAZ DE CONCICAO",2
"2957","BEATRIZ TEJERO OLLER","IGNACIO GIL LAZARO",3
"2958","BEATRIZ TEJERO OLLER","IGNACIO HOCES INIGUEZ",1
"2959","BEATRIZ TEJERO OLLER","INIGO HENRIQUEZ DE LUNA LOSADA",3
"2960","BEATRIZ TEJERO OLLER","ISABEL PEREZ MONINOARANDA",1
"2961","BEATRIZ TEJERO OLLER","ISMAEL IVAN VELEZ CIPRIANO",2
"2962","BEATRIZ TEJERO OLLER","IVAN ESPINOSA DE LOS MONTEROS DE SIMON",3
"2963","BEATRIZ TEJERO OLLER","JACOBO GONZALEZROBATTO PEROTE",1
"2964","BEATRIZ TEJERO OLLER","JAIME GONZALEZ CANOMANUEL",1
"2965","BEATRIZ TEJERO OLLER","JAVIER ORTEGA SMITHMOLINA",1
"2966","BEATRIZ TEJERO OLLER","JAVIER PEREZ GALLARDO",1
"2967","BEATRIZ TEJERO OLLER","JOAQUIN ROBLES LOPEZ",3
"2968","BEATRIZ TEJERO OLLER","JORGE ARTURO CUTILLAS CORDON",3
"2969","BEATRIZ TEJERO OLLER","JORGE BUXADE VILLALBA",1
"2970","BEATRIZ TEJERO OLLER","JORGE CAMPOS ASENSI",1
"2971","BEATRIZ TEJERO OLLER","JORGE MARTIN FRIAS",1
"2972","BEATRIZ TEJERO OLLER","JOSE ANTONIO FUSTER LAMELAS",1
"2973","BEATRIZ TEJERO OLLER","JOSE FRANCISCO GARRE IZQUIERDO",1
"2974","BEATRIZ TEJERO OLLER","JOSE IGNACIO ARIAS MORENO",2
"2975","BEATRIZ TEJERO OLLER","JOSE LUIS RUIZ BARTOLOME",2
"2976","BEATRIZ TEJERO OLLER","JOSE MARIA FIGAREDO ALVAREZSALA",2
"2977","BEATRIZ TEJERO OLLER","JOSE MARIA MARCO TOBARRA",1
"2978","BEATRIZ TEJERO OLLER","JOSE MARIA SANCHEZ GARCIA",2
"2979","BEATRIZ TEJERO OLLER","JOSE MARIA VAZQUEZ ALVAREZ",1
"2980","BEATRIZ TEJERO OLLER","JOSE RAMIREZ DEL RIO",2
"2981","BEATRIZ TEJERO OLLER","JUAN CARLOS GIRAUTA VIDAL",1
"2982","BEATRIZ TEJERO OLLER","JUAN JOSE AIZCORBE TORRA",2
"2983","BEATRIZ TEJERO OLLER","LOURDES MENDEZ MONASTERIO",3
"2984","BEATRIZ TEJERO OLLER","MACARENA OLONA CHOCLAN",2
"2985","BEATRIZ TEJERO OLLER","MAGDALENA MARGARITA CONTESTI ROSSELLO",1
"2986","BEATRIZ TEJERO OLLER","MANUEL GONZALEZ BAZAN",1
"2987","BEATRIZ TEJERO OLLER","MANUEL MARISCAL ZABALA",3
"2988","BEATRIZ TEJERO OLLER","MANUEL MESTRE BAREA",2
"2989","BEATRIZ TEJERO OLLER","MANUEL RAFAEL RODRIGUEZ VALERO",1
"2990","BEATRIZ TEJERO OLLER","MARGARITA DE LA PISA CARRION",1
"2991","BEATRIZ TEJERO OLLER","MARIA BELEN GONZALEZ MORENO",1
"2992","BEATRIZ TEJERO OLLER","MARIA DE LA CABEZA RUIZ SOLAS",3
"2993","BEATRIZ TEJERO OLLER","MARIA DE LOS REYES ROMERO VILCHES",3
"2994","BEATRIZ TEJERO OLLER","MARIA JOSE RODRIGUEZ DE MILLAN PARRO",1
"2995","BEATRIZ TEJERO OLLER","MARIA MAGDALENA NEVADO DEL CAMPO",1
"2996","BEATRIZ TEJERO OLLER","MARIA TERESA LOPEZ ALVAREZ",1
"2997","BEATRIZ TEJERO OLLER","MARIANO CALABUIG MARTINEZ",2
"2998","BEATRIZ TEJERO OLLER","MARTA ALVAREZ BARRIO",1
"2999","BEATRIZ TEJERO OLLER","MIGUEL ANGEL FERNANDEZ LOPEZ",1
"3000","BEATRIZ TEJERO OLLER","MIREIA BORRAS PABON",1
"3001","BEATRIZ TEJERO OLLER","PABLO JUAN CALVO LISTE",1
"3002","BEATRIZ TEJERO OLLER","PABLO SAEZ ALONSOMUNUMER",3
"3003","BEATRIZ TEJERO OLLER","PATRICIA DE LAS HERAS FERNANDEZ",1
"3004","BEATRIZ TEJERO OLLER","PATRICIA RUEDA PERELLO",3
"3005","BEATRIZ TEJERO OLLER","PEDRO FERNANDEZ HERNANDEZ",3
"3006","BEATRIZ TEJERO OLLER","PEDRO JESUS REQUEJO NOVOA",1
"3007","BEATRIZ TEJERO OLLER","RICARDO CHAMORRO DELMO",3
"3008","BEATRIZ TEJERO OLLER","ROCIO DE MEER MENDEZ",3
"3009","BEATRIZ TEJERO OLLER","ROCIO MONASTERIO SAN MARTIN",3
"3010","BEATRIZ TEJERO OLLER","RODRIGO JIMENEZ REVUELTA",1
"3011","BEATRIZ TEJERO OLLER","RUBEN SILVANO MANSO OLIVAR",1
"3012","BEATRIZ TEJERO OLLER","SANTIAGO ABASCAL CONDE",3
"3013","BEATRIZ TEJERO OLLER","SERAFIN SERRANO MARIN",1
"3014","BEATRIZ TEJERO OLLER","SERGIO MACIAN DE GREEF",1
"3015","BEATRIZ TEJERO OLLER","SONIA LUISA LALANDA SANMIGUEL",1
"3016","BEATRIZ TEJERO OLLER","TOMAS FERNANDEZ RIOS",1
"3017","BEATRIZ TEJERO OLLER","VICTOR GUIDO GONZALEZ COELLO DE PORTUGAL",2
"3018","BEATRIZ TEJERO OLLER","VICTOR MANUEL SANCHEZ DEL REAL",1
"3019","BEATRIZ TEJERO OLLER","YOLANDA MERELO PALOMARES",1
"3020","BENITO BENITO GRUESO","MARIA ELENA VILLAHERMOSA MOLINERO",1
"3021","BENITO DEL RIO LOPEZ","INIGO HENRIQUEZ DE LUNA LOSADA",1
"3022","BENITO DEL RIO LOPEZ","ISABEL PEREZ MONINOARANDA",1
"3023","BENITO DEL RIO LOPEZ","JORGE ARTURO CUTILLAS CORDON",1
"3024","BENITO DEL RIO LOPEZ","JOSE ANTONIO FUSTER LAMELAS",1
"3025","BENITO DEL RIO LOPEZ","JOSE IGNACIO ARIAS MORENO",1
"3026","BENITO DEL RIO LOPEZ","JOSE LUIS RUIZ BARTOLOME",1
"3027","BENITO DEL RIO LOPEZ","MARIA BELEN GONZALEZ MORENO",1
"3028","BENITO DEL RIO LOPEZ","ROCIO MONASTERIO SAN MARTIN",1
"3029","BENITO MORILLO ALEJO","BLANCA ARMARIO GONZALEZ",1
"3030","BENITO MORILLO ALEJO","CLOTILDE SALVADOR SANCHEZ",1
"3031","BENITO MORILLO ALEJO","CRISTINA ALEJANDRA JIMENEZ JIMENEZ",2
"3032","BENITO MORILLO ALEJO","DAVID NAVARRO QUESADA",2
"3033","BENITO MORILLO ALEJO","EVA MARIA POZA MENDEZ",2
"3034","BENITO MORILLO ALEJO","FRANCISCO RAUL CORDERO OLMEDO",1
"3035","BENITO MORILLO ALEJO","GEMA ISABEL GUTIERREZ TOSCANO",1
"3036","BENITO MORILLO ALEJO","GERARDO ACEITUNO CARRASCO",1
"3037","BENITO MORILLO ALEJO","GLORIA GAMONOSO FERRARO",2
"3038","BENITO MORILLO ALEJO","GUSTAVO DE CASTRO SIERRA",1
"3039","BENITO MORILLO ALEJO","INIGO PABLO OSUNA GONZALEZ DE AGUILAR",1
"3040","BENITO MORILLO ALEJO","ISABEL MADERA FREIXAS",1
"3041","BENITO MORILLO ALEJO","JAIME JAVIER DOMINGO MARTINEZ",1
"3042","BENITO MORILLO ALEJO","JAVIER CORTES LUCENA",2
"3043","BENITO MORILLO ALEJO","JOSE ANTONIO GOMILA ORTEGA",2
"3044","BENITO MORILLO ALEJO","JOSE MARIA ORTELLS POLO",1
"3045","BENITO MORILLO ALEJO","JUAN FRANCISCO ROJAS FERNANDEZ",1
"3046","BENITO MORILLO ALEJO","JUAN JOSE BOSQUET ARIAS",2
"3047","BENITO MORILLO ALEJO","JUAN JOSE COCA LOPEZ",2
"3048","BENITO MORILLO ALEJO","LUCIA CUADROS ESTEVEZ",2
"3049","BENITO MORILLO ALEJO","LUZ BELINDA RODRIGUEZ FERNANDEZ",1
"3050","BENITO MORILLO ALEJO","MACARENA OLONA CHOCLAN",1
"3051","BENITO MORILLO ALEJO","MANUEL GAVIRA FLORENTINO",2
"3052","BENITO MORILLO ALEJO","MANUEL JESUS VELA SABORIDO",1
"3053","BENITO MORILLO ALEJO","MANUEL JORGE MARTIN MONTERO",1
"3054","BENITO MORILLO ALEJO","MANUELA DEL MAR MARTIN IBANEZ",1
"3055","BENITO MORILLO ALEJO","MARIA ADELA VAO CANADAS",2
"3056","BENITO MORILLO ALEJO","MARIA CRISTINA PELAEZ IZQUIERDO",1
"3057","BENITO MORILLO ALEJO","MARIA DE LA CRUZ LOZANO MARIN",1
"3058","BENITO MORILLO ALEJO","MARIA DEL CARMEN INFANTES HERNANDEZ",1
"3059","BENITO MORILLO ALEJO","MARIA DEL CARMEN MURIEL MARQUEZ",1
"3060","BENITO MORILLO ALEJO","MARIA GORETTI EIBERLE SANCHEZ DE TOCA",1
"3061","BENITO MORILLO ALEJO","MARIA JOSE RODRIGUEZ DE MILLAN PARRO",1
"3062","BENITO MORILLO ALEJO","MARIA LOPEZ ZAMBRANO",1
"3063","BENITO MORILLO ALEJO","MARIA MAGDALENA PUENTEDURA PEREZ",1
"3064","BENITO MORILLO ALEJO","MARIA MERCEDES RODRIGUEZ TAMAYO",1
"3065","BENITO MORILLO ALEJO","MONTSERRAT CERVANTES LLORT",1
"3066","BENITO MORILLO ALEJO","NOELIA MARIA CAMPOS RODRIGUEZ",1
"3067","BENITO MORILLO ALEJO","OTILIA ALARCON CAMUS",1
"3068","BENITO MORILLO ALEJO","PAULA DE LOS ANGELES BADANELLI BERRIOZABAL",1
"3069","BENITO MORILLO ALEJO","PURIFICACION FERNANDEZ MORALES",2
"3070","BENITO MORILLO ALEJO","RAFAEL SEGOVIA BROME",2
"3071","BENITO MORILLO ALEJO","RICARDO LOPEZ OLEA",2
"3072","BENITO MORILLO ALEJO","ROCIO MARIN ORTEGA",1
"3073","BENITO MORILLO ALEJO","RODRIGO JAVIER ALONSO FERNANDEZ",2
"3074","BENITO MORILLO ALEJO","SILVIA CLARA ENRIQUEZ GALLEGO",2
"3075","BENITO MORILLO ALEJO","SILVIA MARIA BELLIDO VERA",1
"3076","BENITO MORILLO ALEJO","SOLEDAD PEREZ RUBIO",1
"3077","BLANCA ARMARIO GONZALEZ","BLANCA LUZ RETORTILLO CARPINTERO",1
"3078","BLANCA ARMARIO GONZALEZ","CAMILO JOSE GIL FERNANDEZ DE ANGULO",1
"3079","BLANCA ARMARIO GONZALEZ","CARINA MEJIAS SANCHEZ",1
"3080","BLANCA ARMARIO GONZALEZ","CARLA TOSCANO DE BALBIN",1
"3081","BLANCA ARMARIO GONZALEZ","CARLOS FLORES JUBERIAS",1
"3082","BLANCA ARMARIO GONZALEZ","CARLOS FRANCISCO VERDEJO FERRER",1
"3083","BLANCA ARMARIO GONZALEZ","CARLOS JOSE ZAMBRANO GARCIARAEZ",1
"3084","BLANCA ARMARIO GONZALEZ","CARLOS NAVARRO LIZARRAGA",1
"3085","BLANCA ARMARIO GONZALEZ","CARMEN LOSCERTALES MARTIN DE AGAR",1
"3086","BLANCA ARMARIO GONZALEZ","CLARA ISABEL RUBIO CONTRERAS",1
"3087","BLANCA ARMARIO GONZALEZ","CRISTINA ALEJANDRA JIMENEZ JIMENEZ",1
"3088","BLANCA ARMARIO GONZALEZ","DANIEL MOLINA MARTINEZ",1
"3089","BLANCA ARMARIO GONZALEZ","DAVID BORJA PEREZ",1
"3090","BLANCA ARMARIO GONZALEZ","DAVID GARCIA GOMIS",1
"3091","BLANCA ARMARIO GONZALEZ","DAVID MUNOZ PEREZ",1
"3092","BLANCA ARMARIO GONZALEZ","DAVID NAVARRO QUESADA",2
"3093","BLANCA ARMARIO GONZALEZ","ELIANA PALACIOS ALBORNOZ",1
"3094","BLANCA ARMARIO GONZALEZ","ELOISA MARIA GRACIA MONTANO",1
"3095","BLANCA ARMARIO GONZALEZ","EMILIO JESUS DEL VALLE RODRIGUEZ",1
"3096","BLANCA ARMARIO GONZALEZ","ENRIQUE JIMENEZ VAQUERIZO",1
"3097","BLANCA ARMARIO GONZALEZ","ENRIQUE QUESADA SANCHEZ",1
"3098","BLANCA ARMARIO GONZALEZ","EVA MARIA GARCIA ALEGRE",1
"3099","BLANCA ARMARIO GONZALEZ","EVA MARIA POZA MENDEZ",1
"3100","BLANCA ARMARIO GONZALEZ","FELIPE MORENO MORERA",1
"3101","BLANCA ARMARIO GONZALEZ","FLORENCIO AGUSTIN TOLDOS FERNANDEZ",1
"3102","BLANCA ARMARIO GONZALEZ","FRANCISCA VICENTE CREMADES",1
"3103","BLANCA ARMARIO GONZALEZ","FRANCISCO DE PAULA SERRANO CABALLERO",1
"3104","BLANCA ARMARIO GONZALEZ","FRANCISCO JAVIER ORTEGA SMITHMOLINA",1
"3105","BLANCA ARMARIO GONZALEZ","FRANCISCO JOSE ALCARAZ MARTOS",1
"3106","BLANCA ARMARIO GONZALEZ","FRANCISCO JOSE CONTRERAS PELAEZ",1
"3107","BLANCA ARMARIO GONZALEZ","FRANCISCO JOSE RUIZ ENRIQUEZ",1
"3108","BLANCA ARMARIO GONZALEZ","FRANCISCO RAUL CORDERO OLMEDO",2
"3109","BLANCA ARMARIO GONZALEZ","GEMA ISABEL GUTIERREZ TOSCANO",1
"3110","BLANCA ARMARIO GONZALEZ","GEORGINA TRIAS GIL",1
"3111","BLANCA ARMARIO GONZALEZ","GERARDO ACEITUNO CARRASCO",2
"3112","BLANCA ARMARIO GONZALEZ","GLORIA GAMONOSO FERRARO",1
"3113","BLANCA ARMARIO GONZALEZ","HERMANN LEOPOLD TERTSCH DEL VALLELERSUNDI",1
"3114","BLANCA ARMARIO GONZALEZ","IGNACIO GARRIGA VAZ DE CONCICAO",1
"3115","BLANCA ARMARIO GONZALEZ","IGNACIO GIL LAZARO",1
"3116","BLANCA ARMARIO GONZALEZ","IGNACIO HOCES INIGUEZ",1
"3117","BLANCA ARMARIO GONZALEZ","IGNACIO MENENDEZ MEDRANO",1
"3118","BLANCA ARMARIO GONZALEZ","INES MARIA CANIZARES PACHECO",1
"3119","BLANCA ARMARIO GONZALEZ","IRENE HERRERO RUBERT",1
"3120","BLANCA ARMARIO GONZALEZ","ISMAEL IVAN VELEZ CIPRIANO",1
"3121","BLANCA ARMARIO GONZALEZ","IVAN ESPINOSA DE LOS MONTEROS DE SIMON",1
"3122","BLANCA ARMARIO GONZALEZ","JACOBO GONZALEZROBATTO PEROTE",1
"3123","BLANCA ARMARIO GONZALEZ","JAIME JAVIER DOMINGO MARTINEZ",2
"3124","BLANCA ARMARIO GONZALEZ","JAVIER BRAVO ARROBAS",1
"3125","BLANCA ARMARIO GONZALEZ","JAVIER CORTES LUCENA",1
"3126","BLANCA ARMARIO GONZALEZ","JAVIER JOVE SANDOVAL",1
"3127","BLANCA ARMARIO GONZALEZ","JAVIER PEREZ GALLARDO",1
"3128","BLANCA ARMARIO GONZALEZ","JOAQUIN ROBLES LOPEZ",1
"3129","BLANCA ARMARIO GONZALEZ","JORGE ARTURO CUTILLAS CORDON",1
"3130","BLANCA ARMARIO GONZALEZ","JORGE BUXADE VILLALBA",1
"3131","BLANCA ARMARIO GONZALEZ","JORGE CAMPOS ASENSI",1
"3132","BLANCA ARMARIO GONZALEZ","JORGE MARTIN FRIAS",2
"3133","BLANCA ARMARIO GONZALEZ","JORGE MARTIN TRANCON",1
"3134","BLANCA ARMARIO GONZALEZ","JOSE ANTONIO GOMILA ORTEGA",2
"3135","BLANCA ARMARIO GONZALEZ","JOSE FRANCISCO GARRE IZQUIERDO",1
"3136","BLANCA ARMARIO GONZALEZ","JOSE IGNACIO ARIAS MORENO",1
"3137","BLANCA ARMARIO GONZALEZ","JOSE MANUEL MARTIN CAMACHO",1
"3138","BLANCA ARMARIO GONZALEZ","JOSE MARIA ANTON GARCIA",1
"3139","BLANCA ARMARIO GONZALEZ","JOSE MARIA FIGAREDO ALVAREZSALA",1
"3140","BLANCA ARMARIO GONZALEZ","JOSE MARIA ORTELLS POLO",1
"3141","BLANCA ARMARIO GONZALEZ","JOSE MARIA SANCHEZ GARCIA",1
"3142","BLANCA ARMARIO GONZALEZ","JOSE MIGUEL TASENDE SOUTO",1
"3143","BLANCA ARMARIO GONZALEZ","JOSE RAMIREZ DEL RIO",1
"3144","BLANCA ARMARIO GONZALEZ","JOSEFINA BLAZQUEZ SANCHEZ",1
"3145","BLANCA ARMARIO GONZALEZ","JUAN CARLOS GIRAUTA VIDAL",1
"3146","BLANCA ARMARIO GONZALEZ","JUAN CARLOS VICENTE MARTINEZ",1
"3147","BLANCA ARMARIO GONZALEZ","JUAN FRANCISCO ROJAS FERNANDEZ",1
"3148","BLANCA ARMARIO GONZALEZ","JUAN JOSE AIZCORBE TORRA",1
"3149","BLANCA ARMARIO GONZALEZ","JUAN JOSE BOSQUET ARIAS",1
"3150","BLANCA ARMARIO GONZALEZ","JUAN JOSE COCA LOPEZ",1
"3151","BLANCA ARMARIO GONZALEZ","JUAN SERGIO REDONDO PACHECO",1
"3152","BLANCA ARMARIO GONZALEZ","JULIO ROSADO MARTIN",1
"3153","BLANCA ARMARIO GONZALEZ","KATIUSKA DE LOS ANGELES GARCIA RAMIREZ",1
"3154","BLANCA ARMARIO GONZALEZ","LOURDES MENDEZ MONASTERIO",1
"3155","BLANCA ARMARIO GONZALEZ","LUCIA CUADROS ESTEVEZ",1
"3156","BLANCA ARMARIO GONZALEZ","LUIS GESTOSO DE MIGUEL",1
"3157","BLANCA ARMARIO GONZALEZ","MACARENA OLONA CHOCLAN",1
"3158","BLANCA ARMARIO GONZALEZ","MANUEL GAVIRA FLORENTINO",1
"3159","BLANCA ARMARIO GONZALEZ","MANUEL JORGE MARTIN MONTERO",1
"3160","BLANCA ARMARIO GONZALEZ","MANUEL MARISCAL ZABALA",1
"3161","BLANCA ARMARIO GONZALEZ","MANUELA BOLADO ALCALDE",1
"3162","BLANCA ARMARIO GONZALEZ","MANUELA DEL MAR MARTIN IBANEZ",2
"3163","BLANCA ARMARIO GONZALEZ","MARGARITA DE LA PISA CARRION",1
"3164","BLANCA ARMARIO GONZALEZ","MARIA ADELA VAO CANADAS",1
"3165","BLANCA ARMARIO GONZALEZ","MARIA ARANZAZU MARTINEZ RIOLA",1
"3166","BLANCA ARMARIO GONZALEZ","MARIA BEATRIZ CASTILLEJO SEVILLA",1
"3167","BLANCA ARMARIO GONZALEZ","MARIA BELEN MANZANO SAGUAR",1
"3168","BLANCA ARMARIO GONZALEZ","MARIA DE LA CABEZA RUIZ SOLAS",1
"3169","BLANCA ARMARIO GONZALEZ","MARIA DE LA CRUZ LOZANO MARIN",1
"3170","BLANCA ARMARIO GONZALEZ","MARIA DE LOS REYES ROMERO VILCHES",1
"3171","BLANCA ARMARIO GONZALEZ","MARIA DEL CARMEN MURIEL MARQUEZ",1
"3172","BLANCA ARMARIO GONZALEZ","MARIA DEL PILAR BAOS REVILLA",1
"3173","BLANCA ARMARIO GONZALEZ","MARIA DOLORES MATEO MATEOS",1
"3174","BLANCA ARMARIO GONZALEZ","MARIA GEMA ESCOLANO BERNA",1
"3175","BLANCA ARMARIO GONZALEZ","MARIA INES DIAZ CASAS",1
"3176","BLANCA ARMARIO GONZALEZ","MARIA JOSE RODRIGUEZ DE MILLAN PARRO",2
"3177","BLANCA ARMARIO GONZALEZ","MARIA LOPEZ ZAMBRANO",2
"3178","BLANCA ARMARIO GONZALEZ","MARIA LUISA MENENDEZ MARTINEZ",1
"3179","BLANCA ARMARIO GONZALEZ","MARIA MAGDALENA NEVADO DEL CAMPO",1
"3180","BLANCA ARMARIO GONZALEZ","MARIA MAGDALENA PUENTEDURA PEREZ",2
"3181","BLANCA ARMARIO GONZALEZ","MARIA MERCEDES RODRIGUEZ TAMAYO",1
"3182","BLANCA ARMARIO GONZALEZ","MARIA SUSANA JIMENEZ AIBAR",1
"3183","BLANCA ARMARIO GONZALEZ","MARIA TERESA GARCIA DE LA ROSA JIMENEZ",1
"3184","BLANCA ARMARIO GONZALEZ","MARIA TERESA LOPEZ ALVAREZ",1
"3185","BLANCA ARMARIO GONZALEZ","MARIA TERESA LOPEZ DIVASSON",1
"3186","BLANCA ARMARIO GONZALEZ","MARIA VIDAL BENNASAR",1
"3187","BLANCA ARMARIO GONZALEZ","MARIA ZULEMA SAN JOSE SANCHEZ",1
"3188","BLANCA ARMARIO GONZALEZ","MARINA DABAN ALONSO",1
"3189","BLANCA ARMARIO GONZALEZ","MARTA ALEGRIA MARTINEZ",1
"3190","BLANCA ARMARIO GONZALEZ","MARTA GERVASIA GARRIDO MORENO",1
"3191","BLANCA ARMARIO GONZALEZ","MARTA MARTIN CUSTODIO",1
"3192","BLANCA ARMARIO GONZALEZ","MIGUEL MALDONADO CABALLERO",1
"3193","BLANCA ARMARIO GONZALEZ","MIREIA BORRAS PABON",1
"3194","BLANCA ARMARIO GONZALEZ","MONICA LORA CISQUER",1
"3195","BLANCA ARMARIO GONZALEZ","MONTSERRAT CERVANTES LLORT",1
"3196","BLANCA ARMARIO GONZALEZ","OLIVIA MORENO NAVAS",1
"3197","BLANCA ARMARIO GONZALEZ","PABLO JUAN CALVO LISTE",1
"3198","BLANCA ARMARIO GONZALEZ","PABLO PEREZ GALLARDO",1
"3199","BLANCA ARMARIO GONZALEZ","PABLO SAEZ ALONSOMUNUMER",1
"3200","BLANCA ARMARIO GONZALEZ","PALOMA GOMEZ ENRIQUEZ",1
"3201","BLANCA ARMARIO GONZALEZ","PATRICIA ESCAMEZ MARIN",1
"3202","BLANCA ARMARIO GONZALEZ","PATRICIA RUEDA PERELLO",1
"3203","BLANCA ARMARIO GONZALEZ","PAULA DE LOS ANGELES BADANELLI BERRIOZABAL",1
"3204","BLANCA ARMARIO GONZALEZ","PEDRO FERNANDEZ HERNANDEZ",1
"3205","BLANCA ARMARIO GONZALEZ","PEDRO JESUS REQUEJO NOVOA",1
"3206","BLANCA ARMARIO GONZALEZ","PURIFICACION FERNANDEZ MORALES",1
"3207","BLANCA ARMARIO GONZALEZ","RAFAEL RICARDO GONZALEZ GALLEGO",1
"3208","BLANCA ARMARIO GONZALEZ","RAFAEL SEGOVIA BROME",2
"3209","BLANCA ARMARIO GONZALEZ","RICARDO CHAMORRO DELMO",1
"3210","BLANCA ARMARIO GONZALEZ","RICARDO LOPEZ OLEA",1
"3211","BLANCA ARMARIO GONZALEZ","ROCIO DE MEER MENDEZ",1
"3212","BLANCA ARMARIO GONZALEZ","RODRIGO JAVIER ALONSO FERNANDEZ",1
"3213","BLANCA ARMARIO GONZALEZ","RODRIGO JIMENEZ REVUELTA",1
"3214","BLANCA ARMARIO GONZALEZ","SALOME NIETO TARRAGA",1
"3215","BLANCA ARMARIO GONZALEZ","SANTIAGO ABASCAL CONDE",1
"3216","BLANCA ARMARIO GONZALEZ","SERGI FABRI LLAVERO",1
"3217","BLANCA ARMARIO GONZALEZ","SERGIO CHAGARTEGUI SANCHEZ",1
"3218","BLANCA ARMARIO GONZALEZ","SERGIO MACIAN DE GREEF",1
"3219","BLANCA ARMARIO GONZALEZ","SILVIA CLARA ENRIQUEZ GALLEGO",2
"3220","BLANCA ARMARIO GONZALEZ","SOLEDAD PEREZ RUBIO",2
"3221","BLANCA ARMARIO GONZALEZ","SONSOLES PALACIOS MORENO",1
"3222","BLANCA ARMARIO GONZALEZ","TEODORO RAMON POZO MUNIZ",1
"3223","BLANCA ARMARIO GONZALEZ","TOMAS FERNANDEZ RIOS",1
"3224","BLANCA ARMARIO GONZALEZ","VALENTIN LOPEZ LOPEZ",1
"3225","BLANCA ARMARIO GONZALEZ","VICTOR GUIDO GONZALEZ COELLO DE PORTUGAL",1
"3226","BLANCA ARMARIO GONZALEZ","VICTOR MANUEL ACOSTA HERNANDEZ",1
"3227","BLANCA ARMARIO GONZALEZ","VIRGINIA HUERTAS PECHUAN",1
"3228","BLANCA ARMARIO GONZALEZ","YOLANDA MERELO PALOMARES",1
"3229","BLANCA LUZ RETORTILLO CARPINTERO","CARINA MEJIAS SANCHEZ",1
"3230","BLANCA LUZ RETORTILLO CARPINTERO","CARLOS FLORES JUBERIAS",1
"3231","BLANCA LUZ RETORTILLO CARPINTERO","DAVID GARCIA GOMIS",1
"3232","BLANCA LUZ RETORTILLO CARPINTERO","EMILIO JESUS DEL VALLE RODRIGUEZ",1
"3233","BLANCA LUZ RETORTILLO CARPINTERO","FRANCISCO JAVIER ORTEGA SMITHMOLINA",1
"3234","BLANCA LUZ RETORTILLO CARPINTERO","FRANCISCO JOSE ALCARAZ MARTOS",1
"3235","BLANCA LUZ RETORTILLO CARPINTERO","FRANCISCO JOSE CONTRERAS PELAEZ",1
"3236","BLANCA LUZ RETORTILLO CARPINTERO","GEORGINA TRIAS GIL",1
"3237","BLANCA LUZ RETORTILLO CARPINTERO","IGNACIO GIL LAZARO",1
"3238","BLANCA LUZ RETORTILLO CARPINTERO","IGNACIO HOCES INIGUEZ",1
"3239","BLANCA LUZ RETORTILLO CARPINTERO","ISMAEL IVAN VELEZ CIPRIANO",1
"3240","BLANCA LUZ RETORTILLO CARPINTERO","IVAN ESPINOSA DE LOS MONTEROS DE SIMON",1
"3241","BLANCA LUZ RETORTILLO CARPINTERO","JACOBO GONZALEZROBATTO PEROTE",1
"3242","BLANCA LUZ RETORTILLO CARPINTERO","JOAQUIN ROBLES LOPEZ",1
"3243","BLANCA LUZ RETORTILLO CARPINTERO","JORGE CAMPOS ASENSI",1
"3244","BLANCA LUZ RETORTILLO CARPINTERO","JOSE FRANCISCO GARRE IZQUIERDO",1
"3245","BLANCA LUZ RETORTILLO CARPINTERO","JOSE MARIA FIGAREDO ALVAREZSALA",1
"3246","BLANCA LUZ RETORTILLO CARPINTERO","JOSE MARIA SANCHEZ GARCIA",1
"3247","BLANCA LUZ RETORTILLO CARPINTERO","JOSE RAMIREZ DEL RIO",1
"3248","BLANCA LUZ RETORTILLO CARPINTERO","JUAN JOSE AIZCORBE TORRA",1
"3249","BLANCA LUZ RETORTILLO CARPINTERO","LOURDES MENDEZ MONASTERIO",1
"3250","BLANCA LUZ RETORTILLO CARPINTERO","MANUEL MARISCAL ZABALA",1
"3251","BLANCA LUZ RETORTILLO CARPINTERO","MARIA DE LA CABEZA RUIZ SOLAS",1
"3252","BLANCA LUZ RETORTILLO CARPINTERO","MARIA DE LOS REYES ROMERO VILCHES",1
"3253","BLANCA LUZ RETORTILLO CARPINTERO","MARIA JOSE RODRIGUEZ DE MILLAN PARRO",1
"3254","BLANCA LUZ RETORTILLO CARPINTERO","MARIA MAGDALENA NEVADO DEL CAMPO",1
"3255","BLANCA LUZ RETORTILLO CARPINTERO","MARIA TERESA LOPEZ ALVAREZ",1
"3256","BLANCA LUZ RETORTILLO CARPINTERO","PABLO JUAN CALVO LISTE",1
"3257","BLANCA LUZ RETORTILLO CARPINTERO","PABLO SAEZ ALONSOMUNUMER",1
"3258","BLANCA LUZ RETORTILLO CARPINTERO","PATRICIA RUEDA PERELLO",1
"3259","BLANCA LUZ RETORTILLO CARPINTERO","PEDRO FERNANDEZ HERNANDEZ",1
"3260","BLANCA LUZ RETORTILLO CARPINTERO","PEDRO JESUS REQUEJO NOVOA",1
"3261","BLANCA LUZ RETORTILLO CARPINTERO","RICARDO CHAMORRO DELMO",1
"3262","BLANCA LUZ RETORTILLO CARPINTERO","ROCIO DE MEER MENDEZ",1
"3263","BLANCA LUZ RETORTILLO CARPINTERO","RODRIGO JIMENEZ REVUELTA",1
"3264","BLANCA LUZ RETORTILLO CARPINTERO","SANTIAGO ABASCAL CONDE",1
"3265","BLANCA LUZ RETORTILLO CARPINTERO","SERGIO MACIAN DE GREEF",1
"3266","BLANCA LUZ RETORTILLO CARPINTERO","TOMAS FERNANDEZ RIOS",1
"3267","BLANCA LUZ RETORTILLO CARPINTERO","VICTOR GUIDO GONZALEZ COELLO DE PORTUGAL",1
"3268","BLANCA LUZ RETORTILLO CARPINTERO","YOLANDA MERELO PALOMARES",1
"3269","BLANCA MARIA HERREROS RODRIGUEZ","CARLA TOSCANO DE BALBIN",1
"3270","BLANCA MARIA HERREROS RODRIGUEZ","CARLOS MENENDEZ BLANCO",1
"3271","BLANCA MARIA HERREROS RODRIGUEZ","CARLOS POLLAN FERNANDEZ",1
"3272","BLANCA MARIA HERREROS RODRIGUEZ","CRISTINA DE ESTEBAN CALONJE",1
"3273","BLANCA MARIA HERREROS RODRIGUEZ","DAVID HIERRO SANTOS",1
"3274","BLANCA MARIA HERREROS RODRIGUEZ","FRANCISCO JAVIER ORTEGA SMITHMOLINA",1
"3275","BLANCA MARIA HERREROS RODRIGUEZ","IGNACIO GARRIGA VAZ DE CONCICAO",1
"3276","BLANCA MARIA HERREROS RODRIGUEZ","IGNACIO GIL LAZARO",1
"3277","BLANCA MARIA HERREROS RODRIGUEZ","IGNACIO SICILIA DOMENECH",1
"3278","BLANCA MARIA HERREROS RODRIGUEZ","IVAN ESPINOSA DE LOS MONTEROS DE SIMON",1
"3279","BLANCA MARIA HERREROS RODRIGUEZ","JOAQUIN ROBLES LOPEZ",1
"3280","BLANCA MARIA HERREROS RODRIGUEZ","JOSE ANTONIO PALOMO MARTIN",1
"3281","BLANCA MARIA HERREROS RODRIGUEZ","JOSE MARIA FIGAREDO ALVAREZSALA",1
"3282","BLANCA MARIA HERREROS RODRIGUEZ","JOSE MARIA VAZQUEZ ALVAREZ",1
"3283","BLANCA MARIA HERREROS RODRIGUEZ","JOSE RAMIREZ DEL RIO",1
"3284","BLANCA MARIA HERREROS RODRIGUEZ","JUAN GARCIAGALLARDO FRINGS",1
"3285","BLANCA MARIA HERREROS RODRIGUEZ","LOURDES MENDEZ MONASTERIO",1
"3286","BLANCA MARIA HERREROS RODRIGUEZ","MACARENA OLONA CHOCLAN",1
"3287","BLANCA MARIA HERREROS RODRIGUEZ","MANUEL MARISCAL ZABALA",1
"3288","BLANCA MARIA HERREROS RODRIGUEZ","MANUEL MESTRE BAREA",1
"3289","BLANCA MARIA HERREROS RODRIGUEZ","MARIA DE LA CABEZA RUIZ SOLAS",1
"3290","BLANCA MARIA HERREROS RODRIGUEZ","MARIA DE LOS REYES ROMERO VILCHES",1
"3291","BLANCA MARIA HERREROS RODRIGUEZ","MARIA LUISA CALVO ENRIQUEZ",1
"3292","BLANCA MARIA HERREROS RODRIGUEZ","PABLO SAEZ ALONSOMUNUMER",1
"3293","BLANCA MARIA HERREROS RODRIGUEZ","PATRICIA RUEDA PERELLO",1
"3294","BLANCA MARIA HERREROS RODRIGUEZ","PEDRO FERNANDEZ HERNANDEZ",1
"3295","BLANCA MARIA HERREROS RODRIGUEZ","RICARDO CHAMORRO DELMO",1
"3296","BLANCA MARIA HERREROS RODRIGUEZ","ROCIO DE MEER MENDEZ",1
"3297","BLANCA MARIA HERREROS RODRIGUEZ","SANTIAGO ABASCAL CONDE",1
"3298","BLANCA MARIA HERREROS RODRIGUEZ","SUSANA SUAREZ VILLAGRA",1
"3299","BLANCA MARIA HERREROS RODRIGUEZ","VICTOR MANUEL SANCHEZ DEL REAL",1
"3300","BORJA GUILLEN GARCIA","MIREIA BORRAS PABON",1
"3301","CAMILO JOSE GIL FERNANDEZ DE ANGULO","CARINA MEJIAS SANCHEZ",1
"3302","CAMILO JOSE GIL FERNANDEZ DE ANGULO","CARLOS FLORES JUBERIAS",1
"3303","CAMILO JOSE GIL FERNANDEZ DE ANGULO","DAVID GARCIA GOMIS",1
"3304","CAMILO JOSE GIL FERNANDEZ DE ANGULO","EMILIO JESUS DEL VALLE RODRIGUEZ",1
"3305","CAMILO JOSE GIL FERNANDEZ DE ANGULO","FRANCISCO JAVIER ORTEGA SMITHMOLINA",1
"3306","CAMILO JOSE GIL FERNANDEZ DE ANGULO","FRANCISCO JOSE ALCARAZ MARTOS",1
"3307","CAMILO JOSE GIL FERNANDEZ DE ANGULO","FRANCISCO JOSE CONTRERAS PELAEZ",1
"3308","CAMILO JOSE GIL FERNANDEZ DE ANGULO","GEORGINA TRIAS GIL",1
"3309","CAMILO JOSE GIL FERNANDEZ DE ANGULO","IGNACIO GIL LAZARO",1
"3310","CAMILO JOSE GIL FERNANDEZ DE ANGULO","IGNACIO HOCES INIGUEZ",1
"3311","CAMILO JOSE GIL FERNANDEZ DE ANGULO","ISMAEL IVAN VELEZ CIPRIANO",1
"3312","CAMILO JOSE GIL FERNANDEZ DE ANGULO","IVAN ESPINOSA DE LOS MONTEROS DE SIMON",1
"3313","CAMILO JOSE GIL FERNANDEZ DE ANGULO","JACOBO GONZALEZROBATTO PEROTE",1
"3314","CAMILO JOSE GIL FERNANDEZ DE ANGULO","JOAQUIN ROBLES LOPEZ",1
"3315","CAMILO JOSE GIL FERNANDEZ DE ANGULO","JORGE CAMPOS ASENSI",1
"3316","CAMILO JOSE GIL FERNANDEZ DE ANGULO","JOSE FRANCISCO GARRE IZQUIERDO",1
"3317","CAMILO JOSE GIL FERNANDEZ DE ANGULO","JOSE MARIA FIGAREDO ALVAREZSALA",1
"3318","CAMILO JOSE GIL FERNANDEZ DE ANGULO","JOSE MARIA SANCHEZ GARCIA",1
"3319","CAMILO JOSE GIL FERNANDEZ DE ANGULO","JOSE RAMIREZ DEL RIO",1
"3320","CAMILO JOSE GIL FERNANDEZ DE ANGULO","JUAN JOSE AIZCORBE TORRA",1
"3321","CAMILO JOSE GIL FERNANDEZ DE ANGULO","LOURDES MENDEZ MONASTERIO",1
"3322","CAMILO JOSE GIL FERNANDEZ DE ANGULO","MANUEL MARISCAL ZABALA",1
"3323","CAMILO JOSE GIL FERNANDEZ DE ANGULO","MARIA DE LA CABEZA RUIZ SOLAS",1
"3324","CAMILO JOSE GIL FERNANDEZ DE ANGULO","MARIA DE LOS REYES ROMERO VILCHES",1
"3325","CAMILO JOSE GIL FERNANDEZ DE ANGULO","MARIA JOSE RODRIGUEZ DE MILLAN PARRO",1
"3326","CAMILO JOSE GIL FERNANDEZ DE ANGULO","MARIA MAGDALENA NEVADO DEL CAMPO",1
"3327","CAMILO JOSE GIL FERNANDEZ DE ANGULO","MARIA TERESA LOPEZ ALVAREZ",1
"3328","CAMILO JOSE GIL FERNANDEZ DE ANGULO","PABLO JUAN CALVO LISTE",1
"3329","CAMILO JOSE GIL FERNANDEZ DE ANGULO","PABLO SAEZ ALONSOMUNUMER",1
"3330","CAMILO JOSE GIL FERNANDEZ DE ANGULO","PATRICIA RUEDA PERELLO",1
"3331","CAMILO JOSE GIL FERNANDEZ DE ANGULO","PEDRO FERNANDEZ HERNANDEZ",1
"3332","CAMILO JOSE GIL FERNANDEZ DE ANGULO","PEDRO JESUS REQUEJO NOVOA",1
"3333","CAMILO JOSE GIL FERNANDEZ DE ANGULO","RICARDO CHAMORRO DELMO",1
"3334","CAMILO JOSE GIL FERNANDEZ DE ANGULO","ROCIO DE MEER MENDEZ",1
"3335","CAMILO JOSE GIL FERNANDEZ DE ANGULO","RODRIGO JIMENEZ REVUELTA",1
"3336","CAMILO JOSE GIL FERNANDEZ DE ANGULO","SANTIAGO ABASCAL CONDE",1
"3337","CAMILO JOSE GIL FERNANDEZ DE ANGULO","SERGIO MACIAN DE GREEF",1
"3338","CAMILO JOSE GIL FERNANDEZ DE ANGULO","TOMAS FERNANDEZ RIOS",1
"3339","CAMILO JOSE GIL FERNANDEZ DE ANGULO","VICTOR GUIDO GONZALEZ COELLO DE PORTUGAL",1
"3340","CAMILO JOSE GIL FERNANDEZ DE ANGULO","YOLANDA MERELO PALOMARES",1
"3341","CARINA MEJIAS SANCHEZ","CARLA TOSCANO DE BALBIN",1
"3342","CARINA MEJIAS SANCHEZ","CARLOS FLORES JUBERIAS",1
"3343","CARINA MEJIAS SANCHEZ","CARLOS FRANCISCO VERDEJO FERRER",1
"3344","CARINA MEJIAS SANCHEZ","CARLOS JOSE ZAMBRANO GARCIARAEZ",1
"3345","CARINA MEJIAS SANCHEZ","CARLOS NAVARRO LIZARRAGA",1
"3346","CARINA MEJIAS SANCHEZ","CARMEN LOSCERTALES MARTIN DE AGAR",1
"3347","CARINA MEJIAS SANCHEZ","CLARA ISABEL RUBIO CONTRERAS",1
"3348","CARINA MEJIAS SANCHEZ","DANIEL MOLINA MARTINEZ",1
"3349","CARINA MEJIAS SANCHEZ","DAVID BORJA PEREZ",1
"3350","CARINA MEJIAS SANCHEZ","DAVID GARCIA GOMIS",1
"3351","CARINA MEJIAS SANCHEZ","DAVID MUNOZ PEREZ",1
"3352","CARINA MEJIAS SANCHEZ","DAVID NAVARRO QUESADA",1
"3353","CARINA MEJIAS SANCHEZ","ELIANA PALACIOS ALBORNOZ",1
"3354","CARINA MEJIAS SANCHEZ","ELOISA MARIA GRACIA MONTANO",1
"3355","CARINA MEJIAS SANCHEZ","EMILIO JESUS DEL VALLE RODRIGUEZ",1
"3356","CARINA MEJIAS SANCHEZ","ENRIQUE JIMENEZ VAQUERIZO",1
"3357","CARINA MEJIAS SANCHEZ","ENRIQUE QUESADA SANCHEZ",1
"3358","CARINA MEJIAS SANCHEZ","EVA MARIA GARCIA ALEGRE",1
"3359","CARINA MEJIAS SANCHEZ","FELIPE MORENO MORERA",1
"3360","CARINA MEJIAS SANCHEZ","FLORENCIO AGUSTIN TOLDOS FERNANDEZ",1
"3361","CARINA MEJIAS SANCHEZ","FRANCISCA VICENTE CREMADES",1
"3362","CARINA MEJIAS SANCHEZ","FRANCISCO DE PAULA SERRANO CABALLERO",1
"3363","CARINA MEJIAS SANCHEZ","FRANCISCO JAVIER ORTEGA SMITHMOLINA",1
"3364","CARINA MEJIAS SANCHEZ","FRANCISCO JOSE ALCARAZ MARTOS",1
"3365","CARINA MEJIAS SANCHEZ","FRANCISCO JOSE CONTRERAS PELAEZ",1
"3366","CARINA MEJIAS SANCHEZ","FRANCISCO JOSE RUIZ ENRIQUEZ",1
"3367","CARINA MEJIAS SANCHEZ","FRANCISCO RAUL CORDERO OLMEDO",1
"3368","CARINA MEJIAS SANCHEZ","GEORGINA TRIAS GIL",1
"3369","CARINA MEJIAS SANCHEZ","GERARDO ACEITUNO CARRASCO",1
"3370","CARINA MEJIAS SANCHEZ","IGNACIO GARRIGA VAZ DE CONCICAO",1
"3371","CARINA MEJIAS SANCHEZ","IGNACIO GIL LAZARO",1
"3372","CARINA MEJIAS SANCHEZ","IGNACIO HOCES INIGUEZ",1
"3373","CARINA MEJIAS SANCHEZ","IGNACIO MENENDEZ MEDRANO",1
"3374","CARINA MEJIAS SANCHEZ","INES MARIA CANIZARES PACHECO",1
"3375","CARINA MEJIAS SANCHEZ","IRENE HERRERO RUBERT",1
"3376","CARINA MEJIAS SANCHEZ","ISMAEL IVAN VELEZ CIPRIANO",1
"3377","CARINA MEJIAS SANCHEZ","IVAN ESPINOSA DE LOS MONTEROS DE SIMON",1
"3378","CARINA MEJIAS SANCHEZ","JACOBO GONZALEZROBATTO PEROTE",1
"3379","CARINA MEJIAS SANCHEZ","JAIME JAVIER DOMINGO MARTINEZ",1
"3380","CARINA MEJIAS SANCHEZ","JAVIER BRAVO ARROBAS",1
"3381","CARINA MEJIAS SANCHEZ","JAVIER JOVE SANDOVAL",1
"3382","CARINA MEJIAS SANCHEZ","JAVIER PEREZ GALLARDO",1
"3383","CARINA MEJIAS SANCHEZ","JOAQUIN ROBLES LOPEZ",1
"3384","CARINA MEJIAS SANCHEZ","JORGE ARTURO CUTILLAS CORDON",1
"3385","CARINA MEJIAS SANCHEZ","JORGE CAMPOS ASENSI",1
"3386","CARINA MEJIAS SANCHEZ","JORGE MARTIN FRIAS",1
"3387","CARINA MEJIAS SANCHEZ","JORGE MARTIN TRANCON",1
"3388","CARINA MEJIAS SANCHEZ","JOSE ANTONIO GOMILA ORTEGA",1
"3389","CARINA MEJIAS SANCHEZ","JOSE FRANCISCO GARRE IZQUIERDO",1
"3390","CARINA MEJIAS SANCHEZ","JOSE IGNACIO ARIAS MORENO",1
"3391","CARINA MEJIAS SANCHEZ","JOSE MANUEL MARTIN CAMACHO",1
"3392","CARINA MEJIAS SANCHEZ","JOSE MARIA ANTON GARCIA",1
"3393","CARINA MEJIAS SANCHEZ","JOSE MARIA FIGAREDO ALVAREZSALA",1
"3394","CARINA MEJIAS SANCHEZ","JOSE MARIA SANCHEZ GARCIA",1
"3395","CARINA MEJIAS SANCHEZ","JOSE MIGUEL TASENDE SOUTO",1
"3396","CARINA MEJIAS SANCHEZ","JOSE RAMIREZ DEL RIO",1
"3397","CARINA MEJIAS SANCHEZ","JOSEFINA BLAZQUEZ SANCHEZ",1
"3398","CARINA MEJIAS SANCHEZ","JUAN CARLOS VICENTE MARTINEZ",1
"3399","CARINA MEJIAS SANCHEZ","JUAN FRANCISCO ROJAS FERNANDEZ",1
"3400","CARINA MEJIAS SANCHEZ","JUAN JOSE AIZCORBE TORRA",1
"3401","CARINA MEJIAS SANCHEZ","JUAN SERGIO REDONDO PACHECO",1
"3402","CARINA MEJIAS SANCHEZ","JULIO ROSADO MARTIN",1
"3403","CARINA MEJIAS SANCHEZ","KATIUSKA DE LOS ANGELES GARCIA RAMIREZ",1
"3404","CARINA MEJIAS SANCHEZ","LOURDES MENDEZ MONASTERIO",1
"3405","CARINA MEJIAS SANCHEZ","LUIS GESTOSO DE MIGUEL",1
"3406","CARINA MEJIAS SANCHEZ","MANUEL MARISCAL ZABALA",1
"3407","CARINA MEJIAS SANCHEZ","MANUELA BOLADO ALCALDE",1
"3408","CARINA MEJIAS SANCHEZ","MANUELA DEL MAR MARTIN IBANEZ",1
"3409","CARINA MEJIAS SANCHEZ","MARIA ARANZAZU MARTINEZ RIOLA",1
"3410","CARINA MEJIAS SANCHEZ","MARIA BEATRIZ CASTILLEJO SEVILLA",1
"3411","CARINA MEJIAS SANCHEZ","MARIA BELEN MANZANO SAGUAR",1
"3412","CARINA MEJIAS SANCHEZ","MARIA DE LA CABEZA RUIZ SOLAS",1
"3413","CARINA MEJIAS SANCHEZ","MARIA DE LA CRUZ LOZANO MARIN",1
"3414","CARINA MEJIAS SANCHEZ","MARIA DE LOS REYES ROMERO VILCHES",1
"3415","CARINA MEJIAS SANCHEZ","MARIA DEL PILAR BAOS REVILLA",1
"3416","CARINA MEJIAS SANCHEZ","MARIA DOLORES MATEO MATEOS",1
"3417","CARINA MEJIAS SANCHEZ","MARIA GEMA ESCOLANO BERNA",1
"3418","CARINA MEJIAS SANCHEZ","MARIA INES DIAZ CASAS",1
"3419","CARINA MEJIAS SANCHEZ","MARIA JOSE RODRIGUEZ DE MILLAN PARRO",1
"3420","CARINA MEJIAS SANCHEZ","MARIA LOPEZ ZAMBRANO",1
"3421","CARINA MEJIAS SANCHEZ","MARIA LUISA MENENDEZ MARTINEZ",1
"3422","CARINA MEJIAS SANCHEZ","MARIA MAGDALENA NEVADO DEL CAMPO",1
"3423","CARINA MEJIAS SANCHEZ","MARIA MAGDALENA PUENTEDURA PEREZ",1
"3424","CARINA MEJIAS SANCHEZ","MARIA SUSANA JIMENEZ AIBAR",1
"3425","CARINA MEJIAS SANCHEZ","MARIA TERESA GARCIA DE LA ROSA JIMENEZ",1
"3426","CARINA MEJIAS SANCHEZ","MARIA TERESA LOPEZ ALVAREZ",1
"3427","CARINA MEJIAS SANCHEZ","MARIA TERESA LOPEZ DIVASSON",1
"3428","CARINA MEJIAS SANCHEZ","MARIA VIDAL BENNASAR",1
"3429","CARINA MEJIAS SANCHEZ","MARIA ZULEMA SAN JOSE SANCHEZ",1
"3430","CARINA MEJIAS SANCHEZ","MARINA DABAN ALONSO",1
"3431","CARINA MEJIAS SANCHEZ","MARTA ALEGRIA MARTINEZ",1
"3432","CARINA MEJIAS SANCHEZ","MARTA GERVASIA GARRIDO MORENO",1
"3433","CARINA MEJIAS SANCHEZ","MARTA MARTIN CUSTODIO",1
"3434","CARINA MEJIAS SANCHEZ","MIGUEL MALDONADO CABALLERO",1
"3435","CARINA MEJIAS SANCHEZ","MONICA LORA CISQUER",1
"3436","CARINA MEJIAS SANCHEZ","OLIVIA MORENO NAVAS",1
"3437","CARINA MEJIAS SANCHEZ","PABLO JUAN CALVO LISTE",1
"3438","CARINA MEJIAS SANCHEZ","PABLO PEREZ GALLARDO",1
"3439","CARINA MEJIAS SANCHEZ","PABLO SAEZ ALONSOMUNUMER",1
"3440","CARINA MEJIAS SANCHEZ","PALOMA GOMEZ ENRIQUEZ",1
"3441","CARINA MEJIAS SANCHEZ","PATRICIA ESCAMEZ MARIN",1
"3442","CARINA MEJIAS SANCHEZ","PATRICIA RUEDA PERELLO",1
"3443","CARINA MEJIAS SANCHEZ","PAULA DE LOS ANGELES BADANELLI BERRIOZABAL",1
"3444","CARINA MEJIAS SANCHEZ","PEDRO FERNANDEZ HERNANDEZ",1
"3445","CARINA MEJIAS SANCHEZ","PEDRO JESUS REQUEJO NOVOA",1
"3446","CARINA MEJIAS SANCHEZ","RAFAEL RICARDO GONZALEZ GALLEGO",1
"3447","CARINA MEJIAS SANCHEZ","RAFAEL SEGOVIA BROME",1
"3448","CARINA MEJIAS SANCHEZ","RICARDO CHAMORRO DELMO",1
"3449","CARINA MEJIAS SANCHEZ","ROCIO DE MEER MENDEZ",1
"3450","CARINA MEJIAS SANCHEZ","RODRIGO JIMENEZ REVUELTA",1
"3451","CARINA MEJIAS SANCHEZ","SALOME NIETO TARRAGA",1
"3452","CARINA MEJIAS SANCHEZ","SANTIAGO ABASCAL CONDE",1
"3453","CARINA MEJIAS SANCHEZ","SERGI FABRI LLAVERO",1
"3454","CARINA MEJIAS SANCHEZ","SERGIO CHAGARTEGUI SANCHEZ",1
"3455","CARINA MEJIAS SANCHEZ","SERGIO MACIAN DE GREEF",1
"3456","CARINA MEJIAS SANCHEZ","SILVIA CLARA ENRIQUEZ GALLEGO",1
"3457","CARINA MEJIAS SANCHEZ","SOLEDAD PEREZ RUBIO",1
"3458","CARINA MEJIAS SANCHEZ","SONSOLES PALACIOS MORENO",1
"3459","CARINA MEJIAS SANCHEZ","TEODORO RAMON POZO MUNIZ",1
"3460","CARINA MEJIAS SANCHEZ","TOMAS FERNANDEZ RIOS",1
"3461","CARINA MEJIAS SANCHEZ","VALENTIN LOPEZ LOPEZ",1
"3462","CARINA MEJIAS SANCHEZ","VICTOR GUIDO GONZALEZ COELLO DE PORTUGAL",1
"3463","CARINA MEJIAS SANCHEZ","VICTOR MANUEL ACOSTA HERNANDEZ",1
"3464","CARINA MEJIAS SANCHEZ","VIRGINIA HUERTAS PECHUAN",1
"3465","CARINA MEJIAS SANCHEZ","YOLANDA MERELO PALOMARES",1
"3466","CARLA TOSCANO DE BALBIN","CARLOS FLORES JUBERIAS",1
"3467","CARLA TOSCANO DE BALBIN","CARLOS JOSE ZAMBRANO GARCIARAEZ",1
"3468","CARLA TOSCANO DE BALBIN","CARLOS POLLAN FERNANDEZ",1
"3469","CARLA TOSCANO DE BALBIN","CRISTINA ALEJANDRA JIMENEZ JIMENEZ",1
"3470","CARLA TOSCANO DE BALBIN","CRISTINA DE ESTEBAN CALONJE",1
"3471","CARLA TOSCANO DE BALBIN","CRISTINA ESTEBAN CALONJE",1
"3472","CARLA TOSCANO DE BALBIN","DAVID BORJA PEREZ",1
"3473","CARLA TOSCANO DE BALBIN","DAVID GARCIA GOMIS",1
"3474","CARLA TOSCANO DE BALBIN","EMILIO JESUS DEL VALLE RODRIGUEZ",2
"3475","CARLA TOSCANO DE BALBIN","FERNANDO MARTINEZ VIDAL",1
"3476","CARLA TOSCANO DE BALBIN","FRANCISCO CUSTODIO RODRIGUEZ",1
"3477","CARLA TOSCANO DE BALBIN","FRANCISCO DE BORJA REVILLA BRIOSO",1
"3478","CARLA TOSCANO DE BALBIN","FRANCISCO JAVIER ORTEGA SMITHMOLINA",3
"3479","CARLA TOSCANO DE BALBIN","FRANCISCO JOSE ALCARAZ MARTOS",3
"3480","CARLA TOSCANO DE BALBIN","FRANCISCO JOSE CONTRERAS PELAEZ",2
"3481","CARLA TOSCANO DE BALBIN","FRANCISCO JOSE DIAZ GRANADOS",1
"3482","CARLA TOSCANO DE BALBIN","FULGENCIO COLL BUCHER",1
"3483","CARLA TOSCANO DE BALBIN","GEMA ISABEL GUTIERREZ TOSCANO",1
"3484","CARLA TOSCANO DE BALBIN","GEORGINA TRIAS GIL",2
"3485","CARLA TOSCANO DE BALBIN","GERARDO ACEITUNO CARRASCO",1
"3486","CARLA TOSCANO DE BALBIN","IGNACIO GARRIGA VAZ DE CONCICAO",2
"3487","CARLA TOSCANO DE BALBIN","IGNACIO GIL LAZARO",3
"3488","CARLA TOSCANO DE BALBIN","IGNACIO HOCES INIGUEZ",1
"3489","CARLA TOSCANO DE BALBIN","IGNACIO SICILIA DOMENECH",1
"3490","CARLA TOSCANO DE BALBIN","INES MARIA CANIZARES PACHECO",1
"3491","CARLA TOSCANO DE BALBIN","ISABEL LAZARO PINA",1
"3492","CARLA TOSCANO DE BALBIN","ISMAEL IVAN VELEZ CIPRIANO",3
"3493","CARLA TOSCANO DE BALBIN","IVAN ESPINOSA DE LOS MONTEROS DE SIMON",3
"3494","CARLA TOSCANO DE BALBIN","JACOBO GONZALEZROBATTO PEROTE",1
"3495","CARLA TOSCANO DE BALBIN","JAIME GONZALEZ CANOMANUEL",1
"3496","CARLA TOSCANO DE BALBIN","JAVIER ORTEGA SMITHMOLINA",1
"3497","CARLA TOSCANO DE BALBIN","JESUS GARCIA ROYO",1
"3498","CARLA TOSCANO DE BALBIN","JOAQUIN ROBLES LOPEZ",3
"3499","CARLA TOSCANO DE BALBIN","JORGE ARTURO CUTILLAS CORDON",1
"3500","CARLA TOSCANO DE BALBIN","JORGE CAMPOS ASENSI",1
"3501","CARLA TOSCANO DE BALBIN","JOSE FRANCISCO GARRE IZQUIERDO",1
"3502","CARLA TOSCANO DE BALBIN","JOSE JOAQUIN BENGOCHEA SECO",1
"3503","CARLA TOSCANO DE BALBIN","JOSE LUIS FERNANDEZ SANTAMARIA",1
"3504","CARLA TOSCANO DE BALBIN","JOSE MARIA FIGAREDO ALVAREZSALA",2
"3505","CARLA TOSCANO DE BALBIN","JOSE MARIA SANCHEZ GARCIA",3
"3506","CARLA TOSCANO DE BALBIN","JOSE MARIA VAZQUEZ ALVAREZ",1
"3507","CARLA TOSCANO DE BALBIN","JOSE RAMIREZ DEL RIO",2
"3508","CARLA TOSCANO DE BALBIN","JOSEFINA BLAZQUEZ SANCHEZ",1
"3509","CARLA TOSCANO DE BALBIN","JUAN JOSE AIZCORBE TORRA",3
"3510","CARLA TOSCANO DE BALBIN","LOURDES MENDEZ MONASTERIO",3
"3511","CARLA TOSCANO DE BALBIN","LUIS GESTOSO DE MIGUEL",1
"3512","CARLA TOSCANO DE BALBIN","MACARENA OLONA CHOCLAN",2
"3513","CARLA TOSCANO DE BALBIN","MAGDALENA MARGARITA CONTESTI ROSSELLO",1
"3514","CARLA TOSCANO DE BALBIN","MANUEL GONZALEZ BAZAN",2
"3515","CARLA TOSCANO DE BALBIN","MANUEL JORGE MARTIN MONTERO",1
"3516","CARLA TOSCANO DE BALBIN","MANUEL MARISCAL ZABALA",3
"3517","CARLA TOSCANO DE BALBIN","MANUEL MESTRE BAREA",2
"3518","CARLA TOSCANO DE BALBIN","MANUEL RAFAEL RODRIGUEZ VALERO",1
"3519","CARLA TOSCANO DE BALBIN","MARIA DE LA CABEZA RUIZ SOLAS",3
"3520","CARLA TOSCANO DE BALBIN","MARIA DE LOS REYES ROMERO VILCHES",3
"3521","CARLA TOSCANO DE BALBIN","MARIA DOLORES GOMEZ MORENO",1
"3522","CARLA TOSCANO DE BALBIN","MARIA ELISA GARCIA FUSTER",1
"3523","CARLA TOSCANO DE BALBIN","MARIA ISABEL DOMINGUEZ POMARES",1
"3524","CARLA TOSCANO DE BALBIN","MARIA ISABEL PEREZ MARTIN",1
"3525","CARLA TOSCANO DE BALBIN","MARIA JOSE RODRIGUEZ DE MILLAN PARRO",1
"3526","CARLA TOSCANO DE BALBIN","MARIA MAGDALENA NEVADO DEL CAMPO",2
"3527","CARLA TOSCANO DE BALBIN","MARIA TERESA ARNEDO PEREZ",1
"3528","CARLA TOSCANO DE BALBIN","MARIA TERESA LOPEZ ALVAREZ",2
"3529","CARLA TOSCANO DE BALBIN","MARIA TERESA LOPEZ DIVASSON",1
"3530","CARLA TOSCANO DE BALBIN","MARTA ALVAREZ BARRIO",1
"3531","CARLA TOSCANO DE BALBIN","MIGUEL ANGEL FERNANDEZ LOPEZ",2
"3532","CARLA TOSCANO DE BALBIN","MIGUEL ANGEL LOPEZ FERNANDEZ",1
"3533","CARLA TOSCANO DE BALBIN","MIREIA BORRAS PABON",1
"3534","CARLA TOSCANO DE BALBIN","MONICA LORA CISQUER",1
"3535","CARLA TOSCANO DE BALBIN","OSCAR ARTURO FERNANDEZ CALLE",1
"3536","CARLA TOSCANO DE BALBIN","PABLO JUAN CALVO LISTE",2
"3537","CARLA TOSCANO DE BALBIN","PABLO SAEZ ALONSOMUNUMER",3
"3538","CARLA TOSCANO DE BALBIN","PATRICIA DE LAS HERAS FERNANDEZ",1
"3539","CARLA TOSCANO DE BALBIN","PATRICIA RUEDA PERELLO",3
"3540","CARLA TOSCANO DE BALBIN","PEDRO FERNANDEZ HERNANDEZ",3
"3541","CARLA TOSCANO DE BALBIN","PEDRO JESUS REQUEJO NOVOA",2
"3542","CARLA TOSCANO DE BALBIN","RICARDO BELDA VALIENTE",1
"3543","CARLA TOSCANO DE BALBIN","RICARDO CHAMORRO DELMO",3
"3544","CARLA TOSCANO DE BALBIN","ROCIO DE MEER MENDEZ",3
"3545","CARLA TOSCANO DE BALBIN","RODRIGO JIMENEZ REVUELTA",2
"3546","CARLA TOSCANO DE BALBIN","RUBEN SILVANO MANSO OLIVAR",2
"3547","CARLA TOSCANO DE BALBIN","SANTIAGO ABASCAL CONDE",4
"3548","CARLA TOSCANO DE BALBIN","SERAFIN SERRANO MARIN",1
"3549","CARLA TOSCANO DE BALBIN","SERGIO MACIAN DE GREEF",2
"3550","CARLA TOSCANO DE BALBIN","SONIA LUISA LALANDA SANMIGUEL",2
"3551","CARLA TOSCANO DE BALBIN","TOMAS FERNANDEZ RIOS",2
"3552","CARLA TOSCANO DE BALBIN","VICTOR GUIDO GONZALEZ COELLO DE PORTUGAL",3
"3553","CARLA TOSCANO DE BALBIN","VICTOR MANUEL SANCHEZ DEL REAL",1
"3554","CARLA TOSCANO DE BALBIN","YOLANDA MERELO PALOMARES",1
"3555","CARLOS FLORES JUBERIAS","CARLOS FRANCISCO VERDEJO FERRER",1
"3556","CARLOS FLORES JUBERIAS","CARLOS JOSE ZAMBRANO GARCIARAEZ",1
"3557","CARLOS FLORES JUBERIAS","CARLOS NAVARRO LIZARRAGA",1
"3558","CARLOS FLORES JUBERIAS","CARMEN LOSCERTALES MARTIN DE AGAR",1
"3559","CARLOS FLORES JUBERIAS","CLARA ISABEL RUBIO CONTRERAS",1
"3560","CARLOS FLORES JUBERIAS","DANIEL MOLINA MARTINEZ",1
"3561","CARLOS FLORES JUBERIAS","DAVID BORJA PEREZ",1
"3562","CARLOS FLORES JUBERIAS","DAVID GARCIA GOMIS",2
"3563","CARLOS FLORES JUBERIAS","DAVID MUNOZ PEREZ",2
"3564","CARLOS FLORES JUBERIAS","DAVID NAVARRO QUESADA",1
"3565","CARLOS FLORES JUBERIAS","ELENA CARRASCO RUBIO",1
"3566","CARLOS FLORES JUBERIAS","ELIANA PALACIOS ALBORNOZ",1
"3567","CARLOS FLORES JUBERIAS","ELOISA MARIA GRACIA MONTANO",1
"3568","CARLOS FLORES JUBERIAS","EMILIO JESUS DEL VALLE RODRIGUEZ",1
"3569","CARLOS FLORES JUBERIAS","ENRIQUE JIMENEZ VAQUERIZO",1
"3570","CARLOS FLORES JUBERIAS","ENRIQUE QUESADA SANCHEZ",1
"3571","CARLOS FLORES JUBERIAS","EVA MARIA GARCIA ALEGRE",1
"3572","CARLOS FLORES JUBERIAS","FELIPE MORENO MORERA",1
"3573","CARLOS FLORES JUBERIAS","FLORENCIO AGUSTIN TOLDOS FERNANDEZ",1
"3574","CARLOS FLORES JUBERIAS","FRANCISCA VICENTE CREMADES",2
"3575","CARLOS FLORES JUBERIAS","FRANCISCO DE BORJA REVILLA BRIOSO",1
"3576","CARLOS FLORES JUBERIAS","FRANCISCO DE PAULA SERRANO CABALLERO",1
"3577","CARLOS FLORES JUBERIAS","FRANCISCO JAVIER ORTEGA SMITHMOLINA",1
"3578","CARLOS FLORES JUBERIAS","FRANCISCO JOSE ALCARAZ MARTOS",1
"3579","CARLOS FLORES JUBERIAS","FRANCISCO JOSE CONTRERAS PELAEZ",1
"3580","CARLOS FLORES JUBERIAS","FRANCISCO JOSE RUIZ ENRIQUEZ",1
"3581","CARLOS FLORES JUBERIAS","FRANCISCO RAUL CORDERO OLMEDO",1
"3582","CARLOS FLORES JUBERIAS","GEORGINA TRIAS GIL",1
"3583","CARLOS FLORES JUBERIAS","GERARDO ACEITUNO CARRASCO",1
"3584","CARLOS FLORES JUBERIAS","IGNACIO GARRIGA VAZ DE CONCICAO",1
"3585","CARLOS FLORES JUBERIAS","IGNACIO GIL LAZARO",1
"3586","CARLOS FLORES JUBERIAS","IGNACIO HOCES INIGUEZ",1
"3587","CARLOS FLORES JUBERIAS","IGNACIO MENENDEZ MEDRANO",1
"3588","CARLOS FLORES JUBERIAS","INES MARIA CANIZARES PACHECO",1
"3589","CARLOS FLORES JUBERIAS","IRENE HERRERO RUBERT",2
"3590","CARLOS FLORES JUBERIAS","ISMAEL IVAN VELEZ CIPRIANO",1
"3591","CARLOS FLORES JUBERIAS","IVAN ESPINOSA DE LOS MONTEROS DE SIMON",1
"3592","CARLOS FLORES JUBERIAS","JACOBO GONZALEZROBATTO PEROTE",1
"3593","CARLOS FLORES JUBERIAS","JAIME JAVIER DOMINGO MARTINEZ",1
"3594","CARLOS FLORES JUBERIAS","JAVIER BRAVO ARROBAS",1
"3595","CARLOS FLORES JUBERIAS","JAVIER JOVE SANDOVAL",1
"3596","CARLOS FLORES JUBERIAS","JAVIER PEREZ GALLARDO",1
"3597","CARLOS FLORES JUBERIAS","JESUS ALBIOL TALAYA",1
"3598","CARLOS FLORES JUBERIAS","JOAQUIN MARIA ALES ESTRELLA",1
"3599","CARLOS FLORES JUBERIAS","JOAQUIN ROBLES LOPEZ",1
"3600","CARLOS FLORES JUBERIAS","JORGE ARTURO CUTILLAS CORDON",1
"3601","CARLOS FLORES JUBERIAS","JORGE CAMPOS ASENSI",1
"3602","CARLOS FLORES JUBERIAS","JORGE MARTIN FRIAS",1
"3603","CARLOS FLORES JUBERIAS","JORGE MARTIN TRANCON",1
"3604","CARLOS FLORES JUBERIAS","JOSE ANTONIO GOMILA ORTEGA",1
"3605","CARLOS FLORES JUBERIAS","JOSE FRANCISCO GARRE IZQUIERDO",1
"3606","CARLOS FLORES JUBERIAS","JOSE IGNACIO ARIAS MORENO",1
"3607","CARLOS FLORES JUBERIAS","JOSE LUIS AGUIRRE LARRAURI",1
"3608","CARLOS FLORES JUBERIAS","JOSE LUIS FERNANDEZ SANTAMARIA",1
"3609","CARLOS FLORES JUBERIAS","JOSE MANUEL GRAU DELGADO",1
"3610","CARLOS FLORES JUBERIAS","JOSE MANUEL MARTIN CAMACHO",1
"3611","CARLOS FLORES JUBERIAS","JOSE MARIA ANTON GARCIA",1
"3612","CARLOS FLORES JUBERIAS","JOSE MARIA FIGAREDO ALVAREZSALA",1
"3613","CARLOS FLORES JUBERIAS","JOSE MARIA LLANOS PITARCH",1
"3614","CARLOS FLORES JUBERIAS","JOSE MARIA SANCHEZ GARCIA",1
"3615","CARLOS FLORES JUBERIAS","JOSE MIGUEL TASENDE SOUTO",1
"3616","CARLOS FLORES JUBERIAS","JOSE RAMIREZ DEL RIO",1
"3617","CARLOS FLORES JUBERIAS","JOSE VICENTE GOSALBEZ PAYA",1
"3618","CARLOS FLORES JUBERIAS","JOSEFINA BLAZQUEZ SANCHEZ",1
"3619","CARLOS FLORES JUBERIAS","JUAN BADENAS CARPIO",2
"3620","CARLOS FLORES JUBERIAS","JUAN CARLOS VICENTE MARTINEZ",1
"3621","CARLOS FLORES JUBERIAS","JUAN FRANCISCO ROJAS FERNANDEZ",1
"3622","CARLOS FLORES JUBERIAS","JUAN JOSE AIZCORBE TORRA",1
"3623","CARLOS FLORES JUBERIAS","JUAN SERGIO REDONDO PACHECO",1
"3624","CARLOS FLORES JUBERIAS","JULIA MARIA LLOPIS NOHEDA",1
"3625","CARLOS FLORES JUBERIAS","JULIO ROSADO MARTIN",1
"3626","CARLOS FLORES JUBERIAS","KATIUSKA DE LOS ANGELES GARCIA RAMIREZ",1
"3627","CARLOS FLORES JUBERIAS","LOURDES MENDEZ MONASTERIO",1
"3628","CARLOS FLORES JUBERIAS","LUIS GESTOSO DE MIGUEL",1
"3629","CARLOS FLORES JUBERIAS","MANUEL MARISCAL ZABALA",1
"3630","CARLOS FLORES JUBERIAS","MANUELA BOLADO ALCALDE",1
"3631","CARLOS FLORES JUBERIAS","MANUELA DEL MAR MARTIN IBANEZ",1
"3632","CARLOS FLORES JUBERIAS","MARIA ARANZAZU MARTINEZ RIOLA",1
"3633","CARLOS FLORES JUBERIAS","MARIA BEATRIZ CASTILLEJO SEVILLA",1
"3634","CARLOS FLORES JUBERIAS","MARIA BELEN MANZANO SAGUAR",1
"3635","CARLOS FLORES JUBERIAS","MARIA DE LA CABEZA RUIZ SOLAS",1
"3636","CARLOS FLORES JUBERIAS","MARIA DE LA CRUZ LOZANO MARIN",1
"3637","CARLOS FLORES JUBERIAS","MARIA DE LOS ANGELES CRIADO GONZALBEZ",1
"3638","CARLOS FLORES JUBERIAS","MARIA DE LOS LLANOS MASSO LINARES",1
"3639","CARLOS FLORES JUBERIAS","MARIA DE LOS REYES ROMERO VILCHES",1
"3640","CARLOS FLORES JUBERIAS","MARIA DEL PILAR BAOS REVILLA",1
"3641","CARLOS FLORES JUBERIAS","MARIA DOLORES MATEO MATEOS",1
"3642","CARLOS FLORES JUBERIAS","MARIA GEMA ESCOLANO BERNA",1
"3643","CARLOS FLORES JUBERIAS","MARIA INES DIAZ CASAS",1
"3644","CARLOS FLORES JUBERIAS","MARIA JOSE RODRIGUEZ DE MILLAN PARRO",1
"3645","CARLOS FLORES JUBERIAS","MARIA LOPEZ ZAMBRANO",1
"3646","CARLOS FLORES JUBERIAS","MARIA LUISA MENENDEZ MARTINEZ",1
"3647","CARLOS FLORES JUBERIAS","MARIA MAGDALENA NEVADO DEL CAMPO",1
"3648","CARLOS FLORES JUBERIAS","MARIA MAGDALENA PUENTEDURA PEREZ",1
"3649","CARLOS FLORES JUBERIAS","MARIA SUSANA JIMENEZ AIBAR",1
"3650","CARLOS FLORES JUBERIAS","MARIA TERESA GARCIA DE LA ROSA JIMENEZ",1
"3651","CARLOS FLORES JUBERIAS","MARIA TERESA LOPEZ ALVAREZ",1
"3652","CARLOS FLORES JUBERIAS","MARIA TERESA LOPEZ DIVASSON",1
"3653","CARLOS FLORES JUBERIAS","MARIA VIDAL BENNASAR",1
"3654","CARLOS FLORES JUBERIAS","MARIA ZULEMA SAN JOSE SANCHEZ",1
"3655","CARLOS FLORES JUBERIAS","MARINA DABAN ALONSO",2
"3656","CARLOS FLORES JUBERIAS","MARTA ALEGRIA MARTINEZ",1
"3657","CARLOS FLORES JUBERIAS","MARTA GERVASIA GARRIDO MORENO",1
"3658","CARLOS FLORES JUBERIAS","MARTA MARTIN CUSTODIO",1
"3659","CARLOS FLORES JUBERIAS","MIGUEL ANGEL HUERTA ASENSIO",1
"3660","CARLOS FLORES JUBERIAS","MIGUEL DA SILVA ORTEGA",1
"3661","CARLOS FLORES JUBERIAS","MIGUEL MALDONADO CABALLERO",1
"3662","CARLOS FLORES JUBERIAS","MIGUEL PASCUAL PEREZ",1
"3663","CARLOS FLORES JUBERIAS","MONICA LORA CISQUER",1
"3664","CARLOS FLORES JUBERIAS","OLIVIA MORENO NAVAS",1
"3665","CARLOS FLORES JUBERIAS","PABLO JUAN CALVO LISTE",1
"3666","CARLOS FLORES JUBERIAS","PABLO PEREZ GALLARDO",1
"3667","CARLOS FLORES JUBERIAS","PABLO SAEZ ALONSOMUNUMER",1
"3668","CARLOS FLORES JUBERIAS","PALOMA GOMEZ ENRIQUEZ",1
"3669","CARLOS FLORES JUBERIAS","PATRICIA ESCAMEZ MARIN",1
"3670","CARLOS FLORES JUBERIAS","PATRICIA RUEDA PERELLO",1
"3671","CARLOS FLORES JUBERIAS","PAULA DE LOS ANGELES BADANELLI BERRIOZABAL",1
"3672","CARLOS FLORES JUBERIAS","PEDRO FERNANDEZ HERNANDEZ",1
"3673","CARLOS FLORES JUBERIAS","PEDRO JESUS REQUEJO NOVOA",1
"3674","CARLOS FLORES JUBERIAS","RAFAEL RICARDO GONZALEZ GALLEGO",1
"3675","CARLOS FLORES JUBERIAS","RAFAEL SEGOVIA BROME",1
"3676","CARLOS FLORES JUBERIAS","RICARDO CHAMORRO DELMO",1
"3677","CARLOS FLORES JUBERIAS","ROCIO DE MEER MENDEZ",1
"3678","CARLOS FLORES JUBERIAS","RODRIGO JIMENEZ REVUELTA",1
"3679","CARLOS FLORES JUBERIAS","SALOME NIETO TARRAGA",1
"3680","CARLOS FLORES JUBERIAS","SANTIAGO ABASCAL CONDE",1
"3681","CARLOS FLORES JUBERIAS","SERGI FABRI LLAVERO",1
"3682","CARLOS FLORES JUBERIAS","SERGIO CHAGARTEGUI SANCHEZ",1
"3683","CARLOS FLORES JUBERIAS","SERGIO MACIAN DE GREEF",1
"3684","CARLOS FLORES JUBERIAS","SILVIA CLARA ENRIQUEZ GALLEGO",1
"3685","CARLOS FLORES JUBERIAS","SOLEDAD PEREZ RUBIO",1
"3686","CARLOS FLORES JUBERIAS","SONSOLES PALACIOS MORENO",1
"3687","CARLOS FLORES JUBERIAS","TEODORO RAMON POZO MUNIZ",1
"3688","CARLOS FLORES JUBERIAS","TOMAS FERNANDEZ RIOS",1
"3689","CARLOS FLORES JUBERIAS","VALENTIN LOPEZ LOPEZ",2
"3690","CARLOS FLORES JUBERIAS","VICTOR GUIDO GONZALEZ COELLO DE PORTUGAL",1
"3691","CARLOS FLORES JUBERIAS","VICTOR MANUEL ACOSTA HERNANDEZ",1
"3692","CARLOS FLORES JUBERIAS","VIRGINIA HUERTAS PECHUAN",2
"3693","CARLOS FLORES JUBERIAS","YOLANDA MERELO PALOMARES",1
"3694","CARLOS FRANCISCO VERDEJO FERRER","DAVID GARCIA GOMIS",1
"3695","CARLOS FRANCISCO VERDEJO FERRER","EMILIO JESUS DEL VALLE RODRIGUEZ",1
"3696","CARLOS FRANCISCO VERDEJO FERRER","FRANCISCO JAVIER ORTEGA SMITHMOLINA",1
"3697","CARLOS FRANCISCO VERDEJO FERRER","FRANCISCO JOSE ALCARAZ MARTOS",1
"3698","CARLOS FRANCISCO VERDEJO FERRER","FRANCISCO JOSE CONTRERAS PELAEZ",1
"3699","CARLOS FRANCISCO VERDEJO FERRER","FRANCISCO JOSE RUIZ ENRIQUEZ",2
"3700","CARLOS FRANCISCO VERDEJO FERRER","GEORGINA TRIAS GIL",1
"3701","CARLOS FRANCISCO VERDEJO FERRER","IGNACIO GIL LAZARO",1
"3702","CARLOS FRANCISCO VERDEJO FERRER","IGNACIO HOCES INIGUEZ",1
"3703","CARLOS FRANCISCO VERDEJO FERRER","ISMAEL IVAN VELEZ CIPRIANO",1
"3704","CARLOS FRANCISCO VERDEJO FERRER","IVAN ESPINOSA DE LOS MONTEROS DE SIMON",1
"3705","CARLOS FRANCISCO VERDEJO FERRER","JACOBO GONZALEZROBATTO PEROTE",1
"3706","CARLOS FRANCISCO VERDEJO FERRER","JOAQUIN ROBLES LOPEZ",1
"3707","CARLOS FRANCISCO VERDEJO FERRER","JORGE CAMPOS ASENSI",1
"3708","CARLOS FRANCISCO VERDEJO FERRER","JOSE FRANCISCO GARRE IZQUIERDO",1
"3709","CARLOS FRANCISCO VERDEJO FERRER","JOSE MARIA FIGAREDO ALVAREZSALA",1
"3710","CARLOS FRANCISCO VERDEJO FERRER","JOSE MARIA SANCHEZ GARCIA",1
"3711","CARLOS FRANCISCO VERDEJO FERRER","JOSE RAMIREZ DEL RIO",1
"3712","CARLOS FRANCISCO VERDEJO FERRER","JUAN JOSE AIZCORBE TORRA",1
"3713","CARLOS FRANCISCO VERDEJO FERRER","JUAN SERGIO REDONDO PACHECO",2
"3714","CARLOS FRANCISCO VERDEJO FERRER","LOURDES MENDEZ MONASTERIO",1
"3715","CARLOS FRANCISCO VERDEJO FERRER","MANUEL MARISCAL ZABALA",1
"3716","CARLOS FRANCISCO VERDEJO FERRER","MARIA DE LA CABEZA RUIZ SOLAS",1
"3717","CARLOS FRANCISCO VERDEJO FERRER","MARIA DE LOS REYES ROMERO VILCHES",1
"3718","CARLOS FRANCISCO VERDEJO FERRER","MARIA JOSE RODRIGUEZ DE MILLAN PARRO",1
"3719","CARLOS FRANCISCO VERDEJO FERRER","MARIA MAGDALENA NEVADO DEL CAMPO",1
"3720","CARLOS FRANCISCO VERDEJO FERRER","MARIA TERESA LOPEZ ALVAREZ",3
"3721","CARLOS FRANCISCO VERDEJO FERRER","PABLO JUAN CALVO LISTE",1
"3722","CARLOS FRANCISCO VERDEJO FERRER","PABLO SAEZ ALONSOMUNUMER",1
"3723","CARLOS FRANCISCO VERDEJO FERRER","PATRICIA RUEDA PERELLO",1
"3724","CARLOS FRANCISCO VERDEJO FERRER","PEDRO FERNANDEZ HERNANDEZ",1
"3725","CARLOS FRANCISCO VERDEJO FERRER","PEDRO JESUS REQUEJO NOVOA",1
"3726","CARLOS FRANCISCO VERDEJO FERRER","RICARDO CHAMORRO DELMO",1
"3727","CARLOS FRANCISCO VERDEJO FERRER","ROCIO DE MEER MENDEZ",1
"3728","CARLOS FRANCISCO VERDEJO FERRER","RODRIGO JIMENEZ REVUELTA",1
"3729","CARLOS FRANCISCO VERDEJO FERRER","SANTIAGO ABASCAL CONDE",1
"3730","CARLOS FRANCISCO VERDEJO FERRER","SERGIO MACIAN DE GREEF",1
"3731","CARLOS FRANCISCO VERDEJO FERRER","TOMAS FERNANDEZ RIOS",1
"3732","CARLOS FRANCISCO VERDEJO FERRER","VICTOR GUIDO GONZALEZ COELLO DE PORTUGAL",1
"3733","CARLOS FRANCISCO VERDEJO FERRER","YOLANDA MERELO PALOMARES",3
"3734","CARLOS JAVIER ANDREU SANZ","CARLOS RODRIGO DOMINGUEZ",1
"3735","CARLOS JAVIER ANDREU SANZ","DAVID ARRANZ BALLESTEROS",2
"3736","CARLOS JAVIER ANDREU SANZ","ELISABET CARBALLO DIAZ",1
"3737","CARLOS JAVIER ANDREU SANZ","EVA MARIA TORRES PULIDO",1
"3738","CARLOS JAVIER ANDREU SANZ","JAVIER VALENTIN ALONSO CORONEL",1
"3739","CARLOS JAVIER ANDREU SANZ","JESUS GARCIA ROYO",1
"3740","CARLOS JAVIER ANDREU SANZ","JORGE SADABA CORRAL",1
"3741","CARLOS JAVIER ANDREU SANZ","LEONIA ALEXANDRA BERNARDINO SILVANO",1
"3742","CARLOS JAVIER ANDREU SANZ","LUIS FRANCISCO BIENDICHO GRACIA",1
"3743","CARLOS JAVIER ANDREU SANZ","MARIA CARMEN ROUCO LALIENA",1
"3744","CARLOS JAVIER ANDREU SANZ","MARIA ISABEL CALZADA ANDREU",1
"3745","CARLOS JAVIER ANDREU SANZ","MARIA PILAR DELGADO ANGLADA",1
"3746","CARLOS JAVIER ANDREU SANZ","MARTA FERNANDEZ MARTIN",2
"3747","CARLOS JAVIER ANDREU SANZ","MARTA MORENO RODRIGUEZ",1
"3748","CARLOS JAVIER ANDREU SANZ","SANTIAGO MORON SANJUAN",2
"3749","CARLOS JAVIER ANDREU SANZ","SERGIO MARCO JIMENEZ",1
"3750","CARLOS JAVIER ANDREU SANZ","VICENTE GALLASTEGUI AZNAR",1
"3751","CARLOS JOSE ZAMBRANO GARCIARAEZ","CRISTINA DE ESTEBAN CALONJE",1
"3752","CARLOS JOSE ZAMBRANO GARCIARAEZ","CRISTINA ESTEBAN CALONJE",1
"3753","CARLOS JOSE ZAMBRANO GARCIARAEZ","DAVID GARCIA GOMIS",1
"3754","CARLOS JOSE ZAMBRANO GARCIARAEZ","EMILIO JESUS DEL VALLE RODRIGUEZ",1
"3755","CARLOS JOSE ZAMBRANO GARCIARAEZ","FRANCISCO JAVIER ORTEGA SMITHMOLINA",2
"3756","CARLOS JOSE ZAMBRANO GARCIARAEZ","FRANCISCO JOSE ALCARAZ MARTOS",2
"3757","CARLOS JOSE ZAMBRANO GARCIARAEZ","FRANCISCO JOSE CONTRERAS PELAEZ",1
"3758","CARLOS JOSE ZAMBRANO GARCIARAEZ","GEORGINA TRIAS GIL",1
"3759","CARLOS JOSE ZAMBRANO GARCIARAEZ","IGNACIO GARRIGA VAZ DE CONCICAO",2
"3760","CARLOS JOSE ZAMBRANO GARCIARAEZ","IGNACIO GIL LAZARO",3
"3761","CARLOS JOSE ZAMBRANO GARCIARAEZ","IGNACIO HOCES INIGUEZ",1
"3762","CARLOS JOSE ZAMBRANO GARCIARAEZ","ISMAEL IVAN VELEZ CIPRIANO",2
"3763","CARLOS JOSE ZAMBRANO GARCIARAEZ","IVAN ESPINOSA DE LOS MONTEROS DE SIMON",3
"3764","CARLOS JOSE ZAMBRANO GARCIARAEZ","JACOBO GONZALEZROBATTO PEROTE",1
"3765","CARLOS JOSE ZAMBRANO GARCIARAEZ","JAIME GONZALEZ CANOMANUEL",1
"3766","CARLOS JOSE ZAMBRANO GARCIARAEZ","JAVIER ORTEGA SMITHMOLINA",1
"3767","CARLOS JOSE ZAMBRANO GARCIARAEZ","JOAQUIN ROBLES LOPEZ",3
"3768","CARLOS JOSE ZAMBRANO GARCIARAEZ","JORGE CAMPOS ASENSI",1
"3769","CARLOS JOSE ZAMBRANO GARCIARAEZ","JOSE FRANCISCO GARRE IZQUIERDO",1
"3770","CARLOS JOSE ZAMBRANO GARCIARAEZ","JOSE MARIA FIGAREDO ALVAREZSALA",2
"3771","CARLOS JOSE ZAMBRANO GARCIARAEZ","JOSE MARIA SANCHEZ GARCIA",2
"3772","CARLOS JOSE ZAMBRANO GARCIARAEZ","JOSE MARIA VAZQUEZ ALVAREZ",1
"3773","CARLOS JOSE ZAMBRANO GARCIARAEZ","JOSE RAMIREZ DEL RIO",2
"3774","CARLOS JOSE ZAMBRANO GARCIARAEZ","JUAN JOSE AIZCORBE TORRA",2
"3775","CARLOS JOSE ZAMBRANO GARCIARAEZ","LOURDES MENDEZ MONASTERIO",3
"3776","CARLOS JOSE ZAMBRANO GARCIARAEZ","MACARENA OLONA CHOCLAN",2
"3777","CARLOS JOSE ZAMBRANO GARCIARAEZ","MAGDALENA MARGARITA CONTESTI ROSSELLO",1
"3778","CARLOS JOSE ZAMBRANO GARCIARAEZ","MANUEL GONZALEZ BAZAN",1
"3779","CARLOS JOSE ZAMBRANO GARCIARAEZ","MANUEL MARISCAL ZABALA",3
"3780","CARLOS JOSE ZAMBRANO GARCIARAEZ","MANUEL MESTRE BAREA",2
"3781","CARLOS JOSE ZAMBRANO GARCIARAEZ","MANUEL RAFAEL RODRIGUEZ VALERO",1
"3782","CARLOS JOSE ZAMBRANO GARCIARAEZ","MARIA DE LA CABEZA RUIZ SOLAS",3
"3783","CARLOS JOSE ZAMBRANO GARCIARAEZ","MARIA DE LOS REYES ROMERO VILCHES",3
"3784","CARLOS JOSE ZAMBRANO GARCIARAEZ","MARIA JOSE RODRIGUEZ DE MILLAN PARRO",1
"3785","CARLOS JOSE ZAMBRANO GARCIARAEZ","MARIA MAGDALENA NEVADO DEL CAMPO",1
"3786","CARLOS JOSE ZAMBRANO GARCIARAEZ","MARIA TERESA LOPEZ ALVAREZ",1
"3787","CARLOS JOSE ZAMBRANO GARCIARAEZ","MARTA ALVAREZ BARRIO",1
"3788","CARLOS JOSE ZAMBRANO GARCIARAEZ","MIGUEL ANGEL FERNANDEZ LOPEZ",1
"3789","CARLOS JOSE ZAMBRANO GARCIARAEZ","PABLO JUAN CALVO LISTE",1
"3790","CARLOS JOSE ZAMBRANO GARCIARAEZ","PABLO SAEZ ALONSOMUNUMER",3
"3791","CARLOS JOSE ZAMBRANO GARCIARAEZ","PATRICIA DE LAS HERAS FERNANDEZ",1
"3792","CARLOS JOSE ZAMBRANO GARCIARAEZ","PATRICIA RUEDA PERELLO",3
"3793","CARLOS JOSE ZAMBRANO GARCIARAEZ","PEDRO FERNANDEZ HERNANDEZ",3
"3794","CARLOS JOSE ZAMBRANO GARCIARAEZ","PEDRO JESUS REQUEJO NOVOA",1
"3795","CARLOS JOSE ZAMBRANO GARCIARAEZ","RICARDO CHAMORRO DELMO",3
"3796","CARLOS JOSE ZAMBRANO GARCIARAEZ","ROCIO DE MEER MENDEZ",3
"3797","CARLOS JOSE ZAMBRANO GARCIARAEZ","RODRIGO JIMENEZ REVUELTA",1
"3798","CARLOS JOSE ZAMBRANO GARCIARAEZ","RUBEN SILVANO MANSO OLIVAR",1
"3799","CARLOS JOSE ZAMBRANO GARCIARAEZ","SANTIAGO ABASCAL CONDE",3
"3800","CARLOS JOSE ZAMBRANO GARCIARAEZ","SERAFIN SERRANO MARIN",1
"3801","CARLOS JOSE ZAMBRANO GARCIARAEZ","SERGIO MACIAN DE GREEF",1
"3802","CARLOS JOSE ZAMBRANO GARCIARAEZ","SONIA LUISA LALANDA SANMIGUEL",1
"3803","CARLOS JOSE ZAMBRANO GARCIARAEZ","TOMAS FERNANDEZ RIOS",1
"3804","CARLOS JOSE ZAMBRANO GARCIARAEZ","VICTOR GUIDO GONZALEZ COELLO DE PORTUGAL",2
"3805","CARLOS JOSE ZAMBRANO GARCIARAEZ","VICTOR MANUEL SANCHEZ DEL REAL",1
"3806","CARLOS JOSE ZAMBRANO GARCIARAEZ","YOLANDA MERELO PALOMARES",1
"3807","CARLOS MENENDEZ BLANCO","CARLOS POLLAN FERNANDEZ",2
"3808","CARLOS MENENDEZ BLANCO","CLARA ISABEL RUBIO CONTRERAS",1
"3809","CARLOS MENENDEZ BLANCO","CRISTINA ESTEBAN CALONJE",1
"3810","CARLOS MENENDEZ BLANCO","DAVID HIERRO SANTOS",2
"3811","CARLOS MENENDEZ BLANCO","ENRIQUE JIMENEZ VAQUERIZO",1
"3812","CARLOS MENENDEZ BLANCO","FRANCISCO JOSE ALCARAZ MARTOS",1
"3813","CARLOS MENENDEZ BLANCO","IGNACIO GARRIGA VAZ DE CONCICAO",1
"3814","CARLOS MENENDEZ BLANCO","IGNACIO GIL LAZARO",1
"3815","CARLOS MENENDEZ BLANCO","IGNACIO SICILIA DOMENECH",2
"3816","CARLOS MENENDEZ BLANCO","ISMAEL IVAN VELEZ CIPRIANO",1
"3817","CARLOS MENENDEZ BLANCO","IVAN ESPINOSA DE LOS MONTEROS DE SIMON",1
"3818","CARLOS MENENDEZ BLANCO","JAIME GONZALEZ CANOMANUEL",1
"3819","CARLOS MENENDEZ BLANCO","JAVIER ORTEGA SMITHMOLINA",1
"3820","CARLOS MENENDEZ BLANCO","JESUS JIMENEZ MIGUEL",1
"3821","CARLOS MENENDEZ BLANCO","JOAQUIN ROBLES LOPEZ",1
"3822","CARLOS MENENDEZ BLANCO","JONATHAN GARCIA GARCIA",1
"3823","CARLOS MENENDEZ BLANCO","JOSE ALBERTO DIAZ PICO",1
"3824","CARLOS MENENDEZ BLANCO","JOSE ANTONIO PALOMO MARTIN",2
"3825","CARLOS MENENDEZ BLANCO","JOSE LUIS ROJO GARCIA",1
"3826","CARLOS MENENDEZ BLANCO","JOSE MARIA SANCHEZ GARCIA",1
"3827","CARLOS MENENDEZ BLANCO","JUAN GARCIAGALLARDO FRINGS",1
"3828","CARLOS MENENDEZ BLANCO","JUAN JOSE AIZCORBE TORRA",1
"3829","CARLOS MENENDEZ BLANCO","LAURA DORREIS ALONSO",1
"3830","CARLOS MENENDEZ BLANCO","LAURA GALLEGO GASPAR",1
"3831","CARLOS MENENDEZ BLANCO","LOURDES MENDEZ MONASTERIO",1
"3832","CARLOS MENENDEZ BLANCO","LUIS CARLOS GIMENEZ BALMORI",1
"3833","CARLOS MENENDEZ BLANCO","MACARENA OLONA CHOCLAN",1
"3834","CARLOS MENENDEZ BLANCO","MAGDALENA MARGARITA CONTESTI ROSSELLO",1
"3835","CARLOS MENENDEZ BLANCO","MANUEL GONZALEZ BAZAN",1
"3836","CARLOS MENENDEZ BLANCO","MANUEL MARISCAL ZABALA",1
"3837","CARLOS MENENDEZ BLANCO","MANUEL MESTRE BAREA",1
"3838","CARLOS MENENDEZ BLANCO","MANUEL RAFAEL RODRIGUEZ VALERO",1
"3839","CARLOS MENENDEZ BLANCO","MARIA ALEJANDRA MEDINA SANZ",1
"3840","CARLOS MENENDEZ BLANCO","MARIA DE FATIMA PINACHO FERNANDEZ",2
"3841","CARLOS MENENDEZ BLANCO","MARIA DE LA CABEZA RUIZ SOLAS",1
"3842","CARLOS MENENDEZ BLANCO","MARIA DE LOS REYES ROMERO VILCHES",1
"3843","CARLOS MENENDEZ BLANCO","MARIA DOLORES MATEO MATEOS",1
"3844","CARLOS MENENDEZ BLANCO","MARIA ISABEL PEREZ MARTIN",1
"3845","CARLOS MENENDEZ BLANCO","MARIA LUISA CALVO ENRIQUEZ",2
"3846","CARLOS MENENDEZ BLANCO","MARTA ALEGRIA MARTINEZ",2
"3847","CARLOS MENENDEZ BLANCO","MARTA ALVAREZ BARRIO",1
"3848","CARLOS MENENDEZ BLANCO","MAURICIO ANGULO GUERRERO",1
"3849","CARLOS MENENDEZ BLANCO","MIGUEL ANGEL FERNANDEZ LOPEZ",1
"3850","CARLOS MENENDEZ BLANCO","MIGUEL CONTRERAS MARTINEZ",1
"3851","CARLOS MENENDEZ BLANCO","PABLO SAEZ ALONSOMUNUMER",1
"3852","CARLOS MENENDEZ BLANCO","PATRICIA DE LAS HERAS FERNANDEZ",1
"3853","CARLOS MENENDEZ BLANCO","PATRICIA RUEDA PERELLO",1
"3854","CARLOS MENENDEZ BLANCO","PEDRO FERNANDEZ HERNANDEZ",1
"3855","CARLOS MENENDEZ BLANCO","RICARDO CHAMORRO DELMO",1
"3856","CARLOS MENENDEZ BLANCO","ROCIO DE MEER MENDEZ",1
"3857","CARLOS MENENDEZ BLANCO","RUBEN SILVANO MANSO OLIVAR",1
"3858","CARLOS MENENDEZ BLANCO","SANTIAGO ABASCAL CONDE",1
"3859","CARLOS MENENDEZ BLANCO","SERAFIN SERRANO MARIN",1
"3860","CARLOS MENENDEZ BLANCO","SERGIO CHAGARTEGUI SANCHEZ",1
"3861","CARLOS MENENDEZ BLANCO","SONIA LUISA LALANDA SANMIGUEL",1
"3862","CARLOS MENENDEZ BLANCO","SUSANA SUAREZ VILLAGRA",2
"3863","CARLOS MENENDEZ BLANCO","VICTOR GUIDO GONZALEZ COELLO DE PORTUGAL",1
"3864","CARLOS NAVARRO LIZARRAGA","DAVID GARCIA GOMIS",1
"3865","CARLOS NAVARRO LIZARRAGA","EMILIO JESUS DEL VALLE RODRIGUEZ",1
"3866","CARLOS NAVARRO LIZARRAGA","FRANCISCO JAVIER ORTEGA SMITHMOLINA",1
"3867","CARLOS NAVARRO LIZARRAGA","FRANCISCO JOSE ALCARAZ MARTOS",1
"3868","CARLOS NAVARRO LIZARRAGA","FRANCISCO JOSE CONTRERAS PELAEZ",1
"3869","CARLOS NAVARRO LIZARRAGA","GEORGINA TRIAS GIL",1
"3870","CARLOS NAVARRO LIZARRAGA","IGNACIO GIL LAZARO",1
"3871","CARLOS NAVARRO LIZARRAGA","IGNACIO HOCES INIGUEZ",1
"3872","CARLOS NAVARRO LIZARRAGA","ISMAEL IVAN VELEZ CIPRIANO",1
"3873","CARLOS NAVARRO LIZARRAGA","IVAN ESPINOSA DE LOS MONTEROS DE SIMON",1
"3874","CARLOS NAVARRO LIZARRAGA","JACOBO GONZALEZROBATTO PEROTE",1
"3875","CARLOS NAVARRO LIZARRAGA","JOAQUIN ROBLES LOPEZ",1
"3876","CARLOS NAVARRO LIZARRAGA","JORGE CAMPOS ASENSI",1
"3877","CARLOS NAVARRO LIZARRAGA","JOSE FRANCISCO GARRE IZQUIERDO",1
"3878","CARLOS NAVARRO LIZARRAGA","JOSE MARIA FIGAREDO ALVAREZSALA",1
"3879","CARLOS NAVARRO LIZARRAGA","JOSE MARIA SANCHEZ GARCIA",1
"3880","CARLOS NAVARRO LIZARRAGA","JOSE RAMIREZ DEL RIO",1
"3881","CARLOS NAVARRO LIZARRAGA","JUAN JOSE AIZCORBE TORRA",1
"3882","CARLOS NAVARRO LIZARRAGA","LOURDES MENDEZ MONASTERIO",1
"3883","CARLOS NAVARRO LIZARRAGA","MANUEL MARISCAL ZABALA",1
"3884","CARLOS NAVARRO LIZARRAGA","MARIA BEATRIZ CASTILLEJO SEVILLA",1
"3885","CARLOS NAVARRO LIZARRAGA","MARIA DE LA CABEZA RUIZ SOLAS",1
"3886","CARLOS NAVARRO LIZARRAGA","MARIA DE LOS REYES ROMERO VILCHES",1
"3887","CARLOS NAVARRO LIZARRAGA","MARIA JOSE RODRIGUEZ DE MILLAN PARRO",1
"3888","CARLOS NAVARRO LIZARRAGA","MARIA MAGDALENA NEVADO DEL CAMPO",1
"3889","CARLOS NAVARRO LIZARRAGA","MARIA TERESA LOPEZ ALVAREZ",1
"3890","CARLOS NAVARRO LIZARRAGA","PABLO JUAN CALVO LISTE",1
"3891","CARLOS NAVARRO LIZARRAGA","PABLO SAEZ ALONSOMUNUMER",1
"3892","CARLOS NAVARRO LIZARRAGA","PATRICIA RUEDA PERELLO",1
"3893","CARLOS NAVARRO LIZARRAGA","PEDRO FERNANDEZ HERNANDEZ",1
"3894","CARLOS NAVARRO LIZARRAGA","PEDRO JESUS REQUEJO NOVOA",1
"3895","CARLOS NAVARRO LIZARRAGA","RICARDO CHAMORRO DELMO",1
"3896","CARLOS NAVARRO LIZARRAGA","ROCIO DE MEER MENDEZ",1
"3897","CARLOS NAVARRO LIZARRAGA","RODRIGO JIMENEZ REVUELTA",1
"3898","CARLOS NAVARRO LIZARRAGA","SANTIAGO ABASCAL CONDE",1
"3899","CARLOS NAVARRO LIZARRAGA","SERGIO MACIAN DE GREEF",1
"3900","CARLOS NAVARRO LIZARRAGA","TOMAS FERNANDEZ RIOS",1
"3901","CARLOS NAVARRO LIZARRAGA","VICTOR GUIDO GONZALEZ COELLO DE PORTUGAL",1
"3902","CARLOS NAVARRO LIZARRAGA","YOLANDA MERELO PALOMARES",1
"3903","CARLOS POLLAN FERNANDEZ","CLARA ISABEL RUBIO CONTRERAS",1
"3904","CARLOS POLLAN FERNANDEZ","CRISTINA DE ESTEBAN CALONJE",1
"3905","CARLOS POLLAN FERNANDEZ","DAVID HIERRO SANTOS",2
"3906","CARLOS POLLAN FERNANDEZ","ENRIQUE JIMENEZ VAQUERIZO",1
"3907","CARLOS POLLAN FERNANDEZ","FRANCISCO JAVIER ORTEGA SMITHMOLINA",1
"3908","CARLOS POLLAN FERNANDEZ","IGNACIO GARRIGA VAZ DE CONCICAO",1
"3909","CARLOS POLLAN FERNANDEZ","IGNACIO GIL LAZARO",1
"3910","CARLOS POLLAN FERNANDEZ","IGNACIO SICILIA DOMENECH",2
"3911","CARLOS POLLAN FERNANDEZ","IVAN ESPINOSA DE LOS MONTEROS DE SIMON",1
"3912","CARLOS POLLAN FERNANDEZ","JESUS JIMENEZ MIGUEL",1
"3913","CARLOS POLLAN FERNANDEZ","JOAQUIN ROBLES LOPEZ",1
"3914","CARLOS POLLAN FERNANDEZ","JONATHAN GARCIA GARCIA",1
"3915","CARLOS POLLAN FERNANDEZ","JOSE ALBERTO DIAZ PICO",1
"3916","CARLOS POLLAN FERNANDEZ","JOSE ANTONIO PALOMO MARTIN",2
"3917","CARLOS POLLAN FERNANDEZ","JOSE LUIS ROJO GARCIA",1
"3918","CARLOS POLLAN FERNANDEZ","JOSE MARIA FIGAREDO ALVAREZSALA",1
"3919","CARLOS POLLAN FERNANDEZ","JOSE MARIA VAZQUEZ ALVAREZ",1
"3920","CARLOS POLLAN FERNANDEZ","JOSE RAMIREZ DEL RIO",1
"3921","CARLOS POLLAN FERNANDEZ","JUAN GARCIAGALLARDO FRINGS",1
"3922","CARLOS POLLAN FERNANDEZ","LAURA DORREIS ALONSO",1
"3923","CARLOS POLLAN FERNANDEZ","LAURA GALLEGO GASPAR",1
"3924","CARLOS POLLAN FERNANDEZ","LOURDES MENDEZ MONASTERIO",1
"3925","CARLOS POLLAN FERNANDEZ","LUIS CARLOS GIMENEZ BALMORI",1
"3926","CARLOS POLLAN FERNANDEZ","MACARENA OLONA CHOCLAN",1
"3927","CARLOS POLLAN FERNANDEZ","MANUEL MARISCAL ZABALA",1
"3928","CARLOS POLLAN FERNANDEZ","MANUEL MESTRE BAREA",1
"3929","CARLOS POLLAN FERNANDEZ","MARIA ALEJANDRA MEDINA SANZ",1
"3930","CARLOS POLLAN FERNANDEZ","MARIA DE FATIMA PINACHO FERNANDEZ",2
"3931","CARLOS POLLAN FERNANDEZ","MARIA DE LA CABEZA RUIZ SOLAS",1
"3932","CARLOS POLLAN FERNANDEZ","MARIA DE LOS REYES ROMERO VILCHES",1
"3933","CARLOS POLLAN FERNANDEZ","MARIA DOLORES MATEO MATEOS",1
"3934","CARLOS POLLAN FERNANDEZ","MARIA ISABEL PEREZ MARTIN",1
"3935","CARLOS POLLAN FERNANDEZ","MARIA LUISA CALVO ENRIQUEZ",2
"3936","CARLOS POLLAN FERNANDEZ","MARTA ALEGRIA MARTINEZ",2
"3937","CARLOS POLLAN FERNANDEZ","MAURICIO ANGULO GUERRERO",1
"3938","CARLOS POLLAN FERNANDEZ","MIGUEL CONTRERAS MARTINEZ",1
"3939","CARLOS POLLAN FERNANDEZ","PABLO SAEZ ALONSOMUNUMER",1
"3940","CARLOS POLLAN FERNANDEZ","PATRICIA RUEDA PERELLO",1
"3941","CARLOS POLLAN FERNANDEZ","PEDRO FERNANDEZ HERNANDEZ",1
"3942","CARLOS POLLAN FERNANDEZ","RICARDO CHAMORRO DELMO",1
"3943","CARLOS POLLAN FERNANDEZ","ROCIO DE MEER MENDEZ",1
"3944","CARLOS POLLAN FERNANDEZ","SANTIAGO ABASCAL CONDE",1
"3945","CARLOS POLLAN FERNANDEZ","SERGIO CHAGARTEGUI SANCHEZ",1
"3946","CARLOS POLLAN FERNANDEZ","SUSANA SUAREZ VILLAGRA",2
"3947","CARLOS POLLAN FERNANDEZ","VICTOR MANUEL SANCHEZ DEL REAL",1
"3948","CARLOS RODRIGO DOMINGUEZ","DAVID ARRANZ BALLESTEROS",1
"3949","CARLOS RODRIGO DOMINGUEZ","JAVIER VALENTIN ALONSO CORONEL",1
"3950","CARLOS RODRIGO DOMINGUEZ","LEONIA ALEXANDRA BERNARDINO SILVANO",1
"3951","CARLOS RODRIGO DOMINGUEZ","LUIS FRANCISCO BIENDICHO GRACIA",1
"3952","CARLOS RODRIGO DOMINGUEZ","MARIA CARMEN ROUCO LALIENA",1
"3953","CARLOS RODRIGO DOMINGUEZ","MARTA FERNANDEZ MARTIN",1
"3954","CARLOS RODRIGO DOMINGUEZ","SANTIAGO MORON SANJUAN",1
"3955","CARLOS RODRIGO DOMINGUEZ","SERGIO MARCO JIMENEZ",1
"3956","CARMELO ALVAREZ FERNANDEZ DE GAMARRA","INIGO HENRIQUEZ DE LUNA LOSADA",2
"3957","CARMELO ALVAREZ FERNANDEZ DE GAMARRA","ISABEL PEREZ MONINOARANDA",1
"3958","CARMELO ALVAREZ FERNANDEZ DE GAMARRA","JORGE ARTURO CUTILLAS CORDON",2
"3959","CARMELO ALVAREZ FERNANDEZ DE GAMARRA","JOSE ANTONIO FUSTER LAMELAS",1
"3960","CARMELO ALVAREZ FERNANDEZ DE GAMARRA","JOSE IGNACIO ARIAS MORENO",1
"3961","CARMELO ALVAREZ FERNANDEZ DE GAMARRA","JOSE LUIS RUIZ BARTOLOME",1
"3962","CARMELO ALVAREZ FERNANDEZ DE GAMARRA","JOSE MARIA MARCO TOBARRA",1
"3963","CARMELO ALVAREZ FERNANDEZ DE GAMARRA","MARIA BELEN GONZALEZ MORENO",1
"3964","CARMELO ALVAREZ FERNANDEZ DE GAMARRA","MARIANO CALABUIG MARTINEZ",1
"3965","CARMELO ALVAREZ FERNANDEZ DE GAMARRA","ROCIO MONASTERIO SAN MARTIN",2
"3966","CARMEN ISABEL BARRIOS MEDINAMONTOYA","JOAQUIN MARIA AMANN LACOUME",1
"3967","CARMEN LOSCERTALES MARTIN DE AGAR","DAVID GARCIA GOMIS",1
"3968","CARMEN LOSCERTALES MARTIN DE AGAR","EMILIO JESUS DEL VALLE RODRIGUEZ",1
"3969","CARMEN LOSCERTALES MARTIN DE AGAR","EVARISTO TELLEZ ROLDAN",1
"3970","CARMEN LOSCERTALES MARTIN DE AGAR","FRANCISCO JAVIER ORTEGA SMITHMOLINA",1
"3971","CARMEN LOSCERTALES MARTIN DE AGAR","FRANCISCO JOSE ALCARAZ MARTOS",1
"3972","CARMEN LOSCERTALES MARTIN DE AGAR","FRANCISCO JOSE CONTRERAS PELAEZ",1
"3973","CARMEN LOSCERTALES MARTIN DE AGAR","GEORGINA TRIAS GIL",1
"3974","CARMEN LOSCERTALES MARTIN DE AGAR","IGNACIO GIL LAZARO",1
"3975","CARMEN LOSCERTALES MARTIN DE AGAR","IGNACIO HOCES INIGUEZ",1
"3976","CARMEN LOSCERTALES MARTIN DE AGAR","ISMAEL IVAN VELEZ CIPRIANO",1
"3977","CARMEN LOSCERTALES MARTIN DE AGAR","IVAN ESPINOSA DE LOS MONTEROS DE SIMON",1
"3978","CARMEN LOSCERTALES MARTIN DE AGAR","JACOBO GONZALEZROBATTO PEROTE",1
"3979","CARMEN LOSCERTALES MARTIN DE AGAR","JOAQUIN ROBLES LOPEZ",1
"3980","CARMEN LOSCERTALES MARTIN DE AGAR","JORGE CAMPOS ASENSI",1
"3981","CARMEN LOSCERTALES MARTIN DE AGAR","JOSE FRANCISCO GARRE IZQUIERDO",1
"3982","CARMEN LOSCERTALES MARTIN DE AGAR","JOSE MARIA FIGAREDO ALVAREZSALA",1
"3983","CARMEN LOSCERTALES MARTIN DE AGAR","JOSE MARIA SANCHEZ GARCIA",1
"3984","CARMEN LOSCERTALES MARTIN DE AGAR","JOSE RAMIREZ DEL RIO",1
"3985","CARMEN LOSCERTALES MARTIN DE AGAR","JUAN CARLOS SANCHEZ ORDONEZ",1
"3986","CARMEN LOSCERTALES MARTIN DE AGAR","JUAN JOSE AIZCORBE TORRA",1
"3987","CARMEN LOSCERTALES MARTIN DE AGAR","LOURDES MENDEZ MONASTERIO",1
"3988","CARMEN LOSCERTALES MARTIN DE AGAR","MANUEL MARISCAL ZABALA",1
"3989","CARMEN LOSCERTALES MARTIN DE AGAR","MARIA DE LA CABEZA RUIZ SOLAS",1
"3990","CARMEN LOSCERTALES MARTIN DE AGAR","MARIA DE LOS REYES ROMERO VILCHES",1
"3991","CARMEN LOSCERTALES MARTIN DE AGAR","MARIA JOSE RODRIGUEZ DE MILLAN PARRO",1
"3992","CARMEN LOSCERTALES MARTIN DE AGAR","MARIA MAGDALENA NEVADO DEL CAMPO",1
"3993","CARMEN LOSCERTALES MARTIN DE AGAR","MARIA TERESA LOPEZ ALVAREZ",1
"3994","CARMEN LOSCERTALES MARTIN DE AGAR","PABLO JUAN CALVO LISTE",1
"3995","CARMEN LOSCERTALES MARTIN DE AGAR","PABLO SAEZ ALONSOMUNUMER",1
"3996","CARMEN LOSCERTALES MARTIN DE AGAR","PATRICIA RUEDA PERELLO",1
"3997","CARMEN LOSCERTALES MARTIN DE AGAR","PEDRO FERNANDEZ HERNANDEZ",1
"3998","CARMEN LOSCERTALES MARTIN DE AGAR","PEDRO JESUS REQUEJO NOVOA",1
"3999","CARMEN LOSCERTALES MARTIN DE AGAR","RICARDO CHAMORRO DELMO",1
"4000","CARMEN LOSCERTALES MARTIN DE AGAR","ROCIO DE MEER MENDEZ",1
"4001","CARMEN LOSCERTALES MARTIN DE AGAR","RODRIGO JIMENEZ REVUELTA",1
"4002","CARMEN LOSCERTALES MARTIN DE AGAR","SANTIAGO ABASCAL CONDE",1
"4003","CARMEN LOSCERTALES MARTIN DE AGAR","SERGIO MACIAN DE GREEF",1
"4004","CARMEN LOSCERTALES MARTIN DE AGAR","TOMAS FERNANDEZ RIOS",1
"4005","CARMEN LOSCERTALES MARTIN DE AGAR","VICTOR GUIDO GONZALEZ COELLO DE PORTUGAL",1
"4006","CARMEN LOSCERTALES MARTIN DE AGAR","YOLANDA MERELO PALOMARES",1
"4007","CARMEN MARIA PEREZ ARELLANO","IGNACIO MENENDEZ MEDRANO",1
"4008","CARMEN MARIA PEREZ ARELLANO","MARIA ELENA ALVAREZ GOMEZ",1
"4009","CAROLINA DE PABLO GONZALEZ","INIGO HENRIQUEZ DE LUNA LOSADA",2
"4010","CAROLINA DE PABLO GONZALEZ","ISABEL PEREZ MONINOARANDA",1
"4011","CAROLINA DE PABLO GONZALEZ","JAVIER PEREZ GALLARDO",1
"4012","CAROLINA DE PABLO GONZALEZ","JORGE ARREDONDO EIZAGA",1
"4013","CAROLINA DE PABLO GONZALEZ","JORGE ARTURO CUTILLAS CORDON",2
"4014","CAROLINA DE PABLO GONZALEZ","JOSE ANTONIO FUSTER LAMELAS",1
"4015","CAROLINA DE PABLO GONZALEZ","JOSE IGNACIO ARIAS MORENO",2
"4016","CAROLINA DE PABLO GONZALEZ","JOSE LUIS RUIZ BARTOLOME",2
"4017","CAROLINA DE PABLO GONZALEZ","MARIA BELEN GONZALEZ MORENO",1
"4018","CAROLINA DE PABLO GONZALEZ","MARIANO CALABUIG MARTINEZ",1
"4019","CAROLINA DE PABLO GONZALEZ","PEDRO FERNANDEZ VILLAMEA ALEMAN",1
"4020","CAROLINA DE PABLO GONZALEZ","ROCIO MONASTERIO SAN MARTIN",2
"4021","CAROLINA LOPEZ FERNANDEZ","ELENA FIGAREDO SANJUAN",1
"4022","CAROLINA LOPEZ FERNANDEZ","HERMANN LEOPOLD TERTSCH DEL VALLELERSUNDI",1
"4023","CAROLINA LOPEZ FERNANDEZ","JAVIER JOVE SANDOVAL",1
"4024","CAROLINA LOPEZ FERNANDEZ","JORGE BUXADE VILLALBA",1
"4025","CAROLINA LOPEZ FERNANDEZ","JORGE MARTIN FRIAS",1
"4026","CAROLINA LOPEZ FERNANDEZ","JOSUE VELASCO PUENTE",1
"4027","CAROLINA LOPEZ FERNANDEZ","JUAN CARLOS GIRAUTA VIDAL",1
"4028","CAROLINA LOPEZ FERNANDEZ","LUIS LOPEZ MENENDEZ",2
"4029","CAROLINA LOPEZ FERNANDEZ","MARGARITA DE LA PISA CARRION",1
"4030","CAROLINA LOPEZ FERNANDEZ","MARIA ARANZAZU MARTINEZ RIOLA",1
"4031","CAROLINA LOPEZ FERNANDEZ","MARIA LUISA MENENDEZ MARTINEZ",1
"4032","CAROLINA LOPEZ FERNANDEZ","MIREIA BORRAS PABON",1
"4033","CAROLINA LOPEZ FERNANDEZ","SARA CONCEPCION ALVAREZ ROUCO",1
"4034","CAROLINA LOPEZ FERNANDEZ","SONSOLES PERALTA LOPEZ",1
"4035","CAROLINA LOPEZ FERNANDEZ","TEODORO RAMON POZO MUNIZ",1
"4036","CLARA ISABEL RUBIO CONTRERAS","DAVID GARCIA GOMIS",1
"4037","CLARA ISABEL RUBIO CONTRERAS","DAVID HIERRO SANTOS",1
"4038","CLARA ISABEL RUBIO CONTRERAS","EMILIO JESUS DEL VALLE RODRIGUEZ",1
"4039","CLARA ISABEL RUBIO CONTRERAS","ENRIQUE JIMENEZ VAQUERIZO",1
"4040","CLARA ISABEL RUBIO CONTRERAS","FRANCISCO JAVIER ORTEGA SMITHMOLINA",1
"4041","CLARA ISABEL RUBIO CONTRERAS","FRANCISCO JOSE ALCARAZ MARTOS",1
"4042","CLARA ISABEL RUBIO CONTRERAS","FRANCISCO JOSE CONTRERAS PELAEZ",1
"4043","CLARA ISABEL RUBIO CONTRERAS","GEORGINA TRIAS GIL",1
"4044","CLARA ISABEL RUBIO CONTRERAS","IGNACIO GIL LAZARO",1
"4045","CLARA ISABEL RUBIO CONTRERAS","IGNACIO HOCES INIGUEZ",1
"4046","CLARA ISABEL RUBIO CONTRERAS","IGNACIO SICILIA DOMENECH",1
"4047","CLARA ISABEL RUBIO CONTRERAS","ISMAEL IVAN VELEZ CIPRIANO",1
"4048","CLARA ISABEL RUBIO CONTRERAS","IVAN ESPINOSA DE LOS MONTEROS DE SIMON",1
"4049","CLARA ISABEL RUBIO CONTRERAS","JACOBO GONZALEZROBATTO PEROTE",1
"4050","CLARA ISABEL RUBIO CONTRERAS","JESUS JIMENEZ MIGUEL",1
"4051","CLARA ISABEL RUBIO CONTRERAS","JOAQUIN ROBLES LOPEZ",1
"4052","CLARA ISABEL RUBIO CONTRERAS","JONATHAN GARCIA GARCIA",1
"4053","CLARA ISABEL RUBIO CONTRERAS","JORGE CAMPOS ASENSI",1
"4054","CLARA ISABEL RUBIO CONTRERAS","JOSE ALBERTO DIAZ PICO",1
"4055","CLARA ISABEL RUBIO CONTRERAS","JOSE ANTONIO PALOMO MARTIN",1
"4056","CLARA ISABEL RUBIO CONTRERAS","JOSE FRANCISCO GARRE IZQUIERDO",1
"4057","CLARA ISABEL RUBIO CONTRERAS","JOSE MARIA FIGAREDO ALVAREZSALA",1
"4058","CLARA ISABEL RUBIO CONTRERAS","JOSE MARIA SANCHEZ GARCIA",1
"4059","CLARA ISABEL RUBIO CONTRERAS","JOSE RAMIREZ DEL RIO",1
"4060","CLARA ISABEL RUBIO CONTRERAS","JUAN JOSE AIZCORBE TORRA",1
"4061","CLARA ISABEL RUBIO CONTRERAS","LAURA DORREIS ALONSO",1
"4062","CLARA ISABEL RUBIO CONTRERAS","LOURDES MENDEZ MONASTERIO",1
"4063","CLARA ISABEL RUBIO CONTRERAS","LUIS CARLOS GIMENEZ BALMORI",1
"4064","CLARA ISABEL RUBIO CONTRERAS","MANUEL MARISCAL ZABALA",1
"4065","CLARA ISABEL RUBIO CONTRERAS","MARIA ALEJANDRA MEDINA SANZ",1
"4066","CLARA ISABEL RUBIO CONTRERAS","MARIA DE FATIMA PINACHO FERNANDEZ",1
"4067","CLARA ISABEL RUBIO CONTRERAS","MARIA DE LA CABEZA RUIZ SOLAS",1
"4068","CLARA ISABEL RUBIO CONTRERAS","MARIA DE LOS REYES ROMERO VILCHES",1
"4069","CLARA ISABEL RUBIO CONTRERAS","MARIA DOLORES MATEO MATEOS",1
"4070","CLARA ISABEL RUBIO CONTRERAS","MARIA JOSE RODRIGUEZ DE MILLAN PARRO",1
"4071","CLARA ISABEL RUBIO CONTRERAS","MARIA LUISA CALVO ENRIQUEZ",1
"4072","CLARA ISABEL RUBIO CONTRERAS","MARIA MAGDALENA NEVADO DEL CAMPO",1
"4073","CLARA ISABEL RUBIO CONTRERAS","MARIA TERESA LOPEZ ALVAREZ",1
"4074","CLARA ISABEL RUBIO CONTRERAS","MARTA ALEGRIA MARTINEZ",1
"4075","CLARA ISABEL RUBIO CONTRERAS","MAURICIO ANGULO GUERRERO",1
"4076","CLARA ISABEL RUBIO CONTRERAS","MIGUEL CONTRERAS MARTINEZ",1
"4077","CLARA ISABEL RUBIO CONTRERAS","PABLO JUAN CALVO LISTE",1
"4078","CLARA ISABEL RUBIO CONTRERAS","PABLO SAEZ ALONSOMUNUMER",1
"4079","CLARA ISABEL RUBIO CONTRERAS","PATRICIA RUEDA PERELLO",1
"4080","CLARA ISABEL RUBIO CONTRERAS","PEDRO FERNANDEZ HERNANDEZ",1
"4081","CLARA ISABEL RUBIO CONTRERAS","PEDRO JESUS REQUEJO NOVOA",1
"4082","CLARA ISABEL RUBIO CONTRERAS","RICARDO CHAMORRO DELMO",1
"4083","CLARA ISABEL RUBIO CONTRERAS","ROCIO DE MEER MENDEZ",1
"4084","CLARA ISABEL RUBIO CONTRERAS","RODRIGO JIMENEZ REVUELTA",1
"4085","CLARA ISABEL RUBIO CONTRERAS","SANTIAGO ABASCAL CONDE",1
"4086","CLARA ISABEL RUBIO CONTRERAS","SERGIO MACIAN DE GREEF",1
"4087","CLARA ISABEL RUBIO CONTRERAS","SUSANA SUAREZ VILLAGRA",1
"4088","CLARA ISABEL RUBIO CONTRERAS","TOMAS FERNANDEZ RIOS",1
"4089","CLARA ISABEL RUBIO CONTRERAS","VICTOR GUIDO GONZALEZ COELLO DE PORTUGAL",1
"4090","CLARA ISABEL RUBIO CONTRERAS","YOLANDA MERELO PALOMARES",1
"4091","CLOTILDE SALVADOR SANCHEZ","CRISTINA ALEJANDRA JIMENEZ JIMENEZ",1
"4092","CLOTILDE SALVADOR SANCHEZ","DAVID NAVARRO QUESADA",1
"4093","CLOTILDE SALVADOR SANCHEZ","EVA MARIA POZA MENDEZ",1
"4094","CLOTILDE SALVADOR SANCHEZ","GLORIA GAMONOSO FERRARO",1
"4095","CLOTILDE SALVADOR SANCHEZ","GUSTAVO DE CASTRO SIERRA",1
"4096","CLOTILDE SALVADOR SANCHEZ","INIGO PABLO OSUNA GONZALEZ DE AGUILAR",1
"4097","CLOTILDE SALVADOR SANCHEZ","ISABEL MADERA FREIXAS",1
"4098","CLOTILDE SALVADOR SANCHEZ","JAVIER CORTES LUCENA",1
"4099","CLOTILDE SALVADOR SANCHEZ","JOSE ANTONIO GOMILA ORTEGA",1
"4100","CLOTILDE SALVADOR SANCHEZ","JUAN FRANCISCO ROJAS FERNANDEZ",1
"4101","CLOTILDE SALVADOR SANCHEZ","JUAN JOSE BOSQUET ARIAS",1
"4102","CLOTILDE SALVADOR SANCHEZ","JUAN JOSE COCA LOPEZ",1
"4103","CLOTILDE SALVADOR SANCHEZ","LUCIA CUADROS ESTEVEZ",1
"4104","CLOTILDE SALVADOR SANCHEZ","MANUEL GAVIRA FLORENTINO",1
"4105","CLOTILDE SALVADOR SANCHEZ","MANUEL JESUS VELA SABORIDO",1
"4106","CLOTILDE SALVADOR SANCHEZ","MARIA ADELA VAO CANADAS",1
"4107","CLOTILDE SALVADOR SANCHEZ","MARIA CRISTINA PELAEZ IZQUIERDO",1
"4108","CLOTILDE SALVADOR SANCHEZ","MARIA DE LA CRUZ LOZANO MARIN",1
"4109","CLOTILDE SALVADOR SANCHEZ","MARIA DEL CARMEN INFANTES HERNANDEZ",1
"4110","CLOTILDE SALVADOR SANCHEZ","MARIA GORETTI EIBERLE SANCHEZ DE TOCA",1
"4111","CLOTILDE SALVADOR SANCHEZ","NOELIA MARIA CAMPOS RODRIGUEZ",1
"4112","CLOTILDE SALVADOR SANCHEZ","OTILIA ALARCON CAMUS",1
"4113","CLOTILDE SALVADOR SANCHEZ","PAULA DE LOS ANGELES BADANELLI BERRIOZABAL",1
"4114","CLOTILDE SALVADOR SANCHEZ","PURIFICACION FERNANDEZ MORALES",1
"4115","CLOTILDE SALVADOR SANCHEZ","RAFAEL SEGOVIA BROME",1
"4116","CLOTILDE SALVADOR SANCHEZ","RICARDO LOPEZ OLEA",1
"4117","CLOTILDE SALVADOR SANCHEZ","ROCIO MARIN ORTEGA",1
"4118","CLOTILDE SALVADOR SANCHEZ","RODRIGO JAVIER ALONSO FERNANDEZ",1
"4119","CLOTILDE SALVADOR SANCHEZ","SILVIA CLARA ENRIQUEZ GALLEGO",1
"4120","CLOTILDE SALVADOR SANCHEZ","SILVIA MARIA BELLIDO VERA",1
"4121","CONSUELO BLANCO GAMBOA","ERNESTO JORGE SERIGOS SUSINI",2
"4122","CONSUELO BLANCO GAMBOA","FERNANDO LAVINA SALVADOR",1
"4123","CONSUELO BLANCO GAMBOA","INIGO HENRIQUEZ DE LUNA LOSADA",2
"4124","CONSUELO BLANCO GAMBOA","JAVIER PEREZ GALLARDO",1
"4125","CONSUELO BLANCO GAMBOA","JORGE ARTURO CUTILLAS CORDON",2
"4126","CONSUELO BLANCO GAMBOA","JOSE IGNACIO ARIAS MORENO",1
"4127","CONSUELO BLANCO GAMBOA","JOSE LUIS RUIZ BARTOLOME",1
"4128","CONSUELO BLANCO GAMBOA","JOSE MANUEL PINEIRO PEREZ",1
"4129","CONSUELO BLANCO GAMBOA","JOSE MARIA MARCO TOBARRA",1
"4130","CONSUELO BLANCO GAMBOA","MARIA DE LA CABEZA RUIZ SOLAS",2
"4131","CONSUELO BLANCO GAMBOA","MARIA DEL PILAR BAOS REVILLA",2
"4132","CONSUELO BLANCO GAMBOA","MARIANO CALABUIG MARTINEZ",2
"4133","CONSUELO BLANCO GAMBOA","ROCIO MONASTERIO SAN MARTIN",2
"4134","CONSUELO ROMAN IZQUIERDO","EDUARDO ALONSO CARRION",1
"4135","CRISTINA ALEJANDRA JIMENEZ JIMENEZ","CRISTINA DE ESTEBAN CALONJE",1
"4136","CRISTINA ALEJANDRA JIMENEZ JIMENEZ","DAVID NAVARRO QUESADA",1
"4137","CRISTINA ALEJANDRA JIMENEZ JIMENEZ","EVA MARIA POZA MENDEZ",1
"4138","CRISTINA ALEJANDRA JIMENEZ JIMENEZ","FRANCISCO JAVIER ORTEGA SMITHMOLINA",1
"4139","CRISTINA ALEJANDRA JIMENEZ JIMENEZ","FRANCISCO RAUL CORDERO OLMEDO",1
"4140","CRISTINA ALEJANDRA JIMENEZ JIMENEZ","GEMA ISABEL GUTIERREZ TOSCANO",1
"4141","CRISTINA ALEJANDRA JIMENEZ JIMENEZ","GERARDO ACEITUNO CARRASCO",1
"4142","CRISTINA ALEJANDRA JIMENEZ JIMENEZ","GLORIA GAMONOSO FERRARO",1
"4143","CRISTINA ALEJANDRA JIMENEZ JIMENEZ","IGNACIO GARRIGA VAZ DE CONCICAO",1
"4144","CRISTINA ALEJANDRA JIMENEZ JIMENEZ","IGNACIO GIL LAZARO",1
"4145","CRISTINA ALEJANDRA JIMENEZ JIMENEZ","IVAN ESPINOSA DE LOS MONTEROS DE SIMON",1
"4146","CRISTINA ALEJANDRA JIMENEZ JIMENEZ","JAIME JAVIER DOMINGO MARTINEZ",1
"4147","CRISTINA ALEJANDRA JIMENEZ JIMENEZ","JAVIER CORTES LUCENA",2
"4148","CRISTINA ALEJANDRA JIMENEZ JIMENEZ","JOAQUIN ROBLES LOPEZ",1
"4149","CRISTINA ALEJANDRA JIMENEZ JIMENEZ","JOSE ANTONIO GOMILA ORTEGA",1
"4150","CRISTINA ALEJANDRA JIMENEZ JIMENEZ","JOSE MARIA FIGAREDO ALVAREZSALA",1
"4151","CRISTINA ALEJANDRA JIMENEZ JIMENEZ","JOSE MARIA ORTELLS POLO",1
"4152","CRISTINA ALEJANDRA JIMENEZ JIMENEZ","JOSE MARIA VAZQUEZ ALVAREZ",1
"4153","CRISTINA ALEJANDRA JIMENEZ JIMENEZ","JOSE RAMIREZ DEL RIO",1
"4154","CRISTINA ALEJANDRA JIMENEZ JIMENEZ","JUAN JOSE BOSQUET ARIAS",1
"4155","CRISTINA ALEJANDRA JIMENEZ JIMENEZ","JUAN JOSE COCA LOPEZ",2
"4156","CRISTINA ALEJANDRA JIMENEZ JIMENEZ","LOURDES MENDEZ MONASTERIO",1
"4157","CRISTINA ALEJANDRA JIMENEZ JIMENEZ","LUCIA CUADROS ESTEVEZ",1
"4158","CRISTINA ALEJANDRA JIMENEZ JIMENEZ","MACARENA OLONA CHOCLAN",2
"4159","CRISTINA ALEJANDRA JIMENEZ JIMENEZ","MANUEL GAVIRA FLORENTINO",2
"4160","CRISTINA ALEJANDRA JIMENEZ JIMENEZ","MANUEL JORGE MARTIN MONTERO",1
"4161","CRISTINA ALEJANDRA JIMENEZ JIMENEZ","MANUEL MARISCAL ZABALA",1
"4162","CRISTINA ALEJANDRA JIMENEZ JIMENEZ","MANUEL MESTRE BAREA",1
"4163","CRISTINA ALEJANDRA JIMENEZ JIMENEZ","MANUELA DEL MAR MARTIN IBANEZ",1
"4164","CRISTINA ALEJANDRA JIMENEZ JIMENEZ","MARIA ADELA VAO CANADAS",1
"4165","CRISTINA ALEJANDRA JIMENEZ JIMENEZ","MARIA CRISTINA PELAEZ IZQUIERDO",1
"4166","CRISTINA ALEJANDRA JIMENEZ JIMENEZ","MARIA DE LA CABEZA RUIZ SOLAS",1
"4167","CRISTINA ALEJANDRA JIMENEZ JIMENEZ","MARIA DE LOS REYES ROMERO VILCHES",1
"4168","CRISTINA ALEJANDRA JIMENEZ JIMENEZ","MARIA DEL CARMEN MURIEL MARQUEZ",1
"4169","CRISTINA ALEJANDRA JIMENEZ JIMENEZ","MARIA GORETTI EIBERLE SANCHEZ DE TOCA",1
"4170","CRISTINA ALEJANDRA JIMENEZ JIMENEZ","MARIA JOSE RODRIGUEZ DE MILLAN PARRO",1
"4171","CRISTINA ALEJANDRA JIMENEZ JIMENEZ","MARIA LOPEZ ZAMBRANO",1
"4172","CRISTINA ALEJANDRA JIMENEZ JIMENEZ","MARIA MAGDALENA PUENTEDURA PEREZ",1
"4173","CRISTINA ALEJANDRA JIMENEZ JIMENEZ","MARIA MERCEDES RODRIGUEZ TAMAYO",1
"4174","CRISTINA ALEJANDRA JIMENEZ JIMENEZ","MONTSERRAT CERVANTES LLORT",1
"4175","CRISTINA ALEJANDRA JIMENEZ JIMENEZ","NOELIA MARIA CAMPOS RODRIGUEZ",1
"4176","CRISTINA ALEJANDRA JIMENEZ JIMENEZ","PABLO SAEZ ALONSOMUNUMER",1
"4177","CRISTINA ALEJANDRA JIMENEZ JIMENEZ","PATRICIA RUEDA PERELLO",1
"4178","CRISTINA ALEJANDRA JIMENEZ JIMENEZ","PAULA DE LOS ANGELES BADANELLI BERRIOZABAL",1
"4179","CRISTINA ALEJANDRA JIMENEZ JIMENEZ","PEDRO FERNANDEZ HERNANDEZ",1
"4180","CRISTINA ALEJANDRA JIMENEZ JIMENEZ","PURIFICACION FERNANDEZ MORALES",1
"4181","CRISTINA ALEJANDRA JIMENEZ JIMENEZ","RAFAEL SEGOVIA BROME",2
"4182","CRISTINA ALEJANDRA JIMENEZ JIMENEZ","RICARDO CHAMORRO DELMO",1
"4183","CRISTINA ALEJANDRA JIMENEZ JIMENEZ","RICARDO LOPEZ OLEA",2
"4184","CRISTINA ALEJANDRA JIMENEZ JIMENEZ","ROCIO DE MEER MENDEZ",1
"4185","CRISTINA ALEJANDRA JIMENEZ JIMENEZ","ROCIO MARIN ORTEGA",1
"4186","CRISTINA ALEJANDRA JIMENEZ JIMENEZ","RODRIGO JAVIER ALONSO FERNANDEZ",2
"4187","CRISTINA ALEJANDRA JIMENEZ JIMENEZ","SANTIAGO ABASCAL CONDE",1
"4188","CRISTINA ALEJANDRA JIMENEZ JIMENEZ","SILVIA CLARA ENRIQUEZ GALLEGO",1
"4189","CRISTINA ALEJANDRA JIMENEZ JIMENEZ","SOLEDAD PEREZ RUBIO",1
"4190","CRISTINA ALEJANDRA JIMENEZ JIMENEZ","VICTOR MANUEL SANCHEZ DEL REAL",1
"4191","CRISTINA DE ESTEBAN CALONJE","DAVID BORJA PEREZ",1
"4192","CRISTINA DE ESTEBAN CALONJE","EMILIO JESUS DEL VALLE RODRIGUEZ",1
"4193","CRISTINA DE ESTEBAN CALONJE","FRANCISCO CUSTODIO RODRIGUEZ",1
"4194","CRISTINA DE ESTEBAN CALONJE","FRANCISCO DE BORJA REVILLA BRIOSO",1
"4195","CRISTINA DE ESTEBAN CALONJE","FRANCISCO JAVIER ORTEGA SMITHMOLINA",1
"4196","CRISTINA DE ESTEBAN CALONJE","FRANCISCO JOSE ALCARAZ MARTOS",1
"4197","CRISTINA DE ESTEBAN CALONJE","FRANCISCO JOSE CONTRERAS PELAEZ",1
"4198","CRISTINA DE ESTEBAN CALONJE","FRANCISCO JOSE DIAZ GRANADOS",1
"4199","CRISTINA DE ESTEBAN CALONJE","FULGENCIO COLL BUCHER",1
"4200","CRISTINA DE ESTEBAN CALONJE","GEMA ISABEL GUTIERREZ TOSCANO",1
"4201","CRISTINA DE ESTEBAN CALONJE","GEORGINA TRIAS GIL",1
"4202","CRISTINA DE ESTEBAN CALONJE","GERARDO ACEITUNO CARRASCO",1
"4203","CRISTINA DE ESTEBAN CALONJE","IGNACIO GARRIGA VAZ DE CONCICAO",1
"4204","CRISTINA DE ESTEBAN CALONJE","IGNACIO GIL LAZARO",1
"4205","CRISTINA DE ESTEBAN CALONJE","IGNACIO SICILIA DOMENECH",1
"4206","CRISTINA DE ESTEBAN CALONJE","INES MARIA CANIZARES PACHECO",1
"4207","CRISTINA DE ESTEBAN CALONJE","ISABEL LAZARO PINA",1
"4208","CRISTINA DE ESTEBAN CALONJE","ISMAEL IVAN VELEZ CIPRIANO",1
"4209","CRISTINA DE ESTEBAN CALONJE","IVAN ESPINOSA DE LOS MONTEROS DE SIMON",1
"4210","CRISTINA DE ESTEBAN CALONJE","JESUS GARCIA ROYO",1
"4211","CRISTINA DE ESTEBAN CALONJE","JOAQUIN ROBLES LOPEZ",1
"4212","CRISTINA DE ESTEBAN CALONJE","JORGE ARTURO CUTILLAS CORDON",1
"4213","CRISTINA DE ESTEBAN CALONJE","JOSE JOAQUIN BENGOCHEA SECO",1
"4214","CRISTINA DE ESTEBAN CALONJE","JOSE LUIS FERNANDEZ SANTAMARIA",1
"4215","CRISTINA DE ESTEBAN CALONJE","JOSE MARIA FIGAREDO ALVAREZSALA",1
"4216","CRISTINA DE ESTEBAN CALONJE","JOSE MARIA SANCHEZ GARCIA",1
"4217","CRISTINA DE ESTEBAN CALONJE","JOSE MARIA VAZQUEZ ALVAREZ",1
"4218","CRISTINA DE ESTEBAN CALONJE","JOSE RAMIREZ DEL RIO",1
"4219","CRISTINA DE ESTEBAN CALONJE","JOSEFINA BLAZQUEZ SANCHEZ",1
"4220","CRISTINA DE ESTEBAN CALONJE","JUAN JOSE AIZCORBE TORRA",1
"4221","CRISTINA DE ESTEBAN CALONJE","LOURDES MENDEZ MONASTERIO",1
"4222","CRISTINA DE ESTEBAN CALONJE","LUIS GESTOSO DE MIGUEL",1
"4223","CRISTINA DE ESTEBAN CALONJE","MACARENA OLONA CHOCLAN",1
"4224","CRISTINA DE ESTEBAN CALONJE","MANUEL GONZALEZ BAZAN",1
"4225","CRISTINA DE ESTEBAN CALONJE","MANUEL JORGE MARTIN MONTERO",1
"4226","CRISTINA DE ESTEBAN CALONJE","MANUEL MARISCAL ZABALA",1
"4227","CRISTINA DE ESTEBAN CALONJE","MANUEL MESTRE BAREA",1
"4228","CRISTINA DE ESTEBAN CALONJE","MARIA DE LA CABEZA RUIZ SOLAS",1
"4229","CRISTINA DE ESTEBAN CALONJE","MARIA DE LOS REYES ROMERO VILCHES",1
"4230","CRISTINA DE ESTEBAN CALONJE","MARIA DOLORES GOMEZ MORENO",1
"4231","CRISTINA DE ESTEBAN CALONJE","MARIA ELISA GARCIA FUSTER",1
"4232","CRISTINA DE ESTEBAN CALONJE","MARIA ISABEL DOMINGUEZ POMARES",1
"4233","CRISTINA DE ESTEBAN CALONJE","MARIA ISABEL PEREZ MARTIN",1
"4234","CRISTINA DE ESTEBAN CALONJE","MARIA MAGDALENA NEVADO DEL CAMPO",1
"4235","CRISTINA DE ESTEBAN CALONJE","MARIA TERESA ARNEDO PEREZ",1
"4236","CRISTINA DE ESTEBAN CALONJE","MARIA TERESA LOPEZ ALVAREZ",1
"4237","CRISTINA DE ESTEBAN CALONJE","MARIA TERESA LOPEZ DIVASSON",1
"4238","CRISTINA DE ESTEBAN CALONJE","MIGUEL ANGEL FERNANDEZ LOPEZ",1
"4239","CRISTINA DE ESTEBAN CALONJE","MIGUEL ANGEL LOPEZ FERNANDEZ",1
"4240","CRISTINA DE ESTEBAN CALONJE","MIREIA BORRAS PABON",1
"4241","CRISTINA DE ESTEBAN CALONJE","MONICA LORA CISQUER",1
"4242","CRISTINA DE ESTEBAN CALONJE","OSCAR ARTURO FERNANDEZ CALLE",1
"4243","CRISTINA DE ESTEBAN CALONJE","PABLO JUAN CALVO LISTE",1
"4244","CRISTINA DE ESTEBAN CALONJE","PABLO SAEZ ALONSOMUNUMER",1
"4245","CRISTINA DE ESTEBAN CALONJE","PATRICIA RUEDA PERELLO",1
"4246","CRISTINA DE ESTEBAN CALONJE","PEDRO FERNANDEZ HERNANDEZ",1
"4247","CRISTINA DE ESTEBAN CALONJE","PEDRO JESUS REQUEJO NOVOA",1
"4248","CRISTINA DE ESTEBAN CALONJE","RICARDO BELDA VALIENTE",1
"4249","CRISTINA DE ESTEBAN CALONJE","RICARDO CHAMORRO DELMO",1
"4250","CRISTINA DE ESTEBAN CALONJE","ROCIO DE MEER MENDEZ",1
"4251","CRISTINA DE ESTEBAN CALONJE","RODRIGO JIMENEZ REVUELTA",1
"4252","CRISTINA DE ESTEBAN CALONJE","RUBEN SILVANO MANSO OLIVAR",1
"4253","CRISTINA DE ESTEBAN CALONJE","SANTIAGO ABASCAL CONDE",1
"4254","CRISTINA DE ESTEBAN CALONJE","SERGIO MACIAN DE GREEF",1
"4255","CRISTINA DE ESTEBAN CALONJE","SONIA LUISA LALANDA SANMIGUEL",1
"4256","CRISTINA DE ESTEBAN CALONJE","TOMAS FERNANDEZ RIOS",1
"4257","CRISTINA DE ESTEBAN CALONJE","VICTOR GUIDO GONZALEZ COELLO DE PORTUGAL",1
"4258","CRISTINA DE ESTEBAN CALONJE","VICTOR MANUEL SANCHEZ DEL REAL",1
"4259","CRISTINA ESTEBAN CALONJE","EMILIO JESUS DEL VALLE RODRIGUEZ",1
"4260","CRISTINA ESTEBAN CALONJE","EMILIO JIMENEZ ROMAN",1
"4261","CRISTINA ESTEBAN CALONJE","FRANCISCO JAVIER TOQUERO DEL VADO",1
"4262","CRISTINA ESTEBAN CALONJE","FRANCISCO JOSE ALCARAZ MARTOS",1
"4263","CRISTINA ESTEBAN CALONJE","FULGENCIO COLL BUCHER",1
"4264","CRISTINA ESTEBAN CALONJE","GEORGINA TRIAS GIL",1
"4265","CRISTINA ESTEBAN CALONJE","GERARDO ACEITUNO CARRASCO",1
"4266","CRISTINA ESTEBAN CALONJE","IGNACIO GARRIGA VAZ DE CONCICAO",1
"4267","CRISTINA ESTEBAN CALONJE","IGNACIO GIL LAZARO",1
"4268","CRISTINA ESTEBAN CALONJE","ISABEL LAZARO PINA",1
"4269","CRISTINA ESTEBAN CALONJE","ISMAEL IVAN VELEZ CIPRIANO",1
"4270","CRISTINA ESTEBAN CALONJE","IVAN ESPINOSA DE LOS MONTEROS DE SIMON",1
"4271","CRISTINA ESTEBAN CALONJE","JAIME GONZALEZ CANOMANUEL",1
"4272","CRISTINA ESTEBAN CALONJE","JAVIER ORTEGA SMITHMOLINA",1
"4273","CRISTINA ESTEBAN CALONJE","JOAQUIN ROBLES LOPEZ",1
"4274","CRISTINA ESTEBAN CALONJE","JORGE ARTURO CUTILLAS CORDON",1
"4275","CRISTINA ESTEBAN CALONJE","JOSE IGNACIO ARIAS MORENO",1
"4276","CRISTINA ESTEBAN CALONJE","JOSE JOAQUIN BENGOCHEA SECO",1
"4277","CRISTINA ESTEBAN CALONJE","JOSE MARCELO AMARILLA PEREZ",1
"4278","CRISTINA ESTEBAN CALONJE","JOSE MARIA FIGAREDO ALVAREZSALA",1
"4279","CRISTINA ESTEBAN CALONJE","JOSE MARIA MARCO TOBARRA",1
"4280","CRISTINA ESTEBAN CALONJE","JOSE MARIA SANCHEZ GARCIA",1
"4281","CRISTINA ESTEBAN CALONJE","JOSE MIGUEL TASENDE SOUTO",1
"4282","CRISTINA ESTEBAN CALONJE","JOSE RAMIREZ DEL RIO",1
"4283","CRISTINA ESTEBAN CALONJE","JOSEFINA BLAZQUEZ SANCHEZ",1
"4284","CRISTINA ESTEBAN CALONJE","JUAN FRANCISCO ROJAS FERNANDEZ",1
"4285","CRISTINA ESTEBAN CALONJE","JUAN IGNACIO FERNANDEZ TOMAS",1
"4286","CRISTINA ESTEBAN CALONJE","JUAN JOSE AIZCORBE TORRA",1
"4287","CRISTINA ESTEBAN CALONJE","JULIO JOSE CALVO IGLESIAS",1
"4288","CRISTINA ESTEBAN CALONJE","LAURA GALAN RODRIGUEZ",1
"4289","CRISTINA ESTEBAN CALONJE","LOURDES MENDEZ MONASTERIO",1
"4290","CRISTINA ESTEBAN CALONJE","LUIS GESTOSO DE MIGUEL",1
"4291","CRISTINA ESTEBAN CALONJE","MACARENA OLONA CHOCLAN",1
"4292","CRISTINA ESTEBAN CALONJE","MAGDALENA MARGARITA CONTESTI ROSSELLO",1
"4293","CRISTINA ESTEBAN CALONJE","MANUEL GONZALEZ BAZAN",1
"4294","CRISTINA ESTEBAN CALONJE","MANUEL MARISCAL ZABALA",1
"4295","CRISTINA ESTEBAN CALONJE","MANUEL MESTRE BAREA",1
"4296","CRISTINA ESTEBAN CALONJE","MANUEL RAFAEL RODRIGUEZ VALERO",1
"4297","CRISTINA ESTEBAN CALONJE","MARGARITA DE LA PISA CARRION",1
"4298","CRISTINA ESTEBAN CALONJE","MARIA DE LA CABEZA RUIZ SOLAS",1
"4299","CRISTINA ESTEBAN CALONJE","MARIA DE LOS REYES ROMERO VILCHES",1
"4300","CRISTINA ESTEBAN CALONJE","MARIA DOLORES GOMEZ MORENO",1
"4301","CRISTINA ESTEBAN CALONJE","MARIA MAGDALENA NEVADO DEL CAMPO",1
"4302","CRISTINA ESTEBAN CALONJE","MARIA MERCEDES RODRIGUEZ TAMAYO",1
"4303","CRISTINA ESTEBAN CALONJE","MARIA TERESA ARNEDO PEREZ",1
"4304","CRISTINA ESTEBAN CALONJE","MARIA TERESA LOPEZ DIVASSON",1
"4305","CRISTINA ESTEBAN CALONJE","MARTA ALVAREZ BARRIO",1
"4306","CRISTINA ESTEBAN CALONJE","MARTA FERNANDEZ MARTIN",1
"4307","CRISTINA ESTEBAN CALONJE","MARTA GERVASIA GARRIDO MORENO",1
"4308","CRISTINA ESTEBAN CALONJE","MIGUEL ANGEL FERNANDEZ LOPEZ",1
"4309","CRISTINA ESTEBAN CALONJE","MIREIA BORRAS PABON",1
"4310","CRISTINA ESTEBAN CALONJE","PABLO JUAN CALVO LISTE",1
"4311","CRISTINA ESTEBAN CALONJE","PABLO SAEZ ALONSOMUNUMER",1
"4312","CRISTINA ESTEBAN CALONJE","PALOMA GOMEZ ENRIQUEZ",1
"4313","CRISTINA ESTEBAN CALONJE","PATRICIA DE LAS HERAS FERNANDEZ",1
"4314","CRISTINA ESTEBAN CALONJE","PATRICIA RUEDA PERELLO",1
"4315","CRISTINA ESTEBAN CALONJE","PEDRO FERNANDEZ HERNANDEZ",1
"4316","CRISTINA ESTEBAN CALONJE","PEDRO JESUS REQUEJO NOVOA",1
"4317","CRISTINA ESTEBAN CALONJE","RAQUEL TOMAS PEDROSA",1
"4318","CRISTINA ESTEBAN CALONJE","RICARDO BELDA VALIENTE",1
"4319","CRISTINA ESTEBAN CALONJE","RICARDO CHAMORRO DELMO",1
"4320","CRISTINA ESTEBAN CALONJE","ROCIO DE MEER MENDEZ",1
"4321","CRISTINA ESTEBAN CALONJE","RODRIGO JIMENEZ REVUELTA",1
"4322","CRISTINA ESTEBAN CALONJE","RUBEN SILVANO MANSO OLIVAR",1
"4323","CRISTINA ESTEBAN CALONJE","SANTIAGO ABASCAL CONDE",1
"4324","CRISTINA ESTEBAN CALONJE","SARA CONCEPCION ALVAREZ ROUCO",1
"4325","CRISTINA ESTEBAN CALONJE","SERAFIN SERRANO MARIN",1
"4326","CRISTINA ESTEBAN CALONJE","SERGIO BOTONERO GALAN",1
"4327","CRISTINA ESTEBAN CALONJE","SERGIO MACIAN DE GREEF",1
"4328","CRISTINA ESTEBAN CALONJE","SONIA LUISA LALANDA SANMIGUEL",1
"4329","CRISTINA ESTEBAN CALONJE","TOMAS FERNANDEZ RIOS",1
"4330","CRISTINA ESTEBAN CALONJE","VICTOR GUIDO GONZALEZ COELLO DE PORTUGAL",1
"4331","CRISTINA ESTEBAN CALONJE","VICTOR MANUEL SANCHEZ DEL REAL",1
"4332","CRISTINA ESTEBAN CALONJE","YOLANDA MERELO PALOMARES",1
"4333","CRISTOBAL PALACIO RUIZ","EMILIO JESUS DEL VALLE RODRIGUEZ",1
"4334","CRISTOBAL PALACIO RUIZ","JOSE JOAQUIN BENGOCHEA SECO",1
"4335","CRISTOBAL PALACIO RUIZ","LETICIA DIAZ RODRIGUEZ",1
"4336","CRISTOBAL PALACIO RUIZ","MANUELA BOLADO ALCALDE",1
"4337","CRISTOBAL PALACIO RUIZ","NATIVIDAD PEREZ SALAZAR",1
"4338","CRUZ RIOL LAZARO","SERGI FABRI LLAVERO",1
"4339","CRUZ RIOL LAZARO","SERGIO CONCEPCION YANEZ",1
"4340","DANIEL HORNOS HORCAS","MARIA LUISA GANEZ GAJON",1
"4341","DANIEL MANZANO JIMENEZ","MARIA AZUCENA LOPEZ MARTIN",1
"4342","DANIEL MOLINA MARTINEZ","DAVID GARCIA GOMIS",1
"4343","DANIEL MOLINA MARTINEZ","EMILIO JESUS DEL VALLE RODRIGUEZ",1
"4344","DANIEL MOLINA MARTINEZ","FRANCISCO JAVIER ORTEGA SMITHMOLINA",1
"4345","DANIEL MOLINA MARTINEZ","FRANCISCO JOSE ALCARAZ MARTOS",1
"4346","DANIEL MOLINA MARTINEZ","FRANCISCO JOSE CONTRERAS PELAEZ",1
"4347","DANIEL MOLINA MARTINEZ","GEORGINA TRIAS GIL",1
"4348","DANIEL MOLINA MARTINEZ","IGNACIO GIL LAZARO",1
"4349","DANIEL MOLINA MARTINEZ","IGNACIO HOCES INIGUEZ",1
"4350","DANIEL MOLINA MARTINEZ","INIGO HENRIQUEZ DE LUNA LOSADA",1
"4351","DANIEL MOLINA MARTINEZ","ISABEL PEREZ MONINOARANDA",1
"4352","DANIEL MOLINA MARTINEZ","ISMAEL IVAN VELEZ CIPRIANO",1
"4353","DANIEL MOLINA MARTINEZ","IVAN ESPINOSA DE LOS MONTEROS DE SIMON",1
"4354","DANIEL MOLINA MARTINEZ","JACOBO GONZALEZROBATTO PEROTE",1
"4355","DANIEL MOLINA MARTINEZ","JOAQUIN ROBLES LOPEZ",1
"4356","DANIEL MOLINA MARTINEZ","JORGE ARTURO CUTILLAS CORDON",1
"4357","DANIEL MOLINA MARTINEZ","JORGE CAMPOS ASENSI",1
"4358","DANIEL MOLINA MARTINEZ","JOSE ANTONIO FUSTER LAMELAS",1
"4359","DANIEL MOLINA MARTINEZ","JOSE FRANCISCO GARRE IZQUIERDO",1
"4360","DANIEL MOLINA MARTINEZ","JOSE IGNACIO ARIAS MORENO",1
"4361","DANIEL MOLINA MARTINEZ","JOSE LUIS RUIZ BARTOLOME",1
"4362","DANIEL MOLINA MARTINEZ","JOSE MARIA FIGAREDO ALVAREZSALA",1
"4363","DANIEL MOLINA MARTINEZ","JOSE MARIA SANCHEZ GARCIA",1
"4364","DANIEL MOLINA MARTINEZ","JOSE RAMIREZ DEL RIO",1
"4365","DANIEL MOLINA MARTINEZ","JUAN JOSE AIZCORBE TORRA",1
"4366","DANIEL MOLINA MARTINEZ","LOURDES MENDEZ MONASTERIO",1
"4367","DANIEL MOLINA MARTINEZ","MANUEL MARISCAL ZABALA",1
"4368","DANIEL MOLINA MARTINEZ","MARIA BELEN GONZALEZ MORENO",1
"4369","DANIEL MOLINA MARTINEZ","MARIA DE LA CABEZA RUIZ SOLAS",1
"4370","DANIEL MOLINA MARTINEZ","MARIA DE LOS REYES ROMERO VILCHES",1
"4371","DANIEL MOLINA MARTINEZ","MARIA JESUS BARCENA BARCENA",1
"4372","DANIEL MOLINA MARTINEZ","MARIA JOSE RODRIGUEZ DE MILLAN PARRO",1
"4373","DANIEL MOLINA MARTINEZ","MARIA MAGDALENA NEVADO DEL CAMPO",1
"4374","DANIEL MOLINA MARTINEZ","MARIA TERESA LOPEZ ALVAREZ",1
"4375","DANIEL MOLINA MARTINEZ","PABLO JUAN CALVO LISTE",1
"4376","DANIEL MOLINA MARTINEZ","PABLO SAEZ ALONSOMUNUMER",1
"4377","DANIEL MOLINA MARTINEZ","PATRICIA RUEDA PERELLO",1
"4378","DANIEL MOLINA MARTINEZ","PEDRO FERNANDEZ HERNANDEZ",1
"4379","DANIEL MOLINA MARTINEZ","PEDRO JESUS REQUEJO NOVOA",1
"4380","DANIEL MOLINA MARTINEZ","RICARDO CHAMORRO DELMO",1
"4381","DANIEL MOLINA MARTINEZ","ROCIO DE MEER MENDEZ",1
"4382","DANIEL MOLINA MARTINEZ","ROCIO MONASTERIO SAN MARTIN",1
"4383","DANIEL MOLINA MARTINEZ","RODRIGO JIMENEZ REVUELTA",1
"4384","DANIEL MOLINA MARTINEZ","SANTIAGO ABASCAL CONDE",1
"4385","DANIEL MOLINA MARTINEZ","SERGIO MACIAN DE GREEF",1
"4386","DANIEL MOLINA MARTINEZ","TOMAS FERNANDEZ RIOS",1
"4387","DANIEL MOLINA MARTINEZ","VICTOR GUIDO GONZALEZ COELLO DE PORTUGAL",1
"4388","DANIEL MOLINA MARTINEZ","YOLANDA MERELO PALOMARES",1
"4389","DANIEL PONCE GARRIDO","INIGO HENRIQUEZ DE LUNA LOSADA",1
"4390","DANIEL PONCE GARRIDO","ISABEL PEREZ MONINOARANDA",1
"4391","DANIEL PONCE GARRIDO","JORGE ARTURO CUTILLAS CORDON",1
"4392","DANIEL PONCE GARRIDO","JOSE ANTONIO FUSTER LAMELAS",1
"4393","DANIEL PONCE GARRIDO","JOSE IGNACIO ARIAS MORENO",1
"4394","DANIEL PONCE GARRIDO","JOSE LUIS RUIZ BARTOLOME",1
"4395","DANIEL PONCE GARRIDO","MARIA BELEN GONZALEZ MORENO",1
"4396","DANIEL PONCE GARRIDO","ROCIO MONASTERIO SAN MARTIN",1
"4397","DAVID ARRANZ BALLESTEROS","ELISABET CARBALLO DIAZ",1
"4398","DAVID ARRANZ BALLESTEROS","EVA MARIA TORRES PULIDO",1
"4399","DAVID ARRANZ BALLESTEROS","JAVIER VALENTIN ALONSO CORONEL",1
"4400","DAVID ARRANZ BALLESTEROS","JESUS GARCIA ROYO",1
"4401","DAVID ARRANZ BALLESTEROS","JORGE SADABA CORRAL",1
"4402","DAVID ARRANZ BALLESTEROS","LEONIA ALEXANDRA BERNARDINO SILVANO",1
"4403","DAVID ARRANZ BALLESTEROS","LUIS FRANCISCO BIENDICHO GRACIA",1
"4404","DAVID ARRANZ BALLESTEROS","MARIA CARMEN ROUCO LALIENA",2
"4405","DAVID ARRANZ BALLESTEROS","MARIA CRISTINA ALGARA MARTINEZ",1
"4406","DAVID ARRANZ BALLESTEROS","MARIA ISABEL CALZADA ANDREU",1
"4407","DAVID ARRANZ BALLESTEROS","MARIA LUISA GANEZ GAJON",1
"4408","DAVID ARRANZ BALLESTEROS","MARIA PILAR DELGADO ANGLADA",1
"4409","DAVID ARRANZ BALLESTEROS","MARTA FERNANDEZ MARTIN",2
"4410","DAVID ARRANZ BALLESTEROS","MARTA MORENO RODRIGUEZ",2
"4411","DAVID ARRANZ BALLESTEROS","SANTIAGO MORON SANJUAN",2
"4412","DAVID ARRANZ BALLESTEROS","SERGIO MARCO JIMENEZ",1
"4413","DAVID ARRANZ BALLESTEROS","VICENTE GALLASTEGUI AZNAR",1
"4414","DAVID BORJA PEREZ","DAVID GARCIA GOMIS",1
"4415","DAVID BORJA PEREZ","EMILIO JESUS DEL VALLE RODRIGUEZ",1
"4416","DAVID BORJA PEREZ","FRANCISCO JAVIER ORTEGA SMITHMOLINA",2
"4417","DAVID BORJA PEREZ","FRANCISCO JOSE ALCARAZ MARTOS",1
"4418","DAVID BORJA PEREZ","FRANCISCO JOSE CONTRERAS PELAEZ",1
"4419","DAVID BORJA PEREZ","GEORGINA TRIAS GIL",1
"4420","DAVID BORJA PEREZ","IGNACIO GARRIGA VAZ DE CONCICAO",1
"4421","DAVID BORJA PEREZ","IGNACIO GIL LAZARO",2
"4422","DAVID BORJA PEREZ","IGNACIO HOCES INIGUEZ",1
"4423","DAVID BORJA PEREZ","ISMAEL IVAN VELEZ CIPRIANO",1
"4424","DAVID BORJA PEREZ","IVAN ESPINOSA DE LOS MONTEROS DE SIMON",2
"4425","DAVID BORJA PEREZ","JACOBO GONZALEZROBATTO PEROTE",1
"4426","DAVID BORJA PEREZ","JOAQUIN ROBLES LOPEZ",2
"4427","DAVID BORJA PEREZ","JORGE CAMPOS ASENSI",1
"4428","DAVID BORJA PEREZ","JOSE FRANCISCO GARRE IZQUIERDO",1
"4429","DAVID BORJA PEREZ","JOSE MARIA FIGAREDO ALVAREZSALA",2
"4430","DAVID BORJA PEREZ","JOSE MARIA SANCHEZ GARCIA",1
"4431","DAVID BORJA PEREZ","JOSE MARIA VAZQUEZ ALVAREZ",1
"4432","DAVID BORJA PEREZ","JOSE RAMIREZ DEL RIO",2
"4433","DAVID BORJA PEREZ","JUAN JOSE AIZCORBE TORRA",1
"4434","DAVID BORJA PEREZ","LOURDES MENDEZ MONASTERIO",2
"4435","DAVID BORJA PEREZ","MACARENA OLONA CHOCLAN",1
"4436","DAVID BORJA PEREZ","MANUEL MARISCAL ZABALA",2
"4437","DAVID BORJA PEREZ","MANUEL MESTRE BAREA",1
"4438","DAVID BORJA PEREZ","MARIA DE LA CABEZA RUIZ SOLAS",2
"4439","DAVID BORJA PEREZ","MARIA DE LOS REYES ROMERO VILCHES",2
"4440","DAVID BORJA PEREZ","MARIA JOSE RODRIGUEZ DE MILLAN PARRO",1
"4441","DAVID BORJA PEREZ","MARIA MAGDALENA NEVADO DEL CAMPO",1
"4442","DAVID BORJA PEREZ","MARIA TERESA LOPEZ ALVAREZ",1
"4443","DAVID BORJA PEREZ","PABLO JUAN CALVO LISTE",1
"4444","DAVID BORJA PEREZ","PABLO SAEZ ALONSOMUNUMER",2
"4445","DAVID BORJA PEREZ","PATRICIA RUEDA PERELLO",2
"4446","DAVID BORJA PEREZ","PEDRO FERNANDEZ HERNANDEZ",2
"4447","DAVID BORJA PEREZ","PEDRO JESUS REQUEJO NOVOA",1
"4448","DAVID BORJA PEREZ","RICARDO CHAMORRO DELMO",2
"4449","DAVID BORJA PEREZ","ROCIO DE MEER MENDEZ",2
"4450","DAVID BORJA PEREZ","RODRIGO JIMENEZ REVUELTA",1
"4451","DAVID BORJA PEREZ","SANTIAGO ABASCAL CONDE",2
"4452","DAVID BORJA PEREZ","SERGIO MACIAN DE GREEF",1
"4453","DAVID BORJA PEREZ","TOMAS FERNANDEZ RIOS",1
"4454","DAVID BORJA PEREZ","VICTOR GUIDO GONZALEZ COELLO DE PORTUGAL",1
"4455","DAVID BORJA PEREZ","VICTOR MANUEL SANCHEZ DEL REAL",1
"4456","DAVID BORJA PEREZ","YOLANDA MERELO PALOMARES",1
"4457","DAVID GARCIA GOMIS","DAVID MUNOZ PEREZ",3
"4458","DAVID GARCIA GOMIS","DAVID NAVARRO QUESADA",1
"4459","DAVID GARCIA GOMIS","ELENA CARRASCO RUBIO",1
"4460","DAVID GARCIA GOMIS","ELIANA PALACIOS ALBORNOZ",1
"4461","DAVID GARCIA GOMIS","ELOISA MARIA GRACIA MONTANO",1
"4462","DAVID GARCIA GOMIS","EMILIO JESUS DEL VALLE RODRIGUEZ",1
"4463","DAVID GARCIA GOMIS","ENRIQUE JIMENEZ VAQUERIZO",1
"4464","DAVID GARCIA GOMIS","ENRIQUE QUESADA SANCHEZ",1
"4465","DAVID GARCIA GOMIS","EVA MARIA GARCIA ALEGRE",1
"4466","DAVID GARCIA GOMIS","FELIPE MORENO MORERA",1
"4467","DAVID GARCIA GOMIS","FLORENCIO AGUSTIN TOLDOS FERNANDEZ",1
"4468","DAVID GARCIA GOMIS","FRANCISCA VICENTE CREMADES",2
"4469","DAVID GARCIA GOMIS","FRANCISCO DE BORJA REVILLA BRIOSO",1
"4470","DAVID GARCIA GOMIS","FRANCISCO DE PAULA SERRANO CABALLERO",1
"4471","DAVID GARCIA GOMIS","FRANCISCO JAVIER ORTEGA SMITHMOLINA",1
"4472","DAVID GARCIA GOMIS","FRANCISCO JOSE ALCARAZ MARTOS",1
"4473","DAVID GARCIA GOMIS","FRANCISCO JOSE CONTRERAS PELAEZ",1
"4474","DAVID GARCIA GOMIS","FRANCISCO JOSE RUIZ ENRIQUEZ",1
"4475","DAVID GARCIA GOMIS","FRANCISCO RAUL CORDERO OLMEDO",1
"4476","DAVID GARCIA GOMIS","GEMA ALEMAN PEREZ",1
"4477","DAVID GARCIA GOMIS","GEORGINA TRIAS GIL",1
"4478","DAVID GARCIA GOMIS","GERARDO ACEITUNO CARRASCO",1
"4479","DAVID GARCIA GOMIS","HERMANN LEOPOLD TERTSCH DEL VALLELERSUNDI",1
"4480","DAVID GARCIA GOMIS","IGNACIO GARRIGA VAZ DE CONCICAO",1
"4481","DAVID GARCIA GOMIS","IGNACIO GIL LAZARO",1
"4482","DAVID GARCIA GOMIS","IGNACIO HOCES INIGUEZ",1
"4483","DAVID GARCIA GOMIS","IGNACIO MENENDEZ MEDRANO",1
"4484","DAVID GARCIA GOMIS","INES MARIA CANIZARES PACHECO",1
"4485","DAVID GARCIA GOMIS","IRENE HERRERO RUBERT",2
"4486","DAVID GARCIA GOMIS","ISMAEL IVAN VELEZ CIPRIANO",1
"4487","DAVID GARCIA GOMIS","IVAN ESPINOSA DE LOS MONTEROS DE SIMON",1
"4488","DAVID GARCIA GOMIS","JACOBO GONZALEZROBATTO PEROTE",1
"4489","DAVID GARCIA GOMIS","JAIME JAVIER DOMINGO MARTINEZ",1
"4490","DAVID GARCIA GOMIS","JAVIER BRAVO ARROBAS",1
"4491","DAVID GARCIA GOMIS","JAVIER JOVE SANDOVAL",1
"4492","DAVID GARCIA GOMIS","JAVIER PEREZ GALLARDO",1
"4493","DAVID GARCIA GOMIS","JESUS ALBIOL TALAYA",2
"4494","DAVID GARCIA GOMIS","JOAQUIN MARIA ALES ESTRELLA",2
"4495","DAVID GARCIA GOMIS","JOAQUIN ROBLES LOPEZ",1
"4496","DAVID GARCIA GOMIS","JORGE ARTURO CUTILLAS CORDON",1
"4497","DAVID GARCIA GOMIS","JORGE BUXADE VILLALBA",1
"4498","DAVID GARCIA GOMIS","JORGE CAMPOS ASENSI",1
"4499","DAVID GARCIA GOMIS","JORGE MARTIN FRIAS",2
"4500","DAVID GARCIA GOMIS","JORGE MARTIN TRANCON",1
"4501","DAVID GARCIA GOMIS","JOSE ANTONIO GOMILA ORTEGA",1
"4502","DAVID GARCIA GOMIS","JOSE FRANCISCO GARRE IZQUIERDO",1
"4503","DAVID GARCIA GOMIS","JOSE IGNACIO ARIAS MORENO",1
"4504","DAVID GARCIA GOMIS","JOSE LUIS AGUIRRE LARRAURI",2
"4505","DAVID GARCIA GOMIS","JOSE LUIS FERNANDEZ SANTAMARIA",2
"4506","DAVID GARCIA GOMIS","JOSE MANUEL GRAU DELGADO",1
"4507","DAVID GARCIA GOMIS","JOSE MANUEL MARTIN CAMACHO",1
"4508","DAVID GARCIA GOMIS","JOSE MARIA ANTON GARCIA",1
"4509","DAVID GARCIA GOMIS","JOSE MARIA FIGAREDO ALVAREZSALA",1
"4510","DAVID GARCIA GOMIS","JOSE MARIA LLANOS PITARCH",2
"4511","DAVID GARCIA GOMIS","JOSE MARIA SANCHEZ GARCIA",1
"4512","DAVID GARCIA GOMIS","JOSE MIGUEL TASENDE SOUTO",1
"4513","DAVID GARCIA GOMIS","JOSE RAMIREZ DEL RIO",1
"4514","DAVID GARCIA GOMIS","JOSEFINA BLAZQUEZ SANCHEZ",1
"4515","DAVID GARCIA GOMIS","JUAN BADENAS CARPIO",1
"4516","DAVID GARCIA GOMIS","JUAN CARLOS GIRAUTA VIDAL",1
"4517","DAVID GARCIA GOMIS","JUAN CARLOS VICENTE MARTINEZ",1
"4518","DAVID GARCIA GOMIS","JUAN FRANCISCO ROJAS FERNANDEZ",1
"4519","DAVID GARCIA GOMIS","JUAN JOSE AIZCORBE TORRA",1
"4520","DAVID GARCIA GOMIS","JUAN SERGIO REDONDO PACHECO",1
"4521","DAVID GARCIA GOMIS","JULIA MARIA LLOPIS NOHEDA",1
"4522","DAVID GARCIA GOMIS","JULIO ROSADO MARTIN",1
"4523","DAVID GARCIA GOMIS","KATIUSKA DE LOS ANGELES GARCIA RAMIREZ",1
"4524","DAVID GARCIA GOMIS","LAURA CARRASCO COZAR",1
"4525","DAVID GARCIA GOMIS","LOURDES MENDEZ MONASTERIO",1
"4526","DAVID GARCIA GOMIS","LUIS GESTOSO DE MIGUEL",1
"4527","DAVID GARCIA GOMIS","MANUEL MARISCAL ZABALA",1
"4528","DAVID GARCIA GOMIS","MANUELA BOLADO ALCALDE",1
"4529","DAVID GARCIA GOMIS","MANUELA DEL MAR MARTIN IBANEZ",1
"4530","DAVID GARCIA GOMIS","MARGARITA DE LA PISA CARRION",1
"4531","DAVID GARCIA GOMIS","MARGARITA SERRANO MIRA",1
"4532","DAVID GARCIA GOMIS","MARIA ARANZAZU MARTINEZ RIOLA",1
"4533","DAVID GARCIA GOMIS","MARIA BEATRIZ CASTILLEJO SEVILLA",1
"4534","DAVID GARCIA GOMIS","MARIA BELEN MANZANO SAGUAR",1
"4535","DAVID GARCIA GOMIS","MARIA DE LA CABEZA RUIZ SOLAS",1
"4536","DAVID GARCIA GOMIS","MARIA DE LA CRUZ LOZANO MARIN",1
"4537","DAVID GARCIA GOMIS","MARIA DE LOS ANGELES CRIADO GONZALBEZ",1
"4538","DAVID GARCIA GOMIS","MARIA DE LOS LLANOS MASSO LINARES",2
"4539","DAVID GARCIA GOMIS","MARIA DE LOS REYES ROMERO VILCHES",1
"4540","DAVID GARCIA GOMIS","MARIA DEL PILAR BAOS REVILLA",1
"4541","DAVID GARCIA GOMIS","MARIA DOLORES MATEO MATEOS",1
"4542","DAVID GARCIA GOMIS","MARIA GEMA ESCOLANO BERNA",1
"4543","DAVID GARCIA GOMIS","MARIA INES DIAZ CASAS",1
"4544","DAVID GARCIA GOMIS","MARIA ISABEL DOMINGUEZ POMARES",1
"4545","DAVID GARCIA GOMIS","MARIA JOSE RODRIGUEZ DE MILLAN PARRO",1
"4546","DAVID GARCIA GOMIS","MARIA LOPEZ ZAMBRANO",1
"4547","DAVID GARCIA GOMIS","MARIA LUISA MENENDEZ MARTINEZ",1
"4548","DAVID GARCIA GOMIS","MARIA MAGDALENA NEVADO DEL CAMPO",1
"4549","DAVID GARCIA GOMIS","MARIA MAGDALENA PUENTEDURA PEREZ",1
"4550","DAVID GARCIA GOMIS","MARIA SUSANA JIMENEZ AIBAR",1
"4551","DAVID GARCIA GOMIS","MARIA TERESA GARCIA DE LA ROSA JIMENEZ",1
"4552","DAVID GARCIA GOMIS","MARIA TERESA LOPEZ ALVAREZ",1
"4553","DAVID GARCIA GOMIS","MARIA TERESA LOPEZ DIVASSON",1
"4554","DAVID GARCIA GOMIS","MARIA VIDAL BENNASAR",1
"4555","DAVID GARCIA GOMIS","MARIA ZULEMA SAN JOSE SANCHEZ",1
"4556","DAVID GARCIA GOMIS","MARINA DABAN ALONSO",2
"4557","DAVID GARCIA GOMIS","MARIO ORTOLA MARTINEZ",1
"4558","DAVID GARCIA GOMIS","MARTA ALEGRIA MARTINEZ",1
"4559","DAVID GARCIA GOMIS","MARTA GERVASIA GARRIDO MORENO",1
"4560","DAVID GARCIA GOMIS","MARTA MARTIN CUSTODIO",1
"4561","DAVID GARCIA GOMIS","MIGUEL ANGEL HUERTA ASENSIO",1
"4562","DAVID GARCIA GOMIS","MIGUEL DA SILVA ORTEGA",2
"4563","DAVID GARCIA GOMIS","MIGUEL MALDONADO CABALLERO",1
"4564","DAVID GARCIA GOMIS","MIGUEL PASCUAL PEREZ",2
"4565","DAVID GARCIA GOMIS","MIREIA BORRAS PABON",1
"4566","DAVID GARCIA GOMIS","MONICA LORA CISQUER",1
"4567","DAVID GARCIA GOMIS","OLIVIA MORENO NAVAS",1
"4568","DAVID GARCIA GOMIS","PABLO JUAN CALVO LISTE",1
"4569","DAVID GARCIA GOMIS","PABLO PEREZ GALLARDO",1
"4570","DAVID GARCIA GOMIS","PABLO SAEZ ALONSOMUNUMER",1
"4571","DAVID GARCIA GOMIS","PALOMA GOMEZ ENRIQUEZ",1
"4572","DAVID GARCIA GOMIS","PATRICIA ESCAMEZ MARIN",1
"4573","DAVID GARCIA GOMIS","PATRICIA RUEDA PERELLO",1
"4574","DAVID GARCIA GOMIS","PAULA DE LOS ANGELES BADANELLI BERRIOZABAL",1
"4575","DAVID GARCIA GOMIS","PEDRO FERNANDEZ HERNANDEZ",1
"4576","DAVID GARCIA GOMIS","PEDRO JESUS REQUEJO NOVOA",1
"4577","DAVID GARCIA GOMIS","RAFAEL RICARDO GONZALEZ GALLEGO",1
"4578","DAVID GARCIA GOMIS","RAFAEL SEGOVIA BROME",1
"4579","DAVID GARCIA GOMIS","RICARDO BELDA VALIENTE",1
"4580","DAVID GARCIA GOMIS","RICARDO CHAMORRO DELMO",1
"4581","DAVID GARCIA GOMIS","ROCIO DE MEER MENDEZ",1
"4582","DAVID GARCIA GOMIS","RODRIGO JIMENEZ REVUELTA",1
"4583","DAVID GARCIA GOMIS","SALOME NIETO TARRAGA",1
"4584","DAVID GARCIA GOMIS","SANTIAGO ABASCAL CONDE",1
"4585","DAVID GARCIA GOMIS","SERGI FABRI LLAVERO",1
"4586","DAVID GARCIA GOMIS","SERGIO CHAGARTEGUI SANCHEZ",1
"4587","DAVID GARCIA GOMIS","SERGIO MACIAN DE GREEF",1
"4588","DAVID GARCIA GOMIS","SERGIO PASTOR MARTINEZ",1
"4589","DAVID GARCIA GOMIS","SILVIA CLARA ENRIQUEZ GALLEGO",1
"4590","DAVID GARCIA GOMIS","SOLEDAD PEREZ RUBIO",1
"4591","DAVID GARCIA GOMIS","SONSOLES PALACIOS MORENO",1
"4592","DAVID GARCIA GOMIS","TEODORO RAMON POZO MUNIZ",1
"4593","DAVID GARCIA GOMIS","TOMAS FERNANDEZ RIOS",1
"4594","DAVID GARCIA GOMIS","VALENTIN LOPEZ LOPEZ",2
"4595","DAVID GARCIA GOMIS","VICTOR GUIDO GONZALEZ COELLO DE PORTUGAL",1
"4596","DAVID GARCIA GOMIS","VICTOR MANUEL ACOSTA HERNANDEZ",1
"4597","DAVID GARCIA GOMIS","VIRGINIA HUERTAS PECHUAN",3
"4598","DAVID GARCIA GOMIS","YOLANDA MERELO PALOMARES",1
"4599","DAVID HIERRO SANTOS","ENRIQUE JIMENEZ VAQUERIZO",1
"4600","DAVID HIERRO SANTOS","IGNACIO SICILIA DOMENECH",2
"4601","DAVID HIERRO SANTOS","JESUS JIMENEZ MIGUEL",1
"4602","DAVID HIERRO SANTOS","JONATHAN GARCIA GARCIA",1
"4603","DAVID HIERRO SANTOS","JOSE ALBERTO DIAZ PICO",1
"4604","DAVID HIERRO SANTOS","JOSE ANTONIO PALOMO MARTIN",2
"4605","DAVID HIERRO SANTOS","JOSE LUIS ROJO GARCIA",1
"4606","DAVID HIERRO SANTOS","JUAN GARCIAGALLARDO FRINGS",1
"4607","DAVID HIERRO SANTOS","LAURA DORREIS ALONSO",1
"4608","DAVID HIERRO SANTOS","LAURA GALLEGO GASPAR",1
"4609","DAVID HIERRO SANTOS","LUIS CARLOS GIMENEZ BALMORI",1
"4610","DAVID HIERRO SANTOS","MARIA ALEJANDRA MEDINA SANZ",1
"4611","DAVID HIERRO SANTOS","MARIA DE FATIMA PINACHO FERNANDEZ",2
"4612","DAVID HIERRO SANTOS","MARIA DOLORES MATEO MATEOS",1
"4613","DAVID HIERRO SANTOS","MARIA ISABEL PEREZ MARTIN",1
"4614","DAVID HIERRO SANTOS","MARIA LUISA CALVO ENRIQUEZ",2
"4615","DAVID HIERRO SANTOS","MARTA ALEGRIA MARTINEZ",2
"4616","DAVID HIERRO SANTOS","MAURICIO ANGULO GUERRERO",1
"4617","DAVID HIERRO SANTOS","MIGUEL CONTRERAS MARTINEZ",1
"4618","DAVID HIERRO SANTOS","SERGIO CHAGARTEGUI SANCHEZ",1
"4619","DAVID HIERRO SANTOS","SUSANA SUAREZ VILLAGRA",2
"4620","DAVID MORENO RAMOS","GERARDO SANCHEZ MUNOZ",1
"4621","DAVID MORENO RAMOS","HERMANN LEOPOLD TERTSCH DEL VALLELERSUNDI",1
"4622","DAVID MORENO RAMOS","JORGE BUXADE VILLALBA",1
"4623","DAVID MORENO RAMOS","JORGE MARTIN FRIAS",1
"4624","DAVID MORENO RAMOS","JOSEFINA BLAZQUEZ SANCHEZ",1
"4625","DAVID MORENO RAMOS","JUAN CARLOS GIRAUTA VIDAL",1
"4626","DAVID MORENO RAMOS","MANUEL MARISCAL ZABALA",1
"4627","DAVID MORENO RAMOS","MARGARITA DE LA PISA CARRION",1
"4628","DAVID MORENO RAMOS","MIREIA BORRAS PABON",1
"4629","DAVID MUNOZ PEREZ","ELENA CARRASCO RUBIO",1
"4630","DAVID MUNOZ PEREZ","EMILIO JESUS DEL VALLE RODRIGUEZ",1
"4631","DAVID MUNOZ PEREZ","FRANCISCA VICENTE CREMADES",1
"4632","DAVID MUNOZ PEREZ","FRANCISCO DE BORJA REVILLA BRIOSO",1
"4633","DAVID MUNOZ PEREZ","FRANCISCO JAVIER ORTEGA SMITHMOLINA",1
"4634","DAVID MUNOZ PEREZ","FRANCISCO JOSE ALCARAZ MARTOS",1
"4635","DAVID MUNOZ PEREZ","FRANCISCO JOSE CONTRERAS PELAEZ",1
"4636","DAVID MUNOZ PEREZ","GEORGINA TRIAS GIL",1
"4637","DAVID MUNOZ PEREZ","IGNACIO GIL LAZARO",1
"4638","DAVID MUNOZ PEREZ","IGNACIO HOCES INIGUEZ",1
"4639","DAVID MUNOZ PEREZ","IRENE HERRERO RUBERT",1
"4640","DAVID MUNOZ PEREZ","ISMAEL IVAN VELEZ CIPRIANO",1
"4641","DAVID MUNOZ PEREZ","IVAN ESPINOSA DE LOS MONTEROS DE SIMON",1
"4642","DAVID MUNOZ PEREZ","JACOBO GONZALEZROBATTO PEROTE",1
"4643","DAVID MUNOZ PEREZ","JESUS ALBIOL TALAYA",1
"4644","DAVID MUNOZ PEREZ","JOAQUIN MARIA ALES ESTRELLA",1
"4645","DAVID MUNOZ PEREZ","JOAQUIN ROBLES LOPEZ",1
"4646","DAVID MUNOZ PEREZ","JORGE CAMPOS ASENSI",1
"4647","DAVID MUNOZ PEREZ","JOSE FRANCISCO GARRE IZQUIERDO",1
"4648","DAVID MUNOZ PEREZ","JOSE LUIS AGUIRRE LARRAURI",1
"4649","DAVID MUNOZ PEREZ","JOSE LUIS FERNANDEZ SANTAMARIA",1
"4650","DAVID MUNOZ PEREZ","JOSE MANUEL GRAU DELGADO",1
"4651","DAVID MUNOZ PEREZ","JOSE MARIA FIGAREDO ALVAREZSALA",1
"4652","DAVID MUNOZ PEREZ","JOSE MARIA LLANOS PITARCH",2
"4653","DAVID MUNOZ PEREZ","JOSE MARIA SANCHEZ GARCIA",1
"4654","DAVID MUNOZ PEREZ","JOSE RAMIREZ DEL RIO",1
"4655","DAVID MUNOZ PEREZ","JUAN BADENAS CARPIO",1
"4656","DAVID MUNOZ PEREZ","JUAN JOSE AIZCORBE TORRA",1
"4657","DAVID MUNOZ PEREZ","JULIA MARIA LLOPIS NOHEDA",1
"4658","DAVID MUNOZ PEREZ","LOURDES MENDEZ MONASTERIO",1
"4659","DAVID MUNOZ PEREZ","MANUEL MARISCAL ZABALA",1
"4660","DAVID MUNOZ PEREZ","MARIA DE LA CABEZA RUIZ SOLAS",1
"4661","DAVID MUNOZ PEREZ","MARIA DE LOS ANGELES CRIADO GONZALBEZ",1
"4662","DAVID MUNOZ PEREZ","MARIA DE LOS LLANOS MASSO LINARES",2
"4663","DAVID MUNOZ PEREZ","MARIA DE LOS REYES ROMERO VILCHES",1
"4664","DAVID MUNOZ PEREZ","MARIA JOSE RODRIGUEZ DE MILLAN PARRO",1
"4665","DAVID MUNOZ PEREZ","MARIA MAGDALENA NEVADO DEL CAMPO",1
"4666","DAVID MUNOZ PEREZ","MARIA TERESA LOPEZ ALVAREZ",1
"4667","DAVID MUNOZ PEREZ","MARINA DABAN ALONSO",1
"4668","DAVID MUNOZ PEREZ","MIGUEL ANGEL HUERTA ASENSIO",1
"4669","DAVID MUNOZ PEREZ","MIGUEL DA SILVA ORTEGA",1
"4670","DAVID MUNOZ PEREZ","MIGUEL PASCUAL PEREZ",2
"4671","DAVID MUNOZ PEREZ","PABLO JUAN CALVO LISTE",1
"4672","DAVID MUNOZ PEREZ","PABLO SAEZ ALONSOMUNUMER",1
"4673","DAVID MUNOZ PEREZ","PATRICIA RUEDA PERELLO",1
"4674","DAVID MUNOZ PEREZ","PEDRO FERNANDEZ HERNANDEZ",1
"4675","DAVID MUNOZ PEREZ","PEDRO JESUS REQUEJO NOVOA",1
"4676","DAVID MUNOZ PEREZ","RICARDO CHAMORRO DELMO",1
"4677","DAVID MUNOZ PEREZ","ROCIO DE MEER MENDEZ",1
"4678","DAVID MUNOZ PEREZ","RODRIGO JIMENEZ REVUELTA",1
"4679","DAVID MUNOZ PEREZ","SANTIAGO ABASCAL CONDE",1
"4680","DAVID MUNOZ PEREZ","SERGIO MACIAN DE GREEF",1
"4681","DAVID MUNOZ PEREZ","TOMAS FERNANDEZ RIOS",1
"4682","DAVID MUNOZ PEREZ","VALENTIN LOPEZ LOPEZ",1
"4683","DAVID MUNOZ PEREZ","VICTOR GUIDO GONZALEZ COELLO DE PORTUGAL",1
"4684","DAVID MUNOZ PEREZ","VIRGINIA HUERTAS PECHUAN",1
"4685","DAVID MUNOZ PEREZ","YOLANDA MERELO PALOMARES",1
"4686","DAVID NAVARRO QUESADA","EMILIO JESUS DEL VALLE RODRIGUEZ",1
"4687","DAVID NAVARRO QUESADA","FRANCISCO JAVIER ORTEGA SMITHMOLINA",1
"4688","DAVID NAVARRO QUESADA","FRANCISCO JOSE ALCARAZ MARTOS",1
"4689","DAVID NAVARRO QUESADA","FRANCISCO JOSE CONTRERAS PELAEZ",1
"4690","DAVID NAVARRO QUESADA","GEMA ISABEL GUTIERREZ TOSCANO",1
"4691","DAVID NAVARRO QUESADA","GEORGINA TRIAS GIL",1
"4692","DAVID NAVARRO QUESADA","IGNACIO GIL LAZARO",1
"4693","DAVID NAVARRO QUESADA","IGNACIO HOCES INIGUEZ",1
"4694","DAVID NAVARRO QUESADA","ISMAEL IVAN VELEZ CIPRIANO",1
"4695","DAVID NAVARRO QUESADA","IVAN ESPINOSA DE LOS MONTEROS DE SIMON",1
"4696","DAVID NAVARRO QUESADA","JACOBO GONZALEZROBATTO PEROTE",1
"4697","DAVID NAVARRO QUESADA","JAIME JAVIER DOMINGO MARTINEZ",1
"4698","DAVID NAVARRO QUESADA","JAVIER CORTES LUCENA",2
"4699","DAVID NAVARRO QUESADA","JOAQUIN ROBLES LOPEZ",1
"4700","DAVID NAVARRO QUESADA","JORGE CAMPOS ASENSI",1
"4701","DAVID NAVARRO QUESADA","JOSE FRANCISCO GARRE IZQUIERDO",1
"4702","DAVID NAVARRO QUESADA","JOSE MARIA FIGAREDO ALVAREZSALA",1
"4703","DAVID NAVARRO QUESADA","JOSE MARIA ORTELLS POLO",1
"4704","DAVID NAVARRO QUESADA","JOSE MARIA SANCHEZ GARCIA",1
"4705","DAVID NAVARRO QUESADA","JOSE RAMIREZ DEL RIO",1
"4706","DAVID NAVARRO QUESADA","JUAN JOSE AIZCORBE TORRA",1
"4707","DAVID NAVARRO QUESADA","JUAN JOSE BOSQUET ARIAS",1
"4708","DAVID NAVARRO QUESADA","JUAN JOSE COCA LOPEZ",1
"4709","DAVID NAVARRO QUESADA","LOURDES MENDEZ MONASTERIO",1
"4710","DAVID NAVARRO QUESADA","MACARENA OLONA CHOCLAN",1
"4711","DAVID NAVARRO QUESADA","MANUEL GAVIRA FLORENTINO",2
"4712","DAVID NAVARRO QUESADA","MANUEL MARISCAL ZABALA",1
"4713","DAVID NAVARRO QUESADA","MARIA CRISTINA PELAEZ IZQUIERDO",1
"4714","DAVID NAVARRO QUESADA","MARIA DE LA CABEZA RUIZ SOLAS",1
"4715","DAVID NAVARRO QUESADA","MARIA DE LOS REYES ROMERO VILCHES",1
"4716","DAVID NAVARRO QUESADA","MARIA GORETTI EIBERLE SANCHEZ DE TOCA",1
"4717","DAVID NAVARRO QUESADA","MARIA JOSE RODRIGUEZ DE MILLAN PARRO",2
"4718","DAVID NAVARRO QUESADA","MARIA MAGDALENA NEVADO DEL CAMPO",1
"4719","DAVID NAVARRO QUESADA","MARIA MAGDALENA PUENTEDURA PEREZ",1
"4720","DAVID NAVARRO QUESADA","MARIA MERCEDES RODRIGUEZ TAMAYO",1
"4721","DAVID NAVARRO QUESADA","MARIA TERESA LOPEZ ALVAREZ",1
"4722","DAVID NAVARRO QUESADA","NOELIA MARIA CAMPOS RODRIGUEZ",1
"4723","DAVID NAVARRO QUESADA","PABLO JUAN CALVO LISTE",1
"4724","DAVID NAVARRO QUESADA","PABLO SAEZ ALONSOMUNUMER",1
"4725","DAVID NAVARRO QUESADA","PATRICIA RUEDA PERELLO",1
"4726","DAVID NAVARRO QUESADA","PAULA DE LOS ANGELES BADANELLI BERRIOZABAL",1
"4727","DAVID NAVARRO QUESADA","PEDRO FERNANDEZ HERNANDEZ",1
"4728","DAVID NAVARRO QUESADA","PEDRO JESUS REQUEJO NOVOA",1
"4729","DAVID NAVARRO QUESADA","PURIFICACION FERNANDEZ MORALES",1
"4730","DAVID NAVARRO QUESADA","RAFAEL SEGOVIA BROME",2
"4731","DAVID NAVARRO QUESADA","RICARDO CHAMORRO DELMO",1
"4732","DAVID NAVARRO QUESADA","RICARDO LOPEZ OLEA",2
"4733","DAVID NAVARRO QUESADA","ROCIO DE MEER MENDEZ",1
"4734","DAVID NAVARRO QUESADA","ROCIO MARIN ORTEGA",1
"4735","DAVID NAVARRO QUESADA","RODRIGO JAVIER ALONSO FERNANDEZ",2
"4736","DAVID NAVARRO QUESADA","RODRIGO JIMENEZ REVUELTA",1
"4737","DAVID NAVARRO QUESADA","SANTIAGO ABASCAL CONDE",1
"4738","DAVID NAVARRO QUESADA","SERGIO MACIAN DE GREEF",1
"4739","DAVID NAVARRO QUESADA","TOMAS FERNANDEZ RIOS",1
"4740","DAVID NAVARRO QUESADA","VICTOR GUIDO GONZALEZ COELLO DE PORTUGAL",1
"4741","DAVID NAVARRO QUESADA","YOLANDA MERELO PALOMARES",1
"4742","DIEGO EZEQUIEL LUCAS OLMEDO","SAMUEL VAQUERO LORA",1
"4743","DIEGO JESUS MARTINEZ MAYORDOMO","MARIA DOLORES LEGAZ MARTINEZ",1
"4744","DOLORES DIAZ MARTINEZ","ISABEL ALEJANDRA CEBALLOS MARTINEZ",1
"4745","DOLORES DIAZ MARTINEZ","JOSE MANUEL CESAR BERENGUEL",1
"4746","EDUARDO ALONSO CARRION","INIGO HENRIQUEZ DE LUNA LOSADA",1
"4747","EDUARDO ALONSO CARRION","ISABEL PEREZ MONINOARANDA",1
"4748","EDUARDO ALONSO CARRION","JORGE ARTURO CUTILLAS CORDON",1
"4749","EDUARDO ALONSO CARRION","JOSE ANTONIO FUSTER LAMELAS",1
"4750","EDUARDO ALONSO CARRION","JOSE IGNACIO ARIAS MORENO",1
"4751","EDUARDO ALONSO CARRION","JOSE LUIS RUIZ BARTOLOME",1
"4752","EDUARDO ALONSO CARRION","MARIA BELEN GONZALEZ MORENO",1
"4753","EDUARDO ALONSO CARRION","ROCIO MONASTERIO SAN MARTIN",1
"4754","EDUARDO CALVO GUZMAN","MANUEL URENA CONTRERAS",1
"4755","EDUARDO MARIA GUTIERREZ MURILLO","EVA MARIA GARCIA ALEGRE",1
"4756","EDUARDO MARIA GUTIERREZ MURILLO","INES CHECA MALLEBRERA",1
"4757","EDUARDO MARIA GUTIERREZ MURILLO","JAVIER BRAVO ARROBAS",1
"4758","EDUARDO MARIA GUTIERREZ MURILLO","JUAN JOSE GARCIA GARCIA",1
"4759","EDUARDO MARIA GUTIERREZ MURILLO","LAURA GALAN RODRIGUEZ",1
"4760","EDUARDO MARIA GUTIERREZ MURILLO","MARIA JESUS SALVATIERRA GORDILLO",1
"4761","EDUARDO MARIA GUTIERREZ MURILLO","MARIA MAGDALENA NEVADO DEL CAMPO",1
"4762","EDUARDO MARIA GUTIERREZ MURILLO","MARTA GERVASIA GARRIDO MORENO",1
"4763","EDUARDO MARIA GUTIERREZ MURILLO","OSCAR ARTURO FERNANDEZ CALLE",1
"4764","ELENA CARRASCO RUBIO","JOSE LUIS AGUIRRE LARRAURI",1
"4765","ELENA CARRASCO RUBIO","JOSE MARIA LLANOS PITARCH",1
"4766","ELENA CARRASCO RUBIO","JULIA MARIA LLOPIS NOHEDA",1
"4767","ELENA CARRASCO RUBIO","MARIA DE LOS ANGELES CRIADO GONZALBEZ",1
"4768","ELENA CARRASCO RUBIO","MARIA DE LOS LLANOS MASSO LINARES",1
"4769","ELENA CARRASCO RUBIO","MARIA INES DIAZ CASAS",1
"4770","ELENA CARRASCO RUBIO","MIGUEL PASCUAL PEREZ",1
"4771","ELENA ELOISA DOMINGUEZ MUNOZ","INIGO HENRIQUEZ DE LUNA LOSADA",2
"4772","ELENA ELOISA DOMINGUEZ MUNOZ","ISABEL PEREZ MONINOARANDA",1
"4773","ELENA ELOISA DOMINGUEZ MUNOZ","JAVIER PEREZ GALLARDO",1
"4774","ELENA ELOISA DOMINGUEZ MUNOZ","JORGE ARTURO CUTILLAS CORDON",2
"4775","ELENA ELOISA DOMINGUEZ MUNOZ","JOSE ANTONIO FUSTER LAMELAS",1
"4776","ELENA ELOISA DOMINGUEZ MUNOZ","JOSE IGNACIO ARIAS MORENO",2
"4777","ELENA ELOISA DOMINGUEZ MUNOZ","JOSE LUIS RUIZ BARTOLOME",2
"4778","ELENA ELOISA DOMINGUEZ MUNOZ","MARIA BELEN GONZALEZ MORENO",1
"4779","ELENA ELOISA DOMINGUEZ MUNOZ","MARIANO CALABUIG MARTINEZ",1
"4780","ELENA ELOISA DOMINGUEZ MUNOZ","ROCIO MONASTERIO SAN MARTIN",2
"4781","ELENA FIGAREDO SANJUAN","JAVIER JOVE SANDOVAL",1
"4782","ELENA FIGAREDO SANJUAN","SONSOLES PERALTA LOPEZ",1
"4783","ELIANA PALACIOS ALBORNOZ","EMILIO JESUS DEL VALLE RODRIGUEZ",1
"4784","ELIANA PALACIOS ALBORNOZ","FRANCISCO JAVIER ORTEGA SMITHMOLINA",1
"4785","ELIANA PALACIOS ALBORNOZ","FRANCISCO JOSE ALCARAZ MARTOS",1
"4786","ELIANA PALACIOS ALBORNOZ","FRANCISCO JOSE CONTRERAS PELAEZ",1
"4787","ELIANA PALACIOS ALBORNOZ","GEORGINA TRIAS GIL",1
"4788","ELIANA PALACIOS ALBORNOZ","IGNACIO GIL LAZARO",1
"4789","ELIANA PALACIOS ALBORNOZ","IGNACIO HOCES INIGUEZ",1
"4790","ELIANA PALACIOS ALBORNOZ","INIGO HENRIQUEZ DE LUNA LOSADA",2
"4791","ELIANA PALACIOS ALBORNOZ","ISABEL PEREZ MONINOARANDA",1
"4792","ELIANA PALACIOS ALBORNOZ","ISMAEL IVAN VELEZ CIPRIANO",1
"4793","ELIANA PALACIOS ALBORNOZ","IVAN ESPINOSA DE LOS MONTEROS DE SIMON",1
"4794","ELIANA PALACIOS ALBORNOZ","JACOBO GONZALEZROBATTO PEROTE",1
"4795","ELIANA PALACIOS ALBORNOZ","JAVIER PEREZ GALLARDO",1
"4796","ELIANA PALACIOS ALBORNOZ","JOAQUIN ROBLES LOPEZ",1
"4797","ELIANA PALACIOS ALBORNOZ","JORGE ARTURO CUTILLAS CORDON",2
"4798","ELIANA PALACIOS ALBORNOZ","JORGE CAMPOS ASENSI",1
"4799","ELIANA PALACIOS ALBORNOZ","JOSE ANTONIO FUSTER LAMELAS",1
"4800","ELIANA PALACIOS ALBORNOZ","JOSE FRANCISCO GARRE IZQUIERDO",1
"4801","ELIANA PALACIOS ALBORNOZ","JOSE IGNACIO ARIAS MORENO",2
"4802","ELIANA PALACIOS ALBORNOZ","JOSE LUIS RUIZ BARTOLOME",2
"4803","ELIANA PALACIOS ALBORNOZ","JOSE MARIA FIGAREDO ALVAREZSALA",1
"4804","ELIANA PALACIOS ALBORNOZ","JOSE MARIA SANCHEZ GARCIA",1
"4805","ELIANA PALACIOS ALBORNOZ","JOSE RAMIREZ DEL RIO",1
"4806","ELIANA PALACIOS ALBORNOZ","JUAN JOSE AIZCORBE TORRA",1
"4807","ELIANA PALACIOS ALBORNOZ","LOURDES MENDEZ MONASTERIO",1
"4808","ELIANA PALACIOS ALBORNOZ","MANUEL MARISCAL ZABALA",1
"4809","ELIANA PALACIOS ALBORNOZ","MARIA BELEN GONZALEZ MORENO",1
"4810","ELIANA PALACIOS ALBORNOZ","MARIA DE LA CABEZA RUIZ SOLAS",1
"4811","ELIANA PALACIOS ALBORNOZ","MARIA DE LOS ANGELES GUARDIOLA NEIRA",1
"4812","ELIANA PALACIOS ALBORNOZ","MARIA DE LOS REYES ROMERO VILCHES",1
"4813","ELIANA PALACIOS ALBORNOZ","MARIA JOSE RODRIGUEZ DE MILLAN PARRO",1
"4814","ELIANA PALACIOS ALBORNOZ","MARIA MAGDALENA NEVADO DEL CAMPO",1
"4815","ELIANA PALACIOS ALBORNOZ","MARIA TERESA LOPEZ ALVAREZ",1
"4816","ELIANA PALACIOS ALBORNOZ","MARIANO CALABUIG MARTINEZ",1
"4817","ELIANA PALACIOS ALBORNOZ","PABLO JUAN CALVO LISTE",1
"4818","ELIANA PALACIOS ALBORNOZ","PABLO SAEZ ALONSOMUNUMER",1
"4819","ELIANA PALACIOS ALBORNOZ","PATRICIA RUEDA PERELLO",1
"4820","ELIANA PALACIOS ALBORNOZ","PEDRO FERNANDEZ HERNANDEZ",1
"4821","ELIANA PALACIOS ALBORNOZ","PEDRO JESUS REQUEJO NOVOA",1
"4822","ELIANA PALACIOS ALBORNOZ","RICARDO CHAMORRO DELMO",1
"4823","ELIANA PALACIOS ALBORNOZ","ROCIO DE MEER MENDEZ",1
"4824","ELIANA PALACIOS ALBORNOZ","ROCIO MONASTERIO SAN MARTIN",2
"4825","ELIANA PALACIOS ALBORNOZ","RODRIGO JIMENEZ REVUELTA",1
"4826","ELIANA PALACIOS ALBORNOZ","SANTIAGO ABASCAL CONDE",1
"4827","ELIANA PALACIOS ALBORNOZ","SERGIO MACIAN DE GREEF",1
"4828","ELIANA PALACIOS ALBORNOZ","TOMAS FERNANDEZ RIOS",1
"4829","ELIANA PALACIOS ALBORNOZ","VICTOR GUIDO GONZALEZ COELLO DE PORTUGAL",1
"4830","ELIANA PALACIOS ALBORNOZ","YOLANDA MERELO PALOMARES",1
"4831","ELISABET CARBALLO DIAZ","JAVIER VALENTIN ALONSO CORONEL",1
"4832","ELISABET CARBALLO DIAZ","JESUS GARCIA ROYO",1
"4833","ELISABET CARBALLO DIAZ","LUIS FRANCISCO BIENDICHO GRACIA",1
"4834","ELISABET CARBALLO DIAZ","MARIA CARMEN ROUCO LALIENA",1
"4835","ELISABET CARBALLO DIAZ","MARTA FERNANDEZ MARTIN",1
"4836","ELISABET CARBALLO DIAZ","SANTIAGO MORON SANJUAN",1
"4837","ELISABET CARBALLO DIAZ","SERGIO MARCO JIMENEZ",1
"4838","ELOISA MARIA GRACIA MONTANO","EMILIO JESUS DEL VALLE RODRIGUEZ",1
"4839","ELOISA MARIA GRACIA MONTANO","FRANCISCO JAVIER ORTEGA SMITHMOLINA",1
"4840","ELOISA MARIA GRACIA MONTANO","FRANCISCO JOSE ALCARAZ MARTOS",1
"4841","ELOISA MARIA GRACIA MONTANO","FRANCISCO JOSE CONTRERAS PELAEZ",1
"4842","ELOISA MARIA GRACIA MONTANO","GEORGINA TRIAS GIL",1
"4843","ELOISA MARIA GRACIA MONTANO","IGNACIO GIL LAZARO",1
"4844","ELOISA MARIA GRACIA MONTANO","IGNACIO HOCES INIGUEZ",1
"4845","ELOISA MARIA GRACIA MONTANO","ISMAEL IVAN VELEZ CIPRIANO",1
"4846","ELOISA MARIA GRACIA MONTANO","IVAN ESPINOSA DE LOS MONTEROS DE SIMON",1
"4847","ELOISA MARIA GRACIA MONTANO","JACOBO GONZALEZROBATTO PEROTE",1
"4848","ELOISA MARIA GRACIA MONTANO","JOAQUIN ROBLES LOPEZ",1
"4849","ELOISA MARIA GRACIA MONTANO","JORGE CAMPOS ASENSI",1
"4850","ELOISA MARIA GRACIA MONTANO","JOSE FRANCISCO GARRE IZQUIERDO",1
"4851","ELOISA MARIA GRACIA MONTANO","JOSE MARIA FIGAREDO ALVAREZSALA",1
"4852","ELOISA MARIA GRACIA MONTANO","JOSE MARIA SANCHEZ GARCIA",1
"4853","ELOISA MARIA GRACIA MONTANO","JOSE RAMIREZ DEL RIO",1
"4854","ELOISA MARIA GRACIA MONTANO","JUAN JOSE AIZCORBE TORRA",1
"4855","ELOISA MARIA GRACIA MONTANO","LOURDES MENDEZ MONASTERIO",1
"4856","ELOISA MARIA GRACIA MONTANO","MANUEL MARISCAL ZABALA",1
"4857","ELOISA MARIA GRACIA MONTANO","MARIA DE LA CABEZA RUIZ SOLAS",1
"4858","ELOISA MARIA GRACIA MONTANO","MARIA DE LOS REYES ROMERO VILCHES",1
"4859","ELOISA MARIA GRACIA MONTANO","MARIA JOSE RODRIGUEZ DE MILLAN PARRO",1
"4860","ELOISA MARIA GRACIA MONTANO","MARIA MAGDALENA NEVADO DEL CAMPO",1
"4861","ELOISA MARIA GRACIA MONTANO","MARIA TERESA LOPEZ ALVAREZ",1
"4862","ELOISA MARIA GRACIA MONTANO","PABLO JUAN CALVO LISTE",1
"4863","ELOISA MARIA GRACIA MONTANO","PABLO SAEZ ALONSOMUNUMER",1
"4864","ELOISA MARIA GRACIA MONTANO","PATRICIA RUEDA PERELLO",1
"4865","ELOISA MARIA GRACIA MONTANO","PEDRO FERNANDEZ HERNANDEZ",1
"4866","ELOISA MARIA GRACIA MONTANO","PEDRO JESUS REQUEJO NOVOA",1
"4867","ELOISA MARIA GRACIA MONTANO","RICARDO CHAMORRO DELMO",1
"4868","ELOISA MARIA GRACIA MONTANO","ROCIO DE MEER MENDEZ",1
"4869","ELOISA MARIA GRACIA MONTANO","RODRIGO JIMENEZ REVUELTA",1
"4870","ELOISA MARIA GRACIA MONTANO","SANTIAGO ABASCAL CONDE",1
"4871","ELOISA MARIA GRACIA MONTANO","SERGIO MACIAN DE GREEF",1
"4872","ELOISA MARIA GRACIA MONTANO","TOMAS FERNANDEZ RIOS",1
"4873","ELOISA MARIA GRACIA MONTANO","VICTOR GUIDO GONZALEZ COELLO DE PORTUGAL",1
"4874","ELOISA MARIA GRACIA MONTANO","YOLANDA MERELO PALOMARES",1
"4875","EMILIO JESUS DEL VALLE RODRIGUEZ","ENRIQUE JIMENEZ VAQUERIZO",1
"4876","EMILIO JESUS DEL VALLE RODRIGUEZ","ENRIQUE QUESADA SANCHEZ",1
"4877","EMILIO JESUS DEL VALLE RODRIGUEZ","EVA MARIA GARCIA ALEGRE",1
"4878","EMILIO JESUS DEL VALLE RODRIGUEZ","FELIPE MORENO MORERA",1
"4879","EMILIO JESUS DEL VALLE RODRIGUEZ","FLORENCIO AGUSTIN TOLDOS FERNANDEZ",1
"4880","EMILIO JESUS DEL VALLE RODRIGUEZ","FRANCISCA VICENTE CREMADES",1
"4881","EMILIO JESUS DEL VALLE RODRIGUEZ","FRANCISCO DE PAULA SERRANO CABALLERO",1
"4882","EMILIO JESUS DEL VALLE RODRIGUEZ","FRANCISCO JAVIER ORTEGA SMITHMOLINA",2
"4883","EMILIO JESUS DEL VALLE RODRIGUEZ","FRANCISCO JOSE ALCARAZ MARTOS",2
"4884","EMILIO JESUS DEL VALLE RODRIGUEZ","FRANCISCO JOSE CONTRERAS PELAEZ",1
"4885","EMILIO JESUS DEL VALLE RODRIGUEZ","FRANCISCO JOSE RUIZ ENRIQUEZ",1
"4886","EMILIO JESUS DEL VALLE RODRIGUEZ","FRANCISCO RAUL CORDERO OLMEDO",1
"4887","EMILIO JESUS DEL VALLE RODRIGUEZ","GEORGINA TRIAS GIL",1
"4888","EMILIO JESUS DEL VALLE RODRIGUEZ","GERARDO ACEITUNO CARRASCO",1
"4889","EMILIO JESUS DEL VALLE RODRIGUEZ","HERMANN LEOPOLD TERTSCH DEL VALLELERSUNDI",1
"4890","EMILIO JESUS DEL VALLE RODRIGUEZ","IGNACIO GARRIGA VAZ DE CONCICAO",3
"4891","EMILIO JESUS DEL VALLE RODRIGUEZ","IGNACIO GIL LAZARO",3
"4892","EMILIO JESUS DEL VALLE RODRIGUEZ","IGNACIO HOCES INIGUEZ",1
"4893","EMILIO JESUS DEL VALLE RODRIGUEZ","IGNACIO MENENDEZ MEDRANO",1
"4894","EMILIO JESUS DEL VALLE RODRIGUEZ","INES MARIA CANIZARES PACHECO",1
"4895","EMILIO JESUS DEL VALLE RODRIGUEZ","IRENE HERRERO RUBERT",1
"4896","EMILIO JESUS DEL VALLE RODRIGUEZ","ISMAEL IVAN VELEZ CIPRIANO",2
"4897","EMILIO JESUS DEL VALLE RODRIGUEZ","IVAN ESPINOSA DE LOS MONTEROS DE SIMON",3
"4898","EMILIO JESUS DEL VALLE RODRIGUEZ","JACOBO GONZALEZROBATTO PEROTE",1
"4899","EMILIO JESUS DEL VALLE RODRIGUEZ","JAIME GONZALEZ CANOMANUEL",1
"4900","EMILIO JESUS DEL VALLE RODRIGUEZ","JAIME JAVIER DOMINGO MARTINEZ",1
"4901","EMILIO JESUS DEL VALLE RODRIGUEZ","JAVIER BRAVO ARROBAS",1
"4902","EMILIO JESUS DEL VALLE RODRIGUEZ","JAVIER JOVE SANDOVAL",1
"4903","EMILIO JESUS DEL VALLE RODRIGUEZ","JAVIER ORTEGA SMITHMOLINA",1
"4904","EMILIO JESUS DEL VALLE RODRIGUEZ","JAVIER PEREZ GALLARDO",1
"4905","EMILIO JESUS DEL VALLE RODRIGUEZ","JOAQUIN ROBLES LOPEZ",3
"4906","EMILIO JESUS DEL VALLE RODRIGUEZ","JORGE ARTURO CUTILLAS CORDON",1
"4907","EMILIO JESUS DEL VALLE RODRIGUEZ","JORGE BUXADE VILLALBA",1
"4908","EMILIO JESUS DEL VALLE RODRIGUEZ","JORGE CAMPOS ASENSI",1
"4909","EMILIO JESUS DEL VALLE RODRIGUEZ","JORGE MARTIN FRIAS",2
"4910","EMILIO JESUS DEL VALLE RODRIGUEZ","JORGE MARTIN TRANCON",1
"4911","EMILIO JESUS DEL VALLE RODRIGUEZ","JOSE ANTONIO GOMILA ORTEGA",1
"4912","EMILIO JESUS DEL VALLE RODRIGUEZ","JOSE FRANCISCO GARRE IZQUIERDO",1
"4913","EMILIO JESUS DEL VALLE RODRIGUEZ","JOSE IGNACIO ARIAS MORENO",1
"4914","EMILIO JESUS DEL VALLE RODRIGUEZ","JOSE MANUEL MARTIN CAMACHO",1
"4915","EMILIO JESUS DEL VALLE RODRIGUEZ","JOSE MARIA ANTON GARCIA",1
"4916","EMILIO JESUS DEL VALLE RODRIGUEZ","JOSE MARIA FIGAREDO ALVAREZSALA",2
"4917","EMILIO JESUS DEL VALLE RODRIGUEZ","JOSE MARIA SANCHEZ GARCIA",2
"4918","EMILIO JESUS DEL VALLE RODRIGUEZ","JOSE MARIA VAZQUEZ ALVAREZ",1
"4919","EMILIO JESUS DEL VALLE RODRIGUEZ","JOSE MIGUEL TASENDE SOUTO",1
"4920","EMILIO JESUS DEL VALLE RODRIGUEZ","JOSE RAMIREZ DEL RIO",2
"4921","EMILIO JESUS DEL VALLE RODRIGUEZ","JOSEFINA BLAZQUEZ SANCHEZ",1
"4922","EMILIO JESUS DEL VALLE RODRIGUEZ","JUAN CARLOS GIRAUTA VIDAL",1
"4923","EMILIO JESUS DEL VALLE RODRIGUEZ","JUAN CARLOS VICENTE MARTINEZ",1
"4924","EMILIO JESUS DEL VALLE RODRIGUEZ","JUAN FRANCISCO ROJAS FERNANDEZ",1
"4925","EMILIO JESUS DEL VALLE RODRIGUEZ","JUAN JOSE AIZCORBE TORRA",2
"4926","EMILIO JESUS DEL VALLE RODRIGUEZ","JUAN SERGIO REDONDO PACHECO",1
"4927","EMILIO JESUS DEL VALLE RODRIGUEZ","JULIO ROSADO MARTIN",1
"4928","EMILIO JESUS DEL VALLE RODRIGUEZ","KATIUSKA DE LOS ANGELES GARCIA RAMIREZ",1
"4929","EMILIO JESUS DEL VALLE RODRIGUEZ","LOURDES MENDEZ MONASTERIO",3
"4930","EMILIO JESUS DEL VALLE RODRIGUEZ","LUIS GESTOSO DE MIGUEL",1
"4931","EMILIO JESUS DEL VALLE RODRIGUEZ","MACARENA OLONA CHOCLAN",2
"4932","EMILIO JESUS DEL VALLE RODRIGUEZ","MAGDALENA MARGARITA CONTESTI ROSSELLO",1
"4933","EMILIO JESUS DEL VALLE RODRIGUEZ","MANUEL GONZALEZ BAZAN",1
"4934","EMILIO JESUS DEL VALLE RODRIGUEZ","MANUEL MARISCAL ZABALA",3
"4935","EMILIO JESUS DEL VALLE RODRIGUEZ","MANUEL MESTRE BAREA",2
"4936","EMILIO JESUS DEL VALLE RODRIGUEZ","MANUEL RAFAEL RODRIGUEZ VALERO",1
"4937","EMILIO JESUS DEL VALLE RODRIGUEZ","MANUELA BOLADO ALCALDE",1
"4938","EMILIO JESUS DEL VALLE RODRIGUEZ","MANUELA DEL MAR MARTIN IBANEZ",1
"4939","EMILIO JESUS DEL VALLE RODRIGUEZ","MARGARITA DE LA PISA CARRION",1
"4940","EMILIO JESUS DEL VALLE RODRIGUEZ","MARIA ARANZAZU MARTINEZ RIOLA",1
"4941","EMILIO JESUS DEL VALLE RODRIGUEZ","MARIA BEATRIZ CASTILLEJO SEVILLA",1
"4942","EMILIO JESUS DEL VALLE RODRIGUEZ","MARIA BELEN MANZANO SAGUAR",1
"4943","EMILIO JESUS DEL VALLE RODRIGUEZ","MARIA DE LA CABEZA RUIZ SOLAS",3
"4944","EMILIO JESUS DEL VALLE RODRIGUEZ","MARIA DE LA CRUZ LOZANO MARIN",1
"4945","EMILIO JESUS DEL VALLE RODRIGUEZ","MARIA DE LOS REYES ROMERO VILCHES",3
"4946","EMILIO JESUS DEL VALLE RODRIGUEZ","MARIA DEL PILAR BAOS REVILLA",1
"4947","EMILIO JESUS DEL VALLE RODRIGUEZ","MARIA DOLORES MATEO MATEOS",1
"4948","EMILIO JESUS DEL VALLE RODRIGUEZ","MARIA GEMA ESCOLANO BERNA",1
"4949","EMILIO JESUS DEL VALLE RODRIGUEZ","MARIA INES DIAZ CASAS",1
"4950","EMILIO JESUS DEL VALLE RODRIGUEZ","MARIA JOSE RODRIGUEZ DE MILLAN PARRO",1
"4951","EMILIO JESUS DEL VALLE RODRIGUEZ","MARIA LOPEZ ZAMBRANO",1
"4952","EMILIO JESUS DEL VALLE RODRIGUEZ","MARIA LUISA MENENDEZ MARTINEZ",1
"4953","EMILIO JESUS DEL VALLE RODRIGUEZ","MARIA MAGDALENA NEVADO DEL CAMPO",1
"4954","EMILIO JESUS DEL VALLE RODRIGUEZ","MARIA MAGDALENA PUENTEDURA PEREZ",1
"4955","EMILIO JESUS DEL VALLE RODRIGUEZ","MARIA SUSANA JIMENEZ AIBAR",1
"4956","EMILIO JESUS DEL VALLE RODRIGUEZ","MARIA TERESA GARCIA DE LA ROSA JIMENEZ",1
"4957","EMILIO JESUS DEL VALLE RODRIGUEZ","MARIA TERESA LOPEZ ALVAREZ",1
"4958","EMILIO JESUS DEL VALLE RODRIGUEZ","MARIA TERESA LOPEZ DIVASSON",1
"4959","EMILIO JESUS DEL VALLE RODRIGUEZ","MARIA VIDAL BENNASAR",1
"4960","EMILIO JESUS DEL VALLE RODRIGUEZ","MARIA ZULEMA SAN JOSE SANCHEZ",1
"4961","EMILIO JESUS DEL VALLE RODRIGUEZ","MARINA DABAN ALONSO",1
"4962","EMILIO JESUS DEL VALLE RODRIGUEZ","MARTA ALEGRIA MARTINEZ",1
"4963","EMILIO JESUS DEL VALLE RODRIGUEZ","MARTA ALVAREZ BARRIO",1
"4964","EMILIO JESUS DEL VALLE RODRIGUEZ","MARTA GERVASIA GARRIDO MORENO",1
"4965","EMILIO JESUS DEL VALLE RODRIGUEZ","MARTA MARTIN CUSTODIO",1
"4966","EMILIO JESUS DEL VALLE RODRIGUEZ","MIGUEL ANGEL FERNANDEZ LOPEZ",1
"4967","EMILIO JESUS DEL VALLE RODRIGUEZ","MIGUEL MALDONADO CABALLERO",1
"4968","EMILIO JESUS DEL VALLE RODRIGUEZ","MIREIA BORRAS PABON",1
"4969","EMILIO JESUS DEL VALLE RODRIGUEZ","MONICA LORA CISQUER",1
"4970","EMILIO JESUS DEL VALLE RODRIGUEZ","OLIVIA MORENO NAVAS",1
"4971","EMILIO JESUS DEL VALLE RODRIGUEZ","PABLO JUAN CALVO LISTE",1
"4972","EMILIO JESUS DEL VALLE RODRIGUEZ","PABLO PEREZ GALLARDO",1
"4973","EMILIO JESUS DEL VALLE RODRIGUEZ","PABLO SAEZ ALONSOMUNUMER",3
"4974","EMILIO JESUS DEL VALLE RODRIGUEZ","PALOMA GOMEZ ENRIQUEZ",1
"4975","EMILIO JESUS DEL VALLE RODRIGUEZ","PATRICIA DE LAS HERAS FERNANDEZ",1
"4976","EMILIO JESUS DEL VALLE RODRIGUEZ","PATRICIA ESCAMEZ MARIN",1
"4977","EMILIO JESUS DEL VALLE RODRIGUEZ","PATRICIA RUEDA PERELLO",3
"4978","EMILIO JESUS DEL VALLE RODRIGUEZ","PAULA DE LOS ANGELES BADANELLI BERRIOZABAL",1
"4979","EMILIO JESUS DEL VALLE RODRIGUEZ","PEDRO FERNANDEZ HERNANDEZ",3
"4980","EMILIO JESUS DEL VALLE RODRIGUEZ","PEDRO JESUS REQUEJO NOVOA",1
"4981","EMILIO JESUS DEL VALLE RODRIGUEZ","RAFAEL RICARDO GONZALEZ GALLEGO",1
"4982","EMILIO JESUS DEL VALLE RODRIGUEZ","RAFAEL SEGOVIA BROME",1
"4983","EMILIO JESUS DEL VALLE RODRIGUEZ","RICARDO CHAMORRO DELMO",3
"4984","EMILIO JESUS DEL VALLE RODRIGUEZ","ROCIO DE MEER MENDEZ",3
"4985","EMILIO JESUS DEL VALLE RODRIGUEZ","RODRIGO JIMENEZ REVUELTA",1
"4986","EMILIO JESUS DEL VALLE RODRIGUEZ","RUBEN SILVANO MANSO OLIVAR",1
"4987","EMILIO JESUS DEL VALLE RODRIGUEZ","SALOME NIETO TARRAGA",1
"4988","EMILIO JESUS DEL VALLE RODRIGUEZ","SANTIAGO ABASCAL CONDE",3
"4989","EMILIO JESUS DEL VALLE RODRIGUEZ","SERAFIN SERRANO MARIN",1
"4990","EMILIO JESUS DEL VALLE RODRIGUEZ","SERGI FABRI LLAVERO",1
"4991","EMILIO JESUS DEL VALLE RODRIGUEZ","SERGIO CHAGARTEGUI SANCHEZ",1
"4992","EMILIO JESUS DEL VALLE RODRIGUEZ","SERGIO MACIAN DE GREEF",1
"4993","EMILIO JESUS DEL VALLE RODRIGUEZ","SILVIA CLARA ENRIQUEZ GALLEGO",1
"4994","EMILIO JESUS DEL VALLE RODRIGUEZ","SOLEDAD PEREZ RUBIO",1
"4995","EMILIO JESUS DEL VALLE RODRIGUEZ","SONIA LUISA LALANDA SANMIGUEL",1
"4996","EMILIO JESUS DEL VALLE RODRIGUEZ","SONSOLES PALACIOS MORENO",1
"4997","EMILIO JESUS DEL VALLE RODRIGUEZ","TEODORO RAMON POZO MUNIZ",1
"4998","EMILIO JESUS DEL VALLE RODRIGUEZ","TOMAS FERNANDEZ RIOS",1
"4999","EMILIO JESUS DEL VALLE RODRIGUEZ","VALENTIN LOPEZ LOPEZ",1
"5000","EMILIO JESUS DEL VALLE RODRIGUEZ","VICTOR GUIDO GONZALEZ COELLO DE PORTUGAL",2
"5001","EMILIO JESUS DEL VALLE RODRIGUEZ","VICTOR MANUEL ACOSTA HERNANDEZ",1
"5002","EMILIO JESUS DEL VALLE RODRIGUEZ","VICTOR MANUEL SANCHEZ DEL REAL",1
"5003","EMILIO JESUS DEL VALLE RODRIGUEZ","VIRGINIA HUERTAS PECHUAN",1
"5004","EMILIO JESUS DEL VALLE RODRIGUEZ","YOLANDA MERELO PALOMARES",1
"5005","EMILIO JIMENEZ ROMAN","FRANCISCO JOSE ALCARAZ MARTOS",1
"5006","EMILIO JIMENEZ ROMAN","IGNACIO GARRIGA VAZ DE CONCICAO",1
"5007","EMILIO JIMENEZ ROMAN","IGNACIO GIL LAZARO",1
"5008","EMILIO JIMENEZ ROMAN","ISMAEL IVAN VELEZ CIPRIANO",1
"5009","EMILIO JIMENEZ ROMAN","IVAN ESPINOSA DE LOS MONTEROS DE SIMON",1
"5010","EMILIO JIMENEZ ROMAN","JAIME GONZALEZ CANOMANUEL",1
"5011","EMILIO JIMENEZ ROMAN","JAVIER ORTEGA SMITHMOLINA",1
"5012","EMILIO JIMENEZ ROMAN","JOAQUIN ROBLES LOPEZ",1
"5013","EMILIO JIMENEZ ROMAN","JOSE MARIA SANCHEZ GARCIA",1
"5014","EMILIO JIMENEZ ROMAN","JUAN JOSE AIZCORBE TORRA",1
"5015","EMILIO JIMENEZ ROMAN","LOURDES MENDEZ MONASTERIO",1
"5016","EMILIO JIMENEZ ROMAN","MACARENA OLONA CHOCLAN",1
"5017","EMILIO JIMENEZ ROMAN","MAGDALENA MARGARITA CONTESTI ROSSELLO",1
"5018","EMILIO JIMENEZ ROMAN","MANUEL GONZALEZ BAZAN",1
"5019","EMILIO JIMENEZ ROMAN","MANUEL MARISCAL ZABALA",1
"5020","EMILIO JIMENEZ ROMAN","MANUEL MESTRE BAREA",1
"5021","EMILIO JIMENEZ ROMAN","MANUEL RAFAEL RODRIGUEZ VALERO",1
"5022","EMILIO JIMENEZ ROMAN","MARIA DE LA CABEZA RUIZ SOLAS",1
"5023","EMILIO JIMENEZ ROMAN","MARIA DE LOS REYES ROMERO VILCHES",1
"5024","EMILIO JIMENEZ ROMAN","MARIA ROSARIO ESTEVEZ GARCIA",1
"5025","EMILIO JIMENEZ ROMAN","MARIA TERESA NOSTI IZQUIERDO",1
"5026","EMILIO JIMENEZ ROMAN","MARTA ALVAREZ BARRIO",1
"5027","EMILIO JIMENEZ ROMAN","MIGUEL ANGEL FERNANDEZ LOPEZ",1
"5028","EMILIO JIMENEZ ROMAN","PABLO SAEZ ALONSOMUNUMER",1
"5029","EMILIO JIMENEZ ROMAN","PATRICIA DE LAS HERAS FERNANDEZ",1
"5030","EMILIO JIMENEZ ROMAN","PATRICIA RUEDA PERELLO",1
"5031","EMILIO JIMENEZ ROMAN","PEDRO FERNANDEZ HERNANDEZ",1
"5032","EMILIO JIMENEZ ROMAN","RICARDO CHAMORRO DELMO",1
"5033","EMILIO JIMENEZ ROMAN","ROCIO DE MEER MENDEZ",1
"5034","EMILIO JIMENEZ ROMAN","RUBEN SILVANO MANSO OLIVAR",1
"5035","EMILIO JIMENEZ ROMAN","SANTIAGO ABASCAL CONDE",1
"5036","EMILIO JIMENEZ ROMAN","SERAFIN SERRANO MARIN",1
"5037","EMILIO JIMENEZ ROMAN","SONIA LUISA LALANDA SANMIGUEL",1
"5038","EMILIO JIMENEZ ROMAN","VICTOR GUIDO GONZALEZ COELLO DE PORTUGAL",1
"5039","ENRIQUE ALCAIDE HERNANDEZ","FRANCISCO ALBERTO CALLEJA RIVADENEYRA",1
"5040","ENRIQUE ALCAIDE HERNANDEZ","MIGUEL ANGEL GOMEZ ELVIRA GONZALEZ",1
"5041","ENRIQUE ALVAREZ FERRER","INIGO HENRIQUEZ DE LUNA LOSADA",1
"5042","ENRIQUE ALVAREZ FERRER","ISABEL PEREZ MONINOARANDA",1
"5043","ENRIQUE ALVAREZ FERRER","JORGE ARTURO CUTILLAS CORDON",1
"5044","ENRIQUE ALVAREZ FERRER","JOSE ANTONIO FUSTER LAMELAS",1
"5045","ENRIQUE ALVAREZ FERRER","JOSE IGNACIO ARIAS MORENO",1
"5046","ENRIQUE ALVAREZ FERRER","JOSE LUIS RUIZ BARTOLOME",1
"5047","ENRIQUE ALVAREZ FERRER","MARIA BELEN GONZALEZ MORENO",1
"5048","ENRIQUE ALVAREZ FERRER","ROCIO MONASTERIO SAN MARTIN",1
"5049","ENRIQUE JIMENEZ VAQUERIZO","FRANCISCO JAVIER ORTEGA SMITHMOLINA",1
"5050","ENRIQUE JIMENEZ VAQUERIZO","FRANCISCO JOSE ALCARAZ MARTOS",1
"5051","ENRIQUE JIMENEZ VAQUERIZO","FRANCISCO JOSE CONTRERAS PELAEZ",1
"5052","ENRIQUE JIMENEZ VAQUERIZO","GEORGINA TRIAS GIL",1
"5053","ENRIQUE JIMENEZ VAQUERIZO","IGNACIO GIL LAZARO",1
"5054","ENRIQUE JIMENEZ VAQUERIZO","IGNACIO HOCES INIGUEZ",1
"5055","ENRIQUE JIMENEZ VAQUERIZO","IGNACIO SICILIA DOMENECH",1
"5056","ENRIQUE JIMENEZ VAQUERIZO","ISMAEL IVAN VELEZ CIPRIANO",1
"5057","ENRIQUE JIMENEZ VAQUERIZO","IVAN ESPINOSA DE LOS MONTEROS DE SIMON",1
"5058","ENRIQUE JIMENEZ VAQUERIZO","JACOBO GONZALEZROBATTO PEROTE",1
"5059","ENRIQUE JIMENEZ VAQUERIZO","JESUS JIMENEZ MIGUEL",1
"5060","ENRIQUE JIMENEZ VAQUERIZO","JOAQUIN ROBLES LOPEZ",1
"5061","ENRIQUE JIMENEZ VAQUERIZO","JONATHAN GARCIA GARCIA",1
"5062","ENRIQUE JIMENEZ VAQUERIZO","JORGE CAMPOS ASENSI",1
"5063","ENRIQUE JIMENEZ VAQUERIZO","JOSE ALBERTO DIAZ PICO",1
"5064","ENRIQUE JIMENEZ VAQUERIZO","JOSE ANTONIO PALOMO MARTIN",1
"5065","ENRIQUE JIMENEZ VAQUERIZO","JOSE FRANCISCO GARRE IZQUIERDO",1
"5066","ENRIQUE JIMENEZ VAQUERIZO","JOSE MARIA FIGAREDO ALVAREZSALA",1
"5067","ENRIQUE JIMENEZ VAQUERIZO","JOSE MARIA SANCHEZ GARCIA",1
"5068","ENRIQUE JIMENEZ VAQUERIZO","JOSE RAMIREZ DEL RIO",1
"5069","ENRIQUE JIMENEZ VAQUERIZO","JUAN JOSE AIZCORBE TORRA",1
"5070","ENRIQUE JIMENEZ VAQUERIZO","LAURA DORREIS ALONSO",1
"5071","ENRIQUE JIMENEZ VAQUERIZO","LOURDES MENDEZ MONASTERIO",1
"5072","ENRIQUE JIMENEZ VAQUERIZO","LUIS CARLOS GIMENEZ BALMORI",1
"5073","ENRIQUE JIMENEZ VAQUERIZO","MANUEL MARISCAL ZABALA",1
"5074","ENRIQUE JIMENEZ VAQUERIZO","MARIA ALEJANDRA MEDINA SANZ",1
"5075","ENRIQUE JIMENEZ VAQUERIZO","MARIA DE FATIMA PINACHO FERNANDEZ",1
"5076","ENRIQUE JIMENEZ VAQUERIZO","MARIA DE LA CABEZA RUIZ SOLAS",1
"5077","ENRIQUE JIMENEZ VAQUERIZO","MARIA DE LOS REYES ROMERO VILCHES",1
"5078","ENRIQUE JIMENEZ VAQUERIZO","MARIA DOLORES MATEO MATEOS",1
"5079","ENRIQUE JIMENEZ VAQUERIZO","MARIA JOSE RODRIGUEZ DE MILLAN PARRO",1
"5080","ENRIQUE JIMENEZ VAQUERIZO","MARIA LUISA CALVO ENRIQUEZ",1
"5081","ENRIQUE JIMENEZ VAQUERIZO","MARIA MAGDALENA NEVADO DEL CAMPO",1
"5082","ENRIQUE JIMENEZ VAQUERIZO","MARIA TERESA LOPEZ ALVAREZ",1
"5083","ENRIQUE JIMENEZ VAQUERIZO","MARTA ALEGRIA MARTINEZ",1
"5084","ENRIQUE JIMENEZ VAQUERIZO","MAURICIO ANGULO GUERRERO",1
"5085","ENRIQUE JIMENEZ VAQUERIZO","MIGUEL CONTRERAS MARTINEZ",1
"5086","ENRIQUE JIMENEZ VAQUERIZO","PABLO JUAN CALVO LISTE",1
"5087","ENRIQUE JIMENEZ VAQUERIZO","PABLO SAEZ ALONSOMUNUMER",1
"5088","ENRIQUE JIMENEZ VAQUERIZO","PATRICIA RUEDA PERELLO",1
"5089","ENRIQUE JIMENEZ VAQUERIZO","PEDRO FERNANDEZ HERNANDEZ",1
"5090","ENRIQUE JIMENEZ VAQUERIZO","PEDRO JESUS REQUEJO NOVOA",1
"5091","ENRIQUE JIMENEZ VAQUERIZO","RICARDO CHAMORRO DELMO",1
"5092","ENRIQUE JIMENEZ VAQUERIZO","ROCIO DE MEER MENDEZ",1
"5093","ENRIQUE JIMENEZ VAQUERIZO","RODRIGO JIMENEZ REVUELTA",1
"5094","ENRIQUE JIMENEZ VAQUERIZO","SANTIAGO ABASCAL CONDE",1
"5095","ENRIQUE JIMENEZ VAQUERIZO","SERGIO MACIAN DE GREEF",1
"5096","ENRIQUE JIMENEZ VAQUERIZO","SUSANA SUAREZ VILLAGRA",1
"5097","ENRIQUE JIMENEZ VAQUERIZO","TOMAS FERNANDEZ RIOS",1
"5098","ENRIQUE JIMENEZ VAQUERIZO","VICTOR GUIDO GONZALEZ COELLO DE PORTUGAL",1
"5099","ENRIQUE JIMENEZ VAQUERIZO","YOLANDA MERELO PALOMARES",1
"5100","ENRIQUE QUESADA SANCHEZ","FRANCISCO JAVIER ORTEGA SMITHMOLINA",1
"5101","ENRIQUE QUESADA SANCHEZ","FRANCISCO JOSE ALCARAZ MARTOS",1
"5102","ENRIQUE QUESADA SANCHEZ","FRANCISCO JOSE CONTRERAS PELAEZ",1
"5103","ENRIQUE QUESADA SANCHEZ","GEORGINA TRIAS GIL",1
"5104","ENRIQUE QUESADA SANCHEZ","IGNACIO GIL LAZARO",1
"5105","ENRIQUE QUESADA SANCHEZ","IGNACIO HOCES INIGUEZ",1
"5106","ENRIQUE QUESADA SANCHEZ","ISMAEL IVAN VELEZ CIPRIANO",1
"5107","ENRIQUE QUESADA SANCHEZ","IVAN ESPINOSA DE LOS MONTEROS DE SIMON",1
"5108","ENRIQUE QUESADA SANCHEZ","JACOBO GONZALEZROBATTO PEROTE",1
"5109","ENRIQUE QUESADA SANCHEZ","JOAQUIN ROBLES LOPEZ",1
"5110","ENRIQUE QUESADA SANCHEZ","JORGE CAMPOS ASENSI",1
"5111","ENRIQUE QUESADA SANCHEZ","JOSE FRANCISCO GARRE IZQUIERDO",1
"5112","ENRIQUE QUESADA SANCHEZ","JOSE MARIA FIGAREDO ALVAREZSALA",1
"5113","ENRIQUE QUESADA SANCHEZ","JOSE MARIA SANCHEZ GARCIA",1
"5114","ENRIQUE QUESADA SANCHEZ","JOSE RAMIREZ DEL RIO",1
"5115","ENRIQUE QUESADA SANCHEZ","JUAN JOSE AIZCORBE TORRA",1
"5116","ENRIQUE QUESADA SANCHEZ","LOURDES MENDEZ MONASTERIO",1
"5117","ENRIQUE QUESADA SANCHEZ","MANUEL MARISCAL ZABALA",1
"5118","ENRIQUE QUESADA SANCHEZ","MARIA DE LA CABEZA RUIZ SOLAS",1
"5119","ENRIQUE QUESADA SANCHEZ","MARIA DE LOS REYES ROMERO VILCHES",1
"5120","ENRIQUE QUESADA SANCHEZ","MARIA JOSE RODRIGUEZ DE MILLAN PARRO",1
"5121","ENRIQUE QUESADA SANCHEZ","MARIA MAGDALENA NEVADO DEL CAMPO",1
"5122","ENRIQUE QUESADA SANCHEZ","MARIA TERESA LOPEZ ALVAREZ",1
"5123","ENRIQUE QUESADA SANCHEZ","PABLO JUAN CALVO LISTE",1
"5124","ENRIQUE QUESADA SANCHEZ","PABLO SAEZ ALONSOMUNUMER",1
"5125","ENRIQUE QUESADA SANCHEZ","PATRICIA RUEDA PERELLO",1
"5126","ENRIQUE QUESADA SANCHEZ","PEDRO FERNANDEZ HERNANDEZ",1
"5127","ENRIQUE QUESADA SANCHEZ","PEDRO JESUS REQUEJO NOVOA",1
"5128","ENRIQUE QUESADA SANCHEZ","RICARDO CHAMORRO DELMO",1
"5129","ENRIQUE QUESADA SANCHEZ","ROBERTO SANTIAGO IGLESIAS",1
"5130","ENRIQUE QUESADA SANCHEZ","ROCIO DE MEER MENDEZ",1
"5131","ENRIQUE QUESADA SANCHEZ","RODRIGO JIMENEZ REVUELTA",1
"5132","ENRIQUE QUESADA SANCHEZ","SANTIAGO ABASCAL CONDE",1
"5133","ENRIQUE QUESADA SANCHEZ","SERGIO MACIAN DE GREEF",1
"5134","ENRIQUE QUESADA SANCHEZ","TOMAS FERNANDEZ RIOS",1
"5135","ENRIQUE QUESADA SANCHEZ","VICTOR GUIDO GONZALEZ COELLO DE PORTUGAL",1
"5136","ENRIQUE QUESADA SANCHEZ","YOLANDA MERELO PALOMARES",1
"5137","ERNESTO JORGE SERIGOS SUSINI","FERNANDO LAVINA SALVADOR",2
"5138","ERNESTO JORGE SERIGOS SUSINI","JOSE MANUEL PINEIRO PEREZ",2
"5139","ERNESTO JORGE SERIGOS SUSINI","MARIA DE LA CABEZA RUIZ SOLAS",2
"5140","ERNESTO JORGE SERIGOS SUSINI","MARIA DEL PILAR BAOS REVILLA",2
"5141","EUGENIO MARTINEZ ALVAR","INIGO HENRIQUEZ DE LUNA LOSADA",1
"5142","EUGENIO MARTINEZ ALVAR","JAVIER PEREZ GALLARDO",1
"5143","EUGENIO MARTINEZ ALVAR","JORGE ARTURO CUTILLAS CORDON",1
"5144","EUGENIO MARTINEZ ALVAR","JOSE IGNACIO ARIAS MORENO",1
"5145","EUGENIO MARTINEZ ALVAR","JOSE LUIS RUIZ BARTOLOME",1
"5146","EUGENIO MARTINEZ ALVAR","MARIANO CALABUIG MARTINEZ",1
"5147","EUGENIO MARTINEZ ALVAR","ROCIO MONASTERIO SAN MARTIN",1
"5148","EVA MARIA GARCIA ALEGRE","FRANCISCO JAVIER ORTEGA SMITHMOLINA",1
"5149","EVA MARIA GARCIA ALEGRE","FRANCISCO JOSE ALCARAZ MARTOS",1
"5150","EVA MARIA GARCIA ALEGRE","FRANCISCO JOSE CONTRERAS PELAEZ",1
"5151","EVA MARIA GARCIA ALEGRE","GEORGINA TRIAS GIL",1
"5152","EVA MARIA GARCIA ALEGRE","IGNACIO GIL LAZARO",1
"5153","EVA MARIA GARCIA ALEGRE","IGNACIO HOCES INIGUEZ",1
"5154","EVA MARIA GARCIA ALEGRE","INES CHECA MALLEBRERA",1
"5155","EVA MARIA GARCIA ALEGRE","ISMAEL IVAN VELEZ CIPRIANO",1
"5156","EVA MARIA GARCIA ALEGRE","IVAN ESPINOSA DE LOS MONTEROS DE SIMON",1
"5157","EVA MARIA GARCIA ALEGRE","JACOBO GONZALEZROBATTO PEROTE",1
"5158","EVA MARIA GARCIA ALEGRE","JAVIER BRAVO ARROBAS",1
"5159","EVA MARIA GARCIA ALEGRE","JOAQUIN ROBLES LOPEZ",1
"5160","EVA MARIA GARCIA ALEGRE","JORGE CAMPOS ASENSI",1
"5161","EVA MARIA GARCIA ALEGRE","JORGE MARTIN TRANCON",1
"5162","EVA MARIA GARCIA ALEGRE","JOSE FRANCISCO GARRE IZQUIERDO",1
"5163","EVA MARIA GARCIA ALEGRE","JOSE MARCELO AMARILLA PEREZ",2
"5164","EVA MARIA GARCIA ALEGRE","JOSE MARIA FIGAREDO ALVAREZSALA",1
"5165","EVA MARIA GARCIA ALEGRE","JOSE MARIA SANCHEZ GARCIA",1
"5166","EVA MARIA GARCIA ALEGRE","JOSE RAMIREZ DEL RIO",1
"5167","EVA MARIA GARCIA ALEGRE","JUAN JOSE AIZCORBE TORRA",1
"5168","EVA MARIA GARCIA ALEGRE","JUAN JOSE GARCIA GARCIA",1
"5169","EVA MARIA GARCIA ALEGRE","LAURA GALAN RODRIGUEZ",1
"5170","EVA MARIA GARCIA ALEGRE","LOURDES MENDEZ MONASTERIO",1
"5171","EVA MARIA GARCIA ALEGRE","MANUEL MARISCAL ZABALA",1
"5172","EVA MARIA GARCIA ALEGRE","MARIA DE LA CABEZA RUIZ SOLAS",1
"5173","EVA MARIA GARCIA ALEGRE","MARIA DE LOS REYES ROMERO VILCHES",1
"5174","EVA MARIA GARCIA ALEGRE","MARIA JESUS SALVATIERRA GORDILLO",1
"5175","EVA MARIA GARCIA ALEGRE","MARIA JOSE RODRIGUEZ DE MILLAN PARRO",1
"5176","EVA MARIA GARCIA ALEGRE","MARIA MAGDALENA NEVADO DEL CAMPO",1
"5177","EVA MARIA GARCIA ALEGRE","MARIA TERESA LOPEZ ALVAREZ",1
"5178","EVA MARIA GARCIA ALEGRE","MARTA GERVASIA GARRIDO MORENO",1
"5179","EVA MARIA GARCIA ALEGRE","OSCAR ARTURO FERNANDEZ CALLE",1
"5180","EVA MARIA GARCIA ALEGRE","PABLO JUAN CALVO LISTE",1
"5181","EVA MARIA GARCIA ALEGRE","PABLO SAEZ ALONSOMUNUMER",1
"5182","EVA MARIA GARCIA ALEGRE","PATRICIA RUEDA PERELLO",1
"5183","EVA MARIA GARCIA ALEGRE","PEDRO FERNANDEZ HERNANDEZ",1
"5184","EVA MARIA GARCIA ALEGRE","PEDRO JESUS REQUEJO NOVOA",1
"5185","EVA MARIA GARCIA ALEGRE","RICARDO CHAMORRO DELMO",1
"5186","EVA MARIA GARCIA ALEGRE","ROCIO DE MEER MENDEZ",1
"5187","EVA MARIA GARCIA ALEGRE","RODRIGO JIMENEZ REVUELTA",1
"5188","EVA MARIA GARCIA ALEGRE","SANTIAGO ABASCAL CONDE",1
"5189","EVA MARIA GARCIA ALEGRE","SERGIO MACIAN DE GREEF",1
"5190","EVA MARIA GARCIA ALEGRE","TOMAS FERNANDEZ RIOS",1
"5191","EVA MARIA GARCIA ALEGRE","VICTOR GUIDO GONZALEZ COELLO DE PORTUGAL",1
"5192","EVA MARIA GARCIA ALEGRE","YOLANDA MERELO PALOMARES",1
"5193","EVA MARIA POZA MENDEZ","GEMA ISABEL GUTIERREZ TOSCANO",1
"5194","EVA MARIA POZA MENDEZ","JAIME JAVIER DOMINGO MARTINEZ",1
"5195","EVA MARIA POZA MENDEZ","JAVIER CORTES LUCENA",2
"5196","EVA MARIA POZA MENDEZ","JOSE MARIA ORTELLS POLO",1
"5197","EVA MARIA POZA MENDEZ","JUAN JOSE BOSQUET ARIAS",1
"5198","EVA MARIA POZA MENDEZ","JUAN JOSE COCA LOPEZ",1
"5199","EVA MARIA POZA MENDEZ","MACARENA OLONA CHOCLAN",1
"5200","EVA MARIA POZA MENDEZ","MANUEL GAVIRA FLORENTINO",2
"5201","EVA MARIA POZA MENDEZ","MARIA CRISTINA PELAEZ IZQUIERDO",1
"5202","EVA MARIA POZA MENDEZ","MARIA GORETTI EIBERLE SANCHEZ DE TOCA",1
"5203","EVA MARIA POZA MENDEZ","MARIA JOSE RODRIGUEZ DE MILLAN PARRO",1
"5204","EVA MARIA POZA MENDEZ","MARIA MAGDALENA PUENTEDURA PEREZ",1
"5205","EVA MARIA POZA MENDEZ","MARIA MERCEDES RODRIGUEZ TAMAYO",1
"5206","EVA MARIA POZA MENDEZ","NOELIA MARIA CAMPOS RODRIGUEZ",1
"5207","EVA MARIA POZA MENDEZ","PAULA DE LOS ANGELES BADANELLI BERRIOZABAL",1
"5208","EVA MARIA POZA MENDEZ","PURIFICACION FERNANDEZ MORALES",1
"5209","EVA MARIA POZA MENDEZ","RAFAEL SEGOVIA BROME",2
"5210","EVA MARIA POZA MENDEZ","RICARDO LOPEZ OLEA",2
"5211","EVA MARIA POZA MENDEZ","ROCIO MARIN ORTEGA",1
"5212","EVA MARIA POZA MENDEZ","RODRIGO JAVIER ALONSO FERNANDEZ",2
"5213","EVA MARIA TORRES PULIDO","JAVIER VALENTIN ALONSO CORONEL",1
"5214","EVA MARIA TORRES PULIDO","JULIO JOSE CALVO IGLESIAS",1
"5215","EVA MARIA TORRES PULIDO","LUIS FRANCISCO BIENDICHO GRACIA",1
"5216","EVA MARIA TORRES PULIDO","MARIA CARMEN ROUCO LALIENA",1
"5217","EVA MARIA TORRES PULIDO","MARTA FERNANDEZ MARTIN",1
"5218","EVA MARIA TORRES PULIDO","SANTIAGO MORON SANJUAN",1
"5219","EVA MARIA TORRES PULIDO","SERGIO MARCO JIMENEZ",1
"5220","EVARISTO TELLEZ ROLDAN","JUAN CARLOS SANCHEZ ORDONEZ",1
"5221","FELIPE MORENO MORERA","FRANCISCO JAVIER ORTEGA SMITHMOLINA",1
"5222","FELIPE MORENO MORERA","FRANCISCO JOSE ALCARAZ MARTOS",1
"5223","FELIPE MORENO MORERA","FRANCISCO JOSE CONTRERAS PELAEZ",1
"5224","FELIPE MORENO MORERA","GEORGINA TRIAS GIL",1
"5225","FELIPE MORENO MORERA","IGNACIO GIL LAZARO",1
"5226","FELIPE MORENO MORERA","IGNACIO HOCES INIGUEZ",1
"5227","FELIPE MORENO MORERA","INIGO HENRIQUEZ DE LUNA LOSADA",1
"5228","FELIPE MORENO MORERA","ISABEL PEREZ MONINOARANDA",1
"5229","FELIPE MORENO MORERA","ISMAEL IVAN VELEZ CIPRIANO",1
"5230","FELIPE MORENO MORERA","IVAN ESPINOSA DE LOS MONTEROS DE SIMON",1
"5231","FELIPE MORENO MORERA","JACOBO GONZALEZROBATTO PEROTE",1
"5232","FELIPE MORENO MORERA","JOAQUIN ROBLES LOPEZ",1
"5233","FELIPE MORENO MORERA","JORGE ARTURO CUTILLAS CORDON",1
"5234","FELIPE MORENO MORERA","JORGE CAMPOS ASENSI",1
"5235","FELIPE MORENO MORERA","JOSE ANTONIO FUSTER LAMELAS",1
"5236","FELIPE MORENO MORERA","JOSE FRANCISCO GARRE IZQUIERDO",1
"5237","FELIPE MORENO MORERA","JOSE IGNACIO ARIAS MORENO",1
"5238","FELIPE MORENO MORERA","JOSE LUIS RUIZ BARTOLOME",1
"5239","FELIPE MORENO MORERA","JOSE MARIA FIGAREDO ALVAREZSALA",1
"5240","FELIPE MORENO MORERA","JOSE MARIA SANCHEZ GARCIA",1
"5241","FELIPE MORENO MORERA","JOSE RAMIREZ DEL RIO",1
"5242","FELIPE MORENO MORERA","JUAN JOSE AIZCORBE TORRA",1
"5243","FELIPE MORENO MORERA","LOURDES MENDEZ MONASTERIO",1
"5244","FELIPE MORENO MORERA","MANUEL MARISCAL ZABALA",1
"5245","FELIPE MORENO MORERA","MARIA BELEN GONZALEZ MORENO",1
"5246","FELIPE MORENO MORERA","MARIA DE LA CABEZA RUIZ SOLAS",1
"5247","FELIPE MORENO MORERA","MARIA DE LOS REYES ROMERO VILCHES",1
"5248","FELIPE MORENO MORERA","MARIA JOSE RODRIGUEZ DE MILLAN PARRO",1
"5249","FELIPE MORENO MORERA","MARIA MAGDALENA NEVADO DEL CAMPO",1
"5250","FELIPE MORENO MORERA","MARIA TERESA LOPEZ ALVAREZ",1
"5251","FELIPE MORENO MORERA","PABLO JUAN CALVO LISTE",1
"5252","FELIPE MORENO MORERA","PABLO SAEZ ALONSOMUNUMER",1
"5253","FELIPE MORENO MORERA","PATRICIA RUEDA PERELLO",1
"5254","FELIPE MORENO MORERA","PEDRO FERNANDEZ HERNANDEZ",1
"5255","FELIPE MORENO MORERA","PEDRO JESUS REQUEJO NOVOA",1
"5256","FELIPE MORENO MORERA","RICARDO CHAMORRO DELMO",1
"5257","FELIPE MORENO MORERA","ROCIO DE MEER MENDEZ",1
"5258","FELIPE MORENO MORERA","ROCIO MONASTERIO SAN MARTIN",1
"5259","FELIPE MORENO MORERA","RODRIGO JIMENEZ REVUELTA",1
"5260","FELIPE MORENO MORERA","SANTIAGO ABASCAL CONDE",1
"5261","FELIPE MORENO MORERA","SERGIO MACIAN DE GREEF",1
"5262","FELIPE MORENO MORERA","TOMAS FERNANDEZ RIOS",1
"5263","FELIPE MORENO MORERA","VICTOR GUIDO GONZALEZ COELLO DE PORTUGAL",1
"5264","FELIPE MORENO MORERA","YOLANDA MERELO PALOMARES",1
"5265","FERNANDO ALONSO REAL","NURIA LATORRE SANDONIS",1
"5266","FERNANDO HERNANDEZ VELASCO","INIGO HENRIQUEZ DE LUNA LOSADA",1
"5267","FERNANDO HERNANDEZ VELASCO","ISABEL PEREZ MONINOARANDA",1
"5268","FERNANDO HERNANDEZ VELASCO","JORGE ARTURO CUTILLAS CORDON",1
"5269","FERNANDO HERNANDEZ VELASCO","JOSE ANTONIO FUSTER LAMELAS",1
"5270","FERNANDO HERNANDEZ VELASCO","JOSE IGNACIO ARIAS MORENO",1
"5271","FERNANDO HERNANDEZ VELASCO","JOSE LUIS RUIZ BARTOLOME",1
"5272","FERNANDO HERNANDEZ VELASCO","MARIA BELEN GONZALEZ MORENO",1
"5273","FERNANDO HERNANDEZ VELASCO","ROCIO MONASTERIO SAN MARTIN",1
"5274","FERNANDO LAVINA SALVADOR","JOSE MANUEL PINEIRO PEREZ",1
"5275","FERNANDO LAVINA SALVADOR","MARIA DE LA CABEZA RUIZ SOLAS",2
"5276","FERNANDO LAVINA SALVADOR","MARIA DEL PILAR BAOS REVILLA",2
"5277","FERNANDO MARTINEZ ACITORES PUIG","MARTA ALEGRIA MARTINEZ",1
"5278","FERNANDO MARTINEZ VIDAL","FRANCISCO JAVIER ORTEGA SMITHMOLINA",1
"5279","FERNANDO MARTINEZ VIDAL","SANTIAGO ABASCAL CONDE",1
"5280","FERNANDO MONTENEGRO ALVAREZ DE TEJERA","MIGUEL GUADALFAJARA ROZAS",1
"5281","FLORENCIO AGUSTIN TOLDOS FERNANDEZ","FRANCISCO JAVIER ORTEGA SMITHMOLINA",1
"5282","FLORENCIO AGUSTIN TOLDOS FERNANDEZ","FRANCISCO JOSE ALCARAZ MARTOS",1
"5283","FLORENCIO AGUSTIN TOLDOS FERNANDEZ","FRANCISCO JOSE CONTRERAS PELAEZ",1
"5284","FLORENCIO AGUSTIN TOLDOS FERNANDEZ","GEORGINA TRIAS GIL",1
"5285","FLORENCIO AGUSTIN TOLDOS FERNANDEZ","IGNACIO GIL LAZARO",1
"5286","FLORENCIO AGUSTIN TOLDOS FERNANDEZ","IGNACIO HOCES INIGUEZ",1
"5287","FLORENCIO AGUSTIN TOLDOS FERNANDEZ","ISMAEL IVAN VELEZ CIPRIANO",1
"5288","FLORENCIO AGUSTIN TOLDOS FERNANDEZ","IVAN ESPINOSA DE LOS MONTEROS DE SIMON",1
"5289","FLORENCIO AGUSTIN TOLDOS FERNANDEZ","JACOBO GONZALEZROBATTO PEROTE",1
"5290","FLORENCIO AGUSTIN TOLDOS FERNANDEZ","JOAQUIN ROBLES LOPEZ",1
"5291","FLORENCIO AGUSTIN TOLDOS FERNANDEZ","JORGE CAMPOS ASENSI",1
"5292","FLORENCIO AGUSTIN TOLDOS FERNANDEZ","JOSE FRANCISCO GARRE IZQUIERDO",1
"5293","FLORENCIO AGUSTIN TOLDOS FERNANDEZ","JOSE MARIA FIGAREDO ALVAREZSALA",1
"5294","FLORENCIO AGUSTIN TOLDOS FERNANDEZ","JOSE MARIA SANCHEZ GARCIA",1
"5295","FLORENCIO AGUSTIN TOLDOS FERNANDEZ","JOSE RAMIREZ DEL RIO",1
"5296","FLORENCIO AGUSTIN TOLDOS FERNANDEZ","JUAN JOSE AIZCORBE TORRA",1
"5297","FLORENCIO AGUSTIN TOLDOS FERNANDEZ","LOURDES MENDEZ MONASTERIO",1
"5298","FLORENCIO AGUSTIN TOLDOS FERNANDEZ","MANUEL MARISCAL ZABALA",1
"5299","FLORENCIO AGUSTIN TOLDOS FERNANDEZ","MARIA DE LA CABEZA RUIZ SOLAS",1
"5300","FLORENCIO AGUSTIN TOLDOS FERNANDEZ","MARIA DE LOS REYES ROMERO VILCHES",1
"5301","FLORENCIO AGUSTIN TOLDOS FERNANDEZ","MARIA JOSE RODRIGUEZ DE MILLAN PARRO",1
"5302","FLORENCIO AGUSTIN TOLDOS FERNANDEZ","MARIA MAGDALENA NEVADO DEL CAMPO",1
"5303","FLORENCIO AGUSTIN TOLDOS FERNANDEZ","MARIA TERESA LOPEZ ALVAREZ",1
"5304","FLORENCIO AGUSTIN TOLDOS FERNANDEZ","NATALIA SANCHEZFLOR DIAZ MADRONERO",1
"5305","FLORENCIO AGUSTIN TOLDOS FERNANDEZ","PABLO JUAN CALVO LISTE",1
"5306","FLORENCIO AGUSTIN TOLDOS FERNANDEZ","PABLO SAEZ ALONSOMUNUMER",1
"5307","FLORENCIO AGUSTIN TOLDOS FERNANDEZ","PATRICIA RUEDA PERELLO",1
"5308","FLORENCIO AGUSTIN TOLDOS FERNANDEZ","PEDRO FERNANDEZ HERNANDEZ",1
"5309","FLORENCIO AGUSTIN TOLDOS FERNANDEZ","PEDRO JESUS REQUEJO NOVOA",1
"5310","FLORENCIO AGUSTIN TOLDOS FERNANDEZ","RICARDO CHAMORRO DELMO",1
"5311","FLORENCIO AGUSTIN TOLDOS FERNANDEZ","ROCIO DE MEER MENDEZ",1
"5312","FLORENCIO AGUSTIN TOLDOS FERNANDEZ","RODRIGO JIMENEZ REVUELTA",1
"5313","FLORENCIO AGUSTIN TOLDOS FERNANDEZ","SANTIAGO ABASCAL CONDE",1
"5314","FLORENCIO AGUSTIN TOLDOS FERNANDEZ","SERGIO MACIAN DE GREEF",1
"5315","FLORENCIO AGUSTIN TOLDOS FERNANDEZ","TOMAS FERNANDEZ RIOS",1
"5316","FLORENCIO AGUSTIN TOLDOS FERNANDEZ","VICTOR GUIDO GONZALEZ COELLO DE PORTUGAL",1
"5317","FLORENCIO AGUSTIN TOLDOS FERNANDEZ","YOLANDA MERELO PALOMARES",1
"5318","FRANCISCA BLASCO MARTIN","MAURICIO MARTIN ARREZA",1
"5319","FRANCISCA VICENTE CREMADES","FRANCISCO JAVIER ORTEGA SMITHMOLINA",1
"5320","FRANCISCA VICENTE CREMADES","FRANCISCO JOSE ALCARAZ MARTOS",1
"5321","FRANCISCA VICENTE CREMADES","FRANCISCO JOSE CONTRERAS PELAEZ",1
"5322","FRANCISCA VICENTE CREMADES","GEORGINA TRIAS GIL",1
"5323","FRANCISCA VICENTE CREMADES","IGNACIO GIL LAZARO",1
"5324","FRANCISCA VICENTE CREMADES","IGNACIO HOCES INIGUEZ",1
"5325","FRANCISCA VICENTE CREMADES","ISMAEL IVAN VELEZ CIPRIANO",1
"5326","FRANCISCA VICENTE CREMADES","IVAN ESPINOSA DE LOS MONTEROS DE SIMON",1
"5327","FRANCISCA VICENTE CREMADES","JACOBO GONZALEZROBATTO PEROTE",1
"5328","FRANCISCA VICENTE CREMADES","JOAQUIN ROBLES LOPEZ",1
"5329","FRANCISCA VICENTE CREMADES","JORGE CAMPOS ASENSI",1
"5330","FRANCISCA VICENTE CREMADES","JOSE FRANCISCO GARRE IZQUIERDO",1
"5331","FRANCISCA VICENTE CREMADES","JOSE LUIS AGUIRRE LARRAURI",1
"5332","FRANCISCA VICENTE CREMADES","JOSE MARIA FIGAREDO ALVAREZSALA",1
"5333","FRANCISCA VICENTE CREMADES","JOSE MARIA LLANOS PITARCH",1
"5334","FRANCISCA VICENTE CREMADES","JOSE MARIA SANCHEZ GARCIA",1
"5335","FRANCISCA VICENTE CREMADES","JOSE RAMIREZ DEL RIO",1
"5336","FRANCISCA VICENTE CREMADES","JUAN JOSE AIZCORBE TORRA",1
"5337","FRANCISCA VICENTE CREMADES","JULIA MARIA LLOPIS NOHEDA",1
"5338","FRANCISCA VICENTE CREMADES","LOURDES MENDEZ MONASTERIO",1
"5339","FRANCISCA VICENTE CREMADES","MANUEL MARISCAL ZABALA",1
"5340","FRANCISCA VICENTE CREMADES","MARIA DE LA CABEZA RUIZ SOLAS",1
"5341","FRANCISCA VICENTE CREMADES","MARIA DE LOS ANGELES CRIADO GONZALBEZ",1
"5342","FRANCISCA VICENTE CREMADES","MARIA DE LOS LLANOS MASSO LINARES",1
"5343","FRANCISCA VICENTE CREMADES","MARIA DE LOS REYES ROMERO VILCHES",1
"5344","FRANCISCA VICENTE CREMADES","MARIA JOSE RODRIGUEZ DE MILLAN PARRO",1
"5345","FRANCISCA VICENTE CREMADES","MARIA MAGDALENA NEVADO DEL CAMPO",1
"5346","FRANCISCA VICENTE CREMADES","MARIA TERESA LOPEZ ALVAREZ",1
"5347","FRANCISCA VICENTE CREMADES","MIGUEL PASCUAL PEREZ",1
"5348","FRANCISCA VICENTE CREMADES","PABLO JUAN CALVO LISTE",1
"5349","FRANCISCA VICENTE CREMADES","PABLO SAEZ ALONSOMUNUMER",1
"5350","FRANCISCA VICENTE CREMADES","PATRICIA RUEDA PERELLO",1
"5351","FRANCISCA VICENTE CREMADES","PEDRO FERNANDEZ HERNANDEZ",1
"5352","FRANCISCA VICENTE CREMADES","PEDRO JESUS REQUEJO NOVOA",1
"5353","FRANCISCA VICENTE CREMADES","RICARDO CHAMORRO DELMO",1
"5354","FRANCISCA VICENTE CREMADES","ROCIO DE MEER MENDEZ",1
"5355","FRANCISCA VICENTE CREMADES","RODRIGO JIMENEZ REVUELTA",1
"5356","FRANCISCA VICENTE CREMADES","SANTIAGO ABASCAL CONDE",1
"5357","FRANCISCA VICENTE CREMADES","SERGIO MACIAN DE GREEF",1
"5358","FRANCISCA VICENTE CREMADES","TOMAS FERNANDEZ RIOS",1
"5359","FRANCISCA VICENTE CREMADES","VICTOR GUIDO GONZALEZ COELLO DE PORTUGAL",1
"5360","FRANCISCA VICENTE CREMADES","YOLANDA MERELO PALOMARES",1
"5361","FRANCISCO ALBERTO CALLEJA RIVADENEYRA","MIGUEL ANGEL GOMEZ ELVIRA GONZALEZ",1
"5362","FRANCISCO ALCARAZ NAVARRO","JOSE GARCIA ROMERO",1
"5363","FRANCISCO CUSTODIO RODRIGUEZ","FRANCISCO JAVIER ORTEGA SMITHMOLINA",1
"5364","FRANCISCO CUSTODIO RODRIGUEZ","IGNACIO GARRIGA VAZ DE CONCICAO",1
"5365","FRANCISCO CUSTODIO RODRIGUEZ","IGNACIO GIL LAZARO",1
"5366","FRANCISCO CUSTODIO RODRIGUEZ","IVAN ESPINOSA DE LOS MONTEROS DE SIMON",1
"5367","FRANCISCO CUSTODIO RODRIGUEZ","JOAQUIN ROBLES LOPEZ",1
"5368","FRANCISCO CUSTODIO RODRIGUEZ","JOSE MARIA FIGAREDO ALVAREZSALA",1
"5369","FRANCISCO CUSTODIO RODRIGUEZ","JOSE MARIA VAZQUEZ ALVAREZ",1
"5370","FRANCISCO CUSTODIO RODRIGUEZ","JOSE RAMIREZ DEL RIO",1
"5371","FRANCISCO CUSTODIO RODRIGUEZ","LOURDES MENDEZ MONASTERIO",1
"5372","FRANCISCO CUSTODIO RODRIGUEZ","MACARENA OLONA CHOCLAN",1
"5373","FRANCISCO CUSTODIO RODRIGUEZ","MANUEL MARISCAL ZABALA",1
"5374","FRANCISCO CUSTODIO RODRIGUEZ","MANUEL MESTRE BAREA",1
"5375","FRANCISCO CUSTODIO RODRIGUEZ","MARIA DE LA CABEZA RUIZ SOLAS",1
"5376","FRANCISCO CUSTODIO RODRIGUEZ","MARIA DE LOS REYES ROMERO VILCHES",1
"5377","FRANCISCO CUSTODIO RODRIGUEZ","PABLO SAEZ ALONSOMUNUMER",1
"5378","FRANCISCO CUSTODIO RODRIGUEZ","PATRICIA RUEDA PERELLO",1
"5379","FRANCISCO CUSTODIO RODRIGUEZ","PEDRO FERNANDEZ HERNANDEZ",1
"5380","FRANCISCO CUSTODIO RODRIGUEZ","RICARDO CHAMORRO DELMO",1
"5381","FRANCISCO CUSTODIO RODRIGUEZ","ROCIO DE MEER MENDEZ",1
"5382","FRANCISCO CUSTODIO RODRIGUEZ","SANTIAGO ABASCAL CONDE",1
"5383","FRANCISCO CUSTODIO RODRIGUEZ","VICTOR MANUEL SANCHEZ DEL REAL",1
"5384","FRANCISCO DE ASIS DE MORA SERRANO","MARIA ARACELI LAURA SANCHEZ SICILIA",1
"5385","FRANCISCO DE BORJA REVILLA BRIOSO","FRANCISCO JAVIER ORTEGA SMITHMOLINA",1
"5386","FRANCISCO DE BORJA REVILLA BRIOSO","IGNACIO GARRIGA VAZ DE CONCICAO",1
"5387","FRANCISCO DE BORJA REVILLA BRIOSO","IGNACIO GIL LAZARO",1
"5388","FRANCISCO DE BORJA REVILLA BRIOSO","IVAN ESPINOSA DE LOS MONTEROS DE SIMON",1
"5389","FRANCISCO DE BORJA REVILLA BRIOSO","JOAQUIN ROBLES LOPEZ",1
"5390","FRANCISCO DE BORJA REVILLA BRIOSO","JOSE LUIS AGUIRRE LARRAURI",1
"5391","FRANCISCO DE BORJA REVILLA BRIOSO","JOSE MARIA FIGAREDO ALVAREZSALA",1
"5392","FRANCISCO DE BORJA REVILLA BRIOSO","JOSE MARIA LLANOS PITARCH",1
"5393","FRANCISCO DE BORJA REVILLA BRIOSO","JOSE MARIA VAZQUEZ ALVAREZ",1
"5394","FRANCISCO DE BORJA REVILLA BRIOSO","JOSE RAMIREZ DEL RIO",1
"5395","FRANCISCO DE BORJA REVILLA BRIOSO","JULIA MARIA LLOPIS NOHEDA",1
"5396","FRANCISCO DE BORJA REVILLA BRIOSO","LOURDES MENDEZ MONASTERIO",1
"5397","FRANCISCO DE BORJA REVILLA BRIOSO","MACARENA OLONA CHOCLAN",1
"5398","FRANCISCO DE BORJA REVILLA BRIOSO","MANUEL MARISCAL ZABALA",1
"5399","FRANCISCO DE BORJA REVILLA BRIOSO","MANUEL MESTRE BAREA",1
"5400","FRANCISCO DE BORJA REVILLA BRIOSO","MARIA DE LA CABEZA RUIZ SOLAS",1
"5401","FRANCISCO DE BORJA REVILLA BRIOSO","MARIA DE LOS ANGELES CRIADO GONZALBEZ",1
"5402","FRANCISCO DE BORJA REVILLA BRIOSO","MARIA DE LOS LLANOS MASSO LINARES",1
"5403","FRANCISCO DE BORJA REVILLA BRIOSO","MARIA DE LOS REYES ROMERO VILCHES",1
"5404","FRANCISCO DE BORJA REVILLA BRIOSO","MIGUEL PASCUAL PEREZ",1
"5405","FRANCISCO DE BORJA REVILLA BRIOSO","PABLO SAEZ ALONSOMUNUMER",1
"5406","FRANCISCO DE BORJA REVILLA BRIOSO","PATRICIA RUEDA PERELLO",1
"5407","FRANCISCO DE BORJA REVILLA BRIOSO","PEDRO FERNANDEZ HERNANDEZ",1
"5408","FRANCISCO DE BORJA REVILLA BRIOSO","RICARDO CHAMORRO DELMO",1
"5409","FRANCISCO DE BORJA REVILLA BRIOSO","ROCIO DE MEER MENDEZ",1
"5410","FRANCISCO DE BORJA REVILLA BRIOSO","SANTIAGO ABASCAL CONDE",1
"5411","FRANCISCO DE BORJA REVILLA BRIOSO","VICTOR MANUEL SANCHEZ DEL REAL",1
"5412","FRANCISCO DE PAULA SERRANO CABALLERO","FRANCISCO JAVIER ORTEGA SMITHMOLINA",1
"5413","FRANCISCO DE PAULA SERRANO CABALLERO","FRANCISCO JOSE ALCARAZ MARTOS",1
"5414","FRANCISCO DE PAULA SERRANO CABALLERO","FRANCISCO JOSE CONTRERAS PELAEZ",1
"5415","FRANCISCO DE PAULA SERRANO CABALLERO","GEORGINA TRIAS GIL",1
"5416","FRANCISCO DE PAULA SERRANO CABALLERO","IGNACIO GIL LAZARO",1
"5417","FRANCISCO DE PAULA SERRANO CABALLERO","IGNACIO HOCES INIGUEZ",1
"5418","FRANCISCO DE PAULA SERRANO CABALLERO","INIGO HENRIQUEZ DE LUNA LOSADA",3
"5419","FRANCISCO DE PAULA SERRANO CABALLERO","ISABEL PEREZ MONINOARANDA",1
"5420","FRANCISCO DE PAULA SERRANO CABALLERO","ISMAEL IVAN VELEZ CIPRIANO",1
"5421","FRANCISCO DE PAULA SERRANO CABALLERO","IVAN ESPINOSA DE LOS MONTEROS DE SIMON",1
"5422","FRANCISCO DE PAULA SERRANO CABALLERO","JACOBO GONZALEZROBATTO PEROTE",1
"5423","FRANCISCO DE PAULA SERRANO CABALLERO","JAVIER PEREZ GALLARDO",1
"5424","FRANCISCO DE PAULA SERRANO CABALLERO","JOAQUIN ROBLES LOPEZ",1
"5425","FRANCISCO DE PAULA SERRANO CABALLERO","JORGE ARTURO CUTILLAS CORDON",3
"5426","FRANCISCO DE PAULA SERRANO CABALLERO","JORGE CAMPOS ASENSI",1
"5427","FRANCISCO DE PAULA SERRANO CABALLERO","JOSE ANTONIO FUSTER LAMELAS",1
"5428","FRANCISCO DE PAULA SERRANO CABALLERO","JOSE FRANCISCO GARRE IZQUIERDO",1
"5429","FRANCISCO DE PAULA SERRANO CABALLERO","JOSE IGNACIO ARIAS MORENO",2
"5430","FRANCISCO DE PAULA SERRANO CABALLERO","JOSE LUIS RUIZ BARTOLOME",2
"5431","FRANCISCO DE PAULA SERRANO CABALLERO","JOSE MARIA FIGAREDO ALVAREZSALA",1
"5432","FRANCISCO DE PAULA SERRANO CABALLERO","JOSE MARIA MARCO TOBARRA",1
"5433","FRANCISCO DE PAULA SERRANO CABALLERO","JOSE MARIA SANCHEZ GARCIA",1
"5434","FRANCISCO DE PAULA SERRANO CABALLERO","JOSE RAMIREZ DEL RIO",1
"5435","FRANCISCO DE PAULA SERRANO CABALLERO","JUAN JOSE AIZCORBE TORRA",1
"5436","FRANCISCO DE PAULA SERRANO CABALLERO","LOURDES MENDEZ MONASTERIO",1
"5437","FRANCISCO DE PAULA SERRANO CABALLERO","MANUEL MARISCAL ZABALA",1
"5438","FRANCISCO DE PAULA SERRANO CABALLERO","MARIA BELEN GONZALEZ MORENO",1
"5439","FRANCISCO DE PAULA SERRANO CABALLERO","MARIA DE LA CABEZA RUIZ SOLAS",1
"5440","FRANCISCO DE PAULA SERRANO CABALLERO","MARIA DE LOS REYES ROMERO VILCHES",1
"5441","FRANCISCO DE PAULA SERRANO CABALLERO","MARIA JOSE RODRIGUEZ DE MILLAN PARRO",1
"5442","FRANCISCO DE PAULA SERRANO CABALLERO","MARIA MAGDALENA NEVADO DEL CAMPO",1
"5443","FRANCISCO DE PAULA SERRANO CABALLERO","MARIA TERESA LOPEZ ALVAREZ",1
"5444","FRANCISCO DE PAULA SERRANO CABALLERO","MARIANO CALABUIG MARTINEZ",2
"5445","FRANCISCO DE PAULA SERRANO CABALLERO","PABLO JUAN CALVO LISTE",1
"5446","FRANCISCO DE PAULA SERRANO CABALLERO","PABLO SAEZ ALONSOMUNUMER",1
"5447","FRANCISCO DE PAULA SERRANO CABALLERO","PATRICIA RUEDA PERELLO",1
"5448","FRANCISCO DE PAULA SERRANO CABALLERO","PEDRO FERNANDEZ HERNANDEZ",1
"5449","FRANCISCO DE PAULA SERRANO CABALLERO","PEDRO JESUS REQUEJO NOVOA",1
"5450","FRANCISCO DE PAULA SERRANO CABALLERO","PEDRO VICENTE MAJOLERO LOPEZ",1
"5451","FRANCISCO DE PAULA SERRANO CABALLERO","RICARDO CHAMORRO DELMO",1
"5452","FRANCISCO DE PAULA SERRANO CABALLERO","ROCIO DE MEER MENDEZ",1
"5453","FRANCISCO DE PAULA SERRANO CABALLERO","ROCIO MONASTERIO SAN MARTIN",3
"5454","FRANCISCO DE PAULA SERRANO CABALLERO","RODRIGO JIMENEZ REVUELTA",1
"5455","FRANCISCO DE PAULA SERRANO CABALLERO","SANTIAGO ABASCAL CONDE",1
"5456","FRANCISCO DE PAULA SERRANO CABALLERO","SERGIO MACIAN DE GREEF",1
"5457","FRANCISCO DE PAULA SERRANO CABALLERO","TOMAS FERNANDEZ RIOS",1
"5458","FRANCISCO DE PAULA SERRANO CABALLERO","VICTOR GUIDO GONZALEZ COELLO DE PORTUGAL",1
"5459","FRANCISCO DE PAULA SERRANO CABALLERO","YOLANDA MERELO PALOMARES",1
"5460","FRANCISCO JAVIER AGUERO POUS","JOSE ROMERO BAENA",1
"5461","FRANCISCO JAVIER AGUERO POUS","JUAN CARLOS VICENTE MARTINEZ",1
"5462","FRANCISCO JAVIER AGUERO POUS","MARIA JOSE FERNANDEZ GARCIA",1
"5463","FRANCISCO JAVIER HERVADA PUERTA","RAUL DIEZ GARCIA",1
"5464","FRANCISCO JAVIER MORENO CASSY","FRANCISCO JOSE CONTRERAS PELAEZ",1
"5465","FRANCISCO JAVIER ORTEGA SMITHMOLINA","FRANCISCO JOSE ALCARAZ MARTOS",2
"5466","FRANCISCO JAVIER ORTEGA SMITHMOLINA","FRANCISCO JOSE CONTRERAS PELAEZ",2
"5467","FRANCISCO JAVIER ORTEGA SMITHMOLINA","FRANCISCO JOSE DIAZ GRANADOS",1
"5468","FRANCISCO JAVIER ORTEGA SMITHMOLINA","FRANCISCO JOSE RUIZ ENRIQUEZ",1
"5469","FRANCISCO JAVIER ORTEGA SMITHMOLINA","FRANCISCO RAUL CORDERO OLMEDO",1
"5470","FRANCISCO JAVIER ORTEGA SMITHMOLINA","FULGENCIO COLL BUCHER",1
"5471","FRANCISCO JAVIER ORTEGA SMITHMOLINA","GEMA ISABEL GUTIERREZ TOSCANO",1
"5472","FRANCISCO JAVIER ORTEGA SMITHMOLINA","GEORGINA TRIAS GIL",2
"5473","FRANCISCO JAVIER ORTEGA SMITHMOLINA","GERARDO ACEITUNO CARRASCO",2
"5474","FRANCISCO JAVIER ORTEGA SMITHMOLINA","IGNACIO GARRIGA VAZ DE CONCICAO",2
"5475","FRANCISCO JAVIER ORTEGA SMITHMOLINA","IGNACIO GIL LAZARO",2
"5476","FRANCISCO JAVIER ORTEGA SMITHMOLINA","IGNACIO HOCES INIGUEZ",1
"5477","FRANCISCO JAVIER ORTEGA SMITHMOLINA","IGNACIO MENENDEZ MEDRANO",1
"5478","FRANCISCO JAVIER ORTEGA SMITHMOLINA","IGNACIO SICILIA DOMENECH",1
"5479","FRANCISCO JAVIER ORTEGA SMITHMOLINA","INES MARIA CANIZARES PACHECO",2
"5480","FRANCISCO JAVIER ORTEGA SMITHMOLINA","IRENE HERRERO RUBERT",1
"5481","FRANCISCO JAVIER ORTEGA SMITHMOLINA","ISABEL LAZARO PINA",1
"5482","FRANCISCO JAVIER ORTEGA SMITHMOLINA","ISMAEL IVAN VELEZ CIPRIANO",2
"5483","FRANCISCO JAVIER ORTEGA SMITHMOLINA","IVAN ESPINOSA DE LOS MONTEROS DE SIMON",2
"5484","FRANCISCO JAVIER ORTEGA SMITHMOLINA","JACOBO GONZALEZROBATTO PEROTE",1
"5485","FRANCISCO JAVIER ORTEGA SMITHMOLINA","JAIME JAVIER DOMINGO MARTINEZ",1
"5486","FRANCISCO JAVIER ORTEGA SMITHMOLINA","JAVIER BRAVO ARROBAS",1
"5487","FRANCISCO JAVIER ORTEGA SMITHMOLINA","JAVIER JOVE SANDOVAL",1
"5488","FRANCISCO JAVIER ORTEGA SMITHMOLINA","JAVIER PEREZ GALLARDO",1
"5489","FRANCISCO JAVIER ORTEGA SMITHMOLINA","JESUS GARCIA ROYO",1
"5490","FRANCISCO JAVIER ORTEGA SMITHMOLINA","JOAQUIN ROBLES LOPEZ",2
"5491","FRANCISCO JAVIER ORTEGA SMITHMOLINA","JORGE ARTURO CUTILLAS CORDON",2
"5492","FRANCISCO JAVIER ORTEGA SMITHMOLINA","JORGE CAMPOS ASENSI",1
"5493","FRANCISCO JAVIER ORTEGA SMITHMOLINA","JORGE MARTIN FRIAS",1
"5494","FRANCISCO JAVIER ORTEGA SMITHMOLINA","JORGE MARTIN TRANCON",1
"5495","FRANCISCO JAVIER ORTEGA SMITHMOLINA","JOSE ANTONIO GOMILA ORTEGA",1
"5496","FRANCISCO JAVIER ORTEGA SMITHMOLINA","JOSE FRANCISCO GARRE IZQUIERDO",1
"5497","FRANCISCO JAVIER ORTEGA SMITHMOLINA","JOSE IGNACIO ARIAS MORENO",1
"5498","FRANCISCO JAVIER ORTEGA SMITHMOLINA","JOSE JOAQUIN BENGOCHEA SECO",1
"5499","FRANCISCO JAVIER ORTEGA SMITHMOLINA","JOSE LUIS FERNANDEZ SANTAMARIA",1
"5500","FRANCISCO JAVIER ORTEGA SMITHMOLINA","JOSE MANUEL MARTIN CAMACHO",1
"5501","FRANCISCO JAVIER ORTEGA SMITHMOLINA","JOSE MARIA ANTON GARCIA",1
"5502","FRANCISCO JAVIER ORTEGA SMITHMOLINA","JOSE MARIA FIGAREDO ALVAREZSALA",2
"5503","FRANCISCO JAVIER ORTEGA SMITHMOLINA","JOSE MARIA SANCHEZ GARCIA",2
"5504","FRANCISCO JAVIER ORTEGA SMITHMOLINA","JOSE MARIA VAZQUEZ ALVAREZ",1
"5505","FRANCISCO JAVIER ORTEGA SMITHMOLINA","JOSE MIGUEL TASENDE SOUTO",1
"5506","FRANCISCO JAVIER ORTEGA SMITHMOLINA","JOSE RAMIREZ DEL RIO",2
"5507","FRANCISCO JAVIER ORTEGA SMITHMOLINA","JOSEFINA BLAZQUEZ SANCHEZ",2
"5508","FRANCISCO JAVIER ORTEGA SMITHMOLINA","JUAN CARLOS VICENTE MARTINEZ",1
"5509","FRANCISCO JAVIER ORTEGA SMITHMOLINA","JUAN FRANCISCO ROJAS FERNANDEZ",1
"5510","FRANCISCO JAVIER ORTEGA SMITHMOLINA","JUAN JOSE AIZCORBE TORRA",2
"5511","FRANCISCO JAVIER ORTEGA SMITHMOLINA","JUAN SERGIO REDONDO PACHECO",1
"5512","FRANCISCO JAVIER ORTEGA SMITHMOLINA","JULIO ROSADO MARTIN",1
"5513","FRANCISCO JAVIER ORTEGA SMITHMOLINA","KATIUSKA DE LOS ANGELES GARCIA RAMIREZ",1
"5514","FRANCISCO JAVIER ORTEGA SMITHMOLINA","LOURDES MENDEZ MONASTERIO",2
"5515","FRANCISCO JAVIER ORTEGA SMITHMOLINA","LUIS GESTOSO DE MIGUEL",2
"5516","FRANCISCO JAVIER ORTEGA SMITHMOLINA","MACARENA OLONA CHOCLAN",1
"5517","FRANCISCO JAVIER ORTEGA SMITHMOLINA","MANUEL GONZALEZ BAZAN",1
"5518","FRANCISCO JAVIER ORTEGA SMITHMOLINA","MANUEL JORGE MARTIN MONTERO",1
"5519","FRANCISCO JAVIER ORTEGA SMITHMOLINA","MANUEL MARISCAL ZABALA",2
"5520","FRANCISCO JAVIER ORTEGA SMITHMOLINA","MANUEL MESTRE BAREA",1
"5521","FRANCISCO JAVIER ORTEGA SMITHMOLINA","MANUELA BOLADO ALCALDE",1
"5522","FRANCISCO JAVIER ORTEGA SMITHMOLINA","MANUELA DEL MAR MARTIN IBANEZ",1
"5523","FRANCISCO JAVIER ORTEGA SMITHMOLINA","MARIA ARANZAZU MARTINEZ RIOLA",1
"5524","FRANCISCO JAVIER ORTEGA SMITHMOLINA","MARIA BEATRIZ CASTILLEJO SEVILLA",1
"5525","FRANCISCO JAVIER ORTEGA SMITHMOLINA","MARIA BELEN MANZANO SAGUAR",1
"5526","FRANCISCO JAVIER ORTEGA SMITHMOLINA","MARIA DE LA CABEZA RUIZ SOLAS",2
"5527","FRANCISCO JAVIER ORTEGA SMITHMOLINA","MARIA DE LA CRUZ LOZANO MARIN",1
"5528","FRANCISCO JAVIER ORTEGA SMITHMOLINA","MARIA DE LOS REYES ROMERO VILCHES",2
"5529","FRANCISCO JAVIER ORTEGA SMITHMOLINA","MARIA DEL PILAR BAOS REVILLA",1
"5530","FRANCISCO JAVIER ORTEGA SMITHMOLINA","MARIA DOLORES GOMEZ MORENO",1
"5531","FRANCISCO JAVIER ORTEGA SMITHMOLINA","MARIA DOLORES MATEO MATEOS",1
"5532","FRANCISCO JAVIER ORTEGA SMITHMOLINA","MARIA ELISA GARCIA FUSTER",1
"5533","FRANCISCO JAVIER ORTEGA SMITHMOLINA","MARIA GEMA ESCOLANO BERNA",1
"5534","FRANCISCO JAVIER ORTEGA SMITHMOLINA","MARIA INES DIAZ CASAS",1
"5535","FRANCISCO JAVIER ORTEGA SMITHMOLINA","MARIA ISABEL DOMINGUEZ POMARES",1
"5536","FRANCISCO JAVIER ORTEGA SMITHMOLINA","MARIA ISABEL PEREZ MARTIN",1
"5537","FRANCISCO JAVIER ORTEGA SMITHMOLINA","MARIA JOSE RODRIGUEZ DE MILLAN PARRO",1
"5538","FRANCISCO JAVIER ORTEGA SMITHMOLINA","MARIA LOPEZ ZAMBRANO",1
"5539","FRANCISCO JAVIER ORTEGA SMITHMOLINA","MARIA LUISA MENENDEZ MARTINEZ",1
"5540","FRANCISCO JAVIER ORTEGA SMITHMOLINA","MARIA MAGDALENA NEVADO DEL CAMPO",2
"5541","FRANCISCO JAVIER ORTEGA SMITHMOLINA","MARIA MAGDALENA PUENTEDURA PEREZ",1
"5542","FRANCISCO JAVIER ORTEGA SMITHMOLINA","MARIA SUSANA JIMENEZ AIBAR",1
"5543","FRANCISCO JAVIER ORTEGA SMITHMOLINA","MARIA TERESA ARNEDO PEREZ",1
"5544","FRANCISCO JAVIER ORTEGA SMITHMOLINA","MARIA TERESA GARCIA DE LA ROSA JIMENEZ",1
"5545","FRANCISCO JAVIER ORTEGA SMITHMOLINA","MARIA TERESA LOPEZ ALVAREZ",2
"5546","FRANCISCO JAVIER ORTEGA SMITHMOLINA","MARIA TERESA LOPEZ DIVASSON",2
"5547","FRANCISCO JAVIER ORTEGA SMITHMOLINA","MARIA VIDAL BENNASAR",1
"5548","FRANCISCO JAVIER ORTEGA SMITHMOLINA","MARIA ZULEMA SAN JOSE SANCHEZ",1
"5549","FRANCISCO JAVIER ORTEGA SMITHMOLINA","MARINA DABAN ALONSO",1
"5550","FRANCISCO JAVIER ORTEGA SMITHMOLINA","MARTA ALEGRIA MARTINEZ",1
"5551","FRANCISCO JAVIER ORTEGA SMITHMOLINA","MARTA GERVASIA GARRIDO MORENO",1
"5552","FRANCISCO JAVIER ORTEGA SMITHMOLINA","MARTA MARTIN CUSTODIO",1
"5553","FRANCISCO JAVIER ORTEGA SMITHMOLINA","MIGUEL ANGEL FERNANDEZ LOPEZ",1
"5554","FRANCISCO JAVIER ORTEGA SMITHMOLINA","MIGUEL ANGEL LOPEZ FERNANDEZ",1
"5555","FRANCISCO JAVIER ORTEGA SMITHMOLINA","MIGUEL MALDONADO CABALLERO",1
"5556","FRANCISCO JAVIER ORTEGA SMITHMOLINA","MIREIA BORRAS PABON",1
"5557","FRANCISCO JAVIER ORTEGA SMITHMOLINA","MONICA LORA CISQUER",2
"5558","FRANCISCO JAVIER ORTEGA SMITHMOLINA","OLIVIA MORENO NAVAS",1
"5559","FRANCISCO JAVIER ORTEGA SMITHMOLINA","OSCAR ARTURO FERNANDEZ CALLE",1
"5560","FRANCISCO JAVIER ORTEGA SMITHMOLINA","PABLO JUAN CALVO LISTE",2
"5561","FRANCISCO JAVIER ORTEGA SMITHMOLINA","PABLO PEREZ GALLARDO",1
"5562","FRANCISCO JAVIER ORTEGA SMITHMOLINA","PABLO SAEZ ALONSOMUNUMER",2
"5563","FRANCISCO JAVIER ORTEGA SMITHMOLINA","PALOMA GOMEZ ENRIQUEZ",1
"5564","FRANCISCO JAVIER ORTEGA SMITHMOLINA","PATRICIA ESCAMEZ MARIN",1
"5565","FRANCISCO JAVIER ORTEGA SMITHMOLINA","PATRICIA RUEDA PERELLO",2
"5566","FRANCISCO JAVIER ORTEGA SMITHMOLINA","PAULA DE LOS ANGELES BADANELLI BERRIOZABAL",1
"5567","FRANCISCO JAVIER ORTEGA SMITHMOLINA","PEDRO FERNANDEZ HERNANDEZ",2
"5568","FRANCISCO JAVIER ORTEGA SMITHMOLINA","PEDRO JESUS REQUEJO NOVOA",2
"5569","FRANCISCO JAVIER ORTEGA SMITHMOLINA","RAFAEL RICARDO GONZALEZ GALLEGO",1
"5570","FRANCISCO JAVIER ORTEGA SMITHMOLINA","RAFAEL SEGOVIA BROME",1
"5571","FRANCISCO JAVIER ORTEGA SMITHMOLINA","RICARDO BELDA VALIENTE",1
"5572","FRANCISCO JAVIER ORTEGA SMITHMOLINA","RICARDO CHAMORRO DELMO",2
"5573","FRANCISCO JAVIER ORTEGA SMITHMOLINA","ROCIO DE MEER MENDEZ",2
"5574","FRANCISCO JAVIER ORTEGA SMITHMOLINA","RODRIGO JIMENEZ REVUELTA",2
"5575","FRANCISCO JAVIER ORTEGA SMITHMOLINA","RUBEN SILVANO MANSO OLIVAR",1
"5576","FRANCISCO JAVIER ORTEGA SMITHMOLINA","SALOME NIETO TARRAGA",1
"5577","FRANCISCO JAVIER ORTEGA SMITHMOLINA","SANTIAGO ABASCAL CONDE",3
"5578","FRANCISCO JAVIER ORTEGA SMITHMOLINA","SERGI FABRI LLAVERO",1
"5579","FRANCISCO JAVIER ORTEGA SMITHMOLINA","SERGIO CHAGARTEGUI SANCHEZ",1
"5580","FRANCISCO JAVIER ORTEGA SMITHMOLINA","SERGIO MACIAN DE GREEF",2
"5581","FRANCISCO JAVIER ORTEGA SMITHMOLINA","SILVIA CLARA ENRIQUEZ GALLEGO",1
"5582","FRANCISCO JAVIER ORTEGA SMITHMOLINA","SOLEDAD PEREZ RUBIO",1
"5583","FRANCISCO JAVIER ORTEGA SMITHMOLINA","SONIA LUISA LALANDA SANMIGUEL",1
"5584","FRANCISCO JAVIER ORTEGA SMITHMOLINA","SONSOLES PALACIOS MORENO",1
"5585","FRANCISCO JAVIER ORTEGA SMITHMOLINA","TEODORO RAMON POZO MUNIZ",1
"5586","FRANCISCO JAVIER ORTEGA SMITHMOLINA","TOMAS FERNANDEZ RIOS",2
"5587","FRANCISCO JAVIER ORTEGA SMITHMOLINA","VALENTIN LOPEZ LOPEZ",1
"5588","FRANCISCO JAVIER ORTEGA SMITHMOLINA","VICTOR GUIDO GONZALEZ COELLO DE PORTUGAL",2
"5589","FRANCISCO JAVIER ORTEGA SMITHMOLINA","VICTOR MANUEL ACOSTA HERNANDEZ",1
"5590","FRANCISCO JAVIER ORTEGA SMITHMOLINA","VICTOR MANUEL SANCHEZ DEL REAL",1
"5591","FRANCISCO JAVIER ORTEGA SMITHMOLINA","VIRGINIA HUERTAS PECHUAN",1
"5592","FRANCISCO JAVIER ORTEGA SMITHMOLINA","YOLANDA MERELO PALOMARES",1
"5593","FRANCISCO JAVIER ROMERA HERRERO","OSCAR FELIPE DE TORRES NEIRA",1
"5594","FRANCISCO JAVIER TOQUERO DEL VADO","FRANCISCO JOSE ALCARAZ MARTOS",1
"5595","FRANCISCO JAVIER TOQUERO DEL VADO","IGNACIO GARRIGA VAZ DE CONCICAO",1
"5596","FRANCISCO JAVIER TOQUERO DEL VADO","IGNACIO GIL LAZARO",1
"5597","FRANCISCO JAVIER TOQUERO DEL VADO","ISMAEL IVAN VELEZ CIPRIANO",1
"5598","FRANCISCO JAVIER TOQUERO DEL VADO","IVAN ESPINOSA DE LOS MONTEROS DE SIMON",1
"5599","FRANCISCO JAVIER TOQUERO DEL VADO","JAIME GONZALEZ CANOMANUEL",1
"5600","FRANCISCO JAVIER TOQUERO DEL VADO","JAVIER ORTEGA SMITHMOLINA",1
"5601","FRANCISCO JAVIER TOQUERO DEL VADO","JOAQUIN ROBLES LOPEZ",1
"5602","FRANCISCO JAVIER TOQUERO DEL VADO","JOSE MARIA ANTON GARCIA",1
"5603","FRANCISCO JAVIER TOQUERO DEL VADO","JOSE MARIA SANCHEZ GARCIA",1
"5604","FRANCISCO JAVIER TOQUERO DEL VADO","JUAN JOSE AIZCORBE TORRA",1
"5605","FRANCISCO JAVIER TOQUERO DEL VADO","LOURDES MENDEZ MONASTERIO",1
"5606","FRANCISCO JAVIER TOQUERO DEL VADO","MACARENA OLONA CHOCLAN",1
"5607","FRANCISCO JAVIER TOQUERO DEL VADO","MAGDALENA MARGARITA CONTESTI ROSSELLO",1
"5608","FRANCISCO JAVIER TOQUERO DEL VADO","MANUEL GONZALEZ BAZAN",1
"5609","FRANCISCO JAVIER TOQUERO DEL VADO","MANUEL MARISCAL ZABALA",1
"5610","FRANCISCO JAVIER TOQUERO DEL VADO","MANUEL MESTRE BAREA",1
"5611","FRANCISCO JAVIER TOQUERO DEL VADO","MANUEL RAFAEL RODRIGUEZ VALERO",1
"5612","FRANCISCO JAVIER TOQUERO DEL VADO","MARIA DE LA CABEZA RUIZ SOLAS",1
"5613","FRANCISCO JAVIER TOQUERO DEL VADO","MARIA DE LOS REYES ROMERO VILCHES",1
"5614","FRANCISCO JAVIER TOQUERO DEL VADO","MARTA ALVAREZ BARRIO",1
"5615","FRANCISCO JAVIER TOQUERO DEL VADO","MIGUEL ANGEL FERNANDEZ LOPEZ",1
"5616","FRANCISCO JAVIER TOQUERO DEL VADO","PABLO SAEZ ALONSOMUNUMER",1
"5617","FRANCISCO JAVIER TOQUERO DEL VADO","PATRICIA DE LAS HERAS FERNANDEZ",1
"5618","FRANCISCO JAVIER TOQUERO DEL VADO","PATRICIA RUEDA PERELLO",1
"5619","FRANCISCO JAVIER TOQUERO DEL VADO","PEDRO FERNANDEZ HERNANDEZ",1
"5620","FRANCISCO JAVIER TOQUERO DEL VADO","RICARDO CHAMORRO DELMO",1
"5621","FRANCISCO JAVIER TOQUERO DEL VADO","ROCIO DE MEER MENDEZ",1
"5622","FRANCISCO JAVIER TOQUERO DEL VADO","RUBEN SILVANO MANSO OLIVAR",1
"5623","FRANCISCO JAVIER TOQUERO DEL VADO","SANTIAGO ABASCAL CONDE",1
"5624","FRANCISCO JAVIER TOQUERO DEL VADO","SERAFIN SERRANO MARIN",1
"5625","FRANCISCO JAVIER TOQUERO DEL VADO","SONIA LUISA LALANDA SANMIGUEL",1
"5626","FRANCISCO JAVIER TOQUERO DEL VADO","VICTOR GUIDO GONZALEZ COELLO DE PORTUGAL",1
"5627","FRANCISCO JOSE ALCARAZ MARTOS","FRANCISCO JOSE CONTRERAS PELAEZ",1
"5628","FRANCISCO JOSE ALCARAZ MARTOS","FRANCISCO JOSE RUIZ ENRIQUEZ",1
"5629","FRANCISCO JOSE ALCARAZ MARTOS","FRANCISCO RAUL CORDERO OLMEDO",1
"5630","FRANCISCO JOSE ALCARAZ MARTOS","FULGENCIO COLL BUCHER",1
"5631","FRANCISCO JOSE ALCARAZ MARTOS","GEORGINA TRIAS GIL",2
"5632","FRANCISCO JOSE ALCARAZ MARTOS","GERARDO ACEITUNO CARRASCO",2
"5633","FRANCISCO JOSE ALCARAZ MARTOS","IGNACIO GARRIGA VAZ DE CONCICAO",3
"5634","FRANCISCO JOSE ALCARAZ MARTOS","IGNACIO GIL LAZARO",3
"5635","FRANCISCO JOSE ALCARAZ MARTOS","IGNACIO HOCES INIGUEZ",1
"5636","FRANCISCO JOSE ALCARAZ MARTOS","IGNACIO MENENDEZ MEDRANO",1
"5637","FRANCISCO JOSE ALCARAZ MARTOS","INES MARIA CANIZARES PACHECO",1
"5638","FRANCISCO JOSE ALCARAZ MARTOS","IRENE HERRERO RUBERT",1
"5639","FRANCISCO JOSE ALCARAZ MARTOS","ISABEL LAZARO PINA",1
"5640","FRANCISCO JOSE ALCARAZ MARTOS","ISMAEL IVAN VELEZ CIPRIANO",2
"5641","FRANCISCO JOSE ALCARAZ MARTOS","IVAN ESPINOSA DE LOS MONTEROS DE SIMON",3
"5642","FRANCISCO JOSE ALCARAZ MARTOS","JACOBO GONZALEZROBATTO PEROTE",1
"5643","FRANCISCO JOSE ALCARAZ MARTOS","JAIME GONZALEZ CANOMANUEL",1
"5644","FRANCISCO JOSE ALCARAZ MARTOS","JAIME JAVIER DOMINGO MARTINEZ",1
"5645","FRANCISCO JOSE ALCARAZ MARTOS","JAVIER BRAVO ARROBAS",1
"5646","FRANCISCO JOSE ALCARAZ MARTOS","JAVIER JOVE SANDOVAL",1
"5647","FRANCISCO JOSE ALCARAZ MARTOS","JAVIER ORTEGA SMITHMOLINA",1
"5648","FRANCISCO JOSE ALCARAZ MARTOS","JAVIER PEREZ GALLARDO",1
"5649","FRANCISCO JOSE ALCARAZ MARTOS","JOAQUIN ROBLES LOPEZ",3
"5650","FRANCISCO JOSE ALCARAZ MARTOS","JORGE ARTURO CUTILLAS CORDON",2
"5651","FRANCISCO JOSE ALCARAZ MARTOS","JORGE CAMPOS ASENSI",1
"5652","FRANCISCO JOSE ALCARAZ MARTOS","JORGE MARTIN FRIAS",1
"5653","FRANCISCO JOSE ALCARAZ MARTOS","JORGE MARTIN TRANCON",1
"5654","FRANCISCO JOSE ALCARAZ MARTOS","JOSE ANTONIO GOMILA ORTEGA",1
"5655","FRANCISCO JOSE ALCARAZ MARTOS","JOSE FRANCISCO GARRE IZQUIERDO",1
"5656","FRANCISCO JOSE ALCARAZ MARTOS","JOSE IGNACIO ARIAS MORENO",2
"5657","FRANCISCO JOSE ALCARAZ MARTOS","JOSE JOAQUIN BENGOCHEA SECO",1
"5658","FRANCISCO JOSE ALCARAZ MARTOS","JOSE MANUEL MARTIN CAMACHO",1
"5659","FRANCISCO JOSE ALCARAZ MARTOS","JOSE MARCELO AMARILLA PEREZ",1
"5660","FRANCISCO JOSE ALCARAZ MARTOS","JOSE MARIA ANTON GARCIA",1
"5661","FRANCISCO JOSE ALCARAZ MARTOS","JOSE MARIA FIGAREDO ALVAREZSALA",3
"5662","FRANCISCO JOSE ALCARAZ MARTOS","JOSE MARIA MARCO TOBARRA",1
"5663","FRANCISCO JOSE ALCARAZ MARTOS","JOSE MARIA SANCHEZ GARCIA",2
"5664","FRANCISCO JOSE ALCARAZ MARTOS","JOSE MARIA VAZQUEZ ALVAREZ",1
"5665","FRANCISCO JOSE ALCARAZ MARTOS","JOSE MIGUEL TASENDE SOUTO",2
"5666","FRANCISCO JOSE ALCARAZ MARTOS","JOSE RAMIREZ DEL RIO",3
"5667","FRANCISCO JOSE ALCARAZ MARTOS","JOSEFINA BLAZQUEZ SANCHEZ",2
"5668","FRANCISCO JOSE ALCARAZ MARTOS","JUAN CARLOS VICENTE MARTINEZ",1
"5669","FRANCISCO JOSE ALCARAZ MARTOS","JUAN FRANCISCO ROJAS FERNANDEZ",2
"5670","FRANCISCO JOSE ALCARAZ MARTOS","JUAN IGNACIO FERNANDEZ TOMAS",1
"5671","FRANCISCO JOSE ALCARAZ MARTOS","JUAN JOSE AIZCORBE TORRA",2
"5672","FRANCISCO JOSE ALCARAZ MARTOS","JUAN SERGIO REDONDO PACHECO",1
"5673","FRANCISCO JOSE ALCARAZ MARTOS","JULIO JOSE CALVO IGLESIAS",1
"5674","FRANCISCO JOSE ALCARAZ MARTOS","JULIO ROSADO MARTIN",1
"5675","FRANCISCO JOSE ALCARAZ MARTOS","KATIUSKA DE LOS ANGELES GARCIA RAMIREZ",1
"5676","FRANCISCO JOSE ALCARAZ MARTOS","LAURA GALAN RODRIGUEZ",1
"5677","FRANCISCO JOSE ALCARAZ MARTOS","LOURDES MENDEZ MONASTERIO",3
"5678","FRANCISCO JOSE ALCARAZ MARTOS","LUIS GESTOSO DE MIGUEL",2
"5679","FRANCISCO JOSE ALCARAZ MARTOS","MACARENA OLONA CHOCLAN",2
"5680","FRANCISCO JOSE ALCARAZ MARTOS","MAGDALENA MARGARITA CONTESTI ROSSELLO",1
"5681","FRANCISCO JOSE ALCARAZ MARTOS","MANUEL GONZALEZ BAZAN",1
"5682","FRANCISCO JOSE ALCARAZ MARTOS","MANUEL MARISCAL ZABALA",3
"5683","FRANCISCO JOSE ALCARAZ MARTOS","MANUEL MESTRE BAREA",2
"5684","FRANCISCO JOSE ALCARAZ MARTOS","MANUEL RAFAEL RODRIGUEZ VALERO",1
"5685","FRANCISCO JOSE ALCARAZ MARTOS","MANUELA BOLADO ALCALDE",1
"5686","FRANCISCO JOSE ALCARAZ MARTOS","MANUELA DEL MAR MARTIN IBANEZ",1
"5687","FRANCISCO JOSE ALCARAZ MARTOS","MARGARITA DE LA PISA CARRION",1
"5688","FRANCISCO JOSE ALCARAZ MARTOS","MARIA ARANZAZU MARTINEZ RIOLA",1
"5689","FRANCISCO JOSE ALCARAZ MARTOS","MARIA BEATRIZ CASTILLEJO SEVILLA",1
"5690","FRANCISCO JOSE ALCARAZ MARTOS","MARIA BELEN MANZANO SAGUAR",1
"5691","FRANCISCO JOSE ALCARAZ MARTOS","MARIA DE LA CABEZA RUIZ SOLAS",3
"5692","FRANCISCO JOSE ALCARAZ MARTOS","MARIA DE LA CRUZ LOZANO MARIN",1
"5693","FRANCISCO JOSE ALCARAZ MARTOS","MARIA DE LOS REYES ROMERO VILCHES",3
"5694","FRANCISCO JOSE ALCARAZ MARTOS","MARIA DEL PILAR BAOS REVILLA",1
"5695","FRANCISCO JOSE ALCARAZ MARTOS","MARIA DOLORES GOMEZ MORENO",1
"5696","FRANCISCO JOSE ALCARAZ MARTOS","MARIA DOLORES MATEO MATEOS",1
"5697","FRANCISCO JOSE ALCARAZ MARTOS","MARIA GEMA ESCOLANO BERNA",1
"5698","FRANCISCO JOSE ALCARAZ MARTOS","MARIA INES DIAZ CASAS",1
"5699","FRANCISCO JOSE ALCARAZ MARTOS","MARIA JOSE RODRIGUEZ DE MILLAN PARRO",1
"5700","FRANCISCO JOSE ALCARAZ MARTOS","MARIA LOPEZ ZAMBRANO",1
"5701","FRANCISCO JOSE ALCARAZ MARTOS","MARIA LUISA MENENDEZ MARTINEZ",1
"5702","FRANCISCO JOSE ALCARAZ MARTOS","MARIA MAGDALENA NEVADO DEL CAMPO",2
"5703","FRANCISCO JOSE ALCARAZ MARTOS","MARIA MAGDALENA PUENTEDURA PEREZ",1
"5704","FRANCISCO JOSE ALCARAZ MARTOS","MARIA MERCEDES RODRIGUEZ TAMAYO",1
"5705","FRANCISCO JOSE ALCARAZ MARTOS","MARIA SUSANA JIMENEZ AIBAR",1
"5706","FRANCISCO JOSE ALCARAZ MARTOS","MARIA TERESA ARNEDO PEREZ",1
"5707","FRANCISCO JOSE ALCARAZ MARTOS","MARIA TERESA GARCIA DE LA ROSA JIMENEZ",1
"5708","FRANCISCO JOSE ALCARAZ MARTOS","MARIA TERESA LOPEZ ALVAREZ",1
"5709","FRANCISCO JOSE ALCARAZ MARTOS","MARIA TERESA LOPEZ DIVASSON",2
"5710","FRANCISCO JOSE ALCARAZ MARTOS","MARIA VIDAL BENNASAR",1
"5711","FRANCISCO JOSE ALCARAZ MARTOS","MARIA ZULEMA SAN JOSE SANCHEZ",1
"5712","FRANCISCO JOSE ALCARAZ MARTOS","MARINA DABAN ALONSO",1
"5713","FRANCISCO JOSE ALCARAZ MARTOS","MARTA ALEGRIA MARTINEZ",1
"5714","FRANCISCO JOSE ALCARAZ MARTOS","MARTA ALVAREZ BARRIO",1
"5715","FRANCISCO JOSE ALCARAZ MARTOS","MARTA FERNANDEZ MARTIN",1
"5716","FRANCISCO JOSE ALCARAZ MARTOS","MARTA GERVASIA GARRIDO MORENO",2
"5717","FRANCISCO JOSE ALCARAZ MARTOS","MARTA MARTIN CUSTODIO",1
"5718","FRANCISCO JOSE ALCARAZ MARTOS","MIGUEL ANGEL FERNANDEZ LOPEZ",1
"5719","FRANCISCO JOSE ALCARAZ MARTOS","MIGUEL MALDONADO CABALLERO",1
"5720","FRANCISCO JOSE ALCARAZ MARTOS","MIREIA BORRAS PABON",1
"5721","FRANCISCO JOSE ALCARAZ MARTOS","MONICA LORA CISQUER",1
"5722","FRANCISCO JOSE ALCARAZ MARTOS","OLIVIA MORENO NAVAS",1
"5723","FRANCISCO JOSE ALCARAZ MARTOS","PABLO JUAN CALVO LISTE",2
"5724","FRANCISCO JOSE ALCARAZ MARTOS","PABLO PEREZ GALLARDO",1
"5725","FRANCISCO JOSE ALCARAZ MARTOS","PABLO SAEZ ALONSOMUNUMER",3
"5726","FRANCISCO JOSE ALCARAZ MARTOS","PALOMA GOMEZ ENRIQUEZ",2
"5727","FRANCISCO JOSE ALCARAZ MARTOS","PATRICIA DE LAS HERAS FERNANDEZ",1
"5728","FRANCISCO JOSE ALCARAZ MARTOS","PATRICIA ESCAMEZ MARIN",1
"5729","FRANCISCO JOSE ALCARAZ MARTOS","PATRICIA RUEDA PERELLO",3
"5730","FRANCISCO JOSE ALCARAZ MARTOS","PAULA DE LOS ANGELES BADANELLI BERRIOZABAL",1
"5731","FRANCISCO JOSE ALCARAZ MARTOS","PEDRO FERNANDEZ HERNANDEZ",3
"5732","FRANCISCO JOSE ALCARAZ MARTOS","PEDRO JESUS REQUEJO NOVOA",2
"5733","FRANCISCO JOSE ALCARAZ MARTOS","RAFAEL RICARDO GONZALEZ GALLEGO",1
"5734","FRANCISCO JOSE ALCARAZ MARTOS","RAFAEL SEGOVIA BROME",1
"5735","FRANCISCO JOSE ALCARAZ MARTOS","RAQUEL TOMAS PEDROSA",1
"5736","FRANCISCO JOSE ALCARAZ MARTOS","RICARDO BELDA VALIENTE",1
"5737","FRANCISCO JOSE ALCARAZ MARTOS","RICARDO CHAMORRO DELMO",3
"5738","FRANCISCO JOSE ALCARAZ MARTOS","ROCIO DE MEER MENDEZ",3
"5739","FRANCISCO JOSE ALCARAZ MARTOS","RODRIGO JIMENEZ REVUELTA",2
"5740","FRANCISCO JOSE ALCARAZ MARTOS","RUBEN SILVANO MANSO OLIVAR",1
"5741","FRANCISCO JOSE ALCARAZ MARTOS","SALOME NIETO TARRAGA",1
"5742","FRANCISCO JOSE ALCARAZ MARTOS","SANTIAGO ABASCAL CONDE",3
"5743","FRANCISCO JOSE ALCARAZ MARTOS","SARA CONCEPCION ALVAREZ ROUCO",1
"5744","FRANCISCO JOSE ALCARAZ MARTOS","SERAFIN SERRANO MARIN",1
"5745","FRANCISCO JOSE ALCARAZ MARTOS","SERGI FABRI LLAVERO",1
"5746","FRANCISCO JOSE ALCARAZ MARTOS","SERGIO BOTONERO GALAN",1
"5747","FRANCISCO JOSE ALCARAZ MARTOS","SERGIO CHAGARTEGUI SANCHEZ",1
"5748","FRANCISCO JOSE ALCARAZ MARTOS","SERGIO MACIAN DE GREEF",2
"5749","FRANCISCO JOSE ALCARAZ MARTOS","SILVIA CLARA ENRIQUEZ GALLEGO",1
"5750","FRANCISCO JOSE ALCARAZ MARTOS","SOLEDAD PEREZ RUBIO",1
"5751","FRANCISCO JOSE ALCARAZ MARTOS","SONIA LUISA LALANDA SANMIGUEL",1
"5752","FRANCISCO JOSE ALCARAZ MARTOS","SONSOLES PALACIOS MORENO",1
"5753","FRANCISCO JOSE ALCARAZ MARTOS","TEODORO RAMON POZO MUNIZ",1
"5754","FRANCISCO JOSE ALCARAZ MARTOS","TOMAS FERNANDEZ RIOS",2
"5755","FRANCISCO JOSE ALCARAZ MARTOS","VALENTIN LOPEZ LOPEZ",1
"5756","FRANCISCO JOSE ALCARAZ MARTOS","VICTOR GUIDO GONZALEZ COELLO DE PORTUGAL",2
"5757","FRANCISCO JOSE ALCARAZ MARTOS","VICTOR MANUEL ACOSTA HERNANDEZ",1
"5758","FRANCISCO JOSE ALCARAZ MARTOS","VICTOR MANUEL SANCHEZ DEL REAL",2
"5759","FRANCISCO JOSE ALCARAZ MARTOS","VIRGINIA HUERTAS PECHUAN",1
"5760","FRANCISCO JOSE ALCARAZ MARTOS","YOLANDA MERELO PALOMARES",2
"5761","FRANCISCO JOSE ALONSO ANEIROS","INIGO HENRIQUEZ DE LUNA LOSADA",2
"5762","FRANCISCO JOSE ALONSO ANEIROS","ISABEL PEREZ MONINOARANDA",1
"5763","FRANCISCO JOSE ALONSO ANEIROS","JAVIER PEREZ GALLARDO",1
"5764","FRANCISCO JOSE ALONSO ANEIROS","JORGE ARTURO CUTILLAS CORDON",2
"5765","FRANCISCO JOSE ALONSO ANEIROS","JOSE ANTONIO FUSTER LAMELAS",1
"5766","FRANCISCO JOSE ALONSO ANEIROS","JOSE IGNACIO ARIAS MORENO",2
"5767","FRANCISCO JOSE ALONSO ANEIROS","JOSE LUIS RUIZ BARTOLOME",2
"5768","FRANCISCO JOSE ALONSO ANEIROS","MARIA BELEN GONZALEZ MORENO",1
"5769","FRANCISCO JOSE ALONSO ANEIROS","MARIANO CALABUIG MARTINEZ",1
"5770","FRANCISCO JOSE ALONSO ANEIROS","ROCIO MONASTERIO SAN MARTIN",2
"5771","FRANCISCO JOSE CONTRERAS PELAEZ","FRANCISCO JOSE RUIZ ENRIQUEZ",1
"5772","FRANCISCO JOSE CONTRERAS PELAEZ","FRANCISCO RAUL CORDERO OLMEDO",1
"5773","FRANCISCO JOSE CONTRERAS PELAEZ","GEORGINA TRIAS GIL",1
"5774","FRANCISCO JOSE CONTRERAS PELAEZ","GERARDO ACEITUNO CARRASCO",1
"5775","FRANCISCO JOSE CONTRERAS PELAEZ","HERMANN LEOPOLD TERTSCH DEL VALLELERSUNDI",1
"5776","FRANCISCO JOSE CONTRERAS PELAEZ","IGNACIO GARRIGA VAZ DE CONCICAO",2
"5777","FRANCISCO JOSE CONTRERAS PELAEZ","IGNACIO GIL LAZARO",2
"5778","FRANCISCO JOSE CONTRERAS PELAEZ","IGNACIO HOCES INIGUEZ",1
"5779","FRANCISCO JOSE CONTRERAS PELAEZ","IGNACIO MENENDEZ MEDRANO",1
"5780","FRANCISCO JOSE CONTRERAS PELAEZ","INES MARIA CANIZARES PACHECO",1
"5781","FRANCISCO JOSE CONTRERAS PELAEZ","IRENE HERRERO RUBERT",1
"5782","FRANCISCO JOSE CONTRERAS PELAEZ","ISMAEL IVAN VELEZ CIPRIANO",1
"5783","FRANCISCO JOSE CONTRERAS PELAEZ","IVAN ESPINOSA DE LOS MONTEROS DE SIMON",2
"5784","FRANCISCO JOSE CONTRERAS PELAEZ","JACOBO GONZALEZROBATTO PEROTE",1
"5785","FRANCISCO JOSE CONTRERAS PELAEZ","JAIME JAVIER DOMINGO MARTINEZ",1
"5786","FRANCISCO JOSE CONTRERAS PELAEZ","JAVIER BRAVO ARROBAS",1
"5787","FRANCISCO JOSE CONTRERAS PELAEZ","JAVIER JOVE SANDOVAL",1
"5788","FRANCISCO JOSE CONTRERAS PELAEZ","JAVIER PEREZ GALLARDO",1
"5789","FRANCISCO JOSE CONTRERAS PELAEZ","JOAQUIN ROBLES LOPEZ",2
"5790","FRANCISCO JOSE CONTRERAS PELAEZ","JORGE ARTURO CUTILLAS CORDON",2
"5791","FRANCISCO JOSE CONTRERAS PELAEZ","JORGE BUXADE VILLALBA",1
"5792","FRANCISCO JOSE CONTRERAS PELAEZ","JORGE CAMPOS ASENSI",1
"5793","FRANCISCO JOSE CONTRERAS PELAEZ","JORGE MARTIN FRIAS",1
"5794","FRANCISCO JOSE CONTRERAS PELAEZ","JORGE MARTIN TRANCON",1
"5795","FRANCISCO JOSE CONTRERAS PELAEZ","JOSE ANTONIO GOMILA ORTEGA",1
"5796","FRANCISCO JOSE CONTRERAS PELAEZ","JOSE FRANCISCO GARRE IZQUIERDO",1
"5797","FRANCISCO JOSE CONTRERAS PELAEZ","JOSE IGNACIO ARIAS MORENO",1
"5798","FRANCISCO JOSE CONTRERAS PELAEZ","JOSE MANUEL MARTIN CAMACHO",1
"5799","FRANCISCO JOSE CONTRERAS PELAEZ","JOSE MARIA ANTON GARCIA",1
"5800","FRANCISCO JOSE CONTRERAS PELAEZ","JOSE MARIA FIGAREDO ALVAREZSALA",2
"5801","FRANCISCO JOSE CONTRERAS PELAEZ","JOSE MARIA LLANOS PITARCH",1
"5802","FRANCISCO JOSE CONTRERAS PELAEZ","JOSE MARIA SANCHEZ GARCIA",1
"5803","FRANCISCO JOSE CONTRERAS PELAEZ","JOSE MARIA VAZQUEZ ALVAREZ",1
"5804","FRANCISCO JOSE CONTRERAS PELAEZ","JOSE MIGUEL TASENDE SOUTO",2
"5805","FRANCISCO JOSE CONTRERAS PELAEZ","JOSE RAMIREZ DEL RIO",2
"5806","FRANCISCO JOSE CONTRERAS PELAEZ","JOSEFINA BLAZQUEZ SANCHEZ",1
"5807","FRANCISCO JOSE CONTRERAS PELAEZ","JUAN CARLOS VICENTE MARTINEZ",1
"5808","FRANCISCO JOSE CONTRERAS PELAEZ","JUAN FRANCISCO ROJAS FERNANDEZ",1
"5809","FRANCISCO JOSE CONTRERAS PELAEZ","JUAN JOSE AIZCORBE TORRA",1
"5810","FRANCISCO JOSE CONTRERAS PELAEZ","JUAN SERGIO REDONDO PACHECO",1
"5811","FRANCISCO JOSE CONTRERAS PELAEZ","JULIO ROSADO MARTIN",1
"5812","FRANCISCO JOSE CONTRERAS PELAEZ","KATIUSKA DE LOS ANGELES GARCIA RAMIREZ",1
"5813","FRANCISCO JOSE CONTRERAS PELAEZ","LOURDES MENDEZ MONASTERIO",3
"5814","FRANCISCO JOSE CONTRERAS PELAEZ","LUIS GESTOSO DE MIGUEL",1
"5815","FRANCISCO JOSE CONTRERAS PELAEZ","LUZ BELINDA RODRIGUEZ FERNANDEZ",2
"5816","FRANCISCO JOSE CONTRERAS PELAEZ","MACARENA OLONA CHOCLAN",2
"5817","FRANCISCO JOSE CONTRERAS PELAEZ","MANUEL GONZALEZ BAZAN",1
"5818","FRANCISCO JOSE CONTRERAS PELAEZ","MANUEL MARISCAL ZABALA",3
"5819","FRANCISCO JOSE CONTRERAS PELAEZ","MANUEL MESTRE BAREA",1
"5820","FRANCISCO JOSE CONTRERAS PELAEZ","MANUELA BOLADO ALCALDE",1
"5821","FRANCISCO JOSE CONTRERAS PELAEZ","MANUELA DEL MAR MARTIN IBANEZ",1
"5822","FRANCISCO JOSE CONTRERAS PELAEZ","MARGARITA DE LA PISA CARRION",1
"5823","FRANCISCO JOSE CONTRERAS PELAEZ","MARIA ARANZAZU MARTINEZ RIOLA",1
"5824","FRANCISCO JOSE CONTRERAS PELAEZ","MARIA BEATRIZ CASTILLEJO SEVILLA",1
"5825","FRANCISCO JOSE CONTRERAS PELAEZ","MARIA BELEN MANZANO SAGUAR",1
"5826","FRANCISCO JOSE CONTRERAS PELAEZ","MARIA DE LA CABEZA RUIZ SOLAS",2
"5827","FRANCISCO JOSE CONTRERAS PELAEZ","MARIA DE LA CRUZ LOZANO MARIN",1
"5828","FRANCISCO JOSE CONTRERAS PELAEZ","MARIA DE LOS LLANOS MASSO LINARES",1
"5829","FRANCISCO JOSE CONTRERAS PELAEZ","MARIA DE LOS REYES ROMERO VILCHES",3
"5830","FRANCISCO JOSE CONTRERAS PELAEZ","MARIA DEL PILAR BAOS REVILLA",1
"5831","FRANCISCO JOSE CONTRERAS PELAEZ","MARIA DOLORES MATEO MATEOS",1
"5832","FRANCISCO JOSE CONTRERAS PELAEZ","MARIA GEMA ESCOLANO BERNA",1
"5833","FRANCISCO JOSE CONTRERAS PELAEZ","MARIA INES DIAZ CASAS",1
"5834","FRANCISCO JOSE CONTRERAS PELAEZ","MARIA JOSE RODRIGUEZ DE MILLAN PARRO",1
"5835","FRANCISCO JOSE CONTRERAS PELAEZ","MARIA LOPEZ ZAMBRANO",1
"5836","FRANCISCO JOSE CONTRERAS PELAEZ","MARIA LUISA MENENDEZ MARTINEZ",1
"5837","FRANCISCO JOSE CONTRERAS PELAEZ","MARIA MAGDALENA NEVADO DEL CAMPO",2
"5838","FRANCISCO JOSE CONTRERAS PELAEZ","MARIA MAGDALENA PUENTEDURA PEREZ",1
"5839","FRANCISCO JOSE CONTRERAS PELAEZ","MARIA SUSANA JIMENEZ AIBAR",1
"5840","FRANCISCO JOSE CONTRERAS PELAEZ","MARIA TERESA GARCIA DE LA ROSA JIMENEZ",1
"5841","FRANCISCO JOSE CONTRERAS PELAEZ","MARIA TERESA LOPEZ ALVAREZ",1
"5842","FRANCISCO JOSE CONTRERAS PELAEZ","MARIA TERESA LOPEZ DIVASSON",1
"5843","FRANCISCO JOSE CONTRERAS PELAEZ","MARIA VIDAL BENNASAR",1
"5844","FRANCISCO JOSE CONTRERAS PELAEZ","MARIA ZULEMA SAN JOSE SANCHEZ",1
"5845","FRANCISCO JOSE CONTRERAS PELAEZ","MARINA DABAN ALONSO",1
"5846","FRANCISCO JOSE CONTRERAS PELAEZ","MARTA ALEGRIA MARTINEZ",1
"5847","FRANCISCO JOSE CONTRERAS PELAEZ","MARTA GERVASIA GARRIDO MORENO",1
"5848","FRANCISCO JOSE CONTRERAS PELAEZ","MARTA MARTIN CUSTODIO",1
"5849","FRANCISCO JOSE CONTRERAS PELAEZ","MAZALY AGUILAR",1
"5850","FRANCISCO JOSE CONTRERAS PELAEZ","MIGUEL MALDONADO CABALLERO",1
"5851","FRANCISCO JOSE CONTRERAS PELAEZ","MONICA LORA CISQUER",1
"5852","FRANCISCO JOSE CONTRERAS PELAEZ","OLIVIA MORENO NAVAS",1
"5853","FRANCISCO JOSE CONTRERAS PELAEZ","PABLO JUAN CALVO LISTE",1
"5854","FRANCISCO JOSE CONTRERAS PELAEZ","PABLO PEREZ GALLARDO",1
"5855","FRANCISCO JOSE CONTRERAS PELAEZ","PABLO SAEZ ALONSOMUNUMER",2
"5856","FRANCISCO JOSE CONTRERAS PELAEZ","PALOMA GOMEZ ENRIQUEZ",1
"5857","FRANCISCO JOSE CONTRERAS PELAEZ","PATRICIA ESCAMEZ MARIN",1
"5858","FRANCISCO JOSE CONTRERAS PELAEZ","PATRICIA RUEDA PERELLO",2
"5859","FRANCISCO JOSE CONTRERAS PELAEZ","PAULA DE LOS ANGELES BADANELLI BERRIOZABAL",1
"5860","FRANCISCO JOSE CONTRERAS PELAEZ","PEDRO FERNANDEZ HERNANDEZ",2
"5861","FRANCISCO JOSE CONTRERAS PELAEZ","PEDRO JESUS REQUEJO NOVOA",1
"5862","FRANCISCO JOSE CONTRERAS PELAEZ","RAFAEL RICARDO GONZALEZ GALLEGO",1
"5863","FRANCISCO JOSE CONTRERAS PELAEZ","RAFAEL SEGOVIA BROME",1
"5864","FRANCISCO JOSE CONTRERAS PELAEZ","RICARDO CHAMORRO DELMO",2
"5865","FRANCISCO JOSE CONTRERAS PELAEZ","ROCIO DE MEER MENDEZ",2
"5866","FRANCISCO JOSE CONTRERAS PELAEZ","RODRIGO JIMENEZ REVUELTA",1
"5867","FRANCISCO JOSE CONTRERAS PELAEZ","SALOME NIETO TARRAGA",1
"5868","FRANCISCO JOSE CONTRERAS PELAEZ","SANTIAGO ABASCAL CONDE",2
"5869","FRANCISCO JOSE CONTRERAS PELAEZ","SANTIAGO MORON SANJUAN",1
"5870","FRANCISCO JOSE CONTRERAS PELAEZ","SERGI FABRI LLAVERO",1
"5871","FRANCISCO JOSE CONTRERAS PELAEZ","SERGIO CHAGARTEGUI SANCHEZ",1
"5872","FRANCISCO JOSE CONTRERAS PELAEZ","SERGIO MACIAN DE GREEF",1
"5873","FRANCISCO JOSE CONTRERAS PELAEZ","SILVIA CLARA ENRIQUEZ GALLEGO",1
"5874","FRANCISCO JOSE CONTRERAS PELAEZ","SOLEDAD PEREZ RUBIO",1
"5875","FRANCISCO JOSE CONTRERAS PELAEZ","SONIA LUISA LALANDA SANMIGUEL",1
"5876","FRANCISCO JOSE CONTRERAS PELAEZ","SONSOLES PALACIOS MORENO",1
"5877","FRANCISCO JOSE CONTRERAS PELAEZ","TEODORO RAMON POZO MUNIZ",1
"5878","FRANCISCO JOSE CONTRERAS PELAEZ","TOMAS FERNANDEZ RIOS",1
"5879","FRANCISCO JOSE CONTRERAS PELAEZ","VALENTIN LOPEZ LOPEZ",1
"5880","FRANCISCO JOSE CONTRERAS PELAEZ","VICTOR GUIDO GONZALEZ COELLO DE PORTUGAL",1
"5881","FRANCISCO JOSE CONTRERAS PELAEZ","VICTOR MANUEL ACOSTA HERNANDEZ",1
"5882","FRANCISCO JOSE CONTRERAS PELAEZ","VICTOR MANUEL SANCHEZ DEL REAL",2
"5883","FRANCISCO JOSE CONTRERAS PELAEZ","VIRGINIA HUERTAS PECHUAN",1
"5884","FRANCISCO JOSE CONTRERAS PELAEZ","YOLANDA MERELO PALOMARES",1
"5885","FRANCISCO JOSE DIAZ GRANADOS","IGNACIO GARRIGA VAZ DE CONCICAO",1
"5886","FRANCISCO JOSE DIAZ GRANADOS","IGNACIO GIL LAZARO",1
"5887","FRANCISCO JOSE DIAZ GRANADOS","IVAN ESPINOSA DE LOS MONTEROS DE SIMON",1
"5888","FRANCISCO JOSE DIAZ GRANADOS","JOAQUIN ROBLES LOPEZ",1
"5889","FRANCISCO JOSE DIAZ GRANADOS","JOSE ANTONIO BUENDIA TELLEZ",1
"5890","FRANCISCO JOSE DIAZ GRANADOS","JOSE MARIA FIGAREDO ALVAREZSALA",1
"5891","FRANCISCO JOSE DIAZ GRANADOS","JOSE MARIA VAZQUEZ ALVAREZ",1
"5892","FRANCISCO JOSE DIAZ GRANADOS","JOSE RAMIREZ DEL RIO",1
"5893","FRANCISCO JOSE DIAZ GRANADOS","JUAN ANTONIO PRADOS MORENO",1
"5894","FRANCISCO JOSE DIAZ GRANADOS","JUAN JOSE BOSQUET ARIAS",1
"5895","FRANCISCO JOSE DIAZ GRANADOS","LOURDES MENDEZ MONASTERIO",1
"5896","FRANCISCO JOSE DIAZ GRANADOS","MACARENA OLONA CHOCLAN",1
"5897","FRANCISCO JOSE DIAZ GRANADOS","MANUEL MARISCAL ZABALA",1
"5898","FRANCISCO JOSE DIAZ GRANADOS","MANUEL MESTRE BAREA",1
"5899","FRANCISCO JOSE DIAZ GRANADOS","MARIA DE LA CABEZA RUIZ SOLAS",1
"5900","FRANCISCO JOSE DIAZ GRANADOS","MARIA DE LOS REYES ROMERO VILCHES",1
"5901","FRANCISCO JOSE DIAZ GRANADOS","MONTSERRAT CERVANTES LLORT",1
"5902","FRANCISCO JOSE DIAZ GRANADOS","PABLO SAEZ ALONSOMUNUMER",1
"5903","FRANCISCO JOSE DIAZ GRANADOS","PATRICIA RUEDA PERELLO",1
"5904","FRANCISCO JOSE DIAZ GRANADOS","PEDRO FERNANDEZ HERNANDEZ",1
"5905","FRANCISCO JOSE DIAZ GRANADOS","RICARDO CHAMORRO DELMO",1
"5906","FRANCISCO JOSE DIAZ GRANADOS","ROCIO DE MEER MENDEZ",1
"5907","FRANCISCO JOSE DIAZ GRANADOS","SANTIAGO ABASCAL CONDE",1
"5908","FRANCISCO JOSE DIAZ GRANADOS","VICTOR MANUEL SANCHEZ DEL REAL",1
"5909","FRANCISCO JOSE GARRIDO ROJAS","JOSE ANTONIO MACIAS GUERRERO",1
"5910","FRANCISCO JOSE RUIZ ENRIQUEZ","GEORGINA TRIAS GIL",1
"5911","FRANCISCO JOSE RUIZ ENRIQUEZ","IGNACIO GIL LAZARO",1
"5912","FRANCISCO JOSE RUIZ ENRIQUEZ","IGNACIO HOCES INIGUEZ",1
"5913","FRANCISCO JOSE RUIZ ENRIQUEZ","ISMAEL IVAN VELEZ CIPRIANO",1
"5914","FRANCISCO JOSE RUIZ ENRIQUEZ","IVAN ESPINOSA DE LOS MONTEROS DE SIMON",1
"5915","FRANCISCO JOSE RUIZ ENRIQUEZ","JACOBO GONZALEZROBATTO PEROTE",1
"5916","FRANCISCO JOSE RUIZ ENRIQUEZ","JOAQUIN ROBLES LOPEZ",1
"5917","FRANCISCO JOSE RUIZ ENRIQUEZ","JORGE CAMPOS ASENSI",1
"5918","FRANCISCO JOSE RUIZ ENRIQUEZ","JOSE FRANCISCO GARRE IZQUIERDO",1
"5919","FRANCISCO JOSE RUIZ ENRIQUEZ","JOSE MARIA FIGAREDO ALVAREZSALA",1
"5920","FRANCISCO JOSE RUIZ ENRIQUEZ","JOSE MARIA SANCHEZ GARCIA",1
"5921","FRANCISCO JOSE RUIZ ENRIQUEZ","JOSE RAMIREZ DEL RIO",1
"5922","FRANCISCO JOSE RUIZ ENRIQUEZ","JUAN JOSE AIZCORBE TORRA",1
"5923","FRANCISCO JOSE RUIZ ENRIQUEZ","JUAN SERGIO REDONDO PACHECO",2
"5924","FRANCISCO JOSE RUIZ ENRIQUEZ","LOURDES MENDEZ MONASTERIO",1
"5925","FRANCISCO JOSE RUIZ ENRIQUEZ","MANUEL MARISCAL ZABALA",1
"5926","FRANCISCO JOSE RUIZ ENRIQUEZ","MARIA DE LA CABEZA RUIZ SOLAS",1
"5927","FRANCISCO JOSE RUIZ ENRIQUEZ","MARIA DE LOS REYES ROMERO VILCHES",1
"5928","FRANCISCO JOSE RUIZ ENRIQUEZ","MARIA JOSE RODRIGUEZ DE MILLAN PARRO",1
"5929","FRANCISCO JOSE RUIZ ENRIQUEZ","MARIA MAGDALENA NEVADO DEL CAMPO",1
"5930","FRANCISCO JOSE RUIZ ENRIQUEZ","MARIA TERESA LOPEZ ALVAREZ",3
"5931","FRANCISCO JOSE RUIZ ENRIQUEZ","PABLO JUAN CALVO LISTE",1
"5932","FRANCISCO JOSE RUIZ ENRIQUEZ","PABLO SAEZ ALONSOMUNUMER",1
"5933","FRANCISCO JOSE RUIZ ENRIQUEZ","PATRICIA RUEDA PERELLO",1
"5934","FRANCISCO JOSE RUIZ ENRIQUEZ","PEDRO FERNANDEZ HERNANDEZ",1
"5935","FRANCISCO JOSE RUIZ ENRIQUEZ","PEDRO JESUS REQUEJO NOVOA",1
"5936","FRANCISCO JOSE RUIZ ENRIQUEZ","RICARDO CHAMORRO DELMO",1
"5937","FRANCISCO JOSE RUIZ ENRIQUEZ","ROCIO DE MEER MENDEZ",1
"5938","FRANCISCO JOSE RUIZ ENRIQUEZ","RODRIGO JIMENEZ REVUELTA",1
"5939","FRANCISCO JOSE RUIZ ENRIQUEZ","SANTIAGO ABASCAL CONDE",1
"5940","FRANCISCO JOSE RUIZ ENRIQUEZ","SERGIO MACIAN DE GREEF",1
"5941","FRANCISCO JOSE RUIZ ENRIQUEZ","TOMAS FERNANDEZ RIOS",1
"5942","FRANCISCO JOSE RUIZ ENRIQUEZ","VICTOR GUIDO GONZALEZ COELLO DE PORTUGAL",1
"5943","FRANCISCO JOSE RUIZ ENRIQUEZ","YOLANDA MERELO PALOMARES",3
"5944","FRANCISCO MANUEL BOZA GONZALEZ","INIGO HENRIQUEZ DE LUNA LOSADA",1
"5945","FRANCISCO MANUEL BOZA GONZALEZ","JAVIER PEREZ GALLARDO",1
"5946","FRANCISCO MANUEL BOZA GONZALEZ","JORGE ARTURO CUTILLAS CORDON",1
"5947","FRANCISCO MANUEL BOZA GONZALEZ","JOSE IGNACIO ARIAS MORENO",1
"5948","FRANCISCO MANUEL BOZA GONZALEZ","JOSE LUIS RUIZ BARTOLOME",1
"5949","FRANCISCO MANUEL BOZA GONZALEZ","JUAN IGNACIO PINEDA SALVADOR",1
"5950","FRANCISCO MANUEL BOZA GONZALEZ","MARIANO CALABUIG MARTINEZ",1
"5951","FRANCISCO MANUEL BOZA GONZALEZ","ROCIO MONASTERIO SAN MARTIN",1
"5952","FRANCISCO PINOL SALA","MARTA GERVASIA GARRIDO MORENO",1
"5953","FRANCISCO PINOL SALA","VICTOR MANUEL SANCHEZ DEL REAL",1
"5954","FRANCISCO RAUL CORDERO OLMEDO","GEMA ISABEL GUTIERREZ TOSCANO",1
"5955","FRANCISCO RAUL CORDERO OLMEDO","GEORGINA TRIAS GIL",1
"5956","FRANCISCO RAUL CORDERO OLMEDO","IGNACIO GIL LAZARO",1
"5957","FRANCISCO RAUL CORDERO OLMEDO","IGNACIO HOCES INIGUEZ",1
"5958","FRANCISCO RAUL CORDERO OLMEDO","ISMAEL IVAN VELEZ CIPRIANO",1
"5959","FRANCISCO RAUL CORDERO OLMEDO","IVAN ESPINOSA DE LOS MONTEROS DE SIMON",1
"5960","FRANCISCO RAUL CORDERO OLMEDO","JACOBO GONZALEZROBATTO PEROTE",1
"5961","FRANCISCO RAUL CORDERO OLMEDO","JAIME JAVIER DOMINGO MARTINEZ",1
"5962","FRANCISCO RAUL CORDERO OLMEDO","JAVIER CORTES LUCENA",1
"5963","FRANCISCO RAUL CORDERO OLMEDO","JOAQUIN ROBLES LOPEZ",1
"5964","FRANCISCO RAUL CORDERO OLMEDO","JORGE CAMPOS ASENSI",1
"5965","FRANCISCO RAUL CORDERO OLMEDO","JOSE FRANCISCO GARRE IZQUIERDO",1
"5966","FRANCISCO RAUL CORDERO OLMEDO","JOSE MARIA FIGAREDO ALVAREZSALA",1
"5967","FRANCISCO RAUL CORDERO OLMEDO","JOSE MARIA ORTELLS POLO",1
"5968","FRANCISCO RAUL CORDERO OLMEDO","JOSE MARIA SANCHEZ GARCIA",1
"5969","FRANCISCO RAUL CORDERO OLMEDO","JOSE RAMIREZ DEL RIO",1
"5970","FRANCISCO RAUL CORDERO OLMEDO","JUAN JOSE AIZCORBE TORRA",1
"5971","FRANCISCO RAUL CORDERO OLMEDO","JUAN JOSE BOSQUET ARIAS",1
"5972","FRANCISCO RAUL CORDERO OLMEDO","LOURDES MENDEZ MONASTERIO",1
"5973","FRANCISCO RAUL CORDERO OLMEDO","MACARENA OLONA CHOCLAN",1
"5974","FRANCISCO RAUL CORDERO OLMEDO","MANUEL GAVIRA FLORENTINO",1
"5975","FRANCISCO RAUL CORDERO OLMEDO","MANUEL MARISCAL ZABALA",1
"5976","FRANCISCO RAUL CORDERO OLMEDO","MARIA DE LA CABEZA RUIZ SOLAS",1
"5977","FRANCISCO RAUL CORDERO OLMEDO","MARIA DE LOS REYES ROMERO VILCHES",1
"5978","FRANCISCO RAUL CORDERO OLMEDO","MARIA JOSE RODRIGUEZ DE MILLAN PARRO",2
"5979","FRANCISCO RAUL CORDERO OLMEDO","MARIA MAGDALENA NEVADO DEL CAMPO",1
"5980","FRANCISCO RAUL CORDERO OLMEDO","MARIA MAGDALENA PUENTEDURA PEREZ",1
"5981","FRANCISCO RAUL CORDERO OLMEDO","MARIA MERCEDES RODRIGUEZ TAMAYO",1
"5982","FRANCISCO RAUL CORDERO OLMEDO","MARIA TERESA LOPEZ ALVAREZ",1
"5983","FRANCISCO RAUL CORDERO OLMEDO","PABLO JUAN CALVO LISTE",1
"5984","FRANCISCO RAUL CORDERO OLMEDO","PABLO SAEZ ALONSOMUNUMER",1
"5985","FRANCISCO RAUL CORDERO OLMEDO","PATRICIA RUEDA PERELLO",1
"5986","FRANCISCO RAUL CORDERO OLMEDO","PEDRO FERNANDEZ HERNANDEZ",1
"5987","FRANCISCO RAUL CORDERO OLMEDO","PEDRO JESUS REQUEJO NOVOA",1
"5988","FRANCISCO RAUL CORDERO OLMEDO","PURIFICACION FERNANDEZ MORALES",1
"5989","FRANCISCO RAUL CORDERO OLMEDO","RAFAEL SEGOVIA BROME",1
"5990","FRANCISCO RAUL CORDERO OLMEDO","RICARDO CHAMORRO DELMO",1
"5991","FRANCISCO RAUL CORDERO OLMEDO","RICARDO LOPEZ OLEA",1
"5992","FRANCISCO RAUL CORDERO OLMEDO","ROCIO DE MEER MENDEZ",1
"5993","FRANCISCO RAUL CORDERO OLMEDO","RODRIGO JAVIER ALONSO FERNANDEZ",1
"5994","FRANCISCO RAUL CORDERO OLMEDO","RODRIGO JIMENEZ REVUELTA",1
"5995","FRANCISCO RAUL CORDERO OLMEDO","SANTIAGO ABASCAL CONDE",1
"5996","FRANCISCO RAUL CORDERO OLMEDO","SERGIO MACIAN DE GREEF",1
"5997","FRANCISCO RAUL CORDERO OLMEDO","TOMAS FERNANDEZ RIOS",1
"5998","FRANCISCO RAUL CORDERO OLMEDO","VICTOR GUIDO GONZALEZ COELLO DE PORTUGAL",1
"5999","FRANCISCO RAUL CORDERO OLMEDO","YOLANDA MERELO PALOMARES",1
"6000","FULGENCIO COLL BUCHER","IGNACIO ESTEBAN COMAMALA",1
"6001","FULGENCIO COLL BUCHER","IGNACIO GARRIGA VAZ DE CONCICAO",2
"6002","FULGENCIO COLL BUCHER","IGNACIO GIL LAZARO",2
"6003","FULGENCIO COLL BUCHER","ISMAEL IVAN VELEZ CIPRIANO",1
"6004","FULGENCIO COLL BUCHER","IVAN ESPINOSA DE LOS MONTEROS DE SIMON",2
"6005","FULGENCIO COLL BUCHER","JAIME GONZALEZ CANOMANUEL",1
"6006","FULGENCIO COLL BUCHER","JAVIER ORTEGA SMITHMOLINA",1
"6007","FULGENCIO COLL BUCHER","JOAQUIN ROBLES LOPEZ",2
"6008","FULGENCIO COLL BUCHER","JOSE MARIA FIGAREDO ALVAREZSALA",1
"6009","FULGENCIO COLL BUCHER","JOSE MARIA SANCHEZ GARCIA",1
"6010","FULGENCIO COLL BUCHER","JOSE MARIA VAZQUEZ ALVAREZ",1
"6011","FULGENCIO COLL BUCHER","JOSE RAMIREZ DEL RIO",1
"6012","FULGENCIO COLL BUCHER","JUAN JOSE AIZCORBE TORRA",1
"6013","FULGENCIO COLL BUCHER","LOURDES MENDEZ MONASTERIO",2
"6014","FULGENCIO COLL BUCHER","MACARENA OLONA CHOCLAN",2
"6015","FULGENCIO COLL BUCHER","MAGDALENA MARGARITA CONTESTI ROSSELLO",1
"6016","FULGENCIO COLL BUCHER","MANUEL GONZALEZ BAZAN",1
"6017","FULGENCIO COLL BUCHER","MANUEL MARISCAL ZABALA",2
"6018","FULGENCIO COLL BUCHER","MANUEL MESTRE BAREA",2
"6019","FULGENCIO COLL BUCHER","MANUEL RAFAEL RODRIGUEZ VALERO",1
"6020","FULGENCIO COLL BUCHER","MARGARITA DURAN VADELL",1
"6021","FULGENCIO COLL BUCHER","MARIA DE LA CABEZA RUIZ SOLAS",2
"6022","FULGENCIO COLL BUCHER","MARIA DE LOS REYES ROMERO VILCHES",2
"6023","FULGENCIO COLL BUCHER","MARTA ALVAREZ BARRIO",1
"6024","FULGENCIO COLL BUCHER","MIGUEL ANGEL FERNANDEZ LOPEZ",1
"6025","FULGENCIO COLL BUCHER","PABLO SAEZ ALONSOMUNUMER",2
"6026","FULGENCIO COLL BUCHER","PATRICIA DE LAS HERAS FERNANDEZ",1
"6027","FULGENCIO COLL BUCHER","PATRICIA RUEDA PERELLO",2
"6028","FULGENCIO COLL BUCHER","PEDRO FERNANDEZ HERNANDEZ",2
"6029","FULGENCIO COLL BUCHER","RICARDO CHAMORRO DELMO",2
"6030","FULGENCIO COLL BUCHER","ROCIO DE MEER MENDEZ",2
"6031","FULGENCIO COLL BUCHER","RUBEN SILVANO MANSO OLIVAR",1
"6032","FULGENCIO COLL BUCHER","SANDRA CATALINA BARCELO SCHWARZ",1
"6033","FULGENCIO COLL BUCHER","SANTIAGO ABASCAL CONDE",2
"6034","FULGENCIO COLL BUCHER","SERAFIN SERRANO MARIN",1
"6035","FULGENCIO COLL BUCHER","SONIA LUISA LALANDA SANMIGUEL",1
"6036","FULGENCIO COLL BUCHER","VICTOR GUIDO GONZALEZ COELLO DE PORTUGAL",1
"6037","FULGENCIO COLL BUCHER","VICTOR MANUEL SANCHEZ DEL REAL",1
"6038","GEMA ALEMAN PEREZ","JOSE MARIA LLANOS PITARCH",1
"6039","GEMA ALEMAN PEREZ","MARIA DE LOS LLANOS MASSO LINARES",1
"6040","GEMA ALEMAN PEREZ","MIGUEL PASCUAL PEREZ",1
"6041","GEMA ISABEL GUTIERREZ TOSCANO","GERARDO ACEITUNO CARRASCO",1
"6042","GEMA ISABEL GUTIERREZ TOSCANO","GLORIA GAMONOSO FERRARO",1
"6043","GEMA ISABEL GUTIERREZ TOSCANO","IGNACIO GARRIGA VAZ DE CONCICAO",1
"6044","GEMA ISABEL GUTIERREZ TOSCANO","IGNACIO GIL LAZARO",1
"6045","GEMA ISABEL GUTIERREZ TOSCANO","IVAN ESPINOSA DE LOS MONTEROS DE SIMON",1
"6046","GEMA ISABEL GUTIERREZ TOSCANO","JAIME JAVIER DOMINGO MARTINEZ",1
"6047","GEMA ISABEL GUTIERREZ TOSCANO","JAVIER CORTES LUCENA",1
"6048","GEMA ISABEL GUTIERREZ TOSCANO","JOAQUIN ROBLES LOPEZ",1
"6049","GEMA ISABEL GUTIERREZ TOSCANO","JOSE ANTONIO GOMILA ORTEGA",1
"6050","GEMA ISABEL GUTIERREZ TOSCANO","JOSE MARIA FIGAREDO ALVAREZSALA",1
"6051","GEMA ISABEL GUTIERREZ TOSCANO","JOSE MARIA ORTELLS POLO",1
"6052","GEMA ISABEL GUTIERREZ TOSCANO","JOSE MARIA VAZQUEZ ALVAREZ",1
"6053","GEMA ISABEL GUTIERREZ TOSCANO","JOSE RAMIREZ DEL RIO",1
"6054","GEMA ISABEL GUTIERREZ TOSCANO","JUAN JOSE BOSQUET ARIAS",1
"6055","GEMA ISABEL GUTIERREZ TOSCANO","JUAN JOSE COCA LOPEZ",1
"6056","GEMA ISABEL GUTIERREZ TOSCANO","LOURDES MENDEZ MONASTERIO",1
"6057","GEMA ISABEL GUTIERREZ TOSCANO","LUCIA CUADROS ESTEVEZ",1
"6058","GEMA ISABEL GUTIERREZ TOSCANO","MACARENA OLONA CHOCLAN",2
"6059","GEMA ISABEL GUTIERREZ TOSCANO","MANUEL GAVIRA FLORENTINO",1
"6060","GEMA ISABEL GUTIERREZ TOSCANO","MANUEL JORGE MARTIN MONTERO",1
"6061","GEMA ISABEL GUTIERREZ TOSCANO","MANUEL MARISCAL ZABALA",1
"6062","GEMA ISABEL GUTIERREZ TOSCANO","MANUEL MESTRE BAREA",1
"6063","GEMA ISABEL GUTIERREZ TOSCANO","MANUELA DEL MAR MARTIN IBANEZ",1
"6064","GEMA ISABEL GUTIERREZ TOSCANO","MARIA ADELA VAO CANADAS",1
"6065","GEMA ISABEL GUTIERREZ TOSCANO","MARIA DE LA CABEZA RUIZ SOLAS",1
"6066","GEMA ISABEL GUTIERREZ TOSCANO","MARIA DE LOS REYES ROMERO VILCHES",1
"6067","GEMA ISABEL GUTIERREZ TOSCANO","MARIA DEL CARMEN MURIEL MARQUEZ",1
"6068","GEMA ISABEL GUTIERREZ TOSCANO","MARIA JOSE RODRIGUEZ DE MILLAN PARRO",1
"6069","GEMA ISABEL GUTIERREZ TOSCANO","MARIA LOPEZ ZAMBRANO",1
"6070","GEMA ISABEL GUTIERREZ TOSCANO","MARIA MAGDALENA PUENTEDURA PEREZ",1
"6071","GEMA ISABEL GUTIERREZ TOSCANO","MARIA MERCEDES RODRIGUEZ TAMAYO",1
"6072","GEMA ISABEL GUTIERREZ TOSCANO","MONTSERRAT CERVANTES LLORT",1
"6073","GEMA ISABEL GUTIERREZ TOSCANO","PABLO SAEZ ALONSOMUNUMER",1
"6074","GEMA ISABEL GUTIERREZ TOSCANO","PATRICIA RUEDA PERELLO",1
"6075","GEMA ISABEL GUTIERREZ TOSCANO","PEDRO FERNANDEZ HERNANDEZ",1
"6076","GEMA ISABEL GUTIERREZ TOSCANO","PURIFICACION FERNANDEZ MORALES",1
"6077","GEMA ISABEL GUTIERREZ TOSCANO","RAFAEL SEGOVIA BROME",1
"6078","GEMA ISABEL GUTIERREZ TOSCANO","RICARDO CHAMORRO DELMO",1
"6079","GEMA ISABEL GUTIERREZ TOSCANO","RICARDO LOPEZ OLEA",1
"6080","GEMA ISABEL GUTIERREZ TOSCANO","ROCIO DE MEER MENDEZ",1
"6081","GEMA ISABEL GUTIERREZ TOSCANO","RODRIGO JAVIER ALONSO FERNANDEZ",1
"6082","GEMA ISABEL GUTIERREZ TOSCANO","SANTIAGO ABASCAL CONDE",1
"6083","GEMA ISABEL GUTIERREZ TOSCANO","SILVIA CLARA ENRIQUEZ GALLEGO",1
"6084","GEMA ISABEL GUTIERREZ TOSCANO","SOLEDAD PEREZ RUBIO",1
"6085","GEMA ISABEL GUTIERREZ TOSCANO","VICTOR MANUEL SANCHEZ DEL REAL",1
"6086","GEORGINA TRIAS GIL","GERARDO ACEITUNO CARRASCO",1
"6087","GEORGINA TRIAS GIL","IGNACIO GARRIGA VAZ DE CONCICAO",3
"6088","GEORGINA TRIAS GIL","IGNACIO GIL LAZARO",3
"6089","GEORGINA TRIAS GIL","IGNACIO HOCES INIGUEZ",1
"6090","GEORGINA TRIAS GIL","IGNACIO MENENDEZ MEDRANO",1
"6091","GEORGINA TRIAS GIL","INES MARIA CANIZARES PACHECO",1
"6092","GEORGINA TRIAS GIL","IRENE HERRERO RUBERT",1
"6093","GEORGINA TRIAS GIL","ISMAEL IVAN VELEZ CIPRIANO",2
"6094","GEORGINA TRIAS GIL","IVAN ESPINOSA DE LOS MONTEROS DE SIMON",3
"6095","GEORGINA TRIAS GIL","JACOBO GONZALEZROBATTO PEROTE",1
"6096","GEORGINA TRIAS GIL","JAIME GONZALEZ CANOMANUEL",1
"6097","GEORGINA TRIAS GIL","JAIME JAVIER DOMINGO MARTINEZ",1
"6098","GEORGINA TRIAS GIL","JAVIER BRAVO ARROBAS",1
"6099","GEORGINA TRIAS GIL","JAVIER JOVE SANDOVAL",1
"6100","GEORGINA TRIAS GIL","JAVIER ORTEGA SMITHMOLINA",1
"6101","GEORGINA TRIAS GIL","JAVIER PEREZ GALLARDO",1
"6102","GEORGINA TRIAS GIL","JOAQUIN ROBLES LOPEZ",3
"6103","GEORGINA TRIAS GIL","JORGE ARTURO CUTILLAS CORDON",1
"6104","GEORGINA TRIAS GIL","JORGE CAMPOS ASENSI",1
"6105","GEORGINA TRIAS GIL","JORGE MARTIN FRIAS",1
"6106","GEORGINA TRIAS GIL","JORGE MARTIN TRANCON",1
"6107","GEORGINA TRIAS GIL","JOSE ANTONIO GOMILA ORTEGA",1
"6108","GEORGINA TRIAS GIL","JOSE FRANCISCO GARRE IZQUIERDO",1
"6109","GEORGINA TRIAS GIL","JOSE IGNACIO ARIAS MORENO",1
"6110","GEORGINA TRIAS GIL","JOSE MANUEL MARTIN CAMACHO",1
"6111","GEORGINA TRIAS GIL","JOSE MARIA ANTON GARCIA",1
"6112","GEORGINA TRIAS GIL","JOSE MARIA FIGAREDO ALVAREZSALA",2
"6113","GEORGINA TRIAS GIL","JOSE MARIA SANCHEZ GARCIA",2
"6114","GEORGINA TRIAS GIL","JOSE MARIA VAZQUEZ ALVAREZ",1
"6115","GEORGINA TRIAS GIL","JOSE MIGUEL TASENDE SOUTO",1
"6116","GEORGINA TRIAS GIL","JOSE RAMIREZ DEL RIO",2
"6117","GEORGINA TRIAS GIL","JOSEFINA BLAZQUEZ SANCHEZ",1
"6118","GEORGINA TRIAS GIL","JUAN CARLOS VICENTE MARTINEZ",1
"6119","GEORGINA TRIAS GIL","JUAN FRANCISCO ROJAS FERNANDEZ",1
"6120","GEORGINA TRIAS GIL","JUAN JOSE AIZCORBE TORRA",2
"6121","GEORGINA TRIAS GIL","JUAN SERGIO REDONDO PACHECO",1
"6122","GEORGINA TRIAS GIL","JULIO ROSADO MARTIN",1
"6123","GEORGINA TRIAS GIL","KATIUSKA DE LOS ANGELES GARCIA RAMIREZ",1
"6124","GEORGINA TRIAS GIL","LOURDES MENDEZ MONASTERIO",3
"6125","GEORGINA TRIAS GIL","LUIS GESTOSO DE MIGUEL",1
"6126","GEORGINA TRIAS GIL","MACARENA OLONA CHOCLAN",2
"6127","GEORGINA TRIAS GIL","MAGDALENA MARGARITA CONTESTI ROSSELLO",1
"6128","GEORGINA TRIAS GIL","MANUEL GONZALEZ BAZAN",1
"6129","GEORGINA TRIAS GIL","MANUEL MARISCAL ZABALA",3
"6130","GEORGINA TRIAS GIL","MANUEL MESTRE BAREA",2
"6131","GEORGINA TRIAS GIL","MANUEL RAFAEL RODRIGUEZ VALERO",1
"6132","GEORGINA TRIAS GIL","MANUELA BOLADO ALCALDE",1
"6133","GEORGINA TRIAS GIL","MANUELA DEL MAR MARTIN IBANEZ",1
"6134","GEORGINA TRIAS GIL","MARIA ARANZAZU MARTINEZ RIOLA",1
"6135","GEORGINA TRIAS GIL","MARIA BEATRIZ CASTILLEJO SEVILLA",1
"6136","GEORGINA TRIAS GIL","MARIA BELEN MANZANO SAGUAR",1
"6137","GEORGINA TRIAS GIL","MARIA DE LA CABEZA RUIZ SOLAS",3
"6138","GEORGINA TRIAS GIL","MARIA DE LA CRUZ LOZANO MARIN",1
"6139","GEORGINA TRIAS GIL","MARIA DE LOS REYES ROMERO VILCHES",3
"6140","GEORGINA TRIAS GIL","MARIA DEL PILAR BAOS REVILLA",1
"6141","GEORGINA TRIAS GIL","MARIA DOLORES MATEO MATEOS",1
"6142","GEORGINA TRIAS GIL","MARIA GEMA ESCOLANO BERNA",1
"6143","GEORGINA TRIAS GIL","MARIA INES DIAZ CASAS",1
"6144","GEORGINA TRIAS GIL","MARIA JOSE RODRIGUEZ DE MILLAN PARRO",1
"6145","GEORGINA TRIAS GIL","MARIA LOPEZ ZAMBRANO",1
"6146","GEORGINA TRIAS GIL","MARIA LUISA MENENDEZ MARTINEZ",1
"6147","GEORGINA TRIAS GIL","MARIA MAGDALENA NEVADO DEL CAMPO",1
"6148","GEORGINA TRIAS GIL","MARIA MAGDALENA PUENTEDURA PEREZ",1
"6149","GEORGINA TRIAS GIL","MARIA SUSANA JIMENEZ AIBAR",1
"6150","GEORGINA TRIAS GIL","MARIA TERESA GARCIA DE LA ROSA JIMENEZ",1
"6151","GEORGINA TRIAS GIL","MARIA TERESA LOPEZ ALVAREZ",1
"6152","GEORGINA TRIAS GIL","MARIA TERESA LOPEZ DIVASSON",1
"6153","GEORGINA TRIAS GIL","MARIA VIDAL BENNASAR",1
"6154","GEORGINA TRIAS GIL","MARIA ZULEMA SAN JOSE SANCHEZ",1
"6155","GEORGINA TRIAS GIL","MARINA DABAN ALONSO",1
"6156","GEORGINA TRIAS GIL","MARTA ALEGRIA MARTINEZ",1
"6157","GEORGINA TRIAS GIL","MARTA ALVAREZ BARRIO",1
"6158","GEORGINA TRIAS GIL","MARTA GERVASIA GARRIDO MORENO",1
"6159","GEORGINA TRIAS GIL","MARTA MARTIN CUSTODIO",1
"6160","GEORGINA TRIAS GIL","MIGUEL ANGEL FERNANDEZ LOPEZ",1
"6161","GEORGINA TRIAS GIL","MIGUEL MALDONADO CABALLERO",1
"6162","GEORGINA TRIAS GIL","MONICA LORA CISQUER",1
"6163","GEORGINA TRIAS GIL","OLIVIA MORENO NAVAS",1
"6164","GEORGINA TRIAS GIL","PABLO JUAN CALVO LISTE",1
"6165","GEORGINA TRIAS GIL","PABLO PEREZ GALLARDO",1
"6166","GEORGINA TRIAS GIL","PABLO SAEZ ALONSOMUNUMER",3
"6167","GEORGINA TRIAS GIL","PALOMA GOMEZ ENRIQUEZ",1
"6168","GEORGINA TRIAS GIL","PATRICIA DE LAS HERAS FERNANDEZ",1
"6169","GEORGINA TRIAS GIL","PATRICIA ESCAMEZ MARIN",1
"6170","GEORGINA TRIAS GIL","PATRICIA RUEDA PERELLO",3
"6171","GEORGINA TRIAS GIL","PAULA DE LOS ANGELES BADANELLI BERRIOZABAL",1
"6172","GEORGINA TRIAS GIL","PEDRO FERNANDEZ HERNANDEZ",3
"6173","GEORGINA TRIAS GIL","PEDRO JESUS REQUEJO NOVOA",1
"6174","GEORGINA TRIAS GIL","RAFAEL RICARDO GONZALEZ GALLEGO",1
"6175","GEORGINA TRIAS GIL","RAFAEL SEGOVIA BROME",1
"6176","GEORGINA TRIAS GIL","RICARDO CHAMORRO DELMO",3
"6177","GEORGINA TRIAS GIL","ROCIO DE MEER MENDEZ",3
"6178","GEORGINA TRIAS GIL","RODRIGO JIMENEZ REVUELTA",1
"6179","GEORGINA TRIAS GIL","RUBEN SILVANO MANSO OLIVAR",1
"6180","GEORGINA TRIAS GIL","SALOME NIETO TARRAGA",1
"6181","GEORGINA TRIAS GIL","SANTIAGO ABASCAL CONDE",3
"6182","GEORGINA TRIAS GIL","SERAFIN SERRANO MARIN",1
"6183","GEORGINA TRIAS GIL","SERGI FABRI LLAVERO",1
"6184","GEORGINA TRIAS GIL","SERGIO CHAGARTEGUI SANCHEZ",1
"6185","GEORGINA TRIAS GIL","SERGIO MACIAN DE GREEF",1
"6186","GEORGINA TRIAS GIL","SILVIA CLARA ENRIQUEZ GALLEGO",1
"6187","GEORGINA TRIAS GIL","SOLEDAD PEREZ RUBIO",1
"6188","GEORGINA TRIAS GIL","SONIA LUISA LALANDA SANMIGUEL",1
"6189","GEORGINA TRIAS GIL","SONSOLES PALACIOS MORENO",1
"6190","GEORGINA TRIAS GIL","TEODORO RAMON POZO MUNIZ",1
"6191","GEORGINA TRIAS GIL","TOMAS FERNANDEZ RIOS",1
"6192","GEORGINA TRIAS GIL","VALENTIN LOPEZ LOPEZ",1
"6193","GEORGINA TRIAS GIL","VICTOR GUIDO GONZALEZ COELLO DE PORTUGAL",2
"6194","GEORGINA TRIAS GIL","VICTOR MANUEL ACOSTA HERNANDEZ",1
"6195","GEORGINA TRIAS GIL","VICTOR MANUEL SANCHEZ DEL REAL",1
"6196","GEORGINA TRIAS GIL","VIRGINIA HUERTAS PECHUAN",1
"6197","GEORGINA TRIAS GIL","YOLANDA MERELO PALOMARES",1
"6198","GERARDO ACEITUNO CARRASCO","IGNACIO GARRIGA VAZ DE CONCICAO",2
"6199","GERARDO ACEITUNO CARRASCO","IGNACIO GIL LAZARO",3
"6200","GERARDO ACEITUNO CARRASCO","IGNACIO HOCES INIGUEZ",1
"6201","GERARDO ACEITUNO CARRASCO","ISMAEL IVAN VELEZ CIPRIANO",2
"6202","GERARDO ACEITUNO CARRASCO","IVAN ESPINOSA DE LOS MONTEROS DE SIMON",3
"6203","GERARDO ACEITUNO CARRASCO","JACOBO GONZALEZROBATTO PEROTE",1
"6204","GERARDO ACEITUNO CARRASCO","JAIME GONZALEZ CANOMANUEL",1
"6205","GERARDO ACEITUNO CARRASCO","JAIME JAVIER DOMINGO MARTINEZ",1
"6206","GERARDO ACEITUNO CARRASCO","JAVIER CORTES LUCENA",1
"6207","GERARDO ACEITUNO CARRASCO","JAVIER ORTEGA SMITHMOLINA",1
"6208","GERARDO ACEITUNO CARRASCO","JOAQUIN ROBLES LOPEZ",3
"6209","GERARDO ACEITUNO CARRASCO","JORGE CAMPOS ASENSI",1
"6210","GERARDO ACEITUNO CARRASCO","JOSE FRANCISCO GARRE IZQUIERDO",1
"6211","GERARDO ACEITUNO CARRASCO","JOSE MARIA FIGAREDO ALVAREZSALA",2
"6212","GERARDO ACEITUNO CARRASCO","JOSE MARIA ORTELLS POLO",1
"6213","GERARDO ACEITUNO CARRASCO","JOSE MARIA SANCHEZ GARCIA",2
"6214","GERARDO ACEITUNO CARRASCO","JOSE MARIA VAZQUEZ ALVAREZ",1
"6215","GERARDO ACEITUNO CARRASCO","JOSE RAMIREZ DEL RIO",2
"6216","GERARDO ACEITUNO CARRASCO","JUAN JOSE AIZCORBE TORRA",2
"6217","GERARDO ACEITUNO CARRASCO","JUAN JOSE BOSQUET ARIAS",1
"6218","GERARDO ACEITUNO CARRASCO","JUAN JOSE PENA CUESTA",1
"6219","GERARDO ACEITUNO CARRASCO","LOURDES MENDEZ MONASTERIO",3
"6220","GERARDO ACEITUNO CARRASCO","LUZ BELINDA RODRIGUEZ FERNANDEZ",1
"6221","GERARDO ACEITUNO CARRASCO","MACARENA OLONA CHOCLAN",3
"6222","GERARDO ACEITUNO CARRASCO","MAGDALENA MARGARITA CONTESTI ROSSELLO",1
"6223","GERARDO ACEITUNO CARRASCO","MANUEL GAVIRA FLORENTINO",1
"6224","GERARDO ACEITUNO CARRASCO","MANUEL GONZALEZ BAZAN",1
"6225","GERARDO ACEITUNO CARRASCO","MANUEL MARISCAL ZABALA",3
"6226","GERARDO ACEITUNO CARRASCO","MANUEL MESTRE BAREA",2
"6227","GERARDO ACEITUNO CARRASCO","MANUEL RAFAEL RODRIGUEZ VALERO",1
"6228","GERARDO ACEITUNO CARRASCO","MARIA DE LA CABEZA RUIZ SOLAS",3
"6229","GERARDO ACEITUNO CARRASCO","MARIA DE LOS REYES ROMERO VILCHES",3
"6230","GERARDO ACEITUNO CARRASCO","MARIA JOSE RODRIGUEZ DE MILLAN PARRO",2
"6231","GERARDO ACEITUNO CARRASCO","MARIA MAGDALENA NEVADO DEL CAMPO",1
"6232","GERARDO ACEITUNO CARRASCO","MARIA MAGDALENA PUENTEDURA PEREZ",1
"6233","GERARDO ACEITUNO CARRASCO","MARIA MERCEDES RODRIGUEZ TAMAYO",1
"6234","GERARDO ACEITUNO CARRASCO","MARIA TERESA LOPEZ ALVAREZ",1
"6235","GERARDO ACEITUNO CARRASCO","MARTA ALVAREZ BARRIO",1
"6236","GERARDO ACEITUNO CARRASCO","MIGUEL ANGEL FERNANDEZ LOPEZ",1
"6237","GERARDO ACEITUNO CARRASCO","PABLO JUAN CALVO LISTE",1
"6238","GERARDO ACEITUNO CARRASCO","PABLO SAEZ ALONSOMUNUMER",3
"6239","GERARDO ACEITUNO CARRASCO","PATRICIA DE LAS HERAS FERNANDEZ",1
"6240","GERARDO ACEITUNO CARRASCO","PATRICIA RUEDA PERELLO",3
"6241","GERARDO ACEITUNO CARRASCO","PEDRO FERNANDEZ HERNANDEZ",3
"6242","GERARDO ACEITUNO CARRASCO","PEDRO JESUS REQUEJO NOVOA",1
"6243","GERARDO ACEITUNO CARRASCO","PURIFICACION FERNANDEZ MORALES",1
"6244","GERARDO ACEITUNO CARRASCO","RAFAEL SEGOVIA BROME",1
"6245","GERARDO ACEITUNO CARRASCO","RICARDO CHAMORRO DELMO",3
"6246","GERARDO ACEITUNO CARRASCO","RICARDO LOPEZ OLEA",1
"6247","GERARDO ACEITUNO CARRASCO","ROCIO DE MEER MENDEZ",3
"6248","GERARDO ACEITUNO CARRASCO","RODRIGO JAVIER ALONSO FERNANDEZ",1
"6249","GERARDO ACEITUNO CARRASCO","RODRIGO JIMENEZ REVUELTA",1
"6250","GERARDO ACEITUNO CARRASCO","RUBEN SILVANO MANSO OLIVAR",1
"6251","GERARDO ACEITUNO CARRASCO","SANTIAGO ABASCAL CONDE",3
"6252","GERARDO ACEITUNO CARRASCO","SERAFIN SERRANO MARIN",1
"6253","GERARDO ACEITUNO CARRASCO","SERGIO MACIAN DE GREEF",1
"6254","GERARDO ACEITUNO CARRASCO","SONIA LUISA LALANDA SANMIGUEL",1
"6255","GERARDO ACEITUNO CARRASCO","TOMAS FERNANDEZ RIOS",1
"6256","GERARDO ACEITUNO CARRASCO","VICTOR GUIDO GONZALEZ COELLO DE PORTUGAL",2
"6257","GERARDO ACEITUNO CARRASCO","VICTOR MANUEL SANCHEZ DEL REAL",1
"6258","GERARDO ACEITUNO CARRASCO","YOLANDA MERELO PALOMARES",1
"6259","GERARDO SANCHEZ MUNOZ","JOSEFINA BLAZQUEZ SANCHEZ",1
"6260","GERARDO SANCHEZ MUNOZ","MANUEL MARISCAL ZABALA",1
"6261","GLORIA GAMONOSO FERRARO","JAIME JAVIER DOMINGO MARTINEZ",2
"6262","GLORIA GAMONOSO FERRARO","JAVIER CORTES LUCENA",2
"6263","GLORIA GAMONOSO FERRARO","JOSE MARIA ORTELLS POLO",1
"6264","GLORIA GAMONOSO FERRARO","JUAN JOSE BOSQUET ARIAS",1
"6265","GLORIA GAMONOSO FERRARO","JUAN JOSE COCA LOPEZ",1
"6266","GLORIA GAMONOSO FERRARO","MACARENA OLONA CHOCLAN",1
"6267","GLORIA GAMONOSO FERRARO","MANUEL GAVIRA FLORENTINO",2
"6268","GLORIA GAMONOSO FERRARO","MARIA CRISTINA PELAEZ IZQUIERDO",1
"6269","GLORIA GAMONOSO FERRARO","MARIA GORETTI EIBERLE SANCHEZ DE TOCA",1
"6270","GLORIA GAMONOSO FERRARO","MARIA JOSE RODRIGUEZ DE MILLAN PARRO",1
"6271","GLORIA GAMONOSO FERRARO","MARIA MAGDALENA PUENTEDURA PEREZ",1
"6272","GLORIA GAMONOSO FERRARO","MARIA MERCEDES RODRIGUEZ TAMAYO",1
"6273","GLORIA GAMONOSO FERRARO","NOELIA MARIA CAMPOS RODRIGUEZ",1
"6274","GLORIA GAMONOSO FERRARO","PAULA DE LOS ANGELES BADANELLI BERRIOZABAL",1
"6275","GLORIA GAMONOSO FERRARO","PURIFICACION FERNANDEZ MORALES",1
"6276","GLORIA GAMONOSO FERRARO","RAFAEL GARCIA ORTIZ",1
"6277","GLORIA GAMONOSO FERRARO","RAFAEL SEGOVIA BROME",2
"6278","GLORIA GAMONOSO FERRARO","RICARDO LOPEZ OLEA",2
"6279","GLORIA GAMONOSO FERRARO","ROCIO MARIN ORTEGA",1
"6280","GLORIA GAMONOSO FERRARO","RODRIGO JAVIER ALONSO FERNANDEZ",2
"6281","GONZALO BARALES LECUBE","SERGIO BOTONERO GALAN",1
"6282","GONZALO DAMIAN MONTOYA ALCOCER","MANUEL MESTRE BAREA",1
"6283","GONZALO MARIA GARCIA DE POLAVIEJA FERRE","LUZ BELINDA RODRIGUEZ FERNANDEZ",1
"6284","GONZALO MARIA GARCIA DE POLAVIEJA FERRE","MARIA CRISTINA PELAEZ IZQUIERDO",1
"6285","GRETTA MARTINEZ FLORES","MARCOS CANO GARCIA",1
"6286","GUADALUPE DE LA FUENTE ESPINOSA","INIGO HENRIQUEZ DE LUNA LOSADA",2
"6287","GUADALUPE DE LA FUENTE ESPINOSA","ISABEL PEREZ MONINOARANDA",1
"6288","GUADALUPE DE LA FUENTE ESPINOSA","JAVIER PEREZ GALLARDO",1
"6289","GUADALUPE DE LA FUENTE ESPINOSA","JORGE ARTURO CUTILLAS CORDON",2
"6290","GUADALUPE DE LA FUENTE ESPINOSA","JOSE ANTONIO FUSTER LAMELAS",1
"6291","GUADALUPE DE LA FUENTE ESPINOSA","JOSE IGNACIO ARIAS MORENO",2
"6292","GUADALUPE DE LA FUENTE ESPINOSA","JOSE LUIS RUIZ BARTOLOME",2
"6293","GUADALUPE DE LA FUENTE ESPINOSA","MARIA BELEN GONZALEZ MORENO",1
"6294","GUADALUPE DE LA FUENTE ESPINOSA","MARIANO CALABUIG MARTINEZ",1
"6295","GUADALUPE DE LA FUENTE ESPINOSA","ROCIO MONASTERIO SAN MARTIN",2
"6296","GUILLERMO CASTANO MATAS","INIGO HENRIQUEZ DE LUNA LOSADA",2
"6297","GUILLERMO CASTANO MATAS","ISABEL PEREZ MONINOARANDA",1
"6298","GUILLERMO CASTANO MATAS","JAVIER PEREZ GALLARDO",1
"6299","GUILLERMO CASTANO MATAS","JORGE ARTURO CUTILLAS CORDON",2
"6300","GUILLERMO CASTANO MATAS","JOSE ANTONIO FUSTER LAMELAS",1
"6301","GUILLERMO CASTANO MATAS","JOSE IGNACIO ARIAS MORENO",2
"6302","GUILLERMO CASTANO MATAS","JOSE LUIS RUIZ BARTOLOME",2
"6303","GUILLERMO CASTANO MATAS","MARIA BELEN GONZALEZ MORENO",1
"6304","GUILLERMO CASTANO MATAS","MARIANO CALABUIG MARTINEZ",1
"6305","GUILLERMO CASTANO MATAS","ROCIO MONASTERIO SAN MARTIN",2
"6306","GUILLERMO MARIA ALONSO DEL REAL BARRERA","MARIA DEL ROSARI FERNANDEZ ARACIL",1
"6307","GUSTAVO DE CASTRO SIERRA","JAVIER CORTES LUCENA",1
"6308","GUSTAVO DE CASTRO SIERRA","JUAN JOSE COCA LOPEZ",1
"6309","GUSTAVO DE CASTRO SIERRA","LUZ BELINDA RODRIGUEZ FERNANDEZ",1
"6310","GUSTAVO DE CASTRO SIERRA","MANUEL GAVIRA FLORENTINO",1
"6311","GUSTAVO DE CASTRO SIERRA","MARIA CRISTINA PELAEZ IZQUIERDO",1
"6312","GUSTAVO DE CASTRO SIERRA","MARIA DE LA CRUZ LOZANO MARIN",1
"6313","GUSTAVO DE CASTRO SIERRA","MARIA GORETTI EIBERLE SANCHEZ DE TOCA",1
"6314","GUSTAVO DE CASTRO SIERRA","NOELIA MARIA CAMPOS RODRIGUEZ",1
"6315","GUSTAVO DE CASTRO SIERRA","PAULA DE LOS ANGELES BADANELLI BERRIOZABAL",1
"6316","GUSTAVO DE CASTRO SIERRA","RAFAEL SEGOVIA BROME",1
"6317","GUSTAVO DE CASTRO SIERRA","RICARDO LOPEZ OLEA",1
"6318","GUSTAVO DE CASTRO SIERRA","ROCIO MARIN ORTEGA",1
"6319","GUSTAVO DE CASTRO SIERRA","RODRIGO JAVIER ALONSO FERNANDEZ",1
"6320","HECTOR ALACID LOPEZ","HERMANN LEOPOLD TERTSCH DEL VALLELERSUNDI",1
"6321","HECTOR ALACID LOPEZ","JORGE BUXADE VILLALBA",1
"6322","HECTOR ALACID LOPEZ","JORGE MARTIN FRIAS",1
"6323","HECTOR ALACID LOPEZ","JUAN CARLOS GIRAUTA VIDAL",1
"6324","HECTOR ALACID LOPEZ","MARGARITA DE LA PISA CARRION",1
"6325","HECTOR ALACID LOPEZ","MIREIA BORRAS PABON",1
"6326","HELI GARCIA GARCIA","HUGO FERRERAS CAZON",1
"6327","HERMANN LEOPOLD TERTSCH DEL VALLELERSUNDI","IGNACIO GARRIGA VAZ DE CONCICAO",1
"6328","HERMANN LEOPOLD TERTSCH DEL VALLELERSUNDI","IGNACIO HOCES INIGUEZ",1
"6329","HERMANN LEOPOLD TERTSCH DEL VALLELERSUNDI","ISABEL PEREZ MONINOARANDA",1
"6330","HERMANN LEOPOLD TERTSCH DEL VALLELERSUNDI","JAVIER PEREZ GALLARDO",1
"6331","HERMANN LEOPOLD TERTSCH DEL VALLELERSUNDI","JORGE ARTURO CUTILLAS CORDON",2
"6332","HERMANN LEOPOLD TERTSCH DEL VALLELERSUNDI","JORGE BUXADE VILLALBA",2
"6333","HERMANN LEOPOLD TERTSCH DEL VALLELERSUNDI","JORGE MARTIN FRIAS",1
"6334","HERMANN LEOPOLD TERTSCH DEL VALLELERSUNDI","JOSE IGNACIO ARIAS MORENO",1
"6335","HERMANN LEOPOLD TERTSCH DEL VALLELERSUNDI","JOSE MARIA FIGAREDO ALVAREZSALA",1
"6336","HERMANN LEOPOLD TERTSCH DEL VALLELERSUNDI","JOSE MARIA LLANOS PITARCH",1
"6337","HERMANN LEOPOLD TERTSCH DEL VALLELERSUNDI","JOSE MIGUEL TASENDE SOUTO",1
"6338","HERMANN LEOPOLD TERTSCH DEL VALLELERSUNDI","JUAN CARLOS GIRAUTA VIDAL",1
"6339","HERMANN LEOPOLD TERTSCH DEL VALLELERSUNDI","LOURDES MENDEZ MONASTERIO",1
"6340","HERMANN LEOPOLD TERTSCH DEL VALLELERSUNDI","LUZ BELINDA RODRIGUEZ FERNANDEZ",1
"6341","HERMANN LEOPOLD TERTSCH DEL VALLELERSUNDI","MACARENA OLONA CHOCLAN",1
"6342","HERMANN LEOPOLD TERTSCH DEL VALLELERSUNDI","MANUEL GONZALEZ BAZAN",1
"6343","HERMANN LEOPOLD TERTSCH DEL VALLELERSUNDI","MANUEL MARISCAL ZABALA",1
"6344","HERMANN LEOPOLD TERTSCH DEL VALLELERSUNDI","MARGARITA DE LA PISA CARRION",2
"6345","HERMANN LEOPOLD TERTSCH DEL VALLELERSUNDI","MARIA AMAYA MARTINEZ GRISALENA",1
"6346","HERMANN LEOPOLD TERTSCH DEL VALLELERSUNDI","MARIA DE LA CABEZA RUIZ SOLAS",1
"6347","HERMANN LEOPOLD TERTSCH DEL VALLELERSUNDI","MARIA DE LOS LLANOS MASSO LINARES",2
"6348","HERMANN LEOPOLD TERTSCH DEL VALLELERSUNDI","MARIA DE LOS REYES ROMERO VILCHES",1
"6349","HERMANN LEOPOLD TERTSCH DEL VALLELERSUNDI","MARIA JOSE VERDU TORRES",1
"6350","HERMANN LEOPOLD TERTSCH DEL VALLELERSUNDI","MARIA MAGDALENA NEVADO DEL CAMPO",1
"6351","HERMANN LEOPOLD TERTSCH DEL VALLELERSUNDI","MARIA SUSANA JIMENEZ AIBAR",1
"6352","HERMANN LEOPOLD TERTSCH DEL VALLELERSUNDI","MARIA TERESA NOSTI IZQUIERDO",1
"6353","HERMANN LEOPOLD TERTSCH DEL VALLELERSUNDI","MARTA FERNANDEZ MARTIN",1
"6354","HERMANN LEOPOLD TERTSCH DEL VALLELERSUNDI","MAZALY AGUILAR",1
"6355","HERMANN LEOPOLD TERTSCH DEL VALLELERSUNDI","MIREIA BORRAS PABON",1
"6356","HERMANN LEOPOLD TERTSCH DEL VALLELERSUNDI","MONICA LORA CISQUER",1
"6357","HERMANN LEOPOLD TERTSCH DEL VALLELERSUNDI","PATRICIA DE LAS HERAS FERNANDEZ",1
"6358","HERMANN LEOPOLD TERTSCH DEL VALLELERSUNDI","SALOME NIETO TARRAGA",1
"6359","HERMANN LEOPOLD TERTSCH DEL VALLELERSUNDI","SANTIAGO MORON SANJUAN",1
"6360","HERMANN LEOPOLD TERTSCH DEL VALLELERSUNDI","SERGIO MACIAN DE GREEF",1
"6361","HERMANN LEOPOLD TERTSCH DEL VALLELERSUNDI","SONIA LUISA LALANDA SANMIGUEL",1
"6362","HERMANN LEOPOLD TERTSCH DEL VALLELERSUNDI","VICTOR MANUEL SANCHEZ DEL REAL",1
"6363","IDOIA RIBAS MARINO","JORGE CAMPOS ASENSI",1
"6364","IDOIA RIBAS MARINO","JUAN JOSE SENDIN REBASSA",1
"6365","IDOIA RIBAS MARINO","MANUEL MAS SANCHEZ",1
"6366","IDOIA RIBAS MARINO","MARIA JOSE VERDU TORRES",1
"6367","IDOIA RIBAS MARINO","MARIA VIDAL BENNASAR",1
"6368","IDOIA RIBAS MARINO","PATRICIA DE LAS HERAS FERNANDEZ",1
"6369","IDOIA RIBAS MARINO","SERGIO RODRIGUEZ FARRE",1
"6370","IGNACIO DIAZ LANZA","JOSE MANUEL FERNANDEZ TESTA",1
"6371","IGNACIO ESTEBAN COMAMALA","MARGARITA DURAN VADELL",1
"6372","IGNACIO ESTEBAN COMAMALA","SANDRA CATALINA BARCELO SCHWARZ",1
"6373","IGNACIO GARRIGA VAZ DE CONCICAO","IGNACIO GIL LAZARO",3
"6374","IGNACIO GARRIGA VAZ DE CONCICAO","IGNACIO HOCES INIGUEZ",1
"6375","IGNACIO GARRIGA VAZ DE CONCICAO","IGNACIO SICILIA DOMENECH",1
"6376","IGNACIO GARRIGA VAZ DE CONCICAO","INES MARIA CANIZARES PACHECO",1
"6377","IGNACIO GARRIGA VAZ DE CONCICAO","ISABEL LAZARO PINA",3
"6378","IGNACIO GARRIGA VAZ DE CONCICAO","ISMAEL IVAN VELEZ CIPRIANO",3
"6379","IGNACIO GARRIGA VAZ DE CONCICAO","IVAN ESPINOSA DE LOS MONTEROS DE SIMON",3
"6380","IGNACIO GARRIGA VAZ DE CONCICAO","JACOBO GONZALEZROBATTO PEROTE",1
"6381","IGNACIO GARRIGA VAZ DE CONCICAO","JAIME GONZALEZ CANOMANUEL",1
"6382","IGNACIO GARRIGA VAZ DE CONCICAO","JAVIER ORTEGA SMITHMOLINA",1
"6383","IGNACIO GARRIGA VAZ DE CONCICAO","JAVIER RAMIREZ GUTIERREZ",1
"6384","IGNACIO GARRIGA VAZ DE CONCICAO","JESUS GARCIA ROYO",1
"6385","IGNACIO GARRIGA VAZ DE CONCICAO","JOAN GARRIGA DOMENECH",1
"6386","IGNACIO GARRIGA VAZ DE CONCICAO","JOAQUIN ROBLES LOPEZ",3
"6387","IGNACIO GARRIGA VAZ DE CONCICAO","JORGE ARTURO CUTILLAS CORDON",2
"6388","IGNACIO GARRIGA VAZ DE CONCICAO","JORGE BUXADE VILLALBA",1
"6389","IGNACIO GARRIGA VAZ DE CONCICAO","JORGE CAMPOS ASENSI",1
"6390","IGNACIO GARRIGA VAZ DE CONCICAO","JORGE MARTIN FRIAS",1
"6391","IGNACIO GARRIGA VAZ DE CONCICAO","JOSE FRANCISCO GARRE IZQUIERDO",1
"6392","IGNACIO GARRIGA VAZ DE CONCICAO","JOSE IGNACIO ARIAS MORENO",1
"6393","IGNACIO GARRIGA VAZ DE CONCICAO","JOSE JOAQUIN BENGOCHEA SECO",2
"6394","IGNACIO GARRIGA VAZ DE CONCICAO","JOSE LUIS FERNANDEZ SANTAMARIA",1
"6395","IGNACIO GARRIGA VAZ DE CONCICAO","JOSE MARCELO AMARILLA PEREZ",1
"6396","IGNACIO GARRIGA VAZ DE CONCICAO","JOSE MARIA FIGAREDO ALVAREZSALA",3
"6397","IGNACIO GARRIGA VAZ DE CONCICAO","JOSE MARIA MARCO TOBARRA",1
"6398","IGNACIO GARRIGA VAZ DE CONCICAO","JOSE MARIA SANCHEZ GARCIA",3
"6399","IGNACIO GARRIGA VAZ DE CONCICAO","JOSE MARIA VAZQUEZ ALVAREZ",1
"6400","IGNACIO GARRIGA VAZ DE CONCICAO","JOSE MIGUEL TASENDE SOUTO",1
"6401","IGNACIO GARRIGA VAZ DE CONCICAO","JOSE RAMIREZ DEL RIO",3
"6402","IGNACIO GARRIGA VAZ DE CONCICAO","JOSEFINA BLAZQUEZ SANCHEZ",2
"6403","IGNACIO GARRIGA VAZ DE CONCICAO","JUAN CARLOS GIRAUTA VIDAL",1
"6404","IGNACIO GARRIGA VAZ DE CONCICAO","JUAN DE LA CRUZ GARRIGA DOMENECH",1
"6405","IGNACIO GARRIGA VAZ DE CONCICAO","JUAN FRANCISCO ROJAS FERNANDEZ",1
"6406","IGNACIO GARRIGA VAZ DE CONCICAO","JUAN IGNACIO FERNANDEZ TOMAS",1
"6407","IGNACIO GARRIGA VAZ DE CONCICAO","JUAN JOSE AIZCORBE TORRA",3
"6408","IGNACIO GARRIGA VAZ DE CONCICAO","JULIA CALVET PUIG",1
"6409","IGNACIO GARRIGA VAZ DE CONCICAO","JULIO JOSE CALVO IGLESIAS",1
"6410","IGNACIO GARRIGA VAZ DE CONCICAO","LAURA GALAN RODRIGUEZ",1
"6411","IGNACIO GARRIGA VAZ DE CONCICAO","LOURDES MENDEZ MONASTERIO",3
"6412","IGNACIO GARRIGA VAZ DE CONCICAO","LUIS GESTOSO DE MIGUEL",2
"6413","IGNACIO GARRIGA VAZ DE CONCICAO","MACARENA OLONA CHOCLAN",2
"6414","IGNACIO GARRIGA VAZ DE CONCICAO","MAGDALENA MARGARITA CONTESTI ROSSELLO",1
"6415","IGNACIO GARRIGA VAZ DE CONCICAO","MANUEL GONZALEZ BAZAN",2
"6416","IGNACIO GARRIGA VAZ DE CONCICAO","MANUEL JESUS ACOSTA ELIAS",2
"6417","IGNACIO GARRIGA VAZ DE CONCICAO","MANUEL JORGE MARTIN MONTERO",1
"6418","IGNACIO GARRIGA VAZ DE CONCICAO","MANUEL MARISCAL ZABALA",3
"6419","IGNACIO GARRIGA VAZ DE CONCICAO","MANUEL MESTRE BAREA",2
"6420","IGNACIO GARRIGA VAZ DE CONCICAO","MANUEL RAFAEL RODRIGUEZ VALERO",1
"6421","IGNACIO GARRIGA VAZ DE CONCICAO","MARGARITA DE LA PISA CARRION",2
"6422","IGNACIO GARRIGA VAZ DE CONCICAO","MARIA DE LA CABEZA RUIZ SOLAS",3
"6423","IGNACIO GARRIGA VAZ DE CONCICAO","MARIA DE LOS REYES ROMERO VILCHES",3
"6424","IGNACIO GARRIGA VAZ DE CONCICAO","MARIA DOLORES GOMEZ MORENO",2
"6425","IGNACIO GARRIGA VAZ DE CONCICAO","MARIA ELISA GARCIA FUSTER",3
"6426","IGNACIO GARRIGA VAZ DE CONCICAO","MARIA ISABEL DOMINGUEZ POMARES",1
"6427","IGNACIO GARRIGA VAZ DE CONCICAO","MARIA ISABEL PEREZ MARTIN",1
"6428","IGNACIO GARRIGA VAZ DE CONCICAO","MARIA JOSE RODRIGUEZ DE MILLAN PARRO",1
"6429","IGNACIO GARRIGA VAZ DE CONCICAO","MARIA MAGDALENA NEVADO DEL CAMPO",3
"6430","IGNACIO GARRIGA VAZ DE CONCICAO","MARIA MERCEDES RODRIGUEZ TAMAYO",1
"6431","IGNACIO GARRIGA VAZ DE CONCICAO","MARIA TERESA ARNEDO PEREZ",2
"6432","IGNACIO GARRIGA VAZ DE CONCICAO","MARIA TERESA LOPEZ ALVAREZ",2
"6433","IGNACIO GARRIGA VAZ DE CONCICAO","MARIA TERESA LOPEZ DIVASSON",2
"6434","IGNACIO GARRIGA VAZ DE CONCICAO","MARTA ALVAREZ BARRIO",1
"6435","IGNACIO GARRIGA VAZ DE CONCICAO","MARTA FERNANDEZ MARTIN",1
"6436","IGNACIO GARRIGA VAZ DE CONCICAO","MARTA GERVASIA GARRIDO MORENO",1
"6437","IGNACIO GARRIGA VAZ DE CONCICAO","MIGUEL ANGEL FERNANDEZ LOPEZ",2
"6438","IGNACIO GARRIGA VAZ DE CONCICAO","MIGUEL ANGEL LOPEZ FERNANDEZ",1
"6439","IGNACIO GARRIGA VAZ DE CONCICAO","MIREIA BORRAS PABON",3
"6440","IGNACIO GARRIGA VAZ DE CONCICAO","MONICA LORA CISQUER",3
"6441","IGNACIO GARRIGA VAZ DE CONCICAO","OSCAR ARTURO FERNANDEZ CALLE",1
"6442","IGNACIO GARRIGA VAZ DE CONCICAO","PABLO JUAN CALVO LISTE",3
"6443","IGNACIO GARRIGA VAZ DE CONCICAO","PABLO SAEZ ALONSOMUNUMER",3
"6444","IGNACIO GARRIGA VAZ DE CONCICAO","PALOMA GOMEZ ENRIQUEZ",1
"6445","IGNACIO GARRIGA VAZ DE CONCICAO","PATRICIA DE LAS HERAS FERNANDEZ",1
"6446","IGNACIO GARRIGA VAZ DE CONCICAO","PATRICIA RUEDA PERELLO",3
"6447","IGNACIO GARRIGA VAZ DE CONCICAO","PEDRO FERNANDEZ HERNANDEZ",3
"6448","IGNACIO GARRIGA VAZ DE CONCICAO","PEDRO JESUS REQUEJO NOVOA",3
"6449","IGNACIO GARRIGA VAZ DE CONCICAO","RAFAEL VILLAFRANCA MERCE",1
"6450","IGNACIO GARRIGA VAZ DE CONCICAO","RAQUEL TOMAS PEDROSA",1
"6451","IGNACIO GARRIGA VAZ DE CONCICAO","RICARDO BELDA VALIENTE",2
"6452","IGNACIO GARRIGA VAZ DE CONCICAO","RICARDO CHAMORRO DELMO",3
"6453","IGNACIO GARRIGA VAZ DE CONCICAO","ROCIO DE MEER MENDEZ",3
"6454","IGNACIO GARRIGA VAZ DE CONCICAO","RODRIGO JIMENEZ REVUELTA",3
"6455","IGNACIO GARRIGA VAZ DE CONCICAO","RUBEN SILVANO MANSO OLIVAR",2
"6456","IGNACIO GARRIGA VAZ DE CONCICAO","SANTIAGO ABASCAL CONDE",3
"6457","IGNACIO GARRIGA VAZ DE CONCICAO","SARA CONCEPCION ALVAREZ ROUCO",1
"6458","IGNACIO GARRIGA VAZ DE CONCICAO","SERAFIN SERRANO MARIN",1
"6459","IGNACIO GARRIGA VAZ DE CONCICAO","SERGI FABRI LLAVERO",2
"6460","IGNACIO GARRIGA VAZ DE CONCICAO","SERGIO BOTONERO GALAN",1
"6461","IGNACIO GARRIGA VAZ DE CONCICAO","SERGIO MACIAN DE GREEF",5
"6462","IGNACIO GARRIGA VAZ DE CONCICAO","SONIA LUISA LALANDA SANMIGUEL",2
"6463","IGNACIO GARRIGA VAZ DE CONCICAO","TOMAS FERNANDEZ RIOS",3
"6464","IGNACIO GARRIGA VAZ DE CONCICAO","VICTOR GUIDO GONZALEZ COELLO DE PORTUGAL",3
"6465","IGNACIO GARRIGA VAZ DE CONCICAO","VICTOR MANUEL SANCHEZ DEL REAL",2
"6466","IGNACIO GARRIGA VAZ DE CONCICAO","YOLANDA MERELO PALOMARES",2
"6467","IGNACIO GIL LAZARO","IGNACIO HOCES INIGUEZ",1
"6468","IGNACIO GIL LAZARO","IGNACIO MENENDEZ MEDRANO",1
"6469","IGNACIO GIL LAZARO","IGNACIO SICILIA DOMENECH",1
"6470","IGNACIO GIL LAZARO","INES MARIA CANIZARES PACHECO",2
"6471","IGNACIO GIL LAZARO","IRENE HERRERO RUBERT",1
"6472","IGNACIO GIL LAZARO","ISABEL LAZARO PINA",2
"6473","IGNACIO GIL LAZARO","ISMAEL IVAN VELEZ CIPRIANO",3
"6474","IGNACIO GIL LAZARO","IVAN ESPINOSA DE LOS MONTEROS DE SIMON",3
"6475","IGNACIO GIL LAZARO","JACOBO GONZALEZROBATTO PEROTE",1
"6476","IGNACIO GIL LAZARO","JAIME GONZALEZ CANOMANUEL",1
"6477","IGNACIO GIL LAZARO","JAIME JAVIER DOMINGO MARTINEZ",1
"6478","IGNACIO GIL LAZARO","JAVIER BRAVO ARROBAS",1
"6479","IGNACIO GIL LAZARO","JAVIER JOVE SANDOVAL",1
"6480","IGNACIO GIL LAZARO","JAVIER ORTEGA SMITHMOLINA",1
"6481","IGNACIO GIL LAZARO","JAVIER PEREZ GALLARDO",1
"6482","IGNACIO GIL LAZARO","JESUS GARCIA ROYO",1
"6483","IGNACIO GIL LAZARO","JOAQUIN ROBLES LOPEZ",3
"6484","IGNACIO GIL LAZARO","JORGE ARTURO CUTILLAS CORDON",3
"6485","IGNACIO GIL LAZARO","JORGE CAMPOS ASENSI",1
"6486","IGNACIO GIL LAZARO","JORGE MARTIN FRIAS",1
"6487","IGNACIO GIL LAZARO","JORGE MARTIN TRANCON",1
"6488","IGNACIO GIL LAZARO","JOSE ANTONIO GOMILA ORTEGA",1
"6489","IGNACIO GIL LAZARO","JOSE FRANCISCO GARRE IZQUIERDO",1
"6490","IGNACIO GIL LAZARO","JOSE IGNACIO ARIAS MORENO",2
"6491","IGNACIO GIL LAZARO","JOSE JOAQUIN BENGOCHEA SECO",2
"6492","IGNACIO GIL LAZARO","JOSE LUIS FERNANDEZ SANTAMARIA",1
"6493","IGNACIO GIL LAZARO","JOSE MANUEL MARTIN CAMACHO",1
"6494","IGNACIO GIL LAZARO","JOSE MARCELO AMARILLA PEREZ",1
"6495","IGNACIO GIL LAZARO","JOSE MARIA ANTON GARCIA",1
"6496","IGNACIO GIL LAZARO","JOSE MARIA FIGAREDO ALVAREZSALA",3
"6497","IGNACIO GIL LAZARO","JOSE MARIA MARCO TOBARRA",1
"6498","IGNACIO GIL LAZARO","JOSE MARIA SANCHEZ GARCIA",3
"6499","IGNACIO GIL LAZARO","JOSE MARIA VAZQUEZ ALVAREZ",1
"6500","IGNACIO GIL LAZARO","JOSE MIGUEL TASENDE SOUTO",2
"6501","IGNACIO GIL LAZARO","JOSE RAMIREZ DEL RIO",3
"6502","IGNACIO GIL LAZARO","JOSEFINA BLAZQUEZ SANCHEZ",3
"6503","IGNACIO GIL LAZARO","JUAN CARLOS VICENTE MARTINEZ",1
"6504","IGNACIO GIL LAZARO","JUAN FRANCISCO ROJAS FERNANDEZ",2
"6505","IGNACIO GIL LAZARO","JUAN IGNACIO FERNANDEZ TOMAS",1
"6506","IGNACIO GIL LAZARO","JUAN JOSE AIZCORBE TORRA",3
"6507","IGNACIO GIL LAZARO","JUAN SERGIO REDONDO PACHECO",1
"6508","IGNACIO GIL LAZARO","JULIO JOSE CALVO IGLESIAS",1
"6509","IGNACIO GIL LAZARO","JULIO ROSADO MARTIN",1
"6510","IGNACIO GIL LAZARO","KATIUSKA DE LOS ANGELES GARCIA RAMIREZ",1
"6511","IGNACIO GIL LAZARO","LAURA GALAN RODRIGUEZ",1
"6512","IGNACIO GIL LAZARO","LOURDES MENDEZ MONASTERIO",3
"6513","IGNACIO GIL LAZARO","LUIS GESTOSO DE MIGUEL",3
"6514","IGNACIO GIL LAZARO","MACARENA OLONA CHOCLAN",2
"6515","IGNACIO GIL LAZARO","MAGDALENA MARGARITA CONTESTI ROSSELLO",1
"6516","IGNACIO GIL LAZARO","MANUEL GONZALEZ BAZAN",2
"6517","IGNACIO GIL LAZARO","MANUEL JORGE MARTIN MONTERO",1
"6518","IGNACIO GIL LAZARO","MANUEL MARISCAL ZABALA",3
"6519","IGNACIO GIL LAZARO","MANUEL MESTRE BAREA",2
"6520","IGNACIO GIL LAZARO","MANUEL RAFAEL RODRIGUEZ VALERO",1
"6521","IGNACIO GIL LAZARO","MANUELA BOLADO ALCALDE",1
"6522","IGNACIO GIL LAZARO","MANUELA DEL MAR MARTIN IBANEZ",1
"6523","IGNACIO GIL LAZARO","MARGARITA DE LA PISA CARRION",1
"6524","IGNACIO GIL LAZARO","MARIA ARANZAZU MARTINEZ RIOLA",1
"6525","IGNACIO GIL LAZARO","MARIA BEATRIZ CASTILLEJO SEVILLA",1
"6526","IGNACIO GIL LAZARO","MARIA BELEN MANZANO SAGUAR",1
"6527","IGNACIO GIL LAZARO","MARIA DE LA CABEZA RUIZ SOLAS",3
"6528","IGNACIO GIL LAZARO","MARIA DE LA CRUZ LOZANO MARIN",1
"6529","IGNACIO GIL LAZARO","MARIA DE LOS REYES ROMERO VILCHES",3
"6530","IGNACIO GIL LAZARO","MARIA DEL PILAR BAOS REVILLA",1
"6531","IGNACIO GIL LAZARO","MARIA DOLORES GOMEZ MORENO",2
"6532","IGNACIO GIL LAZARO","MARIA DOLORES MATEO MATEOS",1
"6533","IGNACIO GIL LAZARO","MARIA ELISA GARCIA FUSTER",1
"6534","IGNACIO GIL LAZARO","MARIA GEMA ESCOLANO BERNA",1
"6535","IGNACIO GIL LAZARO","MARIA INES DIAZ CASAS",1
"6536","IGNACIO GIL LAZARO","MARIA ISABEL DOMINGUEZ POMARES",1
"6537","IGNACIO GIL LAZARO","MARIA ISABEL PEREZ MARTIN",1
"6538","IGNACIO GIL LAZARO","MARIA JOSE RODRIGUEZ DE MILLAN PARRO",1
"6539","IGNACIO GIL LAZARO","MARIA LOPEZ ZAMBRANO",1
"6540","IGNACIO GIL LAZARO","MARIA LUISA MENENDEZ MARTINEZ",1
"6541","IGNACIO GIL LAZARO","MARIA MAGDALENA NEVADO DEL CAMPO",3
"6542","IGNACIO GIL LAZARO","MARIA MAGDALENA PUENTEDURA PEREZ",1
"6543","IGNACIO GIL LAZARO","MARIA MERCEDES RODRIGUEZ TAMAYO",1
"6544","IGNACIO GIL LAZARO","MARIA SUSANA JIMENEZ AIBAR",1
"6545","IGNACIO GIL LAZARO","MARIA TERESA ARNEDO PEREZ",2
"6546","IGNACIO GIL LAZARO","MARIA TERESA GARCIA DE LA ROSA JIMENEZ",1
"6547","IGNACIO GIL LAZARO","MARIA TERESA LOPEZ ALVAREZ",2
"6548","IGNACIO GIL LAZARO","MARIA TERESA LOPEZ DIVASSON",3
"6549","IGNACIO GIL LAZARO","MARIA VIDAL BENNASAR",1
"6550","IGNACIO GIL LAZARO","MARIA ZULEMA SAN JOSE SANCHEZ",1
"6551","IGNACIO GIL LAZARO","MARINA DABAN ALONSO",1
"6552","IGNACIO GIL LAZARO","MARTA ALEGRIA MARTINEZ",1
"6553","IGNACIO GIL LAZARO","MARTA ALVAREZ BARRIO",1
"6554","IGNACIO GIL LAZARO","MARTA FERNANDEZ MARTIN",1
"6555","IGNACIO GIL LAZARO","MARTA GERVASIA GARRIDO MORENO",2
"6556","IGNACIO GIL LAZARO","MARTA MARTIN CUSTODIO",1
"6557","IGNACIO GIL LAZARO","MIGUEL ANGEL FERNANDEZ LOPEZ",2
"6558","IGNACIO GIL LAZARO","MIGUEL ANGEL LOPEZ FERNANDEZ",1
"6559","IGNACIO GIL LAZARO","MIGUEL MALDONADO CABALLERO",1
"6560","IGNACIO GIL LAZARO","MIREIA BORRAS PABON",2
"6561","IGNACIO GIL LAZARO","MONICA LORA CISQUER",2
"6562","IGNACIO GIL LAZARO","OLIVIA MORENO NAVAS",1
"6563","IGNACIO GIL LAZARO","OSCAR ARTURO FERNANDEZ CALLE",1
"6564","IGNACIO GIL LAZARO","PABLO JUAN CALVO LISTE",3
"6565","IGNACIO GIL LAZARO","PABLO PEREZ GALLARDO",1
"6566","IGNACIO GIL LAZARO","PABLO SAEZ ALONSOMUNUMER",3
"6567","IGNACIO GIL LAZARO","PALOMA GOMEZ ENRIQUEZ",2
"6568","IGNACIO GIL LAZARO","PATRICIA DE LAS HERAS FERNANDEZ",1
"6569","IGNACIO GIL LAZARO","PATRICIA ESCAMEZ MARIN",1
"6570","IGNACIO GIL LAZARO","PATRICIA RUEDA PERELLO",3
"6571","IGNACIO GIL LAZARO","PAULA DE LOS ANGELES BADANELLI BERRIOZABAL",1
"6572","IGNACIO GIL LAZARO","PEDRO FERNANDEZ HERNANDEZ",3
"6573","IGNACIO GIL LAZARO","PEDRO JESUS REQUEJO NOVOA",3
"6574","IGNACIO GIL LAZARO","RAFAEL RICARDO GONZALEZ GALLEGO",1
"6575","IGNACIO GIL LAZARO","RAFAEL SEGOVIA BROME",1
"6576","IGNACIO GIL LAZARO","RAQUEL TOMAS PEDROSA",1
"6577","IGNACIO GIL LAZARO","RICARDO BELDA VALIENTE",2
"6578","IGNACIO GIL LAZARO","RICARDO CHAMORRO DELMO",3
"6579","IGNACIO GIL LAZARO","ROCIO DE MEER MENDEZ",3
"6580","IGNACIO GIL LAZARO","RODRIGO JIMENEZ REVUELTA",3
"6581","IGNACIO GIL LAZARO","RUBEN SILVANO MANSO OLIVAR",2
"6582","IGNACIO GIL LAZARO","SALOME NIETO TARRAGA",1
"6583","IGNACIO GIL LAZARO","SANTIAGO ABASCAL CONDE",3
"6584","IGNACIO GIL LAZARO","SARA CONCEPCION ALVAREZ ROUCO",1
"6585","IGNACIO GIL LAZARO","SERAFIN SERRANO MARIN",1
"6586","IGNACIO GIL LAZARO","SERGI FABRI LLAVERO",1
"6587","IGNACIO GIL LAZARO","SERGIO BOTONERO GALAN",1
"6588","IGNACIO GIL LAZARO","SERGIO CHAGARTEGUI SANCHEZ",1
"6589","IGNACIO GIL LAZARO","SERGIO MACIAN DE GREEF",3
"6590","IGNACIO GIL LAZARO","SILVIA CLARA ENRIQUEZ GALLEGO",1
"6591","IGNACIO GIL LAZARO","SOLEDAD PEREZ RUBIO",1
"6592","IGNACIO GIL LAZARO","SONIA LUISA LALANDA SANMIGUEL",2
"6593","IGNACIO GIL LAZARO","SONSOLES PALACIOS MORENO",1
"6594","IGNACIO GIL LAZARO","TEODORO RAMON POZO MUNIZ",1
"6595","IGNACIO GIL LAZARO","TOMAS FERNANDEZ RIOS",3
"6596","IGNACIO GIL LAZARO","VALENTIN LOPEZ LOPEZ",1
"6597","IGNACIO GIL LAZARO","VICTOR GUIDO GONZALEZ COELLO DE PORTUGAL",3
"6598","IGNACIO GIL LAZARO","VICTOR MANUEL ACOSTA HERNANDEZ",1
"6599","IGNACIO GIL LAZARO","VICTOR MANUEL SANCHEZ DEL REAL",2
"6600","IGNACIO GIL LAZARO","VIRGINIA HUERTAS PECHUAN",1
"6601","IGNACIO GIL LAZARO","YOLANDA MERELO PALOMARES",2
"6602","IGNACIO GONZALEZ VELAYOS","INIGO HENRIQUEZ DE LUNA LOSADA",3
"6603","IGNACIO GONZALEZ VELAYOS","ISABEL PEREZ MONINOARANDA",1
"6604","IGNACIO GONZALEZ VELAYOS","JAVIER PEREZ GALLARDO",1
"6605","IGNACIO GONZALEZ VELAYOS","JORGE ARTURO CUTILLAS CORDON",3
"6606","IGNACIO GONZALEZ VELAYOS","JOSE ANTONIO FUSTER LAMELAS",1
"6607","IGNACIO GONZALEZ VELAYOS","JOSE IGNACIO ARIAS MORENO",2
"6608","IGNACIO GONZALEZ VELAYOS","JOSE LUIS RUIZ BARTOLOME",2
"6609","IGNACIO GONZALEZ VELAYOS","JOSE MARIA MARCO TOBARRA",1
"6610","IGNACIO GONZALEZ VELAYOS","MARIA BELEN GONZALEZ MORENO",1
"6611","IGNACIO GONZALEZ VELAYOS","MARIA GABRIELA MATE GARABITO",1
"6612","IGNACIO GONZALEZ VELAYOS","MARIANO CALABUIG MARTINEZ",2
"6613","IGNACIO GONZALEZ VELAYOS","ROCIO MONASTERIO SAN MARTIN",3
"6614","IGNACIO HOCES INIGUEZ","IGNACIO MENENDEZ MEDRANO",1
"6615","IGNACIO HOCES INIGUEZ","INES MARIA CANIZARES PACHECO",1
"6616","IGNACIO HOCES INIGUEZ","IRENE HERRERO RUBERT",1
"6617","IGNACIO HOCES INIGUEZ","ISMAEL IVAN VELEZ CIPRIANO",1
"6618","IGNACIO HOCES INIGUEZ","IVAN ESPINOSA DE LOS MONTEROS DE SIMON",1
"6619","IGNACIO HOCES INIGUEZ","JACOBO GONZALEZROBATTO PEROTE",1
"6620","IGNACIO HOCES INIGUEZ","JAIME JAVIER DOMINGO MARTINEZ",1
"6621","IGNACIO HOCES INIGUEZ","JAVIER BRAVO ARROBAS",1
"6622","IGNACIO HOCES INIGUEZ","JAVIER JOVE SANDOVAL",1
"6623","IGNACIO HOCES INIGUEZ","JAVIER PEREZ GALLARDO",1
"6624","IGNACIO HOCES INIGUEZ","JOAQUIN ROBLES LOPEZ",1
"6625","IGNACIO HOCES INIGUEZ","JORGE ARTURO CUTILLAS CORDON",1
"6626","IGNACIO HOCES INIGUEZ","JORGE BUXADE VILLALBA",1
"6627","IGNACIO HOCES INIGUEZ","JORGE CAMPOS ASENSI",1
"6628","IGNACIO HOCES INIGUEZ","JORGE MARTIN FRIAS",2
"6629","IGNACIO HOCES INIGUEZ","JORGE MARTIN TRANCON",1
"6630","IGNACIO HOCES INIGUEZ","JOSE ANTONIO GOMILA ORTEGA",1
"6631","IGNACIO HOCES INIGUEZ","JOSE FRANCISCO GARRE IZQUIERDO",1
"6632","IGNACIO HOCES INIGUEZ","JOSE IGNACIO ARIAS MORENO",1
"6633","IGNACIO HOCES INIGUEZ","JOSE MANUEL MARTIN CAMACHO",1
"6634","IGNACIO HOCES INIGUEZ","JOSE MARIA ANTON GARCIA",1
"6635","IGNACIO HOCES INIGUEZ","JOSE MARIA FIGAREDO ALVAREZSALA",1
"6636","IGNACIO HOCES INIGUEZ","JOSE MARIA SANCHEZ GARCIA",1
"6637","IGNACIO HOCES INIGUEZ","JOSE MIGUEL TASENDE SOUTO",1
"6638","IGNACIO HOCES INIGUEZ","JOSE RAMIREZ DEL RIO",1
"6639","IGNACIO HOCES INIGUEZ","JOSEFINA BLAZQUEZ SANCHEZ",1
"6640","IGNACIO HOCES INIGUEZ","JUAN CARLOS GIRAUTA VIDAL",1
"6641","IGNACIO HOCES INIGUEZ","JUAN CARLOS VICENTE MARTINEZ",1
"6642","IGNACIO HOCES INIGUEZ","JUAN FRANCISCO ROJAS FERNANDEZ",1
"6643","IGNACIO HOCES INIGUEZ","JUAN JOSE AIZCORBE TORRA",1
"6644","IGNACIO HOCES INIGUEZ","JUAN SERGIO REDONDO PACHECO",1
"6645","IGNACIO HOCES INIGUEZ","JULIO ROSADO MARTIN",1
"6646","IGNACIO HOCES INIGUEZ","KATIUSKA DE LOS ANGELES GARCIA RAMIREZ",1
"6647","IGNACIO HOCES INIGUEZ","LOURDES MENDEZ MONASTERIO",1
"6648","IGNACIO HOCES INIGUEZ","LUIS GESTOSO DE MIGUEL",1
"6649","IGNACIO HOCES INIGUEZ","MANUEL MARISCAL ZABALA",1
"6650","IGNACIO HOCES INIGUEZ","MANUELA BOLADO ALCALDE",1
"6651","IGNACIO HOCES INIGUEZ","MANUELA DEL MAR MARTIN IBANEZ",1
"6652","IGNACIO HOCES INIGUEZ","MARGARITA DE LA PISA CARRION",1
"6653","IGNACIO HOCES INIGUEZ","MARIA ARANZAZU MARTINEZ RIOLA",1
"6654","IGNACIO HOCES INIGUEZ","MARIA BEATRIZ CASTILLEJO SEVILLA",1
"6655","IGNACIO HOCES INIGUEZ","MARIA BELEN MANZANO SAGUAR",1
"6656","IGNACIO HOCES INIGUEZ","MARIA DE LA CABEZA RUIZ SOLAS",1
"6657","IGNACIO HOCES INIGUEZ","MARIA DE LA CRUZ LOZANO MARIN",1
"6658","IGNACIO HOCES INIGUEZ","MARIA DE LOS REYES ROMERO VILCHES",1
"6659","IGNACIO HOCES INIGUEZ","MARIA DEL PILAR BAOS REVILLA",1
"6660","IGNACIO HOCES INIGUEZ","MARIA DOLORES MATEO MATEOS",1
"6661","IGNACIO HOCES INIGUEZ","MARIA GEMA ESCOLANO BERNA",1
"6662","IGNACIO HOCES INIGUEZ","MARIA INES DIAZ CASAS",1
"6663","IGNACIO HOCES INIGUEZ","MARIA JOSE RODRIGUEZ DE MILLAN PARRO",1
"6664","IGNACIO HOCES INIGUEZ","MARIA LOPEZ ZAMBRANO",1
"6665","IGNACIO HOCES INIGUEZ","MARIA LUISA MENENDEZ MARTINEZ",1
"6666","IGNACIO HOCES INIGUEZ","MARIA MAGDALENA NEVADO DEL CAMPO",1
"6667","IGNACIO HOCES INIGUEZ","MARIA MAGDALENA PUENTEDURA PEREZ",1
"6668","IGNACIO HOCES INIGUEZ","MARIA SUSANA JIMENEZ AIBAR",1
"6669","IGNACIO HOCES INIGUEZ","MARIA TERESA GARCIA DE LA ROSA JIMENEZ",1
"6670","IGNACIO HOCES INIGUEZ","MARIA TERESA LOPEZ ALVAREZ",1
"6671","IGNACIO HOCES INIGUEZ","MARIA TERESA LOPEZ DIVASSON",1
"6672","IGNACIO HOCES INIGUEZ","MARIA VIDAL BENNASAR",1
"6673","IGNACIO HOCES INIGUEZ","MARIA ZULEMA SAN JOSE SANCHEZ",1
"6674","IGNACIO HOCES INIGUEZ","MARINA DABAN ALONSO",1
"6675","IGNACIO HOCES INIGUEZ","MARTA ALEGRIA MARTINEZ",1
"6676","IGNACIO HOCES INIGUEZ","MARTA GERVASIA GARRIDO MORENO",1
"6677","IGNACIO HOCES INIGUEZ","MARTA MARTIN CUSTODIO",1
"6678","IGNACIO HOCES INIGUEZ","MIGUEL MALDONADO CABALLERO",1
"6679","IGNACIO HOCES INIGUEZ","MIREIA BORRAS PABON",1
"6680","IGNACIO HOCES INIGUEZ","MONICA LORA CISQUER",1
"6681","IGNACIO HOCES INIGUEZ","OLIVIA MORENO NAVAS",1
"6682","IGNACIO HOCES INIGUEZ","PABLO JUAN CALVO LISTE",1
"6683","IGNACIO HOCES INIGUEZ","PABLO PEREZ GALLARDO",1
"6684","IGNACIO HOCES INIGUEZ","PABLO SAEZ ALONSOMUNUMER",1
"6685","IGNACIO HOCES INIGUEZ","PALOMA GOMEZ ENRIQUEZ",1
"6686","IGNACIO HOCES INIGUEZ","PATRICIA ESCAMEZ MARIN",1
"6687","IGNACIO HOCES INIGUEZ","PATRICIA RUEDA PERELLO",1
"6688","IGNACIO HOCES INIGUEZ","PAULA DE LOS ANGELES BADANELLI BERRIOZABAL",1
"6689","IGNACIO HOCES INIGUEZ","PEDRO FERNANDEZ HERNANDEZ",1
"6690","IGNACIO HOCES INIGUEZ","PEDRO JESUS REQUEJO NOVOA",1
"6691","IGNACIO HOCES INIGUEZ","RAFAEL RICARDO GONZALEZ GALLEGO",1
"6692","IGNACIO HOCES INIGUEZ","RAFAEL SEGOVIA BROME",1
"6693","IGNACIO HOCES INIGUEZ","RICARDO CHAMORRO DELMO",1
"6694","IGNACIO HOCES INIGUEZ","ROCIO DE MEER MENDEZ",1
"6695","IGNACIO HOCES INIGUEZ","RODRIGO JIMENEZ REVUELTA",1
"6696","IGNACIO HOCES INIGUEZ","SALOME NIETO TARRAGA",1
"6697","IGNACIO HOCES INIGUEZ","SANTIAGO ABASCAL CONDE",1
"6698","IGNACIO HOCES INIGUEZ","SERGI FABRI LLAVERO",1
"6699","IGNACIO HOCES INIGUEZ","SERGIO CHAGARTEGUI SANCHEZ",1
"6700","IGNACIO HOCES INIGUEZ","SERGIO MACIAN DE GREEF",1
"6701","IGNACIO HOCES INIGUEZ","SILVIA CLARA ENRIQUEZ GALLEGO",1
"6702","IGNACIO HOCES INIGUEZ","SOLEDAD PEREZ RUBIO",1
"6703","IGNACIO HOCES INIGUEZ","SONSOLES PALACIOS MORENO",1
"6704","IGNACIO HOCES INIGUEZ","TEODORO RAMON POZO MUNIZ",1
"6705","IGNACIO HOCES INIGUEZ","TOMAS FERNANDEZ RIOS",1
"6706","IGNACIO HOCES INIGUEZ","VALENTIN LOPEZ LOPEZ",1
"6707","IGNACIO HOCES INIGUEZ","VICTOR GUIDO GONZALEZ COELLO DE PORTUGAL",1
"6708","IGNACIO HOCES INIGUEZ","VICTOR MANUEL ACOSTA HERNANDEZ",1
"6709","IGNACIO HOCES INIGUEZ","VIRGINIA HUERTAS PECHUAN",1
"6710","IGNACIO HOCES INIGUEZ","YOLANDA MERELO PALOMARES",1
"6711","IGNACIO MANUEL MUNIZ MAQUEDA","MARIA DE LOS REYES ROMERO VILCHES",1
"6712","IGNACIO MENENDEZ MEDRANO","INIGO HENRIQUEZ DE LUNA LOSADA",1
"6713","IGNACIO MENENDEZ MEDRANO","ISABEL PEREZ MONINOARANDA",1
"6714","IGNACIO MENENDEZ MEDRANO","ISMAEL IVAN VELEZ CIPRIANO",1
"6715","IGNACIO MENENDEZ MEDRANO","IVAN ESPINOSA DE LOS MONTEROS DE SIMON",1
"6716","IGNACIO MENENDEZ MEDRANO","JACOBO GONZALEZROBATTO PEROTE",1
"6717","IGNACIO MENENDEZ MEDRANO","JOAQUIN ROBLES LOPEZ",1
"6718","IGNACIO MENENDEZ MEDRANO","JORGE ARTURO CUTILLAS CORDON",1
"6719","IGNACIO MENENDEZ MEDRANO","JORGE CAMPOS ASENSI",1
"6720","IGNACIO MENENDEZ MEDRANO","JOSE ANTONIO FUSTER LAMELAS",1
"6721","IGNACIO MENENDEZ MEDRANO","JOSE FRANCISCO GARRE IZQUIERDO",1
"6722","IGNACIO MENENDEZ MEDRANO","JOSE IGNACIO ARIAS MORENO",1
"6723","IGNACIO MENENDEZ MEDRANO","JOSE LUIS RUIZ BARTOLOME",1
"6724","IGNACIO MENENDEZ MEDRANO","JOSE MARIA FIGAREDO ALVAREZSALA",1
"6725","IGNACIO MENENDEZ MEDRANO","JOSE MARIA SANCHEZ GARCIA",1
"6726","IGNACIO MENENDEZ MEDRANO","JOSE RAMIREZ DEL RIO",1
"6727","IGNACIO MENENDEZ MEDRANO","JUAN JOSE AIZCORBE TORRA",1
"6728","IGNACIO MENENDEZ MEDRANO","LOURDES MENDEZ MONASTERIO",1
"6729","IGNACIO MENENDEZ MEDRANO","MANUEL MARISCAL ZABALA",1
"6730","IGNACIO MENENDEZ MEDRANO","MARIA BELEN GONZALEZ MORENO",1
"6731","IGNACIO MENENDEZ MEDRANO","MARIA DE LA CABEZA RUIZ SOLAS",1
"6732","IGNACIO MENENDEZ MEDRANO","MARIA DE LOS REYES ROMERO VILCHES",1
"6733","IGNACIO MENENDEZ MEDRANO","MARIA ELENA ALVAREZ GOMEZ",1
"6734","IGNACIO MENENDEZ MEDRANO","MARIA JOSE RODRIGUEZ DE MILLAN PARRO",1
"6735","IGNACIO MENENDEZ MEDRANO","MARIA MAGDALENA NEVADO DEL CAMPO",1
"6736","IGNACIO MENENDEZ MEDRANO","MARIA TERESA LOPEZ ALVAREZ",1
"6737","IGNACIO MENENDEZ MEDRANO","PABLO JUAN CALVO LISTE",1
"6738","IGNACIO MENENDEZ MEDRANO","PABLO SAEZ ALONSOMUNUMER",1
"6739","IGNACIO MENENDEZ MEDRANO","PATRICIA RUEDA PERELLO",1
"6740","IGNACIO MENENDEZ MEDRANO","PEDRO FERNANDEZ HERNANDEZ",1
"6741","IGNACIO MENENDEZ MEDRANO","PEDRO JESUS REQUEJO NOVOA",1
"6742","IGNACIO MENENDEZ MEDRANO","RICARDO CHAMORRO DELMO",1
"6743","IGNACIO MENENDEZ MEDRANO","ROCIO DE MEER MENDEZ",1
"6744","IGNACIO MENENDEZ MEDRANO","ROCIO MONASTERIO SAN MARTIN",1
"6745","IGNACIO MENENDEZ MEDRANO","RODRIGO JIMENEZ REVUELTA",1
"6746","IGNACIO MENENDEZ MEDRANO","SANTIAGO ABASCAL CONDE",1
"6747","IGNACIO MENENDEZ MEDRANO","SERGIO MACIAN DE GREEF",1
"6748","IGNACIO MENENDEZ MEDRANO","TOMAS FERNANDEZ RIOS",1
"6749","IGNACIO MENENDEZ MEDRANO","VICTOR GUIDO GONZALEZ COELLO DE PORTUGAL",1
"6750","IGNACIO MENENDEZ MEDRANO","YOLANDA MERELO PALOMARES",1
"6751","IGNACIO SERRANO GARRIDO","INIGO HENRIQUEZ DE LUNA LOSADA",1
"6752","IGNACIO SERRANO GARRIDO","JAVIER PEREZ GALLARDO",1
"6753","IGNACIO SERRANO GARRIDO","JORGE ARTURO CUTILLAS CORDON",1
"6754","IGNACIO SERRANO GARRIDO","JOSE IGNACIO ARIAS MORENO",1
"6755","IGNACIO SERRANO GARRIDO","JOSE LUIS RUIZ BARTOLOME",1
"6756","IGNACIO SERRANO GARRIDO","MARIANO CALABUIG MARTINEZ",1
"6757","IGNACIO SERRANO GARRIDO","MIGUEL ANGEL DIEZ GARCIA",1
"6758","IGNACIO SERRANO GARRIDO","ROCIO MONASTERIO SAN MARTIN",1
"6759","IGNACIO SICILIA DOMENECH","IVAN ESPINOSA DE LOS MONTEROS DE SIMON",1
"6760","IGNACIO SICILIA DOMENECH","JESUS JIMENEZ MIGUEL",1
"6761","IGNACIO SICILIA DOMENECH","JOAQUIN ROBLES LOPEZ",1
"6762","IGNACIO SICILIA DOMENECH","JONATHAN GARCIA GARCIA",1
"6763","IGNACIO SICILIA DOMENECH","JOSE ALBERTO DIAZ PICO",1
"6764","IGNACIO SICILIA DOMENECH","JOSE ANTONIO PALOMO MARTIN",2
"6765","IGNACIO SICILIA DOMENECH","JOSE LUIS ROJO GARCIA",1
"6766","IGNACIO SICILIA DOMENECH","JOSE MARIA FIGAREDO ALVAREZSALA",1
"6767","IGNACIO SICILIA DOMENECH","JOSE MARIA VAZQUEZ ALVAREZ",1
"6768","IGNACIO SICILIA DOMENECH","JOSE RAMIREZ DEL RIO",1
"6769","IGNACIO SICILIA DOMENECH","JUAN GARCIAGALLARDO FRINGS",1
"6770","IGNACIO SICILIA DOMENECH","LAURA DORREIS ALONSO",1
"6771","IGNACIO SICILIA DOMENECH","LAURA GALLEGO GASPAR",1
"6772","IGNACIO SICILIA DOMENECH","LOURDES MENDEZ MONASTERIO",1
"6773","IGNACIO SICILIA DOMENECH","LUIS CARLOS GIMENEZ BALMORI",1
"6774","IGNACIO SICILIA DOMENECH","MACARENA OLONA CHOCLAN",1
"6775","IGNACIO SICILIA DOMENECH","MANUEL MARISCAL ZABALA",1
"6776","IGNACIO SICILIA DOMENECH","MANUEL MESTRE BAREA",1
"6777","IGNACIO SICILIA DOMENECH","MARIA ALEJANDRA MEDINA SANZ",1
"6778","IGNACIO SICILIA DOMENECH","MARIA DE FATIMA PINACHO FERNANDEZ",2
"6779","IGNACIO SICILIA DOMENECH","MARIA DE LA CABEZA RUIZ SOLAS",1
"6780","IGNACIO SICILIA DOMENECH","MARIA DE LOS REYES ROMERO VILCHES",1
"6781","IGNACIO SICILIA DOMENECH","MARIA DOLORES MATEO MATEOS",1
"6782","IGNACIO SICILIA DOMENECH","MARIA ISABEL PEREZ MARTIN",1
"6783","IGNACIO SICILIA DOMENECH","MARIA LUISA CALVO ENRIQUEZ",2
"6784","IGNACIO SICILIA DOMENECH","MARTA ALEGRIA MARTINEZ",2
"6785","IGNACIO SICILIA DOMENECH","MAURICIO ANGULO GUERRERO",1
"6786","IGNACIO SICILIA DOMENECH","MIGUEL CONTRERAS MARTINEZ",1
"6787","IGNACIO SICILIA DOMENECH","PABLO SAEZ ALONSOMUNUMER",1
"6788","IGNACIO SICILIA DOMENECH","PATRICIA RUEDA PERELLO",1
"6789","IGNACIO SICILIA DOMENECH","PEDRO FERNANDEZ HERNANDEZ",1
"6790","IGNACIO SICILIA DOMENECH","RICARDO CHAMORRO DELMO",1
"6791","IGNACIO SICILIA DOMENECH","ROCIO DE MEER MENDEZ",1
"6792","IGNACIO SICILIA DOMENECH","SANTIAGO ABASCAL CONDE",1
"6793","IGNACIO SICILIA DOMENECH","SERGIO CHAGARTEGUI SANCHEZ",1
"6794","IGNACIO SICILIA DOMENECH","SUSANA SUAREZ VILLAGRA",2
"6795","IGNACIO SICILIA DOMENECH","VICTOR MANUEL SANCHEZ DEL REAL",1
"6796","INES CHECA MALLEBRERA","JAVIER BRAVO ARROBAS",1
"6797","INES CHECA MALLEBRERA","JORGE MARTIN TRANCON",1
"6798","INES CHECA MALLEBRERA","JOSE MARCELO AMARILLA PEREZ",1
"6799","INES CHECA MALLEBRERA","JUAN JOSE GARCIA GARCIA",1
"6800","INES CHECA MALLEBRERA","LAURA GALAN RODRIGUEZ",1
"6801","INES CHECA MALLEBRERA","MARIA JESUS SALVATIERRA GORDILLO",1
"6802","INES CHECA MALLEBRERA","MARTA GERVASIA GARRIDO MORENO",1
"6803","INES CHECA MALLEBRERA","OSCAR ARTURO FERNANDEZ CALLE",1
"6804","INES MARIA CANIZARES PACHECO","ISMAEL IVAN VELEZ CIPRIANO",1
"6805","INES MARIA CANIZARES PACHECO","IVAN ESPINOSA DE LOS MONTEROS DE SIMON",2
"6806","INES MARIA CANIZARES PACHECO","JACOBO GONZALEZROBATTO PEROTE",1
"6807","INES MARIA CANIZARES PACHECO","JOAQUIN ROBLES LOPEZ",2
"6808","INES MARIA CANIZARES PACHECO","JORGE CAMPOS ASENSI",1
"6809","INES MARIA CANIZARES PACHECO","JOSE FRANCISCO GARRE IZQUIERDO",1
"6810","INES MARIA CANIZARES PACHECO","JOSE MARIA FIGAREDO ALVAREZSALA",2
"6811","INES MARIA CANIZARES PACHECO","JOSE MARIA SANCHEZ GARCIA",1
"6812","INES MARIA CANIZARES PACHECO","JOSE MARIA VAZQUEZ ALVAREZ",1
"6813","INES MARIA CANIZARES PACHECO","JOSE RAMIREZ DEL RIO",2
"6814","INES MARIA CANIZARES PACHECO","JUAN JOSE AIZCORBE TORRA",1
"6815","INES MARIA CANIZARES PACHECO","JUAN MARIA MARIN RELANZON",1
"6816","INES MARIA CANIZARES PACHECO","LOURDES MENDEZ MONASTERIO",2
"6817","INES MARIA CANIZARES PACHECO","MACARENA OLONA CHOCLAN",1
"6818","INES MARIA CANIZARES PACHECO","MANUEL MARISCAL ZABALA",2
"6819","INES MARIA CANIZARES PACHECO","MANUEL MESTRE BAREA",1
"6820","INES MARIA CANIZARES PACHECO","MARIA DE LA CABEZA RUIZ SOLAS",2
"6821","INES MARIA CANIZARES PACHECO","MARIA DE LOS REYES ROMERO VILCHES",2
"6822","INES MARIA CANIZARES PACHECO","MARIA JOSE RODRIGUEZ DE MILLAN PARRO",1
"6823","INES MARIA CANIZARES PACHECO","MARIA MAGDALENA NEVADO DEL CAMPO",1
"6824","INES MARIA CANIZARES PACHECO","MARIA TERESA LOPEZ ALVAREZ",1
"6825","INES MARIA CANIZARES PACHECO","PABLO JUAN CALVO LISTE",1
"6826","INES MARIA CANIZARES PACHECO","PABLO SAEZ ALONSOMUNUMER",2
"6827","INES MARIA CANIZARES PACHECO","PATRICIA RUEDA PERELLO",2
"6828","INES MARIA CANIZARES PACHECO","PEDRO FERNANDEZ HERNANDEZ",2
"6829","INES MARIA CANIZARES PACHECO","PEDRO JESUS REQUEJO NOVOA",1
"6830","INES MARIA CANIZARES PACHECO","RICARDO CHAMORRO DELMO",2
"6831","INES MARIA CANIZARES PACHECO","ROCIO DE MEER MENDEZ",2
"6832","INES MARIA CANIZARES PACHECO","RODRIGO JIMENEZ REVUELTA",1
"6833","INES MARIA CANIZARES PACHECO","SANTIAGO ABASCAL CONDE",2
"6834","INES MARIA CANIZARES PACHECO","SERGIO MACIAN DE GREEF",1
"6835","INES MARIA CANIZARES PACHECO","TOMAS FERNANDEZ RIOS",1
"6836","INES MARIA CANIZARES PACHECO","VICTOR GUIDO GONZALEZ COELLO DE PORTUGAL",1
"6837","INES MARIA CANIZARES PACHECO","VICTOR MANUEL SANCHEZ DEL REAL",1
"6838","INES MARIA CANIZARES PACHECO","YOLANDA MERELO PALOMARES",1
"6839","INIGO HENRIQUEZ DE LUNA LOSADA","ISABEL PEREZ MONINOARANDA",3
"6840","INIGO HENRIQUEZ DE LUNA LOSADA","ISRAEL DIAZ LOPEZ",1
"6841","INIGO HENRIQUEZ DE LUNA LOSADA","JAVIER DIAZ SANCHEZ",3
"6842","INIGO HENRIQUEZ DE LUNA LOSADA","JAVIER PEREZ GALLARDO",3
"6843","INIGO HENRIQUEZ DE LUNA LOSADA","JESUS FERNANDEZ SERRANO",2
"6844","INIGO HENRIQUEZ DE LUNA LOSADA","JESUS IGNACIO DE LA FUENTE MOLINERO",3
"6845","INIGO HENRIQUEZ DE LUNA LOSADA","JORGE ARTURO CUTILLAS CORDON",3
"6846","INIGO HENRIQUEZ DE LUNA LOSADA","JORGE MANUEL MIRAT GALET",2
"6847","INIGO HENRIQUEZ DE LUNA LOSADA","JORGE MARTIN MOROLLON",2
"6848","INIGO HENRIQUEZ DE LUNA LOSADA","JOSE ANTONIO FUSTER LAMELAS",1
"6849","INIGO HENRIQUEZ DE LUNA LOSADA","JOSE IGNACIO ARIAS MORENO",3
"6850","INIGO HENRIQUEZ DE LUNA LOSADA","JOSE LUIS NARROS MANZANERO",1
"6851","INIGO HENRIQUEZ DE LUNA LOSADA","JOSE LUIS RUIZ BARTOLOME",3
"6852","INIGO HENRIQUEZ DE LUNA LOSADA","JOSE MANUEL FERNANDEZ TESTA",3
"6853","INIGO HENRIQUEZ DE LUNA LOSADA","JOSE MARIA MARCO TOBARRA",1
"6854","INIGO HENRIQUEZ DE LUNA LOSADA","JOSE MIGUEL GONZALEZ JIMENEZ",1
"6855","INIGO HENRIQUEZ DE LUNA LOSADA","JOSE RODRIGUEZ CUADRADO",2
"6856","INIGO HENRIQUEZ DE LUNA LOSADA","JOSE ROMERO BAENA",1
"6857","INIGO HENRIQUEZ DE LUNA LOSADA","JUAN CARLOS VICENTE MARTINEZ",2
"6858","INIGO HENRIQUEZ DE LUNA LOSADA","JUAN IGNACIO FERNANDEZ TOMAS",2
"6859","INIGO HENRIQUEZ DE LUNA LOSADA","JUAN IGNACIO PINEDA SALVADOR",3
"6860","INIGO HENRIQUEZ DE LUNA LOSADA","JUAN MARCOS MANRIQUE LOPEZ",2
"6861","INIGO HENRIQUEZ DE LUNA LOSADA","MACARENA DUQUE MARTINEZ",1
"6862","INIGO HENRIQUEZ DE LUNA LOSADA","MARIA AMPARO ORTEGA HERNANDEZ",1
"6863","INIGO HENRIQUEZ DE LUNA LOSADA","MARIA AZULEMA MINGARRO DOMINGUEZ",1
"6864","INIGO HENRIQUEZ DE LUNA LOSADA","MARIA BELEN GONZALEZ MORENO",1
"6865","INIGO HENRIQUEZ DE LUNA LOSADA","MARIA DE LA O LLAMES FERNANDEZ",1
"6866","INIGO HENRIQUEZ DE LUNA LOSADA","MARIA DEL PILAR BAOS REVILLA",1
"6867","INIGO HENRIQUEZ DE LUNA LOSADA","MARIA DEL ROCIO AVEZUELA MIGUEL",1
"6868","INIGO HENRIQUEZ DE LUNA LOSADA","MARIA SUSANA JIMENEZ AIBAR",2
"6869","INIGO HENRIQUEZ DE LUNA LOSADA","MARIA TERESA LOPEZ DIVASSON",3
"6870","INIGO HENRIQUEZ DE LUNA LOSADA","MARIANO CALABUIG MARTINEZ",3
"6871","INIGO HENRIQUEZ DE LUNA LOSADA","MARTA IBERO DURAN",3
"6872","INIGO HENRIQUEZ DE LUNA LOSADA","MIGUEL ANGEL DIEZ GARCIA",2
"6873","INIGO HENRIQUEZ DE LUNA LOSADA","MIGUEL GUADALFAJARA ROZAS",2
"6874","INIGO HENRIQUEZ DE LUNA LOSADA","MIGUEL MALDONADO CABALLERO",2
"6875","INIGO HENRIQUEZ DE LUNA LOSADA","NATHALIE GUICHARD DE ARTINANO",1
"6876","INIGO HENRIQUEZ DE LUNA LOSADA","NURIA LATORRE SANDONIS",2
"6877","INIGO HENRIQUEZ DE LUNA LOSADA","OSCAR FELIPE DE TORRES NEIRA",1
"6878","INIGO HENRIQUEZ DE LUNA LOSADA","PABLO PEREZ GALLARDO",2
"6879","INIGO HENRIQUEZ DE LUNA LOSADA","PATRICIA DONCEL COMY",2
"6880","INIGO HENRIQUEZ DE LUNA LOSADA","PEDRO JOSE MALLEN VAZQUEZ",2
"6881","INIGO HENRIQUEZ DE LUNA LOSADA","PEDRO MORENO GOMEZ",1
"6882","INIGO HENRIQUEZ DE LUNA LOSADA","PEDRO PORCHER PEREZ",1
"6883","INIGO HENRIQUEZ DE LUNA LOSADA","PEDRO VICENTE MAJOLERO LOPEZ",1
"6884","INIGO HENRIQUEZ DE LUNA LOSADA","REBECA ORTEGO CONESA",1
"6885","INIGO HENRIQUEZ DE LUNA LOSADA","ROCIO MONASTERIO SAN MARTIN",3
"6886","INIGO HENRIQUEZ DE LUNA LOSADA","RUBEN SUAREZ FERNANDEZ",2
"6887","INIGO HENRIQUEZ DE LUNA LOSADA","SALOME NIETO TARRAGA",2
"6888","INIGO HENRIQUEZ DE LUNA LOSADA","SANTIAGO ABASCAL CONDE",2
"6889","INIGO HENRIQUEZ DE LUNA LOSADA","SANTIAGO RAMON CABANAS BURKHALTER",1
"6890","INIGO HENRIQUEZ DE LUNA LOSADA","SELENE MARIA DURAN SANCHEZ",1
"6891","INIGO HENRIQUEZ DE LUNA LOSADA","SONSOLES PALACIOS MORENO",2
"6892","INIGO HENRIQUEZ DE LUNA LOSADA","TERESA ANGULLO GARCIA",3
"6893","INIGO HENRIQUEZ DE LUNA LOSADA","URSULA MARIANA HERNANDEZ ZUNIGA",1
"6894","INIGO HENRIQUEZ DE LUNA LOSADA","VALENTINA DEL CAMPILLO HOLZWARTH",1
"6895","INIGO HENRIQUEZ DE LUNA LOSADA","VICTOR MANUEL ACOSTA HERNANDEZ",2
"6896","INIGO HENRIQUEZ DE LUNA LOSADA","VICTOR MANUEL CARRETERO RUFO",1
"6897","INIGO HENRIQUEZ DE LUNA LOSADA","VICTOR SANCHEZ SANCHEZ",2
"6898","INIGO HENRIQUEZ DE LUNA LOSADA","YOLANDA TORRES BRAVO",2
"6899","INIGO PABLO OSUNA GONZALEZ DE AGUILAR","JAVIER CORTES LUCENA",1
"6900","INIGO PABLO OSUNA GONZALEZ DE AGUILAR","JUAN JOSE COCA LOPEZ",1
"6901","INIGO PABLO OSUNA GONZALEZ DE AGUILAR","MANUEL GAVIRA FLORENTINO",1
"6902","INIGO PABLO OSUNA GONZALEZ DE AGUILAR","MARIA CRISTINA PELAEZ IZQUIERDO",1
"6903","INIGO PABLO OSUNA GONZALEZ DE AGUILAR","MARIA GORETTI EIBERLE SANCHEZ DE TOCA",1
"6904","INIGO PABLO OSUNA GONZALEZ DE AGUILAR","NOELIA MARIA CAMPOS RODRIGUEZ",1
"6905","INIGO PABLO OSUNA GONZALEZ DE AGUILAR","PAULA DE LOS ANGELES BADANELLI BERRIOZABAL",1
"6906","INIGO PABLO OSUNA GONZALEZ DE AGUILAR","RAFAEL SEGOVIA BROME",1
"6907","INIGO PABLO OSUNA GONZALEZ DE AGUILAR","RICARDO LOPEZ OLEA",1
"6908","INIGO PABLO OSUNA GONZALEZ DE AGUILAR","ROCIO MARIN ORTEGA",1
"6909","INIGO PABLO OSUNA GONZALEZ DE AGUILAR","RODRIGO JAVIER ALONSO FERNANDEZ",1
"6910","IRENE HERRERO RUBERT","ISMAEL IVAN VELEZ CIPRIANO",1
"6911","IRENE HERRERO RUBERT","IVAN ESPINOSA DE LOS MONTEROS DE SIMON",1
"6912","IRENE HERRERO RUBERT","JACOBO GONZALEZROBATTO PEROTE",1
"6913","IRENE HERRERO RUBERT","JOAQUIN ROBLES LOPEZ",1
"6914","IRENE HERRERO RUBERT","JORGE CAMPOS ASENSI",1
"6915","IRENE HERRERO RUBERT","JOSE FRANCISCO GARRE IZQUIERDO",1
"6916","IRENE HERRERO RUBERT","JOSE LUIS AGUIRRE LARRAURI",1
"6917","IRENE HERRERO RUBERT","JOSE MARIA FIGAREDO ALVAREZSALA",1
"6918","IRENE HERRERO RUBERT","JOSE MARIA LLANOS PITARCH",1
"6919","IRENE HERRERO RUBERT","JOSE MARIA SANCHEZ GARCIA",1
"6920","IRENE HERRERO RUBERT","JOSE RAMIREZ DEL RIO",1
"6921","IRENE HERRERO RUBERT","JUAN JOSE AIZCORBE TORRA",1
"6922","IRENE HERRERO RUBERT","JULIA MARIA LLOPIS NOHEDA",1
"6923","IRENE HERRERO RUBERT","LOURDES MENDEZ MONASTERIO",1
"6924","IRENE HERRERO RUBERT","MANUEL MARISCAL ZABALA",1
"6925","IRENE HERRERO RUBERT","MARIA DE LA CABEZA RUIZ SOLAS",1
"6926","IRENE HERRERO RUBERT","MARIA DE LOS ANGELES CRIADO GONZALBEZ",1
"6927","IRENE HERRERO RUBERT","MARIA DE LOS LLANOS MASSO LINARES",1
"6928","IRENE HERRERO RUBERT","MARIA DE LOS REYES ROMERO VILCHES",1
"6929","IRENE HERRERO RUBERT","MARIA JOSE RODRIGUEZ DE MILLAN PARRO",1
"6930","IRENE HERRERO RUBERT","MARIA MAGDALENA NEVADO DEL CAMPO",1
"6931","IRENE HERRERO RUBERT","MARIA TERESA LOPEZ ALVAREZ",1
"6932","IRENE HERRERO RUBERT","MIGUEL PASCUAL PEREZ",1
"6933","IRENE HERRERO RUBERT","PABLO JUAN CALVO LISTE",1
"6934","IRENE HERRERO RUBERT","PABLO SAEZ ALONSOMUNUMER",1
"6935","IRENE HERRERO RUBERT","PATRICIA RUEDA PERELLO",1
"6936","IRENE HERRERO RUBERT","PEDRO FERNANDEZ HERNANDEZ",1
"6937","IRENE HERRERO RUBERT","PEDRO JESUS REQUEJO NOVOA",1
"6938","IRENE HERRERO RUBERT","RICARDO CHAMORRO DELMO",1
"6939","IRENE HERRERO RUBERT","ROCIO DE MEER MENDEZ",1
"6940","IRENE HERRERO RUBERT","RODRIGO JIMENEZ REVUELTA",1
"6941","IRENE HERRERO RUBERT","SANTIAGO ABASCAL CONDE",1
"6942","IRENE HERRERO RUBERT","SERGIO MACIAN DE GREEF",1
"6943","IRENE HERRERO RUBERT","TOMAS FERNANDEZ RIOS",1
"6944","IRENE HERRERO RUBERT","VICTOR GUIDO GONZALEZ COELLO DE PORTUGAL",1
"6945","IRENE HERRERO RUBERT","YOLANDA MERELO PALOMARES",1
"6946","ISAAC GARCIA NARROS","URSULA MARIANA HERNANDEZ ZUNIGA",1
"6947","ISABEL ALEJANDRA CEBALLOS MARTINEZ","JOSE MANUEL CESAR BERENGUEL",1
"6948","ISABEL LAZARO PINA","ISMAEL IVAN VELEZ CIPRIANO",1
"6949","ISABEL LAZARO PINA","IVAN ESPINOSA DE LOS MONTEROS DE SIMON",2
"6950","ISABEL LAZARO PINA","JAIME GONZALEZ CANOMANUEL",1
"6951","ISABEL LAZARO PINA","JAVIER ORTEGA SMITHMOLINA",1
"6952","ISABEL LAZARO PINA","JOAQUIN ROBLES LOPEZ",2
"6953","ISABEL LAZARO PINA","JOSE MARIA FIGAREDO ALVAREZSALA",1
"6954","ISABEL LAZARO PINA","JOSE MARIA SANCHEZ GARCIA",1
"6955","ISABEL LAZARO PINA","JOSE MARIA VAZQUEZ ALVAREZ",1
"6956","ISABEL LAZARO PINA","JOSE RAMIREZ DEL RIO",1
"6957","ISABEL LAZARO PINA","JUAN DE LA CRUZ GARRIGA DOMENECH",1
"6958","ISABEL LAZARO PINA","JUAN JOSE AIZCORBE TORRA",1
"6959","ISABEL LAZARO PINA","LOURDES MENDEZ MONASTERIO",2
"6960","ISABEL LAZARO PINA","MACARENA OLONA CHOCLAN",2
"6961","ISABEL LAZARO PINA","MAGDALENA MARGARITA CONTESTI ROSSELLO",1
"6962","ISABEL LAZARO PINA","MANUEL GONZALEZ BAZAN",1
"6963","ISABEL LAZARO PINA","MANUEL JESUS ACOSTA ELIAS",1
"6964","ISABEL LAZARO PINA","MANUEL MARISCAL ZABALA",2
"6965","ISABEL LAZARO PINA","MANUEL MESTRE BAREA",2
"6966","ISABEL LAZARO PINA","MANUEL RAFAEL RODRIGUEZ VALERO",1
"6967","ISABEL LAZARO PINA","MARIA DE LA CABEZA RUIZ SOLAS",2
"6968","ISABEL LAZARO PINA","MARIA DE LOS REYES ROMERO VILCHES",2
"6969","ISABEL LAZARO PINA","MARIA ELISA GARCIA FUSTER",1
"6970","ISABEL LAZARO PINA","MARTA ALVAREZ BARRIO",1
"6971","ISABEL LAZARO PINA","MIGUEL ANGEL FERNANDEZ LOPEZ",1
"6972","ISABEL LAZARO PINA","MONICA LORA CISQUER",1
"6973","ISABEL LAZARO PINA","PABLO SAEZ ALONSOMUNUMER",2
"6974","ISABEL LAZARO PINA","PATRICIA DE LAS HERAS FERNANDEZ",1
"6975","ISABEL LAZARO PINA","PATRICIA RUEDA PERELLO",2
"6976","ISABEL LAZARO PINA","PEDRO FERNANDEZ HERNANDEZ",2
"6977","ISABEL LAZARO PINA","RICARDO CHAMORRO DELMO",2
"6978","ISABEL LAZARO PINA","ROCIO DE MEER MENDEZ",2
"6979","ISABEL LAZARO PINA","RUBEN SILVANO MANSO OLIVAR",1
"6980","ISABEL LAZARO PINA","SANTIAGO ABASCAL CONDE",2
"6981","ISABEL LAZARO PINA","SERAFIN SERRANO MARIN",1
"6982","ISABEL LAZARO PINA","SERGI FABRI LLAVERO",1
"6983","ISABEL LAZARO PINA","SERGIO MACIAN DE GREEF",1
"6984","ISABEL LAZARO PINA","SONIA LUISA LALANDA SANMIGUEL",1
"6985","ISABEL LAZARO PINA","VICTOR GUIDO GONZALEZ COELLO DE PORTUGAL",1
"6986","ISABEL LAZARO PINA","VICTOR MANUEL SANCHEZ DEL REAL",1
"6987","ISABEL MADERA FREIXAS","JAVIER CORTES LUCENA",1
"6988","ISABEL MADERA FREIXAS","JUAN JOSE COCA LOPEZ",1
"6989","ISABEL MADERA FREIXAS","MANUEL GAVIRA FLORENTINO",1
"6990","ISABEL MADERA FREIXAS","MARIA CRISTINA PELAEZ IZQUIERDO",1
"6991","ISABEL MADERA FREIXAS","MARIA GORETTI EIBERLE SANCHEZ DE TOCA",1
"6992","ISABEL MADERA FREIXAS","NOELIA MARIA CAMPOS RODRIGUEZ",1
"6993","ISABEL MADERA FREIXAS","PAULA DE LOS ANGELES BADANELLI BERRIOZABAL",1
"6994","ISABEL MADERA FREIXAS","RAFAEL SEGOVIA BROME",1
"6995","ISABEL MADERA FREIXAS","RICARDO LOPEZ OLEA",1
"6996","ISABEL MADERA FREIXAS","ROCIO MARIN ORTEGA",1
"6997","ISABEL MADERA FREIXAS","RODRIGO JAVIER ALONSO FERNANDEZ",1
"6998","ISABEL MADERA FREIXAS","VALENTIN ANTONIO AYESA ZAYAS",1
"6999","ISABEL MARIA FERRER ASENSIO","MARIA DEL PILAR VILCHEZ CONESA",1
"7000","ISABEL MARIA ZAPATA RUBIO","PABLO ALBERTO RUIZ SANCHEZ",1
"7001","ISABEL PEREZ MONINOARANDA","JAVIER DIAZ SANCHEZ",1
"7002","ISABEL PEREZ MONINOARANDA","JAVIER PEREZ GALLARDO",2
"7003","ISABEL PEREZ MONINOARANDA","JESUS FERNANDEZ SERRANO",1
"7004","ISABEL PEREZ MONINOARANDA","JESUS IGNACIO DE LA FUENTE MOLINERO",1
"7005","ISABEL PEREZ MONINOARANDA","JORGE ARTURO CUTILLAS CORDON",3
"7006","ISABEL PEREZ MONINOARANDA","JORGE BUXADE VILLALBA",1
"7007","ISABEL PEREZ MONINOARANDA","JORGE MANUEL MIRAT GALET",1
"7008","ISABEL PEREZ MONINOARANDA","JORGE MARTIN FRIAS",1
"7009","ISABEL PEREZ MONINOARANDA","JORGE MARTIN MOROLLON",1
"7010","ISABEL PEREZ MONINOARANDA","JOSE ANTONIO FUSTER LAMELAS",1
"7011","ISABEL PEREZ MONINOARANDA","JOSE IGNACIO ARIAS MORENO",2
"7012","ISABEL PEREZ MONINOARANDA","JOSE LUIS NARROS MANZANERO",1
"7013","ISABEL PEREZ MONINOARANDA","JOSE LUIS RUIZ BARTOLOME",2
"7014","ISABEL PEREZ MONINOARANDA","JOSE MANUEL FERNANDEZ TESTA",1
"7015","ISABEL PEREZ MONINOARANDA","JOSE MARIA MARCO TOBARRA",1
"7016","ISABEL PEREZ MONINOARANDA","JOSE RODRIGUEZ CUADRADO",1
"7017","ISABEL PEREZ MONINOARANDA","JUAN CARLOS GIRAUTA VIDAL",1
"7018","ISABEL PEREZ MONINOARANDA","JUAN CARLOS VICENTE MARTINEZ",1
"7019","ISABEL PEREZ MONINOARANDA","JUAN IGNACIO PINEDA SALVADOR",1
"7020","ISABEL PEREZ MONINOARANDA","JUAN MARCOS MANRIQUE LOPEZ",1
"7021","ISABEL PEREZ MONINOARANDA","MACARENA DUQUE MARTINEZ",1
"7022","ISABEL PEREZ MONINOARANDA","MARGARITA DE LA PISA CARRION",1
"7023","ISABEL PEREZ MONINOARANDA","MARIA AMPARO ORTEGA HERNANDEZ",1
"7024","ISABEL PEREZ MONINOARANDA","MARIA BELEN GONZALEZ MORENO",1
"7025","ISABEL PEREZ MONINOARANDA","MARIA DEL ROCIO AVEZUELA MIGUEL",1
"7026","ISABEL PEREZ MONINOARANDA","MARIA SUSANA JIMENEZ AIBAR",1
"7027","ISABEL PEREZ MONINOARANDA","MARIA TERESA LOPEZ DIVASSON",1
"7028","ISABEL PEREZ MONINOARANDA","MARIANO CALABUIG MARTINEZ",3
"7029","ISABEL PEREZ MONINOARANDA","MARTA IBERO DURAN",1
"7030","ISABEL PEREZ MONINOARANDA","MIGUEL ANGEL DIEZ GARCIA",1
"7031","ISABEL PEREZ MONINOARANDA","MIGUEL GUADALFAJARA ROZAS",1
"7032","ISABEL PEREZ MONINOARANDA","MIGUEL MALDONADO CABALLERO",1
"7033","ISABEL PEREZ MONINOARANDA","MIREIA BORRAS PABON",1
"7034","ISABEL PEREZ MONINOARANDA","NATHALIE GUICHARD DE ARTINANO",1
"7035","ISABEL PEREZ MONINOARANDA","NURIA LATORRE SANDONIS",1
"7036","ISABEL PEREZ MONINOARANDA","OSCAR FELIPE DE TORRES NEIRA",1
"7037","ISABEL PEREZ MONINOARANDA","PABLO PEREZ GALLARDO",1
"7038","ISABEL PEREZ MONINOARANDA","PATRICIA DONCEL COMY",1
"7039","ISABEL PEREZ MONINOARANDA","PEDRO MORENO GOMEZ",1
"7040","ISABEL PEREZ MONINOARANDA","PEDRO PORCHER PEREZ",1
"7041","ISABEL PEREZ MONINOARANDA","REBECA ORTEGO CONESA",1
"7042","ISABEL PEREZ MONINOARANDA","ROCIO MONASTERIO SAN MARTIN",3
"7043","ISABEL PEREZ MONINOARANDA","RUBEN SUAREZ FERNANDEZ",1
"7044","ISABEL PEREZ MONINOARANDA","SALOME NIETO TARRAGA",1
"7045","ISABEL PEREZ MONINOARANDA","SANTIAGO ABASCAL CONDE",1
"7046","ISABEL PEREZ MONINOARANDA","SELENE MARIA DURAN SANCHEZ",1
"7047","ISABEL PEREZ MONINOARANDA","SONSOLES PALACIOS MORENO",1
"7048","ISABEL PEREZ MONINOARANDA","TERESA ANGULLO GARCIA",1
"7049","ISABEL PEREZ MONINOARANDA","URSULA MARIANA HERNANDEZ ZUNIGA",1
"7050","ISABEL PEREZ MONINOARANDA","VICTOR MANUEL ACOSTA HERNANDEZ",1
"7051","ISABEL PEREZ MONINOARANDA","VICTOR SANCHEZ SANCHEZ",1
"7052","ISABEL PEREZ MONINOARANDA","YOLANDA TORRES BRAVO",1
"7053","ISMAEL IVAN VELEZ CIPRIANO","IVAN ESPINOSA DE LOS MONTEROS DE SIMON",3
"7054","ISMAEL IVAN VELEZ CIPRIANO","JACOBO GONZALEZROBATTO PEROTE",1
"7055","ISMAEL IVAN VELEZ CIPRIANO","JAIME GONZALEZ CANOMANUEL",1
"7056","ISMAEL IVAN VELEZ CIPRIANO","JAIME JAVIER DOMINGO MARTINEZ",1
"7057","ISMAEL IVAN VELEZ CIPRIANO","JAVIER BRAVO ARROBAS",1
"7058","ISMAEL IVAN VELEZ CIPRIANO","JAVIER JOVE SANDOVAL",1
"7059","ISMAEL IVAN VELEZ CIPRIANO","JAVIER ORTEGA SMITHMOLINA",1
"7060","ISMAEL IVAN VELEZ CIPRIANO","JAVIER PEREZ GALLARDO",1
"7061","ISMAEL IVAN VELEZ CIPRIANO","JOAQUIN ROBLES LOPEZ",3
"7062","ISMAEL IVAN VELEZ CIPRIANO","JORGE ARTURO CUTILLAS CORDON",2
"7063","ISMAEL IVAN VELEZ CIPRIANO","JORGE CAMPOS ASENSI",1
"7064","ISMAEL IVAN VELEZ CIPRIANO","JORGE MARTIN FRIAS",1
"7065","ISMAEL IVAN VELEZ CIPRIANO","JORGE MARTIN TRANCON",1
"7066","ISMAEL IVAN VELEZ CIPRIANO","JOSE ANTONIO GOMILA ORTEGA",1
"7067","ISMAEL IVAN VELEZ CIPRIANO","JOSE FRANCISCO GARRE IZQUIERDO",1
"7068","ISMAEL IVAN VELEZ CIPRIANO","JOSE IGNACIO ARIAS MORENO",2
"7069","ISMAEL IVAN VELEZ CIPRIANO","JOSE JOAQUIN BENGOCHEA SECO",1
"7070","ISMAEL IVAN VELEZ CIPRIANO","JOSE MANUEL MARTIN CAMACHO",1
"7071","ISMAEL IVAN VELEZ CIPRIANO","JOSE MARCELO AMARILLA PEREZ",1
"7072","ISMAEL IVAN VELEZ CIPRIANO","JOSE MARIA ANTON GARCIA",1
"7073","ISMAEL IVAN VELEZ CIPRIANO","JOSE MARIA FIGAREDO ALVAREZSALA",3
"7074","ISMAEL IVAN VELEZ CIPRIANO","JOSE MARIA MARCO TOBARRA",1
"7075","ISMAEL IVAN VELEZ CIPRIANO","JOSE MARIA SANCHEZ GARCIA",2
"7076","ISMAEL IVAN VELEZ CIPRIANO","JOSE MARIA VAZQUEZ ALVAREZ",1
"7077","ISMAEL IVAN VELEZ CIPRIANO","JOSE MIGUEL TASENDE SOUTO",2
"7078","ISMAEL IVAN VELEZ CIPRIANO","JOSE RAMIREZ DEL RIO",3
"7079","ISMAEL IVAN VELEZ CIPRIANO","JOSEFINA BLAZQUEZ SANCHEZ",2
"7080","ISMAEL IVAN VELEZ CIPRIANO","JUAN CARLOS VICENTE MARTINEZ",1
"7081","ISMAEL IVAN VELEZ CIPRIANO","JUAN FRANCISCO ROJAS FERNANDEZ",2
"7082","ISMAEL IVAN VELEZ CIPRIANO","JUAN IGNACIO FERNANDEZ TOMAS",1
"7083","ISMAEL IVAN VELEZ CIPRIANO","JUAN JOSE AIZCORBE TORRA",2
"7084","ISMAEL IVAN VELEZ CIPRIANO","JUAN SERGIO REDONDO PACHECO",1
"7085","ISMAEL IVAN VELEZ CIPRIANO","JULIO JOSE CALVO IGLESIAS",1
"7086","ISMAEL IVAN VELEZ CIPRIANO","JULIO ROSADO MARTIN",1
"7087","ISMAEL IVAN VELEZ CIPRIANO","KATIUSKA DE LOS ANGELES GARCIA RAMIREZ",1
"7088","ISMAEL IVAN VELEZ CIPRIANO","LAURA GALAN RODRIGUEZ",1
"7089","ISMAEL IVAN VELEZ CIPRIANO","LOURDES MENDEZ MONASTERIO",3
"7090","ISMAEL IVAN VELEZ CIPRIANO","LUIS GESTOSO DE MIGUEL",2
"7091","ISMAEL IVAN VELEZ CIPRIANO","MACARENA OLONA CHOCLAN",2
"7092","ISMAEL IVAN VELEZ CIPRIANO","MAGDALENA MARGARITA CONTESTI ROSSELLO",1
"7093","ISMAEL IVAN VELEZ CIPRIANO","MANUEL GONZALEZ BAZAN",1
"7094","ISMAEL IVAN VELEZ CIPRIANO","MANUEL MARISCAL ZABALA",3
"7095","ISMAEL IVAN VELEZ CIPRIANO","MANUEL MESTRE BAREA",2
"7096","ISMAEL IVAN VELEZ CIPRIANO","MANUEL RAFAEL RODRIGUEZ VALERO",1
"7097","ISMAEL IVAN VELEZ CIPRIANO","MANUELA BOLADO ALCALDE",1
"7098","ISMAEL IVAN VELEZ CIPRIANO","MANUELA DEL MAR MARTIN IBANEZ",1
"7099","ISMAEL IVAN VELEZ CIPRIANO","MARGARITA DE LA PISA CARRION",1
"7100","ISMAEL IVAN VELEZ CIPRIANO","MARIA ARANZAZU MARTINEZ RIOLA",1
"7101","ISMAEL IVAN VELEZ CIPRIANO","MARIA BEATRIZ CASTILLEJO SEVILLA",1
"7102","ISMAEL IVAN VELEZ CIPRIANO","MARIA BELEN MANZANO SAGUAR",1
"7103","ISMAEL IVAN VELEZ CIPRIANO","MARIA DE LA CABEZA RUIZ SOLAS",3
"7104","ISMAEL IVAN VELEZ CIPRIANO","MARIA DE LA CRUZ LOZANO MARIN",1
"7105","ISMAEL IVAN VELEZ CIPRIANO","MARIA DE LOS REYES ROMERO VILCHES",3
"7106","ISMAEL IVAN VELEZ CIPRIANO","MARIA DEL PILAR BAOS REVILLA",1
"7107","ISMAEL IVAN VELEZ CIPRIANO","MARIA DOLORES GOMEZ MORENO",1
"7108","ISMAEL IVAN VELEZ CIPRIANO","MARIA DOLORES MATEO MATEOS",1
"7109","ISMAEL IVAN VELEZ CIPRIANO","MARIA GEMA ESCOLANO BERNA",1
"7110","ISMAEL IVAN VELEZ CIPRIANO","MARIA INES DIAZ CASAS",1
"7111","ISMAEL IVAN VELEZ CIPRIANO","MARIA JOSE RODRIGUEZ DE MILLAN PARRO",1
"7112","ISMAEL IVAN VELEZ CIPRIANO","MARIA LOPEZ ZAMBRANO",1
"7113","ISMAEL IVAN VELEZ CIPRIANO","MARIA LUISA MENENDEZ MARTINEZ",1
"7114","ISMAEL IVAN VELEZ CIPRIANO","MARIA MAGDALENA NEVADO DEL CAMPO",2
"7115","ISMAEL IVAN VELEZ CIPRIANO","MARIA MAGDALENA PUENTEDURA PEREZ",1
"7116","ISMAEL IVAN VELEZ CIPRIANO","MARIA MERCEDES RODRIGUEZ TAMAYO",1
"7117","ISMAEL IVAN VELEZ CIPRIANO","MARIA SUSANA JIMENEZ AIBAR",1
"7118","ISMAEL IVAN VELEZ CIPRIANO","MARIA TERESA ARNEDO PEREZ",1
"7119","ISMAEL IVAN VELEZ CIPRIANO","MARIA TERESA GARCIA DE LA ROSA JIMENEZ",1
"7120","ISMAEL IVAN VELEZ CIPRIANO","MARIA TERESA LOPEZ ALVAREZ",1
"7121","ISMAEL IVAN VELEZ CIPRIANO","MARIA TERESA LOPEZ DIVASSON",2
"7122","ISMAEL IVAN VELEZ CIPRIANO","MARIA VIDAL BENNASAR",1
"7123","ISMAEL IVAN VELEZ CIPRIANO","MARIA ZULEMA SAN JOSE SANCHEZ",1
"7124","ISMAEL IVAN VELEZ CIPRIANO","MARINA DABAN ALONSO",1
"7125","ISMAEL IVAN VELEZ CIPRIANO","MARTA ALEGRIA MARTINEZ",1
"7126","ISMAEL IVAN VELEZ CIPRIANO","MARTA ALVAREZ BARRIO",1
"7127","ISMAEL IVAN VELEZ CIPRIANO","MARTA FERNANDEZ MARTIN",1
"7128","ISMAEL IVAN VELEZ CIPRIANO","MARTA GERVASIA GARRIDO MORENO",2
"7129","ISMAEL IVAN VELEZ CIPRIANO","MARTA MARTIN CUSTODIO",1
"7130","ISMAEL IVAN VELEZ CIPRIANO","MIGUEL ANGEL FERNANDEZ LOPEZ",1
"7131","ISMAEL IVAN VELEZ CIPRIANO","MIGUEL MALDONADO CABALLERO",1
"7132","ISMAEL IVAN VELEZ CIPRIANO","MIREIA BORRAS PABON",1
"7133","ISMAEL IVAN VELEZ CIPRIANO","MONICA LORA CISQUER",1
"7134","ISMAEL IVAN VELEZ CIPRIANO","OLIVIA MORENO NAVAS",1
"7135","ISMAEL IVAN VELEZ CIPRIANO","PABLO JUAN CALVO LISTE",2
"7136","ISMAEL IVAN VELEZ CIPRIANO","PABLO PEREZ GALLARDO",1
"7137","ISMAEL IVAN VELEZ CIPRIANO","PABLO SAEZ ALONSOMUNUMER",3
"7138","ISMAEL IVAN VELEZ CIPRIANO","PALOMA GOMEZ ENRIQUEZ",2
"7139","ISMAEL IVAN VELEZ CIPRIANO","PATRICIA DE LAS HERAS FERNANDEZ",1
"7140","ISMAEL IVAN VELEZ CIPRIANO","PATRICIA ESCAMEZ MARIN",1
"7141","ISMAEL IVAN VELEZ CIPRIANO","PATRICIA RUEDA PERELLO",3
"7142","ISMAEL IVAN VELEZ CIPRIANO","PAULA DE LOS ANGELES BADANELLI BERRIOZABAL",1
"7143","ISMAEL IVAN VELEZ CIPRIANO","PEDRO FERNANDEZ HERNANDEZ",3
"7144","ISMAEL IVAN VELEZ CIPRIANO","PEDRO JESUS REQUEJO NOVOA",2
"7145","ISMAEL IVAN VELEZ CIPRIANO","RAFAEL RICARDO GONZALEZ GALLEGO",1
"7146","ISMAEL IVAN VELEZ CIPRIANO","RAFAEL SEGOVIA BROME",1
"7147","ISMAEL IVAN VELEZ CIPRIANO","RAQUEL TOMAS PEDROSA",1
"7148","ISMAEL IVAN VELEZ CIPRIANO","RICARDO BELDA VALIENTE",1
"7149","ISMAEL IVAN VELEZ CIPRIANO","RICARDO CHAMORRO DELMO",3
"7150","ISMAEL IVAN VELEZ CIPRIANO","ROCIO DE MEER MENDEZ",3
"7151","ISMAEL IVAN VELEZ CIPRIANO","RODRIGO JIMENEZ REVUELTA",2
"7152","ISMAEL IVAN VELEZ CIPRIANO","RUBEN SILVANO MANSO OLIVAR",1
"7153","ISMAEL IVAN VELEZ CIPRIANO","SALOME NIETO TARRAGA",1
"7154","ISMAEL IVAN VELEZ CIPRIANO","SANTIAGO ABASCAL CONDE",3
"7155","ISMAEL IVAN VELEZ CIPRIANO","SARA CONCEPCION ALVAREZ ROUCO",1
"7156","ISMAEL IVAN VELEZ CIPRIANO","SERAFIN SERRANO MARIN",1
"7157","ISMAEL IVAN VELEZ CIPRIANO","SERGI FABRI LLAVERO",1
"7158","ISMAEL IVAN VELEZ CIPRIANO","SERGIO BOTONERO GALAN",1
"7159","ISMAEL IVAN VELEZ CIPRIANO","SERGIO CHAGARTEGUI SANCHEZ",1
"7160","ISMAEL IVAN VELEZ CIPRIANO","SERGIO MACIAN DE GREEF",2
"7161","ISMAEL IVAN VELEZ CIPRIANO","SILVIA CLARA ENRIQUEZ GALLEGO",1
"7162","ISMAEL IVAN VELEZ CIPRIANO","SOLEDAD PEREZ RUBIO",1
"7163","ISMAEL IVAN VELEZ CIPRIANO","SONIA LUISA LALANDA SANMIGUEL",1
"7164","ISMAEL IVAN VELEZ CIPRIANO","SONSOLES PALACIOS MORENO",1
"7165","ISMAEL IVAN VELEZ CIPRIANO","TEODORO RAMON POZO MUNIZ",1
"7166","ISMAEL IVAN VELEZ CIPRIANO","TOMAS FERNANDEZ RIOS",2
"7167","ISMAEL IVAN VELEZ CIPRIANO","VALENTIN LOPEZ LOPEZ",1
"7168","ISMAEL IVAN VELEZ CIPRIANO","VICTOR GUIDO GONZALEZ COELLO DE PORTUGAL",2
"7169","ISMAEL IVAN VELEZ CIPRIANO","VICTOR MANUEL ACOSTA HERNANDEZ",1
"7170","ISMAEL IVAN VELEZ CIPRIANO","VICTOR MANUEL SANCHEZ DEL REAL",2
"7171","ISMAEL IVAN VELEZ CIPRIANO","VIRGINIA HUERTAS PECHUAN",1
"7172","ISMAEL IVAN VELEZ CIPRIANO","YOLANDA MERELO PALOMARES",2
"7173","ISRAEL DIAZ LOPEZ","JORGE ARTURO CUTILLAS CORDON",1
"7174","ISRAEL DIAZ LOPEZ","JOSE MARIA MARCO TOBARRA",1
"7175","ISRAEL DIAZ LOPEZ","MARIA TERESA LOPEZ DIVASSON",1
"7176","ISRAEL DIAZ LOPEZ","MARIANO CALABUIG MARTINEZ",1
"7177","ISRAEL DIAZ LOPEZ","ROCIO MONASTERIO SAN MARTIN",1
"7178","IVAN ESPINOSA DE LOS MONTEROS DE SIMON","JACOBO GONZALEZROBATTO PEROTE",1
"7179","IVAN ESPINOSA DE LOS MONTEROS DE SIMON","JAIME GONZALEZ CANOMANUEL",1
"7180","IVAN ESPINOSA DE LOS MONTEROS DE SIMON","JAIME JAVIER DOMINGO MARTINEZ",1
"7181","IVAN ESPINOSA DE LOS MONTEROS DE SIMON","JAVIER BRAVO ARROBAS",1
"7182","IVAN ESPINOSA DE LOS MONTEROS DE SIMON","JAVIER JOVE SANDOVAL",1
"7183","IVAN ESPINOSA DE LOS MONTEROS DE SIMON","JAVIER ORTEGA SMITHMOLINA",1
"7184","IVAN ESPINOSA DE LOS MONTEROS DE SIMON","JAVIER PEREZ GALLARDO",1
"7185","IVAN ESPINOSA DE LOS MONTEROS DE SIMON","JESUS GARCIA ROYO",1
"7186","IVAN ESPINOSA DE LOS MONTEROS DE SIMON","JOAQUIN ROBLES LOPEZ",3
"7187","IVAN ESPINOSA DE LOS MONTEROS DE SIMON","JORGE ARTURO CUTILLAS CORDON",3
"7188","IVAN ESPINOSA DE LOS MONTEROS DE SIMON","JORGE CAMPOS ASENSI",1
"7189","IVAN ESPINOSA DE LOS MONTEROS DE SIMON","JORGE MARTIN FRIAS",1
"7190","IVAN ESPINOSA DE LOS MONTEROS DE SIMON","JORGE MARTIN TRANCON",1
"7191","IVAN ESPINOSA DE LOS MONTEROS DE SIMON","JOSE ANTONIO GOMILA ORTEGA",1
"7192","IVAN ESPINOSA DE LOS MONTEROS DE SIMON","JOSE FRANCISCO GARRE IZQUIERDO",1
"7193","IVAN ESPINOSA DE LOS MONTEROS DE SIMON","JOSE IGNACIO ARIAS MORENO",2
"7194","IVAN ESPINOSA DE LOS MONTEROS DE SIMON","JOSE JOAQUIN BENGOCHEA SECO",2
"7195","IVAN ESPINOSA DE LOS MONTEROS DE SIMON","JOSE LUIS FERNANDEZ SANTAMARIA",1
"7196","IVAN ESPINOSA DE LOS MONTEROS DE SIMON","JOSE MANUEL MARTIN CAMACHO",1
"7197","IVAN ESPINOSA DE LOS MONTEROS DE SIMON","JOSE MARCELO AMARILLA PEREZ",1
"7198","IVAN ESPINOSA DE LOS MONTEROS DE SIMON","JOSE MARIA ANTON GARCIA",1
"7199","IVAN ESPINOSA DE LOS MONTEROS DE SIMON","JOSE MARIA FIGAREDO ALVAREZSALA",3
"7200","IVAN ESPINOSA DE LOS MONTEROS DE SIMON","JOSE MARIA MARCO TOBARRA",1
"7201","IVAN ESPINOSA DE LOS MONTEROS DE SIMON","JOSE MARIA SANCHEZ GARCIA",3
"7202","IVAN ESPINOSA DE LOS MONTEROS DE SIMON","JOSE MARIA VAZQUEZ ALVAREZ",1
"7203","IVAN ESPINOSA DE LOS MONTEROS DE SIMON","JOSE MIGUEL TASENDE SOUTO",2
"7204","IVAN ESPINOSA DE LOS MONTEROS DE SIMON","JOSE RAMIREZ DEL RIO",3
"7205","IVAN ESPINOSA DE LOS MONTEROS DE SIMON","JOSEFINA BLAZQUEZ SANCHEZ",3
"7206","IVAN ESPINOSA DE LOS MONTEROS DE SIMON","JUAN CARLOS VICENTE MARTINEZ",1
"7207","IVAN ESPINOSA DE LOS MONTEROS DE SIMON","JUAN FRANCISCO ROJAS FERNANDEZ",2
"7208","IVAN ESPINOSA DE LOS MONTEROS DE SIMON","JUAN IGNACIO FERNANDEZ TOMAS",1
"7209","IVAN ESPINOSA DE LOS MONTEROS DE SIMON","JUAN JOSE AIZCORBE TORRA",3
"7210","IVAN ESPINOSA DE LOS MONTEROS DE SIMON","JUAN SERGIO REDONDO PACHECO",1
"7211","IVAN ESPINOSA DE LOS MONTEROS DE SIMON","JULIO JOSE CALVO IGLESIAS",1
"7212","IVAN ESPINOSA DE LOS MONTEROS DE SIMON","JULIO ROSADO MARTIN",1
"7213","IVAN ESPINOSA DE LOS MONTEROS DE SIMON","KATIUSKA DE LOS ANGELES GARCIA RAMIREZ",1
"7214","IVAN ESPINOSA DE LOS MONTEROS DE SIMON","LAURA GALAN RODRIGUEZ",1
"7215","IVAN ESPINOSA DE LOS MONTEROS DE SIMON","LOURDES MENDEZ MONASTERIO",3
"7216","IVAN ESPINOSA DE LOS MONTEROS DE SIMON","LUIS GESTOSO DE MIGUEL",4
"7217","IVAN ESPINOSA DE LOS MONTEROS DE SIMON","MACARENA OLONA CHOCLAN",2
"7218","IVAN ESPINOSA DE LOS MONTEROS DE SIMON","MAGDALENA MARGARITA CONTESTI ROSSELLO",1
"7219","IVAN ESPINOSA DE LOS MONTEROS DE SIMON","MANUEL GONZALEZ BAZAN",2
"7220","IVAN ESPINOSA DE LOS MONTEROS DE SIMON","MANUEL JORGE MARTIN MONTERO",1
"7221","IVAN ESPINOSA DE LOS MONTEROS DE SIMON","MANUEL MARISCAL ZABALA",3
"7222","IVAN ESPINOSA DE LOS MONTEROS DE SIMON","MANUEL MESTRE BAREA",2
"7223","IVAN ESPINOSA DE LOS MONTEROS DE SIMON","MANUEL RAFAEL RODRIGUEZ VALERO",1
"7224","IVAN ESPINOSA DE LOS MONTEROS DE SIMON","MANUELA BOLADO ALCALDE",1
"7225","IVAN ESPINOSA DE LOS MONTEROS DE SIMON","MANUELA DEL MAR MARTIN IBANEZ",1
"7226","IVAN ESPINOSA DE LOS MONTEROS DE SIMON","MARGARITA DE LA PISA CARRION",1
"7227","IVAN ESPINOSA DE LOS MONTEROS DE SIMON","MARIA ARANZAZU MARTINEZ RIOLA",1
"7228","IVAN ESPINOSA DE LOS MONTEROS DE SIMON","MARIA BEATRIZ CASTILLEJO SEVILLA",1
"7229","IVAN ESPINOSA DE LOS MONTEROS DE SIMON","MARIA BELEN MANZANO SAGUAR",1
"7230","IVAN ESPINOSA DE LOS MONTEROS DE SIMON","MARIA DE LA CABEZA RUIZ SOLAS",3
"7231","IVAN ESPINOSA DE LOS MONTEROS DE SIMON","MARIA DE LA CRUZ LOZANO MARIN",1
"7232","IVAN ESPINOSA DE LOS MONTEROS DE SIMON","MARIA DE LOS REYES ROMERO VILCHES",3
"7233","IVAN ESPINOSA DE LOS MONTEROS DE SIMON","MARIA DEL PILAR BAOS REVILLA",1
"7234","IVAN ESPINOSA DE LOS MONTEROS DE SIMON","MARIA DOLORES GOMEZ MORENO",2
"7235","IVAN ESPINOSA DE LOS MONTEROS DE SIMON","MARIA DOLORES MATEO MATEOS",1
"7236","IVAN ESPINOSA DE LOS MONTEROS DE SIMON","MARIA ELISA GARCIA FUSTER",1
"7237","IVAN ESPINOSA DE LOS MONTEROS DE SIMON","MARIA GEMA ESCOLANO BERNA",1
"7238","IVAN ESPINOSA DE LOS MONTEROS DE SIMON","MARIA GUERRERO CANO",1
"7239","IVAN ESPINOSA DE LOS MONTEROS DE SIMON","MARIA INES DIAZ CASAS",1
"7240","IVAN ESPINOSA DE LOS MONTEROS DE SIMON","MARIA ISABEL DOMINGUEZ POMARES",1
"7241","IVAN ESPINOSA DE LOS MONTEROS DE SIMON","MARIA ISABEL PEREZ MARTIN",1
"7242","IVAN ESPINOSA DE LOS MONTEROS DE SIMON","MARIA JOSE RODRIGUEZ DE MILLAN PARRO",1
"7243","IVAN ESPINOSA DE LOS MONTEROS DE SIMON","MARIA LOPEZ ZAMBRANO",1
"7244","IVAN ESPINOSA DE LOS MONTEROS DE SIMON","MARIA LUISA MENENDEZ MARTINEZ",1
"7245","IVAN ESPINOSA DE LOS MONTEROS DE SIMON","MARIA MAGDALENA NEVADO DEL CAMPO",3
"7246","IVAN ESPINOSA DE LOS MONTEROS DE SIMON","MARIA MAGDALENA PUENTEDURA PEREZ",1
"7247","IVAN ESPINOSA DE LOS MONTEROS DE SIMON","MARIA MERCEDES RODRIGUEZ TAMAYO",1
"7248","IVAN ESPINOSA DE LOS MONTEROS DE SIMON","MARIA SUSANA JIMENEZ AIBAR",1
"7249","IVAN ESPINOSA DE LOS MONTEROS DE SIMON","MARIA TERESA ARNEDO PEREZ",2
"7250","IVAN ESPINOSA DE LOS MONTEROS DE SIMON","MARIA TERESA GARCIA DE LA ROSA JIMENEZ",1
"7251","IVAN ESPINOSA DE LOS MONTEROS DE SIMON","MARIA TERESA LOPEZ ALVAREZ",2
"7252","IVAN ESPINOSA DE LOS MONTEROS DE SIMON","MARIA TERESA LOPEZ DIVASSON",3
"7253","IVAN ESPINOSA DE LOS MONTEROS DE SIMON","MARIA VIDAL BENNASAR",1
"7254","IVAN ESPINOSA DE LOS MONTEROS DE SIMON","MARIA ZULEMA SAN JOSE SANCHEZ",1
"7255","IVAN ESPINOSA DE LOS MONTEROS DE SIMON","MARINA DABAN ALONSO",1
"7256","IVAN ESPINOSA DE LOS MONTEROS DE SIMON","MARTA ALEGRIA MARTINEZ",1
"7257","IVAN ESPINOSA DE LOS MONTEROS DE SIMON","MARTA ALVAREZ BARRIO",1
"7258","IVAN ESPINOSA DE LOS MONTEROS DE SIMON","MARTA FERNANDEZ MARTIN",1
"7259","IVAN ESPINOSA DE LOS MONTEROS DE SIMON","MARTA GERVASIA GARRIDO MORENO",2
"7260","IVAN ESPINOSA DE LOS MONTEROS DE SIMON","MARTA MARTIN CUSTODIO",1
"7261","IVAN ESPINOSA DE LOS MONTEROS DE SIMON","MIGUEL ANGEL FERNANDEZ LOPEZ",2
"7262","IVAN ESPINOSA DE LOS MONTEROS DE SIMON","MIGUEL ANGEL LOPEZ FERNANDEZ",1
"7263","IVAN ESPINOSA DE LOS MONTEROS DE SIMON","MIGUEL MALDONADO CABALLERO",1
"7264","IVAN ESPINOSA DE LOS MONTEROS DE SIMON","MIREIA BORRAS PABON",2
"7265","IVAN ESPINOSA DE LOS MONTEROS DE SIMON","MONICA LORA CISQUER",2
"7266","IVAN ESPINOSA DE LOS MONTEROS DE SIMON","OLIVIA MORENO NAVAS",1
"7267","IVAN ESPINOSA DE LOS MONTEROS DE SIMON","OSCAR ARTURO FERNANDEZ CALLE",1
"7268","IVAN ESPINOSA DE LOS MONTEROS DE SIMON","PABLO JUAN CALVO LISTE",3
"7269","IVAN ESPINOSA DE LOS MONTEROS DE SIMON","PABLO PEREZ GALLARDO",1
"7270","IVAN ESPINOSA DE LOS MONTEROS DE SIMON","PABLO SAEZ ALONSOMUNUMER",3
"7271","IVAN ESPINOSA DE LOS MONTEROS DE SIMON","PALOMA GOMEZ ENRIQUEZ",2
"7272","IVAN ESPINOSA DE LOS MONTEROS DE SIMON","PATRICIA DE LAS HERAS FERNANDEZ",1
"7273","IVAN ESPINOSA DE LOS MONTEROS DE SIMON","PATRICIA ESCAMEZ MARIN",1
"7274","IVAN ESPINOSA DE LOS MONTEROS DE SIMON","PATRICIA RUEDA PERELLO",3
"7275","IVAN ESPINOSA DE LOS MONTEROS DE SIMON","PAULA DE LOS ANGELES BADANELLI BERRIOZABAL",1
"7276","IVAN ESPINOSA DE LOS MONTEROS DE SIMON","PEDRO FERNANDEZ HERNANDEZ",3
"7277","IVAN ESPINOSA DE LOS MONTEROS DE SIMON","PEDRO JESUS REQUEJO NOVOA",3
"7278","IVAN ESPINOSA DE LOS MONTEROS DE SIMON","RAFAEL RICARDO GONZALEZ GALLEGO",1
"7279","IVAN ESPINOSA DE LOS MONTEROS DE SIMON","RAFAEL SEGOVIA BROME",1
"7280","IVAN ESPINOSA DE LOS MONTEROS DE SIMON","RAQUEL TOMAS PEDROSA",1
"7281","IVAN ESPINOSA DE LOS MONTEROS DE SIMON","RICARDO BELDA VALIENTE",2
"7282","IVAN ESPINOSA DE LOS MONTEROS DE SIMON","RICARDO CHAMORRO DELMO",3
"7283","IVAN ESPINOSA DE LOS MONTEROS DE SIMON","ROCIO DE MEER MENDEZ",3
"7284","IVAN ESPINOSA DE LOS MONTEROS DE SIMON","RODRIGO JIMENEZ REVUELTA",3
"7285","IVAN ESPINOSA DE LOS MONTEROS DE SIMON","RUBEN SILVANO MANSO OLIVAR",2
"7286","IVAN ESPINOSA DE LOS MONTEROS DE SIMON","SALOME NIETO TARRAGA",1
"7287","IVAN ESPINOSA DE LOS MONTEROS DE SIMON","SANTIAGO ABASCAL CONDE",3
"7288","IVAN ESPINOSA DE LOS MONTEROS DE SIMON","SARA CONCEPCION ALVAREZ ROUCO",1
"7289","IVAN ESPINOSA DE LOS MONTEROS DE SIMON","SERAFIN SERRANO MARIN",1
"7290","IVAN ESPINOSA DE LOS MONTEROS DE SIMON","SERGI FABRI LLAVERO",1
"7291","IVAN ESPINOSA DE LOS MONTEROS DE SIMON","SERGIO BOTONERO GALAN",1
"7292","IVAN ESPINOSA DE LOS MONTEROS DE SIMON","SERGIO CHAGARTEGUI SANCHEZ",1
"7293","IVAN ESPINOSA DE LOS MONTEROS DE SIMON","SERGIO MACIAN DE GREEF",3
"7294","IVAN ESPINOSA DE LOS MONTEROS DE SIMON","SILVIA CLARA ENRIQUEZ GALLEGO",1
"7295","IVAN ESPINOSA DE LOS MONTEROS DE SIMON","SOLEDAD PEREZ RUBIO",1
"7296","IVAN ESPINOSA DE LOS MONTEROS DE SIMON","SONIA LUISA LALANDA SANMIGUEL",2
"7297","IVAN ESPINOSA DE LOS MONTEROS DE SIMON","SONSOLES PALACIOS MORENO",1
"7298","IVAN ESPINOSA DE LOS MONTEROS DE SIMON","TEODORO RAMON POZO MUNIZ",1
"7299","IVAN ESPINOSA DE LOS MONTEROS DE SIMON","TOMAS FERNANDEZ RIOS",3
"7300","IVAN ESPINOSA DE LOS MONTEROS DE SIMON","VALENTIN LOPEZ LOPEZ",1
"7301","IVAN ESPINOSA DE LOS MONTEROS DE SIMON","VICTOR GUIDO GONZALEZ COELLO DE PORTUGAL",3
"7302","IVAN ESPINOSA DE LOS MONTEROS DE SIMON","VICTOR MANUEL ACOSTA HERNANDEZ",1
"7303","IVAN ESPINOSA DE LOS MONTEROS DE SIMON","VICTOR MANUEL SANCHEZ DEL REAL",2
"7304","IVAN ESPINOSA DE LOS MONTEROS DE SIMON","VIRGINIA HUERTAS PECHUAN",1
"7305","IVAN ESPINOSA DE LOS MONTEROS DE SIMON","YOLANDA MERELO PALOMARES",2
"7306","JACOBO GONZALEZROBATTO PEROTE","JAIME JAVIER DOMINGO MARTINEZ",1
"7307","JACOBO GONZALEZROBATTO PEROTE","JAVIER BRAVO ARROBAS",1
"7308","JACOBO GONZALEZROBATTO PEROTE","JAVIER JOVE SANDOVAL",1
"7309","JACOBO GONZALEZROBATTO PEROTE","JAVIER PEREZ GALLARDO",1
"7310","JACOBO GONZALEZROBATTO PEROTE","JOAQUIN ROBLES LOPEZ",1
"7311","JACOBO GONZALEZROBATTO PEROTE","JORGE ARTURO CUTILLAS CORDON",1
"7312","JACOBO GONZALEZROBATTO PEROTE","JORGE CAMPOS ASENSI",1
"7313","JACOBO GONZALEZROBATTO PEROTE","JORGE MARTIN FRIAS",1
"7314","JACOBO GONZALEZROBATTO PEROTE","JORGE MARTIN TRANCON",1
"7315","JACOBO GONZALEZROBATTO PEROTE","JOSE ANTONIO GOMILA ORTEGA",1
"7316","JACOBO GONZALEZROBATTO PEROTE","JOSE FRANCISCO GARRE IZQUIERDO",1
"7317","JACOBO GONZALEZROBATTO PEROTE","JOSE IGNACIO ARIAS MORENO",1
"7318","JACOBO GONZALEZROBATTO PEROTE","JOSE MANUEL MARTIN CAMACHO",1
"7319","JACOBO GONZALEZROBATTO PEROTE","JOSE MARIA ANTON GARCIA",1
"7320","JACOBO GONZALEZROBATTO PEROTE","JOSE MARIA FIGAREDO ALVAREZSALA",1
"7321","JACOBO GONZALEZROBATTO PEROTE","JOSE MARIA SANCHEZ GARCIA",1
"7322","JACOBO GONZALEZROBATTO PEROTE","JOSE MIGUEL TASENDE SOUTO",1
"7323","JACOBO GONZALEZROBATTO PEROTE","JOSE RAMIREZ DEL RIO",1
"7324","JACOBO GONZALEZROBATTO PEROTE","JOSEFINA BLAZQUEZ SANCHEZ",1
"7325","JACOBO GONZALEZROBATTO PEROTE","JUAN CARLOS VICENTE MARTINEZ",1
"7326","JACOBO GONZALEZROBATTO PEROTE","JUAN FRANCISCO ROJAS FERNANDEZ",1
"7327","JACOBO GONZALEZROBATTO PEROTE","JUAN JOSE AIZCORBE TORRA",1
"7328","JACOBO GONZALEZROBATTO PEROTE","JUAN SERGIO REDONDO PACHECO",1
"7329","JACOBO GONZALEZROBATTO PEROTE","JULIO ROSADO MARTIN",1
"7330","JACOBO GONZALEZROBATTO PEROTE","KATIUSKA DE LOS ANGELES GARCIA RAMIREZ",1
"7331","JACOBO GONZALEZROBATTO PEROTE","LOURDES MENDEZ MONASTERIO",1
"7332","JACOBO GONZALEZROBATTO PEROTE","LUIS GESTOSO DE MIGUEL",1
"7333","JACOBO GONZALEZROBATTO PEROTE","MANUEL MARISCAL ZABALA",1
"7334","JACOBO GONZALEZROBATTO PEROTE","MANUELA BOLADO ALCALDE",1
"7335","JACOBO GONZALEZROBATTO PEROTE","MANUELA DEL MAR MARTIN IBANEZ",1
"7336","JACOBO GONZALEZROBATTO PEROTE","MARIA ARANZAZU MARTINEZ RIOLA",1
"7337","JACOBO GONZALEZROBATTO PEROTE","MARIA BEATRIZ CASTILLEJO SEVILLA",1
"7338","JACOBO GONZALEZROBATTO PEROTE","MARIA BELEN MANZANO SAGUAR",1
"7339","JACOBO GONZALEZROBATTO PEROTE","MARIA DE LA CABEZA RUIZ SOLAS",1
"7340","JACOBO GONZALEZROBATTO PEROTE","MARIA DE LA CRUZ LOZANO MARIN",1
"7341","JACOBO GONZALEZROBATTO PEROTE","MARIA DE LOS REYES ROMERO VILCHES",1
"7342","JACOBO GONZALEZROBATTO PEROTE","MARIA DEL PILAR BAOS REVILLA",1
"7343","JACOBO GONZALEZROBATTO PEROTE","MARIA DOLORES MATEO MATEOS",1
"7344","JACOBO GONZALEZROBATTO PEROTE","MARIA GEMA ESCOLANO BERNA",1
"7345","JACOBO GONZALEZROBATTO PEROTE","MARIA INES DIAZ CASAS",1
"7346","JACOBO GONZALEZROBATTO PEROTE","MARIA JOSE RODRIGUEZ DE MILLAN PARRO",1
"7347","JACOBO GONZALEZROBATTO PEROTE","MARIA LOPEZ ZAMBRANO",1
"7348","JACOBO GONZALEZROBATTO PEROTE","MARIA LUISA MENENDEZ MARTINEZ",1
"7349","JACOBO GONZALEZROBATTO PEROTE","MARIA MAGDALENA NEVADO DEL CAMPO",1
"7350","JACOBO GONZALEZROBATTO PEROTE","MARIA MAGDALENA PUENTEDURA PEREZ",1
"7351","JACOBO GONZALEZROBATTO PEROTE","MARIA SUSANA JIMENEZ AIBAR",1
"7352","JACOBO GONZALEZROBATTO PEROTE","MARIA TERESA GARCIA DE LA ROSA JIMENEZ",1
"7353","JACOBO GONZALEZROBATTO PEROTE","MARIA TERESA LOPEZ ALVAREZ",1
"7354","JACOBO GONZALEZROBATTO PEROTE","MARIA TERESA LOPEZ DIVASSON",1
"7355","JACOBO GONZALEZROBATTO PEROTE","MARIA VIDAL BENNASAR",1
"7356","JACOBO GONZALEZROBATTO PEROTE","MARIA ZULEMA SAN JOSE SANCHEZ",1
"7357","JACOBO GONZALEZROBATTO PEROTE","MARINA DABAN ALONSO",1
"7358","JACOBO GONZALEZROBATTO PEROTE","MARTA ALEGRIA MARTINEZ",1
"7359","JACOBO GONZALEZROBATTO PEROTE","MARTA GERVASIA GARRIDO MORENO",1
"7360","JACOBO GONZALEZROBATTO PEROTE","MARTA MARTIN CUSTODIO",1
"7361","JACOBO GONZALEZROBATTO PEROTE","MIGUEL MALDONADO CABALLERO",1
"7362","JACOBO GONZALEZROBATTO PEROTE","MONICA LORA CISQUER",1
"7363","JACOBO GONZALEZROBATTO PEROTE","OLIVIA MORENO NAVAS",1
"7364","JACOBO GONZALEZROBATTO PEROTE","PABLO JUAN CALVO LISTE",1
"7365","JACOBO GONZALEZROBATTO PEROTE","PABLO PEREZ GALLARDO",1
"7366","JACOBO GONZALEZROBATTO PEROTE","PABLO SAEZ ALONSOMUNUMER",1
"7367","JACOBO GONZALEZROBATTO PEROTE","PALOMA GOMEZ ENRIQUEZ",1
"7368","JACOBO GONZALEZROBATTO PEROTE","PATRICIA ESCAMEZ MARIN",1
"7369","JACOBO GONZALEZROBATTO PEROTE","PATRICIA RUEDA PERELLO",1
"7370","JACOBO GONZALEZROBATTO PEROTE","PAULA DE LOS ANGELES BADANELLI BERRIOZABAL",1
"7371","JACOBO GONZALEZROBATTO PEROTE","PEDRO FERNANDEZ HERNANDEZ",1
"7372","JACOBO GONZALEZROBATTO PEROTE","PEDRO JESUS REQUEJO NOVOA",1
"7373","JACOBO GONZALEZROBATTO PEROTE","RAFAEL RICARDO GONZALEZ GALLEGO",1
"7374","JACOBO GONZALEZROBATTO PEROTE","RAFAEL SEGOVIA BROME",1
"7375","JACOBO GONZALEZROBATTO PEROTE","RICARDO CHAMORRO DELMO",1
"7376","JACOBO GONZALEZROBATTO PEROTE","ROCIO DE MEER MENDEZ",1
"7377","JACOBO GONZALEZROBATTO PEROTE","RODRIGO JIMENEZ REVUELTA",1
"7378","JACOBO GONZALEZROBATTO PEROTE","SALOME NIETO TARRAGA",1
"7379","JACOBO GONZALEZROBATTO PEROTE","SANTIAGO ABASCAL CONDE",1
"7380","JACOBO GONZALEZROBATTO PEROTE","SERGI FABRI LLAVERO",1
"7381","JACOBO GONZALEZROBATTO PEROTE","SERGIO CHAGARTEGUI SANCHEZ",1
"7382","JACOBO GONZALEZROBATTO PEROTE","SERGIO MACIAN DE GREEF",1
"7383","JACOBO GONZALEZROBATTO PEROTE","SILVIA CLARA ENRIQUEZ GALLEGO",1
"7384","JACOBO GONZALEZROBATTO PEROTE","SOLEDAD PEREZ RUBIO",1
"7385","JACOBO GONZALEZROBATTO PEROTE","SONSOLES PALACIOS MORENO",1
"7386","JACOBO GONZALEZROBATTO PEROTE","TEODORO RAMON POZO MUNIZ",1
"7387","JACOBO GONZALEZROBATTO PEROTE","TOMAS FERNANDEZ RIOS",1
"7388","JACOBO GONZALEZROBATTO PEROTE","VALENTIN LOPEZ LOPEZ",1
"7389","JACOBO GONZALEZROBATTO PEROTE","VICTOR GUIDO GONZALEZ COELLO DE PORTUGAL",1
"7390","JACOBO GONZALEZROBATTO PEROTE","VICTOR MANUEL ACOSTA HERNANDEZ",1
"7391","JACOBO GONZALEZROBATTO PEROTE","VIRGINIA HUERTAS PECHUAN",1
"7392","JACOBO GONZALEZROBATTO PEROTE","YOLANDA MERELO PALOMARES",1
"7393","JAIME GONZALEZ CANOMANUEL","JAVIER ORTEGA SMITHMOLINA",1
"7394","JAIME GONZALEZ CANOMANUEL","JOAQUIN ROBLES LOPEZ",1
"7395","JAIME GONZALEZ CANOMANUEL","JORGE ARTURO CUTILLAS CORDON",1
"7396","JAIME GONZALEZ CANOMANUEL","JOSE IGNACIO ARIAS MORENO",1
"7397","JAIME GONZALEZ CANOMANUEL","JOSE JOAQUIN BENGOCHEA SECO",1
"7398","JAIME GONZALEZ CANOMANUEL","JOSE MARCELO AMARILLA PEREZ",1
"7399","JAIME GONZALEZ CANOMANUEL","JOSE MARIA FIGAREDO ALVAREZSALA",1
"7400","JAIME GONZALEZ CANOMANUEL","JOSE MARIA MARCO TOBARRA",1
"7401","JAIME GONZALEZ CANOMANUEL","JOSE MARIA SANCHEZ GARCIA",1
"7402","JAIME GONZALEZ CANOMANUEL","JOSE MIGUEL TASENDE SOUTO",1
"7403","JAIME GONZALEZ CANOMANUEL","JOSE RAMIREZ DEL RIO",1
"7404","JAIME GONZALEZ CANOMANUEL","JOSEFINA BLAZQUEZ SANCHEZ",1
"7405","JAIME GONZALEZ CANOMANUEL","JUAN FRANCISCO ROJAS FERNANDEZ",1
"7406","JAIME GONZALEZ CANOMANUEL","JUAN IGNACIO FERNANDEZ TOMAS",1
"7407","JAIME GONZALEZ CANOMANUEL","JUAN JOSE AIZCORBE TORRA",1
"7408","JAIME GONZALEZ CANOMANUEL","JULIO JOSE CALVO IGLESIAS",1
"7409","JAIME GONZALEZ CANOMANUEL","LAURA GALAN RODRIGUEZ",1
"7410","JAIME GONZALEZ CANOMANUEL","LOURDES MENDEZ MONASTERIO",1
"7411","JAIME GONZALEZ CANOMANUEL","LUIS GESTOSO DE MIGUEL",1
"7412","JAIME GONZALEZ CANOMANUEL","MACARENA OLONA CHOCLAN",1
"7413","JAIME GONZALEZ CANOMANUEL","MAGDALENA MARGARITA CONTESTI ROSSELLO",1
"7414","JAIME GONZALEZ CANOMANUEL","MANUEL GONZALEZ BAZAN",1
"7415","JAIME GONZALEZ CANOMANUEL","MANUEL MARISCAL ZABALA",1
"7416","JAIME GONZALEZ CANOMANUEL","MANUEL MESTRE BAREA",1
"7417","JAIME GONZALEZ CANOMANUEL","MANUEL RAFAEL RODRIGUEZ VALERO",1
"7418","JAIME GONZALEZ CANOMANUEL","MARGARITA DE LA PISA CARRION",1
"7419","JAIME GONZALEZ CANOMANUEL","MARIA DE LA CABEZA RUIZ SOLAS",1
"7420","JAIME GONZALEZ CANOMANUEL","MARIA DE LOS REYES ROMERO VILCHES",1
"7421","JAIME GONZALEZ CANOMANUEL","MARIA DOLORES GOMEZ MORENO",1
"7422","JAIME GONZALEZ CANOMANUEL","MARIA MAGDALENA NEVADO DEL CAMPO",1
"7423","JAIME GONZALEZ CANOMANUEL","MARIA MERCEDES RODRIGUEZ TAMAYO",1
"7424","JAIME GONZALEZ CANOMANUEL","MARIA TERESA ARNEDO PEREZ",1
"7425","JAIME GONZALEZ CANOMANUEL","MARIA TERESA LOPEZ DIVASSON",1
"7426","JAIME GONZALEZ CANOMANUEL","MARTA ALVAREZ BARRIO",1
"7427","JAIME GONZALEZ CANOMANUEL","MARTA FERNANDEZ MARTIN",1
"7428","JAIME GONZALEZ CANOMANUEL","MARTA GERVASIA GARRIDO MORENO",1
"7429","JAIME GONZALEZ CANOMANUEL","MIGUEL ANGEL FERNANDEZ LOPEZ",1
"7430","JAIME GONZALEZ CANOMANUEL","MIREIA BORRAS PABON",1
"7431","JAIME GONZALEZ CANOMANUEL","PABLO JUAN CALVO LISTE",1
"7432","JAIME GONZALEZ CANOMANUEL","PABLO SAEZ ALONSOMUNUMER",1
"7433","JAIME GONZALEZ CANOMANUEL","PALOMA GOMEZ ENRIQUEZ",1
"7434","JAIME GONZALEZ CANOMANUEL","PATRICIA DE LAS HERAS FERNANDEZ",1
"7435","JAIME GONZALEZ CANOMANUEL","PATRICIA RUEDA PERELLO",1
"7436","JAIME GONZALEZ CANOMANUEL","PEDRO FERNANDEZ HERNANDEZ",1
"7437","JAIME GONZALEZ CANOMANUEL","PEDRO JESUS REQUEJO NOVOA",1
"7438","JAIME GONZALEZ CANOMANUEL","RAQUEL TOMAS PEDROSA",1
"7439","JAIME GONZALEZ CANOMANUEL","RICARDO BELDA VALIENTE",1
"7440","JAIME GONZALEZ CANOMANUEL","RICARDO CHAMORRO DELMO",1
"7441","JAIME GONZALEZ CANOMANUEL","ROCIO DE MEER MENDEZ",1
"7442","JAIME GONZALEZ CANOMANUEL","RODRIGO JIMENEZ REVUELTA",1
"7443","JAIME GONZALEZ CANOMANUEL","RUBEN SILVANO MANSO OLIVAR",1
"7444","JAIME GONZALEZ CANOMANUEL","SANTIAGO ABASCAL CONDE",1
"7445","JAIME GONZALEZ CANOMANUEL","SARA CONCEPCION ALVAREZ ROUCO",1
"7446","JAIME GONZALEZ CANOMANUEL","SERAFIN SERRANO MARIN",1
"7447","JAIME GONZALEZ CANOMANUEL","SERGIO BOTONERO GALAN",1
"7448","JAIME GONZALEZ CANOMANUEL","SERGIO MACIAN DE GREEF",1
"7449","JAIME GONZALEZ CANOMANUEL","SONIA LUISA LALANDA SANMIGUEL",1
"7450","JAIME GONZALEZ CANOMANUEL","TOMAS FERNANDEZ RIOS",1
"7451","JAIME GONZALEZ CANOMANUEL","VICTOR GUIDO GONZALEZ COELLO DE PORTUGAL",1
"7452","JAIME GONZALEZ CANOMANUEL","VICTOR MANUEL SANCHEZ DEL REAL",1
"7453","JAIME GONZALEZ CANOMANUEL","YOLANDA MERELO PALOMARES",1
"7454","JAIME JAVIER DOMINGO MARTINEZ","JAVIER CORTES LUCENA",1
"7455","JAIME JAVIER DOMINGO MARTINEZ","JOAQUIN ROBLES LOPEZ",1
"7456","JAIME JAVIER DOMINGO MARTINEZ","JORGE CAMPOS ASENSI",1
"7457","JAIME JAVIER DOMINGO MARTINEZ","JOSE ANTONIO GOMILA ORTEGA",1
"7458","JAIME JAVIER DOMINGO MARTINEZ","JOSE FRANCISCO GARRE IZQUIERDO",1
"7459","JAIME JAVIER DOMINGO MARTINEZ","JOSE MARIA FIGAREDO ALVAREZSALA",1
"7460","JAIME JAVIER DOMINGO MARTINEZ","JOSE MARIA ORTELLS POLO",1
"7461","JAIME JAVIER DOMINGO MARTINEZ","JOSE MARIA SANCHEZ GARCIA",1
"7462","JAIME JAVIER DOMINGO MARTINEZ","JOSE RAMIREZ DEL RIO",1
"7463","JAIME JAVIER DOMINGO MARTINEZ","JUAN JOSE AIZCORBE TORRA",1
"7464","JAIME JAVIER DOMINGO MARTINEZ","JUAN JOSE BOSQUET ARIAS",1
"7465","JAIME JAVIER DOMINGO MARTINEZ","JUAN JOSE COCA LOPEZ",1
"7466","JAIME JAVIER DOMINGO MARTINEZ","LOURDES MENDEZ MONASTERIO",1
"7467","JAIME JAVIER DOMINGO MARTINEZ","LUCIA CUADROS ESTEVEZ",1
"7468","JAIME JAVIER DOMINGO MARTINEZ","MACARENA OLONA CHOCLAN",1
"7469","JAIME JAVIER DOMINGO MARTINEZ","MANUEL GAVIRA FLORENTINO",1
"7470","JAIME JAVIER DOMINGO MARTINEZ","MANUEL JORGE MARTIN MONTERO",1
"7471","JAIME JAVIER DOMINGO MARTINEZ","MANUEL MARISCAL ZABALA",1
"7472","JAIME JAVIER DOMINGO MARTINEZ","MANUELA DEL MAR MARTIN IBANEZ",1
"7473","JAIME JAVIER DOMINGO MARTINEZ","MARIA ADELA VAO CANADAS",1
"7474","JAIME JAVIER DOMINGO MARTINEZ","MARIA DE LA CABEZA RUIZ SOLAS",1
"7475","JAIME JAVIER DOMINGO MARTINEZ","MARIA DE LOS REYES ROMERO VILCHES",1
"7476","JAIME JAVIER DOMINGO MARTINEZ","MARIA DEL CARMEN MURIEL MARQUEZ",1
"7477","JAIME JAVIER DOMINGO MARTINEZ","MARIA JOSE RODRIGUEZ DE MILLAN PARRO",2
"7478","JAIME JAVIER DOMINGO MARTINEZ","MARIA LOPEZ ZAMBRANO",1
"7479","JAIME JAVIER DOMINGO MARTINEZ","MARIA MAGDALENA NEVADO DEL CAMPO",1
"7480","JAIME JAVIER DOMINGO MARTINEZ","MARIA MAGDALENA PUENTEDURA PEREZ",1
"7481","JAIME JAVIER DOMINGO MARTINEZ","MARIA MERCEDES RODRIGUEZ TAMAYO",1
"7482","JAIME JAVIER DOMINGO MARTINEZ","MARIA TERESA LOPEZ ALVAREZ",1
"7483","JAIME JAVIER DOMINGO MARTINEZ","MONTSERRAT CERVANTES LLORT",1
"7484","JAIME JAVIER DOMINGO MARTINEZ","PABLO JUAN CALVO LISTE",1
"7485","JAIME JAVIER DOMINGO MARTINEZ","PABLO SAEZ ALONSOMUNUMER",1
"7486","JAIME JAVIER DOMINGO MARTINEZ","PATRICIA RUEDA PERELLO",1
"7487","JAIME JAVIER DOMINGO MARTINEZ","PEDRO FERNANDEZ HERNANDEZ",1
"7488","JAIME JAVIER DOMINGO MARTINEZ","PEDRO JESUS REQUEJO NOVOA",1
"7489","JAIME JAVIER DOMINGO MARTINEZ","PURIFICACION FERNANDEZ MORALES",1
"7490","JAIME JAVIER DOMINGO MARTINEZ","RAFAEL GARCIA ORTIZ",1
"7491","JAIME JAVIER DOMINGO MARTINEZ","RAFAEL SEGOVIA BROME",1
"7492","JAIME JAVIER DOMINGO MARTINEZ","RICARDO CHAMORRO DELMO",1
"7493","JAIME JAVIER DOMINGO MARTINEZ","RICARDO LOPEZ OLEA",1
"7494","JAIME JAVIER DOMINGO MARTINEZ","ROCIO DE MEER MENDEZ",1
"7495","JAIME JAVIER DOMINGO MARTINEZ","RODRIGO JAVIER ALONSO FERNANDEZ",1
"7496","JAIME JAVIER DOMINGO MARTINEZ","RODRIGO JIMENEZ REVUELTA",1
"7497","JAIME JAVIER DOMINGO MARTINEZ","SANTIAGO ABASCAL CONDE",1
"7498","JAIME JAVIER DOMINGO MARTINEZ","SERGIO MACIAN DE GREEF",1
"7499","JAIME JAVIER DOMINGO MARTINEZ","SILVIA CLARA ENRIQUEZ GALLEGO",1
"7500","JAIME JAVIER DOMINGO MARTINEZ","SOLEDAD PEREZ RUBIO",1
"7501","JAIME JAVIER DOMINGO MARTINEZ","TOMAS FERNANDEZ RIOS",1
"7502","JAIME JAVIER DOMINGO MARTINEZ","VICTOR GUIDO GONZALEZ COELLO DE PORTUGAL",1
"7503","JAIME JAVIER DOMINGO MARTINEZ","YOLANDA MERELO PALOMARES",1
"7504","JAVIER BRAVO ARROBAS","JOAQUIN ROBLES LOPEZ",1
"7505","JAVIER BRAVO ARROBAS","JORGE CAMPOS ASENSI",1
"7506","JAVIER BRAVO ARROBAS","JORGE MARTIN TRANCON",1
"7507","JAVIER BRAVO ARROBAS","JOSE FRANCISCO GARRE IZQUIERDO",1
"7508","JAVIER BRAVO ARROBAS","JOSE MARCELO AMARILLA PEREZ",1
"7509","JAVIER BRAVO ARROBAS","JOSE MARIA FIGAREDO ALVAREZSALA",1
"7510","JAVIER BRAVO ARROBAS","JOSE MARIA SANCHEZ GARCIA",1
"7511","JAVIER BRAVO ARROBAS","JOSE RAMIREZ DEL RIO",1
"7512","JAVIER BRAVO ARROBAS","JUAN JOSE AIZCORBE TORRA",1
"7513","JAVIER BRAVO ARROBAS","JUAN JOSE GARCIA GARCIA",1
"7514","JAVIER BRAVO ARROBAS","LAURA GALAN RODRIGUEZ",1
"7515","JAVIER BRAVO ARROBAS","LOURDES MENDEZ MONASTERIO",1
"7516","JAVIER BRAVO ARROBAS","MANUEL MARISCAL ZABALA",1
"7517","JAVIER BRAVO ARROBAS","MARIA DE LA CABEZA RUIZ SOLAS",1
"7518","JAVIER BRAVO ARROBAS","MARIA DE LOS REYES ROMERO VILCHES",1
"7519","JAVIER BRAVO ARROBAS","MARIA JESUS SALVATIERRA GORDILLO",1
"7520","JAVIER BRAVO ARROBAS","MARIA JOSE RODRIGUEZ DE MILLAN PARRO",1
"7521","JAVIER BRAVO ARROBAS","MARIA MAGDALENA NEVADO DEL CAMPO",1
"7522","JAVIER BRAVO ARROBAS","MARIA TERESA LOPEZ ALVAREZ",1
"7523","JAVIER BRAVO ARROBAS","MARTA GERVASIA GARRIDO MORENO",1
"7524","JAVIER BRAVO ARROBAS","OSCAR ARTURO FERNANDEZ CALLE",1
"7525","JAVIER BRAVO ARROBAS","PABLO JUAN CALVO LISTE",1
"7526","JAVIER BRAVO ARROBAS","PABLO SAEZ ALONSOMUNUMER",1
"7527","JAVIER BRAVO ARROBAS","PATRICIA RUEDA PERELLO",1
"7528","JAVIER BRAVO ARROBAS","PEDRO FERNANDEZ HERNANDEZ",1
"7529","JAVIER BRAVO ARROBAS","PEDRO JESUS REQUEJO NOVOA",1
"7530","JAVIER BRAVO ARROBAS","RICARDO CHAMORRO DELMO",1
"7531","JAVIER BRAVO ARROBAS","ROCIO DE MEER MENDEZ",1
"7532","JAVIER BRAVO ARROBAS","RODRIGO JIMENEZ REVUELTA",1
"7533","JAVIER BRAVO ARROBAS","SANTIAGO ABASCAL CONDE",1
"7534","JAVIER BRAVO ARROBAS","SERGIO MACIAN DE GREEF",1
"7535","JAVIER BRAVO ARROBAS","TOMAS FERNANDEZ RIOS",1
"7536","JAVIER BRAVO ARROBAS","VICTOR GUIDO GONZALEZ COELLO DE PORTUGAL",1
"7537","JAVIER BRAVO ARROBAS","YOLANDA MERELO PALOMARES",1
"7538","JAVIER CORTES LUCENA","JOSE ANTONIO GOMILA ORTEGA",2
"7539","JAVIER CORTES LUCENA","JOSE MARIA ORTELLS POLO",1
"7540","JAVIER CORTES LUCENA","JUAN FRANCISCO ROJAS FERNANDEZ",1
"7541","JAVIER CORTES LUCENA","JUAN JOSE BOSQUET ARIAS",2
"7542","JAVIER CORTES LUCENA","JUAN JOSE COCA LOPEZ",2
"7543","JAVIER CORTES LUCENA","LUCIA CUADROS ESTEVEZ",2
"7544","JAVIER CORTES LUCENA","MACARENA OLONA CHOCLAN",1
"7545","JAVIER CORTES LUCENA","MANUEL GAVIRA FLORENTINO",2
"7546","JAVIER CORTES LUCENA","MANUEL JESUS VELA SABORIDO",1
"7547","JAVIER CORTES LUCENA","MANUEL JORGE MARTIN MONTERO",1
"7548","JAVIER CORTES LUCENA","MANUELA DEL MAR MARTIN IBANEZ",1
"7549","JAVIER CORTES LUCENA","MARIA ADELA VAO CANADAS",2
"7550","JAVIER CORTES LUCENA","MARIA CRISTINA PELAEZ IZQUIERDO",1
"7551","JAVIER CORTES LUCENA","MARIA DE LA CRUZ LOZANO MARIN",1
"7552","JAVIER CORTES LUCENA","MARIA DEL CARMEN INFANTES HERNANDEZ",1
"7553","JAVIER CORTES LUCENA","MARIA DEL CARMEN MURIEL MARQUEZ",1
"7554","JAVIER CORTES LUCENA","MARIA GORETTI EIBERLE SANCHEZ DE TOCA",1
"7555","JAVIER CORTES LUCENA","MARIA JOSE RODRIGUEZ DE MILLAN PARRO",1
"7556","JAVIER CORTES LUCENA","MARIA LOPEZ ZAMBRANO",1
"7557","JAVIER CORTES LUCENA","MARIA MAGDALENA PUENTEDURA PEREZ",1
"7558","JAVIER CORTES LUCENA","MARIA MERCEDES RODRIGUEZ TAMAYO",1
"7559","JAVIER CORTES LUCENA","MONTSERRAT CERVANTES LLORT",1
"7560","JAVIER CORTES LUCENA","NOELIA MARIA CAMPOS RODRIGUEZ",1
"7561","JAVIER CORTES LUCENA","OTILIA ALARCON CAMUS",1
"7562","JAVIER CORTES LUCENA","PAULA DE LOS ANGELES BADANELLI BERRIOZABAL",1
"7563","JAVIER CORTES LUCENA","PURIFICACION FERNANDEZ MORALES",2
"7564","JAVIER CORTES LUCENA","RAFAEL SEGOVIA BROME",2
"7565","JAVIER CORTES LUCENA","RICARDO LOPEZ OLEA",2
"7566","JAVIER CORTES LUCENA","ROCIO MARIN ORTEGA",1
"7567","JAVIER CORTES LUCENA","RODRIGO JAVIER ALONSO FERNANDEZ",2
"7568","JAVIER CORTES LUCENA","SILVIA CLARA ENRIQUEZ GALLEGO",2
"7569","JAVIER CORTES LUCENA","SILVIA MARIA BELLIDO VERA",1
"7570","JAVIER CORTES LUCENA","SOLEDAD PEREZ RUBIO",1
"7571","JAVIER DA COSTA SOLIS","JOSE MIGUEL TASENDE SOUTO",2
"7572","JAVIER DIAZ SANCHEZ","JAVIER PEREZ GALLARDO",1
"7573","JAVIER DIAZ SANCHEZ","JORGE ARTURO CUTILLAS CORDON",3
"7574","JAVIER DIAZ SANCHEZ","JOSE ANTONIO FUSTER LAMELAS",1
"7575","JAVIER DIAZ SANCHEZ","JOSE IGNACIO ARIAS MORENO",2
"7576","JAVIER DIAZ SANCHEZ","JOSE LUIS RUIZ BARTOLOME",2
"7577","JAVIER DIAZ SANCHEZ","JOSE MARIA MARCO TOBARRA",1
"7578","JAVIER DIAZ SANCHEZ","MARIA BELEN GONZALEZ MORENO",1
"7579","JAVIER DIAZ SANCHEZ","MARIANO CALABUIG MARTINEZ",2
"7580","JAVIER DIAZ SANCHEZ","ROCIO MONASTERIO SAN MARTIN",3
"7581","JAVIER GONZALEZ PALACIOS","JUAN CARLOS GALLEGO HERRERA",1
"7582","JAVIER JOVE SANDOVAL","JOAQUIN ROBLES LOPEZ",1
"7583","JAVIER JOVE SANDOVAL","JORGE CAMPOS ASENSI",1
"7584","JAVIER JOVE SANDOVAL","JOSE FRANCISCO GARRE IZQUIERDO",1
"7585","JAVIER JOVE SANDOVAL","JOSE MARIA FIGAREDO ALVAREZSALA",1
"7586","JAVIER JOVE SANDOVAL","JOSE MARIA SANCHEZ GARCIA",1
"7587","JAVIER JOVE SANDOVAL","JOSE RAMIREZ DEL RIO",1
"7588","JAVIER JOVE SANDOVAL","JOSUE VELASCO PUENTE",1
"7589","JAVIER JOVE SANDOVAL","JUAN JOSE AIZCORBE TORRA",1
"7590","JAVIER JOVE SANDOVAL","LOURDES MENDEZ MONASTERIO",1
"7591","JAVIER JOVE SANDOVAL","LUIS LOPEZ MENENDEZ",1
"7592","JAVIER JOVE SANDOVAL","MANUEL MARISCAL ZABALA",1
"7593","JAVIER JOVE SANDOVAL","MARIA ARANZAZU MARTINEZ RIOLA",1
"7594","JAVIER JOVE SANDOVAL","MARIA DE LA CABEZA RUIZ SOLAS",1
"7595","JAVIER JOVE SANDOVAL","MARIA DE LOS REYES ROMERO VILCHES",1
"7596","JAVIER JOVE SANDOVAL","MARIA JOSE RODRIGUEZ DE MILLAN PARRO",1
"7597","JAVIER JOVE SANDOVAL","MARIA LUISA MENENDEZ MARTINEZ",1
"7598","JAVIER JOVE SANDOVAL","MARIA MAGDALENA NEVADO DEL CAMPO",1
"7599","JAVIER JOVE SANDOVAL","MARIA TERESA LOPEZ ALVAREZ",1
"7600","JAVIER JOVE SANDOVAL","PABLO JUAN CALVO LISTE",1
"7601","JAVIER JOVE SANDOVAL","PABLO SAEZ ALONSOMUNUMER",1
"7602","JAVIER JOVE SANDOVAL","PATRICIA RUEDA PERELLO",1
"7603","JAVIER JOVE SANDOVAL","PEDRO FERNANDEZ HERNANDEZ",1
"7604","JAVIER JOVE SANDOVAL","PEDRO JESUS REQUEJO NOVOA",1
"7605","JAVIER JOVE SANDOVAL","RICARDO CHAMORRO DELMO",1
"7606","JAVIER JOVE SANDOVAL","ROCIO DE MEER MENDEZ",1
"7607","JAVIER JOVE SANDOVAL","RODRIGO JIMENEZ REVUELTA",1
"7608","JAVIER JOVE SANDOVAL","SANTIAGO ABASCAL CONDE",1
"7609","JAVIER JOVE SANDOVAL","SARA CONCEPCION ALVAREZ ROUCO",1
"7610","JAVIER JOVE SANDOVAL","SERGIO MACIAN DE GREEF",1
"7611","JAVIER JOVE SANDOVAL","SONSOLES PERALTA LOPEZ",1
"7612","JAVIER JOVE SANDOVAL","TEODORO RAMON POZO MUNIZ",1
"7613","JAVIER JOVE SANDOVAL","TOMAS FERNANDEZ RIOS",1
"7614","JAVIER JOVE SANDOVAL","VICTOR GUIDO GONZALEZ COELLO DE PORTUGAL",1
"7615","JAVIER JOVE SANDOVAL","YOLANDA MERELO PALOMARES",1
"7616","JAVIER ORTEGA SMITHMOLINA","JOAQUIN ROBLES LOPEZ",1
"7617","JAVIER ORTEGA SMITHMOLINA","JORGE ARTURO CUTILLAS CORDON",1
"7618","JAVIER ORTEGA SMITHMOLINA","JOSE IGNACIO ARIAS MORENO",1
"7619","JAVIER ORTEGA SMITHMOLINA","JOSE JOAQUIN BENGOCHEA SECO",1
"7620","JAVIER ORTEGA SMITHMOLINA","JOSE MARCELO AMARILLA PEREZ",1
"7621","JAVIER ORTEGA SMITHMOLINA","JOSE MARIA FIGAREDO ALVAREZSALA",1
"7622","JAVIER ORTEGA SMITHMOLINA","JOSE MARIA MARCO TOBARRA",1
"7623","JAVIER ORTEGA SMITHMOLINA","JOSE MARIA SANCHEZ GARCIA",1
"7624","JAVIER ORTEGA SMITHMOLINA","JOSE MIGUEL TASENDE SOUTO",1
"7625","JAVIER ORTEGA SMITHMOLINA","JOSE RAMIREZ DEL RIO",1
"7626","JAVIER ORTEGA SMITHMOLINA","JOSEFINA BLAZQUEZ SANCHEZ",1
"7627","JAVIER ORTEGA SMITHMOLINA","JUAN FRANCISCO ROJAS FERNANDEZ",1
"7628","JAVIER ORTEGA SMITHMOLINA","JUAN IGNACIO FERNANDEZ TOMAS",1
"7629","JAVIER ORTEGA SMITHMOLINA","JUAN JOSE AIZCORBE TORRA",1
"7630","JAVIER ORTEGA SMITHMOLINA","JULIO JOSE CALVO IGLESIAS",1
"7631","JAVIER ORTEGA SMITHMOLINA","LAURA GALAN RODRIGUEZ",1
"7632","JAVIER ORTEGA SMITHMOLINA","LOURDES MENDEZ MONASTERIO",1
"7633","JAVIER ORTEGA SMITHMOLINA","LUIS GESTOSO DE MIGUEL",1
"7634","JAVIER ORTEGA SMITHMOLINA","MACARENA OLONA CHOCLAN",1
"7635","JAVIER ORTEGA SMITHMOLINA","MAGDALENA MARGARITA CONTESTI ROSSELLO",1
"7636","JAVIER ORTEGA SMITHMOLINA","MANUEL GONZALEZ BAZAN",1
"7637","JAVIER ORTEGA SMITHMOLINA","MANUEL MARISCAL ZABALA",1
"7638","JAVIER ORTEGA SMITHMOLINA","MANUEL MESTRE BAREA",1
"7639","JAVIER ORTEGA SMITHMOLINA","MANUEL RAFAEL RODRIGUEZ VALERO",1
"7640","JAVIER ORTEGA SMITHMOLINA","MARGARITA DE LA PISA CARRION",1
"7641","JAVIER ORTEGA SMITHMOLINA","MARIA DE LA CABEZA RUIZ SOLAS",1
"7642","JAVIER ORTEGA SMITHMOLINA","MARIA DE LOS REYES ROMERO VILCHES",1
"7643","JAVIER ORTEGA SMITHMOLINA","MARIA DOLORES GOMEZ MORENO",1
"7644","JAVIER ORTEGA SMITHMOLINA","MARIA MAGDALENA NEVADO DEL CAMPO",1
"7645","JAVIER ORTEGA SMITHMOLINA","MARIA MERCEDES RODRIGUEZ TAMAYO",1
"7646","JAVIER ORTEGA SMITHMOLINA","MARIA TERESA ARNEDO PEREZ",1
"7647","JAVIER ORTEGA SMITHMOLINA","MARIA TERESA LOPEZ DIVASSON",1
"7648","JAVIER ORTEGA SMITHMOLINA","MARTA ALVAREZ BARRIO",1
"7649","JAVIER ORTEGA SMITHMOLINA","MARTA FERNANDEZ MARTIN",1
"7650","JAVIER ORTEGA SMITHMOLINA","MARTA GERVASIA GARRIDO MORENO",1
"7651","JAVIER ORTEGA SMITHMOLINA","MIGUEL ANGEL FERNANDEZ LOPEZ",1
"7652","JAVIER ORTEGA SMITHMOLINA","MIREIA BORRAS PABON",1
"7653","JAVIER ORTEGA SMITHMOLINA","PABLO JUAN CALVO LISTE",1
"7654","JAVIER ORTEGA SMITHMOLINA","PABLO SAEZ ALONSOMUNUMER",1
"7655","JAVIER ORTEGA SMITHMOLINA","PALOMA GOMEZ ENRIQUEZ",1
"7656","JAVIER ORTEGA SMITHMOLINA","PATRICIA DE LAS HERAS FERNANDEZ",1
"7657","JAVIER ORTEGA SMITHMOLINA","PATRICIA RUEDA PERELLO",1
"7658","JAVIER ORTEGA SMITHMOLINA","PEDRO FERNANDEZ HERNANDEZ",1
"7659","JAVIER ORTEGA SMITHMOLINA","PEDRO JESUS REQUEJO NOVOA",1
"7660","JAVIER ORTEGA SMITHMOLINA","RAQUEL TOMAS PEDROSA",1
"7661","JAVIER ORTEGA SMITHMOLINA","RICARDO BELDA VALIENTE",1
"7662","JAVIER ORTEGA SMITHMOLINA","RICARDO CHAMORRO DELMO",1
"7663","JAVIER ORTEGA SMITHMOLINA","ROCIO DE MEER MENDEZ",1
"7664","JAVIER ORTEGA SMITHMOLINA","RODRIGO JIMENEZ REVUELTA",1
"7665","JAVIER ORTEGA SMITHMOLINA","RUBEN SILVANO MANSO OLIVAR",1
"7666","JAVIER ORTEGA SMITHMOLINA","SANTIAGO ABASCAL CONDE",1
"7667","JAVIER ORTEGA SMITHMOLINA","SARA CONCEPCION ALVAREZ ROUCO",1
"7668","JAVIER ORTEGA SMITHMOLINA","SERAFIN SERRANO MARIN",1
"7669","JAVIER ORTEGA SMITHMOLINA","SERGIO BOTONERO GALAN",1
"7670","JAVIER ORTEGA SMITHMOLINA","SERGIO MACIAN DE GREEF",1
"7671","JAVIER ORTEGA SMITHMOLINA","SONIA LUISA LALANDA SANMIGUEL",1
"7672","JAVIER ORTEGA SMITHMOLINA","TOMAS FERNANDEZ RIOS",1
"7673","JAVIER ORTEGA SMITHMOLINA","VICTOR GUIDO GONZALEZ COELLO DE PORTUGAL",1
"7674","JAVIER ORTEGA SMITHMOLINA","VICTOR MANUEL SANCHEZ DEL REAL",1
"7675","JAVIER ORTEGA SMITHMOLINA","YOLANDA MERELO PALOMARES",1
"7676","JAVIER PEREZ GALLARDO","JESUS FERNANDEZ SERRANO",1
"7677","JAVIER PEREZ GALLARDO","JESUS IGNACIO DE LA FUENTE MOLINERO",1
"7678","JAVIER PEREZ GALLARDO","JOAQUIN ROBLES LOPEZ",1
"7679","JAVIER PEREZ GALLARDO","JORGE ARTURO CUTILLAS CORDON",3
"7680","JAVIER PEREZ GALLARDO","JORGE BUXADE VILLALBA",1
"7681","JAVIER PEREZ GALLARDO","JORGE CAMPOS ASENSI",1
"7682","JAVIER PEREZ GALLARDO","JORGE MANUEL MIRAT GALET",1
"7683","JAVIER PEREZ GALLARDO","JORGE MARTIN FRIAS",1
"7684","JAVIER PEREZ GALLARDO","JORGE MARTIN MOROLLON",1
"7685","JAVIER PEREZ GALLARDO","JOSE ANTONIO FUSTER LAMELAS",1
"7686","JAVIER PEREZ GALLARDO","JOSE FRANCISCO GARRE IZQUIERDO",1
"7687","JAVIER PEREZ GALLARDO","JOSE IGNACIO ARIAS MORENO",2
"7688","JAVIER PEREZ GALLARDO","JOSE LUIS RUIZ BARTOLOME",2
"7689","JAVIER PEREZ GALLARDO","JOSE MANUEL FERNANDEZ TESTA",1
"7690","JAVIER PEREZ GALLARDO","JOSE MARIA FIGAREDO ALVAREZSALA",1
"7691","JAVIER PEREZ GALLARDO","JOSE MARIA MARCO TOBARRA",1
"7692","JAVIER PEREZ GALLARDO","JOSE MARIA SANCHEZ GARCIA",1
"7693","JAVIER PEREZ GALLARDO","JOSE MIGUEL GONZALEZ JIMENEZ",1
"7694","JAVIER PEREZ GALLARDO","JOSE RAMIREZ DEL RIO",1
"7695","JAVIER PEREZ GALLARDO","JOSE RODRIGUEZ CUADRADO",1
"7696","JAVIER PEREZ GALLARDO","JOSE ROMERO BAENA",1
"7697","JAVIER PEREZ GALLARDO","JUAN CARLOS GIRAUTA VIDAL",1
"7698","JAVIER PEREZ GALLARDO","JUAN CARLOS VICENTE MARTINEZ",1
"7699","JAVIER PEREZ GALLARDO","JUAN IGNACIO FERNANDEZ TOMAS",1
"7700","JAVIER PEREZ GALLARDO","JUAN IGNACIO PINEDA SALVADOR",1
"7701","JAVIER PEREZ GALLARDO","JUAN JOSE AIZCORBE TORRA",1
"7702","JAVIER PEREZ GALLARDO","JUAN MARCOS MANRIQUE LOPEZ",1
"7703","JAVIER PEREZ GALLARDO","LOURDES MENDEZ MONASTERIO",1
"7704","JAVIER PEREZ GALLARDO","MANUEL MARISCAL ZABALA",1
"7705","JAVIER PEREZ GALLARDO","MARGARITA DE LA PISA CARRION",1
"7706","JAVIER PEREZ GALLARDO","MARIA AZULEMA MINGARRO DOMINGUEZ",1
"7707","JAVIER PEREZ GALLARDO","MARIA BELEN GONZALEZ MORENO",1
"7708","JAVIER PEREZ GALLARDO","MARIA DE LA CABEZA RUIZ SOLAS",1
"7709","JAVIER PEREZ GALLARDO","MARIA DE LOS REYES ROMERO VILCHES",1
"7710","JAVIER PEREZ GALLARDO","MARIA DEL PILAR BAOS REVILLA",1
"7711","JAVIER PEREZ GALLARDO","MARIA JOSE RODRIGUEZ DE MILLAN PARRO",1
"7712","JAVIER PEREZ GALLARDO","MARIA MAGDALENA NEVADO DEL CAMPO",1
"7713","JAVIER PEREZ GALLARDO","MARIA SUSANA JIMENEZ AIBAR",1
"7714","JAVIER PEREZ GALLARDO","MARIA TERESA LOPEZ ALVAREZ",1
"7715","JAVIER PEREZ GALLARDO","MARIA TERESA LOPEZ DIVASSON",1
"7716","JAVIER PEREZ GALLARDO","MARIANO CALABUIG MARTINEZ",2
"7717","JAVIER PEREZ GALLARDO","MARTA IBERO DURAN",1
"7718","JAVIER PEREZ GALLARDO","MIGUEL GUADALFAJARA ROZAS",1
"7719","JAVIER PEREZ GALLARDO","MIGUEL MALDONADO CABALLERO",1
"7720","JAVIER PEREZ GALLARDO","MIREIA BORRAS PABON",1
"7721","JAVIER PEREZ GALLARDO","NURIA LATORRE SANDONIS",1
"7722","JAVIER PEREZ GALLARDO","PABLO JUAN CALVO LISTE",1
"7723","JAVIER PEREZ GALLARDO","PABLO PEREZ GALLARDO",1
"7724","JAVIER PEREZ GALLARDO","PABLO SAEZ ALONSOMUNUMER",1
"7725","JAVIER PEREZ GALLARDO","PATRICIA DONCEL COMY",1
"7726","JAVIER PEREZ GALLARDO","PATRICIA RUEDA PERELLO",1
"7727","JAVIER PEREZ GALLARDO","PEDRO FERNANDEZ HERNANDEZ",1
"7728","JAVIER PEREZ GALLARDO","PEDRO JESUS REQUEJO NOVOA",1
"7729","JAVIER PEREZ GALLARDO","PEDRO JOSE MALLEN VAZQUEZ",1
"7730","JAVIER PEREZ GALLARDO","PEDRO VICENTE MAJOLERO LOPEZ",1
"7731","JAVIER PEREZ GALLARDO","RICARDO CHAMORRO DELMO",1
"7732","JAVIER PEREZ GALLARDO","ROCIO DE MEER MENDEZ",1
"7733","JAVIER PEREZ GALLARDO","ROCIO MONASTERIO SAN MARTIN",3
"7734","JAVIER PEREZ GALLARDO","RODRIGO JIMENEZ REVUELTA",1
"7735","JAVIER PEREZ GALLARDO","RUBEN SUAREZ FERNANDEZ",1
"7736","JAVIER PEREZ GALLARDO","SANTIAGO ABASCAL CONDE",2
"7737","JAVIER PEREZ GALLARDO","SANTIAGO RAMON CABANAS BURKHALTER",1
"7738","JAVIER PEREZ GALLARDO","SERGIO MACIAN DE GREEF",1
"7739","JAVIER PEREZ GALLARDO","TERESA ANGULLO GARCIA",1
"7740","JAVIER PEREZ GALLARDO","TOMAS FERNANDEZ RIOS",1
"7741","JAVIER PEREZ GALLARDO","VALENTINA DEL CAMPILLO HOLZWARTH",1
"7742","JAVIER PEREZ GALLARDO","VICTOR GUIDO GONZALEZ COELLO DE PORTUGAL",1
"7743","JAVIER PEREZ GALLARDO","VICTOR MANUEL ACOSTA HERNANDEZ",1
"7744","JAVIER PEREZ GALLARDO","YOLANDA MERELO PALOMARES",1
"7745","JAVIER PEREZ GALLARDO","YOLANDA TORRES BRAVO",1
"7746","JAVIER RAMIREZ GUTIERREZ","JOAN GARRIGA DOMENECH",1
"7747","JAVIER RAMIREZ GUTIERREZ","JULIA CALVET PUIG",1
"7748","JAVIER RAMIREZ GUTIERREZ","MANUEL JESUS ACOSTA ELIAS",1
"7749","JAVIER RAMIREZ GUTIERREZ","MARIA ELISA GARCIA FUSTER",1
"7750","JAVIER RAMIREZ GUTIERREZ","MONICA LORA CISQUER",1
"7751","JAVIER RAMIREZ GUTIERREZ","RAFAEL VILLAFRANCA MERCE",1
"7752","JAVIER RAMIREZ GUTIERREZ","SERGI FABRI LLAVERO",1
"7753","JAVIER RAMIREZ GUTIERREZ","SERGIO MACIAN DE GREEF",1
"7754","JAVIER VALENTIN ALONSO CORONEL","JESUS GARCIA ROYO",1
"7755","JAVIER VALENTIN ALONSO CORONEL","JORGE SADABA CORRAL",1
"7756","JAVIER VALENTIN ALONSO CORONEL","LEONIA ALEXANDRA BERNARDINO SILVANO",1
"7757","JAVIER VALENTIN ALONSO CORONEL","LUIS FRANCISCO BIENDICHO GRACIA",1
"7758","JAVIER VALENTIN ALONSO CORONEL","MARIA CARMEN ROUCO LALIENA",1
"7759","JAVIER VALENTIN ALONSO CORONEL","MARIA ISABEL CALZADA ANDREU",1
"7760","JAVIER VALENTIN ALONSO CORONEL","MARIA PILAR DELGADO ANGLADA",1
"7761","JAVIER VALENTIN ALONSO CORONEL","MARTA FERNANDEZ MARTIN",1
"7762","JAVIER VALENTIN ALONSO CORONEL","MARTA MORENO RODRIGUEZ",1
"7763","JAVIER VALENTIN ALONSO CORONEL","SANTIAGO MORON SANJUAN",1
"7764","JAVIER VALENTIN ALONSO CORONEL","SERGIO MARCO JIMENEZ",1
"7765","JAVIER VALENTIN ALONSO CORONEL","VICENTE GALLASTEGUI AZNAR",1
"7766","JESUS ALBIOL TALAYA","JOSE LUIS AGUIRRE LARRAURI",1
"7767","JESUS ALBIOL TALAYA","JOSE MARIA LLANOS PITARCH",2
"7768","JESUS ALBIOL TALAYA","JUAN CANOS BROCH",1
"7769","JESUS ALBIOL TALAYA","JULIA MARIA LLOPIS NOHEDA",1
"7770","JESUS ALBIOL TALAYA","MARIA DE LOS ANGELES CRIADO GONZALBEZ",1
"7771","JESUS ALBIOL TALAYA","MARIA DE LOS LLANOS MASSO LINARES",2
"7772","JESUS ALBIOL TALAYA","MIGUEL PASCUAL PEREZ",2
"7773","JESUS DEL SOCORRO CUEVAS","JOSE LUIS ROMERO DEL HOMBREBUENO GOMEZ",1
"7774","JESUS FERNANDEZ SERRANO","JORGE ARTURO CUTILLAS CORDON",2
"7775","JESUS FERNANDEZ SERRANO","JOSE ANTONIO FUSTER LAMELAS",1
"7776","JESUS FERNANDEZ SERRANO","JOSE IGNACIO ARIAS MORENO",2
"7777","JESUS FERNANDEZ SERRANO","JOSE LUIS RUIZ BARTOLOME",2
"7778","JESUS FERNANDEZ SERRANO","MARIA BELEN GONZALEZ MORENO",1
"7779","JESUS FERNANDEZ SERRANO","MARIANO CALABUIG MARTINEZ",1
"7780","JESUS FERNANDEZ SERRANO","ROCIO MONASTERIO SAN MARTIN",2
"7781","JESUS GARCIA ROYO","JOAQUIN ROBLES LOPEZ",1
"7782","JESUS GARCIA ROYO","JOSE MARIA FIGAREDO ALVAREZSALA",1
"7783","JESUS GARCIA ROYO","JOSE MARIA VAZQUEZ ALVAREZ",1
"7784","JESUS GARCIA ROYO","JOSE RAMIREZ DEL RIO",1
"7785","JESUS GARCIA ROYO","LOURDES MENDEZ MONASTERIO",1
"7786","JESUS GARCIA ROYO","LUIS FRANCISCO BIENDICHO GRACIA",1
"7787","JESUS GARCIA ROYO","MACARENA OLONA CHOCLAN",1
"7788","JESUS GARCIA ROYO","MANUEL MARISCAL ZABALA",1
"7789","JESUS GARCIA ROYO","MANUEL MESTRE BAREA",1
"7790","JESUS GARCIA ROYO","MARIA CARMEN ROUCO LALIENA",1
"7791","JESUS GARCIA ROYO","MARIA DE LA CABEZA RUIZ SOLAS",1
"7792","JESUS GARCIA ROYO","MARIA DE LOS REYES ROMERO VILCHES",1
"7793","JESUS GARCIA ROYO","MARTA FERNANDEZ MARTIN",1
"7794","JESUS GARCIA ROYO","PABLO SAEZ ALONSOMUNUMER",1
"7795","JESUS GARCIA ROYO","PATRICIA RUEDA PERELLO",1
"7796","JESUS GARCIA ROYO","PEDRO FERNANDEZ HERNANDEZ",1
"7797","JESUS GARCIA ROYO","RICARDO CHAMORRO DELMO",1
"7798","JESUS GARCIA ROYO","ROCIO DE MEER MENDEZ",1
"7799","JESUS GARCIA ROYO","SANTIAGO ABASCAL CONDE",1
"7800","JESUS GARCIA ROYO","SANTIAGO MORON SANJUAN",1
"7801","JESUS GARCIA ROYO","SERGIO MARCO JIMENEZ",1
"7802","JESUS GARCIA ROYO","VICTOR MANUEL SANCHEZ DEL REAL",1
"7803","JESUS IGNACIO DE LA FUENTE MOLINERO","JORGE ARTURO CUTILLAS CORDON",3
"7804","JESUS IGNACIO DE LA FUENTE MOLINERO","JOSE ANTONIO FUSTER LAMELAS",1
"7805","JESUS IGNACIO DE LA FUENTE MOLINERO","JOSE IGNACIO ARIAS MORENO",2
"7806","JESUS IGNACIO DE LA FUENTE MOLINERO","JOSE LUIS RUIZ BARTOLOME",2
"7807","JESUS IGNACIO DE LA FUENTE MOLINERO","JOSE MARIA MARCO TOBARRA",1
"7808","JESUS IGNACIO DE LA FUENTE MOLINERO","MARIA BELEN GONZALEZ MORENO",1
"7809","JESUS IGNACIO DE LA FUENTE MOLINERO","MARIANO CALABUIG MARTINEZ",2
"7810","JESUS IGNACIO DE LA FUENTE MOLINERO","ROCIO MONASTERIO SAN MARTIN",3
"7811","JESUS JIMENEZ MIGUEL","JONATHAN GARCIA GARCIA",1
"7812","JESUS JIMENEZ MIGUEL","JOSE ALBERTO DIAZ PICO",1
"7813","JESUS JIMENEZ MIGUEL","JOSE ANTONIO PALOMO MARTIN",1
"7814","JESUS JIMENEZ MIGUEL","LAURA DORREIS ALONSO",1
"7815","JESUS JIMENEZ MIGUEL","LUIS CARLOS GIMENEZ BALMORI",1
"7816","JESUS JIMENEZ MIGUEL","MARIA ALEJANDRA MEDINA SANZ",1
"7817","JESUS JIMENEZ MIGUEL","MARIA DE FATIMA PINACHO FERNANDEZ",1
"7818","JESUS JIMENEZ MIGUEL","MARIA DOLORES MATEO MATEOS",1
"7819","JESUS JIMENEZ MIGUEL","MARIA LUISA CALVO ENRIQUEZ",1
"7820","JESUS JIMENEZ MIGUEL","MARTA ALEGRIA MARTINEZ",1
"7821","JESUS JIMENEZ MIGUEL","MAURICIO ANGULO GUERRERO",1
"7822","JESUS JIMENEZ MIGUEL","MIGUEL CONTRERAS MARTINEZ",1
"7823","JESUS JIMENEZ MIGUEL","SUSANA SUAREZ VILLAGRA",1
"7824","JESUS NIETO SANCHEZ","SIRA JIMENEZ GARCES",1
"7825","JOAN GARRIGA DOMENECH","JULIA CALVET PUIG",1
"7826","JOAN GARRIGA DOMENECH","MANUEL JESUS ACOSTA ELIAS",1
"7827","JOAN GARRIGA DOMENECH","MARIA ELISA GARCIA FUSTER",1
"7828","JOAN GARRIGA DOMENECH","MONICA LORA CISQUER",1
"7829","JOAN GARRIGA DOMENECH","RAFAEL VILLAFRANCA MERCE",1
"7830","JOAN GARRIGA DOMENECH","SERGI FABRI LLAVERO",1
"7831","JOAN GARRIGA DOMENECH","SERGIO MACIAN DE GREEF",1
"7832","JOAQUIN MARIA ALES ESTRELLA","JOSE LUIS AGUIRRE LARRAURI",1
"7833","JOAQUIN MARIA ALES ESTRELLA","JOSE MARIA LLANOS PITARCH",2
"7834","JOAQUIN MARIA ALES ESTRELLA","JULIA MARIA LLOPIS NOHEDA",1
"7835","JOAQUIN MARIA ALES ESTRELLA","MARIA DE LOS ANGELES CRIADO GONZALBEZ",1
"7836","JOAQUIN MARIA ALES ESTRELLA","MARIA DE LOS LLANOS MASSO LINARES",2
"7837","JOAQUIN MARIA ALES ESTRELLA","MIGUEL PASCUAL PEREZ",2
"7838","JOAQUIN MARIA ALES ESTRELLA","VIRGINIA HUERTAS PECHUAN",1
"7839","JOAQUIN ROBLES LOPEZ","JORGE ARTURO CUTILLAS CORDON",3
"7840","JOAQUIN ROBLES LOPEZ","JORGE CAMPOS ASENSI",1
"7841","JOAQUIN ROBLES LOPEZ","JORGE MARTIN FRIAS",1
"7842","JOAQUIN ROBLES LOPEZ","JORGE MARTIN TRANCON",1
"7843","JOAQUIN ROBLES LOPEZ","JOSE ANTONIO GOMILA ORTEGA",1
"7844","JOAQUIN ROBLES LOPEZ","JOSE FRANCISCO GARRE IZQUIERDO",1
"7845","JOAQUIN ROBLES LOPEZ","JOSE IGNACIO ARIAS MORENO",2
"7846","JOAQUIN ROBLES LOPEZ","JOSE JOAQUIN BENGOCHEA SECO",2
"7847","JOAQUIN ROBLES LOPEZ","JOSE LUIS FERNANDEZ SANTAMARIA",1
"7848","JOAQUIN ROBLES LOPEZ","JOSE MANUEL MARTIN CAMACHO",1
"7849","JOAQUIN ROBLES LOPEZ","JOSE MARCELO AMARILLA PEREZ",1
"7850","JOAQUIN ROBLES LOPEZ","JOSE MARIA ANTON GARCIA",1
"7851","JOAQUIN ROBLES LOPEZ","JOSE MARIA FIGAREDO ALVAREZSALA",3
"7852","JOAQUIN ROBLES LOPEZ","JOSE MARIA MARCO TOBARRA",1
"7853","JOAQUIN ROBLES LOPEZ","JOSE MARIA SANCHEZ GARCIA",3
"7854","JOAQUIN ROBLES LOPEZ","JOSE MARIA VAZQUEZ ALVAREZ",1
"7855","JOAQUIN ROBLES LOPEZ","JOSE MIGUEL TASENDE SOUTO",2
"7856","JOAQUIN ROBLES LOPEZ","JOSE RAMIREZ DEL RIO",3
"7857","JOAQUIN ROBLES LOPEZ","JOSEFINA BLAZQUEZ SANCHEZ",3
"7858","JOAQUIN ROBLES LOPEZ","JUAN CARLOS VICENTE MARTINEZ",1
"7859","JOAQUIN ROBLES LOPEZ","JUAN FRANCISCO ROJAS FERNANDEZ",2
"7860","JOAQUIN ROBLES LOPEZ","JUAN IGNACIO FERNANDEZ TOMAS",1
"7861","JOAQUIN ROBLES LOPEZ","JUAN JOSE AIZCORBE TORRA",3
"7862","JOAQUIN ROBLES LOPEZ","JUAN SERGIO REDONDO PACHECO",1
"7863","JOAQUIN ROBLES LOPEZ","JULIO JOSE CALVO IGLESIAS",1
"7864","JOAQUIN ROBLES LOPEZ","JULIO ROSADO MARTIN",1
"7865","JOAQUIN ROBLES LOPEZ","KATIUSKA DE LOS ANGELES GARCIA RAMIREZ",1
"7866","JOAQUIN ROBLES LOPEZ","LAURA GALAN RODRIGUEZ",1
"7867","JOAQUIN ROBLES LOPEZ","LOURDES MENDEZ MONASTERIO",3
"7868","JOAQUIN ROBLES LOPEZ","LUIS GESTOSO DE MIGUEL",3
"7869","JOAQUIN ROBLES LOPEZ","MACARENA OLONA CHOCLAN",2
"7870","JOAQUIN ROBLES LOPEZ","MAGDALENA MARGARITA CONTESTI ROSSELLO",1
"7871","JOAQUIN ROBLES LOPEZ","MANUEL GONZALEZ BAZAN",2
"7872","JOAQUIN ROBLES LOPEZ","MANUEL JORGE MARTIN MONTERO",1
"7873","JOAQUIN ROBLES LOPEZ","MANUEL MARISCAL ZABALA",3
"7874","JOAQUIN ROBLES LOPEZ","MANUEL MESTRE BAREA",2
"7875","JOAQUIN ROBLES LOPEZ","MANUEL RAFAEL RODRIGUEZ VALERO",1
"7876","JOAQUIN ROBLES LOPEZ","MANUELA BOLADO ALCALDE",1
"7877","JOAQUIN ROBLES LOPEZ","MANUELA DEL MAR MARTIN IBANEZ",1
"7878","JOAQUIN ROBLES LOPEZ","MARGARITA DE LA PISA CARRION",1
"7879","JOAQUIN ROBLES LOPEZ","MARIA ARANZAZU MARTINEZ RIOLA",1
"7880","JOAQUIN ROBLES LOPEZ","MARIA BEATRIZ CASTILLEJO SEVILLA",1
"7881","JOAQUIN ROBLES LOPEZ","MARIA BELEN MANZANO SAGUAR",1
"7882","JOAQUIN ROBLES LOPEZ","MARIA DE LA CABEZA RUIZ SOLAS",3
"7883","JOAQUIN ROBLES LOPEZ","MARIA DE LA CRUZ LOZANO MARIN",1
"7884","JOAQUIN ROBLES LOPEZ","MARIA DE LOS REYES ROMERO VILCHES",3
"7885","JOAQUIN ROBLES LOPEZ","MARIA DEL PILAR BAOS REVILLA",1
"7886","JOAQUIN ROBLES LOPEZ","MARIA DOLORES GOMEZ MORENO",2
"7887","JOAQUIN ROBLES LOPEZ","MARIA DOLORES MATEO MATEOS",1
"7888","JOAQUIN ROBLES LOPEZ","MARIA ELISA GARCIA FUSTER",1
"7889","JOAQUIN ROBLES LOPEZ","MARIA GEMA ESCOLANO BERNA",1
"7890","JOAQUIN ROBLES LOPEZ","MARIA INES DIAZ CASAS",1
"7891","JOAQUIN ROBLES LOPEZ","MARIA ISABEL DOMINGUEZ POMARES",1
"7892","JOAQUIN ROBLES LOPEZ","MARIA ISABEL PEREZ MARTIN",1
"7893","JOAQUIN ROBLES LOPEZ","MARIA JOSE RODRIGUEZ DE MILLAN PARRO",1
"7894","JOAQUIN ROBLES LOPEZ","MARIA LOPEZ ZAMBRANO",1
"7895","JOAQUIN ROBLES LOPEZ","MARIA LUISA MENENDEZ MARTINEZ",1
"7896","JOAQUIN ROBLES LOPEZ","MARIA MAGDALENA NEVADO DEL CAMPO",3
"7897","JOAQUIN ROBLES LOPEZ","MARIA MAGDALENA PUENTEDURA PEREZ",1
"7898","JOAQUIN ROBLES LOPEZ","MARIA MERCEDES RODRIGUEZ TAMAYO",1
"7899","JOAQUIN ROBLES LOPEZ","MARIA SUSANA JIMENEZ AIBAR",1
"7900","JOAQUIN ROBLES LOPEZ","MARIA TERESA ARNEDO PEREZ",2
"7901","JOAQUIN ROBLES LOPEZ","MARIA TERESA GARCIA DE LA ROSA JIMENEZ",1
"7902","JOAQUIN ROBLES LOPEZ","MARIA TERESA LOPEZ ALVAREZ",2
"7903","JOAQUIN ROBLES LOPEZ","MARIA TERESA LOPEZ DIVASSON",3
"7904","JOAQUIN ROBLES LOPEZ","MARIA VIDAL BENNASAR",1
"7905","JOAQUIN ROBLES LOPEZ","MARIA ZULEMA SAN JOSE SANCHEZ",1
"7906","JOAQUIN ROBLES LOPEZ","MARINA DABAN ALONSO",1
"7907","JOAQUIN ROBLES LOPEZ","MARTA ALEGRIA MARTINEZ",1
"7908","JOAQUIN ROBLES LOPEZ","MARTA ALVAREZ BARRIO",1
"7909","JOAQUIN ROBLES LOPEZ","MARTA FERNANDEZ MARTIN",1
"7910","JOAQUIN ROBLES LOPEZ","MARTA GERVASIA GARRIDO MORENO",2
"7911","JOAQUIN ROBLES LOPEZ","MARTA MARTIN CUSTODIO",1
"7912","JOAQUIN ROBLES LOPEZ","MIGUEL ANGEL FERNANDEZ LOPEZ",2
"7913","JOAQUIN ROBLES LOPEZ","MIGUEL ANGEL LOPEZ FERNANDEZ",1
"7914","JOAQUIN ROBLES LOPEZ","MIGUEL MALDONADO CABALLERO",1
"7915","JOAQUIN ROBLES LOPEZ","MIREIA BORRAS PABON",2
"7916","JOAQUIN ROBLES LOPEZ","MONICA LORA CISQUER",2
"7917","JOAQUIN ROBLES LOPEZ","OLIVIA MORENO NAVAS",1
"7918","JOAQUIN ROBLES LOPEZ","OSCAR ARTURO FERNANDEZ CALLE",1
"7919","JOAQUIN ROBLES LOPEZ","PABLO JUAN CALVO LISTE",3
"7920","JOAQUIN ROBLES LOPEZ","PABLO PEREZ GALLARDO",1
"7921","JOAQUIN ROBLES LOPEZ","PABLO SAEZ ALONSOMUNUMER",3
"7922","JOAQUIN ROBLES LOPEZ","PALOMA GOMEZ ENRIQUEZ",2
"7923","JOAQUIN ROBLES LOPEZ","PATRICIA DE LAS HERAS FERNANDEZ",1
"7924","JOAQUIN ROBLES LOPEZ","PATRICIA ESCAMEZ MARIN",1
"7925","JOAQUIN ROBLES LOPEZ","PATRICIA RUEDA PERELLO",3
"7926","JOAQUIN ROBLES LOPEZ","PAULA DE LOS ANGELES BADANELLI BERRIOZABAL",1
"7927","JOAQUIN ROBLES LOPEZ","PEDRO FERNANDEZ HERNANDEZ",3
"7928","JOAQUIN ROBLES LOPEZ","PEDRO JESUS REQUEJO NOVOA",3
"7929","JOAQUIN ROBLES LOPEZ","RAFAEL RICARDO GONZALEZ GALLEGO",1
"7930","JOAQUIN ROBLES LOPEZ","RAFAEL SEGOVIA BROME",1
"7931","JOAQUIN ROBLES LOPEZ","RAQUEL TOMAS PEDROSA",1
"7932","JOAQUIN ROBLES LOPEZ","RICARDO BELDA VALIENTE",2
"7933","JOAQUIN ROBLES LOPEZ","RICARDO CHAMORRO DELMO",3
"7934","JOAQUIN ROBLES LOPEZ","ROCIO DE MEER MENDEZ",3
"7935","JOAQUIN ROBLES LOPEZ","RODRIGO JIMENEZ REVUELTA",3
"7936","JOAQUIN ROBLES LOPEZ","RUBEN SILVANO MANSO OLIVAR",2
"7937","JOAQUIN ROBLES LOPEZ","SALOME NIETO TARRAGA",1
"7938","JOAQUIN ROBLES LOPEZ","SANTIAGO ABASCAL CONDE",3
"7939","JOAQUIN ROBLES LOPEZ","SARA CONCEPCION ALVAREZ ROUCO",1
"7940","JOAQUIN ROBLES LOPEZ","SERAFIN SERRANO MARIN",1
"7941","JOAQUIN ROBLES LOPEZ","SERGI FABRI LLAVERO",1
"7942","JOAQUIN ROBLES LOPEZ","SERGIO BOTONERO GALAN",1
"7943","JOAQUIN ROBLES LOPEZ","SERGIO CHAGARTEGUI SANCHEZ",1
"7944","JOAQUIN ROBLES LOPEZ","SERGIO MACIAN DE GREEF",3
"7945","JOAQUIN ROBLES LOPEZ","SILVIA CLARA ENRIQUEZ GALLEGO",1
"7946","JOAQUIN ROBLES LOPEZ","SOLEDAD PEREZ RUBIO",1
"7947","JOAQUIN ROBLES LOPEZ","SONIA LUISA LALANDA SANMIGUEL",2
"7948","JOAQUIN ROBLES LOPEZ","SONSOLES PALACIOS MORENO",1
"7949","JOAQUIN ROBLES LOPEZ","TEODORO RAMON POZO MUNIZ",1
"7950","JOAQUIN ROBLES LOPEZ","TOMAS FERNANDEZ RIOS",3
"7951","JOAQUIN ROBLES LOPEZ","VALENTIN LOPEZ LOPEZ",1
"7952","JOAQUIN ROBLES LOPEZ","VICTOR GUIDO GONZALEZ COELLO DE PORTUGAL",3
"7953","JOAQUIN ROBLES LOPEZ","VICTOR MANUEL ACOSTA HERNANDEZ",1
"7954","JOAQUIN ROBLES LOPEZ","VICTOR MANUEL SANCHEZ DEL REAL",2
"7955","JOAQUIN ROBLES LOPEZ","VIRGINIA HUERTAS PECHUAN",1
"7956","JOAQUIN ROBLES LOPEZ","YOLANDA MERELO PALOMARES",2
"7957","JONATHAN GARCIA GARCIA","JOSE ALBERTO DIAZ PICO",1
"7958","JONATHAN GARCIA GARCIA","JOSE ANTONIO PALOMO MARTIN",1
"7959","JONATHAN GARCIA GARCIA","LAURA DORREIS ALONSO",1
"7960","JONATHAN GARCIA GARCIA","LUIS CARLOS GIMENEZ BALMORI",1
"7961","JONATHAN GARCIA GARCIA","MARIA ALEJANDRA MEDINA SANZ",1
"7962","JONATHAN GARCIA GARCIA","MARIA DE FATIMA PINACHO FERNANDEZ",1
"7963","JONATHAN GARCIA GARCIA","MARIA DOLORES MATEO MATEOS",1
"7964","JONATHAN GARCIA GARCIA","MARIA LUISA CALVO ENRIQUEZ",1
"7965","JONATHAN GARCIA GARCIA","MARTA ALEGRIA MARTINEZ",1
"7966","JONATHAN GARCIA GARCIA","MAURICIO ANGULO GUERRERO",1
"7967","JONATHAN GARCIA GARCIA","MIGUEL CONTRERAS MARTINEZ",1
"7968","JONATHAN GARCIA GARCIA","SUSANA SUAREZ VILLAGRA",1
"7969","JORGE ARTURO CUTILLAS CORDON","JORGE BUXADE VILLALBA",2
"7970","JORGE ARTURO CUTILLAS CORDON","JORGE CAMPOS ASENSI",1
"7971","JORGE ARTURO CUTILLAS CORDON","JORGE MANUEL MIRAT GALET",2
"7972","JORGE ARTURO CUTILLAS CORDON","JORGE MARTIN FRIAS",1
"7973","JORGE ARTURO CUTILLAS CORDON","JORGE MARTIN MOROLLON",2
"7974","JORGE ARTURO CUTILLAS CORDON","JOSE ANTONIO FUSTER LAMELAS",1
"7975","JORGE ARTURO CUTILLAS CORDON","JOSE FRANCISCO GARRE IZQUIERDO",1
"7976","JORGE ARTURO CUTILLAS CORDON","JOSE IGNACIO ARIAS MORENO",3
"7977","JORGE ARTURO CUTILLAS CORDON","JOSE LUIS NARROS MANZANERO",1
"7978","JORGE ARTURO CUTILLAS CORDON","JOSE LUIS RUIZ BARTOLOME",3
"7979","JORGE ARTURO CUTILLAS CORDON","JOSE MANUEL FERNANDEZ TESTA",3
"7980","JORGE ARTURO CUTILLAS CORDON","JOSE MARIA FIGAREDO ALVAREZSALA",2
"7981","JORGE ARTURO CUTILLAS CORDON","JOSE MARIA MARCO TOBARRA",1
"7982","JORGE ARTURO CUTILLAS CORDON","JOSE MARIA SANCHEZ GARCIA",2
"7983","JORGE ARTURO CUTILLAS CORDON","JOSE MARIA VAZQUEZ ALVAREZ",1
"7984","JORGE ARTURO CUTILLAS CORDON","JOSE MIGUEL GONZALEZ JIMENEZ",1
"7985","JORGE ARTURO CUTILLAS CORDON","JOSE RAMIREZ DEL RIO",2
"7986","JORGE ARTURO CUTILLAS CORDON","JOSE RODRIGUEZ CUADRADO",2
"7987","JORGE ARTURO CUTILLAS CORDON","JOSE ROMERO BAENA",1
"7988","JORGE ARTURO CUTILLAS CORDON","JUAN CARLOS GIRAUTA VIDAL",1
"7989","JORGE ARTURO CUTILLAS CORDON","JUAN CARLOS VICENTE MARTINEZ",2
"7990","JORGE ARTURO CUTILLAS CORDON","JUAN IGNACIO FERNANDEZ TOMAS",2
"7991","JORGE ARTURO CUTILLAS CORDON","JUAN IGNACIO PINEDA SALVADOR",3
"7992","JORGE ARTURO CUTILLAS CORDON","JUAN JOSE AIZCORBE TORRA",2
"7993","JORGE ARTURO CUTILLAS CORDON","JUAN MARCOS MANRIQUE LOPEZ",2
"7994","JORGE ARTURO CUTILLAS CORDON","LOURDES MENDEZ MONASTERIO",3
"7995","JORGE ARTURO CUTILLAS CORDON","MACARENA DUQUE MARTINEZ",1
"7996","JORGE ARTURO CUTILLAS CORDON","MACARENA OLONA CHOCLAN",2
"7997","JORGE ARTURO CUTILLAS CORDON","MAGDALENA MARGARITA CONTESTI ROSSELLO",1
"7998","JORGE ARTURO CUTILLAS CORDON","MANUEL GONZALEZ BAZAN",1
"7999","JORGE ARTURO CUTILLAS CORDON","MANUEL MARISCAL ZABALA",3
"8000","JORGE ARTURO CUTILLAS CORDON","MANUEL MESTRE BAREA",2
"8001","JORGE ARTURO CUTILLAS CORDON","MANUEL RAFAEL RODRIGUEZ VALERO",1
"8002","JORGE ARTURO CUTILLAS CORDON","MARGARITA DE LA PISA CARRION",2
"8003","JORGE ARTURO CUTILLAS CORDON","MARIA AMPARO ORTEGA HERNANDEZ",1
"8004","JORGE ARTURO CUTILLAS CORDON","MARIA AZULEMA MINGARRO DOMINGUEZ",1
"8005","JORGE ARTURO CUTILLAS CORDON","MARIA BELEN GONZALEZ MORENO",1
"8006","JORGE ARTURO CUTILLAS CORDON","MARIA DE LA CABEZA RUIZ SOLAS",3
"8007","JORGE ARTURO CUTILLAS CORDON","MARIA DE LA O LLAMES FERNANDEZ",1
"8008","JORGE ARTURO CUTILLAS CORDON","MARIA DE LOS REYES ROMERO VILCHES",3
"8009","JORGE ARTURO CUTILLAS CORDON","MARIA DEL PILAR BAOS REVILLA",1
"8010","JORGE ARTURO CUTILLAS CORDON","MARIA DEL ROCIO AVEZUELA MIGUEL",1
"8011","JORGE ARTURO CUTILLAS CORDON","MARIA JOSE RODRIGUEZ DE MILLAN PARRO",1
"8012","JORGE ARTURO CUTILLAS CORDON","MARIA MAGDALENA NEVADO DEL CAMPO",1
"8013","JORGE ARTURO CUTILLAS CORDON","MARIA SUSANA JIMENEZ AIBAR",2
"8014","JORGE ARTURO CUTILLAS CORDON","MARIA TERESA LOPEZ ALVAREZ",1
"8015","JORGE ARTURO CUTILLAS CORDON","MARIA TERESA LOPEZ DIVASSON",3
"8016","JORGE ARTURO CUTILLAS CORDON","MARIANO CALABUIG MARTINEZ",3
"8017","JORGE ARTURO CUTILLAS CORDON","MARTA ALVAREZ BARRIO",1
"8018","JORGE ARTURO CUTILLAS CORDON","MARTA IBERO DURAN",3
"8019","JORGE ARTURO CUTILLAS CORDON","MAZALY AGUILAR",1
"8020","JORGE ARTURO CUTILLAS CORDON","MIGUEL ANGEL DIEZ GARCIA",2
"8021","JORGE ARTURO CUTILLAS CORDON","MIGUEL ANGEL FERNANDEZ LOPEZ",1
"8022","JORGE ARTURO CUTILLAS CORDON","MIGUEL GUADALFAJARA ROZAS",2
"8023","JORGE ARTURO CUTILLAS CORDON","MIGUEL MALDONADO CABALLERO",2
"8024","JORGE ARTURO CUTILLAS CORDON","MIREIA BORRAS PABON",1
"8025","JORGE ARTURO CUTILLAS CORDON","NATHALIE GUICHARD DE ARTINANO",1
"8026","JORGE ARTURO CUTILLAS CORDON","NURIA LATORRE SANDONIS",2
"8027","JORGE ARTURO CUTILLAS CORDON","OSCAR FELIPE DE TORRES NEIRA",1
"8028","JORGE ARTURO CUTILLAS CORDON","PABLO JUAN CALVO LISTE",1
"8029","JORGE ARTURO CUTILLAS CORDON","PABLO PEREZ GALLARDO",2
"8030","JORGE ARTURO CUTILLAS CORDON","PABLO SAEZ ALONSOMUNUMER",3
"8031","JORGE ARTURO CUTILLAS CORDON","PATRICIA DE LAS HERAS FERNANDEZ",1
"8032","JORGE ARTURO CUTILLAS CORDON","PATRICIA DONCEL COMY",2
"8033","JORGE ARTURO CUTILLAS CORDON","PATRICIA RUEDA PERELLO",3
"8034","JORGE ARTURO CUTILLAS CORDON","PEDRO FERNANDEZ HERNANDEZ",3
"8035","JORGE ARTURO CUTILLAS CORDON","PEDRO JESUS REQUEJO NOVOA",1
"8036","JORGE ARTURO CUTILLAS CORDON","PEDRO JOSE MALLEN VAZQUEZ",2
"8037","JORGE ARTURO CUTILLAS CORDON","PEDRO MORENO GOMEZ",1
"8038","JORGE ARTURO CUTILLAS CORDON","PEDRO PORCHER PEREZ",1
"8039","JORGE ARTURO CUTILLAS CORDON","PEDRO VICENTE MAJOLERO LOPEZ",1
"8040","JORGE ARTURO CUTILLAS CORDON","REBECA ORTEGO CONESA",1
"8041","JORGE ARTURO CUTILLAS CORDON","RICARDO CHAMORRO DELMO",3
"8042","JORGE ARTURO CUTILLAS CORDON","ROCIO DE MEER MENDEZ",3
"8043","JORGE ARTURO CUTILLAS CORDON","ROCIO MONASTERIO SAN MARTIN",3
"8044","JORGE ARTURO CUTILLAS CORDON","RODRIGO JIMENEZ REVUELTA",1
"8045","JORGE ARTURO CUTILLAS CORDON","RUBEN SILVANO MANSO OLIVAR",1
"8046","JORGE ARTURO CUTILLAS CORDON","RUBEN SUAREZ FERNANDEZ",2
"8047","JORGE ARTURO CUTILLAS CORDON","SALOME NIETO TARRAGA",2
"8048","JORGE ARTURO CUTILLAS CORDON","SANTIAGO ABASCAL CONDE",5
"8049","JORGE ARTURO CUTILLAS CORDON","SANTIAGO RAMON CABANAS BURKHALTER",1
"8050","JORGE ARTURO CUTILLAS CORDON","SELENE MARIA DURAN SANCHEZ",1
"8051","JORGE ARTURO CUTILLAS CORDON","SERAFIN SERRANO MARIN",1
"8052","JORGE ARTURO CUTILLAS CORDON","SERGIO MACIAN DE GREEF",1
"8053","JORGE ARTURO CUTILLAS CORDON","SONIA LUISA LALANDA SANMIGUEL",1
"8054","JORGE ARTURO CUTILLAS CORDON","SONSOLES PALACIOS MORENO",2
"8055","JORGE ARTURO CUTILLAS CORDON","TERESA ANGULLO GARCIA",3
"8056","JORGE ARTURO CUTILLAS CORDON","TOMAS FERNANDEZ RIOS",1
"8057","JORGE ARTURO CUTILLAS CORDON","URSULA MARIANA HERNANDEZ ZUNIGA",1
"8058","JORGE ARTURO CUTILLAS CORDON","VALENTINA DEL CAMPILLO HOLZWARTH",1
"8059","JORGE ARTURO CUTILLAS CORDON","VICTOR GUIDO GONZALEZ COELLO DE PORTUGAL",2
"8060","JORGE ARTURO CUTILLAS CORDON","VICTOR MANUEL ACOSTA HERNANDEZ",2
"8061","JORGE ARTURO CUTILLAS CORDON","VICTOR MANUEL CARRETERO RUFO",1
"8062","JORGE ARTURO CUTILLAS CORDON","VICTOR MANUEL SANCHEZ DEL REAL",1
"8063","JORGE ARTURO CUTILLAS CORDON","VICTOR SANCHEZ SANCHEZ",2
"8064","JORGE ARTURO CUTILLAS CORDON","YOLANDA MERELO PALOMARES",1
"8065","JORGE ARTURO CUTILLAS CORDON","YOLANDA TORRES BRAVO",2
"8066","JORGE BUXADE VILLALBA","JORGE MARTIN FRIAS",1
"8067","JORGE BUXADE VILLALBA","JOSE IGNACIO ARIAS MORENO",1
"8068","JORGE BUXADE VILLALBA","JOSE MARIA FIGAREDO ALVAREZSALA",1
"8069","JORGE BUXADE VILLALBA","JOSE MARIA LLANOS PITARCH",1
"8070","JORGE BUXADE VILLALBA","JOSE MIGUEL TASENDE SOUTO",1
"8071","JORGE BUXADE VILLALBA","JUAN CARLOS GIRAUTA VIDAL",1
"8072","JORGE BUXADE VILLALBA","LOURDES MENDEZ MONASTERIO",1
"8073","JORGE BUXADE VILLALBA","LUZ BELINDA RODRIGUEZ FERNANDEZ",1
"8074","JORGE BUXADE VILLALBA","MACARENA OLONA CHOCLAN",1
"8075","JORGE BUXADE VILLALBA","MANUEL GONZALEZ BAZAN",1
"8076","JORGE BUXADE VILLALBA","MANUEL MARISCAL ZABALA",1
"8077","JORGE BUXADE VILLALBA","MARGARITA DE LA PISA CARRION",2
"8078","JORGE BUXADE VILLALBA","MARIA AMAYA MARTINEZ GRISALENA",1
"8079","JORGE BUXADE VILLALBA","MARIA DE LA CABEZA RUIZ SOLAS",1
"8080","JORGE BUXADE VILLALBA","MARIA DE LOS LLANOS MASSO LINARES",2
"8081","JORGE BUXADE VILLALBA","MARIA DE LOS REYES ROMERO VILCHES",1
"8082","JORGE BUXADE VILLALBA","MARIA JOSE VERDU TORRES",1
"8083","JORGE BUXADE VILLALBA","MARIA MAGDALENA NEVADO DEL CAMPO",1
"8084","JORGE BUXADE VILLALBA","MARIA SUSANA JIMENEZ AIBAR",1
"8085","JORGE BUXADE VILLALBA","MARIA TERESA NOSTI IZQUIERDO",1
"8086","JORGE BUXADE VILLALBA","MARTA FERNANDEZ MARTIN",1
"8087","JORGE BUXADE VILLALBA","MAZALY AGUILAR",1
"8088","JORGE BUXADE VILLALBA","MIREIA BORRAS PABON",1
"8089","JORGE BUXADE VILLALBA","MONICA LORA CISQUER",1
"8090","JORGE BUXADE VILLALBA","PATRICIA DE LAS HERAS FERNANDEZ",1
"8091","JORGE BUXADE VILLALBA","SALOME NIETO TARRAGA",1
"8092","JORGE BUXADE VILLALBA","SANTIAGO MORON SANJUAN",1
"8093","JORGE BUXADE VILLALBA","SERGIO MACIAN DE GREEF",1
"8094","JORGE BUXADE VILLALBA","SONIA LUISA LALANDA SANMIGUEL",1
"8095","JORGE BUXADE VILLALBA","VICTOR MANUEL SANCHEZ DEL REAL",1
"8096","JORGE CAMPOS ASENSI","JORGE MARTIN FRIAS",1
"8097","JORGE CAMPOS ASENSI","JORGE MARTIN TRANCON",1
"8098","JORGE CAMPOS ASENSI","JOSE ANTONIO GOMILA ORTEGA",1
"8099","JORGE CAMPOS ASENSI","JOSE FRANCISCO GARRE IZQUIERDO",1
"8100","JORGE CAMPOS ASENSI","JOSE IGNACIO ARIAS MORENO",1
"8101","JORGE CAMPOS ASENSI","JOSE MANUEL MARTIN CAMACHO",1
"8102","JORGE CAMPOS ASENSI","JOSE MARIA ANTON GARCIA",1
"8103","JORGE CAMPOS ASENSI","JOSE MARIA FIGAREDO ALVAREZSALA",1
"8104","JORGE CAMPOS ASENSI","JOSE MARIA SANCHEZ GARCIA",1
"8105","JORGE CAMPOS ASENSI","JOSE MIGUEL TASENDE SOUTO",1
"8106","JORGE CAMPOS ASENSI","JOSE RAMIREZ DEL RIO",1
"8107","JORGE CAMPOS ASENSI","JOSEFINA BLAZQUEZ SANCHEZ",1
"8108","JORGE CAMPOS ASENSI","JUAN CARLOS VICENTE MARTINEZ",1
"8109","JORGE CAMPOS ASENSI","JUAN FRANCISCO ROJAS FERNANDEZ",1
"8110","JORGE CAMPOS ASENSI","JUAN JOSE AIZCORBE TORRA",1
"8111","JORGE CAMPOS ASENSI","JUAN JOSE SENDIN REBASSA",1
"8112","JORGE CAMPOS ASENSI","JUAN SERGIO REDONDO PACHECO",1
"8113","JORGE CAMPOS ASENSI","JULIO ROSADO MARTIN",1
"8114","JORGE CAMPOS ASENSI","KATIUSKA DE LOS ANGELES GARCIA RAMIREZ",1
"8115","JORGE CAMPOS ASENSI","LOURDES MENDEZ MONASTERIO",1
"8116","JORGE CAMPOS ASENSI","LUIS GESTOSO DE MIGUEL",1
"8117","JORGE CAMPOS ASENSI","MANUEL MARISCAL ZABALA",1
"8118","JORGE CAMPOS ASENSI","MANUEL MAS SANCHEZ",1
"8119","JORGE CAMPOS ASENSI","MANUELA BOLADO ALCALDE",1
"8120","JORGE CAMPOS ASENSI","MANUELA DEL MAR MARTIN IBANEZ",1
"8121","JORGE CAMPOS ASENSI","MARIA ARANZAZU MARTINEZ RIOLA",1
"8122","JORGE CAMPOS ASENSI","MARIA BEATRIZ CASTILLEJO SEVILLA",1
"8123","JORGE CAMPOS ASENSI","MARIA BELEN MANZANO SAGUAR",1
"8124","JORGE CAMPOS ASENSI","MARIA DE LA CABEZA RUIZ SOLAS",1
"8125","JORGE CAMPOS ASENSI","MARIA DE LA CRUZ LOZANO MARIN",1
"8126","JORGE CAMPOS ASENSI","MARIA DE LOS REYES ROMERO VILCHES",1
"8127","JORGE CAMPOS ASENSI","MARIA DEL PILAR BAOS REVILLA",1
"8128","JORGE CAMPOS ASENSI","MARIA DOLORES MATEO MATEOS",1
"8129","JORGE CAMPOS ASENSI","MARIA GEMA ESCOLANO BERNA",1
"8130","JORGE CAMPOS ASENSI","MARIA INES DIAZ CASAS",1
"8131","JORGE CAMPOS ASENSI","MARIA JOSE RODRIGUEZ DE MILLAN PARRO",1
"8132","JORGE CAMPOS ASENSI","MARIA JOSE VERDU TORRES",1
"8133","JORGE CAMPOS ASENSI","MARIA LOPEZ ZAMBRANO",1
"8134","JORGE CAMPOS ASENSI","MARIA LUISA MENENDEZ MARTINEZ",1
"8135","JORGE CAMPOS ASENSI","MARIA MAGDALENA NEVADO DEL CAMPO",1
"8136","JORGE CAMPOS ASENSI","MARIA MAGDALENA PUENTEDURA PEREZ",1
"8137","JORGE CAMPOS ASENSI","MARIA SUSANA JIMENEZ AIBAR",1
"8138","JORGE CAMPOS ASENSI","MARIA TERESA GARCIA DE LA ROSA JIMENEZ",1
"8139","JORGE CAMPOS ASENSI","MARIA TERESA LOPEZ ALVAREZ",1
"8140","JORGE CAMPOS ASENSI","MARIA TERESA LOPEZ DIVASSON",1
"8141","JORGE CAMPOS ASENSI","MARIA VIDAL BENNASAR",2
"8142","JORGE CAMPOS ASENSI","MARIA ZULEMA SAN JOSE SANCHEZ",1
"8143","JORGE CAMPOS ASENSI","MARINA DABAN ALONSO",1
"8144","JORGE CAMPOS ASENSI","MARTA ALEGRIA MARTINEZ",1
"8145","JORGE CAMPOS ASENSI","MARTA GERVASIA GARRIDO MORENO",1
"8146","JORGE CAMPOS ASENSI","MARTA MARTIN CUSTODIO",1
"8147","JORGE CAMPOS ASENSI","MIGUEL MALDONADO CABALLERO",1
"8148","JORGE CAMPOS ASENSI","MONICA LORA CISQUER",1
"8149","JORGE CAMPOS ASENSI","OLIVIA MORENO NAVAS",1
"8150","JORGE CAMPOS ASENSI","PABLO JUAN CALVO LISTE",1
"8151","JORGE CAMPOS ASENSI","PABLO PEREZ GALLARDO",1
"8152","JORGE CAMPOS ASENSI","PABLO SAEZ ALONSOMUNUMER",1
"8153","JORGE CAMPOS ASENSI","PALOMA GOMEZ ENRIQUEZ",1
"8154","JORGE CAMPOS ASENSI","PATRICIA DE LAS HERAS FERNANDEZ",1
"8155","JORGE CAMPOS ASENSI","PATRICIA ESCAMEZ MARIN",1
"8156","JORGE CAMPOS ASENSI","PATRICIA RUEDA PERELLO",1
"8157","JORGE CAMPOS ASENSI","PAULA DE LOS ANGELES BADANELLI BERRIOZABAL",1
"8158","JORGE CAMPOS ASENSI","PEDRO FERNANDEZ HERNANDEZ",1
"8159","JORGE CAMPOS ASENSI","PEDRO JESUS REQUEJO NOVOA",1
"8160","JORGE CAMPOS ASENSI","RAFAEL RICARDO GONZALEZ GALLEGO",1
"8161","JORGE CAMPOS ASENSI","RAFAEL SEGOVIA BROME",1
"8162","JORGE CAMPOS ASENSI","RICARDO CHAMORRO DELMO",1
"8163","JORGE CAMPOS ASENSI","ROCIO DE MEER MENDEZ",1
"8164","JORGE CAMPOS ASENSI","RODRIGO JIMENEZ REVUELTA",1
"8165","JORGE CAMPOS ASENSI","SALOME NIETO TARRAGA",1
"8166","JORGE CAMPOS ASENSI","SANTIAGO ABASCAL CONDE",1
"8167","JORGE CAMPOS ASENSI","SERGI FABRI LLAVERO",1
"8168","JORGE CAMPOS ASENSI","SERGIO CHAGARTEGUI SANCHEZ",1
"8169","JORGE CAMPOS ASENSI","SERGIO MACIAN DE GREEF",1
"8170","JORGE CAMPOS ASENSI","SERGIO RODRIGUEZ FARRE",1
"8171","JORGE CAMPOS ASENSI","SILVIA CLARA ENRIQUEZ GALLEGO",1
"8172","JORGE CAMPOS ASENSI","SOLEDAD PEREZ RUBIO",1
"8173","JORGE CAMPOS ASENSI","SONSOLES PALACIOS MORENO",1
"8174","JORGE CAMPOS ASENSI","TEODORO RAMON POZO MUNIZ",1
"8175","JORGE CAMPOS ASENSI","TOMAS FERNANDEZ RIOS",1
"8176","JORGE CAMPOS ASENSI","VALENTIN LOPEZ LOPEZ",1
"8177","JORGE CAMPOS ASENSI","VICTOR GUIDO GONZALEZ COELLO DE PORTUGAL",1
"8178","JORGE CAMPOS ASENSI","VICTOR MANUEL ACOSTA HERNANDEZ",1
"8179","JORGE CAMPOS ASENSI","VIRGINIA HUERTAS PECHUAN",1
"8180","JORGE CAMPOS ASENSI","YOLANDA MERELO PALOMARES",1
"8181","JORGE MANUEL MIRAT GALET","JOSE ANTONIO FUSTER LAMELAS",1
"8182","JORGE MANUEL MIRAT GALET","JOSE IGNACIO ARIAS MORENO",2
"8183","JORGE MANUEL MIRAT GALET","JOSE LUIS RUIZ BARTOLOME",2
"8184","JORGE MANUEL MIRAT GALET","MARCO SIERRA GARCIA",1
"8185","JORGE MANUEL MIRAT GALET","MARIA BELEN GONZALEZ MORENO",1
"8186","JORGE MANUEL MIRAT GALET","MARIANO CALABUIG MARTINEZ",1
"8187","JORGE MANUEL MIRAT GALET","ROCIO MONASTERIO SAN MARTIN",2
"8188","JORGE MARTIN FRIAS","JOSE FRANCISCO GARRE IZQUIERDO",1
"8189","JORGE MARTIN FRIAS","JOSE IGNACIO ARIAS MORENO",1
"8190","JORGE MARTIN FRIAS","JOSE MARIA FIGAREDO ALVAREZSALA",2
"8191","JORGE MARTIN FRIAS","JOSE MARIA SANCHEZ GARCIA",1
"8192","JORGE MARTIN FRIAS","JOSE RAMIREZ DEL RIO",1
"8193","JORGE MARTIN FRIAS","JUAN CARLOS GIRAUTA VIDAL",1
"8194","JORGE MARTIN FRIAS","JUAN JOSE AIZCORBE TORRA",1
"8195","JORGE MARTIN FRIAS","LOURDES MENDEZ MONASTERIO",1
"8196","JORGE MARTIN FRIAS","MANUEL MARISCAL ZABALA",1
"8197","JORGE MARTIN FRIAS","MARGARITA DE LA PISA CARRION",1
"8198","JORGE MARTIN FRIAS","MARIA AMAYA MARTINEZ GRISALENA",1
"8199","JORGE MARTIN FRIAS","MARIA DE LA CABEZA RUIZ SOLAS",2
"8200","JORGE MARTIN FRIAS","MARIA DE LOS LLANOS MASSO LINARES",1
"8201","JORGE MARTIN FRIAS","MARIA DE LOS REYES ROMERO VILCHES",1
"8202","JORGE MARTIN FRIAS","MARIA JOSE RODRIGUEZ DE MILLAN PARRO",1
"8203","JORGE MARTIN FRIAS","MARIA JOSE VERDU TORRES",1
"8204","JORGE MARTIN FRIAS","MARIA MAGDALENA NEVADO DEL CAMPO",1
"8205","JORGE MARTIN FRIAS","MARIA SUSANA JIMENEZ AIBAR",1
"8206","JORGE MARTIN FRIAS","MARIA TERESA LOPEZ ALVAREZ",1
"8207","JORGE MARTIN FRIAS","MARIA TERESA NOSTI IZQUIERDO",1
"8208","JORGE MARTIN FRIAS","MARTA FERNANDEZ MARTIN",1
"8209","JORGE MARTIN FRIAS","MIREIA BORRAS PABON",1
"8210","JORGE MARTIN FRIAS","MONICA LORA CISQUER",1
"8211","JORGE MARTIN FRIAS","PABLO JUAN CALVO LISTE",1
"8212","JORGE MARTIN FRIAS","PABLO SAEZ ALONSOMUNUMER",1
"8213","JORGE MARTIN FRIAS","PATRICIA DE LAS HERAS FERNANDEZ",1
"8214","JORGE MARTIN FRIAS","PATRICIA RUEDA PERELLO",1
"8215","JORGE MARTIN FRIAS","PEDRO FERNANDEZ HERNANDEZ",1
"8216","JORGE MARTIN FRIAS","PEDRO JESUS REQUEJO NOVOA",1
"8217","JORGE MARTIN FRIAS","RICARDO CHAMORRO DELMO",1
"8218","JORGE MARTIN FRIAS","ROCIO DE MEER MENDEZ",1
"8219","JORGE MARTIN FRIAS","RODRIGO JIMENEZ REVUELTA",1
"8220","JORGE MARTIN FRIAS","SALOME NIETO TARRAGA",1
"8221","JORGE MARTIN FRIAS","SANTIAGO ABASCAL CONDE",1
"8222","JORGE MARTIN FRIAS","SERGIO MACIAN DE GREEF",2
"8223","JORGE MARTIN FRIAS","TOMAS FERNANDEZ RIOS",1
"8224","JORGE MARTIN FRIAS","VICTOR GUIDO GONZALEZ COELLO DE PORTUGAL",1
"8225","JORGE MARTIN FRIAS","YOLANDA MERELO PALOMARES",1
"8226","JORGE MARTIN MOROLLON","JOSE ANTONIO FUSTER LAMELAS",1
"8227","JORGE MARTIN MOROLLON","JOSE IGNACIO ARIAS MORENO",2
"8228","JORGE MARTIN MOROLLON","JOSE LUIS RUIZ BARTOLOME",2
"8229","JORGE MARTIN MOROLLON","MARIA BELEN GONZALEZ MORENO",1
"8230","JORGE MARTIN MOROLLON","MARIANO CALABUIG MARTINEZ",1
"8231","JORGE MARTIN MOROLLON","ROCIO MONASTERIO SAN MARTIN",2
"8232","JORGE MARTIN TRANCON","JOSE FRANCISCO GARRE IZQUIERDO",1
"8233","JORGE MARTIN TRANCON","JOSE MARIA FIGAREDO ALVAREZSALA",1
"8234","JORGE MARTIN TRANCON","JOSE MARIA SANCHEZ GARCIA",1
"8235","JORGE MARTIN TRANCON","JOSE RAMIREZ DEL RIO",1
"8236","JORGE MARTIN TRANCON","JUAN JOSE AIZCORBE TORRA",1
"8237","JORGE MARTIN TRANCON","JUAN JOSE GARCIA GARCIA",1
"8238","JORGE MARTIN TRANCON","LAURA GALAN RODRIGUEZ",1
"8239","JORGE MARTIN TRANCON","LOURDES MENDEZ MONASTERIO",1
"8240","JORGE MARTIN TRANCON","MANUEL MARISCAL ZABALA",1
"8241","JORGE MARTIN TRANCON","MARIA DE LA CABEZA RUIZ SOLAS",1
"8242","JORGE MARTIN TRANCON","MARIA DE LOS REYES ROMERO VILCHES",1
"8243","JORGE MARTIN TRANCON","MARIA JESUS SALVATIERRA GORDILLO",1
"8244","JORGE MARTIN TRANCON","MARIA JOSE RODRIGUEZ DE MILLAN PARRO",1
"8245","JORGE MARTIN TRANCON","MARIA MAGDALENA NEVADO DEL CAMPO",1
"8246","JORGE MARTIN TRANCON","MARIA TERESA LOPEZ ALVAREZ",1
"8247","JORGE MARTIN TRANCON","MARTA GERVASIA GARRIDO MORENO",1
"8248","JORGE MARTIN TRANCON","OSCAR ARTURO FERNANDEZ CALLE",1
"8249","JORGE MARTIN TRANCON","PABLO JUAN CALVO LISTE",1
"8250","JORGE MARTIN TRANCON","PABLO SAEZ ALONSOMUNUMER",1
"8251","JORGE MARTIN TRANCON","PATRICIA RUEDA PERELLO",1
"8252","JORGE MARTIN TRANCON","PEDRO FERNANDEZ HERNANDEZ",1
"8253","JORGE MARTIN TRANCON","PEDRO JESUS REQUEJO NOVOA",1
"8254","JORGE MARTIN TRANCON","RICARDO CHAMORRO DELMO",1
"8255","JORGE MARTIN TRANCON","ROCIO DE MEER MENDEZ",1
"8256","JORGE MARTIN TRANCON","RODRIGO JIMENEZ REVUELTA",1
"8257","JORGE MARTIN TRANCON","SANTIAGO ABASCAL CONDE",1
"8258","JORGE MARTIN TRANCON","SERGIO MACIAN DE GREEF",1
"8259","JORGE MARTIN TRANCON","TOMAS FERNANDEZ RIOS",1
"8260","JORGE MARTIN TRANCON","VICTOR GUIDO GONZALEZ COELLO DE PORTUGAL",1
"8261","JORGE MARTIN TRANCON","YOLANDA MERELO PALOMARES",1
"8262","JORGE SADABA CORRAL","LUIS FRANCISCO BIENDICHO GRACIA",1
"8263","JORGE SADABA CORRAL","MARIA CARMEN ROUCO LALIENA",1
"8264","JORGE SADABA CORRAL","MARTA FERNANDEZ MARTIN",1
"8265","JORGE SADABA CORRAL","SANTIAGO MORON SANJUAN",1
"8266","JORGE SADABA CORRAL","SERGIO MARCO JIMENEZ",1
"8267","JOSE ALBERTO DIAZ PICO","JOSE ANTONIO PALOMO MARTIN",1
"8268","JOSE ALBERTO DIAZ PICO","LAURA DORREIS ALONSO",1
"8269","JOSE ALBERTO DIAZ PICO","LUIS CARLOS GIMENEZ BALMORI",1
"8270","JOSE ALBERTO DIAZ PICO","MARIA ALEJANDRA MEDINA SANZ",1
"8271","JOSE ALBERTO DIAZ PICO","MARIA DE FATIMA PINACHO FERNANDEZ",1
"8272","JOSE ALBERTO DIAZ PICO","MARIA DOLORES MATEO MATEOS",1
"8273","JOSE ALBERTO DIAZ PICO","MARIA LUISA CALVO ENRIQUEZ",1
"8274","JOSE ALBERTO DIAZ PICO","MARTA ALEGRIA MARTINEZ",1
"8275","JOSE ALBERTO DIAZ PICO","MAURICIO ANGULO GUERRERO",1
"8276","JOSE ALBERTO DIAZ PICO","MIGUEL CONTRERAS MARTINEZ",1
"8277","JOSE ALBERTO DIAZ PICO","SUSANA SUAREZ VILLAGRA",1
"8278","JOSE ANGEL ANTELO PAREDES","MARIA JOSE RUIZ DIAZ",1
"8279","JOSE ANGEL ANTELO PAREDES","RUBEN MARTINEZ ALPANEZ",1
"8280","JOSE ANTONIO BUENDIA TELLEZ","JUAN ANTONIO PRADOS MORENO",1
"8281","JOSE ANTONIO BUENDIA TELLEZ","JUAN JOSE BOSQUET ARIAS",1
"8282","JOSE ANTONIO BUENDIA TELLEZ","MONTSERRAT CERVANTES LLORT",1
"8283","JOSE ANTONIO FUSTER LAMELAS","JOSE IGNACIO ARIAS MORENO",1
"8284","JOSE ANTONIO FUSTER LAMELAS","JOSE LUIS NARROS MANZANERO",1
"8285","JOSE ANTONIO FUSTER LAMELAS","JOSE LUIS RUIZ BARTOLOME",1
"8286","JOSE ANTONIO FUSTER LAMELAS","JOSE MANUEL FERNANDEZ TESTA",1
"8287","JOSE ANTONIO FUSTER LAMELAS","JOSE RODRIGUEZ CUADRADO",1
"8288","JOSE ANTONIO FUSTER LAMELAS","JUAN CARLOS VICENTE MARTINEZ",1
"8289","JOSE ANTONIO FUSTER LAMELAS","JUAN IGNACIO PINEDA SALVADOR",1
"8290","JOSE ANTONIO FUSTER LAMELAS","JUAN MARCOS MANRIQUE LOPEZ",1
"8291","JOSE ANTONIO FUSTER LAMELAS","MACARENA DUQUE MARTINEZ",1
"8292","JOSE ANTONIO FUSTER LAMELAS","MARIA AMPARO ORTEGA HERNANDEZ",1
"8293","JOSE ANTONIO FUSTER LAMELAS","MARIA BELEN GONZALEZ MORENO",1
"8294","JOSE ANTONIO FUSTER LAMELAS","MARIA DEL ROCIO AVEZUELA MIGUEL",1
"8295","JOSE ANTONIO FUSTER LAMELAS","MARIA SUSANA JIMENEZ AIBAR",1
"8296","JOSE ANTONIO FUSTER LAMELAS","MARIA TERESA LOPEZ DIVASSON",1
"8297","JOSE ANTONIO FUSTER LAMELAS","MARIANO CALABUIG MARTINEZ",1
"8298","JOSE ANTONIO FUSTER LAMELAS","MARTA IBERO DURAN",1
"8299","JOSE ANTONIO FUSTER LAMELAS","MIGUEL ANGEL DIEZ GARCIA",1
"8300","JOSE ANTONIO FUSTER LAMELAS","MIGUEL GUADALFAJARA ROZAS",1
"8301","JOSE ANTONIO FUSTER LAMELAS","MIGUEL MALDONADO CABALLERO",1
"8302","JOSE ANTONIO FUSTER LAMELAS","NATHALIE GUICHARD DE ARTINANO",1
"8303","JOSE ANTONIO FUSTER LAMELAS","NURIA LATORRE SANDONIS",1
"8304","JOSE ANTONIO FUSTER LAMELAS","OSCAR FELIPE DE TORRES NEIRA",1
"8305","JOSE ANTONIO FUSTER LAMELAS","PABLO PEREZ GALLARDO",1
"8306","JOSE ANTONIO FUSTER LAMELAS","PATRICIA DONCEL COMY",1
"8307","JOSE ANTONIO FUSTER LAMELAS","PEDRO MORENO GOMEZ",1
"8308","JOSE ANTONIO FUSTER LAMELAS","PEDRO PORCHER PEREZ",1
"8309","JOSE ANTONIO FUSTER LAMELAS","REBECA ORTEGO CONESA",1
"8310","JOSE ANTONIO FUSTER LAMELAS","ROCIO MONASTERIO SAN MARTIN",1
"8311","JOSE ANTONIO FUSTER LAMELAS","RUBEN SUAREZ FERNANDEZ",1
"8312","JOSE ANTONIO FUSTER LAMELAS","SALOME NIETO TARRAGA",1
"8313","JOSE ANTONIO FUSTER LAMELAS","SANTIAGO ABASCAL CONDE",1
"8314","JOSE ANTONIO FUSTER LAMELAS","SELENE MARIA DURAN SANCHEZ",1
"8315","JOSE ANTONIO FUSTER LAMELAS","SONSOLES PALACIOS MORENO",1
"8316","JOSE ANTONIO FUSTER LAMELAS","TERESA ANGULLO GARCIA",1
"8317","JOSE ANTONIO FUSTER LAMELAS","URSULA MARIANA HERNANDEZ ZUNIGA",1
"8318","JOSE ANTONIO FUSTER LAMELAS","VICTOR MANUEL ACOSTA HERNANDEZ",1
"8319","JOSE ANTONIO FUSTER LAMELAS","VICTOR SANCHEZ SANCHEZ",1
"8320","JOSE ANTONIO FUSTER LAMELAS","YOLANDA TORRES BRAVO",1
"8321","JOSE ANTONIO GOMILA ORTEGA","JOSE FRANCISCO GARRE IZQUIERDO",1
"8322","JOSE ANTONIO GOMILA ORTEGA","JOSE MARIA FIGAREDO ALVAREZSALA",1
"8323","JOSE ANTONIO GOMILA ORTEGA","JOSE MARIA ORTELLS POLO",1
"8324","JOSE ANTONIO GOMILA ORTEGA","JOSE MARIA SANCHEZ GARCIA",1
"8325","JOSE ANTONIO GOMILA ORTEGA","JOSE RAMIREZ DEL RIO",1
"8326","JOSE ANTONIO GOMILA ORTEGA","JUAN JOSE AIZCORBE TORRA",1
"8327","JOSE ANTONIO GOMILA ORTEGA","JUAN JOSE BOSQUET ARIAS",1
"8328","JOSE ANTONIO GOMILA ORTEGA","JUAN JOSE COCA LOPEZ",1
"8329","JOSE ANTONIO GOMILA ORTEGA","LOURDES MENDEZ MONASTERIO",1
"8330","JOSE ANTONIO GOMILA ORTEGA","MACARENA OLONA CHOCLAN",1
"8331","JOSE ANTONIO GOMILA ORTEGA","MANUEL GAVIRA FLORENTINO",2
"8332","JOSE ANTONIO GOMILA ORTEGA","MANUEL MARISCAL ZABALA",1
"8333","JOSE ANTONIO GOMILA ORTEGA","MARIA CRISTINA PELAEZ IZQUIERDO",1
"8334","JOSE ANTONIO GOMILA ORTEGA","MARIA DE LA CABEZA RUIZ SOLAS",1
"8335","JOSE ANTONIO GOMILA ORTEGA","MARIA DE LOS REYES ROMERO VILCHES",1
"8336","JOSE ANTONIO GOMILA ORTEGA","MARIA GORETTI EIBERLE SANCHEZ DE TOCA",1
"8337","JOSE ANTONIO GOMILA ORTEGA","MARIA JOSE RODRIGUEZ DE MILLAN PARRO",2
"8338","JOSE ANTONIO GOMILA ORTEGA","MARIA MAGDALENA NEVADO DEL CAMPO",1
"8339","JOSE ANTONIO GOMILA ORTEGA","MARIA MAGDALENA PUENTEDURA PEREZ",1
"8340","JOSE ANTONIO GOMILA ORTEGA","MARIA MERCEDES RODRIGUEZ TAMAYO",1
"8341","JOSE ANTONIO GOMILA ORTEGA","MARIA TERESA LOPEZ ALVAREZ",1
"8342","JOSE ANTONIO GOMILA ORTEGA","NOELIA MARIA CAMPOS RODRIGUEZ",1
"8343","JOSE ANTONIO GOMILA ORTEGA","PABLO JUAN CALVO LISTE",1
"8344","JOSE ANTONIO GOMILA ORTEGA","PABLO SAEZ ALONSOMUNUMER",1
"8345","JOSE ANTONIO GOMILA ORTEGA","PATRICIA RUEDA PERELLO",1
"8346","JOSE ANTONIO GOMILA ORTEGA","PAULA DE LOS ANGELES BADANELLI BERRIOZABAL",1
"8347","JOSE ANTONIO GOMILA ORTEGA","PEDRO FERNANDEZ HERNANDEZ",1
"8348","JOSE ANTONIO GOMILA ORTEGA","PEDRO JESUS REQUEJO NOVOA",1
"8349","JOSE ANTONIO GOMILA ORTEGA","PURIFICACION FERNANDEZ MORALES",1
"8350","JOSE ANTONIO GOMILA ORTEGA","RAFAEL SEGOVIA BROME",2
"8351","JOSE ANTONIO GOMILA ORTEGA","RICARDO CHAMORRO DELMO",1
"8352","JOSE ANTONIO GOMILA ORTEGA","RICARDO LOPEZ OLEA",2
"8353","JOSE ANTONIO GOMILA ORTEGA","ROCIO DE MEER MENDEZ",1
"8354","JOSE ANTONIO GOMILA ORTEGA","ROCIO MARIN ORTEGA",1
"8355","JOSE ANTONIO GOMILA ORTEGA","RODRIGO JAVIER ALONSO FERNANDEZ",2
"8356","JOSE ANTONIO GOMILA ORTEGA","RODRIGO JIMENEZ REVUELTA",1
"8357","JOSE ANTONIO GOMILA ORTEGA","SANTIAGO ABASCAL CONDE",1
"8358","JOSE ANTONIO GOMILA ORTEGA","SERGIO MACIAN DE GREEF",1
"8359","JOSE ANTONIO GOMILA ORTEGA","TOMAS FERNANDEZ RIOS",1
"8360","JOSE ANTONIO GOMILA ORTEGA","VICTOR GUIDO GONZALEZ COELLO DE PORTUGAL",1
"8361","JOSE ANTONIO GOMILA ORTEGA","YOLANDA MERELO PALOMARES",1
"8362","JOSE ANTONIO PALOMO MARTIN","JOSE LUIS ROJO GARCIA",1
"8363","JOSE ANTONIO PALOMO MARTIN","JUAN GARCIAGALLARDO FRINGS",1
"8364","JOSE ANTONIO PALOMO MARTIN","LAURA DORREIS ALONSO",1
"8365","JOSE ANTONIO PALOMO MARTIN","LAURA GALLEGO GASPAR",1
"8366","JOSE ANTONIO PALOMO MARTIN","LUIS CARLOS GIMENEZ BALMORI",1
"8367","JOSE ANTONIO PALOMO MARTIN","MARIA ALEJANDRA MEDINA SANZ",1
"8368","JOSE ANTONIO PALOMO MARTIN","MARIA DE FATIMA PINACHO FERNANDEZ",2
"8369","JOSE ANTONIO PALOMO MARTIN","MARIA DOLORES MATEO MATEOS",1
"8370","JOSE ANTONIO PALOMO MARTIN","MARIA ISABEL PEREZ MARTIN",1
"8371","JOSE ANTONIO PALOMO MARTIN","MARIA LUISA CALVO ENRIQUEZ",2
"8372","JOSE ANTONIO PALOMO MARTIN","MARTA ALEGRIA MARTINEZ",2
"8373","JOSE ANTONIO PALOMO MARTIN","MAURICIO ANGULO GUERRERO",1
"8374","JOSE ANTONIO PALOMO MARTIN","MIGUEL CONTRERAS MARTINEZ",1
"8375","JOSE ANTONIO PALOMO MARTIN","SERGIO CHAGARTEGUI SANCHEZ",1
"8376","JOSE ANTONIO PALOMO MARTIN","SUSANA SUAREZ VILLAGRA",2
"8377","JOSE CARLOS LORENZO ALONSO","JOSE LUIS GARCIA BAY",1
"8378","JOSE FRANCISCO GARRE IZQUIERDO","JOSE IGNACIO ARIAS MORENO",1
"8379","JOSE FRANCISCO GARRE IZQUIERDO","JOSE MANUEL MARTIN CAMACHO",1
"8380","JOSE FRANCISCO GARRE IZQUIERDO","JOSE MARIA ANTON GARCIA",1
"8381","JOSE FRANCISCO GARRE IZQUIERDO","JOSE MARIA FIGAREDO ALVAREZSALA",1
"8382","JOSE FRANCISCO GARRE IZQUIERDO","JOSE MARIA SANCHEZ GARCIA",1
"8383","JOSE FRANCISCO GARRE IZQUIERDO","JOSE MIGUEL TASENDE SOUTO",1
"8384","JOSE FRANCISCO GARRE IZQUIERDO","JOSE RAMIREZ DEL RIO",1
"8385","JOSE FRANCISCO GARRE IZQUIERDO","JOSEFA GUILLEN ROCA",1
"8386","JOSE FRANCISCO GARRE IZQUIERDO","JOSEFINA BLAZQUEZ SANCHEZ",1
"8387","JOSE FRANCISCO GARRE IZQUIERDO","JUAN CARLOS VICENTE MARTINEZ",1
"8388","JOSE FRANCISCO GARRE IZQUIERDO","JUAN FRANCISCO ROJAS FERNANDEZ",1
"8389","JOSE FRANCISCO GARRE IZQUIERDO","JUAN JOSE AIZCORBE TORRA",1
"8390","JOSE FRANCISCO GARRE IZQUIERDO","JUAN SERGIO REDONDO PACHECO",1
"8391","JOSE FRANCISCO GARRE IZQUIERDO","JULIO ROSADO MARTIN",1
"8392","JOSE FRANCISCO GARRE IZQUIERDO","KATIUSKA DE LOS ANGELES GARCIA RAMIREZ",1
"8393","JOSE FRANCISCO GARRE IZQUIERDO","LOURDES MENDEZ MONASTERIO",1
"8394","JOSE FRANCISCO GARRE IZQUIERDO","LUIS GESTOSO DE MIGUEL",1
"8395","JOSE FRANCISCO GARRE IZQUIERDO","MANUEL MARISCAL ZABALA",1
"8396","JOSE FRANCISCO GARRE IZQUIERDO","MANUELA BOLADO ALCALDE",1
"8397","JOSE FRANCISCO GARRE IZQUIERDO","MANUELA DEL MAR MARTIN IBANEZ",1
"8398","JOSE FRANCISCO GARRE IZQUIERDO","MARIA ARANZAZU MARTINEZ RIOLA",1
"8399","JOSE FRANCISCO GARRE IZQUIERDO","MARIA BEATRIZ CASTILLEJO SEVILLA",1
"8400","JOSE FRANCISCO GARRE IZQUIERDO","MARIA BELEN MANZANO SAGUAR",1
"8401","JOSE FRANCISCO GARRE IZQUIERDO","MARIA DE LA CABEZA RUIZ SOLAS",1
"8402","JOSE FRANCISCO GARRE IZQUIERDO","MARIA DE LA CRUZ LOZANO MARIN",1
"8403","JOSE FRANCISCO GARRE IZQUIERDO","MARIA DE LOS REYES ROMERO VILCHES",1
"8404","JOSE FRANCISCO GARRE IZQUIERDO","MARIA DEL PILAR BAOS REVILLA",1
"8405","JOSE FRANCISCO GARRE IZQUIERDO","MARIA DOLORES MATEO MATEOS",1
"8406","JOSE FRANCISCO GARRE IZQUIERDO","MARIA GEMA ESCOLANO BERNA",1
"8407","JOSE FRANCISCO GARRE IZQUIERDO","MARIA INES DIAZ CASAS",1
"8408","JOSE FRANCISCO GARRE IZQUIERDO","MARIA JOSE RODRIGUEZ DE MILLAN PARRO",1
"8409","JOSE FRANCISCO GARRE IZQUIERDO","MARIA LOPEZ ZAMBRANO",1
"8410","JOSE FRANCISCO GARRE IZQUIERDO","MARIA LUISA MENENDEZ MARTINEZ",1
"8411","JOSE FRANCISCO GARRE IZQUIERDO","MARIA MAGDALENA NEVADO DEL CAMPO",1
"8412","JOSE FRANCISCO GARRE IZQUIERDO","MARIA MAGDALENA PUENTEDURA PEREZ",1
"8413","JOSE FRANCISCO GARRE IZQUIERDO","MARIA MERCEDES MERONO MARIN",1
"8414","JOSE FRANCISCO GARRE IZQUIERDO","MARIA SUSANA JIMENEZ AIBAR",1
"8415","JOSE FRANCISCO GARRE IZQUIERDO","MARIA TERESA GARCIA DE LA ROSA JIMENEZ",1
"8416","JOSE FRANCISCO GARRE IZQUIERDO","MARIA TERESA LOPEZ ALVAREZ",1
"8417","JOSE FRANCISCO GARRE IZQUIERDO","MARIA TERESA LOPEZ DIVASSON",1
"8418","JOSE FRANCISCO GARRE IZQUIERDO","MARIA VIDAL BENNASAR",1
"8419","JOSE FRANCISCO GARRE IZQUIERDO","MARIA ZULEMA SAN JOSE SANCHEZ",1
"8420","JOSE FRANCISCO GARRE IZQUIERDO","MARINA DABAN ALONSO",1
"8421","JOSE FRANCISCO GARRE IZQUIERDO","MARTA ALEGRIA MARTINEZ",1
"8422","JOSE FRANCISCO GARRE IZQUIERDO","MARTA GERVASIA GARRIDO MORENO",1
"8423","JOSE FRANCISCO GARRE IZQUIERDO","MARTA MARTIN CUSTODIO",1
"8424","JOSE FRANCISCO GARRE IZQUIERDO","MIGUEL MALDONADO CABALLERO",1
"8425","JOSE FRANCISCO GARRE IZQUIERDO","MONICA LORA CISQUER",1
"8426","JOSE FRANCISCO GARRE IZQUIERDO","OLIVIA MORENO NAVAS",1
"8427","JOSE FRANCISCO GARRE IZQUIERDO","PABLO JUAN CALVO LISTE",1
"8428","JOSE FRANCISCO GARRE IZQUIERDO","PABLO PEREZ GALLARDO",1
"8429","JOSE FRANCISCO GARRE IZQUIERDO","PABLO SAEZ ALONSOMUNUMER",1
"8430","JOSE FRANCISCO GARRE IZQUIERDO","PALOMA GOMEZ ENRIQUEZ",1
"8431","JOSE FRANCISCO GARRE IZQUIERDO","PATRICIA ESCAMEZ MARIN",1
"8432","JOSE FRANCISCO GARRE IZQUIERDO","PATRICIA RUEDA PERELLO",1
"8433","JOSE FRANCISCO GARRE IZQUIERDO","PAULA DE LOS ANGELES BADANELLI BERRIOZABAL",1
"8434","JOSE FRANCISCO GARRE IZQUIERDO","PEDRO FERNANDEZ HERNANDEZ",1
"8435","JOSE FRANCISCO GARRE IZQUIERDO","PEDRO JESUS REQUEJO NOVOA",1
"8436","JOSE FRANCISCO GARRE IZQUIERDO","RAFAEL RICARDO GONZALEZ GALLEGO",1
"8437","JOSE FRANCISCO GARRE IZQUIERDO","RAFAEL SEGOVIA BROME",1
"8438","JOSE FRANCISCO GARRE IZQUIERDO","RICARDO CHAMORRO DELMO",1
"8439","JOSE FRANCISCO GARRE IZQUIERDO","ROCIO DE MEER MENDEZ",1
"8440","JOSE FRANCISCO GARRE IZQUIERDO","RODRIGO JIMENEZ REVUELTA",1
"8441","JOSE FRANCISCO GARRE IZQUIERDO","SALOME NIETO TARRAGA",1
"8442","JOSE FRANCISCO GARRE IZQUIERDO","SANTIAGO ABASCAL CONDE",1
"8443","JOSE FRANCISCO GARRE IZQUIERDO","SERGI FABRI LLAVERO",1
"8444","JOSE FRANCISCO GARRE IZQUIERDO","SERGIO CHAGARTEGUI SANCHEZ",1
"8445","JOSE FRANCISCO GARRE IZQUIERDO","SERGIO MACIAN DE GREEF",1
"8446","JOSE FRANCISCO GARRE IZQUIERDO","SILVIA CLARA ENRIQUEZ GALLEGO",1
"8447","JOSE FRANCISCO GARRE IZQUIERDO","SOLEDAD PEREZ RUBIO",1
"8448","JOSE FRANCISCO GARRE IZQUIERDO","SONSOLES PALACIOS MORENO",1
"8449","JOSE FRANCISCO GARRE IZQUIERDO","TEODORO RAMON POZO MUNIZ",1
"8450","JOSE FRANCISCO GARRE IZQUIERDO","TOMAS FERNANDEZ RIOS",1
"8451","JOSE FRANCISCO GARRE IZQUIERDO","VALENTIN LOPEZ LOPEZ",1
"8452","JOSE FRANCISCO GARRE IZQUIERDO","VICTOR GUIDO GONZALEZ COELLO DE PORTUGAL",1
"8453","JOSE FRANCISCO GARRE IZQUIERDO","VICTOR MANUEL ACOSTA HERNANDEZ",1
"8454","JOSE FRANCISCO GARRE IZQUIERDO","VIRGINIA HUERTAS PECHUAN",1
"8455","JOSE FRANCISCO GARRE IZQUIERDO","YOLANDA MERELO PALOMARES",1
"8456","JOSE GARCIA SAINZ","MARIA JESUS PELAYO GARCIA",1
"8457","JOSE IGNACIO ARIAS MORENO","JOSE LUIS NARROS MANZANERO",1
"8458","JOSE IGNACIO ARIAS MORENO","JOSE LUIS RUIZ BARTOLOME",2
"8459","JOSE IGNACIO ARIAS MORENO","JOSE MANUEL FERNANDEZ TESTA",2
"8460","JOSE IGNACIO ARIAS MORENO","JOSE MARIA FIGAREDO ALVAREZSALA",1
"8461","JOSE IGNACIO ARIAS MORENO","JOSE MARIA MARCO TOBARRA",1
"8462","JOSE IGNACIO ARIAS MORENO","JOSE MARIA SANCHEZ GARCIA",2
"8463","JOSE IGNACIO ARIAS MORENO","JOSE MIGUEL GONZALEZ JIMENEZ",1
"8464","JOSE IGNACIO ARIAS MORENO","JOSE RAMIREZ DEL RIO",1
"8465","JOSE IGNACIO ARIAS MORENO","JOSE RODRIGUEZ CUADRADO",2
"8466","JOSE IGNACIO ARIAS MORENO","JOSE ROMERO BAENA",1
"8467","JOSE IGNACIO ARIAS MORENO","JUAN CARLOS GIRAUTA VIDAL",1
"8468","JOSE IGNACIO ARIAS MORENO","JUAN CARLOS VICENTE MARTINEZ",2
"8469","JOSE IGNACIO ARIAS MORENO","JUAN IGNACIO FERNANDEZ TOMAS",1
"8470","JOSE IGNACIO ARIAS MORENO","JUAN IGNACIO PINEDA SALVADOR",2
"8471","JOSE IGNACIO ARIAS MORENO","JUAN JOSE AIZCORBE TORRA",2
"8472","JOSE IGNACIO ARIAS MORENO","JUAN MARCOS MANRIQUE LOPEZ",2
"8473","JOSE IGNACIO ARIAS MORENO","LOURDES MENDEZ MONASTERIO",2
"8474","JOSE IGNACIO ARIAS MORENO","MACARENA DUQUE MARTINEZ",1
"8475","JOSE IGNACIO ARIAS MORENO","MACARENA OLONA CHOCLAN",1
"8476","JOSE IGNACIO ARIAS MORENO","MAGDALENA MARGARITA CONTESTI ROSSELLO",1
"8477","JOSE IGNACIO ARIAS MORENO","MANUEL GONZALEZ BAZAN",1
"8478","JOSE IGNACIO ARIAS MORENO","MANUEL MARISCAL ZABALA",2
"8479","JOSE IGNACIO ARIAS MORENO","MANUEL MESTRE BAREA",1
"8480","JOSE IGNACIO ARIAS MORENO","MANUEL RAFAEL RODRIGUEZ VALERO",1
"8481","JOSE IGNACIO ARIAS MORENO","MARGARITA DE LA PISA CARRION",1
"8482","JOSE IGNACIO ARIAS MORENO","MARIA AMPARO ORTEGA HERNANDEZ",1
"8483","JOSE IGNACIO ARIAS MORENO","MARIA AZULEMA MINGARRO DOMINGUEZ",1
"8484","JOSE IGNACIO ARIAS MORENO","MARIA BELEN GONZALEZ MORENO",1
"8485","JOSE IGNACIO ARIAS MORENO","MARIA DE LA CABEZA RUIZ SOLAS",2
"8486","JOSE IGNACIO ARIAS MORENO","MARIA DE LOS REYES ROMERO VILCHES",2
"8487","JOSE IGNACIO ARIAS MORENO","MARIA DEL PILAR BAOS REVILLA",1
"8488","JOSE IGNACIO ARIAS MORENO","MARIA DEL ROCIO AVEZUELA MIGUEL",1
"8489","JOSE IGNACIO ARIAS MORENO","MARIA JOSE RODRIGUEZ DE MILLAN PARRO",1
"8490","JOSE IGNACIO ARIAS MORENO","MARIA MAGDALENA NEVADO DEL CAMPO",1
"8491","JOSE IGNACIO ARIAS MORENO","MARIA SUSANA JIMENEZ AIBAR",2
"8492","JOSE IGNACIO ARIAS MORENO","MARIA TERESA LOPEZ ALVAREZ",1
"8493","JOSE IGNACIO ARIAS MORENO","MARIA TERESA LOPEZ DIVASSON",2
"8494","JOSE IGNACIO ARIAS MORENO","MARIANO CALABUIG MARTINEZ",3
"8495","JOSE IGNACIO ARIAS MORENO","MARTA ALVAREZ BARRIO",1
"8496","JOSE IGNACIO ARIAS MORENO","MARTA IBERO DURAN",2
"8497","JOSE IGNACIO ARIAS MORENO","MIGUEL ANGEL DIEZ GARCIA",1
"8498","JOSE IGNACIO ARIAS MORENO","MIGUEL ANGEL FERNANDEZ LOPEZ",1
"8499","JOSE IGNACIO ARIAS MORENO","MIGUEL GUADALFAJARA ROZAS",2
"8500","JOSE IGNACIO ARIAS MORENO","MIGUEL MALDONADO CABALLERO",2
"8501","JOSE IGNACIO ARIAS MORENO","MIREIA BORRAS PABON",1
"8502","JOSE IGNACIO ARIAS MORENO","NATHALIE GUICHARD DE ARTINANO",1
"8503","JOSE IGNACIO ARIAS MORENO","NURIA LATORRE SANDONIS",2
"8504","JOSE IGNACIO ARIAS MORENO","OSCAR FELIPE DE TORRES NEIRA",1
"8505","JOSE IGNACIO ARIAS MORENO","PABLO JUAN CALVO LISTE",1
"8506","JOSE IGNACIO ARIAS MORENO","PABLO PEREZ GALLARDO",2
"8507","JOSE IGNACIO ARIAS MORENO","PABLO SAEZ ALONSOMUNUMER",2
"8508","JOSE IGNACIO ARIAS MORENO","PATRICIA DE LAS HERAS FERNANDEZ",1
"8509","JOSE IGNACIO ARIAS MORENO","PATRICIA DONCEL COMY",2
"8510","JOSE IGNACIO ARIAS MORENO","PATRICIA RUEDA PERELLO",2
"8511","JOSE IGNACIO ARIAS MORENO","PEDRO FERNANDEZ HERNANDEZ",2
"8512","JOSE IGNACIO ARIAS MORENO","PEDRO JESUS REQUEJO NOVOA",1
"8513","JOSE IGNACIO ARIAS MORENO","PEDRO JOSE MALLEN VAZQUEZ",1
"8514","JOSE IGNACIO ARIAS MORENO","PEDRO MORENO GOMEZ",1
"8515","JOSE IGNACIO ARIAS MORENO","PEDRO PORCHER PEREZ",1
"8516","JOSE IGNACIO ARIAS MORENO","PEDRO VICENTE MAJOLERO LOPEZ",1
"8517","JOSE IGNACIO ARIAS MORENO","REBECA ORTEGO CONESA",1
"8518","JOSE IGNACIO ARIAS MORENO","RICARDO CHAMORRO DELMO",2
"8519","JOSE IGNACIO ARIAS MORENO","ROCIO DE MEER MENDEZ",2
"8520","JOSE IGNACIO ARIAS MORENO","ROCIO MONASTERIO SAN MARTIN",3
"8521","JOSE IGNACIO ARIAS MORENO","RODRIGO JIMENEZ REVUELTA",1
"8522","JOSE IGNACIO ARIAS MORENO","RUBEN SILVANO MANSO OLIVAR",1
"8523","JOSE IGNACIO ARIAS MORENO","RUBEN SUAREZ FERNANDEZ",2
"8524","JOSE IGNACIO ARIAS MORENO","SALOME NIETO TARRAGA",1
"8525","JOSE IGNACIO ARIAS MORENO","SANTIAGO ABASCAL CONDE",4
"8526","JOSE IGNACIO ARIAS MORENO","SANTIAGO RAMON CABANAS BURKHALTER",1
"8527","JOSE IGNACIO ARIAS MORENO","SELENE MARIA DURAN SANCHEZ",1
"8528","JOSE IGNACIO ARIAS MORENO","SERAFIN SERRANO MARIN",1
"8529","JOSE IGNACIO ARIAS MORENO","SERGIO MACIAN DE GREEF",1
"8530","JOSE IGNACIO ARIAS MORENO","SONIA LUISA LALANDA SANMIGUEL",1
"8531","JOSE IGNACIO ARIAS MORENO","SONSOLES PALACIOS MORENO",1
"8532","JOSE IGNACIO ARIAS MORENO","TERESA ANGULLO GARCIA",2
"8533","JOSE IGNACIO ARIAS MORENO","TOMAS FERNANDEZ RIOS",1
"8534","JOSE IGNACIO ARIAS MORENO","URSULA MARIANA HERNANDEZ ZUNIGA",1
"8535","JOSE IGNACIO ARIAS MORENO","VALENTINA DEL CAMPILLO HOLZWARTH",1
"8536","JOSE IGNACIO ARIAS MORENO","VICTOR GUIDO GONZALEZ COELLO DE PORTUGAL",2
"8537","JOSE IGNACIO ARIAS MORENO","VICTOR MANUEL ACOSTA HERNANDEZ",2
"8538","JOSE IGNACIO ARIAS MORENO","VICTOR SANCHEZ SANCHEZ",1
"8539","JOSE IGNACIO ARIAS MORENO","YOLANDA MERELO PALOMARES",1
"8540","JOSE IGNACIO ARIAS MORENO","YOLANDA TORRES BRAVO",2
"8541","JOSE JOAQUIN BENGOCHEA SECO","JOSE MARIA FIGAREDO ALVAREZSALA",1
"8542","JOSE JOAQUIN BENGOCHEA SECO","JOSE MARIA SANCHEZ GARCIA",1
"8543","JOSE JOAQUIN BENGOCHEA SECO","JOSE MARIA VAZQUEZ ALVAREZ",1
"8544","JOSE JOAQUIN BENGOCHEA SECO","JOSE RAMIREZ DEL RIO",1
"8545","JOSE JOAQUIN BENGOCHEA SECO","JUAN JOSE AIZCORBE TORRA",1
"8546","JOSE JOAQUIN BENGOCHEA SECO","LOURDES MENDEZ MONASTERIO",2
"8547","JOSE JOAQUIN BENGOCHEA SECO","MACARENA OLONA CHOCLAN",2
"8548","JOSE JOAQUIN BENGOCHEA SECO","MAGDALENA MARGARITA CONTESTI ROSSELLO",1
"8549","JOSE JOAQUIN BENGOCHEA SECO","MANUEL GONZALEZ BAZAN",1
"8550","JOSE JOAQUIN BENGOCHEA SECO","MANUEL MARISCAL ZABALA",2
"8551","JOSE JOAQUIN BENGOCHEA SECO","MANUEL MESTRE BAREA",2
"8552","JOSE JOAQUIN BENGOCHEA SECO","MANUEL RAFAEL RODRIGUEZ VALERO",1
"8553","JOSE JOAQUIN BENGOCHEA SECO","MARIA DE LA CABEZA RUIZ SOLAS",2
"8554","JOSE JOAQUIN BENGOCHEA SECO","MARIA DE LOS REYES ROMERO VILCHES",2
"8555","JOSE JOAQUIN BENGOCHEA SECO","MARTA ALVAREZ BARRIO",1
"8556","JOSE JOAQUIN BENGOCHEA SECO","MIGUEL ANGEL FERNANDEZ LOPEZ",1
"8557","JOSE JOAQUIN BENGOCHEA SECO","PABLO SAEZ ALONSOMUNUMER",2
"8558","JOSE JOAQUIN BENGOCHEA SECO","PATRICIA DE LAS HERAS FERNANDEZ",1
"8559","JOSE JOAQUIN BENGOCHEA SECO","PATRICIA RUEDA PERELLO",2
"8560","JOSE JOAQUIN BENGOCHEA SECO","PEDRO FERNANDEZ HERNANDEZ",2
"8561","JOSE JOAQUIN BENGOCHEA SECO","RICARDO CHAMORRO DELMO",2
"8562","JOSE JOAQUIN BENGOCHEA SECO","ROCIO DE MEER MENDEZ",2
"8563","JOSE JOAQUIN BENGOCHEA SECO","RUBEN SILVANO MANSO OLIVAR",1
"8564","JOSE JOAQUIN BENGOCHEA SECO","SANTIAGO ABASCAL CONDE",2
"8565","JOSE JOAQUIN BENGOCHEA SECO","SERAFIN SERRANO MARIN",1
"8566","JOSE JOAQUIN BENGOCHEA SECO","SONIA LUISA LALANDA SANMIGUEL",1
"8567","JOSE JOAQUIN BENGOCHEA SECO","VICTOR GUIDO GONZALEZ COELLO DE PORTUGAL",1
"8568","JOSE JOAQUIN BENGOCHEA SECO","VICTOR MANUEL SANCHEZ DEL REAL",1
"8569","JOSE LUIS AGUIRRE LARRAURI","JOSE LUIS FERNANDEZ SANTAMARIA",1
"8570","JOSE LUIS AGUIRRE LARRAURI","JOSE MANUEL GRAU DELGADO",1
"8571","JOSE LUIS AGUIRRE LARRAURI","JOSE MARIA LLANOS PITARCH",2
"8572","JOSE LUIS AGUIRRE LARRAURI","JUAN BADENAS CARPIO",1
"8573","JOSE LUIS AGUIRRE LARRAURI","JULIA MARIA LLOPIS NOHEDA",1
"8574","JOSE LUIS AGUIRRE LARRAURI","MARIA DE LOS ANGELES CRIADO GONZALBEZ",1
"8575","JOSE LUIS AGUIRRE LARRAURI","MARIA DE LOS LLANOS MASSO LINARES",2
"8576","JOSE LUIS AGUIRRE LARRAURI","MARINA DABAN ALONSO",1
"8577","JOSE LUIS AGUIRRE LARRAURI","MIGUEL ANGEL HUERTA ASENSIO",1
"8578","JOSE LUIS AGUIRRE LARRAURI","MIGUEL DA SILVA ORTEGA",1
"8579","JOSE LUIS AGUIRRE LARRAURI","MIGUEL PASCUAL PEREZ",2
"8580","JOSE LUIS AGUIRRE LARRAURI","VALENTIN LOPEZ LOPEZ",1
"8581","JOSE LUIS AGUIRRE LARRAURI","VIRGINIA HUERTAS PECHUAN",1
"8582","JOSE LUIS FERNANDEZ SANTAMARIA","JOSE MARIA FIGAREDO ALVAREZSALA",1
"8583","JOSE LUIS FERNANDEZ SANTAMARIA","JOSE MARIA LLANOS PITARCH",2
"8584","JOSE LUIS FERNANDEZ SANTAMARIA","JOSE MARIA VAZQUEZ ALVAREZ",1
"8585","JOSE LUIS FERNANDEZ SANTAMARIA","JOSE RAMIREZ DEL RIO",1
"8586","JOSE LUIS FERNANDEZ SANTAMARIA","JULIA MARIA LLOPIS NOHEDA",1
"8587","JOSE LUIS FERNANDEZ SANTAMARIA","LOURDES MENDEZ MONASTERIO",1
"8588","JOSE LUIS FERNANDEZ SANTAMARIA","MACARENA OLONA CHOCLAN",1
"8589","JOSE LUIS FERNANDEZ SANTAMARIA","MANUEL MARISCAL ZABALA",1
"8590","JOSE LUIS FERNANDEZ SANTAMARIA","MANUEL MESTRE BAREA",1
"8591","JOSE LUIS FERNANDEZ SANTAMARIA","MARIA DE LA CABEZA RUIZ SOLAS",1
"8592","JOSE LUIS FERNANDEZ SANTAMARIA","MARIA DE LOS ANGELES CRIADO GONZALBEZ",1
"8593","JOSE LUIS FERNANDEZ SANTAMARIA","MARIA DE LOS LLANOS MASSO LINARES",2
"8594","JOSE LUIS FERNANDEZ SANTAMARIA","MARIA DE LOS REYES ROMERO VILCHES",1
"8595","JOSE LUIS FERNANDEZ SANTAMARIA","MIGUEL PASCUAL PEREZ",2
"8596","JOSE LUIS FERNANDEZ SANTAMARIA","PABLO SAEZ ALONSOMUNUMER",1
"8597","JOSE LUIS FERNANDEZ SANTAMARIA","PATRICIA RUEDA PERELLO",1
"8598","JOSE LUIS FERNANDEZ SANTAMARIA","PEDRO FERNANDEZ HERNANDEZ",1
"8599","JOSE LUIS FERNANDEZ SANTAMARIA","RICARDO CHAMORRO DELMO",1
"8600","JOSE LUIS FERNANDEZ SANTAMARIA","ROCIO DE MEER MENDEZ",1
"8601","JOSE LUIS FERNANDEZ SANTAMARIA","SANTIAGO ABASCAL CONDE",1
"8602","JOSE LUIS FERNANDEZ SANTAMARIA","VICTOR MANUEL SANCHEZ DEL REAL",1
"8603","JOSE LUIS NARROS MANZANERO","JOSE LUIS RUIZ BARTOLOME",1
"8604","JOSE LUIS NARROS MANZANERO","MARIA BELEN GONZALEZ MORENO",1
"8605","JOSE LUIS NARROS MANZANERO","ROCIO MONASTERIO SAN MARTIN",1
"8606","JOSE LUIS ROJO GARCIA","JUAN GARCIAGALLARDO FRINGS",1
"8607","JOSE LUIS ROJO GARCIA","MARIA LUISA CALVO ENRIQUEZ",1
"8608","JOSE LUIS ROJO GARCIA","MARIA ZULEMA SAN JOSE SANCHEZ",1
"8609","JOSE LUIS ROJO GARCIA","SUSANA SUAREZ VILLAGRA",1
"8610","JOSE LUIS RUIZ BARTOLOME","JOSE MANUEL FERNANDEZ TESTA",2
"8611","JOSE LUIS RUIZ BARTOLOME","JOSE MARIA MARCO TOBARRA",1
"8612","JOSE LUIS RUIZ BARTOLOME","JOSE MIGUEL GONZALEZ JIMENEZ",1
"8613","JOSE LUIS RUIZ BARTOLOME","JOSE RODRIGUEZ CUADRADO",2
"8614","JOSE LUIS RUIZ BARTOLOME","JOSE ROMERO BAENA",1
"8615","JOSE LUIS RUIZ BARTOLOME","JUAN CARLOS VICENTE MARTINEZ",2
"8616","JOSE LUIS RUIZ BARTOLOME","JUAN IGNACIO FERNANDEZ TOMAS",1
"8617","JOSE LUIS RUIZ BARTOLOME","JUAN IGNACIO PINEDA SALVADOR",2
"8618","JOSE LUIS RUIZ BARTOLOME","JUAN MARCOS MANRIQUE LOPEZ",2
"8619","JOSE LUIS RUIZ BARTOLOME","MACARENA DUQUE MARTINEZ",1
"8620","JOSE LUIS RUIZ BARTOLOME","MARIA AMPARO ORTEGA HERNANDEZ",1
"8621","JOSE LUIS RUIZ BARTOLOME","MARIA AZULEMA MINGARRO DOMINGUEZ",1
"8622","JOSE LUIS RUIZ BARTOLOME","MARIA BELEN GONZALEZ MORENO",1
"8623","JOSE LUIS RUIZ BARTOLOME","MARIA DEL PILAR BAOS REVILLA",1
"8624","JOSE LUIS RUIZ BARTOLOME","MARIA DEL ROCIO AVEZUELA MIGUEL",1
"8625","JOSE LUIS RUIZ BARTOLOME","MARIA SUSANA JIMENEZ AIBAR",2
"8626","JOSE LUIS RUIZ BARTOLOME","MARIA TERESA LOPEZ DIVASSON",2
"8627","JOSE LUIS RUIZ BARTOLOME","MARIANO CALABUIG MARTINEZ",3
"8628","JOSE LUIS RUIZ BARTOLOME","MARTA IBERO DURAN",2
"8629","JOSE LUIS RUIZ BARTOLOME","MIGUEL ANGEL DIEZ GARCIA",1
"8630","JOSE LUIS RUIZ BARTOLOME","MIGUEL GUADALFAJARA ROZAS",2
"8631","JOSE LUIS RUIZ BARTOLOME","MIGUEL MALDONADO CABALLERO",2
"8632","JOSE LUIS RUIZ BARTOLOME","NATHALIE GUICHARD DE ARTINANO",1
"8633","JOSE LUIS RUIZ BARTOLOME","NURIA LATORRE SANDONIS",2
"8634","JOSE LUIS RUIZ BARTOLOME","OSCAR FELIPE DE TORRES NEIRA",1
"8635","JOSE LUIS RUIZ BARTOLOME","PABLO PEREZ GALLARDO",2
"8636","JOSE LUIS RUIZ BARTOLOME","PATRICIA DONCEL COMY",2
"8637","JOSE LUIS RUIZ BARTOLOME","PEDRO JOSE MALLEN VAZQUEZ",1
"8638","JOSE LUIS RUIZ BARTOLOME","PEDRO MORENO GOMEZ",1
"8639","JOSE LUIS RUIZ BARTOLOME","PEDRO PORCHER PEREZ",1
"8640","JOSE LUIS RUIZ BARTOLOME","PEDRO VICENTE MAJOLERO LOPEZ",1
"8641","JOSE LUIS RUIZ BARTOLOME","REBECA ORTEGO CONESA",1
"8642","JOSE LUIS RUIZ BARTOLOME","ROCIO MONASTERIO SAN MARTIN",3
"8643","JOSE LUIS RUIZ BARTOLOME","RUBEN SUAREZ FERNANDEZ",2
"8644","JOSE LUIS RUIZ BARTOLOME","SALOME NIETO TARRAGA",1
"8645","JOSE LUIS RUIZ BARTOLOME","SANTIAGO ABASCAL CONDE",2
"8646","JOSE LUIS RUIZ BARTOLOME","SANTIAGO RAMON CABANAS BURKHALTER",1
"8647","JOSE LUIS RUIZ BARTOLOME","SELENE MARIA DURAN SANCHEZ",1
"8648","JOSE LUIS RUIZ BARTOLOME","SONSOLES PALACIOS MORENO",1
"8649","JOSE LUIS RUIZ BARTOLOME","TERESA ANGULLO GARCIA",2
"8650","JOSE LUIS RUIZ BARTOLOME","URSULA MARIANA HERNANDEZ ZUNIGA",1
"8651","JOSE LUIS RUIZ BARTOLOME","VALENTINA DEL CAMPILLO HOLZWARTH",1
"8652","JOSE LUIS RUIZ BARTOLOME","VICTOR MANUEL ACOSTA HERNANDEZ",2
"8653","JOSE LUIS RUIZ BARTOLOME","VICTOR SANCHEZ SANCHEZ",1
"8654","JOSE LUIS RUIZ BARTOLOME","YOLANDA TORRES BRAVO",2
"8655","JOSE MANUEL FERNANDEZ TESTA","JOSE MARIA MARCO TOBARRA",1
"8656","JOSE MANUEL FERNANDEZ TESTA","MARIA BELEN GONZALEZ MORENO",1
"8657","JOSE MANUEL FERNANDEZ TESTA","MARIANO CALABUIG MARTINEZ",2
"8658","JOSE MANUEL FERNANDEZ TESTA","ROCIO MONASTERIO SAN MARTIN",3
"8659","JOSE MANUEL GRAU DELGADO","JOSE MARIA LLANOS PITARCH",1
"8660","JOSE MANUEL GRAU DELGADO","JULIA MARIA LLOPIS NOHEDA",1
"8661","JOSE MANUEL GRAU DELGADO","MARIA DE LOS ANGELES CRIADO GONZALBEZ",1
"8662","JOSE MANUEL GRAU DELGADO","MARIA DE LOS LLANOS MASSO LINARES",1
"8663","JOSE MANUEL GRAU DELGADO","MIGUEL PASCUAL PEREZ",1
"8664","JOSE MANUEL MARTIN CAMACHO","JOSE MARIA FIGAREDO ALVAREZSALA",1
"8665","JOSE MANUEL MARTIN CAMACHO","JOSE MARIA SANCHEZ GARCIA",1
"8666","JOSE MANUEL MARTIN CAMACHO","JOSE RAMIREZ DEL RIO",1
"8667","JOSE MANUEL MARTIN CAMACHO","JUAN JOSE AIZCORBE TORRA",1
"8668","JOSE MANUEL MARTIN CAMACHO","LOURDES MENDEZ MONASTERIO",1
"8669","JOSE MANUEL MARTIN CAMACHO","MANUEL MARISCAL ZABALA",1
"8670","JOSE MANUEL MARTIN CAMACHO","MARIA DE LA CABEZA RUIZ SOLAS",1
"8671","JOSE MANUEL MARTIN CAMACHO","MARIA DE LOS REYES ROMERO VILCHES",1
"8672","JOSE MANUEL MARTIN CAMACHO","MARIA JOSE RODRIGUEZ DE MILLAN PARRO",1
"8673","JOSE MANUEL MARTIN CAMACHO","MARIA MAGDALENA NEVADO DEL CAMPO",1
"8674","JOSE MANUEL MARTIN CAMACHO","MARIA TERESA LOPEZ ALVAREZ",1
"8675","JOSE MANUEL MARTIN CAMACHO","PABLO JUAN CALVO LISTE",1
"8676","JOSE MANUEL MARTIN CAMACHO","PABLO SAEZ ALONSOMUNUMER",1
"8677","JOSE MANUEL MARTIN CAMACHO","PATRICIA RUEDA PERELLO",1
"8678","JOSE MANUEL MARTIN CAMACHO","PEDRO FERNANDEZ HERNANDEZ",1
"8679","JOSE MANUEL MARTIN CAMACHO","PEDRO JESUS REQUEJO NOVOA",1
"8680","JOSE MANUEL MARTIN CAMACHO","RICARDO CHAMORRO DELMO",1
"8681","JOSE MANUEL MARTIN CAMACHO","ROCIO DE MEER MENDEZ",1
"8682","JOSE MANUEL MARTIN CAMACHO","RODRIGO JIMENEZ REVUELTA",1
"8683","JOSE MANUEL MARTIN CAMACHO","SANTIAGO ABASCAL CONDE",1
"8684","JOSE MANUEL MARTIN CAMACHO","SERGIO MACIAN DE GREEF",1
"8685","JOSE MANUEL MARTIN CAMACHO","TOMAS FERNANDEZ RIOS",1
"8686","JOSE MANUEL MARTIN CAMACHO","VICTOR GUIDO GONZALEZ COELLO DE PORTUGAL",1
"8687","JOSE MANUEL MARTIN CAMACHO","YOLANDA MERELO PALOMARES",1
"8688","JOSE MANUEL PINEIRO PEREZ","MARIA DE LA CABEZA RUIZ SOLAS",2
"8689","JOSE MANUEL PINEIRO PEREZ","MARIA DEL PILAR BAOS REVILLA",2
"8690","JOSE MANUEL PUENTE GIL","RAUL POMARES RUBIO",1
"8691","JOSE MANUEL PUENTE GIL","SOLEDAD PEREZ RUBIO",1
"8692","JOSE MARCELO AMARILLA PEREZ","JOSE MARIA SANCHEZ GARCIA",1
"8693","JOSE MARCELO AMARILLA PEREZ","JUAN JOSE AIZCORBE TORRA",1
"8694","JOSE MARCELO AMARILLA PEREZ","JUAN JOSE GARCIA GARCIA",1
"8695","JOSE MARCELO AMARILLA PEREZ","LAURA GALAN RODRIGUEZ",1
"8696","JOSE MARCELO AMARILLA PEREZ","LOURDES MENDEZ MONASTERIO",1
"8697","JOSE MARCELO AMARILLA PEREZ","MACARENA OLONA CHOCLAN",1
"8698","JOSE MARCELO AMARILLA PEREZ","MAGDALENA MARGARITA CONTESTI ROSSELLO",1
"8699","JOSE MARCELO AMARILLA PEREZ","MANUEL GONZALEZ BAZAN",1
"8700","JOSE MARCELO AMARILLA PEREZ","MANUEL MARISCAL ZABALA",1
"8701","JOSE MARCELO AMARILLA PEREZ","MANUEL MESTRE BAREA",1
"8702","JOSE MARCELO AMARILLA PEREZ","MANUEL RAFAEL RODRIGUEZ VALERO",1
"8703","JOSE MARCELO AMARILLA PEREZ","MARIA DE LA CABEZA RUIZ SOLAS",1
"8704","JOSE MARCELO AMARILLA PEREZ","MARIA DE LOS REYES ROMERO VILCHES",1
"8705","JOSE MARCELO AMARILLA PEREZ","MARIA JESUS SALVATIERRA GORDILLO",2
"8706","JOSE MARCELO AMARILLA PEREZ","MARTA ALVAREZ BARRIO",1
"8707","JOSE MARCELO AMARILLA PEREZ","MARTA GERVASIA GARRIDO MORENO",1
"8708","JOSE MARCELO AMARILLA PEREZ","MIGUEL ANGEL FERNANDEZ LOPEZ",1
"8709","JOSE MARCELO AMARILLA PEREZ","OSCAR ARTURO FERNANDEZ CALLE",1
"8710","JOSE MARCELO AMARILLA PEREZ","PABLO SAEZ ALONSOMUNUMER",1
"8711","JOSE MARCELO AMARILLA PEREZ","PATRICIA DE LAS HERAS FERNANDEZ",1
"8712","JOSE MARCELO AMARILLA PEREZ","PATRICIA RUEDA PERELLO",1
"8713","JOSE MARCELO AMARILLA PEREZ","PEDRO FERNANDEZ HERNANDEZ",1
"8714","JOSE MARCELO AMARILLA PEREZ","RICARDO CHAMORRO DELMO",1
"8715","JOSE MARCELO AMARILLA PEREZ","ROCIO DE MEER MENDEZ",1
"8716","JOSE MARCELO AMARILLA PEREZ","RUBEN SILVANO MANSO OLIVAR",1
"8717","JOSE MARCELO AMARILLA PEREZ","SANTIAGO ABASCAL CONDE",1
"8718","JOSE MARCELO AMARILLA PEREZ","SERAFIN SERRANO MARIN",1
"8719","JOSE MARCELO AMARILLA PEREZ","SONIA LUISA LALANDA SANMIGUEL",1
"8720","JOSE MARCELO AMARILLA PEREZ","VICTOR GUIDO GONZALEZ COELLO DE PORTUGAL",1
"8721","JOSE MARIA ANTON GARCIA","JOSE MARIA FIGAREDO ALVAREZSALA",1
"8722","JOSE MARIA ANTON GARCIA","JOSE MARIA SANCHEZ GARCIA",1
"8723","JOSE MARIA ANTON GARCIA","JOSE RAMIREZ DEL RIO",1
"8724","JOSE MARIA ANTON GARCIA","JUAN JOSE AIZCORBE TORRA",1
"8725","JOSE MARIA ANTON GARCIA","LOURDES MENDEZ MONASTERIO",1
"8726","JOSE MARIA ANTON GARCIA","MANUEL MARISCAL ZABALA",1
"8727","JOSE MARIA ANTON GARCIA","MARIA DE LA CABEZA RUIZ SOLAS",1
"8728","JOSE MARIA ANTON GARCIA","MARIA DE LOS REYES ROMERO VILCHES",1
"8729","JOSE MARIA ANTON GARCIA","MARIA JOSE RODRIGUEZ DE MILLAN PARRO",1
"8730","JOSE MARIA ANTON GARCIA","MARIA MAGDALENA NEVADO DEL CAMPO",1
"8731","JOSE MARIA ANTON GARCIA","MARIA TERESA LOPEZ ALVAREZ",1
"8732","JOSE MARIA ANTON GARCIA","PABLO JUAN CALVO LISTE",1
"8733","JOSE MARIA ANTON GARCIA","PABLO SAEZ ALONSOMUNUMER",1
"8734","JOSE MARIA ANTON GARCIA","PATRICIA RUEDA PERELLO",1
"8735","JOSE MARIA ANTON GARCIA","PEDRO FERNANDEZ HERNANDEZ",1
"8736","JOSE MARIA ANTON GARCIA","PEDRO JESUS REQUEJO NOVOA",1
"8737","JOSE MARIA ANTON GARCIA","RICARDO CHAMORRO DELMO",1
"8738","JOSE MARIA ANTON GARCIA","ROCIO DE MEER MENDEZ",1
"8739","JOSE MARIA ANTON GARCIA","RODRIGO JIMENEZ REVUELTA",1
"8740","JOSE MARIA ANTON GARCIA","SANTIAGO ABASCAL CONDE",1
"8741","JOSE MARIA ANTON GARCIA","SERGIO MACIAN DE GREEF",1
"8742","JOSE MARIA ANTON GARCIA","TOMAS FERNANDEZ RIOS",1
"8743","JOSE MARIA ANTON GARCIA","VICTOR GUIDO GONZALEZ COELLO DE PORTUGAL",1
"8744","JOSE MARIA ANTON GARCIA","YOLANDA MERELO PALOMARES",1
"8745","JOSE MARIA FIGAREDO ALVAREZSALA","JOSE MARIA SANCHEZ GARCIA",3
"8746","JOSE MARIA FIGAREDO ALVAREZSALA","JOSE MARIA VAZQUEZ ALVAREZ",1
"8747","JOSE MARIA FIGAREDO ALVAREZSALA","JOSE MIGUEL TASENDE SOUTO",1
"8748","JOSE MARIA FIGAREDO ALVAREZSALA","JOSE RAMIREZ DEL RIO",2
"8749","JOSE MARIA FIGAREDO ALVAREZSALA","JOSEFINA BLAZQUEZ SANCHEZ",2
"8750","JOSE MARIA FIGAREDO ALVAREZSALA","JUAN CARLOS GIRAUTA VIDAL",1
"8751","JOSE MARIA FIGAREDO ALVAREZSALA","JUAN CARLOS VICENTE MARTINEZ",1
"8752","JOSE MARIA FIGAREDO ALVAREZSALA","JUAN FRANCISCO ROJAS FERNANDEZ",1
"8753","JOSE MARIA FIGAREDO ALVAREZSALA","JUAN JOSE AIZCORBE TORRA",3
"8754","JOSE MARIA FIGAREDO ALVAREZSALA","JUAN SERGIO REDONDO PACHECO",1
"8755","JOSE MARIA FIGAREDO ALVAREZSALA","JULIO ROSADO MARTIN",1
"8756","JOSE MARIA FIGAREDO ALVAREZSALA","KATIUSKA DE LOS ANGELES GARCIA RAMIREZ",1
"8757","JOSE MARIA FIGAREDO ALVAREZSALA","LOURDES MENDEZ MONASTERIO",3
"8758","JOSE MARIA FIGAREDO ALVAREZSALA","LUIS GESTOSO DE MIGUEL",2
"8759","JOSE MARIA FIGAREDO ALVAREZSALA","MACARENA OLONA CHOCLAN",2
"8760","JOSE MARIA FIGAREDO ALVAREZSALA","MAGDALENA MARGARITA CONTESTI ROSSELLO",1
"8761","JOSE MARIA FIGAREDO ALVAREZSALA","MANUEL GONZALEZ BAZAN",2
"8762","JOSE MARIA FIGAREDO ALVAREZSALA","MANUEL JORGE MARTIN MONTERO",1
"8763","JOSE MARIA FIGAREDO ALVAREZSALA","MANUEL MARISCAL ZABALA",3
"8764","JOSE MARIA FIGAREDO ALVAREZSALA","MANUEL MESTRE BAREA",2
"8765","JOSE MARIA FIGAREDO ALVAREZSALA","MANUEL RAFAEL RODRIGUEZ VALERO",1
"8766","JOSE MARIA FIGAREDO ALVAREZSALA","MANUELA BOLADO ALCALDE",1
"8767","JOSE MARIA FIGAREDO ALVAREZSALA","MANUELA DEL MAR MARTIN IBANEZ",1
"8768","JOSE MARIA FIGAREDO ALVAREZSALA","MARGARITA DE LA PISA CARRION",1
"8769","JOSE MARIA FIGAREDO ALVAREZSALA","MARIA ARANZAZU MARTINEZ RIOLA",1
"8770","JOSE MARIA FIGAREDO ALVAREZSALA","MARIA BEATRIZ CASTILLEJO SEVILLA",1
"8771","JOSE MARIA FIGAREDO ALVAREZSALA","MARIA BELEN MANZANO SAGUAR",1
"8772","JOSE MARIA FIGAREDO ALVAREZSALA","MARIA DE LA CABEZA RUIZ SOLAS",3
"8773","JOSE MARIA FIGAREDO ALVAREZSALA","MARIA DE LA CRUZ LOZANO MARIN",1
"8774","JOSE MARIA FIGAREDO ALVAREZSALA","MARIA DE LOS REYES ROMERO VILCHES",3
"8775","JOSE MARIA FIGAREDO ALVAREZSALA","MARIA DEL PILAR BAOS REVILLA",1
"8776","JOSE MARIA FIGAREDO ALVAREZSALA","MARIA DOLORES GOMEZ MORENO",1
"8777","JOSE MARIA FIGAREDO ALVAREZSALA","MARIA DOLORES MATEO MATEOS",1
"8778","JOSE MARIA FIGAREDO ALVAREZSALA","MARIA ELISA GARCIA FUSTER",1
"8779","JOSE MARIA FIGAREDO ALVAREZSALA","MARIA GEMA ESCOLANO BERNA",1
"8780","JOSE MARIA FIGAREDO ALVAREZSALA","MARIA INES DIAZ CASAS",1
"8781","JOSE MARIA FIGAREDO ALVAREZSALA","MARIA ISABEL DOMINGUEZ POMARES",1
"8782","JOSE MARIA FIGAREDO ALVAREZSALA","MARIA ISABEL PEREZ MARTIN",1
"8783","JOSE MARIA FIGAREDO ALVAREZSALA","MARIA JOSE RODRIGUEZ DE MILLAN PARRO",1
"8784","JOSE MARIA FIGAREDO ALVAREZSALA","MARIA LOPEZ ZAMBRANO",1
"8785","JOSE MARIA FIGAREDO ALVAREZSALA","MARIA LUISA MENENDEZ MARTINEZ",1
"8786","JOSE MARIA FIGAREDO ALVAREZSALA","MARIA MAGDALENA NEVADO DEL CAMPO",2
"8787","JOSE MARIA FIGAREDO ALVAREZSALA","MARIA MAGDALENA PUENTEDURA PEREZ",1
"8788","JOSE MARIA FIGAREDO ALVAREZSALA","MARIA SUSANA JIMENEZ AIBAR",1
"8789","JOSE MARIA FIGAREDO ALVAREZSALA","MARIA TERESA ARNEDO PEREZ",1
"8790","JOSE MARIA FIGAREDO ALVAREZSALA","MARIA TERESA GARCIA DE LA ROSA JIMENEZ",1
"8791","JOSE MARIA FIGAREDO ALVAREZSALA","MARIA TERESA LOPEZ ALVAREZ",2
"8792","JOSE MARIA FIGAREDO ALVAREZSALA","MARIA TERESA LOPEZ DIVASSON",2
"8793","JOSE MARIA FIGAREDO ALVAREZSALA","MARIA VIDAL BENNASAR",1
"8794","JOSE MARIA FIGAREDO ALVAREZSALA","MARIA ZULEMA SAN JOSE SANCHEZ",1
"8795","JOSE MARIA FIGAREDO ALVAREZSALA","MARINA DABAN ALONSO",1
"8796","JOSE MARIA FIGAREDO ALVAREZSALA","MARTA ALEGRIA MARTINEZ",1
"8797","JOSE MARIA FIGAREDO ALVAREZSALA","MARTA ALVAREZ BARRIO",1
"8798","JOSE MARIA FIGAREDO ALVAREZSALA","MARTA GERVASIA GARRIDO MORENO",1
"8799","JOSE MARIA FIGAREDO ALVAREZSALA","MARTA MARTIN CUSTODIO",1
"8800","JOSE MARIA FIGAREDO ALVAREZSALA","MIGUEL ANGEL FERNANDEZ LOPEZ",2
"8801","JOSE MARIA FIGAREDO ALVAREZSALA","MIGUEL ANGEL LOPEZ FERNANDEZ",1
"8802","JOSE MARIA FIGAREDO ALVAREZSALA","MIGUEL MALDONADO CABALLERO",1
"8803","JOSE MARIA FIGAREDO ALVAREZSALA","MIREIA BORRAS PABON",2
"8804","JOSE MARIA FIGAREDO ALVAREZSALA","MONICA LORA CISQUER",2
"8805","JOSE MARIA FIGAREDO ALVAREZSALA","OLIVER SUAREZ RUBIO",1
"8806","JOSE MARIA FIGAREDO ALVAREZSALA","OLIVIA MORENO NAVAS",1
"8807","JOSE MARIA FIGAREDO ALVAREZSALA","OSCAR ARTURO FERNANDEZ CALLE",1
"8808","JOSE MARIA FIGAREDO ALVAREZSALA","PABLO JUAN CALVO LISTE",2
"8809","JOSE MARIA FIGAREDO ALVAREZSALA","PABLO PEREZ GALLARDO",1
"8810","JOSE MARIA FIGAREDO ALVAREZSALA","PABLO SAEZ ALONSOMUNUMER",3
"8811","JOSE MARIA FIGAREDO ALVAREZSALA","PALOMA GOMEZ ENRIQUEZ",1
"8812","JOSE MARIA FIGAREDO ALVAREZSALA","PATRICIA DE LAS HERAS FERNANDEZ",1
"8813","JOSE MARIA FIGAREDO ALVAREZSALA","PATRICIA ESCAMEZ MARIN",1
"8814","JOSE MARIA FIGAREDO ALVAREZSALA","PATRICIA RUEDA PERELLO",3
"8815","JOSE MARIA FIGAREDO ALVAREZSALA","PAULA DE LOS ANGELES BADANELLI BERRIOZABAL",1
"8816","JOSE MARIA FIGAREDO ALVAREZSALA","PEDRO FERNANDEZ HERNANDEZ",3
"8817","JOSE MARIA FIGAREDO ALVAREZSALA","PEDRO JESUS REQUEJO NOVOA",2
"8818","JOSE MARIA FIGAREDO ALVAREZSALA","RAFAEL RICARDO GONZALEZ GALLEGO",1
"8819","JOSE MARIA FIGAREDO ALVAREZSALA","RAFAEL SEGOVIA BROME",1
"8820","JOSE MARIA FIGAREDO ALVAREZSALA","RICARDO BELDA VALIENTE",1
"8821","JOSE MARIA FIGAREDO ALVAREZSALA","RICARDO CHAMORRO DELMO",3
"8822","JOSE MARIA FIGAREDO ALVAREZSALA","ROCIO DE MEER MENDEZ",3
"8823","JOSE MARIA FIGAREDO ALVAREZSALA","RODRIGO JIMENEZ REVUELTA",2
"8824","JOSE MARIA FIGAREDO ALVAREZSALA","RUBEN SILVANO MANSO OLIVAR",2
"8825","JOSE MARIA FIGAREDO ALVAREZSALA","SALOME NIETO TARRAGA",1
"8826","JOSE MARIA FIGAREDO ALVAREZSALA","SANTIAGO ABASCAL CONDE",3
"8827","JOSE MARIA FIGAREDO ALVAREZSALA","SARA CONCEPCION ALVAREZ ROUCO",1
"8828","JOSE MARIA FIGAREDO ALVAREZSALA","SERAFIN SERRANO MARIN",1
"8829","JOSE MARIA FIGAREDO ALVAREZSALA","SERGI FABRI LLAVERO",1
"8830","JOSE MARIA FIGAREDO ALVAREZSALA","SERGIO CHAGARTEGUI SANCHEZ",1
"8831","JOSE MARIA FIGAREDO ALVAREZSALA","SERGIO MACIAN DE GREEF",2
"8832","JOSE MARIA FIGAREDO ALVAREZSALA","SILVIA CLARA ENRIQUEZ GALLEGO",1
"8833","JOSE MARIA FIGAREDO ALVAREZSALA","SOLEDAD PEREZ RUBIO",1
"8834","JOSE MARIA FIGAREDO ALVAREZSALA","SONIA LUISA LALANDA SANMIGUEL",2
"8835","JOSE MARIA FIGAREDO ALVAREZSALA","SONSOLES PALACIOS MORENO",1
"8836","JOSE MARIA FIGAREDO ALVAREZSALA","TEODORO RAMON POZO MUNIZ",1
"8837","JOSE MARIA FIGAREDO ALVAREZSALA","TOMAS FERNANDEZ RIOS",2
"8838","JOSE MARIA FIGAREDO ALVAREZSALA","VALENTIN LOPEZ LOPEZ",1
"8839","JOSE MARIA FIGAREDO ALVAREZSALA","VICTOR GUIDO GONZALEZ COELLO DE PORTUGAL",3
"8840","JOSE MARIA FIGAREDO ALVAREZSALA","VICTOR MANUEL ACOSTA HERNANDEZ",1
"8841","JOSE MARIA FIGAREDO ALVAREZSALA","VICTOR MANUEL SANCHEZ DEL REAL",1
"8842","JOSE MARIA FIGAREDO ALVAREZSALA","VIRGINIA HUERTAS PECHUAN",1
"8843","JOSE MARIA FIGAREDO ALVAREZSALA","YOLANDA MERELO PALOMARES",1
"8844","JOSE MARIA LLANOS PITARCH","JUAN BADENAS CARPIO",1
"8845","JOSE MARIA LLANOS PITARCH","JULIA MARIA LLOPIS NOHEDA",1
"8846","JOSE MARIA LLANOS PITARCH","LAURA CARRASCO COZAR",1
"8847","JOSE MARIA LLANOS PITARCH","MARGARITA DE LA PISA CARRION",1
"8848","JOSE MARIA LLANOS PITARCH","MARGARITA SERRANO MIRA",1
"8849","JOSE MARIA LLANOS PITARCH","MARIA DE LOS ANGELES CRIADO GONZALBEZ",1
"8850","JOSE MARIA LLANOS PITARCH","MARIA DE LOS LLANOS MASSO LINARES",2
"8851","JOSE MARIA LLANOS PITARCH","MARINA DABAN ALONSO",1
"8852","JOSE MARIA LLANOS PITARCH","MARIO ORTOLA MARTINEZ",1
"8853","JOSE MARIA LLANOS PITARCH","MAZALY AGUILAR",1
"8854","JOSE MARIA LLANOS PITARCH","MIGUEL ANGEL HUERTA ASENSIO",1
"8855","JOSE MARIA LLANOS PITARCH","MIGUEL DA SILVA ORTEGA",2
"8856","JOSE MARIA LLANOS PITARCH","MIGUEL PASCUAL PEREZ",2
"8857","JOSE MARIA LLANOS PITARCH","RICARDO BELDA VALIENTE",1
"8858","JOSE MARIA LLANOS PITARCH","SERGIO PASTOR MARTINEZ",1
"8859","JOSE MARIA LLANOS PITARCH","VALENTIN LOPEZ LOPEZ",1
"8860","JOSE MARIA LLANOS PITARCH","VIRGINIA HUERTAS PECHUAN",2
"8861","JOSE MARIA MARCO TOBARRA","JOSE MARIA SANCHEZ GARCIA",1
"8862","JOSE MARIA MARCO TOBARRA","JUAN IGNACIO FERNANDEZ TOMAS",1
"8863","JOSE MARIA MARCO TOBARRA","JUAN IGNACIO PINEDA SALVADOR",1
"8864","JOSE MARIA MARCO TOBARRA","JUAN JOSE AIZCORBE TORRA",1
"8865","JOSE MARIA MARCO TOBARRA","LOURDES MENDEZ MONASTERIO",1
"8866","JOSE MARIA MARCO TOBARRA","MACARENA OLONA CHOCLAN",1
"8867","JOSE MARIA MARCO TOBARRA","MAGDALENA MARGARITA CONTESTI ROSSELLO",1
"8868","JOSE MARIA MARCO TOBARRA","MANUEL GONZALEZ BAZAN",1
"8869","JOSE MARIA MARCO TOBARRA","MANUEL MARISCAL ZABALA",1
"8870","JOSE MARIA MARCO TOBARRA","MANUEL MESTRE BAREA",1
"8871","JOSE MARIA MARCO TOBARRA","MANUEL RAFAEL RODRIGUEZ VALERO",1
"8872","JOSE MARIA MARCO TOBARRA","MARIA DE LA CABEZA RUIZ SOLAS",1
"8873","JOSE MARIA MARCO TOBARRA","MARIA DE LA O LLAMES FERNANDEZ",1
"8874","JOSE MARIA MARCO TOBARRA","MARIA DE LOS REYES ROMERO VILCHES",1
"8875","JOSE MARIA MARCO TOBARRA","MARIA TERESA LOPEZ DIVASSON",1
"8876","JOSE MARIA MARCO TOBARRA","MARIANO CALABUIG MARTINEZ",1
"8877","JOSE MARIA MARCO TOBARRA","MARTA ALVAREZ BARRIO",1
"8878","JOSE MARIA MARCO TOBARRA","MARTA IBERO DURAN",1
"8879","JOSE MARIA MARCO TOBARRA","MIGUEL ANGEL DIEZ GARCIA",1
"8880","JOSE MARIA MARCO TOBARRA","MIGUEL ANGEL FERNANDEZ LOPEZ",1
"8881","JOSE MARIA MARCO TOBARRA","PABLO SAEZ ALONSOMUNUMER",1
"8882","JOSE MARIA MARCO TOBARRA","PATRICIA DE LAS HERAS FERNANDEZ",1
"8883","JOSE MARIA MARCO TOBARRA","PATRICIA RUEDA PERELLO",1
"8884","JOSE MARIA MARCO TOBARRA","PEDRO FERNANDEZ HERNANDEZ",1
"8885","JOSE MARIA MARCO TOBARRA","PEDRO JOSE MALLEN VAZQUEZ",1
"8886","JOSE MARIA MARCO TOBARRA","RICARDO CHAMORRO DELMO",1
"8887","JOSE MARIA MARCO TOBARRA","ROCIO DE MEER MENDEZ",1
"8888","JOSE MARIA MARCO TOBARRA","ROCIO MONASTERIO SAN MARTIN",1
"8889","JOSE MARIA MARCO TOBARRA","RUBEN SILVANO MANSO OLIVAR",1
"8890","JOSE MARIA MARCO TOBARRA","SALOME NIETO TARRAGA",1
"8891","JOSE MARIA MARCO TOBARRA","SANTIAGO ABASCAL CONDE",1
"8892","JOSE MARIA MARCO TOBARRA","SERAFIN SERRANO MARIN",1
"8893","JOSE MARIA MARCO TOBARRA","SONIA LUISA LALANDA SANMIGUEL",1
"8894","JOSE MARIA MARCO TOBARRA","SONSOLES PALACIOS MORENO",1
"8895","JOSE MARIA MARCO TOBARRA","TERESA ANGULLO GARCIA",1
"8896","JOSE MARIA MARCO TOBARRA","VICTOR GUIDO GONZALEZ COELLO DE PORTUGAL",1
"8897","JOSE MARIA MARCO TOBARRA","VICTOR MANUEL CARRETERO RUFO",1
"8898","JOSE MARIA MARCO TOBARRA","VICTOR SANCHEZ SANCHEZ",1
"8899","JOSE MARIA ORTELLS POLO","JUAN JOSE BOSQUET ARIAS",1
"8900","JOSE MARIA ORTELLS POLO","JUAN JOSE COCA LOPEZ",1
"8901","JOSE MARIA ORTELLS POLO","LUCIA CUADROS ESTEVEZ",1
"8902","JOSE MARIA ORTELLS POLO","MACARENA OLONA CHOCLAN",1
"8903","JOSE MARIA ORTELLS POLO","MANUEL GAVIRA FLORENTINO",1
"8904","JOSE MARIA ORTELLS POLO","MANUEL JORGE MARTIN MONTERO",1
"8905","JOSE MARIA ORTELLS POLO","MANUELA DEL MAR MARTIN IBANEZ",1
"8906","JOSE MARIA ORTELLS POLO","MARIA ADELA VAO CANADAS",1
"8907","JOSE MARIA ORTELLS POLO","MARIA DEL CARMEN MURIEL MARQUEZ",1
"8908","JOSE MARIA ORTELLS POLO","MARIA JOSE RODRIGUEZ DE MILLAN PARRO",1
"8909","JOSE MARIA ORTELLS POLO","MARIA LOPEZ ZAMBRANO",1
"8910","JOSE MARIA ORTELLS POLO","MARIA MAGDALENA PUENTEDURA PEREZ",1
"8911","JOSE MARIA ORTELLS POLO","MARIA MERCEDES RODRIGUEZ TAMAYO",1
"8912","JOSE MARIA ORTELLS POLO","MONTSERRAT CERVANTES LLORT",1
"8913","JOSE MARIA ORTELLS POLO","PURIFICACION FERNANDEZ MORALES",1
"8914","JOSE MARIA ORTELLS POLO","RAFAEL SEGOVIA BROME",1
"8915","JOSE MARIA ORTELLS POLO","RICARDO LOPEZ OLEA",1
"8916","JOSE MARIA ORTELLS POLO","RODRIGO JAVIER ALONSO FERNANDEZ",1
"8917","JOSE MARIA ORTELLS POLO","SILVIA CLARA ENRIQUEZ GALLEGO",1
"8918","JOSE MARIA ORTELLS POLO","SOLEDAD PEREZ RUBIO",1
"8919","JOSE MARIA SANCHEZ GARCIA","JOSE MARIA VAZQUEZ ALVAREZ",1
"8920","JOSE MARIA SANCHEZ GARCIA","JOSE MIGUEL TASENDE SOUTO",2
"8921","JOSE MARIA SANCHEZ GARCIA","JOSE RAMIREZ DEL RIO",3
"8922","JOSE MARIA SANCHEZ GARCIA","JOSEFINA BLAZQUEZ SANCHEZ",2
"8923","JOSE MARIA SANCHEZ GARCIA","JUAN CARLOS VICENTE MARTINEZ",1
"8924","JOSE MARIA SANCHEZ GARCIA","JUAN FRANCISCO ROJAS FERNANDEZ",2
"8925","JOSE MARIA SANCHEZ GARCIA","JUAN IGNACIO FERNANDEZ TOMAS",1
"8926","JOSE MARIA SANCHEZ GARCIA","JUAN JOSE AIZCORBE TORRA",2
"8927","JOSE MARIA SANCHEZ GARCIA","JUAN SERGIO REDONDO PACHECO",1
"8928","JOSE MARIA SANCHEZ GARCIA","JULIO JOSE CALVO IGLESIAS",1
"8929","JOSE MARIA SANCHEZ GARCIA","JULIO ROSADO MARTIN",1
"8930","JOSE MARIA SANCHEZ GARCIA","KATIUSKA DE LOS ANGELES GARCIA RAMIREZ",1
"8931","JOSE MARIA SANCHEZ GARCIA","LAURA GALAN RODRIGUEZ",1
"8932","JOSE MARIA SANCHEZ GARCIA","LOURDES MENDEZ MONASTERIO",3
"8933","JOSE MARIA SANCHEZ GARCIA","LUIS GESTOSO DE MIGUEL",2
"8934","JOSE MARIA SANCHEZ GARCIA","MACARENA OLONA CHOCLAN",2
"8935","JOSE MARIA SANCHEZ GARCIA","MAGDALENA MARGARITA CONTESTI ROSSELLO",1
"8936","JOSE MARIA SANCHEZ GARCIA","MANUEL GONZALEZ BAZAN",1
"8937","JOSE MARIA SANCHEZ GARCIA","MANUEL MARISCAL ZABALA",3
"8938","JOSE MARIA SANCHEZ GARCIA","MANUEL MESTRE BAREA",2
"8939","JOSE MARIA SANCHEZ GARCIA","MANUEL RAFAEL RODRIGUEZ VALERO",1
"8940","JOSE MARIA SANCHEZ GARCIA","MANUELA BOLADO ALCALDE",1
"8941","JOSE MARIA SANCHEZ GARCIA","MANUELA DEL MAR MARTIN IBANEZ",1
"8942","JOSE MARIA SANCHEZ GARCIA","MARGARITA DE LA PISA CARRION",1
"8943","JOSE MARIA SANCHEZ GARCIA","MARIA ARANZAZU MARTINEZ RIOLA",1
"8944","JOSE MARIA SANCHEZ GARCIA","MARIA BEATRIZ CASTILLEJO SEVILLA",1
"8945","JOSE MARIA SANCHEZ GARCIA","MARIA BELEN MANZANO SAGUAR",1
"8946","JOSE MARIA SANCHEZ GARCIA","MARIA DE LA CABEZA RUIZ SOLAS",3
"8947","JOSE MARIA SANCHEZ GARCIA","MARIA DE LA CRUZ LOZANO MARIN",1
"8948","JOSE MARIA SANCHEZ GARCIA","MARIA DE LOS REYES ROMERO VILCHES",3
"8949","JOSE MARIA SANCHEZ GARCIA","MARIA DEL PILAR BAOS REVILLA",1
"8950","JOSE MARIA SANCHEZ GARCIA","MARIA DOLORES GOMEZ MORENO",1
"8951","JOSE MARIA SANCHEZ GARCIA","MARIA DOLORES MATEO MATEOS",1
"8952","JOSE MARIA SANCHEZ GARCIA","MARIA GEMA ESCOLANO BERNA",1
"8953","JOSE MARIA SANCHEZ GARCIA","MARIA INES DIAZ CASAS",1
"8954","JOSE MARIA SANCHEZ GARCIA","MARIA JOSE RODRIGUEZ DE MILLAN PARRO",1
"8955","JOSE MARIA SANCHEZ GARCIA","MARIA LOPEZ ZAMBRANO",1
"8956","JOSE MARIA SANCHEZ GARCIA","MARIA LUISA MENENDEZ MARTINEZ",1
"8957","JOSE MARIA SANCHEZ GARCIA","MARIA MAGDALENA NEVADO DEL CAMPO",2
"8958","JOSE MARIA SANCHEZ GARCIA","MARIA MAGDALENA PUENTEDURA PEREZ",1
"8959","JOSE MARIA SANCHEZ GARCIA","MARIA MERCEDES RODRIGUEZ TAMAYO",1
"8960","JOSE MARIA SANCHEZ GARCIA","MARIA SUSANA JIMENEZ AIBAR",1
"8961","JOSE MARIA SANCHEZ GARCIA","MARIA TERESA ARNEDO PEREZ",1
"8962","JOSE MARIA SANCHEZ GARCIA","MARIA TERESA GARCIA DE LA ROSA JIMENEZ",1
"8963","JOSE MARIA SANCHEZ GARCIA","MARIA TERESA LOPEZ ALVAREZ",1
"8964","JOSE MARIA SANCHEZ GARCIA","MARIA TERESA LOPEZ DIVASSON",2
"8965","JOSE MARIA SANCHEZ GARCIA","MARIA VIDAL BENNASAR",1
"8966","JOSE MARIA SANCHEZ GARCIA","MARIA ZULEMA SAN JOSE SANCHEZ",1
"8967","JOSE MARIA SANCHEZ GARCIA","MARINA DABAN ALONSO",1
"8968","JOSE MARIA SANCHEZ GARCIA","MARTA ALEGRIA MARTINEZ",1
"8969","JOSE MARIA SANCHEZ GARCIA","MARTA ALVAREZ BARRIO",1
"8970","JOSE MARIA SANCHEZ GARCIA","MARTA FERNANDEZ MARTIN",1
"8971","JOSE MARIA SANCHEZ GARCIA","MARTA GERVASIA GARRIDO MORENO",2
"8972","JOSE MARIA SANCHEZ GARCIA","MARTA MARTIN CUSTODIO",1
"8973","JOSE MARIA SANCHEZ GARCIA","MIGUEL ANGEL FERNANDEZ LOPEZ",1
"8974","JOSE MARIA SANCHEZ GARCIA","MIGUEL MALDONADO CABALLERO",1
"8975","JOSE MARIA SANCHEZ GARCIA","MIREIA BORRAS PABON",1
"8976","JOSE MARIA SANCHEZ GARCIA","MONICA LORA CISQUER",1
"8977","JOSE MARIA SANCHEZ GARCIA","OLIVIA MORENO NAVAS",1
"8978","JOSE MARIA SANCHEZ GARCIA","PABLO JUAN CALVO LISTE",2
"8979","JOSE MARIA SANCHEZ GARCIA","PABLO PEREZ GALLARDO",1
"8980","JOSE MARIA SANCHEZ GARCIA","PABLO SAEZ ALONSOMUNUMER",3
"8981","JOSE MARIA SANCHEZ GARCIA","PALOMA GOMEZ ENRIQUEZ",2
"8982","JOSE MARIA SANCHEZ GARCIA","PATRICIA DE LAS HERAS FERNANDEZ",1
"8983","JOSE MARIA SANCHEZ GARCIA","PATRICIA ESCAMEZ MARIN",1
"8984","JOSE MARIA SANCHEZ GARCIA","PATRICIA RUEDA PERELLO",3
"8985","JOSE MARIA SANCHEZ GARCIA","PAULA DE LOS ANGELES BADANELLI BERRIOZABAL",1
"8986","JOSE MARIA SANCHEZ GARCIA","PEDRO FERNANDEZ HERNANDEZ",3
"8987","JOSE MARIA SANCHEZ GARCIA","PEDRO JESUS REQUEJO NOVOA",2
"8988","JOSE MARIA SANCHEZ GARCIA","RAFAEL RICARDO GONZALEZ GALLEGO",1
"8989","JOSE MARIA SANCHEZ GARCIA","RAFAEL SEGOVIA BROME",1
"8990","JOSE MARIA SANCHEZ GARCIA","RAQUEL TOMAS PEDROSA",1
"8991","JOSE MARIA SANCHEZ GARCIA","RICARDO BELDA VALIENTE",1
"8992","JOSE MARIA SANCHEZ GARCIA","RICARDO CHAMORRO DELMO",3
"8993","JOSE MARIA SANCHEZ GARCIA","ROCIO DE MEER MENDEZ",3
"8994","JOSE MARIA SANCHEZ GARCIA","RODRIGO JIMENEZ REVUELTA",2
"8995","JOSE MARIA SANCHEZ GARCIA","RUBEN SILVANO MANSO OLIVAR",1
"8996","JOSE MARIA SANCHEZ GARCIA","SALOME NIETO TARRAGA",1
"8997","JOSE MARIA SANCHEZ GARCIA","SANTIAGO ABASCAL CONDE",3
"8998","JOSE MARIA SANCHEZ GARCIA","SARA CONCEPCION ALVAREZ ROUCO",1
"8999","JOSE MARIA SANCHEZ GARCIA","SERAFIN SERRANO MARIN",1
"9000","JOSE MARIA SANCHEZ GARCIA","SERGI FABRI LLAVERO",1
"9001","JOSE MARIA SANCHEZ GARCIA","SERGIO BOTONERO GALAN",1
"9002","JOSE MARIA SANCHEZ GARCIA","SERGIO CHAGARTEGUI SANCHEZ",1
"9003","JOSE MARIA SANCHEZ GARCIA","SERGIO MACIAN DE GREEF",2
"9004","JOSE MARIA SANCHEZ GARCIA","SILVIA CLARA ENRIQUEZ GALLEGO",1
"9005","JOSE MARIA SANCHEZ GARCIA","SOLEDAD PEREZ RUBIO",1
"9006","JOSE MARIA SANCHEZ GARCIA","SONIA LUISA LALANDA SANMIGUEL",1
"9007","JOSE MARIA SANCHEZ GARCIA","SONSOLES PALACIOS MORENO",1
"9008","JOSE MARIA SANCHEZ GARCIA","TEODORO RAMON POZO MUNIZ",1
"9009","JOSE MARIA SANCHEZ GARCIA","TOMAS FERNANDEZ RIOS",2
"9010","JOSE MARIA SANCHEZ GARCIA","VALENTIN LOPEZ LOPEZ",1
"9011","JOSE MARIA SANCHEZ GARCIA","VICTOR GUIDO GONZALEZ COELLO DE PORTUGAL",2
"9012","JOSE MARIA SANCHEZ GARCIA","VICTOR MANUEL ACOSTA HERNANDEZ",1
"9013","JOSE MARIA SANCHEZ GARCIA","VICTOR MANUEL SANCHEZ DEL REAL",2
"9014","JOSE MARIA SANCHEZ GARCIA","VIRGINIA HUERTAS PECHUAN",1
"9015","JOSE MARIA SANCHEZ GARCIA","YOLANDA MERELO PALOMARES",2
"9016","JOSE MARIA VAZQUEZ ALVAREZ","JOSE RAMIREZ DEL RIO",1
"9017","JOSE MARIA VAZQUEZ ALVAREZ","JOSEFINA BLAZQUEZ SANCHEZ",1
"9018","JOSE MARIA VAZQUEZ ALVAREZ","JUAN JOSE AIZCORBE TORRA",1
"9019","JOSE MARIA VAZQUEZ ALVAREZ","LOURDES MENDEZ MONASTERIO",1
"9020","JOSE MARIA VAZQUEZ ALVAREZ","LUIS GESTOSO DE MIGUEL",1
"9021","JOSE MARIA VAZQUEZ ALVAREZ","MACARENA OLONA CHOCLAN",1
"9022","JOSE MARIA VAZQUEZ ALVAREZ","MANUEL GONZALEZ BAZAN",1
"9023","JOSE MARIA VAZQUEZ ALVAREZ","MANUEL JORGE MARTIN MONTERO",1
"9024","JOSE MARIA VAZQUEZ ALVAREZ","MANUEL MARISCAL ZABALA",1
"9025","JOSE MARIA VAZQUEZ ALVAREZ","MANUEL MESTRE BAREA",1
"9026","JOSE MARIA VAZQUEZ ALVAREZ","MARIA DE LA CABEZA RUIZ SOLAS",1
"9027","JOSE MARIA VAZQUEZ ALVAREZ","MARIA DE LOS REYES ROMERO VILCHES",1
"9028","JOSE MARIA VAZQUEZ ALVAREZ","MARIA DOLORES GOMEZ MORENO",1
"9029","JOSE MARIA VAZQUEZ ALVAREZ","MARIA ELISA GARCIA FUSTER",1
"9030","JOSE MARIA VAZQUEZ ALVAREZ","MARIA ISABEL DOMINGUEZ POMARES",1
"9031","JOSE MARIA VAZQUEZ ALVAREZ","MARIA ISABEL PEREZ MARTIN",1
"9032","JOSE MARIA VAZQUEZ ALVAREZ","MARIA MAGDALENA NEVADO DEL CAMPO",1
"9033","JOSE MARIA VAZQUEZ ALVAREZ","MARIA TERESA ARNEDO PEREZ",1
"9034","JOSE MARIA VAZQUEZ ALVAREZ","MARIA TERESA LOPEZ ALVAREZ",1
"9035","JOSE MARIA VAZQUEZ ALVAREZ","MARIA TERESA LOPEZ DIVASSON",1
"9036","JOSE MARIA VAZQUEZ ALVAREZ","MIGUEL ANGEL FERNANDEZ LOPEZ",1
"9037","JOSE MARIA VAZQUEZ ALVAREZ","MIGUEL ANGEL LOPEZ FERNANDEZ",1
"9038","JOSE MARIA VAZQUEZ ALVAREZ","MIREIA BORRAS PABON",1
"9039","JOSE MARIA VAZQUEZ ALVAREZ","MONICA LORA CISQUER",1
"9040","JOSE MARIA VAZQUEZ ALVAREZ","OSCAR ARTURO FERNANDEZ CALLE",1
"9041","JOSE MARIA VAZQUEZ ALVAREZ","PABLO JUAN CALVO LISTE",1
"9042","JOSE MARIA VAZQUEZ ALVAREZ","PABLO SAEZ ALONSOMUNUMER",1
"9043","JOSE MARIA VAZQUEZ ALVAREZ","PATRICIA RUEDA PERELLO",1
"9044","JOSE MARIA VAZQUEZ ALVAREZ","PEDRO FERNANDEZ HERNANDEZ",1
"9045","JOSE MARIA VAZQUEZ ALVAREZ","PEDRO JESUS REQUEJO NOVOA",1
"9046","JOSE MARIA VAZQUEZ ALVAREZ","RICARDO BELDA VALIENTE",1
"9047","JOSE MARIA VAZQUEZ ALVAREZ","RICARDO CHAMORRO DELMO",1
"9048","JOSE MARIA VAZQUEZ ALVAREZ","ROCIO DE MEER MENDEZ",1
"9049","JOSE MARIA VAZQUEZ ALVAREZ","RODRIGO JIMENEZ REVUELTA",1
"9050","JOSE MARIA VAZQUEZ ALVAREZ","RUBEN SILVANO MANSO OLIVAR",1
"9051","JOSE MARIA VAZQUEZ ALVAREZ","SANTIAGO ABASCAL CONDE",1
"9052","JOSE MARIA VAZQUEZ ALVAREZ","SERGIO MACIAN DE GREEF",1
"9053","JOSE MARIA VAZQUEZ ALVAREZ","SONIA LUISA LALANDA SANMIGUEL",1
"9054","JOSE MARIA VAZQUEZ ALVAREZ","TOMAS FERNANDEZ RIOS",1
"9055","JOSE MARIA VAZQUEZ ALVAREZ","VICTOR GUIDO GONZALEZ COELLO DE PORTUGAL",1
"9056","JOSE MARIA VAZQUEZ ALVAREZ","VICTOR MANUEL SANCHEZ DEL REAL",1
"9057","JOSE MARTINEZ GARCIA","MARIA CARMEN MENDUINA GARCIA",1
"9058","JOSE MIGUEL GONZALEZ JIMENEZ","JOSE OLMOS GARLITO",1
"9059","JOSE MIGUEL GONZALEZ JIMENEZ","MARIANO CALABUIG MARTINEZ",1
"9060","JOSE MIGUEL GONZALEZ JIMENEZ","ROCIO MONASTERIO SAN MARTIN",1
"9061","JOSE MIGUEL TASENDE SOUTO","JOSE RAMIREZ DEL RIO",1
"9062","JOSE MIGUEL TASENDE SOUTO","JUAN JOSE AIZCORBE TORRA",2
"9063","JOSE MIGUEL TASENDE SOUTO","LOURDES MENDEZ MONASTERIO",2
"9064","JOSE MIGUEL TASENDE SOUTO","MACARENA OLONA CHOCLAN",1
"9065","JOSE MIGUEL TASENDE SOUTO","MAGDALENA MARGARITA CONTESTI ROSSELLO",1
"9066","JOSE MIGUEL TASENDE SOUTO","MANUEL GONZALEZ BAZAN",1
"9067","JOSE MIGUEL TASENDE SOUTO","MANUEL MARISCAL ZABALA",2
"9068","JOSE MIGUEL TASENDE SOUTO","MANUEL MESTRE BAREA",1
"9069","JOSE MIGUEL TASENDE SOUTO","MANUEL RAFAEL RODRIGUEZ VALERO",1
"9070","JOSE MIGUEL TASENDE SOUTO","MARGARITA DE LA PISA CARRION",1
"9071","JOSE MIGUEL TASENDE SOUTO","MARIA DE LA CABEZA RUIZ SOLAS",2
"9072","JOSE MIGUEL TASENDE SOUTO","MARIA DE LOS REYES ROMERO VILCHES",2
"9073","JOSE MIGUEL TASENDE SOUTO","MARIA JOSE RODRIGUEZ DE MILLAN PARRO",1
"9074","JOSE MIGUEL TASENDE SOUTO","MARIA MAGDALENA NEVADO DEL CAMPO",1
"9075","JOSE MIGUEL TASENDE SOUTO","MARIA TERESA LOPEZ ALVAREZ",1
"9076","JOSE MIGUEL TASENDE SOUTO","MARTA ALVAREZ BARRIO",1
"9077","JOSE MIGUEL TASENDE SOUTO","MAZALY AGUILAR",1
"9078","JOSE MIGUEL TASENDE SOUTO","MIGUEL ANGEL FERNANDEZ LOPEZ",1
"9079","JOSE MIGUEL TASENDE SOUTO","PABLO JUAN CALVO LISTE",1
"9080","JOSE MIGUEL TASENDE SOUTO","PABLO SAEZ ALONSOMUNUMER",2
"9081","JOSE MIGUEL TASENDE SOUTO","PATRICIA DE LAS HERAS FERNANDEZ",1
"9082","JOSE MIGUEL TASENDE SOUTO","PATRICIA RUEDA PERELLO",2
"9083","JOSE MIGUEL TASENDE SOUTO","PEDRO FERNANDEZ HERNANDEZ",2
"9084","JOSE MIGUEL TASENDE SOUTO","PEDRO JESUS REQUEJO NOVOA",1
"9085","JOSE MIGUEL TASENDE SOUTO","RICARDO CHAMORRO DELMO",2
"9086","JOSE MIGUEL TASENDE SOUTO","ROCIO DE MEER MENDEZ",2
"9087","JOSE MIGUEL TASENDE SOUTO","RODRIGO JIMENEZ REVUELTA",1
"9088","JOSE MIGUEL TASENDE SOUTO","RUBEN SILVANO MANSO OLIVAR",1
"9089","JOSE MIGUEL TASENDE SOUTO","SANTIAGO ABASCAL CONDE",2
"9090","JOSE MIGUEL TASENDE SOUTO","SERAFIN SERRANO MARIN",1
"9091","JOSE MIGUEL TASENDE SOUTO","SERGIO MACIAN DE GREEF",1
"9092","JOSE MIGUEL TASENDE SOUTO","SONIA LUISA LALANDA SANMIGUEL",1
"9093","JOSE MIGUEL TASENDE SOUTO","TOMAS FERNANDEZ RIOS",1
"9094","JOSE MIGUEL TASENDE SOUTO","VICTOR GUIDO GONZALEZ COELLO DE PORTUGAL",2
"9095","JOSE MIGUEL TASENDE SOUTO","YOLANDA MERELO PALOMARES",1
"9096","JOSE RAMIREZ DEL RIO","JOSEFINA BLAZQUEZ SANCHEZ",2
"9097","JOSE RAMIREZ DEL RIO","JUAN CARLOS VICENTE MARTINEZ",1
"9098","JOSE RAMIREZ DEL RIO","JUAN FRANCISCO ROJAS FERNANDEZ",1
"9099","JOSE RAMIREZ DEL RIO","JUAN JOSE AIZCORBE TORRA",3
"9100","JOSE RAMIREZ DEL RIO","JUAN SERGIO REDONDO PACHECO",1
"9101","JOSE RAMIREZ DEL RIO","JULIO ROSADO MARTIN",1
"9102","JOSE RAMIREZ DEL RIO","KATIUSKA DE LOS ANGELES GARCIA RAMIREZ",1
"9103","JOSE RAMIREZ DEL RIO","LOURDES MENDEZ MONASTERIO",3
"9104","JOSE RAMIREZ DEL RIO","LUIS GESTOSO DE MIGUEL",2
"9105","JOSE RAMIREZ DEL RIO","LUZ BELINDA RODRIGUEZ FERNANDEZ",1
"9106","JOSE RAMIREZ DEL RIO","MACARENA OLONA CHOCLAN",2
"9107","JOSE RAMIREZ DEL RIO","MAGDALENA MARGARITA CONTESTI ROSSELLO",1
"9108","JOSE RAMIREZ DEL RIO","MANUEL GONZALEZ BAZAN",2
"9109","JOSE RAMIREZ DEL RIO","MANUEL JORGE MARTIN MONTERO",1
"9110","JOSE RAMIREZ DEL RIO","MANUEL MARISCAL ZABALA",3
"9111","JOSE RAMIREZ DEL RIO","MANUEL MESTRE BAREA",2
"9112","JOSE RAMIREZ DEL RIO","MANUEL RAFAEL RODRIGUEZ VALERO",1
"9113","JOSE RAMIREZ DEL RIO","MANUELA BOLADO ALCALDE",1
"9114","JOSE RAMIREZ DEL RIO","MANUELA DEL MAR MARTIN IBANEZ",1
"9115","JOSE RAMIREZ DEL RIO","MARIA ARANZAZU MARTINEZ RIOLA",1
"9116","JOSE RAMIREZ DEL RIO","MARIA BEATRIZ CASTILLEJO SEVILLA",1
"9117","JOSE RAMIREZ DEL RIO","MARIA BELEN MANZANO SAGUAR",1
"9118","JOSE RAMIREZ DEL RIO","MARIA DE LA CABEZA RUIZ SOLAS",3
"9119","JOSE RAMIREZ DEL RIO","MARIA DE LA CRUZ LOZANO MARIN",1
"9120","JOSE RAMIREZ DEL RIO","MARIA DE LOS REYES ROMERO VILCHES",3
"9121","JOSE RAMIREZ DEL RIO","MARIA DEL PILAR BAOS REVILLA",1
"9122","JOSE RAMIREZ DEL RIO","MARIA DOLORES GOMEZ MORENO",1
"9123","JOSE RAMIREZ DEL RIO","MARIA DOLORES MATEO MATEOS",1
"9124","JOSE RAMIREZ DEL RIO","MARIA ELISA GARCIA FUSTER",1
"9125","JOSE RAMIREZ DEL RIO","MARIA GEMA ESCOLANO BERNA",1
"9126","JOSE RAMIREZ DEL RIO","MARIA INES DIAZ CASAS",1
"9127","JOSE RAMIREZ DEL RIO","MARIA ISABEL DOMINGUEZ POMARES",1
"9128","JOSE RAMIREZ DEL RIO","MARIA ISABEL PEREZ MARTIN",1
"9129","JOSE RAMIREZ DEL RIO","MARIA JOSE RODRIGUEZ DE MILLAN PARRO",1
"9130","JOSE RAMIREZ DEL RIO","MARIA LOPEZ ZAMBRANO",1
"9131","JOSE RAMIREZ DEL RIO","MARIA LUISA MENENDEZ MARTINEZ",1
"9132","JOSE RAMIREZ DEL RIO","MARIA MAGDALENA NEVADO DEL CAMPO",2
"9133","JOSE RAMIREZ DEL RIO","MARIA MAGDALENA PUENTEDURA PEREZ",1
"9134","JOSE RAMIREZ DEL RIO","MARIA SUSANA JIMENEZ AIBAR",1
"9135","JOSE RAMIREZ DEL RIO","MARIA TERESA ARNEDO PEREZ",1
"9136","JOSE RAMIREZ DEL RIO","MARIA TERESA GARCIA DE LA ROSA JIMENEZ",1
"9137","JOSE RAMIREZ DEL RIO","MARIA TERESA LOPEZ ALVAREZ",2
"9138","JOSE RAMIREZ DEL RIO","MARIA TERESA LOPEZ DIVASSON",2
"9139","JOSE RAMIREZ DEL RIO","MARIA VIDAL BENNASAR",1
"9140","JOSE RAMIREZ DEL RIO","MARIA ZULEMA SAN JOSE SANCHEZ",1
"9141","JOSE RAMIREZ DEL RIO","MARINA DABAN ALONSO",1
"9142","JOSE RAMIREZ DEL RIO","MARTA ALEGRIA MARTINEZ",1
"9143","JOSE RAMIREZ DEL RIO","MARTA ALVAREZ BARRIO",1
"9144","JOSE RAMIREZ DEL RIO","MARTA GERVASIA GARRIDO MORENO",1
"9145","JOSE RAMIREZ DEL RIO","MARTA MARTIN CUSTODIO",1
"9146","JOSE RAMIREZ DEL RIO","MIGUEL ANGEL FERNANDEZ LOPEZ",2
"9147","JOSE RAMIREZ DEL RIO","MIGUEL ANGEL LOPEZ FERNANDEZ",1
"9148","JOSE RAMIREZ DEL RIO","MIGUEL MALDONADO CABALLERO",1
"9149","JOSE RAMIREZ DEL RIO","MIREIA BORRAS PABON",1
"9150","JOSE RAMIREZ DEL RIO","MONICA LORA CISQUER",2
"9151","JOSE RAMIREZ DEL RIO","OLIVIA MORENO NAVAS",1
"9152","JOSE RAMIREZ DEL RIO","OSCAR ARTURO FERNANDEZ CALLE",1
"9153","JOSE RAMIREZ DEL RIO","PABLO JUAN CALVO LISTE",2
"9154","JOSE RAMIREZ DEL RIO","PABLO PEREZ GALLARDO",1
"9155","JOSE RAMIREZ DEL RIO","PABLO SAEZ ALONSOMUNUMER",3
"9156","JOSE RAMIREZ DEL RIO","PALOMA GOMEZ ENRIQUEZ",1
"9157","JOSE RAMIREZ DEL RIO","PATRICIA DE LAS HERAS FERNANDEZ",1
"9158","JOSE RAMIREZ DEL RIO","PATRICIA ESCAMEZ MARIN",1
"9159","JOSE RAMIREZ DEL RIO","PATRICIA RUEDA PERELLO",3
"9160","JOSE RAMIREZ DEL RIO","PAULA DE LOS ANGELES BADANELLI BERRIOZABAL",1
"9161","JOSE RAMIREZ DEL RIO","PEDRO FERNANDEZ HERNANDEZ",3
"9162","JOSE RAMIREZ DEL RIO","PEDRO JESUS REQUEJO NOVOA",2
"9163","JOSE RAMIREZ DEL RIO","RAFAEL RICARDO GONZALEZ GALLEGO",1
"9164","JOSE RAMIREZ DEL RIO","RAFAEL SEGOVIA BROME",1
"9165","JOSE RAMIREZ DEL RIO","RICARDO BELDA VALIENTE",1
"9166","JOSE RAMIREZ DEL RIO","RICARDO CHAMORRO DELMO",3
"9167","JOSE RAMIREZ DEL RIO","ROCIO DE MEER MENDEZ",3
"9168","JOSE RAMIREZ DEL RIO","RODRIGO JIMENEZ REVUELTA",2
"9169","JOSE RAMIREZ DEL RIO","RUBEN SILVANO MANSO OLIVAR",2
"9170","JOSE RAMIREZ DEL RIO","SALOME NIETO TARRAGA",1
"9171","JOSE RAMIREZ DEL RIO","SANTIAGO ABASCAL CONDE",3
"9172","JOSE RAMIREZ DEL RIO","SERAFIN SERRANO MARIN",1
"9173","JOSE RAMIREZ DEL RIO","SERGI FABRI LLAVERO",1
"9174","JOSE RAMIREZ DEL RIO","SERGIO CHAGARTEGUI SANCHEZ",1
"9175","JOSE RAMIREZ DEL RIO","SERGIO MACIAN DE GREEF",2
"9176","JOSE RAMIREZ DEL RIO","SILVIA CLARA ENRIQUEZ GALLEGO",1
"9177","JOSE RAMIREZ DEL RIO","SOLEDAD PEREZ RUBIO",1
"9178","JOSE RAMIREZ DEL RIO","SONIA LUISA LALANDA SANMIGUEL",2
"9179","JOSE RAMIREZ DEL RIO","SONSOLES PALACIOS MORENO",1
"9180","JOSE RAMIREZ DEL RIO","TEODORO RAMON POZO MUNIZ",1
"9181","JOSE RAMIREZ DEL RIO","TOMAS FERNANDEZ RIOS",2
"9182","JOSE RAMIREZ DEL RIO","VALENTIN LOPEZ LOPEZ",1
"9183","JOSE RAMIREZ DEL RIO","VICTOR GUIDO GONZALEZ COELLO DE PORTUGAL",3
"9184","JOSE RAMIREZ DEL RIO","VICTOR MANUEL ACOSTA HERNANDEZ",1
"9185","JOSE RAMIREZ DEL RIO","VICTOR MANUEL SANCHEZ DEL REAL",1
"9186","JOSE RAMIREZ DEL RIO","VIRGINIA HUERTAS PECHUAN",1
"9187","JOSE RAMIREZ DEL RIO","YOLANDA MERELO PALOMARES",1
"9188","JOSE RODRIGUEZ CUADRADO","MARIA BELEN GONZALEZ MORENO",1
"9189","JOSE RODRIGUEZ CUADRADO","MARIANO CALABUIG MARTINEZ",1
"9190","JOSE RODRIGUEZ CUADRADO","PABLO PEREZ GALLARDO",1
"9191","JOSE RODRIGUEZ CUADRADO","ROCIO MONASTERIO SAN MARTIN",2
"9192","JOSE RODRIGUEZ CUADRADO","VALENTINA DEL CAMPILLO HOLZWARTH",1
"9193","JOSE ROMERO BAENA","JUAN CARLOS VICENTE MARTINEZ",1
"9194","JOSE ROMERO BAENA","MARIA JOSE FERNANDEZ GARCIA",1
"9195","JOSE ROMERO BAENA","MARIANO CALABUIG MARTINEZ",1
"9196","JOSE ROMERO BAENA","ROCIO MONASTERIO SAN MARTIN",1
"9197","JOSE VICENTE GOSALBEZ PAYA","JUAN BADENAS CARPIO",1
"9198","JOSEFA GUILLEN ROCA","MARIA MERCEDES MERONO MARIN",1
"9199","JOSEFINA BLAZQUEZ SANCHEZ","JUAN JOSE AIZCORBE TORRA",2
"9200","JOSEFINA BLAZQUEZ SANCHEZ","LOURDES MENDEZ MONASTERIO",3
"9201","JOSEFINA BLAZQUEZ SANCHEZ","MACARENA OLONA CHOCLAN",2
"9202","JOSEFINA BLAZQUEZ SANCHEZ","MAGDALENA MARGARITA CONTESTI ROSSELLO",1
"9203","JOSEFINA BLAZQUEZ SANCHEZ","MANUEL GONZALEZ BAZAN",1
"9204","JOSEFINA BLAZQUEZ SANCHEZ","MANUEL MARISCAL ZABALA",4
"9205","JOSEFINA BLAZQUEZ SANCHEZ","MANUEL MESTRE BAREA",2
"9206","JOSEFINA BLAZQUEZ SANCHEZ","MANUEL RAFAEL RODRIGUEZ VALERO",1
"9207","JOSEFINA BLAZQUEZ SANCHEZ","MARIA DE LA CABEZA RUIZ SOLAS",3
"9208","JOSEFINA BLAZQUEZ SANCHEZ","MARIA DE LOS REYES ROMERO VILCHES",3
"9209","JOSEFINA BLAZQUEZ SANCHEZ","MARIA JOSE RODRIGUEZ DE MILLAN PARRO",1
"9210","JOSEFINA BLAZQUEZ SANCHEZ","MARIA MAGDALENA NEVADO DEL CAMPO",1
"9211","JOSEFINA BLAZQUEZ SANCHEZ","MARIA TERESA LOPEZ ALVAREZ",1
"9212","JOSEFINA BLAZQUEZ SANCHEZ","MARTA ALVAREZ BARRIO",1
"9213","JOSEFINA BLAZQUEZ SANCHEZ","MIGUEL ANGEL FERNANDEZ LOPEZ",1
"9214","JOSEFINA BLAZQUEZ SANCHEZ","PABLO JUAN CALVO LISTE",1
"9215","JOSEFINA BLAZQUEZ SANCHEZ","PABLO SAEZ ALONSOMUNUMER",3
"9216","JOSEFINA BLAZQUEZ SANCHEZ","PATRICIA DE LAS HERAS FERNANDEZ",1
"9217","JOSEFINA BLAZQUEZ SANCHEZ","PATRICIA RUEDA PERELLO",3
"9218","JOSEFINA BLAZQUEZ SANCHEZ","PEDRO FERNANDEZ HERNANDEZ",3
"9219","JOSEFINA BLAZQUEZ SANCHEZ","PEDRO JESUS REQUEJO NOVOA",1
"9220","JOSEFINA BLAZQUEZ SANCHEZ","RICARDO CHAMORRO DELMO",3
"9221","JOSEFINA BLAZQUEZ SANCHEZ","ROCIO DE MEER MENDEZ",3
"9222","JOSEFINA BLAZQUEZ SANCHEZ","RODRIGO JIMENEZ REVUELTA",1
"9223","JOSEFINA BLAZQUEZ SANCHEZ","RUBEN SILVANO MANSO OLIVAR",1
"9224","JOSEFINA BLAZQUEZ SANCHEZ","SANTIAGO ABASCAL CONDE",3
"9225","JOSEFINA BLAZQUEZ SANCHEZ","SERAFIN SERRANO MARIN",1
"9226","JOSEFINA BLAZQUEZ SANCHEZ","SERGIO MACIAN DE GREEF",1
"9227","JOSEFINA BLAZQUEZ SANCHEZ","SONIA LUISA LALANDA SANMIGUEL",1
"9228","JOSEFINA BLAZQUEZ SANCHEZ","TOMAS FERNANDEZ RIOS",1
"9229","JOSEFINA BLAZQUEZ SANCHEZ","VICTOR GUIDO GONZALEZ COELLO DE PORTUGAL",2
"9230","JOSEFINA BLAZQUEZ SANCHEZ","VICTOR MANUEL SANCHEZ DEL REAL",1
"9231","JOSEFINA BLAZQUEZ SANCHEZ","YOLANDA MERELO PALOMARES",1
"9232","JUAN ANTONIO PRADOS MORENO","JUAN JOSE BOSQUET ARIAS",1
"9233","JUAN ANTONIO PRADOS MORENO","MONTSERRAT CERVANTES LLORT",1
"9234","JUAN BADENAS CARPIO","JULIA MARIA LLOPIS NOHEDA",1
"9235","JUAN BADENAS CARPIO","MARIA DE LOS ANGELES CRIADO GONZALBEZ",1
"9236","JUAN BADENAS CARPIO","MARIA DE LOS LLANOS MASSO LINARES",1
"9237","JUAN BADENAS CARPIO","MIGUEL PASCUAL PEREZ",1
"9238","JUAN CARLOS CASTRO ROBLES","MARIA ADELA VAO CANADAS",1
"9239","JUAN CARLOS GIRAUTA VIDAL","MARGARITA DE LA PISA CARRION",1
"9240","JUAN CARLOS GIRAUTA VIDAL","MARIA AMAYA MARTINEZ GRISALENA",1
"9241","JUAN CARLOS GIRAUTA VIDAL","MARIA DE LA CABEZA RUIZ SOLAS",1
"9242","JUAN CARLOS GIRAUTA VIDAL","MARIA DE LOS LLANOS MASSO LINARES",1
"9243","JUAN CARLOS GIRAUTA VIDAL","MARIA JOSE VERDU TORRES",1
"9244","JUAN CARLOS GIRAUTA VIDAL","MARIA SUSANA JIMENEZ AIBAR",1
"9245","JUAN CARLOS GIRAUTA VIDAL","MARIA TERESA NOSTI IZQUIERDO",1
"9246","JUAN CARLOS GIRAUTA VIDAL","MARTA FERNANDEZ MARTIN",1
"9247","JUAN CARLOS GIRAUTA VIDAL","MIREIA BORRAS PABON",1
"9248","JUAN CARLOS GIRAUTA VIDAL","MONICA LORA CISQUER",1
"9249","JUAN CARLOS GIRAUTA VIDAL","PATRICIA DE LAS HERAS FERNANDEZ",1
"9250","JUAN CARLOS GIRAUTA VIDAL","SALOME NIETO TARRAGA",1
"9251","JUAN CARLOS GIRAUTA VIDAL","SERGIO MACIAN DE GREEF",1
"9252","JUAN CARLOS VICENTE MARTINEZ","JUAN JOSE AIZCORBE TORRA",1
"9253","JUAN CARLOS VICENTE MARTINEZ","LOURDES MENDEZ MONASTERIO",1
"9254","JUAN CARLOS VICENTE MARTINEZ","MANUEL MARISCAL ZABALA",1
"9255","JUAN CARLOS VICENTE MARTINEZ","MARIA BELEN GONZALEZ MORENO",1
"9256","JUAN CARLOS VICENTE MARTINEZ","MARIA DE LA CABEZA RUIZ SOLAS",1
"9257","JUAN CARLOS VICENTE MARTINEZ","MARIA DE LOS REYES ROMERO VILCHES",1
"9258","JUAN CARLOS VICENTE MARTINEZ","MARIA JOSE FERNANDEZ GARCIA",1
"9259","JUAN CARLOS VICENTE MARTINEZ","MARIA JOSE RODRIGUEZ DE MILLAN PARRO",1
"9260","JUAN CARLOS VICENTE MARTINEZ","MARIA MAGDALENA NEVADO DEL CAMPO",1
"9261","JUAN CARLOS VICENTE MARTINEZ","MARIA TERESA LOPEZ ALVAREZ",1
"9262","JUAN CARLOS VICENTE MARTINEZ","MARIANO CALABUIG MARTINEZ",1
"9263","JUAN CARLOS VICENTE MARTINEZ","PABLO JUAN CALVO LISTE",1
"9264","JUAN CARLOS VICENTE MARTINEZ","PABLO SAEZ ALONSOMUNUMER",1
"9265","JUAN CARLOS VICENTE MARTINEZ","PATRICIA RUEDA PERELLO",1
"9266","JUAN CARLOS VICENTE MARTINEZ","PEDRO FERNANDEZ HERNANDEZ",1
"9267","JUAN CARLOS VICENTE MARTINEZ","PEDRO JESUS REQUEJO NOVOA",1
"9268","JUAN CARLOS VICENTE MARTINEZ","RICARDO CHAMORRO DELMO",1
"9269","JUAN CARLOS VICENTE MARTINEZ","ROCIO DE MEER MENDEZ",1
"9270","JUAN CARLOS VICENTE MARTINEZ","ROCIO MONASTERIO SAN MARTIN",2
"9271","JUAN CARLOS VICENTE MARTINEZ","RODRIGO JIMENEZ REVUELTA",1
"9272","JUAN CARLOS VICENTE MARTINEZ","SANTIAGO ABASCAL CONDE",1
"9273","JUAN CARLOS VICENTE MARTINEZ","SERGIO MACIAN DE GREEF",1
"9274","JUAN CARLOS VICENTE MARTINEZ","TOMAS FERNANDEZ RIOS",1
"9275","JUAN CARLOS VICENTE MARTINEZ","VICTOR GUIDO GONZALEZ COELLO DE PORTUGAL",1
"9276","JUAN CARLOS VICENTE MARTINEZ","YOLANDA MERELO PALOMARES",1
"9277","JUAN DE LA CRUZ GARRIGA DOMENECH","MANUEL JESUS ACOSTA ELIAS",1
"9278","JUAN DE LA CRUZ GARRIGA DOMENECH","MARIA ELISA GARCIA FUSTER",1
"9279","JUAN DE LA CRUZ GARRIGA DOMENECH","MONICA LORA CISQUER",1
"9280","JUAN DE LA CRUZ GARRIGA DOMENECH","SERGI FABRI LLAVERO",1
"9281","JUAN DE LA CRUZ GARRIGA DOMENECH","SERGIO MACIAN DE GREEF",1
"9282","JUAN FRANCISCO ROJAS FERNANDEZ","JUAN JOSE AIZCORBE TORRA",2
"9283","JUAN FRANCISCO ROJAS FERNANDEZ","JUAN JOSE COCA LOPEZ",1
"9284","JUAN FRANCISCO ROJAS FERNANDEZ","LOURDES MENDEZ MONASTERIO",2
"9285","JUAN FRANCISCO ROJAS FERNANDEZ","LUZ BELINDA RODRIGUEZ FERNANDEZ",1
"9286","JUAN FRANCISCO ROJAS FERNANDEZ","MACARENA OLONA CHOCLAN",1
"9287","JUAN FRANCISCO ROJAS FERNANDEZ","MAGDALENA MARGARITA CONTESTI ROSSELLO",1
"9288","JUAN FRANCISCO ROJAS FERNANDEZ","MANUEL GAVIRA FLORENTINO",1
"9289","JUAN FRANCISCO ROJAS FERNANDEZ","MANUEL GONZALEZ BAZAN",1
"9290","JUAN FRANCISCO ROJAS FERNANDEZ","MANUEL MARISCAL ZABALA",2
"9291","JUAN FRANCISCO ROJAS FERNANDEZ","MANUEL MESTRE BAREA",1
"9292","JUAN FRANCISCO ROJAS FERNANDEZ","MANUEL RAFAEL RODRIGUEZ VALERO",1
"9293","JUAN FRANCISCO ROJAS FERNANDEZ","MANUELA DEL MAR MARTIN IBANEZ",1
"9294","JUAN FRANCISCO ROJAS FERNANDEZ","MARIA CRISTINA PELAEZ IZQUIERDO",1
"9295","JUAN FRANCISCO ROJAS FERNANDEZ","MARIA DE LA CABEZA RUIZ SOLAS",2
"9296","JUAN FRANCISCO ROJAS FERNANDEZ","MARIA DE LOS REYES ROMERO VILCHES",2
"9297","JUAN FRANCISCO ROJAS FERNANDEZ","MARIA GORETTI EIBERLE SANCHEZ DE TOCA",1
"9298","JUAN FRANCISCO ROJAS FERNANDEZ","MARIA JOSE RODRIGUEZ DE MILLAN PARRO",1
"9299","JUAN FRANCISCO ROJAS FERNANDEZ","MARIA MAGDALENA NEVADO DEL CAMPO",1
"9300","JUAN FRANCISCO ROJAS FERNANDEZ","MARIA TERESA LOPEZ ALVAREZ",1
"9301","JUAN FRANCISCO ROJAS FERNANDEZ","MARTA ALVAREZ BARRIO",1
"9302","JUAN FRANCISCO ROJAS FERNANDEZ","MIGUEL ANGEL FERNANDEZ LOPEZ",1
"9303","JUAN FRANCISCO ROJAS FERNANDEZ","NOELIA MARIA CAMPOS RODRIGUEZ",1
"9304","JUAN FRANCISCO ROJAS FERNANDEZ","PABLO JUAN CALVO LISTE",1
"9305","JUAN FRANCISCO ROJAS FERNANDEZ","PABLO SAEZ ALONSOMUNUMER",2
"9306","JUAN FRANCISCO ROJAS FERNANDEZ","PATRICIA DE LAS HERAS FERNANDEZ",1
"9307","JUAN FRANCISCO ROJAS FERNANDEZ","PATRICIA RUEDA PERELLO",2
"9308","JUAN FRANCISCO ROJAS FERNANDEZ","PAULA DE LOS ANGELES BADANELLI BERRIOZABAL",1
"9309","JUAN FRANCISCO ROJAS FERNANDEZ","PEDRO FERNANDEZ HERNANDEZ",2
"9310","JUAN FRANCISCO ROJAS FERNANDEZ","PEDRO JESUS REQUEJO NOVOA",1
"9311","JUAN FRANCISCO ROJAS FERNANDEZ","RAFAEL SEGOVIA BROME",1
"9312","JUAN FRANCISCO ROJAS FERNANDEZ","RICARDO CHAMORRO DELMO",2
"9313","JUAN FRANCISCO ROJAS FERNANDEZ","RICARDO LOPEZ OLEA",1
"9314","JUAN FRANCISCO ROJAS FERNANDEZ","ROCIO DE MEER MENDEZ",2
"9315","JUAN FRANCISCO ROJAS FERNANDEZ","ROCIO MARIN ORTEGA",1
"9316","JUAN FRANCISCO ROJAS FERNANDEZ","RODRIGO JAVIER ALONSO FERNANDEZ",1
"9317","JUAN FRANCISCO ROJAS FERNANDEZ","RODRIGO JIMENEZ REVUELTA",1
"9318","JUAN FRANCISCO ROJAS FERNANDEZ","RUBEN SILVANO MANSO OLIVAR",1
"9319","JUAN FRANCISCO ROJAS FERNANDEZ","SANTIAGO ABASCAL CONDE",2
"9320","JUAN FRANCISCO ROJAS FERNANDEZ","SERAFIN SERRANO MARIN",1
"9321","JUAN FRANCISCO ROJAS FERNANDEZ","SERGIO MACIAN DE GREEF",1
"9322","JUAN FRANCISCO ROJAS FERNANDEZ","SONIA LUISA LALANDA SANMIGUEL",1
"9323","JUAN FRANCISCO ROJAS FERNANDEZ","TOMAS FERNANDEZ RIOS",1
"9324","JUAN FRANCISCO ROJAS FERNANDEZ","VICTOR GUIDO GONZALEZ COELLO DE PORTUGAL",2
"9325","JUAN FRANCISCO ROJAS FERNANDEZ","YOLANDA MERELO PALOMARES",1
"9326","JUAN GARCIAGALLARDO FRINGS","LAURA GALLEGO GASPAR",1
"9327","JUAN GARCIAGALLARDO FRINGS","MARIA DE FATIMA PINACHO FERNANDEZ",1
"9328","JUAN GARCIAGALLARDO FRINGS","MARIA ISABEL PEREZ MARTIN",1
"9329","JUAN GARCIAGALLARDO FRINGS","MARIA LUISA CALVO ENRIQUEZ",1
"9330","JUAN GARCIAGALLARDO FRINGS","MARTA ALEGRIA MARTINEZ",1
"9331","JUAN GARCIAGALLARDO FRINGS","SERGIO CHAGARTEGUI SANCHEZ",1
"9332","JUAN GARCIAGALLARDO FRINGS","SUSANA SUAREZ VILLAGRA",1
"9333","JUAN IGNACIO FERNANDEZ TOMAS","JUAN JOSE AIZCORBE TORRA",1
"9334","JUAN IGNACIO FERNANDEZ TOMAS","LOURDES MENDEZ MONASTERIO",1
"9335","JUAN IGNACIO FERNANDEZ TOMAS","MACARENA OLONA CHOCLAN",1
"9336","JUAN IGNACIO FERNANDEZ TOMAS","MAGDALENA MARGARITA CONTESTI ROSSELLO",1
"9337","JUAN IGNACIO FERNANDEZ TOMAS","MANUEL GONZALEZ BAZAN",1
"9338","JUAN IGNACIO FERNANDEZ TOMAS","MANUEL MARISCAL ZABALA",1
"9339","JUAN IGNACIO FERNANDEZ TOMAS","MANUEL MESTRE BAREA",1
"9340","JUAN IGNACIO FERNANDEZ TOMAS","MANUEL RAFAEL RODRIGUEZ VALERO",1
"9341","JUAN IGNACIO FERNANDEZ TOMAS","MARIA DE LA CABEZA RUIZ SOLAS",1
"9342","JUAN IGNACIO FERNANDEZ TOMAS","MARIA DE LOS REYES ROMERO VILCHES",1
"9343","JUAN IGNACIO FERNANDEZ TOMAS","MARIANO CALABUIG MARTINEZ",2
"9344","JUAN IGNACIO FERNANDEZ TOMAS","MARTA ALVAREZ BARRIO",1
"9345","JUAN IGNACIO FERNANDEZ TOMAS","MIGUEL ANGEL FERNANDEZ LOPEZ",1
"9346","JUAN IGNACIO FERNANDEZ TOMAS","PABLO SAEZ ALONSOMUNUMER",1
"9347","JUAN IGNACIO FERNANDEZ TOMAS","PATRICIA DE LAS HERAS FERNANDEZ",1
"9348","JUAN IGNACIO FERNANDEZ TOMAS","PATRICIA RUEDA PERELLO",1
"9349","JUAN IGNACIO FERNANDEZ TOMAS","PEDRO FERNANDEZ HERNANDEZ",1
"9350","JUAN IGNACIO FERNANDEZ TOMAS","RICARDO CHAMORRO DELMO",1
"9351","JUAN IGNACIO FERNANDEZ TOMAS","ROCIO DE MEER MENDEZ",1
"9352","JUAN IGNACIO FERNANDEZ TOMAS","ROCIO DOMINGUEZ PERALS",1
"9353","JUAN IGNACIO FERNANDEZ TOMAS","ROCIO MONASTERIO SAN MARTIN",2
"9354","JUAN IGNACIO FERNANDEZ TOMAS","RUBEN SILVANO MANSO OLIVAR",1
"9355","JUAN IGNACIO FERNANDEZ TOMAS","SANTIAGO ABASCAL CONDE",1
"9356","JUAN IGNACIO FERNANDEZ TOMAS","SERAFIN SERRANO MARIN",1
"9357","JUAN IGNACIO FERNANDEZ TOMAS","SONIA LUISA LALANDA SANMIGUEL",1
"9358","JUAN IGNACIO FERNANDEZ TOMAS","VICTOR GUIDO GONZALEZ COELLO DE PORTUGAL",1
"9359","JUAN IGNACIO PINEDA SALVADOR","MARIA BELEN GONZALEZ MORENO",1
"9360","JUAN IGNACIO PINEDA SALVADOR","MARIANO CALABUIG MARTINEZ",2
"9361","JUAN IGNACIO PINEDA SALVADOR","ROCIO MONASTERIO SAN MARTIN",3
"9362","JUAN JOSE AIZCORBE TORRA","JUAN SERGIO REDONDO PACHECO",1
"9363","JUAN JOSE AIZCORBE TORRA","JULIO JOSE CALVO IGLESIAS",1
"9364","JUAN JOSE AIZCORBE TORRA","JULIO ROSADO MARTIN",1
"9365","JUAN JOSE AIZCORBE TORRA","KATIUSKA DE LOS ANGELES GARCIA RAMIREZ",1
"9366","JUAN JOSE AIZCORBE TORRA","LAURA GALAN RODRIGUEZ",1
"9367","JUAN JOSE AIZCORBE TORRA","LOURDES MENDEZ MONASTERIO",3
"9368","JUAN JOSE AIZCORBE TORRA","LUIS GESTOSO DE MIGUEL",2
"9369","JUAN JOSE AIZCORBE TORRA","MACARENA OLONA CHOCLAN",2
"9370","JUAN JOSE AIZCORBE TORRA","MAGDALENA MARGARITA CONTESTI ROSSELLO",1
"9371","JUAN JOSE AIZCORBE TORRA","MANUEL GONZALEZ BAZAN",1
"9372","JUAN JOSE AIZCORBE TORRA","MANUEL MARISCAL ZABALA",3
"9373","JUAN JOSE AIZCORBE TORRA","MANUEL MESTRE BAREA",2
"9374","JUAN JOSE AIZCORBE TORRA","MANUEL RAFAEL RODRIGUEZ VALERO",1
"9375","JUAN JOSE AIZCORBE TORRA","MANUELA BOLADO ALCALDE",1
"9376","JUAN JOSE AIZCORBE TORRA","MANUELA DEL MAR MARTIN IBANEZ",1
"9377","JUAN JOSE AIZCORBE TORRA","MARGARITA DE LA PISA CARRION",1
"9378","JUAN JOSE AIZCORBE TORRA","MARIA ARANZAZU MARTINEZ RIOLA",1
"9379","JUAN JOSE AIZCORBE TORRA","MARIA BEATRIZ CASTILLEJO SEVILLA",1
"9380","JUAN JOSE AIZCORBE TORRA","MARIA BELEN MANZANO SAGUAR",1
"9381","JUAN JOSE AIZCORBE TORRA","MARIA DE LA CABEZA RUIZ SOLAS",3
"9382","JUAN JOSE AIZCORBE TORRA","MARIA DE LA CRUZ LOZANO MARIN",1
"9383","JUAN JOSE AIZCORBE TORRA","MARIA DE LOS REYES ROMERO VILCHES",3
"9384","JUAN JOSE AIZCORBE TORRA","MARIA DEL PILAR BAOS REVILLA",1
"9385","JUAN JOSE AIZCORBE TORRA","MARIA DOLORES GOMEZ MORENO",1
"9386","JUAN JOSE AIZCORBE TORRA","MARIA DOLORES MATEO MATEOS",1
"9387","JUAN JOSE AIZCORBE TORRA","MARIA GEMA ESCOLANO BERNA",1
"9388","JUAN JOSE AIZCORBE TORRA","MARIA INES DIAZ CASAS",1
"9389","JUAN JOSE AIZCORBE TORRA","MARIA JOSE RODRIGUEZ DE MILLAN PARRO",1
"9390","JUAN JOSE AIZCORBE TORRA","MARIA LOPEZ ZAMBRANO",1
"9391","JUAN JOSE AIZCORBE TORRA","MARIA LUISA MENENDEZ MARTINEZ",1
"9392","JUAN JOSE AIZCORBE TORRA","MARIA MAGDALENA NEVADO DEL CAMPO",2
"9393","JUAN JOSE AIZCORBE TORRA","MARIA MAGDALENA PUENTEDURA PEREZ",1
"9394","JUAN JOSE AIZCORBE TORRA","MARIA MERCEDES RODRIGUEZ TAMAYO",1
"9395","JUAN JOSE AIZCORBE TORRA","MARIA SUSANA JIMENEZ AIBAR",1
"9396","JUAN JOSE AIZCORBE TORRA","MARIA TERESA ARNEDO PEREZ",1
"9397","JUAN JOSE AIZCORBE TORRA","MARIA TERESA GARCIA DE LA ROSA JIMENEZ",1
"9398","JUAN JOSE AIZCORBE TORRA","MARIA TERESA LOPEZ ALVAREZ",1
"9399","JUAN JOSE AIZCORBE TORRA","MARIA TERESA LOPEZ DIVASSON",2
"9400","JUAN JOSE AIZCORBE TORRA","MARIA VIDAL BENNASAR",1
"9401","JUAN JOSE AIZCORBE TORRA","MARIA ZULEMA SAN JOSE SANCHEZ",1
"9402","JUAN JOSE AIZCORBE TORRA","MARINA DABAN ALONSO",1
"9403","JUAN JOSE AIZCORBE TORRA","MARTA ALEGRIA MARTINEZ",1
"9404","JUAN JOSE AIZCORBE TORRA","MARTA ALVAREZ BARRIO",1
"9405","JUAN JOSE AIZCORBE TORRA","MARTA FERNANDEZ MARTIN",1
"9406","JUAN JOSE AIZCORBE TORRA","MARTA GERVASIA GARRIDO MORENO",2
"9407","JUAN JOSE AIZCORBE TORRA","MARTA MARTIN CUSTODIO",1
"9408","JUAN JOSE AIZCORBE TORRA","MIGUEL ANGEL FERNANDEZ LOPEZ",1
"9409","JUAN JOSE AIZCORBE TORRA","MIGUEL MALDONADO CABALLERO",1
"9410","JUAN JOSE AIZCORBE TORRA","MIREIA BORRAS PABON",1
"9411","JUAN JOSE AIZCORBE TORRA","MONICA LORA CISQUER",1
"9412","JUAN JOSE AIZCORBE TORRA","OLIVIA MORENO NAVAS",1
"9413","JUAN JOSE AIZCORBE TORRA","PABLO JUAN CALVO LISTE",2
"9414","JUAN JOSE AIZCORBE TORRA","PABLO PEREZ GALLARDO",1
"9415","JUAN JOSE AIZCORBE TORRA","PABLO SAEZ ALONSOMUNUMER",3
"9416","JUAN JOSE AIZCORBE TORRA","PALOMA GOMEZ ENRIQUEZ",2
"9417","JUAN JOSE AIZCORBE TORRA","PATRICIA DE LAS HERAS FERNANDEZ",1
"9418","JUAN JOSE AIZCORBE TORRA","PATRICIA ESCAMEZ MARIN",1
"9419","JUAN JOSE AIZCORBE TORRA","PATRICIA RUEDA PERELLO",3
"9420","JUAN JOSE AIZCORBE TORRA","PAULA DE LOS ANGELES BADANELLI BERRIOZABAL",1
"9421","JUAN JOSE AIZCORBE TORRA","PEDRO FERNANDEZ HERNANDEZ",3
"9422","JUAN JOSE AIZCORBE TORRA","PEDRO JESUS REQUEJO NOVOA",2
"9423","JUAN JOSE AIZCORBE TORRA","RAFAEL RICARDO GONZALEZ GALLEGO",1
"9424","JUAN JOSE AIZCORBE TORRA","RAFAEL SEGOVIA BROME",1
"9425","JUAN JOSE AIZCORBE TORRA","RAQUEL TOMAS PEDROSA",1
"9426","JUAN JOSE AIZCORBE TORRA","RICARDO BELDA VALIENTE",1
"9427","JUAN JOSE AIZCORBE TORRA","RICARDO CHAMORRO DELMO",3
"9428","JUAN JOSE AIZCORBE TORRA","ROCIO DE MEER MENDEZ",3
"9429","JUAN JOSE AIZCORBE TORRA","RODRIGO JIMENEZ REVUELTA",2
"9430","JUAN JOSE AIZCORBE TORRA","RUBEN SILVANO MANSO OLIVAR",1
"9431","JUAN JOSE AIZCORBE TORRA","SALOME NIETO TARRAGA",1
"9432","JUAN JOSE AIZCORBE TORRA","SANTIAGO ABASCAL CONDE",3
"9433","JUAN JOSE AIZCORBE TORRA","SARA CONCEPCION ALVAREZ ROUCO",1
"9434","JUAN JOSE AIZCORBE TORRA","SERAFIN SERRANO MARIN",1
"9435","JUAN JOSE AIZCORBE TORRA","SERGI FABRI LLAVERO",1
"9436","JUAN JOSE AIZCORBE TORRA","SERGIO BOTONERO GALAN",1
"9437","JUAN JOSE AIZCORBE TORRA","SERGIO CHAGARTEGUI SANCHEZ",1
"9438","JUAN JOSE AIZCORBE TORRA","SERGIO MACIAN DE GREEF",2
"9439","JUAN JOSE AIZCORBE TORRA","SILVIA CLARA ENRIQUEZ GALLEGO",1
"9440","JUAN JOSE AIZCORBE TORRA","SOLEDAD PEREZ RUBIO",1
"9441","JUAN JOSE AIZCORBE TORRA","SONIA LUISA LALANDA SANMIGUEL",1
"9442","JUAN JOSE AIZCORBE TORRA","SONSOLES PALACIOS MORENO",1
"9443","JUAN JOSE AIZCORBE TORRA","TEODORO RAMON POZO MUNIZ",1
"9444","JUAN JOSE AIZCORBE TORRA","TOMAS FERNANDEZ RIOS",2
"9445","JUAN JOSE AIZCORBE TORRA","VALENTIN LOPEZ LOPEZ",1
"9446","JUAN JOSE AIZCORBE TORRA","VICTOR GUIDO GONZALEZ COELLO DE PORTUGAL",2
"9447","JUAN JOSE AIZCORBE TORRA","VICTOR MANUEL ACOSTA HERNANDEZ",1
"9448","JUAN JOSE AIZCORBE TORRA","VICTOR MANUEL SANCHEZ DEL REAL",2
"9449","JUAN JOSE AIZCORBE TORRA","VIRGINIA HUERTAS PECHUAN",1
"9450","JUAN JOSE AIZCORBE TORRA","YOLANDA MERELO PALOMARES",2
"9451","JUAN JOSE BOSQUET ARIAS","JUAN JOSE COCA LOPEZ",2
"9452","JUAN JOSE BOSQUET ARIAS","LUCIA CUADROS ESTEVEZ",1
"9453","JUAN JOSE BOSQUET ARIAS","MACARENA OLONA CHOCLAN",1
"9454","JUAN JOSE BOSQUET ARIAS","MANUEL GAVIRA FLORENTINO",2
"9455","JUAN JOSE BOSQUET ARIAS","MANUEL JORGE MARTIN MONTERO",1
"9456","JUAN JOSE BOSQUET ARIAS","MANUELA DEL MAR MARTIN IBANEZ",1
"9457","JUAN JOSE BOSQUET ARIAS","MARIA ADELA VAO CANADAS",1
"9458","JUAN JOSE BOSQUET ARIAS","MARIA CRISTINA PELAEZ IZQUIERDO",1
"9459","JUAN JOSE BOSQUET ARIAS","MARIA DEL CARMEN MURIEL MARQUEZ",1
"9460","JUAN JOSE BOSQUET ARIAS","MARIA GORETTI EIBERLE SANCHEZ DE TOCA",1
"9461","JUAN JOSE BOSQUET ARIAS","MARIA JOSE RODRIGUEZ DE MILLAN PARRO",1
"9462","JUAN JOSE BOSQUET ARIAS","MARIA LOPEZ ZAMBRANO",1
"9463","JUAN JOSE BOSQUET ARIAS","MARIA MAGDALENA PUENTEDURA PEREZ",1
"9464","JUAN JOSE BOSQUET ARIAS","MARIA MERCEDES RODRIGUEZ TAMAYO",1
"9465","JUAN JOSE BOSQUET ARIAS","MONTSERRAT CERVANTES LLORT",2
"9466","JUAN JOSE BOSQUET ARIAS","NOELIA MARIA CAMPOS RODRIGUEZ",1
"9467","JUAN JOSE BOSQUET ARIAS","PAULA DE LOS ANGELES BADANELLI BERRIOZABAL",1
"9468","JUAN JOSE BOSQUET ARIAS","PURIFICACION FERNANDEZ MORALES",1
"9469","JUAN JOSE BOSQUET ARIAS","RAFAEL SEGOVIA BROME",2
"9470","JUAN JOSE BOSQUET ARIAS","RICARDO LOPEZ OLEA",2
"9471","JUAN JOSE BOSQUET ARIAS","ROCIO MARIN ORTEGA",1
"9472","JUAN JOSE BOSQUET ARIAS","RODRIGO JAVIER ALONSO FERNANDEZ",2
"9473","JUAN JOSE BOSQUET ARIAS","SILVIA CLARA ENRIQUEZ GALLEGO",1
"9474","JUAN JOSE BOSQUET ARIAS","SOLEDAD PEREZ RUBIO",1
"9475","JUAN JOSE COCA LOPEZ","LUCIA CUADROS ESTEVEZ",1
"9476","JUAN JOSE COCA LOPEZ","MACARENA OLONA CHOCLAN",1
"9477","JUAN JOSE COCA LOPEZ","MANUEL GAVIRA FLORENTINO",2
"9478","JUAN JOSE COCA LOPEZ","MANUEL JESUS VELA SABORIDO",1
"9479","JUAN JOSE COCA LOPEZ","MARIA ADELA VAO CANADAS",1
"9480","JUAN JOSE COCA LOPEZ","MARIA CRISTINA PELAEZ IZQUIERDO",1
"9481","JUAN JOSE COCA LOPEZ","MARIA DE LA CRUZ LOZANO MARIN",1
"9482","JUAN JOSE COCA LOPEZ","MARIA DEL CARMEN INFANTES HERNANDEZ",1
"9483","JUAN JOSE COCA LOPEZ","MARIA GORETTI EIBERLE SANCHEZ DE TOCA",1
"9484","JUAN JOSE COCA LOPEZ","MARIA JOSE RODRIGUEZ DE MILLAN PARRO",1
"9485","JUAN JOSE COCA LOPEZ","MARIA MAGDALENA PUENTEDURA PEREZ",1
"9486","JUAN JOSE COCA LOPEZ","MARIA MERCEDES RODRIGUEZ TAMAYO",1
"9487","JUAN JOSE COCA LOPEZ","NOELIA MARIA CAMPOS RODRIGUEZ",1
"9488","JUAN JOSE COCA LOPEZ","OTILIA ALARCON CAMUS",1
"9489","JUAN JOSE COCA LOPEZ","PAULA DE LOS ANGELES BADANELLI BERRIOZABAL",1
"9490","JUAN JOSE COCA LOPEZ","PURIFICACION FERNANDEZ MORALES",2
"9491","JUAN JOSE COCA LOPEZ","RAFAEL SEGOVIA BROME",2
"9492","JUAN JOSE COCA LOPEZ","RICARDO LOPEZ OLEA",2
"9493","JUAN JOSE COCA LOPEZ","ROCIO MARIN ORTEGA",1
"9494","JUAN JOSE COCA LOPEZ","RODRIGO JAVIER ALONSO FERNANDEZ",2
"9495","JUAN JOSE COCA LOPEZ","SILVIA CLARA ENRIQUEZ GALLEGO",1
"9496","JUAN JOSE COCA LOPEZ","SILVIA MARIA BELLIDO VERA",1
"9497","JUAN JOSE GARCIA GARCIA","LAURA GALAN RODRIGUEZ",1
"9498","JUAN JOSE GARCIA GARCIA","LUZ BELINDA RODRIGUEZ FERNANDEZ",1
"9499","JUAN JOSE GARCIA GARCIA","MARIA JESUS SALVATIERRA GORDILLO",1
"9500","JUAN JOSE GARCIA GARCIA","MARTA GERVASIA GARRIDO MORENO",1
"9501","JUAN JOSE GARCIA GARCIA","OSCAR ARTURO FERNANDEZ CALLE",1
"9502","JUAN JOSE SENDIN REBASSA","SERGIO RODRIGUEZ FARRE",1
"9503","JUAN MARCOS MANRIQUE LOPEZ","MARIA BELEN GONZALEZ MORENO",1
"9504","JUAN MARCOS MANRIQUE LOPEZ","MARIANO CALABUIG MARTINEZ",1
"9505","JUAN MARCOS MANRIQUE LOPEZ","ROCIO MONASTERIO SAN MARTIN",2
"9506","JUAN MARCOS MANRIQUE LOPEZ","TOMAS RAMOS GARRIDO",1
"9507","JUAN SERGIO REDONDO PACHECO","LOURDES MENDEZ MONASTERIO",1
"9508","JUAN SERGIO REDONDO PACHECO","MANUEL MARISCAL ZABALA",1
"9509","JUAN SERGIO REDONDO PACHECO","MARIA DE LA CABEZA RUIZ SOLAS",1
"9510","JUAN SERGIO REDONDO PACHECO","MARIA DE LOS REYES ROMERO VILCHES",1
"9511","JUAN SERGIO REDONDO PACHECO","MARIA JOSE RODRIGUEZ DE MILLAN PARRO",1
"9512","JUAN SERGIO REDONDO PACHECO","MARIA MAGDALENA NEVADO DEL CAMPO",1
"9513","JUAN SERGIO REDONDO PACHECO","MARIA TERESA LOPEZ ALVAREZ",3
"9514","JUAN SERGIO REDONDO PACHECO","PABLO JUAN CALVO LISTE",1
"9515","JUAN SERGIO REDONDO PACHECO","PABLO SAEZ ALONSOMUNUMER",1
"9516","JUAN SERGIO REDONDO PACHECO","PATRICIA RUEDA PERELLO",1
"9517","JUAN SERGIO REDONDO PACHECO","PEDRO FERNANDEZ HERNANDEZ",1
"9518","JUAN SERGIO REDONDO PACHECO","PEDRO JESUS REQUEJO NOVOA",1
"9519","JUAN SERGIO REDONDO PACHECO","RICARDO CHAMORRO DELMO",1
"9520","JUAN SERGIO REDONDO PACHECO","ROCIO DE MEER MENDEZ",1
"9521","JUAN SERGIO REDONDO PACHECO","RODRIGO JIMENEZ REVUELTA",1
"9522","JUAN SERGIO REDONDO PACHECO","SANTIAGO ABASCAL CONDE",1
"9523","JUAN SERGIO REDONDO PACHECO","SERGIO MACIAN DE GREEF",1
"9524","JUAN SERGIO REDONDO PACHECO","TOMAS FERNANDEZ RIOS",1
"9525","JUAN SERGIO REDONDO PACHECO","VICTOR GUIDO GONZALEZ COELLO DE PORTUGAL",1
"9526","JUAN SERGIO REDONDO PACHECO","YOLANDA MERELO PALOMARES",3
"9527","JULIA CALVET PUIG","MANUEL JESUS ACOSTA ELIAS",1
"9528","JULIA CALVET PUIG","MARIA ELISA GARCIA FUSTER",1
"9529","JULIA CALVET PUIG","MONICA LORA CISQUER",1
"9530","JULIA CALVET PUIG","RAFAEL VILLAFRANCA MERCE",1
"9531","JULIA CALVET PUIG","SERGI FABRI LLAVERO",1
"9532","JULIA CALVET PUIG","SERGIO MACIAN DE GREEF",1
"9533","JULIA MARIA LLOPIS NOHEDA","MARIA DE LOS ANGELES CRIADO GONZALBEZ",1
"9534","JULIA MARIA LLOPIS NOHEDA","MARIA DE LOS LLANOS MASSO LINARES",1
"9535","JULIA MARIA LLOPIS NOHEDA","MARINA DABAN ALONSO",1
"9536","JULIA MARIA LLOPIS NOHEDA","MIGUEL ANGEL HUERTA ASENSIO",1
"9537","JULIA MARIA LLOPIS NOHEDA","MIGUEL DA SILVA ORTEGA",1
"9538","JULIA MARIA LLOPIS NOHEDA","MIGUEL PASCUAL PEREZ",1
"9539","JULIA MARIA LLOPIS NOHEDA","VALENTIN LOPEZ LOPEZ",1
"9540","JULIA MARIA LLOPIS NOHEDA","VIRGINIA HUERTAS PECHUAN",1
"9541","JULIO JOSE CALVO IGLESIAS","LOURDES MENDEZ MONASTERIO",1
"9542","JULIO JOSE CALVO IGLESIAS","MACARENA OLONA CHOCLAN",1
"9543","JULIO JOSE CALVO IGLESIAS","MAGDALENA MARGARITA CONTESTI ROSSELLO",1
"9544","JULIO JOSE CALVO IGLESIAS","MANUEL GONZALEZ BAZAN",1
"9545","JULIO JOSE CALVO IGLESIAS","MANUEL MARISCAL ZABALA",1
"9546","JULIO JOSE CALVO IGLESIAS","MANUEL MESTRE BAREA",1
"9547","JULIO JOSE CALVO IGLESIAS","MANUEL RAFAEL RODRIGUEZ VALERO",1
"9548","JULIO JOSE CALVO IGLESIAS","MARIA DE LA CABEZA RUIZ SOLAS",1
"9549","JULIO JOSE CALVO IGLESIAS","MARIA DE LOS REYES ROMERO VILCHES",1
"9550","JULIO JOSE CALVO IGLESIAS","MARTA ALVAREZ BARRIO",1
"9551","JULIO JOSE CALVO IGLESIAS","MIGUEL ANGEL FERNANDEZ LOPEZ",1
"9552","JULIO JOSE CALVO IGLESIAS","PABLO SAEZ ALONSOMUNUMER",1
"9553","JULIO JOSE CALVO IGLESIAS","PATRICIA DE LAS HERAS FERNANDEZ",1
"9554","JULIO JOSE CALVO IGLESIAS","PATRICIA RUEDA PERELLO",1
"9555","JULIO JOSE CALVO IGLESIAS","PEDRO FERNANDEZ HERNANDEZ",1
"9556","JULIO JOSE CALVO IGLESIAS","RICARDO CHAMORRO DELMO",1
"9557","JULIO JOSE CALVO IGLESIAS","ROCIO DE MEER MENDEZ",1
"9558","JULIO JOSE CALVO IGLESIAS","RUBEN SILVANO MANSO OLIVAR",1
"9559","JULIO JOSE CALVO IGLESIAS","SANTIAGO ABASCAL CONDE",1
"9560","JULIO JOSE CALVO IGLESIAS","SERAFIN SERRANO MARIN",1
"9561","JULIO JOSE CALVO IGLESIAS","SONIA LUISA LALANDA SANMIGUEL",1
"9562","JULIO JOSE CALVO IGLESIAS","VICTOR GUIDO GONZALEZ COELLO DE PORTUGAL",1
"9563","JULIO ROSADO MARTIN","LOURDES MENDEZ MONASTERIO",1
"9564","JULIO ROSADO MARTIN","MANUEL MARISCAL ZABALA",1
"9565","JULIO ROSADO MARTIN","MARIA DE LA CABEZA RUIZ SOLAS",1
"9566","JULIO ROSADO MARTIN","MARIA DE LOS REYES ROMERO VILCHES",1
"9567","JULIO ROSADO MARTIN","MARIA JOSE RODRIGUEZ DE MILLAN PARRO",1
"9568","JULIO ROSADO MARTIN","MARIA MAGDALENA NEVADO DEL CAMPO",1
"9569","JULIO ROSADO MARTIN","MARIA TERESA LOPEZ ALVAREZ",1
"9570","JULIO ROSADO MARTIN","PABLO JUAN CALVO LISTE",1
"9571","JULIO ROSADO MARTIN","PABLO SAEZ ALONSOMUNUMER",1
"9572","JULIO ROSADO MARTIN","PATRICIA RUEDA PERELLO",1
"9573","JULIO ROSADO MARTIN","PEDRO FERNANDEZ HERNANDEZ",1
"9574","JULIO ROSADO MARTIN","PEDRO JESUS REQUEJO NOVOA",1
"9575","JULIO ROSADO MARTIN","RICARDO CHAMORRO DELMO",1
"9576","JULIO ROSADO MARTIN","ROCIO DE MEER MENDEZ",1
"9577","JULIO ROSADO MARTIN","RODRIGO JIMENEZ REVUELTA",1
"9578","JULIO ROSADO MARTIN","SANTIAGO ABASCAL CONDE",1
"9579","JULIO ROSADO MARTIN","SERGIO MACIAN DE GREEF",1
"9580","JULIO ROSADO MARTIN","TOMAS FERNANDEZ RIOS",1
"9581","JULIO ROSADO MARTIN","VICTOR GUIDO GONZALEZ COELLO DE PORTUGAL",1
"9582","JULIO ROSADO MARTIN","YOLANDA MERELO PALOMARES",1
"9583","KATIUSKA DE LOS ANGELES GARCIA RAMIREZ","LOURDES MENDEZ MONASTERIO",1
"9584","KATIUSKA DE LOS ANGELES GARCIA RAMIREZ","MANUEL MARISCAL ZABALA",1
"9585","KATIUSKA DE LOS ANGELES GARCIA RAMIREZ","MARIA DE LA CABEZA RUIZ SOLAS",1
"9586","KATIUSKA DE LOS ANGELES GARCIA RAMIREZ","MARIA DE LOS REYES ROMERO VILCHES",1
"9587","KATIUSKA DE LOS ANGELES GARCIA RAMIREZ","MARIA JOSE RODRIGUEZ DE MILLAN PARRO",1
"9588","KATIUSKA DE LOS ANGELES GARCIA RAMIREZ","MARIA MAGDALENA NEVADO DEL CAMPO",1
"9589","KATIUSKA DE LOS ANGELES GARCIA RAMIREZ","MARIA TERESA LOPEZ ALVAREZ",1
"9590","KATIUSKA DE LOS ANGELES GARCIA RAMIREZ","PABLO JUAN CALVO LISTE",1
"9591","KATIUSKA DE LOS ANGELES GARCIA RAMIREZ","PABLO SAEZ ALONSOMUNUMER",1
"9592","KATIUSKA DE LOS ANGELES GARCIA RAMIREZ","PATRICIA RUEDA PERELLO",1
"9593","KATIUSKA DE LOS ANGELES GARCIA RAMIREZ","PEDRO FERNANDEZ HERNANDEZ",1
"9594","KATIUSKA DE LOS ANGELES GARCIA RAMIREZ","PEDRO JESUS REQUEJO NOVOA",1
"9595","KATIUSKA DE LOS ANGELES GARCIA RAMIREZ","RICARDO CHAMORRO DELMO",1
"9596","KATIUSKA DE LOS ANGELES GARCIA RAMIREZ","ROCIO DE MEER MENDEZ",1
"9597","KATIUSKA DE LOS ANGELES GARCIA RAMIREZ","RODRIGO JIMENEZ REVUELTA",1
"9598","KATIUSKA DE LOS ANGELES GARCIA RAMIREZ","SANTIAGO ABASCAL CONDE",1
"9599","KATIUSKA DE LOS ANGELES GARCIA RAMIREZ","SERGIO MACIAN DE GREEF",1
"9600","KATIUSKA DE LOS ANGELES GARCIA RAMIREZ","TOMAS FERNANDEZ RIOS",1
"9601","KATIUSKA DE LOS ANGELES GARCIA RAMIREZ","VICTOR GUIDO GONZALEZ COELLO DE PORTUGAL",1
"9602","KATIUSKA DE LOS ANGELES GARCIA RAMIREZ","YOLANDA MERELO PALOMARES",1
"9603","LAURA CARRASCO COZAR","MARIA DE LOS LLANOS MASSO LINARES",1
"9604","LAURA CARRASCO COZAR","MIGUEL PASCUAL PEREZ",1
"9605","LAURA DORREIS ALONSO","LUIS CARLOS GIMENEZ BALMORI",1
"9606","LAURA DORREIS ALONSO","MARIA ALEJANDRA MEDINA SANZ",1
"9607","LAURA DORREIS ALONSO","MARIA DE FATIMA PINACHO FERNANDEZ",1
"9608","LAURA DORREIS ALONSO","MARIA DOLORES MATEO MATEOS",1
"9609","LAURA DORREIS ALONSO","MARIA LUISA CALVO ENRIQUEZ",1
"9610","LAURA DORREIS ALONSO","MARTA ALEGRIA MARTINEZ",1
"9611","LAURA DORREIS ALONSO","MAURICIO ANGULO GUERRERO",1
"9612","LAURA DORREIS ALONSO","MIGUEL CONTRERAS MARTINEZ",1
"9613","LAURA DORREIS ALONSO","SUSANA SUAREZ VILLAGRA",1
"9614","LAURA GALAN RODRIGUEZ","LOURDES MENDEZ MONASTERIO",1
"9615","LAURA GALAN RODRIGUEZ","MACARENA OLONA CHOCLAN",1
"9616","LAURA GALAN RODRIGUEZ","MAGDALENA MARGARITA CONTESTI ROSSELLO",1
"9617","LAURA GALAN RODRIGUEZ","MANUEL GONZALEZ BAZAN",1
"9618","LAURA GALAN RODRIGUEZ","MANUEL MARISCAL ZABALA",1
"9619","LAURA GALAN RODRIGUEZ","MANUEL MESTRE BAREA",1
"9620","LAURA GALAN RODRIGUEZ","MANUEL RAFAEL RODRIGUEZ VALERO",1
"9621","LAURA GALAN RODRIGUEZ","MARIA DE LA CABEZA RUIZ SOLAS",1
"9622","LAURA GALAN RODRIGUEZ","MARIA DE LOS REYES ROMERO VILCHES",1
"9623","LAURA GALAN RODRIGUEZ","MARIA JESUS SALVATIERRA GORDILLO",1
"9624","LAURA GALAN RODRIGUEZ","MARTA ALVAREZ BARRIO",1
"9625","LAURA GALAN RODRIGUEZ","MARTA GERVASIA GARRIDO MORENO",1
"9626","LAURA GALAN RODRIGUEZ","MIGUEL ANGEL FERNANDEZ LOPEZ",1
"9627","LAURA GALAN RODRIGUEZ","OSCAR ARTURO FERNANDEZ CALLE",1
"9628","LAURA GALAN RODRIGUEZ","PABLO SAEZ ALONSOMUNUMER",1
"9629","LAURA GALAN RODRIGUEZ","PATRICIA DE LAS HERAS FERNANDEZ",1
"9630","LAURA GALAN RODRIGUEZ","PATRICIA RUEDA PERELLO",1
"9631","LAURA GALAN RODRIGUEZ","PEDRO FERNANDEZ HERNANDEZ",1
"9632","LAURA GALAN RODRIGUEZ","RICARDO CHAMORRO DELMO",1
"9633","LAURA GALAN RODRIGUEZ","ROCIO DE MEER MENDEZ",1
"9634","LAURA GALAN RODRIGUEZ","RUBEN SILVANO MANSO OLIVAR",1
"9635","LAURA GALAN RODRIGUEZ","SANTIAGO ABASCAL CONDE",1
"9636","LAURA GALAN RODRIGUEZ","SERAFIN SERRANO MARIN",1
"9637","LAURA GALAN RODRIGUEZ","SONIA LUISA LALANDA SANMIGUEL",1
"9638","LAURA GALAN RODRIGUEZ","VICTOR GUIDO GONZALEZ COELLO DE PORTUGAL",1
"9639","LAURA GALLEGO GASPAR","MARIA LUISA CALVO ENRIQUEZ",1
"9640","LAURA GALLEGO GASPAR","SUSANA SUAREZ VILLAGRA",1
"9641","LEIRE LINAZA MILLAN","SALOME NIETO TARRAGA",1
"9642","LEIRE LINAZA MILLAN","VICENTE SANCHEZ DEL COLLADO HONDARZA",1
"9643","LEONIA ALEXANDRA BERNARDINO SILVANO","LUIS FRANCISCO BIENDICHO GRACIA",1
"9644","LEONIA ALEXANDRA BERNARDINO SILVANO","MARIA CARMEN ROUCO LALIENA",1
"9645","LEONIA ALEXANDRA BERNARDINO SILVANO","MARTA FERNANDEZ MARTIN",1
"9646","LEONIA ALEXANDRA BERNARDINO SILVANO","SANTIAGO MORON SANJUAN",1
"9647","LEONIA ALEXANDRA BERNARDINO SILVANO","SERGIO MARCO JIMENEZ",1
"9648","LETICIA DIAZ RODRIGUEZ","MANUELA BOLADO ALCALDE",1
"9649","LETICIA DIAZ RODRIGUEZ","NATIVIDAD PEREZ SALAZAR",1
"9650","LETICIA MARINERO MARTINEZ","MARIA ARANZAZU MARTINEZ RIOLA",1
"9651","LOURDES MENDEZ MONASTERIO","LUIS GESTOSO DE MIGUEL",3
"9652","LOURDES MENDEZ MONASTERIO","MACARENA OLONA CHOCLAN",2
"9653","LOURDES MENDEZ MONASTERIO","MAGDALENA MARGARITA CONTESTI ROSSELLO",1
"9654","LOURDES MENDEZ MONASTERIO","MANUEL GONZALEZ BAZAN",2
"9655","LOURDES MENDEZ MONASTERIO","MANUEL JORGE MARTIN MONTERO",1
"9656","LOURDES MENDEZ MONASTERIO","MANUEL MARISCAL ZABALA",3
"9657","LOURDES MENDEZ MONASTERIO","MANUEL MESTRE BAREA",2
"9658","LOURDES MENDEZ MONASTERIO","MANUEL RAFAEL RODRIGUEZ VALERO",1
"9659","LOURDES MENDEZ MONASTERIO","MANUELA BOLADO ALCALDE",1
"9660","LOURDES MENDEZ MONASTERIO","MANUELA DEL MAR MARTIN IBANEZ",1
"9661","LOURDES MENDEZ MONASTERIO","MARGARITA DE LA PISA CARRION",2
"9662","LOURDES MENDEZ MONASTERIO","MARIA ARANZAZU MARTINEZ RIOLA",1
"9663","LOURDES MENDEZ MONASTERIO","MARIA BEATRIZ CASTILLEJO SEVILLA",1
"9664","LOURDES MENDEZ MONASTERIO","MARIA BELEN MANZANO SAGUAR",1
"9665","LOURDES MENDEZ MONASTERIO","MARIA DE LA CABEZA RUIZ SOLAS",3
"9666","LOURDES MENDEZ MONASTERIO","MARIA DE LA CRUZ LOZANO MARIN",1
"9667","LOURDES MENDEZ MONASTERIO","MARIA DE LOS REYES ROMERO VILCHES",3
"9668","LOURDES MENDEZ MONASTERIO","MARIA DEL PILAR BAOS REVILLA",1
"9669","LOURDES MENDEZ MONASTERIO","MARIA DOLORES GOMEZ MORENO",2
"9670","LOURDES MENDEZ MONASTERIO","MARIA DOLORES MATEO MATEOS",1
"9671","LOURDES MENDEZ MONASTERIO","MARIA ELISA GARCIA FUSTER",1
"9672","LOURDES MENDEZ MONASTERIO","MARIA GEMA ESCOLANO BERNA",1
"9673","LOURDES MENDEZ MONASTERIO","MARIA INES DIAZ CASAS",1
"9674","LOURDES MENDEZ MONASTERIO","MARIA ISABEL DOMINGUEZ POMARES",1
"9675","LOURDES MENDEZ MONASTERIO","MARIA ISABEL PEREZ MARTIN",1
"9676","LOURDES MENDEZ MONASTERIO","MARIA JOSE RODRIGUEZ DE MILLAN PARRO",1
"9677","LOURDES MENDEZ MONASTERIO","MARIA LOPEZ ZAMBRANO",1
"9678","LOURDES MENDEZ MONASTERIO","MARIA LUISA MENENDEZ MARTINEZ",1
"9679","LOURDES MENDEZ MONASTERIO","MARIA MAGDALENA NEVADO DEL CAMPO",3
"9680","LOURDES MENDEZ MONASTERIO","MARIA MAGDALENA PUENTEDURA PEREZ",1
"9681","LOURDES MENDEZ MONASTERIO","MARIA MERCEDES RODRIGUEZ TAMAYO",1
"9682","LOURDES MENDEZ MONASTERIO","MARIA SUSANA JIMENEZ AIBAR",1
"9683","LOURDES MENDEZ MONASTERIO","MARIA TERESA ARNEDO PEREZ",2
"9684","LOURDES MENDEZ MONASTERIO","MARIA TERESA GARCIA DE LA ROSA JIMENEZ",1
"9685","LOURDES MENDEZ MONASTERIO","MARIA TERESA LOPEZ ALVAREZ",2
"9686","LOURDES MENDEZ MONASTERIO","MARIA TERESA LOPEZ DIVASSON",3
"9687","LOURDES MENDEZ MONASTERIO","MARIA VIDAL BENNASAR",1
"9688","LOURDES MENDEZ MONASTERIO","MARIA ZULEMA SAN JOSE SANCHEZ",1
"9689","LOURDES MENDEZ MONASTERIO","MARINA DABAN ALONSO",1
"9690","LOURDES MENDEZ MONASTERIO","MARTA ALEGRIA MARTINEZ",1
"9691","LOURDES MENDEZ MONASTERIO","MARTA ALVAREZ BARRIO",1
"9692","LOURDES MENDEZ MONASTERIO","MARTA FERNANDEZ MARTIN",1
"9693","LOURDES MENDEZ MONASTERIO","MARTA GERVASIA GARRIDO MORENO",2
"9694","LOURDES MENDEZ MONASTERIO","MARTA MARTIN CUSTODIO",1
"9695","LOURDES MENDEZ MONASTERIO","MAZALY AGUILAR",1
"9696","LOURDES MENDEZ MONASTERIO","MIGUEL ANGEL FERNANDEZ LOPEZ",2
"9697","LOURDES MENDEZ MONASTERIO","MIGUEL ANGEL LOPEZ FERNANDEZ",1
"9698","LOURDES MENDEZ MONASTERIO","MIGUEL MALDONADO CABALLERO",1
"9699","LOURDES MENDEZ MONASTERIO","MIREIA BORRAS PABON",2
"9700","LOURDES MENDEZ MONASTERIO","MONICA LORA CISQUER",2
"9701","LOURDES MENDEZ MONASTERIO","OLIVIA MORENO NAVAS",1
"9702","LOURDES MENDEZ MONASTERIO","OSCAR ARTURO FERNANDEZ CALLE",1
"9703","LOURDES MENDEZ MONASTERIO","PABLO JUAN CALVO LISTE",3
"9704","LOURDES MENDEZ MONASTERIO","PABLO PEREZ GALLARDO",1
"9705","LOURDES MENDEZ MONASTERIO","PABLO SAEZ ALONSOMUNUMER",3
"9706","LOURDES MENDEZ MONASTERIO","PALOMA GOMEZ ENRIQUEZ",2
"9707","LOURDES MENDEZ MONASTERIO","PATRICIA DE LAS HERAS FERNANDEZ",1
"9708","LOURDES MENDEZ MONASTERIO","PATRICIA ESCAMEZ MARIN",1
"9709","LOURDES MENDEZ MONASTERIO","PATRICIA RUEDA PERELLO",3
"9710","LOURDES MENDEZ MONASTERIO","PAULA DE LOS ANGELES BADANELLI BERRIOZABAL",1
"9711","LOURDES MENDEZ MONASTERIO","PEDRO FERNANDEZ HERNANDEZ",3
"9712","LOURDES MENDEZ MONASTERIO","PEDRO JESUS REQUEJO NOVOA",3
"9713","LOURDES MENDEZ MONASTERIO","RAFAEL RICARDO GONZALEZ GALLEGO",1
"9714","LOURDES MENDEZ MONASTERIO","RAFAEL SEGOVIA BROME",1
"9715","LOURDES MENDEZ MONASTERIO","RAQUEL TOMAS PEDROSA",1
"9716","LOURDES MENDEZ MONASTERIO","RICARDO BELDA VALIENTE",2
"9717","LOURDES MENDEZ MONASTERIO","RICARDO CHAMORRO DELMO",3
"9718","LOURDES MENDEZ MONASTERIO","ROCIO DE MEER MENDEZ",3
"9719","LOURDES MENDEZ MONASTERIO","RODRIGO JIMENEZ REVUELTA",3
"9720","LOURDES MENDEZ MONASTERIO","RUBEN SILVANO MANSO OLIVAR",2
"9721","LOURDES MENDEZ MONASTERIO","SALOME NIETO TARRAGA",1
"9722","LOURDES MENDEZ MONASTERIO","SANTIAGO ABASCAL CONDE",3
"9723","LOURDES MENDEZ MONASTERIO","SARA CONCEPCION ALVAREZ ROUCO",1
"9724","LOURDES MENDEZ MONASTERIO","SERAFIN SERRANO MARIN",1
"9725","LOURDES MENDEZ MONASTERIO","SERGI FABRI LLAVERO",1
"9726","LOURDES MENDEZ MONASTERIO","SERGIO BOTONERO GALAN",1
"9727","LOURDES MENDEZ MONASTERIO","SERGIO CHAGARTEGUI SANCHEZ",1
"9728","LOURDES MENDEZ MONASTERIO","SERGIO MACIAN DE GREEF",3
"9729","LOURDES MENDEZ MONASTERIO","SILVIA CLARA ENRIQUEZ GALLEGO",1
"9730","LOURDES MENDEZ MONASTERIO","SOLEDAD PEREZ RUBIO",1
"9731","LOURDES MENDEZ MONASTERIO","SONIA LUISA LALANDA SANMIGUEL",2
"9732","LOURDES MENDEZ MONASTERIO","SONSOLES PALACIOS MORENO",1
"9733","LOURDES MENDEZ MONASTERIO","TEODORO RAMON POZO MUNIZ",1
"9734","LOURDES MENDEZ MONASTERIO","TOMAS FERNANDEZ RIOS",3
"9735","LOURDES MENDEZ MONASTERIO","VALENTIN LOPEZ LOPEZ",1
"9736","LOURDES MENDEZ MONASTERIO","VICTOR GUIDO GONZALEZ COELLO DE PORTUGAL",3
"9737","LOURDES MENDEZ MONASTERIO","VICTOR MANUEL ACOSTA HERNANDEZ",1
"9738","LOURDES MENDEZ MONASTERIO","VICTOR MANUEL SANCHEZ DEL REAL",2
"9739","LOURDES MENDEZ MONASTERIO","VIRGINIA HUERTAS PECHUAN",1
"9740","LOURDES MENDEZ MONASTERIO","YOLANDA MERELO PALOMARES",2
"9741","LUCIA CUADROS ESTEVEZ","MACARENA OLONA CHOCLAN",1
"9742","LUCIA CUADROS ESTEVEZ","MANUEL GAVIRA FLORENTINO",2
"9743","LUCIA CUADROS ESTEVEZ","MARIA CRISTINA PELAEZ IZQUIERDO",1
"9744","LUCIA CUADROS ESTEVEZ","MARIA GORETTI EIBERLE SANCHEZ DE TOCA",1
"9745","LUCIA CUADROS ESTEVEZ","MARIA JOSE RODRIGUEZ DE MILLAN PARRO",1
"9746","LUCIA CUADROS ESTEVEZ","MARIA MAGDALENA PUENTEDURA PEREZ",1
"9747","LUCIA CUADROS ESTEVEZ","MARIA MERCEDES RODRIGUEZ TAMAYO",1
"9748","LUCIA CUADROS ESTEVEZ","NOELIA MARIA CAMPOS RODRIGUEZ",1
"9749","LUCIA CUADROS ESTEVEZ","PAULA DE LOS ANGELES BADANELLI BERRIOZABAL",1
"9750","LUCIA CUADROS ESTEVEZ","PURIFICACION FERNANDEZ MORALES",1
"9751","LUCIA CUADROS ESTEVEZ","RAFAEL SEGOVIA BROME",2
"9752","LUCIA CUADROS ESTEVEZ","RICARDO LOPEZ OLEA",2
"9753","LUCIA CUADROS ESTEVEZ","ROCIO MARIN ORTEGA",1
"9754","LUCIA CUADROS ESTEVEZ","RODRIGO JAVIER ALONSO FERNANDEZ",2
"9755","LUIS CARLOS GIMENEZ BALMORI","MARIA DE FATIMA PINACHO FERNANDEZ",1
"9756","LUIS CARLOS GIMENEZ BALMORI","MARIA DOLORES MATEO MATEOS",1
"9757","LUIS CARLOS GIMENEZ BALMORI","MARIA LUISA CALVO ENRIQUEZ",1
"9758","LUIS CARLOS GIMENEZ BALMORI","MARTA ALEGRIA MARTINEZ",1
"9759","LUIS CARLOS GIMENEZ BALMORI","MAURICIO ANGULO GUERRERO",1
"9760","LUIS CARLOS GIMENEZ BALMORI","MIGUEL CONTRERAS MARTINEZ",1
"9761","LUIS CARLOS GIMENEZ BALMORI","SUSANA SUAREZ VILLAGRA",1
"9762","LUIS FRANCISCO BIENDICHO GRACIA","MARIA CARMEN ROUCO LALIENA",1
"9763","LUIS FRANCISCO BIENDICHO GRACIA","MARIA ISABEL CALZADA ANDREU",1
"9764","LUIS FRANCISCO BIENDICHO GRACIA","MARIA PILAR DELGADO ANGLADA",1
"9765","LUIS FRANCISCO BIENDICHO GRACIA","MARTA FERNANDEZ MARTIN",1
"9766","LUIS FRANCISCO BIENDICHO GRACIA","MARTA MORENO RODRIGUEZ",1
"9767","LUIS FRANCISCO BIENDICHO GRACIA","SANTIAGO MORON SANJUAN",1
"9768","LUIS FRANCISCO BIENDICHO GRACIA","SERGIO MARCO JIMENEZ",1
"9769","LUIS FRANCISCO BIENDICHO GRACIA","VICENTE GALLASTEGUI AZNAR",1
"9770","LUIS GESTOSO DE MIGUEL","MACARENA OLONA CHOCLAN",2
"9771","LUIS GESTOSO DE MIGUEL","MAGDALENA MARGARITA CONTESTI ROSSELLO",1
"9772","LUIS GESTOSO DE MIGUEL","MANUEL GONZALEZ BAZAN",1
"9773","LUIS GESTOSO DE MIGUEL","MANUEL MARISCAL ZABALA",3
"9774","LUIS GESTOSO DE MIGUEL","MANUEL MESTRE BAREA",2
"9775","LUIS GESTOSO DE MIGUEL","MANUEL RAFAEL RODRIGUEZ VALERO",1
"9776","LUIS GESTOSO DE MIGUEL","MARIA DE LA CABEZA RUIZ SOLAS",3
"9777","LUIS GESTOSO DE MIGUEL","MARIA DE LOS REYES ROMERO VILCHES",3
"9778","LUIS GESTOSO DE MIGUEL","MARIA GUERRERO CANO",1
"9779","LUIS GESTOSO DE MIGUEL","MARIA JOSE RODRIGUEZ DE MILLAN PARRO",1
"9780","LUIS GESTOSO DE MIGUEL","MARIA MAGDALENA NEVADO DEL CAMPO",1
"9781","LUIS GESTOSO DE MIGUEL","MARIA TERESA LOPEZ ALVAREZ",1
"9782","LUIS GESTOSO DE MIGUEL","MARTA ALVAREZ BARRIO",1
"9783","LUIS GESTOSO DE MIGUEL","MIGUEL ANGEL FERNANDEZ LOPEZ",1
"9784","LUIS GESTOSO DE MIGUEL","PABLO JUAN CALVO LISTE",1
"9785","LUIS GESTOSO DE MIGUEL","PABLO SAEZ ALONSOMUNUMER",3
"9786","LUIS GESTOSO DE MIGUEL","PATRICIA DE LAS HERAS FERNANDEZ",1
"9787","LUIS GESTOSO DE MIGUEL","PATRICIA RUEDA PERELLO",3
"9788","LUIS GESTOSO DE MIGUEL","PEDRO FERNANDEZ HERNANDEZ",3
"9789","LUIS GESTOSO DE MIGUEL","PEDRO JESUS REQUEJO NOVOA",1
"9790","LUIS GESTOSO DE MIGUEL","RICARDO CHAMORRO DELMO",3
"9791","LUIS GESTOSO DE MIGUEL","ROCIO DE MEER MENDEZ",3
"9792","LUIS GESTOSO DE MIGUEL","RODRIGO JIMENEZ REVUELTA",1
"9793","LUIS GESTOSO DE MIGUEL","RUBEN SILVANO MANSO OLIVAR",1
"9794","LUIS GESTOSO DE MIGUEL","SANTIAGO ABASCAL CONDE",3
"9795","LUIS GESTOSO DE MIGUEL","SERAFIN SERRANO MARIN",1
"9796","LUIS GESTOSO DE MIGUEL","SERGIO MACIAN DE GREEF",1
"9797","LUIS GESTOSO DE MIGUEL","SONIA LUISA LALANDA SANMIGUEL",1
"9798","LUIS GESTOSO DE MIGUEL","TOMAS FERNANDEZ RIOS",1
"9799","LUIS GESTOSO DE MIGUEL","VICTOR GUIDO GONZALEZ COELLO DE PORTUGAL",2
"9800","LUIS GESTOSO DE MIGUEL","VICTOR MANUEL SANCHEZ DEL REAL",1
"9801","LUIS GESTOSO DE MIGUEL","YOLANDA MERELO PALOMARES",1
"9802","LUIS MANUEL GARCIA CASANOVA","NATHALIE GUICHARD DE ARTINANO",1
"9803","LUIS MAURICIO MULLER HEIBERG","SONSOLES PALACIOS MORENO",1
"9804","LUIS MIGUEL MARTIN ALBO SASTRE","MARTA MARTIN CUSTODIO",1
"9805","LUZ BELINDA RODRIGUEZ FERNANDEZ","MANUEL GAVIRA FLORENTINO",1
"9806","LUZ BELINDA RODRIGUEZ FERNANDEZ","MANUEL GONZALEZ BAZAN",1
"9807","LUZ BELINDA RODRIGUEZ FERNANDEZ","MARGARITA DE LA PISA CARRION",1
"9808","LUZ BELINDA RODRIGUEZ FERNANDEZ","MARIA CRISTINA PELAEZ IZQUIERDO",1
"9809","LUZ BELINDA RODRIGUEZ FERNANDEZ","MARIA DE LOS REYES ROMERO VILCHES",1
"9810","LUZ BELINDA RODRIGUEZ FERNANDEZ","MAZALY AGUILAR",1
"9811","LUZ BELINDA RODRIGUEZ FERNANDEZ","NOELIA MARIA CAMPOS RODRIGUEZ",1
"9812","LUZ BELINDA RODRIGUEZ FERNANDEZ","RAFAEL SEGOVIA BROME",1
"9813","M DEL CARMEN ROBLEDILLO SANCHEZ","MARIO ORTOLA MARTINEZ",1
"9814","M DEL PILAR CRUZ GARCIA","VICTOR MANUEL ACOSTA HERNANDEZ",1
"9815","MACARENA DUQUE MARTINEZ","MARIA BELEN GONZALEZ MORENO",1
"9816","MACARENA DUQUE MARTINEZ","ROCIO MONASTERIO SAN MARTIN",1
"9817","MACARENA OLONA CHOCLAN","MAGDALENA MARGARITA CONTESTI ROSSELLO",1
"9818","MACARENA OLONA CHOCLAN","MANUEL GAVIRA FLORENTINO",1
"9819","MACARENA OLONA CHOCLAN","MANUEL GONZALEZ BAZAN",2
"9820","MACARENA OLONA CHOCLAN","MANUEL JORGE MARTIN MONTERO",2
"9821","MACARENA OLONA CHOCLAN","MANUEL MARISCAL ZABALA",2
"9822","MACARENA OLONA CHOCLAN","MANUEL MESTRE BAREA",2
"9823","MACARENA OLONA CHOCLAN","MANUEL RAFAEL RODRIGUEZ VALERO",1
"9824","MACARENA OLONA CHOCLAN","MANUELA DEL MAR MARTIN IBANEZ",1
"9825","MACARENA OLONA CHOCLAN","MARGARITA DE LA PISA CARRION",2
"9826","MACARENA OLONA CHOCLAN","MARIA ADELA VAO CANADAS",1
"9827","MACARENA OLONA CHOCLAN","MARIA DE LA CABEZA RUIZ SOLAS",2
"9828","MACARENA OLONA CHOCLAN","MARIA DE LOS REYES ROMERO VILCHES",2
"9829","MACARENA OLONA CHOCLAN","MARIA DEL CARMEN MURIEL MARQUEZ",1
"9830","MACARENA OLONA CHOCLAN","MARIA DOLORES GOMEZ MORENO",2
"9831","MACARENA OLONA CHOCLAN","MARIA ELISA GARCIA FUSTER",1
"9832","MACARENA OLONA CHOCLAN","MARIA ISABEL DOMINGUEZ POMARES",1
"9833","MACARENA OLONA CHOCLAN","MARIA ISABEL PEREZ MARTIN",1
"9834","MACARENA OLONA CHOCLAN","MARIA JOSE RODRIGUEZ DE MILLAN PARRO",1
"9835","MACARENA OLONA CHOCLAN","MARIA LOPEZ ZAMBRANO",1
"9836","MACARENA OLONA CHOCLAN","MARIA MAGDALENA NEVADO DEL CAMPO",2
"9837","MACARENA OLONA CHOCLAN","MARIA MAGDALENA PUENTEDURA PEREZ",1
"9838","MACARENA OLONA CHOCLAN","MARIA MERCEDES RODRIGUEZ TAMAYO",2
"9839","MACARENA OLONA CHOCLAN","MARIA TERESA ARNEDO PEREZ",2
"9840","MACARENA OLONA CHOCLAN","MARIA TERESA LOPEZ ALVAREZ",1
"9841","MACARENA OLONA CHOCLAN","MARIA TERESA LOPEZ DIVASSON",2
"9842","MACARENA OLONA CHOCLAN","MARTA ALVAREZ BARRIO",1
"9843","MACARENA OLONA CHOCLAN","MARTA FERNANDEZ MARTIN",1
"9844","MACARENA OLONA CHOCLAN","MARTA GERVASIA GARRIDO MORENO",1
"9845","MACARENA OLONA CHOCLAN","MAZALY AGUILAR",1
"9846","MACARENA OLONA CHOCLAN","MIGUEL ANGEL FERNANDEZ LOPEZ",2
"9847","MACARENA OLONA CHOCLAN","MIGUEL ANGEL LOPEZ FERNANDEZ",1
"9848","MACARENA OLONA CHOCLAN","MIREIA BORRAS PABON",2
"9849","MACARENA OLONA CHOCLAN","MONICA LORA CISQUER",1
"9850","MACARENA OLONA CHOCLAN","MONTSERRAT CERVANTES LLORT",1
"9851","MACARENA OLONA CHOCLAN","OSCAR ARTURO FERNANDEZ CALLE",1
"9852","MACARENA OLONA CHOCLAN","PABLO JUAN CALVO LISTE",2
"9853","MACARENA OLONA CHOCLAN","PABLO SAEZ ALONSOMUNUMER",2
"9854","MACARENA OLONA CHOCLAN","PALOMA GOMEZ ENRIQUEZ",1
"9855","MACARENA OLONA CHOCLAN","PATRICIA DE LAS HERAS FERNANDEZ",1
"9856","MACARENA OLONA CHOCLAN","PATRICIA RUEDA PERELLO",2
"9857","MACARENA OLONA CHOCLAN","PEDRO FERNANDEZ HERNANDEZ",2
"9858","MACARENA OLONA CHOCLAN","PEDRO JESUS REQUEJO NOVOA",2
"9859","MACARENA OLONA CHOCLAN","PURIFICACION FERNANDEZ MORALES",1
"9860","MACARENA OLONA CHOCLAN","RAFAEL SEGOVIA BROME",1
"9861","MACARENA OLONA CHOCLAN","RAQUEL TOMAS PEDROSA",1
"9862","MACARENA OLONA CHOCLAN","RICARDO BELDA VALIENTE",2
"9863","MACARENA OLONA CHOCLAN","RICARDO CHAMORRO DELMO",2
"9864","MACARENA OLONA CHOCLAN","RICARDO LOPEZ OLEA",1
"9865","MACARENA OLONA CHOCLAN","ROCIO DE MEER MENDEZ",2
"9866","MACARENA OLONA CHOCLAN","RODRIGO JAVIER ALONSO FERNANDEZ",1
"9867","MACARENA OLONA CHOCLAN","RODRIGO JIMENEZ REVUELTA",2
"9868","MACARENA OLONA CHOCLAN","RUBEN SILVANO MANSO OLIVAR",2
"9869","MACARENA OLONA CHOCLAN","SANTIAGO ABASCAL CONDE",2
"9870","MACARENA OLONA CHOCLAN","SARA CONCEPCION ALVAREZ ROUCO",1
"9871","MACARENA OLONA CHOCLAN","SERAFIN SERRANO MARIN",1
"9872","MACARENA OLONA CHOCLAN","SERGIO BOTONERO GALAN",1
"9873","MACARENA OLONA CHOCLAN","SERGIO MACIAN DE GREEF",2
"9874","MACARENA OLONA CHOCLAN","SILVIA CLARA ENRIQUEZ GALLEGO",1
"9875","MACARENA OLONA CHOCLAN","SOLEDAD PEREZ RUBIO",1
"9876","MACARENA OLONA CHOCLAN","SONIA LUISA LALANDA SANMIGUEL",2
"9877","MACARENA OLONA CHOCLAN","TOMAS FERNANDEZ RIOS",2
"9878","MACARENA OLONA CHOCLAN","VICTOR GUIDO GONZALEZ COELLO DE PORTUGAL",2
"9879","MACARENA OLONA CHOCLAN","VICTOR MANUEL SANCHEZ DEL REAL",2
"9880","MACARENA OLONA CHOCLAN","YOLANDA MERELO PALOMARES",1
"9881","MAGDALENA MARGARITA CONTESTI ROSSELLO","MANUEL GONZALEZ BAZAN",1
"9882","MAGDALENA MARGARITA CONTESTI ROSSELLO","MANUEL MARISCAL ZABALA",1
"9883","MAGDALENA MARGARITA CONTESTI ROSSELLO","MANUEL MESTRE BAREA",1
"9884","MAGDALENA MARGARITA CONTESTI ROSSELLO","MANUEL RAFAEL RODRIGUEZ VALERO",1
"9885","MAGDALENA MARGARITA CONTESTI ROSSELLO","MARGARITA DE LA PISA CARRION",1
"9886","MAGDALENA MARGARITA CONTESTI ROSSELLO","MARIA DE LA CABEZA RUIZ SOLAS",1
"9887","MAGDALENA MARGARITA CONTESTI ROSSELLO","MARIA DE LOS REYES ROMERO VILCHES",1
"9888","MAGDALENA MARGARITA CONTESTI ROSSELLO","MARIA DOLORES GOMEZ MORENO",1
"9889","MAGDALENA MARGARITA CONTESTI ROSSELLO","MARIA MAGDALENA NEVADO DEL CAMPO",1
"9890","MAGDALENA MARGARITA CONTESTI ROSSELLO","MARIA MERCEDES RODRIGUEZ TAMAYO",1
"9891","MAGDALENA MARGARITA CONTESTI ROSSELLO","MARIA TERESA ARNEDO PEREZ",1
"9892","MAGDALENA MARGARITA CONTESTI ROSSELLO","MARIA TERESA LOPEZ DIVASSON",1
"9893","MAGDALENA MARGARITA CONTESTI ROSSELLO","MARTA ALVAREZ BARRIO",1
"9894","MAGDALENA MARGARITA CONTESTI ROSSELLO","MARTA FERNANDEZ MARTIN",1
"9895","MAGDALENA MARGARITA CONTESTI ROSSELLO","MARTA GERVASIA GARRIDO MORENO",1
"9896","MAGDALENA MARGARITA CONTESTI ROSSELLO","MIGUEL ANGEL FERNANDEZ LOPEZ",1
"9897","MAGDALENA MARGARITA CONTESTI ROSSELLO","MIREIA BORRAS PABON",1
"9898","MAGDALENA MARGARITA CONTESTI ROSSELLO","PABLO JUAN CALVO LISTE",1
"9899","MAGDALENA MARGARITA CONTESTI ROSSELLO","PABLO SAEZ ALONSOMUNUMER",1
"9900","MAGDALENA MARGARITA CONTESTI ROSSELLO","PALOMA GOMEZ ENRIQUEZ",1
"9901","MAGDALENA MARGARITA CONTESTI ROSSELLO","PATRICIA DE LAS HERAS FERNANDEZ",1
"9902","MAGDALENA MARGARITA CONTESTI ROSSELLO","PATRICIA RUEDA PERELLO",1
"9903","MAGDALENA MARGARITA CONTESTI ROSSELLO","PEDRO FERNANDEZ HERNANDEZ",1
"9904","MAGDALENA MARGARITA CONTESTI ROSSELLO","PEDRO JESUS REQUEJO NOVOA",1
"9905","MAGDALENA MARGARITA CONTESTI ROSSELLO","RAQUEL TOMAS PEDROSA",1
"9906","MAGDALENA MARGARITA CONTESTI ROSSELLO","RICARDO BELDA VALIENTE",1
"9907","MAGDALENA MARGARITA CONTESTI ROSSELLO","RICARDO CHAMORRO DELMO",1
"9908","MAGDALENA MARGARITA CONTESTI ROSSELLO","ROCIO DE MEER MENDEZ",1
"9909","MAGDALENA MARGARITA CONTESTI ROSSELLO","RODRIGO JIMENEZ REVUELTA",1
"9910","MAGDALENA MARGARITA CONTESTI ROSSELLO","RUBEN SILVANO MANSO OLIVAR",1
"9911","MAGDALENA MARGARITA CONTESTI ROSSELLO","SANTIAGO ABASCAL CONDE",1
"9912","MAGDALENA MARGARITA CONTESTI ROSSELLO","SARA CONCEPCION ALVAREZ ROUCO",1
"9913","MAGDALENA MARGARITA CONTESTI ROSSELLO","SERAFIN SERRANO MARIN",1
"9914","MAGDALENA MARGARITA CONTESTI ROSSELLO","SERGIO BOTONERO GALAN",1
"9915","MAGDALENA MARGARITA CONTESTI ROSSELLO","SERGIO MACIAN DE GREEF",1
"9916","MAGDALENA MARGARITA CONTESTI ROSSELLO","SONIA LUISA LALANDA SANMIGUEL",1
"9917","MAGDALENA MARGARITA CONTESTI ROSSELLO","TOMAS FERNANDEZ RIOS",1
"9918","MAGDALENA MARGARITA CONTESTI ROSSELLO","VICTOR GUIDO GONZALEZ COELLO DE PORTUGAL",1
"9919","MAGDALENA MARGARITA CONTESTI ROSSELLO","VICTOR MANUEL SANCHEZ DEL REAL",1
"9920","MAGDALENA MARGARITA CONTESTI ROSSELLO","YOLANDA MERELO PALOMARES",1
"9921","MANUEL GAVIRA FLORENTINO","MANUEL JESUS VELA SABORIDO",1
"9922","MANUEL GAVIRA FLORENTINO","MANUEL JORGE MARTIN MONTERO",1
"9923","MANUEL GAVIRA FLORENTINO","MANUELA DEL MAR MARTIN IBANEZ",1
"9924","MANUEL GAVIRA FLORENTINO","MARIA ADELA VAO CANADAS",2
"9925","MANUEL GAVIRA FLORENTINO","MARIA CRISTINA PELAEZ IZQUIERDO",1
"9926","MANUEL GAVIRA FLORENTINO","MARIA DE LA CRUZ LOZANO MARIN",1
"9927","MANUEL GAVIRA FLORENTINO","MARIA DEL CARMEN INFANTES HERNANDEZ",1
"9928","MANUEL GAVIRA FLORENTINO","MARIA DEL CARMEN MURIEL MARQUEZ",1
"9929","MANUEL GAVIRA FLORENTINO","MARIA GORETTI EIBERLE SANCHEZ DE TOCA",1
"9930","MANUEL GAVIRA FLORENTINO","MARIA JOSE RODRIGUEZ DE MILLAN PARRO",1
"9931","MANUEL GAVIRA FLORENTINO","MARIA LOPEZ ZAMBRANO",1
"9932","MANUEL GAVIRA FLORENTINO","MARIA MAGDALENA PUENTEDURA PEREZ",1
"9933","MANUEL GAVIRA FLORENTINO","MARIA MERCEDES RODRIGUEZ TAMAYO",1
"9934","MANUEL GAVIRA FLORENTINO","MONTSERRAT CERVANTES LLORT",1
"9935","MANUEL GAVIRA FLORENTINO","NOELIA MARIA CAMPOS RODRIGUEZ",1
"9936","MANUEL GAVIRA FLORENTINO","OTILIA ALARCON CAMUS",1
"9937","MANUEL GAVIRA FLORENTINO","PAULA DE LOS ANGELES BADANELLI BERRIOZABAL",1
"9938","MANUEL GAVIRA FLORENTINO","PURIFICACION FERNANDEZ MORALES",2
"9939","MANUEL GAVIRA FLORENTINO","RAFAEL SEGOVIA BROME",2
"9940","MANUEL GAVIRA FLORENTINO","RICARDO LOPEZ OLEA",2
"9941","MANUEL GAVIRA FLORENTINO","ROCIO MARIN ORTEGA",1
"9942","MANUEL GAVIRA FLORENTINO","RODRIGO JAVIER ALONSO FERNANDEZ",2
"9943","MANUEL GAVIRA FLORENTINO","SILVIA CLARA ENRIQUEZ GALLEGO",2
"9944","MANUEL GAVIRA FLORENTINO","SILVIA MARIA BELLIDO VERA",1
"9945","MANUEL GAVIRA FLORENTINO","SOLEDAD PEREZ RUBIO",1
"9946","MANUEL GONZALEZ BAZAN","MANUEL MARISCAL ZABALA",2
"9947","MANUEL GONZALEZ BAZAN","MANUEL MESTRE BAREA",2
"9948","MANUEL GONZALEZ BAZAN","MANUEL RAFAEL RODRIGUEZ VALERO",1
"9949","MANUEL GONZALEZ BAZAN","MARGARITA DE LA PISA CARRION",2
"9950","MANUEL GONZALEZ BAZAN","MARIA DE LA CABEZA RUIZ SOLAS",2
"9951","MANUEL GONZALEZ BAZAN","MARIA DE LOS REYES ROMERO VILCHES",2
"9952","MANUEL GONZALEZ BAZAN","MARIA DOLORES GOMEZ MORENO",1
"9953","MANUEL GONZALEZ BAZAN","MARIA MAGDALENA NEVADO DEL CAMPO",1
"9954","MANUEL GONZALEZ BAZAN","MARIA MERCEDES RODRIGUEZ TAMAYO",1
"9955","MANUEL GONZALEZ BAZAN","MARIA TERESA ARNEDO PEREZ",1
"9956","MANUEL GONZALEZ BAZAN","MARIA TERESA LOPEZ DIVASSON",1
"9957","MANUEL GONZALEZ BAZAN","MARTA ALVAREZ BARRIO",1
"9958","MANUEL GONZALEZ BAZAN","MARTA FERNANDEZ MARTIN",1
"9959","MANUEL GONZALEZ BAZAN","MARTA GERVASIA GARRIDO MORENO",1
"9960","MANUEL GONZALEZ BAZAN","MAZALY AGUILAR",1
"9961","MANUEL GONZALEZ BAZAN","MIGUEL ANGEL FERNANDEZ LOPEZ",1
"9962","MANUEL GONZALEZ BAZAN","MIREIA BORRAS PABON",1
"9963","MANUEL GONZALEZ BAZAN","PABLO JUAN CALVO LISTE",1
"9964","MANUEL GONZALEZ BAZAN","PABLO SAEZ ALONSOMUNUMER",2
"9965","MANUEL GONZALEZ BAZAN","PALOMA GOMEZ ENRIQUEZ",1
"9966","MANUEL GONZALEZ BAZAN","PATRICIA DE LAS HERAS FERNANDEZ",1
"9967","MANUEL GONZALEZ BAZAN","PATRICIA RUEDA PERELLO",2
"9968","MANUEL GONZALEZ BAZAN","PEDRO FERNANDEZ HERNANDEZ",2
"9969","MANUEL GONZALEZ BAZAN","PEDRO JESUS REQUEJO NOVOA",1
"9970","MANUEL GONZALEZ BAZAN","RAQUEL TOMAS PEDROSA",1
"9971","MANUEL GONZALEZ BAZAN","RICARDO BELDA VALIENTE",1
"9972","MANUEL GONZALEZ BAZAN","RICARDO CHAMORRO DELMO",2
"9973","MANUEL GONZALEZ BAZAN","ROCIO DE MEER MENDEZ",2
"9974","MANUEL GONZALEZ BAZAN","RODRIGO JIMENEZ REVUELTA",1
"9975","MANUEL GONZALEZ BAZAN","RUBEN SILVANO MANSO OLIVAR",1
"9976","MANUEL GONZALEZ BAZAN","SANTIAGO ABASCAL CONDE",2
"9977","MANUEL GONZALEZ BAZAN","SARA CONCEPCION ALVAREZ ROUCO",1
"9978","MANUEL GONZALEZ BAZAN","SERAFIN SERRANO MARIN",1
"9979","MANUEL GONZALEZ BAZAN","SERGIO BOTONERO GALAN",1
"9980","MANUEL GONZALEZ BAZAN","SERGIO MACIAN DE GREEF",1
"9981","MANUEL GONZALEZ BAZAN","SONIA LUISA LALANDA SANMIGUEL",1
"9982","MANUEL GONZALEZ BAZAN","TOMAS FERNANDEZ RIOS",1
"9983","MANUEL GONZALEZ BAZAN","VICTOR GUIDO GONZALEZ COELLO DE PORTUGAL",1
"9984","MANUEL GONZALEZ BAZAN","VICTOR MANUEL SANCHEZ DEL REAL",2
"9985","MANUEL GONZALEZ BAZAN","YOLANDA MERELO PALOMARES",1
"9986","MANUEL JESUS ACOSTA ELIAS","MARIA ELISA GARCIA FUSTER",2
"9987","MANUEL JESUS ACOSTA ELIAS","MONICA LORA CISQUER",2
"9988","MANUEL JESUS ACOSTA ELIAS","RAFAEL VILLAFRANCA MERCE",1
"9989","MANUEL JESUS ACOSTA ELIAS","SERGI FABRI LLAVERO",1
"9990","MANUEL JESUS ACOSTA ELIAS","SERGIO MACIAN DE GREEF",2
"9991","MANUEL JESUS VELA SABORIDO","MARIA CRISTINA PELAEZ IZQUIERDO",1
"9992","MANUEL JESUS VELA SABORIDO","MARIA GORETTI EIBERLE SANCHEZ DE TOCA",1
"9993","MANUEL JESUS VELA SABORIDO","NOELIA MARIA CAMPOS RODRIGUEZ",1
"9994","MANUEL JESUS VELA SABORIDO","PAULA DE LOS ANGELES BADANELLI BERRIOZABAL",1
"9995","MANUEL JESUS VELA SABORIDO","RAFAEL SEGOVIA BROME",1
"9996","MANUEL JESUS VELA SABORIDO","RICARDO LOPEZ OLEA",1
"9997","MANUEL JESUS VELA SABORIDO","ROCIO MARIN ORTEGA",1
"9998","MANUEL JESUS VELA SABORIDO","RODRIGO JAVIER ALONSO FERNANDEZ",1
"9999","MANUEL JORGE MARTIN MONTERO","MANUEL MARISCAL ZABALA",1
"10000","MANUEL JORGE MARTIN MONTERO","MANUEL MESTRE BAREA",1
"10001","MANUEL JORGE MARTIN MONTERO","MARIA DE LA CABEZA RUIZ SOLAS",1
"10002","MANUEL JORGE MARTIN MONTERO","MARIA DE LOS REYES ROMERO VILCHES",1
"10003","MANUEL JORGE MARTIN MONTERO","MARIA JOSE RODRIGUEZ DE MILLAN PARRO",1
"10004","MANUEL JORGE MARTIN MONTERO","MARIA MAGDALENA PUENTEDURA PEREZ",1
"10005","MANUEL JORGE MARTIN MONTERO","MARIA MERCEDES RODRIGUEZ TAMAYO",1
"10006","MANUEL JORGE MARTIN MONTERO","PABLO SAEZ ALONSOMUNUMER",1
"10007","MANUEL JORGE MARTIN MONTERO","PATRICIA RUEDA PERELLO",1
"10008","MANUEL JORGE MARTIN MONTERO","PEDRO FERNANDEZ HERNANDEZ",1
"10009","MANUEL JORGE MARTIN MONTERO","PURIFICACION FERNANDEZ MORALES",1
"10010","MANUEL JORGE MARTIN MONTERO","RAFAEL SEGOVIA BROME",1
"10011","MANUEL JORGE MARTIN MONTERO","RICARDO CHAMORRO DELMO",1
"10012","MANUEL JORGE MARTIN MONTERO","RICARDO LOPEZ OLEA",1
"10013","MANUEL JORGE MARTIN MONTERO","ROCIO DE MEER MENDEZ",1
"10014","MANUEL JORGE MARTIN MONTERO","RODRIGO JAVIER ALONSO FERNANDEZ",1
"10015","MANUEL JORGE MARTIN MONTERO","SANTIAGO ABASCAL CONDE",1
"10016","MANUEL JORGE MARTIN MONTERO","VICTOR MANUEL SANCHEZ DEL REAL",1
"10017","MANUEL MARISCAL ZABALA","MANUEL MESTRE BAREA",2
"10018","MANUEL MARISCAL ZABALA","MANUEL RAFAEL RODRIGUEZ VALERO",1
"10019","MANUEL MARISCAL ZABALA","MANUELA BOLADO ALCALDE",1
"10020","MANUEL MARISCAL ZABALA","MANUELA DEL MAR MARTIN IBANEZ",1
"10021","MANUEL MARISCAL ZABALA","MARGARITA DE LA PISA CARRION",2
"10022","MANUEL MARISCAL ZABALA","MARIA ARANZAZU MARTINEZ RIOLA",1
"10023","MANUEL MARISCAL ZABALA","MARIA BEATRIZ CASTILLEJO SEVILLA",1
"10024","MANUEL MARISCAL ZABALA","MARIA BELEN MANZANO SAGUAR",1
"10025","MANUEL MARISCAL ZABALA","MARIA DE LA CABEZA RUIZ SOLAS",3
"10026","MANUEL MARISCAL ZABALA","MARIA DE LA CRUZ LOZANO MARIN",1
"10027","MANUEL MARISCAL ZABALA","MARIA DE LOS REYES ROMERO VILCHES",3
"10028","MANUEL MARISCAL ZABALA","MARIA DEL PILAR BAOS REVILLA",1
"10029","MANUEL MARISCAL ZABALA","MARIA DOLORES GOMEZ MORENO",2
"10030","MANUEL MARISCAL ZABALA","MARIA DOLORES MATEO MATEOS",1
"10031","MANUEL MARISCAL ZABALA","MARIA ELISA GARCIA FUSTER",1
"10032","MANUEL MARISCAL ZABALA","MARIA GEMA ESCOLANO BERNA",1
"10033","MANUEL MARISCAL ZABALA","MARIA INES DIAZ CASAS",1
"10034","MANUEL MARISCAL ZABALA","MARIA ISABEL DOMINGUEZ POMARES",1
"10035","MANUEL MARISCAL ZABALA","MARIA ISABEL PEREZ MARTIN",1
"10036","MANUEL MARISCAL ZABALA","MARIA JOSE RODRIGUEZ DE MILLAN PARRO",1
"10037","MANUEL MARISCAL ZABALA","MARIA LOPEZ ZAMBRANO",1
"10038","MANUEL MARISCAL ZABALA","MARIA LUISA MENENDEZ MARTINEZ",1
"10039","MANUEL MARISCAL ZABALA","MARIA MAGDALENA NEVADO DEL CAMPO",3
"10040","MANUEL MARISCAL ZABALA","MARIA MAGDALENA PUENTEDURA PEREZ",1
"10041","MANUEL MARISCAL ZABALA","MARIA MERCEDES RODRIGUEZ TAMAYO",1
"10042","MANUEL MARISCAL ZABALA","MARIA SUSANA JIMENEZ AIBAR",1
"10043","MANUEL MARISCAL ZABALA","MARIA TERESA ARNEDO PEREZ",2
"10044","MANUEL MARISCAL ZABALA","MARIA TERESA GARCIA DE LA ROSA JIMENEZ",1
"10045","MANUEL MARISCAL ZABALA","MARIA TERESA LOPEZ ALVAREZ",2
"10046","MANUEL MARISCAL ZABALA","MARIA TERESA LOPEZ DIVASSON",3
"10047","MANUEL MARISCAL ZABALA","MARIA VIDAL BENNASAR",1
"10048","MANUEL MARISCAL ZABALA","MARIA ZULEMA SAN JOSE SANCHEZ",1
"10049","MANUEL MARISCAL ZABALA","MARINA DABAN ALONSO",1
"10050","MANUEL MARISCAL ZABALA","MARTA ALEGRIA MARTINEZ",1
"10051","MANUEL MARISCAL ZABALA","MARTA ALVAREZ BARRIO",1
"10052","MANUEL MARISCAL ZABALA","MARTA FERNANDEZ MARTIN",1
"10053","MANUEL MARISCAL ZABALA","MARTA GERVASIA GARRIDO MORENO",2
"10054","MANUEL MARISCAL ZABALA","MARTA MARTIN CUSTODIO",1
"10055","MANUEL MARISCAL ZABALA","MAZALY AGUILAR",1
"10056","MANUEL MARISCAL ZABALA","MIGUEL ANGEL FERNANDEZ LOPEZ",2
"10057","MANUEL MARISCAL ZABALA","MIGUEL ANGEL LOPEZ FERNANDEZ",1
"10058","MANUEL MARISCAL ZABALA","MIGUEL MALDONADO CABALLERO",1
"10059","MANUEL MARISCAL ZABALA","MIREIA BORRAS PABON",2
"10060","MANUEL MARISCAL ZABALA","MONICA LORA CISQUER",2
"10061","MANUEL MARISCAL ZABALA","OLIVIA MORENO NAVAS",1
"10062","MANUEL MARISCAL ZABALA","OSCAR ARTURO FERNANDEZ CALLE",1
"10063","MANUEL MARISCAL ZABALA","PABLO JUAN CALVO LISTE",3
"10064","MANUEL MARISCAL ZABALA","PABLO PEREZ GALLARDO",1
"10065","MANUEL MARISCAL ZABALA","PABLO SAEZ ALONSOMUNUMER",3
"10066","MANUEL MARISCAL ZABALA","PALOMA GOMEZ ENRIQUEZ",2
"10067","MANUEL MARISCAL ZABALA","PATRICIA DE LAS HERAS FERNANDEZ",1
"10068","MANUEL MARISCAL ZABALA","PATRICIA ESCAMEZ MARIN",1
"10069","MANUEL MARISCAL ZABALA","PATRICIA RUEDA PERELLO",3
"10070","MANUEL MARISCAL ZABALA","PAULA DE LOS ANGELES BADANELLI BERRIOZABAL",1
"10071","MANUEL MARISCAL ZABALA","PEDRO FERNANDEZ HERNANDEZ",3
"10072","MANUEL MARISCAL ZABALA","PEDRO JESUS REQUEJO NOVOA",3
"10073","MANUEL MARISCAL ZABALA","RAFAEL RICARDO GONZALEZ GALLEGO",1
"10074","MANUEL MARISCAL ZABALA","RAFAEL SEGOVIA BROME",1
"10075","MANUEL MARISCAL ZABALA","RAQUEL TOMAS PEDROSA",1
"10076","MANUEL MARISCAL ZABALA","RICARDO BELDA VALIENTE",2
"10077","MANUEL MARISCAL ZABALA","RICARDO CHAMORRO DELMO",3
"10078","MANUEL MARISCAL ZABALA","ROCIO DE MEER MENDEZ",3
"10079","MANUEL MARISCAL ZABALA","RODRIGO JIMENEZ REVUELTA",3
"10080","MANUEL MARISCAL ZABALA","RUBEN SILVANO MANSO OLIVAR",2
"10081","MANUEL MARISCAL ZABALA","SALOME NIETO TARRAGA",1
"10082","MANUEL MARISCAL ZABALA","SANTIAGO ABASCAL CONDE",3
"10083","MANUEL MARISCAL ZABALA","SARA CONCEPCION ALVAREZ ROUCO",1
"10084","MANUEL MARISCAL ZABALA","SERAFIN SERRANO MARIN",1
"10085","MANUEL MARISCAL ZABALA","SERGI FABRI LLAVERO",1
"10086","MANUEL MARISCAL ZABALA","SERGIO BOTONERO GALAN",1
"10087","MANUEL MARISCAL ZABALA","SERGIO CHAGARTEGUI SANCHEZ",1
"10088","MANUEL MARISCAL ZABALA","SERGIO MACIAN DE GREEF",3
"10089","MANUEL MARISCAL ZABALA","SILVIA CLARA ENRIQUEZ GALLEGO",1
"10090","MANUEL MARISCAL ZABALA","SOLEDAD PEREZ RUBIO",1
"10091","MANUEL MARISCAL ZABALA","SONIA LUISA LALANDA SANMIGUEL",2
"10092","MANUEL MARISCAL ZABALA","SONSOLES PALACIOS MORENO",1
"10093","MANUEL MARISCAL ZABALA","TEODORO RAMON POZO MUNIZ",1
"10094","MANUEL MARISCAL ZABALA","TOMAS FERNANDEZ RIOS",3
"10095","MANUEL MARISCAL ZABALA","VALENTIN LOPEZ LOPEZ",1
"10096","MANUEL MARISCAL ZABALA","VICTOR GUIDO GONZALEZ COELLO DE PORTUGAL",3
"10097","MANUEL MARISCAL ZABALA","VICTOR MANUEL ACOSTA HERNANDEZ",1
"10098","MANUEL MARISCAL ZABALA","VICTOR MANUEL SANCHEZ DEL REAL",2
"10099","MANUEL MARISCAL ZABALA","VIRGINIA HUERTAS PECHUAN",1
"10100","MANUEL MARISCAL ZABALA","YOLANDA MERELO PALOMARES",2
"10101","MANUEL MAS SANCHEZ","MARIA ESPERANZA CATALA RIBO",1
"10102","MANUEL MAS SANCHEZ","SERGIO RODRIGUEZ FARRE",1
"10103","MANUEL MESTRE BAREA","MANUEL RAFAEL RODRIGUEZ VALERO",1
"10104","MANUEL MESTRE BAREA","MARGARITA DE LA PISA CARRION",1
"10105","MANUEL MESTRE BAREA","MARIA DE LA CABEZA RUIZ SOLAS",2
"10106","MANUEL MESTRE BAREA","MARIA DE LOS REYES ROMERO VILCHES",2
"10107","MANUEL MESTRE BAREA","MARIA DOLORES GOMEZ MORENO",2
"10108","MANUEL MESTRE BAREA","MARIA ELISA GARCIA FUSTER",1
"10109","MANUEL MESTRE BAREA","MARIA ISABEL DOMINGUEZ POMARES",1
"10110","MANUEL MESTRE BAREA","MARIA ISABEL PEREZ MARTIN",1
"10111","MANUEL MESTRE BAREA","MARIA MAGDALENA NEVADO DEL CAMPO",2
"10112","MANUEL MESTRE BAREA","MARIA MERCEDES RODRIGUEZ TAMAYO",1
"10113","MANUEL MESTRE BAREA","MARIA TERESA ARNEDO PEREZ",2
"10114","MANUEL MESTRE BAREA","MARIA TERESA LOPEZ ALVAREZ",1
"10115","MANUEL MESTRE BAREA","MARIA TERESA LOPEZ DIVASSON",2
"10116","MANUEL MESTRE BAREA","MARTA ALVAREZ BARRIO",1
"10117","MANUEL MESTRE BAREA","MARTA FERNANDEZ MARTIN",1
"10118","MANUEL MESTRE BAREA","MARTA GERVASIA GARRIDO MORENO",1
"10119","MANUEL MESTRE BAREA","MIGUEL ANGEL FERNANDEZ LOPEZ",2
"10120","MANUEL MESTRE BAREA","MIGUEL ANGEL LOPEZ FERNANDEZ",1
"10121","MANUEL MESTRE BAREA","MIREIA BORRAS PABON",2
"10122","MANUEL MESTRE BAREA","MONICA LORA CISQUER",1
"10123","MANUEL MESTRE BAREA","OSCAR ARTURO FERNANDEZ CALLE",1
"10124","MANUEL MESTRE BAREA","PABLO JUAN CALVO LISTE",2
"10125","MANUEL MESTRE BAREA","PABLO SAEZ ALONSOMUNUMER",2
"10126","MANUEL MESTRE BAREA","PALOMA GOMEZ ENRIQUEZ",1
"10127","MANUEL MESTRE BAREA","PATRICIA DE LAS HERAS FERNANDEZ",1
"10128","MANUEL MESTRE BAREA","PATRICIA RUEDA PERELLO",2
"10129","MANUEL MESTRE BAREA","PEDRO FERNANDEZ HERNANDEZ",2
"10130","MANUEL MESTRE BAREA","PEDRO JESUS REQUEJO NOVOA",2
"10131","MANUEL MESTRE BAREA","RAQUEL TOMAS PEDROSA",1
"10132","MANUEL MESTRE BAREA","RICARDO BELDA VALIENTE",2
"10133","MANUEL MESTRE BAREA","RICARDO CHAMORRO DELMO",2
"10134","MANUEL MESTRE BAREA","ROCIO DE MEER MENDEZ",2
"10135","MANUEL MESTRE BAREA","RODRIGO JIMENEZ REVUELTA",2
"10136","MANUEL MESTRE BAREA","RUBEN SILVANO MANSO OLIVAR",2
"10137","MANUEL MESTRE BAREA","SANTIAGO ABASCAL CONDE",2
"10138","MANUEL MESTRE BAREA","SARA CONCEPCION ALVAREZ ROUCO",1
"10139","MANUEL MESTRE BAREA","SERAFIN SERRANO MARIN",1
"10140","MANUEL MESTRE BAREA","SERGIO BOTONERO GALAN",1
"10141","MANUEL MESTRE BAREA","SERGIO MACIAN DE GREEF",2
"10142","MANUEL MESTRE BAREA","SONIA LUISA LALANDA SANMIGUEL",2
"10143","MANUEL MESTRE BAREA","TOMAS FERNANDEZ RIOS",2
"10144","MANUEL MESTRE BAREA","VICTOR GUIDO GONZALEZ COELLO DE PORTUGAL",2
"10145","MANUEL MESTRE BAREA","VICTOR MANUEL SANCHEZ DEL REAL",2
"10146","MANUEL MESTRE BAREA","YOLANDA MERELO PALOMARES",1
"10147","MANUEL RAFAEL RODRIGUEZ VALERO","MARGARITA DE LA PISA CARRION",1
"10148","MANUEL RAFAEL RODRIGUEZ VALERO","MARIA DE LA CABEZA RUIZ SOLAS",1
"10149","MANUEL RAFAEL RODRIGUEZ VALERO","MARIA DE LOS REYES ROMERO VILCHES",1
"10150","MANUEL RAFAEL RODRIGUEZ VALERO","MARIA DOLORES GOMEZ MORENO",1
"10151","MANUEL RAFAEL RODRIGUEZ VALERO","MARIA MAGDALENA NEVADO DEL CAMPO",1
"10152","MANUEL RAFAEL RODRIGUEZ VALERO","MARIA MERCEDES RODRIGUEZ TAMAYO",1
"10153","MANUEL RAFAEL RODRIGUEZ VALERO","MARIA TERESA ARNEDO PEREZ",1
"10154","MANUEL RAFAEL RODRIGUEZ VALERO","MARIA TERESA LOPEZ DIVASSON",1
"10155","MANUEL RAFAEL RODRIGUEZ VALERO","MARTA ALVAREZ BARRIO",1
"10156","MANUEL RAFAEL RODRIGUEZ VALERO","MARTA FERNANDEZ MARTIN",1
"10157","MANUEL RAFAEL RODRIGUEZ VALERO","MARTA GERVASIA GARRIDO MORENO",1
"10158","MANUEL RAFAEL RODRIGUEZ VALERO","MIGUEL ANGEL FERNANDEZ LOPEZ",1
"10159","MANUEL RAFAEL RODRIGUEZ VALERO","MIREIA BORRAS PABON",1
"10160","MANUEL RAFAEL RODRIGUEZ VALERO","PABLO JUAN CALVO LISTE",1
"10161","MANUEL RAFAEL RODRIGUEZ VALERO","PABLO SAEZ ALONSOMUNUMER",1
"10162","MANUEL RAFAEL RODRIGUEZ VALERO","PALOMA GOMEZ ENRIQUEZ",1
"10163","MANUEL RAFAEL RODRIGUEZ VALERO","PATRICIA DE LAS HERAS FERNANDEZ",1
"10164","MANUEL RAFAEL RODRIGUEZ VALERO","PATRICIA RUEDA PERELLO",1
"10165","MANUEL RAFAEL RODRIGUEZ VALERO","PEDRO FERNANDEZ HERNANDEZ",1
"10166","MANUEL RAFAEL RODRIGUEZ VALERO","PEDRO JESUS REQUEJO NOVOA",1
"10167","MANUEL RAFAEL RODRIGUEZ VALERO","RAQUEL TOMAS PEDROSA",1
"10168","MANUEL RAFAEL RODRIGUEZ VALERO","RICARDO BELDA VALIENTE",1
"10169","MANUEL RAFAEL RODRIGUEZ VALERO","RICARDO CHAMORRO DELMO",1
"10170","MANUEL RAFAEL RODRIGUEZ VALERO","ROCIO DE MEER MENDEZ",1
"10171","MANUEL RAFAEL RODRIGUEZ VALERO","RODRIGO JIMENEZ REVUELTA",1
"10172","MANUEL RAFAEL RODRIGUEZ VALERO","RUBEN SILVANO MANSO OLIVAR",1
"10173","MANUEL RAFAEL RODRIGUEZ VALERO","SANTIAGO ABASCAL CONDE",1
"10174","MANUEL RAFAEL RODRIGUEZ VALERO","SARA CONCEPCION ALVAREZ ROUCO",1
"10175","MANUEL RAFAEL RODRIGUEZ VALERO","SERAFIN SERRANO MARIN",1
"10176","MANUEL RAFAEL RODRIGUEZ VALERO","SERGIO BOTONERO GALAN",1
"10177","MANUEL RAFAEL RODRIGUEZ VALERO","SERGIO MACIAN DE GREEF",1
"10178","MANUEL RAFAEL RODRIGUEZ VALERO","SONIA LUISA LALANDA SANMIGUEL",1
"10179","MANUEL RAFAEL RODRIGUEZ VALERO","TOMAS FERNANDEZ RIOS",1
"10180","MANUEL RAFAEL RODRIGUEZ VALERO","VICTOR GUIDO GONZALEZ COELLO DE PORTUGAL",1
"10181","MANUEL RAFAEL RODRIGUEZ VALERO","VICTOR MANUEL SANCHEZ DEL REAL",1
"10182","MANUEL RAFAEL RODRIGUEZ VALERO","YOLANDA MERELO PALOMARES",1
"10183","MANUEL VICENTE MARTINEZ GONZALEZ","PEDRO BESTARD MARTINEZ",1
"10184","MANUELA BOLADO ALCALDE","MARIA DE LA CABEZA RUIZ SOLAS",1
"10185","MANUELA BOLADO ALCALDE","MARIA DE LOS REYES ROMERO VILCHES",1
"10186","MANUELA BOLADO ALCALDE","MARIA JOSE RODRIGUEZ DE MILLAN PARRO",1
"10187","MANUELA BOLADO ALCALDE","MARIA MAGDALENA NEVADO DEL CAMPO",1
"10188","MANUELA BOLADO ALCALDE","MARIA TERESA LOPEZ ALVAREZ",1
"10189","MANUELA BOLADO ALCALDE","NATIVIDAD PEREZ SALAZAR",1
"10190","MANUELA BOLADO ALCALDE","PABLO JUAN CALVO LISTE",1
"10191","MANUELA BOLADO ALCALDE","PABLO SAEZ ALONSOMUNUMER",1
"10192","MANUELA BOLADO ALCALDE","PATRICIA RUEDA PERELLO",1
"10193","MANUELA BOLADO ALCALDE","PEDRO FERNANDEZ HERNANDEZ",1
"10194","MANUELA BOLADO ALCALDE","PEDRO JESUS REQUEJO NOVOA",1
"10195","MANUELA BOLADO ALCALDE","RICARDO CHAMORRO DELMO",1
"10196","MANUELA BOLADO ALCALDE","ROCIO DE MEER MENDEZ",1
"10197","MANUELA BOLADO ALCALDE","RODRIGO JIMENEZ REVUELTA",1
"10198","MANUELA BOLADO ALCALDE","SANTIAGO ABASCAL CONDE",1
"10199","MANUELA BOLADO ALCALDE","SERGIO MACIAN DE GREEF",1
"10200","MANUELA BOLADO ALCALDE","TOMAS FERNANDEZ RIOS",1
"10201","MANUELA BOLADO ALCALDE","VICTOR GUIDO GONZALEZ COELLO DE PORTUGAL",1
"10202","MANUELA BOLADO ALCALDE","YOLANDA MERELO PALOMARES",1
"10203","MANUELA DEL MAR MARTIN IBANEZ","MARIA DE LA CABEZA RUIZ SOLAS",1
"10204","MANUELA DEL MAR MARTIN IBANEZ","MARIA DE LOS REYES ROMERO VILCHES",1
"10205","MANUELA DEL MAR MARTIN IBANEZ","MARIA JOSE RODRIGUEZ DE MILLAN PARRO",2
"10206","MANUELA DEL MAR MARTIN IBANEZ","MARIA MAGDALENA NEVADO DEL CAMPO",1
"10207","MANUELA DEL MAR MARTIN IBANEZ","MARIA MAGDALENA PUENTEDURA PEREZ",1
"10208","MANUELA DEL MAR MARTIN IBANEZ","MARIA MERCEDES RODRIGUEZ TAMAYO",1
"10209","MANUELA DEL MAR MARTIN IBANEZ","MARIA TERESA LOPEZ ALVAREZ",1
"10210","MANUELA DEL MAR MARTIN IBANEZ","PABLO JUAN CALVO LISTE",1
"10211","MANUELA DEL MAR MARTIN IBANEZ","PABLO SAEZ ALONSOMUNUMER",1
"10212","MANUELA DEL MAR MARTIN IBANEZ","PATRICIA RUEDA PERELLO",1
"10213","MANUELA DEL MAR MARTIN IBANEZ","PEDRO FERNANDEZ HERNANDEZ",1
"10214","MANUELA DEL MAR MARTIN IBANEZ","PEDRO JESUS REQUEJO NOVOA",1
"10215","MANUELA DEL MAR MARTIN IBANEZ","PURIFICACION FERNANDEZ MORALES",1
"10216","MANUELA DEL MAR MARTIN IBANEZ","RAFAEL SEGOVIA BROME",1
"10217","MANUELA DEL MAR MARTIN IBANEZ","RICARDO CHAMORRO DELMO",1
"10218","MANUELA DEL MAR MARTIN IBANEZ","RICARDO LOPEZ OLEA",1
"10219","MANUELA DEL MAR MARTIN IBANEZ","ROCIO DE MEER MENDEZ",1
"10220","MANUELA DEL MAR MARTIN IBANEZ","RODRIGO JAVIER ALONSO FERNANDEZ",1
"10221","MANUELA DEL MAR MARTIN IBANEZ","RODRIGO JIMENEZ REVUELTA",1
"10222","MANUELA DEL MAR MARTIN IBANEZ","SANTIAGO ABASCAL CONDE",1
"10223","MANUELA DEL MAR MARTIN IBANEZ","SERGIO MACIAN DE GREEF",1
"10224","MANUELA DEL MAR MARTIN IBANEZ","TOMAS FERNANDEZ RIOS",1
"10225","MANUELA DEL MAR MARTIN IBANEZ","VICTOR GUIDO GONZALEZ COELLO DE PORTUGAL",1
"10226","MANUELA DEL MAR MARTIN IBANEZ","YOLANDA MERELO PALOMARES",1
"10227","MARGARITA DE LA PISA CARRION","MARIA AMAYA MARTINEZ GRISALENA",1
"10228","MARGARITA DE LA PISA CARRION","MARIA DE LA CABEZA RUIZ SOLAS",2
"10229","MARGARITA DE LA PISA CARRION","MARIA DE LOS LLANOS MASSO LINARES",2
"10230","MARGARITA DE LA PISA CARRION","MARIA DE LOS REYES ROMERO VILCHES",2
"10231","MARGARITA DE LA PISA CARRION","MARIA JOSE VERDU TORRES",1
"10232","MARGARITA DE LA PISA CARRION","MARIA MAGDALENA NEVADO DEL CAMPO",1
"10233","MARGARITA DE LA PISA CARRION","MARIA SUSANA JIMENEZ AIBAR",1
"10234","MARGARITA DE LA PISA CARRION","MARIA TERESA NOSTI IZQUIERDO",1
"10235","MARGARITA DE LA PISA CARRION","MARTA ALVAREZ BARRIO",1
"10236","MARGARITA DE LA PISA CARRION","MARTA FERNANDEZ MARTIN",1
"10237","MARGARITA DE LA PISA CARRION","MAZALY AGUILAR",1
"10238","MARGARITA DE LA PISA CARRION","MIGUEL ANGEL FERNANDEZ LOPEZ",1
"10239","MARGARITA DE LA PISA CARRION","MIREIA BORRAS PABON",1
"10240","MARGARITA DE LA PISA CARRION","MONICA LORA CISQUER",1
"10241","MARGARITA DE LA PISA CARRION","PABLO SAEZ ALONSOMUNUMER",1
"10242","MARGARITA DE LA PISA CARRION","PATRICIA DE LAS HERAS FERNANDEZ",2
"10243","MARGARITA DE LA PISA CARRION","PATRICIA RUEDA PERELLO",1
"10244","MARGARITA DE LA PISA CARRION","PEDRO FERNANDEZ HERNANDEZ",1
"10245","MARGARITA DE LA PISA CARRION","RICARDO CHAMORRO DELMO",1
"10246","MARGARITA DE LA PISA CARRION","ROCIO DE MEER MENDEZ",1
"10247","MARGARITA DE LA PISA CARRION","RUBEN SILVANO MANSO OLIVAR",1
"10248","MARGARITA DE LA PISA CARRION","SALOME NIETO TARRAGA",1
"10249","MARGARITA DE LA PISA CARRION","SANTIAGO ABASCAL CONDE",1
"10250","MARGARITA DE LA PISA CARRION","SANTIAGO MORON SANJUAN",1
"10251","MARGARITA DE LA PISA CARRION","SERAFIN SERRANO MARIN",1
"10252","MARGARITA DE LA PISA CARRION","SERGIO MACIAN DE GREEF",1
"10253","MARGARITA DE LA PISA CARRION","SONIA LUISA LALANDA SANMIGUEL",2
"10254","MARGARITA DE LA PISA CARRION","VICTOR GUIDO GONZALEZ COELLO DE PORTUGAL",1
"10255","MARGARITA DE LA PISA CARRION","VICTOR MANUEL SANCHEZ DEL REAL",1
"10256","MARGARITA DURAN VADELL","SANDRA CATALINA BARCELO SCHWARZ",1
"10257","MARGARITA PALMER MASCARO","TOMAS SASTRE SOLER",1
"10258","MARGARITA SERRANO MIRA","MARIA DE LOS LLANOS MASSO LINARES",1
"10259","MARGARITA SERRANO MIRA","MIGUEL PASCUAL PEREZ",1
"10260","MARIA ADELA VAO CANADAS","MARIA CRISTINA PELAEZ IZQUIERDO",1
"10261","MARIA ADELA VAO CANADAS","MARIA GORETTI EIBERLE SANCHEZ DE TOCA",1
"10262","MARIA ADELA VAO CANADAS","MARIA JOSE RODRIGUEZ DE MILLAN PARRO",1
"10263","MARIA ADELA VAO CANADAS","MARIA MAGDALENA PUENTEDURA PEREZ",1
"10264","MARIA ADELA VAO CANADAS","MARIA MERCEDES RODRIGUEZ TAMAYO",1
"10265","MARIA ADELA VAO CANADAS","NOELIA MARIA CAMPOS RODRIGUEZ",1
"10266","MARIA ADELA VAO CANADAS","PAULA DE LOS ANGELES BADANELLI BERRIOZABAL",1
"10267","MARIA ADELA VAO CANADAS","PURIFICACION FERNANDEZ MORALES",1
"10268","MARIA ADELA VAO CANADAS","RAFAEL SEGOVIA BROME",2
"10269","MARIA ADELA VAO CANADAS","RICARDO LOPEZ OLEA",2
"10270","MARIA ADELA VAO CANADAS","ROCIO MARIN ORTEGA",1
"10271","MARIA ADELA VAO CANADAS","RODRIGO JAVIER ALONSO FERNANDEZ",2
"10272","MARIA ALEJANDRA MEDINA SANZ","MARIA DE FATIMA PINACHO FERNANDEZ",1
"10273","MARIA ALEJANDRA MEDINA SANZ","MARIA DOLORES MATEO MATEOS",1
"10274","MARIA ALEJANDRA MEDINA SANZ","MARIA LUISA CALVO ENRIQUEZ",1
"10275","MARIA ALEJANDRA MEDINA SANZ","MARTA ALEGRIA MARTINEZ",1
"10276","MARIA ALEJANDRA MEDINA SANZ","MAURICIO ANGULO GUERRERO",1
"10277","MARIA ALEJANDRA MEDINA SANZ","MIGUEL CONTRERAS MARTINEZ",1
"10278","MARIA ALEJANDRA MEDINA SANZ","SERGIO CHAGARTEGUI SANCHEZ",1
"10279","MARIA ALEJANDRA MEDINA SANZ","SUSANA SUAREZ VILLAGRA",1
"10280","MARIA AMAYA MARTINEZ GRISALENA","MIREIA BORRAS PABON",1
"10281","MARIA AMPARO ORTEGA HERNANDEZ","MARIA BELEN GONZALEZ MORENO",1
"10282","MARIA AMPARO ORTEGA HERNANDEZ","ROCIO MONASTERIO SAN MARTIN",1
"10283","MARIA ARANZAZU MARTINEZ RIOLA","MARIA DE LA CABEZA RUIZ SOLAS",1
"10284","MARIA ARANZAZU MARTINEZ RIOLA","MARIA DE LOS REYES ROMERO VILCHES",1
"10285","MARIA ARANZAZU MARTINEZ RIOLA","MARIA JOSE RODRIGUEZ DE MILLAN PARRO",1
"10286","MARIA ARANZAZU MARTINEZ RIOLA","MARIA MAGDALENA NEVADO DEL CAMPO",1
"10287","MARIA ARANZAZU MARTINEZ RIOLA","MARIA TERESA LOPEZ ALVAREZ",1
"10288","MARIA ARANZAZU MARTINEZ RIOLA","PABLO JUAN CALVO LISTE",1
"10289","MARIA ARANZAZU MARTINEZ RIOLA","PABLO SAEZ ALONSOMUNUMER",1
"10290","MARIA ARANZAZU MARTINEZ RIOLA","PATRICIA RUEDA PERELLO",1
"10291","MARIA ARANZAZU MARTINEZ RIOLA","PEDRO FERNANDEZ HERNANDEZ",1
"10292","MARIA ARANZAZU MARTINEZ RIOLA","PEDRO JESUS REQUEJO NOVOA",1
"10293","MARIA ARANZAZU MARTINEZ RIOLA","RICARDO CHAMORRO DELMO",1
"10294","MARIA ARANZAZU MARTINEZ RIOLA","ROCIO DE MEER MENDEZ",1
"10295","MARIA ARANZAZU MARTINEZ RIOLA","RODRIGO JIMENEZ REVUELTA",1
"10296","MARIA ARANZAZU MARTINEZ RIOLA","SANTIAGO ABASCAL CONDE",1
"10297","MARIA ARANZAZU MARTINEZ RIOLA","SERGIO MACIAN DE GREEF",1
"10298","MARIA ARANZAZU MARTINEZ RIOLA","TOMAS FERNANDEZ RIOS",1
"10299","MARIA ARANZAZU MARTINEZ RIOLA","VICTOR GUIDO GONZALEZ COELLO DE PORTUGAL",1
"10300","MARIA ARANZAZU MARTINEZ RIOLA","YOLANDA MERELO PALOMARES",1
"10301","MARIA AZULEMA MINGARRO DOMINGUEZ","MARIANO CALABUIG MARTINEZ",1
"10302","MARIA AZULEMA MINGARRO DOMINGUEZ","PEDRO JOSE MALLEN VAZQUEZ",1
"10303","MARIA AZULEMA MINGARRO DOMINGUEZ","ROCIO MONASTERIO SAN MARTIN",1
"10304","MARIA AZULEMA MINGARRO DOMINGUEZ","YVONNE BELEN GALLEGO YGES",1
"10305","MARIA BEATRIZ CASTILLEJO SEVILLA","MARIA DE LA CABEZA RUIZ SOLAS",1
"10306","MARIA BEATRIZ CASTILLEJO SEVILLA","MARIA DE LOS REYES ROMERO VILCHES",1
"10307","MARIA BEATRIZ CASTILLEJO SEVILLA","MARIA JOSE RODRIGUEZ DE MILLAN PARRO",1
"10308","MARIA BEATRIZ CASTILLEJO SEVILLA","MARIA MAGDALENA NEVADO DEL CAMPO",1
"10309","MARIA BEATRIZ CASTILLEJO SEVILLA","MARIA TERESA LOPEZ ALVAREZ",1
"10310","MARIA BEATRIZ CASTILLEJO SEVILLA","PABLO JUAN CALVO LISTE",1
"10311","MARIA BEATRIZ CASTILLEJO SEVILLA","PABLO SAEZ ALONSOMUNUMER",1
"10312","MARIA BEATRIZ CASTILLEJO SEVILLA","PATRICIA RUEDA PERELLO",1
"10313","MARIA BEATRIZ CASTILLEJO SEVILLA","PEDRO FERNANDEZ HERNANDEZ",1
"10314","MARIA BEATRIZ CASTILLEJO SEVILLA","PEDRO JESUS REQUEJO NOVOA",1
"10315","MARIA BEATRIZ CASTILLEJO SEVILLA","RICARDO CHAMORRO DELMO",1
"10316","MARIA BEATRIZ CASTILLEJO SEVILLA","ROCIO DE MEER MENDEZ",1
"10317","MARIA BEATRIZ CASTILLEJO SEVILLA","RODRIGO JIMENEZ REVUELTA",1
"10318","MARIA BEATRIZ CASTILLEJO SEVILLA","SANTIAGO ABASCAL CONDE",1
"10319","MARIA BEATRIZ CASTILLEJO SEVILLA","SERGIO MACIAN DE GREEF",1
"10320","MARIA BEATRIZ CASTILLEJO SEVILLA","TOMAS FERNANDEZ RIOS",1
"10321","MARIA BEATRIZ CASTILLEJO SEVILLA","VICTOR GUIDO GONZALEZ COELLO DE PORTUGAL",1
"10322","MARIA BEATRIZ CASTILLEJO SEVILLA","YOLANDA MERELO PALOMARES",1
"10323","MARIA BELEN GONZALEZ MORENO","MARIA DEL ROCIO AVEZUELA MIGUEL",1
"10324","MARIA BELEN GONZALEZ MORENO","MARIA SUSANA JIMENEZ AIBAR",1
"10325","MARIA BELEN GONZALEZ MORENO","MARIA TERESA LOPEZ DIVASSON",1
"10326","MARIA BELEN GONZALEZ MORENO","MARIANO CALABUIG MARTINEZ",1
"10327","MARIA BELEN GONZALEZ MORENO","MARTA IBERO DURAN",1
"10328","MARIA BELEN GONZALEZ MORENO","MIGUEL ANGEL DIEZ GARCIA",1
"10329","MARIA BELEN GONZALEZ MORENO","MIGUEL GUADALFAJARA ROZAS",1
"10330","MARIA BELEN GONZALEZ MORENO","MIGUEL MALDONADO CABALLERO",1
"10331","MARIA BELEN GONZALEZ MORENO","NATHALIE GUICHARD DE ARTINANO",1
"10332","MARIA BELEN GONZALEZ MORENO","NURIA LATORRE SANDONIS",1
"10333","MARIA BELEN GONZALEZ MORENO","OSCAR FELIPE DE TORRES NEIRA",1
"10334","MARIA BELEN GONZALEZ MORENO","PABLO PEREZ GALLARDO",1
"10335","MARIA BELEN GONZALEZ MORENO","PATRICIA DONCEL COMY",1
"10336","MARIA BELEN GONZALEZ MORENO","PEDRO MORENO GOMEZ",1
"10337","MARIA BELEN GONZALEZ MORENO","PEDRO PORCHER PEREZ",1
"10338","MARIA BELEN GONZALEZ MORENO","REBECA ORTEGO CONESA",1
"10339","MARIA BELEN GONZALEZ MORENO","ROCIO MONASTERIO SAN MARTIN",1
"10340","MARIA BELEN GONZALEZ MORENO","RUBEN SUAREZ FERNANDEZ",1
"10341","MARIA BELEN GONZALEZ MORENO","SALOME NIETO TARRAGA",1
"10342","MARIA BELEN GONZALEZ MORENO","SANTIAGO ABASCAL CONDE",1
"10343","MARIA BELEN GONZALEZ MORENO","SELENE MARIA DURAN SANCHEZ",1
"10344","MARIA BELEN GONZALEZ MORENO","SONSOLES PALACIOS MORENO",1
"10345","MARIA BELEN GONZALEZ MORENO","TERESA ANGULLO GARCIA",1
"10346","MARIA BELEN GONZALEZ MORENO","URSULA MARIANA HERNANDEZ ZUNIGA",1
"10347","MARIA BELEN GONZALEZ MORENO","VICTOR MANUEL ACOSTA HERNANDEZ",1
"10348","MARIA BELEN GONZALEZ MORENO","VICTOR SANCHEZ SANCHEZ",1
"10349","MARIA BELEN GONZALEZ MORENO","YOLANDA TORRES BRAVO",1
"10350","MARIA BELEN MANZANO SAGUAR","MARIA DE LA CABEZA RUIZ SOLAS",1
"10351","MARIA BELEN MANZANO SAGUAR","MARIA DE LOS REYES ROMERO VILCHES",1
"10352","MARIA BELEN MANZANO SAGUAR","MARIA JOSE RODRIGUEZ DE MILLAN PARRO",1
"10353","MARIA BELEN MANZANO SAGUAR","MARIA MAGDALENA NEVADO DEL CAMPO",1
"10354","MARIA BELEN MANZANO SAGUAR","MARIA TERESA LOPEZ ALVAREZ",1
"10355","MARIA BELEN MANZANO SAGUAR","MIGUEL ANGEL ZAURIN DELGADO",1
"10356","MARIA BELEN MANZANO SAGUAR","PABLO JUAN CALVO LISTE",1
"10357","MARIA BELEN MANZANO SAGUAR","PABLO SAEZ ALONSOMUNUMER",1
"10358","MARIA BELEN MANZANO SAGUAR","PATRICIA RUEDA PERELLO",1
"10359","MARIA BELEN MANZANO SAGUAR","PEDRO FERNANDEZ HERNANDEZ",1
"10360","MARIA BELEN MANZANO SAGUAR","PEDRO JESUS REQUEJO NOVOA",1
"10361","MARIA BELEN MANZANO SAGUAR","RICARDO CHAMORRO DELMO",1
"10362","MARIA BELEN MANZANO SAGUAR","ROCIO DE MEER MENDEZ",1
"10363","MARIA BELEN MANZANO SAGUAR","RODRIGO JIMENEZ REVUELTA",1
"10364","MARIA BELEN MANZANO SAGUAR","SANTIAGO ABASCAL CONDE",1
"10365","MARIA BELEN MANZANO SAGUAR","SERGIO MACIAN DE GREEF",1
"10366","MARIA BELEN MANZANO SAGUAR","TOMAS FERNANDEZ RIOS",1
"10367","MARIA BELEN MANZANO SAGUAR","VICTOR GUIDO GONZALEZ COELLO DE PORTUGAL",1
"10368","MARIA BELEN MANZANO SAGUAR","YOLANDA MERELO PALOMARES",1
"10369","MARIA CARMEN ROUCO LALIENA","MARIA ISABEL CALZADA ANDREU",1
"10370","MARIA CARMEN ROUCO LALIENA","MARIA PILAR DELGADO ANGLADA",1
"10371","MARIA CARMEN ROUCO LALIENA","MARTA FERNANDEZ MARTIN",2
"10372","MARIA CARMEN ROUCO LALIENA","MARTA MORENO RODRIGUEZ",1
"10373","MARIA CARMEN ROUCO LALIENA","SANTIAGO MORON SANJUAN",2
"10374","MARIA CARMEN ROUCO LALIENA","SERGIO MARCO JIMENEZ",1
"10375","MARIA CARMEN ROUCO LALIENA","VICENTE GALLASTEGUI AZNAR",1
"10376","MARIA CRISTINA ALGARA MARTINEZ","MARTA FERNANDEZ MARTIN",1
"10377","MARIA CRISTINA ALGARA MARTINEZ","SANTIAGO MORON SANJUAN",1
"10378","MARIA CRISTINA PELAEZ IZQUIERDO","MARIA DE LA CRUZ LOZANO MARIN",1
"10379","MARIA CRISTINA PELAEZ IZQUIERDO","MARIA DEL CARMEN INFANTES HERNANDEZ",1
"10380","MARIA CRISTINA PELAEZ IZQUIERDO","MARIA GORETTI EIBERLE SANCHEZ DE TOCA",1
"10381","MARIA CRISTINA PELAEZ IZQUIERDO","NOELIA MARIA CAMPOS RODRIGUEZ",1
"10382","MARIA CRISTINA PELAEZ IZQUIERDO","OTILIA ALARCON CAMUS",1
"10383","MARIA CRISTINA PELAEZ IZQUIERDO","PAULA DE LOS ANGELES BADANELLI BERRIOZABAL",1
"10384","MARIA CRISTINA PELAEZ IZQUIERDO","PURIFICACION FERNANDEZ MORALES",1
"10385","MARIA CRISTINA PELAEZ IZQUIERDO","RAFAEL SEGOVIA BROME",1
"10386","MARIA CRISTINA PELAEZ IZQUIERDO","RICARDO LOPEZ OLEA",1
"10387","MARIA CRISTINA PELAEZ IZQUIERDO","ROCIO MARIN ORTEGA",1
"10388","MARIA CRISTINA PELAEZ IZQUIERDO","RODRIGO JAVIER ALONSO FERNANDEZ",1
"10389","MARIA CRISTINA PELAEZ IZQUIERDO","SILVIA CLARA ENRIQUEZ GALLEGO",1
"10390","MARIA CRISTINA PELAEZ IZQUIERDO","SILVIA MARIA BELLIDO VERA",1
"10391","MARIA DE FATIMA PINACHO FERNANDEZ","MARIA DOLORES MATEO MATEOS",1
"10392","MARIA DE FATIMA PINACHO FERNANDEZ","MARIA LUISA CALVO ENRIQUEZ",2
"10393","MARIA DE FATIMA PINACHO FERNANDEZ","MARTA ALEGRIA MARTINEZ",1
"10394","MARIA DE FATIMA PINACHO FERNANDEZ","MAURICIO ANGULO GUERRERO",1
"10395","MARIA DE FATIMA PINACHO FERNANDEZ","MIGUEL CONTRERAS MARTINEZ",1
"10396","MARIA DE FATIMA PINACHO FERNANDEZ","SUSANA SUAREZ VILLAGRA",2
"10397","MARIA DE LA CABEZA RUIZ SOLAS","MARIA DE LA CRUZ LOZANO MARIN",1
"10398","MARIA DE LA CABEZA RUIZ SOLAS","MARIA DE LOS REYES ROMERO VILCHES",3
"10399","MARIA DE LA CABEZA RUIZ SOLAS","MARIA DEL PILAR BAOS REVILLA",3
"10400","MARIA DE LA CABEZA RUIZ SOLAS","MARIA DOLORES GOMEZ MORENO",2
"10401","MARIA DE LA CABEZA RUIZ SOLAS","MARIA DOLORES MATEO MATEOS",1
"10402","MARIA DE LA CABEZA RUIZ SOLAS","MARIA ELISA GARCIA FUSTER",1
"10403","MARIA DE LA CABEZA RUIZ SOLAS","MARIA GEMA ESCOLANO BERNA",1
"10404","MARIA DE LA CABEZA RUIZ SOLAS","MARIA INES DIAZ CASAS",1
"10405","MARIA DE LA CABEZA RUIZ SOLAS","MARIA ISABEL DOMINGUEZ POMARES",1
"10406","MARIA DE LA CABEZA RUIZ SOLAS","MARIA ISABEL PEREZ MARTIN",1
"10407","MARIA DE LA CABEZA RUIZ SOLAS","MARIA JOSE RODRIGUEZ DE MILLAN PARRO",1
"10408","MARIA DE LA CABEZA RUIZ SOLAS","MARIA LOPEZ ZAMBRANO",1
"10409","MARIA DE LA CABEZA RUIZ SOLAS","MARIA LUISA MENENDEZ MARTINEZ",1
"10410","MARIA DE LA CABEZA RUIZ SOLAS","MARIA MAGDALENA NEVADO DEL CAMPO",3
"10411","MARIA DE LA CABEZA RUIZ SOLAS","MARIA MAGDALENA PUENTEDURA PEREZ",1
"10412","MARIA DE LA CABEZA RUIZ SOLAS","MARIA MERCEDES RODRIGUEZ TAMAYO",1
"10413","MARIA DE LA CABEZA RUIZ SOLAS","MARIA SUSANA JIMENEZ AIBAR",1
"10414","MARIA DE LA CABEZA RUIZ SOLAS","MARIA TERESA ARNEDO PEREZ",2
"10415","MARIA DE LA CABEZA RUIZ SOLAS","MARIA TERESA GARCIA DE LA ROSA JIMENEZ",1
"10416","MARIA DE LA CABEZA RUIZ SOLAS","MARIA TERESA LOPEZ ALVAREZ",2
"10417","MARIA DE LA CABEZA RUIZ SOLAS","MARIA TERESA LOPEZ DIVASSON",3
"10418","MARIA DE LA CABEZA RUIZ SOLAS","MARIA VIDAL BENNASAR",1
"10419","MARIA DE LA CABEZA RUIZ SOLAS","MARIA ZULEMA SAN JOSE SANCHEZ",1
"10420","MARIA DE LA CABEZA RUIZ SOLAS","MARINA DABAN ALONSO",1
"10421","MARIA DE LA CABEZA RUIZ SOLAS","MARTA ALEGRIA MARTINEZ",1
"10422","MARIA DE LA CABEZA RUIZ SOLAS","MARTA ALVAREZ BARRIO",1
"10423","MARIA DE LA CABEZA RUIZ SOLAS","MARTA FERNANDEZ MARTIN",1
"10424","MARIA DE LA CABEZA RUIZ SOLAS","MARTA GERVASIA GARRIDO MORENO",2
"10425","MARIA DE LA CABEZA RUIZ SOLAS","MARTA MARTIN CUSTODIO",1
"10426","MARIA DE LA CABEZA RUIZ SOLAS","MIGUEL ANGEL FERNANDEZ LOPEZ",2
"10427","MARIA DE LA CABEZA RUIZ SOLAS","MIGUEL ANGEL LOPEZ FERNANDEZ",1
"10428","MARIA DE LA CABEZA RUIZ SOLAS","MIGUEL MALDONADO CABALLERO",1
"10429","MARIA DE LA CABEZA RUIZ SOLAS","MIREIA BORRAS PABON",3
"10430","MARIA DE LA CABEZA RUIZ SOLAS","MONICA LORA CISQUER",2
"10431","MARIA DE LA CABEZA RUIZ SOLAS","OLIVIA MORENO NAVAS",1
"10432","MARIA DE LA CABEZA RUIZ SOLAS","OSCAR ARTURO FERNANDEZ CALLE",1
"10433","MARIA DE LA CABEZA RUIZ SOLAS","PABLO JUAN CALVO LISTE",3
"10434","MARIA DE LA CABEZA RUIZ SOLAS","PABLO PEREZ GALLARDO",1
"10435","MARIA DE LA CABEZA RUIZ SOLAS","PABLO SAEZ ALONSOMUNUMER",3
"10436","MARIA DE LA CABEZA RUIZ SOLAS","PALOMA GOMEZ ENRIQUEZ",2
"10437","MARIA DE LA CABEZA RUIZ SOLAS","PATRICIA DE LAS HERAS FERNANDEZ",1
"10438","MARIA DE LA CABEZA RUIZ SOLAS","PATRICIA ESCAMEZ MARIN",1
"10439","MARIA DE LA CABEZA RUIZ SOLAS","PATRICIA RUEDA PERELLO",3
"10440","MARIA DE LA CABEZA RUIZ SOLAS","PAULA DE LOS ANGELES BADANELLI BERRIOZABAL",1
"10441","MARIA DE LA CABEZA RUIZ SOLAS","PEDRO FERNANDEZ HERNANDEZ",3
"10442","MARIA DE LA CABEZA RUIZ SOLAS","PEDRO JESUS REQUEJO NOVOA",3
"10443","MARIA DE LA CABEZA RUIZ SOLAS","RAFAEL RICARDO GONZALEZ GALLEGO",1
"10444","MARIA DE LA CABEZA RUIZ SOLAS","RAFAEL SEGOVIA BROME",1
"10445","MARIA DE LA CABEZA RUIZ SOLAS","RAQUEL TOMAS PEDROSA",1
"10446","MARIA DE LA CABEZA RUIZ SOLAS","RICARDO BELDA VALIENTE",2
"10447","MARIA DE LA CABEZA RUIZ SOLAS","RICARDO CHAMORRO DELMO",3
"10448","MARIA DE LA CABEZA RUIZ SOLAS","ROCIO DE MEER MENDEZ",3
"10449","MARIA DE LA CABEZA RUIZ SOLAS","RODRIGO JIMENEZ REVUELTA",3
"10450","MARIA DE LA CABEZA RUIZ SOLAS","RUBEN SILVANO MANSO OLIVAR",2
"10451","MARIA DE LA CABEZA RUIZ SOLAS","SALOME NIETO TARRAGA",1
"10452","MARIA DE LA CABEZA RUIZ SOLAS","SANTIAGO ABASCAL CONDE",3
"10453","MARIA DE LA CABEZA RUIZ SOLAS","SARA CONCEPCION ALVAREZ ROUCO",1
"10454","MARIA DE LA CABEZA RUIZ SOLAS","SERAFIN SERRANO MARIN",1
"10455","MARIA DE LA CABEZA RUIZ SOLAS","SERGI FABRI LLAVERO",1
"10456","MARIA DE LA CABEZA RUIZ SOLAS","SERGIO BOTONERO GALAN",1
"10457","MARIA DE LA CABEZA RUIZ SOLAS","SERGIO CHAGARTEGUI SANCHEZ",1
"10458","MARIA DE LA CABEZA RUIZ SOLAS","SERGIO MACIAN DE GREEF",3
"10459","MARIA DE LA CABEZA RUIZ SOLAS","SILVIA CLARA ENRIQUEZ GALLEGO",1
"10460","MARIA DE LA CABEZA RUIZ SOLAS","SOLEDAD PEREZ RUBIO",1
"10461","MARIA DE LA CABEZA RUIZ SOLAS","SONIA LUISA LALANDA SANMIGUEL",2
"10462","MARIA DE LA CABEZA RUIZ SOLAS","SONSOLES PALACIOS MORENO",1
"10463","MARIA DE LA CABEZA RUIZ SOLAS","TEODORO RAMON POZO MUNIZ",1
"10464","MARIA DE LA CABEZA RUIZ SOLAS","TOMAS FERNANDEZ RIOS",3
"10465","MARIA DE LA CABEZA RUIZ SOLAS","VALENTIN LOPEZ LOPEZ",1
"10466","MARIA DE LA CABEZA RUIZ SOLAS","VICTOR GUIDO GONZALEZ COELLO DE PORTUGAL",3
"10467","MARIA DE LA CABEZA RUIZ SOLAS","VICTOR MANUEL ACOSTA HERNANDEZ",1
"10468","MARIA DE LA CABEZA RUIZ SOLAS","VICTOR MANUEL SANCHEZ DEL REAL",2
"10469","MARIA DE LA CABEZA RUIZ SOLAS","VIRGINIA HUERTAS PECHUAN",1
"10470","MARIA DE LA CABEZA RUIZ SOLAS","YOLANDA MERELO PALOMARES",2
"10471","MARIA DE LA CRUZ LOZANO MARIN","MARIA DE LOS REYES ROMERO VILCHES",1
"10472","MARIA DE LA CRUZ LOZANO MARIN","MARIA GORETTI EIBERLE SANCHEZ DE TOCA",1
"10473","MARIA DE LA CRUZ LOZANO MARIN","MARIA JOSE RODRIGUEZ DE MILLAN PARRO",1
"10474","MARIA DE LA CRUZ LOZANO MARIN","MARIA MAGDALENA NEVADO DEL CAMPO",1
"10475","MARIA DE LA CRUZ LOZANO MARIN","MARIA TERESA LOPEZ ALVAREZ",1
"10476","MARIA DE LA CRUZ LOZANO MARIN","NOELIA MARIA CAMPOS RODRIGUEZ",1
"10477","MARIA DE LA CRUZ LOZANO MARIN","PABLO JUAN CALVO LISTE",1
"10478","MARIA DE LA CRUZ LOZANO MARIN","PABLO SAEZ ALONSOMUNUMER",1
"10479","MARIA DE LA CRUZ LOZANO MARIN","PATRICIA RUEDA PERELLO",1
"10480","MARIA DE LA CRUZ LOZANO MARIN","PAULA DE LOS ANGELES BADANELLI BERRIOZABAL",1
"10481","MARIA DE LA CRUZ LOZANO MARIN","PEDRO FERNANDEZ HERNANDEZ",1
"10482","MARIA DE LA CRUZ LOZANO MARIN","PEDRO JESUS REQUEJO NOVOA",1
"10483","MARIA DE LA CRUZ LOZANO MARIN","RAFAEL SEGOVIA BROME",1
"10484","MARIA DE LA CRUZ LOZANO MARIN","RICARDO CHAMORRO DELMO",1
"10485","MARIA DE LA CRUZ LOZANO MARIN","RICARDO LOPEZ OLEA",1
"10486","MARIA DE LA CRUZ LOZANO MARIN","ROCIO DE MEER MENDEZ",1
"10487","MARIA DE LA CRUZ LOZANO MARIN","ROCIO MARIN ORTEGA",1
"10488","MARIA DE LA CRUZ LOZANO MARIN","RODRIGO JAVIER ALONSO FERNANDEZ",1
"10489","MARIA DE LA CRUZ LOZANO MARIN","RODRIGO JIMENEZ REVUELTA",1
"10490","MARIA DE LA CRUZ LOZANO MARIN","SANTIAGO ABASCAL CONDE",1
"10491","MARIA DE LA CRUZ LOZANO MARIN","SERGIO MACIAN DE GREEF",1
"10492","MARIA DE LA CRUZ LOZANO MARIN","TOMAS FERNANDEZ RIOS",1
"10493","MARIA DE LA CRUZ LOZANO MARIN","VICTOR GUIDO GONZALEZ COELLO DE PORTUGAL",1
"10494","MARIA DE LA CRUZ LOZANO MARIN","YOLANDA MERELO PALOMARES",1
"10495","MARIA DE LA O LLAMES FERNANDEZ","MARIANO CALABUIG MARTINEZ",1
"10496","MARIA DE LA O LLAMES FERNANDEZ","PEDRO PORCHER PEREZ",1
"10497","MARIA DE LA O LLAMES FERNANDEZ","ROCIO MONASTERIO SAN MARTIN",1
"10498","MARIA DE LOS ANGELES CRIADO GONZALBEZ","MARIA DE LOS LLANOS MASSO LINARES",1
"10499","MARIA DE LOS ANGELES CRIADO GONZALBEZ","MARINA DABAN ALONSO",1
"10500","MARIA DE LOS ANGELES CRIADO GONZALBEZ","MIGUEL ANGEL HUERTA ASENSIO",1
"10501","MARIA DE LOS ANGELES CRIADO GONZALBEZ","MIGUEL DA SILVA ORTEGA",1
"10502","MARIA DE LOS ANGELES CRIADO GONZALBEZ","MIGUEL PASCUAL PEREZ",1
"10503","MARIA DE LOS ANGELES CRIADO GONZALBEZ","VALENTIN LOPEZ LOPEZ",1
"10504","MARIA DE LOS ANGELES CRIADO GONZALBEZ","VIRGINIA HUERTAS PECHUAN",1
"10505","MARIA DE LOS LLANOS MASSO LINARES","MARINA DABAN ALONSO",1
"10506","MARIA DE LOS LLANOS MASSO LINARES","MARIO ORTOLA MARTINEZ",1
"10507","MARIA DE LOS LLANOS MASSO LINARES","MAZALY AGUILAR",1
"10508","MARIA DE LOS LLANOS MASSO LINARES","MIGUEL ANGEL HUERTA ASENSIO",1
"10509","MARIA DE LOS LLANOS MASSO LINARES","MIGUEL DA SILVA ORTEGA",2
"10510","MARIA DE LOS LLANOS MASSO LINARES","MIGUEL PASCUAL PEREZ",2
"10511","MARIA DE LOS LLANOS MASSO LINARES","MIREIA BORRAS PABON",1
"10512","MARIA DE LOS LLANOS MASSO LINARES","RICARDO BELDA VALIENTE",1
"10513","MARIA DE LOS LLANOS MASSO LINARES","SERGIO PASTOR MARTINEZ",1
"10514","MARIA DE LOS LLANOS MASSO LINARES","VALENTIN LOPEZ LOPEZ",1
"10515","MARIA DE LOS LLANOS MASSO LINARES","VIRGINIA HUERTAS PECHUAN",2
"10516","MARIA DE LOS REYES ROMERO VILCHES","MARIA DEL PILAR BAOS REVILLA",1
"10517","MARIA DE LOS REYES ROMERO VILCHES","MARIA DOLORES GOMEZ MORENO",2
"10518","MARIA DE LOS REYES ROMERO VILCHES","MARIA DOLORES MATEO MATEOS",1
"10519","MARIA DE LOS REYES ROMERO VILCHES","MARIA ELISA GARCIA FUSTER",1
"10520","MARIA DE LOS REYES ROMERO VILCHES","MARIA GEMA ESCOLANO BERNA",1
"10521","MARIA DE LOS REYES ROMERO VILCHES","MARIA INES DIAZ CASAS",1
"10522","MARIA DE LOS REYES ROMERO VILCHES","MARIA ISABEL DOMINGUEZ POMARES",1
"10523","MARIA DE LOS REYES ROMERO VILCHES","MARIA ISABEL PEREZ MARTIN",1
"10524","MARIA DE LOS REYES ROMERO VILCHES","MARIA JOSE RODRIGUEZ DE MILLAN PARRO",1
"10525","MARIA DE LOS REYES ROMERO VILCHES","MARIA LOPEZ ZAMBRANO",1
"10526","MARIA DE LOS REYES ROMERO VILCHES","MARIA LUISA MENENDEZ MARTINEZ",1
"10527","MARIA DE LOS REYES ROMERO VILCHES","MARIA MAGDALENA NEVADO DEL CAMPO",3
"10528","MARIA DE LOS REYES ROMERO VILCHES","MARIA MAGDALENA PUENTEDURA PEREZ",1
"10529","MARIA DE LOS REYES ROMERO VILCHES","MARIA MERCEDES RODRIGUEZ TAMAYO",1
"10530","MARIA DE LOS REYES ROMERO VILCHES","MARIA SUSANA JIMENEZ AIBAR",1
"10531","MARIA DE LOS REYES ROMERO VILCHES","MARIA TERESA ARNEDO PEREZ",2
"10532","MARIA DE LOS REYES ROMERO VILCHES","MARIA TERESA GARCIA DE LA ROSA JIMENEZ",1
"10533","MARIA DE LOS REYES ROMERO VILCHES","MARIA TERESA LOPEZ ALVAREZ",2
"10534","MARIA DE LOS REYES ROMERO VILCHES","MARIA TERESA LOPEZ DIVASSON",3
"10535","MARIA DE LOS REYES ROMERO VILCHES","MARIA VIDAL BENNASAR",1
"10536","MARIA DE LOS REYES ROMERO VILCHES","MARIA ZULEMA SAN JOSE SANCHEZ",1
"10537","MARIA DE LOS REYES ROMERO VILCHES","MARINA DABAN ALONSO",1
"10538","MARIA DE LOS REYES ROMERO VILCHES","MARTA ALEGRIA MARTINEZ",1
"10539","MARIA DE LOS REYES ROMERO VILCHES","MARTA ALVAREZ BARRIO",1
"10540","MARIA DE LOS REYES ROMERO VILCHES","MARTA FERNANDEZ MARTIN",1
"10541","MARIA DE LOS REYES ROMERO VILCHES","MARTA GERVASIA GARRIDO MORENO",2
"10542","MARIA DE LOS REYES ROMERO VILCHES","MARTA MARTIN CUSTODIO",1
"10543","MARIA DE LOS REYES ROMERO VILCHES","MAZALY AGUILAR",1
"10544","MARIA DE LOS REYES ROMERO VILCHES","MIGUEL ANGEL FERNANDEZ LOPEZ",2
"10545","MARIA DE LOS REYES ROMERO VILCHES","MIGUEL ANGEL LOPEZ FERNANDEZ",1
"10546","MARIA DE LOS REYES ROMERO VILCHES","MIGUEL MALDONADO CABALLERO",1
"10547","MARIA DE LOS REYES ROMERO VILCHES","MIREIA BORRAS PABON",2
"10548","MARIA DE LOS REYES ROMERO VILCHES","MONICA LORA CISQUER",2
"10549","MARIA DE LOS REYES ROMERO VILCHES","OLIVIA MORENO NAVAS",1
"10550","MARIA DE LOS REYES ROMERO VILCHES","OSCAR ARTURO FERNANDEZ CALLE",1
"10551","MARIA DE LOS REYES ROMERO VILCHES","PABLO JUAN CALVO LISTE",3
"10552","MARIA DE LOS REYES ROMERO VILCHES","PABLO PEREZ GALLARDO",1
"10553","MARIA DE LOS REYES ROMERO VILCHES","PABLO SAEZ ALONSOMUNUMER",3
"10554","MARIA DE LOS REYES ROMERO VILCHES","PALOMA GOMEZ ENRIQUEZ",2
"10555","MARIA DE LOS REYES ROMERO VILCHES","PATRICIA DE LAS HERAS FERNANDEZ",1
"10556","MARIA DE LOS REYES ROMERO VILCHES","PATRICIA ESCAMEZ MARIN",1
"10557","MARIA DE LOS REYES ROMERO VILCHES","PATRICIA RUEDA PERELLO",3
"10558","MARIA DE LOS REYES ROMERO VILCHES","PAULA DE LOS ANGELES BADANELLI BERRIOZABAL",1
"10559","MARIA DE LOS REYES ROMERO VILCHES","PEDRO FERNANDEZ HERNANDEZ",3
"10560","MARIA DE LOS REYES ROMERO VILCHES","PEDRO JESUS REQUEJO NOVOA",3
"10561","MARIA DE LOS REYES ROMERO VILCHES","RAFAEL RICARDO GONZALEZ GALLEGO",1
"10562","MARIA DE LOS REYES ROMERO VILCHES","RAFAEL SEGOVIA BROME",1
"10563","MARIA DE LOS REYES ROMERO VILCHES","RAQUEL TOMAS PEDROSA",1
"10564","MARIA DE LOS REYES ROMERO VILCHES","RICARDO BELDA VALIENTE",2
"10565","MARIA DE LOS REYES ROMERO VILCHES","RICARDO CHAMORRO DELMO",3
"10566","MARIA DE LOS REYES ROMERO VILCHES","ROCIO DE MEER MENDEZ",3
"10567","MARIA DE LOS REYES ROMERO VILCHES","RODRIGO JIMENEZ REVUELTA",3
"10568","MARIA DE LOS REYES ROMERO VILCHES","RUBEN SILVANO MANSO OLIVAR",2
"10569","MARIA DE LOS REYES ROMERO VILCHES","SALOME NIETO TARRAGA",1
"10570","MARIA DE LOS REYES ROMERO VILCHES","SANTIAGO ABASCAL CONDE",3
"10571","MARIA DE LOS REYES ROMERO VILCHES","SARA CONCEPCION ALVAREZ ROUCO",1
"10572","MARIA DE LOS REYES ROMERO VILCHES","SERAFIN SERRANO MARIN",1
"10573","MARIA DE LOS REYES ROMERO VILCHES","SERGI FABRI LLAVERO",1
"10574","MARIA DE LOS REYES ROMERO VILCHES","SERGIO BOTONERO GALAN",1
"10575","MARIA DE LOS REYES ROMERO VILCHES","SERGIO CHAGARTEGUI SANCHEZ",1
"10576","MARIA DE LOS REYES ROMERO VILCHES","SERGIO MACIAN DE GREEF",3
"10577","MARIA DE LOS REYES ROMERO VILCHES","SILVIA CLARA ENRIQUEZ GALLEGO",1
"10578","MARIA DE LOS REYES ROMERO VILCHES","SOLEDAD PEREZ RUBIO",1
"10579","MARIA DE LOS REYES ROMERO VILCHES","SONIA LUISA LALANDA SANMIGUEL",2
"10580","MARIA DE LOS REYES ROMERO VILCHES","SONSOLES PALACIOS MORENO",1
"10581","MARIA DE LOS REYES ROMERO VILCHES","TEODORO RAMON POZO MUNIZ",1
"10582","MARIA DE LOS REYES ROMERO VILCHES","TOMAS FERNANDEZ RIOS",3
"10583","MARIA DE LOS REYES ROMERO VILCHES","VALENTIN LOPEZ LOPEZ",1
"10584","MARIA DE LOS REYES ROMERO VILCHES","VICTOR GUIDO GONZALEZ COELLO DE PORTUGAL",3
"10585","MARIA DE LOS REYES ROMERO VILCHES","VICTOR MANUEL ACOSTA HERNANDEZ",1
"10586","MARIA DE LOS REYES ROMERO VILCHES","VICTOR MANUEL SANCHEZ DEL REAL",2
"10587","MARIA DE LOS REYES ROMERO VILCHES","VIRGINIA HUERTAS PECHUAN",1
"10588","MARIA DE LOS REYES ROMERO VILCHES","YOLANDA MERELO PALOMARES",2
"10589","MARIA DEL CARMEN INFANTES HERNANDEZ","MARIA GORETTI EIBERLE SANCHEZ DE TOCA",1
"10590","MARIA DEL CARMEN INFANTES HERNANDEZ","NOELIA MARIA CAMPOS RODRIGUEZ",1
"10591","MARIA DEL CARMEN INFANTES HERNANDEZ","PAULA DE LOS ANGELES BADANELLI BERRIOZABAL",1
"10592","MARIA DEL CARMEN INFANTES HERNANDEZ","RAFAEL SEGOVIA BROME",1
"10593","MARIA DEL CARMEN INFANTES HERNANDEZ","RICARDO LOPEZ OLEA",1
"10594","MARIA DEL CARMEN INFANTES HERNANDEZ","ROCIO MARIN ORTEGA",1
"10595","MARIA DEL CARMEN INFANTES HERNANDEZ","RODRIGO JAVIER ALONSO FERNANDEZ",1
"10596","MARIA DEL CARMEN MURIEL MARQUEZ","MARIA JOSE RODRIGUEZ DE MILLAN PARRO",1
"10597","MARIA DEL CARMEN MURIEL MARQUEZ","MARIA MAGDALENA PUENTEDURA PEREZ",1
"10598","MARIA DEL CARMEN MURIEL MARQUEZ","MARIA MERCEDES RODRIGUEZ TAMAYO",1
"10599","MARIA DEL CARMEN MURIEL MARQUEZ","PURIFICACION FERNANDEZ MORALES",1
"10600","MARIA DEL CARMEN MURIEL MARQUEZ","RAFAEL SEGOVIA BROME",1
"10601","MARIA DEL CARMEN MURIEL MARQUEZ","RICARDO LOPEZ OLEA",1
"10602","MARIA DEL CARMEN MURIEL MARQUEZ","RODRIGO JAVIER ALONSO FERNANDEZ",1
"10603","MARIA DEL PILAR BAOS REVILLA","MARIA JOSE RODRIGUEZ DE MILLAN PARRO",1
"10604","MARIA DEL PILAR BAOS REVILLA","MARIA MAGDALENA NEVADO DEL CAMPO",1
"10605","MARIA DEL PILAR BAOS REVILLA","MARIA TERESA LOPEZ ALVAREZ",1
"10606","MARIA DEL PILAR BAOS REVILLA","MARIANO CALABUIG MARTINEZ",1
"10607","MARIA DEL PILAR BAOS REVILLA","PABLO JUAN CALVO LISTE",1
"10608","MARIA DEL PILAR BAOS REVILLA","PABLO SAEZ ALONSOMUNUMER",1
"10609","MARIA DEL PILAR BAOS REVILLA","PATRICIA RUEDA PERELLO",1
"10610","MARIA DEL PILAR BAOS REVILLA","PEDRO FERNANDEZ HERNANDEZ",1
"10611","MARIA DEL PILAR BAOS REVILLA","PEDRO JESUS REQUEJO NOVOA",1
"10612","MARIA DEL PILAR BAOS REVILLA","RICARDO CHAMORRO DELMO",1
"10613","MARIA DEL PILAR BAOS REVILLA","ROCIO DE MEER MENDEZ",1
"10614","MARIA DEL PILAR BAOS REVILLA","ROCIO MONASTERIO SAN MARTIN",1
"10615","MARIA DEL PILAR BAOS REVILLA","RODRIGO JIMENEZ REVUELTA",1
"10616","MARIA DEL PILAR BAOS REVILLA","SANTIAGO ABASCAL CONDE",1
"10617","MARIA DEL PILAR BAOS REVILLA","SERGIO MACIAN DE GREEF",1
"10618","MARIA DEL PILAR BAOS REVILLA","TOMAS FERNANDEZ RIOS",1
"10619","MARIA DEL PILAR BAOS REVILLA","VICTOR GUIDO GONZALEZ COELLO DE PORTUGAL",1
"10620","MARIA DEL PILAR BAOS REVILLA","YOLANDA MERELO PALOMARES",1
"10621","MARIA DEL PILAR FENOY NIETO","PATRICIA ESCAMEZ MARIN",1
"10622","MARIA DEL ROCIO AVEZUELA MIGUEL","REBECA ORTEGO CONESA",1
"10623","MARIA DEL ROCIO AVEZUELA MIGUEL","ROCIO MONASTERIO SAN MARTIN",1
"10624","MARIA DOLORES GOMEZ MORENO","MARTA ALVAREZ BARRIO",1
"10625","MARIA DOLORES GOMEZ MORENO","MIGUEL ANGEL FERNANDEZ LOPEZ",1
"10626","MARIA DOLORES GOMEZ MORENO","PABLO SAEZ ALONSOMUNUMER",2
"10627","MARIA DOLORES GOMEZ MORENO","PATRICIA DE LAS HERAS FERNANDEZ",1
"10628","MARIA DOLORES GOMEZ MORENO","PATRICIA RUEDA PERELLO",2
"10629","MARIA DOLORES GOMEZ MORENO","PEDRO FERNANDEZ HERNANDEZ",2
"10630","MARIA DOLORES GOMEZ MORENO","RICARDO CHAMORRO DELMO",2
"10631","MARIA DOLORES GOMEZ MORENO","ROCIO DE MEER MENDEZ",2
"10632","MARIA DOLORES GOMEZ MORENO","RUBEN SILVANO MANSO OLIVAR",1
"10633","MARIA DOLORES GOMEZ MORENO","SANTIAGO ABASCAL CONDE",2
"10634","MARIA DOLORES GOMEZ MORENO","SERAFIN SERRANO MARIN",1
"10635","MARIA DOLORES GOMEZ MORENO","SONIA LUISA LALANDA SANMIGUEL",1
"10636","MARIA DOLORES GOMEZ MORENO","VICTOR GUIDO GONZALEZ COELLO DE PORTUGAL",1
"10637","MARIA DOLORES GOMEZ MORENO","VICTOR MANUEL SANCHEZ DEL REAL",1
"10638","MARIA DOLORES MATEO MATEOS","MARIA JOSE RODRIGUEZ DE MILLAN PARRO",1
"10639","MARIA DOLORES MATEO MATEOS","MARIA LUISA CALVO ENRIQUEZ",1
"10640","MARIA DOLORES MATEO MATEOS","MARIA MAGDALENA NEVADO DEL CAMPO",1
"10641","MARIA DOLORES MATEO MATEOS","MARIA TERESA LOPEZ ALVAREZ",1
"10642","MARIA DOLORES MATEO MATEOS","MARTA ALEGRIA MARTINEZ",1
"10643","MARIA DOLORES MATEO MATEOS","MAURICIO ANGULO GUERRERO",1
"10644","MARIA DOLORES MATEO MATEOS","MIGUEL CONTRERAS MARTINEZ",1
"10645","MARIA DOLORES MATEO MATEOS","PABLO JUAN CALVO LISTE",1
"10646","MARIA DOLORES MATEO MATEOS","PABLO SAEZ ALONSOMUNUMER",1
"10647","MARIA DOLORES MATEO MATEOS","PATRICIA RUEDA PERELLO",1
"10648","MARIA DOLORES MATEO MATEOS","PEDRO FERNANDEZ HERNANDEZ",1
"10649","MARIA DOLORES MATEO MATEOS","PEDRO JESUS REQUEJO NOVOA",1
"10650","MARIA DOLORES MATEO MATEOS","RICARDO CHAMORRO DELMO",1
"10651","MARIA DOLORES MATEO MATEOS","ROCIO DE MEER MENDEZ",1
"10652","MARIA DOLORES MATEO MATEOS","RODRIGO JIMENEZ REVUELTA",1
"10653","MARIA DOLORES MATEO MATEOS","SANTIAGO ABASCAL CONDE",1
"10654","MARIA DOLORES MATEO MATEOS","SERGIO MACIAN DE GREEF",1
"10655","MARIA DOLORES MATEO MATEOS","SUSANA SUAREZ VILLAGRA",1
"10656","MARIA DOLORES MATEO MATEOS","TOMAS FERNANDEZ RIOS",1
"10657","MARIA DOLORES MATEO MATEOS","VICTOR GUIDO GONZALEZ COELLO DE PORTUGAL",1
"10658","MARIA DOLORES MATEO MATEOS","YOLANDA MERELO PALOMARES",1
"10659","MARIA ELISA GARCIA FUSTER","MONICA LORA CISQUER",2
"10660","MARIA ELISA GARCIA FUSTER","PABLO SAEZ ALONSOMUNUMER",1
"10661","MARIA ELISA GARCIA FUSTER","PATRICIA RUEDA PERELLO",1
"10662","MARIA ELISA GARCIA FUSTER","PEDRO FERNANDEZ HERNANDEZ",1
"10663","MARIA ELISA GARCIA FUSTER","RAFAEL VILLAFRANCA MERCE",1
"10664","MARIA ELISA GARCIA FUSTER","RICARDO CHAMORRO DELMO",1
"10665","MARIA ELISA GARCIA FUSTER","ROCIO DE MEER MENDEZ",1
"10666","MARIA ELISA GARCIA FUSTER","SANTIAGO ABASCAL CONDE",1
"10667","MARIA ELISA GARCIA FUSTER","SERGI FABRI LLAVERO",2
"10668","MARIA ELISA GARCIA FUSTER","SERGIO MACIAN DE GREEF",2
"10669","MARIA ELISA GARCIA FUSTER","VICTOR MANUEL SANCHEZ DEL REAL",1
"10670","MARIA ENCARNACION RIVAS GARCIA","PATRICIA FERNANDEZ RIVAS",1
"10671","MARIA GEMA ESCOLANO BERNA","MARIA JOSE RODRIGUEZ DE MILLAN PARRO",1
"10672","MARIA GEMA ESCOLANO BERNA","MARIA MAGDALENA NEVADO DEL CAMPO",1
"10673","MARIA GEMA ESCOLANO BERNA","MARIA TERESA LOPEZ ALVAREZ",1
"10674","MARIA GEMA ESCOLANO BERNA","PABLO JUAN CALVO LISTE",1
"10675","MARIA GEMA ESCOLANO BERNA","PABLO SAEZ ALONSOMUNUMER",1
"10676","MARIA GEMA ESCOLANO BERNA","PATRICIA RUEDA PERELLO",1
"10677","MARIA GEMA ESCOLANO BERNA","PEDRO FERNANDEZ HERNANDEZ",1
"10678","MARIA GEMA ESCOLANO BERNA","PEDRO JESUS REQUEJO NOVOA",1
"10679","MARIA GEMA ESCOLANO BERNA","RICARDO CHAMORRO DELMO",1
"10680","MARIA GEMA ESCOLANO BERNA","ROCIO DE MEER MENDEZ",1
"10681","MARIA GEMA ESCOLANO BERNA","RODRIGO JIMENEZ REVUELTA",1
"10682","MARIA GEMA ESCOLANO BERNA","SANTIAGO ABASCAL CONDE",1
"10683","MARIA GEMA ESCOLANO BERNA","SERGIO MACIAN DE GREEF",1
"10684","MARIA GEMA ESCOLANO BERNA","SILVIA ASENCIO MAS",1
"10685","MARIA GEMA ESCOLANO BERNA","TOMAS FERNANDEZ RIOS",1
"10686","MARIA GEMA ESCOLANO BERNA","VICTOR GUIDO GONZALEZ COELLO DE PORTUGAL",1
"10687","MARIA GEMA ESCOLANO BERNA","YOLANDA MERELO PALOMARES",1
"10688","MARIA GORETTI EIBERLE SANCHEZ DE TOCA","NOELIA MARIA CAMPOS RODRIGUEZ",1
"10689","MARIA GORETTI EIBERLE SANCHEZ DE TOCA","OTILIA ALARCON CAMUS",1
"10690","MARIA GORETTI EIBERLE SANCHEZ DE TOCA","PAULA DE LOS ANGELES BADANELLI BERRIOZABAL",1
"10691","MARIA GORETTI EIBERLE SANCHEZ DE TOCA","PURIFICACION FERNANDEZ MORALES",1
"10692","MARIA GORETTI EIBERLE SANCHEZ DE TOCA","RAFAEL SEGOVIA BROME",1
"10693","MARIA GORETTI EIBERLE SANCHEZ DE TOCA","RICARDO LOPEZ OLEA",1
"10694","MARIA GORETTI EIBERLE SANCHEZ DE TOCA","ROCIO MARIN ORTEGA",1
"10695","MARIA GORETTI EIBERLE SANCHEZ DE TOCA","RODRIGO JAVIER ALONSO FERNANDEZ",1
"10696","MARIA GORETTI EIBERLE SANCHEZ DE TOCA","SILVIA CLARA ENRIQUEZ GALLEGO",1
"10697","MARIA GORETTI EIBERLE SANCHEZ DE TOCA","SILVIA MARIA BELLIDO VERA",1
"10698","MARIA INES DIAZ CASAS","MARIA JOSE RODRIGUEZ DE MILLAN PARRO",1
"10699","MARIA INES DIAZ CASAS","MARIA MAGDALENA NEVADO DEL CAMPO",1
"10700","MARIA INES DIAZ CASAS","MARIA TERESA LOPEZ ALVAREZ",1
"10701","MARIA INES DIAZ CASAS","PABLO JUAN CALVO LISTE",1
"10702","MARIA INES DIAZ CASAS","PABLO SAEZ ALONSOMUNUMER",1
"10703","MARIA INES DIAZ CASAS","PATRICIA RUEDA PERELLO",1
"10704","MARIA INES DIAZ CASAS","PEDRO FERNANDEZ HERNANDEZ",1
"10705","MARIA INES DIAZ CASAS","PEDRO JESUS REQUEJO NOVOA",1
"10706","MARIA INES DIAZ CASAS","RICARDO CHAMORRO DELMO",1
"10707","MARIA INES DIAZ CASAS","ROCIO DE MEER MENDEZ",1
"10708","MARIA INES DIAZ CASAS","RODRIGO JIMENEZ REVUELTA",1
"10709","MARIA INES DIAZ CASAS","SANTIAGO ABASCAL CONDE",1
"10710","MARIA INES DIAZ CASAS","SERGIO MACIAN DE GREEF",1
"10711","MARIA INES DIAZ CASAS","TOMAS FERNANDEZ RIOS",1
"10712","MARIA INES DIAZ CASAS","VICTOR GUIDO GONZALEZ COELLO DE PORTUGAL",1
"10713","MARIA INES DIAZ CASAS","YOLANDA MERELO PALOMARES",1
"10714","MARIA IRENE CARVAJAL CRUSAT","PABLO SAEZ ALONSOMUNUMER",1
"10715","MARIA ISABEL CALZADA ANDREU","MARTA FERNANDEZ MARTIN",1
"10716","MARIA ISABEL CALZADA ANDREU","SANTIAGO MORON SANJUAN",1
"10717","MARIA ISABEL CALZADA ANDREU","SERGIO MARCO JIMENEZ",1
"10718","MARIA ISABEL DOMINGUEZ POMARES","PABLO SAEZ ALONSOMUNUMER",1
"10719","MARIA ISABEL DOMINGUEZ POMARES","PATRICIA RUEDA PERELLO",1
"10720","MARIA ISABEL DOMINGUEZ POMARES","PEDRO FERNANDEZ HERNANDEZ",1
"10721","MARIA ISABEL DOMINGUEZ POMARES","RICARDO CHAMORRO DELMO",1
"10722","MARIA ISABEL DOMINGUEZ POMARES","ROCIO DE MEER MENDEZ",1
"10723","MARIA ISABEL DOMINGUEZ POMARES","SANTIAGO ABASCAL CONDE",1
"10724","MARIA ISABEL DOMINGUEZ POMARES","VICTOR MANUEL SANCHEZ DEL REAL",1
"10725","MARIA ISABEL PEREZ MARTIN","MARIA LUISA CALVO ENRIQUEZ",1
"10726","MARIA ISABEL PEREZ MARTIN","PABLO SAEZ ALONSOMUNUMER",1
"10727","MARIA ISABEL PEREZ MARTIN","PATRICIA RUEDA PERELLO",1
"10728","MARIA ISABEL PEREZ MARTIN","PEDRO FERNANDEZ HERNANDEZ",1
"10729","MARIA ISABEL PEREZ MARTIN","RICARDO CHAMORRO DELMO",1
"10730","MARIA ISABEL PEREZ MARTIN","ROCIO DE MEER MENDEZ",1
"10731","MARIA ISABEL PEREZ MARTIN","SANTIAGO ABASCAL CONDE",1
"10732","MARIA ISABEL PEREZ MARTIN","SUSANA SUAREZ VILLAGRA",1
"10733","MARIA ISABEL PEREZ MARTIN","VICTOR MANUEL SANCHEZ DEL REAL",1
"10734","MARIA JESUS SALVATIERRA GORDILLO","MARTA GERVASIA GARRIDO MORENO",1
"10735","MARIA JESUS SALVATIERRA GORDILLO","OSCAR ARTURO FERNANDEZ CALLE",1
"10736","MARIA JOSE RODRIGUEZ DE MILLAN PARRO","MARIA LOPEZ ZAMBRANO",2
"10737","MARIA JOSE RODRIGUEZ DE MILLAN PARRO","MARIA LUISA MENENDEZ MARTINEZ",1
"10738","MARIA JOSE RODRIGUEZ DE MILLAN PARRO","MARIA MAGDALENA NEVADO DEL CAMPO",1
"10739","MARIA JOSE RODRIGUEZ DE MILLAN PARRO","MARIA MAGDALENA PUENTEDURA PEREZ",2
"10740","MARIA JOSE RODRIGUEZ DE MILLAN PARRO","MARIA MERCEDES RODRIGUEZ TAMAYO",1
"10741","MARIA JOSE RODRIGUEZ DE MILLAN PARRO","MARIA SUSANA JIMENEZ AIBAR",1
"10742","MARIA JOSE RODRIGUEZ DE MILLAN PARRO","MARIA TERESA GARCIA DE LA ROSA JIMENEZ",1
"10743","MARIA JOSE RODRIGUEZ DE MILLAN PARRO","MARIA TERESA LOPEZ ALVAREZ",1
"10744","MARIA JOSE RODRIGUEZ DE MILLAN PARRO","MARIA TERESA LOPEZ DIVASSON",1
"10745","MARIA JOSE RODRIGUEZ DE MILLAN PARRO","MARIA VIDAL BENNASAR",1
"10746","MARIA JOSE RODRIGUEZ DE MILLAN PARRO","MARIA ZULEMA SAN JOSE SANCHEZ",1
"10747","MARIA JOSE RODRIGUEZ DE MILLAN PARRO","MARINA DABAN ALONSO",1
"10748","MARIA JOSE RODRIGUEZ DE MILLAN PARRO","MARTA ALEGRIA MARTINEZ",1
"10749","MARIA JOSE RODRIGUEZ DE MILLAN PARRO","MARTA GERVASIA GARRIDO MORENO",1
"10750","MARIA JOSE RODRIGUEZ DE MILLAN PARRO","MARTA MARTIN CUSTODIO",1
"10751","MARIA JOSE RODRIGUEZ DE MILLAN PARRO","MIGUEL MALDONADO CABALLERO",1
"10752","MARIA JOSE RODRIGUEZ DE MILLAN PARRO","MONICA LORA CISQUER",1
"10753","MARIA JOSE RODRIGUEZ DE MILLAN PARRO","MONTSERRAT CERVANTES LLORT",1
"10754","MARIA JOSE RODRIGUEZ DE MILLAN PARRO","OLIVIA MORENO NAVAS",1
"10755","MARIA JOSE RODRIGUEZ DE MILLAN PARRO","PABLO JUAN CALVO LISTE",1
"10756","MARIA JOSE RODRIGUEZ DE MILLAN PARRO","PABLO PEREZ GALLARDO",1
"10757","MARIA JOSE RODRIGUEZ DE MILLAN PARRO","PABLO SAEZ ALONSOMUNUMER",1
"10758","MARIA JOSE RODRIGUEZ DE MILLAN PARRO","PALOMA GOMEZ ENRIQUEZ",1
"10759","MARIA JOSE RODRIGUEZ DE MILLAN PARRO","PATRICIA ESCAMEZ MARIN",1
"10760","MARIA JOSE RODRIGUEZ DE MILLAN PARRO","PATRICIA RUEDA PERELLO",1
"10761","MARIA JOSE RODRIGUEZ DE MILLAN PARRO","PAULA DE LOS ANGELES BADANELLI BERRIOZABAL",1
"10762","MARIA JOSE RODRIGUEZ DE MILLAN PARRO","PEDRO FERNANDEZ HERNANDEZ",1
"10763","MARIA JOSE RODRIGUEZ DE MILLAN PARRO","PEDRO JESUS REQUEJO NOVOA",1
"10764","MARIA JOSE RODRIGUEZ DE MILLAN PARRO","PURIFICACION FERNANDEZ MORALES",1
"10765","MARIA JOSE RODRIGUEZ DE MILLAN PARRO","RAFAEL RICARDO GONZALEZ GALLEGO",1
"10766","MARIA JOSE RODRIGUEZ DE MILLAN PARRO","RAFAEL SEGOVIA BROME",2
"10767","MARIA JOSE RODRIGUEZ DE MILLAN PARRO","RICARDO CHAMORRO DELMO",1
"10768","MARIA JOSE RODRIGUEZ DE MILLAN PARRO","RICARDO LOPEZ OLEA",1
"10769","MARIA JOSE RODRIGUEZ DE MILLAN PARRO","ROCIO DE MEER MENDEZ",1
"10770","MARIA JOSE RODRIGUEZ DE MILLAN PARRO","RODRIGO JAVIER ALONSO FERNANDEZ",1
"10771","MARIA JOSE RODRIGUEZ DE MILLAN PARRO","RODRIGO JIMENEZ REVUELTA",1
"10772","MARIA JOSE RODRIGUEZ DE MILLAN PARRO","SALOME NIETO TARRAGA",1
"10773","MARIA JOSE RODRIGUEZ DE MILLAN PARRO","SANTIAGO ABASCAL CONDE",1
"10774","MARIA JOSE RODRIGUEZ DE MILLAN PARRO","SERGI FABRI LLAVERO",1
"10775","MARIA JOSE RODRIGUEZ DE MILLAN PARRO","SERGIO CHAGARTEGUI SANCHEZ",1
"10776","MARIA JOSE RODRIGUEZ DE MILLAN PARRO","SERGIO MACIAN DE GREEF",1
"10777","MARIA JOSE RODRIGUEZ DE MILLAN PARRO","SILVIA CLARA ENRIQUEZ GALLEGO",2
"10778","MARIA JOSE RODRIGUEZ DE MILLAN PARRO","SOLEDAD PEREZ RUBIO",2
"10779","MARIA JOSE RODRIGUEZ DE MILLAN PARRO","SONSOLES PALACIOS MORENO",1
"10780","MARIA JOSE RODRIGUEZ DE MILLAN PARRO","TEODORO RAMON POZO MUNIZ",1
"10781","MARIA JOSE RODRIGUEZ DE MILLAN PARRO","TOMAS FERNANDEZ RIOS",1
"10782","MARIA JOSE RODRIGUEZ DE MILLAN PARRO","VALENTIN LOPEZ LOPEZ",1
"10783","MARIA JOSE RODRIGUEZ DE MILLAN PARRO","VICTOR GUIDO GONZALEZ COELLO DE PORTUGAL",1
"10784","MARIA JOSE RODRIGUEZ DE MILLAN PARRO","VICTOR MANUEL ACOSTA HERNANDEZ",1
"10785","MARIA JOSE RODRIGUEZ DE MILLAN PARRO","VIRGINIA HUERTAS PECHUAN",1
"10786","MARIA JOSE RODRIGUEZ DE MILLAN PARRO","YOLANDA MERELO PALOMARES",1
"10787","MARIA JOSE RUIZ DIAZ","RUBEN MARTINEZ ALPANEZ",1
"10788","MARIA JOSE VERDU TORRES","MIREIA BORRAS PABON",1
"10789","MARIA JOSE VERDU TORRES","SERGIO RODRIGUEZ FARRE",1
"10790","MARIA LOPEZ ZAMBRANO","MARIA MAGDALENA NEVADO DEL CAMPO",1
"10791","MARIA LOPEZ ZAMBRANO","MARIA MAGDALENA PUENTEDURA PEREZ",1
"10792","MARIA LOPEZ ZAMBRANO","MARIA MERCEDES RODRIGUEZ TAMAYO",1
"10793","MARIA LOPEZ ZAMBRANO","MARIA TERESA LOPEZ ALVAREZ",1
"10794","MARIA LOPEZ ZAMBRANO","PABLO JUAN CALVO LISTE",1
"10795","MARIA LOPEZ ZAMBRANO","PABLO SAEZ ALONSOMUNUMER",1
"10796","MARIA LOPEZ ZAMBRANO","PATRICIA RUEDA PERELLO",1
"10797","MARIA LOPEZ ZAMBRANO","PEDRO FERNANDEZ HERNANDEZ",1
"10798","MARIA LOPEZ ZAMBRANO","PEDRO JESUS REQUEJO NOVOA",1
"10799","MARIA LOPEZ ZAMBRANO","PURIFICACION FERNANDEZ MORALES",1
"10800","MARIA LOPEZ ZAMBRANO","RAFAEL SEGOVIA BROME",2
"10801","MARIA LOPEZ ZAMBRANO","RICARDO CHAMORRO DELMO",1
"10802","MARIA LOPEZ ZAMBRANO","RICARDO LOPEZ OLEA",1
"10803","MARIA LOPEZ ZAMBRANO","ROCIO DE MEER MENDEZ",1
"10804","MARIA LOPEZ ZAMBRANO","RODRIGO JAVIER ALONSO FERNANDEZ",1
"10805","MARIA LOPEZ ZAMBRANO","RODRIGO JIMENEZ REVUELTA",1
"10806","MARIA LOPEZ ZAMBRANO","SANTIAGO ABASCAL CONDE",1
"10807","MARIA LOPEZ ZAMBRANO","SERGIO MACIAN DE GREEF",1
"10808","MARIA LOPEZ ZAMBRANO","TOMAS FERNANDEZ RIOS",1
"10809","MARIA LOPEZ ZAMBRANO","VICTOR GUIDO GONZALEZ COELLO DE PORTUGAL",1
"10810","MARIA LOPEZ ZAMBRANO","WENCESLAO ALBERTO FONT BRIONES",1
"10811","MARIA LOPEZ ZAMBRANO","YOLANDA MERELO PALOMARES",1
"10812","MARIA LUISA CALVO ENRIQUEZ","MARTA ALEGRIA MARTINEZ",2
"10813","MARIA LUISA CALVO ENRIQUEZ","MAURICIO ANGULO GUERRERO",1
"10814","MARIA LUISA CALVO ENRIQUEZ","MIGUEL CONTRERAS MARTINEZ",1
"10815","MARIA LUISA CALVO ENRIQUEZ","SERGIO CHAGARTEGUI SANCHEZ",1
"10816","MARIA LUISA CALVO ENRIQUEZ","SUSANA SUAREZ VILLAGRA",2
"10817","MARIA LUISA GANEZ GAJON","MARTA FERNANDEZ MARTIN",1
"10818","MARIA LUISA GANEZ GAJON","SANTIAGO MORON SANJUAN",1
"10819","MARIA LUISA MENENDEZ MARTINEZ","MARIA MAGDALENA NEVADO DEL CAMPO",1
"10820","MARIA LUISA MENENDEZ MARTINEZ","MARIA TERESA LOPEZ ALVAREZ",1
"10821","MARIA LUISA MENENDEZ MARTINEZ","PABLO JUAN CALVO LISTE",1
"10822","MARIA LUISA MENENDEZ MARTINEZ","PABLO SAEZ ALONSOMUNUMER",1
"10823","MARIA LUISA MENENDEZ MARTINEZ","PATRICIA RUEDA PERELLO",1
"10824","MARIA LUISA MENENDEZ MARTINEZ","PEDRO FERNANDEZ HERNANDEZ",1
"10825","MARIA LUISA MENENDEZ MARTINEZ","PEDRO JESUS REQUEJO NOVOA",1
"10826","MARIA LUISA MENENDEZ MARTINEZ","RICARDO CHAMORRO DELMO",1
"10827","MARIA LUISA MENENDEZ MARTINEZ","ROCIO DE MEER MENDEZ",1
"10828","MARIA LUISA MENENDEZ MARTINEZ","RODRIGO JIMENEZ REVUELTA",1
"10829","MARIA LUISA MENENDEZ MARTINEZ","SANTIAGO ABASCAL CONDE",1
"10830","MARIA LUISA MENENDEZ MARTINEZ","SERGIO MACIAN DE GREEF",1
"10831","MARIA LUISA MENENDEZ MARTINEZ","TOMAS FERNANDEZ RIOS",1
"10832","MARIA LUISA MENENDEZ MARTINEZ","VICTOR GUIDO GONZALEZ COELLO DE PORTUGAL",1
"10833","MARIA LUISA MENENDEZ MARTINEZ","YOLANDA MERELO PALOMARES",1
"10834","MARIA MAGDALENA NEVADO DEL CAMPO","MARIA MAGDALENA PUENTEDURA PEREZ",1
"10835","MARIA MAGDALENA NEVADO DEL CAMPO","MARIA SUSANA JIMENEZ AIBAR",1
"10836","MARIA MAGDALENA NEVADO DEL CAMPO","MARIA TERESA GARCIA DE LA ROSA JIMENEZ",1
"10837","MARIA MAGDALENA NEVADO DEL CAMPO","MARIA TERESA LOPEZ ALVAREZ",1
"10838","MARIA MAGDALENA NEVADO DEL CAMPO","MARIA TERESA LOPEZ DIVASSON",1
"10839","MARIA MAGDALENA NEVADO DEL CAMPO","MARIA VIDAL BENNASAR",1
"10840","MARIA MAGDALENA NEVADO DEL CAMPO","MARIA ZULEMA SAN JOSE SANCHEZ",1
"10841","MARIA MAGDALENA NEVADO DEL CAMPO","MARINA DABAN ALONSO",1
"10842","MARIA MAGDALENA NEVADO DEL CAMPO","MARTA ALEGRIA MARTINEZ",1
"10843","MARIA MAGDALENA NEVADO DEL CAMPO","MARTA ALVAREZ BARRIO",1
"10844","MARIA MAGDALENA NEVADO DEL CAMPO","MARTA GERVASIA GARRIDO MORENO",1
"10845","MARIA MAGDALENA NEVADO DEL CAMPO","MARTA MARTIN CUSTODIO",1
"10846","MARIA MAGDALENA NEVADO DEL CAMPO","MAZALY AGUILAR",1
"10847","MARIA MAGDALENA NEVADO DEL CAMPO","MIGUEL ANGEL FERNANDEZ LOPEZ",1
"10848","MARIA MAGDALENA NEVADO DEL CAMPO","MIGUEL MALDONADO CABALLERO",1
"10849","MARIA MAGDALENA NEVADO DEL CAMPO","MONICA LORA CISQUER",1
"10850","MARIA MAGDALENA NEVADO DEL CAMPO","OLIVIA MORENO NAVAS",1
"10851","MARIA MAGDALENA NEVADO DEL CAMPO","PABLO JUAN CALVO LISTE",1
"10852","MARIA MAGDALENA NEVADO DEL CAMPO","PABLO PEREZ GALLARDO",1
"10853","MARIA MAGDALENA NEVADO DEL CAMPO","PABLO SAEZ ALONSOMUNUMER",3
"10854","MARIA MAGDALENA NEVADO DEL CAMPO","PALOMA GOMEZ ENRIQUEZ",1
"10855","MARIA MAGDALENA NEVADO DEL CAMPO","PATRICIA DE LAS HERAS FERNANDEZ",1
"10856","MARIA MAGDALENA NEVADO DEL CAMPO","PATRICIA ESCAMEZ MARIN",1
"10857","MARIA MAGDALENA NEVADO DEL CAMPO","PATRICIA RUEDA PERELLO",3
"10858","MARIA MAGDALENA NEVADO DEL CAMPO","PAULA DE LOS ANGELES BADANELLI BERRIOZABAL",1
"10859","MARIA MAGDALENA NEVADO DEL CAMPO","PEDRO FERNANDEZ HERNANDEZ",3
"10860","MARIA MAGDALENA NEVADO DEL CAMPO","PEDRO JESUS REQUEJO NOVOA",1
"10861","MARIA MAGDALENA NEVADO DEL CAMPO","RAFAEL RICARDO GONZALEZ GALLEGO",1
"10862","MARIA MAGDALENA NEVADO DEL CAMPO","RAFAEL SEGOVIA BROME",1
"10863","MARIA MAGDALENA NEVADO DEL CAMPO","RICARDO CHAMORRO DELMO",3
"10864","MARIA MAGDALENA NEVADO DEL CAMPO","ROCIO DE MEER MENDEZ",3
"10865","MARIA MAGDALENA NEVADO DEL CAMPO","RODRIGO JIMENEZ REVUELTA",1
"10866","MARIA MAGDALENA NEVADO DEL CAMPO","RUBEN SILVANO MANSO OLIVAR",1
"10867","MARIA MAGDALENA NEVADO DEL CAMPO","SALOME NIETO TARRAGA",1
"10868","MARIA MAGDALENA NEVADO DEL CAMPO","SANTIAGO ABASCAL CONDE",3
"10869","MARIA MAGDALENA NEVADO DEL CAMPO","SERAFIN SERRANO MARIN",1
"10870","MARIA MAGDALENA NEVADO DEL CAMPO","SERGI FABRI LLAVERO",1
"10871","MARIA MAGDALENA NEVADO DEL CAMPO","SERGIO CHAGARTEGUI SANCHEZ",1
"10872","MARIA MAGDALENA NEVADO DEL CAMPO","SERGIO MACIAN DE GREEF",1
"10873","MARIA MAGDALENA NEVADO DEL CAMPO","SILVIA CLARA ENRIQUEZ GALLEGO",1
"10874","MARIA MAGDALENA NEVADO DEL CAMPO","SOLEDAD PEREZ RUBIO",1
"10875","MARIA MAGDALENA NEVADO DEL CAMPO","SONIA LUISA LALANDA SANMIGUEL",1
"10876","MARIA MAGDALENA NEVADO DEL CAMPO","SONSOLES PALACIOS MORENO",1
"10877","MARIA MAGDALENA NEVADO DEL CAMPO","TEODORO RAMON POZO MUNIZ",1
"10878","MARIA MAGDALENA NEVADO DEL CAMPO","TOMAS FERNANDEZ RIOS",1
"10879","MARIA MAGDALENA NEVADO DEL CAMPO","VALENTIN LOPEZ LOPEZ",1
"10880","MARIA MAGDALENA NEVADO DEL CAMPO","VICTOR GUIDO GONZALEZ COELLO DE PORTUGAL",2
"10881","MARIA MAGDALENA NEVADO DEL CAMPO","VICTOR MANUEL ACOSTA HERNANDEZ",1
"10882","MARIA MAGDALENA NEVADO DEL CAMPO","VICTOR MANUEL SANCHEZ DEL REAL",1
"10883","MARIA MAGDALENA NEVADO DEL CAMPO","VIRGINIA HUERTAS PECHUAN",1
"10884","MARIA MAGDALENA NEVADO DEL CAMPO","YOLANDA MERELO PALOMARES",1
"10885","MARIA MAGDALENA PUENTEDURA PEREZ","MARIA MERCEDES RODRIGUEZ TAMAYO",1
"10886","MARIA MAGDALENA PUENTEDURA PEREZ","MARIA TERESA LOPEZ ALVAREZ",1
"10887","MARIA MAGDALENA PUENTEDURA PEREZ","MONTSERRAT CERVANTES LLORT",1
"10888","MARIA MAGDALENA PUENTEDURA PEREZ","PABLO JUAN CALVO LISTE",1
"10889","MARIA MAGDALENA PUENTEDURA PEREZ","PABLO SAEZ ALONSOMUNUMER",1
"10890","MARIA MAGDALENA PUENTEDURA PEREZ","PATRICIA RUEDA PERELLO",1
"10891","MARIA MAGDALENA PUENTEDURA PEREZ","PEDRO FERNANDEZ HERNANDEZ",1
"10892","MARIA MAGDALENA PUENTEDURA PEREZ","PEDRO JESUS REQUEJO NOVOA",1
"10893","MARIA MAGDALENA PUENTEDURA PEREZ","PURIFICACION FERNANDEZ MORALES",1
"10894","MARIA MAGDALENA PUENTEDURA PEREZ","RAFAEL SEGOVIA BROME",1
"10895","MARIA MAGDALENA PUENTEDURA PEREZ","RICARDO CHAMORRO DELMO",1
"10896","MARIA MAGDALENA PUENTEDURA PEREZ","RICARDO LOPEZ OLEA",1
"10897","MARIA MAGDALENA PUENTEDURA PEREZ","ROCIO DE MEER MENDEZ",1
"10898","MARIA MAGDALENA PUENTEDURA PEREZ","RODRIGO JAVIER ALONSO FERNANDEZ",1
"10899","MARIA MAGDALENA PUENTEDURA PEREZ","RODRIGO JIMENEZ REVUELTA",1
"10900","MARIA MAGDALENA PUENTEDURA PEREZ","SANTIAGO ABASCAL CONDE",1
"10901","MARIA MAGDALENA PUENTEDURA PEREZ","SERGIO MACIAN DE GREEF",1
"10902","MARIA MAGDALENA PUENTEDURA PEREZ","SILVIA CLARA ENRIQUEZ GALLEGO",1
"10903","MARIA MAGDALENA PUENTEDURA PEREZ","SOLEDAD PEREZ RUBIO",1
"10904","MARIA MAGDALENA PUENTEDURA PEREZ","TOMAS FERNANDEZ RIOS",1
"10905","MARIA MAGDALENA PUENTEDURA PEREZ","VICTOR GUIDO GONZALEZ COELLO DE PORTUGAL",1
"10906","MARIA MAGDALENA PUENTEDURA PEREZ","YOLANDA MERELO PALOMARES",1
"10907","MARIA MERCEDES RODRIGUEZ TAMAYO","MARTA ALVAREZ BARRIO",1
"10908","MARIA MERCEDES RODRIGUEZ TAMAYO","MIGUEL ANGEL FERNANDEZ LOPEZ",1
"10909","MARIA MERCEDES RODRIGUEZ TAMAYO","MONTSERRAT CERVANTES LLORT",1
"10910","MARIA MERCEDES RODRIGUEZ TAMAYO","PABLO SAEZ ALONSOMUNUMER",1
"10911","MARIA MERCEDES RODRIGUEZ TAMAYO","PATRICIA DE LAS HERAS FERNANDEZ",1
"10912","MARIA MERCEDES RODRIGUEZ TAMAYO","PATRICIA RUEDA PERELLO",1
"10913","MARIA MERCEDES RODRIGUEZ TAMAYO","PEDRO FERNANDEZ HERNANDEZ",1
"10914","MARIA MERCEDES RODRIGUEZ TAMAYO","PURIFICACION FERNANDEZ MORALES",1
"10915","MARIA MERCEDES RODRIGUEZ TAMAYO","RAFAEL SEGOVIA BROME",1
"10916","MARIA MERCEDES RODRIGUEZ TAMAYO","RICARDO CHAMORRO DELMO",1
"10917","MARIA MERCEDES RODRIGUEZ TAMAYO","RICARDO LOPEZ OLEA",1
"10918","MARIA MERCEDES RODRIGUEZ TAMAYO","ROCIO DE MEER MENDEZ",1
"10919","MARIA MERCEDES RODRIGUEZ TAMAYO","RODRIGO JAVIER ALONSO FERNANDEZ",1
"10920","MARIA MERCEDES RODRIGUEZ TAMAYO","RUBEN SILVANO MANSO OLIVAR",1
"10921","MARIA MERCEDES RODRIGUEZ TAMAYO","SANTIAGO ABASCAL CONDE",1
"10922","MARIA MERCEDES RODRIGUEZ TAMAYO","SERAFIN SERRANO MARIN",1
"10923","MARIA MERCEDES RODRIGUEZ TAMAYO","SILVIA CLARA ENRIQUEZ GALLEGO",1
"10924","MARIA MERCEDES RODRIGUEZ TAMAYO","SOLEDAD PEREZ RUBIO",1
"10925","MARIA MERCEDES RODRIGUEZ TAMAYO","SONIA LUISA LALANDA SANMIGUEL",1
"10926","MARIA MERCEDES RODRIGUEZ TAMAYO","VICTOR GUIDO GONZALEZ COELLO DE PORTUGAL",1
"10927","MARIA PILAR DELGADO ANGLADA","MARTA FERNANDEZ MARTIN",1
"10928","MARIA PILAR DELGADO ANGLADA","SANTIAGO MORON SANJUAN",1
"10929","MARIA PILAR DELGADO ANGLADA","SERGIO MARCO JIMENEZ",1
"10930","MARIA ROSARIO ESTEVEZ GARCIA","MARIA TERESA NOSTI IZQUIERDO",1
"10931","MARIA SUSANA JIMENEZ AIBAR","MARIA TERESA LOPEZ ALVAREZ",1
"10932","MARIA SUSANA JIMENEZ AIBAR","MARIANO CALABUIG MARTINEZ",1
"10933","MARIA SUSANA JIMENEZ AIBAR","MIREIA BORRAS PABON",1
"10934","MARIA SUSANA JIMENEZ AIBAR","PABLO JUAN CALVO LISTE",1
"10935","MARIA SUSANA JIMENEZ AIBAR","PABLO SAEZ ALONSOMUNUMER",1
"10936","MARIA SUSANA JIMENEZ AIBAR","PATRICIA RUEDA PERELLO",1
"10937","MARIA SUSANA JIMENEZ AIBAR","PEDRO FERNANDEZ HERNANDEZ",1
"10938","MARIA SUSANA JIMENEZ AIBAR","PEDRO JESUS REQUEJO NOVOA",1
"10939","MARIA SUSANA JIMENEZ AIBAR","RICARDO CHAMORRO DELMO",1
"10940","MARIA SUSANA JIMENEZ AIBAR","ROCIO DE MEER MENDEZ",1
"10941","MARIA SUSANA JIMENEZ AIBAR","ROCIO MONASTERIO SAN MARTIN",2
"10942","MARIA SUSANA JIMENEZ AIBAR","RODRIGO JIMENEZ REVUELTA",1
"10943","MARIA SUSANA JIMENEZ AIBAR","SANTIAGO ABASCAL CONDE",1
"10944","MARIA SUSANA JIMENEZ AIBAR","SERGIO MACIAN DE GREEF",1
"10945","MARIA SUSANA JIMENEZ AIBAR","TOMAS FERNANDEZ RIOS",1
"10946","MARIA SUSANA JIMENEZ AIBAR","VICTOR GUIDO GONZALEZ COELLO DE PORTUGAL",1
"10947","MARIA SUSANA JIMENEZ AIBAR","YOLANDA MERELO PALOMARES",1
"10948","MARIA TERESA ARNEDO PEREZ","MARTA ALVAREZ BARRIO",1
"10949","MARIA TERESA ARNEDO PEREZ","MIGUEL ANGEL FERNANDEZ LOPEZ",1
"10950","MARIA TERESA ARNEDO PEREZ","PABLO SAEZ ALONSOMUNUMER",2
"10951","MARIA TERESA ARNEDO PEREZ","PATRICIA DE LAS HERAS FERNANDEZ",1
"10952","MARIA TERESA ARNEDO PEREZ","PATRICIA RUEDA PERELLO",2
"10953","MARIA TERESA ARNEDO PEREZ","PEDRO FERNANDEZ HERNANDEZ",2
"10954","MARIA TERESA ARNEDO PEREZ","RICARDO CHAMORRO DELMO",2
"10955","MARIA TERESA ARNEDO PEREZ","ROCIO DE MEER MENDEZ",2
"10956","MARIA TERESA ARNEDO PEREZ","RUBEN SILVANO MANSO OLIVAR",1
"10957","MARIA TERESA ARNEDO PEREZ","SANTIAGO ABASCAL CONDE",2
"10958","MARIA TERESA ARNEDO PEREZ","SERAFIN SERRANO MARIN",1
"10959","MARIA TERESA ARNEDO PEREZ","SONIA LUISA LALANDA SANMIGUEL",1
"10960","MARIA TERESA ARNEDO PEREZ","VICTOR GUIDO GONZALEZ COELLO DE PORTUGAL",1
"10961","MARIA TERESA ARNEDO PEREZ","VICTOR MANUEL SANCHEZ DEL REAL",1
"10962","MARIA TERESA GARCIA DE LA ROSA JIMENEZ","MARIA TERESA LOPEZ ALVAREZ",1
"10963","MARIA TERESA GARCIA DE LA ROSA JIMENEZ","PABLO JUAN CALVO LISTE",1
"10964","MARIA TERESA GARCIA DE LA ROSA JIMENEZ","PABLO SAEZ ALONSOMUNUMER",1
"10965","MARIA TERESA GARCIA DE LA ROSA JIMENEZ","PATRICIA RUEDA PERELLO",1
"10966","MARIA TERESA GARCIA DE LA ROSA JIMENEZ","PEDRO FERNANDEZ HERNANDEZ",1
"10967","MARIA TERESA GARCIA DE LA ROSA JIMENEZ","PEDRO JESUS REQUEJO NOVOA",1
"10968","MARIA TERESA GARCIA DE LA ROSA JIMENEZ","RICARDO CHAMORRO DELMO",1
"10969","MARIA TERESA GARCIA DE LA ROSA JIMENEZ","ROCIO DE MEER MENDEZ",1
"10970","MARIA TERESA GARCIA DE LA ROSA JIMENEZ","RODRIGO JIMENEZ REVUELTA",1
"10971","MARIA TERESA GARCIA DE LA ROSA JIMENEZ","SANTIAGO ABASCAL CONDE",1
"10972","MARIA TERESA GARCIA DE LA ROSA JIMENEZ","SERGIO MACIAN DE GREEF",1
"10973","MARIA TERESA GARCIA DE LA ROSA JIMENEZ","TOMAS FERNANDEZ RIOS",1
"10974","MARIA TERESA GARCIA DE LA ROSA JIMENEZ","VICTOR GUIDO GONZALEZ COELLO DE PORTUGAL",1
"10975","MARIA TERESA GARCIA DE LA ROSA JIMENEZ","YOLANDA MERELO PALOMARES",1
"10976","MARIA TERESA LOPEZ ALVAREZ","MARIA TERESA LOPEZ DIVASSON",1
"10977","MARIA TERESA LOPEZ ALVAREZ","MARIA VIDAL BENNASAR",1
"10978","MARIA TERESA LOPEZ ALVAREZ","MARIA ZULEMA SAN JOSE SANCHEZ",1
"10979","MARIA TERESA LOPEZ ALVAREZ","MARINA DABAN ALONSO",1
"10980","MARIA TERESA LOPEZ ALVAREZ","MARTA ALEGRIA MARTINEZ",1
"10981","MARIA TERESA LOPEZ ALVAREZ","MARTA GERVASIA GARRIDO MORENO",1
"10982","MARIA TERESA LOPEZ ALVAREZ","MARTA MARTIN CUSTODIO",1
"10983","MARIA TERESA LOPEZ ALVAREZ","MIGUEL MALDONADO CABALLERO",1
"10984","MARIA TERESA LOPEZ ALVAREZ","MONICA LORA CISQUER",1
"10985","MARIA TERESA LOPEZ ALVAREZ","OLIVIA MORENO NAVAS",1
"10986","MARIA TERESA LOPEZ ALVAREZ","PABLO JUAN CALVO LISTE",1
"10987","MARIA TERESA LOPEZ ALVAREZ","PABLO PEREZ GALLARDO",1
"10988","MARIA TERESA LOPEZ ALVAREZ","PABLO SAEZ ALONSOMUNUMER",2
"10989","MARIA TERESA LOPEZ ALVAREZ","PALOMA GOMEZ ENRIQUEZ",1
"10990","MARIA TERESA LOPEZ ALVAREZ","PATRICIA ESCAMEZ MARIN",1
"10991","MARIA TERESA LOPEZ ALVAREZ","PATRICIA RUEDA PERELLO",2
"10992","MARIA TERESA LOPEZ ALVAREZ","PAULA DE LOS ANGELES BADANELLI BERRIOZABAL",1
"10993","MARIA TERESA LOPEZ ALVAREZ","PEDRO FERNANDEZ HERNANDEZ",2
"10994","MARIA TERESA LOPEZ ALVAREZ","PEDRO JESUS REQUEJO NOVOA",1
"10995","MARIA TERESA LOPEZ ALVAREZ","RAFAEL RICARDO GONZALEZ GALLEGO",1
"10996","MARIA TERESA LOPEZ ALVAREZ","RAFAEL SEGOVIA BROME",1
"10997","MARIA TERESA LOPEZ ALVAREZ","RICARDO CHAMORRO DELMO",2
"10998","MARIA TERESA LOPEZ ALVAREZ","ROCIO DE MEER MENDEZ",2
"10999","MARIA TERESA LOPEZ ALVAREZ","RODRIGO JIMENEZ REVUELTA",1
"11000","MARIA TERESA LOPEZ ALVAREZ","SALOME NIETO TARRAGA",1
"11001","MARIA TERESA LOPEZ ALVAREZ","SANTIAGO ABASCAL CONDE",2
"11002","MARIA TERESA LOPEZ ALVAREZ","SERGI FABRI LLAVERO",1
"11003","MARIA TERESA LOPEZ ALVAREZ","SERGIO CHAGARTEGUI SANCHEZ",1
"11004","MARIA TERESA LOPEZ ALVAREZ","SERGIO MACIAN DE GREEF",1
"11005","MARIA TERESA LOPEZ ALVAREZ","SILVIA CLARA ENRIQUEZ GALLEGO",1
"11006","MARIA TERESA LOPEZ ALVAREZ","SOLEDAD PEREZ RUBIO",1
"11007","MARIA TERESA LOPEZ ALVAREZ","SONSOLES PALACIOS MORENO",1
"11008","MARIA TERESA LOPEZ ALVAREZ","TEODORO RAMON POZO MUNIZ",1
"11009","MARIA TERESA LOPEZ ALVAREZ","TOMAS FERNANDEZ RIOS",1
"11010","MARIA TERESA LOPEZ ALVAREZ","VALENTIN LOPEZ LOPEZ",1
"11011","MARIA TERESA LOPEZ ALVAREZ","VICTOR GUIDO GONZALEZ COELLO DE PORTUGAL",1
"11012","MARIA TERESA LOPEZ ALVAREZ","VICTOR MANUEL ACOSTA HERNANDEZ",1
"11013","MARIA TERESA LOPEZ ALVAREZ","VICTOR MANUEL SANCHEZ DEL REAL",1
"11014","MARIA TERESA LOPEZ ALVAREZ","VIRGINIA HUERTAS PECHUAN",1
"11015","MARIA TERESA LOPEZ ALVAREZ","YOLANDA MERELO PALOMARES",3
"11016","MARIA TERESA LOPEZ DIVASSON","MARIANO CALABUIG MARTINEZ",2
"11017","MARIA TERESA LOPEZ DIVASSON","MARTA ALVAREZ BARRIO",1
"11018","MARIA TERESA LOPEZ DIVASSON","MIGUEL ANGEL FERNANDEZ LOPEZ",1
"11019","MARIA TERESA LOPEZ DIVASSON","PABLO JUAN CALVO LISTE",1
"11020","MARIA TERESA LOPEZ DIVASSON","PABLO SAEZ ALONSOMUNUMER",3
"11021","MARIA TERESA LOPEZ DIVASSON","PATRICIA DE LAS HERAS FERNANDEZ",1
"11022","MARIA TERESA LOPEZ DIVASSON","PATRICIA RUEDA PERELLO",3
"11023","MARIA TERESA LOPEZ DIVASSON","PEDRO FERNANDEZ HERNANDEZ",3
"11024","MARIA TERESA LOPEZ DIVASSON","PEDRO JESUS REQUEJO NOVOA",1
"11025","MARIA TERESA LOPEZ DIVASSON","RICARDO CHAMORRO DELMO",3
"11026","MARIA TERESA LOPEZ DIVASSON","ROCIO DE MEER MENDEZ",3
"11027","MARIA TERESA LOPEZ DIVASSON","ROCIO MONASTERIO SAN MARTIN",3
"11028","MARIA TERESA LOPEZ DIVASSON","RODRIGO JIMENEZ REVUELTA",1
"11029","MARIA TERESA LOPEZ DIVASSON","RUBEN SILVANO MANSO OLIVAR",1
"11030","MARIA TERESA LOPEZ DIVASSON","SANTIAGO ABASCAL CONDE",3
"11031","MARIA TERESA LOPEZ DIVASSON","SERAFIN SERRANO MARIN",1
"11032","MARIA TERESA LOPEZ DIVASSON","SERGIO MACIAN DE GREEF",1
"11033","MARIA TERESA LOPEZ DIVASSON","SONIA LUISA LALANDA SANMIGUEL",1
"11034","MARIA TERESA LOPEZ DIVASSON","TOMAS FERNANDEZ RIOS",1
"11035","MARIA TERESA LOPEZ DIVASSON","VICTOR GUIDO GONZALEZ COELLO DE PORTUGAL",2
"11036","MARIA TERESA LOPEZ DIVASSON","VICTOR MANUEL SANCHEZ DEL REAL",1
"11037","MARIA TERESA LOPEZ DIVASSON","YOLANDA MERELO PALOMARES",1
"11038","MARIA TERESA NOSTI IZQUIERDO","MIREIA BORRAS PABON",1
"11039","MARIA VIDAL BENNASAR","PABLO JUAN CALVO LISTE",1
"11040","MARIA VIDAL BENNASAR","PABLO SAEZ ALONSOMUNUMER",1
"11041","MARIA VIDAL BENNASAR","PATRICIA RUEDA PERELLO",1
"11042","MARIA VIDAL BENNASAR","PEDRO FERNANDEZ HERNANDEZ",1
"11043","MARIA VIDAL BENNASAR","PEDRO JESUS REQUEJO NOVOA",1
"11044","MARIA VIDAL BENNASAR","RICARDO CHAMORRO DELMO",1
"11045","MARIA VIDAL BENNASAR","ROCIO DE MEER MENDEZ",1
"11046","MARIA VIDAL BENNASAR","RODRIGO JIMENEZ REVUELTA",1
"11047","MARIA VIDAL BENNASAR","SANTIAGO ABASCAL CONDE",1
"11048","MARIA VIDAL BENNASAR","SERGIO MACIAN DE GREEF",1
"11049","MARIA VIDAL BENNASAR","SERGIO RODRIGUEZ FARRE",2
"11050","MARIA VIDAL BENNASAR","TOMAS FERNANDEZ RIOS",1
"11051","MARIA VIDAL BENNASAR","VICTOR GUIDO GONZALEZ COELLO DE PORTUGAL",1
"11052","MARIA VIDAL BENNASAR","YOLANDA MERELO PALOMARES",1
"11053","MARIA ZULEMA SAN JOSE SANCHEZ","PABLO JUAN CALVO LISTE",1
"11054","MARIA ZULEMA SAN JOSE SANCHEZ","PABLO SAEZ ALONSOMUNUMER",1
"11055","MARIA ZULEMA SAN JOSE SANCHEZ","PATRICIA RUEDA PERELLO",1
"11056","MARIA ZULEMA SAN JOSE SANCHEZ","PEDRO FERNANDEZ HERNANDEZ",1
"11057","MARIA ZULEMA SAN JOSE SANCHEZ","PEDRO JESUS REQUEJO NOVOA",1
"11058","MARIA ZULEMA SAN JOSE SANCHEZ","RICARDO CHAMORRO DELMO",1
"11059","MARIA ZULEMA SAN JOSE SANCHEZ","ROCIO DE MEER MENDEZ",1
"11060","MARIA ZULEMA SAN JOSE SANCHEZ","RODRIGO JIMENEZ REVUELTA",1
"11061","MARIA ZULEMA SAN JOSE SANCHEZ","SANTIAGO ABASCAL CONDE",1
"11062","MARIA ZULEMA SAN JOSE SANCHEZ","SERGIO MACIAN DE GREEF",1
"11063","MARIA ZULEMA SAN JOSE SANCHEZ","TOMAS FERNANDEZ RIOS",1
"11064","MARIA ZULEMA SAN JOSE SANCHEZ","VICTOR GUIDO GONZALEZ COELLO DE PORTUGAL",1
"11065","MARIA ZULEMA SAN JOSE SANCHEZ","YOLANDA MERELO PALOMARES",1
"11066","MARIANO CALABUIG MARTINEZ","MARTA CEBRIAN MIGUEL ROMERO",1
"11067","MARIANO CALABUIG MARTINEZ","MARTA IBERO DURAN",2
"11068","MARIANO CALABUIG MARTINEZ","MIGUEL ANGEL DIEZ GARCIA",1
"11069","MARIANO CALABUIG MARTINEZ","MIGUEL GUADALFAJARA ROZAS",1
"11070","MARIANO CALABUIG MARTINEZ","MIGUEL MALDONADO CABALLERO",1
"11071","MARIANO CALABUIG MARTINEZ","NURIA LATORRE SANDONIS",1
"11072","MARIANO CALABUIG MARTINEZ","PABLO PEREZ GALLARDO",1
"11073","MARIANO CALABUIG MARTINEZ","PATRICIA DONCEL COMY",1
"11074","MARIANO CALABUIG MARTINEZ","PEDRO JOSE MALLEN VAZQUEZ",2
"11075","MARIANO CALABUIG MARTINEZ","PEDRO VICENTE MAJOLERO LOPEZ",1
"11076","MARIANO CALABUIG MARTINEZ","ROCIO MONASTERIO SAN MARTIN",3
"11077","MARIANO CALABUIG MARTINEZ","RUBEN SUAREZ FERNANDEZ",1
"11078","MARIANO CALABUIG MARTINEZ","SALOME NIETO TARRAGA",1
"11079","MARIANO CALABUIG MARTINEZ","SANTIAGO ABASCAL CONDE",1
"11080","MARIANO CALABUIG MARTINEZ","SANTIAGO RAMON CABANAS BURKHALTER",1
"11081","MARIANO CALABUIG MARTINEZ","SONSOLES PALACIOS MORENO",1
"11082","MARIANO CALABUIG MARTINEZ","TERESA ANGULLO GARCIA",2
"11083","MARIANO CALABUIG MARTINEZ","VALENTINA DEL CAMPILLO HOLZWARTH",1
"11084","MARIANO CALABUIG MARTINEZ","VICTOR MANUEL ACOSTA HERNANDEZ",1
"11085","MARIANO CALABUIG MARTINEZ","VICTOR MANUEL CARRETERO RUFO",1
"11086","MARIANO CALABUIG MARTINEZ","VICTOR SANCHEZ SANCHEZ",1
"11087","MARIANO CALABUIG MARTINEZ","YOLANDA TORRES BRAVO",1
"11088","MARINA DABAN ALONSO","MIGUEL PASCUAL PEREZ",1
"11089","MARINA DABAN ALONSO","PABLO JUAN CALVO LISTE",1
"11090","MARINA DABAN ALONSO","PABLO SAEZ ALONSOMUNUMER",1
"11091","MARINA DABAN ALONSO","PATRICIA RUEDA PERELLO",1
"11092","MARINA DABAN ALONSO","PEDRO FERNANDEZ HERNANDEZ",1
"11093","MARINA DABAN ALONSO","PEDRO JESUS REQUEJO NOVOA",1
"11094","MARINA DABAN ALONSO","RICARDO CHAMORRO DELMO",1
"11095","MARINA DABAN ALONSO","ROCIO DE MEER MENDEZ",1
"11096","MARINA DABAN ALONSO","RODRIGO JIMENEZ REVUELTA",1
"11097","MARINA DABAN ALONSO","SANTIAGO ABASCAL CONDE",1
"11098","MARINA DABAN ALONSO","SERGIO MACIAN DE GREEF",1
"11099","MARINA DABAN ALONSO","TOMAS FERNANDEZ RIOS",1
"11100","MARINA DABAN ALONSO","VICTOR GUIDO GONZALEZ COELLO DE PORTUGAL",1
"11101","MARINA DABAN ALONSO","YOLANDA MERELO PALOMARES",1
"11102","MARIO ORTOLA MARTINEZ","MIGUEL PASCUAL PEREZ",1
"11103","MARTA ALEGRIA MARTINEZ","MAURICIO ANGULO GUERRERO",1
"11104","MARTA ALEGRIA MARTINEZ","MIGUEL CONTRERAS MARTINEZ",1
"11105","MARTA ALEGRIA MARTINEZ","PABLO JUAN CALVO LISTE",1
"11106","MARTA ALEGRIA MARTINEZ","PABLO SAEZ ALONSOMUNUMER",1
"11107","MARTA ALEGRIA MARTINEZ","PATRICIA RUEDA PERELLO",1
"11108","MARTA ALEGRIA MARTINEZ","PEDRO FERNANDEZ HERNANDEZ",1
"11109","MARTA ALEGRIA MARTINEZ","PEDRO JESUS REQUEJO NOVOA",1
"11110","MARTA ALEGRIA MARTINEZ","RICARDO CHAMORRO DELMO",1
"11111","MARTA ALEGRIA MARTINEZ","ROCIO DE MEER MENDEZ",1
"11112","MARTA ALEGRIA MARTINEZ","RODRIGO JIMENEZ REVUELTA",1
"11113","MARTA ALEGRIA MARTINEZ","SANTIAGO ABASCAL CONDE",1
"11114","MARTA ALEGRIA MARTINEZ","SERGIO MACIAN DE GREEF",1
"11115","MARTA ALEGRIA MARTINEZ","SUSANA SUAREZ VILLAGRA",2
"11116","MARTA ALEGRIA MARTINEZ","TOMAS FERNANDEZ RIOS",1
"11117","MARTA ALEGRIA MARTINEZ","VICTOR GUIDO GONZALEZ COELLO DE PORTUGAL",1
"11118","MARTA ALEGRIA MARTINEZ","YOLANDA MERELO PALOMARES",1
"11119","MARTA ALVAREZ BARRIO","MARTA FERNANDEZ MARTIN",1
"11120","MARTA ALVAREZ BARRIO","MARTA GERVASIA GARRIDO MORENO",1
"11121","MARTA ALVAREZ BARRIO","MIGUEL ANGEL FERNANDEZ LOPEZ",1
"11122","MARTA ALVAREZ BARRIO","MIREIA BORRAS PABON",1
"11123","MARTA ALVAREZ BARRIO","PABLO JUAN CALVO LISTE",1
"11124","MARTA ALVAREZ BARRIO","PABLO SAEZ ALONSOMUNUMER",1
"11125","MARTA ALVAREZ BARRIO","PALOMA GOMEZ ENRIQUEZ",1
"11126","MARTA ALVAREZ BARRIO","PATRICIA DE LAS HERAS FERNANDEZ",1
"11127","MARTA ALVAREZ BARRIO","PATRICIA RUEDA PERELLO",1
"11128","MARTA ALVAREZ BARRIO","PEDRO FERNANDEZ HERNANDEZ",1
"11129","MARTA ALVAREZ BARRIO","PEDRO JESUS REQUEJO NOVOA",1
"11130","MARTA ALVAREZ BARRIO","RAQUEL TOMAS PEDROSA",1
"11131","MARTA ALVAREZ BARRIO","RICARDO BELDA VALIENTE",1
"11132","MARTA ALVAREZ BARRIO","RICARDO CHAMORRO DELMO",1
"11133","MARTA ALVAREZ BARRIO","ROCIO DE MEER MENDEZ",1
"11134","MARTA ALVAREZ BARRIO","RODRIGO JIMENEZ REVUELTA",1
"11135","MARTA ALVAREZ BARRIO","RUBEN SILVANO MANSO OLIVAR",1
"11136","MARTA ALVAREZ BARRIO","SANTIAGO ABASCAL CONDE",1
"11137","MARTA ALVAREZ BARRIO","SARA CONCEPCION ALVAREZ ROUCO",1
"11138","MARTA ALVAREZ BARRIO","SERAFIN SERRANO MARIN",1
"11139","MARTA ALVAREZ BARRIO","SERGIO BOTONERO GALAN",1
"11140","MARTA ALVAREZ BARRIO","SERGIO MACIAN DE GREEF",1
"11141","MARTA ALVAREZ BARRIO","SONIA LUISA LALANDA SANMIGUEL",1
"11142","MARTA ALVAREZ BARRIO","TOMAS FERNANDEZ RIOS",1
"11143","MARTA ALVAREZ BARRIO","VICTOR GUIDO GONZALEZ COELLO DE PORTUGAL",1
"11144","MARTA ALVAREZ BARRIO","VICTOR MANUEL SANCHEZ DEL REAL",1
"11145","MARTA ALVAREZ BARRIO","YOLANDA MERELO PALOMARES",1
"11146","MARTA FERNANDEZ MARTIN","MARTA MORENO RODRIGUEZ",2
"11147","MARTA FERNANDEZ MARTIN","MIGUEL ANGEL FERNANDEZ LOPEZ",1
"11148","MARTA FERNANDEZ MARTIN","MIREIA BORRAS PABON",1
"11149","MARTA FERNANDEZ MARTIN","PABLO SAEZ ALONSOMUNUMER",1
"11150","MARTA FERNANDEZ MARTIN","PATRICIA DE LAS HERAS FERNANDEZ",1
"11151","MARTA FERNANDEZ MARTIN","PATRICIA RUEDA PERELLO",1
"11152","MARTA FERNANDEZ MARTIN","PEDRO FERNANDEZ HERNANDEZ",1
"11153","MARTA FERNANDEZ MARTIN","RICARDO CHAMORRO DELMO",1
"11154","MARTA FERNANDEZ MARTIN","ROCIO DE MEER MENDEZ",1
"11155","MARTA FERNANDEZ MARTIN","RUBEN SILVANO MANSO OLIVAR",1
"11156","MARTA FERNANDEZ MARTIN","SANTIAGO ABASCAL CONDE",1
"11157","MARTA FERNANDEZ MARTIN","SANTIAGO MORON SANJUAN",2
"11158","MARTA FERNANDEZ MARTIN","SERAFIN SERRANO MARIN",1
"11159","MARTA FERNANDEZ MARTIN","SERGIO MARCO JIMENEZ",1
"11160","MARTA FERNANDEZ MARTIN","SONIA LUISA LALANDA SANMIGUEL",1
"11161","MARTA FERNANDEZ MARTIN","VICENTE GALLASTEGUI AZNAR",1
"11162","MARTA FERNANDEZ MARTIN","VICTOR GUIDO GONZALEZ COELLO DE PORTUGAL",1
"11163","MARTA GERVASIA GARRIDO MORENO","MIGUEL ANGEL FERNANDEZ LOPEZ",1
"11164","MARTA GERVASIA GARRIDO MORENO","OSCAR ARTURO FERNANDEZ CALLE",1
"11165","MARTA GERVASIA GARRIDO MORENO","PABLO JUAN CALVO LISTE",1
"11166","MARTA GERVASIA GARRIDO MORENO","PABLO SAEZ ALONSOMUNUMER",2
"11167","MARTA GERVASIA GARRIDO MORENO","PATRICIA DE LAS HERAS FERNANDEZ",1
"11168","MARTA GERVASIA GARRIDO MORENO","PATRICIA RUEDA PERELLO",2
"11169","MARTA GERVASIA GARRIDO MORENO","PEDRO FERNANDEZ HERNANDEZ",2
"11170","MARTA GERVASIA GARRIDO MORENO","PEDRO JESUS REQUEJO NOVOA",1
"11171","MARTA GERVASIA GARRIDO MORENO","RICARDO CHAMORRO DELMO",2
"11172","MARTA GERVASIA GARRIDO MORENO","ROCIO DE MEER MENDEZ",2
"11173","MARTA GERVASIA GARRIDO MORENO","RODRIGO JIMENEZ REVUELTA",1
"11174","MARTA GERVASIA GARRIDO MORENO","RUBEN SILVANO MANSO OLIVAR",1
"11175","MARTA GERVASIA GARRIDO MORENO","SANTIAGO ABASCAL CONDE",2
"11176","MARTA GERVASIA GARRIDO MORENO","SERAFIN SERRANO MARIN",1
"11177","MARTA GERVASIA GARRIDO MORENO","SERGIO MACIAN DE GREEF",1
"11178","MARTA GERVASIA GARRIDO MORENO","SONIA LUISA LALANDA SANMIGUEL",1
"11179","MARTA GERVASIA GARRIDO MORENO","TOMAS FERNANDEZ RIOS",1
"11180","MARTA GERVASIA GARRIDO MORENO","VICTOR GUIDO GONZALEZ COELLO DE PORTUGAL",2
"11181","MARTA GERVASIA GARRIDO MORENO","VICTOR MANUEL SANCHEZ DEL REAL",1
"11182","MARTA GERVASIA GARRIDO MORENO","YOLANDA MERELO PALOMARES",1
"11183","MARTA IBERO DURAN","ROCIO MONASTERIO SAN MARTIN",3
"11184","MARTA MARTIN CUSTODIO","PABLO JUAN CALVO LISTE",1
"11185","MARTA MARTIN CUSTODIO","PABLO SAEZ ALONSOMUNUMER",1
"11186","MARTA MARTIN CUSTODIO","PATRICIA RUEDA PERELLO",1
"11187","MARTA MARTIN CUSTODIO","PEDRO FERNANDEZ HERNANDEZ",1
"11188","MARTA MARTIN CUSTODIO","PEDRO JESUS REQUEJO NOVOA",1
"11189","MARTA MARTIN CUSTODIO","RICARDO CHAMORRO DELMO",1
"11190","MARTA MARTIN CUSTODIO","ROCIO DE MEER MENDEZ",1
"11191","MARTA MARTIN CUSTODIO","RODRIGO JIMENEZ REVUELTA",1
"11192","MARTA MARTIN CUSTODIO","SANTIAGO ABASCAL CONDE",1
"11193","MARTA MARTIN CUSTODIO","SERGIO MACIAN DE GREEF",1
"11194","MARTA MARTIN CUSTODIO","TOMAS FERNANDEZ RIOS",1
"11195","MARTA MARTIN CUSTODIO","VICTOR GUIDO GONZALEZ COELLO DE PORTUGAL",1
"11196","MARTA MARTIN CUSTODIO","YOLANDA MERELO PALOMARES",1
"11197","MARTA MORENO RODRIGUEZ","SANTIAGO MORON SANJUAN",2
"11198","MARTA MORENO RODRIGUEZ","SERGIO MARCO JIMENEZ",1
"11199","MAURICIO ANGULO GUERRERO","MIGUEL CONTRERAS MARTINEZ",1
"11200","MAURICIO ANGULO GUERRERO","SUSANA SUAREZ VILLAGRA",1
"11201","MAZALY AGUILAR","SANTIAGO MORON SANJUAN",1
"11202","MAZALY AGUILAR","SONIA LUISA LALANDA SANMIGUEL",1
"11203","MAZALY AGUILAR","VICTOR MANUEL SANCHEZ DEL REAL",1
"11204","MIGUEL ANGEL DIEZ GARCIA","ROCIO MONASTERIO SAN MARTIN",2
"11205","MIGUEL ANGEL FERNANDEZ LOPEZ","MIREIA BORRAS PABON",1
"11206","MIGUEL ANGEL FERNANDEZ LOPEZ","PABLO JUAN CALVO LISTE",1
"11207","MIGUEL ANGEL FERNANDEZ LOPEZ","PABLO SAEZ ALONSOMUNUMER",2
"11208","MIGUEL ANGEL FERNANDEZ LOPEZ","PALOMA GOMEZ ENRIQUEZ",1
"11209","MIGUEL ANGEL FERNANDEZ LOPEZ","PATRICIA DE LAS HERAS FERNANDEZ",1
"11210","MIGUEL ANGEL FERNANDEZ LOPEZ","PATRICIA RUEDA PERELLO",2
"11211","MIGUEL ANGEL FERNANDEZ LOPEZ","PEDRO FERNANDEZ HERNANDEZ",2
"11212","MIGUEL ANGEL FERNANDEZ LOPEZ","PEDRO JESUS REQUEJO NOVOA",1
"11213","MIGUEL ANGEL FERNANDEZ LOPEZ","RAQUEL TOMAS PEDROSA",1
"11214","MIGUEL ANGEL FERNANDEZ LOPEZ","RICARDO BELDA VALIENTE",1
"11215","MIGUEL ANGEL FERNANDEZ LOPEZ","RICARDO CHAMORRO DELMO",2
"11216","MIGUEL ANGEL FERNANDEZ LOPEZ","ROCIO DE MEER MENDEZ",2
"11217","MIGUEL ANGEL FERNANDEZ LOPEZ","RODRIGO JIMENEZ REVUELTA",1
"11218","MIGUEL ANGEL FERNANDEZ LOPEZ","RUBEN SILVANO MANSO OLIVAR",1
"11219","MIGUEL ANGEL FERNANDEZ LOPEZ","SANTIAGO ABASCAL CONDE",2
"11220","MIGUEL ANGEL FERNANDEZ LOPEZ","SARA CONCEPCION ALVAREZ ROUCO",1
"11221","MIGUEL ANGEL FERNANDEZ LOPEZ","SERAFIN SERRANO MARIN",1
"11222","MIGUEL ANGEL FERNANDEZ LOPEZ","SERGIO BOTONERO GALAN",1
"11223","MIGUEL ANGEL FERNANDEZ LOPEZ","SERGIO MACIAN DE GREEF",1
"11224","MIGUEL ANGEL FERNANDEZ LOPEZ","SONIA LUISA LALANDA SANMIGUEL",1
"11225","MIGUEL ANGEL FERNANDEZ LOPEZ","TOMAS FERNANDEZ RIOS",1
"11226","MIGUEL ANGEL FERNANDEZ LOPEZ","VICTOR GUIDO GONZALEZ COELLO DE PORTUGAL",1
"11227","MIGUEL ANGEL FERNANDEZ LOPEZ","VICTOR MANUEL SANCHEZ DEL REAL",2
"11228","MIGUEL ANGEL FERNANDEZ LOPEZ","YOLANDA MERELO PALOMARES",1
"11229","MIGUEL ANGEL FLORES OTERO","OLIVIA MORENO NAVAS",1
"11230","MIGUEL ANGEL HUERTA ASENSIO","MIGUEL PASCUAL PEREZ",1
"11231","MIGUEL ANGEL LOPEZ FERNANDEZ","PABLO SAEZ ALONSOMUNUMER",1
"11232","MIGUEL ANGEL LOPEZ FERNANDEZ","PATRICIA RUEDA PERELLO",1
"11233","MIGUEL ANGEL LOPEZ FERNANDEZ","PEDRO FERNANDEZ HERNANDEZ",1
"11234","MIGUEL ANGEL LOPEZ FERNANDEZ","RICARDO CHAMORRO DELMO",1
"11235","MIGUEL ANGEL LOPEZ FERNANDEZ","ROCIO DE MEER MENDEZ",1
"11236","MIGUEL ANGEL LOPEZ FERNANDEZ","SANTIAGO ABASCAL CONDE",1
"11237","MIGUEL ANGEL LOPEZ FERNANDEZ","VICTOR MANUEL SANCHEZ DEL REAL",1
"11238","MIGUEL CONTRERAS MARTINEZ","SUSANA SUAREZ VILLAGRA",1
"11239","MIGUEL DA SILVA ORTEGA","MIGUEL PASCUAL PEREZ",2
"11240","MIGUEL GUADALFAJARA ROZAS","ROCIO MONASTERIO SAN MARTIN",2
"11241","MIGUEL MALDONADO CABALLERO","PABLO JUAN CALVO LISTE",1
"11242","MIGUEL MALDONADO CABALLERO","PABLO SAEZ ALONSOMUNUMER",1
"11243","MIGUEL MALDONADO CABALLERO","PATRICIA RUEDA PERELLO",1
"11244","MIGUEL MALDONADO CABALLERO","PEDRO FERNANDEZ HERNANDEZ",1
"11245","MIGUEL MALDONADO CABALLERO","PEDRO JESUS REQUEJO NOVOA",1
"11246","MIGUEL MALDONADO CABALLERO","RICARDO CHAMORRO DELMO",1
"11247","MIGUEL MALDONADO CABALLERO","ROCIO DE MEER MENDEZ",1
"11248","MIGUEL MALDONADO CABALLERO","ROCIO MONASTERIO SAN MARTIN",2
"11249","MIGUEL MALDONADO CABALLERO","RODRIGO JIMENEZ REVUELTA",1
"11250","MIGUEL MALDONADO CABALLERO","SANTIAGO ABASCAL CONDE",1
"11251","MIGUEL MALDONADO CABALLERO","SERGIO MACIAN DE GREEF",1
"11252","MIGUEL MALDONADO CABALLERO","TOMAS FERNANDEZ RIOS",1
"11253","MIGUEL MALDONADO CABALLERO","VICTOR GUIDO GONZALEZ COELLO DE PORTUGAL",1
"11254","MIGUEL MALDONADO CABALLERO","YOLANDA MERELO PALOMARES",1
"11255","MIGUEL PASCUAL PEREZ","RICARDO BELDA VALIENTE",1
"11256","MIGUEL PASCUAL PEREZ","SERGIO PASTOR MARTINEZ",1
"11257","MIGUEL PASCUAL PEREZ","VALENTIN LOPEZ LOPEZ",1
"11258","MIGUEL PASCUAL PEREZ","VIRGINIA HUERTAS PECHUAN",2
"11259","MIREIA BORRAS PABON","MONICA LORA CISQUER",1
"11260","MIREIA BORRAS PABON","PABLO SAEZ ALONSOMUNUMER",2
"11261","MIREIA BORRAS PABON","PATRICIA DE LAS HERAS FERNANDEZ",2
"11262","MIREIA BORRAS PABON","PATRICIA RUEDA PERELLO",2
"11263","MIREIA BORRAS PABON","PEDRO FERNANDEZ HERNANDEZ",2
"11264","MIREIA BORRAS PABON","RICARDO CHAMORRO DELMO",2
"11265","MIREIA BORRAS PABON","ROCIO DE MEER MENDEZ",2
"11266","MIREIA BORRAS PABON","RUBEN SILVANO MANSO OLIVAR",1
"11267","MIREIA BORRAS PABON","SALOME NIETO TARRAGA",1
"11268","MIREIA BORRAS PABON","SANTIAGO ABASCAL CONDE",2
"11269","MIREIA BORRAS PABON","SERAFIN SERRANO MARIN",1
"11270","MIREIA BORRAS PABON","SERGIO MACIAN DE GREEF",1
"11271","MIREIA BORRAS PABON","SONIA LUISA LALANDA SANMIGUEL",1
"11272","MIREIA BORRAS PABON","VICTOR GUIDO GONZALEZ COELLO DE PORTUGAL",1
"11273","MIREIA BORRAS PABON","VICTOR MANUEL SANCHEZ DEL REAL",1
"11274","MONICA DEL CARMEN RODRIGUEZ GALLEGO","PALOMA GOMEZ ENRIQUEZ",1
"11275","MONICA LORA CISQUER","PABLO JUAN CALVO LISTE",1
"11276","MONICA LORA CISQUER","PABLO SAEZ ALONSOMUNUMER",2
"11277","MONICA LORA CISQUER","PATRICIA RUEDA PERELLO",2
"11278","MONICA LORA CISQUER","PEDRO FERNANDEZ HERNANDEZ",2
"11279","MONICA LORA CISQUER","PEDRO JESUS REQUEJO NOVOA",1
"11280","MONICA LORA CISQUER","RAFAEL VILLAFRANCA MERCE",1
"11281","MONICA LORA CISQUER","RICARDO CHAMORRO DELMO",2
"11282","MONICA LORA CISQUER","ROCIO DE MEER MENDEZ",2
"11283","MONICA LORA CISQUER","RODRIGO JIMENEZ REVUELTA",1
"11284","MONICA LORA CISQUER","SANTIAGO ABASCAL CONDE",2
"11285","MONICA LORA CISQUER","SERGI FABRI LLAVERO",2
"11286","MONICA LORA CISQUER","SERGIO MACIAN DE GREEF",3
"11287","MONICA LORA CISQUER","TOMAS FERNANDEZ RIOS",1
"11288","MONICA LORA CISQUER","VICTOR GUIDO GONZALEZ COELLO DE PORTUGAL",1
"11289","MONICA LORA CISQUER","VICTOR MANUEL SANCHEZ DEL REAL",1
"11290","MONICA LORA CISQUER","YOLANDA MERELO PALOMARES",1
"11291","MONTSERRAT CERVANTES LLORT","PURIFICACION FERNANDEZ MORALES",1
"11292","MONTSERRAT CERVANTES LLORT","RAFAEL SEGOVIA BROME",1
"11293","MONTSERRAT CERVANTES LLORT","RICARDO LOPEZ OLEA",1
"11294","MONTSERRAT CERVANTES LLORT","RODRIGO JAVIER ALONSO FERNANDEZ",1
"11295","NATHALIE GUICHARD DE ARTINANO","ROCIO MONASTERIO SAN MARTIN",1
"11296","NOELIA MARIA CAMPOS RODRIGUEZ","OTILIA ALARCON CAMUS",1
"11297","NOELIA MARIA CAMPOS RODRIGUEZ","PAULA DE LOS ANGELES BADANELLI BERRIOZABAL",1
"11298","NOELIA MARIA CAMPOS RODRIGUEZ","PURIFICACION FERNANDEZ MORALES",1
"11299","NOELIA MARIA CAMPOS RODRIGUEZ","RAFAEL SEGOVIA BROME",1
"11300","NOELIA MARIA CAMPOS RODRIGUEZ","RICARDO LOPEZ OLEA",1
"11301","NOELIA MARIA CAMPOS RODRIGUEZ","ROCIO MARIN ORTEGA",1
"11302","NOELIA MARIA CAMPOS RODRIGUEZ","RODRIGO JAVIER ALONSO FERNANDEZ",1
"11303","NOELIA MARIA CAMPOS RODRIGUEZ","SILVIA CLARA ENRIQUEZ GALLEGO",1
"11304","NOELIA MARIA CAMPOS RODRIGUEZ","SILVIA MARIA BELLIDO VERA",1
"11305","NOEMI SELAS FERNANDEZ","PEDRO MORENO GOMEZ",1
"11306","NURIA LATORRE SANDONIS","ROCIO MONASTERIO SAN MARTIN",2
"11307","OLIVER SUAREZ RUBIO","SARA CONCEPCION ALVAREZ ROUCO",1
"11308","OLIVIA MORENO NAVAS","PABLO JUAN CALVO LISTE",1
"11309","OLIVIA MORENO NAVAS","PABLO SAEZ ALONSOMUNUMER",1
"11310","OLIVIA MORENO NAVAS","PATRICIA RUEDA PERELLO",1
"11311","OLIVIA MORENO NAVAS","PEDRO FERNANDEZ HERNANDEZ",1
"11312","OLIVIA MORENO NAVAS","PEDRO JESUS REQUEJO NOVOA",1
"11313","OLIVIA MORENO NAVAS","RICARDO CHAMORRO DELMO",1
"11314","OLIVIA MORENO NAVAS","ROCIO DE MEER MENDEZ",1
"11315","OLIVIA MORENO NAVAS","RODRIGO JIMENEZ REVUELTA",1
"11316","OLIVIA MORENO NAVAS","SANTIAGO ABASCAL CONDE",1
"11317","OLIVIA MORENO NAVAS","SERGIO MACIAN DE GREEF",1
"11318","OLIVIA MORENO NAVAS","TOMAS FERNANDEZ RIOS",1
"11319","OLIVIA MORENO NAVAS","VICTOR GUIDO GONZALEZ COELLO DE PORTUGAL",1
"11320","OLIVIA MORENO NAVAS","YOLANDA MERELO PALOMARES",1
"11321","OSCAR ARTURO FERNANDEZ CALLE","PABLO SAEZ ALONSOMUNUMER",1
"11322","OSCAR ARTURO FERNANDEZ CALLE","PATRICIA RUEDA PERELLO",1
"11323","OSCAR ARTURO FERNANDEZ CALLE","PEDRO FERNANDEZ HERNANDEZ",1
"11324","OSCAR ARTURO FERNANDEZ CALLE","RICARDO CHAMORRO DELMO",1
"11325","OSCAR ARTURO FERNANDEZ CALLE","ROCIO DE MEER MENDEZ",1
"11326","OSCAR ARTURO FERNANDEZ CALLE","SANTIAGO ABASCAL CONDE",1
"11327","OSCAR ARTURO FERNANDEZ CALLE","VICTOR MANUEL SANCHEZ DEL REAL",1
"11328","OSCAR FELIPE DE TORRES NEIRA","ROCIO MONASTERIO SAN MARTIN",1
"11329","OTILIA ALARCON CAMUS","PAULA DE LOS ANGELES BADANELLI BERRIOZABAL",1
"11330","OTILIA ALARCON CAMUS","RAFAEL SEGOVIA BROME",1
"11331","OTILIA ALARCON CAMUS","RICARDO LOPEZ OLEA",1
"11332","OTILIA ALARCON CAMUS","ROCIO MARIN ORTEGA",1
"11333","OTILIA ALARCON CAMUS","RODRIGO JAVIER ALONSO FERNANDEZ",1
"11334","PABLO JUAN CALVO LISTE","PABLO PEREZ GALLARDO",1
"11335","PABLO JUAN CALVO LISTE","PABLO SAEZ ALONSOMUNUMER",3
"11336","PABLO JUAN CALVO LISTE","PALOMA GOMEZ ENRIQUEZ",1
"11337","PABLO JUAN CALVO LISTE","PATRICIA DE LAS HERAS FERNANDEZ",1
"11338","PABLO JUAN CALVO LISTE","PATRICIA ESCAMEZ MARIN",1
"11339","PABLO JUAN CALVO LISTE","PATRICIA RUEDA PERELLO",3
"11340","PABLO JUAN CALVO LISTE","PAULA DE LOS ANGELES BADANELLI BERRIOZABAL",1
"11341","PABLO JUAN CALVO LISTE","PEDRO FERNANDEZ HERNANDEZ",3
"11342","PABLO JUAN CALVO LISTE","PEDRO JESUS REQUEJO NOVOA",1
"11343","PABLO JUAN CALVO LISTE","RAFAEL RICARDO GONZALEZ GALLEGO",1
"11344","PABLO JUAN CALVO LISTE","RAFAEL SEGOVIA BROME",1
"11345","PABLO JUAN CALVO LISTE","RICARDO CHAMORRO DELMO",3
"11346","PABLO JUAN CALVO LISTE","ROCIO DE MEER MENDEZ",3
"11347","PABLO JUAN CALVO LISTE","RODRIGO JIMENEZ REVUELTA",1
"11348","PABLO JUAN CALVO LISTE","RUBEN SILVANO MANSO OLIVAR",1
"11349","PABLO JUAN CALVO LISTE","SALOME NIETO TARRAGA",1
"11350","PABLO JUAN CALVO LISTE","SANTIAGO ABASCAL CONDE",3
"11351","PABLO JUAN CALVO LISTE","SERAFIN SERRANO MARIN",1
"11352","PABLO JUAN CALVO LISTE","SERGI FABRI LLAVERO",1
"11353","PABLO JUAN CALVO LISTE","SERGIO CHAGARTEGUI SANCHEZ",1
"11354","PABLO JUAN CALVO LISTE","SERGIO MACIAN DE GREEF",1
"11355","PABLO JUAN CALVO LISTE","SILVIA CLARA ENRIQUEZ GALLEGO",1
"11356","PABLO JUAN CALVO LISTE","SOLEDAD PEREZ RUBIO",1
"11357","PABLO JUAN CALVO LISTE","SONIA LUISA LALANDA SANMIGUEL",1
"11358","PABLO JUAN CALVO LISTE","SONSOLES PALACIOS MORENO",1
"11359","PABLO JUAN CALVO LISTE","TEODORO RAMON POZO MUNIZ",1
"11360","PABLO JUAN CALVO LISTE","TOMAS FERNANDEZ RIOS",1
"11361","PABLO JUAN CALVO LISTE","VALENTIN LOPEZ LOPEZ",1
"11362","PABLO JUAN CALVO LISTE","VICTOR GUIDO GONZALEZ COELLO DE PORTUGAL",2
"11363","PABLO JUAN CALVO LISTE","VICTOR MANUEL ACOSTA HERNANDEZ",1
"11364","PABLO JUAN CALVO LISTE","VICTOR MANUEL SANCHEZ DEL REAL",1
"11365","PABLO JUAN CALVO LISTE","VIRGINIA HUERTAS PECHUAN",1
"11366","PABLO JUAN CALVO LISTE","YOLANDA MERELO PALOMARES",1
"11367","PABLO PEREZ GALLARDO","PABLO SAEZ ALONSOMUNUMER",1
"11368","PABLO PEREZ GALLARDO","PATRICIA RUEDA PERELLO",1
"11369","PABLO PEREZ GALLARDO","PEDRO FERNANDEZ HERNANDEZ",1
"11370","PABLO PEREZ GALLARDO","PEDRO JESUS REQUEJO NOVOA",1
"11371","PABLO PEREZ GALLARDO","RICARDO CHAMORRO DELMO",1
"11372","PABLO PEREZ GALLARDO","ROCIO DE MEER MENDEZ",1
"11373","PABLO PEREZ GALLARDO","ROCIO MONASTERIO SAN MARTIN",2
"11374","PABLO PEREZ GALLARDO","RODRIGO JIMENEZ REVUELTA",1
"11375","PABLO PEREZ GALLARDO","SANTIAGO ABASCAL CONDE",1
"11376","PABLO PEREZ GALLARDO","SERGIO MACIAN DE GREEF",1
"11377","PABLO PEREZ GALLARDO","TOMAS FERNANDEZ RIOS",1
"11378","PABLO PEREZ GALLARDO","VALENTINA DEL CAMPILLO HOLZWARTH",1
"11379","PABLO PEREZ GALLARDO","VICTOR GUIDO GONZALEZ COELLO DE PORTUGAL",1
"11380","PABLO PEREZ GALLARDO","YOLANDA MERELO PALOMARES",1
"11381","PABLO SAEZ ALONSOMUNUMER","PALOMA GOMEZ ENRIQUEZ",2
"11382","PABLO SAEZ ALONSOMUNUMER","PATRICIA DE LAS HERAS FERNANDEZ",1
"11383","PABLO SAEZ ALONSOMUNUMER","PATRICIA ESCAMEZ MARIN",1
"11384","PABLO SAEZ ALONSOMUNUMER","PATRICIA RUEDA PERELLO",3
"11385","PABLO SAEZ ALONSOMUNUMER","PAULA DE LOS ANGELES BADANELLI BERRIOZABAL",1
"11386","PABLO SAEZ ALONSOMUNUMER","PEDRO FERNANDEZ HERNANDEZ",3
"11387","PABLO SAEZ ALONSOMUNUMER","PEDRO JESUS REQUEJO NOVOA",3
"11388","PABLO SAEZ ALONSOMUNUMER","RAFAEL RICARDO GONZALEZ GALLEGO",1
"11389","PABLO SAEZ ALONSOMUNUMER","RAFAEL SEGOVIA BROME",1
"11390","PABLO SAEZ ALONSOMUNUMER","RAQUEL TOMAS PEDROSA",1
"11391","PABLO SAEZ ALONSOMUNUMER","RICARDO BELDA VALIENTE",2
"11392","PABLO SAEZ ALONSOMUNUMER","RICARDO CHAMORRO DELMO",3
"11393","PABLO SAEZ ALONSOMUNUMER","ROCIO DE MEER MENDEZ",3
"11394","PABLO SAEZ ALONSOMUNUMER","RODRIGO JIMENEZ REVUELTA",3
"11395","PABLO SAEZ ALONSOMUNUMER","RUBEN SILVANO MANSO OLIVAR",2
"11396","PABLO SAEZ ALONSOMUNUMER","SALOME NIETO TARRAGA",1
"11397","PABLO SAEZ ALONSOMUNUMER","SANTIAGO ABASCAL CONDE",3
"11398","PABLO SAEZ ALONSOMUNUMER","SARA CONCEPCION ALVAREZ ROUCO",1
"11399","PABLO SAEZ ALONSOMUNUMER","SERAFIN SERRANO MARIN",1
"11400","PABLO SAEZ ALONSOMUNUMER","SERGI FABRI LLAVERO",1
"11401","PABLO SAEZ ALONSOMUNUMER","SERGIO BOTONERO GALAN",1
"11402","PABLO SAEZ ALONSOMUNUMER","SERGIO CHAGARTEGUI SANCHEZ",1
"11403","PABLO SAEZ ALONSOMUNUMER","SERGIO MACIAN DE GREEF",3
"11404","PABLO SAEZ ALONSOMUNUMER","SILVIA CLARA ENRIQUEZ GALLEGO",1
"11405","PABLO SAEZ ALONSOMUNUMER","SOLEDAD PEREZ RUBIO",1
"11406","PABLO SAEZ ALONSOMUNUMER","SONIA LUISA LALANDA SANMIGUEL",2
"11407","PABLO SAEZ ALONSOMUNUMER","SONSOLES PALACIOS MORENO",1
"11408","PABLO SAEZ ALONSOMUNUMER","TEODORO RAMON POZO MUNIZ",1
"11409","PABLO SAEZ ALONSOMUNUMER","TOMAS FERNANDEZ RIOS",3
"11410","PABLO SAEZ ALONSOMUNUMER","VALENTIN LOPEZ LOPEZ",1
"11411","PABLO SAEZ ALONSOMUNUMER","VICTOR GUIDO GONZALEZ COELLO DE PORTUGAL",3
"11412","PABLO SAEZ ALONSOMUNUMER","VICTOR MANUEL ACOSTA HERNANDEZ",1
"11413","PABLO SAEZ ALONSOMUNUMER","VICTOR MANUEL SANCHEZ DEL REAL",2
"11414","PABLO SAEZ ALONSOMUNUMER","VIRGINIA HUERTAS PECHUAN",1
"11415","PABLO SAEZ ALONSOMUNUMER","YOLANDA MERELO PALOMARES",2
"11416","PALOMA GOMEZ ENRIQUEZ","PATRICIA DE LAS HERAS FERNANDEZ",1
"11417","PALOMA GOMEZ ENRIQUEZ","PATRICIA RUEDA PERELLO",2
"11418","PALOMA GOMEZ ENRIQUEZ","PEDRO FERNANDEZ HERNANDEZ",2
"11419","PALOMA GOMEZ ENRIQUEZ","PEDRO JESUS REQUEJO NOVOA",1
"11420","PALOMA GOMEZ ENRIQUEZ","RICARDO CHAMORRO DELMO",2
"11421","PALOMA GOMEZ ENRIQUEZ","ROCIO DE MEER MENDEZ",2
"11422","PALOMA GOMEZ ENRIQUEZ","RODRIGO JIMENEZ REVUELTA",1
"11423","PALOMA GOMEZ ENRIQUEZ","RUBEN SILVANO MANSO OLIVAR",1
"11424","PALOMA GOMEZ ENRIQUEZ","SANTIAGO ABASCAL CONDE",2
"11425","PALOMA GOMEZ ENRIQUEZ","SERAFIN SERRANO MARIN",1
"11426","PALOMA GOMEZ ENRIQUEZ","SERGIO MACIAN DE GREEF",1
"11427","PALOMA GOMEZ ENRIQUEZ","SONIA LUISA LALANDA SANMIGUEL",1
"11428","PALOMA GOMEZ ENRIQUEZ","TOMAS FERNANDEZ RIOS",1
"11429","PALOMA GOMEZ ENRIQUEZ","VICTOR GUIDO GONZALEZ COELLO DE PORTUGAL",2
"11430","PALOMA GOMEZ ENRIQUEZ","YOLANDA MERELO PALOMARES",1
"11431","PATRICIA DE LAS HERAS FERNANDEZ","PATRICIA RUEDA PERELLO",1
"11432","PATRICIA DE LAS HERAS FERNANDEZ","PEDRO FERNANDEZ HERNANDEZ",1
"11433","PATRICIA DE LAS HERAS FERNANDEZ","PEDRO JESUS REQUEJO NOVOA",1
"11434","PATRICIA DE LAS HERAS FERNANDEZ","RAQUEL TOMAS PEDROSA",1
"11435","PATRICIA DE LAS HERAS FERNANDEZ","RICARDO BELDA VALIENTE",1
"11436","PATRICIA DE LAS HERAS FERNANDEZ","RICARDO CHAMORRO DELMO",1
"11437","PATRICIA DE LAS HERAS FERNANDEZ","ROCIO DE MEER MENDEZ",1
"11438","PATRICIA DE LAS HERAS FERNANDEZ","RODRIGO JIMENEZ REVUELTA",1
"11439","PATRICIA DE LAS HERAS FERNANDEZ","RUBEN SILVANO MANSO OLIVAR",1
"11440","PATRICIA DE LAS HERAS FERNANDEZ","SANTIAGO ABASCAL CONDE",1
"11441","PATRICIA DE LAS HERAS FERNANDEZ","SARA CONCEPCION ALVAREZ ROUCO",1
"11442","PATRICIA DE LAS HERAS FERNANDEZ","SERAFIN SERRANO MARIN",1
"11443","PATRICIA DE LAS HERAS FERNANDEZ","SERGIO BOTONERO GALAN",1
"11444","PATRICIA DE LAS HERAS FERNANDEZ","SERGIO MACIAN DE GREEF",1
"11445","PATRICIA DE LAS HERAS FERNANDEZ","SERGIO RODRIGUEZ FARRE",1
"11446","PATRICIA DE LAS HERAS FERNANDEZ","SONIA LUISA LALANDA SANMIGUEL",1
"11447","PATRICIA DE LAS HERAS FERNANDEZ","TOMAS FERNANDEZ RIOS",1
"11448","PATRICIA DE LAS HERAS FERNANDEZ","VICTOR GUIDO GONZALEZ COELLO DE PORTUGAL",1
"11449","PATRICIA DE LAS HERAS FERNANDEZ","VICTOR MANUEL SANCHEZ DEL REAL",1
"11450","PATRICIA DE LAS HERAS FERNANDEZ","YOLANDA MERELO PALOMARES",1
"11451","PATRICIA DONCEL COMY","ROCIO MONASTERIO SAN MARTIN",2
"11452","PATRICIA ESCAMEZ MARIN","PATRICIA RUEDA PERELLO",1
"11453","PATRICIA ESCAMEZ MARIN","PEDRO FERNANDEZ HERNANDEZ",1
"11454","PATRICIA ESCAMEZ MARIN","PEDRO JESUS REQUEJO NOVOA",1
"11455","PATRICIA ESCAMEZ MARIN","RICARDO CHAMORRO DELMO",1
"11456","PATRICIA ESCAMEZ MARIN","ROCIO DE MEER MENDEZ",1
"11457","PATRICIA ESCAMEZ MARIN","RODRIGO JIMENEZ REVUELTA",1
"11458","PATRICIA ESCAMEZ MARIN","SANTIAGO ABASCAL CONDE",1
"11459","PATRICIA ESCAMEZ MARIN","SERGIO MACIAN DE GREEF",1
"11460","PATRICIA ESCAMEZ MARIN","TOMAS FERNANDEZ RIOS",1
"11461","PATRICIA ESCAMEZ MARIN","VICTOR GUIDO GONZALEZ COELLO DE PORTUGAL",1
"11462","PATRICIA ESCAMEZ MARIN","YOLANDA MERELO PALOMARES",1
"11463","PATRICIA RUEDA PERELLO","PAULA DE LOS ANGELES BADANELLI BERRIOZABAL",1
"11464","PATRICIA RUEDA PERELLO","PEDRO FERNANDEZ HERNANDEZ",3
"11465","PATRICIA RUEDA PERELLO","PEDRO JESUS REQUEJO NOVOA",3
"11466","PATRICIA RUEDA PERELLO","RAFAEL RICARDO GONZALEZ GALLEGO",1
"11467","PATRICIA RUEDA PERELLO","RAFAEL SEGOVIA BROME",1
"11468","PATRICIA RUEDA PERELLO","RAQUEL TOMAS PEDROSA",1
"11469","PATRICIA RUEDA PERELLO","RICARDO BELDA VALIENTE",2
"11470","PATRICIA RUEDA PERELLO","RICARDO CHAMORRO DELMO",3
"11471","PATRICIA RUEDA PERELLO","ROCIO DE MEER MENDEZ",3
"11472","PATRICIA RUEDA PERELLO","RODRIGO JIMENEZ REVUELTA",3
"11473","PATRICIA RUEDA PERELLO","RUBEN SILVANO MANSO OLIVAR",2
"11474","PATRICIA RUEDA PERELLO","SALOME NIETO TARRAGA",1
"11475","PATRICIA RUEDA PERELLO","SANTIAGO ABASCAL CONDE",3
"11476","PATRICIA RUEDA PERELLO","SARA CONCEPCION ALVAREZ ROUCO",1
"11477","PATRICIA RUEDA PERELLO","SERAFIN SERRANO MARIN",1
"11478","PATRICIA RUEDA PERELLO","SERGI FABRI LLAVERO",1
"11479","PATRICIA RUEDA PERELLO","SERGIO BOTONERO GALAN",1
"11480","PATRICIA RUEDA PERELLO","SERGIO CHAGARTEGUI SANCHEZ",1
"11481","PATRICIA RUEDA PERELLO","SERGIO MACIAN DE GREEF",3
"11482","PATRICIA RUEDA PERELLO","SILVIA CLARA ENRIQUEZ GALLEGO",1
"11483","PATRICIA RUEDA PERELLO","SOLEDAD PEREZ RUBIO",1
"11484","PATRICIA RUEDA PERELLO","SONIA LUISA LALANDA SANMIGUEL",2
"11485","PATRICIA RUEDA PERELLO","SONSOLES PALACIOS MORENO",1
"11486","PATRICIA RUEDA PERELLO","TEODORO RAMON POZO MUNIZ",1
"11487","PATRICIA RUEDA PERELLO","TOMAS FERNANDEZ RIOS",3
"11488","PATRICIA RUEDA PERELLO","VALENTIN LOPEZ LOPEZ",1
"11489","PATRICIA RUEDA PERELLO","VICTOR GUIDO GONZALEZ COELLO DE PORTUGAL",3
"11490","PATRICIA RUEDA PERELLO","VICTOR MANUEL ACOSTA HERNANDEZ",1
"11491","PATRICIA RUEDA PERELLO","VICTOR MANUEL SANCHEZ DEL REAL",2
"11492","PATRICIA RUEDA PERELLO","VIRGINIA HUERTAS PECHUAN",1
"11493","PATRICIA RUEDA PERELLO","YOLANDA MERELO PALOMARES",2
"11494","PAULA DE LOS ANGELES BADANELLI BERRIOZABAL","PEDRO FERNANDEZ HERNANDEZ",1
"11495","PAULA DE LOS ANGELES BADANELLI BERRIOZABAL","PEDRO JESUS REQUEJO NOVOA",1
"11496","PAULA DE LOS ANGELES BADANELLI BERRIOZABAL","PURIFICACION FERNANDEZ MORALES",1
"11497","PAULA DE LOS ANGELES BADANELLI BERRIOZABAL","RAFAEL SEGOVIA BROME",1
"11498","PAULA DE LOS ANGELES BADANELLI BERRIOZABAL","RICARDO CHAMORRO DELMO",1
"11499","PAULA DE LOS ANGELES BADANELLI BERRIOZABAL","RICARDO LOPEZ OLEA",1
"11500","PAULA DE LOS ANGELES BADANELLI BERRIOZABAL","ROCIO DE MEER MENDEZ",1
"11501","PAULA DE LOS ANGELES BADANELLI BERRIOZABAL","ROCIO MARIN ORTEGA",1
"11502","PAULA DE LOS ANGELES BADANELLI BERRIOZABAL","RODRIGO JAVIER ALONSO FERNANDEZ",1
"11503","PAULA DE LOS ANGELES BADANELLI BERRIOZABAL","RODRIGO JIMENEZ REVUELTA",1
"11504","PAULA DE LOS ANGELES BADANELLI BERRIOZABAL","SANTIAGO ABASCAL CONDE",1
"11505","PAULA DE LOS ANGELES BADANELLI BERRIOZABAL","SERGIO MACIAN DE GREEF",1
"11506","PAULA DE LOS ANGELES BADANELLI BERRIOZABAL","SILVIA CLARA ENRIQUEZ GALLEGO",1
"11507","PAULA DE LOS ANGELES BADANELLI BERRIOZABAL","SILVIA MARIA BELLIDO VERA",1
"11508","PAULA DE LOS ANGELES BADANELLI BERRIOZABAL","TOMAS FERNANDEZ RIOS",1
"11509","PAULA DE LOS ANGELES BADANELLI BERRIOZABAL","VICTOR GUIDO GONZALEZ COELLO DE PORTUGAL",1
"11510","PAULA DE LOS ANGELES BADANELLI BERRIOZABAL","YOLANDA MERELO PALOMARES",1
"11511","PAULA DE LOS ANGELES BANADELLI BERRIOZABAL","YOLANDA ALMAGRO ALCANTARA",1
"11512","PEDRO FERNANDEZ HERNANDEZ","PEDRO JESUS REQUEJO NOVOA",3
"11513","PEDRO FERNANDEZ HERNANDEZ","RAFAEL RICARDO GONZALEZ GALLEGO",1
"11514","PEDRO FERNANDEZ HERNANDEZ","RAFAEL SEGOVIA BROME",1
"11515","PEDRO FERNANDEZ HERNANDEZ","RAQUEL TOMAS PEDROSA",1
"11516","PEDRO FERNANDEZ HERNANDEZ","RICARDO BELDA VALIENTE",2
"11517","PEDRO FERNANDEZ HERNANDEZ","RICARDO CHAMORRO DELMO",3
"11518","PEDRO FERNANDEZ HERNANDEZ","ROCIO DE MEER MENDEZ",3
"11519","PEDRO FERNANDEZ HERNANDEZ","RODRIGO JIMENEZ REVUELTA",3
"11520","PEDRO FERNANDEZ HERNANDEZ","RUBEN SILVANO MANSO OLIVAR",2
"11521","PEDRO FERNANDEZ HERNANDEZ","SALOME NIETO TARRAGA",1
"11522","PEDRO FERNANDEZ HERNANDEZ","SANTIAGO ABASCAL CONDE",3
"11523","PEDRO FERNANDEZ HERNANDEZ","SARA CONCEPCION ALVAREZ ROUCO",1
"11524","PEDRO FERNANDEZ HERNANDEZ","SERAFIN SERRANO MARIN",1
"11525","PEDRO FERNANDEZ HERNANDEZ","SERGI FABRI LLAVERO",1
"11526","PEDRO FERNANDEZ HERNANDEZ","SERGIO BOTONERO GALAN",1
"11527","PEDRO FERNANDEZ HERNANDEZ","SERGIO CHAGARTEGUI SANCHEZ",1
"11528","PEDRO FERNANDEZ HERNANDEZ","SERGIO MACIAN DE GREEF",3
"11529","PEDRO FERNANDEZ HERNANDEZ","SILVIA CLARA ENRIQUEZ GALLEGO",1
"11530","PEDRO FERNANDEZ HERNANDEZ","SOLEDAD PEREZ RUBIO",1
"11531","PEDRO FERNANDEZ HERNANDEZ","SONIA LUISA LALANDA SANMIGUEL",2
"11532","PEDRO FERNANDEZ HERNANDEZ","SONSOLES PALACIOS MORENO",1
"11533","PEDRO FERNANDEZ HERNANDEZ","TEODORO RAMON POZO MUNIZ",1
"11534","PEDRO FERNANDEZ HERNANDEZ","TOMAS FERNANDEZ RIOS",3
"11535","PEDRO FERNANDEZ HERNANDEZ","VALENTIN LOPEZ LOPEZ",1
"11536","PEDRO FERNANDEZ HERNANDEZ","VICTOR GUIDO GONZALEZ COELLO DE PORTUGAL",3
"11537","PEDRO FERNANDEZ HERNANDEZ","VICTOR MANUEL ACOSTA HERNANDEZ",1
"11538","PEDRO FERNANDEZ HERNANDEZ","VICTOR MANUEL SANCHEZ DEL REAL",2
"11539","PEDRO FERNANDEZ HERNANDEZ","VIRGINIA HUERTAS PECHUAN",1
"11540","PEDRO FERNANDEZ HERNANDEZ","YOLANDA MERELO PALOMARES",2
"11541","PEDRO JESUS REQUEJO NOVOA","RAFAEL RICARDO GONZALEZ GALLEGO",1
"11542","PEDRO JESUS REQUEJO NOVOA","RAFAEL SEGOVIA BROME",1
"11543","PEDRO JESUS REQUEJO NOVOA","RICARDO CHAMORRO DELMO",3
"11544","PEDRO JESUS REQUEJO NOVOA","ROCIO DE MEER MENDEZ",3
"11545","PEDRO JESUS REQUEJO NOVOA","RODRIGO JIMENEZ REVUELTA",1
"11546","PEDRO JESUS REQUEJO NOVOA","RUBEN SILVANO MANSO OLIVAR",1
"11547","PEDRO JESUS REQUEJO NOVOA","SALOME NIETO TARRAGA",1
"11548","PEDRO JESUS REQUEJO NOVOA","SANTIAGO ABASCAL CONDE",3
"11549","PEDRO JESUS REQUEJO NOVOA","SERAFIN SERRANO MARIN",1
"11550","PEDRO JESUS REQUEJO NOVOA","SERGI FABRI LLAVERO",1
"11551","PEDRO JESUS REQUEJO NOVOA","SERGIO CHAGARTEGUI SANCHEZ",1
"11552","PEDRO JESUS REQUEJO NOVOA","SERGIO MACIAN DE GREEF",1
"11553","PEDRO JESUS REQUEJO NOVOA","SILVIA CLARA ENRIQUEZ GALLEGO",1
"11554","PEDRO JESUS REQUEJO NOVOA","SOLEDAD PEREZ RUBIO",1
"11555","PEDRO JESUS REQUEJO NOVOA","SONIA LUISA LALANDA SANMIGUEL",1
"11556","PEDRO JESUS REQUEJO NOVOA","SONSOLES PALACIOS MORENO",1
"11557","PEDRO JESUS REQUEJO NOVOA","TEODORO RAMON POZO MUNIZ",1
"11558","PEDRO JESUS REQUEJO NOVOA","TOMAS FERNANDEZ RIOS",1
"11559","PEDRO JESUS REQUEJO NOVOA","VALENTIN LOPEZ LOPEZ",1
"11560","PEDRO JESUS REQUEJO NOVOA","VICTOR GUIDO GONZALEZ COELLO DE PORTUGAL",2
"11561","PEDRO JESUS REQUEJO NOVOA","VICTOR MANUEL ACOSTA HERNANDEZ",1
"11562","PEDRO JESUS REQUEJO NOVOA","VICTOR MANUEL SANCHEZ DEL REAL",1
"11563","PEDRO JESUS REQUEJO NOVOA","VIRGINIA HUERTAS PECHUAN",1
"11564","PEDRO JESUS REQUEJO NOVOA","YOLANDA MERELO PALOMARES",1
"11565","PEDRO JOSE MALLEN VAZQUEZ","ROCIO MONASTERIO SAN MARTIN",2
"11566","PEDRO JOSE MALLEN VAZQUEZ","YVONNE BELEN GALLEGO YGES",1
"11567","PEDRO MORENO GOMEZ","ROCIO MONASTERIO SAN MARTIN",1
"11568","PEDRO PORCHER PEREZ","ROCIO MONASTERIO SAN MARTIN",1
"11569","PEDRO VICENTE MAJOLERO LOPEZ","ROCIO MONASTERIO SAN MARTIN",1
"11570","PURIFICACION FERNANDEZ MORALES","RAFAEL SEGOVIA BROME",2
"11571","PURIFICACION FERNANDEZ MORALES","RICARDO LOPEZ OLEA",2
"11572","PURIFICACION FERNANDEZ MORALES","ROCIO MARIN ORTEGA",1
"11573","PURIFICACION FERNANDEZ MORALES","RODRIGO JAVIER ALONSO FERNANDEZ",2
"11574","PURIFICACION FERNANDEZ MORALES","SILVIA CLARA ENRIQUEZ GALLEGO",1
"11575","PURIFICACION FERNANDEZ MORALES","SOLEDAD PEREZ RUBIO",1
"11576","RAFAEL RICARDO GONZALEZ GALLEGO","RICARDO CHAMORRO DELMO",1
"11577","RAFAEL RICARDO GONZALEZ GALLEGO","ROCIO DE MEER MENDEZ",1
"11578","RAFAEL RICARDO GONZALEZ GALLEGO","RODRIGO JIMENEZ REVUELTA",1
"11579","RAFAEL RICARDO GONZALEZ GALLEGO","SANTIAGO ABASCAL CONDE",1
"11580","RAFAEL RICARDO GONZALEZ GALLEGO","SERGIO MACIAN DE GREEF",1
"11581","RAFAEL RICARDO GONZALEZ GALLEGO","TOMAS FERNANDEZ RIOS",1
"11582","RAFAEL RICARDO GONZALEZ GALLEGO","VICTOR GUIDO GONZALEZ COELLO DE PORTUGAL",1
"11583","RAFAEL RICARDO GONZALEZ GALLEGO","YOLANDA MERELO PALOMARES",1
"11584","RAFAEL SEGOVIA BROME","RICARDO CHAMORRO DELMO",1
"11585","RAFAEL SEGOVIA BROME","RICARDO LOPEZ OLEA",2
"11586","RAFAEL SEGOVIA BROME","ROCIO DE MEER MENDEZ",1
"11587","RAFAEL SEGOVIA BROME","ROCIO MARIN ORTEGA",1
"11588","RAFAEL SEGOVIA BROME","RODRIGO JAVIER ALONSO FERNANDEZ",2
"11589","RAFAEL SEGOVIA BROME","RODRIGO JIMENEZ REVUELTA",1
"11590","RAFAEL SEGOVIA BROME","SANTIAGO ABASCAL CONDE",1
"11591","RAFAEL SEGOVIA BROME","SERGIO MACIAN DE GREEF",1
"11592","RAFAEL SEGOVIA BROME","SILVIA CLARA ENRIQUEZ GALLEGO",2
"11593","RAFAEL SEGOVIA BROME","SILVIA MARIA BELLIDO VERA",1
"11594","RAFAEL SEGOVIA BROME","SOLEDAD PEREZ RUBIO",1
"11595","RAFAEL SEGOVIA BROME","TOMAS FERNANDEZ RIOS",1
"11596","RAFAEL SEGOVIA BROME","VICTOR GUIDO GONZALEZ COELLO DE PORTUGAL",1
"11597","RAFAEL SEGOVIA BROME","WENCESLAO ALBERTO FONT BRIONES",1
"11598","RAFAEL SEGOVIA BROME","YOLANDA MERELO PALOMARES",1
"11599","RAFAEL VILLAFRANCA MERCE","SERGI FABRI LLAVERO",1
"11600","RAFAEL VILLAFRANCA MERCE","SERGIO MACIAN DE GREEF",1
"11601","RAIMUNDO DOMINGUEZ MARTIN","VICTOR SANCHEZ SANCHEZ",1
"11602","RAQUEL TOMAS PEDROSA","RICARDO CHAMORRO DELMO",1
"11603","RAQUEL TOMAS PEDROSA","ROCIO DE MEER MENDEZ",1
"11604","RAQUEL TOMAS PEDROSA","RUBEN SILVANO MANSO OLIVAR",1
"11605","RAQUEL TOMAS PEDROSA","SANTIAGO ABASCAL CONDE",1
"11606","RAQUEL TOMAS PEDROSA","SERAFIN SERRANO MARIN",1
"11607","RAQUEL TOMAS PEDROSA","SONIA LUISA LALANDA SANMIGUEL",1
"11608","RAQUEL TOMAS PEDROSA","VICTOR GUIDO GONZALEZ COELLO DE PORTUGAL",1
"11609","RAUL POMARES RUBIO","SOLEDAD PEREZ RUBIO",1
"11610","REBECA ORTEGO CONESA","ROCIO MONASTERIO SAN MARTIN",1
"11611","RICARDO BELDA VALIENTE","RICARDO CHAMORRO DELMO",2
"11612","RICARDO BELDA VALIENTE","ROCIO DE MEER MENDEZ",2
"11613","RICARDO BELDA VALIENTE","RUBEN SILVANO MANSO OLIVAR",1
"11614","RICARDO BELDA VALIENTE","SANTIAGO ABASCAL CONDE",2
"11615","RICARDO BELDA VALIENTE","SERAFIN SERRANO MARIN",1
"11616","RICARDO BELDA VALIENTE","SONIA LUISA LALANDA SANMIGUEL",1
"11617","RICARDO BELDA VALIENTE","VICTOR GUIDO GONZALEZ COELLO DE PORTUGAL",1
"11618","RICARDO BELDA VALIENTE","VICTOR MANUEL SANCHEZ DEL REAL",1
"11619","RICARDO CHAMORRO DELMO","ROCIO DE MEER MENDEZ",3
"11620","RICARDO CHAMORRO DELMO","RODRIGO JIMENEZ REVUELTA",3
"11621","RICARDO CHAMORRO DELMO","RUBEN SILVANO MANSO OLIVAR",2
"11622","RICARDO CHAMORRO DELMO","SALOME NIETO TARRAGA",1
"11623","RICARDO CHAMORRO DELMO","SANTIAGO ABASCAL CONDE",3
"11624","RICARDO CHAMORRO DELMO","SARA CONCEPCION ALVAREZ ROUCO",1
"11625","RICARDO CHAMORRO DELMO","SERAFIN SERRANO MARIN",1
"11626","RICARDO CHAMORRO DELMO","SERGI FABRI LLAVERO",1
"11627","RICARDO CHAMORRO DELMO","SERGIO BOTONERO GALAN",1
"11628","RICARDO CHAMORRO DELMO","SERGIO CHAGARTEGUI SANCHEZ",1
"11629","RICARDO CHAMORRO DELMO","SERGIO MACIAN DE GREEF",3
"11630","RICARDO CHAMORRO DELMO","SILVIA CLARA ENRIQUEZ GALLEGO",1
"11631","RICARDO CHAMORRO DELMO","SOLEDAD PEREZ RUBIO",1
"11632","RICARDO CHAMORRO DELMO","SONIA LUISA LALANDA SANMIGUEL",2
"11633","RICARDO CHAMORRO DELMO","SONSOLES PALACIOS MORENO",1
"11634","RICARDO CHAMORRO DELMO","TEODORO RAMON POZO MUNIZ",1
"11635","RICARDO CHAMORRO DELMO","TOMAS FERNANDEZ RIOS",3
"11636","RICARDO CHAMORRO DELMO","VALENTIN LOPEZ LOPEZ",1
"11637","RICARDO CHAMORRO DELMO","VICTOR GUIDO GONZALEZ COELLO DE PORTUGAL",3
"11638","RICARDO CHAMORRO DELMO","VICTOR MANUEL ACOSTA HERNANDEZ",1
"11639","RICARDO CHAMORRO DELMO","VICTOR MANUEL SANCHEZ DEL REAL",2
"11640","RICARDO CHAMORRO DELMO","VIRGINIA HUERTAS PECHUAN",1
"11641","RICARDO CHAMORRO DELMO","YOLANDA MERELO PALOMARES",2
"11642","RICARDO LOPEZ OLEA","ROCIO MARIN ORTEGA",1
"11643","RICARDO LOPEZ OLEA","RODRIGO JAVIER ALONSO FERNANDEZ",2
"11644","RICARDO LOPEZ OLEA","SILVIA CLARA ENRIQUEZ GALLEGO",2
"11645","RICARDO LOPEZ OLEA","SILVIA MARIA BELLIDO VERA",1
"11646","RICARDO LOPEZ OLEA","SOLEDAD PEREZ RUBIO",1
"11647","ROCIO DE MEER MENDEZ","RODRIGO JIMENEZ REVUELTA",3
"11648","ROCIO DE MEER MENDEZ","RUBEN SILVANO MANSO OLIVAR",2
"11649","ROCIO DE MEER MENDEZ","SALOME NIETO TARRAGA",1
"11650","ROCIO DE MEER MENDEZ","SANTIAGO ABASCAL CONDE",3
"11651","ROCIO DE MEER MENDEZ","SARA CONCEPCION ALVAREZ ROUCO",1
"11652","ROCIO DE MEER MENDEZ","SERAFIN SERRANO MARIN",1
"11653","ROCIO DE MEER MENDEZ","SERGI FABRI LLAVERO",1
"11654","ROCIO DE MEER MENDEZ","SERGIO BOTONERO GALAN",1
"11655","ROCIO DE MEER MENDEZ","SERGIO CHAGARTEGUI SANCHEZ",1
"11656","ROCIO DE MEER MENDEZ","SERGIO MACIAN DE GREEF",3
"11657","ROCIO DE MEER MENDEZ","SILVIA CLARA ENRIQUEZ GALLEGO",1
"11658","ROCIO DE MEER MENDEZ","SOLEDAD PEREZ RUBIO",1
"11659","ROCIO DE MEER MENDEZ","SONIA LUISA LALANDA SANMIGUEL",2
"11660","ROCIO DE MEER MENDEZ","SONSOLES PALACIOS MORENO",1
"11661","ROCIO DE MEER MENDEZ","TEODORO RAMON POZO MUNIZ",1
"11662","ROCIO DE MEER MENDEZ","TOMAS FERNANDEZ RIOS",3
"11663","ROCIO DE MEER MENDEZ","VALENTIN LOPEZ LOPEZ",1
"11664","ROCIO DE MEER MENDEZ","VICTOR GUIDO GONZALEZ COELLO DE PORTUGAL",3
"11665","ROCIO DE MEER MENDEZ","VICTOR MANUEL ACOSTA HERNANDEZ",1
"11666","ROCIO DE MEER MENDEZ","VICTOR MANUEL SANCHEZ DEL REAL",2
"11667","ROCIO DE MEER MENDEZ","VIRGINIA HUERTAS PECHUAN",1
"11668","ROCIO DE MEER MENDEZ","YOLANDA MERELO PALOMARES",2
"11669","ROCIO MARIN ORTEGA","RODRIGO JAVIER ALONSO FERNANDEZ",1
"11670","ROCIO MARIN ORTEGA","SILVIA CLARA ENRIQUEZ GALLEGO",1
"11671","ROCIO MARIN ORTEGA","SILVIA MARIA BELLIDO VERA",1
"11672","ROCIO MONASTERIO SAN MARTIN","RUBEN SUAREZ FERNANDEZ",2
"11673","ROCIO MONASTERIO SAN MARTIN","SALOME NIETO TARRAGA",2
"11674","ROCIO MONASTERIO SAN MARTIN","SANTIAGO ABASCAL CONDE",2
"11675","ROCIO MONASTERIO SAN MARTIN","SANTIAGO RAMON CABANAS BURKHALTER",1
"11676","ROCIO MONASTERIO SAN MARTIN","SELENE MARIA DURAN SANCHEZ",1
"11677","ROCIO MONASTERIO SAN MARTIN","SONSOLES PALACIOS MORENO",2
"11678","ROCIO MONASTERIO SAN MARTIN","TERESA ANGULLO GARCIA",3
"11679","ROCIO MONASTERIO SAN MARTIN","URSULA MARIANA HERNANDEZ ZUNIGA",1
"11680","ROCIO MONASTERIO SAN MARTIN","VALENTINA DEL CAMPILLO HOLZWARTH",1
"11681","ROCIO MONASTERIO SAN MARTIN","VICTOR MANUEL ACOSTA HERNANDEZ",2
"11682","ROCIO MONASTERIO SAN MARTIN","VICTOR MANUEL CARRETERO RUFO",1
"11683","ROCIO MONASTERIO SAN MARTIN","VICTOR SANCHEZ SANCHEZ",2
"11684","ROCIO MONASTERIO SAN MARTIN","YOLANDA TORRES BRAVO",2
"11685","RODRIGO JAVIER ALONSO FERNANDEZ","SILVIA CLARA ENRIQUEZ GALLEGO",2
"11686","RODRIGO JAVIER ALONSO FERNANDEZ","SILVIA MARIA BELLIDO VERA",1
"11687","RODRIGO JAVIER ALONSO FERNANDEZ","SOLEDAD PEREZ RUBIO",1
"11688","RODRIGO JIMENEZ REVUELTA","RUBEN SILVANO MANSO OLIVAR",1
"11689","RODRIGO JIMENEZ REVUELTA","SALOME NIETO TARRAGA",1
"11690","RODRIGO JIMENEZ REVUELTA","SANTIAGO ABASCAL CONDE",3
"11691","RODRIGO JIMENEZ REVUELTA","SERAFIN SERRANO MARIN",1
"11692","RODRIGO JIMENEZ REVUELTA","SERGI FABRI LLAVERO",1
"11693","RODRIGO JIMENEZ REVUELTA","SERGIO CHAGARTEGUI SANCHEZ",1
"11694","RODRIGO JIMENEZ REVUELTA","SERGIO MACIAN DE GREEF",1
"11695","RODRIGO JIMENEZ REVUELTA","SILVIA CLARA ENRIQUEZ GALLEGO",1
"11696","RODRIGO JIMENEZ REVUELTA","SOLEDAD PEREZ RUBIO",1
"11697","RODRIGO JIMENEZ REVUELTA","SONIA LUISA LALANDA SANMIGUEL",1
"11698","RODRIGO JIMENEZ REVUELTA","SONSOLES PALACIOS MORENO",1
"11699","RODRIGO JIMENEZ REVUELTA","TEODORO RAMON POZO MUNIZ",1
"11700","RODRIGO JIMENEZ REVUELTA","TOMAS FERNANDEZ RIOS",1
"11701","RODRIGO JIMENEZ REVUELTA","VALENTIN LOPEZ LOPEZ",1
"11702","RODRIGO JIMENEZ REVUELTA","VICTOR GUIDO GONZALEZ COELLO DE PORTUGAL",2
"11703","RODRIGO JIMENEZ REVUELTA","VICTOR MANUEL ACOSTA HERNANDEZ",1
"11704","RODRIGO JIMENEZ REVUELTA","VICTOR MANUEL SANCHEZ DEL REAL",1
"11705","RODRIGO JIMENEZ REVUELTA","VIRGINIA HUERTAS PECHUAN",1
"11706","RODRIGO JIMENEZ REVUELTA","YOLANDA MERELO PALOMARES",1
"11707","RUBEN SILVANO MANSO OLIVAR","SANTIAGO ABASCAL CONDE",2
"11708","RUBEN SILVANO MANSO OLIVAR","SARA CONCEPCION ALVAREZ ROUCO",1
"11709","RUBEN SILVANO MANSO OLIVAR","SERAFIN SERRANO MARIN",1
"11710","RUBEN SILVANO MANSO OLIVAR","SERGIO BOTONERO GALAN",1
"11711","RUBEN SILVANO MANSO OLIVAR","SERGIO MACIAN DE GREEF",1
"11712","RUBEN SILVANO MANSO OLIVAR","SONIA LUISA LALANDA SANMIGUEL",1
"11713","RUBEN SILVANO MANSO OLIVAR","TOMAS FERNANDEZ RIOS",1
"11714","RUBEN SILVANO MANSO OLIVAR","VICTOR GUIDO GONZALEZ COELLO DE PORTUGAL",1
"11715","RUBEN SILVANO MANSO OLIVAR","VICTOR MANUEL SANCHEZ DEL REAL",2
"11716","RUBEN SILVANO MANSO OLIVAR","YOLANDA MERELO PALOMARES",1
"11717","SALOME NIETO TARRAGA","SANTIAGO ABASCAL CONDE",1
"11718","SALOME NIETO TARRAGA","SERGIO MACIAN DE GREEF",1
"11719","SALOME NIETO TARRAGA","TOMAS FERNANDEZ RIOS",1
"11720","SALOME NIETO TARRAGA","VICENTE SANCHEZ DEL COLLADO HONDARZA",1
"11721","SALOME NIETO TARRAGA","VICTOR GUIDO GONZALEZ COELLO DE PORTUGAL",1
"11722","SALOME NIETO TARRAGA","YOLANDA MERELO PALOMARES",1
"11723","SANTIAGO ABASCAL CONDE","SARA CONCEPCION ALVAREZ ROUCO",1
"11724","SANTIAGO ABASCAL CONDE","SERAFIN SERRANO MARIN",1
"11725","SANTIAGO ABASCAL CONDE","SERGI FABRI LLAVERO",1
"11726","SANTIAGO ABASCAL CONDE","SERGIO BOTONERO GALAN",1
"11727","SANTIAGO ABASCAL CONDE","SERGIO CHAGARTEGUI SANCHEZ",1
"11728","SANTIAGO ABASCAL CONDE","SERGIO MACIAN DE GREEF",3
"11729","SANTIAGO ABASCAL CONDE","SILVIA CLARA ENRIQUEZ GALLEGO",1
"11730","SANTIAGO ABASCAL CONDE","SOLEDAD PEREZ RUBIO",1
"11731","SANTIAGO ABASCAL CONDE","SONIA LUISA LALANDA SANMIGUEL",2
"11732","SANTIAGO ABASCAL CONDE","SONSOLES PALACIOS MORENO",1
"11733","SANTIAGO ABASCAL CONDE","TEODORO RAMON POZO MUNIZ",1
"11734","SANTIAGO ABASCAL CONDE","TOMAS FERNANDEZ RIOS",3
"11735","SANTIAGO ABASCAL CONDE","VALENTIN LOPEZ LOPEZ",1
"11736","SANTIAGO ABASCAL CONDE","VICTOR GUIDO GONZALEZ COELLO DE PORTUGAL",3
"11737","SANTIAGO ABASCAL CONDE","VICTOR MANUEL ACOSTA HERNANDEZ",1
"11738","SANTIAGO ABASCAL CONDE","VICTOR MANUEL SANCHEZ DEL REAL",2
"11739","SANTIAGO ABASCAL CONDE","VIRGINIA HUERTAS PECHUAN",1
"11740","SANTIAGO ABASCAL CONDE","YOLANDA MERELO PALOMARES",2
"11741","SANTIAGO MORON SANJUAN","SERGIO MARCO JIMENEZ",1
"11742","SANTIAGO MORON SANJUAN","VICENTE GALLASTEGUI AZNAR",1
"11743","SARA CONCEPCION ALVAREZ ROUCO","SERAFIN SERRANO MARIN",1
"11744","SARA CONCEPCION ALVAREZ ROUCO","SONIA LUISA LALANDA SANMIGUEL",1
"11745","SARA CONCEPCION ALVAREZ ROUCO","VICTOR GUIDO GONZALEZ COELLO DE PORTUGAL",1
"11746","SERAFIN SERRANO MARIN","SERGIO BOTONERO GALAN",1
"11747","SERAFIN SERRANO MARIN","SERGIO MACIAN DE GREEF",1
"11748","SERAFIN SERRANO MARIN","SONIA LUISA LALANDA SANMIGUEL",1
"11749","SERAFIN SERRANO MARIN","TOMAS FERNANDEZ RIOS",1
"11750","SERAFIN SERRANO MARIN","VICTOR GUIDO GONZALEZ COELLO DE PORTUGAL",1
"11751","SERAFIN SERRANO MARIN","VICTOR MANUEL SANCHEZ DEL REAL",1
"11752","SERAFIN SERRANO MARIN","YOLANDA MERELO PALOMARES",1
"11753","SERGI FABRI LLAVERO","SERGIO CONCEPCION YANEZ",1
"11754","SERGI FABRI LLAVERO","SERGIO MACIAN DE GREEF",3
"11755","SERGI FABRI LLAVERO","TOMAS FERNANDEZ RIOS",1
"11756","SERGI FABRI LLAVERO","VICTOR GUIDO GONZALEZ COELLO DE PORTUGAL",1
"11757","SERGI FABRI LLAVERO","YOLANDA MERELO PALOMARES",1
"11758","SERGIO BOTONERO GALAN","SONIA LUISA LALANDA SANMIGUEL",1
"11759","SERGIO BOTONERO GALAN","VICTOR GUIDO GONZALEZ COELLO DE PORTUGAL",1
"11760","SERGIO CHAGARTEGUI SANCHEZ","SERGIO MACIAN DE GREEF",1
"11761","SERGIO CHAGARTEGUI SANCHEZ","SUSANA SUAREZ VILLAGRA",1
"11762","SERGIO CHAGARTEGUI SANCHEZ","TOMAS FERNANDEZ RIOS",1
"11763","SERGIO CHAGARTEGUI SANCHEZ","VICTOR GUIDO GONZALEZ COELLO DE PORTUGAL",1
"11764","SERGIO CHAGARTEGUI SANCHEZ","YOLANDA MERELO PALOMARES",1
"11765","SERGIO MACIAN DE GREEF","SILVIA CLARA ENRIQUEZ GALLEGO",1
"11766","SERGIO MACIAN DE GREEF","SOLEDAD PEREZ RUBIO",1
"11767","SERGIO MACIAN DE GREEF","SONIA LUISA LALANDA SANMIGUEL",1
"11768","SERGIO MACIAN DE GREEF","SONSOLES PALACIOS MORENO",1
"11769","SERGIO MACIAN DE GREEF","TEODORO RAMON POZO MUNIZ",1
"11770","SERGIO MACIAN DE GREEF","TOMAS FERNANDEZ RIOS",1
"11771","SERGIO MACIAN DE GREEF","VALENTIN LOPEZ LOPEZ",1
"11772","SERGIO MACIAN DE GREEF","VICTOR GUIDO GONZALEZ COELLO DE PORTUGAL",2
"11773","SERGIO MACIAN DE GREEF","VICTOR MANUEL ACOSTA HERNANDEZ",1
"11774","SERGIO MACIAN DE GREEF","VICTOR MANUEL SANCHEZ DEL REAL",1
"11775","SERGIO MACIAN DE GREEF","VIRGINIA HUERTAS PECHUAN",1
"11776","SERGIO MACIAN DE GREEF","YOLANDA MERELO PALOMARES",1
"11777","SERGIO MARCO JIMENEZ","VICENTE GALLASTEGUI AZNAR",1
"11778","SILVIA CLARA ENRIQUEZ GALLEGO","TOMAS FERNANDEZ RIOS",1
"11779","SILVIA CLARA ENRIQUEZ GALLEGO","VICTOR GUIDO GONZALEZ COELLO DE PORTUGAL",1
"11780","SILVIA CLARA ENRIQUEZ GALLEGO","YOLANDA MERELO PALOMARES",1
"11781","SOLEDAD PEREZ RUBIO","TOMAS FERNANDEZ RIOS",1
"11782","SOLEDAD PEREZ RUBIO","VICTOR GUIDO GONZALEZ COELLO DE PORTUGAL",1
"11783","SOLEDAD PEREZ RUBIO","YOLANDA MERELO PALOMARES",1
"11784","SONIA LUISA LALANDA SANMIGUEL","TOMAS FERNANDEZ RIOS",1
"11785","SONIA LUISA LALANDA SANMIGUEL","VICTOR GUIDO GONZALEZ COELLO DE PORTUGAL",1
"11786","SONIA LUISA LALANDA SANMIGUEL","VICTOR MANUEL SANCHEZ DEL REAL",2
"11787","SONIA LUISA LALANDA SANMIGUEL","YOLANDA MERELO PALOMARES",1
"11788","SONSOLES PALACIOS MORENO","TOMAS FERNANDEZ RIOS",1
"11789","SONSOLES PALACIOS MORENO","VICTOR GUIDO GONZALEZ COELLO DE PORTUGAL",1
"11790","SONSOLES PALACIOS MORENO","YOLANDA MERELO PALOMARES",1
"11791","TEODORO RAMON POZO MUNIZ","TOMAS FERNANDEZ RIOS",1
"11792","TEODORO RAMON POZO MUNIZ","VICTOR GUIDO GONZALEZ COELLO DE PORTUGAL",1
"11793","TEODORO RAMON POZO MUNIZ","YOLANDA MERELO PALOMARES",1
"11794","TOMAS FERNANDEZ RIOS","VALENTIN LOPEZ LOPEZ",1
"11795","TOMAS FERNANDEZ RIOS","VICTOR GUIDO GONZALEZ COELLO DE PORTUGAL",2
"11796","TOMAS FERNANDEZ RIOS","VICTOR MANUEL ACOSTA HERNANDEZ",1
"11797","TOMAS FERNANDEZ RIOS","VICTOR MANUEL SANCHEZ DEL REAL",1
"11798","TOMAS FERNANDEZ RIOS","VIRGINIA HUERTAS PECHUAN",1
"11799","TOMAS FERNANDEZ RIOS","YOLANDA MERELO PALOMARES",1
"11800","VALENTIN LOPEZ LOPEZ","VICTOR GUIDO GONZALEZ COELLO DE PORTUGAL",1
"11801","VALENTIN LOPEZ LOPEZ","YOLANDA MERELO PALOMARES",1
"11802","VICTOR GUIDO GONZALEZ COELLO DE PORTUGAL","VICTOR MANUEL ACOSTA HERNANDEZ",1
"11803","VICTOR GUIDO GONZALEZ COELLO DE PORTUGAL","VICTOR MANUEL SANCHEZ DEL REAL",2
"11804","VICTOR GUIDO GONZALEZ COELLO DE PORTUGAL","VIRGINIA HUERTAS PECHUAN",1
"11805","VICTOR GUIDO GONZALEZ COELLO DE PORTUGAL","YOLANDA MERELO PALOMARES",2
"11806","VICTOR MANUEL ACOSTA HERNANDEZ","YOLANDA MERELO PALOMARES",1
"11807","VIRGINIA HUERTAS PECHUAN","YOLANDA MERELO PALOMARES",1
