NOMBRE;APELLIDOS;LEGISLATURA;FECHAINICIOLEGISLATURA;FECHAFINLEGISLATURA;LEGISLATURAACTUAL
Juan Antonio;Abad Pérez;Leg. X;13/12/2011;13/01/2016;N
María Isabel;Abad Pinillos;Leg. V;29/06/1993;27/03/1996;N
Cristina;Abades Martínez;Leg. XV;17/08/2023;;S
José Luis;Ábalos Meco;Leg. IX;01/04/2008;13/12/2011;N
José Luis;Ábalos Meco;Leg. X;13/12/2011;13/01/2016;N
José Luis;Ábalos Meco;Leg. XI;13/01/2016;19/07/2016;N
José Luis;Ábalos Meco;Leg. XII;19/07/2016;21/05/2019;N
José Luis;Ábalos Meco;Leg. XIII;21/05/2019;03/12/2019;N
José Luis;Ábalos Meco;Leg. XIV;03/12/2019;17/08/2023;N
José Luis;Ábalos Meco;Leg. XV;17/08/2023;;S
Santiago;Abascal Conde;Leg. XIII;21/05/2019;03/12/2019;N
Santiago;Abascal Conde;Leg. XIV;03/12/2019;17/08/2023;N
Santiago;Abascal Conde;Leg. XV;17/08/2023;;S
Santiago;Abascal Escuza;Leg. VII;05/04/2000;02/04/2004;N
Ana María;Abascal y Calabria;Leg. II;18/11/1982;15/07/1986;N
Manuel;Abejón Adámez;Leg. II;18/11/1982;15/07/1986;N
Adolfo;Abejón Ortega;Leg. VI;27/03/1996;05/04/2000;N
Fernando;Abril Martorell;Leg. I;23/03/1979;18/11/1982;N
Joaquín;Abril Martorell;Leg. III;15/07/1986;21/11/1989;N
Joaquín;Abril Martorell;Leg. IV;21/11/1989;29/06/1993;N
Mª Rosario Fátima;Aburto Baselga;Leg. VIII;02/04/2004;01/04/2008;N
Mª Rosario Fátima;Aburto Baselga;Leg. IX;01/04/2008;13/12/2011;N
Ángel Jesús;Acebes Paniagua;Leg. VI;27/03/1996;05/04/2000;N
Ángel Jesús;Acebes Paniagua;Leg. VII;05/04/2000;02/04/2004;N
Ángel Jesús;Acebes Paniagua;Leg. VIII;02/04/2004;01/04/2008;N
Ángel Jesús;Acebes Paniagua;Leg. IX;01/04/2008;13/12/2011;N
Pedro;Acedo Penco;Leg. XII;19/07/2016;21/05/2019;N
Sofía;Acedo Reyes;Leg. XV;17/08/2023;;S
Manuel;Acevedo Bisshopp;Leg. Const.;14/07/1977;23/03/1979;N
Gervasio;Acevedo Fernández;Leg. VII;05/04/2000;02/04/2004;N
José Luis;Aceves Galindo;Leg. XIII;21/05/2019;03/12/2019;N
José Luis;Aceves Galindo;Leg. XIV;03/12/2019;17/08/2023;N
José Luis;Aceves Galindo;Leg. XV;17/08/2023;;S
María del Carmen Juana;Achutegui Basagoiti;Leg. IX;01/04/2008;13/12/2011;N
Luis;Acín Boned;Leg. VII;05/04/2000;02/04/2004;N
Alberto;Acítores Balbás;Leg. II;18/11/1982;15/07/1986;N
Alberto;Acítores Balbás;Leg. III;15/07/1986;21/11/1989;N
José;Acosta Cubero;Leg. I;23/03/1979;18/11/1982;N
José;Acosta Cubero;Leg. II;18/11/1982;15/07/1986;N
José;Acosta Cubero;Leg. III;15/07/1986;21/11/1989;N
José;Acosta Cubero;Leg. IV;21/11/1989;29/06/1993;N
José;Acosta Cubero;Leg. V;29/06/1993;27/03/1996;N
José;Acosta Cubero;Leg. VI;27/03/1996;05/04/2000;N
José;Acosta Cubero;Leg. VII;05/04/2000;02/04/2004;N
José;Acosta Cubero;Leg. VIII;02/04/2004;01/04/2008;N
María Ángeles;Adán de la Paz;Leg. XIII;21/05/2019;03/12/2019;N
María;Adrio Taracido;Leg. XV;17/08/2023;;S
José Luis;Adsuar Ferrando;Leg. II;18/11/1982;15/07/1986;N
Joseba Andoni;Agirretxea Urresti;Leg. IX;01/04/2008;13/12/2011;N
Joseba Andoni;Agirretxea Urresti;Leg. X;13/12/2011;13/01/2016;N
Joseba Andoni;Agirretxea Urresti;Leg. XI;13/01/2016;19/07/2016;N
Joseba Andoni;Agirretxea Urresti;Leg. XII;19/07/2016;21/05/2019;N
Joseba Andoni;Agirretxea Urresti;Leg. XIII;21/05/2019;03/12/2019;N
Joseba Andoni;Agirretxea Urresti;Leg. XIV;03/12/2019;17/08/2023;N
Joseba Andoni;Agirretxea Urresti;Leg. XV;17/08/2023;;S
Pedro;Agramunt Font de Mora;Leg. IV;21/11/1989;29/06/1993;N
María Josefa;Aguado del Olmo;Leg. VII;05/04/2000;02/04/2004;N
Cristina;Agüera Gago;Leg. XV;17/08/2023;;S
Ernesto;Aguiar Rodríguez;Leg. X;13/12/2011;13/01/2016;N
Ernesto;Aguiar Rodríguez;Leg. XII;19/07/2016;21/05/2019;N
Julio;Aguilar Azañón;Leg. I;23/03/1979;18/11/1982;N
Manuel Ángel;Aguilar Belda;Leg. II;18/11/1982;15/07/1986;N
Manuel Ángel;Aguilar Belda;Leg. VII;05/04/2000;02/04/2004;N
Juan Carlos;Aguilar Moreno;Leg. I;23/03/1979;18/11/1982;N
Rosa;Aguilar Rivero;Leg. V;29/06/1993;27/03/1996;N
Rosa;Aguilar Rivero;Leg. VI;27/03/1996;05/04/2000;N
Rosa;Aguilar Rivero;Leg. X;13/12/2011;13/01/2016;N
José Antonio;Aguiriano Forniés;Leg. Const.;14/07/1977;23/03/1979;N
José Antonio;Aguiriano Forniés;Leg. I;23/03/1979;18/11/1982;N
Luis Alberto;Aguiriano Forniés;Leg. III;15/07/1986;21/11/1989;N
Luis Alberto;Aguiriano Forniés;Leg. IV;21/11/1989;29/06/1993;N
Luis Alberto;Aguiriano Forniés;Leg. V;29/06/1993;27/03/1996;N
Luis Alberto;Aguiriano Forniés;Leg. VI;27/03/1996;05/04/2000;N
Francisco Javier Máximo;Aguirre de la Hoz;Leg. Const.;14/07/1977;23/03/1979;N
Francisco Javier Máximo;Aguirre de la Hoz;Leg. I;23/03/1979;18/11/1982;N
Rocío;Aguirre Gil de Biedma;Leg. XV;17/08/2023;;S
Iñigo;Aguirre Kerexeta;Leg. Const.;14/07/1977;23/03/1979;N
Iñigo;Aguirre Kerexeta;Leg. I;23/03/1979;18/11/1982;N
Iñigo;Aguirre Kerexeta;Leg. II;18/11/1982;15/07/1986;N
Ramón;Aguirre Rodríguez;Leg. IV;21/11/1989;29/06/1993;N
Ramón;Aguirre Rodríguez;Leg. V;29/06/1993;27/03/1996;N
Ramón;Aguirre Rodríguez;Leg. VI;27/03/1996;05/04/2000;N
Ramón;Aguirre Rodríguez;Leg. VII;05/04/2000;02/04/2004;N
Ramón;Aguirre Rodríguez;Leg. IX;01/04/2008;13/12/2011;N
Ramón;Aguirre Rodríguez;Leg. X;13/12/2011;13/01/2016;N
Ramón;Aguirre Rodríguez;Leg. XII;19/07/2016;21/05/2019;N
María Jesús;Aguirre Uribe;Leg. VI;27/03/1996;05/04/2000;N
Juan José;Aizcorbe Torra;Leg. XIV;03/12/2019;17/08/2023;N
Juan José;Aizcorbe Torra;Leg. XV;17/08/2023;;S
Jesús;Aizpún Tuero;Leg. Const.;14/07/1977;23/03/1979;N
Jesús;Aizpún Tuero;Leg. I;23/03/1979;18/11/1982;N
Jesús;Aizpún Tuero;Leg. II;18/11/1982;15/07/1986;N
Jesús;Aizpún Tuero;Leg. III;15/07/1986;21/11/1989;N
Jesús;Aizpún Tuero;Leg. IV;21/11/1989;29/06/1993;N
Jesús;Aizpún Tuero;Leg. V;29/06/1993;27/03/1996;N
Mertxe;Aizpurua Arzallus;Leg. XIII;21/05/2019;03/12/2019;N
Mertxe;Aizpurua Arzallus;Leg. XIV;03/12/2019;17/08/2023;N
Mertxe;Aizpurua Arzallus;Leg. XV;17/08/2023;;S
Itziar;Aizpurúa Egaña;Leg. III;15/07/1986;21/11/1989;N
Itziar;Aizpurúa Egaña;Leg. IV;21/11/1989;29/06/1993;N
César;Aja Mariño;Leg. III;15/07/1986;21/11/1989;N
César;Aja Mariño;Leg. IV;21/11/1989;29/06/1993;N
Juan;Ajuriaguerra Ochandiano;Leg. Const.;14/07/1977;23/03/1979;N
José;Alarcón Molina;Leg. VI;27/03/1996;05/04/2000;N
José Miguel;Alava Aguirre;Leg. Const.;14/07/1977;23/03/1979;N
Maciá;Alavedra i Moner;Leg. Const.;14/07/1977;23/03/1979;N
Maciá;Alavedra i Moner;Leg. I;23/03/1979;18/11/1982;N
Maciá;Alavedra i Moner;Leg. III;15/07/1986;21/11/1989;N
Nayua Miriam;Alba Goveli;Leg. XI;13/01/2016;19/07/2016;N
Nayua Miriam;Alba Goveli;Leg. XII;19/07/2016;21/05/2019;N
María Dolores;Alba Mullor;Leg. XII;19/07/2016;21/05/2019;N
Joaquín;Albaladejo Martínez;Leg. XI;13/01/2016;19/07/2016;N
Joaquín;Albaladejo Martínez;Leg. XII;19/07/2016;21/05/2019;N
José Manuel;Albares Bueno;Leg. XV;17/08/2023;;S
Juan Manuel;Albendea Pabón;Leg. VI;27/03/1996;05/04/2000;N
Juan Manuel;Albendea Pabón;Leg. VII;05/04/2000;02/04/2004;N
Juan Manuel;Albendea Pabón;Leg. VIII;02/04/2004;01/04/2008;N
Juan Manuel;Albendea Pabón;Leg. IX;01/04/2008;13/12/2011;N
Juan Manuel;Albendea Pabón;Leg. X;13/12/2011;13/01/2016;N
Cristina;Alberdi Alonso;Leg. VI;27/03/1996;05/04/2000;N
Cristina;Alberdi Alonso;Leg. VII;05/04/2000;02/04/2004;N
Isabel;Alberdi Alonso;Leg. IV;21/11/1989;29/06/1993;N
Isabel;Alberdi Alonso;Leg. V;29/06/1993;27/03/1996;N
Vicente;Albero Silla;Leg. IV;21/11/1989;29/06/1993;N
Vicente;Albero Silla;Leg. V;29/06/1993;27/03/1996;N
Rafael;Alberti y Merello;Leg. Const.;14/07/1977;23/03/1979;N
Celia;Alberto Pérez;Leg. X;13/12/2011;13/01/2016;N
Celia;Alberto Pérez;Leg. XII;19/07/2016;21/05/2019;N
Miguel Ramón;Albiach Chisbert;Leg. VII;05/04/2000;02/04/2004;N
Juan;Albiñana Calatayud;Leg. IV;21/11/1989;29/06/1993;N
José Luis;Albiñana Olmos;Leg. Const.;14/07/1977;23/03/1979;N
José Luis;Albiñana Olmos;Leg. I;23/03/1979;18/11/1982;N
Xabier;Albistur Marín;Leg. V;29/06/1993;27/03/1996;N
Carmen;Alborch Bataller;Leg. VI;27/03/1996;05/04/2000;N
Carmen;Alborch Bataller;Leg. VII;05/04/2000;02/04/2004;N
Carmen;Alborch Bataller;Leg. VIII;02/04/2004;01/04/2008;N
Angel;Alcalde Linares;Leg. IV;21/11/1989;29/06/1993;N
Gustavo-Adolfo;Alcalde Sánchez;Leg. VI;27/03/1996;05/04/2000;N
Francisco José;Alcaraz Martos;Leg. XIV;03/12/2019;17/08/2023;N
Francisco José;Alcaraz Martos;Leg. XV;17/08/2023;;S
Luis Felipe;Alcaraz Masats;Leg. I;23/03/1979;18/11/1982;N
Luis Felipe;Alcaraz Masats;Leg. V;29/06/1993;27/03/1996;N
Luis Felipe;Alcaraz Masats;Leg. VI;27/03/1996;05/04/2000;N
Luis Felipe;Alcaraz Masats;Leg. VII;05/04/2000;02/04/2004;N
Manuel Francisco;Alcaraz Ramos;Leg. VI;27/03/1996;05/04/2000;N
María Angustias;Alcázar Escribano;Leg. VIII;02/04/2004;01/04/2008;N
Fernando;Alcón Sáez;Leg. Const.;14/07/1977;23/03/1979;N
Fernando;Alcón Sáez;Leg. I;23/03/1979;18/11/1982;N
Miriam;Alconchel Gonzaga;Leg. XI;13/01/2016;19/07/2016;N
Miriam;Alconchel Gonzaga;Leg. XII;19/07/2016;21/05/2019;N
José Ignacio;Aldecoa Azarloza;Leg. III;15/07/1986;21/11/1989;N
Josefa;Aledo Martínez;Leg. VI;27/03/1996;05/04/2000;N
Luis Angel;Alegre Galilea;Leg. IV;21/11/1989;29/06/1993;N
Luis Angel;Alegre Galilea;Leg. V;29/06/1993;27/03/1996;N
Lluis;Alegre i Selga;Leg. III;15/07/1986;21/11/1989;N
María Pilar;Alegría Continente;Leg. IX;01/04/2008;13/12/2011;N
María Pilar;Alegría Continente;Leg. X;13/12/2011;13/01/2016;N
María Pilar;Alegría Continente;Leg. XV;17/08/2023;;S
Joaquima;Alemany i Roca;Leg. V;29/06/1993;27/03/1996;N
Eugenio;Alés Pérez;Leg. Const.;14/07/1977;23/03/1979;N
Javier;Alfonso Cendón;Leg. XIII;21/05/2019;03/12/2019;N
Javier;Alfonso Cendón;Leg. XIV;03/12/2019;17/08/2023;N
Javier;Alfonso Cendón;Leg. XV;17/08/2023;;S
Juan;Alfonso Pérez;Leg. II;18/11/1982;15/07/1986;N
Juan;Alfonso Pérez;Leg. III;15/07/1986;21/11/1989;N
Antonio Juan;Alfonso Quirós;Leg. I;23/03/1979;18/11/1982;N
Alma;Alfonso Silvestre;Leg. XV;17/08/2023;;S
María Pilar;Alía Aguado;Leg. XV;17/08/2023;;S
Mariano;Alierta Izuel;Leg. Const.;14/07/1977;23/03/1979;N
Mariano;Alierta Izuel;Leg. I;23/03/1979;18/11/1982;N
Jesús;Alique López;Leg. IX;01/04/2008;13/12/2011;N
Íñigo Jesús;Alli Martínez;Leg. XI;13/01/2016;19/07/2016;N
Íñigo Jesús;Alli Martínez;Leg. XII;19/07/2016;21/05/2019;N
Higinio;Almagro Castro;Leg. IX;01/04/2008;13/12/2011;N
María Cristina;Almeida Castro;Leg. IV;21/11/1989;29/06/1993;N
María Cristina;Almeida Castro;Leg. VI;27/03/1996;05/04/2000;N
Oriol;Almirón Ruiz;Leg. XV;17/08/2023;;S
Agustín;Almodóbar Barceló;Leg. XIII;21/05/2019;03/12/2019;N
Agustín;Almodóbar Barceló;Leg. XIV;03/12/2019;17/08/2023;N
Emilia;Almodóvar Sánchez;Leg. XV;17/08/2023;;S
Joaquín;Almunia Amann;Leg. I;23/03/1979;18/11/1982;N
Joaquín;Almunia Amann;Leg. II;18/11/1982;15/07/1986;N
Joaquín;Almunia Amann;Leg. III;15/07/1986;21/11/1989;N
Joaquín;Almunia Amann;Leg. IV;21/11/1989;29/06/1993;N
Joaquín;Almunia Amann;Leg. V;29/06/1993;27/03/1996;N
Joaquín;Almunia Amann;Leg. VI;27/03/1996;05/04/2000;N
Joaquín;Almunia Amann;Leg. VII;05/04/2000;02/04/2004;N
Joaquín;Almunia Amann;Leg. VIII;02/04/2004;01/04/2008;N
Alfonso;Alonso Aranegui;Leg. VII;05/04/2000;02/04/2004;N
Alfonso;Alonso Aranegui;Leg. IX;01/04/2008;13/12/2011;N
Alfonso;Alonso Aranegui;Leg. X;13/12/2011;13/01/2016;N
Alfonso;Alonso Aranegui;Leg. XI;13/01/2016;19/07/2016;N
Alfonso;Alonso Aranegui;Leg. XII;19/07/2016;21/05/2019;N
Conrado;Alonso Buitrón;Leg. II;18/11/1982;15/07/1986;N
Conrado;Alonso Buitrón;Leg. III;15/07/1986;21/11/1989;N
Conrado;Alonso Buitrón;Leg. IV;21/11/1989;29/06/1993;N
Conrado;Alonso Buitrón;Leg. V;29/06/1993;27/03/1996;N
Félix;Alonso Cantorné;Leg. XI;13/01/2016;19/07/2016;N
Félix;Alonso Cantorné;Leg. XII;19/07/2016;21/05/2019;N
Fèlix;Alonso Cantorné;Leg. XV;17/08/2023;;S
Rosa Ana;Alonso Clusa;Leg. XI;13/01/2016;19/07/2016;N
Rosa Ana;Alonso Clusa;Leg. XII;19/07/2016;21/05/2019;N
José Antonio;Alonso Conesa;Leg. IV;21/11/1989;29/06/1993;N
José Antonio;Alonso Conesa;Leg. V;29/06/1993;27/03/1996;N
José Jaime;Alonso Díaz-Guerra;Leg. XII;19/07/2016;21/05/2019;N
María Luisa;Alonso García;Leg. XIII;21/05/2019;03/12/2019;N
Mercedes;Alonso García;Leg. IX;01/04/2008;13/12/2011;N
Raquel;Alonso Hernández;Leg. XII;19/07/2016;21/05/2019;N
Manuel;Alonso Losada;Leg. IV;21/11/1989;29/06/1993;N
Alejandro;Alonso Núñez;Leg. VIII;02/04/2004;01/04/2008;N
Alejandro;Alonso Núñez;Leg. IX;01/04/2008;13/12/2011;N
Alejandro;Alonso Núñez;Leg. X;13/12/2011;13/01/2016;N
Modesto;Alonso Pelayo;Leg. Const.;14/07/1977;23/03/1979;N
José Ángel;Alonso Pérez;Leg. XIV;03/12/2019;17/08/2023;N
José María;Alonso Ruiz;Leg. X;13/12/2011;13/01/2016;N
Emilio;Alonso Sarmiento;Leg. Const.;14/07/1977;23/03/1979;N
Emilio;Alonso Sarmiento;Leg. I;23/03/1979;18/11/1982;N
Emilio;Alonso Sarmiento;Leg. IV;21/11/1989;29/06/1993;N
José Antonio;Alonso Suárez;Leg. VIII;02/04/2004;01/04/2008;N
José Antonio;Alonso Suárez;Leg. IX;01/04/2008;13/12/2011;N
José Antonio;Alonso Suárez;Leg. X;13/12/2011;13/01/2016;N
María Olga;Alonso Suárez;Leg. XIII;21/05/2019;03/12/2019;N
María Olga;Alonso Suárez;Leg. XIV;03/12/2019;17/08/2023;N
Jaume;Alonso-Cuevillas i Sayrol;Leg. XIII;21/05/2019;03/12/2019;N
Jaume;Alonso-Cuevillas i Sayrol;Leg. XIV;03/12/2019;17/08/2023;N
Ana Isabel;Alós López;Leg. XI;13/01/2016;19/07/2016;N
Ana Isabel;Alós López;Leg. XII;19/07/2016;21/05/2019;N
Ana Isabel;Alós López;Leg. XV;17/08/2023;;S
Amador;Álvarez Álvarez;Leg. V;29/06/1993;27/03/1996;N
Amador;Álvarez Álvarez;Leg. VI;27/03/1996;05/04/2000;N
Amador;Álvarez Álvarez;Leg. VII;05/04/2000;02/04/2004;N
Amador;Álvarez Álvarez;Leg. VIII;02/04/2004;01/04/2008;N
Amador;Álvarez Álvarez;Leg. IX;01/04/2008;13/12/2011;N
Ángeles;Álvarez Álvarez;Leg. X;13/12/2011;13/01/2016;N
Ángeles;Álvarez Álvarez;Leg. XII;19/07/2016;21/05/2019;N
José Luis;Álvarez Álvarez;Leg. I;23/03/1979;18/11/1982;N
José Luis;Álvarez Álvarez;Leg. II;18/11/1982;15/07/1986;N
Magdalena;Álvarez Arza;Leg. VIII;02/04/2004;01/04/2008;N
Magdalena;Álvarez Arza;Leg. IX;01/04/2008;13/12/2011;N
Ramón María;Álvarez de Miranda García;Leg. I;23/03/1979;18/11/1982;N
Fernando;Álvarez de Miranda y Torres;Leg. Const.;14/07/1977;23/03/1979;N
Fernando;Álvarez de Miranda y Torres;Leg. I;23/03/1979;18/11/1982;N
José;Álvarez de Paz;Leg. I;23/03/1979;18/11/1982;N
José;Álvarez de Paz;Leg. II;18/11/1982;15/07/1986;N
José;Álvarez de Paz;Leg. III;15/07/1986;21/11/1989;N
Cayetana;Álvarez de Toledo Peralta Ramos;Leg. IX;01/04/2008;13/12/2011;N
Cayetana;Álvarez de Toledo Peralta Ramos;Leg. X;13/12/2011;13/01/2016;N
Cayetana;Álvarez de Toledo Peralta-Ramos;Leg. XIII;21/05/2019;03/12/2019;N
Cayetana;Álvarez de Toledo Peralta-Ramos;Leg. XIV;03/12/2019;17/08/2023;N
Cayetana;Álvarez de Toledo Peralta-Ramos;Leg. XV;17/08/2023;;S
Beatriz;Álvarez Fanjul;Leg. XIV;03/12/2019;17/08/2023;N
Beatriz;Álvarez Fanjul;Leg. XV;17/08/2023;;S
Roberto;Álvarez Fernández;Leg. V;29/06/1993;27/03/1996;N
María Enedina;Álvarez Gayol;Leg. V;29/06/1993;27/03/1996;N
María Enedina;Álvarez Gayol;Leg. VI;27/03/1996;05/04/2000;N
Julio;Álvarez Gómez;Leg. VI;27/03/1996;05/04/2000;N
Alicia;Álvarez González;Leg. XV;17/08/2023;;S
Gerard;Álvarez i García;Leg. XIV;03/12/2019;17/08/2023;N
Eloísa;Álvarez Oteo;Leg. VIII;02/04/2004;01/04/2008;N
Eloísa;Álvarez Oteo;Leg. IX;01/04/2008;13/12/2011;N
Félix;Álvarez Palleiro;Leg. XII;19/07/2016;21/05/2019;N
Enrique;Álvarez Paredes;Leg. IV;21/11/1989;29/06/1993;N
Enrique;Álvarez Paredes;Leg. V;29/06/1993;27/03/1996;N
José María;Álvarez Pereira;Leg. VI;27/03/1996;05/04/2000;N
María Elena;Álvarez Simón;Leg. XI;13/01/2016;19/07/2016;N
Enrique;Álvarez Sostres;Leg. X;13/12/2011;13/01/2016;N
Emilio;Álvarez Villazán;Leg. IX;01/04/2008;13/12/2011;N
María Carmen;Álvarez-Arenas Cisneros;Leg. IX;01/04/2008;13/12/2011;N
María Carmen;Álvarez-Arenas Cisneros;Leg. X;13/12/2011;13/01/2016;N
María Carmen;Álvarez-Arenas Cisneros;Leg. XI;13/01/2016;19/07/2016;N
María Carmen;Álvarez-Arenas Cisneros;Leg. XII;19/07/2016;21/05/2019;N
Francisco;Álvarez-Cascos Fernández;Leg. III;15/07/1986;21/11/1989;N
Francisco;Álvarez-Cascos Fernández;Leg. IV;21/11/1989;29/06/1993;N
Francisco;Álvarez-Cascos Fernández;Leg. V;29/06/1993;27/03/1996;N
Francisco;Álvarez-Cascos Fernández;Leg. VI;27/03/1996;05/04/2000;N
Francisco;Álvarez-Cascos Fernández;Leg. VII;05/04/2000;02/04/2004;N
Francesc-Marc;Álvaro Vidal;Leg. XV;17/08/2023;;S
Oscar;Alzaga Villaamil;Leg. Const.;14/07/1977;23/03/1979;N
Oscar;Alzaga Villaamil;Leg. I;23/03/1979;18/11/1982;N
Oscar;Alzaga Villaamil;Leg. II;18/11/1982;15/07/1986;N
Oscar;Alzaga Villaamil;Leg. III;15/07/1986;21/11/1989;N
Eva María;Amador Guillén;Leg. V;29/06/1993;27/03/1996;N
Eva María;Amador Guillén;Leg. VI;27/03/1996;05/04/2000;N
María Ángeles;Amador Millán;Leg. VI;27/03/1996;05/04/2000;N
María Ángeles;Amador Millán;Leg. VII;05/04/2000;02/04/2004;N
Francisco;Amarillo Doblado;Leg. VI;27/03/1996;05/04/2000;N
Francisco;Amarillo Doblado;Leg. VII;05/04/2000;02/04/2004;N
Antonio Luis;Amaro López;Leg. X;13/12/2011;13/01/2016;N
Enrique;Amat Vicedo;Leg. III;15/07/1986;21/11/1989;N
Enrique;Amat Vicedo;Leg. IV;21/11/1989;29/06/1993;N
José Antonio;Amate Rodríguez;Leg. I;23/03/1979;18/11/1982;N
José Antonio;Amate Rodríguez;Leg. II;18/11/1982;15/07/1986;N
José Antonio;Amate Rodríguez;Leg. III;15/07/1986;21/11/1989;N
José Antonio;Amate Rodríguez;Leg. IV;21/11/1989;29/06/1993;N
José Antonio;Amate Rodríguez;Leg. V;29/06/1993;27/03/1996;N
José Antonio;Amate Rodríguez;Leg. VI;27/03/1996;05/04/2000;N
Mario de;Amilivia González;Leg. III;15/07/1986;21/11/1989;N
María Mercé;Amorós i Sans;Leg. VI;27/03/1996;05/04/2000;N
Emilio;Amuedo Moral;Leg. VIII;02/04/2004;01/04/2008;N
Emilio;Amuedo Moral;Leg. IX;01/04/2008;13/12/2011;N
Iñaki Mirena;Anasagasti Olabeaga;Leg. III;15/07/1986;21/11/1989;N
Iñaki Mirena;Anasagasti Olabeaga;Leg. IV;21/11/1989;29/06/1993;N
Iñaki Mirena;Anasagasti Olabeaga;Leg. V;29/06/1993;27/03/1996;N
Iñaki Mirena;Anasagasti Olabeaga;Leg. VI;27/03/1996;05/04/2000;N
Iñaki Mirena;Anasagasti Olabeaga;Leg. VII;05/04/2000;02/04/2004;N
Álvaro;Anchuelo Crego;Leg. X;13/12/2011;13/01/2016;N
Teslem;Andala Ubbi;Leg. XV;17/08/2023;;S
Carmen;Andrés Añón;Leg. XIII;21/05/2019;03/12/2019;N
Carmen;Andrés Añón;Leg. XIV;03/12/2019;17/08/2023;N
Carmen;Andrés Añón;Leg. XV;17/08/2023;;S
Josefa;Andrés Barea;Leg. XIII;21/05/2019;03/12/2019;N
Josefa;Andrés Barea;Leg. XIV;03/12/2019;17/08/2023;N
Jerónimo;Andreu Andreu;Leg. IV;21/11/1989;29/06/1993;N
Jerónimo;Andreu Andreu;Leg. V;29/06/1993;27/03/1996;N
Josep;Andreu Domingo;Leg. VIII;02/04/2004;01/04/2008;N
Josep;Andreu i Abelló;Leg. Const.;14/07/1977;23/03/1979;N
Julio;Anguita González;Leg. IV;21/11/1989;29/06/1993;N
Julio;Anguita González;Leg. V;29/06/1993;27/03/1996;N
Julio;Anguita González;Leg. VI;27/03/1996;05/04/2000;N
Omar;Anguita Pérez;Leg. XIV;03/12/2019;17/08/2023;N
María Teresa;Angulo Romero;Leg. X;13/12/2011;13/01/2016;N
María Teresa;Angulo Romero;Leg. XI;13/01/2016;19/07/2016;N
María Teresa;Angulo Romero;Leg. XII;19/07/2016;21/05/2019;N
María Teresa;Angulo Romero;Leg. XIV;03/12/2019;17/08/2023;N
Ricardo;Ansotegui Aranguren;Leg. IV;21/11/1989;29/06/1993;N
Jaume;Antich i Balada;Leg. II;18/11/1982;15/07/1986;N
Jaume;Antich i Balada;Leg. III;15/07/1986;21/11/1989;N
Jaume;Antich i Balada;Leg. IV;21/11/1989;29/06/1993;N
Jaume;Antich i Balada;Leg. V;29/06/1993;27/03/1996;N
Francesc;Antich Oliver;Leg. VIII;02/04/2004;01/04/2008;N
Iñaki;Antigüedad Auzmendi;Leg. X;13/12/2011;13/01/2016;N
Javier;Antón Cacho;Leg. XI;13/01/2016;19/07/2016;N
Javier;Antón Cacho;Leg. XII;19/07/2016;21/05/2019;N
Javier;Antón Cacho;Leg. XIII;21/05/2019;03/12/2019;N
Javier;Antón Cacho;Leg. XIV;03/12/2019;17/08/2023;N
Asier;Antona Gómez;Leg. XV;17/08/2023;;S
Pablo;Antuñano Colina;Leg. XV;17/08/2023;;S
Juan Carlos;Aparicio Pérez;Leg. III;15/07/1986;21/11/1989;N
Juan Carlos;Aparicio Pérez;Leg. IV;21/11/1989;29/06/1993;N
Juan Carlos;Aparicio Pérez;Leg. V;29/06/1993;27/03/1996;N
Juan Carlos;Aparicio Pérez;Leg. VI;27/03/1996;05/04/2000;N
Juan Carlos;Aparicio Pérez;Leg. VII;05/04/2000;02/04/2004;N
Juan Carlos;Aparicio Pérez;Leg. IX;01/04/2008;13/12/2011;N
Juan Carlos;Aparicio Pérez;Leg. X;13/12/2011;13/01/2016;N
Luis;Apostúa Palos;Leg. Const.;14/07/1977;23/03/1979;N
Luis;Apostúa Palos;Leg. I;23/03/1979;18/11/1982;N
Antonio María;Aragonés Lloret;Leg. VI;27/03/1996;05/04/2000;N
Carlos;Aragonés Mendiguchía;Leg. V;29/06/1993;27/03/1996;N
Carlos;Aragonés Mendiguchía;Leg. VI;27/03/1996;05/04/2000;N
Carlos;Aragonés Mendiguchía;Leg. VII;05/04/2000;02/04/2004;N
Carlos;Aragonés Mendiguchía;Leg. VIII;02/04/2004;01/04/2008;N
Carlos;Aragonés Mendiguchía;Leg. IX;01/04/2008;13/12/2011;N
Carlos;Aragonés Mendiguchía;Leg. X;13/12/2011;13/01/2016;N
Carlos;Aragonés Mendiguchía;Leg. XIV;03/12/2019;17/08/2023;N
Carlos;Aragonés Mendiguchía;Leg. XV;17/08/2023;;S
María Soledad;Arahuetes Portero;Leg. I;23/03/1979;18/11/1982;N
María Jesús;Aramburu del Río;Leg. VI;27/03/1996;05/04/2000;N
Joaquín;Arana Pelegrí;Leg. Const.;14/07/1977;23/03/1979;N
Elviro;Aranda Álvarez;Leg. VIII;02/04/2004;01/04/2008;N
Elviro;Aranda Álvarez;Leg. IX;01/04/2008;13/12/2011;N
Francisco;Aranda Vargas;Leg. XIII;21/05/2019;03/12/2019;N
Francisco;Aranda Vargas;Leg. XIV;03/12/2019;17/08/2023;N
Francisco;Aranda Vargas;Leg. XV;17/08/2023;;S
Pablo;Arangüena Fernández;Leg. XIII;21/05/2019;03/12/2019;N
Pablo;Arangüena Fernández;Leg. XIV;03/12/2019;17/08/2023;N
Rogelio;Araújo Gil;Leg. X;13/12/2011;13/01/2016;N
Gemma;Araujo Morales;Leg. XIV;03/12/2019;17/08/2023;N
José Luis de;Arce Martínez;Leg. I;23/03/1979;18/11/1982;N
Juana;Arce Molina;Leg. I;23/03/1979;18/11/1982;N
María Pilar;Ardanza Uribarren;Leg. XI;13/01/2016;19/07/2016;N
José María de;Areilza y Martínez de Rodas;Leg. I;23/03/1979;18/11/1982;N
Francisco Javier;Arenas Bocanegra;Leg. IV;21/11/1989;29/06/1993;N
Francisco Javier;Arenas Bocanegra;Leg. V;29/06/1993;27/03/1996;N
Francisco Javier;Arenas Bocanegra;Leg. VII;05/04/2000;02/04/2004;N
Francisco Javier;Arenas Bocanegra;Leg. VIII;02/04/2004;01/04/2008;N
María de la O;Ares Martínez-Fortún;Leg. X;13/12/2011;13/01/2016;N
María del Mar;Arévalo Araya;Leg. VII;05/04/2000;02/04/2004;N
María Teresa;Arévalo Caraballo;Leg. XII;19/07/2016;21/05/2019;N
Alvaro;Argany Fajardo;Leg. IV;21/11/1989;29/06/1993;N
Trinidad Carmen;Argota Castro;Leg. XV;17/08/2023;;S
Silverio;Argüelles García;Leg. XV;17/08/2023;;S
Miguel;Arias Cañete;Leg. VIII;02/04/2004;01/04/2008;N
Miguel;Arias Cañete;Leg. IX;01/04/2008;13/12/2011;N
Miguel;Arias Cañete;Leg. X;13/12/2011;13/01/2016;N
Raquel;Arias Rodríguez;Leg. IX;01/04/2008;13/12/2011;N
Rafael;Arias-Salgado Montalvo;Leg. Const.;14/07/1977;23/03/1979;N
Rafael;Arias-Salgado Montalvo;Leg. I;23/03/1979;18/11/1982;N
Rafael;Arias-Salgado Montalvo;Leg. IV;21/11/1989;29/06/1993;N
Rafael;Arias-Salgado Montalvo;Leg. V;29/06/1993;27/03/1996;N
Rafael;Arias-Salgado Montalvo;Leg. VI;27/03/1996;05/04/2000;N
Rafael;Arias-Salgado Montalvo;Leg. VII;05/04/2000;02/04/2004;N
Gaspar;Ariño Ortiz;Leg. IV;21/11/1989;29/06/1993;N
Gustavo Manuel de;Arístegui y San Román;Leg. VII;05/04/2000;02/04/2004;N
Gustavo Manuel de;Arístegui y San Román;Leg. VIII;02/04/2004;01/04/2008;N
Gustavo Manuel de;Arístegui y San Román;Leg. IX;01/04/2008;13/12/2011;N
Fernando;Aristizábal Recarte;Leg. I;23/03/1979;18/11/1982;N
Maite;Ariztegui Larrañaga;Leg. X;13/12/2011;13/01/2016;N
Blanca;Armario González;Leg. XV;17/08/2023;;S
Erasmo Juan Manuel;Armas Dárias;Leg. VIII;02/04/2004;01/04/2008;N
Mª Antonia de;Armengol Criado;Leg. VIII;02/04/2004;01/04/2008;N
Francina;Armengol Socias;Leg. XV;17/08/2023;;S
Joan Josep;Armet Coma;Leg. IV;21/11/1989;29/06/1993;N
Joan Josep;Armet Coma;Leg. V;29/06/1993;27/03/1996;N
María del Mar;Arnaiz García;Leg. VIII;02/04/2004;01/04/2008;N
María del Mar;Arnaiz García;Leg. IX;01/04/2008;13/12/2011;N
María del Mar;Arnaiz García;Leg. X;13/12/2011;13/01/2016;N
Mario;Arnaldos Carreño;Leg. Const.;14/07/1977;23/03/1979;N
José;Arnau Figuerola;Leg. I;23/03/1979;18/11/1982;N
Francisco;Arnau Navarro;Leg. II;18/11/1982;15/07/1986;N
Francisco;Arnau Navarro;Leg. III;15/07/1986;21/11/1989;N
Francisco;Arnau Navarro;Leg. IV;21/11/1989;29/06/1993;N
Francisco;Arnau Navarro;Leg. V;29/06/1993;27/03/1996;N
Francisco;Arnau Navarro;Leg. VI;27/03/1996;05/04/2000;N
Alfredo Francisco Javier;Arola Blanquet;Leg. VII;05/04/2000;02/04/2004;N
Alfredo Francisco Javier;Arola Blanquet;Leg. VIII;02/04/2004;01/04/2008;N
Alfredo Francisco Javier;Arola Blanquet;Leg. IX;01/04/2008;13/12/2011;N
Mercedes;Aroz Ibáñez;Leg. III;15/07/1986;21/11/1989;N
Mercedes;Aroz Ibáñez;Leg. IV;21/11/1989;29/06/1993;N
Mercedes;Aroz Ibáñez;Leg. V;29/06/1993;27/03/1996;N
Mercedes;Aroz Ibáñez;Leg. VI;27/03/1996;05/04/2000;N
Manuel;Arqueros Orozco;Leg. IV;21/11/1989;29/06/1993;N
Manuel;Arqueros Orozco;Leg. V;29/06/1993;27/03/1996;N
Manuel;Arqueros Orozco;Leg. VI;27/03/1996;05/04/2000;N
Miguel Angel;Arredonda Crecente;Leg. I;23/03/1979;18/11/1982;N
Elías;Arribas Aragonés;Leg. VIII;02/04/2004;01/04/2008;N
Manuel;Arribas Maroto;Leg. XIV;03/12/2019;17/08/2023;N
Manuel;Arribas Maroto;Leg. XV;17/08/2023;;S
Inés;Arrimadas García;Leg. XIII;21/05/2019;03/12/2019;N
Inés;Arrimadas García;Leg. XIV;03/12/2019;17/08/2023;N
Pedro;Arrojo Agudo;Leg. XI;13/01/2016;19/07/2016;N
Pedro;Arrojo Agudo;Leg. XII;19/07/2016;21/05/2019;N
Marisa;Arrúe Bergareche;Leg. VII;05/04/2000;02/04/2004;N
Marisa;Arrúe Bergareche;Leg. VIII;02/04/2004;01/04/2008;N
María Dolores;Arteaga Espinosa de los Monteros;Leg. XIII;21/05/2019;03/12/2019;N
Carmelo;Artiles Bolaños;Leg. V;29/06/1993;27/03/1996;N
Xabier;Arzálluz Antía;Leg. Const.;14/07/1977;23/03/1979;N
Xabier;Arzálluz Antía;Leg. I;23/03/1979;18/11/1982;N
Alberto;Asarta Cuevas;Leg. XIV;03/12/2019;17/08/2023;N
Alberto;Asarta Cuevas;Leg. XV;17/08/2023;;S
José Luis;Asenjo Díaz;Leg. II;18/11/1982;15/07/1986;N
José Luis;Asenjo Díaz;Leg. VII;05/04/2000;02/04/2004;N
Jaume;Asens Llodrà;Leg. XIII;21/05/2019;03/12/2019;N
Jaume;Asens Llodrà;Leg. XIV;03/12/2019;17/08/2023;N
Matilde Pastora;Asian González;Leg. X;13/12/2011;13/01/2016;N
Matilde Pastora;Asian González;Leg. XI;13/01/2016;19/07/2016;N
Matilde Pastora;Asian González;Leg. XII;19/07/2016;21/05/2019;N
Juan Miguel;Asperilla Sánchez;Leg. II;18/11/1982;15/07/1986;N
Ignacio;Astarloa Huarte-Mendicoa;Leg. VIII;02/04/2004;01/04/2008;N
Ignacio;Astarloa Huarte-Mendicoa;Leg. IX;01/04/2008;13/12/2011;N
Ignacio;Astarloa Huarte-Mendicoa;Leg. X;13/12/2011;13/01/2016;N
Jesús Ignacio;Astrain Lasa;Leg. Const.;14/07/1977;23/03/1979;N
Antoni;Asunción Hernández;Leg. V;29/06/1993;27/03/1996;N
Manuel;Atencia Robledo;Leg. VII;05/04/2000;02/04/2004;N
Manuel;Atencia Robledo;Leg. VIII;02/04/2004;01/04/2008;N
María Josep;Atienza i Guerrero;Leg. VI;27/03/1996;05/04/2000;N
Emilio;Attard Alonso;Leg. Const.;14/07/1977;23/03/1979;N
Emilio;Attard Alonso;Leg. I;23/03/1979;18/11/1982;N
Kepa;Aulestia Urrutia;Leg. III;15/07/1986;21/11/1989;N
Andrés José;Ayala Sánchez;Leg. VII;05/04/2000;02/04/2004;N
Andrés José;Ayala Sánchez;Leg. VIII;02/04/2004;01/04/2008;N
Andrés José;Ayala Sánchez;Leg. IX;01/04/2008;13/12/2011;N
Andrés José;Ayala Sánchez;Leg. X;13/12/2011;13/01/2016;N
Andrés José;Ayala Sánchez;Leg. XI;13/01/2016;19/07/2016;N
José Luis;Ayllón Manso;Leg. VII;05/04/2000;02/04/2004;N
José Luis;Ayllón Manso;Leg. VIII;02/04/2004;01/04/2008;N
José Luis;Ayllón Manso;Leg. IX;01/04/2008;13/12/2011;N
José Luis;Ayllón Manso;Leg. X;13/12/2011;13/01/2016;N
José Luis;Ayllón Manso;Leg. XI;13/01/2016;19/07/2016;N
José Luis;Ayllón Manso;Leg. XII;19/07/2016;21/05/2019;N
Carlos Ignacio;Aymerich Cano;Leg. VII;05/04/2000;02/04/2004;N
Joseba M.;Azkárraga Rodero;Leg. I;23/03/1979;18/11/1982;N
Joseba M.;Azkárraga Rodero;Leg. III;15/07/1986;21/11/1989;N
Joseba M.;Azkárraga Rodero;Leg. IV;21/11/1989;29/06/1993;N
José María;Aznar López;Leg. II;18/11/1982;15/07/1986;N
José María;Aznar López;Leg. III;15/07/1986;21/11/1989;N
José María;Aznar López;Leg. IV;21/11/1989;29/06/1993;N
José María;Aznar López;Leg. V;29/06/1993;27/03/1996;N
José María;Aznar López;Leg. VI;27/03/1996;05/04/2000;N
José María;Aznar López;Leg. VII;05/04/2000;02/04/2004;N
Evarist;Aznar Teruel;Leg. XV;17/08/2023;;S
Lázaro;Azorín Salar;Leg. XIV;03/12/2019;17/08/2023;N
Lázaro;Azorín Salar;Leg. XV;17/08/2023;;S
Juan  Pascual;Azorín Soriano;Leg. VI;27/03/1996;05/04/2000;N
Pedro María;Azpiazu Uriarte;Leg. VII;05/04/2000;02/04/2004;N
Pedro María;Azpiazu Uriarte;Leg. VIII;02/04/2004;01/04/2008;N
Pedro María;Azpiazu Uriarte;Leg. IX;01/04/2008;13/12/2011;N
Pedro María;Azpiazu Uriarte;Leg. X;13/12/2011;13/01/2016;N
Pedro María;Azpiazu Uriarte;Leg. XI;13/01/2016;19/07/2016;N
Pedro María;Azpiazu Uriarte;Leg. XII;19/07/2016;21/05/2019;N
José Eugenio;Azpiroz Villar;Leg. V;29/06/1993;27/03/1996;N
José Eugenio;Azpiroz Villar;Leg. VI;27/03/1996;05/04/2000;N
José Eugenio;Azpiroz Villar;Leg. VII;05/04/2000;02/04/2004;N
José Eugenio;Azpiroz Villar;Leg. VIII;02/04/2004;01/04/2008;N
José Eugenio;Azpiroz Villar;Leg. IX;01/04/2008;13/12/2011;N
José Eugenio;Azpiroz Villar;Leg. X;13/12/2011;13/01/2016;N
José Angel;Azuara Carod;Leg. VI;27/03/1996;05/04/2000;N
Josefa;Babiano López;Leg. VI;27/03/1996;05/04/2000;N
Eloi;Badia Casas;Leg. XV;17/08/2023;;S
María del Mar;Baena Azuaga;Leg. X;13/12/2011;13/01/2016;N
Felipe;Baeza Betancort;Leg. IV;21/11/1989;29/06/1993;N
Alejandro Jesús;Bahillo Fernández;Leg. II;18/11/1982;15/07/1986;N
Alejandro Jesús;Bahillo Fernández;Leg. III;15/07/1986;21/11/1989;N
María Luz;Bajo Prieto;Leg. X;13/12/2011;13/01/2016;N
María Luz;Bajo Prieto;Leg. XI;13/01/2016;19/07/2016;N
María Luz;Bajo Prieto;Leg. XII;19/07/2016;21/05/2019;N
Edmundo;Bal Francés;Leg. XIII;21/05/2019;03/12/2019;N
Edmundo;Bal Francés;Leg. XIV;03/12/2019;17/08/2023;N
Joan;Baldoví Roda;Leg. X;13/12/2011;13/01/2016;N
Joan;Baldoví Roda;Leg. XI;13/01/2016;19/07/2016;N
Joan;Baldoví Roda;Leg. XII;19/07/2016;21/05/2019;N
Joan;Baldoví Roda;Leg. XIII;21/05/2019;03/12/2019;N
Joan;Baldoví Roda;Leg. XIV;03/12/2019;17/08/2023;N
Santiago;Ballesté i Clofent;Leg. IV;21/11/1989;29/06/1993;N
Àngela;Ballester Muñoz;Leg. XI;13/01/2016;19/07/2016;N
Àngela;Ballester Muñoz;Leg. XII;19/07/2016;21/05/2019;N
Alejandro Francisco;Ballestero de Diego;Leg. VI;27/03/1996;05/04/2000;N
Alejandro Francisco;Ballestero de Diego;Leg. VII;05/04/2000;02/04/2004;N
Alejandro Francisco;Ballestero de Diego;Leg. VIII;02/04/2004;01/04/2008;N
Alejandro Francisco;Ballestero de Diego;Leg. IX;01/04/2008;13/12/2011;N
Enrique;Ballestero Pareja;Leg. I;23/03/1979;18/11/1982;N
Enrique;Ballestero Pareja;Leg. II;18/11/1982;15/07/1986;N
Enrique;Ballestero Pareja;Leg. III;15/07/1986;21/11/1989;N
María Angeles;Ballesteros Belinchón;Leg. V;29/06/1993;27/03/1996;N
María Angeles;Ballesteros Belinchón;Leg. VI;27/03/1996;05/04/2000;N
Rafael;Ballesteros Durán;Leg. Const.;14/07/1977;23/03/1979;N
Rafael;Ballesteros Durán;Leg. I;23/03/1979;18/11/1982;N
Rafael;Ballesteros Durán;Leg. II;18/11/1982;15/07/1986;N
Rafael;Ballesteros Durán;Leg. III;15/07/1986;21/11/1989;N
Rafael;Ballesteros Durán;Leg. IV;21/11/1989;29/06/1993;N
Rafael;Ballesteros Durán;Leg. V;29/06/1993;27/03/1996;N
Atanasio S.;Ballesteros Morcillo;Leg. V;29/06/1993;27/03/1996;N
Atanasio S.;Ballesteros Morcillo;Leg. VI;27/03/1996;05/04/2000;N
Jaime;Ballesteros Pulido;Leg. I;23/03/1979;18/11/1982;N
Anna;Balletbó Puig;Leg. I;23/03/1979;18/11/1982;N
Anna;Balletbó Puig;Leg. II;18/11/1982;15/07/1986;N
Anna;Balletbó Puig;Leg. III;15/07/1986;21/11/1989;N
Anna;Balletbó Puig;Leg. IV;21/11/1989;29/06/1993;N
Anna;Balletbó Puig;Leg. V;29/06/1993;27/03/1996;N
Anna;Balletbó Puig;Leg. VI;27/03/1996;05/04/2000;N
Pere;Baltá i Llopart;Leg. III;15/07/1986;21/11/1989;N
Pere;Baltá i Llopart;Leg. IV;21/11/1989;29/06/1993;N
Pere;Baltá i Llopart;Leg. V;29/06/1993;27/03/1996;N
Francesc;Baltasar Albesa;Leg. IV;21/11/1989;29/06/1993;N
Juan María;Bandrés Molet;Leg. I;23/03/1979;18/11/1982;N
Juan María;Bandrés Molet;Leg. II;18/11/1982;15/07/1986;N
Juan María;Bandrés Molet;Leg. III;15/07/1986;21/11/1989;N
María Luisa;Banzo Amat;Leg. III;15/07/1986;21/11/1989;N
María Fátima;Báñez García;Leg. VII;05/04/2000;02/04/2004;N
María Fátima;Báñez García;Leg. VIII;02/04/2004;01/04/2008;N
María Fátima;Báñez García;Leg. IX;01/04/2008;13/12/2011;N
María Fátima;Báñez García;Leg. X;13/12/2011;13/01/2016;N
María Fátima;Báñez García;Leg. XI;13/01/2016;19/07/2016;N
María Fátima;Báñez García;Leg. XII;19/07/2016;21/05/2019;N
Alfonso;Bañón Seijas;Leg. I;23/03/1979;18/11/1982;N
Carmen;Baños Ruiz;Leg. XII;19/07/2016;21/05/2019;N
Carmen;Baños Ruiz;Leg. XIV;03/12/2019;17/08/2023;N
Inmaculada;Bañuls Ros;Leg. IX;01/04/2008;13/12/2011;N
Rogelio;Baón Ramírez;Leg. IV;21/11/1989;29/06/1993;N
Rogelio;Baón Ramírez;Leg. V;29/06/1993;27/03/1996;N
Rogelio;Baón Ramírez;Leg. VI;27/03/1996;05/04/2000;N
Rogelio;Baón Ramírez;Leg. VII;05/04/2000;02/04/2004;N
Rogelio;Baón Ramírez;Leg. VIII;02/04/2004;01/04/2008;N
José Manuel;Bar Cendón;Leg. IX;01/04/2008;13/12/2011;N
Íñigo;Barandiaran Benito;Leg. XI;13/01/2016;19/07/2016;N
Íñigo;Barandiaran Benito;Leg. XII;19/07/2016;21/05/2019;N
Íñigo;Barandiaran Benito;Leg. XIII;21/05/2019;03/12/2019;N
Íñigo;Barandiaran Benito;Leg. XIV;03/12/2019;17/08/2023;N
Martí;Barberà i Montserrat;Leg. X;13/12/2011;13/01/2016;N
Emilio;Barbón Martínez;Leg. Const.;14/07/1977;23/03/1979;N
Adrián;Barbón Rodríguez;Leg. X;13/12/2011;13/01/2016;N
José Luis;Barceló Rodríguez;Leg. Const.;14/07/1977;23/03/1979;N
Ismael;Bardisa Jordá;Leg. VI;27/03/1996;05/04/2000;N
Ismael;Bardisa Jordá;Leg. VII;05/04/2000;02/04/2004;N
Ismael;Bardisa Jordá;Leg. VIII;02/04/2004;01/04/2008;N
Uxue;Barkos Berruezo;Leg. VIII;02/04/2004;01/04/2008;N
Uxue;Barkos Berruezo;Leg. IX;01/04/2008;13/12/2011;N
Uxue;Barkos Berruezo;Leg. X;13/12/2011;13/01/2016;N
Jaime;Barnola Serra;Leg. I;23/03/1979;18/11/1982;N
Enrique;Barón Crespo;Leg. Const.;14/07/1977;23/03/1979;N
Enrique;Barón Crespo;Leg. I;23/03/1979;18/11/1982;N
Enrique;Barón Crespo;Leg. II;18/11/1982;15/07/1986;N
Enrique;Barón Crespo;Leg. III;15/07/1986;21/11/1989;N
José Manuel;Barquero Vázquez;Leg. IV;21/11/1989;29/06/1993;N
Miguel;Barrachina Ros;Leg. VIII;02/04/2004;01/04/2008;N
Miguel;Barrachina Ros;Leg. IX;01/04/2008;13/12/2011;N
Miguel;Barrachina Ros;Leg. XI;13/01/2016;19/07/2016;N
Miguel;Barrachina Ros;Leg. XII;19/07/2016;21/05/2019;N
Juan Antonio;Barragán Rico;Leg. I;23/03/1979;18/11/1982;N
Juan Antonio;Barragán Rico;Leg. II;18/11/1982;15/07/1986;N
Juan Antonio;Barranco Gallardo;Leg. Const.;14/07/1977;23/03/1979;N
Juan Antonio;Barranco Gallardo;Leg. I;23/03/1979;18/11/1982;N
Juan Antonio;Barranco Gallardo;Leg. II;18/11/1982;15/07/1986;N
Juan Antonio;Barranco Gallardo;Leg. IX;01/04/2008;13/12/2011;N
Leopoldo;Barreda de los Ríos;Leg. X;13/12/2011;13/01/2016;N
Leopoldo;Barreda de los Ríos;Leg. XI;13/01/2016;19/07/2016;N
Leopoldo;Barreda de los Ríos;Leg. XII;19/07/2016;21/05/2019;N
José María;Barreda Fontes;Leg. X;13/12/2011;13/01/2016;N
José María;Barreda Fontes;Leg. XI;13/01/2016;19/07/2016;N
José María;Barreda Fontes;Leg. XII;19/07/2016;21/05/2019;N
Francisco Andrés de la;Barreda Pérez;Leg. VI;27/03/1996;05/04/2000;N
Pilar;Barreiro Álvarez;Leg. IX;01/04/2008;13/12/2011;N
Pilar;Barreiro Álvarez;Leg. X;13/12/2011;13/01/2016;N
Heribert;Barrera Costa;Leg. Const.;14/07/1977;23/03/1979;N
Heribert;Barrera Costa;Leg. I;23/03/1979;18/11/1982;N
Jaime Javier;Barrero López;Leg. II;18/11/1982;15/07/1986;N
Jaime Javier;Barrero López;Leg. III;15/07/1986;21/11/1989;N
Jaime Javier;Barrero López;Leg. IV;21/11/1989;29/06/1993;N
Jaime Javier;Barrero López;Leg. V;29/06/1993;27/03/1996;N
Jaime Javier;Barrero López;Leg. VI;27/03/1996;05/04/2000;N
Jaime Javier;Barrero López;Leg. VII;05/04/2000;02/04/2004;N
Jaime Javier;Barrero López;Leg. VIII;02/04/2004;01/04/2008;N
Jaime Javier;Barrero López;Leg. IX;01/04/2008;13/12/2011;N
Jaime Javier;Barrero López;Leg. X;13/12/2011;13/01/2016;N
Juan Ignacio;Barrero Valverde;Leg. VII;05/04/2000;02/04/2004;N
Carmelo;Barrio Baroja;Leg. XV;17/08/2023;;S
Juan Antonio;Barrio de Penagos;Leg. VIII;02/04/2004;01/04/2008;N
Juan Antonio;Barrio de Penagos;Leg. IX;01/04/2008;13/12/2011;N
José;Barrionuevo Peña;Leg. III;15/07/1986;21/11/1989;N
José;Barrionuevo Peña;Leg. IV;21/11/1989;29/06/1993;N
José;Barrionuevo Peña;Leg. V;29/06/1993;27/03/1996;N
José;Barrionuevo Peña;Leg. VI;27/03/1996;05/04/2000;N
María Bernarda;Barrios Curbelo;Leg. V;29/06/1993;27/03/1996;N
María Bernarda;Barrios Curbelo;Leg. VI;27/03/1996;05/04/2000;N
María Bernarda;Barrios Curbelo;Leg. VII;05/04/2000;02/04/2004;N
José María;Barrios Tejero;Leg. XI;13/01/2016;19/07/2016;N
José María;Barrios Tejero;Leg. XII;19/07/2016;21/05/2019;N
Jesús;Barros Martínez;Leg. V;29/06/1993;27/03/1996;N
Jesús;Barros Martínez;Leg. VI;27/03/1996;05/04/2000;N
José Antonio;Bartolomé Cachón;Leg. XIII;21/05/2019;03/12/2019;N
María Luisa;Bartolomé Núñez;Leg. VI;27/03/1996;05/04/2000;N
Javier;Bas Corugeira;Leg. XIV;03/12/2019;17/08/2023;N
Montserrat;Bassa Coll;Leg. XIII;21/05/2019;03/12/2019;N
Montserrat;Bassa Coll;Leg. XIV;03/12/2019;17/08/2023;N
Montserrat;Bassa Coll;Leg. XV;17/08/2023;;S
Julio;Bassets Rutllant;Leg. IV;21/11/1989;29/06/1993;N
Julio;Bassets Rutllant;Leg. V;29/06/1993;27/03/1996;N
Luis Fernando;Bastarreche Gravalos;Leg. VI;27/03/1996;05/04/2000;N
Elena María;Bastidas Bono;Leg. XI;13/01/2016;19/07/2016;N
Elena María;Bastidas Bono;Leg. XII;19/07/2016;21/05/2019;N
Enric;Bataller i Ruiz;Leg. XI;13/01/2016;19/07/2016;N
Enric;Bataller i Ruiz;Leg. XII;19/07/2016;21/05/2019;N
Meritxell;Batet Lamaña;Leg. VIII;02/04/2004;01/04/2008;N
Meritxell;Batet Lamaña;Leg. IX;01/04/2008;13/12/2011;N
Meritxell;Batet Lamaña;Leg. X;13/12/2011;13/01/2016;N
Meritxell;Batet Lamaña;Leg. XI;13/01/2016;19/07/2016;N
Meritxell;Batet Lamaña;Leg. XII;19/07/2016;21/05/2019;N
Meritxell;Batet Lamaña;Leg. XIII;21/05/2019;03/12/2019;N
Meritxell;Batet Lamaña;Leg. XIV;03/12/2019;17/08/2023;N
Meritxell;Batet Lamaña;Leg. XV;17/08/2023;;S
José María;Batlles Paniagua;Leg. III;15/07/1986;21/11/1989;N
Juan Andrés;Bayón Rolo;Leg. XV;17/08/2023;;S
Bernardo;Bayona Aznar;Leg. VI;27/03/1996;05/04/2000;N
Luis María;Beamonte Mesa;Leg. XV;17/08/2023;;S
José María;Becana Sanahuja;Leg. VIII;02/04/2004;01/04/2008;N
Soledad;Becerril Bustamante;Leg. Const.;14/07/1977;23/03/1979;N
Soledad;Becerril Bustamante;Leg. I;23/03/1979;18/11/1982;N
Soledad;Becerril Bustamante;Leg. IV;21/11/1989;29/06/1993;N
Soledad;Becerril Bustamante;Leg. V;29/06/1993;27/03/1996;N
Soledad;Becerril Bustamante;Leg. VII;05/04/2000;02/04/2004;N
Soledad;Becerril Bustamante;Leg. IX;01/04/2008;13/12/2011;N
Mario;Bedera Bravo;Leg. VIII;02/04/2004;01/04/2008;N
Mario;Bedera Bravo;Leg. X;13/12/2011;13/01/2016;N
Marian;Beitialarrangoitia Lizarralde;Leg. XI;13/01/2016;19/07/2016;N
Marian;Beitialarrangoitia Lizarralde;Leg. XII;19/07/2016;21/05/2019;N
Ferran;Bel Accensi;Leg. XI;13/01/2016;19/07/2016;N
Ferran;Bel Accensi;Leg. XII;19/07/2016;21/05/2019;N
Ferran;Bel Accensi;Leg. XIV;03/12/2019;17/08/2023;N
Germà;Bel i Queralt;Leg. VII;05/04/2000;02/04/2004;N
Ione;Belarra Urteaga;Leg. XI;13/01/2016;19/07/2016;N
Ione;Belarra Urteaga;Leg. XII;19/07/2016;21/05/2019;N
Ione;Belarra Urteaga;Leg. XIII;21/05/2019;03/12/2019;N
Ione;Belarra Urteaga;Leg. XIV;03/12/2019;17/08/2023;N
Ione;Belarra Urteaga;Leg. XV;17/08/2023;;S
Enrique;Belda Pérez-Pedrero;Leg. VII;05/04/2000;02/04/2004;N
Enrique;Belda Pérez-Pedrero;Leg. XV;17/08/2023;;S
Pablo;Bellido Acevedo;Leg. XII;19/07/2016;21/05/2019;N
Juan Alberto;Belloch Julbe;Leg. VI;27/03/1996;05/04/2000;N
Rafael Benigno;Belmonte Gómez;Leg. XV;17/08/2023;;S
José Ramón;Beloki Guerra;Leg. VIII;02/04/2004;01/04/2008;N
José Ramón;Beloki Guerra;Leg. IX;01/04/2008;13/12/2011;N
Pablo;Beltrán de Heredia y Onís;Leg. II;18/11/1982;15/07/1986;N
Enrique;Beltrán Sanz;Leg. Const.;14/07/1977;23/03/1979;N
Enrique;Beltrán Sanz;Leg. II;18/11/1982;15/07/1986;N
Ana María;Beltrán Villalba;Leg. XIII;21/05/2019;03/12/2019;N
Ana María;Beltrán Villalba;Leg. XIV;03/12/2019;17/08/2023;N
Elías;Bendodo Benasayag;Leg. XV;17/08/2023;;S
José María;Benegas Haddad;Leg. Const.;14/07/1977;23/03/1979;N
José María;Benegas Haddad;Leg. I;23/03/1979;18/11/1982;N
José María;Benegas Haddad;Leg. II;18/11/1982;15/07/1986;N
José María;Benegas Haddad;Leg. IV;21/11/1989;29/06/1993;N
José María;Benegas Haddad;Leg. V;29/06/1993;27/03/1996;N
José María;Benegas Haddad;Leg. VI;27/03/1996;05/04/2000;N
José María;Benegas Haddad;Leg. VII;05/04/2000;02/04/2004;N
José María;Benegas Haddad;Leg. VIII;02/04/2004;01/04/2008;N
José María;Benegas Haddad;Leg. IX;01/04/2008;13/12/2011;N
José María;Benegas Haddad;Leg. X;13/12/2011;13/01/2016;N
José María;Beneyto Pérez;Leg. X;13/12/2011;13/01/2016;N
Felipe Santiago;Benítez Barrueco;Leg. II;18/11/1982;15/07/1986;N
Felipe Santiago;Benítez Barrueco;Leg. III;15/07/1986;21/11/1989;N
Felipe Santiago;Benítez Barrueco;Leg. IV;21/11/1989;29/06/1993;N
Manuel;Benítez Rufo;Leg. Const.;14/07/1977;23/03/1979;N
Ernest;Benito Serra;Leg. VIII;02/04/2004;01/04/2008;N
Raimundo;Benzal Román;Leg. VIII;02/04/2004;01/04/2008;N
Fernando;Benzo Mestre;Leg. Const.;14/07/1977;23/03/1979;N
Luis;Berenguer Fuster;Leg. I;23/03/1979;18/11/1982;N
Luis;Berenguer Fuster;Leg. II;18/11/1982;15/07/1986;N
Luis;Berenguer Fuster;Leg. III;15/07/1986;21/11/1989;N
Luis;Berenguer Fuster;Leg. IV;21/11/1989;29/06/1993;N
Luis;Berenguer Fuster;Leg. V;29/06/1993;27/03/1996;N
Fernando;Bergasa Perdomo;Leg. Const.;14/07/1977;23/03/1979;N
Fernando;Bergasa Perdomo;Leg. I;23/03/1979;18/11/1982;N
Oscar;Bergasa Perdomo;Leg. IV;21/11/1989;29/06/1993;N
Laura;Berja Vega;Leg. XIII;21/05/2019;03/12/2019;N
Laura;Berja Vega;Leg. XIV;03/12/2019;17/08/2023;N
José Luis;Bermejo Fernández;Leg. VII;05/04/2000;02/04/2004;N
José Luis;Bermejo Fernández;Leg. VIII;02/04/2004;01/04/2008;N
Manuel;Bermejo Hernández;Leg. Const.;14/07/1977;23/03/1979;N
Manuel;Bermejo Hernández;Leg. I;23/03/1979;18/11/1982;N
José Antonio;Bermúdez Alonso;Leg. VI;27/03/1996;05/04/2000;N
José Antonio;Bermúdez de Castro Fernández;Leg. VI;27/03/1996;05/04/2000;N
José Antonio;Bermúdez de Castro Fernández;Leg. VII;05/04/2000;02/04/2004;N
José Antonio;Bermúdez de Castro Fernández;Leg. VIII;02/04/2004;01/04/2008;N
José Antonio;Bermúdez de Castro Fernández;Leg. IX;01/04/2008;13/12/2011;N
José Antonio;Bermúdez de Castro Fernández;Leg. X;13/12/2011;13/01/2016;N
José Antonio;Bermúdez de Castro Fernández;Leg. XI;13/01/2016;19/07/2016;N
José Antonio;Bermúdez de Castro Fernández;Leg. XII;19/07/2016;21/05/2019;N
José Antonio;Bermúdez de Castro Fernández;Leg. XIII;21/05/2019;03/12/2019;N
José Antonio;Bermúdez de Castro Fernández;Leg. XIV;03/12/2019;17/08/2023;N
José Antonio;Bermúdez de Castro Fernández;Leg. XV;17/08/2023;;S
Francisco Martín;Bernabé Pérez;Leg. XII;19/07/2016;21/05/2019;N
José Guillermo;Bernabeu Pastor;Leg. IX;01/04/2008;13/12/2011;N
José;Bernal Pérez;Leg. Const.;14/07/1977;23/03/1979;N
Ramón Germinal;Bernal Soto;Leg. Const.;14/07/1977;23/03/1979;N
Ramón Germinal;Bernal Soto;Leg. I;23/03/1979;18/11/1982;N
Senén;Bernárdez Álvarez;Leg. III;15/07/1986;21/11/1989;N
María Reyes;Berruezo Albéniz;Leg. II;18/11/1982;15/07/1986;N
Juan;Bertomeu Bertomeu;Leg. VII;05/04/2000;02/04/2004;N
Juan;Bertomeu Bertomeu;Leg. X;13/12/2011;13/01/2016;N
Leopoldo;Bertrand de la Riera;Leg. VIII;02/04/2004;01/04/2008;N
Carolina;Bescansa Hernández;Leg. XI;13/01/2016;19/07/2016;N
Carolina;Bescansa Hernández;Leg. XII;19/07/2016;21/05/2019;N
Vicente;Betoret Coll;Leg. XIII;21/05/2019;03/12/2019;N
Vicente;Betoret Coll;Leg. XIV;03/12/2019;17/08/2023;N
José Vicente;Beviá Pastor;Leg. II;18/11/1982;15/07/1986;N
José Vicente;Beviá Pastor;Leg. III;15/07/1986;21/11/1989;N
José Vicente;Beviá Pastor;Leg. IV;21/11/1989;29/06/1993;N
José Vicente;Beviá Pastor;Leg. V;29/06/1993;27/03/1996;N
José Vicente;Beviá Pastor;Leg. VI;27/03/1996;05/04/2000;N
José Angel;Biel Rivera;Leg. Const.;14/07/1977;23/03/1979;N
Antonio;Bisbal Iborra;Leg. Const.;14/07/1977;23/03/1979;N
Juan;Blancas Llamas;Leg. VII;05/04/2000;02/04/2004;N
Juan;Blanch Rodríguez;Leg. II;18/11/1982;15/07/1986;N
Gabriel;Blanco Arrúe;Leg. XV;17/08/2023;;S
Jaime;Blanco García;Leg. Const.;14/07/1977;23/03/1979;N
Jaime;Blanco García;Leg. I;23/03/1979;18/11/1982;N
Jaime;Blanco García;Leg. II;18/11/1982;15/07/1986;N
Jaime;Blanco García;Leg. III;15/07/1986;21/11/1989;N
Jaime;Blanco García;Leg. VI;27/03/1996;05/04/2000;N
Jaime;Blanco García;Leg. VII;05/04/2000;02/04/2004;N
Mª Mar;Blanco Garrido;Leg. XII;19/07/2016;21/05/2019;N
Mª Mar;Blanco Garrido;Leg. XIII;21/05/2019;03/12/2019;N
María Isabel;Blanco Llamas;Leg. XIII;21/05/2019;03/12/2019;N
José;Blanco López;Leg. VI;27/03/1996;05/04/2000;N
José;Blanco López;Leg. VII;05/04/2000;02/04/2004;N
José;Blanco López;Leg. VIII;02/04/2004;01/04/2008;N
José;Blanco López;Leg. IX;01/04/2008;13/12/2011;N
José;Blanco López;Leg. X;13/12/2011;13/01/2016;N
Salvador;Blanco Rubio;Leg. II;18/11/1982;15/07/1986;N
Rosa Delia;Blanco Terán;Leg. VII;05/04/2000;02/04/2004;N
Rosa Delia;Blanco Terán;Leg. VIII;02/04/2004;01/04/2008;N
Rosa Delia;Blanco Terán;Leg. IX;01/04/2008;13/12/2011;N
Rosa Delia;Blanco Terán;Leg. X;13/12/2011;13/01/2016;N
Patricia;Blanquer Alcaraz;Leg. X;13/12/2011;13/01/2016;N
Patricia;Blanquer Alcaraz;Leg. XI;13/01/2016;19/07/2016;N
Patricia;Blanquer Alcaraz;Leg. XII;19/07/2016;21/05/2019;N
Patricia;Blanquer Alcaraz;Leg. XIII;21/05/2019;03/12/2019;N
Patricia;Blanquer Alcaraz;Leg. XIV;03/12/2019;17/08/2023;N
Patricia;Blanquer Alcaraz;Leg. XV;17/08/2023;;S
Jorge;Blasco Castany;Leg. III;15/07/1986;21/11/1989;N
Manuel;Blasco Marqués;Leg. XI;13/01/2016;19/07/2016;N
Manuel;Blasco Marqués;Leg. XII;19/07/2016;21/05/2019;N
Miriam Guadalupe;Blasco Soto;Leg. X;13/12/2011;13/01/2016;N
María del Carmen;Blázquez Martínez;Leg. IV;21/11/1989;29/06/1993;N
Feliciano;Blázquez Sánchez;Leg. IV;21/11/1989;29/06/1993;N
Feliciano;Blázquez Sánchez;Leg. V;29/06/1993;27/03/1996;N
Feliciano;Blázquez Sánchez;Leg. VI;27/03/1996;05/04/2000;N
Feliciano;Blázquez Sánchez;Leg. VII;05/04/2000;02/04/2004;N
Feliciano;Blázquez Sánchez;Leg. VIII;02/04/2004;01/04/2008;N
Júlia;Boada Danés;Leg. XV;17/08/2023;;S
Fernando;Boada González;Leg. IX;01/04/2008;13/12/2011;N
Genís;Boadella Esteve;Leg. XIV;03/12/2019;17/08/2023;N
Pedro;Bofill Abeilhe;Leg. I;23/03/1979;18/11/1982;N
Pedro;Bofill Abeilhe;Leg. II;18/11/1982;15/07/1986;N
Pedro;Bofill Abeilhe;Leg. III;15/07/1986;21/11/1989;N
Alfred;Boix Pastor;Leg. VI;27/03/1996;05/04/2000;N
Félix;Bolaños García;Leg. XV;17/08/2023;;S
María Dolores;Bolarín Sánchez;Leg. IX;01/04/2008;13/12/2011;N
María Dolores;Bolarín Sánchez;Leg. X;13/12/2011;13/01/2016;N
María Dolores;Bolarín Sánchez;Leg. XII;19/07/2016;21/05/2019;N
Juan Antonio;Bolea Foradada;Leg. Const.;14/07/1977;23/03/1979;N
Rosa María;Bonàs Pahisa;Leg. VIII;02/04/2004;01/04/2008;N
María Jesús;Bonilla Domínguez;Leg. IX;01/04/2008;13/12/2011;N
María Jesús;Bonilla Domínguez;Leg. X;13/12/2011;13/01/2016;N
María Jesús;Bonilla Domínguez;Leg. XI;13/01/2016;19/07/2016;N
María Jesús;Bonilla Domínguez;Leg. XII;19/07/2016;21/05/2019;N
María Jesús;Bonilla Domínguez;Leg. XIII;21/05/2019;03/12/2019;N
Ferrán;Bono Ara;Leg. IX;01/04/2008;13/12/2011;N
Emérito;Bono Martínez;Leg. Const.;14/07/1977;23/03/1979;N
Emérito;Bono Martínez;Leg. I;23/03/1979;18/11/1982;N
José;Bono Martínez;Leg. I;23/03/1979;18/11/1982;N
José;Bono Martínez;Leg. II;18/11/1982;15/07/1986;N
José;Bono Martínez;Leg. IX;01/04/2008;13/12/2011;N
José Antonio;Bordes Vila;Leg. Const.;14/07/1977;23/03/1979;N
Jesús;Borque Guillén;Leg. III;15/07/1986;21/11/1989;N
Laura;Borràs Castanyer;Leg. XIII;21/05/2019;03/12/2019;N
Laura;Borràs Castanyer;Leg. XIV;03/12/2019;17/08/2023;N
Mireia;Borrás Pabón;Leg. XIV;03/12/2019;17/08/2023;N
Isabel María;Borrego Cortés;Leg. X;13/12/2011;13/01/2016;N
Isabel María;Borrego Cortés;Leg. XI;13/01/2016;19/07/2016;N
Isabel María;Borrego Cortés;Leg. XII;19/07/2016;21/05/2019;N
Isabel María;Borrego Cortés;Leg. XIII;21/05/2019;03/12/2019;N
Isabel María;Borrego Cortés;Leg. XIV;03/12/2019;17/08/2023;N
Isabel María;Borrego Cortés;Leg. XV;17/08/2023;;S
Bonifacio;Borreiros Fernández;Leg. VI;27/03/1996;05/04/2000;N
Josep;Borrell Fontelles;Leg. III;15/07/1986;21/11/1989;N
Josep;Borrell Fontelles;Leg. IV;21/11/1989;29/06/1993;N
Josep;Borrell Fontelles;Leg. V;29/06/1993;27/03/1996;N
Josep;Borrell Fontelles;Leg. VI;27/03/1996;05/04/2000;N
Josep;Borrell Fontelles;Leg. VII;05/04/2000;02/04/2004;N
Rita Gertrudis;Bosaho Gori;Leg. XI;13/01/2016;19/07/2016;N
Rita Gertrudis;Bosaho Gori;Leg. XII;19/07/2016;21/05/2019;N
Alfred;Bosch i Pascual;Leg. X;13/12/2011;13/01/2016;N
Juan;Botanch Dausa;Leg. I;23/03/1979;18/11/1982;N
Juan;Botanch Dausa;Leg. II;18/11/1982;15/07/1986;N
Amparo;Botejara Sanz;Leg. XI;13/01/2016;19/07/2016;N
Amparo;Botejara Sanz;Leg. XII;19/07/2016;21/05/2019;N
José Manuel;Botella Crespo;Leg. III;15/07/1986;21/11/1989;N
Ana María;Botella Gómez;Leg. XI;13/01/2016;19/07/2016;N
Ana María;Botella Gómez;Leg. XII;19/07/2016;21/05/2019;N
Ana María;Botella Gómez;Leg. XIII;21/05/2019;03/12/2019;N
Ana María;Botella Gómez;Leg. XIV;03/12/2019;17/08/2023;N
Albert;Botran Pahissa;Leg. XIV;03/12/2019;17/08/2023;N
Miguel;Boyer Salvador;Leg. I;23/03/1979;18/11/1982;N
Pilar;Brabo Castells;Leg. Const.;14/07/1977;23/03/1979;N
Pilar;Brabo Castells;Leg. I;23/03/1979;18/11/1982;N
Juan;Bravo Baena;Leg. XI;13/01/2016;19/07/2016;N
Juan;Bravo Baena;Leg. XII;19/07/2016;21/05/2019;N
Juan;Bravo Baena;Leg. XV;17/08/2023;;S
Eva;Bravo Barco;Leg. XIII;21/05/2019;03/12/2019;N
Eva;Bravo Barco;Leg. XIV;03/12/2019;17/08/2023;N
David;Bravo Bueno;Leg. XI;13/01/2016;19/07/2016;N
José Miguel;Bravo de Laguna Bermúdez;Leg. Const.;14/07/1977;23/03/1979;N
José Miguel;Bravo de Laguna Bermúdez;Leg. I;23/03/1979;18/11/1982;N
José Miguel;Bravo de Laguna Bermúdez;Leg. II;18/11/1982;15/07/1986;N
José Miguel;Bravo de Laguna Bermúdez;Leg. III;15/07/1986;21/11/1989;N
Ana María Luisa;Bravo Doviso;Leg. IV;21/11/1989;29/06/1993;N
Mª Concepción;Bravo Ibáñez;Leg. IX;01/04/2008;13/12/2011;N
Mª Concepción;Bravo Ibáñez;Leg. X;13/12/2011;13/01/2016;N
Mª Concepción;Bravo Ibáñez;Leg. XI;13/01/2016;19/07/2016;N
Valentín;Bravo Martín-Pintado;Leg. V;29/06/1993;27/03/1996;N
José María;Bris Gallego;Leg. I;23/03/1979;18/11/1982;N
Carlos María;Bru Purón;Leg. II;18/11/1982;15/07/1986;N
David;Bruzos Higuero;Leg. XI;13/01/2016;19/07/2016;N
Miguel Ángel;Buen Lacambra;Leg. IX;01/04/2008;13/12/2011;N
María Nuria;Buenaventura Puig;Leg. IX;01/04/2008;13/12/2011;N
Eva Patricia;Bueno Campanario;Leg. XIII;21/05/2019;03/12/2019;N
Eva Patricia;Bueno Campanario;Leg. XIV;03/12/2019;17/08/2023;N
Ricardo;Bueno Fernández;Leg. VII;05/04/2000;02/04/2004;N
José Luis;Bueno Pinto;Leg. XIV;03/12/2019;17/08/2023;N
Enrique;Bueno Prado;Leg. XI;13/01/2016;19/07/2016;N
José Miguel;Bueno Vicente;Leg. I;23/03/1979;18/11/1982;N
José Miguel;Bueno Vicente;Leg. II;18/11/1982;15/07/1986;N
Leocadio;Bueso Zaera;Leg. V;29/06/1993;27/03/1996;N
Leocadio;Bueso Zaera;Leg. VI;27/03/1996;05/04/2000;N
Leocadio;Bueso Zaera;Leg. VII;05/04/2000;02/04/2004;N
León;Buil Giral;Leg. Const.;14/07/1977;23/03/1979;N
León;Buil Giral;Leg. I;23/03/1979;18/11/1982;N
León;Buil Giral;Leg. III;15/07/1986;21/11/1989;N
Gerardo;Bujanda Sarasola;Leg. Const.;14/07/1977;23/03/1979;N
Gerardo;Bujanda Sarasola;Leg. I;23/03/1979;18/11/1982;N
Ricard;Burballa i Campabadal;Leg. VI;27/03/1996;05/04/2000;N
Jaime Ignacio del;Burgo Tajadura;Leg. IV;21/11/1989;29/06/1993;N
Jaime Ignacio del;Burgo Tajadura;Leg. V;29/06/1993;27/03/1996;N
Jaime Ignacio del;Burgo Tajadura;Leg. VI;27/03/1996;05/04/2000;N
Jaime Ignacio del;Burgo Tajadura;Leg. VII;05/04/2000;02/04/2004;N
Jaime Ignacio del;Burgo Tajadura;Leg. VIII;02/04/2004;01/04/2008;N
Tomás;Burgos Gallego;Leg. V;29/06/1993;27/03/1996;N
Tomás;Burgos Gallego;Leg. VI;27/03/1996;05/04/2000;N
Tomás;Burgos Gallego;Leg. VII;05/04/2000;02/04/2004;N
Tomás;Burgos Gallego;Leg. VIII;02/04/2004;01/04/2008;N
Tomás;Burgos Gallego;Leg. IX;01/04/2008;13/12/2011;N
Tomás;Burgos Gallego;Leg. X;13/12/2011;13/01/2016;N
Tomás;Burgos Gallego;Leg. XI;13/01/2016;19/07/2016;N
Tomás;Burgos Gallego;Leg. XII;19/07/2016;21/05/2019;N
Francisco de Paula;Burguera Escrivá;Leg. Const.;14/07/1977;23/03/1979;N
Juli;Busquets Bragulat;Leg. Const.;14/07/1977;23/03/1979;N
Juli;Busquets Bragulat;Leg. I;23/03/1979;18/11/1982;N
Juli;Busquets Bragulat;Leg. II;18/11/1982;15/07/1986;N
Juli;Busquets Bragulat;Leg. III;15/07/1986;21/11/1989;N
Juli;Busquets Bragulat;Leg. IV;21/11/1989;29/06/1993;N
Miguel Ángel;Bustamante Martín;Leg. XII;19/07/2016;21/05/2019;N
Miguel Ángel;Bustamante Martín;Leg. XIV;03/12/2019;17/08/2023;N
Carlota;Bustelo García del Real;Leg. Const.;14/07/1977;23/03/1979;N
Francisco;Bustelo García del Real;Leg. Const.;14/07/1977;23/03/1979;N
Juan Ángel;Bustillo Gutiérrez;Leg. VII;05/04/2000;02/04/2004;N
Pablo;Bustinduy Amador;Leg. XI;13/01/2016;19/07/2016;N
Pablo;Bustinduy Amador;Leg. XII;19/07/2016;21/05/2019;N
Jesús;Busto Salgado;Leg. III;15/07/1986;21/11/1989;N
Jesús;Busto Salgado;Leg. IV;21/11/1989;29/06/1993;N
Federico;Buyolo García;Leg. X;13/12/2011;13/01/2016;N
Esteban;Caamaño Bernal;Leg. Const.;14/07/1977;23/03/1979;N
Esteban;Caamaño Bernal;Leg. I;23/03/1979;18/11/1982;N
Francisco Manuel;Caamaño Domínguez;Leg. X;13/12/2011;13/01/2016;N
Abel Ramón;Caballero Álvarez;Leg. II;18/11/1982;15/07/1986;N
Abel Ramón;Caballero Álvarez;Leg. III;15/07/1986;21/11/1989;N
Abel Ramón;Caballero Álvarez;Leg. IV;21/11/1989;29/06/1993;N
Abel Ramón;Caballero Álvarez;Leg. V;29/06/1993;27/03/1996;N
Abel Ramón;Caballero Álvarez;Leg. VI;27/03/1996;05/04/2000;N
Carlos;Caballero Basáñez;Leg. VI;27/03/1996;05/04/2000;N
Ernesto;Caballero Castillo;Leg. IV;21/11/1989;29/06/1993;N
Helena;Caballero Gutiérrez;Leg. XIII;21/05/2019;03/12/2019;N
Helena;Caballero Gutiérrez;Leg. XIV;03/12/2019;17/08/2023;N
José Manuel;Caballero Serrano;Leg. VI;27/03/1996;05/04/2000;N
Pío;Cabanillas Gallas;Leg. Const.;14/07/1977;23/03/1979;N
Pío;Cabanillas Gallas;Leg. I;23/03/1979;18/11/1982;N
Pío;Cabanillas Gallas;Leg. II;18/11/1982;15/07/1986;N
José Alberto;Cabañes Andrés;Leg. IX;01/04/2008;13/12/2011;N
Federico;Cabello de Alba Hernández;Leg. X;13/12/2011;13/01/2016;N
Manuel Jaime;Cabezas Enríquez;Leg. V;29/06/1993;27/03/1996;N
Enrique;Cabezas Pérez;Leg. I;23/03/1979;18/11/1982;N
Isabel;Cabezas Regaño;Leg. XII;19/07/2016;21/05/2019;N
Meritxell;Cabezón Arbat;Leg. IX;01/04/2008;13/12/2011;N
Tomás;Cabezón Casas;Leg. XIII;21/05/2019;03/12/2019;N
Tomás;Cabezón Casas;Leg. XIV;03/12/2019;17/08/2023;N
Tomás;Cabezón Casas;Leg. XV;17/08/2023;;S
Soledad;Cabezón Ruiz;Leg. IX;01/04/2008;13/12/2011;N
Soledad;Cabezón Ruiz;Leg. X;13/12/2011;13/01/2016;N
Francisco;Cabral Oliveros;Leg. Const.;14/07/1977;23/03/1979;N
Francisco;Cabral Oliveros;Leg. I;23/03/1979;18/11/1982;N
Mercedes;Cabrera Calvo-Sotelo;Leg. VIII;02/04/2004;01/04/2008;N
Mercedes;Cabrera Calvo-Sotelo;Leg. IX;01/04/2008;13/12/2011;N
Eloísa María;Cabrera Carmona;Leg. XII;19/07/2016;21/05/2019;N
Francisco Domingo;Cabrera García;Leg. X;13/12/2011;13/01/2016;N
Francisco Domingo;Cabrera García;Leg. XI;13/01/2016;19/07/2016;N
Tomás;Cabrera Lozano;Leg. IV;21/11/1989;29/06/1993;N
Carlos Javier;Cabrera Matos;Leg. VIII;02/04/2004;01/04/2008;N
Rosa Bella;Cabrera Noda;Leg. IX;01/04/2008;13/12/2011;N
Miguel;Cabrera Pérez-Camacho;Leg. V;29/06/1993;27/03/1996;N
Miguel;Cabrera Pérez-Camacho;Leg. VI;27/03/1996;05/04/2000;N
Francisco Ignacio de;Cáceres Blanco;Leg. VI;27/03/1996;05/04/2000;N
Iván;Cacho Isla;Leg. XV;17/08/2023;;S
Jesús;Caicedo Bernabé;Leg. X;13/12/2011;13/01/2016;N
Joan;Calabuig Rull;Leg. IX;01/04/2008;13/12/2011;N
Fernando;Calahorro Téllez;Leg. I;23/03/1979;18/11/1982;N
Fernando;Calahorro Téllez;Leg. II;18/11/1982;15/07/1986;N
Jesús;Caldera Sánchez-Capitán;Leg. II;18/11/1982;15/07/1986;N
Jesús;Caldera Sánchez-Capitán;Leg. III;15/07/1986;21/11/1989;N
Jesús;Caldera Sánchez-Capitán;Leg. IV;21/11/1989;29/06/1993;N
Jesús;Caldera Sánchez-Capitán;Leg. V;29/06/1993;27/03/1996;N
Jesús;Caldera Sánchez-Capitán;Leg. VI;27/03/1996;05/04/2000;N
Jesús;Caldera Sánchez-Capitán;Leg. VII;05/04/2000;02/04/2004;N
Jesús;Caldera Sánchez-Capitán;Leg. VIII;02/04/2004;01/04/2008;N
Jesús;Caldera Sánchez-Capitán;Leg. IX;01/04/2008;13/12/2011;N
Jesús;Caldera Sánchez-Capitán;Leg. X;13/12/2011;13/01/2016;N
María José;Calderón Díaz;Leg. XIII;21/05/2019;03/12/2019;N
María Dolores;Calderón Pérez;Leg. V;29/06/1993;27/03/1996;N
María Dolores;Calderón Pérez;Leg. VI;27/03/1996;05/04/2000;N
Rafael;Calduch Cervera;Leg. X;13/12/2011;13/01/2016;N
Andrés Pedro;Calero Baena;Leg. III;15/07/1986;21/11/1989;N
Juan Ramón;Calero Rodríguez;Leg. II;18/11/1982;15/07/1986;N
Juan Ramón;Calero Rodríguez;Leg. III;15/07/1986;21/11/1989;N
Juan Ramón;Calero Rodríguez;Leg. IV;21/11/1989;29/06/1993;N
José Antonio;Calle Fuentes;Leg. XI;13/01/2016;19/07/2016;N
María del Carmen;Calleja de Pablo;Leg. VI;27/03/1996;05/04/2000;N
Juan Antonio;Callejas Cano;Leg. XIV;03/12/2019;17/08/2023;N
Juan;Callejón Baena;Leg. IV;21/11/1989;29/06/1993;N
Juan;Callejón Baena;Leg. IX;01/04/2008;13/12/2011;N
Joaquín;Calomarde Gramage;Leg. VII;05/04/2000;02/04/2004;N
Joaquín;Calomarde Gramage;Leg. VIII;02/04/2004;01/04/2008;N
José Ramón;Calpe Saera;Leg. VI;27/03/1996;05/04/2000;N
José Ramón;Calpe Saera;Leg. VII;05/04/2000;02/04/2004;N
José Ramón;Calpe Saera;Leg. VIII;02/04/2004;01/04/2008;N
María Jesús;Calva Ruiz;Leg. XIII;21/05/2019;03/12/2019;N
Javier;Calvente Gallego;Leg. XII;19/07/2016;21/05/2019;N
María Dolores;Calvet Puig;Leg. Const.;14/07/1977;23/03/1979;N
Eduardo;Calvo García;Leg. XIII;21/05/2019;03/12/2019;N
Pilar;Calvo Gómez;Leg. XIV;03/12/2019;17/08/2023;N
Pilar;Calvo Gómez;Leg. XV;17/08/2023;;S
Pablo Juan;Calvo Liste;Leg. XIV;03/12/2019;17/08/2023;N
José Luis;Calvo Morales;Leg. Const.;14/07/1977;23/03/1979;N
Rafael;Calvo Ortega;Leg. I;23/03/1979;18/11/1982;N
Carmen;Calvo Poyato;Leg. VIII;02/04/2004;01/04/2008;N
Carmen;Calvo Poyato;Leg. IX;01/04/2008;13/12/2011;N
Carmen;Calvo Poyato;Leg. XIII;21/05/2019;03/12/2019;N
Carmen;Calvo Poyato;Leg. XIV;03/12/2019;17/08/2023;N
Carmen;Calvo Poyato;Leg. XV;17/08/2023;;S
Leopoldo;Calvo-Sotelo Bustelo;Leg. Const.;14/07/1977;23/03/1979;N
Leopoldo;Calvo-Sotelo Bustelo;Leg. I;23/03/1979;18/11/1982;N
Leopoldo;Calvo-Sotelo Bustelo;Leg. II;18/11/1982;15/07/1986;N
Víctor María;Calvo-Sotelo Ibáñez-Martín;Leg. X;13/12/2011;13/01/2016;N
Marcelino;Camacho Abad;Leg. Const.;14/07/1977;23/03/1979;N
Marcelino;Camacho Abad;Leg. I;23/03/1979;18/11/1982;N
José Miguel;Camacho Sánchez;Leg. XI;13/01/2016;19/07/2016;N
José Miguel;Camacho Sánchez;Leg. XII;19/07/2016;21/05/2019;N
María Teresa del Carmen;Camacho Vázquez;Leg. VI;27/03/1996;05/04/2000;N
María Teresa del Carmen;Camacho Vázquez;Leg. VII;05/04/2000;02/04/2004;N
Antonio;Camacho Vizcaíno;Leg. X;13/12/2011;13/01/2016;N
Blas;Camacho Zancada;Leg. Const.;14/07/1977;23/03/1979;N
Blas;Camacho Zancada;Leg. I;23/03/1979;18/11/1982;N
Blas;Camacho Zancada;Leg. III;15/07/1986;21/11/1989;N
Blas;Camacho Zancada;Leg. IV;21/11/1989;29/06/1993;N
Rafael;Cámara Rodríguez;Leg. VI;27/03/1996;05/04/2000;N
Rafael;Cámara Rodríguez;Leg. VII;05/04/2000;02/04/2004;N
Gregorio;Cámara Villar;Leg. XI;13/01/2016;19/07/2016;N
Gregorio;Cámara Villar;Leg. XII;19/07/2016;21/05/2019;N
Susana;Camarero Benítez;Leg. VII;05/04/2000;02/04/2004;N
Susana;Camarero Benítez;Leg. VIII;02/04/2004;01/04/2008;N
Susana;Camarero Benítez;Leg. IX;01/04/2008;13/12/2011;N
Susana;Camarero Benítez;Leg. X;13/12/2011;13/01/2016;N
Pablo;Cambronero Piqueras;Leg. XIII;21/05/2019;03/12/2019;N
Pablo;Cambronero Piqueras;Leg. XIV;03/12/2019;17/08/2023;N
María José;Camilleri Hernández;Leg. VI;27/03/1996;05/04/2000;N
Víctor;Camino Miñana;Leg. XV;17/08/2023;;S
Felipe;Camisón Asensio;Leg. III;15/07/1986;21/11/1989;N
Felipe;Camisón Asensio;Leg. IV;21/11/1989;29/06/1993;N
Felipe;Camisón Asensio;Leg. V;29/06/1993;27/03/1996;N
Ramón;Camp i Batalla;Leg. V;29/06/1993;27/03/1996;N
Carmen del;Campo Casasús;Leg. II;18/11/1982;15/07/1986;N
Carmen del;Campo Casasús;Leg. III;15/07/1986;21/11/1989;N
Carmen del;Campo Casasús;Leg. IV;21/11/1989;29/06/1993;N
Carmen del;Campo Casasús;Leg. V;29/06/1993;27/03/1996;N
Carmen del;Campo Casasús;Leg. VI;27/03/1996;05/04/2000;N
Carmen del;Campo Casasús;Leg. VII;05/04/2000;02/04/2004;N
Juan Carlos;Campo Moreno;Leg. XI;13/01/2016;19/07/2016;N
Juan Carlos;Campo Moreno;Leg. XII;19/07/2016;21/05/2019;N
Juan Carlos;Campo Moreno;Leg. XIII;21/05/2019;03/12/2019;N
Juan Carlos;Campo Moreno;Leg. XIV;03/12/2019;17/08/2023;N
Belén María do;Campo Piñeiro;Leg. IV;21/11/1989;29/06/1993;N
Belén María do;Campo Piñeiro;Leg. V;29/06/1993;27/03/1996;N
Belén María do;Campo Piñeiro;Leg. IX;01/04/2008;13/12/2011;N
Julián;Campo Sainz de las Rozas;Leg. III;15/07/1986;21/11/1989;N
Herick Manuel;Campos Arteseros;Leg. VIII;02/04/2004;01/04/2008;N
Herick Manuel;Campos Arteseros;Leg. IX;01/04/2008;13/12/2011;N
Herick Manuel;Campos Arteseros;Leg. X;13/12/2011;13/01/2016;N
Herick Manuel;Campos Arteseros;Leg. XI;13/01/2016;19/07/2016;N
Herick Manuel;Campos Arteseros;Leg. XII;19/07/2016;21/05/2019;N
Jorge;Campos Asensi;Leg. XV;17/08/2023;;S
Miguel Antonio;Campoy Suárez;Leg. VII;05/04/2000;02/04/2004;N
Miguel Antonio;Campoy Suárez;Leg. VIII;02/04/2004;01/04/2008;N
Miguel Antonio;Campoy Suárez;Leg. IX;01/04/2008;13/12/2011;N
Gerardo;Camps Devesa;Leg. V;29/06/1993;27/03/1996;N
Gerardo;Camps Devesa;Leg. VI;27/03/1996;05/04/2000;N
Gerardo;Camps Devesa;Leg. VII;05/04/2000;02/04/2004;N
Gerardo;Camps Devesa;Leg. X;13/12/2011;13/01/2016;N
Gerardo;Camps Devesa;Leg. XI;13/01/2016;19/07/2016;N
Gerardo;Camps Devesa;Leg. XII;19/07/2016;21/05/2019;N
Francisco Enrique;Camps Ortiz;Leg. VI;27/03/1996;05/04/2000;N
Francisco Enrique;Camps Ortiz;Leg. VII;05/04/2000;02/04/2004;N
Carles;Campuzano i Canadés;Leg. VI;27/03/1996;05/04/2000;N
Carles;Campuzano i Canadés;Leg. VII;05/04/2000;02/04/2004;N
Carles;Campuzano i Canadés;Leg. VIII;02/04/2004;01/04/2008;N
Carles;Campuzano i Canadés;Leg. IX;01/04/2008;13/12/2011;N
Carles;Campuzano i Canadés;Leg. X;13/12/2011;13/01/2016;N
Carles;Campuzano i Canadés;Leg. XI;13/01/2016;19/07/2016;N
Carles;Campuzano i Canadés;Leg. XII;19/07/2016;21/05/2019;N
Gabriel;Camuñas Solís;Leg. II;18/11/1982;15/07/1986;N
Gabriel;Camuñas Solís;Leg. III;15/07/1986;21/11/1989;N
Ignacio;Camuñas Solís;Leg. Const.;14/07/1977;23/03/1979;N
Ignacio;Camuñas Solís;Leg. I;23/03/1979;18/11/1982;N
Mariana de Gracia;Canales Duque;Leg. XIII;21/05/2019;03/12/2019;N
Mariana de Gracia;Canales Duque;Leg. XIV;03/12/2019;17/08/2023;N
Pilar;Cancela Rodríguez;Leg. XI;13/01/2016;19/07/2016;N
Pilar;Cancela Rodríguez;Leg. XII;19/07/2016;21/05/2019;N
Pilar;Cancela Rodríguez;Leg. XIII;21/05/2019;03/12/2019;N
Pilar;Cancela Rodríguez;Leg. XIV;03/12/2019;17/08/2023;N
Ignasi;Candela Serna;Leg. XI;13/01/2016;19/07/2016;N
Ignasi;Candela Serna;Leg. XII;19/07/2016;21/05/2019;N
Alfonso;Candón Adán;Leg. X;13/12/2011;13/01/2016;N
Alfonso;Candón Adán;Leg. XI;13/01/2016;19/07/2016;N
Alfonso;Candón Adán;Leg. XII;19/07/2016;21/05/2019;N
Damián;Caneda Morales;Leg. VI;27/03/1996;05/04/2000;N
Andrea;Canelo Matito;Leg. XV;17/08/2023;;S
Francesc;Canet Coma;Leg. VIII;02/04/2004;01/04/2008;N
Francesc;Canet Coma;Leg. IX;01/04/2008;13/12/2011;N
Ana;Cano Díaz;Leg. IX;01/04/2008;13/12/2011;N
José;Cano Fuster;Leg. XI;13/01/2016;19/07/2016;N
José;Cano Fuster;Leg. XII;19/07/2016;21/05/2019;N
Francisco Javier;Cano Leal;Leg. XI;13/01/2016;19/07/2016;N
Francisco Javier;Cano Leal;Leg. XII;19/07/2016;21/05/2019;N
Francisco Javier;Cano Leal;Leg. XIII;21/05/2019;03/12/2019;N
Eusebio;Cano Pinto;Leg. I;23/03/1979;18/11/1982;N
Eusebio;Cano Pinto;Leg. II;18/11/1982;15/07/1986;N
Joan;Canongia Gerona;Leg. IX;01/04/2008;13/12/2011;N
Joan;Canongia Gerona;Leg. X;13/12/2011;13/01/2016;N
María Sacramento;Cánovas Montalbán;Leg. VI;27/03/1996;05/04/2000;N
María de las Mercedes;Cantalapiedra Álvarez;Leg. XV;17/08/2023;;S
Manuel;Cantarero del Castillo;Leg. II;18/11/1982;15/07/1986;N
Pedro;Cantarero Verger;Leg. VI;27/03/1996;05/04/2000;N
Zaida;Cantera de Castro;Leg. XI;13/01/2016;19/07/2016;N
Zaida;Cantera de Castro;Leg. XII;19/07/2016;21/05/2019;N
Zaida;Cantera de Castro;Leg. XIII;21/05/2019;03/12/2019;N
Zaida;Cantera de Castro;Leg. XIV;03/12/2019;17/08/2023;N
Zaida;Cantera de Castro;Leg. XV;17/08/2023;;S
Antonio;Cantó García del Moral;Leg. X;13/12/2011;13/01/2016;N
Antonio;Cantó García del Moral;Leg. XI;13/01/2016;19/07/2016;N
Antonio;Cantó García del Moral;Leg. XII;19/07/2016;21/05/2019;N
Concep;Cañadell Salvia;Leg. XIV;03/12/2019;17/08/2023;N
Diego;Cañamero Valle;Leg. XII;19/07/2016;21/05/2019;N
Antón;Cañellas Balcells;Leg. Const.;14/07/1977;23/03/1979;N
Antón;Cañellas Balcells;Leg. I;23/03/1979;18/11/1982;N
José;Cañellas Fons;Leg. II;18/11/1982;15/07/1986;N
José;Cañellas Fons;Leg. III;15/07/1986;21/11/1989;N
José;Cañellas Fons;Leg. IV;21/11/1989;29/06/1993;N
Laia;Cañigueral Olivé;Leg. VIII;02/04/2004;01/04/2008;N
Laia;Cañigueral Olivé;Leg. XIII;21/05/2019;03/12/2019;N
Rosa María;Cañizares Cabezas;Leg. X;13/12/2011;13/01/2016;N
Juan Manuel;Cañizares Millán;Leg. III;15/07/1986;21/11/1989;N
Juan Manuel;Cañizares Millán;Leg. V;29/06/1993;27/03/1996;N
Inés María;Cañizares Pacheco;Leg. XIV;03/12/2019;17/08/2023;N
Ángel;Capdevila Blanco;Leg. II;18/11/1982;15/07/1986;N
Ángel;Capdevila Blanco;Leg. III;15/07/1986;21/11/1989;N
Vicente;Capdevila Cardona;Leg. Const.;14/07/1977;23/03/1979;N
Joan;Capdevila i Esteve;Leg. XI;13/01/2016;19/07/2016;N
Joan;Capdevila i Esteve;Leg. XII;19/07/2016;21/05/2019;N
Joan;Capdevila i Esteve;Leg. XIII;21/05/2019;03/12/2019;N
Joan;Capdevila i Esteve;Leg. XIV;03/12/2019;17/08/2023;N
Ester;Capella i Farré;Leg. XI;13/01/2016;19/07/2016;N
Ester;Capella i Farré;Leg. XII;19/07/2016;21/05/2019;N
María Reyes;Carabel Pedreira;Leg. VII;05/04/2000;02/04/2004;N
Mª Amelia;Caracuel del Olmo;Leg. VII;05/04/2000;02/04/2004;N
Mª Amelia;Caracuel del Olmo;Leg. VIII;02/04/2004;01/04/2008;N
Eduardo;Carazo Hermoso;Leg. XIV;03/12/2019;17/08/2023;N
Eduardo;Carazo Hermoso;Leg. XV;17/08/2023;;S
María Eugenia;Carballedo Berlanga;Leg. IX;01/04/2008;13/12/2011;N
María Eugenia;Carballedo Berlanga;Leg. XV;17/08/2023;;S
María Luisa;Carcedo Roces;Leg. VIII;02/04/2004;01/04/2008;N
María Luisa;Carcedo Roces;Leg. IX;01/04/2008;13/12/2011;N
María Luisa;Carcedo Roces;Leg. X;13/12/2011;13/01/2016;N
María Luisa;Carcedo Roces;Leg. XIII;21/05/2019;03/12/2019;N
María Luisa;Carcedo Roces;Leg. XIV;03/12/2019;17/08/2023;N
Antonio Luis;Cárceles Nieto;Leg. III;15/07/1986;21/11/1989;N
Antonio Luis;Cárceles Nieto;Leg. VI;27/03/1996;05/04/2000;N
Jaume;Cardona i Vila;Leg. V;29/06/1993;27/03/1996;N
Adolfo;Careaga Fontecha;Leg. III;15/07/1986;21/11/1989;N
Ignasi;Carnicer i Barrufet;Leg. II;18/11/1982;15/07/1986;N
Ignasi;Carnicer i Barrufet;Leg. III;15/07/1986;21/11/1989;N
Ignasi;Carnicer i Barrufet;Leg. IV;21/11/1989;29/06/1993;N
José David;Carracedo Verde;Leg. XII;19/07/2016;21/05/2019;N
Victor Manuel;Carrascal Felgueroso;Leg. I;23/03/1979;18/11/1982;N
María Ascensión;Carreño Fernández;Leg. X;13/12/2011;13/01/2016;N
María Ascensión;Carreño Fernández;Leg. XI;13/01/2016;19/07/2016;N
María Ascensión;Carreño Fernández;Leg. XII;19/07/2016;21/05/2019;N
Angel Mario;Carreño Rodríguez-Maribona;Leg. IV;21/11/1989;29/06/1993;N
Angel Mario;Carreño Rodríguez-Maribona;Leg. V;29/06/1993;27/03/1996;N
Angel Mario;Carreño Rodríguez-Maribona;Leg. VI;27/03/1996;05/04/2000;N
Sara;Carreño Valero;Leg. XI;13/01/2016;19/07/2016;N
Sara;Carreño Valero;Leg. XII;19/07/2016;21/05/2019;N
Emilio José;Carrera González;Leg. VII;05/04/2000;02/04/2004;N
Salvador;Carrera i Comes;Leg. III;15/07/1986;21/11/1989;N
Salvador;Carrera i Comes;Leg. IV;21/11/1989;29/06/1993;N
Salvador;Carrera i Comes;Leg. V;29/06/1993;27/03/1996;N
Rafael;Carriegas Robledo;Leg. VII;05/04/2000;02/04/2004;N
Beatriz Micaela;Carrillo de los Reyes;Leg. XIII;21/05/2019;03/12/2019;N
Beatriz Micaela;Carrillo de los Reyes;Leg. XIV;03/12/2019;17/08/2023;N
Santiago;Carrillo Solares;Leg. Const.;14/07/1977;23/03/1979;N
Santiago;Carrillo Solares;Leg. I;23/03/1979;18/11/1982;N
Santiago;Carrillo Solares;Leg. II;18/11/1982;15/07/1986;N
Francisco Xavier;Carro Garrote;Leg. VIII;02/04/2004;01/04/2008;N
Francisco Xavier;Carro Garrote;Leg. IX;01/04/2008;13/12/2011;N
Antonio;Carro Martínez;Leg. Const.;14/07/1977;23/03/1979;N
Antonio;Carro Martínez;Leg. I;23/03/1979;18/11/1982;N
Antonio;Carro Martínez;Leg. II;18/11/1982;15/07/1986;N
Antonio;Carro Martínez;Leg. III;15/07/1986;21/11/1989;N
Luis Fernando;Cartagena Travesedo;Leg. IV;21/11/1989;29/06/1993;N
Luis Fernando;Cartagena Travesedo;Leg. V;29/06/1993;27/03/1996;N
José Federico de;Carvajal Pérez;Leg. IV;21/11/1989;29/06/1993;N
María;Carvalho Dantas;Leg. XIII;21/05/2019;03/12/2019;N
María;Carvalho Dantas;Leg. XIV;03/12/2019;17/08/2023;N
José Antonio da;Casa Ayuso;Leg. I;23/03/1979;18/11/1982;N
Jaume;Casademont i Perafita;Leg. II;18/11/1982;15/07/1986;N
Pablo;Casado Blanco;Leg. X;13/12/2011;13/01/2016;N
Pablo;Casado Blanco;Leg. XI;13/01/2016;19/07/2016;N
Pablo;Casado Blanco;Leg. XII;19/07/2016;21/05/2019;N
Pablo;Casado Blanco;Leg. XIII;21/05/2019;03/12/2019;N
Pablo;Casado Blanco;Leg. XIV;03/12/2019;17/08/2023;N
Martín Ángel;Casado Miranda;Leg. VII;05/04/2000;02/04/2004;N
Juan;Casals Thomas;Leg. III;15/07/1986;21/11/1989;N
Antoni;Casanovas i Brugal;Leg. III;15/07/1986;21/11/1989;N
Antoni;Casanovas i Brugal;Leg. IV;21/11/1989;29/06/1993;N
Benjamín;Casañ Bernal;Leg. I;23/03/1979;18/11/1982;N
Carmelo;Casaño Salido;Leg. Const.;14/07/1977;23/03/1979;N
Carmelo;Casaño Salido;Leg. I;23/03/1979;18/11/1982;N
Pedro;Casares Hontañón;Leg. XIV;03/12/2019;17/08/2023;N
Pedro;Casares Hontañón;Leg. XV;17/08/2023;;S
Jordi;Casas i Bedós;Leg. III;15/07/1986;21/11/1989;N
Jordi;Casas i Bedós;Leg. IV;21/11/1989;29/06/1993;N
Jordi;Casas i Bedós;Leg. V;29/06/1993;27/03/1996;N
Luis;Casaseca Navas;Leg. V;29/06/1993;27/03/1996;N
María Yolanda;Casaus Rodríguez;Leg. VIII;02/04/2004;01/04/2008;N
María Yolanda;Casaus Rodríguez;Leg. IX;01/04/2008;13/12/2011;N
María Yolanda;Casaus Rodríguez;Leg. X;13/12/2011;13/01/2016;N
Loreto;Cascales Martínez;Leg. XI;13/01/2016;19/07/2016;N
Loreto;Cascales Martínez;Leg. XII;19/07/2016;21/05/2019;N
Santos;Cascallana Canóniga;Leg. II;18/11/1982;15/07/1986;N
Alberto;Casero Ávila;Leg. XIII;21/05/2019;03/12/2019;N
Alberto;Casero Ávila;Leg. XIV;03/12/2019;17/08/2023;N
José Ramón;Caso García;Leg. III;15/07/1986;21/11/1989;N
José Ramón;Caso García;Leg. IV;21/11/1989;29/06/1993;N
Juan;Castaño Casanueva;Leg. III;15/07/1986;21/11/1989;N
Ana María;Castaño Rey;Leg. X;13/12/2011;13/01/2016;N
Fernando;Castedo Álvarez;Leg. IV;21/11/1989;29/06/1993;N
José Manuel;Castedo Villar;Leg. IV;21/11/1989;29/06/1993;N
Pablo;Castellano Cardalliaguet;Leg. Const.;14/07/1977;23/03/1979;N
Pablo;Castellano Cardalliaguet;Leg. I;23/03/1979;18/11/1982;N
Pablo;Castellano Cardalliaguet;Leg. II;18/11/1982;15/07/1986;N
Pablo;Castellano Cardalliaguet;Leg. IV;21/11/1989;29/06/1993;N
Pablo;Castellano Cardalliaguet;Leg. VI;27/03/1996;05/04/2000;N
María Carmen;Castellano i Fernández;Leg. X;13/12/2011;13/01/2016;N
Helena;Castellano Ramón;Leg. IX;01/04/2008;13/12/2011;N
Helena;Castellano Ramón;Leg. X;13/12/2011;13/01/2016;N
María del Carmen;Castellano Rodríguez;Leg. VII;05/04/2000;02/04/2004;N
María del Carmen;Castellano Rodríguez;Leg. VIII;02/04/2004;01/04/2008;N
Fernando Vicente;Castelló Boronat;Leg. VIII;02/04/2004;01/04/2008;N
Miguel Ángel;Castellón Rubio;Leg. XIV;03/12/2019;17/08/2023;N
Jaume;Castells Ferrer;Leg. Const.;14/07/1977;23/03/1979;N
Jaume;Castells Ferrer;Leg. I;23/03/1979;18/11/1982;N
Jaume;Castells Ferrer;Leg. II;18/11/1982;15/07/1986;N
Jaume;Castells Ferrer;Leg. III;15/07/1986;21/11/1989;N
Jaume;Castells Ferrer;Leg. IV;21/11/1989;29/06/1993;N
Jaume;Castells Ferrer;Leg. V;29/06/1993;27/03/1996;N
María Carmen;Castilla Álvarez;Leg. XV;17/08/2023;;S
Elvira;Castilla del Pino;Leg. IV;21/11/1989;29/06/1993;N
Carolina;Castillejo Hernández;Leg. VIII;02/04/2004;01/04/2008;N
José Miguel;Castillo Calvín;Leg. X;13/12/2011;13/01/2016;N
Eugenio Enrique;Castillo Jaén;Leg. V;29/06/1993;27/03/1996;N
Eugenio Enrique;Castillo Jaén;Leg. VI;27/03/1996;05/04/2000;N
Eugenio Enrique;Castillo Jaén;Leg. VII;05/04/2000;02/04/2004;N
Elena;Castillo López;Leg. XIV;03/12/2019;17/08/2023;N
Pilar del;Castillo Vera;Leg. VIII;02/04/2004;01/04/2008;N
José;Castro Álvarez;Leg. IV;21/11/1989;29/06/1993;N
María Nava;Castro Domínguez;Leg. IX;01/04/2008;13/12/2011;N
Francisco Javier;Castro Feliciano;Leg. II;18/11/1982;15/07/1986;N
María Luisa;Castro Fonseca;Leg. VII;05/04/2000;02/04/2004;N
Virtudes;Castro García;Leg. Const.;14/07/1977;23/03/1979;N
Julio de;Castro Hitos;Leg. Const.;14/07/1977;23/03/1979;N
Julio de;Castro Hitos;Leg. I;23/03/1979;18/11/1982;N
Alicia;Castro Masaveu;Leg. VI;27/03/1996;05/04/2000;N
Alicia;Castro Masaveu;Leg. VII;05/04/2000;02/04/2004;N
Alicia;Castro Masaveu;Leg. VIII;02/04/2004;01/04/2008;N
Angel;Castroviejo Calvo;Leg. II;18/11/1982;15/07/1986;N
Rafael;Catalá Polo;Leg. XI;13/01/2016;19/07/2016;N
Rafael;Catalá Polo;Leg. XII;19/07/2016;21/05/2019;N
Rafael;Catalá Polo;Leg. XIII;21/05/2019;03/12/2019;N
María José;Catalá Verdet;Leg. IX;01/04/2008;13/12/2011;N
Alberto;Catalán Higueras;Leg. XV;17/08/2023;;S
María Luisa;Cava de Llano y Carrió;Leg. V;29/06/1993;27/03/1996;N
María Luisa;Cava de Llano y Carrió;Leg. VI;27/03/1996;05/04/2000;N
María Luisa;Cava de Llano y Carrió;Leg. VII;05/04/2000;02/04/2004;N
Antonio;Cavacasillas Rodríguez;Leg. XV;17/08/2023;;S
Iñigo;Cavero Lataillade;Leg. Const.;14/07/1977;23/03/1979;N
Iñigo;Cavero Lataillade;Leg. I;23/03/1979;18/11/1982;N
Iñigo;Cavero Lataillade;Leg. III;15/07/1986;21/11/1989;N
Elías Ramón;Cebrián Torralba;Leg. II;18/11/1982;15/07/1986;N
Elías Ramón;Cebrián Torralba;Leg. III;15/07/1986;21/11/1989;N
María Virtudes;Cediel Martínez;Leg. IX;01/04/2008;13/12/2011;N
María Virtudes;Cediel Martínez;Leg. X;13/12/2011;13/01/2016;N
Olivia;Cedrés Rodríguez;Leg. VIII;02/04/2004;01/04/2008;N
Isabel;Celaá Diéguez;Leg. XIII;21/05/2019;03/12/2019;N
Isabel;Celaá Diéguez;Leg. XIV;03/12/2019;17/08/2023;N
Javier;Celaya Brey;Leg. XV;17/08/2023;;S
Francisco;Celdrán Vidal;Leg. V;29/06/1993;27/03/1996;N
José Luis;Centella Gómez;Leg. V;29/06/1993;27/03/1996;N
José Luis;Centella Gómez;Leg. VI;27/03/1996;05/04/2000;N
José Luis;Centella Gómez;Leg. VII;05/04/2000;02/04/2004;N
José Luis;Centella Gómez;Leg. X;13/12/2011;13/01/2016;N
Alejandro;Cercas Alonso;Leg. II;18/11/1982;15/07/1986;N
Alejandro;Cercas Alonso;Leg. III;15/07/1986;21/11/1989;N
Alejandro;Cercas Alonso;Leg. IV;21/11/1989;29/06/1993;N
Alejandro;Cercas Alonso;Leg. V;29/06/1993;27/03/1996;N
Alejandro;Cercas Alonso;Leg. VI;27/03/1996;05/04/2000;N
Blanca;Cercas Mena;Leg. XV;17/08/2023;;S
Agustí;Cerdà Argent;Leg. VIII;02/04/2004;01/04/2008;N
Santos;Cerdán León;Leg. XIII;21/05/2019;03/12/2019;N
Santos;Cerdán León;Leg. XIV;03/12/2019;17/08/2023;N
Santos;Cerdán León;Leg. XV;17/08/2023;;S
Pedro;Cerezo Galán;Leg. II;18/11/1982;15/07/1986;N
Javier;Cerqueiro González;Leg. XIV;03/12/2019;17/08/2023;N
Josep Maria;Cervera Pinart;Leg. XV;17/08/2023;;S
Santiago;Cervera Soto;Leg. IX;01/04/2008;13/12/2011;N
Santiago;Cervera Soto;Leg. X;13/12/2011;13/01/2016;N
Manuel;Cervera Taulet;Leg. X;13/12/2011;13/01/2016;N
Augusto Joaquín;César Lendoiro;Leg. V;29/06/1993;27/03/1996;N
Ana María;Chacón Carretero;Leg. IX;01/04/2008;13/12/2011;N
María Begoña;Chacón Gutiérrez;Leg. IX;01/04/2008;13/12/2011;N
Pedro María;Chacón Nobel;Leg. II;18/11/1982;15/07/1986;N
Carme;Chacón Piqueras;Leg. VII;05/04/2000;02/04/2004;N
Carme;Chacón Piqueras;Leg. VIII;02/04/2004;01/04/2008;N
Carme;Chacón Piqueras;Leg. IX;01/04/2008;13/12/2011;N
Carme;Chacón Piqueras;Leg. X;13/12/2011;13/01/2016;N
Carme;Chacón Piqueras;Leg. XI;13/01/2016;19/07/2016;N
Mohammed;Chaib Akhdim;Leg. XII;19/07/2016;21/05/2019;N
Ricardo;Chamorro Delmo;Leg. XIII;21/05/2019;03/12/2019;N
Ricardo;Chamorro Delmo;Leg. XIV;03/12/2019;17/08/2023;N
Ricardo;Chamorro Delmo;Leg. XV;17/08/2023;;S
Kissy;Chandiramani Ramesh;Leg. XII;19/07/2016;21/05/2019;N
José Manuel;Chapela Seijo;Leg. VII;05/04/2000;02/04/2004;N
Manuel;Chaves González;Leg. Const.;14/07/1977;23/03/1979;N
Manuel;Chaves González;Leg. I;23/03/1979;18/11/1982;N
Manuel;Chaves González;Leg. II;18/11/1982;15/07/1986;N
Manuel;Chaves González;Leg. III;15/07/1986;21/11/1989;N
Manuel;Chaves González;Leg. IV;21/11/1989;29/06/1993;N
Manuel;Chaves González;Leg. X;13/12/2011;13/01/2016;N
Julián;Chia Gutiérrez;Leg. II;18/11/1982;15/07/1986;N
José María;Chiquillo Barber;Leg. V;29/06/1993;27/03/1996;N
José María;Chiquillo Barber;Leg. VI;27/03/1996;05/04/2000;N
José María;Chiquillo Barber;Leg. XI;13/01/2016;19/07/2016;N
José María;Chiquillo Barber;Leg. XII;19/07/2016;21/05/2019;N
Carlos;Chivite Cornago;Leg. VI;27/03/1996;05/04/2000;N
José;Cholbi Diego;Leg. III;15/07/1986;21/11/1989;N
José;Cholbi Diego;Leg. IV;21/11/1989;29/06/1993;N
José;Cholbi Diego;Leg. V;29/06/1993;27/03/1996;N
Margarita del Carmen del;Cid Muñoz;Leg. X;13/12/2011;13/01/2016;N
Ricardo de la;Cierva y Hoces;Leg. I;23/03/1979;18/11/1982;N
Carlos;Cigarrán Rodil;Leg. Const.;14/07/1977;23/03/1979;N
Carlos;Cigarrán Rodil;Leg. I;23/03/1979;18/11/1982;N
José Domingo;Ciluaga Arrate;Leg. III;15/07/1986;21/11/1989;N
Ciprià;Císcar Casabán;Leg. IV;21/11/1989;29/06/1993;N
Ciprià;Císcar Casabán;Leg. V;29/06/1993;27/03/1996;N
Ciprià;Císcar Casabán;Leg. VI;27/03/1996;05/04/2000;N
Ciprià;Císcar Casabán;Leg. VII;05/04/2000;02/04/2004;N
Ciprià;Císcar Casabán;Leg. VIII;02/04/2004;01/04/2008;N
Ciprià;Císcar Casabán;Leg. IX;01/04/2008;13/12/2011;N
Ciprià;Císcar Casabán;Leg. X;13/12/2011;13/01/2016;N
Ciprià;Císcar Casabán;Leg. XII;19/07/2016;21/05/2019;N
Gabriel;Cisneros Laborda;Leg. Const.;14/07/1977;23/03/1979;N
Gabriel;Cisneros Laborda;Leg. I;23/03/1979;18/11/1982;N
Gabriel;Cisneros Laborda;Leg. II;18/11/1982;15/07/1986;N
Gabriel;Cisneros Laborda;Leg. IV;21/11/1989;29/06/1993;N
Gabriel;Cisneros Laborda;Leg. V;29/06/1993;27/03/1996;N
Gabriel;Cisneros Laborda;Leg. VI;27/03/1996;05/04/2000;N
Gabriel;Cisneros Laborda;Leg. VII;05/04/2000;02/04/2004;N
Gabriel;Cisneros Laborda;Leg. VIII;02/04/2004;01/04/2008;N
Lourdes;Ciuró i Buldó;Leg. X;13/12/2011;13/01/2016;N
Lourdes;Ciuró i Buldó;Leg. XI;13/01/2016;19/07/2016;N
Lourdes;Ciuró i Buldó;Leg. XII;19/07/2016;21/05/2019;N
Raimundo;Clar Garau;Leg. Const.;14/07/1977;23/03/1979;N
Óscar;Clavell López;Leg. XI;13/01/2016;19/07/2016;N
Óscar;Clavell López;Leg. XII;19/07/2016;21/05/2019;N
Óscar;Clavell López;Leg. XIII;21/05/2019;03/12/2019;N
Óscar;Clavell López;Leg. XIV;03/12/2019;17/08/2023;N
Óscar;Clavell López;Leg. XV;17/08/2023;;S
Manuel Francisco;Clavero Arévalo;Leg. Const.;14/07/1977;23/03/1979;N
Manuel Francisco;Clavero Arévalo;Leg. I;23/03/1979;18/11/1982;N
Rafael;Clavijo García;Leg. II;18/11/1982;15/07/1986;N
Diego;Clemente Giménez;Leg. XI;13/01/2016;19/07/2016;N
Diego;Clemente Giménez;Leg. XII;19/07/2016;21/05/2019;N
Luis;Clemente Guadilla;Leg. XIII;21/05/2019;03/12/2019;N
Raquel;Clemente Muñoz;Leg. XV;17/08/2023;;S
Joan;Clos i Matheu;Leg. IX;01/04/2008;13/12/2011;N
Salvador;Clotas Cierco;Leg. I;23/03/1979;18/11/1982;N
Salvador;Clotas Cierco;Leg. II;18/11/1982;15/07/1986;N
Salvador;Clotas Cierco;Leg. III;15/07/1986;21/11/1989;N
Salvador;Clotas Cierco;Leg. IV;21/11/1989;29/06/1993;N
Salvador;Clotas Cierco;Leg. V;29/06/1993;27/03/1996;N
Salvador;Clotas Cierco;Leg. VI;27/03/1996;05/04/2000;N
Salvador;Clotas Cierco;Leg. VII;05/04/2000;02/04/2004;N
María Teresa;Cobaleda Hernández;Leg. X;13/12/2011;13/01/2016;N
Ana;Cobo Carmona;Leg. XV;17/08/2023;;S
Noelia;Cobo Pérez;Leg. XV;17/08/2023;;S
Manuel;Cobo Vega;Leg. XV;17/08/2023;;S
Sara;Cobos Trallero;Leg. X;13/12/2011;13/01/2016;N
Aniceto;Codesal Lozano;Leg. II;18/11/1982;15/07/1986;N
Mª Mercedes;Coello Fernández-Trujillo;Leg. VIII;02/04/2004;01/04/2008;N
Mª Mercedes;Coello Fernández-Trujillo;Leg. IX;01/04/2008;13/12/2011;N
Rafael;Cofiño Fernández;Leg. XV;17/08/2023;;S
Juan Luis;Colino Salamanca;Leg. Const.;14/07/1977;23/03/1979;N
Juan Luis;Colino Salamanca;Leg. I;23/03/1979;18/11/1982;N
Juan Luis;Colino Salamanca;Leg. II;18/11/1982;15/07/1986;N
Juan Luis;Colino Salamanca;Leg. III;15/07/1986;21/11/1989;N
Guillermo;Collarte Rodríguez;Leg. X;13/12/2011;13/01/2016;N
Mª Montserrat;Colldeforns i Sol;Leg. VIII;02/04/2004;01/04/2008;N
Mª Montserrat;Colldeforns i Sol;Leg. IX;01/04/2008;13/12/2011;N
Joan;Colom i Naval;Leg. II;18/11/1982;15/07/1986;N
Ramón;Companys Sanfeliu;Leg. VI;27/03/1996;05/04/2000;N
Ramón;Companys Sanfeliu;Leg. VII;05/04/2000;02/04/2004;N
María Dolores;Compte Llusa;Leg. VII;05/04/2000;02/04/2004;N
Agustín;Conde Bajén;Leg. X;13/12/2011;13/01/2016;N
Agustín;Conde Bajén;Leg. XV;17/08/2023;;S
Rosa;Conde Gutiérrez del Alamo;Leg. IV;21/11/1989;29/06/1993;N
Rosa;Conde Gutiérrez del Alamo;Leg. V;29/06/1993;27/03/1996;N
Rosa;Conde Gutiérrez del Alamo;Leg. VI;27/03/1996;05/04/2000;N
Rosa;Conde Gutiérrez del Alamo;Leg. VII;05/04/2000;02/04/2004;N
Francisco José;Conde López;Leg. XV;17/08/2023;;S
Gema;Conde Martínez;Leg. X;13/12/2011;13/01/2016;N
Gerardo Jesús;Conde Roa;Leg. IX;01/04/2008;13/12/2011;N
Ignasi;Conesa Coma;Leg. XV;17/08/2023;;S
Juan Manuel;Constenla Carbón;Leg. XIV;03/12/2019;17/08/2023;N
Magdalena Margarita;Contestí Rosselló;Leg. XIII;21/05/2019;03/12/2019;N
Eduardo Javier;Contreras Linares;Leg. VI;27/03/1996;05/04/2000;N
Eduardo Javier;Contreras Linares;Leg. VII;05/04/2000;02/04/2004;N
Francisco José;Contreras Peláez;Leg. XIV;03/12/2019;17/08/2023;N
Francisco;Contreras Pérez;Leg. III;15/07/1986;21/11/1989;N
Francisco;Contreras Pérez;Leg. IV;21/11/1989;29/06/1993;N
Francisco;Contreras Pérez;Leg. VII;05/04/2000;02/04/2004;N
Francisco;Contreras Pérez;Leg. VIII;02/04/2004;01/04/2008;N
Angustias;Contreras Villar;Leg. IV;21/11/1989;29/06/1993;N
Fernando;Coquillat Durán;Leg. VI;27/03/1996;05/04/2000;N
José Luis;Corcuera Cuesta;Leg. II;18/11/1982;15/07/1986;N
José Luis;Corcuera Cuesta;Leg. V;29/06/1993;27/03/1996;N
Carlos;Corcuera Orbegozo;Leg. Const.;14/07/1977;23/03/1979;N
Carlos;Corcuera Orbegozo;Leg. I;23/03/1979;18/11/1982;N
Juan Carlos;Corcuera Plaza;Leg. VIII;02/04/2004;01/04/2008;N
Juan Carlos;Corcuera Plaza;Leg. IX;01/04/2008;13/12/2011;N
Juan Carlos;Corcuera Plaza;Leg. X;13/12/2011;13/01/2016;N
Josep;Corominas i Busqueta;Leg. III;15/07/1986;21/11/1989;N
Josep;Corominas i Busqueta;Leg. VI;27/03/1996;05/04/2000;N
Lucila María;Corral Ruiz;Leg. VIII;02/04/2004;01/04/2008;N
Lucila María;Corral Ruiz;Leg. IX;01/04/2008;13/12/2011;N
Lucila María;Corral Ruiz;Leg. X;13/12/2011;13/01/2016;N
José;Correas Parralejo;Leg. II;18/11/1982;15/07/1986;N
José;Correas Parralejo;Leg. III;15/07/1986;21/11/1989;N
María Beatriz;Corredor Sierra;Leg. XIII;21/05/2019;03/12/2019;N
María Beatriz;Corredor Sierra;Leg. XIV;03/12/2019;17/08/2023;N
Paloma;Corres Vaquero;Leg. VII;05/04/2000;02/04/2004;N
Elvira;Cortajarena Iturrioz;Leg. VI;27/03/1996;05/04/2000;N
Elvira;Cortajarena Iturrioz;Leg. VII;05/04/2000;02/04/2004;N
Elvira;Cortajarena Iturrioz;Leg. VIII;02/04/2004;01/04/2008;N
Elvira;Cortajarena Iturrioz;Leg. IX;01/04/2008;13/12/2011;N
José Arturo;Corte Mier;Leg. II;18/11/1982;15/07/1986;N
Pilar;Cortés Bureta;Leg. X;13/12/2011;13/01/2016;N
Pilar;Cortés Bureta;Leg. XI;13/01/2016;19/07/2016;N
Pilar;Cortés Bureta;Leg. XII;19/07/2016;21/05/2019;N
Mario;Cortés Carballo;Leg. XIV;03/12/2019;17/08/2023;N
Mario;Cortés Carballo;Leg. XV;17/08/2023;;S
Juan José;Cortés Fernández;Leg. XIII;21/05/2019;03/12/2019;N
Ismael;Cortés Gómez;Leg. XIII;21/05/2019;03/12/2019;N
Ismael;Cortés Gómez;Leg. XIV;03/12/2019;17/08/2023;N
Ricardo;Cortés Lastra;Leg. XII;19/07/2016;21/05/2019;N
Miguel Ángel;Cortés Martín;Leg. IV;21/11/1989;29/06/1993;N
Miguel Ángel;Cortés Martín;Leg. V;29/06/1993;27/03/1996;N
Miguel Ángel;Cortés Martín;Leg. VI;27/03/1996;05/04/2000;N
Miguel Ángel;Cortés Martín;Leg. VII;05/04/2000;02/04/2004;N
Miguel Ángel;Cortés Martín;Leg. VIII;02/04/2004;01/04/2008;N
Miguel Ángel;Cortés Martín;Leg. IX;01/04/2008;13/12/2011;N
Miguel Ángel;Cortés Martín;Leg. X;13/12/2011;13/01/2016;N
Luis Eduardo;Cortés Muñoz;Leg. V;29/06/1993;27/03/1996;N
Miguel Ángel;Cortizo Nieto;Leg. X;13/12/2011;13/01/2016;N
María Dolores;Corujo Berriel;Leg. XV;17/08/2023;;S
Joan;Coscubiela Conesa;Leg. X;13/12/2011;13/01/2016;N
Ignacio;Cosidó Gutiérrez;Leg. IX;01/04/2008;13/12/2011;N
Ignacio;Cosidó Gutiérrez;Leg. X;13/12/2011;13/01/2016;N
Mª Teresa;Costa Campi;Leg. VII;05/04/2000;02/04/2004;N
Juan;Costa Climent;Leg. V;29/06/1993;27/03/1996;N
Juan;Costa Climent;Leg. VI;27/03/1996;05/04/2000;N
Juan;Costa Climent;Leg. VII;05/04/2000;02/04/2004;N
Juan;Costa Climent;Leg. VIII;02/04/2004;01/04/2008;N
Juan;Costa Climent;Leg. IX;01/04/2008;13/12/2011;N
Antonio;Costa Costa;Leg. IV;21/11/1989;29/06/1993;N
Antonio;Costa Costa;Leg. V;29/06/1993;27/03/1996;N
Antonio;Costa Costa;Leg. VI;27/03/1996;05/04/2000;N
María Angelina;Costa Palacios;Leg. IX;01/04/2008;13/12/2011;N
María Angelina;Costa Palacios;Leg. X;13/12/2011;13/01/2016;N
Pedro;Costa Sanjurjo;Leg. III;15/07/1986;21/11/1989;N
Manuel;Costas Alonso;Leg. II;18/11/1982;15/07/1986;N
María Reyes;Costas Manzanares;Leg. VII;05/04/2000;02/04/2004;N
Mar;Cotelo Balmaseda;Leg. XII;19/07/2016;21/05/2019;N
Carlos Manuel;Cotillas López;Leg. IX;01/04/2008;13/12/2011;N
Joaquín;Cotoner Goyeneche;Leg. V;29/06/1993;27/03/1996;N
Manuel;Couce Pereiro;Leg. V;29/06/1993;27/03/1996;N
José Manuel;Couceiro Taboada;Leg. Const.;14/07/1977;23/03/1979;N
María Esther;Couto Rivas;Leg. VIII;02/04/2004;01/04/2008;N
María del Carmen;Cremades Griñán;Leg. V;29/06/1993;27/03/1996;N
Jorge Francisco;Cremades Sena;Leg. II;18/11/1982;15/07/1986;N
Jorge Francisco;Cremades Sena;Leg. III;15/07/1986;21/11/1989;N
Jorge Francisco;Cremades Sena;Leg. IV;21/11/1989;29/06/1993;N
Jorge Francisco;Cremades Sena;Leg. V;29/06/1993;27/03/1996;N
Rafaela;Crespín Rubio;Leg. XIII;21/05/2019;03/12/2019;N
Rafaela;Crespín Rubio;Leg. XIV;03/12/2019;17/08/2023;N
Rafaela;Crespín Rubio;Leg. XV;17/08/2023;;S
Angel;Cristóbal Montes;Leg. Const.;14/07/1977;23/03/1979;N
Angel;Cristóbal Montes;Leg. I;23/03/1979;18/11/1982;N
Luis Carlos;Croissier Batista;Leg. II;18/11/1982;15/07/1986;N
Leandro;Cros Palencia;Leg. Const.;14/07/1977;23/03/1979;N
Asunción;Cruañes Molina;Leg. Const.;14/07/1977;23/03/1979;N
Asunción;Cruañes Molina;Leg. I;23/03/1979;18/11/1982;N
Asunción;Cruañes Molina;Leg. II;18/11/1982;15/07/1986;N
Asunción;Cruañes Molina;Leg. III;15/07/1986;21/11/1989;N
Asunción;Cruañes Molina;Leg. IV;21/11/1989;29/06/1993;N
Josep Maria;Cruset Domènech;Leg. XV;17/08/2023;;S
Rubén;Cruz Orive;Leg. V;29/06/1993;27/03/1996;N
Manuel;Cruz Rodríguez;Leg. XII;19/07/2016;21/05/2019;N
Juan;Cruz Sagredo;Leg. II;18/11/1982;15/07/1986;N
Gabriel;Cruz Santana;Leg. XV;17/08/2023;;S
Raquel de la;Cruz Valentín;Leg. VII;05/04/2000;02/04/2004;N
Raquel de la;Cruz Valentín;Leg. VIII;02/04/2004;01/04/2008;N
María Soledad;Cruz-Guzmán García;Leg. XIII;21/05/2019;03/12/2019;N
María Soledad;Cruz-Guzmán García;Leg. XIV;03/12/2019;17/08/2023;N
María Soledad;Cruz-Guzmán García;Leg. XV;17/08/2023;;S
Sabino;Cuadra Lasarte;Leg. X;13/12/2011;13/01/2016;N
Jesús;Cuadrado Bausela;Leg. VII;05/04/2000;02/04/2004;N
Jesús;Cuadrado Bausela;Leg. VIII;02/04/2004;01/04/2008;N
Jesús;Cuadrado Bausela;Leg. IX;01/04/2008;13/12/2011;N
Alberto Javier;Cuartas Galván;Leg. I;23/03/1979;18/11/1982;N
Juan;Cuatrecasas Asua;Leg. XIII;21/05/2019;03/12/2019;N
Juan;Cuatrecasas Asua;Leg. XIV;03/12/2019;17/08/2023;N
Llibert;Cuatrecasas i Membrado;Leg. I;23/03/1979;18/11/1982;N
Llibert;Cuatrecasas i Membrado;Leg. II;18/11/1982;15/07/1986;N
Llibert;Cuatrecasas i Membrado;Leg. III;15/07/1986;21/11/1989;N
Llibert;Cuatrecasas i Membrado;Leg. IV;21/11/1989;29/06/1993;N
Carmen Rocío;Cuello Pérez;Leg. XI;13/01/2016;19/07/2016;N
Carmen Rocío;Cuello Pérez;Leg. XII;19/07/2016;21/05/2019;N
Juan;Cuenca Doblado;Leg. I;23/03/1979;18/11/1982;N
María Eugenia;Cuenca i Valero;Leg. III;15/07/1986;21/11/1989;N
María Eugenia;Cuenca i Valero;Leg. IV;21/11/1989;29/06/1993;N
José;Cuenca Rico;Leg. V;29/06/1993;27/03/1996;N
José Angel;Cuerda Montoya;Leg. Const.;14/07/1977;23/03/1979;N
José Angel;Cuerda Montoya;Leg. I;23/03/1979;18/11/1982;N
Alvaro;Cuesta Martínez;Leg. II;18/11/1982;15/07/1986;N
Álvaro;Cuesta Martínez;Leg. III;15/07/1986;21/11/1989;N
Alvaro;Cuesta Martínez;Leg. IV;21/11/1989;29/06/1993;N
Alvaro;Cuesta Martínez;Leg. V;29/06/1993;27/03/1996;N
Alvaro;Cuesta Martínez;Leg. VI;27/03/1996;05/04/2000;N
Álvaro;Cuesta Martínez;Leg. VII;05/04/2000;02/04/2004;N
Álvaro;Cuesta Martínez;Leg. VIII;02/04/2004;01/04/2008;N
Álvaro;Cuesta Martínez;Leg. IX;01/04/2008;13/12/2011;N
María;Cuesta Rodríguez;Leg. XV;17/08/2023;;S
Antonio;Cuevas Delgado;Leg. III;15/07/1986;21/11/1989;N
Antonio;Cuevas Delgado;Leg. IV;21/11/1989;29/06/1993;N
Antonio;Cuevas Delgado;Leg. V;29/06/1993;27/03/1996;N
Antonio;Cuevas Delgado;Leg. VI;27/03/1996;05/04/2000;N
Antonio;Cuevas Delgado;Leg. VII;05/04/2000;02/04/2004;N
Antonio;Cuevas Delgado;Leg. VIII;02/04/2004;01/04/2008;N
Antonio;Cuevas Delgado;Leg. IX;01/04/2008;13/12/2011;N
Justo de las;Cuevas González;Leg. Const.;14/07/1977;23/03/1979;N
Justo de las;Cuevas González;Leg. I;23/03/1979;18/11/1982;N
Raúl;Cuevas Larrosa;Leg. XV;17/08/2023;;S
Josep María;Cullell i Nadal;Leg. I;23/03/1979;18/11/1982;N
Josep María;Cullell i Nadal;Leg. IV;21/11/1989;29/06/1993;N
Teresa;Cunillera i Mestres;Leg. II;18/11/1982;15/07/1986;N
Teresa;Cunillera i Mestres;Leg. VI;27/03/1996;05/04/2000;N
Teresa;Cunillera i Mestres;Leg. VII;05/04/2000;02/04/2004;N
Teresa;Cunillera i Mestres;Leg. VIII;02/04/2004;01/04/2008;N
Teresa;Cunillera i Mestres;Leg. IX;01/04/2008;13/12/2011;N
Teresa;Cunillera i Mestres;Leg. X;13/12/2011;13/01/2016;N
Enrique Federico;Curiel Alonso;Leg. III;15/07/1986;21/11/1989;N
Enrique Federico;Curiel Alonso;Leg. V;29/06/1993;27/03/1996;N
Jaime;Custodi Torres;Leg. II;18/11/1982;15/07/1986;N
María  Concepción;Dancausa Treviño;Leg. VII;05/04/2000;02/04/2004;N
Carlos Alberto;Dávila Sánchez;Leg. II;18/11/1982;15/07/1986;N
Carlos Alberto;Dávila Sánchez;Leg. III;15/07/1986;21/11/1989;N
Carlos Alberto;Dávila Sánchez;Leg. IV;21/11/1989;29/06/1993;N
Carlos Alberto;Dávila Sánchez;Leg. V;29/06/1993;27/03/1996;N
Carlos Alberto;Dávila Sánchez;Leg. VI;27/03/1996;05/04/2000;N
Javier;De Andrés Guerra;Leg. XV;17/08/2023;;S
Bienvenido;De Arriba Sánchez;Leg. XII;19/07/2016;21/05/2019;N
Avelino;De Barrionuevo Gener;Leg. XII;19/07/2016;21/05/2019;N
María Dolores;De Cospedal García;Leg. XI;13/01/2016;19/07/2016;N
María Dolores;De Cospedal García;Leg. XII;19/07/2016;21/05/2019;N
María del Rocío;De Frutos Madrazo;Leg. XI;13/01/2016;19/07/2016;N
María del Rocío;De Frutos Madrazo;Leg. XII;19/07/2016;21/05/2019;N
Loly;De Juan de Miguel;Leg. X;13/12/2011;13/01/2016;N
María Asunción Jacoba Pía;De la Concha García-Mauriño;Leg. XI;13/01/2016;19/07/2016;N
María Asunción Jacoba Pía;De la Concha García-Mauriño;Leg. XII;19/07/2016;21/05/2019;N
Salvador Antonio;De la Encina Ortega;Leg. X;13/12/2011;13/01/2016;N
Salvador Antonio;De la Encina Ortega;Leg. XI;13/01/2016;19/07/2016;N
Salvador Antonio;De la Encina Ortega;Leg. XII;19/07/2016;21/05/2019;N
Olvido;De la Rosa Baena;Leg. XV;17/08/2023;;S
Francisco;De la Torre Díaz;Leg. XI;13/01/2016;19/07/2016;N
Francisco;De la Torre Díaz;Leg. XII;19/07/2016;21/05/2019;N
Francisco;De la Torre Díaz;Leg. XIII;21/05/2019;03/12/2019;N
Félix;De las Cuevas Cortés;Leg. XV;17/08/2023;;S
Patricia;De las Heras Fernández;Leg. XIV;03/12/2019;17/08/2023;N
Ascensión;De las Heras Ladera;Leg. X;13/12/2011;13/01/2016;N
Jaime Miguel;De los Santos González;Leg. XV;17/08/2023;;S
Llanos;De Luna Tobarra;Leg. XIV;03/12/2019;17/08/2023;N
Llanos;De Luna Tobarra;Leg. XV;17/08/2023;;S
Rocío;De Meer Méndez;Leg. XIII;21/05/2019;03/12/2019;N
Rocío;De Meer Méndez;Leg. XIV;03/12/2019;17/08/2023;N
Rocío;De Meer Méndez;Leg. XV;17/08/2023;;S
Fernando;De Páramo Gómez;Leg. XIII;21/05/2019;03/12/2019;N
Marcos;De Quinto Romero;Leg. XIII;21/05/2019;03/12/2019;N
Marcos;De Quinto Romero;Leg. XIV;03/12/2019;17/08/2023;N
Fernando;De Rosa Torner;Leg. XV;17/08/2023;;S
Sergio;Del Campo Estaún;Leg. XI;13/01/2016;19/07/2016;N
Sergio;Del Campo Estaún;Leg. XII;19/07/2016;21/05/2019;N
Sergio;Del Campo Estaún;Leg. XIII;21/05/2019;03/12/2019;N
María Luisa;Del Moral Leal;Leg. XIII;21/05/2019;03/12/2019;N
María Luisa;Del Moral Leal;Leg. XV;17/08/2023;;S
María de la Paz;Del Moral Milla;Leg. XI;13/01/2016;19/07/2016;N
Juan Manuel;Del Olmo Ibáñez;Leg. XI;13/01/2016;19/07/2016;N
Juan Manuel;Del Olmo Ibáñez;Leg. XII;19/07/2016;21/05/2019;N
Emilio;Del Río Sanz;Leg. XI;13/01/2016;19/07/2016;N
Emilio;Del Río Sanz;Leg. XII;19/07/2016;21/05/2019;N
Julio;Del Valle de Iscar;Leg. XIV;03/12/2019;17/08/2023;N
Emilio Jesús;Del Valle Rodríguez;Leg. XIV;03/12/2019;17/08/2023;N
Emilio Jesús;Del Valle Rodríguez;Leg. XV;17/08/2023;;S
Celso Luis;Delgado Arce;Leg. VII;05/04/2000;02/04/2004;N
Celso Luis;Delgado Arce;Leg. VIII;02/04/2004;01/04/2008;N
Celso Luis;Delgado Arce;Leg. IX;01/04/2008;13/12/2011;N
Celso Luis;Delgado Arce;Leg. X;13/12/2011;13/01/2016;N
Celso Luis;Delgado Arce;Leg. XI;13/01/2016;19/07/2016;N
Celso Luis;Delgado Arce;Leg. XII;19/07/2016;21/05/2019;N
Celso Luis;Delgado Arce;Leg. XIII;21/05/2019;03/12/2019;N
Celso Luis;Delgado Arce;Leg. XIV;03/12/2019;17/08/2023;N
Celso Luis;Delgado Arce;Leg. XV;17/08/2023;;S
Antonio José;Delgado de Jesús;Leg. Const.;14/07/1977;23/03/1979;N
Antonio José;Delgado de Jesús;Leg. I;23/03/1979;18/11/1982;N
Dolores;Delgado García;Leg. XIII;21/05/2019;03/12/2019;N
Dolores;Delgado García;Leg. XIV;03/12/2019;17/08/2023;N
Juan Antonio;Delgado Ramos;Leg. XI;13/01/2016;19/07/2016;N
Juan Antonio;Delgado Ramos;Leg. XII;19/07/2016;21/05/2019;N
Juan Antonio;Delgado Ramos;Leg. XIII;21/05/2019;03/12/2019;N
Juan Antonio;Delgado Ramos;Leg. XIV;03/12/2019;17/08/2023;N
Juan Francisco;Delgado Ruiz;Leg. Const.;14/07/1977;23/03/1979;N
Jimena;Delgado-Taramona Hernández;Leg. XV;17/08/2023;;S
Lorenzo;Díaz Aguilar;Leg. III;15/07/1986;21/11/1989;N
Lorenzo;Díaz Aguilar;Leg. IV;21/11/1989;29/06/1993;N
José Gabriel;Díaz Berbel;Leg. III;15/07/1986;21/11/1989;N
José Gabriel;Díaz Berbel;Leg. IV;21/11/1989;29/06/1993;N
José Gabriel;Díaz Berbel;Leg. V;29/06/1993;27/03/1996;N
Blas;Díaz Bonillo;Leg. II;18/11/1982;15/07/1986;N
Máximo Ramón;Díaz Cano del Rey;Leg. VI;27/03/1996;05/04/2000;N
Agustín;Díaz de Mera y García Consuegra;Leg. V;29/06/1993;27/03/1996;N
Honorio;Díaz Díaz;Leg. Const.;14/07/1977;23/03/1979;N
Manuel Ceferino;Díaz Díaz;Leg. VII;05/04/2000;02/04/2004;N
Manuel Ceferino;Díaz Díaz;Leg. VIII;02/04/2004;01/04/2008;N
Manuel Ceferino;Díaz Díaz;Leg. IX;01/04/2008;13/12/2011;N
Jesús;Díaz Fornas;Leg. III;15/07/1986;21/11/1989;N
Jesús;Díaz Fornas;Leg. IV;21/11/1989;29/06/1993;N
Jesús;Díaz Fornás;Leg. V;29/06/1993;27/03/1996;N
Antonio;Díaz Fuentes;Leg. Const.;14/07/1977;23/03/1979;N
Antonio;Díaz Fuentes;Leg. I;23/03/1979;18/11/1982;N
Antonio;Díaz Fuentes;Leg. II;18/11/1982;15/07/1986;N
Guillermo;Díaz Gómez;Leg. XII;19/07/2016;21/05/2019;N
Guillermo;Díaz Gómez;Leg. XIII;21/05/2019;03/12/2019;N
Guillermo;Díaz Gómez;Leg. XIV;03/12/2019;17/08/2023;N
Raúl;Díaz Marín;Leg. XV;17/08/2023;;S
Susana;Díaz Pacheco;Leg. VIII;02/04/2004;01/04/2008;N
Yolanda;Díaz Pérez;Leg. XI;13/01/2016;19/07/2016;N
Yolanda;Díaz Pérez;Leg. XII;19/07/2016;21/05/2019;N
Yolanda;Díaz Pérez;Leg. XIII;21/05/2019;03/12/2019;N
Yolanda;Díaz Pérez;Leg. XIV;03/12/2019;17/08/2023;N
Yolanda;Díaz Pérez;Leg. XV;17/08/2023;;S
Ciriaco;Díaz Porras;Leg. I;23/03/1979;18/11/1982;N
Diego;Díaz Pozas;Leg. II;18/11/1982;15/07/1986;N
Diego;Díaz Pozas;Leg. III;15/07/1986;21/11/1989;N
Diego;Díaz Pozas;Leg. IV;21/11/1989;29/06/1993;N
José Carlos;Díaz Rodríguez;Leg. XIV;03/12/2019;17/08/2023;N
Ángel;Díaz Sol;Leg. I;23/03/1979;18/11/1982;N
Ángel;Díaz Sol;Leg. II;18/11/1982;15/07/1986;N
Ángel;Díaz Sol;Leg. III;15/07/1986;21/11/1989;N
Ángel;Díaz Sol;Leg. IV;21/11/1989;29/06/1993;N
Ángel;Díaz Sol;Leg. V;29/06/1993;27/03/1996;N
Angel;Díaz Sol;Leg. VI;27/03/1996;05/04/2000;N
Juan;Díaz Torres;Leg. Const.;14/07/1977;23/03/1979;N
José Juan;Díaz Trillo;Leg. XI;13/01/2016;19/07/2016;N
José Juan;Díaz Trillo;Leg. XII;19/07/2016;21/05/2019;N
María del Carmen;Díaz Villanueva;Leg. V;29/06/1993;27/03/1996;N
Máximo Ramón;Díaz-Cano del Rey;Leg. VII;05/04/2000;02/04/2004;N
Máximo Ramón;Díaz-Cano del Rey;Leg. VIII;02/04/2004;01/04/2008;N
Manuel Lucio;Díaz-Marta y Pinilla;Leg. Const.;14/07/1977;23/03/1979;N
Manuel;Díaz-Pines Muñoz;Leg. I;23/03/1979;18/11/1982;N
Manuel;Díaz-Pines Muñoz;Leg. II;18/11/1982;15/07/1986;N
Nicolás;Díaz-Saavedra Morales;Leg. Const.;14/07/1977;23/03/1979;N
Clementina;Díez de Baldeón García;Leg. VI;27/03/1996;05/04/2000;N
Clementina;Díez de Baldeón García;Leg. VII;05/04/2000;02/04/2004;N
Clementina;Díez de Baldeón García;Leg. VIII;02/04/2004;01/04/2008;N
Clementina;Díez de Baldeón García;Leg. IX;01/04/2008;13/12/2011;N
María Isabel;Díez de la Lastra Barbadillo;Leg. VI;27/03/1996;05/04/2000;N
María Isabel;Díez de la Lastra Barbadillo;Leg. VII;05/04/2000;02/04/2004;N
Rosa María;Díez González;Leg. IX;01/04/2008;13/12/2011;N
Rosa María;Díez González;Leg. X;13/12/2011;13/01/2016;N
Rosa Isabel;Díez López;Leg. VI;27/03/1996;05/04/2000;N
Rafael;Díez Usabiaga;Leg. IV;21/11/1989;29/06/1993;N
Rafael;Díez Usabiaga;Leg. V;29/06/1993;27/03/1996;N
Luc Andre;Diouf Dioh;Leg. XIII;21/05/2019;03/12/2019;N
Luc Andre;Diouf Dioh;Leg. XIV;03/12/2019;17/08/2023;N
Luc Andre;Diouf Dioh;Leg. XV;17/08/2023;;S
Francesc Xavier;Domènech Sampere;Leg. XI;13/01/2016;19/07/2016;N
Francesc Xavier;Domènech Sampere;Leg. XII;19/07/2016;21/05/2019;N
Marta;Domínguez Álvarez;Leg. XI;13/01/2016;19/07/2016;N
Antonio;Domínguez García;Leg. Const.;14/07/1977;23/03/1979;N
Manuel;Domínguez González;Leg. IX;01/04/2008;13/12/2011;N
María Victoria;Domínguez Paredes;Leg. XIII;21/05/2019;03/12/2019;N
José;Donadeu Cadafalch;Leg. II;18/11/1982;15/07/1986;N
Sara;Dueñas Herranz;Leg. IX;01/04/2008;13/12/2011;N
María del Carmen;Dueñas Martínez;Leg. XI;13/01/2016;19/07/2016;N
María del Carmen;Dueñas Martínez;Leg. XII;19/07/2016;21/05/2019;N
Pedro;Duque Duque;Leg. XIII;21/05/2019;03/12/2019;N
Pedro;Duque Duque;Leg. XIV;03/12/2019;17/08/2023;N
José Francisco;Duque Morán;Leg. XIV;03/12/2019;17/08/2023;N
María del Carmen;Duque Palacios;Leg. X;13/12/2011;13/01/2016;N
Emilio;Durán Corsanego;Leg. II;18/11/1982;15/07/1986;N
Josep Antoni;Duran i Lleida;Leg. II;18/11/1982;15/07/1986;N
Josep Antoni;Duran i Lleida;Leg. III;15/07/1986;21/11/1989;N
Josep Antoni;Duran i Lleida;Leg. IV;21/11/1989;29/06/1993;N
Josep Antoni;Duran i Lleida;Leg. VIII;02/04/2004;01/04/2008;N
Josep Antoni;Duran i Lleida;Leg. IX;01/04/2008;13/12/2011;N
Josep Antoni;Duran i Lleida;Leg. X;13/12/2011;13/01/2016;N
Alberto;Durán Núñez;Leg. II;18/11/1982;15/07/1986;N
Alberto;Durán Núñez;Leg. III;15/07/1986;21/11/1989;N
Alberto;Durán Núñez;Leg. IV;21/11/1989;29/06/1993;N
Alberto;Durán Núñez;Leg. V;29/06/1993;27/03/1996;N
Miguel;Durán Pastor;Leg. Const.;14/07/1977;23/03/1979;N
Miguel;Durán Pastor;Leg. I;23/03/1979;18/11/1982;N
José Carlos;Durán Peralta;Leg. XIII;21/05/2019;03/12/2019;N
José Carlos;Durán Peralta;Leg. XIV;03/12/2019;17/08/2023;N
Eva;Durán Ramos;Leg. IX;01/04/2008;13/12/2011;N
Eva;Durán Ramos;Leg. X;13/12/2011;13/01/2016;N
Inmaculada;Durán Sánchez;Leg. VII;05/04/2000;02/04/2004;N
José Ignacio;Echániz Salgado;Leg. VI;27/03/1996;05/04/2000;N
José Ignacio;Echániz Salgado;Leg. VIII;02/04/2004;01/04/2008;N
José Ignacio;Echániz Salgado;Leg. IX;01/04/2008;13/12/2011;N
José Ignacio;Echániz Salgado;Leg. XI;13/01/2016;19/07/2016;N
José Ignacio;Echániz Salgado;Leg. XII;19/07/2016;21/05/2019;N
José Ignacio;Echániz Salgado;Leg. XIII;21/05/2019;03/12/2019;N
José Ignacio;Echániz Salgado;Leg. XIV;03/12/2019;17/08/2023;N
Ricardo;Echanove Tuero;Leg. Const.;14/07/1977;23/03/1979;N
Gabriel;Echávarri Fernández;Leg. X;13/12/2011;13/01/2016;N
Ignacio María;Echeberría Monteberría;Leg. II;18/11/1982;15/07/1986;N
Ignacio María;Echeberría Monteberría;Leg. III;15/07/1986;21/11/1989;N
Pablo;Echenique Robba;Leg. XIII;21/05/2019;03/12/2019;N
Pablo;Echenique Robba;Leg. XIV;03/12/2019;17/08/2023;N
Juan;Echevarría Gangoiti;Leg. Const.;14/07/1977;23/03/1979;N
Mario;Edo Gil;Leg. VII;05/04/2000;02/04/2004;N
Enrique;Egea Ibáñez;Leg. I;23/03/1979;18/11/1982;N
Juan Manuel;Eguiagaray Ucelay;Leg. VI;27/03/1996;05/04/2000;N
Juan Manuel;Eguiagaray Ucelay;Leg. VII;05/04/2000;02/04/2004;N
Andrés;Eguíbar Rivas;Leg. Const.;14/07/1977;23/03/1979;N
Manuel;Eiris Cabeza;Leg. III;15/07/1986;21/11/1989;N
Manuel;Eiris Cabeza;Leg. IV;21/11/1989;29/06/1993;N
José María;Eiros Bouza;Leg. XI;13/01/2016;19/07/2016;N
Mª Remedios;Elías Cordón;Leg. VIII;02/04/2004;01/04/2008;N
Mª Remedios;Elías Cordón;Leg. IX;01/04/2008;13/12/2011;N
Jesús María;Elio Oficialdegui;Leg. II;18/11/1982;15/07/1986;N
María Gloria;Elizo Serrano;Leg. XI;13/01/2016;19/07/2016;N
María Gloria;Elizo Serrano;Leg. XII;19/07/2016;21/05/2019;N
María Gloria;Elizo Serrano;Leg. XIII;21/05/2019;03/12/2019;N
María Gloria;Elizo Serrano;Leg. XIV;03/12/2019;17/08/2023;N
Juan Julián;Elola Ramón;Leg. VIII;02/04/2004;01/04/2008;N
Juan Julián;Elola Ramón;Leg. IX;01/04/2008;13/12/2011;N
Gabriel;Elorriaga Fernández;Leg. II;18/11/1982;15/07/1986;N
Gabriel;Elorriaga Fernández;Leg. III;15/07/1986;21/11/1989;N
Gabriel;Elorriaga Fernández;Leg. IV;21/11/1989;29/06/1993;N
Gabriel;Elorriaga Fernández;Leg. V;29/06/1993;27/03/1996;N
Gabriel;Elorriaga Pisarik;Leg. VIII;02/04/2004;01/04/2008;N
Gabriel;Elorriaga Pisarik;Leg. IX;01/04/2008;13/12/2011;N
Gabriel;Elorriaga Pisarik;Leg. X;13/12/2011;13/01/2016;N
Gabriel;Elorriaga Pisarik;Leg. XIV;03/12/2019;17/08/2023;N
Jesús María;Elorriaga Zarandona;Leg. Const.;14/07/1977;23/03/1979;N
Jesús María;Elorriaga Zarandona;Leg. I;23/03/1979;18/11/1982;N
Odón;Elorza González;Leg. X;13/12/2011;13/01/2016;N
Odón;Elorza González;Leg. XI;13/01/2016;19/07/2016;N
Odón;Elorza González;Leg. XII;19/07/2016;21/05/2019;N
Odón;Elorza González;Leg. XIII;21/05/2019;03/12/2019;N
Odón;Elorza González;Leg. XIV;03/12/2019;17/08/2023;N
Onintza;Enbeita Maguregi;Leg. X;13/12/2011;13/01/2016;N
Onintza;Enbeita Maguregi;Leg. XI;13/01/2016;19/07/2016;N
Salvador de la;Encina Ortega;Leg. VI;27/03/1996;05/04/2000;N
Salvador de la;Encina Ortega;Leg. VII;05/04/2000;02/04/2004;N
Salvador de la;Encina Ortega;Leg. VIII;02/04/2004;01/04/2008;N
Salvador de la;Encina Ortega;Leg. IX;01/04/2008;13/12/2011;N
Antonio;Erias Rey;Leg. VIII;02/04/2004;01/04/2008;N
Antonio;Erias Rey;Leg. IX;01/04/2008;13/12/2011;N
Antonio;Erias Rey;Leg. X;13/12/2011;13/01/2016;N
Francesc Xavier;Eritja Ciuró;Leg. XI;13/01/2016;19/07/2016;N
Francesc Xavier;Eritja Ciuró;Leg. XII;19/07/2016;21/05/2019;N
Francesc Xavier;Eritja Ciuró;Leg. XIII;21/05/2019;03/12/2019;N
Francesc Xavier;Eritja Ciuró;Leg. XIV;03/12/2019;17/08/2023;N
Josu Iñaki;Erkoreka Gervasio;Leg. VII;05/04/2000;02/04/2004;N
Josu Iñaki;Erkoreka Gervasio;Leg. VIII;02/04/2004;01/04/2008;N
Josu Iñaki;Erkoreka Gervasio;Leg. IX;01/04/2008;13/12/2011;N
Josu Iñaki;Erkoreka Gervasio;Leg. X;13/12/2011;13/01/2016;N
Íñigo;Errejón Galván;Leg. XI;13/01/2016;19/07/2016;N
Íñigo;Errejón Galván;Leg. XII;19/07/2016;21/05/2019;N
Íñigo;Errejón Galván;Leg. XIV;03/12/2019;17/08/2023;N
Íñigo;Errejón Galván;Leg. XV;17/08/2023;;S
Xabier Mikel;Errekondo Saltsamendi;Leg. X;13/12/2011;13/01/2016;N
José Antonio;Escartín Ipiens;Leg. I;23/03/1979;18/11/1982;N
Conrado;Escobar Las Heras;Leg. X;13/12/2011;13/01/2016;N
Luis;Escribano Reinosa;Leg. II;18/11/1982;15/07/1986;N
Luis;Escribano Reinosa;Leg. III;15/07/1986;21/11/1989;N
Luis;Escribano Reinosa;Leg. IV;21/11/1989;29/06/1993;N
Arturo;Escuder Croft;Leg. II;18/11/1982;15/07/1986;N
Beatriz Marta;Escudero Berzal;Leg. X;13/12/2011;13/01/2016;N
Beatriz Marta;Escudero Berzal;Leg. XI;13/01/2016;19/07/2016;N
Beatriz Marta;Escudero Berzal;Leg. XII;19/07/2016;21/05/2019;N
Beatriz Marta;Escudero Berzal;Leg. XIII;21/05/2019;03/12/2019;N
María;Escudero Sánchez;Leg. VIII;02/04/2004;01/04/2008;N
Manuel María;Escudero Zamora;Leg. VII;05/04/2000;02/04/2004;N
José María;Escuin Monfort;Leg. III;15/07/1986;21/11/1989;N
José María;Escuin Monfort;Leg. IV;21/11/1989;29/06/1993;N
Angel;Escuredo Franco;Leg. V;29/06/1993;27/03/1996;N
Angel;Escuredo Franco;Leg. VI;27/03/1996;05/04/2000;N
Ángel;Escuredo Franco;Leg. VII;05/04/2000;02/04/2004;N
Rafael;Escuredo Rodríguez;Leg. Const.;14/07/1977;23/03/1979;N
Rafael;Escuredo Rodríguez;Leg. I;23/03/1979;18/11/1982;N
Ignacio;Esnaola Etcheberry;Leg. II;18/11/1982;15/07/1986;N
Ignacio;Esnaola Etcheberry;Leg. III;15/07/1986;21/11/1989;N
Ignacio;Esnaola Etcheberry;Leg. IV;21/11/1989;29/06/1993;N
Julio Francisco de;España Moya;Leg. V;29/06/1993;27/03/1996;N
Carolina;España Reina;Leg. X;13/12/2011;13/01/2016;N
Carolina;España Reina;Leg. XI;13/01/2016;19/07/2016;N
Carolina;España Reina;Leg. XII;19/07/2016;21/05/2019;N
Carolina;España Reina;Leg. XIII;21/05/2019;03/12/2019;N
Carolina;España Reina;Leg. XIV;03/12/2019;17/08/2023;N
Ramón;Espasa Oliver;Leg. III;15/07/1986;21/11/1989;N
Ramón;Espasa Oliver;Leg. IV;21/11/1989;29/06/1993;N
Ramón;Espasa Oliver;Leg. V;29/06/1993;27/03/1996;N
José María;Espejo-Saavedra Conesa;Leg. XIII;21/05/2019;03/12/2019;N
José María;Espejo-Saavedra Conesa;Leg. XIV;03/12/2019;17/08/2023;N
Jesús;Esperabé de Arteaga González;Leg. Const.;14/07/1977;23/03/1979;N
Jesús;Esperabé de Arteaga González;Leg. I;23/03/1979;18/11/1982;N
José;Espinet Chancho;Leg. Const.;14/07/1977;23/03/1979;N
Iván;Espinosa de los Monteros de Simón;Leg. XIII;21/05/2019;03/12/2019;N
Iván;Espinosa de los Monteros de Simón;Leg. XIV;03/12/2019;17/08/2023;N
Rosalía de los Ángeles;Espinosa López;Leg. VII;05/04/2000;02/04/2004;N
María Elena;Espinosa Mangana;Leg. IX;01/04/2008;13/12/2011;N
Mª Rosa;Estarás Ferragut;Leg. VII;05/04/2000;02/04/2004;N
Aitor;Esteban Bravo;Leg. VIII;02/04/2004;01/04/2008;N
Aitor;Esteban Bravo;Leg. IX;01/04/2008;13/12/2011;N
Aitor;Esteban Bravo;Leg. X;13/12/2011;13/01/2016;N
Aitor;Esteban Bravo;Leg. XI;13/01/2016;19/07/2016;N
Aitor;Esteban Bravo;Leg. XII;19/07/2016;21/05/2019;N
Aitor;Esteban Bravo;Leg. XIII;21/05/2019;03/12/2019;N
Aitor;Esteban Bravo;Leg. XIV;03/12/2019;17/08/2023;N
Aitor;Esteban Bravo;Leg. XV;17/08/2023;;S
Cristina Alicia;Esteban Calonje;Leg. XIII;21/05/2019;03/12/2019;N
Cristina Alicia;Esteban Calonje;Leg. XIV;03/12/2019;17/08/2023;N
Agustín;Esteban Gómez;Leg. IV;21/11/1989;29/06/1993;N
Joaquín;Esteban Mompeán;Leg. Const.;14/07/1977;23/03/1979;N
Alberto;Estella Goytre;Leg. Const.;14/07/1977;23/03/1979;N
Alberto;Estella Goytre;Leg. I;23/03/1979;18/11/1982;N
María Ángeles;Esteller Ruedas;Leg. X;13/12/2011;13/01/2016;N
María Ángeles;Esteller Ruedas;Leg. XII;19/07/2016;21/05/2019;N
Juan Tomás;Esteo Palomo;Leg. IV;21/11/1989;29/06/1993;N
Juan Tomás;Esteo Palomo;Leg. V;29/06/1993;27/03/1996;N
María Teresa;Estevan Bolea;Leg. III;15/07/1986;21/11/1989;N
María Teresa;Estevan Bolea;Leg. IV;21/11/1989;29/06/1993;N
Héctor;Esteve Ferrer;Leg. VII;05/04/2000;02/04/2004;N
Héctor;Esteve Ferrer;Leg. VIII;02/04/2004;01/04/2008;N
Esperança;Esteve Ortega;Leg. VIII;02/04/2004;01/04/2008;N
Esperança;Esteve Ortega;Leg. IX;01/04/2008;13/12/2011;N
Esperança;Esteve Ortega;Leg. X;13/12/2011;13/01/2016;N
Xerardo Denis Felipe;Estévez Fernández;Leg. V;29/06/1993;27/03/1996;N
Marta;Estrada Ibars;Leg. IX;01/04/2008;13/12/2011;N
José Luis;Estrada Sánchez;Leg. II;18/11/1982;15/07/1986;N
Rafael;Estrella Pedrola;Leg. V;29/06/1993;27/03/1996;N
Rafael;Estrella Pedrola;Leg. VI;27/03/1996;05/04/2000;N
Rafael;Estrella Pedrola;Leg. VII;05/04/2000;02/04/2004;N
Rafael;Estrella Pedrola;Leg. VIII;02/04/2004;01/04/2008;N
Etna;Estrems Fayos;Leg. XV;17/08/2023;;S
Mª Luisa;Expósito Molina;Leg. VII;05/04/2000;02/04/2004;N
Marcelo;Expósito Prieto;Leg. XI;13/01/2016;19/07/2016;N
Marcelo;Expósito Prieto;Leg. XII;19/07/2016;21/05/2019;N
Elena;Faba de la Encarnación;Leg. XI;13/01/2016;19/07/2016;N
Elena;Faba de la Encarnación;Leg. XII;19/07/2016;21/05/2019;N
Andrea;Fabra Fernández;Leg. IX;01/04/2008;13/12/2011;N
Andrea;Fabra Fernández;Leg. X;13/12/2011;13/01/2016;N
Alberto;Fabra Part;Leg. XV;17/08/2023;;S
Juan Manuel;Fabra Vallés;Leg. II;18/11/1982;15/07/1986;N
Juan Manuel;Fabra Vallés;Leg. III;15/07/1986;21/11/1989;N
Juan Manuel;Fabra Vallés;Leg. IV;21/11/1989;29/06/1993;N
Juan Manuel;Fabra Vallés;Leg. V;29/06/1993;27/03/1996;N
Antidio;Fagúndez Campo;Leg. XIV;03/12/2019;17/08/2023;N
Antidio;Fagúndez Campo;Leg. XV;17/08/2023;;S
Luis;Fajardo Spínola;Leg. Const.;14/07/1977;23/03/1979;N
Luis;Fajardo Spínola;Leg. I;23/03/1979;18/11/1982;N
Luis;Fajardo Spínola;Leg. II;18/11/1982;15/07/1986;N
Luis;Fajardo Spínola;Leg. III;15/07/1986;21/11/1989;N
Luis;Fajardo Spínola;Leg. IV;21/11/1989;29/06/1993;N
Enrique;Fajarnés Ribas;Leg. VIII;02/04/2004;01/04/2008;N
Enrique;Fajarnés Ribas;Leg. IX;01/04/2008;13/12/2011;N
Enrique;Fajarnés Ribas;Leg. X;13/12/2011;13/01/2016;N
Maravillas Concepción;Falcón Dacal;Leg. X;13/12/2011;13/01/2016;N
María Luisa;Faneca López;Leg. XIII;21/05/2019;03/12/2019;N
María Luisa;Faneca López;Leg. XIV;03/12/2019;17/08/2023;N
María Luisa;Faneca López;Leg. XV;17/08/2023;;S
Juan Manuel;Fanjul Sedeño;Leg. Const.;14/07/1977;23/03/1979;N
María Fernanda;Faraldo Botana;Leg. VI;27/03/1996;05/04/2000;N
María Fernanda;Faraldo Botana;Leg. VII;05/04/2000;02/04/2004;N
Hipólito;Fariñas Sobrino;Leg. V;29/06/1993;27/03/1996;N
Hipólito;Fariñas Sobrino;Leg. VI;27/03/1996;05/04/2000;N
Hipólito;Fariñas Sobrino;Leg. VII;05/04/2000;02/04/2004;N
Sònia;Farré Fidalgo;Leg. XII;19/07/2016;21/05/2019;N
Esperança;Farrera Granja;Leg. VIII;02/04/2004;01/04/2008;N
Antonio;Faura Sanmartín;Leg. Const.;14/07/1977;23/03/1979;N
Antonio;Faura Sanmartín;Leg. I;23/03/1979;18/11/1982;N
Joaquín;Fayos Díaz;Leg. II;18/11/1982;15/07/1986;N
Antonia;Febrer Santandreu;Leg. VII;05/04/2000;02/04/2004;N
Carmen;Feliu Álvarez de Sotomayor;Leg. IX;01/04/2008;13/12/2011;N
María José;Fernández Aguerri;Leg. IX;01/04/2008;13/12/2011;N
Adolfo;Fernández Aguilar;Leg. VII;05/04/2000;02/04/2004;N
Adolfo;Fernández Aguilar;Leg. VIII;02/04/2004;01/04/2008;N
Alejandro;Fernández Álvarez;Leg. X;13/12/2011;13/01/2016;N
Manuel Angel;Fernández Arias;Leg. Const.;14/07/1977;23/03/1979;N
Manuel Angel;Fernández Arias;Leg. I;23/03/1979;18/11/1982;N
Miguel Anxo;Fernández Bello;Leg. XI;13/01/2016;19/07/2016;N
Miguel Anxo;Fernández Bello;Leg. XII;19/07/2016;21/05/2019;N
Andrea;Fernández Benéitez;Leg. XIII;21/05/2019;03/12/2019;N
Andrea;Fernández Benéitez;Leg. XIV;03/12/2019;17/08/2023;N
Andrea;Fernández Benéitez;Leg. XV;17/08/2023;;S
Mariano;Fernández Bermejo;Leg. IX;01/04/2008;13/12/2011;N
Ana Belén;Fernández Casero;Leg. XIII;21/05/2019;03/12/2019;N
Ana Belén;Fernández Casero;Leg. XIV;03/12/2019;17/08/2023;N
Sofía;Fernández Castañón;Leg. XI;13/01/2016;19/07/2016;N
Sofía;Fernández Castañón;Leg. XII;19/07/2016;21/05/2019;N
Sofía;Fernández Castañón;Leg. XIII;21/05/2019;03/12/2019;N
Sofía;Fernández Castañón;Leg. XIV;03/12/2019;17/08/2023;N
José;Fernández Chacón;Leg. VII;05/04/2000;02/04/2004;N
Francisco;Fernández Cortés;Leg. II;18/11/1982;15/07/1986;N
Emilio;Fernández Cruz;Leg. Const.;14/07/1977;23/03/1979;N
Mª Olaia;Fernández Davila;Leg. VIII;02/04/2004;01/04/2008;N
Mª Olaia;Fernández Davila;Leg. IX;01/04/2008;13/12/2011;N
Mª Olaia;Fernández Davila;Leg. X;13/12/2011;13/01/2016;N
Gonzalo;Fernández de la Mora y Mon;Leg. Const.;14/07/1977;23/03/1979;N
María Teresa;Fernández de la Vega Sanz;Leg. VI;27/03/1996;05/04/2000;N
María Teresa;Fernández de la Vega Sanz;Leg. VII;05/04/2000;02/04/2004;N
María Teresa;Fernández de la Vega Sanz;Leg. VIII;02/04/2004;01/04/2008;N
María Teresa;Fernández de la Vega Sanz;Leg. IX;01/04/2008;13/12/2011;N
Arsenio;Fernández de Mesa Díaz del Río;Leg. IV;21/11/1989;29/06/1993;N
Arsenio;Fernández de Mesa Díaz del Río;Leg. V;29/06/1993;27/03/1996;N
Arsenio;Fernández de Mesa Díaz del Río;Leg. VI;27/03/1996;05/04/2000;N
Arsenio;Fernández de Mesa Díaz del Río;Leg. VII;05/04/2000;02/04/2004;N
Arsenio;Fernández de Mesa Díaz del Río;Leg. VIII;02/04/2004;01/04/2008;N
Arsenio;Fernández de Mesa Díaz del Río;Leg. IX;01/04/2008;13/12/2011;N
Arsenio;Fernández de Mesa Díaz del Río;Leg. X;13/12/2011;13/01/2016;N
José Enrique;Fernández de Moya Romero;Leg. XI;13/01/2016;19/07/2016;N
José Enrique;Fernández de Moya Romero;Leg. XII;19/07/2016;21/05/2019;N
Fernando;Fernández de Troconiz Marcos;Leg. IV;21/11/1989;29/06/1993;N
Fernando;Fernández de Troconiz Marcos;Leg. V;29/06/1993;27/03/1996;N
Fernando;Fernández de Trocóniz Marcos;Leg. VI;27/03/1996;05/04/2000;N
Fernando;Fernández de Trocóniz Marcos;Leg. VII;05/04/2000;02/04/2004;N
Elvira;Fernández Díaz;Leg. V;29/06/1993;27/03/1996;N
Jesús María;Fernández Díaz;Leg. XI;13/01/2016;19/07/2016;N
Jesús María;Fernández Díaz;Leg. XII;19/07/2016;21/05/2019;N
Jorge;Fernández Díaz;Leg. IV;21/11/1989;29/06/1993;N
Jorge;Fernández Díaz;Leg. V;29/06/1993;27/03/1996;N
Jorge;Fernández Díaz;Leg. VI;27/03/1996;05/04/2000;N
Jorge;Fernández Díaz;Leg. VII;05/04/2000;02/04/2004;N
Jorge;Fernández Díaz;Leg. VIII;02/04/2004;01/04/2008;N
Jorge;Fernández Díaz;Leg. IX;01/04/2008;13/12/2011;N
Jorge;Fernández Díaz;Leg. X;13/12/2011;13/01/2016;N
Jorge;Fernández Díaz;Leg. XI;13/01/2016;19/07/2016;N
Jorge;Fernández Díaz;Leg. XII;19/07/2016;21/05/2019;N
Andrés;Fernández Fernández;Leg. I;23/03/1979;18/11/1982;N
Javier;Fernández Fernández;Leg. VI;27/03/1996;05/04/2000;N
Eduardo;Fernández García;Leg. X;13/12/2011;13/01/2016;N
Eduardo;Fernández García;Leg. XI;13/01/2016;19/07/2016;N
Eduardo;Fernández García;Leg. XII;19/07/2016;21/05/2019;N
Alexandra;Fernández Gómez;Leg. XI;13/01/2016;19/07/2016;N
Alexandra;Fernández Gómez;Leg. XII;19/07/2016;21/05/2019;N
Daniel;Fernández González;Leg. VIII;02/04/2004;01/04/2008;N
Daniel;Fernández González;Leg. IX;01/04/2008;13/12/2011;N
Daniel;Fernández González;Leg. X;13/12/2011;13/01/2016;N
Justo;Fernández González;Leg. XIII;21/05/2019;03/12/2019;N
María Mercedes;Fernández González;Leg. V;29/06/1993;27/03/1996;N
María Mercedes;Fernández González;Leg. VI;27/03/1996;05/04/2000;N
María Mercedes;Fernández González;Leg. VII;05/04/2000;02/04/2004;N
María Mercedes;Fernández González;Leg. X;13/12/2011;13/01/2016;N
María Mercedes;Fernández González;Leg. XV;17/08/2023;;S
Antonio;Fernández Gordillo;Leg. V;29/06/1993;27/03/1996;N
Pedro;Fernández Hernández;Leg. XIII;21/05/2019;03/12/2019;N
Pedro;Fernández Hernández;Leg. XIV;03/12/2019;17/08/2023;N
Pedro;Fernández Hernández;Leg. XV;17/08/2023;;S
Sandra;Fernández Herranz;Leg. XV;17/08/2023;;S
Juli;Fernández i Iruela;Leg. IX;01/04/2008;13/12/2011;N
José Ramón;Fernández Ibáñez;Leg. V;29/06/1993;27/03/1996;N
Horacio;Fernández Inguanzo;Leg. I;23/03/1979;18/11/1982;N
Horacio;Fernández Inguanzo;Leg. II;18/11/1982;15/07/1986;N
Pilar;Fernández Labrador;Leg. III;15/07/1986;21/11/1989;N
Manuel;Fernández Manrique;Leg. Const.;14/07/1977;23/03/1979;N
Horacio Félix;Fernández Martín;Leg. II;18/11/1982;15/07/1986;N
Horacio Félix;Fernández Martín;Leg. III;15/07/1986;21/11/1989;N
Francisco Miguel;Fernández Marugán;Leg. II;18/11/1982;15/07/1986;N
Francisco Miguel;Fernández Marugán;Leg. III;15/07/1986;21/11/1989;N
Francisco Miguel;Fernández Marugán;Leg. IV;21/11/1989;29/06/1993;N
Francisco Miguel;Fernández Marugán;Leg. V;29/06/1993;27/03/1996;N
Francisco Miguel;Fernández Marugán;Leg. VI;27/03/1996;05/04/2000;N
Francisco Miguel;Fernández Marugán;Leg. VII;05/04/2000;02/04/2004;N
Francisco Miguel;Fernández Marugán;Leg. VIII;02/04/2004;01/04/2008;N
Francisco Miguel;Fernández Marugán;Leg. IX;01/04/2008;13/12/2011;N
Jesús Salvador;Fernández Moreda;Leg. I;23/03/1979;18/11/1982;N
Jesús Salvador;Fernández Moreda;Leg. II;18/11/1982;15/07/1986;N
Jesús Salvador;Fernández Moreda;Leg. III;15/07/1986;21/11/1989;N
Jesús Salvador;Fernández Moreda;Leg. IV;21/11/1989;29/06/1993;N
Jesús Salvador;Fernández Moreda;Leg. V;29/06/1993;27/03/1996;N
Blanca;Fernández Morena;Leg. XIII;21/05/2019;03/12/2019;N
Gracia;Fernández Moya;Leg. X;13/12/2011;13/01/2016;N
José Manuel;Fernández Norniella;Leg. V;29/06/1993;27/03/1996;N
José Manuel;Fernández Norniella;Leg. VI;27/03/1996;05/04/2000;N
Francisco José;Fernández Ordóñez;Leg. Const.;14/07/1977;23/03/1979;N
Francisco José;Fernández Ordóñez;Leg. I;23/03/1979;18/11/1982;N
Francisco José;Fernández Ordóñez;Leg. II;18/11/1982;15/07/1986;N
Francisco José;Fernández Ordóñez;Leg. III;15/07/1986;21/11/1989;N
Miguel Ángel;Fernández Ordóñez;Leg. III;15/07/1986;21/11/1989;N
María del Pilar;Fernández Pardo;Leg. IX;01/04/2008;13/12/2011;N
Paula;Fernández Pena;Leg. XV;17/08/2023;;S
María;Fernández Pérez;Leg. XIV;03/12/2019;17/08/2023;N
María Inmaculada;Fernández Ramiro;Leg. VI;27/03/1996;05/04/2000;N
Tomás;Fernández Ríos;Leg. XIV;03/12/2019;17/08/2023;N
Tomás;Fernández Ríos;Leg. XV;17/08/2023;;S
Juan Julio;Fernández Rodríguez;Leg. I;23/03/1979;18/11/1982;N
Luis Angel;Fernández Rodríguez;Leg. V;29/06/1993;27/03/1996;N
Luis Angel;Fernández Rodríguez;Leg. VI;27/03/1996;05/04/2000;N
Isidro;Fernández Rozada;Leg. VII;05/04/2000;02/04/2004;N
Isidro;Fernández Rozada;Leg. VIII;02/04/2004;01/04/2008;N
Isidro;Fernández Rozada;Leg. IX;01/04/2008;13/12/2011;N
Julián;Fernández Sánchez;Leg. VI;27/03/1996;05/04/2000;N
Luis;Fernández Santos;Leg. VIII;02/04/2004;01/04/2008;N
Matilde;Fernández Sanz;Leg. IV;21/11/1989;29/06/1993;N
Matilde;Fernández Sanz;Leg. V;29/06/1993;27/03/1996;N
Matilde;Fernández Sanz;Leg. VI;27/03/1996;05/04/2000;N
Antonio;Fernández Teixidó;Leg. III;15/07/1986;21/11/1989;N
Antonio;Fernández Teixidó;Leg. IV;21/11/1989;29/06/1993;N
Alfonso;Fernández Torres;Leg. Const.;14/07/1977;23/03/1979;N
María de los Ángeles;Fernández-Ahuja García;Leg. X;13/12/2011;13/01/2016;N
Francisco Javier;Fernández-Bravo García;Leg. XIII;21/05/2019;03/12/2019;N
Blanca;Fernández-Capel Baños;Leg. V;29/06/1993;27/03/1996;N
Blanca;Fernández-Capel Baños;Leg. VI;27/03/1996;05/04/2000;N
Blanca;Fernández-Capel Baños;Leg. VII;05/04/2000;02/04/2004;N
Blanca;Fernández-Capel Baños;Leg. VIII;02/04/2004;01/04/2008;N
Blanca;Fernández-Capel Baños;Leg. IX;01/04/2008;13/12/2011;N
Manuel;Fernández-Escandón Álvarez;Leg. II;18/11/1982;15/07/1986;N
María Victoria;Fernández-España y Fernández-Latorre;Leg. Const.;14/07/1977;23/03/1979;N
María Victoria;Fernández-España y Fernández-Latorre;Leg. I;23/03/1979;18/11/1982;N
María Victoria;Fernández-España y Fernández-Latorre;Leg. II;18/11/1982;15/07/1986;N
Javier;Fernández-Lasquetty y Blanc;Leg. VIII;02/04/2004;01/04/2008;N
Rafael;Fernández-Lomana Gutiérrez;Leg. XIV;03/12/2019;17/08/2023;N
Enrique;Fernández-Miranda y Lozana;Leg. IV;21/11/1989;29/06/1993;N
Enrique;Fernández-Miranda y Lozana;Leg. V;29/06/1993;27/03/1996;N
Enrique;Fernández-Miranda y Lozana;Leg. VI;27/03/1996;05/04/2000;N
Enrique;Fernández-Miranda y Lozana;Leg. VII;05/04/2000;02/04/2004;N
Manuel;Fernández-Montesinos García;Leg. Const.;14/07/1977;23/03/1979;N
Sotero;Fernández-Pinilla López-Menchero;Leg. V;29/06/1993;27/03/1996;N
Carlos Hugo;Fernández-Roca Suárez;Leg. XIV;03/12/2019;17/08/2023;N
Daniel de;Fernando Alonso;Leg. Const.;14/07/1977;23/03/1979;N
María Amparo;Ferrando Sendra;Leg. VII;05/04/2000;02/04/2004;N
María Amparo;Ferrando Sendra;Leg. VIII;02/04/2004;01/04/2008;N
María Amparo;Ferrando Sendra;Leg. IX;01/04/2008;13/12/2011;N
María Amparo;Ferrando Sendra;Leg. X;13/12/2011;13/01/2016;N
Anton;Ferré Fons;Leg. IX;01/04/2008;13/12/2011;N
José Alfredo;Ferrer Gutiérrez;Leg. IV;21/11/1989;29/06/1993;N
Manuel;Ferrer i Profitós;Leg. III;15/07/1986;21/11/1989;N
Manuel;Ferrer i Profitós;Leg. IV;21/11/1989;29/06/1993;N
Joaquím;Ferrer Roca;Leg. II;18/11/1982;15/07/1986;N
Vicente;Ferrer Roselló;Leg. IX;01/04/2008;13/12/2011;N
Vicente;Ferrer Roselló;Leg. X;13/12/2011;13/01/2016;N
Sonia;Ferrer Tesoro;Leg. XI;13/01/2016;19/07/2016;N
Sonia;Ferrer Tesoro;Leg. XII;19/07/2016;21/05/2019;N
Sonia;Ferrer Tesoro;Leg. XIII;21/05/2019;03/12/2019;N
Sonia;Ferrer Tesoro;Leg. XIV;03/12/2019;17/08/2023;N
Alberto;Fidalgo Francisco;Leg. VII;05/04/2000;02/04/2004;N
Alberto;Fidalgo Francisco;Leg. VIII;02/04/2004;01/04/2008;N
Alberto;Fidalgo Francisco;Leg. IX;01/04/2008;13/12/2011;N
José María;Figaredo Álvarez-Sala;Leg. XIII;21/05/2019;03/12/2019;N
José María;Figaredo Álvarez-Sala;Leg. XIV;03/12/2019;17/08/2023;N
José María;Figaredo Álvarez-Sala;Leg. XV;17/08/2023;;S
Carme;Figueras i Siñol;Leg. V;29/06/1993;27/03/1996;N
María Ascensión;Figueres Górriz;Leg. X;13/12/2011;13/01/2016;N
José Luis;Figuerola Cerdán;Leg. I;23/03/1979;18/11/1982;N
Bartolomé;Flores Flores;Leg. V;29/06/1993;27/03/1996;N
Carlos;Flores Juberías;Leg. XV;17/08/2023;;S
Mario Francisco José;Flores Lanuza;Leg. X;13/12/2011;13/01/2016;N
Isidro;Flores López;Leg. IV;21/11/1989;29/06/1993;N
María Aurora;Flórez Rodríguez;Leg. XI;13/01/2016;19/07/2016;N
María Aurora;Flórez Rodríguez;Leg. XII;19/07/2016;21/05/2019;N
Carlos Javier;Floriano Corrales;Leg. IX;01/04/2008;13/12/2011;N
Carlos Javier;Floriano Corrales;Leg. X;13/12/2011;13/01/2016;N
Carlos Javier;Floriano Corrales;Leg. XI;13/01/2016;19/07/2016;N
Carlos Javier;Floriano Corrales;Leg. XII;19/07/2016;21/05/2019;N
Carlos Javier;Floriano Corrales;Leg. XV;17/08/2023;;S
Javier José;Folch Blanc;Leg. XV;17/08/2023;;S
Tomás Javier;Fole Díaz;Leg. XII;19/07/2016;21/05/2019;N
José;Folgado Blanco;Leg. VII;05/04/2000;02/04/2004;N
José;Folgado Blanco;Leg. VIII;02/04/2004;01/04/2008;N
María Ángeles;Font Bonmatí;Leg. VIII;02/04/2004;01/04/2008;N
Antonio;Fontán Pérez;Leg. I;23/03/1979;18/11/1982;N
María del Carmen;Fortea Millán;Leg. X;13/12/2011;13/01/2016;N
Manuel;Fraga Iribarne;Leg. Const.;14/07/1977;23/03/1979;N
Manuel;Fraga Iribarne;Leg. I;23/03/1979;18/11/1982;N
Manuel;Fraga Iribarne;Leg. II;18/11/1982;15/07/1986;N
Manuel;Fraga Iribarne;Leg. III;15/07/1986;21/11/1989;N
Modesto;Fraile Poujade;Leg. Const.;14/07/1977;23/03/1979;N
Modesto;Fraile Poujade;Leg. I;23/03/1979;18/11/1982;N
Modesto;Fraile Poujade;Leg. II;18/11/1982;15/07/1986;N
Modesto;Fraile Poujade;Leg. III;15/07/1986;21/11/1989;N
Francisco;Fráiz Armada;Leg. II;18/11/1982;15/07/1986;N
Isabel;Franco Carmona;Leg. XI;13/01/2016;19/07/2016;N
Isabel;Franco Carmona;Leg. XII;19/07/2016;21/05/2019;N
Isabel;Franco Carmona;Leg. XIII;21/05/2019;03/12/2019;N
Isabel;Franco Carmona;Leg. XIV;03/12/2019;17/08/2023;N
Silvia;Franco González;Leg. XV;17/08/2023;;S
Angel;Franco Gútiez;Leg. I;23/03/1979;18/11/1982;N
José Manuel;Franco Pardo;Leg. XIII;21/05/2019;03/12/2019;N
José Manuel;Franco Pardo;Leg. XIV;03/12/2019;17/08/2023;N
Sebastián;Franquis Vera;Leg. X;13/12/2011;13/01/2016;N
Sebastián;Franquis Vera;Leg. XI;13/01/2016;19/07/2016;N
Sebastián;Franquis Vera;Leg. XII;19/07/2016;21/05/2019;N
María;Freixanet Mateo;Leg. XIII;21/05/2019;03/12/2019;N
Milagros;Frías Navarrete;Leg. IV;21/11/1989;29/06/1993;N
Milagros;Frías Navarrete;Leg. V;29/06/1993;27/03/1996;N
Milagros;Frías Navarrete;Leg. VI;27/03/1996;05/04/2000;N
Francisco;Frutos Gras;Leg. V;29/06/1993;27/03/1996;N
Francisco;Frutos Gras;Leg. VI;27/03/1996;05/04/2000;N
Francisco;Frutos Gras;Leg. VII;05/04/2000;02/04/2004;N
Donato;Fuejo Lago;Leg. Const.;14/07/1977;23/03/1979;N
Donato;Fuejo Lago;Leg. I;23/03/1979;18/11/1982;N
Donato;Fuejo Lago;Leg. II;18/11/1982;15/07/1986;N
Félix de la;Fuente Boada;Leg. II;18/11/1982;15/07/1986;N
Licinio de la;Fuente y de la Fuente;Leg. Const.;14/07/1977;23/03/1979;N
Juan Bernardo;Fuentes Curbelo;Leg. VIII;02/04/2004;01/04/2008;N
Juan Bernardo;Fuentes Curbelo;Leg. XIV;03/12/2019;17/08/2023;N
Francisco;Fuentes Gallardo;Leg. II;18/11/1982;15/07/1986;N
Francisco;Fuentes Gallardo;Leg. III;15/07/1986;21/11/1989;N
Francisco;Fuentes Gallardo;Leg. IV;21/11/1989;29/06/1993;N
Francisco;Fuentes Gallardo;Leg. V;29/06/1993;27/03/1996;N
Francisco;Fuentes Gallardo;Leg. VI;27/03/1996;05/04/2000;N
Mª Isabel;Fuentes González;Leg. VIII;02/04/2004;01/04/2008;N
Sebastián;Fuentes Guzmán;Leg. VIII;02/04/2004;01/04/2008;N
Jesús;Fuentes Lázaro;Leg. I;23/03/1979;18/11/1982;N
Jesús;Fuentes Lázaro;Leg. II;18/11/1982;15/07/1986;N
Jesús;Fuentes Lázaro;Leg. III;15/07/1986;21/11/1989;N
José Ignacio;Fuentes López;Leg. II;18/11/1982;15/07/1986;N
Ana María;Fuentes Pacheco;Leg. VIII;02/04/2004;01/04/2008;N
Ana María;Fuentes Pacheco;Leg. IX;01/04/2008;13/12/2011;N
Luis;Fuertes Fuertes;Leg. Const.;14/07/1977;23/03/1979;N
Luis;Fuertes Fuertes;Leg. I;23/03/1979;18/11/1982;N
Marije;Fullaondo la Cruz;Leg. XV;17/08/2023;;S
Águeda;Fumero Roque;Leg. X;13/12/2011;13/01/2016;N
Carmen;Fúnez de Gregorio;Leg. XV;17/08/2023;;S
Joaquín;Fúster Pérez;Leg. Const.;14/07/1977;23/03/1979;N
Diego;Gago Bugarín;Leg. XIII;21/05/2019;03/12/2019;N
Diego;Gago Bugarín;Leg. XIV;03/12/2019;17/08/2023;N
Joaquín Javier;Gago López;Leg. VI;27/03/1996;05/04/2000;N
José Antonio;Gago Lorenzo;Leg. Const.;14/07/1977;23/03/1979;N
José Antonio;Gago Lorenzo;Leg. I;23/03/1979;18/11/1982;N
José Luis;Galache Cortés;Leg. VIII;02/04/2004;01/04/2008;N
Angel Samuel;Galán Cano;Leg. IV;21/11/1989;29/06/1993;N
Joaquín;Galant Ruiz;Leg. Const.;14/07/1977;23/03/1979;N
Joaquín;Galant Ruiz;Leg. I;23/03/1979;18/11/1982;N
Óscar;Galeano Gracia;Leg. XI;13/01/2016;19/07/2016;N
Óscar;Galeano Gracia;Leg. XII;19/07/2016;21/05/2019;N
Guillermo;Galeote Jiménez;Leg. Const.;14/07/1977;23/03/1979;N
Guillermo;Galeote Jiménez;Leg. I;23/03/1979;18/11/1982;N
Guillermo;Galeote Jiménez;Leg. II;18/11/1982;15/07/1986;N
Guillermo;Galeote Jiménez;Leg. III;15/07/1986;21/11/1989;N
Guillermo;Galeote Jiménez;Leg. IV;21/11/1989;29/06/1993;N
Pedro Ignacio;Gallardo Barrena;Leg. XV;17/08/2023;;S
María del Puerto;Gallego Arriola;Leg. X;13/12/2011;13/01/2016;N
María del Puerto;Gallego Arriola;Leg. XI;13/01/2016;19/07/2016;N
María del Puerto;Gallego Arriola;Leg. XII;19/07/2016;21/05/2019;N
Mariano;Gallego Barrero;Leg. IX;01/04/2008;13/12/2011;N
Ignacio;Gallego Bezares;Leg. Const.;14/07/1977;23/03/1979;N
Ignacio;Gallego Bezares;Leg. I;23/03/1979;18/11/1982;N
Ignacio;Gallego Bezares;Leg. III;15/07/1986;21/11/1989;N
Antonio;Gallego Burgos;Leg. IX;01/04/2008;13/12/2011;N
Antonio;Gallego Burgos;Leg. X;13/12/2011;13/01/2016;N
José Antonio;Gallego López;Leg. II;18/11/1982;15/07/1986;N
José Antonio;Gallego López;Leg. VII;05/04/2000;02/04/2004;N
Manuel;Gallent Nicola;Leg. II;18/11/1982;15/07/1986;N
Mercedes;Gallizo Llamas;Leg. VII;05/04/2000;02/04/2004;N
María Dolores;Galovart Carrera;Leg. XI;13/01/2016;19/07/2016;N
María Dolores;Galovart Carrera;Leg. XII;19/07/2016;21/05/2019;N
José Miguel;Galván Bello;Leg. Const.;14/07/1977;23/03/1979;N
José Miguel;Galván Bello;Leg. I;23/03/1979;18/11/1982;N
Concepción;Gamarra Ruiz-Clavijo;Leg. XIII;21/05/2019;03/12/2019;N
Concepción;Gamarra Ruiz-Clavijo;Leg. XIV;03/12/2019;17/08/2023;N
Concepción;Gamarra Ruiz-Clavijo;Leg. XV;17/08/2023;;S
Óscar;Gamazo Micó;Leg. XII;19/07/2016;21/05/2019;N
Óscar;Gamazo Micó;Leg. XIV;03/12/2019;17/08/2023;N
Eduardo;Gamero Mir;Leg. VI;27/03/1996;05/04/2000;N
María de las Mercedes;Gámez García;Leg. IX;01/04/2008;13/12/2011;N
María de las Mercedes;Gámez García;Leg. X;13/12/2011;13/01/2016;N
Luis;Gámir Casares;Leg. Const.;14/07/1977;23/03/1979;N
Luis;Gámir Casares;Leg. I;23/03/1979;18/11/1982;N
Luis;Gámir Casares;Leg. V;29/06/1993;27/03/1996;N
Luis;Gámir Casares;Leg. VI;27/03/1996;05/04/2000;N
Luis;Gámir Casares;Leg. VII;05/04/2000;02/04/2004;N
Luis;Gámir Casares;Leg. VIII;02/04/2004;01/04/2008;N
Jon;Gangoiti Llaguno;Leg. II;18/11/1982;15/07/1986;N
Jon;Gangoiti Llaguno;Leg. III;15/07/1986;21/11/1989;N
Miguel Ángel;Garaulet Rodríguez;Leg. XI;13/01/2016;19/07/2016;N
Miguel Ángel;Garaulet Rodríguez;Leg. XII;19/07/2016;21/05/2019;N
Miguel Ángel;Garaulet Rodríguez;Leg. XIII;21/05/2019;03/12/2019;N
Mario;Garcés Sanagustín;Leg. XIII;21/05/2019;03/12/2019;N
Mario;Garcés Sanagustín;Leg. XIV;03/12/2019;17/08/2023;N
Carlos;García Adanero;Leg. XIII;21/05/2019;03/12/2019;N
Carlos;García Adanero;Leg. XIV;03/12/2019;17/08/2023;N
Carlos;García Adanero;Leg. XV;17/08/2023;;S
Fernando;García Agudín;Leg. II;18/11/1982;15/07/1986;N
María Caridad;García Álvarez;Leg. X;13/12/2011;13/01/2016;N
Manuel;García Amigo;Leg. II;18/11/1982;15/07/1986;N
Jaime Julián;García Añoveros;Leg. Const.;14/07/1977;23/03/1979;N
Jaime Julián;García Añoveros;Leg. I;23/03/1979;18/11/1982;N
Ludivina;García Arias;Leg. I;23/03/1979;18/11/1982;N
Ludivina;García Arias;Leg. II;18/11/1982;15/07/1986;N
Ludivina;García Arias;Leg. VII;05/04/2000;02/04/2004;N
María Trinidad;García Arias;Leg. VII;05/04/2000;02/04/2004;N
Begoña;García Bernal;Leg. XV;17/08/2023;;S
Carmen;García Bloise;Leg. Const.;14/07/1977;23/03/1979;N
Carmen;García Bloise;Leg. I;23/03/1979;18/11/1982;N
Carmen;García Bloise;Leg. II;18/11/1982;15/07/1986;N
Carmen;García Bloise;Leg. III;15/07/1986;21/11/1989;N
Carmen;García Bloise;Leg. IV;21/11/1989;29/06/1993;N
Carmen;García Bloise;Leg. V;29/06/1993;27/03/1996;N
Elena;García Botín;Leg. III;15/07/1986;21/11/1989;N
Francisco Javier;García Breva;Leg. VII;05/04/2000;02/04/2004;N
Francisco Javier;García Breva;Leg. VIII;02/04/2004;01/04/2008;N
José Ramón;García Cañal;Leg. XI;13/01/2016;19/07/2016;N
José Ramón;García Cañal;Leg. XII;19/07/2016;21/05/2019;N
María Montserrat;García Chavarría;Leg. XIII;21/05/2019;03/12/2019;N
María Montserrat;García Chavarría;Leg. XIV;03/12/2019;17/08/2023;N
María Montserrat;García Chavarría;Leg. XV;17/08/2023;;S
Jesús;García Cobacho;Leg. VI;27/03/1996;05/04/2000;N
Ricardo;García Damborenea;Leg. II;18/11/1982;15/07/1986;N
Ricardo;García Damborenea;Leg. III;15/07/1986;21/11/1989;N
Eduardo;García de Sola;Leg. V;29/06/1993;27/03/1996;N
Adolfo;García de Viana Cárdenas;Leg. VI;27/03/1996;05/04/2000;N
Joaquín María;García Díez;Leg. VIII;02/04/2004;01/04/2008;N
Joaquín María;García Díez;Leg. IX;01/04/2008;13/12/2011;N
Joaquín María;García Díez;Leg. X;13/12/2011;13/01/2016;N
Joaquín María;García Díez;Leg. XI;13/01/2016;19/07/2016;N
Joaquín María;García Díez;Leg. XII;19/07/2016;21/05/2019;N
Joaquín María;García Díez;Leg. XIII;21/05/2019;03/12/2019;N
Joaquín María;García Díez;Leg. XIV;03/12/2019;17/08/2023;N
Juan Antonio;García Díez;Leg. I;23/03/1979;18/11/1982;N
Teodoro;García Egea;Leg. X;13/12/2011;13/01/2016;N
Teodoro;García Egea;Leg. XI;13/01/2016;19/07/2016;N
Teodoro;García Egea;Leg. XII;19/07/2016;21/05/2019;N
Teodoro;García Egea;Leg. XIII;21/05/2019;03/12/2019;N
Teodoro;García Egea;Leg. XIV;03/12/2019;17/08/2023;N
Eduardo;García Espinosa;Leg. II;18/11/1982;15/07/1986;N
Eduardo;García Espinosa;Leg. III;15/07/1986;21/11/1989;N
Eduardo;García Espinosa;Leg. IV;21/11/1989;29/06/1993;N
Eduardo;García Espinosa;Leg. V;29/06/1993;27/03/1996;N
Manuel;García Félix;Leg. XV;17/08/2023;;S
Rafael;García Fernández;Leg. III;15/07/1986;21/11/1989;N
Manuel;García Fonseca;Leg. III;15/07/1986;21/11/1989;N
Manuel;García Fonseca;Leg. IV;21/11/1989;29/06/1993;N
Manuel;García Fonseca;Leg. V;29/06/1993;27/03/1996;N
Luis;García Forcada;Leg. II;18/11/1982;15/07/1986;N
Paloma;García Gálvez;Leg. X;13/12/2011;13/01/2016;N
José Luis;García García;Leg. II;18/11/1982;15/07/1986;N
Tomás;García García;Leg. Const.;14/07/1977;23/03/1979;N
Tomás;García García;Leg. I;23/03/1979;18/11/1982;N
Manuel Jesús;García Garrido;Leg. Const.;14/07/1977;23/03/1979;N
Guillem;García Gasulla;Leg. X;13/12/2011;13/01/2016;N
Javier Ignacio;García Gómez;Leg. VI;27/03/1996;05/04/2000;N
Javier Ignacio;García Gómez;Leg. VII;05/04/2000;02/04/2004;N
Valentín;García Gómez;Leg. XIII;21/05/2019;03/12/2019;N
Valentín;García Gómez;Leg. XIV;03/12/2019;17/08/2023;N
David;García Gomis;Leg. XV;17/08/2023;;S
María Luisa;García Gurrutxaga;Leg. XIV;03/12/2019;17/08/2023;N
María Luisa;García Gurrutxaga;Leg. XV;17/08/2023;;S
José Ramón;García Hernández;Leg. X;13/12/2011;13/01/2016;N
José Ramón;García Hernández;Leg. XI;13/01/2016;19/07/2016;N
José Ramón;García Hernández;Leg. XII;19/07/2016;21/05/2019;N
José;García Hernando;Leg. VII;05/04/2000;02/04/2004;N
Rosario;García Linares;Leg. VI;27/03/1996;05/04/2000;N
Maribel;García López;Leg. XIII;21/05/2019;03/12/2019;N
Maribel;García López;Leg. XIV;03/12/2019;17/08/2023;N
Maribel;García López;Leg. XV;17/08/2023;;S
Blanca;García Manzanares;Leg. IV;21/11/1989;29/06/1993;N
Blanca;García Manzanares;Leg. V;29/06/1993;27/03/1996;N
Blanca;García Manzanares;Leg. VI;27/03/1996;05/04/2000;N
Blanca;García Manzanares;Leg. VII;05/04/2000;02/04/2004;N
Enrique;García Martínez;Leg. VI;27/03/1996;05/04/2000;N
Ricardo Antonio;García Mira;Leg. XI;13/01/2016;19/07/2016;N
Ricardo Antonio;García Mira;Leg. XII;19/07/2016;21/05/2019;N
Antonio;García Miralles;Leg. Const.;14/07/1977;23/03/1979;N
Antonio;García Miralles;Leg. I;23/03/1979;18/11/1982;N
Antonio;García Miralles;Leg. II;18/11/1982;15/07/1986;N
Javier Aureliano;García Molina;Leg. XIII;21/05/2019;03/12/2019;N
Roberto;García Morís;Leg. XIII;21/05/2019;03/12/2019;N
Roberto;García Morís;Leg. XIV;03/12/2019;17/08/2023;N
Roberto;García Morís;Leg. XV;17/08/2023;;S
Ezequiel;García Nieto;Leg. XIV;03/12/2019;17/08/2023;N
Antonio;García Olid;Leg. II;18/11/1982;15/07/1986;N
Alejandro;García Orta;Leg. XIII;21/05/2019;03/12/2019;N
Iratxe;García Pérez;Leg. VII;05/04/2000;02/04/2004;N
José;García Pérez;Leg. Const.;14/07/1977;23/03/1979;N
José;García Pérez;Leg. I;23/03/1979;18/11/1982;N
Julio;García Pérez;Leg. Const.;14/07/1977;23/03/1979;N
Pablo;García Pérez;Leg. X;13/12/2011;13/01/2016;N
María del Mar;García Puig;Leg. XI;13/01/2016;19/07/2016;N
María del Mar;García Puig;Leg. XII;19/07/2016;21/05/2019;N
María del Mar;García Puig;Leg. XIII;21/05/2019;03/12/2019;N
María del Mar;García Puig;Leg. XIV;03/12/2019;17/08/2023;N
Emilio;García Pumarino Ramos;Leg. Const.;14/07/1977;23/03/1979;N
Emilio;García Pumarino Ramos;Leg. I;23/03/1979;18/11/1982;N
José María;García Quer;Leg. III;15/07/1986;21/11/1989;N
José María;García Quer;Leg. IV;21/11/1989;29/06/1993;N
José Luis;García Raya;Leg. II;18/11/1982;15/07/1986;N
Alicia;García Rodríguez;Leg. XIII;21/05/2019;03/12/2019;N
Alicia;García Rodríguez;Leg. XIV;03/12/2019;17/08/2023;N
Cipriano;García Rollán;Leg. Const.;14/07/1977;23/03/1979;N
Cipriano;García Rollán;Leg. I;23/03/1979;18/11/1982;N
Angel;García Ronda;Leg. II;18/11/1982;15/07/1986;N
Ángel;García Ronda;Leg. III;15/07/1986;21/11/1989;N
Angel;García Ronda;Leg. IV;21/11/1989;29/06/1993;N
Angel;García Ronda;Leg. V;29/06/1993;27/03/1996;N
Sara;García Ruiz;Leg. IX;01/04/2008;13/12/2011;N
Cipriano;García Sánchez;Leg. Const.;14/07/1977;23/03/1979;N
Cipriano;García Sánchez;Leg. I;23/03/1979;18/11/1982;N
Eva;García Sempere;Leg. XII;19/07/2016;21/05/2019;N
Eva;García Sempere;Leg. XIII;21/05/2019;03/12/2019;N
Teresa;García Sena;Leg. IX;01/04/2008;13/12/2011;N
Teresa;García Sena;Leg. X;13/12/2011;13/01/2016;N
Mª Carme;García Suárez;Leg. VIII;02/04/2004;01/04/2008;N
Isabel;García Tejerina;Leg. XI;13/01/2016;19/07/2016;N
Isabel;García Tejerina;Leg. XII;19/07/2016;21/05/2019;N
Isabel;García Tejerina;Leg. XIII;21/05/2019;03/12/2019;N
Isabel;García Tejerina;Leg. XIV;03/12/2019;17/08/2023;N
Sebastián;García Tomás;Leg. II;18/11/1982;15/07/1986;N
José María;García Urbano;Leg. XI;13/01/2016;19/07/2016;N
Antonia;García Valls;Leg. VIII;02/04/2004;01/04/2008;N
Antonia;García Valls;Leg. IX;01/04/2008;13/12/2011;N
Francisco;García Vico;Leg. IV;21/11/1989;29/06/1993;N
Manuela;García Villamayor;Leg. V;29/06/1993;27/03/1996;N
Elena;García-Alcañiz Calvo;Leg. IV;21/11/1989;29/06/1993;N
Elena;García-Alcañiz Calvo;Leg. V;29/06/1993;27/03/1996;N
Elena;García-Alcañiz Calvo;Leg. VI;27/03/1996;05/04/2000;N
Elena;García-Alcañiz Calvo;Leg. VII;05/04/2000;02/04/2004;N
Elena;García-Alcañiz Calvo;Leg. VIII;02/04/2004;01/04/2008;N
Jenaro;García-Arreciado Batanero;Leg. II;18/11/1982;15/07/1986;N
Jenaro;García-Arreciado Batanero;Leg. III;15/07/1986;21/11/1989;N
Jenaro;García-Arreciado Batanero;Leg. IV;21/11/1989;29/06/1993;N
Jenaro;García-Arreciado Batanero;Leg. V;29/06/1993;27/03/1996;N
Jenaro;García-Arreciado Batanero;Leg. VI;27/03/1996;05/04/2000;N
Dolores;García-Hierro Caraballo;Leg. VI;27/03/1996;05/04/2000;N
Dolores;García-Hierro Caraballo;Leg. VII;05/04/2000;02/04/2004;N
Dolores;García-Hierro Caraballo;Leg. VIII;02/04/2004;01/04/2008;N
Jaime;García-Legaz Ponce;Leg. IX;01/04/2008;13/12/2011;N
Jaime;García-Legaz Ponce;Leg. X;13/12/2011;13/01/2016;N
José Manuel;García-Margallo y Marfil;Leg. Const.;14/07/1977;23/03/1979;N
José Manuel;García-Margallo y Marfil;Leg. I;23/03/1979;18/11/1982;N
José Manuel;García-Margallo y Marfil;Leg. III;15/07/1986;21/11/1989;N
José Manuel;García-Margallo y Marfil;Leg. IV;21/11/1989;29/06/1993;N
José Manuel;García-Margallo y Marfil;Leg. V;29/06/1993;27/03/1996;N
José Manuel;García-Margallo y Marfil;Leg. XI;13/01/2016;19/07/2016;N
José Manuel;García-Margallo y Marfil;Leg. XII;19/07/2016;21/05/2019;N
Carmela;García-Moreno Teixeira;Leg. I;23/03/1979;18/11/1982;N
Carmela;García-Moreno Teixeira;Leg. II;18/11/1982;15/07/1986;N
Antonio;García-Pagán Zamora;Leg. II;18/11/1982;15/07/1986;N
Antonio;García-Pagán Zamora;Leg. III;15/07/1986;21/11/1989;N
María José;García-Pelayo Jurado;Leg. XI;13/01/2016;19/07/2016;N
María José;García-Pelayo Jurado;Leg. XII;19/07/2016;21/05/2019;N
María José;García-Pelayo Jurado;Leg. XIII;21/05/2019;03/12/2019;N
María José;García-Pelayo Jurado;Leg. XIV;03/12/2019;17/08/2023;N
Rafael María;García-Rico Fernández;Leg. V;29/06/1993;27/03/1996;N
Joaquín;García-Romanillos Valverde;Leg. Const.;14/07/1977;23/03/1979;N
Joaquín;García-Romanillos Valverde;Leg. I;23/03/1979;18/11/1982;N
Antonio;Garcías Coll;Leg. IX;01/04/2008;13/12/2011;N
Antonio Juan;García-Santesmases Martín-Tesorero;Leg. VI;27/03/1996;05/04/2000;N
Arturo;García-Tizón López;Leg. II;18/11/1982;15/07/1986;N
Arturo;García-Tizón López;Leg. III;15/07/1986;21/11/1989;N
Arturo;García-Tizón López;Leg. IX;01/04/2008;13/12/2011;N
Arturo;García-Tizón López;Leg. X;13/12/2011;13/01/2016;N
Arturo;García-Tizón López;Leg. XI;13/01/2016;19/07/2016;N
Arturo;García-Tizón López;Leg. XII;19/07/2016;21/05/2019;N
Julia;García-Valdecasas Salgado;Leg. VIII;02/04/2004;01/04/2008;N
Francisco;Gari Mir;Leg. Const.;14/07/1977;23/03/1979;N
Francisco;Gari Mir;Leg. I;23/03/1979;18/11/1982;N
Koro;Garmendia Galbete;Leg. IV;21/11/1989;29/06/1993;N
Alberto;Garre López;Leg. VIII;02/04/2004;01/04/2008;N
Alberto;Garre López;Leg. IX;01/04/2008;13/12/2011;N
Cristóbal;Garre Murcia;Leg. XV;17/08/2023;;S
Ramón;Garrido Aguera;Leg. III;15/07/1986;21/11/1989;N
Pilar;Garrido Gutiérrez;Leg. XIII;21/05/2019;03/12/2019;N
Pilar;Garrido Gutiérrez;Leg. XIV;03/12/2019;17/08/2023;N
José Manuel;Garrido Guzmán;Leg. II;18/11/1982;15/07/1986;N
Elisa;Garrido Jiménez;Leg. XV;17/08/2023;;S
Francisco de Asís;Garrido Peña;Leg. VIII;02/04/2004;01/04/2008;N
Fernando;Garrido Valenzuela;Leg. II;18/11/1982;15/07/1986;N
Irene;Garrido Valenzuela;Leg. X;13/12/2011;13/01/2016;N
Irene;Garrido Valenzuela;Leg. XI;13/01/2016;19/07/2016;N
Irene;Garrido Valenzuela;Leg. XII;19/07/2016;21/05/2019;N
Irene;Garrido Valenzuela;Leg. XV;17/08/2023;;S
Salvador;Garriga Polledo;Leg. IV;21/11/1989;29/06/1993;N
Ignacio;Garriga Vaz de Concicao;Leg. XIII;21/05/2019;03/12/2019;N
Ignacio;Garriga Vaz de Concicao;Leg. XIV;03/12/2019;17/08/2023;N
Joaquín;Garrigues Walker;Leg. Const.;14/07/1977;23/03/1979;N
Joaquín;Garrigues Walker;Leg. I;23/03/1979;18/11/1982;N
Antonio;Garrosa Resina;Leg. III;15/07/1986;21/11/1989;N
Alberto;Garzón Espinosa;Leg. X;13/12/2011;13/01/2016;N
Alberto;Garzón Espinosa;Leg. XI;13/01/2016;19/07/2016;N
Alberto;Garzón Espinosa;Leg. XII;19/07/2016;21/05/2019;N
Alberto;Garzón Espinosa;Leg. XIII;21/05/2019;03/12/2019;N
Alberto;Garzón Espinosa;Leg. XIV;03/12/2019;17/08/2023;N
Baltasar;Garzón Garzón;Leg. IV;21/11/1989;29/06/1993;N
Baltasar;Garzón Real;Leg. V;29/06/1993;27/03/1996;N
Ernesto José;Gasco Gonzalo;Leg. IX;01/04/2008;13/12/2011;N
Carles Alfred;Gasoliba i Bohm;Leg. I;23/03/1979;18/11/1982;N
Carles Alfred;Gasoliba i Bohm;Leg. II;18/11/1982;15/07/1986;N
Carles Alfred;Gasoliba i Bohm;Leg. III;15/07/1986;21/11/1989;N
Jaime;Gaspar Auria;Leg. Const.;14/07/1977;23/03/1979;N
Marta;Gastón Menal;Leg. IX;01/04/2008;13/12/2011;N
Emilio;Gastón Sanz;Leg. Const.;14/07/1977;23/03/1979;N
Ricardo;Gatzagaetxebarría Bastida;Leg. IV;21/11/1989;29/06/1993;N
Ricardo;Gatzagaetxebarría Bastida;Leg. V;29/06/1993;27/03/1996;N
Angel José;Gavilán Arganda;Leg. II;18/11/1982;15/07/1986;N
Isidre;Gavin i Valls;Leg. XV;17/08/2023;;S
Francisco;Gaviña Ribelles;Leg. II;18/11/1982;15/07/1986;N
José Antonio;Gayarre Bermejo;Leg. IV;21/11/1989;29/06/1993;N
José Antonio;Gayarre Bermejo;Leg. V;29/06/1993;27/03/1996;N
Paloma;Gázquez Collado;Leg. XIII;21/05/2019;03/12/2019;N
Paloma;Gázquez Collado;Leg. XIV;03/12/2019;17/08/2023;N
Susana Carmen;Germán Laguna;Leg. IV;21/11/1989;29/06/1993;N
Luis;Gestoso de Miguel;Leg. XIV;03/12/2019;17/08/2023;N
Juan;Gich Bech de Careda;Leg. Const.;14/07/1977;23/03/1979;N
Esther;Gil de Reboleño Lastortres;Leg. XV;17/08/2023;;S
Carme Laura;Gil i Miró;Leg. VI;27/03/1996;05/04/2000;N
Ignacio;Gil Lázaro;Leg. II;18/11/1982;15/07/1986;N
Ignacio;Gil Lázaro;Leg. III;15/07/1986;21/11/1989;N
Ignacio;Gil Lázaro;Leg. V;29/06/1993;27/03/1996;N
Ignacio;Gil Lázaro;Leg. VI;27/03/1996;05/04/2000;N
Ignacio;Gil Lázaro;Leg. VII;05/04/2000;02/04/2004;N
Ignacio;Gil Lázaro;Leg. VIII;02/04/2004;01/04/2008;N
Ignacio;Gil Lázaro;Leg. IX;01/04/2008;13/12/2011;N
Ignacio;Gil Lázaro;Leg. X;13/12/2011;13/01/2016;N
Ignacio;Gil Lázaro;Leg. XIII;21/05/2019;03/12/2019;N
Ignacio;Gil Lázaro;Leg. XIV;03/12/2019;17/08/2023;N
Ignacio;Gil Lázaro;Leg. XV;17/08/2023;;S
María Yolanda;Gil López;Leg. VII;05/04/2000;02/04/2004;N
Juan Antonio;Gil Melgarejo;Leg. VI;27/03/1996;05/04/2000;N
Carlos;Gil Santiago;Leg. XV;17/08/2023;;S
Carlos Alfonso;Gila González;Leg. Const.;14/07/1977;23/03/1979;N
Carlos Alfonso;Gila González;Leg. I;23/03/1979;18/11/1982;N
Carlos Alfonso;Gila González;Leg. II;18/11/1982;15/07/1986;N
José María;Gil-Albert Velarde;Leg. Const.;14/07/1977;23/03/1979;N
José María;Gil-Albert Velarde;Leg. I;23/03/1979;18/11/1982;N
Francisco;Gilet Girart;Leg. V;29/06/1993;27/03/1996;N
Sara;Giménez Giménez;Leg. XIII;21/05/2019;03/12/2019;N
Sara;Giménez Giménez;Leg. XIV;03/12/2019;17/08/2023;N
Fernando;Gimeno Marín;Leg. II;18/11/1982;15/07/1986;N
Fernando;Gimeno Marín;Leg. III;15/07/1986;21/11/1989;N
Fernando;Gimeno Marín;Leg. IV;21/11/1989;29/06/1993;N
Fernando;Gimeno Marín;Leg. V;29/06/1993;27/03/1996;N
Fernando;Gimeno Marín;Leg. VI;27/03/1996;05/04/2000;N
Alfredo;Gimeno Ortiz;Leg. V;29/06/1993;27/03/1996;N
Manuel;Giner Miralles;Leg. II;18/11/1982;15/07/1986;N
Juan Carlos;Girauta Vidal;Leg. XI;13/01/2016;19/07/2016;N
Juan Carlos;Girauta Vidal;Leg. XII;19/07/2016;21/05/2019;N
Juan Carlos;Girauta Vidal;Leg. XIII;21/05/2019;03/12/2019;N
José Manuel;Girela de la Fuente;Leg. X;13/12/2011;13/01/2016;N
José Manuel;Girela de la Fuente;Leg. XI;13/01/2016;19/07/2016;N
Ignacio Javier;Gomara Granada;Leg. II;18/11/1982;15/07/1986;N
Juan Antonio;Gómez Angulo;Leg. Const.;14/07/1977;23/03/1979;N
Juan Antonio;Gómez Angulo;Leg. I;23/03/1979;18/11/1982;N
Marcial;Gómez Balsera;Leg. XI;13/01/2016;19/07/2016;N
Marcial;Gómez Balsera;Leg. XII;19/07/2016;21/05/2019;N
Marcial;Gómez Balsera;Leg. XIII;21/05/2019;03/12/2019;N
José Ramón;Gómez Besteiro;Leg. XV;17/08/2023;;S
José Domingo;Gómez Castallo;Leg. II;18/11/1982;15/07/1986;N
Javier;Gómez Darmendrail;Leg. IV;21/11/1989;29/06/1993;N
Javier;Gómez Darmendrail;Leg. V;29/06/1993;27/03/1996;N
Javier;Gómez Darmendrail;Leg. VI;27/03/1996;05/04/2000;N
Javier;Gómez Darmendrail;Leg. VII;05/04/2000;02/04/2004;N
Javier;Gómez Darmendrail;Leg. VIII;02/04/2004;01/04/2008;N
Javier;Gómez Darmendrail;Leg. IX;01/04/2008;13/12/2011;N
Pedro Ramón;Gómez de la Serna y Villacieros;Leg. X;13/12/2011;13/01/2016;N
Pedro Ramón;Gómez de la Serna y Villacieros;Leg. XI;13/01/2016;19/07/2016;N
Hipólito;Gómez de las Roces;Leg. Const.;14/07/1977;23/03/1979;N
Hipólito;Gómez de las Roces;Leg. I;23/03/1979;18/11/1982;N
Hipólito;Gómez de las Roces;Leg. II;18/11/1982;15/07/1986;N
Hipólito;Gómez de las Roces;Leg. III;15/07/1986;21/11/1989;N
Gerard;Gómez del Moral Fuster;Leg. XIII;21/05/2019;03/12/2019;N
Eulogio;Gómez Franqueira;Leg. Const.;14/07/1977;23/03/1979;N
Eulogio;Gómez Franqueira;Leg. I;23/03/1979;18/11/1982;N
Eulogio;Gómez Franqueira;Leg. II;18/11/1982;15/07/1986;N
María Lucía;Gómez García;Leg. V;29/06/1993;27/03/1996;N
Rodrigo;Gómez García;Leg. XI;13/01/2016;19/07/2016;N
Rodrigo;Gómez García;Leg. XII;19/07/2016;21/05/2019;N
Rodrigo;Gómez García;Leg. XIII;21/05/2019;03/12/2019;N
Rubén;Gómez González;Leg. XIII;21/05/2019;03/12/2019;N
Héctor;Gómez Hernández;Leg. XIII;21/05/2019;03/12/2019;N
Héctor;Gómez Hernández;Leg. XIV;03/12/2019;17/08/2023;N
Héctor;Gómez Hernández;Leg. XV;17/08/2023;;S
Luis;Gómez Llorente;Leg. Const.;14/07/1977;23/03/1979;N
Luis;Gómez Llorente;Leg. I;23/03/1979;18/11/1982;N
Guillermo;Gómez Martínez-Conde;Leg. V;29/06/1993;27/03/1996;N
Sócrates;Gómez Pérez;Leg. Const.;14/07/1977;23/03/1979;N
Luis Antonio;Gómez Piña;Leg. IX;01/04/2008;13/12/2011;N
Luis Antonio;Gómez Piña;Leg. XV;17/08/2023;;S
Jesús José;Gómez Rodríguez;Leg. VI;27/03/1996;05/04/2000;N
Tomás Valeriano;Gómez Sánchez;Leg. X;13/12/2011;13/01/2016;N
Mª Gloria;Gómez Santamaría;Leg. VIII;02/04/2004;01/04/2008;N
Mª Gloria;Gómez Santamaría;Leg. IX;01/04/2008;13/12/2011;N
Juan Antonio;Gómez Trinidad;Leg. IX;01/04/2008;13/12/2011;N
Antonio;Gómez Vázquez;Leg. IV;21/11/1989;29/06/1993;N
Antonio;Gómez Vázquez;Leg. V;29/06/1993;27/03/1996;N
Sergio;Gómez-Alba Ruiz;Leg. V;29/06/1993;27/03/1996;N
Sergio;Gómez-Alba Ruiz;Leg. VI;27/03/1996;05/04/2000;N
Sergio;Gómez-Alba Ruiz;Leg. VII;05/04/2000;02/04/2004;N
Antonio;Gómez-Reino Varela;Leg. XI;13/01/2016;19/07/2016;N
Antonio;Gómez-Reino Varela;Leg. XII;19/07/2016;21/05/2019;N
Antonio;Gómez-Reino Varela;Leg. XIII;21/05/2019;03/12/2019;N
Antonio;Gómez-Reino Varela;Leg. XIV;03/12/2019;17/08/2023;N
Teresa;Gomis de Barbarà;Leg. X;13/12/2011;13/01/2016;N
Josep;Gomis i Martí;Leg. II;18/11/1982;15/07/1986;N
Josep;Gomis i Martí;Leg. III;15/07/1986;21/11/1989;N
Josefa Inmaculada;González Bayo;Leg. XI;13/01/2016;19/07/2016;N
Josefa Inmaculada;González Bayo;Leg. XII;19/07/2016;21/05/2019;N
María del Mar;González Bella;Leg. XV;17/08/2023;;S
Franco;González Blázquez;Leg. V;29/06/1993;27/03/1996;N
Miguel Ángel;González Caballero;Leg. XIII;21/05/2019;03/12/2019;N
Miguel Ángel;González Caballero;Leg. XIV;03/12/2019;17/08/2023;N
Francisco;González Cabaña;Leg. X;13/12/2011;13/01/2016;N
Víctor;González Coello de Portugal;Leg. XIV;03/12/2019;17/08/2023;N
Joxe Joan;González de Txabarri Miranda;Leg. IV;21/11/1989;29/06/1993;N
Joxe Joan;González de Txabarri Miranda;Leg. V;29/06/1993;27/03/1996;N
Joxe Joan;González de Txabarri Miranda;Leg. VI;27/03/1996;05/04/2000;N
Joxe Joan;González de Txabarri Miranda;Leg. VII;05/04/2000;02/04/2004;N
María José;González del Valle García de la Peña;Leg. VII;05/04/2000;02/04/2004;N
José;González Delgado;Leg. I;23/03/1979;18/11/1982;N
Manuel;González Fernández;Leg. VI;27/03/1996;05/04/2000;N
Mercedes;González Fernández;Leg. XV;17/08/2023;;S
José Antonio;González García;Leg. Const.;14/07/1977;23/03/1979;N
José Antonio;González García;Leg. I;23/03/1979;18/11/1982;N
José Manuel;González García;Leg. II;18/11/1982;15/07/1986;N
José Manuel;González García;Leg. III;15/07/1986;21/11/1989;N
José Manuel;González García;Leg. IV;21/11/1989;29/06/1993;N
José Manuel;González García;Leg. V;29/06/1993;27/03/1996;N
Segundo;González García;Leg. XI;13/01/2016;19/07/2016;N
Segundo;González García;Leg. XII;19/07/2016;21/05/2019;N
Sixto;González García;Leg. IX;01/04/2008;13/12/2011;N
Juan Antonio;González Gracia;Leg. XV;17/08/2023;;S
María del Carmen;González Guinda;Leg. XI;13/01/2016;19/07/2016;N
María del Carmen;González Guinda;Leg. XII;19/07/2016;21/05/2019;N
María del Carmen;González Guinda;Leg. XIII;21/05/2019;03/12/2019;N
María del Carmen;González Guinda;Leg. XIV;03/12/2019;17/08/2023;N
Concepción;González Gutiérrez;Leg. VIII;02/04/2004;01/04/2008;N
Concepción;González Gutiérrez;Leg. X;13/12/2011;13/01/2016;N
Ana;González Herdaro;Leg. XV;17/08/2023;;S
Natividad;González Laso;Leg. XIV;03/12/2019;17/08/2023;N
Vicente;González Lizondo;Leg. IV;21/11/1989;29/06/1993;N
Vicente;González Lizondo;Leg. V;29/06/1993;27/03/1996;N
Armando;González López;Leg. VIII;02/04/2004;01/04/2008;N
Nahuel;González López;Leg. XV;17/08/2023;;S
José Luis;González Marcos;Leg. Const.;14/07/1977;23/03/1979;N
Felipe;González Márquez;Leg. Const.;14/07/1977;23/03/1979;N
Felipe;González Márquez;Leg. I;23/03/1979;18/11/1982;N
Felipe;González Márquez;Leg. II;18/11/1982;15/07/1986;N
Felipe;González Márquez;Leg. III;15/07/1986;21/11/1989;N
Felipe;González Márquez;Leg. IV;21/11/1989;29/06/1993;N
Felipe;González Márquez;Leg. V;29/06/1993;27/03/1996;N
Felipe;González Márquez;Leg. VI;27/03/1996;05/04/2000;N
Felipe;González Márquez;Leg. VII;05/04/2000;02/04/2004;N
Onésimo Eduardo;González Martínez;Leg. XI;13/01/2016;19/07/2016;N
José Miguel;González Moraga;Leg. VIII;02/04/2004;01/04/2008;N
Ángel Luis;González Muñoz;Leg. IX;01/04/2008;13/12/2011;N
Ángel Luis;González Muñoz;Leg. X;13/12/2011;13/01/2016;N
Ángel Luis;González Muñoz;Leg. XI;13/01/2016;19/07/2016;N
Ángel Luis;González Muñoz;Leg. XII;19/07/2016;21/05/2019;N
Ángel Luis;González Muñoz;Leg. XIV;03/12/2019;17/08/2023;N
Dionisio;González Otazo;Leg. I;23/03/1979;18/11/1982;N
Dionisio;González Otazo;Leg. II;18/11/1982;15/07/1986;N
Natalia;González Peláez;Leg. XII;19/07/2016;21/05/2019;N
Ariagona;González Pérez;Leg. XIII;21/05/2019;03/12/2019;N
Ariagona;González Pérez;Leg. XIV;03/12/2019;17/08/2023;N
Francisco Antonio;González Pérez;Leg. V;29/06/1993;27/03/1996;N
Francisco Antonio;González Pérez;Leg. VI;27/03/1996;05/04/2000;N
Francisco Antonio;González Pérez;Leg. VII;05/04/2000;02/04/2004;N
Francisco Antonio;González Pérez;Leg. VIII;02/04/2004;01/04/2008;N
Francisco Antonio;González Pérez;Leg. IX;01/04/2008;13/12/2011;N
Esteban;González Pons;Leg. IX;01/04/2008;13/12/2011;N
Esteban;González Pons;Leg. X;13/12/2011;13/01/2016;N
Esteban;González Pons;Leg. XV;17/08/2023;;S
Manuel Gabriel;González Ramos;Leg. X;13/12/2011;13/01/2016;N
Manuel Gabriel;González Ramos;Leg. XI;13/01/2016;19/07/2016;N
Manuel Gabriel;González Ramos;Leg. XII;19/07/2016;21/05/2019;N
Manuel Gabriel;González Ramos;Leg. XIII;21/05/2019;03/12/2019;N
Manuel Gabriel;González Ramos;Leg. XIV;03/12/2019;17/08/2023;N
Adolfo;González Revenga;Leg. VI;27/03/1996;05/04/2000;N
Adolfo Luis;González Rodríguez;Leg. VIII;02/04/2004;01/04/2008;N
Adolfo Luis;González Rodríguez;Leg. IX;01/04/2008;13/12/2011;N
Miguel;González Rodríguez;Leg. IX;01/04/2008;13/12/2011;N
María Luisa;González Santín;Leg. X;13/12/2011;13/01/2016;N
Luis;González Seara;Leg. I;23/03/1979;18/11/1982;N
Pilar;González Segura;Leg. VIII;02/04/2004;01/04/2008;N
Pilar;González Segura;Leg. IX;01/04/2008;13/12/2011;N
Carlos;González Serna;Leg. VIII;02/04/2004;01/04/2008;N
Carlos;González Serna;Leg. IX;01/04/2008;13/12/2011;N
Justo;González Serna;Leg. VII;05/04/2000;02/04/2004;N
María Guadalupe;González Taño;Leg. XIII;21/05/2019;03/12/2019;N
Antonio;González Terol;Leg. XI;13/01/2016;19/07/2016;N
Antonio;González Terol;Leg. XII;19/07/2016;21/05/2019;N
Antonio;González Terol;Leg. XIII;21/05/2019;03/12/2019;N
Antonio;González Terol;Leg. XIV;03/12/2019;17/08/2023;N
Enrique;González Vaello;Leg. II;18/11/1982;15/07/1986;N
Luis;González Vázquez;Leg. Const.;14/07/1977;23/03/1979;N
Marta;González Vázquez;Leg. X;13/12/2011;13/01/2016;N
Marta;González Vázquez;Leg. XI;13/01/2016;19/07/2016;N
Marta;González Vázquez;Leg. XII;19/07/2016;21/05/2019;N
Marta;González Vázquez;Leg. XIII;21/05/2019;03/12/2019;N
Marta;González Vázquez;Leg. XIV;03/12/2019;17/08/2023;N
Marta;González Vázquez;Leg. XV;17/08/2023;;S
Sebastián;González Vázquez;Leg. VIII;02/04/2004;01/04/2008;N
Sebastián;González Vázquez;Leg. IX;01/04/2008;13/12/2011;N
Sebastián;González Vázquez;Leg. X;13/12/2011;13/01/2016;N
María;González Veracruz;Leg. X;13/12/2011;13/01/2016;N
María;González Veracruz;Leg. XI;13/01/2016;19/07/2016;N
María;González Veracruz;Leg. XII;19/07/2016;21/05/2019;N
Luis;González Vigil;Leg. VII;05/04/2000;02/04/2004;N
Fernando Juan;González Vila;Leg. Const.;14/07/1977;23/03/1979;N
Fernando Juan;González Vila;Leg. I;23/03/1979;18/11/1982;N
Francisco;González Zapico;Leg. II;18/11/1982;15/07/1986;N
Francisco;González Zapico;Leg. III;15/07/1986;21/11/1989;N
Javier;González-Estéfani Aguilera;Leg. II;18/11/1982;15/07/1986;N
Javier;González-Estéfani Aguilera;Leg. III;15/07/1986;21/11/1989;N
Manuel;González-Herrero González;Leg. VI;27/03/1996;05/04/2000;N
Jacobo;González-Robatto Perote;Leg. XV;17/08/2023;;S
Juan Luis;Gordo Pérez;Leg. X;13/12/2011;13/01/2016;N
Juan Luis;Gordo Pérez;Leg. XI;13/01/2016;19/07/2016;N
Juan Luis;Gordo Pérez;Leg. XII;19/07/2016;21/05/2019;N
Josune;Gorospe Elezcano;Leg. XIII;21/05/2019;03/12/2019;N
Josune;Gorospe Elezcano;Leg. XIV;03/12/2019;17/08/2023;N
María Dolores;Gorostiaga Saiz;Leg. V;29/06/1993;27/03/1996;N
María Dolores;Gorostiaga Saiz;Leg. VII;05/04/2000;02/04/2004;N
Eva María;Gorri Gil;Leg. VII;05/04/2000;02/04/2004;N
Ana;Gorroño Arrizabalaga;Leg. II;18/11/1982;15/07/1986;N
Miren;Gorrotxategi Azurmendi;Leg. XIII;21/05/2019;03/12/2019;N
Guillermo;Gortázar Echeverría;Leg. V;29/06/1993;27/03/1996;N
Guillermo;Gortázar Echeverría;Leg. VI;27/03/1996;05/04/2000;N
Guillermo;Gortázar Echeverría;Leg. VII;05/04/2000;02/04/2004;N
Enrique;Gozalbes Cravioto;Leg. II;18/11/1982;15/07/1986;N
Marta;Gracia Blanco;Leg. XV;17/08/2023;;S
María Pilar;Gracia Jiménez;Leg. VII;05/04/2000;02/04/2004;N
Manuel;Gracia Navarro;Leg. I;23/03/1979;18/11/1982;N
Isidoro;Gracia Plaza;Leg. I;23/03/1979;18/11/1982;N
Isidoro;Gracia Plaza;Leg. II;18/11/1982;15/07/1986;N
Isidoro;Gracia Plaza;Leg. III;15/07/1986;21/11/1989;N
Isidoro;Gracia Plaza;Leg. IV;21/11/1989;29/06/1993;N
Esteban;Granado Bombín;Leg. Const.;14/07/1977;23/03/1979;N
Esteban;Granado Bombín;Leg. I;23/03/1979;18/11/1982;N
Octavio;Granado Martínez;Leg. IX;01/04/2008;13/12/2011;N
Francisco;Granados Calero;Leg. II;18/11/1982;15/07/1986;N
Francisco;Granados Calero;Leg. III;15/07/1986;21/11/1989;N
Pilar;Grande Pesquero;Leg. VIII;02/04/2004;01/04/2008;N
Pilar;Grande Pesquero;Leg. IX;01/04/2008;13/12/2011;N
Pilar;Grande Pesquero;Leg. X;13/12/2011;13/01/2016;N
Fernando;Grande-Marlaska Gómez;Leg. XIII;21/05/2019;03/12/2019;N
Fernando;Grande-Marlaska Gómez;Leg. XIV;03/12/2019;17/08/2023;N
Fernando;Grande-Marlaska Gómez;Leg. XV;17/08/2023;;S
Luis de;Grandes Pascual;Leg. Const.;14/07/1977;23/03/1979;N
Luis de;Grandes Pascual;Leg. I;23/03/1979;18/11/1982;N
Luis de;Grandes Pascual;Leg. III;15/07/1986;21/11/1989;N
Luis de;Grandes Pascual;Leg. V;29/06/1993;27/03/1996;N
Luis de;Grandes Pascual;Leg. VI;27/03/1996;05/04/2000;N
Luis de;Grandes Pascual;Leg. VII;05/04/2000;02/04/2004;N
Luis de;Grandes Pascual;Leg. VIII;02/04/2004;01/04/2008;N
Inés;Granollers Cunillera;Leg. XIII;21/05/2019;03/12/2019;N
Inés;Granollers Cunillera;Leg. XIV;03/12/2019;17/08/2023;N
Inés;Granollers Cunillera;Leg. XV;17/08/2023;;S
Pere;Grau i Buldú;Leg. VII;05/04/2000;02/04/2004;N
Pere;Grau i Buldú;Leg. VIII;02/04/2004;01/04/2008;N
Josep;Grau i Serís;Leg. V;29/06/1993;27/03/1996;N
Juan Carlos;Grau Reinés;Leg. IX;01/04/2008;13/12/2011;N
Juan Carlos;Grau Reinés;Leg. X;13/12/2011;13/01/2016;N
Josep Lluís;Grau Valles;Leg. X;13/12/2011;13/01/2016;N
José de;Gregorio Torres;Leg. II;18/11/1982;15/07/1986;N
José de;Gregorio Torres;Leg. III;15/07/1986;21/11/1989;N
José de;Gregorio Torres;Leg. IV;21/11/1989;29/06/1993;N
José Antonio;Griñán Martínez;Leg. V;29/06/1993;27/03/1996;N
José Antonio;Griñán Martínez;Leg. VI;27/03/1996;05/04/2000;N
José Antonio;Griñán Martínez;Leg. VII;05/04/2000;02/04/2004;N
Sandra;Guaita Esteruelas;Leg. XIV;03/12/2019;17/08/2023;N
Inmaculada;Guaita Vañó;Leg. IX;01/04/2008;13/12/2011;N
Inmaculada;Guaita Vañó;Leg. X;13/12/2011;13/01/2016;N
Ignasi;Guardans i Cambó;Leg. VI;27/03/1996;05/04/2000;N
Ignasi;Guardans i Cambó;Leg. VII;05/04/2000;02/04/2004;N
Mirian;Guardiola Salmerón;Leg. XV;17/08/2023;;S
Felipe Guillermo;Guardiola Selles;Leg. I;23/03/1979;18/11/1982;N
Felipe Guillermo;Guardiola Selles;Leg. II;18/11/1982;15/07/1986;N
Ana Cristina;Guarinos López;Leg. VII;05/04/2000;02/04/2004;N
Carlos;Güell de Sentmenat;Leg. Const.;14/07/1977;23/03/1979;N
Javier Jorge;Guerra Fernández;Leg. IX;01/04/2008;13/12/2011;N
Ana María;Guerra Galván;Leg. VII;05/04/2000;02/04/2004;N
Alfonso;Guerra González;Leg. Const.;14/07/1977;23/03/1979;N
Alfonso;Guerra González;Leg. I;23/03/1979;18/11/1982;N
Alfonso;Guerra González;Leg. II;18/11/1982;15/07/1986;N
Alfonso;Guerra González;Leg. III;15/07/1986;21/11/1989;N
Alfonso;Guerra González;Leg. IV;21/11/1989;29/06/1993;N
Alfonso;Guerra González;Leg. V;29/06/1993;27/03/1996;N
Alfonso;Guerra González;Leg. VI;27/03/1996;05/04/2000;N
Alfonso;Guerra González;Leg. VII;05/04/2000;02/04/2004;N
Alfonso;Guerra González;Leg. VIII;02/04/2004;01/04/2008;N
Alfonso;Guerra González;Leg. IX;01/04/2008;13/12/2011;N
Alfonso;Guerra González;Leg. X;13/12/2011;13/01/2016;N
María del Carmen;Guerra Guerra;Leg. IX;01/04/2008;13/12/2011;N
Rodolf;Guerra i Fontana;Leg. Const.;14/07/1977;23/03/1979;N
Rodolf;Guerra i Fontana;Leg. I;23/03/1979;18/11/1982;N
Rodolf;Guerra i Fontana;Leg. II;18/11/1982;15/07/1986;N
Sonia;Guerra López;Leg. XIII;21/05/2019;03/12/2019;N
Sonia;Guerra López;Leg. XIV;03/12/2019;17/08/2023;N
Sonia;Guerra López;Leg. XV;17/08/2023;;S
María Belén;Guerra Mansito;Leg. XI;13/01/2016;19/07/2016;N
Juan Carlos;Guerra Zunzunegui;Leg. III;15/07/1986;21/11/1989;N
Juan Carlos;Guerra Zunzunegui;Leg. IV;21/11/1989;29/06/1993;N
Juan Carlos;Guerra Zunzunegui;Leg. V;29/06/1993;27/03/1996;N
Juan Carlos;Guerra Zunzunegui;Leg. VI;27/03/1996;05/04/2000;N
Juan Carlos;Guerra Zunzunegui;Leg. VII;05/04/2000;02/04/2004;N
Juan Carlos;Guerra Zunzunegui;Leg. VIII;02/04/2004;01/04/2008;N
José Antonio;Guerrero Guerrero;Leg. II;18/11/1982;15/07/1986;N
María;Guijarro Ceballos;Leg. XIII;21/05/2019;03/12/2019;N
María;Guijarro Ceballos;Leg. XIV;03/12/2019;17/08/2023;N
María;Guijarro Ceballos;Leg. XV;17/08/2023;;S
Txema;Guijarro García;Leg. XI;13/01/2016;19/07/2016;N
Txema;Guijarro García;Leg. XII;19/07/2016;21/05/2019;N
Txema;Guijarro García;Leg. XIII;21/05/2019;03/12/2019;N
Txema;Guijarro García;Leg. XIV;03/12/2019;17/08/2023;N
Txema;Guijarro García;Leg. XV;17/08/2023;;S
Feliu;Guillaumes i Ráfols;Leg. V;29/06/1993;27/03/1996;N
Feliu-Joan;Guillaumes i Ràfols;Leg. X;13/12/2011;13/01/2016;N
Feliu-Joan;Guillaumes i Ràfols;Leg. XII;19/07/2016;21/05/2019;N
Lourdes;Guillén Figuerola;Leg. XIII;21/05/2019;03/12/2019;N
Vicente;Guillén Izquierdo;Leg. IX;01/04/2008;13/12/2011;N
Vicente;Guillén Izquierdo;Leg. X;13/12/2011;13/01/2016;N
Julen;Guimón Ugartechea;Leg. I;23/03/1979;18/11/1982;N
Julen;Guimón Ugartechea;Leg. II;18/11/1982;15/07/1986;N
Lídia;Guinart Moreno;Leg. XI;13/01/2016;19/07/2016;N
Lídia;Guinart Moreno;Leg. XII;19/07/2016;21/05/2019;N
Lídia;Guinart Moreno;Leg. XIII;21/05/2019;03/12/2019;N
Lídia;Guinart Moreno;Leg. XIV;03/12/2019;17/08/2023;N
Lídia;Guinart Moreno;Leg. XV;17/08/2023;;S
Josep María;Guinart Solá;Leg. VIII;02/04/2004;01/04/2008;N
María Sagrario;Guinduláin Guerendiáin;Leg. IX;01/04/2008;13/12/2011;N
Antonio;Guinea de Toro;Leg. V;29/06/1993;27/03/1996;N
José;Guirao Cabrera;Leg. XIII;21/05/2019;03/12/2019;N
José;Guirao Cabrera;Leg. XIV;03/12/2019;17/08/2023;N
Tomás;Guitarte Gimeno;Leg. XIV;03/12/2019;17/08/2023;N
María Concepción;Gutiérrez del Castillo;Leg. IX;01/04/2008;13/12/2011;N
María Concepción;Gutiérrez del Castillo;Leg. X;13/12/2011;13/01/2016;N
Antoni;Gutiérrez Díaz;Leg. Const.;14/07/1977;23/03/1979;N
Fernando Adolfo;Gutiérrez Díaz de Otazu;Leg. XIII;21/05/2019;03/12/2019;N
Fernando Adolfo;Gutiérrez Díaz de Otazu;Leg. XIV;03/12/2019;17/08/2023;N
Antonio;Gutiérrez Limones;Leg. XI;13/01/2016;19/07/2016;N
Antonio;Gutiérrez Limones;Leg. XII;19/07/2016;21/05/2019;N
Antonio;Gutiérrez Molina;Leg. VI;27/03/1996;05/04/2000;N
Antonio;Gutiérrez Molina;Leg. VII;05/04/2000;02/04/2004;N
Antonio;Gutiérrez Molina;Leg. VIII;02/04/2004;01/04/2008;N
Antonio;Gutiérrez Molina;Leg. IX;01/04/2008;13/12/2011;N
Antonio;Gutiérrez Molina;Leg. X;13/12/2011;13/01/2016;N
Vicente;Gutiérrez Pascual;Leg. Const.;14/07/1977;23/03/1979;N
Sergio;Gutiérrez Prieto;Leg. XIII;21/05/2019;03/12/2019;N
Sergio;Gutiérrez Prieto;Leg. XIV;03/12/2019;17/08/2023;N
Sergio;Gutiérrez Prieto;Leg. XV;17/08/2023;;S
Indalecio;Gutiérrez Salinas;Leg. XIV;03/12/2019;17/08/2023;N
Víctor;Gutiérrez Santiago;Leg. XV;17/08/2023;;S
Mariano;Gutiérrez Terrón;Leg. III;15/07/1986;21/11/1989;N
Antonio;Gutiérrez Vegara;Leg. VIII;02/04/2004;01/04/2008;N
Antonio;Gutiérrez Vegara;Leg. IX;01/04/2008;13/12/2011;N
Miguel Ángel;Gutiérrez Vivas;Leg. XI;13/01/2016;19/07/2016;N
Miguel Ángel;Gutiérrez Vivas;Leg. XII;19/07/2016;21/05/2019;N
Miguel Ángel;Gutiérrez Vivas;Leg. XIII;21/05/2019;03/12/2019;N
Miguel Ángel;Gutiérrez Vivas;Leg. XIV;03/12/2019;17/08/2023;N
Rubens Darío;Henríquez Hernández;Leg. Const.;14/07/1977;23/03/1979;N
María del Carmen;Heras Pablo;Leg. VI;27/03/1996;05/04/2000;N
Miguel Angel;Heredia Díaz;Leg. VI;27/03/1996;05/04/2000;N
Miguel Ángel;Heredia Díaz;Leg. VII;05/04/2000;02/04/2004;N
Miguel Ángel;Heredia Díaz;Leg. VIII;02/04/2004;01/04/2008;N
Miguel Ángel;Heredia Díaz;Leg. IX;01/04/2008;13/12/2011;N
Miguel Ángel;Heredia Díaz;Leg. X;13/12/2011;13/01/2016;N
Miguel Ángel;Heredia Díaz;Leg. XI;13/01/2016;19/07/2016;N
Miguel Ángel;Heredia Díaz;Leg. XII;19/07/2016;21/05/2019;N
Silvia;Heredia Martín;Leg. X;13/12/2011;13/01/2016;N
Silvia;Heredia Martín;Leg. XII;19/07/2016;21/05/2019;N
Carmen;Hermosín Bono;Leg. II;18/11/1982;15/07/1986;N
Carmen;Hermosín Bono;Leg. III;15/07/1986;21/11/1989;N
Carmen;Hermosín Bono;Leg. IV;21/11/1989;29/06/1993;N
Carmen;Hermosín Bono;Leg. VIII;02/04/2004;01/04/2008;N
Carmen;Hermosín Bono;Leg. IX;01/04/2008;13/12/2011;N
Carlos;Hermoso Ayuso;Leg. XIII;21/05/2019;03/12/2019;N
Manuel Antonio;Hermoso Rojas;Leg. III;15/07/1986;21/11/1989;N
María del Carmen;Hernández Bento;Leg. XII;19/07/2016;21/05/2019;N
María del Carmen;Hernández Bento;Leg. XIII;21/05/2019;03/12/2019;N
Roberto;Hernández Blázquez;Leg. XIII;21/05/2019;03/12/2019;N
Guillermo;Hernández Cerviño;Leg. VII;05/04/2000;02/04/2004;N
José María;Hernández Cochón;Leg. VI;27/03/1996;05/04/2000;N
Juan Ramón;Hernández Espallargas;Leg. II;18/11/1982;15/07/1986;N
Patricia;Hernández Gutiérrez;Leg. X;13/12/2011;13/01/2016;N
Jorge Salvador;Hernández Mollar;Leg. IV;21/11/1989;29/06/1993;N
Juan Pedro;Hernández Moltó;Leg. IV;21/11/1989;29/06/1993;N
Juan Pedro;Hernández Moltó;Leg. V;29/06/1993;27/03/1996;N
Juan Pedro;Hernández Moltó;Leg. VI;27/03/1996;05/04/2000;N
Manuel;Hernández Muñoz;Leg. XIII;21/05/2019;03/12/2019;N
Carlos;Hernández Quero;Leg. XV;17/08/2023;;S
Felipe;Hernández Rodríguez;Leg. VII;05/04/2000;02/04/2004;N
Isabel;Hernández Rozas;Leg. VI;27/03/1996;05/04/2000;N
Francisco;Hernández Spínola;Leg. XI;13/01/2016;19/07/2016;N
Isidoro;Hernández-Sito García-Blanco;Leg. I;23/03/1979;18/11/1982;N
Isidoro;Hernández-Sito García-Blanco;Leg. IV;21/11/1989;29/06/1993;N
Isidoro;Hernández-Sito García-Blanco;Leg. V;29/06/1993;27/03/1996;N
Isidoro;Hernández-Sito García-Blanco;Leg. VI;27/03/1996;05/04/2000;N
Rafael Antonio;Hernando Fraile;Leg. V;29/06/1993;27/03/1996;N
Rafael Antonio;Hernando Fraile;Leg. VI;27/03/1996;05/04/2000;N
Rafael Antonio;Hernando Fraile;Leg. VII;05/04/2000;02/04/2004;N
Rafael Antonio;Hernando Fraile;Leg. VIII;02/04/2004;01/04/2008;N
Rafael Antonio;Hernando Fraile;Leg. IX;01/04/2008;13/12/2011;N
Rafael Antonio;Hernando Fraile;Leg. X;13/12/2011;13/01/2016;N
Rafael Antonio;Hernando Fraile;Leg. XI;13/01/2016;19/07/2016;N
Rafael Antonio;Hernando Fraile;Leg. XII;19/07/2016;21/05/2019;N
Rafael Antonio;Hernando Fraile;Leg. XV;17/08/2023;;S
Antonio;Hernando Vera;Leg. VIII;02/04/2004;01/04/2008;N
Antonio;Hernando Vera;Leg. IX;01/04/2008;13/12/2011;N
Antonio;Hernando Vera;Leg. X;13/12/2011;13/01/2016;N
Antonio;Hernando Vera;Leg. XI;13/01/2016;19/07/2016;N
Antonio;Hernando Vera;Leg. XII;19/07/2016;21/05/2019;N
Antonio;Hernando Vera;Leg. XV;17/08/2023;;S
María de Gracia;Hernansanz Ruiz;Leg. VII;05/04/2000;02/04/2004;N
Sofía;Hernanz Costa;Leg. X;13/12/2011;13/01/2016;N
Sofía;Hernanz Costa;Leg. XI;13/01/2016;19/07/2016;N
Sofía;Hernanz Costa;Leg. XII;19/07/2016;21/05/2019;N
Sofía;Hernanz Costa;Leg. XIII;21/05/2019;03/12/2019;N
Sofía;Hernanz Costa;Leg. XIV;03/12/2019;17/08/2023;N
Juan Pablo;Herranz Martínez;Leg. IV;21/11/1989;29/06/1993;N
José Francisco;Herrera Antonaya;Leg. VI;27/03/1996;05/04/2000;N
José Francisco;Herrera Antonaya;Leg. VII;05/04/2000;02/04/2004;N
Milena;Herrera García;Leg. XV;17/08/2023;;S
Rafael;Herrera Gil;Leg. IX;01/04/2008;13/12/2011;N
Íñigo;Herrera Martínez de Campos;Leg. III;15/07/1986;21/11/1989;N
Íñigo;Herrera Martínez de Campos;Leg. VII;05/04/2000;02/04/2004;N
Íñigo;Herrera Martínez de Campos;Leg. VIII;02/04/2004;01/04/2008;N
Joan;Herrera Torres;Leg. VIII;02/04/2004;01/04/2008;N
Joan;Herrera Torres;Leg. IX;01/04/2008;13/12/2011;N
José Alberto;Herrero Bono;Leg. X;13/12/2011;13/01/2016;N
José Alberto;Herrero Bono;Leg. XI;13/01/2016;19/07/2016;N
José Alberto;Herrero Bono;Leg. XII;19/07/2016;21/05/2019;N
José Alberto;Herrero Bono;Leg. XIII;21/05/2019;03/12/2019;N
José Alberto;Herrero Bono;Leg. XIV;03/12/2019;17/08/2023;N
José Alberto;Herrero Bono;Leg. XV;17/08/2023;;S
Remigio;Herrero i García;Leg. V;29/06/1993;27/03/1996;N
María Soledad;Herrero Sainz-Rozas;Leg. VIII;02/04/2004;01/04/2008;N
Miguel;Herrero y Rodríguez de Miñón;Leg. Const.;14/07/1977;23/03/1979;N
Miguel;Herrero y Rodríguez de Miñón;Leg. I;23/03/1979;18/11/1982;N
Miguel;Herrero y Rodríguez de Miñón;Leg. II;18/11/1982;15/07/1986;N
Miguel;Herrero y Rodríguez de Miñón;Leg. III;15/07/1986;21/11/1989;N
Miguel;Herrero y Rodríguez de Miñón;Leg. IV;21/11/1989;29/06/1993;N
Jesús;Hervella García;Leg. Const.;14/07/1977;23/03/1979;N
Jesús;Hervella García;Leg. I;23/03/1979;18/11/1982;N
Francisco Javier;Hervías Chirosa;Leg. XI;13/01/2016;19/07/2016;N
Francisco Javier;Hervías Chirosa;Leg. XIII;21/05/2019;03/12/2019;N
Florencio;Hidalgo-Barquero del Rosal;Leg. II;18/11/1982;15/07/1986;N
Luis Ángel;Hierro Recio;Leg. VIII;02/04/2004;01/04/2008;N
José;Higueras Muñoz;Leg. II;18/11/1982;15/07/1986;N
José;Higueras Muñoz;Leg. III;15/07/1986;21/11/1989;N
Rafael;Hinojosa i Lucena;Leg. II;18/11/1982;15/07/1986;N
Rafael;Hinojosa i Lucena;Leg. III;15/07/1986;21/11/1989;N
Rafael;Hinojosa i Lucena;Leg. IV;21/11/1989;29/06/1993;N
Rafael;Hinojosa i Lucena;Leg. V;29/06/1993;27/03/1996;N
Pablo;Hispán Iglesias de Ussel;Leg. XIV;03/12/2019;17/08/2023;N
Pablo;Hispán Iglesias de Ussel;Leg. XV;17/08/2023;;S
Guillermo;Hita Téllez;Leg. XV;17/08/2023;;S
Ignacio;Hoces Íñiguez;Leg. XV;17/08/2023;;S
Manuela;Holgado Flores;Leg. VIII;02/04/2004;01/04/2008;N
Francesc;Homs i Ferret;Leg. III;15/07/1986;21/11/1989;N
Francesc;Homs i Ferret;Leg. IV;21/11/1989;29/06/1993;N
Francesc;Homs i Ferret;Leg. V;29/06/1993;27/03/1996;N
Francesc;Homs i Ferret;Leg. VI;27/03/1996;05/04/2000;N
Francesc;Homs Molist;Leg. XI;13/01/2016;19/07/2016;N
Francesc;Homs Molist;Leg. XII;19/07/2016;21/05/2019;N
María Auxiliadora;Honorato Chulián;Leg. XI;13/01/2016;19/07/2016;N
María Auxiliadora;Honorato Chulián;Leg. XII;19/07/2016;21/05/2019;N
Pedro Antonio;Honrubia Hurtado;Leg. XIII;21/05/2019;03/12/2019;N
Pedro Antonio;Honrubia Hurtado;Leg. XIV;03/12/2019;17/08/2023;N
Antonio Vicente;Hormiga Alonso;Leg. V;29/06/1993;27/03/1996;N
Belén;Hoyo Juliá;Leg. X;13/12/2011;13/01/2016;N
Belén;Hoyo Juliá;Leg. XI;13/01/2016;19/07/2016;N
Belén;Hoyo Juliá;Leg. XII;19/07/2016;21/05/2019;N
Belén;Hoyo Juliá;Leg. XIII;21/05/2019;03/12/2019;N
Belén;Hoyo Juliá;Leg. XIV;03/12/2019;17/08/2023;N
Belén;Hoyo Juliá;Leg. XV;17/08/2023;;S
Ignacio Javier;Huelín Vallejo;Leg. Const.;14/07/1977;23/03/1979;N
Ignacio Javier;Huelín Vallejo;Leg. I;23/03/1979;18/11/1982;N
Manuel;Huertas Vicente;Leg. VIII;02/04/2004;01/04/2008;N
Pedro Luis;Huguet Tous;Leg. XV;17/08/2023;;S
César;Huidobro Díez;Leg. II;18/11/1982;15/07/1986;N
César;Huidobro Díez;Leg. III;15/07/1986;21/11/1989;N
Diego;Hurtado Gallardo;Leg. III;15/07/1986;21/11/1989;N
Pablo Francisco;Hurtado Samper;Leg. III;15/07/1986;21/11/1989;N
Antonio;Hurtado Zurera;Leg. X;13/12/2011;13/01/2016;N
Antonio;Hurtado Zurera;Leg. XI;13/01/2016;19/07/2016;N
Antonio;Hurtado Zurera;Leg. XII;19/07/2016;21/05/2019;N
Antonio;Hurtado Zurera;Leg. XIV;03/12/2019;17/08/2023;N
Manuel;Ibáñez Gimeno;Leg. X;13/12/2011;13/01/2016;N
Juan Francisco;Ibáñez Haro;Leg. VI;27/03/1996;05/04/2000;N
Ángel;Ibáñez Hernando;Leg. XV;17/08/2023;;S
Alberto;Ibáñez Mezquita;Leg. XV;17/08/2023;;S
Antonio María;Ibarguren Jáuregui;Leg. I;23/03/1979;18/11/1982;N
Dolores;Ibárruri Gómez;Leg. Const.;14/07/1977;23/03/1979;N
Miquel;Iceta i Llorens;Leg. VI;27/03/1996;05/04/2000;N
Miquel;Iceta i Llorens;Leg. XV;17/08/2023;;S
Jon;Idígoras Gerrikabeitia;Leg. III;15/07/1986;21/11/1989;N
Jon;Idígoras Gerrikabeitia;Leg. IV;21/11/1989;29/06/1993;N
Jon;Idígoras Gerrikabeitia;Leg. V;29/06/1993;27/03/1996;N
Francisco;Igea Arisqueta;Leg. XI;13/01/2016;19/07/2016;N
Francisco;Igea Arisqueta;Leg. XII;19/07/2016;21/05/2019;N
Gerardo;Iglesias Argüelles;Leg. III;15/07/1986;21/11/1989;N
María Carmen;Iglesias Camarero;Leg. XII;19/07/2016;21/05/2019;N
María Olga;Iglesias Fontal;Leg. IX;01/04/2008;13/12/2011;N
María Olga;Iglesias Fontal;Leg. X;13/12/2011;13/01/2016;N
Fernando;Iglesias García;Leg. XI;13/01/2016;19/07/2016;N
Francisco Javier;Iglesias García;Leg. VI;27/03/1996;05/04/2000;N
Francisco Javier;Iglesias García;Leg. VII;05/04/2000;02/04/2004;N
Leire;Iglesias Santiago;Leg. X;13/12/2011;13/01/2016;N
Pablo;Iglesias Turrión;Leg. XI;13/01/2016;19/07/2016;N
Pablo;Iglesias Turrión;Leg. XII;19/07/2016;21/05/2019;N
Pablo;Iglesias Turrión;Leg. XIII;21/05/2019;03/12/2019;N
Pablo;Iglesias Turrión;Leg. XIV;03/12/2019;17/08/2023;N
Mariona;Illamola Dausà;Leg. XIV;03/12/2019;17/08/2023;N
Héctor;Illueca Ballester;Leg. XIII;21/05/2019;03/12/2019;N
Héctor;Illueca Ballester;Leg. XIV;03/12/2019;17/08/2023;N
Isabel;Iniesta Egido;Leg. XV;17/08/2023;;S
Jon;Iñarritu García;Leg. X;13/12/2011;13/01/2016;N
Jon;Iñarritu García;Leg. XIII;21/05/2019;03/12/2019;N
Jon;Iñarritu García;Leg. XIV;03/12/2019;17/08/2023;N
Jon;Iñarritu García;Leg. XV;17/08/2023;;S
Joaquín;Iñiguez Molina;Leg. VI;27/03/1996;05/04/2000;N
Ángeles;Isac García;Leg. XI;13/01/2016;19/07/2016;N
Ángeles;Isac García;Leg. XII;19/07/2016;21/05/2019;N
Neftalí;Isasi Gómez;Leg. III;15/07/1986;21/11/1989;N
Neftalí;Isasi Gómez;Leg. IV;21/11/1989;29/06/1993;N
Neftalí;Isasi Gómez;Leg. V;29/06/1993;27/03/1996;N
Neftalí;Isasi Gómez;Leg. VI;27/03/1996;05/04/2000;N
Neftalí;Isasi Gómez;Leg. VII;05/04/2000;02/04/2004;N
Mateo;Isern Estela;Leg. XI;13/01/2016;19/07/2016;N
Francisco Javier;Iturrioz Herrero;Leg. Const.;14/07/1977;23/03/1979;N
María del Pilar;Izquierdo Arija;Leg. III;15/07/1986;21/11/1989;N
María del Pilar;Izquierdo Arija;Leg. IV;21/11/1989;29/06/1993;N
Juan de Dios;Izquierdo Collado;Leg. III;15/07/1986;21/11/1989;N
Juan de Dios;Izquierdo Collado;Leg. IV;21/11/1989;29/06/1993;N
Juan de Dios;Izquierdo Collado;Leg. V;29/06/1993;27/03/1996;N
Pablo Marcial;Izquierdo Juárez;Leg. V;29/06/1993;27/03/1996;N
Pablo Marcial;Izquierdo Juárez;Leg. VI;27/03/1996;05/04/2000;N
Pablo Marcial;Izquierdo Juárez;Leg. VII;05/04/2000;02/04/2004;N
María;Izquierdo Rojo;Leg. Const.;14/07/1977;23/03/1979;N
María;Izquierdo Rojo;Leg. I;23/03/1979;18/11/1982;N
María;Izquierdo Rojo;Leg. III;15/07/1986;21/11/1989;N
José Javier;Izquierdo Roncero;Leg. XIII;21/05/2019;03/12/2019;N
José Javier;Izquierdo Roncero;Leg. XIV;03/12/2019;17/08/2023;N
Angel Luis;Jaime y Baró;Leg. I;23/03/1979;18/11/1982;N
Hana;Jalloul Muro;Leg. XV;17/08/2023;;S
Jordi;Jané i Guasch;Leg. VI;27/03/1996;05/04/2000;N
Jordi;Jané i Guasch;Leg. VII;05/04/2000;02/04/2004;N
Jordi;Jané i Guasch;Leg. VIII;02/04/2004;01/04/2008;N
Jordi;Jané i Guasch;Leg. IX;01/04/2008;13/12/2011;N
Jordi;Jané i Guasch;Leg. X;13/12/2011;13/01/2016;N
Benet;Jané i Palau;Leg. VI;27/03/1996;05/04/2000;N
Antonio;Jara Andréu;Leg. IV;21/11/1989;29/06/1993;N
Mercedes;Jara Moreno;Leg. XIV;03/12/2019;17/08/2023;N
Alberto;Jarabo Payá;Leg. Const.;14/07/1977;23/03/1979;N
Jon;Jauregi Bereziartua;Leg. VII;05/04/2000;02/04/2004;N
Ramón;Jáuregui Atondo;Leg. VII;05/04/2000;02/04/2004;N
Ramón;Jáuregui Atondo;Leg. VIII;02/04/2004;01/04/2008;N
Ramón;Jáuregui Atondo;Leg. IX;01/04/2008;13/12/2011;N
Ramón;Jáuregui Atondo;Leg. X;13/12/2011;13/01/2016;N
Juan Carlos;Jerez Antequera;Leg. XV;17/08/2023;;S
José;Jerez Colino;Leg. V;29/06/1993;27/03/1996;N
Miguel Ángel;Jerez Juan;Leg. XIV;03/12/2019;17/08/2023;N
Antonio;Jiménez Blanco;Leg. I;23/03/1979;18/11/1982;N
Antonio;Jiménez Blanco;Leg. III;15/07/1986;21/11/1989;N
Manuel;Jiménez de Parga Cabrera;Leg. Const.;14/07/1977;23/03/1979;N
María Piedra Escrita;Jiménez Díaz;Leg. X;13/12/2011;13/01/2016;N
Pedro;Jiménez Galán;Leg. Const.;14/07/1977;23/03/1979;N
Trinidad;Jiménez García-Herrera;Leg. IX;01/04/2008;13/12/2011;N
Trinidad;Jiménez García-Herrera;Leg. X;13/12/2011;13/01/2016;N
Beatriz;Jiménez Linuesa;Leg. XIV;03/12/2019;17/08/2023;N
Beatriz;Jiménez Linuesa;Leg. XV;17/08/2023;;S
Encarnación;Jiménez Mínguez;Leg. X;13/12/2011;13/01/2016;N
Luis;Jiménez Morell;Leg. Const.;14/07/1977;23/03/1979;N
Agustín;Jiménez Pérez;Leg. VIII;02/04/2004;01/04/2008;N
Agustín;Jiménez Puente;Leg. Const.;14/07/1977;23/03/1979;N
Rodrigo;Jiménez Revuelta;Leg. XIV;03/12/2019;17/08/2023;N
Julián;Jiménez Serrano;Leg. Const.;14/07/1977;23/03/1979;N
José;Jiménez Suárez;Leg. VI;27/03/1996;05/04/2000;N
José;Jiménez Suárez;Leg. VII;05/04/2000;02/04/2004;N
Juan;Jiménez Tortosa;Leg. XI;13/01/2016;19/07/2016;N
Juan;Jiménez Tortosa;Leg. XII;19/07/2016;21/05/2019;N
María Teresa;Jiménez-Becerril Barrio;Leg. XIII;21/05/2019;03/12/2019;N
María Teresa;Jiménez-Becerril Barrio;Leg. XIV;03/12/2019;17/08/2023;N
Irene;Jódar Pérez;Leg. XV;17/08/2023;;S
Teresa;Jordà i Roura;Leg. X;13/12/2011;13/01/2016;N
Teresa;Jordà i Roura;Leg. XI;13/01/2016;19/07/2016;N
Teresa;Jordà i Roura;Leg. XII;19/07/2016;21/05/2019;N
Teresa;Jordà i Roura;Leg. XV;17/08/2023;;S
Diego;Jordano Salinas;Leg. III;15/07/1986;21/11/1989;N
Diego;Jordano Salinas;Leg. IV;21/11/1989;29/06/1993;N
Diego;Jordano Salinas;Leg. V;29/06/1993;27/03/1996;N
Diego;Jordano Salinas;Leg. VI;27/03/1996;05/04/2000;N
Francisco Xesús;Jorquera Caselas;Leg. IX;01/04/2008;13/12/2011;N
Francisco Xesús;Jorquera Caselas;Leg. X;13/12/2011;13/01/2016;N
Rafael;José Vélez;Leg. XIV;03/12/2019;17/08/2023;N
Antonia;Jover Díaz;Leg. XIII;21/05/2019;03/12/2019;N
Antonia;Jover Díaz;Leg. XIV;03/12/2019;17/08/2023;N
Pedro;Jover Presa;Leg. I;23/03/1979;18/11/1982;N
Pedro;Jover Presa;Leg. II;18/11/1982;15/07/1986;N
Pedro;Jover Presa;Leg. III;15/07/1986;21/11/1989;N
Pedro;Jover Presa;Leg. IV;21/11/1989;29/06/1993;N
Pedro;Jover Presa;Leg. V;29/06/1993;27/03/1996;N
Pedro;Jover Presa;Leg. VI;27/03/1996;05/04/2000;N
Jordi de;Juan i Casadevall;Leg. VII;05/04/2000;02/04/2004;N
María Celeste;Juan Millet;Leg. III;15/07/1986;21/11/1989;N
María Celeste;Juan Millet;Leg. IV;21/11/1989;29/06/1993;N
José Luis;Juan Sanz;Leg. VII;05/04/2000;02/04/2004;N
Vicente;Juan Villar;Leg. II;18/11/1982;15/07/1986;N
Jesús de;Juana López;Leg. VI;27/03/1996;05/04/2000;N
María Rosario;Juaneda Zaragoza;Leg. VII;05/04/2000;02/04/2004;N
María Rosario;Juaneda Zaragoza;Leg. VIII;02/04/2004;01/04/2008;N
Carmen;Juanes Barciela;Leg. VIII;02/04/2004;01/04/2008;N
Carmen;Juanes Barciela;Leg. IX;01/04/2008;13/12/2011;N
María Sandra;Julià Julià;Leg. XII;19/07/2016;21/05/2019;N
María Sandra;Julià Julià;Leg. XIII;21/05/2019;03/12/2019;N
Mª del Mar;Julios Reyes;Leg. VII;05/04/2000;02/04/2004;N
Juan Manuel;Juncal Rodríguez;Leg. XI;13/01/2016;19/07/2016;N
Juan Manuel;Juncal Rodríguez;Leg. XII;19/07/2016;21/05/2019;N
Oriol;Junqueras Vies;Leg. XIII;21/05/2019;03/12/2019;N
María Belén;Juste Picón;Leg. X;13/12/2011;13/01/2016;N
Guillermo;Kirkpátric Mendaro;Leg. II;18/11/1982;15/07/1986;N
José Antonio;Labordeta Subías;Leg. VII;05/04/2000;02/04/2004;N
José Antonio;Labordeta Subías;Leg. VIII;02/04/2004;01/04/2008;N
Enrique;Lacalle Coll;Leg. IV;21/11/1989;29/06/1993;N
Mónica;Lafuente de la Torre;Leg. XI;13/01/2016;19/07/2016;N
María Josefa;Lafuente Orive;Leg. I;23/03/1979;18/11/1982;N
Juan Carlos;Lagares Flores;Leg. IX;01/04/2008;13/12/2011;N
Juan Carlos;Lagares Flores;Leg. X;13/12/2011;13/01/2016;N
José Ramón;Lago Freire;Leg. III;15/07/1986;21/11/1989;N
José Ramón;Lago Freire;Leg. IV;21/11/1989;29/06/1993;N
José Ramón;Lago Freire;Leg. V;29/06/1993;27/03/1996;N
María Paz;Lago Martínez;Leg. X;13/12/2011;13/01/2016;N
Manuel;Lago Peñas;Leg. XV;17/08/2023;;S
Juan Ramón;Lagunilla Alonso;Leg. II;18/11/1982;15/07/1986;N
Juan Ramón;Lagunilla Alonso;Leg. III;15/07/1986;21/11/1989;N
Juan Ramón;Lagunilla Alonso;Leg. IV;21/11/1989;29/06/1993;N
Juan Ramón;Lagunilla Alonso;Leg. V;29/06/1993;27/03/1996;N
Francisco;Lainz Gallo;Leg. Const.;14/07/1977;23/03/1979;N
Rosina;Lajo Pérez;Leg. Const.;14/07/1977;23/03/1979;N
Jaime;Lamo de Espinosa Michel de Champourcin;Leg. I;23/03/1979;18/11/1982;N
Marc;Lamuà Estañol;Leg. XI;13/01/2016;19/07/2016;N
Marc;Lamuà Estañol;Leg. XII;19/07/2016;21/05/2019;N
Marc;Lamuà Estañol;Leg. XIII;21/05/2019;03/12/2019;N
Marc;Lamuà Estañol;Leg. XIV;03/12/2019;17/08/2023;N
Marc;Lamuà Estañol;Leg. XV;17/08/2023;;S
José Ignacio;Landaluce Calleja;Leg. VII;05/04/2000;02/04/2004;N
José Ignacio;Landaluce Calleja;Leg. IX;01/04/2008;13/12/2011;N
José Ignacio;Landaluce Calleja;Leg. X;13/12/2011;13/01/2016;N
José Luis;Landero Mateos;Leg. V;29/06/1993;27/03/1996;N
Antonio;Landeta Álvarez-Valdés;Leg. V;29/06/1993;27/03/1996;N
Antonio;Landeta Álvarez-Valdés;Leg. VI;27/03/1996;05/04/2000;N
Santiago;Lanzuela Marina;Leg. VII;05/04/2000;02/04/2004;N
Santiago;Lanzuela Marina;Leg. VIII;02/04/2004;01/04/2008;N
Santiago;Lanzuela Marina;Leg. IX;01/04/2008;13/12/2011;N
Santiago;Lanzuela Marina;Leg. X;13/12/2011;13/01/2016;N
Rafael;Lapeña Gil;Leg. VIII;02/04/2004;01/04/2008;N
Álvaro de;Lapuerta Quintero;Leg. Const.;14/07/1977;23/03/1979;N
Álvaro de;Lapuerta Quintero;Leg. II;18/11/1982;15/07/1986;N
Álvaro de;Lapuerta Quintero;Leg. III;15/07/1986;21/11/1989;N
Álvaro de;Lapuerta Quintero;Leg. IV;21/11/1989;29/06/1993;N
Álvaro de;Lapuerta Quintero;Leg. V;29/06/1993;27/03/1996;N
Alvaro de;Lapuerta Quintero;Leg. VI;27/03/1996;05/04/2000;N
Álvaro de;Lapuerta Quintero;Leg. VII;05/04/2000;02/04/2004;N
José;Lara Alén;Leg. IV;21/11/1989;29/06/1993;N
María Teresa de;Lara Carbó;Leg. VI;27/03/1996;05/04/2000;N
María Teresa de;Lara Carbó;Leg. VII;05/04/2000;02/04/2004;N
María Teresa de;Lara Carbó;Leg. VIII;02/04/2004;01/04/2008;N
María Teresa de;Lara Carbó;Leg. IX;01/04/2008;13/12/2011;N
María Teresa de;Lara Carbó;Leg. X;13/12/2011;13/01/2016;N
María Teresa de;Lara Carbó;Leg. XI;13/01/2016;19/07/2016;N
María Teresa de;Lara Carbó;Leg. XII;19/07/2016;21/05/2019;N
Cayo;Lara Moya;Leg. X;13/12/2011;13/01/2016;N
María Esther;Larrañaga Galdós;Leg. IV;21/11/1989;29/06/1993;N
Rafael;Larreina Valderrama;Leg. X;13/12/2011;13/01/2016;N
Jon;Larrinaga Apraiz;Leg. III;15/07/1986;21/11/1989;N
Jon;Larrinaga Apraiz;Leg. IV;21/11/1989;29/06/1993;N
Luis;Larroque Allende;Leg. II;18/11/1982;15/07/1986;N
Luis;Larroque Allende;Leg. III;15/07/1986;21/11/1989;N
Fèlix;Larrosa Piqué;Leg. IX;01/04/2008;13/12/2011;N
Begoña;Lasagabaster Olazábal;Leg. VI;27/03/1996;05/04/2000;N
Begoña;Lasagabaster Olazábal;Leg. VII;05/04/2000;02/04/2004;N
Begoña;Lasagabaster Olazábal;Leg. VIII;02/04/2004;01/04/2008;N
José Javier;Lasarte Iribarren;Leg. IX;01/04/2008;13/12/2011;N
José Javier;Lasarte Iribarren;Leg. XI;13/01/2016;19/07/2016;N
José Javier;Lasarte Iribarren;Leg. XII;19/07/2016;21/05/2019;N
José María;Lassalle Ruiz;Leg. VIII;02/04/2004;01/04/2008;N
José María;Lassalle Ruiz;Leg. IX;01/04/2008;13/12/2011;N
José María;Lassalle Ruiz;Leg. X;13/12/2011;13/01/2016;N
José María;Lassalle Ruiz;Leg. XI;13/01/2016;19/07/2016;N
José María;Lassalle Ruiz;Leg. XII;19/07/2016;21/05/2019;N
Adriana;Lastra Fernández;Leg. XI;13/01/2016;19/07/2016;N
Adriana;Lastra Fernández;Leg. XII;19/07/2016;21/05/2019;N
Adriana;Lastra Fernández;Leg. XIII;21/05/2019;03/12/2019;N
Adriana;Lastra Fernández;Leg. XIV;03/12/2019;17/08/2023;N
Adriana;Lastra Fernández;Leg. XV;17/08/2023;;S
José Ramón;Lasuén Sancho;Leg. Const.;14/07/1977;23/03/1979;N
José Ramón;Lasuén Sancho;Leg. II;18/11/1982;15/07/1986;N
José Ramón;Lasuén Sancho;Leg. III;15/07/1986;21/11/1989;N
José Ramón;Lasuén Sancho;Leg. IV;21/11/1989;29/06/1993;N
Angel;Lasunción Goñi;Leg. I;23/03/1979;18/11/1982;N
Landelino;Lavilla Alsina;Leg. I;23/03/1979;18/11/1982;N
Landelino;Lavilla Alsina;Leg. II;18/11/1982;15/07/1986;N
Félix;Lavilla Martínez;Leg. X;13/12/2011;13/01/2016;N
Alfonso;Lazo Díaz;Leg. Const.;14/07/1977;23/03/1979;N
Alfonso;Lazo Díaz;Leg. I;23/03/1979;18/11/1982;N
Alfonso;Lazo Díaz;Leg. II;18/11/1982;15/07/1986;N
Alfonso;Lazo Díaz;Leg. III;15/07/1986;21/11/1989;N
Alfonso;Lazo Díaz;Leg. IV;21/11/1989;29/06/1993;N
Alfonso;Lazo Díaz;Leg. V;29/06/1993;27/03/1996;N
Isaura;Leal Fernández;Leg. XIII;21/05/2019;03/12/2019;N
Isaura;Leal Fernández;Leg. XIV;03/12/2019;17/08/2023;N
Isaura;Leal Fernández;Leg. XV;17/08/2023;;S
Fernando;Ledesma Bartret;Leg. III;15/07/1986;21/11/1989;N
Fernando;Ledesma Bartret;Leg. IV;21/11/1989;29/06/1993;N
Sebastián Jesús;Ledesma Martín;Leg. XIV;03/12/2019;17/08/2023;N
Manuel de Jesús;Ledro León;Leg. V;29/06/1993;27/03/1996;N
Mikel;Legarda Uriarte;Leg. XI;13/01/2016;19/07/2016;N
Mikel;Legarda Uriarte;Leg. XII;19/07/2016;21/05/2019;N
Mikel;Legarda Uriarte;Leg. XIII;21/05/2019;03/12/2019;N
Mikel;Legarda Uriarte;Leg. XIV;03/12/2019;17/08/2023;N
Mikel;Legarda Uriarte;Leg. XV;17/08/2023;;S
Joaquín;Leguina Herrán;Leg. II;18/11/1982;15/07/1986;N
Joaquín;Leguina Herrán;Leg. VI;27/03/1996;05/04/2000;N
Joaquín;Leguina Herrán;Leg. VII;05/04/2000;02/04/2004;N
Joaquín;Leguina Herrán;Leg. VIII;02/04/2004;01/04/2008;N
Ana Isabel;Leiva Díez;Leg. VI;27/03/1996;05/04/2000;N
Ricardo;León Herrero;Leg. Const.;14/07/1977;23/03/1979;N
Ricardo;León Herrero;Leg. I;23/03/1979;18/11/1982;N
Juan José;León Molina;Leg. III;15/07/1986;21/11/1989;N
Juan José;León Molina;Leg. IV;21/11/1989;29/06/1993;N
Juan Francisco;Lerma Blasco;Leg. I;23/03/1979;18/11/1982;N
Juan Francisco;Lerma Blasco;Leg. II;18/11/1982;15/07/1986;N
Francisco;Letamendía Belzunce;Leg. Const.;14/07/1977;23/03/1979;N
Francisco;Letamendía Belzunce;Leg. I;23/03/1979;18/11/1982;N
Fuensanta;Lima Cid;Leg. XIII;21/05/2019;03/12/2019;N
Fuensanta;Lima Cid;Leg. XIV;03/12/2019;17/08/2023;N
Laura María;Lima García;Leg. XV;17/08/2023;;S
Andrés;Limón Jiménez;Leg. I;23/03/1979;18/11/1982;N
Jaime;Lissavetzky Díez;Leg. VII;05/04/2000;02/04/2004;N
Jaime;Lissavetzky Díez;Leg. VIII;02/04/2004;01/04/2008;N
Jaime;Lissavetzky Díez;Leg. IX;01/04/2008;13/12/2011;N
Mª Luisa;Lizarraga Gisbert;Leg. VIII;02/04/2004;01/04/2008;N
Mª Luisa;Lizarraga Gisbert;Leg. IX;01/04/2008;13/12/2011;N
Esther;Llamazares Domingo;Leg. XV;17/08/2023;;S
Gaspar;Llamazares Trigo;Leg. VII;05/04/2000;02/04/2004;N
Gaspar;Llamazares Trigo;Leg. VIII;02/04/2004;01/04/2008;N
Gaspar;Llamazares Trigo;Leg. IX;01/04/2008;13/12/2011;N
Gaspar;Llamazares Trigo;Leg. X;13/12/2011;13/01/2016;N
Julio;Lleonart Crespo;Leg. X;13/12/2011;13/01/2016;N
Carmen;Llorca Villaplana;Leg. II;18/11/1982;15/07/1986;N
César;Llorens Bargés;Leg. Const.;14/07/1977;23/03/1979;N
Teresa;Llorens Carbonell;Leg. XV;17/08/2023;;S
José Ignacio;Llorens Torres;Leg. II;18/11/1982;15/07/1986;N
José Ignacio;Llorens Torres;Leg. III;15/07/1986;21/11/1989;N
José Ignacio;Llorens Torres;Leg. V;29/06/1993;27/03/1996;N
José Ignacio;Llorens Torres;Leg. VI;27/03/1996;05/04/2000;N
José Ignacio;Llorens Torres;Leg. VII;05/04/2000;02/04/2004;N
José Ignacio;Llorens Torres;Leg. IX;01/04/2008;13/12/2011;N
José Ignacio;Llorens Torres;Leg. X;13/12/2011;13/01/2016;N
José Ignacio;Llorens Torres;Leg. XII;19/07/2016;21/05/2019;N
Juan Antonio;Lloret Llorens;Leg. III;15/07/1986;21/11/1989;N
Juan Antonio;Lloret Llorens;Leg. IV;21/11/1989;29/06/1993;N
Ernest;Lluch Martín;Leg. Const.;14/07/1977;23/03/1979;N
Ernest;Lluch Martín;Leg. I;23/03/1979;18/11/1982;N
Ernest;Lluch Martín;Leg. II;18/11/1982;15/07/1986;N
Ernest;Lluch Martín;Leg. III;15/07/1986;21/11/1989;N
Marta;Lois González;Leg. XV;17/08/2023;;S
Juan Carlos;Lomeña Villalobos;Leg. IV;21/11/1989;29/06/1993;N
Verónica;Lope Fontagne;Leg. VIII;02/04/2004;01/04/2008;N
Óscar;López Águeda;Leg. VIII;02/04/2004;01/04/2008;N
Óscar;López Águeda;Leg. IX;01/04/2008;13/12/2011;N
Óscar;López Águeda;Leg. XV;17/08/2023;;S
Juan Fernando;López Aguilar;Leg. VII;05/04/2000;02/04/2004;N
Juan Fernando;López Aguilar;Leg. VIII;02/04/2004;01/04/2008;N
Juan Fernando;López Aguilar;Leg. IX;01/04/2008;13/12/2011;N
Eduardo;López Albizu;Leg. Const.;14/07/1977;23/03/1979;N
Eduardo;López Albizu;Leg. I;23/03/1979;18/11/1982;N
María Teresa;López Álvarez;Leg. XIV;03/12/2019;17/08/2023;N
Patxi;López Álvarez;Leg. III;15/07/1986;21/11/1989;N
Patxi;López Álvarez;Leg. XI;13/01/2016;19/07/2016;N
Patxi;López Álvarez;Leg. XII;19/07/2016;21/05/2019;N
Patxi;López Álvarez;Leg. XIII;21/05/2019;03/12/2019;N
Patxi;López Álvarez;Leg. XIV;03/12/2019;17/08/2023;N
Patxi;López Álvarez;Leg. XV;17/08/2023;;S
Susana;López Ares;Leg. XI;13/01/2016;19/07/2016;N
Susana;López Ares;Leg. XII;19/07/2016;21/05/2019;N
José Antonio;López Arranz;Leg. III;15/07/1986;21/11/1989;N
Francisco;López Baeza;Leg. Const.;14/07/1977;23/03/1979;N
Gregorio;López Bravo y de Castro;Leg. Const.;14/07/1977;23/03/1979;N
Ignacio;López Cano;Leg. XIII;21/05/2019;03/12/2019;N
Ignacio;López Cano;Leg. XIV;03/12/2019;17/08/2023;N
Ignacio;López Cano;Leg. XV;17/08/2023;;S
Josep;López de Lerma i López;Leg. I;23/03/1979;18/11/1982;N
Josep;López de Lerma i López;Leg. II;18/11/1982;15/07/1986;N
Josep;López de Lerma i López;Leg. III;15/07/1986;21/11/1989;N
Josep;López de Lerma i López;Leg. IV;21/11/1989;29/06/1993;N
Josep;López de Lerma i López;Leg. V;29/06/1993;27/03/1996;N
Josep;López de Lerma i López;Leg. VI;27/03/1996;05/04/2000;N
Josep;López de Lerma i López;Leg. VII;05/04/2000;02/04/2004;N
Juan Antonio;López de Uralde Garmendia;Leg. XI;13/01/2016;19/07/2016;N
Juan Antonio;López de Uralde Garmendia;Leg. XII;19/07/2016;21/05/2019;N
Juan Antonio;López de Uralde Garmendia;Leg. XIII;21/05/2019;03/12/2019;N
Juan Antonio;López de Uralde Garmendia;Leg. XIV;03/12/2019;17/08/2023;N
Laura;López Domínguez;Leg. XIV;03/12/2019;17/08/2023;N
José Luis;López Fajardo;Leg. I;23/03/1979;18/11/1982;N
Alberto;López Fernández;Leg. II;18/11/1982;15/07/1986;N
Felipe;López García;Leg. V;29/06/1993;27/03/1996;N
Francisco Javier;López García;Leg. II;18/11/1982;15/07/1986;N
Diego;López Garrido;Leg. V;29/06/1993;27/03/1996;N
Diego;López Garrido;Leg. VI;27/03/1996;05/04/2000;N
Diego;López Garrido;Leg. VII;05/04/2000;02/04/2004;N
Diego;López Garrido;Leg. VIII;02/04/2004;01/04/2008;N
Diego;López Garrido;Leg. IX;01/04/2008;13/12/2011;N
Diego;López Garrido;Leg. X;13/12/2011;13/01/2016;N
José;López Garrido;Leg. X;13/12/2011;13/01/2016;N
María José;López González;Leg. VII;05/04/2000;02/04/2004;N
Rocío;López González;Leg. X;13/12/2011;13/01/2016;N
Santiago;López González;Leg. II;18/11/1982;15/07/1986;N
Ángel José;López Guerrero;Leg. III;15/07/1986;21/11/1989;N
Isabel;López i Chamosa;Leg. VI;27/03/1996;05/04/2000;N
Isabel;López i Chamosa;Leg. VII;05/04/2000;02/04/2004;N
Isabel;López i Chamosa;Leg. VIII;02/04/2004;01/04/2008;N
Isabel;López i Chamosa;Leg. IX;01/04/2008;13/12/2011;N
Isabel;López i Chamosa;Leg. X;13/12/2011;13/01/2016;N
Germán Augusto;López Iglesias;Leg. VII;05/04/2000;02/04/2004;N
Germán Augusto;López Iglesias;Leg. VIII;02/04/2004;01/04/2008;N
Germán Augusto;López Iglesias;Leg. X;13/12/2011;13/01/2016;N
Sonsoles;López Izquierdo;Leg. XIII;21/05/2019;03/12/2019;N
Luis;López Jiménez;Leg. X;13/12/2011;13/01/2016;N
Hilario;López Luna;Leg. II;18/11/1982;15/07/1986;N
Hilario;López Luna;Leg. III;15/07/1986;21/11/1989;N
Ángel;López Maraver;Leg. XIV;03/12/2019;17/08/2023;N
Ángel;López Maraver;Leg. XV;17/08/2023;;S
Rafael;López Martín de la Vega;Leg. IV;21/11/1989;29/06/1993;N
Rafael;López Martín de la Vega;Leg. V;29/06/1993;27/03/1996;N
Julián;López Milla;Leg. XI;13/01/2016;19/07/2016;N
Julián;López Milla;Leg. XII;19/07/2016;21/05/2019;N
Antonia;López Moya;Leg. XIV;03/12/2019;17/08/2023;N
Antonio;López Olmo;Leg. X;13/12/2011;13/01/2016;N
Gregorio;López Raimundo;Leg. Const.;14/07/1977;23/03/1979;N
Gregorio;López Raimundo;Leg. I;23/03/1979;18/11/1982;N
Gregorio;López Raimundo;Leg. II;18/11/1982;15/07/1986;N
Francisco;López Real;Leg. III;15/07/1986;21/11/1989;N
Francisco;López Real;Leg. IV;21/11/1989;29/06/1993;N
Carlos;López Riaño;Leg. II;18/11/1982;15/07/1986;N
Carlos;López Riaño;Leg. III;15/07/1986;21/11/1989;N
Carlos;López Riaño;Leg. IV;21/11/1989;29/06/1993;N
Carlos;López Riaño;Leg. V;29/06/1993;27/03/1996;N
Carlos Roberto;López Riesco;Leg. IX;01/04/2008;13/12/2011;N
Laureano;López Rodó;Leg. Const.;14/07/1977;23/03/1979;N
María Pilar;López Rodríguez;Leg. VIII;02/04/2004;01/04/2008;N
María Pilar;López Rodríguez;Leg. IX;01/04/2008;13/12/2011;N
Salvador;López Sanz;Leg. II;18/11/1982;15/07/1986;N
Salvador;López Sanz;Leg. III;15/07/1986;21/11/1989;N
Gema;López Somoza;Leg. XII;19/07/2016;21/05/2019;N
Gema;López Somoza;Leg. XIV;03/12/2019;17/08/2023;N
Candela;López Tagliafico;Leg. XV;17/08/2023;;S
Santiago;López Valdivielso;Leg. III;15/07/1986;21/11/1989;N
Santiago;López Valdivielso;Leg. IV;21/11/1989;29/06/1993;N
Santiago;López Valdivielso;Leg. V;29/06/1993;27/03/1996;N
Santiago;López Valdivielso;Leg. VI;27/03/1996;05/04/2000;N
José Máximo;López Vilaboa;Leg. X;13/12/2011;13/01/2016;N
Carmelo;López Villena;Leg. VIII;02/04/2004;01/04/2008;N
Carmelo;López Villena;Leg. IX;01/04/2008;13/12/2011;N
Cristina;López Zamora;Leg. XIII;21/05/2019;03/12/2019;N
Cristina;López Zamora;Leg. XIV;03/12/2019;17/08/2023;N
Cristina;López Zamora;Leg. XV;17/08/2023;;S
Fernando;López-Amor García;Leg. VI;27/03/1996;05/04/2000;N
Fernando;López-Amor García;Leg. VII;05/04/2000;02/04/2004;N
Fernando;López-Amor García;Leg. VIII;02/04/2004;01/04/2008;N
Fernando;López-Amor García;Leg. IX;01/04/2008;13/12/2011;N
Fernando;López-Amor García;Leg. X;13/12/2011;13/01/2016;N
Juan Ignacio;López-Bas Valero;Leg. XIII;21/05/2019;03/12/2019;N
Juan Ignacio;López-Bas Valero;Leg. XIV;03/12/2019;17/08/2023;N
Antonio;López-Casero García;Leg. Const.;14/07/1977;23/03/1979;N
Jesús;López-Medel Bascones;Leg. VI;27/03/1996;05/04/2000;N
Jesús;López-Medel Báscones;Leg. VII;05/04/2000;02/04/2004;N
Jesús;López-Medel Báscones;Leg. VIII;02/04/2004;01/04/2008;N
Felipe;Lorda Alaiz;Leg. Const.;14/07/1977;23/03/1979;N
Macarena;Lorente Anaya;Leg. XV;17/08/2023;;S
Juan Antonio;Lorenzo Cazorla;Leg. XV;17/08/2023;;S
Domingo;Lorenzo Rodríguez;Leg. XI;13/01/2016;19/07/2016;N
Domingo;Lorenzo Rodríguez;Leg. XII;19/07/2016;21/05/2019;N
Miguel;Lorenzo Torres;Leg. XI;13/01/2016;19/07/2016;N
Miguel;Lorenzo Torres;Leg. XII;19/07/2016;21/05/2019;N
Andrés;Lorite Lorite;Leg. XIII;21/05/2019;03/12/2019;N
Andrés;Lorite Lorite;Leg. XIV;03/12/2019;17/08/2023;N
José;Losada Fernández;Leg. XIV;03/12/2019;17/08/2023;N
José;Losada Fernández;Leg. XV;17/08/2023;;S
Antonio;Louro Goyanes;Leg. VIII;02/04/2004;01/04/2008;N
Antonio;Louro Goyanes;Leg. IX;01/04/2008;13/12/2011;N
Irene;Lozano Domingo;Leg. X;13/12/2011;13/01/2016;N
Irene;Lozano Domingo;Leg. XI;13/01/2016;19/07/2016;N
Baldomero;Lozano Pérez;Leg. Const.;14/07/1977;23/03/1979;N
Baldomero;Lozano Pérez;Leg. I;23/03/1979;18/11/1982;N
Francisco;Lucas Ayala;Leg. XV;17/08/2023;;S
Juan José;Lucas Jiménez;Leg. III;15/07/1986;21/11/1989;N
Juan José;Lucas Jiménez;Leg. IV;21/11/1989;29/06/1993;N
María Pilar;Lucio Carrasco;Leg. X;13/12/2011;13/01/2016;N
María Pilar;Lucio Carrasco;Leg. XI;13/01/2016;19/07/2016;N
María Pilar;Lucio Carrasco;Leg. XII;19/07/2016;21/05/2019;N
César;Luena López;Leg. IX;01/04/2008;13/12/2011;N
César;Luena López;Leg. X;13/12/2011;13/01/2016;N
César;Luena López;Leg. XI;13/01/2016;19/07/2016;N
César;Luena López;Leg. XII;19/07/2016;21/05/2019;N
Jorge;Luis Bail;Leg. XI;13/01/2016;19/07/2016;N
Jorge;Luis Bail;Leg. XII;19/07/2016;21/05/2019;N
Teófilo de;Luis Rodríguez;Leg. V;29/06/1993;27/03/1996;N
Teófilo de;Luis Rodríguez;Leg. VI;27/03/1996;05/04/2000;N
Teófilo de;Luis Rodríguez;Leg. VII;05/04/2000;02/04/2004;N
Teófilo de;Luis Rodríguez;Leg. VIII;02/04/2004;01/04/2008;N
Teófilo de;Luis Rodríguez;Leg. IX;01/04/2008;13/12/2011;N
Teófilo de;Luis Rodríguez;Leg. X;13/12/2011;13/01/2016;N
Teófilo de;Luis Rodríguez;Leg. XI;13/01/2016;19/07/2016;N
Teófilo de;Luis Rodríguez;Leg. XII;19/07/2016;21/05/2019;N
Mateo;Luna Alcaide;Leg. X;13/12/2011;13/01/2016;N
Ángel;Luna González;Leg. III;15/07/1986;21/11/1989;N
Ángel;Luna González;Leg. IV;21/11/1989;29/06/1993;N
Florencio;Luque Aguilar;Leg. VII;05/04/2000;02/04/2004;N
Clara Isabel;Luquero de Nicolás;Leg. IX;01/04/2008;13/12/2011;N
Carlos de;Luxán Meléndez;Leg. Const.;14/07/1977;23/03/1979;N
José Manuel;Macarro Vera;Leg. II;18/11/1982;15/07/1986;N
Pere;Macias Arau;Leg. IX;01/04/2008;13/12/2011;N
Alfonso Carlos;Macías Gata;Leg. XV;17/08/2023;;S
Pere;Macias i Arau;Leg. X;13/12/2011;13/01/2016;N
José;Macías Santana;Leg. V;29/06/1993;27/03/1996;N
José;Madero Jarabo;Leg. V;29/06/1993;27/03/1996;N
José;Madero Jarabo;Leg. VI;27/03/1996;05/04/2000;N
José;Madero Jarabo;Leg. VII;05/04/2000;02/04/2004;N
José;Madero Jarabo;Leg. VIII;02/04/2004;01/04/2008;N
José;Madero Jarabo;Leg. IX;01/04/2008;13/12/2011;N
Eduardo;Madina Muñoz;Leg. VIII;02/04/2004;01/04/2008;N
Eduardo;Madina Muñoz;Leg. IX;01/04/2008;13/12/2011;N
Eduardo;Madina Muñoz;Leg. X;13/12/2011;13/01/2016;N
Eduardo;Madina Muñoz;Leg. XII;19/07/2016;21/05/2019;N
Ana María;Madrazo Díaz;Leg. VIII;02/04/2004;01/04/2008;N
Ana María;Madrazo Díaz;Leg. IX;01/04/2008;13/12/2011;N
Ana María;Madrazo Díaz;Leg. X;13/12/2011;13/01/2016;N
Ana María;Madrazo Díaz;Leg. XI;13/01/2016;19/07/2016;N
Ana María;Madrazo Díaz;Leg. XII;19/07/2016;21/05/2019;N
Manuela de;Madre Ortega;Leg. II;18/11/1982;15/07/1986;N
Manuela de;Madre Ortega;Leg. III;15/07/1986;21/11/1989;N
Marta;Madrenas i Mir;Leg. XV;17/08/2023;;S
Demetrio;Madrid López;Leg. Const.;14/07/1977;23/03/1979;N
Demetrio;Madrid López;Leg. I;23/03/1979;18/11/1982;N
Demetrio;Madrid López;Leg. II;18/11/1982;15/07/1986;N
Demetrio;Madrid López;Leg. V;29/06/1993;27/03/1996;N
Demetrio;Madrid López;Leg. VI;27/03/1996;05/04/2000;N
Bartolomé;Madrid Olmo;Leg. XV;17/08/2023;;S
Vicente;Maeso Carbonell;Leg. IV;21/11/1989;29/06/1993;N
María Angeles;Maestro Martín;Leg. IV;21/11/1989;29/06/1993;N
María Angeles;Maestro Martín;Leg. V;29/06/1993;27/03/1996;N
María Angeles;Maestro Martín;Leg. VI;27/03/1996;05/04/2000;N
Roser;Maestro Moliner;Leg. XIII;21/05/2019;03/12/2019;N
Roser;Maestro Moliner;Leg. XIV;03/12/2019;17/08/2023;N
Ignacio;Magaña Sierra;Leg. X;13/12/2011;13/01/2016;N
Joan;Majo Cruzate;Leg. III;15/07/1986;21/11/1989;N
Elisenda;Malaret García;Leg. VIII;02/04/2004;01/04/2008;N
Elisenda;Malaret García;Leg. IX;01/04/2008;13/12/2011;N
Luis;Maldonado Fernández de Tejada;Leg. IX;01/04/2008;13/12/2011;N
Josep;Maldonado i Gili;Leg. VII;05/04/2000;02/04/2004;N
Josep;Maldonado i Gili;Leg. VIII;02/04/2004;01/04/2008;N
Adriana;Maldonado López;Leg. XV;17/08/2023;;S
Daniel;Maldonado López;Leg. Const.;14/07/1977;23/03/1979;N
Jesús;Malón Nicolao;Leg. II;18/11/1982;15/07/1986;N
Jesús Andrés;Mancha Cadenas;Leg. VII;05/04/2000;02/04/2004;N
Jesús Andrés;Mancha Cadenas;Leg. VIII;02/04/2004;01/04/2008;N
Percival;Manglano Albacar;Leg. XIV;03/12/2019;17/08/2023;N
Carlos;Manglano de Mas;Leg. II;18/11/1982;15/07/1986;N
Carlos;Manglano de Mas;Leg. III;15/07/1986;21/11/1989;N
Rubén Silvano;Manso Olivar;Leg. XIV;03/12/2019;17/08/2023;N
Carlos;Mantilla Rodríguez;Leg. V;29/06/1993;27/03/1996;N
Carlos;Mantilla Rodríguez;Leg. VI;27/03/1996;05/04/2000;N
Carlos;Mantilla Rodríguez;Leg. VII;05/04/2000;02/04/2004;N
Carlos;Mantilla Rodríguez;Leg. VIII;02/04/2004;01/04/2008;N
Elena;Máñez Rodríguez;Leg. XIII;21/05/2019;03/12/2019;N
Elena;Máñez Rodríguez;Leg. XIV;03/12/2019;17/08/2023;N
Jesús;Mañueco Alonso;Leg. IV;21/11/1989;29/06/1993;N
Jesús;Mañueco Alonso;Leg. V;29/06/1993;27/03/1996;N
María Arritokieta;Marañón Basarte;Leg. IX;01/04/2008;13/12/2011;N
José María;Maravall Herrero;Leg. III;15/07/1986;21/11/1989;N
Ana;Marcello Santos;Leg. XI;13/01/2016;19/07/2016;N
Ana;Marcello Santos;Leg. XII;19/07/2016;21/05/2019;N
Joan;Marcet i Morera;Leg. II;18/11/1982;15/07/1986;N
Joan;Marcet i Morera;Leg. III;15/07/1986;21/11/1989;N
Joan;Marcet i Morera;Leg. IV;21/11/1989;29/06/1993;N
Joan;Marcet i Morera;Leg. V;29/06/1993;27/03/1996;N
Joan;Marcet i Morera;Leg. VI;27/03/1996;05/04/2000;N
Joan;Marcet i Morera;Leg. VII;05/04/2000;02/04/2004;N
Pilar;Marcos Domínguez;Leg. X;13/12/2011;13/01/2016;N
Pilar;Marcos Domínguez;Leg. XII;19/07/2016;21/05/2019;N
Pilar;Marcos Domínguez;Leg. XIV;03/12/2019;17/08/2023;N
José Luis;Marcos Merino;Leg. V;29/06/1993;27/03/1996;N
María Dolores;Marcos Moyano;Leg. XI;13/01/2016;19/07/2016;N
María Dolores;Marcos Moyano;Leg. XII;19/07/2016;21/05/2019;N
María Dolores;Marcos Moyano;Leg. XIV;03/12/2019;17/08/2023;N
Milagros;Marcos Ortega;Leg. XIII;21/05/2019;03/12/2019;N
Milagros;Marcos Ortega;Leg. XIV;03/12/2019;17/08/2023;N
Milagros;Marcos Ortega;Leg. XV;17/08/2023;;S
Luis;Mardones Sevilla;Leg. II;18/11/1982;15/07/1986;N
Luis;Mardones Sevilla;Leg. III;15/07/1986;21/11/1989;N
Luis;Mardones Sevilla;Leg. IV;21/11/1989;29/06/1993;N
Luis;Mardones Sevilla;Leg. V;29/06/1993;27/03/1996;N
Luis;Mardones Sevilla;Leg. VI;27/03/1996;05/04/2000;N
Luis;Mardones Sevilla;Leg. VII;05/04/2000;02/04/2004;N
Luis;Mardones Sevilla;Leg. VIII;02/04/2004;01/04/2008;N
Joan;Margall Sastre;Leg. XII;19/07/2016;21/05/2019;N
Joan;Margall Sastre;Leg. XIII;21/05/2019;03/12/2019;N
Joan;Margall Sastre;Leg. XIV;03/12/2019;17/08/2023;N
José Vicente;Marí Bosó;Leg. XI;13/01/2016;19/07/2016;N
José Vicente;Marí Bosó;Leg. XII;19/07/2016;21/05/2019;N
José Vicente;Marí Bosó;Leg. XV;17/08/2023;;S
Pau;Marí Klose;Leg. XIII;21/05/2019;03/12/2019;N
Pau;Marí Klose;Leg. XIV;03/12/2019;17/08/2023;N
Luis Alberto;Marín González;Leg. XV;17/08/2023;;S
Manuel;Marín González;Leg. Const.;14/07/1977;23/03/1979;N
Manuel;Marín González;Leg. I;23/03/1979;18/11/1982;N
Manuel;Marín González;Leg. II;18/11/1982;15/07/1986;N
Manuel;Marín González;Leg. VII;05/04/2000;02/04/2004;N
Manuel;Marín González;Leg. VIII;02/04/2004;01/04/2008;N
José Ignacio;Marín Izquierdo;Leg. VI;27/03/1996;05/04/2000;N
José Ignacio;Marín Izquierdo;Leg. VII;05/04/2000;02/04/2004;N
Guillermo;Mariscal Anaya;Leg. VIII;02/04/2004;01/04/2008;N
Guillermo;Mariscal Anaya;Leg. IX;01/04/2008;13/12/2011;N
Guillermo;Mariscal Anaya;Leg. X;13/12/2011;13/01/2016;N
Guillermo;Mariscal Anaya;Leg. XI;13/01/2016;19/07/2016;N
Guillermo;Mariscal Anaya;Leg. XII;19/07/2016;21/05/2019;N
Guillermo;Mariscal Anaya;Leg. XIII;21/05/2019;03/12/2019;N
Guillermo;Mariscal Anaya;Leg. XIV;03/12/2019;17/08/2023;N
Guillermo;Mariscal Anaya;Leg. XV;17/08/2023;;S
Margarita;Mariscal de Gante Mirón;Leg. VII;05/04/2000;02/04/2004;N
Manuel;Mariscal Zabala;Leg. XIII;21/05/2019;03/12/2019;N
Manuel;Mariscal Zabala;Leg. XIV;03/12/2019;17/08/2023;N
Manuel;Mariscal Zabala;Leg. XV;17/08/2023;;S
José Javier;Mármol Peñalver;Leg. IX;01/04/2008;13/12/2011;N
Carmen;Marón Beltrán;Leg. VI;27/03/1996;05/04/2000;N
Carmen;Marón Beltrán;Leg. VII;05/04/2000;02/04/2004;N
Carmen;Marón Beltrán;Leg. VIII;02/04/2004;01/04/2008;N
Carmen;Marón Beltrán;Leg. IX;01/04/2008;13/12/2011;N
Javier;Maroto Aranzábal;Leg. XII;19/07/2016;21/05/2019;N
Reyes;Maroto Illera;Leg. XIII;21/05/2019;03/12/2019;N
Reyes;Maroto Illera;Leg. XIV;03/12/2019;17/08/2023;N
Amador;Marqués Atés;Leg. XV;17/08/2023;;S
Adriano;Marqués de Magallanes;Leg. III;15/07/1986;21/11/1989;N
Antonio;Marquet Artola;Leg. IV;21/11/1989;29/06/1993;N
Francisco;Márquez de la Rubia;Leg. IX;01/04/2008;13/12/2011;N
Francisco;Márquez de la Rubia;Leg. X;13/12/2011;13/01/2016;N
Antonio;Márquez Fernández;Leg. I;23/03/1979;18/11/1982;N
María;Márquez Guerrero;Leg. XIII;21/05/2019;03/12/2019;N
María;Márquez Guerrero;Leg. XIV;03/12/2019;17/08/2023;N
Luis;Marquínez Marquínez;Leg. VI;27/03/1996;05/04/2000;N
Luis;Marquínez Marquínez;Leg. VII;05/04/2000;02/04/2004;N
Luis;Marquínez Marquínez;Leg. VIII;02/04/2004;01/04/2008;N
María Ángeles;Marra Domínguez;Leg. XIII;21/05/2019;03/12/2019;N
María Ángeles;Marra Domínguez;Leg. XIV;03/12/2019;17/08/2023;N
Santiago;Marraco Solana;Leg. I;23/03/1979;18/11/1982;N
Santiago;Marraco Solana;Leg. II;18/11/1982;15/07/1986;N
María;Marrodán Funes;Leg. XIII;21/05/2019;03/12/2019;N
María;Marrodán Funes;Leg. XIV;03/12/2019;17/08/2023;N
Jordi;Marsal Muntalá;Leg. II;18/11/1982;15/07/1986;N
Jordi;Marsal Muntalá;Leg. III;15/07/1986;21/11/1989;N
Jordi;Marsal Muntalá;Leg. IV;21/11/1989;29/06/1993;N
Jordi;Marsal Muntalá;Leg. V;29/06/1993;27/03/1996;N
Jordi;Marsal Muntalá;Leg. VI;27/03/1996;05/04/2000;N
Jordi;Marsal Muntala;Leg. VII;05/04/2000;02/04/2004;N
Jordi;Marsal Muntala;Leg. VIII;02/04/2004;01/04/2008;N
Remedios;Martel Gómez;Leg. VIII;02/04/2004;01/04/2008;N
Jordi;Martí i Galbis;Leg. VII;05/04/2000;02/04/2004;N
Nacho;Martín Blanco;Leg. XV;17/08/2023;;S
Elena Irene;Martín Crevillén;Leg. VI;27/03/1996;05/04/2000;N
Francisco Javier;Martín del Burgo Simarro;Leg. III;15/07/1986;21/11/1989;N
Francisco Javier;Martín del Burgo Simarro;Leg. IV;21/11/1989;29/06/1993;N
Francisco Javier;Martín del Burgo Simarro;Leg. V;29/06/1993;27/03/1996;N
Pedro Samuel;Martín García;Leg. XV;17/08/2023;;S
Lucía;Martín González;Leg. XI;13/01/2016;19/07/2016;N
Lucía;Martín González;Leg. XII;19/07/2016;21/05/2019;N
María Guadalupe;Martín González;Leg. IX;01/04/2008;13/12/2011;N
María Guadalupe;Martín González;Leg. X;13/12/2011;13/01/2016;N
María Guadalupe;Martín González;Leg. XI;13/01/2016;19/07/2016;N
María Guadalupe;Martín González;Leg. XII;19/07/2016;21/05/2019;N
Telmo;Martín González;Leg. X;13/12/2011;13/01/2016;N
Rafael;Martín Hernández;Leg. Const.;14/07/1977;23/03/1979;N
Marta;Martín Llaguno;Leg. XI;13/01/2016;19/07/2016;N
Marta;Martín Llaguno;Leg. XII;19/07/2016;21/05/2019;N
Marta;Martín Llaguno;Leg. XIII;21/05/2019;03/12/2019;N
Marta;Martín Llaguno;Leg. XIV;03/12/2019;17/08/2023;N
Pedro Antonio;Martín Marín;Leg. VII;05/04/2000;02/04/2004;N
Andreu;Martín Martínez;Leg. XV;17/08/2023;;S
María Eugenia;Martín Mendizábal;Leg. VIII;02/04/2004;01/04/2008;N
Adán Pablo;Martín Menis;Leg. V;29/06/1993;27/03/1996;N
Antonio;Martín Mesa;Leg. V;29/06/1993;27/03/1996;N
César;Martín Montes;Leg. I;23/03/1979;18/11/1982;N
José María;Martín Oviedo;Leg. Const.;14/07/1977;23/03/1979;N
José María;Martín Oviedo;Leg. I;23/03/1979;18/11/1982;N
Pablo;Martín Peré;Leg. IX;01/04/2008;13/12/2011;N
Pablo;Martín Peré;Leg. X;13/12/2011;13/01/2016;N
María Teresa;Martín Pozo;Leg. X;13/12/2011;13/01/2016;N
María;Martín Revuelta;Leg. X;13/12/2011;13/01/2016;N
Enrique Luis;Martín Rodríguez;Leg. X;13/12/2011;13/01/2016;N
Margarita;Martín Rodríguez;Leg. XV;17/08/2023;;S
Martiniano;Martín Sánchez;Leg. I;23/03/1979;18/11/1982;N
Miguel Ángel;Martín Soledad;Leg. VII;05/04/2000;02/04/2004;N
Miguel Ángel;Martín Soledad;Leg. VIII;02/04/2004;01/04/2008;N
Alfonso Tomás;Martín Suárez;Leg. II;18/11/1982;15/07/1986;N
Eduardo;Martín Toval;Leg. Const.;14/07/1977;23/03/1979;N
Eduardo;Martín Toval;Leg. I;23/03/1979;18/11/1982;N
Eduardo;Martín Toval;Leg. II;18/11/1982;15/07/1986;N
Eduardo;Martín Toval;Leg. III;15/07/1986;21/11/1989;N
Eduardo;Martín Toval;Leg. IV;21/11/1989;29/06/1993;N
Eduardo;Martín Toval;Leg. V;29/06/1993;27/03/1996;N
Carlos;Martín Urriza;Leg. XV;17/08/2023;;S
Francesca;Martín Vigil;Leg. VII;05/04/2000;02/04/2004;N
Emilio;Martín Villa;Leg. Const.;14/07/1977;23/03/1979;N
Rodolfo;Martín Villa;Leg. I;23/03/1979;18/11/1982;N
Rodolfo;Martín Villa;Leg. II;18/11/1982;15/07/1986;N
Rodolfo;Martín Villa;Leg. IV;21/11/1989;29/06/1993;N
Rodolfo;Martín Villa;Leg. V;29/06/1993;27/03/1996;N
Rodolfo;Martín Villa;Leg. VI;27/03/1996;05/04/2000;N
Gloria;Martín Vivas;Leg. VII;05/04/2000;02/04/2004;N
Pedro;Martínez Arévalo;Leg. IV;21/11/1989;29/06/1993;N
Verónica;Martínez Barbero;Leg. XV;17/08/2023;;S
José Luis;Martínez Blasco;Leg. IV;21/11/1989;29/06/1993;N
José Luis;Martínez Blasco;Leg. V;29/06/1993;27/03/1996;N
Guillermo;Martínez Casañ;Leg. V;29/06/1993;27/03/1996;N
Guillermo;Martínez Casañ;Leg. VI;27/03/1996;05/04/2000;N
Guillermo;Martínez Casañ;Leg. VII;05/04/2000;02/04/2004;N
Inmaculada;Martínez Cervera;Leg. VII;05/04/2000;02/04/2004;N
Miguel;Martínez Cuadrado;Leg. III;15/07/1986;21/11/1989;N
Rubén;Martínez Dalmau;Leg. XI;13/01/2016;19/07/2016;N
Carlos;Martínez de Tejada Pérez;Leg. XIV;03/12/2019;17/08/2023;N
José Enrique;Martínez del Río;Leg. II;18/11/1982;15/07/1986;N
José Enrique;Martínez del Río;Leg. III;15/07/1986;21/11/1989;N
José;Martínez Emperador;Leg. Const.;14/07/1977;23/03/1979;N
María Valentina;Martínez Ferro;Leg. X;13/12/2011;13/01/2016;N
María Valentina;Martínez Ferro;Leg. XII;19/07/2016;21/05/2019;N
María Valentina;Martínez Ferro;Leg. XIII;21/05/2019;03/12/2019;N
María Valentina;Martínez Ferro;Leg. XIV;03/12/2019;17/08/2023;N
Raimon;Martínez Fraile;Leg. VII;05/04/2000;02/04/2004;N
Juan José;Martínez Galán;Leg. IX;01/04/2008;13/12/2011;N
Manuel;Martínez García de Otazo;Leg. II;18/11/1982;15/07/1986;N
Antonio;Martínez Gómez;Leg. XV;17/08/2023;;S
Belarmina;Martínez González;Leg. VI;27/03/1996;05/04/2000;N
José Luis;Martínez González;Leg. XI;13/01/2016;19/07/2016;N
José Luis;Martínez González;Leg. XII;19/07/2016;21/05/2019;N
José Luis;Martínez González;Leg. XIII;21/05/2019;03/12/2019;N
Carlos;Martínez Gorriarán;Leg. X;13/12/2011;13/01/2016;N
María Carmen;Martínez Granados;Leg. XIII;21/05/2019;03/12/2019;N
María Carmen;Martínez Granados;Leg. XIV;03/12/2019;17/08/2023;N
Lander;Martínez Hierro;Leg. XV;17/08/2023;;S
Antonia;Martínez Higueras;Leg. VIII;02/04/2004;01/04/2008;N
Efrén Luciano;Martínez Izquierdo;Leg. IV;21/11/1989;29/06/1993;N
Efrén Luciano;Martínez Izquierdo;Leg. V;29/06/1993;27/03/1996;N
Efrén Luciano;Martínez Izquierdo;Leg. VI;27/03/1996;05/04/2000;N
Ana;Martínez Labella;Leg. XV;17/08/2023;;S
Enrique;Martínez Lagares;Leg. Const.;14/07/1977;23/03/1979;N
José María;Martínez Laseca;Leg. V;29/06/1993;27/03/1996;N
José María;Martínez Laseca;Leg. VI;27/03/1996;05/04/2000;N
José María;Martínez Laseca;Leg. VII;05/04/2000;02/04/2004;N
Cándida;Martínez López;Leg. IX;01/04/2008;13/12/2011;N
Fernando;Martínez Maillo;Leg. VII;05/04/2000;02/04/2004;N
Enrique;Martínez Martínez;Leg. II;18/11/1982;15/07/1986;N
Enrique;Martínez Martínez;Leg. III;15/07/1986;21/11/1989;N
Enrique;Martínez Martínez;Leg. IV;21/11/1989;29/06/1993;N
Enrique;Martínez Martínez;Leg. V;29/06/1993;27/03/1996;N
Miguel Ángel;Martínez Martínez;Leg. Const.;14/07/1977;23/03/1979;N
Miguel Ángel;Martínez Martínez;Leg. I;23/03/1979;18/11/1982;N
Miguel Ángel;Martínez Martínez;Leg. II;18/11/1982;15/07/1986;N
Miguel Ángel;Martínez Martínez;Leg. III;15/07/1986;21/11/1989;N
Miguel Ángel;Martínez Martínez;Leg. IV;21/11/1989;29/06/1993;N
Miguel Ángel;Martínez Martínez;Leg. V;29/06/1993;27/03/1996;N
Miguel Angel;Martínez Martínez;Leg. VI;27/03/1996;05/04/2000;N
Luis;Martínez Noval;Leg. II;18/11/1982;15/07/1986;N
Luis;Martínez Noval;Leg. III;15/07/1986;21/11/1989;N
Luis;Martínez Noval;Leg. IV;21/11/1989;29/06/1993;N
Luis;Martínez Noval;Leg. V;29/06/1993;27/03/1996;N
Luis;Martínez Noval;Leg. VI;27/03/1996;05/04/2000;N
Luis;Martínez Noval;Leg. VII;05/04/2000;02/04/2004;N
Manuel;Martínez Núñez;Leg. III;15/07/1986;21/11/1989;N
Manuel;Martínez Núñez;Leg. IV;21/11/1989;29/06/1993;N
Isidro Manuel;Martínez Oblanca;Leg. XI;13/01/2016;19/07/2016;N
Isidro Manuel;Martínez Oblanca;Leg. XII;19/07/2016;21/05/2019;N
Isidro Manuel;Martínez Oblanca;Leg. XIV;03/12/2019;17/08/2023;N
José;Martínez Olmos;Leg. X;13/12/2011;13/01/2016;N
Carmen;Martínez Ramírez;Leg. XV;17/08/2023;;S
María Rosa;Martínez Rodríguez;Leg. XI;13/01/2016;19/07/2016;N
María Rosa;Martínez Rodríguez;Leg. XII;19/07/2016;21/05/2019;N
Santiago;Martínez Rodríguez;Leg. X;13/12/2011;13/01/2016;N
Teófila;Martínez Saiz;Leg. IV;21/11/1989;29/06/1993;N
Teófila;Martínez Saiz;Leg. V;29/06/1993;27/03/1996;N
Teófila;Martínez Saiz;Leg. VI;27/03/1996;05/04/2000;N
Teófila;Martínez Saiz;Leg. IX;01/04/2008;13/12/2011;N
Teófila;Martínez Saiz;Leg. X;13/12/2011;13/01/2016;N
Teófila;Martínez Saiz;Leg. XI;13/01/2016;19/07/2016;N
Teófila;Martínez Saiz;Leg. XII;19/07/2016;21/05/2019;N
Joaquín;Martínez Salmerón;Leg. XIV;03/12/2019;17/08/2023;N
Joaquín;Martínez Salmerón;Leg. XV;17/08/2023;;S
Angel;Martínez Sanjuan;Leg. II;18/11/1982;15/07/1986;N
Ángel;Martínez Sanjuan;Leg. III;15/07/1986;21/11/1989;N
Angel;Martínez Sanjuan;Leg. IV;21/11/1989;29/06/1993;N
Angel;Martínez Sanjuán;Leg. V;29/06/1993;27/03/1996;N
Angel;Martínez Sanjuán;Leg. VI;27/03/1996;05/04/2000;N
Ángel;Martínez Sanjuán;Leg. VII;05/04/2000;02/04/2004;N
Ángel;Martínez Sanjuán;Leg. VIII;02/04/2004;01/04/2008;N
Santiago;Martínez Saurí;Leg. IV;21/11/1989;29/06/1993;N
María Luz;Martínez Seijo;Leg. XI;13/01/2016;19/07/2016;N
María Luz;Martínez Seijo;Leg. XII;19/07/2016;21/05/2019;N
María Luz;Martínez Seijo;Leg. XIII;21/05/2019;03/12/2019;N
María Luz;Martínez Seijo;Leg. XIV;03/12/2019;17/08/2023;N
María Luz;Martínez Seijo;Leg. XV;17/08/2023;;S
José Joaquín;Martínez Sieso;Leg. IV;21/11/1989;29/06/1993;N
José Joaquín;Martínez Sieso;Leg. V;29/06/1993;27/03/1996;N
José Joaquín;Martínez Sieso;Leg. VIII;02/04/2004;01/04/2008;N
José Joaquín;Martínez Sieso;Leg. IX;01/04/2008;13/12/2011;N
Angel;Martínez Soriano;Leg. Const.;14/07/1977;23/03/1979;N
Juan de Dios;Martínez Soriano;Leg. IX;01/04/2008;13/12/2011;N
Francisco;Martínez Vázquez;Leg. XII;19/07/2016;21/05/2019;N
Rafael;Martínez-Campillo García;Leg. III;15/07/1986;21/11/1989;N
Rafael;Martínez-Campillo García;Leg. IV;21/11/1989;29/06/1993;N
Fernando;Martínez-Maillo Toribio;Leg. XI;13/01/2016;19/07/2016;N
Fernando;Martínez-Maíllo Toribio;Leg. XII;19/07/2016;21/05/2019;N
Jesús Roque;Martínez-Pujalte López;Leg. Const.;14/07/1977;23/03/1979;N
Vicente;Martínez-Pujalte López;Leg. V;29/06/1993;27/03/1996;N
Vicente;Martínez-Pujalte López;Leg. VI;27/03/1996;05/04/2000;N
Vicente;Martínez-Pujalte López;Leg. VII;05/04/2000;02/04/2004;N
Vicente;Martínez-Pujalte López;Leg. VIII;02/04/2004;01/04/2008;N
Vicente;Martínez-Pujalte López;Leg. IX;01/04/2008;13/12/2011;N
Vicente;Martínez-Pujalte López;Leg. X;13/12/2011;13/01/2016;N
Gervasio;Martínez-Villaseñor García;Leg. Const.;14/07/1977;23/03/1979;N
Gervasio;Martínez-Villaseñor García;Leg. I;23/03/1979;18/11/1982;N
Gervasio;Martínez-Villaseñor García;Leg. IV;21/11/1989;29/06/1993;N
Gervasio;Martínez-Villaseñor García;Leg. V;29/06/1993;27/03/1996;N
Gervasio;Martínez-Villaseñor García;Leg. VI;27/03/1996;05/04/2000;N
Antonio;Martinón Cejas;Leg. V;29/06/1993;27/03/1996;N
Antonio;Martinón Cejas;Leg. VI;27/03/1996;05/04/2000;N
Sebastián;Martín-Retortillo y Baquer;Leg. I;23/03/1979;18/11/1982;N
José Alberto;Martín-Toledano Suárez;Leg. X;13/12/2011;13/01/2016;N
José Alberto;Martín-Toledano Suárez;Leg. XI;13/01/2016;19/07/2016;N
José Alberto;Martín-Toledano Suárez;Leg. XII;19/07/2016;21/05/2019;N
Mª del Carmen;Martorell Pallás;Leg. VII;05/04/2000;02/04/2004;N
Amparo Rita;Marzal Martínez;Leg. VII;05/04/2000;02/04/2004;N
Manuel;Mas i Estela;Leg. VIII;02/04/2004;01/04/2008;N
Manuel;Mas i Estela;Leg. IX;01/04/2008;13/12/2011;N
Antonio;Masa Godoy;Leg. Const.;14/07/1977;23/03/1979;N
Zenón;Mascareño Alemán;Leg. I;23/03/1979;18/11/1982;N
Enrique de la;Mata Gorostizaga;Leg. I;23/03/1979;18/11/1982;N
Marta Angela;Mata i Garriga;Leg. Const.;14/07/1977;23/03/1979;N
Marta Angela;Mata i Garriga;Leg. I;23/03/1979;18/11/1982;N
Alejandro de la;Mata Menéndez;Leg. IX;01/04/2008;13/12/2011;N
Carmen;Matador de Matos;Leg. VI;27/03/1996;05/04/2000;N
Carmen;Matador de Matos;Leg. VII;05/04/2000;02/04/2004;N
Carmen;Matador de Matos;Leg. VIII;02/04/2004;01/04/2008;N
Jorge Juan;Mataix Hidalgo;Leg. III;15/07/1986;21/11/1989;N
Juan José;Matarí Sáez;Leg. VII;05/04/2000;02/04/2004;N
Juan José;Matarí Sáez;Leg. VIII;02/04/2004;01/04/2008;N
Juan José;Matarí Sáez;Leg. IX;01/04/2008;13/12/2011;N
Juan José;Matarí Sáez;Leg. X;13/12/2011;13/01/2016;N
Juan José;Matarí Sáez;Leg. XI;13/01/2016;19/07/2016;N
Juan José;Matarí Sáez;Leg. XII;19/07/2016;21/05/2019;N
Juan José;Matarí Sáez;Leg. XIII;21/05/2019;03/12/2019;N
Juan José;Matarí Sáez;Leg. XIV;03/12/2019;17/08/2023;N
José Ramón;Mateos Martín;Leg. VIII;02/04/2004;01/04/2008;N
Rafael;Mateos Yuste;Leg. VII;05/04/2000;02/04/2004;N
Jaime Miguel;Mateu Istúriz;Leg. XI;13/01/2016;19/07/2016;N
Jaime Miguel;Mateu Istúriz;Leg. XII;19/07/2016;21/05/2019;N
Jaime Miguel;Mateu Istúriz;Leg. XIV;03/12/2019;17/08/2023;N
Ana;Mato Adrover;Leg. V;29/06/1993;27/03/1996;N
Ana;Mato Adrover;Leg. VI;27/03/1996;05/04/2000;N
Ana;Mato Adrover;Leg. VII;05/04/2000;02/04/2004;N
Ana;Mato Adrover;Leg. VIII;02/04/2004;01/04/2008;N
Ana;Mato Adrover;Leg. IX;01/04/2008;13/12/2011;N
Ana;Mato Adrover;Leg. X;13/12/2011;13/01/2016;N
Gabriel;Mato Adrover;Leg. VII;05/04/2000;02/04/2004;N
Gabriel;Mato Adrover;Leg. IX;01/04/2008;13/12/2011;N
Sergio Carlos;Matos Castro;Leg. XV;17/08/2023;;S
Pablo;Matos Mascareño;Leg. VIII;02/04/2004;01/04/2008;N
Pablo;Matos Mascareño;Leg. IX;01/04/2008;13/12/2011;N
Pablo;Matos Mascareño;Leg. X;13/12/2011;13/01/2016;N
Pablo;Matos Mascareño;Leg. XI;13/01/2016;19/07/2016;N
Pablo;Matos Mascareño;Leg. XII;19/07/2016;21/05/2019;N
José Antonio;Maturana Plaza;Leg. Const.;14/07/1977;23/03/1979;N
José Antonio;Maturana Plaza;Leg. I;23/03/1979;18/11/1982;N
Oskar;Matute García de Jalón;Leg. XII;19/07/2016;21/05/2019;N
Oskar;Matute García de Jalón;Leg. XIII;21/05/2019;03/12/2019;N
Oskar;Matute García de Jalón;Leg. XIV;03/12/2019;17/08/2023;N
Oskar;Matute García de Jalón;Leg. XV;17/08/2023;;S
Abel;Matutes Juan;Leg. II;18/11/1982;15/07/1986;N
Fernando;Maura Barandiarán;Leg. XI;13/01/2016;19/07/2016;N
Fernando;Maura Barandiarán;Leg. XII;19/07/2016;21/05/2019;N
Eduardo Javier;Maura Zorita;Leg. XI;13/01/2016;19/07/2016;N
Eduardo Javier;Maura Zorita;Leg. XII;19/07/2016;21/05/2019;N
José Carlos;Mauricio Rodríguez;Leg. V;29/06/1993;27/03/1996;N
José Carlos;Mauricio Rodríguez;Leg. VI;27/03/1996;05/04/2000;N
José Carlos;Mauricio Rodríguez;Leg. VII;05/04/2000;02/04/2004;N
Soraya;Mayo Alonso;Leg. XIII;21/05/2019;03/12/2019;N
Jaime;Mayor Oreja;Leg. I;23/03/1979;18/11/1982;N
Jaime;Mayor Oreja;Leg. IV;21/11/1989;29/06/1993;N
Jaime;Mayor Oreja;Leg. VI;27/03/1996;05/04/2000;N
Jaime;Mayor Oreja;Leg. VII;05/04/2000;02/04/2004;N
Jaime;Mayor Oreja;Leg. VIII;02/04/2004;01/04/2008;N
Federico;Mayor Zaragoza;Leg. Const.;14/07/1977;23/03/1979;N
Victorino;Mayoral Cortés;Leg. II;18/11/1982;15/07/1986;N
Victorino;Mayoral Cortés;Leg. III;15/07/1986;21/11/1989;N
Victorino;Mayoral Cortés;Leg. IV;21/11/1989;29/06/1993;N
Victorino;Mayoral Cortés;Leg. VII;05/04/2000;02/04/2004;N
Victorino;Mayoral Cortés;Leg. VIII;02/04/2004;01/04/2008;N
Alberto;Mayoral de Lamo;Leg. XV;17/08/2023;;S
Rafael;Mayoral Perales;Leg. XI;13/01/2016;19/07/2016;N
Rafael;Mayoral Perales;Leg. XII;19/07/2016;21/05/2019;N
Rafael;Mayoral Perales;Leg. XIII;21/05/2019;03/12/2019;N
Rafael;Mayoral Perales;Leg. XIV;03/12/2019;17/08/2023;N
Jesús;Mayoral Pérez;Leg. XV;17/08/2023;;S
Juan José;Mazarrasa Alvear;Leg. III;15/07/1986;21/11/1989;N
José María;Mazón Ramos;Leg. XIII;21/05/2019;03/12/2019;N
José María;Mazón Ramos;Leg. XIV;03/12/2019;17/08/2023;N
Rosa María;Medel Pérez;Leg. XIV;03/12/2019;17/08/2023;N
José Luis Tomás;Mederos Aparicio;Leg. I;23/03/1979;18/11/1982;N
Guillermo;Medina González;Leg. I;23/03/1979;18/11/1982;N
Manuel;Medina Ortega;Leg. II;18/11/1982;15/07/1986;N
Manuel;Medina Ortega;Leg. III;15/07/1986;21/11/1989;N
María Isabel;Medina Suárez;Leg. XI;13/01/2016;19/07/2016;N
Francisca;Medina Teva;Leg. IX;01/04/2008;13/12/2011;N
Antonio Luis;Medina Toledo;Leg. VI;27/03/1996;05/04/2000;N
Luis Fernando;Medrano y Blasco;Leg. III;15/07/1986;21/11/1989;N
Guillermo Antonio;Meijón Couselo;Leg. X;13/12/2011;13/01/2016;N
Guillermo Antonio;Meijón Couselo;Leg. XI;13/01/2016;19/07/2016;N
Guillermo Antonio;Meijón Couselo;Leg. XII;19/07/2016;21/05/2019;N
Guillermo Antonio;Meijón Couselo;Leg. XIII;21/05/2019;03/12/2019;N
Guillermo Antonio;Meijón Couselo;Leg. XIV;03/12/2019;17/08/2023;N
José Luis;Meilán Gil;Leg. Const.;14/07/1977;23/03/1979;N
José Luis;Meilán Gil;Leg. I;23/03/1979;18/11/1982;N
Carina;Mejías Sánchez;Leg. XIII;21/05/2019;03/12/2019;N
Carina;Mejías Sánchez;Leg. XV;17/08/2023;;S
Joaquín;Melgarejo Moreno;Leg. XV;17/08/2023;;S
José;Melia Goicoechea;Leg. III;15/07/1986;21/11/1989;N
Valle;Mellado Sierra;Leg. XV;17/08/2023;;S
Jesús;Membrado Giner;Leg. VIII;02/04/2004;01/04/2008;N
Jesús;Membrado Giner;Leg. IX;01/04/2008;13/12/2011;N
Joan;Mena Arca;Leg. XI;13/01/2016;19/07/2016;N
Joan;Mena Arca;Leg. XII;19/07/2016;21/05/2019;N
Joan;Mena Arca;Leg. XIII;21/05/2019;03/12/2019;N
Joan;Mena Arca;Leg. XIV;03/12/2019;17/08/2023;N
Ricardo;Mena-Bernal Romero;Leg. III;15/07/1986;21/11/1989;N
Pedro;Menchero Márquez;Leg. I;23/03/1979;18/11/1982;N
Íñigo;Méndez de Vigo Montojo;Leg. XI;13/01/2016;19/07/2016;N
Íñigo;Méndez de Vigo Montojo;Leg. XII;19/07/2016;21/05/2019;N
Daniel;Méndez Guillén;Leg. IX;01/04/2008;13/12/2011;N
Constantino;Méndez Martínez;Leg. V;29/06/1993;27/03/1996;N
Lourdes;Méndez Monasterio;Leg. VIII;02/04/2004;01/04/2008;N
Lourdes;Méndez Monasterio;Leg. IX;01/04/2008;13/12/2011;N
Lourdes;Méndez Monasterio;Leg. X;13/12/2011;13/01/2016;N
Lourdes;Méndez Monasterio;Leg. XIII;21/05/2019;03/12/2019;N
Lourdes;Méndez Monasterio;Leg. XIV;03/12/2019;17/08/2023;N
Lourdes;Méndez Monasterio;Leg. XV;17/08/2023;;S
Cándido;Méndez Rodríguez;Leg. I;23/03/1979;18/11/1982;N
Cándido;Méndez Rodríguez;Leg. II;18/11/1982;15/07/1986;N
Arantza;Mendizábal Gorostiaga;Leg. IV;21/11/1989;29/06/1993;N
Arantza;Mendizábal Gorostiaga;Leg. V;29/06/1993;27/03/1996;N
Arantza;Mendizábal Gorostiaga;Leg. VI;27/03/1996;05/04/2000;N
Arantza;Mendizábal Gorostiaga;Leg. VII;05/04/2000;02/04/2004;N
Arantza;Mendizábal Gorostiaga;Leg. VIII;02/04/2004;01/04/2008;N
Arantza;Mendizábal Gorostiaga;Leg. IX;01/04/2008;13/12/2011;N
Pedro de;Mendizábal y Uriarte;Leg. Const.;14/07/1977;23/03/1979;N
Pepe;Mercadal Baquero;Leg. XV;17/08/2023;;S
María Antonia;Mercant Nadal;Leg. IX;01/04/2008;13/12/2011;N
Carlota;Merchán Mesón;Leg. XII;19/07/2016;21/05/2019;N
Jesús;Merino Delgado;Leg. VII;05/04/2000;02/04/2004;N
Jesús;Merino Delgado;Leg. VIII;02/04/2004;01/04/2008;N
Jesús;Merino Delgado;Leg. IX;01/04/2008;13/12/2011;N
Rafael;Merino López;Leg. VII;05/04/2000;02/04/2004;N
Rafael;Merino López;Leg. VIII;02/04/2004;01/04/2008;N
Rafael;Merino López;Leg. IX;01/04/2008;13/12/2011;N
Rafael;Merino López;Leg. X;13/12/2011;13/01/2016;N
Rafael;Merino López;Leg. XI;13/01/2016;19/07/2016;N
Rafael;Merino López;Leg. XII;19/07/2016;21/05/2019;N
Javier;Merino Martínez;Leg. XIV;03/12/2019;17/08/2023;N
Javier;Merino Martínez;Leg. XV;17/08/2023;;S
Antonio;Merino Santamaría;Leg. IV;21/11/1989;29/06/1993;N
Antonio;Merino Santamaría;Leg. V;29/06/1993;27/03/1996;N
Antonio;Merino Santamaría;Leg. VI;27/03/1996;05/04/2000;N
Antonio;Merino Santamaría;Leg. VII;05/04/2000;02/04/2004;N
José María;Mesa Parra;Leg. I;23/03/1979;18/11/1982;N
Joan;Mesquida Ferrando;Leg. XIII;21/05/2019;03/12/2019;N
Joan;Mesquida Mayans;Leg. XV;17/08/2023;;S
Manuel;Mestre Barea;Leg. XIII;21/05/2019;03/12/2019;N
Manuel;Mestre Barea;Leg. XIV;03/12/2019;17/08/2023;N
Willy Enrique;Meyer Pleite;Leg. VI;27/03/1996;05/04/2000;N
José María;Michavila Núñez;Leg. V;29/06/1993;27/03/1996;N
José María;Michavila Núñez;Leg. VI;27/03/1996;05/04/2000;N
José María;Michavila Núñez;Leg. VII;05/04/2000;02/04/2004;N
José María;Michavila Núñez;Leg. VIII;02/04/2004;01/04/2008;N
José María;Michavila Núñez;Leg. IX;01/04/2008;13/12/2011;N
Julia de;Micheo Carrillo-Albornoz;Leg. X;13/12/2011;13/01/2016;N
Àgueda;Micó Micó;Leg. XV;17/08/2023;;S
César de;Miguel López;Leg. II;18/11/1982;15/07/1986;N
Orlena María;Miguel Muñoz;Leg. XI;13/01/2016;19/07/2016;N
José Antonio de;Miguel Nieto;Leg. IV;21/11/1989;29/06/1993;N
María Aránzazu;Miguélez Pariente;Leg. X;13/12/2011;13/01/2016;N
Manuel;Milián Mestre;Leg. IV;21/11/1989;29/06/1993;N
Manuel;Milián Mestre;Leg. V;29/06/1993;27/03/1996;N
Manuel;Milián Mestre;Leg. VI;27/03/1996;05/04/2000;N
Miguel Ángel;Millán Carrascosa;Leg. VIII;02/04/2004;01/04/2008;N
María Virginia;Millán Salmerón;Leg. XI;13/01/2016;19/07/2016;N
María Virginia;Millán Salmerón;Leg. XII;19/07/2016;21/05/2019;N
María Virginia;Millán Salmerón;Leg. XIII;21/05/2019;03/12/2019;N
Jesús Vicente;Mingo Benítez;Leg. V;29/06/1993;27/03/1996;N
Mario;Mingo Zapatero;Leg. VI;27/03/1996;05/04/2000;N
Mario;Mingo Zapatero;Leg. VII;05/04/2000;02/04/2004;N
Mario;Mingo Zapatero;Leg. VIII;02/04/2004;01/04/2008;N
Mario;Mingo Zapatero;Leg. IX;01/04/2008;13/12/2011;N
Mario;Mingo Zapatero;Leg. X;13/12/2011;13/01/2016;N
Montse;Mínguez García;Leg. XIII;21/05/2019;03/12/2019;N
Montse;Mínguez García;Leg. XIV;03/12/2019;17/08/2023;N
Montse;Mínguez García;Leg. XV;17/08/2023;;S
José;Miñones Conde;Leg. XV;17/08/2023;;S
Sergi;Miquel i Valentí;Leg. XII;19/07/2016;21/05/2019;N
Sergi;Miquel i Valentí;Leg. XIII;21/05/2019;03/12/2019;N
Sergi;Miquel i Valentí;Leg. XIV;03/12/2019;17/08/2023;N
Mònica;Miquel Serdá;Leg. VII;05/04/2000;02/04/2004;N
Gregorio;Mir Mayol;Leg. II;18/11/1982;15/07/1986;N
María del Carme;Miralles i Guasch;Leg. VII;05/04/2000;02/04/2004;N
Onofre;Miralles Martín;Leg. XIV;03/12/2019;17/08/2023;N
José Antonio;Mirón Canelo;Leg. XIII;21/05/2019;03/12/2019;N
Josep Ramón;Modol i Pifarré;Leg. IV;21/11/1989;29/06/1993;N
Anastasio Fernando;Modrego Vitoria;Leg. II;18/11/1982;15/07/1986;N
José María;Mohedano Fuertes;Leg. IV;21/11/1989;29/06/1993;N
José María;Mohedano Fuertes;Leg. V;29/06/1993;27/03/1996;N
Francisco Javier;Moldes Fontán;Leg. III;15/07/1986;21/11/1989;N
Juan;Molina Cabrera;Leg. II;18/11/1982;15/07/1986;N
Álvaro;Molina Fernández-Miranda;Leg. III;15/07/1986;21/11/1989;N
José Manuel;Molina García;Leg. IV;21/11/1989;29/06/1993;N
Ainhoa;Molina León;Leg. XV;17/08/2023;;S
César Antonio;Molina Sánchez;Leg. IX;01/04/2008;13/12/2011;N
Ramón Luis;Molinary Malo;Leg. XI;13/01/2016;19/07/2016;N
Francisco;Molinero Hoyos;Leg. X;13/12/2011;13/01/2016;N
Francisco;Molinero Hoyos;Leg. XI;13/01/2016;19/07/2016;N
Francisco;Molinero Hoyos;Leg. XII;19/07/2016;21/05/2019;N
Joaquím;Molins i Amat;Leg. I;23/03/1979;18/11/1982;N
Joaquím;Molins i Amat;Leg. II;18/11/1982;15/07/1986;N
Joaquím;Molins i Amat;Leg. V;29/06/1993;27/03/1996;N
Joaquím;Molins i Amat;Leg. VI;27/03/1996;05/04/2000;N
Mercedes;Moll de Miguel;Leg. Const.;14/07/1977;23/03/1979;N
María Sandra;Moneo Díez;Leg. VI;27/03/1996;05/04/2000;N
María Sandra;Moneo Díez;Leg. VII;05/04/2000;02/04/2004;N
María Sandra;Moneo Díez;Leg. VIII;02/04/2004;01/04/2008;N
María Sandra;Moneo Díez;Leg. IX;01/04/2008;13/12/2011;N
María Sandra;Moneo Díez;Leg. X;13/12/2011;13/01/2016;N
María Sandra;Moneo Díez;Leg. XI;13/01/2016;19/07/2016;N
María Sandra;Moneo Díez;Leg. XII;19/07/2016;21/05/2019;N
María Sandra;Moneo Díez;Leg. XIII;21/05/2019;03/12/2019;N
María Sandra;Moneo Díez;Leg. XIV;03/12/2019;17/08/2023;N
María Sandra;Moneo Díez;Leg. XV;17/08/2023;;S
Manuel;Monereo Pérez;Leg. XII;19/07/2016;21/05/2019;N
Andoni;Monforte Arregui;Leg. Const.;14/07/1977;23/03/1979;N
Andoni;Monforte Arregui;Leg. I;23/03/1979;18/11/1982;N
Andoni;Monforte Arregui;Leg. II;18/11/1982;15/07/1986;N
Isaías;Monforte Francia;Leg. II;18/11/1982;15/07/1986;N
Enrique;Monsonís Domingo;Leg. Const.;14/07/1977;23/03/1979;N
Enrique;Monsonís Domingo;Leg. I;23/03/1979;18/11/1982;N
Josu;Montalbán Goicoechea;Leg. IX;01/04/2008;13/12/2011;N
Vicente;Montávez Aguillaume;Leg. XV;17/08/2023;;S
Águeda;Montelongo González;Leg. VII;05/04/2000;02/04/2004;N
Fernando;Monter González;Leg. III;15/07/1986;21/11/1989;N
María Jesús;Montero Cuadrado;Leg. XIII;21/05/2019;03/12/2019;N
María Jesús;Montero Cuadrado;Leg. XIV;03/12/2019;17/08/2023;N
María Jesús;Montero Cuadrado;Leg. XV;17/08/2023;;S
Irene María;Montero Gil;Leg. XI;13/01/2016;19/07/2016;N
Irene María;Montero Gil;Leg. XII;19/07/2016;21/05/2019;N
Irene María;Montero Gil;Leg. XIII;21/05/2019;03/12/2019;N
Irene María;Montero Gil;Leg. XIV;03/12/2019;17/08/2023;N
Alberto;Montero Soler;Leg. XI;13/01/2016;19/07/2016;N
Alberto;Montero Soler;Leg. XII;19/07/2016;21/05/2019;N
María del Carmen;Montes Contreras;Leg. VI;27/03/1996;05/04/2000;N
Paulino;Montesdeoca Sánchez;Leg. II;18/11/1982;15/07/1986;N
Paulino;Montesdeoca Sánchez;Leg. III;15/07/1986;21/11/1989;N
Paulino;Montesdeoca Sánchez;Leg. IV;21/11/1989;29/06/1993;N
María Virtudes;Monteserín Rodríguez;Leg. VIII;02/04/2004;01/04/2008;N
María Virtudes;Monteserín Rodríguez;Leg. IX;01/04/2008;13/12/2011;N
María Virtudes;Monteserín Rodríguez;Leg. X;13/12/2011;13/01/2016;N
Pablo;Montesinos Aguayo;Leg. XIII;21/05/2019;03/12/2019;N
Pablo;Montesinos Aguayo;Leg. XIV;03/12/2019;17/08/2023;N
Macarena;Montesinos de Miguel;Leg. VIII;02/04/2004;01/04/2008;N
Macarena;Montesinos de Miguel;Leg. IX;01/04/2008;13/12/2011;N
Macarena;Montesinos de Miguel;Leg. X;13/12/2011;13/01/2016;N
Macarena;Montesinos de Miguel;Leg. XIII;21/05/2019;03/12/2019;N
Macarena;Montesinos de Miguel;Leg. XIV;03/12/2019;17/08/2023;N
Macarena;Montesinos de Miguel;Leg. XV;17/08/2023;;S
Juan Antonio;Montesinos García;Leg. II;18/11/1982;15/07/1986;N
Juan Antonio;Montesinos García;Leg. III;15/07/1986;21/11/1989;N
Juan Antonio;Montesinos García;Leg. IV;21/11/1989;29/06/1993;N
José;Montilla Aguilera;Leg. VIII;02/04/2004;01/04/2008;N
José Antonio;Montilla Martos;Leg. XIII;21/05/2019;03/12/2019;N
José Antonio;Montilla Martos;Leg. XIV;03/12/2019;17/08/2023;N
Carmen;Montón Giménez;Leg. VIII;02/04/2004;01/04/2008;N
Carmen;Montón Giménez;Leg. IX;01/04/2008;13/12/2011;N
Carmen;Montón Giménez;Leg. X;13/12/2011;13/01/2016;N
Cristóbal Ricardo;Montoro Romero;Leg. V;29/06/1993;27/03/1996;N
Cristóbal Ricardo;Montoro Romero;Leg. VI;27/03/1996;05/04/2000;N
Cristóbal Ricardo;Montoro Romero;Leg. VII;05/04/2000;02/04/2004;N
Cristóbal Ricardo;Montoro Romero;Leg. VIII;02/04/2004;01/04/2008;N
Cristóbal Ricardo;Montoro Romero;Leg. IX;01/04/2008;13/12/2011;N
Cristóbal Ricardo;Montoro Romero;Leg. X;13/12/2011;13/01/2016;N
Cristóbal Ricardo;Montoro Romero;Leg. XI;13/01/2016;19/07/2016;N
Cristóbal Ricardo;Montoro Romero;Leg. XII;19/07/2016;21/05/2019;N
María Reyes;Montseny Masip;Leg. V;29/06/1993;27/03/1996;N
María Reyes;Montseny Masip;Leg. VI;27/03/1996;05/04/2000;N
María Reyes;Montseny Masip;Leg. VII;05/04/2000;02/04/2004;N
Dolors;Montserrat Montserrat;Leg. IX;01/04/2008;13/12/2011;N
Dolors;Montserrat Montserrat;Leg. X;13/12/2011;13/01/2016;N
Dolors;Montserrat Montserrat;Leg. XI;13/01/2016;19/07/2016;N
Dolors;Montserrat Montserrat;Leg. XII;19/07/2016;21/05/2019;N
Antonio;Montserrat Solé;Leg. I;23/03/1979;18/11/1982;N
María Soledad;Monzón Cabrera;Leg. VII;05/04/2000;02/04/2004;N
Paula;Monzón Suárez;Leg. V;29/06/1993;27/03/1996;N
Telesforo de;Monzón y Ortiz de Urruela;Leg. I;23/03/1979;18/11/1982;N
Manuel;Mora Bernat;Leg. X;13/12/2011;13/01/2016;N
María José;Mora Devis;Leg. VI;27/03/1996;05/04/2000;N
Rita;Moraga Ferrándiz;Leg. IV;21/11/1989;29/06/1993;N
Jorge;Moragas Sánchez;Leg. VIII;02/04/2004;01/04/2008;N
Jorge;Moragas Sánchez;Leg. IX;01/04/2008;13/12/2011;N
Jorge;Moragas Sánchez;Leg. X;13/12/2011;13/01/2016;N
Jorge;Moragas Sánchez;Leg. XI;13/01/2016;19/07/2016;N
Jorge;Moragas Sánchez;Leg. XII;19/07/2016;21/05/2019;N
Alberto;Moragues Gomila;Leg. V;29/06/1993;27/03/1996;N
Alberto;Moragues Gomila;Leg. VI;27/03/1996;05/04/2000;N
Alberto;Moragues Gomila;Leg. VII;05/04/2000;02/04/2004;N
Sixte;Moral Reixach;Leg. IX;01/04/2008;13/12/2011;N
Fernando;Moraleda Quílez;Leg. IX;01/04/2008;13/12/2011;N
Tristana María;Moraleja Gómez;Leg. X;13/12/2011;13/01/2016;N
Tristana María;Moraleja Gómez;Leg. XII;19/07/2016;21/05/2019;N
Tristana María;Moraleja Gómez;Leg. XIII;21/05/2019;03/12/2019;N
Tristana María;Moraleja Gómez;Leg. XIV;03/12/2019;17/08/2023;N
Tristana María;Moraleja Gómez;Leg. XV;17/08/2023;;S
Álvaro;Morales Álvarez;Leg. XV;17/08/2023;;S
Pedro;Morales Moya;Leg. Const.;14/07/1977;23/03/1979;N
Hugo Alfonso;Morán Fernández;Leg. IX;01/04/2008;13/12/2011;N
Fernando;Morán López;Leg. II;18/11/1982;15/07/1986;N
Juan;Morano Masa;Leg. IV;21/11/1989;29/06/1993;N
Juan;Morano Masa;Leg. V;29/06/1993;27/03/1996;N
Juan;Morano Masa;Leg. VI;27/03/1996;05/04/2000;N
Juan;Morano Masa;Leg. VII;05/04/2000;02/04/2004;N
Juan;Morano Masa;Leg. VIII;02/04/2004;01/04/2008;N
Juan;Morano Masa;Leg. IX;01/04/2008;13/12/2011;N
Diana;Morant Ripoll;Leg. XV;17/08/2023;;S
José Enrique;Moratalla Molina;Leg. VI;27/03/1996;05/04/2000;N
Miguel Ángel;Moratinos Cuyaubé;Leg. VIII;02/04/2004;01/04/2008;N
Miguel Ángel;Moratinos Cuyaubé;Leg. IX;01/04/2008;13/12/2011;N
Dolores Blanca;Morenas Aydillo;Leg. Const.;14/07/1977;23/03/1979;N
Dolores Blanca;Morenas Aydillo;Leg. I;23/03/1979;18/11/1982;N
Juan Manuel;Moreno Bonilla;Leg. VII;05/04/2000;02/04/2004;N
Juan Manuel;Moreno Bonilla;Leg. VIII;02/04/2004;01/04/2008;N
Juan Manuel;Moreno Bonilla;Leg. IX;01/04/2008;13/12/2011;N
Juan Manuel;Moreno Bonilla;Leg. X;13/12/2011;13/01/2016;N
Cristina;Moreno Borrás;Leg. XV;17/08/2023;;S
Ramón;Moreno Bustos;Leg. VI;27/03/1996;05/04/2000;N
Ramón;Moreno Bustos;Leg. VII;05/04/2000;02/04/2004;N
Ramón;Moreno Bustos;Leg. VIII;02/04/2004;01/04/2008;N
Ramón;Moreno Bustos;Leg. IX;01/04/2008;13/12/2011;N
Ramón;Moreno Bustos;Leg. X;13/12/2011;13/01/2016;N
Ramón;Moreno Bustos;Leg. XI;13/01/2016;19/07/2016;N
Ramón;Moreno Bustos;Leg. XII;19/07/2016;21/05/2019;N
Diego;Moreno Castrillo;Leg. IX;01/04/2008;13/12/2011;N
Alfonso;Moreno del Cuvillo;Leg. V;29/06/1993;27/03/1996;N
Eduardo;Moreno Díez;Leg. Const.;14/07/1977;23/03/1979;N
Eduardo;Moreno Díez;Leg. I;23/03/1979;18/11/1982;N
Irene;Moreno Felipe;Leg. X;13/12/2011;13/01/2016;N
Mª Isabel;Moreno Fernández;Leg. XV;17/08/2023;;S
Francisco;Moreno Franco;Leg. VI;27/03/1996;05/04/2000;N
José Luis;Moreno García;Leg. Const.;14/07/1977;23/03/1979;N
José Luis;Moreno García;Leg. I;23/03/1979;18/11/1982;N
Francisco;Moreno Gómez;Leg. III;15/07/1986;21/11/1989;N
Elena María;Moreno González;Leg. Const.;14/07/1977;23/03/1979;N
Elena María;Moreno González;Leg. I;23/03/1979;18/11/1982;N
María del Carmen;Moreno González;Leg. V;29/06/1993;27/03/1996;N
Joaquín;Moreno Latorre;Leg. XIII;21/05/2019;03/12/2019;N
Sergio;Moreno Monrove;Leg. III;15/07/1986;21/11/1989;N
Sergio;Moreno Monrove;Leg. V;29/06/1993;27/03/1996;N
Sergio;Moreno Monrove;Leg. VI;27/03/1996;05/04/2000;N
Antonio;Moreno Olmedo;Leg. IV;21/11/1989;29/06/1993;N
Rubén;Moreno Palanques;Leg. X;13/12/2011;13/01/2016;N
Rubén;Moreno Palanques;Leg. XI;13/01/2016;19/07/2016;N
Rubén;Moreno Palanques;Leg. XII;19/07/2016;21/05/2019;N
Nazaria;Moreno Sirodey;Leg. VII;05/04/2000;02/04/2004;N
Marcelino;Moreta Amat;Leg. Const.;14/07/1977;23/03/1979;N
Marcelino;Moreta Amat;Leg. I;23/03/1979;18/11/1982;N
Antonio;Morillo Crespo;Leg. I;23/03/1979;18/11/1982;N
Pau;Morlà Florit;Leg. XIII;21/05/2019;03/12/2019;N
Víctor;Morlán Gracia;Leg. III;15/07/1986;21/11/1989;N
Víctor;Morlán Gracia;Leg. IV;21/11/1989;29/06/1993;N
Víctor;Morlán Gracia;Leg. V;29/06/1993;27/03/1996;N
Víctor;Morlán Gracia;Leg. VI;27/03/1996;05/04/2000;N
Víctor;Morlán Gracia;Leg. VII;05/04/2000;02/04/2004;N
Víctor;Morlán Gracia;Leg. VIII;02/04/2004;01/04/2008;N
Víctor;Morlán Gracia;Leg. IX;01/04/2008;13/12/2011;N
Víctor;Morlán Gracia;Leg. X;13/12/2011;13/01/2016;N
María Jesús;Moro Almaraz;Leg. X;13/12/2011;13/01/2016;N
María Jesús;Moro Almaraz;Leg. XI;13/01/2016;19/07/2016;N
María Jesús;Moro Almaraz;Leg. XII;19/07/2016;21/05/2019;N
María Jesús;Moro Almaraz;Leg. XIII;21/05/2019;03/12/2019;N
María Jesús;Moro Almaraz;Leg. XIV;03/12/2019;17/08/2023;N
María Jesús;Moro Almaraz;Leg. XV;17/08/2023;;S
Víctor;Moro Rodríguez;Leg. Const.;14/07/1977;23/03/1979;N
Raúl;Morodo Leoncio;Leg. Const.;14/07/1977;23/03/1979;N
Laura;Morso Pérez;Leg. III;15/07/1986;21/11/1989;N
Laura;Morso Pérez;Leg. IV;21/11/1989;29/06/1993;N
Juan;Moscoso del Prado Hernández;Leg. VIII;02/04/2004;01/04/2008;N
Juan;Moscoso del Prado Hernández;Leg. IX;01/04/2008;13/12/2011;N
Juan;Moscoso del Prado Hernández;Leg. X;13/12/2011;13/01/2016;N
Javier;Moscoso del Prado Muñoz;Leg. I;23/03/1979;18/11/1982;N
Javier;Moscoso del Prado Muñoz;Leg. II;18/11/1982;15/07/1986;N
Javier;Moscoso del Prado Muñoz;Leg. III;15/07/1986;21/11/1989;N
Diego;Movellán Lombilla;Leg. XII;19/07/2016;21/05/2019;N
Diego;Movellán Lombilla;Leg. XIII;21/05/2019;03/12/2019;N
Diego;Movellán Lombilla;Leg. XIV;03/12/2019;17/08/2023;N
José Joaquín;Moya Esquiva;Leg. II;18/11/1982;15/07/1986;N
Jaume;Moya Matas;Leg. XI;13/01/2016;19/07/2016;N
Jaume;Moya Matas;Leg. XII;19/07/2016;21/05/2019;N
Pedro;Moya Milanés;Leg. II;18/11/1982;15/07/1986;N
Pedro;Moya Milanés;Leg. III;15/07/1986;21/11/1989;N
Pedro;Moya Milanés;Leg. IV;21/11/1989;29/06/1993;N
Pedro;Moya Milanés;Leg. V;29/06/1993;27/03/1996;N
Pedro;Moya Milanés;Leg. VI;27/03/1996;05/04/2000;N
Arturo;Moya Moreno;Leg. Const.;14/07/1977;23/03/1979;N
Arturo;Moya Moreno;Leg. I;23/03/1979;18/11/1982;N
María Amparo;Moya Sanz;Leg. XIII;21/05/2019;03/12/2019;N
Enrique;Múgica Herzog;Leg. Const.;14/07/1977;23/03/1979;N
Enrique;Múgica Herzog;Leg. I;23/03/1979;18/11/1982;N
Enrique;Múgica Herzog;Leg. II;18/11/1982;15/07/1986;N
Enrique;Múgica Herzog;Leg. III;15/07/1986;21/11/1989;N
Enrique;Múgica Herzog;Leg. IV;21/11/1989;29/06/1993;N
Enrique;Múgica Herzog;Leg. V;29/06/1993;27/03/1996;N
Enrique;Múgica Herzog;Leg. VI;27/03/1996;05/04/2000;N
Enrique;Múgica Herzog;Leg. VII;05/04/2000;02/04/2004;N
Jesús;Muguruza Guarrochena;Leg. IV;21/11/1989;29/06/1993;N
Olga;Mulet Torres;Leg. VI;27/03/1996;05/04/2000;N
Pedro;Muñoz Abrines;Leg. XV;17/08/2023;;S
Pedro;Muñoz Arias;Leg. Const.;14/07/1977;23/03/1979;N
Lucía;Muñoz Dalda;Leg. XIII;21/05/2019;03/12/2019;N
Lucía;Muñoz Dalda;Leg. XIV;03/12/2019;17/08/2023;N
María Montserrat;Muñoz de Diego;Leg. VIII;02/04/2004;01/04/2008;N
Ester;Muñoz de la Iglesia;Leg. XV;17/08/2023;;S
Juan Antonio;Muñoz Gallego;Leg. VII;05/04/2000;02/04/2004;N
Faustino;Muñoz García;Leg. I;23/03/1979;18/11/1982;N
Juan;Muñoz García;Leg. II;18/11/1982;15/07/1986;N
Juan;Muñoz García;Leg. III;15/07/1986;21/11/1989;N
Juan;Muñoz García;Leg. IV;21/11/1989;29/06/1993;N
Juan;Muñoz García;Leg. V;29/06/1993;27/03/1996;N
José Vicente;Muñoz Gómez;Leg. IX;01/04/2008;13/12/2011;N
Pedro José;Muñoz González;Leg. VIII;02/04/2004;01/04/2008;N
Pedro José;Muñoz González;Leg. IX;01/04/2008;13/12/2011;N
Pedro José;Muñoz González;Leg. X;13/12/2011;13/01/2016;N
Pedro José;Muñoz González;Leg. XI;13/01/2016;19/07/2016;N
Pedro José;Muñoz González;Leg. XII;19/07/2016;21/05/2019;N
Emilio;Muñoz Ibáñez;Leg. Const.;14/07/1977;23/03/1979;N
Carlos Enrique;Muñoz Obón;Leg. X;13/12/2011;13/01/2016;N
Joaquín;Muñoz Peirats;Leg. Const.;14/07/1977;23/03/1979;N
Joaquín;Muñoz Peirats;Leg. I;23/03/1979;18/11/1982;N
Miriam;Muñoz Resta;Leg. VIII;02/04/2004;01/04/2008;N
Miriam;Muñoz Resta;Leg. IX;01/04/2008;13/12/2011;N
María Gràcia;Muñoz Salvà;Leg. VIII;02/04/2004;01/04/2008;N
María Gràcia;Muñoz Salvà;Leg. IX;01/04/2008;13/12/2011;N
Lourdes;Muñoz Santamaría;Leg. VI;27/03/1996;05/04/2000;N
Lourdes;Muñoz Santamaría;Leg. VII;05/04/2000;02/04/2004;N
Lourdes;Muñoz Santamaría;Leg. VIII;02/04/2004;01/04/2008;N
Lourdes;Muñoz Santamaría;Leg. IX;01/04/2008;13/12/2011;N
Lourdes;Muñoz Santamaría;Leg. X;13/12/2011;13/01/2016;N
Ángeles;Muñoz Uriol;Leg. VII;05/04/2000;02/04/2004;N
Ángeles;Muñoz Uriol;Leg. VIII;02/04/2004;01/04/2008;N
María;Muñoz Vidal;Leg. XIII;21/05/2019;03/12/2019;N
María;Muñoz Vidal;Leg. XIV;03/12/2019;17/08/2023;N
Alejandro;Muñoz-Alonso y Ledo;Leg. IV;21/11/1989;29/06/1993;N
Alejandro;Muñoz-Alonso y Ledo;Leg. V;29/06/1993;27/03/1996;N
Alejandro;Muñoz-Alonso y Ledo;Leg. VI;27/03/1996;05/04/2000;N
José María;Mur Bernad;Leg. IV;21/11/1989;29/06/1993;N
José María;Mur Bernad;Leg. V;29/06/1993;27/03/1996;N
Francisco Vicente;Murcia Barceló;Leg. V;29/06/1993;27/03/1996;N
Francisco Vicente;Murcia Barceló;Leg. VI;27/03/1996;05/04/2000;N
Francisco Vicente;Murcia Barceló;Leg. VII;05/04/2000;02/04/2004;N
Francisco Vicente;Murcia Barceló;Leg. VIII;02/04/2004;01/04/2008;N
Francisco Vicente;Murcia Barceló;Leg. IX;01/04/2008;13/12/2011;N
Carlos Daniel;Murria Climent;Leg. IX;01/04/2008;13/12/2011;N
Aurora;Nacarino-Brabo Jiménez;Leg. XIII;21/05/2019;03/12/2019;N
Aurora;Nacarino-Brabo Jiménez;Leg. XV;17/08/2023;;S
Álvaro María;Nadal Belda;Leg. IX;01/04/2008;13/12/2011;N
Álvaro María;Nadal Belda;Leg. X;13/12/2011;13/01/2016;N
Álvaro María;Nadal Belda;Leg. XI;13/01/2016;19/07/2016;N
Álvaro María;Nadal Belda;Leg. XII;19/07/2016;21/05/2019;N
Dolors;Nadal i Aymerich;Leg. VIII;02/04/2004;01/04/2008;N
Dolors;Nadal i Aymerich;Leg. IX;01/04/2008;13/12/2011;N
Joan Miquel;Nadal i Malé;Leg. III;15/07/1986;21/11/1989;N
Joan Miquel;Nadal i Malé;Leg. IV;21/11/1989;29/06/1993;N
Joan Miquel;Nadal i Malé;Leg. V;29/06/1993;27/03/1996;N
Joan Miquel;Nadal i Malé;Leg. VI;27/03/1996;05/04/2000;N
María Encarnación;Naharro de Mora;Leg. VIII;02/04/2004;01/04/2008;N
María Josefa;Naranjo Bravo;Leg. VIII;02/04/2004;01/04/2008;N
Jaime;Naranjo Gonzalo;Leg. V;29/06/1993;27/03/1996;N
Cristina;Narbona Ruiz;Leg. VI;27/03/1996;05/04/2000;N
Cristina;Narbona Ruiz;Leg. VIII;02/04/2004;01/04/2008;N
Cristina;Narbona Ruiz;Leg. IX;01/04/2008;13/12/2011;N
Cristina;Narbona Ruiz;Leg. X;13/12/2011;13/01/2016;N
Cristina;Narbona Ruiz;Leg. XV;17/08/2023;;S
María Dolores;Narváez Bandera;Leg. XIII;21/05/2019;03/12/2019;N
María Dolores;Narváez Bandera;Leg. XIV;03/12/2019;17/08/2023;N
José;Nasarre de Letosa Conde;Leg. I;23/03/1979;18/11/1982;N
Eugenio;Nasarre Goicoechea;Leg. VII;05/04/2000;02/04/2004;N
Eugenio;Nasarre Goicoechea;Leg. VIII;02/04/2004;01/04/2008;N
Eugenio;Nasarre Goicoechea;Leg. IX;01/04/2008;13/12/2011;N
Eugenio;Nasarre Goicoechea;Leg. X;13/12/2011;13/01/2016;N
Begoña;Nasarre Oliva;Leg. XIII;21/05/2019;03/12/2019;N
Begoña;Nasarre Oliva;Leg. XIV;03/12/2019;17/08/2023;N
Begoña;Nasarre Oliva;Leg. XV;17/08/2023;;S
Julio;Navalpotro Gómez;Leg. XIV;03/12/2019;17/08/2023;N
Carlos;Navarrete Merino;Leg. Const.;14/07/1977;23/03/1979;N
Carlos;Navarrete Merino;Leg. I;23/03/1979;18/11/1982;N
Carlos;Navarrete Merino;Leg. II;18/11/1982;15/07/1986;N
Carlos;Navarrete Merino;Leg. III;15/07/1986;21/11/1989;N
Carlos;Navarrete Merino;Leg. IV;21/11/1989;29/06/1993;N
Carlos;Navarrete Merino;Leg. V;29/06/1993;27/03/1996;N
Carlos;Navarrete Merino;Leg. VI;27/03/1996;05/04/2000;N
Carlos;Navarrete Merino;Leg. VII;05/04/2000;02/04/2004;N
Isaura;Navarro Casillas;Leg. VIII;02/04/2004;01/04/2008;N
María del Carmen;Navarro Cruz;Leg. IX;01/04/2008;13/12/2011;N
María del Carmen;Navarro Cruz;Leg. X;13/12/2011;13/01/2016;N
María del Carmen;Navarro Cruz;Leg. XII;19/07/2016;21/05/2019;N
Luis Gonzaga;Navarro Elola;Leg. VI;27/03/1996;05/04/2000;N
Joaquín;Navarro Estevan;Leg. I;23/03/1979;18/11/1982;N
Fernando;Navarro Fernández-Rodríguez;Leg. XI;13/01/2016;19/07/2016;N
Fernando;Navarro Fernández-Rodríguez;Leg. XII;19/07/2016;21/05/2019;N
Micaela;Navarro Garzón;Leg. VII;05/04/2000;02/04/2004;N
Micaela;Navarro Garzón;Leg. VIII;02/04/2004;01/04/2008;N
Micaela;Navarro Garzón;Leg. XI;13/01/2016;19/07/2016;N
Micaela;Navarro Garzón;Leg. XII;19/07/2016;21/05/2019;N
Carlos;Navarro Gómez;Leg. III;15/07/1986;21/11/1989;N
Carlos;Navarro Gómez;Leg. IV;21/11/1989;29/06/1993;N
Carmen;Navarro Lacoba;Leg. XI;13/01/2016;19/07/2016;N
Carmen;Navarro Lacoba;Leg. XII;19/07/2016;21/05/2019;N
Carmen;Navarro Lacoba;Leg. XIII;21/05/2019;03/12/2019;N
Carmen;Navarro Lacoba;Leg. XIV;03/12/2019;17/08/2023;N
Carmen;Navarro Lacoba;Leg. XV;17/08/2023;;S
Pedro;Navarro López;Leg. XIV;03/12/2019;17/08/2023;N
Pedro;Navarro López;Leg. XV;17/08/2023;;S
José;Navarro Tornay;Leg. IV;21/11/1989;29/06/1993;N
José;Navarro Tornay;Leg. V;29/06/1993;27/03/1996;N
José;Navarro Tornay;Leg. VI;27/03/1996;05/04/2000;N
Antonio;Navarro Velasco;Leg. II;18/11/1982;15/07/1986;N
José;Navas Amores;Leg. VI;27/03/1996;05/04/2000;N
Francisco;Neira León;Leg. II;18/11/1982;15/07/1986;N
Francisco;Neira León;Leg. III;15/07/1986;21/11/1989;N
Francisco;Neira León;Leg. IV;21/11/1989;29/06/1993;N
Francisco;Neira León;Leg. V;29/06/1993;27/03/1996;N
María del Carmen;Nestares García-Trevijano;Leg. VII;05/04/2000;02/04/2004;N
María Magdalena;Nevado del Campo;Leg. XIV;03/12/2019;17/08/2023;N
José Antonio;Nieto Ballesteros;Leg. XI;13/01/2016;19/07/2016;N
José Antonio;Nieto Ballesteros;Leg. XII;19/07/2016;21/05/2019;N
Jerónimo;Nieto González;Leg. II;18/11/1982;15/07/1986;N
Jerónimo;Nieto González;Leg. III;15/07/1986;21/11/1989;N
Jerónimo;Nieto González;Leg. IV;21/11/1989;29/06/1993;N
Jerónimo;Nieto González;Leg. V;29/06/1993;27/03/1996;N
Jerónimo;Nieto González;Leg. VI;27/03/1996;05/04/2000;N
Jerónimo;Nieto González;Leg. VII;05/04/2000;02/04/2004;N
Encarnación;Niño Rico;Leg. VIII;02/04/2004;01/04/2008;N
Juan Antonio;Noguera Torres;Leg. III;15/07/1986;21/11/1989;N
Míriam;Nogueras i Camero;Leg. XI;13/01/2016;19/07/2016;N
Míriam;Nogueras i Camero;Leg. XII;19/07/2016;21/05/2019;N
Míriam;Nogueras i Camero;Leg. XIII;21/05/2019;03/12/2019;N
Míriam;Nogueras i Camero;Leg. XIV;03/12/2019;17/08/2023;N
Míriam;Nogueras i Camero;Leg. XV;17/08/2023;;S
Javier;Noriega Gómez;Leg. XV;17/08/2023;;S
Jorge;Novella Suárez;Leg. II;18/11/1982;15/07/1986;N
Jorge;Novella Suárez;Leg. III;15/07/1986;21/11/1989;N
Jorge;Novella Suárez;Leg. IV;21/11/1989;29/06/1993;N
Jorge;Novella Suárez;Leg. V;29/06/1993;27/03/1996;N
María del Pilar;Novoa Carcacia;Leg. III;15/07/1986;21/11/1989;N
María del Pilar;Novoa Carcacia;Leg. IV;21/11/1989;29/06/1993;N
María del Pilar;Novoa Carcacia;Leg. V;29/06/1993;27/03/1996;N
María del Pilar;Novoa Carcacia;Leg. VI;27/03/1996;05/04/2000;N
Joan Josep;Nuet Pujals;Leg. X;13/12/2011;13/01/2016;N
Joan Josep;Nuet Pujals;Leg. XIII;21/05/2019;03/12/2019;N
Joan Josep;Nuet Pujals;Leg. XIV;03/12/2019;17/08/2023;N
Daniel;Nuevo Hidalgo;Leg. VIII;02/04/2004;01/04/2008;N
José Luis;Núñez Casal;Leg. IV;21/11/1989;29/06/1993;N
José Luis;Núñez Casal;Leg. VI;27/03/1996;05/04/2000;N
José;Núñez Castain;Leg. VII;05/04/2000;02/04/2004;N
Manuel;Núñez Encabo;Leg. I;23/03/1979;18/11/1982;N
Manuel;Núñez Encabo;Leg. II;18/11/1982;15/07/1986;N
Manuel;Núñez Encabo;Leg. III;15/07/1986;21/11/1989;N
Manuel;Núñez Encabo;Leg. IV;21/11/1989;29/06/1993;N
Alberto;Núñez Feijóo;Leg. XV;17/08/2023;;S
Miguel;Núñez González;Leg. Const.;14/07/1977;23/03/1979;N
Miguel;Núñez González;Leg. I;23/03/1979;18/11/1982;N
Noelia;Núñez González;Leg. XV;17/08/2023;;S
José Enrique;Núñez Guijarro;Leg. XV;17/08/2023;;S
Andrés;Núñez Jiménez;Leg. XII;19/07/2016;21/05/2019;N
Carlos;Núñez León;Leg. VII;05/04/2000;02/04/2004;N
Manuel;Núñez Pérez;Leg. Const.;14/07/1977;23/03/1979;N
Manuel;Núñez Pérez;Leg. I;23/03/1979;18/11/1982;N
Manuel;Núñez Pérez;Leg. II;18/11/1982;15/07/1986;N
Manuel;Núñez Pérez;Leg. III;15/07/1986;21/11/1989;N
Manuel;Núñez Pérez;Leg. IV;21/11/1989;29/06/1993;N
Manuel;Núñez Pérez;Leg. V;29/06/1993;27/03/1996;N
Manuel;Núñez Pérez;Leg. VI;27/03/1996;05/04/2000;N
Manuel;Núñez Pérez;Leg. VII;05/04/2000;02/04/2004;N
Victorino;Núñez Rodríguez;Leg. IV;21/11/1989;29/06/1993;N
Josep María;Obiols i Germá;Leg. Const.;14/07/1977;23/03/1979;N
Josep María;Obiols i Germá;Leg. I;23/03/1979;18/11/1982;N
Josep María;Obiols i Germá;Leg. II;18/11/1982;15/07/1986;N
Viviane;Ogou i Corbi;Leg. XV;17/08/2023;;S
Antonio;Ojeda Escobar;Leg. III;15/07/1986;21/11/1989;N
José Luis del;Ojo Torres;Leg. VIII;02/04/2004;01/04/2008;N
Emilio;Olabarría Muñoz;Leg. III;15/07/1986;21/11/1989;N
Emilio;Olabarría Muñoz;Leg. IV;21/11/1989;29/06/1993;N
Emilio;Olabarría Muñoz;Leg. V;29/06/1993;27/03/1996;N
Emilio;Olabarría Muñoz;Leg. VI;27/03/1996;05/04/2000;N
Emilio;Olabarría Muñoz;Leg. VIII;02/04/2004;01/04/2008;N
Emilio;Olabarría Muñoz;Leg. IX;01/04/2008;13/12/2011;N
Emilio;Olabarría Muñoz;Leg. X;13/12/2011;13/01/2016;N
Jaime Eduardo de;Olano Vela;Leg. X;13/12/2011;13/01/2016;N
Jaime Eduardo de;Olano Vela;Leg. XI;13/01/2016;19/07/2016;N
Jaime Eduardo de;Olano Vela;Leg. XII;19/07/2016;21/05/2019;N
Jaime Eduardo de;Olano Vela;Leg. XIII;21/05/2019;03/12/2019;N
Jaime Eduardo de;Olano Vela;Leg. XIV;03/12/2019;17/08/2023;N
Jaime Eduardo de;Olano Vela;Leg. XV;17/08/2023;;S
Lorenzo;Olarte Cullén;Leg. I;23/03/1979;18/11/1982;N
Lorenzo;Olarte Cullén;Leg. V;29/06/1993;27/03/1996;N
Angel;Olarte Lasa;Leg. II;18/11/1982;15/07/1986;N
Rafael;Olea Álvarez;Leg. IV;21/11/1989;29/06/1993;N
Joan;Oliart i Pons;Leg. VII;05/04/2000;02/04/2004;N
Alberto Carlos;Oliart Saussol;Leg. I;23/03/1979;18/11/1982;N
Francisco;Oliva García;Leg. II;18/11/1982;15/07/1986;N
Georgina;Oliva i Peña;Leg. VIII;02/04/2004;01/04/2008;N
Francisco;Olivencia Ruiz;Leg. I;23/03/1979;18/11/1982;N
Antonio;Olivenza Pozas;Leg. II;18/11/1982;15/07/1986;N
Juan;Oliver Chirivella;Leg. IV;21/11/1989;29/06/1993;N
Isabel María;Oliver Sagreras;Leg. VIII;02/04/2004;01/04/2008;N
Ignacio María;Oliveri Albisu;Leg. III;15/07/1986;21/11/1989;N
Ignacio María;Oliveri Albisu;Leg. IV;21/11/1989;29/06/1993;N
Andrés;Ollero Tassara;Leg. III;15/07/1986;21/11/1989;N
Andrés;Ollero Tassara;Leg. IV;21/11/1989;29/06/1993;N
Andrés;Ollero Tassara;Leg. V;29/06/1993;27/03/1996;N
Andrés;Ollero Tassara;Leg. VI;27/03/1996;05/04/2000;N
Andrés;Ollero Tassara;Leg. VII;05/04/2000;02/04/2004;N
Juan María;Ollora Ochoa de Aspuru;Leg. II;18/11/1982;15/07/1986;N
Mª del Carmen;Olmedo Checa;Leg. VII;05/04/2000;02/04/2004;N
Macarena;Olona Choclán;Leg. XIII;21/05/2019;03/12/2019;N
Macarena;Olona Choclán;Leg. XIV;03/12/2019;17/08/2023;N
Joan;Olòriz Serra;Leg. XI;13/01/2016;19/07/2016;N
Joan;Olòriz Serra;Leg. XII;19/07/2016;21/05/2019;N
María Asunción;Oltra Torres;Leg. VII;05/04/2000;02/04/2004;N
María Asunción;Oltra Torres;Leg. VIII;02/04/2004;01/04/2008;N
Joan;Oms i Llohis;Leg. VIII;02/04/2004;01/04/2008;N
María Esperanza;Oña Sevilla;Leg. V;29/06/1993;27/03/1996;N
Silvia;Oñate Moya;Leg. X;13/12/2011;13/01/2016;N
Ana María;Oramas González-Moro;Leg. VIII;02/04/2004;01/04/2008;N
Ana María;Oramas González-Moro;Leg. IX;01/04/2008;13/12/2011;N
Ana María;Oramas González-Moro;Leg. X;13/12/2011;13/01/2016;N
Ana María;Oramas González-Moro;Leg. XI;13/01/2016;19/07/2016;N
Ana María;Oramas González-Moro;Leg. XII;19/07/2016;21/05/2019;N
Ana María;Oramas González-Moro;Leg. XIII;21/05/2019;03/12/2019;N
Ana María;Oramas González-Moro;Leg. XIV;03/12/2019;17/08/2023;N
Gonzalo José;Ordóñez Puime;Leg. X;13/12/2011;13/01/2016;N
José Domingo Cipriano;Oreiro Rodríguez;Leg. VIII;02/04/2004;01/04/2008;N
Marcelino;Oreja Aguirre;Leg. I;23/03/1979;18/11/1982;N
Marcelino;Oreja Aguirre;Leg. II;18/11/1982;15/07/1986;N
Marcelino;Oreja Aguirre;Leg. V;29/06/1993;27/03/1996;N
Miguel;Organero Serrano;Leg. VII;05/04/2000;02/04/2004;N
José;Oria Galloso;Leg. VIII;02/04/2004;01/04/2008;N
José;Oria Galloso;Leg. IX;01/04/2008;13/12/2011;N
María Inmaculada;Oria López;Leg. XIV;03/12/2019;17/08/2023;N
Antonio;Orpez Asensi;Leg. I;23/03/1979;18/11/1982;N
José Ramón;Ortega Domínguez;Leg. XIV;03/12/2019;17/08/2023;N
Marina;Ortega Otero;Leg. XIII;21/05/2019;03/12/2019;N
Marina;Ortega Otero;Leg. XIV;03/12/2019;17/08/2023;N
María Dolores;Ortega Peinado;Leg. IV;21/11/1989;29/06/1993;N
María de los Ángeles;Ortega Rodríguez;Leg. IX;01/04/2008;13/12/2011;N
Francisco Javier;Ortega Smith-Molina;Leg. XIII;21/05/2019;03/12/2019;N
Francisco Javier;Ortega Smith-Molina;Leg. XIV;03/12/2019;17/08/2023;N
Francisco Javier;Ortega Smith-Molina;Leg. XV;17/08/2023;;S
José Miguel;Ortí Bordás;Leg. Const.;14/07/1977;23/03/1979;N
Laia;Ortiz Castellví;Leg. X;13/12/2011;13/01/2016;N
Leopoldo;Ortiz Climent;Leg. V;29/06/1993;27/03/1996;N
Francisco Manuel;Ortiz de la Torre;Leg. IV;21/11/1989;29/06/1993;N
José;Ortiz Galván;Leg. XIV;03/12/2019;17/08/2023;N
Luis;Ortiz González;Leg. II;18/11/1982;15/07/1986;N
Luis;Ortiz González;Leg. III;15/07/1986;21/11/1989;N
Luis;Ortiz González;Leg. V;29/06/1993;27/03/1996;N
Luis;Ortiz González;Leg. VI;27/03/1996;05/04/2000;N
Luis;Ortiz González;Leg. VII;05/04/2000;02/04/2004;N
Baltasar;Ortiz Gutiérrez;Leg. X;13/12/2011;13/01/2016;N
Ramón;Ortiz Molina;Leg. VI;27/03/1996;05/04/2000;N
Juan José;Ortiz Pérez;Leg. VI;27/03/1996;05/04/2000;N
Juan José;Ortiz Pérez;Leg. VII;05/04/2000;02/04/2004;N
Mª del Carmen;Ortiz Rivas;Leg. VIII;02/04/2004;01/04/2008;N
Alfonso;Osorio García;Leg. I;23/03/1979;18/11/1982;N
Alfonso;Osorio García;Leg. II;18/11/1982;15/07/1986;N
Alfonso;Osorio García;Leg. III;15/07/1986;21/11/1989;N
Iñigo de;Otazu Zulueta;Leg. II;18/11/1982;15/07/1986;N
Mikel;Otero Gabirondo;Leg. XV;17/08/2023;;S
Mercedes;Otero García;Leg. XV;17/08/2023;;S
José Antonio;Otero Madrigal;Leg. Const.;14/07/1977;23/03/1979;N
José Manuel;Otero Novas;Leg. I;23/03/1979;18/11/1982;N
José Manuel;Otero Novas;Leg. IV;21/11/1989;29/06/1993;N
Patricia;Otero Rodríguez;Leg. XV;17/08/2023;;S
Jesús;Otero Varela;Leg. IX;01/04/2008;13/12/2011;N
Juan José;Otxoa de Eribe Elorza;Leg. VII;05/04/2000;02/04/2004;N
Arsenio;Pacheco Atienza;Leg. VIII;02/04/2004;01/04/2008;N
Arsenio;Pacheco Atienza;Leg. IX;01/04/2008;13/12/2011;N
Arsenio;Pacheco Atienza;Leg. X;13/12/2011;13/01/2016;N
Julio;Padilla Carballada;Leg. V;29/06/1993;27/03/1996;N
Julio;Padilla Carballada;Leg. VI;27/03/1996;05/04/2000;N
Julio;Padilla Carballada;Leg. VII;05/04/2000;02/04/2004;N
Julio;Padilla Carballada;Leg. VIII;02/04/2004;01/04/2008;N
Esther;Padilla Ruiz;Leg. XIII;21/05/2019;03/12/2019;N
Esther;Padilla Ruiz;Leg. XIV;03/12/2019;17/08/2023;N
Heribert;Padrol i Munté;Leg. VII;05/04/2000;02/04/2004;N
Néstor;Padrón Delgado;Leg. Const.;14/07/1977;23/03/1979;N
Néstor;Padrón Delgado;Leg. I;23/03/1979;18/11/1982;N
Néstor;Padrón Delgado;Leg. II;18/11/1982;15/07/1986;N
Néstor;Padrón Delgado;Leg. III;15/07/1986;21/11/1989;N
Néstor;Padrón Delgado;Leg. IV;21/11/1989;29/06/1993;N
Néstor;Padrón Delgado;Leg. V;29/06/1993;27/03/1996;N
Luis;Pagán Saura;Leg. III;15/07/1986;21/11/1989;N
Luis;Pagán Saura;Leg. IV;21/11/1989;29/06/1993;N
Luis;Pagán Saura;Leg. V;29/06/1993;27/03/1996;N
Josep;Pagès i Massó;Leg. XIV;03/12/2019;17/08/2023;N
Josep;Pagès i Massó;Leg. XV;17/08/2023;;S
Juan Ramón;Pajares Gutiérrez;Leg. II;18/11/1982;15/07/1986;N
Leire;Pajín Iraola;Leg. VII;05/04/2000;02/04/2004;N
Leire;Pajín Iraola;Leg. VIII;02/04/2004;01/04/2008;N
Leire;Pajín Iraola;Leg. IX;01/04/2008;13/12/2011;N
Leire;Pajín Iraola;Leg. X;13/12/2011;13/01/2016;N
Gonzalo;Palacín Guarné;Leg. XI;13/01/2016;19/07/2016;N
Gonzalo;Palacín Guarné;Leg. XII;19/07/2016;21/05/2019;N
Manuel;Palacio Álvarez;Leg. Const.;14/07/1977;23/03/1979;N
Loyola de;Palacio del Valle-Lersundi;Leg. IV;21/11/1989;29/06/1993;N
Loyola de;Palacio del Valle-Lersundi;Leg. V;29/06/1993;27/03/1996;N
Loyola de;Palacio del Valle-Lersundi;Leg. VI;27/03/1996;05/04/2000;N
Ana;Palacio Vallelersundi;Leg. VIII;02/04/2004;01/04/2008;N
Marcelo;Palacios Alonso;Leg. II;18/11/1982;15/07/1986;N
Marcelo;Palacios Alonso;Leg. III;15/07/1986;21/11/1989;N
Marcelo;Palacios Alonso;Leg. IV;21/11/1989;29/06/1993;N
Marcelo;Palacios Alonso;Leg. V;29/06/1993;27/03/1996;N
Héctor;Palencia Rubio;Leg. XV;17/08/2023;;S
Montserrat;Palma i Muñoz;Leg. VI;27/03/1996;05/04/2000;N
Montserrat;Palma i Muñoz;Leg. VII;05/04/2000;02/04/2004;N
Montserrat;Palma i Muñoz;Leg. VIII;02/04/2004;01/04/2008;N
Montserrat;Palma i Muñoz;Leg. IX;01/04/2008;13/12/2011;N
Teresa;Palmer Tous;Leg. XII;19/07/2016;21/05/2019;N
Antonio;Palomares Vinuesa;Leg. I;23/03/1979;18/11/1982;N
Mª Dolores;Pan Vázquez;Leg. VIII;02/04/2004;01/04/2008;N
Javier;Paniagua Fuentes;Leg. III;15/07/1986;21/11/1989;N
Javier;Paniagua Fuentes;Leg. IV;21/11/1989;29/06/1993;N
Javier;Paniagua Fuentes;Leg. V;29/06/1993;27/03/1996;N
Javier;Paniagua Fuentes;Leg. VI;27/03/1996;05/04/2000;N
Miguel Ángel;Paniagua Núñez;Leg. XI;13/01/2016;19/07/2016;N
Miguel Ángel;Paniagua Núñez;Leg. XII;19/07/2016;21/05/2019;N
Miguel Ángel;Paniagua Núñez;Leg. XIV;03/12/2019;17/08/2023;N
Miguel Ángel;Paniagua Núñez;Leg. XV;17/08/2023;;S
Pablo;Paños Martí;Leg. II;18/11/1982;15/07/1986;N
Carles;Pàramo i Ponsetí;Leg. X;13/12/2011;13/01/2016;N
José María;Pardo Montero;Leg. Const.;14/07/1977;23/03/1979;N
José María;Pardo Montero;Leg. III;15/07/1986;21/11/1989;N
Josefa;Pardo Ortiz;Leg. IV;21/11/1989;29/06/1993;N
Josefa;Pardo Ortiz;Leg. V;29/06/1993;27/03/1996;N
María Carmen;Pardo Raga;Leg. V;29/06/1993;27/03/1996;N
María Carmen;Pardo Raga;Leg. VI;27/03/1996;05/04/2000;N
Pablo;Pardo Yáñez;Leg. I;23/03/1979;18/11/1982;N
Pablo;Pardo Yáñez;Leg. II;18/11/1982;15/07/1986;N
Josep;Paré Aregall;Leg. XV;17/08/2023;;S
José Manuel;Paredes Grosso;Leg. Const.;14/07/1977;23/03/1979;N
José Manuel;Paredes Grosso;Leg. III;15/07/1986;21/11/1989;N
Joan;Paredes Hernández;Leg. Const.;14/07/1977;23/03/1979;N
Julia;Parra Aparicio;Leg. XV;17/08/2023;;S
Agustín;Parra Gallego;Leg. XV;17/08/2023;;S
José;Párraga Mendoza;Leg. IV;21/11/1989;29/06/1993;N
Francisco;Parras i Collado;Leg. I;23/03/1979;18/11/1982;N
Santiago;Parras Iglesias;Leg. Const.;14/07/1977;23/03/1979;N
Julio Víctor;Pascual Abad;Leg. V;29/06/1993;27/03/1996;N
José Ramón;Pascual Monzo;Leg. IV;21/11/1989;29/06/1993;N
José Ramón;Pascual Monzo;Leg. V;29/06/1993;27/03/1996;N
José Ramón;Pascual Monzo;Leg. VI;27/03/1996;05/04/2000;N
Sergio;Pascual Peña;Leg. XI;13/01/2016;19/07/2016;N
Sergio;Pascual Peña;Leg. XII;19/07/2016;21/05/2019;N
Sandra;Pascual Rocamora;Leg. XV;17/08/2023;;S
Ildefonso R.;Pastor González;Leg. X;13/12/2011;13/01/2016;N
Ana María;Pastor Julián;Leg. VII;05/04/2000;02/04/2004;N
Ana María;Pastor Julián;Leg. VIII;02/04/2004;01/04/2008;N
Ana María;Pastor Julián;Leg. IX;01/04/2008;13/12/2011;N
Ana María;Pastor Julián;Leg. X;13/12/2011;13/01/2016;N
Ana María;Pastor Julián;Leg. XI;13/01/2016;19/07/2016;N
Ana María;Pastor Julián;Leg. XII;19/07/2016;21/05/2019;N
Ana María;Pastor Julián;Leg. XIII;21/05/2019;03/12/2019;N
Ana María;Pastor Julián;Leg. XIV;03/12/2019;17/08/2023;N
Ana María;Pastor Julián;Leg. XV;17/08/2023;;S
Juan Bautista;Pastor Marco;Leg. Const.;14/07/1977;23/03/1979;N
Juan Bautista;Pastor Marco;Leg. I;23/03/1979;18/11/1982;N
Rosana;Pastor Muñoz;Leg. XI;13/01/2016;19/07/2016;N
Rosana;Pastor Muñoz;Leg. XII;19/07/2016;21/05/2019;N
Josep;Pau i Pernau;Leg. Const.;14/07/1977;23/03/1979;N
Josep;Pau i Pernau;Leg. I;23/03/1979;18/11/1982;N
Josep;Pau i Pernau;Leg. II;18/11/1982;15/07/1986;N
Josep;Pau i Pernau;Leg. III;15/07/1986;21/11/1989;N
Josep;Pau i Pernau;Leg. IV;21/11/1989;29/06/1993;N
Josep;Pau i Pernau;Leg. V;29/06/1993;27/03/1996;N
Gonzalo;Payo Subiza;Leg. Const.;14/07/1977;23/03/1979;N
Gonzalo;Payo Subiza;Leg. I;23/03/1979;18/11/1982;N
Gregorio;Peces-Barba Martínez;Leg. Const.;14/07/1977;23/03/1979;N
Gregorio;Peces-Barba Martínez;Leg. I;23/03/1979;18/11/1982;N
Gregorio;Peces-Barba Martínez;Leg. II;18/11/1982;15/07/1986;N
Raquel;Pedraja Sáinz;Leg. XIV;03/12/2019;17/08/2023;N
José Manuel;Pedregosa Garrido;Leg. Const.;14/07/1977;23/03/1979;N
José Manuel;Pedregosa Garrido;Leg. I;23/03/1979;18/11/1982;N
José Manuel;Pedregosa Garrido;Leg. II;18/11/1982;15/07/1986;N
José Manuel;Pedregosa Garrido;Leg. III;15/07/1986;21/11/1989;N
Juan Luis;Pedreño Molina;Leg. XIV;03/12/2019;17/08/2023;N
Juan Luis;Pedreño Molina;Leg. XV;17/08/2023;;S
Jordi;Pedret i Grenzner;Leg. III;15/07/1986;21/11/1989;N
Jordi;Pedret i Grenzner;Leg. V;29/06/1993;27/03/1996;N
Jordi;Pedret i Grenzner;Leg. VI;27/03/1996;05/04/2000;N
Jordi;Pedret i Grenzner;Leg. VII;05/04/2000;02/04/2004;N
Jordi;Pedret i Grenzner;Leg. VIII;02/04/2004;01/04/2008;N
Jordi;Pedret i Grenzner;Leg. IX;01/04/2008;13/12/2011;N
Mª Adelaida;Pedrosa Roldán;Leg. IX;01/04/2008;13/12/2011;N
Pedro;Pegenaute Garde;Leg. Const.;14/07/1977;23/03/1979;N
Pedro;Pegenaute Garde;Leg. I;23/03/1979;18/11/1982;N
Antonio;Peinado Moreno;Leg. Const.;14/07/1977;23/03/1979;N
Antonio;Peinado Moreno;Leg. I;23/03/1979;18/11/1982;N
Gregorio;Peláez Redajo;Leg. I;23/03/1979;18/11/1982;N
María Dolores;Pelayo Duque;Leg. I;23/03/1979;18/11/1982;N
María Dolores;Pelayo Duque;Leg. II;18/11/1982;15/07/1986;N
María Dolores;Pelayo Duque;Leg. III;15/07/1986;21/11/1989;N
María Dolores;Pelayo Duque;Leg. IV;21/11/1989;29/06/1993;N
María Dolores;Pelayo Duque;Leg. V;29/06/1993;27/03/1996;N
María;Pellicer Raso;Leg. V;29/06/1993;27/03/1996;N
Esther;Peña Camarero;Leg. XI;13/01/2016;19/07/2016;N
Esther;Peña Camarero;Leg. XII;19/07/2016;21/05/2019;N
Esther;Peña Camarero;Leg. XIII;21/05/2019;03/12/2019;N
Esther;Peña Camarero;Leg. XIV;03/12/2019;17/08/2023;N
Esther;Peña Camarero;Leg. XV;17/08/2023;;S
Antonio;Peña Suárez;Leg. II;18/11/1982;15/07/1986;N
José Manuel;Peñalosa Ruiz;Leg. V;29/06/1993;27/03/1996;N
José Manuel;Peñalosa Ruiz;Leg. VI;27/03/1996;05/04/2000;N
José Joaquín;Peñarrubia Agius;Leg. II;18/11/1982;15/07/1986;N
José Joaquín;Peñarrubia Agius;Leg. III;15/07/1986;21/11/1989;N
José Joaquín;Peñarrubia Agiús;Leg. IV;21/11/1989;29/06/1993;N
José Joaquín;Peñarrubia Agiús;Leg. V;29/06/1993;27/03/1996;N
José Joaquín;Peñarrubia Agius;Leg. VI;27/03/1996;05/04/2000;N
Francisco Javier;Peón Torre;Leg. V;29/06/1993;27/03/1996;N
Francisco Javier;Peón Torre;Leg. VI;27/03/1996;05/04/2000;N
Alfonso;Perales Pizarro;Leg. IV;21/11/1989;29/06/1993;N
Alfonso;Perales Pizarro;Leg. V;29/06/1993;27/03/1996;N
Alfonso;Perales Pizarro;Leg. VI;27/03/1996;05/04/2000;N
Alfonso;Perales Pizarro;Leg. VII;05/04/2000;02/04/2004;N
Alfonso;Perales Pizarro;Leg. VIII;02/04/2004;01/04/2008;N
Ricardo Fernando;Peralta Ortega;Leg. IV;21/11/1989;29/06/1993;N
Ricardo Fernando;Peralta Ortega;Leg. V;29/06/1993;27/03/1996;N
Ricardo Fernando;Peralta Ortega;Leg. VI;27/03/1996;05/04/2000;N
Miguel Ignacio;Peralta Viñes;Leg. IX;01/04/2008;13/12/2011;N
Jesús Javier;Perea Cortijo;Leg. VII;05/04/2000;02/04/2004;N
María Mercè;Perea i Conillas;Leg. XI;13/01/2016;19/07/2016;N
María Mercè;Perea i Conillas;Leg. XII;19/07/2016;21/05/2019;N
María Mercè;Perea i Conillas;Leg. XIII;21/05/2019;03/12/2019;N
María Mercè;Perea i Conillas;Leg. XIV;03/12/2019;17/08/2023;N
María Mercè;Perea i Conillas;Leg. XV;17/08/2023;;S
Francisco;Perea Torres;Leg. II;18/11/1982;15/07/1986;N
Carmen;Pereira Santana;Leg. IV;21/11/1989;29/06/1993;N
Angel Manuel;Perera Calle;Leg. Const.;14/07/1977;23/03/1979;N
Angel Manuel;Perera Calle;Leg. I;23/03/1979;18/11/1982;N
José Luis;Perestelo Rodríguez;Leg. IX;01/04/2008;13/12/2011;N
Adolfo;Pérez Abellás;Leg. XIII;21/05/2019;03/12/2019;N
Adolfo;Pérez Abellás;Leg. XIV;03/12/2019;17/08/2023;N
María Dolores;Pérez Anguita;Leg. VIII;02/04/2004;01/04/2008;N
Juan Vicente;Pérez Aras;Leg. X;13/12/2011;13/01/2016;N
Juan Vicente;Pérez Aras;Leg. XI;13/01/2016;19/07/2016;N
Juan Vicente;Pérez Aras;Leg. XII;19/07/2016;21/05/2019;N
Jesús;Pérez Arca;Leg. IX;01/04/2008;13/12/2011;N
Raquel Lucía;Pérez Brito;Leg. VII;05/04/2000;02/04/2004;N
Salvador;Pérez Bueno;Leg. IV;21/11/1989;29/06/1993;N
Ricard;Pérez Casado;Leg. VII;05/04/2000;02/04/2004;N
Manuel;Pérez Castell;Leg. IX;01/04/2008;13/12/2011;N
Jesús Manuel;Pérez Corgos;Leg. V;29/06/1993;27/03/1996;N
Jesús Manuel;Pérez Corgos;Leg. VI;27/03/1996;05/04/2000;N
Jesús Manuel;Pérez Corgos;Leg. VII;05/04/2000;02/04/2004;N
Pablo;Pérez Coronado;Leg. XV;17/08/2023;;S
Antonio;Pérez Crespo;Leg. Const.;14/07/1977;23/03/1979;N
José Alberto;Pérez Cueto;Leg. VI;27/03/1996;05/04/2000;N
Alfred;Pérez de Tudela Molina;Leg. VI;27/03/1996;05/04/2000;N
María Auxiliadora;Pérez Díaz;Leg. XIV;03/12/2019;17/08/2023;N
María Teresa;Pérez Díaz;Leg. XIII;21/05/2019;03/12/2019;N
Juan José;Pérez Dobón;Leg. III;15/07/1986;21/11/1989;N
María Soledad;Pérez Domínguez;Leg. VII;05/04/2000;02/04/2004;N
María Soledad;Pérez Domínguez;Leg. VIII;02/04/2004;01/04/2008;N
María Soledad;Pérez Domínguez;Leg. IX;01/04/2008;13/12/2011;N
María Soledad;Pérez Domínguez;Leg. X;13/12/2011;13/01/2016;N
María Soledad;Pérez Domínguez;Leg. XI;13/01/2016;19/07/2016;N
María Soledad;Pérez Domínguez;Leg. XII;19/07/2016;21/05/2019;N
Diego;Pérez Espejo;Leg. I;23/03/1979;18/11/1982;N
Avelino;Pérez Fernández;Leg. I;23/03/1979;18/11/1982;N
Rosana;Pérez Fernández;Leg. X;13/12/2011;13/01/2016;N
Alberto;Pérez Ferre;Leg. V;29/06/1993;27/03/1996;N
Alberto;Pérez Ferre;Leg. VI;27/03/1996;05/04/2000;N
Froilán Luis;Pérez González;Leg. III;15/07/1986;21/11/1989;N
Froilán Luis;Pérez González;Leg. IV;21/11/1989;29/06/1993;N
Froilán Luis;Pérez González;Leg. V;29/06/1993;27/03/1996;N
Margarita;Pérez Herraiz;Leg. IX;01/04/2008;13/12/2011;N
Margarita;Pérez Herraiz;Leg. X;13/12/2011;13/01/2016;N
Margarita;Pérez Herraiz;Leg. XI;13/01/2016;19/07/2016;N
Margarita;Pérez Herraiz;Leg. XII;19/07/2016;21/05/2019;N
Antonio;Pérez Insua;Leg. X;13/12/2011;13/01/2016;N
José Cruz;Pérez Lapazarán;Leg. VI;27/03/1996;05/04/2000;N
José Cruz;Pérez Lapazarán;Leg. VII;05/04/2000;02/04/2004;N
José Cruz;Pérez Lapazarán;Leg. X;13/12/2011;13/01/2016;N
Pío;Pérez Laserna;Leg. VII;05/04/2000;02/04/2004;N
Pío;Pérez Laserna;Leg. VIII;02/04/2004;01/04/2008;N
Álvaro;Pérez López;Leg. XV;17/08/2023;;S
Jesús;Pérez López;Leg. I;23/03/1979;18/11/1982;N
Santiago;Pérez López;Leg. XI;13/01/2016;19/07/2016;N
Santiago;Pérez López;Leg. XII;19/07/2016;21/05/2019;N
Ventura;Pérez Mariño;Leg. V;29/06/1993;27/03/1996;N
Ángel;Pérez Martínez;Leg. VIII;02/04/2004;01/04/2008;N
María Mercedes;Pérez Merino;Leg. XIV;03/12/2019;17/08/2023;N
Mercedes;Pérez Merino;Leg. XIII;21/05/2019;03/12/2019;N
Félix Manuel;Pérez Miyares;Leg. Const.;14/07/1977;23/03/1979;N
Félix Manuel;Pérez Miyares;Leg. I;23/03/1979;18/11/1982;N
Félix Manuel;Pérez Miyares;Leg. III;15/07/1986;21/11/1989;N
Daniel;Pérez Morales;Leg. IX;01/04/2008;13/12/2011;N
Josep;Pérez Moya;Leg. X;13/12/2011;13/01/2016;N
Isabel María;Pérez Ortiz;Leg. XV;17/08/2023;;S
Daniel;Pérez Osma;Leg. XV;17/08/2023;;S
Isabel Gema;Pérez Recuerda;Leg. XIV;03/12/2019;17/08/2023;N
Isabel Gema;Pérez Recuerda;Leg. XV;17/08/2023;;S
Fernando;Pérez Royo;Leg. I;23/03/1979;18/11/1982;N
Fernando;Pérez Royo;Leg. II;18/11/1982;15/07/1986;N
Alfredo;Pérez Rubalcaba;Leg. V;29/06/1993;27/03/1996;N
Alfredo;Pérez Rubalcaba;Leg. VI;27/03/1996;05/04/2000;N
Alfredo;Pérez Rubalcaba;Leg. VII;05/04/2000;02/04/2004;N
Alfredo;Pérez Rubalcaba;Leg. VIII;02/04/2004;01/04/2008;N
Alfredo;Pérez Rubalcaba;Leg. IX;01/04/2008;13/12/2011;N
Alfredo;Pérez Rubalcaba;Leg. X;13/12/2011;13/01/2016;N
Emilio;Pérez Ruiz;Leg. I;23/03/1979;18/11/1982;N
Jesús Javier;Pérez Sánchez;Leg. VI;27/03/1996;05/04/2000;N
Lluís Miquel;Pérez Segura;Leg. V;29/06/1993;27/03/1996;N
Lluís Miquel;Pérez Segura;Leg. VI;27/03/1996;05/04/2000;N
Mónica Raquel;Pérez Serna;Leg. X;13/12/2011;13/01/2016;N
Joaquín;Pérez Siquier;Leg. II;18/11/1982;15/07/1986;N
Joaquín;Pérez Siquier;Leg. III;15/07/1986;21/11/1989;N
Joaquín;Pérez Siquier;Leg. IV;21/11/1989;29/06/1993;N
Joaquín;Pérez Siquier;Leg. V;29/06/1993;27/03/1996;N
Antonio;Pérez Solano;Leg. II;18/11/1982;15/07/1986;N
Antonio;Pérez Solano;Leg. III;15/07/1986;21/11/1989;N
Antonio;Pérez Solano;Leg. IV;21/11/1989;29/06/1993;N
Antonio;Pérez Solano;Leg. V;29/06/1993;27/03/1996;N
Antonio;Pérez Solano;Leg. VI;27/03/1996;05/04/2000;N
Ángel Andrónico;Pérez Tabares;Leg. VII;05/04/2000;02/04/2004;N
José Antonio;Pérez Tapias;Leg. VIII;02/04/2004;01/04/2008;N
José Antonio;Pérez Tapias;Leg. IX;01/04/2008;13/12/2011;N
Emilio;Pérez Touriño;Leg. VI;27/03/1996;05/04/2000;N
María Visitación;Pérez Vega;Leg. V;29/06/1993;27/03/1996;N
María Visitación;Pérez Vega;Leg. VI;27/03/1996;05/04/2000;N
Mariano;Pérez-Hickman Silván;Leg. VII;05/04/2000;02/04/2004;N
Mariano;Pérez-Hickman Silván;Leg. X;13/12/2011;13/01/2016;N
Mariano;Pérez-Hickman Silván;Leg. XII;19/07/2016;21/05/2019;N
José Pedro;Pérez-Llorca Rodrigo;Leg. Const.;14/07/1977;23/03/1979;N
José Pedro;Pérez-Llorca Rodrigo;Leg. I;23/03/1979;18/11/1982;N
José Javier;Pérez-Olivares y Pérez;Leg. II;18/11/1982;15/07/1986;N
Luis Guillermo;Perinat y Elío;Leg. IV;21/11/1989;29/06/1993;N
Rosa María;Peris Cervera;Leg. VII;05/04/2000;02/04/2004;N
José María;Pernas Martínez;Leg. I;23/03/1979;18/11/1982;N
Manuel;Pezzi Cereto;Leg. IX;01/04/2008;13/12/2011;N
Manuel;Pezzi Cereto;Leg. X;13/12/2011;13/01/2016;N
Antonio;Piazuelo Plou;Leg. Const.;14/07/1977;23/03/1979;N
Antonio;Piazuelo Plou;Leg. I;23/03/1979;18/11/1982;N
Maria Josep;Picó Garcés;Leg. XIV;03/12/2019;17/08/2023;N
Antoni;Picó i Azanza;Leg. X;13/12/2011;13/01/2016;N
Mª Mercè;Pigem i Palmés;Leg. VII;05/04/2000;02/04/2004;N
Mª Mercè;Pigem i Palmés;Leg. VIII;02/04/2004;01/04/2008;N
Mª Mercè;Pigem i Palmés;Leg. IX;01/04/2008;13/12/2011;N
Mª Mercè;Pigem i Palmés;Leg. X;13/12/2011;13/01/2016;N
Antonio;Pillado Montero;Leg. II;18/11/1982;15/07/1986;N
Antonio;Pillado Montero;Leg. IV;21/11/1989;29/06/1993;N
Antonio;Pillado Montero;Leg. V;29/06/1993;27/03/1996;N
Antonio;Pillado Montero;Leg. VI;27/03/1996;05/04/2000;N
José Ramón;Pin Arboledas;Leg. Const.;14/07/1977;23/03/1979;N
José Ramón;Pin Arboledas;Leg. I;23/03/1979;18/11/1982;N
Margarita;Pin Arboledas;Leg. VI;27/03/1996;05/04/2000;N
Margarita;Pin Arboledas;Leg. VII;05/04/2000;02/04/2004;N
Margarita;Pin Arboledas;Leg. VIII;02/04/2004;01/04/2008;N
Margarita;Pin Arboledas;Leg. IX;01/04/2008;13/12/2011;N
Gala;Pin Ferrando;Leg. XV;17/08/2023;;S
María del Carmen;Pinedo Sánchez;Leg. II;18/11/1982;15/07/1986;N
María del Carmen;Pinedo Sánchez;Leg. III;15/07/1986;21/11/1989;N
Beatriz;Pino Ocampo;Leg. XIII;21/05/2019;03/12/2019;N
Angel;Pintado Barbanoj;Leg. VI;27/03/1996;05/04/2000;N
Ángel;Pintado Barbanoj;Leg. VII;05/04/2000;02/04/2004;N
Ángel;Pintado Barbanoj;Leg. VIII;02/04/2004;01/04/2008;N
Ángel;Pintado Barbanoj;Leg. IX;01/04/2008;13/12/2011;N
Blas;Piñar López;Leg. I;23/03/1979;18/11/1982;N
José Manuel;Piñeiro Amigo;Leg. Const.;14/07/1977;23/03/1979;N
José Manuel;Piñeiro Amigo;Leg. I;23/03/1979;18/11/1982;N
Modesto;Piñeiro Ceballos;Leg. Const.;14/07/1977;23/03/1979;N
Josep;Piqué i Camps;Leg. VII;05/04/2000;02/04/2004;N
Luis Carlos;Piquer Jiménez;Leg. V;29/06/1993;27/03/1996;N
Alicia;Piquer Sancho;Leg. XII;19/07/2016;21/05/2019;N
Víctor Valentín;Píriz Maya;Leg. XII;19/07/2016;21/05/2019;N
Víctor Valentín;Píriz Maya;Leg. XIII;21/05/2019;03/12/2019;N
Víctor Valentín;Píriz Maya;Leg. XIV;03/12/2019;17/08/2023;N
Gerardo;Pisarello Prados;Leg. XIII;21/05/2019;03/12/2019;N
Gerardo;Pisarello Prados;Leg. XIV;03/12/2019;17/08/2023;N
Gerardo;Pisarello Prados;Leg. XV;17/08/2023;;S
Mª Elena;Pisonero Ruiz;Leg. VII;05/04/2000;02/04/2004;N
Josep;Pi-Suñer Cuberta;Leg. I;23/03/1979;18/11/1982;N
María del Carmen;Pita Cárdenes;Leg. XI;13/01/2016;19/07/2016;N
María del Carmen;Pita Cárdenes;Leg. XII;19/07/2016;21/05/2019;N
María del Carmen;Pita Cárdenes;Leg. XIII;21/05/2019;03/12/2019;N
María del Carmen;Pita Cárdenes;Leg. XIV;03/12/2019;17/08/2023;N
Manuel Amador Miguel;Pizarro Moreno;Leg. IX;01/04/2008;13/12/2011;N
Juan;Pizarro Navarrete;Leg. IV;21/11/1989;29/06/1993;N
Joan Ignasi;Pla Durá;Leg. VI;27/03/1996;05/04/2000;N
Joan Ignasi;Pla Durá;Leg. VII;05/04/2000;02/04/2004;N
Adela;Pla Pastor;Leg. I;23/03/1979;18/11/1982;N
Adela;Pla Pastor;Leg. II;18/11/1982;15/07/1986;N
Adela;Pla Pastor;Leg. III;15/07/1986;21/11/1989;N
Adela;Pla Pastor;Leg. IV;21/11/1989;29/06/1993;N
Adela;Pla Pastor;Leg. V;29/06/1993;27/03/1996;N
Palmira;Pla Pechovierto;Leg. Const.;14/07/1977;23/03/1979;N
José;Plana Plana;Leg. I;23/03/1979;18/11/1982;N
Luis;Planas Puchades;Leg. II;18/11/1982;15/07/1986;N
Luis;Planas Puchades;Leg. III;15/07/1986;21/11/1989;N
Luis;Planas Puchades;Leg. XIII;21/05/2019;03/12/2019;N
Luis;Planas Puchades;Leg. XIV;03/12/2019;17/08/2023;N
Luis;Planas Puchades;Leg. XV;17/08/2023;;S
Miguel Ángel;Planas Segurado;Leg. II;18/11/1982;15/07/1986;N
Miguel Ángel;Planas Segurado;Leg. III;15/07/1986;21/11/1989;N
Inés;Plaza García;Leg. XV;17/08/2023;;S
Francisca;Pleguezuelos Aguilar;Leg. IV;21/11/1989;29/06/1993;N
Francisca;Pleguezuelos Aguilar;Leg. VII;05/04/2000;02/04/2004;N
José;Pliego Cubero;Leg. VI;27/03/1996;05/04/2000;N
José;Pliego Cubero;Leg. VII;05/04/2000;02/04/2004;N
José;Pliego Cubero;Leg. VIII;02/04/2004;01/04/2008;N
María Araceli;Poblador Pacheco;Leg. XV;17/08/2023;;S
Francisca;Pol Cabrer;Leg. VII;05/04/2000;02/04/2004;N
Antonio;Pol González;Leg. II;18/11/1982;15/07/1986;N
Francisco;Polo Llavata;Leg. XIII;21/05/2019;03/12/2019;N
Francisco;Polo Llavata;Leg. XIV;03/12/2019;17/08/2023;N
Rosa Lucía;Polonio Contreras;Leg. VIII;02/04/2004;01/04/2008;N
María Josefa;Ponce Aguilera;Leg. VIII;02/04/2004;01/04/2008;N
José María;Ponce Anguita;Leg. IX;01/04/2008;13/12/2011;N
Cristóbal Juan;Pons Franco;Leg. VI;27/03/1996;05/04/2000;N
José Enrique;Pons Grau;Leg. II;18/11/1982;15/07/1986;N
Félix;Pons Irazazábal;Leg. Const.;14/07/1977;23/03/1979;N
Félix;Pons Irazazábal;Leg. I;23/03/1979;18/11/1982;N
Félix;Pons Irazazábal;Leg. III;15/07/1986;21/11/1989;N
Félix;Pons Irazazábal;Leg. IV;21/11/1989;29/06/1993;N
Félix;Pons Irazazábal;Leg. V;29/06/1993;27/03/1996;N
Pere Joan;Pons Sampietro;Leg. XII;19/07/2016;21/05/2019;N
Pere Joan;Pons Sampietro;Leg. XIII;21/05/2019;03/12/2019;N
Pere Joan;Pons Sampietro;Leg. XIV;03/12/2019;17/08/2023;N
Magin;Pont Mestres;Leg. III;15/07/1986;21/11/1989;N
Rafael J.;Portanet Suárez;Leg. I;23/03/1979;18/11/1982;N
María José;Porteiro García;Leg. VIII;02/04/2004;01/04/2008;N
Fernando Jorge;Portillo Scharfhausen;Leg. Const.;14/07/1977;23/03/1979;N
Jesús;Posada Moreno;Leg. VI;27/03/1996;05/04/2000;N
Jesús;Posada Moreno;Leg. VII;05/04/2000;02/04/2004;N
Jesús;Posada Moreno;Leg. VIII;02/04/2004;01/04/2008;N
Jesús;Posada Moreno;Leg. IX;01/04/2008;13/12/2011;N
Jesús;Posada Moreno;Leg. X;13/12/2011;13/01/2016;N
Jesús;Posada Moreno;Leg. XI;13/01/2016;19/07/2016;N
Jesús;Posada Moreno;Leg. XII;19/07/2016;21/05/2019;N
Jesús María;Posada Moreno;Leg. V;29/06/1993;27/03/1996;N
Modesto;Pose Mesura;Leg. XV;17/08/2023;;S
Jesús;Postigo Quintana;Leg. XII;19/07/2016;21/05/2019;N
Jesús;Postigo Quintana;Leg. XIV;03/12/2019;17/08/2023;N
Antoni;Postius Terrado;Leg. XI;13/01/2016;19/07/2016;N
Antoni;Postius Terrado;Leg. XII;19/07/2016;21/05/2019;N
Patricia del;Pozo Fernández;Leg. VIII;02/04/2004;01/04/2008;N
Joan Manuel del;Pozo i Álvarez;Leg. II;18/11/1982;15/07/1986;N
Joan Manuel del;Pozo i Álvarez;Leg. III;15/07/1986;21/11/1989;N
Joan Manuel del;Pozo i Álvarez;Leg. IV;21/11/1989;29/06/1993;N
Joan Manuel del;Pozo i Álvarez;Leg. V;29/06/1993;27/03/1996;N
María Isabel;Pozuelo Meño;Leg. VI;27/03/1996;05/04/2000;N
María Isabel;Pozuelo Meño;Leg. VII;05/04/2000;02/04/2004;N
María Isabel;Pozuelo Meño;Leg. VIII;02/04/2004;01/04/2008;N
María Isabel;Pozuelo Meño;Leg. IX;01/04/2008;13/12/2011;N
María Isabel;Pozuelo Meño;Leg. X;13/12/2011;13/01/2016;N
Isabel;Pozueta Fernández;Leg. XIV;03/12/2019;17/08/2023;N
Isabel;Pozueta Fernández;Leg. XV;17/08/2023;;S
Carlos;Pracht Ferrer;Leg. XI;13/01/2016;19/07/2016;N
Alfredo;Prada Presa;Leg. X;13/12/2011;13/01/2016;N
Antonio;Pradas Torres;Leg. X;13/12/2011;13/01/2016;N
Antonio;Pradas Torres;Leg. XI;13/01/2016;19/07/2016;N
Antonio;Pradas Torres;Leg. XII;19/07/2016;21/05/2019;N
Manuel;Prado López;Leg. IV;21/11/1989;29/06/1993;N
José Ignacio;Prendes Prendes;Leg. XI;13/01/2016;19/07/2016;N
José Ignacio;Prendes Prendes;Leg. XII;19/07/2016;21/05/2019;N
José Ignacio;Prendes Prendes;Leg. XIII;21/05/2019;03/12/2019;N
Neftalí;Prieto Barrios;Leg. II;18/11/1982;15/07/1986;N
Domingo;Prieto García;Leg. II;18/11/1982;15/07/1986;N
Domingo;Prieto García;Leg. III;15/07/1986;21/11/1989;N
Domingo;Prieto García;Leg. IV;21/11/1989;29/06/1993;N
María Florencia;Prieto Moreno;Leg. III;15/07/1986;21/11/1989;N
Ana;Prieto Nieto;Leg. XIII;21/05/2019;03/12/2019;N
Ana;Prieto Nieto;Leg. XIV;03/12/2019;17/08/2023;N
Fidel;Prieto Romero;Leg. XI;13/01/2016;19/07/2016;N
María Isabel;Prieto Serrano;Leg. XV;17/08/2023;;S
Alfredo;Prieto Valiente;Leg. Const.;14/07/1977;23/03/1979;N
Miguel Vicente;Prim Tomás;Leg. VII;05/04/2000;02/04/2004;N
Margarita;Prohens Rigo;Leg. XIII;21/05/2019;03/12/2019;N
Margarita;Prohens Rigo;Leg. XIV;03/12/2019;17/08/2023;N
Gabino;Puche Rodríguez-Acosta;Leg. V;29/06/1993;27/03/1996;N
Gabino;Puche Rodríguez-Acosta;Leg. VI;27/03/1996;05/04/2000;N
Gabino;Puche Rodríguez-Acosta;Leg. VII;05/04/2000;02/04/2004;N
Gabino;Puche Rodríguez-Acosta;Leg. VIII;02/04/2004;01/04/2008;N
Gabino;Puche Rodríguez-Acosta;Leg. IX;01/04/2008;13/12/2011;N
Gabino;Puche Rodríguez-Acosta;Leg. X;13/12/2011;13/01/2016;N
Javier;Puente Redondo;Leg. X;13/12/2011;13/01/2016;N
Óscar;Puente Santiago;Leg. XV;17/08/2023;;S
Alonso José;Puerta Gutiérrez;Leg. Const.;14/07/1977;23/03/1979;N
Jorge;Pueyo Sanz;Leg. XV;17/08/2023;;S
Joan;Puig Cordón;Leg. VIII;02/04/2004;01/04/2008;N
Joaquín Francisco;Puig Ferrer;Leg. X;13/12/2011;13/01/2016;N
Mª Dolores;Puig Gasol;Leg. VIII;02/04/2004;01/04/2008;N
Mª Dolores;Puig Gasol;Leg. IX;01/04/2008;13/12/2011;N
Lluís María de;Puig i Olivé;Leg. I;23/03/1979;18/11/1982;N
Lluís María de;Puig i Olivé;Leg. II;18/11/1982;15/07/1986;N
Lluís María de;Puig i Olivé;Leg. III;15/07/1986;21/11/1989;N
Lluís María de;Puig i Olivé;Leg. IV;21/11/1989;29/06/1993;N
Lluís María de;Puig i Olivé;Leg. V;29/06/1993;27/03/1996;N
Lluís María de;Puig i Olivé;Leg. VI;27/03/1996;05/04/2000;N
Lluís María de;Puig i Olivé;Leg. VII;05/04/2000;02/04/2004;N
Joan;Puigcercós i Boixassa;Leg. VII;05/04/2000;02/04/2004;N
Joan;Puigcercós i Boixassa;Leg. VIII;02/04/2004;01/04/2008;N
José;Pujadas Domingo;Leg. I;23/03/1979;18/11/1982;N
Eduard;Pujol Bonell;Leg. XV;17/08/2023;;S
Norma;Pujol i Farré;Leg. XIII;21/05/2019;03/12/2019;N
Norma;Pujol i Farré;Leg. XIV;03/12/2019;17/08/2023;N
Jordi;Pujol i Soley;Leg. Const.;14/07/1977;23/03/1979;N
Jordi;Pujol i Soley;Leg. I;23/03/1979;18/11/1982;N
María del Pilar;Pulgar Fraile;Leg. V;29/06/1993;27/03/1996;N
María del Pilar;Pulgar Fraile;Leg. VI;27/03/1996;05/04/2000;N
Eduard;Punset Casals;Leg. II;18/11/1982;15/07/1986;N
Pedro;Puy Fraga;Leg. XV;17/08/2023;;S
María Blanca;Puyuelo del Val;Leg. X;13/12/2011;13/01/2016;N
Pedro;Quevedo Iturbe;Leg. X;13/12/2011;13/01/2016;N
Pedro;Quevedo Iturbe;Leg. XI;13/01/2016;19/07/2016;N
Pedro;Quevedo Iturbe;Leg. XII;19/07/2016;21/05/2019;N
Pedro;Quevedo Iturbe;Leg. XIV;03/12/2019;17/08/2023;N
Jesús;Quijano González;Leg. IX;01/04/2008;13/12/2011;N
Rosa;Quintana Carballo;Leg. XV;17/08/2023;;S
Antonio;Quintana Martínez;Leg. XII;19/07/2016;21/05/2019;N
José;Quintana Viar;Leg. VII;05/04/2000;02/04/2004;N
María del Carmen;Quintanilla Barba;Leg. VII;05/04/2000;02/04/2004;N
María del Carmen;Quintanilla Barba;Leg. VIII;02/04/2004;01/04/2008;N
María del Carmen;Quintanilla Barba;Leg. IX;01/04/2008;13/12/2011;N
María del Carmen;Quintanilla Barba;Leg. X;13/12/2011;13/01/2016;N
María del Carmen;Quintanilla Barba;Leg. XI;13/01/2016;19/07/2016;N
María del Carmen;Quintanilla Barba;Leg. XII;19/07/2016;21/05/2019;N
Miguel Ángel;Quintanilla Navarro;Leg. XIV;03/12/2019;17/08/2023;N
Miguel Ángel;Quintanilla Navarro;Leg. XV;17/08/2023;;S
Juan;Quintas Seoane;Leg. I;23/03/1979;18/11/1982;N
Jonay;Quintero Hernández;Leg. XV;17/08/2023;;S
Ramón Miguel;Quintilla Salamero;Leg. VII;05/04/2000;02/04/2004;N
Sebastián;Quirós Pulgar;Leg. VII;05/04/2000;02/04/2004;N
Sebastián;Quirós Pulgar;Leg. VIII;02/04/2004;01/04/2008;N
Sebastián;Quirós Pulgar;Leg. IX;01/04/2008;13/12/2011;N
Ramón;Rabanera Rivacoba;Leg. III;15/07/1986;21/11/1989;N
Pilar;Rahola i Martínez;Leg. V;29/06/1993;27/03/1996;N
Pilar;Rahola i Martínez;Leg. VI;27/03/1996;05/04/2000;N
Mariano;Rajoy Brey;Leg. III;15/07/1986;21/11/1989;N
Mariano;Rajoy Brey;Leg. IV;21/11/1989;29/06/1993;N
Mariano;Rajoy Brey;Leg. V;29/06/1993;27/03/1996;N
Mariano;Rajoy Brey;Leg. VI;27/03/1996;05/04/2000;N
Mariano;Rajoy Brey;Leg. VII;05/04/2000;02/04/2004;N
Mariano;Rajoy Brey;Leg. VIII;02/04/2004;01/04/2008;N
Mariano;Rajoy Brey;Leg. IX;01/04/2008;13/12/2011;N
Mariano;Rajoy Brey;Leg. X;13/12/2011;13/01/2016;N
Mariano;Rajoy Brey;Leg. XI;13/01/2016;19/07/2016;N
Mariano;Rajoy Brey;Leg. XII;19/07/2016;21/05/2019;N
Artemi;Rallo Lombarte;Leg. XI;13/01/2016;19/07/2016;N
Artemi;Rallo Lombarte;Leg. XII;19/07/2016;21/05/2019;N
Artemi;Rallo Lombarte;Leg. XV;17/08/2023;;S
Óscar;Ramajo Prada;Leg. XV;17/08/2023;;S
Luis;Ramallo García;Leg. II;18/11/1982;15/07/1986;N
Luis;Ramallo García;Leg. III;15/07/1986;21/11/1989;N
Luis;Ramallo García;Leg. IV;21/11/1989;29/06/1993;N
Luis;Ramallo García;Leg. V;29/06/1993;27/03/1996;N
Luis;Ramallo García;Leg. VI;27/03/1996;05/04/2000;N
Juan;Ramallo Massanet;Leg. II;18/11/1982;15/07/1986;N
Juan;Ramallo Massanet;Leg. III;15/07/1986;21/11/1989;N
María Pilar;Ramallo Vázquez;Leg. IX;01/04/2008;13/12/2011;N
María Pilar;Ramallo Vázquez;Leg. XIV;03/12/2019;17/08/2023;N
Arnau;Ramírez Carner;Leg. XIII;21/05/2019;03/12/2019;N
Arnau;Ramírez Carner;Leg. XIV;03/12/2019;17/08/2023;N
Arnau;Ramírez Carner;Leg. XV;17/08/2023;;S
Alejandro;Ramírez del Molino Morán;Leg. IX;01/04/2008;13/12/2011;N
Alejandro;Ramírez del Molino Morán;Leg. X;13/12/2011;13/01/2016;N
Alejandro;Ramírez del Molino Morán;Leg. XI;13/01/2016;19/07/2016;N
Alejandro;Ramírez del Molino Morán;Leg. XII;19/07/2016;21/05/2019;N
José;Ramírez del Río;Leg. XIII;21/05/2019;03/12/2019;N
José;Ramírez del Río;Leg. XIV;03/12/2019;17/08/2023;N
José;Ramírez del Río;Leg. XV;17/08/2023;;S
Saúl;Ramírez Freire;Leg. XI;13/01/2016;19/07/2016;N
Saúl;Ramírez Freire;Leg. XII;19/07/2016;21/05/2019;N
Saúl;Ramírez Freire;Leg. XIII;21/05/2019;03/12/2019;N
Miguel;Ramírez González;Leg. III;15/07/1986;21/11/1989;N
Miguel;Ramírez González;Leg. IV;21/11/1989;29/06/1993;N
Miguel;Ramírez González;Leg. V;29/06/1993;27/03/1996;N
Miguel;Ramírez González;Leg. VI;27/03/1996;05/04/2000;N
Juan de Dios;Ramírez Heredia;Leg. Const.;14/07/1977;23/03/1979;N
Juan de Dios;Ramírez Heredia;Leg. I;23/03/1979;18/11/1982;N
Juan de Dios;Ramírez Heredia;Leg. II;18/11/1982;15/07/1986;N
María Lourdes;Ramírez Martín;Leg. XV;17/08/2023;;S
María de las Nieves;Ramírez Moreno;Leg. XV;17/08/2023;;S
Miquel;Ramis Socias;Leg. X;13/12/2011;13/01/2016;N
Enrique;Ramón Fajarnés;Leg. III;15/07/1986;21/11/1989;N
Enrique;Ramón Fajarnés;Leg. IV;21/11/1989;29/06/1993;N
Miguel;Ramón Izquierdo;Leg. II;18/11/1982;15/07/1986;N
Miguel;Ramón Izquierdo;Leg. III;15/07/1986;21/11/1989;N
Jordi;Ramón Torres;Leg. VIII;02/04/2004;01/04/2008;N
Elvira;Ramón Utrabo;Leg. X;13/12/2011;13/01/2016;N
Elvira;Ramón Utrabo;Leg. XI;13/01/2016;19/07/2016;N
Elvira;Ramón Utrabo;Leg. XII;19/07/2016;21/05/2019;N
Elvira;Ramón Utrabo;Leg. XIII;21/05/2019;03/12/2019;N
Elvira;Ramón Utrabo;Leg. XIV;03/12/2019;17/08/2023;N
Mª Angels;Ramón-Llin i Martínez;Leg. VIII;02/04/2004;01/04/2008;N
Juan;Ramos Camarero;Leg. Const.;14/07/1977;23/03/1979;N
Juan;Ramos Camarero;Leg. I;23/03/1979;18/11/1982;N
César Joaquín;Ramos Esteban;Leg. XI;13/01/2016;19/07/2016;N
César Joaquín;Ramos Esteban;Leg. XII;19/07/2016;21/05/2019;N
César Joaquín;Ramos Esteban;Leg. XIII;21/05/2019;03/12/2019;N
César Joaquín;Ramos Esteban;Leg. XIV;03/12/2019;17/08/2023;N
César Joaquín;Ramos Esteban;Leg. XV;17/08/2023;;S
Francisco;Ramos Fernández-Torrecilla;Leg. I;23/03/1979;18/11/1982;N
Francisco;Ramos Fernández-Torrecilla;Leg. II;18/11/1982;15/07/1986;N
Francisco;Ramos Fernández-Torrecilla;Leg. III;15/07/1986;21/11/1989;N
Francesc;Ramos i Molins;Leg. Const.;14/07/1977;23/03/1979;N
Francesc;Ramos i Molins;Leg. I;23/03/1979;18/11/1982;N
Francesc;Ramos i Molins;Leg. II;18/11/1982;15/07/1986;N
Alicia;Ramos Jordán;Leg. XII;19/07/2016;21/05/2019;N
Luis Felipe;Ramos Llano;Leg. VI;27/03/1996;05/04/2000;N
José;Ramos Manzano;Leg. Const.;14/07/1977;23/03/1979;N
Vicente;Ramos Pérez;Leg. II;18/11/1982;15/07/1986;N
José Luis;Ramos Rodríguez;Leg. XIII;21/05/2019;03/12/2019;N
José Luis;Ramos Rodríguez;Leg. XIV;03/12/2019;17/08/2023;N
Joan;Rangel Tarrés;Leg. X;13/12/2011;13/01/2016;N
Juan Luis;Rascón Ortega;Leg. VIII;02/04/2004;01/04/2008;N
Juan Luis;Rascón Ortega;Leg. IX;01/04/2008;13/12/2011;N
Rodrigo de;Rato Figaredo;Leg. II;18/11/1982;15/07/1986;N
Rodrigo de;Rato Figaredo;Leg. III;15/07/1986;21/11/1989;N
Rodrigo de;Rato Figaredo;Leg. IV;21/11/1989;29/06/1993;N
Rodrigo de;Rato Figaredo;Leg. V;29/06/1993;27/03/1996;N
Rodrigo de;Rato Figaredo;Leg. VI;27/03/1996;05/04/2000;N
Rodrigo de;Rato Figaredo;Leg. VII;05/04/2000;02/04/2004;N
Rodrigo de;Rato Figaredo;Leg. VIII;02/04/2004;01/04/2008;N
Francisco;Rausell Ruiz;Leg. III;15/07/1986;21/11/1989;N
María Tamara;Raya Rodríguez;Leg. XI;13/01/2016;19/07/2016;N
María Tamara;Raya Rodríguez;Leg. XII;19/07/2016;21/05/2019;N
María Tamara;Raya Rodríguez;Leg. XIII;21/05/2019;03/12/2019;N
María Tamara;Raya Rodríguez;Leg. XIV;03/12/2019;17/08/2023;N
Sinforiano;Rebolledo Macías;Leg. III;15/07/1986;21/11/1989;N
Alejandro;Rebollo Álvarez-Amandi;Leg. III;15/07/1986;21/11/1989;N
Alejandro;Rebollo Álvarez-Amandi;Leg. IV;21/11/1989;29/06/1993;N
Alda;Recas Martín;Leg. XV;17/08/2023;;S
Lluís Miquel;Recoder i Miralles;Leg. III;15/07/1986;21/11/1989;N
Lluís Miquel;Recoder i Miralles;Leg. IV;21/11/1989;29/06/1993;N
Lluís Miquel;Recoder i Miralles;Leg. V;29/06/1993;27/03/1996;N
Lluís Miquel;Recoder i Miralles;Leg. VI;27/03/1996;05/04/2000;N
María de la O;Redondo Calvillo;Leg. XIV;03/12/2019;17/08/2023;N
Gonzalo;Redondo Cárdenas;Leg. XV;17/08/2023;;S
Nicolás;Redondo Terreros;Leg. V;29/06/1993;27/03/1996;N
Nicolás;Redondo Terreros;Leg. VI;27/03/1996;05/04/2000;N
Nicolás;Redondo Urbieta;Leg. Const.;14/07/1977;23/03/1979;N
Nicolás;Redondo Urbieta;Leg. I;23/03/1979;18/11/1982;N
Nicolás;Redondo Urbieta;Leg. II;18/11/1982;15/07/1986;N
Nicolás;Redondo Urbieta;Leg. III;15/07/1986;21/11/1989;N
David;Regades Fernández;Leg. XV;17/08/2023;;S
Néstor;Rego Candamil;Leg. XIV;03/12/2019;17/08/2023;N
Néstor;Rego Candamil;Leg. XV;17/08/2023;;S
Benito Jesús;Rego Cobo;Leg. VI;27/03/1996;05/04/2000;N
Benito Jesús;Rego Cobo;Leg. VII;05/04/2000;02/04/2004;N
Cándido;Reguera Díaz;Leg. VII;05/04/2000;02/04/2004;N
Cándido;Reguera Díaz;Leg. VIII;02/04/2004;01/04/2008;N
Cándido;Reguera Díaz;Leg. IX;01/04/2008;13/12/2011;N
Jaime;Reinares Fernández;Leg. IX;01/04/2008;13/12/2011;N
Luis Carlos;Rejón Gieb;Leg. VII;05/04/2000;02/04/2004;N
María Dolores;Renau i Manén;Leg. II;18/11/1982;15/07/1986;N
María Dolores;Renau i Manén;Leg. IV;21/11/1989;29/06/1993;N
Germán;Renau Martínez;Leg. XIII;21/05/2019;03/12/2019;N
Germán;Renau Martínez;Leg. XIV;03/12/2019;17/08/2023;N
Manuel María;Renedo Omaechevarría;Leg. II;18/11/1982;15/07/1986;N
Manuel María;Renedo Omaechevarría;Leg. III;15/07/1986;21/11/1989;N
Nerea;Renteria Lasanta;Leg. XV;17/08/2023;;S
Juan Manuel;Reol Tejada;Leg. Const.;14/07/1977;23/03/1979;N
Juan Manuel;Reol Tejada;Leg. I;23/03/1979;18/11/1982;N
Pedro Jesús;Requejo Novoa;Leg. XIV;03/12/2019;17/08/2023;N
Juan Diego;Requena Ruiz;Leg. XIV;03/12/2019;17/08/2023;N
Juan Diego;Requena Ruiz;Leg. XV;17/08/2023;;S
Joan;Reventós i Carner;Leg. Const.;14/07/1977;23/03/1979;N
Joan;Reventós i Carner;Leg. I;23/03/1979;18/11/1982;N
Estanislao;Reverter Sequeiros;Leg. Const.;14/07/1977;23/03/1979;N
María Teresa;Revilla López;Leg. Const.;14/07/1977;23/03/1979;N
María Teresa;Revilla López;Leg. I;23/03/1979;18/11/1982;N
Carlos;Revilla Rodríguez;Leg. III;15/07/1986;21/11/1989;N
Carlos;Revilla Rodríguez;Leg. IV;21/11/1989;29/06/1993;N
Carlos;Revuelta Méndez;Leg. VII;05/04/2000;02/04/2004;N
Juan Ángel del;Rey Castellanos;Leg. II;18/11/1982;15/07/1986;N
Juan Ángel del;Rey Castellanos;Leg. III;15/07/1986;21/11/1989;N
Luis Alfonso;Rey de las Heras;Leg. XV;17/08/2023;;S
Francisco;Reyes Martínez;Leg. IX;01/04/2008;13/12/2011;N
Ofelia;Reyes Miranda;Leg. X;13/12/2011;13/01/2016;N
Ofelia Mª del Cristo;Reyes Miranda;Leg. VII;05/04/2000;02/04/2004;N
Patricia;Reyes Rivera;Leg. XI;13/01/2016;19/07/2016;N
Patricia;Reyes Rivera;Leg. XII;19/07/2016;21/05/2019;N
Patricia;Reyes Rivera;Leg. XIII;21/05/2019;03/12/2019;N
Esperanza;Reynal Reillo;Leg. XV;17/08/2023;;S
Águeda;Reynés Calvache;Leg. XI;13/01/2016;19/07/2016;N
Águeda;Reynés Calvache;Leg. XII;19/07/2016;21/05/2019;N
Enric;Ribas Marí;Leg. III;15/07/1986;21/11/1989;N
Jaime;Ribas Prats;Leg. II;18/11/1982;15/07/1986;N
Elena;Ribera i Garijo;Leg. XI;13/01/2016;19/07/2016;N
Teresa;Ribera Rodríguez;Leg. XIII;21/05/2019;03/12/2019;N
Teresa;Ribera Rodríguez;Leg. XIV;03/12/2019;17/08/2023;N
Teresa;Ribera Rodríguez;Leg. XV;17/08/2023;;S
Rafael;Ribó Massó;Leg. V;29/06/1993;27/03/1996;N
Pedro José;Rico Jiménez;Leg. II;18/11/1982;15/07/1986;N
César Antonio;Rico Ruiz;Leg. VIII;02/04/2004;01/04/2008;N
Francesc;Ricomá de Castellarnau;Leg. V;29/06/1993;27/03/1996;N
Francesc;Ricomá de Castellarnau;Leg. VI;27/03/1996;05/04/2000;N
Francesc;Ricomá de Castellarnau;Leg. VII;05/04/2000;02/04/2004;N
Francesc;Ricomá de Castellarnau;Leg. VIII;02/04/2004;01/04/2008;N
Francesc;Ricomá de Castellarnau;Leg. IX;01/04/2008;13/12/2011;N
Joan;Ridao i Martín;Leg. IX;01/04/2008;13/12/2011;N
María Zoila;Riera i Ben;Leg. VI;27/03/1996;05/04/2000;N
María Zoila;Riera i Ben;Leg. VII;05/04/2000;02/04/2004;N
Immaculada;Riera i Reñé;Leg. VII;05/04/2000;02/04/2004;N
Inmaculada;Riera i Reñé;Leg. IX;01/04/2008;13/12/2011;N
Inmaculada;Riera i Reñé;Leg. X;13/12/2011;13/01/2016;N
María Teresa;Riera Madurell;Leg. VI;27/03/1996;05/04/2000;N
María Teresa;Riera Madurell;Leg. VII;05/04/2000;02/04/2004;N
Josep María;Riera Mercader;Leg. Const.;14/07/1977;23/03/1979;N
Josep María;Riera Mercader;Leg. I;23/03/1979;18/11/1982;N
Miguel;Riestra Paris;Leg. Const.;14/07/1977;23/03/1979;N
Joan;Rigol Roig;Leg. I;23/03/1979;18/11/1982;N
José María;Rioboo Almanzor;Leg. III;15/07/1986;21/11/1989;N
Carmen;Riolobos Regadera;Leg. XIII;21/05/2019;03/12/2019;N
Carmen;Riolobos Regadera;Leg. XIV;03/12/2019;17/08/2023;N
Pedro Antonio;Ríos Martínez;Leg. IV;21/11/1989;29/06/1993;N
Pedro Antonio;Ríos Martínez;Leg. V;29/06/1993;27/03/1996;N
Pedro Antonio;Ríos Martínez;Leg. VI;27/03/1996;05/04/2000;N
Fernando;Ríos Rull;Leg. IX;01/04/2008;13/12/2011;N
Vicente;Ripa González;Leg. VII;05/04/2000;02/04/2004;N
Vicente;Ripa González;Leg. VIII;02/04/2004;01/04/2008;N
Damián;Ripoll Gálvez;Leg. VII;05/04/2000;02/04/2004;N
Mercé;Rivadulla Gracia;Leg. V;29/06/1993;27/03/1996;N
Mercé;Rivadulla Gracia;Leg. VI;27/03/1996;05/04/2000;N
José;Rivas Fontán;Leg. Const.;14/07/1977;23/03/1979;N
José;Rivas Fontán;Leg. VI;27/03/1996;05/04/2000;N
José;Rivas Fontán;Leg. VII;05/04/2000;02/04/2004;N
Irene;Rivera Andrés;Leg. XI;13/01/2016;19/07/2016;N
Irene;Rivera Andrés;Leg. XII;19/07/2016;21/05/2019;N
Irene;Rivera Andrés;Leg. XIII;21/05/2019;03/12/2019;N
Engracia;Rivera Arias;Leg. XV;17/08/2023;;S
Marta María;Rivera de la Cruz;Leg. XI;13/01/2016;19/07/2016;N
Marta María;Rivera de la Cruz;Leg. XII;19/07/2016;21/05/2019;N
Marta María;Rivera de la Cruz;Leg. XIII;21/05/2019;03/12/2019;N
Marta María;Rivera de la Cruz;Leg. XV;17/08/2023;;S
Albert;Rivera Díaz;Leg. XI;13/01/2016;19/07/2016;N
Albert;Rivera Díaz;Leg. XII;19/07/2016;21/05/2019;N
Albert;Rivera Díaz;Leg. XIII;21/05/2019;03/12/2019;N
Ramiro;Rivera López;Leg. IV;21/11/1989;29/06/1993;N
Gloria Elena;Rivero Alcover;Leg. VIII;02/04/2004;01/04/2008;N
Gloria Elena;Rivero Alcover;Leg. IX;01/04/2008;13/12/2011;N
Paulino;Rivero Baute;Leg. VI;27/03/1996;05/04/2000;N
Paulino;Rivero Baute;Leg. VII;05/04/2000;02/04/2004;N
Paulino;Rivero Baute;Leg. VIII;02/04/2004;01/04/2008;N
Enrique Víctor;Rivero Ortega;Leg. XIII;21/05/2019;03/12/2019;N
Caridad;Rives Arcayna;Leg. XV;17/08/2023;;S
Margarita;Robles Fernández;Leg. XII;19/07/2016;21/05/2019;N
Margarita;Robles Fernández;Leg. XIII;21/05/2019;03/12/2019;N
Margarita;Robles Fernández;Leg. XIV;03/12/2019;17/08/2023;N
Margarita;Robles Fernández;Leg. XV;17/08/2023;;S
José María;Robles Fraga;Leg. V;29/06/1993;27/03/1996;N
José María;Robles Fraga;Leg. VI;27/03/1996;05/04/2000;N
José María;Robles Fraga;Leg. VII;05/04/2000;02/04/2004;N
Joaquín;Robles López;Leg. XIII;21/05/2019;03/12/2019;N
Joaquín;Robles López;Leg. XIV;03/12/2019;17/08/2023;N
Joaquín;Robles López;Leg. XV;17/08/2023;;S
Gonzalo;Robles Orozco;Leg. III;15/07/1986;21/11/1989;N
Gonzalo;Robles Orozco;Leg. IV;21/11/1989;29/06/1993;N
Gonzalo;Robles Orozco;Leg. V;29/06/1993;27/03/1996;N
Gonzalo;Robles Orozco;Leg. VI;27/03/1996;05/04/2000;N
Gonzalo;Robles Orozco;Leg. VII;05/04/2000;02/04/2004;N
Gonzalo;Robles Orozco;Leg. VIII;02/04/2004;01/04/2008;N
Gonzalo;Robles Orozco;Leg. IX;01/04/2008;13/12/2011;N
Gonzalo;Robles Orozco;Leg. X;13/12/2011;13/01/2016;N
Miquel;Roca i Junyent;Leg. Const.;14/07/1977;23/03/1979;N
Miquel;Roca i Junyent;Leg. I;23/03/1979;18/11/1982;N
Miquel;Roca i Junyent;Leg. II;18/11/1982;15/07/1986;N
Miquel;Roca i Junyent;Leg. III;15/07/1986;21/11/1989;N
Miquel;Roca i Junyent;Leg. IV;21/11/1989;29/06/1993;N
Miquel;Roca i Junyent;Leg. V;29/06/1993;27/03/1996;N
Jordi;Roca Mas;Leg. XI;13/01/2016;19/07/2016;N
Jordi;Roca Mas;Leg. XII;19/07/2016;21/05/2019;N
Xavier;Rocha i Rocha;Leg. I;23/03/1979;18/11/1982;N
Manuel de la;Rocha Rubí;Leg. V;29/06/1993;27/03/1996;N
Manuel de la;Rocha Rubí;Leg. IX;01/04/2008;13/12/2011;N
Manuel de la;Rocha Rubí;Leg. X;13/12/2011;13/01/2016;N
Benito;Rodrigo González;Leg. Const.;14/07/1977;23/03/1979;N
José Javier;Rodríguez Alcaide;Leg. Const.;14/07/1977;23/03/1979;N
José Javier;Rodríguez Alcaide;Leg. I;23/03/1979;18/11/1982;N
Andrés Alberto;Rodríguez Almeida;Leg. XIV;03/12/2019;17/08/2023;N
Andrés Alberto;Rodríguez Almeida;Leg. XV;17/08/2023;;S
Miguel Angel;Rodríguez Bajón;Leg. VI;27/03/1996;05/04/2000;N
Mª Teresa;Rodríguez Barahona;Leg. IX;01/04/2008;13/12/2011;N
María Teresa;Rodríguez Barahona;Leg. X;13/12/2011;13/01/2016;N
Tomás;Rodríguez Bolaños;Leg. V;29/06/1993;27/03/1996;N
Tomás;Rodríguez Bolaños;Leg. VI;27/03/1996;05/04/2000;N
Tomás;Rodríguez Bolaños;Leg. VII;05/04/2000;02/04/2004;N
Berta;Rodríguez Callao;Leg. VII;05/04/2000;02/04/2004;N
Patricia;Rodríguez Calleja;Leg. XV;17/08/2023;;S
María Isabel;Rodríguez Calvo;Leg. IV;21/11/1989;29/06/1993;N
María Isabel;Rodríguez Calvo;Leg. V;29/06/1993;27/03/1996;N
Ana Vanessa;Rodríguez Concepción;Leg. X;13/12/2011;13/01/2016;N
Martín;Rodríguez Contreras;Leg. I;23/03/1979;18/11/1982;N
María José;Rodríguez de Millán Parro;Leg. XV;17/08/2023;;S
Inés María;Rodríguez Díaz;Leg. VII;05/04/2000;02/04/2004;N
Eduardo;Rodríguez Espinosa;Leg. IV;21/11/1989;29/06/1993;N
Eduardo;Rodríguez Espinosa;Leg. V;29/06/1993;27/03/1996;N
Eduardo;Rodríguez Espinosa;Leg. VI;27/03/1996;05/04/2000;N
María Luz;Rodríguez Fernández;Leg. XI;13/01/2016;19/07/2016;N
María Carmen;Rodríguez Flores;Leg. X;13/12/2011;13/01/2016;N
Isabel;Rodríguez García;Leg. X;13/12/2011;13/01/2016;N
Isabel;Rodríguez García;Leg. XI;13/01/2016;19/07/2016;N
Isabel;Rodríguez García;Leg. XII;19/07/2016;21/05/2019;N
Isabel;Rodríguez García;Leg. XV;17/08/2023;;S
María del Pilar;Rodríguez Gómez;Leg. XIV;03/12/2019;17/08/2023;N
Mateo José;Rodríguez Gómez;Leg. II;18/11/1982;15/07/1986;N
Alfonso;Rodríguez Gómez de Celis;Leg. XIII;21/05/2019;03/12/2019;N
Alfonso;Rodríguez Gómez de Celis;Leg. XIV;03/12/2019;17/08/2023;N
Alfonso;Rodríguez Gómez de Celis;Leg. XV;17/08/2023;;S
Juana Amalia;Rodríguez Hernández;Leg. XI;13/01/2016;19/07/2016;N
Juana Amalia;Rodríguez Hernández;Leg. XII;19/07/2016;21/05/2019;N
Melisa;Rodríguez Hernández;Leg. XI;13/01/2016;19/07/2016;N
Melisa;Rodríguez Hernández;Leg. XII;19/07/2016;21/05/2019;N
Melisa;Rodríguez Hernández;Leg. XIII;21/05/2019;03/12/2019;N
María Elvira;Rodríguez Herrer;Leg. VIII;02/04/2004;01/04/2008;N
María Elvira;Rodríguez Herrer;Leg. X;13/12/2011;13/01/2016;N
María Elvira;Rodríguez Herrer;Leg. XIV;03/12/2019;17/08/2023;N
María Elvira;Rodríguez Herrer;Leg. XV;17/08/2023;;S
Juan Carlos;Rodríguez Ibarra;Leg. Const.;14/07/1977;23/03/1979;N
Juan Carlos;Rodríguez Ibarra;Leg. I;23/03/1979;18/11/1982;N
Juan Carlos;Rodríguez Ibarra;Leg. II;18/11/1982;15/07/1986;N
Mª Dolores;Rodríguez López;Leg. VII;05/04/2000;02/04/2004;N
Mª Dolores;Rodríguez López;Leg. VIII;02/04/2004;01/04/2008;N
Manuel;Rodríguez Maciá;Leg. III;15/07/1986;21/11/1989;N
María del Carmen;Rodríguez Maniega;Leg. IX;01/04/2008;13/12/2011;N
María del Carmen;Rodríguez Maniega;Leg. X;13/12/2011;13/01/2016;N
Juan;Rodríguez Marín;Leg. Const.;14/07/1977;23/03/1979;N
Ángela;Rodríguez Martínez;Leg. XI;13/01/2016;19/07/2016;N
Ángela;Rodríguez Martínez;Leg. XII;19/07/2016;21/05/2019;N
Luis Javier;Rodríguez Moroy;Leg. I;23/03/1979;18/11/1982;N
José Francisco;Rodríguez Núñez;Leg. Const.;14/07/1977;23/03/1979;N
Angustias María;Rodríguez Ortega;Leg. III;15/07/1986;21/11/1989;N
Angustias María;Rodríguez Ortega;Leg. IV;21/11/1989;29/06/1993;N
Angustias María;Rodríguez Ortega;Leg. V;29/06/1993;27/03/1996;N
Javier;Rodríguez Palacios;Leg. XV;17/08/2023;;S
José Luis;Rodríguez Pardo;Leg. I;23/03/1979;18/11/1982;N
María José;Rodríguez Ramírez;Leg. X;13/12/2011;13/01/2016;N
María Soraya;Rodríguez Ramos;Leg. VIII;02/04/2004;01/04/2008;N
María Soraya;Rodríguez Ramos;Leg. IX;01/04/2008;13/12/2011;N
María Soraya;Rodríguez Ramos;Leg. X;13/12/2011;13/01/2016;N
María Soraya;Rodríguez Ramos;Leg. XI;13/01/2016;19/07/2016;N
María Soraya;Rodríguez Ramos;Leg. XII;19/07/2016;21/05/2019;N
Alberto;Rodríguez Rodríguez;Leg. XI;13/01/2016;19/07/2016;N
Alberto;Rodríguez Rodríguez;Leg. XII;19/07/2016;21/05/2019;N
Alberto;Rodríguez Rodríguez;Leg. XIII;21/05/2019;03/12/2019;N
Alberto;Rodríguez Rodríguez;Leg. XIV;03/12/2019;17/08/2023;N
Antonio;Rodríguez Rodríguez;Leg. I;23/03/1979;18/11/1982;N
Antonio;Rodríguez Rodríguez;Leg. II;18/11/1982;15/07/1986;N
Antonio;Rodríguez Rodríguez;Leg. III;15/07/1986;21/11/1989;N
Antonio;Rodríguez Rodríguez;Leg. IV;21/11/1989;29/06/1993;N
Antonio;Rodríguez Rodríguez;Leg. V;29/06/1993;27/03/1996;N
Juan Miguel;Rodríguez Rodríguez;Leg. IV;21/11/1989;29/06/1993;N
Juan Miguel;Rodríguez Rodríguez;Leg. V;29/06/1993;27/03/1996;N
Juan Miguel;Rodríguez Rodríguez;Leg. VI;27/03/1996;05/04/2000;N
Román;Rodríguez Rodríguez;Leg. VIII;02/04/2004;01/04/2008;N
Agustín;Rodríguez Sahagún;Leg. I;23/03/1979;18/11/1982;N
Agustín;Rodríguez Sahagún;Leg. II;18/11/1982;15/07/1986;N
Agustín;Rodríguez Sahagún;Leg. III;15/07/1986;21/11/1989;N
José Antonio;Rodríguez Salas;Leg. XIII;21/05/2019;03/12/2019;N
José Antonio;Rodríguez Salas;Leg. XIV;03/12/2019;17/08/2023;N
José Antonio;Rodríguez Salas;Leg. XV;17/08/2023;;S
Francisco;Rodríguez Sánchez;Leg. VI;27/03/1996;05/04/2000;N
Francisco;Rodríguez Sánchez;Leg. VII;05/04/2000;02/04/2004;N
Francisco;Rodríguez Sánchez;Leg. VIII;02/04/2004;01/04/2008;N
Germán;Rodríguez Sánchez;Leg. X;13/12/2011;13/01/2016;N
Germán;Rodríguez Sánchez;Leg. XI;13/01/2016;19/07/2016;N
María Felicidad;Rodríguez Sánchez;Leg. X;13/12/2011;13/01/2016;N
Santi;Rodríguez Serra;Leg. XV;17/08/2023;;S
Esther;Rodríguez Suárez;Leg. XV;17/08/2023;;S
León Máximo;Rodríguez Valverde;Leg. Const.;14/07/1977;23/03/1979;N
León Máximo;Rodríguez Valverde;Leg. I;23/03/1979;18/11/1982;N
León Máximo;Rodríguez Valverde;Leg. II;18/11/1982;15/07/1986;N
León Máximo;Rodríguez Valverde;Leg. III;15/07/1986;21/11/1989;N
León Máximo;Rodríguez Valverde;Leg. IV;21/11/1989;29/06/1993;N
León Máximo;Rodríguez Valverde;Leg. V;29/06/1993;27/03/1996;N
Antonio;Rodríguez Vázquez;Leg. XI;13/01/2016;19/07/2016;N
María Paloma;Rodríguez Vázquez;Leg. X;13/12/2011;13/01/2016;N
José Luis;Rodríguez Zapatero;Leg. III;15/07/1986;21/11/1989;N
José Luis;Rodríguez Zapatero;Leg. IV;21/11/1989;29/06/1993;N
José Luis;Rodríguez Zapatero;Leg. V;29/06/1993;27/03/1996;N
José Luis;Rodríguez Zapatero;Leg. VI;27/03/1996;05/04/2000;N
José Luis;Rodríguez Zapatero;Leg. VII;05/04/2000;02/04/2004;N
José Luis;Rodríguez Zapatero;Leg. VIII;02/04/2004;01/04/2008;N
José Luis;Rodríguez Zapatero;Leg. IX;01/04/2008;13/12/2011;N
Jaime;Rodríguez-Arana Muñoz;Leg. VI;27/03/1996;05/04/2000;N
Santiago;Rodríguez-Miranda Gómez;Leg. Const.;14/07/1977;23/03/1979;N
Santiago;Rodríguez-Miranda Gómez;Leg. I;23/03/1979;18/11/1982;N
Inmaculada;Rodríguez-Piñero Fernández;Leg. IX;01/04/2008;13/12/2011;N
Inmaculada;Rodríguez-Piñero Fernández;Leg. X;13/12/2011;13/01/2016;N
Rafael;Rodríguez-Ponga Salamanca;Leg. IX;01/04/2008;13/12/2011;N
Rafael;Rodríguez-Ponga Salamanca;Leg. X;13/12/2011;13/01/2016;N
Beatriz;Rodríguez-Salmones Cabeza;Leg. VI;27/03/1996;05/04/2000;N
Beatriz;Rodríguez-Salmones Cabeza;Leg. VII;05/04/2000;02/04/2004;N
Beatriz;Rodríguez-Salmones Cabeza;Leg. VIII;02/04/2004;01/04/2008;N
Beatriz;Rodríguez-Salmones Cabeza;Leg. IX;01/04/2008;13/12/2011;N
Beatriz;Rodríguez-Salmones Cabeza;Leg. X;13/12/2011;13/01/2016;N
María Encarnación;Rogado Hernández;Leg. VII;05/04/2000;02/04/2004;N
Carlos;Rojas García;Leg. XI;13/01/2016;19/07/2016;N
Carlos;Rojas García;Leg. XII;19/07/2016;21/05/2019;N
Carlos;Rojas García;Leg. XIII;21/05/2019;03/12/2019;N
Carlos;Rojas García;Leg. XIV;03/12/2019;17/08/2023;N
Carlos;Rojas García;Leg. XV;17/08/2023;;S
Juan Antonio;Rojas Manrique;Leg. XV;17/08/2023;;S
Alejandro;Rojas Marcos de la Viesca;Leg. I;23/03/1979;18/11/1982;N
Alejandro;Rojas Marcos de la Viesca;Leg. IV;21/11/1989;29/06/1993;N
Alberto;Rojo Blas;Leg. XV;17/08/2023;;S
Francisco Javier;Rojo García;Leg. II;18/11/1982;15/07/1986;N
Francisco Javier;Rojo García;Leg. III;15/07/1986;21/11/1989;N
Francisco Javier;Rojo García;Leg. IV;21/11/1989;29/06/1993;N
Pilar;Rojo Noguera;Leg. XI;13/01/2016;19/07/2016;N
Pilar;Rojo Noguera;Leg. XII;19/07/2016;21/05/2019;N
Antonio;Roldán Monés;Leg. XI;13/01/2016;19/07/2016;N
Antonio;Roldán Monés;Leg. XII;19/07/2016;21/05/2019;N
Antonio;Roldán Monés;Leg. XIII;21/05/2019;03/12/2019;N
María Mercedes;Roldós Caballero;Leg. VIII;02/04/2004;01/04/2008;N
María Inmaculada;Romacho Romero;Leg. V;29/06/1993;27/03/1996;N
Francisco;Román Díaz;Leg. Const.;14/07/1977;23/03/1979;N
Rafael;Román Guerrero;Leg. VIII;02/04/2004;01/04/2008;N
Rafael;Román Guerrero;Leg. IX;01/04/2008;13/12/2011;N
Antonio;Román Jasanada;Leg. VII;05/04/2000;02/04/2004;N
Antonio;Román Jasanada;Leg. X;13/12/2011;13/01/2016;N
Antonio;Román Jasanada;Leg. XV;17/08/2023;;S
José Ignacio;Romaní Cantera;Leg. XII;19/07/2016;21/05/2019;N
José Ignacio;Romaní Cantera;Leg. XIV;03/12/2019;17/08/2023;N
José Ignacio;Romaní Cantera;Leg. XV;17/08/2023;;S
José Manuel;Romay Beccaría;Leg. II;18/11/1982;15/07/1986;N
José Manuel;Romay Beccaría;Leg. III;15/07/1986;21/11/1989;N
José Manuel;Romay Beccaría;Leg. IV;21/11/1989;29/06/1993;N
José Manuel;Romay Beccaría;Leg. VII;05/04/2000;02/04/2004;N
Manuel E.;Romero Castilla;Leg. IV;21/11/1989;29/06/1993;N
Jesús;Romero Fernández;Leg. VI;27/03/1996;05/04/2000;N
Aurelio;Romero Girón;Leg. VII;05/04/2000;02/04/2004;N
Aurelio;Romero Girón;Leg. IX;01/04/2008;13/12/2011;N
Aurelio;Romero Girón;Leg. X;13/12/2011;13/01/2016;N
Joan;Romero González;Leg. II;18/11/1982;15/07/1986;N
Joan;Romero González;Leg. VI;27/03/1996;05/04/2000;N
Carmelo;Romero Hernández;Leg. X;13/12/2011;13/01/2016;N
Carmelo;Romero Hernández;Leg. XI;13/01/2016;19/07/2016;N
Carmelo;Romero Hernández;Leg. XII;19/07/2016;21/05/2019;N
Carmelo;Romero Hernández;Leg. XIV;03/12/2019;17/08/2023;N
José Carlos;Romero Herrera;Leg. III;15/07/1986;21/11/1989;N
José Carlos;Romero Herrera;Leg. IV;21/11/1989;29/06/1993;N
Carmen;Romero López;Leg. IV;21/11/1989;29/06/1993;N
Carmen;Romero López;Leg. V;29/06/1993;27/03/1996;N
Carmen;Romero López;Leg. VI;27/03/1996;05/04/2000;N
Carmen;Romero López;Leg. VII;05/04/2000;02/04/2004;N
María Dolores;Romero Martínez;Leg. V;29/06/1993;27/03/1996;N
Felipe;Romero Morcillo;Leg. Const.;14/07/1977;23/03/1979;N
Rafaela;Romero Pozo;Leg. XV;17/08/2023;;S
María Eugenia;Romero Rodríguez;Leg. X;13/12/2011;13/01/2016;N
María Eugenia;Romero Rodríguez;Leg. XI;13/01/2016;19/07/2016;N
María Eugenia;Romero Rodríguez;Leg. XII;19/07/2016;21/05/2019;N
Antonio;Romero Ruiz;Leg. IV;21/11/1989;29/06/1993;N
Antonio;Romero Ruiz;Leg. V;29/06/1993;27/03/1996;N
Rosa María;Romero Sánchez;Leg. VII;05/04/2000;02/04/2004;N
Rosa María;Romero Sánchez;Leg. X;13/12/2011;13/01/2016;N
Rosa María;Romero Sánchez;Leg. XI;13/01/2016;19/07/2016;N
Rosa María;Romero Sánchez;Leg. XII;19/07/2016;21/05/2019;N
Rosa María;Romero Sánchez;Leg. XIII;21/05/2019;03/12/2019;N
Rosa María;Romero Sánchez;Leg. XIV;03/12/2019;17/08/2023;N
María de los Reyes;Romero Vilches;Leg. XIII;21/05/2019;03/12/2019;N
María de los Reyes;Romero Vilches;Leg. XIV;03/12/2019;17/08/2023;N
María de los Reyes;Romero Vilches;Leg. XV;17/08/2023;;S
Francesc Joaquim;Romeu Martí;Leg. VII;05/04/2000;02/04/2004;N
María del Mar;Rominguera Salazar;Leg. X;13/12/2011;13/01/2016;N
María del Mar;Rominguera Salazar;Leg. XI;13/01/2016;19/07/2016;N
María del Mar;Rominguera Salazar;Leg. XII;19/07/2016;21/05/2019;N
María del Mar;Rominguera Salazar;Leg. XIII;21/05/2019;03/12/2019;N
Victoriano;Roncero Rodríguez;Leg. III;15/07/1986;21/11/1989;N
Victoriano;Roncero Rodríguez;Leg. IV;21/11/1989;29/06/1993;N
Victoriano;Roncero Rodríguez;Leg. V;29/06/1993;27/03/1996;N
Jerónimo;Ros Campillo;Leg. Const.;14/07/1977;23/03/1979;N
José Luis;Ros Maorad;Leg. V;29/06/1993;27/03/1996;N
José Luis;Ros Maorad;Leg. VI;27/03/1996;05/04/2000;N
Susana;Ros Martínez;Leg. IX;01/04/2008;13/12/2011;N
Susana;Ros Martínez;Leg. X;13/12/2011;13/01/2016;N
Susana;Ros Martínez;Leg. XIII;21/05/2019;03/12/2019;N
Susana;Ros Martínez;Leg. XIV;03/12/2019;17/08/2023;N
Susana;Ros Martínez;Leg. XV;17/08/2023;;S
Miguel Ángel de la;Rosa Martín;Leg. VIII;02/04/2004;01/04/2008;N
María Ángeles;Rosado Peinado;Leg. XIII;21/05/2019;03/12/2019;N
María Victoria;Rosell Aguilar;Leg. XI;13/01/2016;19/07/2016;N
María Victoria;Rosell Aguilar;Leg. XIII;21/05/2019;03/12/2019;N
María Victoria;Rosell Aguilar;Leg. XIV;03/12/2019;17/08/2023;N
Jorge;Roselló Bouso;Leg. XIV;03/12/2019;17/08/2023;N
Talía;Roselló Saus;Leg. X;13/12/2011;13/01/2016;N
Agustín;Rosety Fernández de Castro;Leg. XIII;21/05/2019;03/12/2019;N
Agustín;Rosety Fernández de Castro;Leg. XIV;03/12/2019;17/08/2023;N
Marta;Rosique i Saltor;Leg. XIII;21/05/2019;03/12/2019;N
Marta;Rosique i Saltor;Leg. XIV;03/12/2019;17/08/2023;N
Antonio;Rosón Pérez;Leg. Const.;14/07/1977;23/03/1979;N
Juan;Rovira Tarazona;Leg. Const.;14/07/1977;23/03/1979;N
Juan;Rovira Tarazona;Leg. I;23/03/1979;18/11/1982;N
Juan;Rovira Tarazona;Leg. III;15/07/1986;21/11/1989;N
Alejandro;Royo-Villanova Payá;Leg. II;18/11/1982;15/07/1986;N
Javier;Ruano García;Leg. XII;19/07/2016;21/05/2019;N
Juan de Dios;Ruano Gómez;Leg. X;13/12/2011;13/01/2016;N
Xavier;Rubert de Ventós;Leg. II;18/11/1982;15/07/1986;N
Emilio;Rubiales Rojas;Leg. I;23/03/1979;18/11/1982;N
Amparo;Rubiales Torrejón;Leg. V;29/06/1993;27/03/1996;N
Amparo;Rubiales Torrejón;Leg. VI;27/03/1996;05/04/2000;N
Amparo;Rubiales Torrejón;Leg. VII;05/04/2000;02/04/2004;N
María;Rubies Garrofe;Leg. I;23/03/1979;18/11/1982;N
Luisa Fernanda;Rudi Úbeda;Leg. III;15/07/1986;21/11/1989;N
Luisa Fernanda;Rudi Ubeda;Leg. IV;21/11/1989;29/06/1993;N
Luisa Fernanda;Rudi Ubeda;Leg. V;29/06/1993;27/03/1996;N
Luisa Fernanda;Rudi Úbeda;Leg. VII;05/04/2000;02/04/2004;N
Luisa Fernanda;Rudi Úbeda;Leg. VIII;02/04/2004;01/04/2008;N
Luisa Fernanda;Rudi Úbeda;Leg. IX;01/04/2008;13/12/2011;N
Ramón;Rueda Espinar;Leg. IV;21/11/1989;29/06/1993;N
Ramón;Rueda Espinar;Leg. V;29/06/1993;27/03/1996;N
Ramón;Rueda Espinar;Leg. VI;27/03/1996;05/04/2000;N
Patricia;Rueda Perelló;Leg. XIII;21/05/2019;03/12/2019;N
Patricia;Rueda Perelló;Leg. XIV;03/12/2019;17/08/2023;N
Patricia;Rueda Perelló;Leg. XV;17/08/2023;;S
Gabriel;Rufián Romero;Leg. XI;13/01/2016;19/07/2016;N
Gabriel;Rufián Romero;Leg. XII;19/07/2016;21/05/2019;N
Gabriel;Rufián Romero;Leg. XIII;21/05/2019;03/12/2019;N
Gabriel;Rufián Romero;Leg. XIV;03/12/2019;17/08/2023;N
Gabriel;Rufián Romero;Leg. XV;17/08/2023;;S
Juan Carlos;Ruiz Boix;Leg. XV;17/08/2023;;S
Víctor Javier;Ruiz de Diego;Leg. XV;17/08/2023;;S
Iñaki;Ruiz de Pinedo Undiano;Leg. XIII;21/05/2019;03/12/2019;N
Iñaki;Ruiz de Pinedo Undiano;Leg. XIV;03/12/2019;17/08/2023;N
Iñaki;Ruiz de Pinedo Undiano;Leg. XV;17/08/2023;;S
Jesús;Ruiz Fernández;Leg. III;15/07/1986;21/11/1989;N
José María;Ruiz Gallardón;Leg. II;18/11/1982;15/07/1986;N
José María;Ruiz Gallardón;Leg. III;15/07/1986;21/11/1989;N
Joan;Ruiz i Carbonell;Leg. IX;01/04/2008;13/12/2011;N
Joan;Ruiz i Carbonell;Leg. X;13/12/2011;13/01/2016;N
Joan;Ruiz i Carbonell;Leg. XI;13/01/2016;19/07/2016;N
Joan;Ruiz i Carbonell;Leg. XII;19/07/2016;21/05/2019;N
Joan;Ruiz i Carbonell;Leg. XIII;21/05/2019;03/12/2019;N
Joan;Ruiz i Carbonell;Leg. XIV;03/12/2019;17/08/2023;N
Román;Ruiz Llamas;Leg. IX;01/04/2008;13/12/2011;N
Román;Ruiz Llamas;Leg. X;13/12/2011;13/01/2016;N
Antero;Ruiz López;Leg. VII;05/04/2000;02/04/2004;N
Jesús;Ruiz López;Leg. XIV;03/12/2019;17/08/2023;N
Juan Carlos;Ruiz López;Leg. V;29/06/1993;27/03/1996;N
Juan Carlos;Ruiz López;Leg. VI;27/03/1996;05/04/2000;N
Juan Carlos;Ruiz López;Leg. VII;05/04/2000;02/04/2004;N
María Concepción;Ruiz López;Leg. XIII;21/05/2019;03/12/2019;N
Ramiro Felipe;Ruiz Medrano;Leg. IV;21/11/1989;29/06/1993;N
Joaquín;Ruiz Mendoza;Leg. Const.;14/07/1977;23/03/1979;N
Vicente;Ruiz Monrabal;Leg. I;23/03/1979;18/11/1982;N
Eduardo Luis;Ruiz Navarro;Leg. XIV;03/12/2019;17/08/2023;N
José María;Ruiz Povedano;Leg. IV;21/11/1989;29/06/1993;N
Francisco;Ruiz Risueño;Leg. Const.;14/07/1977;23/03/1979;N
José Isidoro;Ruiz Ruiz;Leg. III;15/07/1986;21/11/1989;N
María Jesús;Ruiz Ruiz;Leg. VII;05/04/2000;02/04/2004;N
Lucía Sebastiana;Ruiz Saavedra;Leg. VI;27/03/1996;05/04/2000;N
María de la Cabeza;Ruiz Solás;Leg. XIII;21/05/2019;03/12/2019;N
María de la Cabeza;Ruiz Solás;Leg. XIV;03/12/2019;17/08/2023;N
María de la Cabeza;Ruiz Solás;Leg. XV;17/08/2023;;S
Carlos;Ruiz Soto;Leg. II;18/11/1982;15/07/1986;N
Carlos;Ruiz Soto;Leg. III;15/07/1986;21/11/1989;N
Alberto;Ruiz-Gallardón Jiménez;Leg. X;13/12/2011;13/01/2016;N
José Luis;Ruiz-Navarro Gimeno;Leg. Const.;14/07/1977;23/03/1979;N
José Luis;Ruiz-Navarro Gimeno;Leg. I;23/03/1979;18/11/1982;N
José Luis;Ruiz-Navarro Gimeno;Leg. II;18/11/1982;15/07/1986;N
Ana María;Ruiz-Tagle Morales;Leg. Const.;14/07/1977;23/03/1979;N
Ana María;Ruiz-Tagle Morales;Leg. I;23/03/1979;18/11/1982;N
Josep;Rull Andreu;Leg. XIII;21/05/2019;03/12/2019;N
María Consuelo;Rumí Ibáñez;Leg. VII;05/04/2000;02/04/2004;N
María Consuelo;Rumí Ibáñez;Leg. VIII;02/04/2004;01/04/2008;N
María Consuelo;Rumí Ibáñez;Leg. IX;01/04/2008;13/12/2011;N
María Consuelo;Rumí Ibáñez;Leg. X;13/12/2011;13/01/2016;N
Francisco Javier;Rupérez Rubio;Leg. I;23/03/1979;18/11/1982;N
Francisco Javier;Rupérez Rubio;Leg. III;15/07/1986;21/11/1989;N
Francisco Javier;Rupérez Rubio;Leg. IV;21/11/1989;29/06/1993;N
Francisco Javier;Rupérez Rubio;Leg. V;29/06/1993;27/03/1996;N
Francisco Javier;Rupérez Rubio;Leg. VI;27/03/1996;05/04/2000;N
Francisco Javier;Rupérez Rubio;Leg. VII;05/04/2000;02/04/2004;N
Jerónimo;Saavedra Acevedo;Leg. Const.;14/07/1977;23/03/1979;N
Jerónimo;Saavedra Acevedo;Leg. I;23/03/1979;18/11/1982;N
Jerónimo;Saavedra Acevedo;Leg. II;18/11/1982;15/07/1986;N
Jerónimo;Saavedra Acevedo;Leg. VI;27/03/1996;05/04/2000;N
Marisa;Saavedra Muñoz;Leg. XIII;21/05/2019;03/12/2019;N
Marisa;Saavedra Muñoz;Leg. XIV;03/12/2019;17/08/2023;N
José;Sabalete Jiménez;Leg. I;23/03/1979;18/11/1982;N
Pedro Feliciano;Sabando Suárez;Leg. III;15/07/1986;21/11/1989;N
Inés;Sabanés Nadal;Leg. VI;27/03/1996;05/04/2000;N
Inés;Sabanés Nadal;Leg. XIV;03/12/2019;17/08/2023;N
Francesc Xavier;Sabaté Ibarz;Leg. V;29/06/1993;27/03/1996;N
Francesc Xavier;Sabaté Ibarz;Leg. VI;27/03/1996;05/04/2000;N
Francesc Xavier;Sabaté Ibarz;Leg. VII;05/04/2000;02/04/2004;N
Juan;Sabater Escudé;Leg. Const.;14/07/1977;23/03/1979;N
Juan;Sabater Escudé;Leg. I;23/03/1979;18/11/1982;N
Inmaculada;Sabater Llorens;Leg. Const.;14/07/1977;23/03/1979;N
Eduardo;Saborido Galán;Leg. I;23/03/1979;18/11/1982;N
Luis;Sacrest Villegas;Leg. Const.;14/07/1977;23/03/1979;N
Javier Luis;Sáenz Cosculluela;Leg. Const.;14/07/1977;23/03/1979;N
Javier Luis;Sáenz Cosculluela;Leg. I;23/03/1979;18/11/1982;N
Javier Luis;Sáenz Cosculluela;Leg. II;18/11/1982;15/07/1986;N
Javier Luis;Sáenz Cosculluela;Leg. III;15/07/1986;21/11/1989;N
Javier Luis;Sáenz Cosculluela;Leg. IV;21/11/1989;29/06/1993;N
Javier Luis;Sáenz Cosculluela;Leg. V;29/06/1993;27/03/1996;N
Javier Luis;Saenz Cosculluela;Leg. VI;27/03/1996;05/04/2000;N
María Soraya;Sáenz de Santamaría Antón;Leg. VIII;02/04/2004;01/04/2008;N
María Soraya;Sáenz de Santamaría Antón;Leg. IX;01/04/2008;13/12/2011;N
María Soraya;Sáenz de Santamaría Antón;Leg. X;13/12/2011;13/01/2016;N
María Soraya;Sáenz de Santamaría Antón;Leg. XI;13/01/2016;19/07/2016;N
María Soraya;Sáenz de Santamaría Antón;Leg. XII;19/07/2016;21/05/2019;N
José Félix;Sáenz Lorenzo;Leg. I;23/03/1979;18/11/1982;N
José Félix;Sáenz Lorenzo;Leg. II;18/11/1982;15/07/1986;N
José Félix;Sáenz Lorenzo;Leg. III;15/07/1986;21/11/1989;N
José Félix;Sáenz Lorenzo;Leg. IV;21/11/1989;29/06/1993;N
José Félix;Sáenz Lorenzo;Leg. V;29/06/1993;27/03/1996;N
Eva;Sáenz Royo;Leg. VIII;02/04/2004;01/04/2008;N
Juan Ignacio;Sáenz-Díez Gándara;Leg. Const.;14/07/1977;23/03/1979;N
Juan Ignacio;Sáenz-Díez Gándara;Leg. I;23/03/1979;18/11/1982;N
Pablo;Sáez Alonso-Muñumer;Leg. XIII;21/05/2019;03/12/2019;N
Pablo;Sáez Alonso-Muñumer;Leg. XIV;03/12/2019;17/08/2023;N
Pablo;Sáez Alonso-Muñumer;Leg. XV;17/08/2023;;S
Emilio;Sáez Cruz;Leg. XV;17/08/2023;;S
Àlex;Sáez Jubero;Leg. VIII;02/04/2004;01/04/2008;N
Àlex;Sáez Jubero;Leg. IX;01/04/2008;13/12/2011;N
Àlex;Sáez Jubero;Leg. X;13/12/2011;13/01/2016;N
María Teresa;Sagarna Alberdi;Leg. VII;05/04/2000;02/04/2004;N
Fernando;Sagaseta Cabrera;Leg. I;23/03/1979;18/11/1982;N
Idoia;Sagastizabal Unzetabarrenetxea;Leg. XII;19/07/2016;21/05/2019;N
Idoia;Sagastizabal Unzetabarrenetxea;Leg. XIII;21/05/2019;03/12/2019;N
Idoia;Sagastizabal Unzetabarrenetxea;Leg. XIV;03/12/2019;17/08/2023;N
Idoia;Sagastizabal Unzetabarrenetxea;Leg. XV;17/08/2023;;S
Luis Carlos;Sahuquillo García;Leg. IX;01/04/2008;13/12/2011;N
Luis Carlos;Sahuquillo García;Leg. X;13/12/2011;13/01/2016;N
Luis Carlos;Sahuquillo García;Leg. XI;13/01/2016;19/07/2016;N
Luis Carlos;Sahuquillo García;Leg. XII;19/07/2016;21/05/2019;N
Luis Carlos;Sahuquillo García;Leg. XIII;21/05/2019;03/12/2019;N
Luis Carlos;Sahuquillo García;Leg. XIV;03/12/2019;17/08/2023;N
Luis Carlos;Sahuquillo García;Leg. XV;17/08/2023;;S
Luis;Sainz Aja;Leg. III;15/07/1986;21/11/1989;N
Luis;Sainz Aja;Leg. IV;21/11/1989;29/06/1993;N
María Jesús;Sainz García;Leg. IV;21/11/1989;29/06/1993;N
María Jesús;Sainz García;Leg. V;29/06/1993;27/03/1996;N
María Jesús;Sainz García;Leg. VI;27/03/1996;05/04/2000;N
María Jesús;Sainz García;Leg. VII;05/04/2000;02/04/2004;N
María Jesús;Sainz García;Leg. VIII;02/04/2004;01/04/2008;N
María;Sainz Martín;Leg. XV;17/08/2023;;S
Ramón;Sala Canadell;Leg. Const.;14/07/1977;23/03/1979;N
Ramón;Sala Canadell;Leg. I;23/03/1979;18/11/1982;N
Pilar;Salarrullana De Verda;Leg. III;15/07/1986;21/11/1989;N
José Nicolás de;Salas Moreno;Leg. III;15/07/1986;21/11/1989;N
José Nicolás de;Salas Moreno;Leg. IV;21/11/1989;29/06/1993;N
Mª Isabel;Salazar Bello;Leg. VIII;02/04/2004;01/04/2008;N
Francisco José;Salazar Rodríguez;Leg. XIII;21/05/2019;03/12/2019;N
Francisco José;Salazar Rodríguez;Leg. XIV;03/12/2019;17/08/2023;N
Francisco José;Salazar Rodríguez;Leg. XV;17/08/2023;;S
Elena;Salgado Méndez;Leg. IX;01/04/2008;13/12/2011;N
María Isabel;Salinas García;Leg. VI;27/03/1996;05/04/2000;N
José Miguel;Salinas Moya;Leg. I;23/03/1979;18/11/1982;N
José Miguel;Salinas Moya;Leg. II;18/11/1982;15/07/1986;N
María;Salom Coll;Leg. VIII;02/04/2004;01/04/2008;N
María;Salom Coll;Leg. IX;01/04/2008;13/12/2011;N
Juan;Salord Torrent;Leg. VII;05/04/2000;02/04/2004;N
Juan;Salord Torrent;Leg. VIII;02/04/2004;01/04/2008;N
María Isabel;Salud Areste;Leg. XII;19/07/2016;21/05/2019;N
Antonio;Salvá Verd;Leg. XIV;03/12/2019;17/08/2023;N
Carlos Casimiro;Salvador Armendáriz;Leg. VIII;02/04/2004;01/04/2008;N
Carlos Casimiro;Salvador Armendáriz;Leg. IX;01/04/2008;13/12/2011;N
Carlos Casimiro;Salvador Armendáriz;Leg. X;13/12/2011;13/01/2016;N
Carlos Casimiro;Salvador Armendáriz;Leg. XI;13/01/2016;19/07/2016;N
Carlos Casimiro;Salvador Armendáriz;Leg. XII;19/07/2016;21/05/2019;N
Luis Miguel;Salvador García;Leg. XI;13/01/2016;19/07/2016;N
Luis Miguel;Salvador García;Leg. XII;19/07/2016;21/05/2019;N
Jordi;Salvador i Duch;Leg. XI;13/01/2016;19/07/2016;N
Jordi;Salvador i Duch;Leg. XII;19/07/2016;21/05/2019;N
Jordi;Salvador i Duch;Leg. XIII;21/05/2019;03/12/2019;N
Jordi;Salvador i Duch;Leg. XIV;03/12/2019;17/08/2023;N
Jordi;Salvador i Duch;Leg. XV;17/08/2023;;S
Javier;Sampedro Sampedro;Leg. V;29/06/1993;27/03/1996;N
Francisco;San Martín Sala;Leg. V;29/06/1993;27/03/1996;N
Francisco;Sanabria Escudero;Leg. II;18/11/1982;15/07/1986;N
José Ignacio;Sánchez Amor;Leg. X;13/12/2011;13/01/2016;N
José Ignacio;Sánchez Amor;Leg. XI;13/01/2016;19/07/2016;N
José Ignacio;Sánchez Amor;Leg. XII;19/07/2016;21/05/2019;N
Manuel;Sánchez Ayuso;Leg. Const.;14/07/1977;23/03/1979;N
Manuel;Sánchez Ayuso;Leg. I;23/03/1979;18/11/1982;N
Virginio;Sánchez Barberán;Leg. II;18/11/1982;15/07/1986;N
Virginio;Sánchez Barberán;Leg. III;15/07/1986;21/11/1989;N
José Juan;Sánchez Barrera;Leg. X;13/12/2011;13/01/2016;N
Jerónimo;Sánchez Blanco;Leg. Const.;14/07/1977;23/03/1979;N
Ángel Luis;Sánchez Bolaños;Leg. II;18/11/1982;15/07/1986;N
Ángel Luis;Sánchez Bolaños;Leg. III;15/07/1986;21/11/1989;N
Ángel Luis;Sánchez Bolaños;Leg. IV;21/11/1989;29/06/1993;N
Ricardo;Sánchez Candelas;Leg. III;15/07/1986;21/11/1989;N
Miguel;Sánchez de Alcázar Ocaña;Leg. X;13/12/2011;13/01/2016;N
Enrique;Sánchez de León Pérez;Leg. Const.;14/07/1977;23/03/1979;N
Enrique;Sánchez de León Pérez;Leg. I;23/03/1979;18/11/1982;N
Víctor Manuel;Sánchez del Real;Leg. XIII;21/05/2019;03/12/2019;N
Víctor Manuel;Sánchez del Real;Leg. XIV;03/12/2019;17/08/2023;N
María Carmen;Sánchez Díaz;Leg. VII;05/04/2000;02/04/2004;N
María Carmen;Sánchez Díaz;Leg. VIII;02/04/2004;01/04/2008;N
María Carmen;Sánchez Díaz;Leg. IX;01/04/2008;13/12/2011;N
María Carmen;Sánchez Díaz;Leg. X;13/12/2011;13/01/2016;N
María Carmen;Sánchez Díaz;Leg. XV;17/08/2023;;S
María Dolores;Sánchez Díaz;Leg. V;29/06/1993;27/03/1996;N
Ovidio;Sánchez Díaz;Leg. X;13/12/2011;13/01/2016;N
Mariano;Sánchez Escobar;Leg. XIII;21/05/2019;03/12/2019;N
Mariano;Sánchez Escobar;Leg. XIV;03/12/2019;17/08/2023;N
María Pía;Sánchez Fernández;Leg. VIII;02/04/2004;01/04/2008;N
Julio César;Sánchez Fierro;Leg. VIII;02/04/2004;01/04/2008;N
Adolfo;Sánchez García;Leg. Const.;14/07/1977;23/03/1979;N
Celinda;Sánchez García;Leg. VIII;02/04/2004;01/04/2008;N
Celinda;Sánchez García;Leg. IX;01/04/2008;13/12/2011;N
Celinda;Sánchez García;Leg. X;13/12/2011;13/01/2016;N
José María;Sánchez García;Leg. XIV;03/12/2019;17/08/2023;N
José María;Sánchez García;Leg. XV;17/08/2023;;S
María Jesús Celinda;Sánchez García;Leg. VI;27/03/1996;05/04/2000;N
María Jesús Celinda;Sánchez García;Leg. VII;05/04/2000;02/04/2004;N
Joaquín Manuel;Sánchez Garrido;Leg. VII;05/04/2000;02/04/2004;N
Josep;Sánchez i Llibre;Leg. V;29/06/1993;27/03/1996;N
Josep;Sánchez i Llibre;Leg. VI;27/03/1996;05/04/2000;N
Josep;Sánchez i Llibre;Leg. VII;05/04/2000;02/04/2004;N
Josep;Sánchez i Llibre;Leg. VIII;02/04/2004;01/04/2008;N
Josep;Sánchez i Llibre;Leg. IX;01/04/2008;13/12/2011;N
Josep;Sánchez i Llibre;Leg. X;13/12/2011;13/01/2016;N
Raquel;Sánchez Jiménez;Leg. XV;17/08/2023;;S
María Soledad;Sánchez Jódar;Leg. VIII;02/04/2004;01/04/2008;N
Marisol;Sánchez Jódar;Leg. XIII;21/05/2019;03/12/2019;N
Marisol;Sánchez Jódar;Leg. XIV;03/12/2019;17/08/2023;N
María Dolores;Sánchez López;Leg. III;15/07/1986;21/11/1989;N
María Dolores;Sánchez López;Leg. IV;21/11/1989;29/06/1993;N
María Dolores;Sánchez López;Leg. V;29/06/1993;27/03/1996;N
María Dolores;Sánchez López;Leg. VI;27/03/1996;05/04/2000;N
Sol;Sánchez Maroto;Leg. XI;13/01/2016;19/07/2016;N
Sol;Sánchez Maroto;Leg. XII;19/07/2016;21/05/2019;N
Tania;Sánchez Melero;Leg. XI;13/01/2016;19/07/2016;N
Tania;Sánchez Melero;Leg. XII;19/07/2016;21/05/2019;N
José Avelino;Sánchez Menéndez;Leg. VIII;02/04/2004;01/04/2008;N
Simón;Sánchez Montero;Leg. Const.;14/07/1977;23/03/1979;N
Simón;Sánchez Montero;Leg. I;23/03/1979;18/11/1982;N
Carlos Alberto;Sánchez Ojeda;Leg. XV;17/08/2023;;S
César;Sánchez Pérez;Leg. XIII;21/05/2019;03/12/2019;N
César;Sánchez Pérez;Leg. XIV;03/12/2019;17/08/2023;N
César;Sánchez Pérez;Leg. XV;17/08/2023;;S
Pedro;Sánchez Pérez-Castejón;Leg. IX;01/04/2008;13/12/2011;N
Pedro;Sánchez Pérez-Castejón;Leg. X;13/12/2011;13/01/2016;N
Pedro;Sánchez Pérez-Castejón;Leg. XI;13/01/2016;19/07/2016;N
Pedro;Sánchez Pérez-Castejón;Leg. XII;19/07/2016;21/05/2019;N
Pedro;Sánchez Pérez-Castejón;Leg. XIII;21/05/2019;03/12/2019;N
Pedro;Sánchez Pérez-Castejón;Leg. XIV;03/12/2019;17/08/2023;N
Pedro;Sánchez Pérez-Castejón;Leg. XV;17/08/2023;;S
Jordi;Sánchez Picanyol;Leg. XIII;21/05/2019;03/12/2019;N
Aurelio;Sánchez Ramos;Leg. VI;27/03/1996;05/04/2000;N
Aurelio;Sánchez Ramos;Leg. VII;05/04/2000;02/04/2004;N
Aurelio;Sánchez Ramos;Leg. VIII;02/04/2004;01/04/2008;N
Aurelio;Sánchez Ramos;Leg. IX;01/04/2008;13/12/2011;N
Isabel;Sánchez Robles;Leg. X;13/12/2011;13/01/2016;N
María José;Sánchez Rubio;Leg. VIII;02/04/2004;01/04/2008;N
María José;Sánchez Rubio;Leg. IX;01/04/2008;13/12/2011;N
José Luis;Sánchez Saez;Leg. II;18/11/1982;15/07/1986;N
Alfonso;Sánchez Sánchez;Leg. VI;27/03/1996;05/04/2000;N
Alfonso;Sánchez Sánchez;Leg. VII;05/04/2000;02/04/2004;N
Javier;Sánchez Serna;Leg. XI;13/01/2016;19/07/2016;N
Javier;Sánchez Serna;Leg. XII;19/07/2016;21/05/2019;N
Javier;Sánchez Serna;Leg. XIII;21/05/2019;03/12/2019;N
Javier;Sánchez Serna;Leg. XIV;03/12/2019;17/08/2023;N
Javier;Sánchez Serna;Leg. XV;17/08/2023;;S
María del Mar;Sánchez Sierra;Leg. XV;17/08/2023;;S
Salvador;Sánchez Terán Hernández;Leg. Const.;14/07/1977;23/03/1979;N
Salvador;Sánchez Terán Hernández;Leg. I;23/03/1979;18/11/1982;N
Maribel;Sánchez Torregrosa;Leg. XV;17/08/2023;;S
María Luisa;Sánchez Trancoso;Leg. X;13/12/2011;13/01/2016;N
José Luis;Sánchez Usero;Leg. III;15/07/1986;21/11/1989;N
Alicia;Sánchez-Camacho Pérez;Leg. VIII;02/04/2004;01/04/2008;N
Alicia;Sánchez-Camacho Pérez;Leg. XI;13/01/2016;19/07/2016;N
Alicia;Sánchez-Camacho Pérez;Leg. XII;19/07/2016;21/05/2019;N
Ángel;Sanchís Perales;Leg. III;15/07/1986;21/11/1989;N
Ángel;Sanchís Perales;Leg. IV;21/11/1989;29/06/1993;N
Alfredo;Sancho Guardia;Leg. XIV;03/12/2019;17/08/2023;N
Herminio Rufino;Sancho Íñiguez;Leg. XIII;21/05/2019;03/12/2019;N
Herminio Rufino;Sancho Íñiguez;Leg. XIV;03/12/2019;17/08/2023;N
Herminio Rufino;Sancho Íñiguez;Leg. XV;17/08/2023;;S
Jesús;Sancho Rof;Leg. Const.;14/07/1977;23/03/1979;N
Jesús;Sancho Rof;Leg. II;18/11/1982;15/07/1986;N
Jesús;Sancho Rof;Leg. III;15/07/1986;21/11/1989;N
José María;Sanjuán Borda;Leg. I;23/03/1979;18/11/1982;N
Carlos;Sanjuán de la Rocha;Leg. Const.;14/07/1977;23/03/1979;N
Carlos;Sanjuán de la Rocha;Leg. I;23/03/1979;18/11/1982;N
Carlos;Sanjuán de la Rocha;Leg. II;18/11/1982;15/07/1986;N
Carlos;Sanjuán de la Rocha;Leg. III;15/07/1986;21/11/1989;N
Carlos;Sanjuán de la Rocha;Leg. IV;21/11/1989;29/06/1993;N
Carlos;Sanjuán de la Rocha;Leg. V;29/06/1993;27/03/1996;N
Carlos;Sanjuán de la Rocha;Leg. VI;27/03/1996;05/04/2000;N
Carlos;Sanjuán de la Rocha;Leg. VII;05/04/2000;02/04/2004;N
Jesús;Sanjurjo González;Leg. I;23/03/1979;18/11/1982;N
Miguel;Sanmartín Losada;Leg. I;23/03/1979;18/11/1982;N
María de la Concepción de;Santa Ana Fernández;Leg. IX;01/04/2008;13/12/2011;N
María de la Concepción de;Santa Ana Fernández;Leg. X;13/12/2011;13/01/2016;N
María de la Concepción de;Santa Ana Fernández;Leg. XI;13/01/2016;19/07/2016;N
María de la Concepción de;Santa Ana Fernández;Leg. XII;19/07/2016;21/05/2019;N
Juan;Santaella Porras;Leg. VIII;02/04/2004;01/04/2008;N
Josep Antoni;Santamaría i Mateo;Leg. VIII;02/04/2004;01/04/2008;N
Josep Antoni;Santamaría i Mateo;Leg. IX;01/04/2008;13/12/2011;N
Josep Antoni;Santamaría i Mateo;Leg. X;13/12/2011;13/01/2016;N
Luis;Santamaría Ruiz;Leg. XIII;21/05/2019;03/12/2019;N
Luis;Santamaría Ruiz;Leg. XIV;03/12/2019;17/08/2023;N
Ada;Santana Aguilera;Leg. XV;17/08/2023;;S
Gustavo Adolfo;Santana Martel;Leg. VIII;02/04/2004;01/04/2008;N
Noemí;Santana Perera;Leg. XV;17/08/2023;;S
Enrique Fernando;Santiago Romero;Leg. XIII;21/05/2019;03/12/2019;N
Enrique Fernando;Santiago Romero;Leg. XIV;03/12/2019;17/08/2023;N
Enrique Fernando;Santiago Romero;Leg. XV;17/08/2023;;S
Mariano César;Santiso del Valle;Leg. V;29/06/1993;27/03/1996;N
Mariano César;Santiso del Valle;Leg. VI;27/03/1996;05/04/2000;N
Manuel;Santolaya Juesas;Leg. Const.;14/07/1977;23/03/1979;N
Eduardo;Santos Itoiz;Leg. XI;13/01/2016;19/07/2016;N
Eduardo;Santos Itoiz;Leg. XII;19/07/2016;21/05/2019;N
Ramón;Santos Jurado;Leg. II;18/11/1982;15/07/1986;N
Ramón;Santos Jurado;Leg. III;15/07/1986;21/11/1989;N
Ramón;Santos Jurado;Leg. IV;21/11/1989;29/06/1993;N
Ramón;Santos Jurado;Leg. V;29/06/1993;27/03/1996;N
Diego de los;Santos López;Leg. I;23/03/1979;18/11/1982;N
Agustín;Santos Maraver;Leg. XV;17/08/2023;;S
José Antonio;Santos Miñón;Leg. III;15/07/1986;21/11/1989;N
José Antonio;Santos Miñón;Leg. IV;21/11/1989;29/06/1993;N
María Teresa;Santos Sánchez;Leg. III;15/07/1986;21/11/1989;N
Josep;Sanus Tormo;Leg. VI;27/03/1996;05/04/2000;N
Francesc;Sanuy i Gistau;Leg. III;15/07/1986;21/11/1989;N
Concepción;Sanz Carrillo;Leg. IX;01/04/2008;13/12/2011;N
Federico;Sanz Díaz;Leg. II;18/11/1982;15/07/1986;N
Federico;Sanz Díaz;Leg. III;15/07/1986;21/11/1989;N
Federico;Sanz Díaz;Leg. IV;21/11/1989;29/06/1993;N
Federico;Sanz Díaz;Leg. V;29/06/1993;27/03/1996;N
Carlos;Sanz Díez De Ure;Leg. III;15/07/1986;21/11/1989;N
Emiliano;Sanz Escalera;Leg. IV;21/11/1989;29/06/1993;N
Emiliano;Sanz Escalera;Leg. V;29/06/1993;27/03/1996;N
Francisco Javier;Sanz Fernández;Leg. I;23/03/1979;18/11/1982;N
Francisco Javier;Sanz Fernández;Leg. II;18/11/1982;15/07/1986;N
Francisco Javier;Sanz Fernández;Leg. III;15/07/1986;21/11/1989;N
Luisa;Sanz Martínez;Leg. XV;17/08/2023;;S
Salvador;Sanz Palacio;Leg. V;29/06/1993;27/03/1996;N
Salvador;Sanz Palacio;Leg. VI;27/03/1996;05/04/2000;N
Salvador;Sanz Palacio;Leg. VII;05/04/2000;02/04/2004;N
Álvaro;Sanz Remón;Leg. X;13/12/2011;13/01/2016;N
Enrique;Sapena Granell;Leg. Const.;14/07/1977;23/03/1979;N
Enrique;Sapena Granell;Leg. I;23/03/1979;18/11/1982;N
Enrique;Sapena Granell;Leg. II;18/11/1982;15/07/1986;N
José Antonio;Sarazibar Sautua;Leg. III;15/07/1986;21/11/1989;N
Manuel de;Sárraga Gómez;Leg. Const.;14/07/1977;23/03/1979;N
Manuel de;Sárraga Gómez;Leg. I;23/03/1979;18/11/1982;N
Vicent Manuel;Sarrià Morell;Leg. XIII;21/05/2019;03/12/2019;N
Vicent Manuel;Sarrià Morell;Leg. XIV;03/12/2019;17/08/2023;N
Vicent Manuel;Sarrià Morell;Leg. XV;17/08/2023;;S
Nicolás;Sartorius Álvarez de las Asturias Bohorques;Leg. I;23/03/1979;18/11/1982;N
Nicolás;Sartorius Álvarez de las Asturias Bohorques;Leg. III;15/07/1986;21/11/1989;N
Nicolás;Sartorius Álvarez de las Asturias Bohorques;Leg. IV;21/11/1989;29/06/1993;N
Miguel Ángel;Sastre Uyá;Leg. XV;17/08/2023;;S
Joaquín;Satrústegui Fernández;Leg. I;23/03/1979;18/11/1982;N
Pedro;Saura García;Leg. VIII;02/04/2004;01/04/2008;N
Pedro;Saura García;Leg. X;13/12/2011;13/01/2016;N
Pedro;Saura García;Leg. XI;13/01/2016;19/07/2016;N
Pedro;Saura García;Leg. XII;19/07/2016;21/05/2019;N
Pedro;Saura García;Leg. XIII;21/05/2019;03/12/2019;N
Pedro;Saura García;Leg. XIV;03/12/2019;17/08/2023;N
Joan;Saura Laporta;Leg. VI;27/03/1996;05/04/2000;N
Joan;Saura Laporta;Leg. VII;05/04/2000;02/04/2004;N
José Miguel;Saval Pérez;Leg. V;29/06/1993;27/03/1996;N
Sergio;Sayas López;Leg. XIII;21/05/2019;03/12/2019;N
Sergio;Sayas López;Leg. XIV;03/12/2019;17/08/2023;N
Sergio;Sayas López;Leg. XV;17/08/2023;;S
Maria Carme;Sayós i Motilla;Leg. X;13/12/2011;13/01/2016;N
Pedro;Schwartz Girón;Leg. II;18/11/1982;15/07/1986;N
Laura Carmen;Seara Sobrado;Leg. X;13/12/2011;13/01/2016;N
Manuel;Seco Gordillo;Leg. V;29/06/1993;27/03/1996;N
Manuel;Seco Gordillo;Leg. VI;27/03/1996;05/04/2000;N
Manuel;Seco Gordillo;Leg. VII;05/04/2000;02/04/2004;N
Óscar;Seco Revilla;Leg. IX;01/04/2008;13/12/2011;N
Salvador;Sedó i Marsal;Leg. III;15/07/1986;21/11/1989;N
Salvador;Sedó i Marsal;Leg. IV;21/11/1989;29/06/1993;N
Salvador;Sedó i Marsal;Leg. V;29/06/1993;27/03/1996;N
Salvador;Sedó i Marsal;Leg. VI;27/03/1996;05/04/2000;N
Salvador;Sedó i Marsal;Leg. VII;05/04/2000;02/04/2004;N
Francisco;Segovia Solana;Leg. II;18/11/1982;15/07/1986;N
Francisco;Segovia Solana;Leg. III;15/07/1986;21/11/1989;N
José;Segura Clavell;Leg. VI;27/03/1996;05/04/2000;N
José;Segura Clavell;Leg. VII;05/04/2000;02/04/2004;N
José;Segura Clavell;Leg. VIII;02/04/2004;01/04/2008;N
José;Segura Clavell;Leg. IX;01/04/2008;13/12/2011;N
José;Segura Clavell;Leg. X;13/12/2011;13/01/2016;N
Juan Carlos;Segura Just;Leg. XIV;03/12/2019;17/08/2023;N
José;Segura Sanfeliú;Leg. II;18/11/1982;15/07/1986;N
José Antonio;Segurado García;Leg. III;15/07/1986;21/11/1989;N
José Antonio;Segurado García;Leg. IV;21/11/1989;29/06/1993;N
María Enriqueta;Seller Roca de Togores;Leg. VI;27/03/1996;05/04/2000;N
María Enriqueta;Seller Roca de Togores;Leg. VII;05/04/2000;02/04/2004;N
María Enriqueta;Seller Roca de Togores;Leg. VIII;02/04/2004;01/04/2008;N
María Enriqueta;Seller Roca de Togores;Leg. IX;01/04/2008;13/12/2011;N
Rufino;Selva Guerrero;Leg. X;13/12/2011;13/01/2016;N
Borja;Sémper Pascual;Leg. XV;17/08/2023;;S
María Teresa;Sempere Jaén;Leg. IV;21/11/1989;29/06/1993;N
María Teresa;Sempere Jaén;Leg. V;29/06/1993;27/03/1996;N
José Ignacio;Senao Gómez;Leg. IV;21/11/1989;29/06/1993;N
José Ignacio;Senao Gómez;Leg. V;29/06/1993;27/03/1996;N
Daniel;Senderos Oraá;Leg. XIV;03/12/2019;17/08/2023;N
Daniel;Senderos Oraá;Leg. XV;17/08/2023;;S
Josep;Sendra Navarro;Leg. Const.;14/07/1977;23/03/1979;N
Antonio de;Senillosa Cros;Leg. I;23/03/1979;18/11/1982;N
Alfonso de;Senillosa Ramoneda;Leg. X;13/12/2011;13/01/2016;N
Carlos;Sentís Anfruns;Leg. Const.;14/07/1977;23/03/1979;N
Carlos;Sentís Anfruns;Leg. I;23/03/1979;18/11/1982;N
Juana;Serna Masiá;Leg. VII;05/04/2000;02/04/2004;N
Juana;Serna Masiá;Leg. VIII;02/04/2004;01/04/2008;N
Juana;Serna Masiá;Leg. IX;01/04/2008;13/12/2011;N
Narcís;Serra Serra;Leg. III;15/07/1986;21/11/1989;N
Narcís;Serra Serra;Leg. IV;21/11/1989;29/06/1993;N
Narcís;Serra Serra;Leg. V;29/06/1993;27/03/1996;N
Narcís;Serra Serra;Leg. VI;27/03/1996;05/04/2000;N
Narcís;Serra Serra;Leg. VII;05/04/2000;02/04/2004;N
David;Serrada Pariente;Leg. XI;13/01/2016;19/07/2016;N
David;Serrada Pariente;Leg. XII;19/07/2016;21/05/2019;N
David;Serrada Pariente;Leg. XIII;21/05/2019;03/12/2019;N
David;Serrada Pariente;Leg. XIV;03/12/2019;17/08/2023;N
David;Serrada Pariente;Leg. XV;17/08/2023;;S
María Arenales;Serrano Argüello;Leg. X;13/12/2011;13/01/2016;N
Pilar Auxiliadora;Serrano Boigas;Leg. XI;13/01/2016;19/07/2016;N
Bibiano;Serrano Calurano;Leg. X;13/12/2011;13/01/2016;N
Daniel;Serrano Coronado;Leg. X;13/12/2011;13/01/2016;N
Francisco;Serrano Hijano;Leg. III;15/07/1986;21/11/1989;N
Bizente;Serrano Izko;Leg. X;13/12/2011;13/01/2016;N
María Jesús;Serrano Jiménez;Leg. XI;13/01/2016;19/07/2016;N
María Jesús;Serrano Jiménez;Leg. XII;19/07/2016;21/05/2019;N
José Enrique;Serrano Martínez;Leg. X;13/12/2011;13/01/2016;N
José Enrique;Serrano Martínez;Leg. XII;19/07/2016;21/05/2019;N
Juan Francisco;Serrano Martínez;Leg. XIII;21/05/2019;03/12/2019;N
Juan Francisco;Serrano Martínez;Leg. XIV;03/12/2019;17/08/2023;N
Juan Francisco;Serrano Martínez;Leg. XV;17/08/2023;;S
Antonio Jesús;Serrano Vinué;Leg. VI;27/03/1996;05/04/2000;N
Yolanda;Seva Ruiz;Leg. XIII;21/05/2019;03/12/2019;N
Yolanda;Seva Ruiz;Leg. XIV;03/12/2019;17/08/2023;N
Manuel;Sevilla Corella;Leg. Const.;14/07/1977;23/03/1979;N
Jordi;Sevilla Segura;Leg. VII;05/04/2000;02/04/2004;N
Jordi;Sevilla Segura;Leg. VIII;02/04/2004;01/04/2008;N
Jordi;Sevilla Segura;Leg. IX;01/04/2008;13/12/2011;N
Marta;Sibina Camps;Leg. XI;13/01/2016;19/07/2016;N
Marta;Sibina Camps;Leg. XII;19/07/2016;21/05/2019;N
Felipe Jesús;Sicilia Alférez;Leg. X;13/12/2011;13/01/2016;N
Felipe Jesús;Sicilia Alférez;Leg. XI;13/01/2016;19/07/2016;N
Felipe Jesús;Sicilia Alférez;Leg. XII;19/07/2016;21/05/2019;N
Felipe Jesús;Sicilia Alférez;Leg. XIII;21/05/2019;03/12/2019;N
Felipe Jesús;Sicilia Alférez;Leg. XIV;03/12/2019;17/08/2023;N
Narciso;Sicilia Ávalos;Leg. VIII;02/04/2004;01/04/2008;N
Francisco;Sierra Caballero;Leg. XV;17/08/2023;;S
Agustín de la;Sierra Herrera;Leg. III;15/07/1986;21/11/1989;N
Patricia;Sierra Rojas;Leg. XI;13/01/2016;19/07/2016;N
Patricia;Sierra Rojas;Leg. XII;19/07/2016;21/05/2019;N
Pedro;Silva Cienfuegos-Jovellanos;Leg. I;23/03/1979;18/11/1982;N
Pedro;Silva Cienfuegos-Jovellanos;Leg. II;18/11/1982;15/07/1986;N
Manuel José;Silva i Sánchez;Leg. VII;05/04/2000;02/04/2004;N
Federico;Silva Muñoz;Leg. Const.;14/07/1977;23/03/1979;N
María del Carmen;Silva Rego;Leg. VI;27/03/1996;05/04/2000;N
María del Carmen;Silva Rego;Leg. X;13/12/2011;13/01/2016;N
Manuel José;Silva Sánchez;Leg. V;29/06/1993;27/03/1996;N
Manuel José;Silva Sánchez;Leg. VI;27/03/1996;05/04/2000;N
Rafael;Simancas Simancas;Leg. IX;01/04/2008;13/12/2011;N
Rafael;Simancas Simancas;Leg. X;13/12/2011;13/01/2016;N
Rafael;Simancas Simancas;Leg. XI;13/01/2016;19/07/2016;N
Rafael;Simancas Simancas;Leg. XII;19/07/2016;21/05/2019;N
Rafael;Simancas Simancas;Leg. XIII;21/05/2019;03/12/2019;N
Rafael;Simancas Simancas;Leg. XIV;03/12/2019;17/08/2023;N
Rafael;Simancas Simancas;Leg. XV;17/08/2023;;S
Carlos;Simarro Vicens;Leg. XV;17/08/2023;;S
Joan Horaci;Simó i Burgues;Leg. V;29/06/1993;27/03/1996;N
Irma;Simón Calvo;Leg. II;18/11/1982;15/07/1986;N
Irma;Simón Calvo;Leg. III;15/07/1986;21/11/1989;N
Irma;Simón Calvo;Leg. IV;21/11/1989;29/06/1993;N
José Antonio de;Simón Calvo;Leg. Const.;14/07/1977;23/03/1979;N
Julián;Simón de la Torre;Leg. VI;27/03/1996;05/04/2000;N
Julián;Simón de la Torre;Leg. VII;05/04/2000;02/04/2004;N
Julián;Simón de la Torre;Leg. VIII;02/04/2004;01/04/2008;N
Alvaro;Simón Gutiérrez;Leg. II;18/11/1982;15/07/1986;N
José;Simón Marín;Leg. XIII;21/05/2019;03/12/2019;N
Joaquín;Sisó Cruellas;Leg. II;18/11/1982;15/07/1986;N
Joaquín;Sisó Cruellas;Leg. III;15/07/1986;21/11/1989;N
Ricardo;Sixto Iglesias;Leg. X;13/12/2011;13/01/2016;N
Ricardo;Sixto Iglesias;Leg. XII;19/07/2016;21/05/2019;N
Ramón Antonio;Socias Puig;Leg. XI;13/01/2016;19/07/2016;N
Pedro María;Sodupe Corcuera;Leg. Const.;14/07/1977;23/03/1979;N
Pedro María;Solabarría Bilbao;Leg. I;23/03/1979;18/11/1982;N
Pedro María;Solabarría Bilbao;Leg. II;18/11/1982;15/07/1986;N
María José;Solana Barras;Leg. IX;01/04/2008;13/12/2011;N
Javier;Solana Madariaga;Leg. Const.;14/07/1977;23/03/1979;N
Javier;Solana Madariaga;Leg. I;23/03/1979;18/11/1982;N
Javier;Solana Madariaga;Leg. II;18/11/1982;15/07/1986;N
Javier;Solana Madariaga;Leg. III;15/07/1986;21/11/1989;N
Javier;Solana Madariaga;Leg. IV;21/11/1989;29/06/1993;N
Javier;Solana Madariaga;Leg. V;29/06/1993;27/03/1996;N
Luis;Solana Madariaga;Leg. Const.;14/07/1977;23/03/1979;N
Luis;Solana Madariaga;Leg. I;23/03/1979;18/11/1982;N
Luis;Solana Madariaga;Leg. II;18/11/1982;15/07/1986;N
Carmen;Solano Carreras;Leg. I;23/03/1979;18/11/1982;N
Carmen;Solano Carreras;Leg. II;18/11/1982;15/07/1986;N
Pedro;Solbes Mira;Leg. VI;27/03/1996;05/04/2000;N
Pedro;Solbes Mira;Leg. IX;01/04/2008;13/12/2011;N
Carlos;Solchaga Catalán;Leg. I;23/03/1979;18/11/1982;N
Carlos;Solchaga Catalán;Leg. II;18/11/1982;15/07/1986;N
Carlos;Solchaga Catalán;Leg. III;15/07/1986;21/11/1989;N
Carlos;Solchaga Catalán;Leg. IV;21/11/1989;29/06/1993;N
Carlos;Solchaga Catalán;Leg. V;29/06/1993;27/03/1996;N
Alba;Soldevilla Novials;Leg. XV;17/08/2023;;S
José;Solé Barberá;Leg. Const.;14/07/1977;23/03/1979;N
José;Solé Barberá;Leg. I;23/03/1979;18/11/1982;N
Jordi;Solé Tura;Leg. Const.;14/07/1977;23/03/1979;N
Jordi;Solé Tura;Leg. I;23/03/1979;18/11/1982;N
Jordi;Solé Tura;Leg. IV;21/11/1989;29/06/1993;N
Jordi;Solé Tura;Leg. V;29/06/1993;27/03/1996;N
Jordi;Solé Tura;Leg. VI;27/03/1996;05/04/2000;N
Alejandro;Soler Mur;Leg. XIII;21/05/2019;03/12/2019;N
Alejandro;Soler Mur;Leg. XIV;03/12/2019;17/08/2023;N
Alejandro;Soler Mur;Leg. XV;17/08/2023;;S
Ofelia;Soler Nomdedeu;Leg. V;29/06/1993;27/03/1996;N
Albert;Soler Sicilia;Leg. X;13/12/2011;13/01/2016;N
Alfonso;Soler Turmo;Leg. I;23/03/1979;18/11/1982;N
Francisco;Soler Valero;Leg. Const.;14/07/1977;23/03/1979;N
Francisco;Soler Valero;Leg. I;23/03/1979;18/11/1982;N
Francisco;Soler Valero;Leg. II;18/11/1982;15/07/1986;N
Juan;Solera Albero;Leg. VII;05/04/2000;02/04/2004;N
Marc;Solsona Aixalà;Leg. X;13/12/2011;13/01/2016;N
María Carme;Solsona i Piñol;Leg. VI;27/03/1996;05/04/2000;N
Roberto;Soravilla Fernández;Leg. VII;05/04/2000;02/04/2004;N
Roberto;Soravilla Fernández;Leg. VIII;02/04/2004;01/04/2008;N
Roberto;Soravilla Fernández;Leg. IX;01/04/2008;13/12/2011;N
Roberto;Soravilla Fernández;Leg. X;13/12/2011;13/01/2016;N
Bernat;Soria Escoms;Leg. IX;01/04/2008;13/12/2011;N
José Manuel;Soria López;Leg. X;13/12/2011;13/01/2016;N
José Manuel;Soria López;Leg. XI;13/01/2016;19/07/2016;N
Alfonso;Soriano Benítez de Lugo;Leg. Const.;14/07/1977;23/03/1979;N
Alfonso;Soriano Benítez de Lugo;Leg. IV;21/11/1989;29/06/1993;N
Alfonso;Soriano Benítez de Lugo;Leg. V;29/06/1993;27/03/1996;N
Alfonso;Soriano Benítez de Lugo;Leg. VI;27/03/1996;05/04/2000;N
Alfonso;Soriano Benítez de Lugo;Leg. VII;05/04/2000;02/04/2004;N
Salvador;Soriano Pérez;Leg. Const.;14/07/1977;23/03/1979;N
Marta;Sorlí Fresquet;Leg. XI;13/01/2016;19/07/2016;N
Marta;Sorlí Fresquet;Leg. XII;19/07/2016;21/05/2019;N
Vicente Antonio;Sotillo Martí;Leg. Const.;14/07/1977;23/03/1979;N
Vicente Antonio;Sotillo Martí;Leg. I;23/03/1979;18/11/1982;N
Vicente Antonio;Sotillo Martí;Leg. II;18/11/1982;15/07/1986;N
Juan Luis;Soto Burillo;Leg. XIII;21/05/2019;03/12/2019;N
Juan Luis;Soto Burillo;Leg. XIV;03/12/2019;17/08/2023;N
Javier;Soto Cortés;Leg. II;18/11/1982;15/07/1986;N
Pedro;Soto García;Leg. VI;27/03/1996;05/04/2000;N
Fernando;Soto Martín;Leg. Const.;14/07/1977;23/03/1979;N
Fernando;Soto Martín;Leg. I;23/03/1979;18/11/1982;N
Fernando;Soto Martín;Leg. IV;21/11/1989;29/06/1993;N
Fernando;Soto Martín;Leg. V;29/06/1993;27/03/1996;N
José Antonio;Souto Paz;Leg. IV;21/11/1989;29/06/1993;N
Federico;Souvirón García;Leg. V;29/06/1993;27/03/1996;N
Federico;Souvirón García;Leg. VI;27/03/1996;05/04/2000;N
Federico;Souvirón García;Leg. VII;05/04/2000;02/04/2004;N
Federico;Souvirón García;Leg. VIII;02/04/2004;01/04/2008;N
Federico;Souvirón García;Leg. IX;01/04/2008;13/12/2011;N
Ricardo;Squella Martorell;Leg. II;18/11/1982;15/07/1986;N
Juan Luis;Steegmann Olmedillas;Leg. XIV;03/12/2019;17/08/2023;N
Adolfo;Suárez González;Leg. Const.;14/07/1977;23/03/1979;N
Adolfo;Suárez González;Leg. I;23/03/1979;18/11/1982;N
Adolfo;Suárez González;Leg. II;18/11/1982;15/07/1986;N
Adolfo;Suárez González;Leg. III;15/07/1986;21/11/1989;N
Adolfo;Suárez González;Leg. IV;21/11/1989;29/06/1993;N
Celestino;Suárez González;Leg. VII;05/04/2000;02/04/2004;N
Celestino;Suárez González;Leg. VIII;02/04/2004;01/04/2008;N
Celestino;Suárez González;Leg. IX;01/04/2008;13/12/2011;N
Fernando;Suárez González;Leg. II;18/11/1982;15/07/1986;N
José María;Suárez González;Leg. II;18/11/1982;15/07/1986;N
Adolfo;Suárez Illana;Leg. XIII;21/05/2019;03/12/2019;N
Adolfo;Suárez Illana;Leg. XIV;03/12/2019;17/08/2023;N
Eloy;Suárez Lamata;Leg. X;13/12/2011;13/01/2016;N
Eloy;Suárez Lamata;Leg. XI;13/01/2016;19/07/2016;N
Eloy;Suárez Lamata;Leg. XII;19/07/2016;21/05/2019;N
Eloy;Suárez Lamata;Leg. XIII;21/05/2019;03/12/2019;N
Eloy;Suárez Lamata;Leg. XIV;03/12/2019;17/08/2023;N
Gustavo;Suárez Pertierra;Leg. VI;27/03/1996;05/04/2000;N
María Cristina;Suárez-Bárcena Blasco;Leg. X;13/12/2011;13/01/2016;N
Antoni;Such Botella;Leg. X;13/12/2011;13/01/2016;N
María;Such Palomares;Leg. XI;13/01/2016;19/07/2016;N
María;Such Palomares;Leg. XII;19/07/2016;21/05/2019;N
Diego;Such Pérez;Leg. V;29/06/1993;27/03/1996;N
Carlos;Sueiro Pico;Leg. Const.;14/07/1977;23/03/1979;N
Susana;Sumelzo Jordán;Leg. X;13/12/2011;13/01/2016;N
Susana;Sumelzo Jordán;Leg. XI;13/01/2016;19/07/2016;N
Susana;Sumelzo Jordán;Leg. XII;19/07/2016;21/05/2019;N
Susana;Sumelzo Jordán;Leg. XIII;21/05/2019;03/12/2019;N
Susana;Sumelzo Jordán;Leg. XIV;03/12/2019;17/08/2023;N
Susana;Sumelzo Jordán;Leg. XV;17/08/2023;;S
Ana María;Surra Spadea;Leg. XI;13/01/2016;19/07/2016;N
Ana María;Surra Spadea;Leg. XII;19/07/2016;21/05/2019;N
Montserrat;Surroca i Comas;Leg. IX;01/04/2008;13/12/2011;N
Montserrat;Surroca i Comas;Leg. X;13/12/2011;13/01/2016;N
María Jesús;Susinos Tarrero;Leg. IX;01/04/2008;13/12/2011;N
María Jesús;Susinos Tarrero;Leg. X;13/12/2011;13/01/2016;N
Obdulia;Taboadela Álvarez;Leg. XV;17/08/2023;;S
Domingo Miguel;Tabuyo Romero;Leg. VIII;02/04/2004;01/04/2008;N
Domingo Miguel;Tabuyo Romero;Leg. IX;01/04/2008;13/12/2011;N
Diego;Taibo Monelos;Leg. XIV;03/12/2019;17/08/2023;N
Ramón;Tamames Gómez;Leg. Const.;14/07/1977;23/03/1979;N
Ramón;Tamames Gómez;Leg. I;23/03/1979;18/11/1982;N
Ramón;Tamames Gómez;Leg. III;15/07/1986;21/11/1989;N
Arantza;Tapia Otaegi;Leg. X;13/12/2011;13/01/2016;N
Joan;Tardà i Coma;Leg. VIII;02/04/2004;01/04/2008;N
Joan;Tardà i Coma;Leg. IX;01/04/2008;13/12/2011;N
Joan;Tardà i Coma;Leg. X;13/12/2011;13/01/2016;N
Joan;Tardà i Coma;Leg. XI;13/01/2016;19/07/2016;N
Joan;Tardà i Coma;Leg. XII;19/07/2016;21/05/2019;N
Ricardo;Tarno Blanco;Leg. IX;01/04/2008;13/12/2011;N
Ricardo;Tarno Blanco;Leg. X;13/12/2011;13/01/2016;N
Ricardo;Tarno Blanco;Leg. XI;13/01/2016;19/07/2016;N
Ricardo;Tarno Blanco;Leg. XII;19/07/2016;21/05/2019;N
Ricardo;Tarno Blanco;Leg. XIV;03/12/2019;17/08/2023;N
Ricardo;Tarno Blanco;Leg. XV;17/08/2023;;S
Eduardo;Tarragona Corbellá;Leg. II;18/11/1982;15/07/1986;N
Javier José;Tárrega Bernal;Leg. II;18/11/1982;15/07/1986;N
Javier José;Tárrega Bernal;Leg. III;15/07/1986;21/11/1989;N
Javier José;Tárrega Bernal;Leg. IV;21/11/1989;29/06/1993;N
María Concepció;Tarruella Tomàs;Leg. IX;01/04/2008;13/12/2011;N
María Concepció;Tarruella Tomás;Leg. X;13/12/2011;13/01/2016;N
José Manuel;Tassara Llosent;Leg. Const.;14/07/1977;23/03/1979;N
Ángel Manuel;Teijeiro Fraga;Leg. II;18/11/1982;15/07/1986;N
Ángel Manuel;Teijeiro Fraga;Leg. III;15/07/1986;21/11/1989;N
Ángel Manuel;Teijeiro Fraga;Leg. IV;21/11/1989;29/06/1993;N
Jaime;Tejada Lorenzo;Leg. I;23/03/1979;18/11/1982;N
Jaime;Tejada Lorenzo;Leg. II;18/11/1982;15/07/1986;N
Joaquín Ignacio;Tejera Miró;Leg. Const.;14/07/1977;23/03/1979;N
Carolina;Telechea i Lozano;Leg. XII;19/07/2016;21/05/2019;N
Carolina;Telechea i Lozano;Leg. XIII;21/05/2019;03/12/2019;N
Carolina;Telechea i Lozano;Leg. XIV;03/12/2019;17/08/2023;N
Esther Beatriz;Tellado Alfonso;Leg. Const.;14/07/1977;23/03/1979;N
Miguel;Tellado Filgueira;Leg. XV;17/08/2023;;S
Vicente;Ten Oliver;Leg. XI;13/01/2016;19/07/2016;N
Vicente;Ten Oliver;Leg. XII;19/07/2016;21/05/2019;N
Vicente;Ten Oliver;Leg. XIII;21/05/2019;03/12/2019;N
Cristina;Teniente Sánchez;Leg. XV;17/08/2023;;S
Jesús;Terciado Serna;Leg. III;15/07/1986;21/11/1989;N
Dolors;Terradas Viñals;Leg. XI;13/01/2016;19/07/2016;N
Ana Belén;Terrón Berbel;Leg. XI;13/01/2016;19/07/2016;N
Ana Belén;Terrón Berbel;Leg. XII;19/07/2016;21/05/2019;N
Enrique;Tierno Galván;Leg. Const.;14/07/1977;23/03/1979;N
Enrique;Tierno Galván;Leg. I;23/03/1979;18/11/1982;N
Vicente;Tirado Ochoa;Leg. VIII;02/04/2004;01/04/2008;N
Vicente;Tirado Ochoa;Leg. XIII;21/05/2019;03/12/2019;N
Vicente;Tirado Ochoa;Leg. XIV;03/12/2019;17/08/2023;N
Uxía;Tizón Vázquez;Leg. XIV;03/12/2019;17/08/2023;N
Isabel;Tocino Biscarolasaga;Leg. III;15/07/1986;21/11/1989;N
Isabel;Tocino Biscarolasaga;Leg. IV;21/11/1989;29/06/1993;N
Isabel;Tocino Biscarolasaga;Leg. V;29/06/1993;27/03/1996;N
Isabel;Tocino Biscarolasaga;Leg. VI;27/03/1996;05/04/2000;N
Isabel;Tocino Biscarolasaga;Leg. VII;05/04/2000;02/04/2004;N
Mercedes;Toledo Silvestre;Leg. VIII;02/04/2004;01/04/2008;N
Milagros;Tolón Jaime;Leg. XV;17/08/2023;;S
Luis Juan;Tomás García;Leg. VIII;02/04/2004;01/04/2008;N
Luis Juan;Tomás García;Leg. IX;01/04/2008;13/12/2011;N
Violante;Tomás Olivares;Leg. XV;17/08/2023;;S
Baudilio;Tomé Muguruza;Leg. VIII;02/04/2004;01/04/2008;N
Baudilio;Tomé Muguruza;Leg. IX;01/04/2008;13/12/2011;N
Baudilio;Tomé Muguruza;Leg. X;13/12/2011;13/01/2016;N
Baudilio;Tomé Robla;Leg. Const.;14/07/1977;23/03/1979;N
Baudilio;Tomé Robla;Leg. I;23/03/1979;18/11/1982;N
Francisco;Tomey Gómez;Leg. IV;21/11/1989;29/06/1993;N
Ana;Torme Pardo;Leg. VI;27/03/1996;05/04/2000;N
Ana;Torme Pardo;Leg. VII;05/04/2000;02/04/2004;N
Ana;Torme Pardo;Leg. VIII;02/04/2004;01/04/2008;N
Ana;Torme Pardo;Leg. IX;01/04/2008;13/12/2011;N
Marta;Torrado de Castro;Leg. IX;01/04/2008;13/12/2011;N
Marta;Torrado de Castro;Leg. X;13/12/2011;13/01/2016;N
Clemencia;Torrado Rey;Leg. VII;05/04/2000;02/04/2004;N
Clemencia;Torrado Rey;Leg. VIII;02/04/2004;01/04/2008;N
Francisco de la;Torre Prados;Leg. Const.;14/07/1977;23/03/1979;N
Francisco de la;Torre Prados;Leg. I;23/03/1979;18/11/1982;N
Ricardo;Torres Balaguer;Leg. VIII;02/04/2004;01/04/2008;N
Leopoldo;Torres Boursault;Leg. I;23/03/1979;18/11/1982;N
Leopoldo;Torres Boursault;Leg. II;18/11/1982;15/07/1986;N
Leopoldo;Torres Boursault;Leg. III;15/07/1986;21/11/1989;N
Manuel;Torres Fernández;Leg. XII;19/07/2016;21/05/2019;N
Siro;Torres García;Leg. VIII;02/04/2004;01/04/2008;N
Luis de;Torres Gómez;Leg. IV;21/11/1989;29/06/1993;N
Luis de;Torres Gómez;Leg. V;29/06/1993;27/03/1996;N
Luis de;Torres Gómez;Leg. VI;27/03/1996;05/04/2000;N
Luis de;Torres Gómez;Leg. VIII;02/04/2004;01/04/2008;N
Manuel Luis;Torres Herrera;Leg. X;13/12/2011;13/01/2016;N
Manuel Luis;Torres Herrera;Leg. XII;19/07/2016;21/05/2019;N
José;Torres Hurtado;Leg. II;18/11/1982;15/07/1986;N
Manuel;Torres Izquierdo;Leg. I;23/03/1979;18/11/1982;N
José Andrés;Torres Mora;Leg. VIII;02/04/2004;01/04/2008;N
José Andrés;Torres Mora;Leg. IX;01/04/2008;13/12/2011;N
José Andrés;Torres Mora;Leg. X;13/12/2011;13/01/2016;N
José Andrés;Torres Mora;Leg. XI;13/01/2016;19/07/2016;N
José Andrés;Torres Mora;Leg. XII;19/07/2016;21/05/2019;N
María Asunción;Torres Parada;Leg. IX;01/04/2008;13/12/2011;N
Ángel Víctor;Torres Pérez;Leg. IX;01/04/2008;13/12/2011;N
Gerardo;Torres Sahuquillo;Leg. III;15/07/1986;21/11/1989;N
Gerardo;Torres Sahuquillo;Leg. IV;21/11/1989;29/06/1993;N
Gerardo;Torres Sahuquillo;Leg. V;29/06/1993;27/03/1996;N
Gerardo;Torres Sahuquillo;Leg. VI;27/03/1996;05/04/2000;N
Gerardo;Torres Sahuquillo;Leg. VII;05/04/2000;02/04/2004;N
Gerardo;Torres Sahuquillo;Leg. VIII;02/04/2004;01/04/2008;N
Antonio;Torres Salvador;Leg. I;23/03/1979;18/11/1982;N
María;Torres Tejada;Leg. XII;19/07/2016;21/05/2019;N
María;Torres Tejada;Leg. XV;17/08/2023;;S
Javier;Torres Vela;Leg. VIII;02/04/2004;01/04/2008;N
José Manuel;Tortosa Ruiz;Leg. VII;05/04/2000;02/04/2004;N
Vicenta;Tortosa Urrea;Leg. IX;01/04/2008;13/12/2011;N
Carla;Toscano de Balbín;Leg. XIII;21/05/2019;03/12/2019;N
Carla;Toscano de Balbín;Leg. XIV;03/12/2019;17/08/2023;N
Carla;Toscano de Balbín;Leg. XV;17/08/2023;;S
Ignacio;Tremiño Gómez;Leg. XII;19/07/2016;21/05/2019;N
Marta;Trenzano Rubio;Leg. XV;17/08/2023;;S
Antonio Ramón María;Trevín Lombán;Leg. X;13/12/2011;13/01/2016;N
Antonio Ramón María;Trevín Lombán;Leg. XI;13/01/2016;19/07/2016;N
Antonio Ramón María;Trevín Lombán;Leg. XII;19/07/2016;21/05/2019;N
Eugenio;Triana García;Leg. II;18/11/1982;15/07/1986;N
Eugenio;Triana García;Leg. III;15/07/1986;21/11/1989;N
Eugenio;Triana García;Leg. IV;21/11/1989;29/06/1993;N
Josep María;Trías de Bes i Serra;Leg. I;23/03/1979;18/11/1982;N
Josep María;Trías de Bés i Serra;Leg. II;18/11/1982;15/07/1986;N
Josep María;Trías de Bes i Serra;Leg. III;15/07/1986;21/11/1989;N
Josep María;Trías de Bes i Serra;Leg. IV;21/11/1989;29/06/1993;N
Josep María;Trías de Bes i Serra;Leg. VI;27/03/1996;05/04/2000;N
Ramón;Trías Fargas;Leg. Const.;14/07/1977;23/03/1979;N
Ramón;Trías Fargas;Leg. I;23/03/1979;18/11/1982;N
Ramón;Trías Fargas;Leg. II;18/11/1982;15/07/1986;N
Georgina;Trías Gil;Leg. XIV;03/12/2019;17/08/2023;N
Xavier;Trías i Vidal de Llobatera;Leg. VII;05/04/2000;02/04/2004;N
Jorge;Trías Sagnier;Leg. VI;27/03/1996;05/04/2000;N
Juan Francisco;Triay Llopis;Leg. I;23/03/1979;18/11/1982;N
Josep María;Triginer Fernández;Leg. Const.;14/07/1977;23/03/1979;N
Josep María;Triginer Fernández;Leg. I;23/03/1979;18/11/1982;N
Josep María;Triginer Fernández;Leg. II;18/11/1982;15/07/1986;N
Josep María;Triginer Fernández;Leg. III;15/07/1986;21/11/1989;N
José Antonio;Trillo Torres;Leg. Const.;14/07/1977;23/03/1979;N
José Antonio;Trillo Torres;Leg. I;23/03/1979;18/11/1982;N
José Antonio;Trillo y López-Mancisidor;Leg. II;18/11/1982;15/07/1986;N
José Antonio;Trillo y López-Mancisidor;Leg. III;15/07/1986;21/11/1989;N
Federico;Trillo-Figueroa Martínez-Conde;Leg. IV;21/11/1989;29/06/1993;N
Federico;Trillo-Figueroa Martínez-Conde;Leg. V;29/06/1993;27/03/1996;N
Federico;Trillo-Figueroa Martínez-Conde;Leg. VI;27/03/1996;05/04/2000;N
Federico;Trillo-Figueroa Martínez-Conde;Leg. VII;05/04/2000;02/04/2004;N
Federico;Trillo-Figueroa Martínez-Conde;Leg. VIII;02/04/2004;01/04/2008;N
Federico;Trillo-Figueroa Martínez-Conde;Leg. IX;01/04/2008;13/12/2011;N
Federico;Trillo-Figueroa Martínez-Conde;Leg. X;13/12/2011;13/01/2016;N
Mario;Trinidad Sánchez;Leg. III;15/07/1986;21/11/1989;N
Carlos;Trujillo Garzón;Leg. IX;01/04/2008;13/12/2011;N
Blas Gabriel;Trujillo Oramas;Leg. V;29/06/1993;27/03/1996;N
Blas Gabriel;Trujillo Oramas;Leg. VI;27/03/1996;05/04/2000;N
María Antonia;Trujillo Rincón;Leg. IX;01/04/2008;13/12/2011;N
Francesc Xavier;Tubert i Alsina;Leg. V;29/06/1993;27/03/1996;N
Francesc Xavier;Tubert i Alsina;Leg. VI;27/03/1996;05/04/2000;N
Luis;Tudanca Fernández;Leg. IX;01/04/2008;13/12/2011;N
Luis;Tudanca Fernández;Leg. X;13/12/2011;13/01/2016;N
Victoria Begoña;Tundidor Moreno;Leg. XII;19/07/2016;21/05/2019;N
Joan Antoni;Turell i Cabrinety;Leg. V;29/06/1993;27/03/1996;N
Agustín;Turiel Sandín;Leg. VIII;02/04/2004;01/04/2008;N
Manuel;Turrión de Eusebio;Leg. Const.;14/07/1977;23/03/1979;N
Jordi;Turull Negre;Leg. XIII;21/05/2019;03/12/2019;N
Iñaki;Txueka Isasti;Leg. VII;05/04/2000;02/04/2004;N
Iñaki;Txueka Isasti;Leg. VIII;02/04/2004;01/04/2008;N
Isabel;Ugalde Ruiz de Assin;Leg. III;15/07/1986;21/11/1989;N
Julio;Ulloa Vence;Leg. I;23/03/1979;18/11/1982;N
Pilar;Unzalu Pérez de Eulate;Leg. VIII;02/04/2004;01/04/2008;N
Pilar;Unzalu Pérez de Eulate;Leg. IX;01/04/2008;13/12/2011;N
Belén;Unzurrunzaga Campoy;Leg. VII;05/04/2000;02/04/2004;N
Presentación;Urán González;Leg. V;29/06/1993;27/03/1996;N
Presentación;Urán González;Leg. VI;27/03/1996;05/04/2000;N
Presentación;Urán González;Leg. VII;05/04/2000;02/04/2004;N
Iker;Urbina Fernández;Leg. X;13/12/2011;13/01/2016;N
Margarita;Uría Etxebarría;Leg. VI;27/03/1996;05/04/2000;N
Margarita;Uría Etxebarría;Leg. VII;05/04/2000;02/04/2004;N
Margarita;Uría Etxebarría;Leg. VIII;02/04/2004;01/04/2008;N
Ignacio;Uriarte Ayala;Leg. IX;01/04/2008;13/12/2011;N
Ignacio;Uriarte Ayala;Leg. X;13/12/2011;13/01/2016;N
Edurne;Uriarte Bengoechea;Leg. XIII;21/05/2019;03/12/2019;N
Edurne;Uriarte Bengoechea;Leg. XIV;03/12/2019;17/08/2023;N
Edurne;Uriarte Bengoechea;Leg. XV;17/08/2023;;S
Roberto;Uriarte Torrealday;Leg. XIII;21/05/2019;03/12/2019;N
Roberto;Uriarte Torrealday;Leg. XIV;03/12/2019;17/08/2023;N
Antonio;Uribarri Murillo;Leg. II;18/11/1982;15/07/1986;N
Antonio;Uribarri Murillo;Leg. III;15/07/1986;21/11/1989;N
Ignacio;Urquizu Sancho;Leg. XI;13/01/2016;19/07/2016;N
Ignacio;Urquizu Sancho;Leg. XII;19/07/2016;21/05/2019;N
Gabriel;Urralburu Tainta;Leg. Const.;14/07/1977;23/03/1979;N
Gabriel;Urralburu Tainta;Leg. I;23/03/1979;18/11/1982;N
Luis;Uruñuela Fernández;Leg. I;23/03/1979;18/11/1982;N
Francisco;Utrera Mora;Leg. VII;05/04/2000;02/04/2004;N
Francisco;Utrera Mora;Leg. VIII;02/04/2004;01/04/2008;N
Julio;Utrilla Cano;Leg. XIV;03/12/2019;17/08/2023;N
José Félix;Vadillo Arnaez;Leg. VIII;02/04/2004;01/04/2008;N
Luis del;Val Velilla;Leg. Const.;14/07/1977;23/03/1979;N
María Amparo;Valcarce García;Leg. VI;27/03/1996;05/04/2000;N
María Amparo;Valcarce García;Leg. VII;05/04/2000;02/04/2004;N
María Amparo;Valcarce García;Leg. VIII;02/04/2004;01/04/2008;N
María Amparo;Valcarce García;Leg. IX;01/04/2008;13/12/2011;N
Marta;Valdenebro Rodríguez;Leg. IX;01/04/2008;13/12/2011;N
Elena;Valenciano Martínez-Orozco;Leg. X;13/12/2011;13/01/2016;N
María Elena;Valenciano Martínez-Orozco;Leg. IX;01/04/2008;13/12/2011;N
José;Valentín i Antón;Leg. I;23/03/1979;18/11/1982;N
Matilde;Valentín Navarro;Leg. VII;05/04/2000;02/04/2004;N
Magdalena;Valerio Cordero;Leg. X;13/12/2011;13/01/2016;N
Magdalena;Valerio Cordero;Leg. XIII;21/05/2019;03/12/2019;N
Magdalena;Valerio Cordero;Leg. XIV;03/12/2019;17/08/2023;N
Juan Antonio;Valero Morales;Leg. XV;17/08/2023;;S
Cristina;Valido García;Leg. XV;17/08/2023;;S
Carmen;Valido Pérez;Leg. XII;19/07/2016;21/05/2019;N
Antonio del;Valle Menéndez;Leg. Const.;14/07/1977;23/03/1979;N
José Luis del;Valle Pérez;Leg. I;23/03/1979;18/11/1982;N
José del;Valle Torreño;Leg. II;18/11/1982;15/07/1986;N
José del;Valle Torreño;Leg. III;15/07/1986;21/11/1989;N
Eduardo María;Vallejo de Olejua;Leg. III;15/07/1986;21/11/1989;N
Eduardo María;Vallejo de Olejua;Leg. IV;21/11/1989;29/06/1993;N
Rafael;Vallejo Rodríguez;Leg. Const.;14/07/1977;23/03/1979;N
Rafael;Vallejo Rodríguez;Leg. III;15/07/1986;21/11/1989;N
Rafael;Vallejo Rodríguez;Leg. IV;21/11/1989;29/06/1993;N
Rafael;Vallejo Rodríguez;Leg. V;29/06/1993;27/03/1996;N
Francesc;Vallès Vives;Leg. VIII;02/04/2004;01/04/2008;N
Francesc;Vallès Vives;Leg. IX;01/04/2008;13/12/2011;N
Francesc;Vallès Vives;Leg. X;13/12/2011;13/01/2016;N
Juan Luis de la;Vallina Velarde;Leg. Const.;14/07/1977;23/03/1979;N
Juan Luis de la;Vallina Velarde;Leg. I;23/03/1979;18/11/1982;N
Juan Luis de la;Vallina Velarde;Leg. II;18/11/1982;15/07/1986;N
Juan Luis de la;Vallina Velarde;Leg. III;15/07/1986;21/11/1989;N
Juan Luis de la;Vallina Velarde;Leg. IV;21/11/1989;29/06/1993;N
Juan Luis de la;Vallina Velarde;Leg. V;29/06/1993;27/03/1996;N
María;Valls Bertrand;Leg. II;18/11/1982;15/07/1986;N
Francisco Javier;Valls García;Leg. II;18/11/1982;15/07/1986;N
Francisco Javier;Valls García;Leg. III;15/07/1986;21/11/1989;N
Francisco Javier;Valls García;Leg. IV;21/11/1989;29/06/1993;N
Francisco Javier;Valls García;Leg. V;29/06/1993;27/03/1996;N
Jaume;Valls i Ortiz;Leg. I;23/03/1979;18/11/1982;N
Pilar;Vallugera Balañà;Leg. XIV;03/12/2019;17/08/2023;N
Pilar;Vallugera Balañà;Leg. XV;17/08/2023;;S
Silvia;Valmaña Ochaíta;Leg. XI;13/01/2016;19/07/2016;N
Silvia;Valmaña Ochaíta;Leg. XII;19/07/2016;21/05/2019;N
Silvia;Valmaña Ochaíta;Leg. XIII;21/05/2019;03/12/2019;N
Ramón;Vancell Trullas;Leg. II;18/11/1982;15/07/1986;N
Ramón;Vancell Trullas;Leg. III;15/07/1986;21/11/1989;N
Francisco;Vañó Ferre;Leg. VIII;02/04/2004;01/04/2008;N
Francisco;Vañó Ferre;Leg. IX;01/04/2008;13/12/2011;N
Francisco;Vañó Ferre;Leg. X;13/12/2011;13/01/2016;N
Francisco;Vañó Ferre;Leg. XII;19/07/2016;21/05/2019;N
Pedro;Vaquero del Pozo;Leg. VI;27/03/1996;05/04/2000;N
Maribel;Vaquero Montero;Leg. XV;17/08/2023;;S
Manuel Guillermo;Varela Flores;Leg. III;15/07/1986;21/11/1989;N
Manuel Guillermo;Varela Flores;Leg. IV;21/11/1989;29/06/1993;N
Manuel Guillermo;Varela Flores;Leg. V;29/06/1993;27/03/1996;N
Margarita;Varela Lema;Leg. X;13/12/2011;13/01/2016;N
Marta;Varela Pazos;Leg. XV;17/08/2023;;S
Mauro;Varela Pérez;Leg. IV;21/11/1989;29/06/1993;N
Mauro;Varela Pérez;Leg. V;29/06/1993;27/03/1996;N
Mauro;Varela Pérez;Leg. VI;27/03/1996;05/04/2000;N
María Jesús Arrate;Varela Vázquez;Leg. VI;27/03/1996;05/04/2000;N
María Jesús Arrate;Varela Vázquez;Leg. VII;05/04/2000;02/04/2004;N
Ramón Arturo;Vargas-Machuca Ortega;Leg. Const.;14/07/1977;23/03/1979;N
Ramón Arturo;Vargas-Machuca Ortega;Leg. I;23/03/1979;18/11/1982;N
Ramón Arturo;Vargas-Machuca Ortega;Leg. II;18/11/1982;15/07/1986;N
Ramón Arturo;Vargas-Machuca Ortega;Leg. III;15/07/1986;21/11/1989;N
Ramón Arturo;Vargas-Machuca Ortega;Leg. IV;21/11/1989;29/06/1993;N
Jesús;Vázquez Abad;Leg. IX;01/04/2008;13/12/2011;N
Ana Belén;Vázquez Blanco;Leg. VII;05/04/2000;02/04/2004;N
Ana Belén;Vázquez Blanco;Leg. VIII;02/04/2004;01/04/2008;N
Ana Belén;Vázquez Blanco;Leg. IX;01/04/2008;13/12/2011;N
Ana Belén;Vázquez Blanco;Leg. X;13/12/2011;13/01/2016;N
Ana Belén;Vázquez Blanco;Leg. XII;19/07/2016;21/05/2019;N
Ana Belén;Vázquez Blanco;Leg. XIII;21/05/2019;03/12/2019;N
Ana Belén;Vázquez Blanco;Leg. XIV;03/12/2019;17/08/2023;N
Ana Belén;Vázquez Blanco;Leg. XV;17/08/2023;;S
José Antonio;Vázquez Calviño;Leg. III;15/07/1986;21/11/1989;N
José;Vázquez Fouz;Leg. I;23/03/1979;18/11/1982;N
José;Vázquez Fouz;Leg. II;18/11/1982;15/07/1986;N
Jesús Ignacio;Vázquez García;Leg. X;13/12/2011;13/01/2016;N
Antonio;Vázquez Guillén;Leg. Const.;14/07/1977;23/03/1979;N
Antonio;Vázquez Guillén;Leg. I;23/03/1979;18/11/1982;N
Antonio;Vázquez Jiménez;Leg. IX;01/04/2008;13/12/2011;N
Antonio;Vázquez Jiménez;Leg. X;13/12/2011;13/01/2016;N
María del Mar;Vázquez Jiménez;Leg. XV;17/08/2023;;S
María Ángeles;Vázquez Mejuto;Leg. IX;01/04/2008;13/12/2011;N
Elena;Vázquez Menéndez;Leg. I;23/03/1979;18/11/1982;N
Elena;Vázquez Menéndez;Leg. II;18/11/1982;15/07/1986;N
María José;Vázquez Morillo;Leg. IX;01/04/2008;13/12/2011;N
María José;Vázquez Morillo;Leg. X;13/12/2011;13/01/2016;N
María Angeles;Vázquez Pérez;Leg. VI;27/03/1996;05/04/2000;N
Juan María;Vázquez Rojas;Leg. XI;13/01/2016;19/07/2016;N
Juan María;Vázquez Rojas;Leg. XII;19/07/2016;21/05/2019;N
Narcís;Vázquez Romero;Leg. IV;21/11/1989;29/06/1993;N
Narcís;Vázquez Romero;Leg. V;29/06/1993;27/03/1996;N
Francisco José;Vázquez Vázquez;Leg. Const.;14/07/1977;23/03/1979;N
Francisco José;Vázquez Vázquez;Leg. I;23/03/1979;18/11/1982;N
Francisco José;Vázquez Vázquez;Leg. II;18/11/1982;15/07/1986;N
Francisco José;Vázquez Vázquez;Leg. III;15/07/1986;21/11/1989;N
Francisco José;Vázquez Vázquez;Leg. IV;21/11/1989;29/06/1993;N
Francisco José;Vázquez Vázquez;Leg. V;29/06/1993;27/03/1996;N
Francisco José;Vázquez Vázquez;Leg. VI;27/03/1996;05/04/2000;N
Guillerme;Vázquez Vázquez;Leg. VI;27/03/1996;05/04/2000;N
Guillerme;Vázquez Vázquez;Leg. VII;05/04/2000;02/04/2004;N
Pablo;Vázquez Vega;Leg. XV;17/08/2023;;S
María Elisa;Vedrina Conesa;Leg. XV;17/08/2023;;S
Rubén Darío;Vega Arias;Leg. XIV;03/12/2019;17/08/2023;N
Florentina;Vega Ramón;Leg. IV;21/11/1989;29/06/1993;N
Luis;Vega y Escandón;Leg. Const.;14/07/1977;23/03/1979;N
Luis;Vega y Escandón;Leg. I;23/03/1979;18/11/1982;N
Luis;Vega y Escandón;Leg. II;18/11/1982;15/07/1986;N
David;Vegara Figueras;Leg. IX;01/04/2008;13/12/2011;N
Mireia;Vehí Cantenys;Leg. XIV;03/12/2019;17/08/2023;N
Francisco Andrés;Veiga Soto;Leg. VIII;02/04/2004;01/04/2008;N
Martina;Velarde Gómez;Leg. XIII;21/05/2019;03/12/2019;N
Martina;Velarde Gómez;Leg. XIV;03/12/2019;17/08/2023;N
Martina;Velarde Gómez;Leg. XV;17/08/2023;;S
José;Velasco Aparicio;Leg. II;18/11/1982;15/07/1986;N
José;Velasco Aparicio;Leg. III;15/07/1986;21/11/1989;N
Soledad Amada;Velasco Baides;Leg. XII;19/07/2016;21/05/2019;N
Rosario;Velasco García;Leg. VIII;02/04/2004;01/04/2008;N
Elvira;Velasco Morillo;Leg. VIII;02/04/2004;01/04/2008;N
Elvira;Velasco Morillo;Leg. XIII;21/05/2019;03/12/2019;N
Elvira;Velasco Morillo;Leg. XIV;03/12/2019;17/08/2023;N
Elvira;Velasco Morillo;Leg. XV;17/08/2023;;S
Luis;Velasco Rami;Leg. III;15/07/1986;21/11/1989;N
José Manuel;Velasco Retamosa;Leg. XV;17/08/2023;;S
Javier;Velasco Rodríguez;Leg. V;29/06/1993;27/03/1996;N
Rafael;Velasco Sierra;Leg. VII;05/04/2000;02/04/2004;N
Josep;Vendrell Gardeñes;Leg. XI;13/01/2016;19/07/2016;N
Josep;Vendrell Gardeñes;Leg. XII;19/07/2016;21/05/2019;N
Juan Carlos;Vera Pro;Leg. V;29/06/1993;27/03/1996;N
Juan Carlos;Vera Pro;Leg. VI;27/03/1996;05/04/2000;N
Juan Carlos;Vera Pro;Leg. VII;05/04/2000;02/04/2004;N
Juan Carlos;Vera Pro;Leg. VIII;02/04/2004;01/04/2008;N
Juan Carlos;Vera Pro;Leg. IX;01/04/2008;13/12/2011;N
Juan Carlos;Vera Pró;Leg. X;13/12/2011;13/01/2016;N
Juan Carlos;Vera Pró;Leg. XI;13/01/2016;19/07/2016;N
Juan Carlos;Vera Pró;Leg. XII;19/07/2016;21/05/2019;N
Noelia;Vera Ruiz-Herrera;Leg. XI;13/01/2016;19/07/2016;N
Noelia;Vera Ruíz-Herrera;Leg. XII;19/07/2016;21/05/2019;N
Noelia;Vera Ruíz-Herrera;Leg. XIII;21/05/2019;03/12/2019;N
Noelia;Vera Ruíz-Herrera;Leg. XIV;03/12/2019;17/08/2023;N
Bella;Verano Domínguez;Leg. XV;17/08/2023;;S
Concepció;Veray Cama;Leg. X;13/12/2011;13/01/2016;N
Josep;Verde i Aldea;Leg. Const.;14/07/1977;23/03/1979;N
Josep;Verde i Aldea;Leg. I;23/03/1979;18/11/1982;N
Josep;Verde i Aldea;Leg. II;18/11/1982;15/07/1986;N
Ferran;Verdejo Vicente;Leg. XV;17/08/2023;;S
María Rosa;Verdú Alonso;Leg. II;18/11/1982;15/07/1986;N
Laura;Vergara Román;Leg. XV;17/08/2023;;S
Lilith;Verstrynge Revuelta;Leg. XV;17/08/2023;;S
Jorge;Verstrynge Rojas;Leg. II;18/11/1982;15/07/1986;N
Jorge;Verstrynge Rojas;Leg. III;15/07/1986;21/11/1989;N
Jesús María;Viana Santa Cruz;Leg. Const.;14/07/1977;23/03/1979;N
Jesús María;Viana Santa Cruz;Leg. I;23/03/1979;18/11/1982;N
Francesc;Vicens i Giralt;Leg. II;18/11/1982;15/07/1986;N
María Francisca;Vicente García;Leg. IV;21/11/1989;29/06/1993;N
María Francisca;Vicente García;Leg. V;29/06/1993;27/03/1996;N
Ciriaco de;Vicente Martín;Leg. Const.;14/07/1977;23/03/1979;N
Ciriaco de;Vicente Martín;Leg. I;23/03/1979;18/11/1982;N
Ciriaco de;Vicente Martín;Leg. II;18/11/1982;15/07/1986;N
Ciriaco de;Vicente Martín;Leg. III;15/07/1986;21/11/1989;N
Ciriaco de;Vicente Martín;Leg. IV;21/11/1989;29/06/1993;N
Daniel;Vicente Viondi;Leg. XIII;21/05/2019;03/12/2019;N
Daniel;Vicente Viondi;Leg. XIV;03/12/2019;17/08/2023;N
José;Vida Soria;Leg. I;23/03/1979;18/11/1982;N
Daniel;Vidal Escartí;Leg. II;18/11/1982;15/07/1986;N
Daniel;Vidal Escartí;Leg. III;15/07/1986;21/11/1989;N
Pere;Vidal i Sardó;Leg. III;15/07/1986;21/11/1989;N
Pere;Vidal i Sardó;Leg. IV;21/11/1989;29/06/1993;N
Pere;Vidal i Sardó;Leg. V;29/06/1993;27/03/1996;N
Vicenç;Vidal Matas;Leg. XV;17/08/2023;;S
José;Vidal Riembau;Leg. Const.;14/07/1977;23/03/1979;N
José;Vidal Riembau;Leg. I;23/03/1979;18/11/1982;N
Aina;Vidal Sáez;Leg. XI;13/01/2016;19/07/2016;N
Aina;Vidal Sáez;Leg. XII;19/07/2016;21/05/2019;N
Aina;Vidal Sáez;Leg. XIII;21/05/2019;03/12/2019;N
Aina;Vidal Sáez;Leg. XIV;03/12/2019;17/08/2023;N
Aina;Vidal Sáez;Leg. XV;17/08/2023;;S
Raimundo;Viejo Viñas;Leg. XI;13/01/2016;19/07/2016;N
Raimundo;Viejo Viñas;Leg. XII;19/07/2016;21/05/2019;N
José Antonio;Viera Chacón;Leg. X;13/12/2011;13/01/2016;N
Miguel;Vila Gómez;Leg. XI;13/01/2016;19/07/2016;N
Miguel;Vila Gómez;Leg. XII;19/07/2016;21/05/2019;N
Adolfo;Vilafranca Bosch;Leg. IV;21/11/1989;29/06/1993;N
Adolfo;Vilafranca Bosch;Leg. V;29/06/1993;27/03/1996;N
Jordi;Vilajoana Rovira;Leg. VIII;02/04/2004;01/04/2008;N
Nona Inés;Vilariño Salgado;Leg. Const.;14/07/1977;23/03/1979;N
Nona Inés;Vilariño Salgado;Leg. I;23/03/1979;18/11/1982;N
María;Vilas Liñares;Leg. XIII;21/05/2019;03/12/2019;N
María Luisa;Vilches Ruiz;Leg. XIII;21/05/2019;03/12/2019;N
María Luisa;Vilches Ruiz;Leg. XIV;03/12/2019;17/08/2023;N
Higinio;Vílchez Carrasco;Leg. Const.;14/07/1977;23/03/1979;N
Manuel;Vilella Barrachina;Leg. V;29/06/1993;27/03/1996;N
María Mercedes;Villacián Peñalosa;Leg. II;18/11/1982;15/07/1986;N
Francisco;Villagrasa López;Leg. III;15/07/1986;21/11/1989;N
Francisco;Villagrasa López;Leg. IV;21/11/1989;29/06/1993;N
María Teresa;Villagrasa Pérez;Leg. VIII;02/04/2004;01/04/2008;N
María Teresa;Villagrasa Pérez;Leg. IX;01/04/2008;13/12/2011;N
Noemí;Villagrasa Quero;Leg. XIII;21/05/2019;03/12/2019;N
Noemí;Villagrasa Quero;Leg. XIV;03/12/2019;17/08/2023;N
Nicolás;Villalobos de Paiz;Leg. V;29/06/1993;27/03/1996;N
Celia;Villalobos Talero;Leg. III;15/07/1986;21/11/1989;N
Celia;Villalobos Talero;Leg. IV;21/11/1989;29/06/1993;N
Celia;Villalobos Talero;Leg. V;29/06/1993;27/03/1996;N
Celia;Villalobos Talero;Leg. VI;27/03/1996;05/04/2000;N
Celia;Villalobos Talero;Leg. VII;05/04/2000;02/04/2004;N
Celia;Villalobos Talero;Leg. VIII;02/04/2004;01/04/2008;N
Celia;Villalobos Talero;Leg. IX;01/04/2008;13/12/2011;N
Celia;Villalobos Talero;Leg. X;13/12/2011;13/01/2016;N
Celia;Villalobos Talero;Leg. XI;13/01/2016;19/07/2016;N
Celia;Villalobos Talero;Leg. XII;19/07/2016;21/05/2019;N
César;Villalón Rico;Leg. IV;21/11/1989;29/06/1993;N
César;Villalón Rico;Leg. V;29/06/1993;27/03/1996;N
César;Villalón Rico;Leg. VI;27/03/1996;05/04/2000;N
Fernando;Villalonga Campos;Leg. VII;05/04/2000;02/04/2004;N
Joaquín;Villanova Rueda;Leg. X;13/12/2011;13/01/2016;N
Francisco José;Villar García-Moreno;Leg. VIII;02/04/2004;01/04/2008;N
Francisco José;Villar García-Moreno;Leg. IX;01/04/2008;13/12/2011;N
Lucita;Villar Jar;Leg. VI;27/03/1996;05/04/2000;N
Lucita;Villar Jar;Leg. VII;05/04/2000;02/04/2004;N
Julio;Villarrubia Mediavilla;Leg. VI;27/03/1996;05/04/2000;N
Julio;Villarrubia Mediavilla;Leg. VII;05/04/2000;02/04/2004;N
Julio;Villarrubia Mediavilla;Leg. VIII;02/04/2004;01/04/2008;N
Julio;Villarrubia Mediavilla;Leg. IX;01/04/2008;13/12/2011;N
Julio;Villarrubia Mediavilla;Leg. X;13/12/2011;13/01/2016;N
José Manuel;Villegas Pérez;Leg. XI;13/01/2016;19/07/2016;N
José Manuel;Villegas Pérez;Leg. XII;19/07/2016;21/05/2019;N
José Manuel;Villegas Pérez;Leg. XIII;21/05/2019;03/12/2019;N
Ramón de;Villegas Villar;Leg. II;18/11/1982;15/07/1986;N
Eulalia;Vintro Castells;Leg. I;23/03/1979;18/11/1982;N
Antonia;Visiedo Nieto;Leg. III;15/07/1986;21/11/1989;N
Antonia;Visiedo Nieto;Leg. IV;21/11/1989;29/06/1993;N
Miguel Ángel;Viso Diéguez;Leg. XI;13/01/2016;19/07/2016;N
Miguel Ángel;Viso Diéguez;Leg. XII;19/07/2016;21/05/2019;N
Francisco;Vivas Palazón;Leg. Const.;14/07/1977;23/03/1979;N
Marcos;Vizcaya Retana;Leg. Const.;14/07/1977;23/03/1979;N
Marcos;Vizcaya Retana;Leg. I;23/03/1979;18/11/1982;N
Marcos;Vizcaya Retana;Leg. II;18/11/1982;15/07/1986;N
José Ignacio;Wert Ortega;Leg. III;15/07/1986;21/11/1989;N
Joaquím;Xicoy Bassegoda;Leg. II;18/11/1982;15/07/1986;N
Jordi;Xuclà i Costa;Leg. VIII;02/04/2004;01/04/2008;N
Jordi;Xuclà i Costa;Leg. IX;01/04/2008;13/12/2011;N
Jordi;Xuclà i Costa;Leg. X;13/12/2011;13/01/2016;N
Jordi;Xuclà i Costa;Leg. XI;13/01/2016;19/07/2016;N
Jordi;Xuclà i Costa;Leg. XII;19/07/2016;21/05/2019;N
Ana María;Yabar Sterling;Leg. III;15/07/1986;21/11/1989;N
Pablo;Yáñez González;Leg. XI;13/01/2016;19/07/2016;N
Luis;Yáñez-Barnuevo García;Leg. Const.;14/07/1977;23/03/1979;N
Luis;Yáñez-Barnuevo García;Leg. I;23/03/1979;18/11/1982;N
Luis;Yáñez-Barnuevo García;Leg. II;18/11/1982;15/07/1986;N
Luis;Yáñez-Barnuevo García;Leg. III;15/07/1986;21/11/1989;N
Luis;Yáñez-Barnuevo García;Leg. IV;21/11/1989;29/06/1993;N
Luis;Yáñez-Barnuevo García;Leg. V;29/06/1993;27/03/1996;N
Luis;Yáñez-Barnuevo García;Leg. VI;27/03/1996;05/04/2000;N
Luis;Yáñez-Barnuevo García;Leg. VII;05/04/2000;02/04/2004;N
Alfonso;Ybarra Hidalgo;Leg. II;18/11/1982;15/07/1986;N
Perfecto;Yebra Martul-Ortega;Leg. Const.;14/07/1977;23/03/1979;N
Perfecto;Yebra Martul-Ortega;Leg. I;23/03/1979;18/11/1982;N
Juan Pedro;Yllanes Suárez;Leg. XI;13/01/2016;19/07/2016;N
Juan Pedro;Yllanes Suárez;Leg. XII;19/07/2016;21/05/2019;N
Federico;Ysart Alcover;Leg. III;15/07/1986;21/11/1989;N
Chesús;Yuste Cabello;Leg. X;13/12/2011;13/01/2016;N
Francisco Javier;Yuste Grijalba;Leg. I;23/03/1979;18/11/1982;N
Jon;Zabalia Lezamiz;Leg. V;29/06/1993;27/03/1996;N
Jon;Zabalía Lezamiz;Leg. VI;27/03/1996;05/04/2000;N
Agustín;Zamarrón Moreno;Leg. XIII;21/05/2019;03/12/2019;N
Agustín;Zamarrón Moreno;Leg. XIV;03/12/2019;17/08/2023;N
Justo Tomás;Zambrana Pineda;Leg. II;18/11/1982;15/07/1986;N
Justo Tomás;Zambrana Pineda;Leg. III;15/07/1986;21/11/1989;N
Justo Tomás;Zambrana Pineda;Leg. IV;21/11/1989;29/06/1993;N
Justo Tomás;Zambrana Pineda;Leg. V;29/06/1993;27/03/1996;N
Carlos José;Zambrano García-Raez;Leg. XIV;03/12/2019;17/08/2023;N
Francisco;Zambrano Vázquez;Leg. VI;27/03/1996;05/04/2000;N
Francisco;Zambrano Vázquez;Leg. VII;05/04/2000;02/04/2004;N
Bartolomé;Zamora Zamora;Leg. Const.;14/07/1977;23/03/1979;N
Aurelio;Zapata Simón;Leg. XIV;03/12/2019;17/08/2023;N
Virgilio;Zapatero Gómez;Leg. Const.;14/07/1977;23/03/1979;N
Virgilio;Zapatero Gómez;Leg. I;23/03/1979;18/11/1982;N
Virgilio;Zapatero Gómez;Leg. II;18/11/1982;15/07/1986;N
Virgilio;Zapatero Gómez;Leg. III;15/07/1986;21/11/1989;N
Virgilio;Zapatero Gómez;Leg. IV;21/11/1989;29/06/1993;N
Virgilio;Zapatero Gómez;Leg. V;29/06/1993;27/03/1996;N
Eduardo;Zaplana Hernández-Soro;Leg. VIII;02/04/2004;01/04/2008;N
Eduardo;Zaplana Hernández-Soro;Leg. IX;01/04/2008;13/12/2011;N
José;Zaragoza Alonso;Leg. X;13/12/2011;13/01/2016;N
José;Zaragoza Alonso;Leg. XI;13/01/2016;19/07/2016;N
José;Zaragoza Alonso;Leg. XII;19/07/2016;21/05/2019;N
José;Zaragoza Alonso;Leg. XIII;21/05/2019;03/12/2019;N
José;Zaragoza Alonso;Leg. XIV;03/12/2019;17/08/2023;N
José;Zaragoza Alonso;Leg. XV;17/08/2023;;S
Francisco;Zaragoza Gomis;Leg. Const.;14/07/1977;23/03/1979;N
Francisco;Zaragoza Gomis;Leg. I;23/03/1979;18/11/1982;N
María Rosa;Zaragoza Juncá;Leg. VII;05/04/2000;02/04/2004;N
Baltasar de;Zárate Peraza de Ayala;Leg. III;15/07/1986;21/11/1989;N
Baltasar de;Zárate Peraza de Ayala;Leg. IV;21/11/1989;29/06/1993;N
Isaías;Zarazaga Burillo;Leg. II;18/11/1982;15/07/1986;N
Isaías;Zarazaga Burillo;Leg. III;15/07/1986;21/11/1989;N
Gaspar Carlos;Zarrías Arévalo;Leg. X;13/12/2011;13/01/2016;N
Carlos;Zayas Mariategui;Leg. Const.;14/07/1977;23/03/1979;N
Juan Ignacio;Zoido Álvarez;Leg. XI;13/01/2016;19/07/2016;N
Juan Ignacio;Zoido Álvarez;Leg. XII;19/07/2016;21/05/2019;N
Joseba Mirena de;Zubía Atxaerandio;Leg. II;18/11/1982;15/07/1986;N
Joseba Mirena de;Zubía Atxaerandio;Leg. III;15/07/1986;21/11/1989;N
Joseba Mirena de;Zubía Atxaerandio;Leg. IV;21/11/1989;29/06/1993;N
Ana María;Zurita Expósito;Leg. XII;19/07/2016;21/05/2019;N
Ana María;Zurita Expósito;Leg. XIII;21/05/2019;03/12/2019;N
Ana María;Zurita Expósito;Leg. XIV;03/12/2019;17/08/2023;N