nivel,anyo,mes,carpeta,codigo,sigla,nombre,fichero
Congreso,1977,06,02197706_MUNI,000001,ADC,AGRUPACION DE ELECTORES CARLISTAS,03027706.DAT
Congreso,1977,06,02197706_MUNI,000038,FN,ASOCIACION POLITICA FUERZA NUEVA,03027706.DAT
Congreso,1977,06,02197706_MUNI,000056,LLIGA,LLIGA DE CATALUNYA PARTIT LIBERAL CATALA,03027706.DAT
Congreso,1977,06,02197706_MUNI,000066,PDPC,COALICION ELECT.PACTE DEMOCRATIC PER CATALUNYA,03027706.DAT
Congreso,1977,06,02197706_MUNI,000073,PSC-PSOE,PARTIT DELS SOCIALISTES DE CATALUNYA,03027706.DAT
Congreso,1977,06,02197706_MUNI,000082,PSUC-PCE,PARTIT SOCIALIST UNIFICAT DE CATALUNYA,03027706.DAT
Congreso,1977,06,02197706_MUNI,000088,UDC-IDCC,UNIO DEL CENTRE I LA DEM. CRISTIANA DE CATALUNYA,03027706.DAT
Congreso,1977,06,02197706_TOTA,000001,ADC,AGRUPACION DE ELECTORES CARLISTAS,03027706.DAT
Congreso,1977,06,02197706_TOTA,000038,FN,ASOCIACION POLITICA FUERZA NUEVA,03027706.DAT
Congreso,1977,06,02197706_TOTA,000056,LLIGA,LLIGA DE CATALUNYA PARTIT LIBERAL CATALA,03027706.DAT
Congreso,1977,06,02197706_TOTA,000066,PDPC,COALICION ELECT.PACTE DEMOCRATIC PER CATALUNYA,03027706.DAT
Congreso,1977,06,02197706_TOTA,000073,PSC-PSOE,PARTIT DELS SOCIALISTES DE CATALUNYA,03027706.DAT
Congreso,1977,06,02197706_TOTA,000082,PSUC-PCE,PARTIT SOCIALIST UNIFICAT DE CATALUNYA,03027706.DAT
Congreso,1977,06,02197706_TOTA,000088,UDC-IDCC,UNIO DEL CENTRE I LA DEM. CRISTIANA DE CATALUNYA,03027706.DAT
Congreso,1979,03,02197903_MUNI,000006,CC-UCD,CENTRISTES DE CATALUNYA,03027903.DAT
Congreso,1979,03,02197903_MUNI,000015,ERFN,ESQUERRA REPUBLICANA DE CATALUNYA - FRONT NACIONAL,03027903.DAT
Congreso,1979,03,02197903_MUNI,000036,PCARL,PARTIDO CARLISTA,03027903.DAT
Congreso,1979,03,02197903_MUNI,000053,PSC-PSOE,PARTIT DELS SOCIALISTES DE CATALUNYA,03027903.DAT
Congreso,1979,03,02197903_MUNI,000058,PSUC-PCE,PARTIT SOCIALIST UNIFICAT DE CATALUNYA,03027903.DAT
Congreso,1979,03,02197903_MUNI,000059,PTC-PTE,PARTIT DEL TREBALL DE CATALUNYA,03027903.DAT
Congreso,1979,03,02197903_TOTA,000006,CC-UCD,CENTRISTES DE CATALUNYA,03027903.DAT
Congreso,1979,03,02197903_TOTA,000015,ERFN,ESQUERRA REPUBLICANA DE CATALUNYA - FRONT NACIONAL,03027903.DAT
Congreso,1979,03,02197903_TOTA,000036,PCARL,PARTIDO CARLISTA,03027903.DAT
Congreso,1979,03,02197903_TOTA,000053,PSC-PSOE,PARTIT DELS SOCIALISTES DE CATALUNYA,03027903.DAT
Congreso,1979,03,02197903_TOTA,000058,PSUC-PCE,PARTIT SOCIALIST UNIFICAT DE CATALUNYA,03027903.DAT
Congreso,1979,03,02197903_TOTA,000059,PTC-PTE,PARTIT DEL TREBALL DE CATALUNYA,03027903.DAT
Congreso,1982,10,02198210_MESA,000012,CC,CONSERVADORS DE CATALUNYA,03028210.DAT
Congreso,1982,10,02198210_MESA,000014,CC-UCD,CENTRISTES DE CATALUNYA,03028210.DAT
Congreso,1982,10,02198210_MESA,000016,CE-FCC,COALICION ELECTORAL FRONT COMUNISTA DE CATALUNYA,03028210.DAT
Congreso,1982,10,02198210_MESA,000026,ERC,ESQUERRA REPUBLICANA DE CATALUNYA,03028210.DAT
Congreso,1982,10,02198210_MESA,000033,FN,ASOCIACION POLITICA FUERZA NUEVA,03028210.DAT
Congreso,1982,10,02198210_MESA,000051,PC,PARTIDO CARLISTA,03028210.DAT
Congreso,1982,10,02198210_MESA,000054,PCC,PARTIT DELS COMUNISTES DE CATALUNYA,03028210.DAT
Congreso,1982,10,02198210_MESA,000060,PCOC,PARTIT COMUNISTA OBRER DE CATALUNYA,03028210.DAT
Congreso,1982,10,02198210_MESA,000073,PSC-PSOE,PARTIT DELS SOCIALISTES DE CATALUNYA,03028210.DAT
Congreso,1982,10,02198210_MESA,000079,PSUC,PARTIT SOCIALISTA UNIFICAT DE CATALUNYA,03028210.DAT
Congreso,1982,10,02198210_MUNI,000012,CC,CONSERVADORS DE CATALUNYA,03028210.DAT
Congreso,1982,10,02198210_MUNI,000014,CC-UCD,CENTRISTES DE CATALUNYA,03028210.DAT
Congreso,1982,10,02198210_MUNI,000016,CE-FCC,COALICION ELECTORAL FRONT COMUNISTA DE CATALUNYA,03028210.DAT
Congreso,1982,10,02198210_MUNI,000026,ERC,ESQUERRA REPUBLICANA DE CATALUNYA,03028210.DAT
Congreso,1982,10,02198210_MUNI,000033,FN,ASOCIACION POLITICA FUERZA NUEVA,03028210.DAT
Congreso,1982,10,02198210_MUNI,000051,PC,PARTIDO CARLISTA,03028210.DAT
Congreso,1982,10,02198210_MUNI,000054,PCC,PARTIT DELS COMUNISTES DE CATALUNYA,03028210.DAT
Congreso,1982,10,02198210_MUNI,000060,PCOC,PARTIT COMUNISTA OBRER DE CATALUNYA,03028210.DAT
Congreso,1982,10,02198210_MUNI,000073,PSC-PSOE,PARTIT DELS SOCIALISTES DE CATALUNYA,03028210.DAT
Congreso,1982,10,02198210_MUNI,000079,PSUC,PARTIT SOCIALISTA UNIFICAT DE CATALUNYA,03028210.DAT
Congreso,1982,10,02198210_TOTA,000012,CC,CONSERVADORS DE CATALUNYA,03028210.DAT
Congreso,1982,10,02198210_TOTA,000014,CC-UCD,CENTRISTES DE CATALUNYA,03028210.DAT
Congreso,1982,10,02198210_TOTA,000016,CE-FCC,COALICION ELECTORAL FRONT COMUNISTA DE CATALUNYA,03028210.DAT
Congreso,1982,10,02198210_TOTA,000026,ERC,ESQUERRA REPUBLICANA DE CATALUNYA,03028210.DAT
Congreso,1982,10,02198210_TOTA,000033,FN,ASOCIACION POLITICA FUERZA NUEVA,03028210.DAT
Congreso,1982,10,02198210_TOTA,000051,PC,PARTIDO CARLISTA,03028210.DAT
Congreso,1982,10,02198210_TOTA,000054,PCC,PARTIT DELS COMUNISTES DE CATALUNYA,03028210.DAT
Congreso,1982,10,02198210_TOTA,000060,PCOC,PARTIT COMUNISTA OBRER DE CATALUNYA,03028210.DAT
Congreso,1982,10,02198210_TOTA,000073,PSC-PSOE,PARTIT DELS SOCIALISTES DE CATALUNYA,03028210.DAT
Congreso,1982,10,02198210_TOTA,000079,PSUC,PARTIT SOCIALISTA UNIFICAT DE CATALUNYA,03028210.DAT
Congreso,1986,06,02198606_MESA,000025,ERC,ESQUERRA REPUBLICANA DE CATALUNYA,03028606.DAT
Congreso,1986,06,02198606_MESA,000040,PCC,PARTIT DELS COMUNISTES DE CATALUNYA,03028606.DAT
Congreso,1986,06,02198606_MESA,000045,PG-EU,PLATAFORMA GALEGUISTA E DE ESQUERDA UNIDA,03028606.DAT
Congreso,1986,06,02198606_MESA,000054,PSC-PSOE,PARTIT DELS SOCIALISTES DE CATALUNYA,03028606.DAT
Congreso,1986,06,02198606_MESA,000055,PSDC,PARTIT SOCIALDEMOCRATA DE CATALUNYA,03028606.DAT
Congreso,1986,06,02198606_MUNI,000025,ERC,ESQUERRA REPUBLICANA DE CATALUNYA,03028606.DAT
Congreso,1986,06,02198606_MUNI,000040,PCC,PARTIT DELS COMUNISTES DE CATALUNYA,03028606.DAT
Congreso,1986,06,02198606_MUNI,000045,PG-EU,PLATAFORMA GALEGUISTA E DE ESQUERDA UNIDA,03028606.DAT
Congreso,1986,06,02198606_MUNI,000054,PSC-PSOE,PARTIT DELS SOCIALISTES DE CATALUNYA,03028606.DAT
Congreso,1986,06,02198606_MUNI,000055,PSDC,PARTIT SOCIALDEMOCRATA DE CATALUNYA,03028606.DAT
Congreso,1986,06,02198606_TOTA,000025,ERC,ESQUERRA REPUBLICANA DE CATALUNYA,03028606.DAT
Congreso,1986,06,02198606_TOTA,000040,PCC,PARTIT DELS COMUNISTES DE CATALUNYA,03028606.DAT
Congreso,1986,06,02198606_TOTA,000045,PG-EU,PLATAFORMA GALEGUISTA E DE ESQUERDA UNIDA,03028606.DAT
Congreso,1986,06,02198606_TOTA,000054,PSC-PSOE,PARTIT DELS SOCIALISTES DE CATALUNYA,03028606.DAT
Congreso,1986,06,02198606_TOTA,000055,PSDC,PARTIT SOCIALDEMOCRATA DE CATALUNYA,03028606.DAT
Congreso,1989,10,02198910_TOTA,000052,PHC,PARTIT HUMANISTA DE CATALUNYA,03028910.DAT
Congreso,1989,10,02198910_TOTA,000053,PSC-PSOE,PARTIT DELS SOCIALISTES DE CATALUNYA,03028910.DAT
Congreso,1989,10,02198910_TOTA,000057,PCC,PARTIT DELS COMUNISTES DE CATALUNYA,03028910.DAT
Congreso,1989,10,02198910_TOTA,000058,AV-MEC,ALTERNATIVA VERDA-MOVIMENT ECOLOG. DE CATALUNYA,03028910.DAT
Congreso,1989,10,02198910_TOTA,000059,IC,INICIATIVA PER CATALUNYA,03028910.DAT
Congreso,1989,10,02198910_TOTA,000061,PEC-VERDE,PARTIT ECOLOGISTA DE CATALUNYA-VERDE,03028910.DAT
Congreso,1989,10,02198910_TOTA,000062,ERC,ESQUERRA REPUBLICANA DE CATALUNYA,03028910.DAT
Congreso,1993,06,02199306_TOTA,000053,PSC-PSOE,PARTIT DELS SOCIALISTES DE CATALUNYA,03029306.DAT
Congreso,1993,06,02199306_TOTA,000059,IC,INICIATIVA PER CATALUNYA,03029306.DAT
Congreso,1993,06,02199306_TOTA,000061,PEC-VERDE,PARTIT ECOLOGISTA DE CATALUNYA,03029306.DAT
Congreso,1993,06,02199306_TOTA,000062,ERC,ESQUERRA REPUBLICANA DE CATALUNYA,03029306.DAT
Congreso,1993,06,02199306_TOTA,000123,EV-CEC,ELS VERDS-CONFEDERACIO ECOLOGISTA DE CATALUNYA,03029306.DAT
Congreso,1993,06,02199306_TOTA,000153,PEC-VERDE,PARTIT ECOLOGISTA DE CATALUNYA-VERDE,03029306.DAT
Congreso,1996,03,02199603_MESA,000025,ERC,ESQUERRA REPUBLICANA DE CATALUNYA,03029603.DAT
Congreso,1996,03,02199603_MESA,000030,EVE-AEC,ELS VERDS EUROPEUS-ALTER. ECOLOGISTA DE CATALUNYA,03029603.DAT
Congreso,1996,03,02199603_MESA,000037,IC-EV,INICIATIVA PER CATALUNYA-ELS VERDS,03029603.DAT
Congreso,1996,03,02199603_MESA,000080,PEC,PARTIT ECOLOGISTA DE CATALUNYA,03029603.DAT
Congreso,1996,03,02199603_MESA,000082,PICC,PLATAFORMA INDEPENDENT CIUTADANA DE CATALUNYA,03029603.DAT
Congreso,1996,03,02199603_MESA,000083,PICC,PLATAFORMA INDEPENDIENTE CIUDADANA DE CATALUÑA,03029603.DAT
Congreso,1996,03,02199603_MESA,000104,PSC-PSOE,PARTIT DELS SOCIALISTES DE CATALUNYA,03029603.DAT
Congreso,1996,03,02199603_MUNI,000025,ERC,ESQUERRA REPUBLICANA DE CATALUNYA,03029603.DAT
Congreso,1996,03,02199603_MUNI,000030,EVE-AEC,ELS VERDS EUROPEUS-ALTER. ECOLOGISTA DE CATALUNYA,03029603.DAT
Congreso,1996,03,02199603_MUNI,000037,IC-EV,INICIATIVA PER CATALUNYA-ELS VERDS,03029603.DAT
Congreso,1996,03,02199603_MUNI,000080,PEC,PARTIT ECOLOGISTA DE CATALUNYA,03029603.DAT
Congreso,1996,03,02199603_MUNI,000082,PICC,PLATAFORMA INDEPENDENT CIUTADANA DE CATALUNYA,03029603.DAT
Congreso,1996,03,02199603_MUNI,000083,PICC,PLATAFORMA INDEPENDIENTE CIUDADANA DE CATALUÑA,03029603.DAT
Congreso,1996,03,02199603_MUNI,000104,PSC-PSOE,PARTIT DELS SOCIALISTES DE CATALUNYA,03029603.DAT
Congreso,1996,03,02199603_TOTA,000025,ERC,ESQUERRA REPUBLICANA DE CATALUNYA,03029603.DAT
Congreso,1996,03,02199603_TOTA,000030,EVE-AEC,ELS VERDS EUROPEUS-ALTER. ECOLOGISTA DE CATALUNYA,03029603.DAT
Congreso,1996,03,02199603_TOTA,000037,IC-EV,INICIATIVA PER CATALUNYA-ELS VERDS,03029603.DAT
Congreso,1996,03,02199603_TOTA,000080,PEC,PARTIT ECOLOGISTA DE CATALUNYA,03029603.DAT
Congreso,1996,03,02199603_TOTA,000082,PICC,PLATAFORMA INDEPENDENT CIUTADANA DE CATALUNYA,03029603.DAT
Congreso,1996,03,02199603_TOTA,000083,PICC,PLATAFORMA INDEPENDIENTE CIUDADANA DE CATALUÑA,03029603.DAT
Congreso,1996,03,02199603_TOTA,000104,PSC-PSOE,PARTIT DELS SOCIALISTES DE CATALUNYA,03029603.DAT
Congreso,2000,03,02200003_MESA,000033,EKA,PARTIDO CARLISTA,03020003.DAT
Congreso,2000,03,02200003_MESA,000036,ERC,ESQUERRA REPUBLICANA DE CATALUNYA,03020003.DAT
Congreso,2000,03,02200003_MESA,000037,ES2000,PLATAFORMA ESPAÑA 2000,03020003.DAT
Congreso,2000,03,02200003_MESA,000051,FN,FUERZA NUEVA,03020003.DAT
Congreso,2000,03,02200003_MESA,000058,IC-V,INICIATIVA PER CATALUNYA-VERDS,03020003.DAT
Congreso,2000,03,02200003_MESA,000089,PE2000,PLATAFORMA ESPAÑA 2000,03020003.DAT
Congreso,2000,03,02200003_MESA,000127,PSC-PSOE,PARTIT DELS SOCIALISTES DE CATALUNYA,03020003.DAT
Congreso,2000,03,02200003_MESA,000134,PLA-ESP2000,PLATAFORMA ESPAÑA 2000,03020003.DAT
Congreso,2000,03,02200003_MESA,000164,EKA-PC,PARTIDO CARLISTA,03020003.DAT
Congreso,2000,03,02200003_MESA,000165,PLAT. ES.,PLATAFORMA ESPAÑA 2000,03020003.DAT
Congreso,2000,03,02200003_MESA,000167,PC,PARTIDO CARLISTA,03020003.DAT
Congreso,2000,03,02200003_MUNI,000033,EKA,PARTIDO CARLISTA,03020003.DAT
Congreso,2000,03,02200003_MUNI,000036,ERC,ESQUERRA REPUBLICANA DE CATALUNYA,03020003.DAT
Congreso,2000,03,02200003_MUNI,000037,ES2000,PLATAFORMA ESPAÑA 2000,03020003.DAT
Congreso,2000,03,02200003_MUNI,000051,FN,FUERZA NUEVA,03020003.DAT
Congreso,2000,03,02200003_MUNI,000058,IC-V,INICIATIVA PER CATALUNYA-VERDS,03020003.DAT
Congreso,2000,03,02200003_MUNI,000089,PE2000,PLATAFORMA ESPAÑA 2000,03020003.DAT
Congreso,2000,03,02200003_MUNI,000127,PSC-PSOE,PARTIT DELS SOCIALISTES DE CATALUNYA,03020003.DAT
Congreso,2000,03,02200003_MUNI,000134,PLA-ESP2000,PLATAFORMA ESPAÑA 2000,03020003.DAT
Congreso,2000,03,02200003_MUNI,000164,EKA-PC,PARTIDO CARLISTA,03020003.DAT
Congreso,2000,03,02200003_MUNI,000165,PLAT. ES.,PLATAFORMA ESPAÑA 2000,03020003.DAT
Congreso,2000,03,02200003_MUNI,000167,PC,PARTIDO CARLISTA,03020003.DAT
Congreso,2000,03,02200003_TOTA,000033,EKA,PARTIDO CARLISTA,03020003.DAT
Congreso,2000,03,02200003_TOTA,000036,ERC,ESQUERRA REPUBLICANA DE CATALUNYA,03020003.DAT
Congreso,2000,03,02200003_TOTA,000037,ES2000,PLATAFORMA ESPAÑA 2000,03020003.DAT
Congreso,2000,03,02200003_TOTA,000051,FN,FUERZA NUEVA,03020003.DAT
Congreso,2000,03,02200003_TOTA,000058,IC-V,INICIATIVA PER CATALUNYA-VERDS,03020003.DAT
Congreso,2000,03,02200003_TOTA,000089,PE2000,PLATAFORMA ESPAÑA 2000,03020003.DAT
Congreso,2000,03,02200003_TOTA,000127,PSC-PSOE,PARTIT DELS SOCIALISTES DE CATALUNYA,03020003.DAT
Congreso,2000,03,02200003_TOTA,000134,PLA-ESP2000,PLATAFORMA ESPAÑA 2000,03020003.DAT
Congreso,2000,03,02200003_TOTA,000164,EKA-PC,PARTIDO CARLISTA,03020003.DAT
Congreso,2000,03,02200003_TOTA,000165,PLAT. ES.,PLATAFORMA ESPAÑA 2000,03020003.DAT
Congreso,2000,03,02200003_TOTA,000167,PC,PARTIDO CARLISTA,03020003.DAT
Congreso,2004,03,02200403_MESA,000038,EKA,EKA-PARTIDO CARLISTA,03020403.DAT
Congreso,2004,03,02200403_MESA,000041,ERC,ESQUERRA REPUBLICANA DE CATALUNYA,03020403.DAT
Congreso,2004,03,02200403_MESA,000062,ICV-EUiA,INIC. PER CATALUNYA VERDS-ESQUERRA UNIDA I ALTERN.,03020403.DAT
Congreso,2004,03,02200403_MESA,000107,PC,PARTIDO CARLISTA,03020403.DAT
Congreso,2004,03,02200403_MESA,000110,PCPC,PARTIT COMUNISTA DEL POBLE DE CATALUNYA,03020403.DAT
Congreso,2004,03,02200403_MESA,000113,PCdeC,PARTIT CARLI DE CATALUNYA,03020403.DAT
Congreso,2004,03,02200403_MESA,000119,PHC,PARTIT HUMANISTA DE CATALUNYA,03020403.DAT
Congreso,2004,03,02200403_MESA,000123,PCA,PARTIDO CARLISTA,03020403.DAT
Congreso,2004,03,02200403_MESA,000140,PSC-PSOE,PARTIT DELS SOCIALISTES DE CATALUNYA,03020403.DAT
Congreso,2004,03,02200403_MUNI,000038,EKA,EKA-PARTIDO CARLISTA,03020403.DAT
Congreso,2004,03,02200403_MUNI,000041,ERC,ESQUERRA REPUBLICANA DE CATALUNYA,03020403.DAT
Congreso,2004,03,02200403_MUNI,000062,ICV-EUiA,INIC. PER CATALUNYA VERDS-ESQUERRA UNIDA I ALTERN.,03020403.DAT
Congreso,2004,03,02200403_MUNI,000107,PC,PARTIDO CARLISTA,03020403.DAT
Congreso,2004,03,02200403_MUNI,000110,PCPC,PARTIT COMUNISTA DEL POBLE DE CATALUNYA,03020403.DAT
Congreso,2004,03,02200403_MUNI,000113,PCdeC,PARTIT CARLI DE CATALUNYA,03020403.DAT
Congreso,2004,03,02200403_MUNI,000119,PHC,PARTIT HUMANISTA DE CATALUNYA,03020403.DAT
Congreso,2004,03,02200403_MUNI,000123,PCA,PARTIDO CARLISTA,03020403.DAT
Congreso,2004,03,02200403_MUNI,000140,PSC-PSOE,PARTIT DELS SOCIALISTES DE CATALUNYA,03020403.DAT
Congreso,2004,03,02200403_TOTA,000038,EKA,EKA-PARTIDO CARLISTA,03020403.DAT
Congreso,2004,03,02200403_TOTA,000041,ERC,ESQUERRA REPUBLICANA DE CATALUNYA,03020403.DAT
Congreso,2004,03,02200403_TOTA,000062,ICV-EUiA,INIC. PER CATALUNYA VERDS-ESQUERRA UNIDA I ALTERN.,03020403.DAT
Congreso,2004,03,02200403_TOTA,000107,PC,PARTIDO CARLISTA,03020403.DAT
Congreso,2004,03,02200403_TOTA,000110,PCPC,PARTIT COMUNISTA DEL POBLE DE CATALUNYA,03020403.DAT
Congreso,2004,03,02200403_TOTA,000113,PCdeC,PARTIT CARLI DE CATALUNYA,03020403.DAT
Congreso,2004,03,02200403_TOTA,000119,PHC,PARTIT HUMANISTA DE CATALUNYA,03020403.DAT
Congreso,2004,03,02200403_TOTA,000123,PCA,PARTIDO CARLISTA,03020403.DAT
Congreso,2004,03,02200403_TOTA,000140,PSC-PSOE,PARTIT DELS SOCIALISTES DE CATALUNYA,03020403.DAT
Congreso,2008,03,02200803_MESA,000056,C.T.C.,COMUNION TRADICIONALISTA CARLISTA,03020803.DAT
Congreso,2008,03,02200803_MESA,000057,CTC,COMUNION TRADICIONALISTA CARLISTA,03020803.DAT
Congreso,2008,03,02200803_MESA,000076,ESQUERRA,ESQUERRA REPUBLICANA DE CATALUNYA,03020803.DAT
Congreso,2008,03,02200803_MESA,000110,ICV-EUiA,INICIATIVA PER CATALUNYA VERDS - ESQUERRA UNIDA I ALTERNATIVA,03020803.DAT
Congreso,2008,03,02200803_MESA,000111,ICV-EUiA,INICIATIVA PER CATALUNYA VERDS-ESQUERRA UNIDA I ALTERNATIVA,03020803.DAT
Congreso,2008,03,02200803_MESA,000166,P.C.,PARTIDO CARLISTA,03020803.DAT
Congreso,2008,03,02200803_MESA,000167,PARTIDO CARLISTA,PARTIDO CARLISTA,03020803.DAT
Congreso,2008,03,02200803_MESA,000168,PC,PARTIDO CARLISTA,03020803.DAT
Congreso,2008,03,02200803_MESA,000169,EKA-PC.,PARTIDO CARLISTA DE EUSKALERRIA-PARTIDO CARLISTA,03020803.DAT
Congreso,2008,03,02200803_MESA,000170,PARTIDO CARLISTA-EKA,PARTIDO CARLISTA DE EUSKALHERRIA-EUSKALHERRIKO KARLISTA ALDERDIA,03020803.DAT
Congreso,2008,03,02200803_MESA,000185,PCPC,PARTIDO COMUNISTA DEL PUEBLO DE CATALUNYA,03020803.DAT
Congreso,2008,03,02200803_MESA,000234,P. C. de C.,PARTIT CARLI DE CATALUNYA,03020803.DAT
Congreso,2008,03,02200803_MESA,000235,PCaC,PARTIT CARLI DE CATALUNYA,03020803.DAT
Congreso,2008,03,02200803_MESA,000236,P.C.P.C.,PARTIT COMUNISTA DEL POBLE DE CATALUNYA,03020803.DAT
Congreso,2008,03,02200803_MESA,000238,PSC (PSC-PSOE),PARTIT DELS SOCIALISTES DE CATALUNYA,03020803.DAT
Congreso,2008,03,02200803_MESA,000239,PSC-PSOE,PARTIT DELS SOCIALISTES DE CATALUNYA,03020803.DAT
Congreso,2008,03,02200803_MESA,000243,PH,PARTIT HUMANISTA DE CATALUNYA,03020803.DAT
Congreso,2008,03,02200803_MESA,000247,PxCat,PARTIT PER CATALUNYA,03020803.DAT
Congreso,2008,03,02200803_MESA,000278,esquerra,ESQUERRA REPUBLICANA DE CATALUNYA,03020803.DAT
Congreso,2008,03,02200803_MUNI,000056,C.T.C.,COMUNION TRADICIONALISTA CARLISTA,03020803.DAT
Congreso,2008,03,02200803_MUNI,000057,CTC,COMUNION TRADICIONALISTA CARLISTA,03020803.DAT
Congreso,2008,03,02200803_MUNI,000076,ESQUERRA,ESQUERRA REPUBLICANA DE CATALUNYA,03020803.DAT
Congreso,2008,03,02200803_MUNI,000110,ICV-EUiA,INICIATIVA PER CATALUNYA VERDS - ESQUERRA UNIDA I ALTERNATIVA,03020803.DAT
Congreso,2008,03,02200803_MUNI,000111,ICV-EUiA,INICIATIVA PER CATALUNYA VERDS-ESQUERRA UNIDA I ALTERNATIVA,03020803.DAT
Congreso,2008,03,02200803_MUNI,000166,P.C.,PARTIDO CARLISTA,03020803.DAT
Congreso,2008,03,02200803_MUNI,000167,PARTIDO CARLISTA,PARTIDO CARLISTA,03020803.DAT
Congreso,2008,03,02200803_MUNI,000168,PC,PARTIDO CARLISTA,03020803.DAT
Congreso,2008,03,02200803_MUNI,000169,EKA-PC.,PARTIDO CARLISTA DE EUSKALERRIA-PARTIDO CARLISTA,03020803.DAT
Congreso,2008,03,02200803_MUNI,000170,PARTIDO CARLISTA-EKA,PARTIDO CARLISTA DE EUSKALHERRIA-EUSKALHERRIKO KARLISTA ALDERDIA,03020803.DAT
Congreso,2008,03,02200803_MUNI,000185,PCPC,PARTIDO COMUNISTA DEL PUEBLO DE CATALUNYA,03020803.DAT
Congreso,2008,03,02200803_MUNI,000234,P. C. de C.,PARTIT CARLI DE CATALUNYA,03020803.DAT
Congreso,2008,03,02200803_MUNI,000235,PCaC,PARTIT CARLI DE CATALUNYA,03020803.DAT
Congreso,2008,03,02200803_MUNI,000236,P.C.P.C.,PARTIT COMUNISTA DEL POBLE DE CATALUNYA,03020803.DAT
Congreso,2008,03,02200803_MUNI,000238,PSC (PSC-PSOE),PARTIT DELS SOCIALISTES DE CATALUNYA,03020803.DAT
Congreso,2008,03,02200803_MUNI,000239,PSC-PSOE,PARTIT DELS SOCIALISTES DE CATALUNYA,03020803.DAT
Congreso,2008,03,02200803_MUNI,000243,PH,PARTIT HUMANISTA DE CATALUNYA,03020803.DAT
Congreso,2008,03,02200803_MUNI,000247,PxCat,PARTIT PER CATALUNYA,03020803.DAT
Congreso,2008,03,02200803_MUNI,000278,esquerra,ESQUERRA REPUBLICANA DE CATALUNYA,03020803.DAT
Congreso,2008,03,02200803_TOTA,000056,C.T.C.,COMUNION TRADICIONALISTA CARLISTA,03020803.DAT
Congreso,2008,03,02200803_TOTA,000057,CTC,COMUNION TRADICIONALISTA CARLISTA,03020803.DAT
Congreso,2008,03,02200803_TOTA,000076,ESQUERRA,ESQUERRA REPUBLICANA DE CATALUNYA,03020803.DAT
Congreso,2008,03,02200803_TOTA,000110,ICV-EUiA,INICIATIVA PER CATALUNYA VERDS - ESQUERRA UNIDA I ALTERNATIVA,03020803.DAT
Congreso,2008,03,02200803_TOTA,000111,ICV-EUiA,INICIATIVA PER CATALUNYA VERDS-ESQUERRA UNIDA I ALTERNATIVA,03020803.DAT
Congreso,2008,03,02200803_TOTA,000166,P.C.,PARTIDO CARLISTA,03020803.DAT
Congreso,2008,03,02200803_TOTA,000167,PARTIDO CARLISTA,PARTIDO CARLISTA,03020803.DAT
Congreso,2008,03,02200803_TOTA,000168,PC,PARTIDO CARLISTA,03020803.DAT
Congreso,2008,03,02200803_TOTA,000169,EKA-PC.,PARTIDO CARLISTA DE EUSKALERRIA-PARTIDO CARLISTA,03020803.DAT
Congreso,2008,03,02200803_TOTA,000170,PARTIDO CARLISTA-EKA,PARTIDO CARLISTA DE EUSKALHERRIA-EUSKALHERRIKO KARLISTA ALDERDIA,03020803.DAT
Congreso,2008,03,02200803_TOTA,000185,PCPC,PARTIDO COMUNISTA DEL PUEBLO DE CATALUNYA,03020803.DAT
Congreso,2008,03,02200803_TOTA,000234,P. C. de C.,PARTIT CARLI DE CATALUNYA,03020803.DAT
Congreso,2008,03,02200803_TOTA,000235,PCaC,PARTIT CARLI DE CATALUNYA,03020803.DAT
Congreso,2008,03,02200803_TOTA,000236,P.C.P.C.,PARTIT COMUNISTA DEL POBLE DE CATALUNYA,03020803.DAT
Congreso,2008,03,02200803_TOTA,000238,PSC (PSC-PSOE),PARTIT DELS SOCIALISTES DE CATALUNYA,03020803.DAT
Congreso,2008,03,02200803_TOTA,000239,PSC-PSOE,PARTIT DELS SOCIALISTES DE CATALUNYA,03020803.DAT
Congreso,2008,03,02200803_TOTA,000243,PH,PARTIT HUMANISTA DE CATALUNYA,03020803.DAT
Congreso,2008,03,02200803_TOTA,000247,PxCat,PARTIT PER CATALUNYA,03020803.DAT
Congreso,2008,03,02200803_TOTA,000278,esquerra,ESQUERRA REPUBLICANA DE CATALUNYA,03020803.DAT
Congreso,2011,11,02201111_MESA,000047,ERC-RI.cat,ESQUERRA REPUBLICANA DE CATALUNYA-CATALUNYA SÍ,03021111.DAT
Congreso,2011,11,02201111_MESA,000048,ERC - RI.cat / ESQUERRA,ESQUERRA REPUBLICANA DE CATALUNYA-CATALUNYA SÍ,03021111.DAT
Congreso,2011,11,02201111_MESA,000066,ICV-EUiA,INICIATIVA PER CATALUNYA VERDS-ESQUERRA UNIDA i ALTERNATIVA: L'ESQUERRA PLURAL,03021111.DAT
Congreso,2011,11,02201111_MESA,000068,ICV-EUiA,INICIATIVA PER CATALUNYA VERDS-ESQUERRA UNIDA I ALTERNATIVA: L'ESQUERRA PLURAL,03021111.DAT
Congreso,2011,11,02201111_MESA,000139,PCPC,PARTIT COMUNISTA DEL POBLE DE CATALUNYA,03021111.DAT
Congreso,2011,11,02201111_MESA,000141,PSC-PSOE,PARTIT DELS SOCIALISTES DE CATALUNYA,03021111.DAT
Congreso,2011,11,02201111_MESA,000148,PIRATA.CAT,PIRATES DE CATALUNYA,03021111.DAT
Congreso,2011,11,02201111_MESA,000149,PxC,PLATAFORMA PER CATALUNYA,03021111.DAT
Congreso,2011,11,02201111_MUNI,000047,ERC-RI.cat,ESQUERRA REPUBLICANA DE CATALUNYA-CATALUNYA SÍ,03021111.DAT
Congreso,2011,11,02201111_MUNI,000048,ERC - RI.cat / ESQUERRA,ESQUERRA REPUBLICANA DE CATALUNYA-CATALUNYA SÍ,03021111.DAT
Congreso,2011,11,02201111_MUNI,000066,ICV-EUiA,INICIATIVA PER CATALUNYA VERDS-ESQUERRA UNIDA i ALTERNATIVA: L'ESQUERRA PLURAL,03021111.DAT
Congreso,2011,11,02201111_MUNI,000068,ICV-EUiA,INICIATIVA PER CATALUNYA VERDS-ESQUERRA UNIDA I ALTERNATIVA: L'ESQUERRA PLURAL,03021111.DAT
Congreso,2011,11,02201111_MUNI,000139,PCPC,PARTIT COMUNISTA DEL POBLE DE CATALUNYA,03021111.DAT
Congreso,2011,11,02201111_MUNI,000141,PSC-PSOE,PARTIT DELS SOCIALISTES DE CATALUNYA,03021111.DAT
Congreso,2011,11,02201111_MUNI,000148,PIRATA.CAT,PIRATES DE CATALUNYA,03021111.DAT
Congreso,2011,11,02201111_MUNI,000149,PxC,PLATAFORMA PER CATALUNYA,03021111.DAT
Congreso,2011,11,02201111_TOTA,000047,ERC-RI.cat,ESQUERRA REPUBLICANA DE CATALUNYA-CATALUNYA SÍ,03021111.DAT
Congreso,2011,11,02201111_TOTA,000048,ERC - RI.cat / ESQUERRA,ESQUERRA REPUBLICANA DE CATALUNYA-CATALUNYA SÍ,03021111.DAT
Congreso,2011,11,02201111_TOTA,000066,ICV-EUiA,INICIATIVA PER CATALUNYA VERDS-ESQUERRA UNIDA i ALTERNATIVA: L'ESQUERRA PLURAL,03021111.DAT
Congreso,2011,11,02201111_TOTA,000068,ICV-EUiA,INICIATIVA PER CATALUNYA VERDS-ESQUERRA UNIDA I ALTERNATIVA: L'ESQUERRA PLURAL,03021111.DAT
Congreso,2011,11,02201111_TOTA,000139,PCPC,PARTIT COMUNISTA DEL POBLE DE CATALUNYA,03021111.DAT
Congreso,2011,11,02201111_TOTA,000141,PSC-PSOE,PARTIT DELS SOCIALISTES DE CATALUNYA,03021111.DAT
Congreso,2011,11,02201111_TOTA,000148,PIRATA.CAT,PIRATES DE CATALUNYA,03021111.DAT
Congreso,2011,11,02201111_TOTA,000149,PxC,PLATAFORMA PER CATALUNYA,03021111.DAT
Congreso,2015,12,02201512_MESA,000425,unio.cat,UNIÓ DEMOCRÀTICA DE CATALUNYA,03021512.DAT
Congreso,2015,12,02201512_MESA,000438,PSC-PSOE,PARTIT DELS SOCIALISTES DE CATALUNYA,03021512.DAT
Congreso,2015,12,02201512_MESA,000560,unio.cat,UNIÓ DEMOCRÀTICA DE CATALUNYA,03021512.DAT
Congreso,2015,12,02201512_MESA,000562,ERC-CATSI,ESQUERRA REPUBLICANA DE CATALUNYA-CATALUNYA SÍ,03021512.DAT
Congreso,2015,12,02201512_MESA,000837,ERC-CATSÍ,ESQUERRA REPUBLICANA DE CATALUNYA-CATALUNYA SÍ,03021512.DAT
Congreso,2015,12,02201512_MESA,000928,PCPC,PARTIT COMUNISTA DEL POBLE DE CATALUNYA,03021512.DAT
Congreso,2015,12,02201512_MESA,001008,PCPC,PARTIT COMUNISTA DEL POBLE DE CATALUNYA,03021512.DAT
Congreso,2015,12,02201512_MESA,000139,unio.cat,UNIÓ DEMOCRÀTICA DE CATALUNYA,03021512.DAT
Congreso,2015,12,02201512_MESA,000141,PSC-PSOE,PARTIT DELS SOCIALISTES DE CATALUNYA,03021512.DAT
Congreso,2015,12,02201512_MESA,000173,ERC-CATSÍ,ESQUERRA REPUBLICANA DE CATALUNYA-CATALUNYA SÍ,03021512.DAT
Congreso,2015,12,02201512_MESA,000320,PSC-PSOE,PARTIT DELS SOCIALISTES DE CATALUNYA,03021512.DAT
Congreso,2015,12,02201512_MESA,000345,Unio.Cat,UNIÓ DEMOCRÀTICA DE CATALUNYA,03021512.DAT
Congreso,2015,12,02201512_MESA,000362,PSC,PARTIT DELS SOCIALISTES DE CATALUNYA (PSC-PSOE),03021512.DAT
Congreso,2015,12,02201512_MESA,001016,PCPC,PARTIT COMUNISTA DEL POBLE DE CATALUNYA,03021512.DAT
Congreso,2015,12,02201512_MESA,001136,PCPC,PARTIT COMUNISTA DEL POBLE DE CATALUNYA,03021512.DAT
Congreso,2015,12,02201512_MESA,001384,ERC-CATSI,ESQUERRA REPUBLICANA DE CATALUNYA-CATALUNYA SÍ,03021512.DAT
Congreso,2015,12,02201512_MESA,903520,PCPC,PARTIT COMUNISTA DEL POBLE DE CATALUNYA,03021512.DAT
Congreso,2015,12,02201512_MESA,903534,PSC,PARTIT DELS SOCIALISTES DE CATALUNYA (PSC-PSOE),03021512.DAT
Congreso,2015,12,02201512_MESA,904223,unio.cat,UNIÓ DEMOCRÀTICA DE CATALUNYA,03021512.DAT
Congreso,2015,12,02201512_MESA,905063,ERC-CATSI,ESQUERRA REPUBLICANA DE CATALUNYA-CATALUNYA SÍ,03021512.DAT
Congreso,2015,12,02201512_MUNI,000425,unio.cat,UNIÓ DEMOCRÀTICA DE CATALUNYA,03021512.DAT
Congreso,2015,12,02201512_MUNI,000438,PSC-PSOE,PARTIT DELS SOCIALISTES DE CATALUNYA,03021512.DAT
Congreso,2015,12,02201512_MUNI,000560,unio.cat,UNIÓ DEMOCRÀTICA DE CATALUNYA,03021512.DAT
Congreso,2015,12,02201512_MUNI,000562,ERC-CATSI,ESQUERRA REPUBLICANA DE CATALUNYA-CATALUNYA SÍ,03021512.DAT
Congreso,2015,12,02201512_MUNI,000837,ERC-CATSÍ,ESQUERRA REPUBLICANA DE CATALUNYA-CATALUNYA SÍ,03021512.DAT
Congreso,2015,12,02201512_MUNI,000928,PCPC,PARTIT COMUNISTA DEL POBLE DE CATALUNYA,03021512.DAT
Congreso,2015,12,02201512_MUNI,001008,PCPC,PARTIT COMUNISTA DEL POBLE DE CATALUNYA,03021512.DAT
Congreso,2015,12,02201512_MUNI,000139,unio.cat,UNIÓ DEMOCRÀTICA DE CATALUNYA,03021512.DAT
Congreso,2015,12,02201512_MUNI,000141,PSC-PSOE,PARTIT DELS SOCIALISTES DE CATALUNYA,03021512.DAT
Congreso,2015,12,02201512_MUNI,000173,ERC-CATSÍ,ESQUERRA REPUBLICANA DE CATALUNYA-CATALUNYA SÍ,03021512.DAT
Congreso,2015,12,02201512_MUNI,000320,PSC-PSOE,PARTIT DELS SOCIALISTES DE CATALUNYA,03021512.DAT
Congreso,2015,12,02201512_MUNI,000345,Unio.Cat,UNIÓ DEMOCRÀTICA DE CATALUNYA,03021512.DAT
Congreso,2015,12,02201512_MUNI,000362,PSC,PARTIT DELS SOCIALISTES DE CATALUNYA (PSC-PSOE),03021512.DAT
Congreso,2015,12,02201512_MUNI,001016,PCPC,PARTIT COMUNISTA DEL POBLE DE CATALUNYA,03021512.DAT
Congreso,2015,12,02201512_MUNI,001136,PCPC,PARTIT COMUNISTA DEL POBLE DE CATALUNYA,03021512.DAT
Congreso,2015,12,02201512_MUNI,001384,ERC-CATSI,ESQUERRA REPUBLICANA DE CATALUNYA-CATALUNYA SÍ,03021512.DAT
Congreso,2015,12,02201512_MUNI,903520,PCPC,PARTIT COMUNISTA DEL POBLE DE CATALUNYA,03021512.DAT
Congreso,2015,12,02201512_MUNI,903534,PSC,PARTIT DELS SOCIALISTES DE CATALUNYA (PSC-PSOE),03021512.DAT
Congreso,2015,12,02201512_MUNI,904223,unio.cat,UNIÓ DEMOCRÀTICA DE CATALUNYA,03021512.DAT
Congreso,2015,12,02201512_MUNI,905063,ERC-CATSI,ESQUERRA REPUBLICANA DE CATALUNYA-CATALUNYA SÍ,03021512.DAT
Congreso,2015,12,02201512_TOTA,000425,unio.cat,UNIÓ DEMOCRÀTICA DE CATALUNYA,03021512.DAT
Congreso,2015,12,02201512_TOTA,000438,PSC-PSOE,PARTIT DELS SOCIALISTES DE CATALUNYA,03021512.DAT
Congreso,2015,12,02201512_TOTA,000560,unio.cat,UNIÓ DEMOCRÀTICA DE CATALUNYA,03021512.DAT
Congreso,2015,12,02201512_TOTA,000562,ERC-CATSI,ESQUERRA REPUBLICANA DE CATALUNYA-CATALUNYA SÍ,03021512.DAT
Congreso,2015,12,02201512_TOTA,000837,ERC-CATSÍ,ESQUERRA REPUBLICANA DE CATALUNYA-CATALUNYA SÍ,03021512.DAT
Congreso,2015,12,02201512_TOTA,000928,PCPC,PARTIT COMUNISTA DEL POBLE DE CATALUNYA,03021512.DAT
Congreso,2015,12,02201512_TOTA,001008,PCPC,PARTIT COMUNISTA DEL POBLE DE CATALUNYA,03021512.DAT
Congreso,2015,12,02201512_TOTA,000139,unio.cat,UNIÓ DEMOCRÀTICA DE CATALUNYA,03021512.DAT
Congreso,2015,12,02201512_TOTA,000141,PSC-PSOE,PARTIT DELS SOCIALISTES DE CATALUNYA,03021512.DAT
Congreso,2015,12,02201512_TOTA,000173,ERC-CATSÍ,ESQUERRA REPUBLICANA DE CATALUNYA-CATALUNYA SÍ,03021512.DAT
Congreso,2015,12,02201512_TOTA,000320,PSC-PSOE,PARTIT DELS SOCIALISTES DE CATALUNYA,03021512.DAT
Congreso,2015,12,02201512_TOTA,000345,Unio.Cat,UNIÓ DEMOCRÀTICA DE CATALUNYA,03021512.DAT
Congreso,2015,12,02201512_TOTA,000362,PSC,PARTIT DELS SOCIALISTES DE CATALUNYA (PSC-PSOE),03021512.DAT
Congreso,2015,12,02201512_TOTA,001016,PCPC,PARTIT COMUNISTA DEL POBLE DE CATALUNYA,03021512.DAT
Congreso,2015,12,02201512_TOTA,001136,PCPC,PARTIT COMUNISTA DEL POBLE DE CATALUNYA,03021512.DAT
Congreso,2015,12,02201512_TOTA,001384,ERC-CATSI,ESQUERRA REPUBLICANA DE CATALUNYA-CATALUNYA SÍ,03021512.DAT
Congreso,2015,12,02201512_TOTA,903520,PCPC,PARTIT COMUNISTA DEL POBLE DE CATALUNYA,03021512.DAT
Congreso,2015,12,02201512_TOTA,903534,PSC,PARTIT DELS SOCIALISTES DE CATALUNYA (PSC-PSOE),03021512.DAT
Congreso,2015,12,02201512_TOTA,904223,unio.cat,UNIÓ DEMOCRÀTICA DE CATALUNYA,03021512.DAT
Congreso,2015,12,02201512_TOTA,905063,ERC-CATSI,ESQUERRA REPUBLICANA DE CATALUNYA-CATALUNYA SÍ,03021512.DAT
Congreso,2016,06,02201606_MESA,000010,CDC,CONVERGÈNCIA DEMOCRÀTICA DE CATALUNYA,03021606.DAT
Congreso,2016,06,02201606_MESA,000025,ERC-CATSÍ,ESQUERRA REPUBLICANA/CATALUNYA SÍ,03021606.DAT
Congreso,2016,06,02201606_MESA,000046,PCPC,PARTIT COMUNISTA DEL POBLE DE CATALUNYA,03021606.DAT
Congreso,2016,06,02201606_MESA,000074,PSC-PSOE,PARTIT DELS SOCIALISTES DE CATALUNYA,03021606.DAT
Congreso,2016,06,02201606_MESA,000080,PxC,PLATAFORMA PER CATALUNYA,03021606.DAT
Congreso,2016,06,02201606_MUNI,000010,CDC,CONVERGÈNCIA DEMOCRÀTICA DE CATALUNYA,03021606.DAT
Congreso,2016,06,02201606_MUNI,000025,ERC-CATSÍ,ESQUERRA REPUBLICANA/CATALUNYA SÍ,03021606.DAT
Congreso,2016,06,02201606_MUNI,000046,PCPC,PARTIT COMUNISTA DEL POBLE DE CATALUNYA,03021606.DAT
Congreso,2016,06,02201606_MUNI,000074,PSC-PSOE,PARTIT DELS SOCIALISTES DE CATALUNYA,03021606.DAT
Congreso,2016,06,02201606_MUNI,000080,PxC,PLATAFORMA PER CATALUNYA,03021606.DAT
Congreso,2016,06,02201606_TOTA,000010,CDC,CONVERGÈNCIA DEMOCRÀTICA DE CATALUNYA,03021606.DAT
Congreso,2016,06,02201606_TOTA,000025,ERC-CATSÍ,ESQUERRA REPUBLICANA/CATALUNYA SÍ,03021606.DAT
Congreso,2016,06,02201606_TOTA,000046,PCPC,PARTIT COMUNISTA DEL POBLE DE CATALUNYA,03021606.DAT
Congreso,2016,06,02201606_TOTA,000074,PSC-PSOE,PARTIT DELS SOCIALISTES DE CATALUNYA,03021606.DAT
Congreso,2016,06,02201606_TOTA,000080,PxC,PLATAFORMA PER CATALUNYA,03021606.DAT
Congreso,2019,04,02201904_MESA,000037,ERC-SOBIRAN,ESQUERRA REPUBLICANA DE CATALUNYA-SOBIRANISTES,03021904.DAT
Congreso,2019,04,02201904_MESA,000049,JxCAT-JUNTS,JUNTS PER CATALUNYA-JUNTS,03021904.DAT
Congreso,2019,04,02201904_MESA,000061,PCPC,PARTIT COMUNISTA DEL POBLE DE CATALUNYA,03021904.DAT
Congreso,2019,04,02201904_MESA,000065,PCTC,PARTIT COMUNISTA DELS TREBALLADORS DE CATALUNYA,03021904.DAT
Congreso,2019,04,02201904_MESA,000088,PPSO,PLATAFORMA DEL PUEBLO SORIANO,03021904.DAT
Congreso,2019,04,02201904_MESA,000092,PSC,PARTIT DELS SOCIALISTES DE CATALUNYA (PSC-PSOE),03021904.DAT
Congreso,2019,04,02201904_MUNI,000037,ERC-SOBIRAN,ESQUERRA REPUBLICANA DE CATALUNYA-SOBIRANISTES,03021904.DAT
Congreso,2019,04,02201904_MUNI,000049,JxCAT-JUNTS,JUNTS PER CATALUNYA-JUNTS,03021904.DAT
Congreso,2019,04,02201904_MUNI,000061,PCPC,PARTIT COMUNISTA DEL POBLE DE CATALUNYA,03021904.DAT
Congreso,2019,04,02201904_MUNI,000065,PCTC,PARTIT COMUNISTA DELS TREBALLADORS DE CATALUNYA,03021904.DAT
Congreso,2019,04,02201904_MUNI,000088,PPSO,PLATAFORMA DEL PUEBLO SORIANO,03021904.DAT
Congreso,2019,04,02201904_MUNI,000092,PSC,PARTIT DELS SOCIALISTES DE CATALUNYA (PSC-PSOE),03021904.DAT
Congreso,2019,04,02201904_TOTA,000037,ERC-SOBIRAN,ESQUERRA REPUBLICANA DE CATALUNYA-SOBIRANISTES,03021904.DAT
Congreso,2019,04,02201904_TOTA,000049,JxCAT-JUNTS,JUNTS PER CATALUNYA-JUNTS,03021904.DAT
Congreso,2019,04,02201904_TOTA,000061,PCPC,PARTIT COMUNISTA DEL POBLE DE CATALUNYA,03021904.DAT
Congreso,2019,04,02201904_TOTA,000065,PCTC,PARTIT COMUNISTA DELS TREBALLADORS DE CATALUNYA,03021904.DAT
Congreso,2019,04,02201904_TOTA,000088,PPSO,PLATAFORMA DEL PUEBLO SORIANO,03021904.DAT
Congreso,2019,04,02201904_TOTA,000092,PSC,PARTIT DELS SOCIALISTES DE CATALUNYA (PSC-PSOE),03021904.DAT
Congreso,2019,11,02201911_MESA,000031,ERC-SOBIRANISTES,ESQUERRA REPUBLICANA DE CATALUNYA-SOBIRANISTES,03021911.DAT
Congreso,2019,11,02201911_MESA,000041,JxCAT-JUNTS,JUNTS PER CATALUNYA-JUNTS,03021911.DAT
Congreso,2019,11,02201911_MESA,000060,PCPC,PARTIT COMUNISTA DEL POBLE DE CATALUNYA,03021911.DAT
Congreso,2019,11,02201911_MESA,000063,PCTC,PARTIT COMUNISTA DELS TREBALLADORS DE CATALUNYA,03021911.DAT
Congreso,2019,11,02201911_MESA,000087,PPSO,PLATAFORMA DEL PUEBLO SORIANO,03021911.DAT
Congreso,2019,11,02201911_MESA,000090,PSC-PSOE,PARTIT DELS SOCIALISTES DE CATALUNYA,03021911.DAT
Congreso,2019,11,02201911_MUNI,000031,ERC-SOBIRANISTES,ESQUERRA REPUBLICANA DE CATALUNYA-SOBIRANISTES,03021911.DAT
Congreso,2019,11,02201911_MUNI,000041,JxCAT-JUNTS,JUNTS PER CATALUNYA-JUNTS,03021911.DAT
Congreso,2019,11,02201911_MUNI,000060,PCPC,PARTIT COMUNISTA DEL POBLE DE CATALUNYA,03021911.DAT
Congreso,2019,11,02201911_MUNI,000063,PCTC,PARTIT COMUNISTA DELS TREBALLADORS DE CATALUNYA,03021911.DAT
Congreso,2019,11,02201911_MUNI,000087,PPSO,PLATAFORMA DEL PUEBLO SORIANO,03021911.DAT
Congreso,2019,11,02201911_MUNI,000090,PSC-PSOE,PARTIT DELS SOCIALISTES DE CATALUNYA,03021911.DAT
Congreso,2019,11,02201911_TOTA,000031,ERC-SOBIRANISTES,ESQUERRA REPUBLICANA DE CATALUNYA-SOBIRANISTES,03021911.DAT
Congreso,2019,11,02201911_TOTA,000041,JxCAT-JUNTS,JUNTS PER CATALUNYA-JUNTS,03021911.DAT
Congreso,2019,11,02201911_TOTA,000060,PCPC,PARTIT COMUNISTA DEL POBLE DE CATALUNYA,03021911.DAT
Congreso,2019,11,02201911_TOTA,000063,PCTC,PARTIT COMUNISTA DELS TREBALLADORS DE CATALUNYA,03021911.DAT
Congreso,2019,11,02201911_TOTA,000087,PPSO,PLATAFORMA DEL PUEBLO SORIANO,03021911.DAT
Congreso,2019,11,02201911_TOTA,000090,PSC-PSOE,PARTIT DELS SOCIALISTES DE CATALUNYA,03021911.DAT
Congreso,2023,07,02202307_TOTA,000047,PSC,PARTIT DELS SOCIALISTES DE CATALUNYA (PSC-PSOE),03022307.DAT
Congreso,2023,07,02202307_TOTA,000050,ERC,ESQUERRA REPUBLICANA DE CATALUNYA,03022307.DAT
Congreso,2023,07,02202307_TOTA,000054,PCTC,PARTIT COMUNISTA DELS TREBALLADORS DE CATALUNYA,03022307.DAT
Congreso,2023,07,02202307_TOTA,000057,JxCAT - JUNTS,JUNTS PER CATALUNYA - JUNTS,03022307.DAT
Congreso,2023,07,02202307_TOTA,000060,EVC,ENTRE VEÏNS CATALUNYA,03022307.DAT
Senado,1977,06,03197706_TOTA,000038,FN,ASOCIACION POLITICA FUERZA NUEVA,03037706.DAT
Senado,1977,06,03197706_TOTA,000073,PSC-PSOE,PARTIT DELS SOCIALISTES DE CATALUNYA,03037706.DAT
Senado,1977,06,03197706_TOTA,000088,UDC-IDCC,UNIO DEL CENTRE I LA DEM. CRISTIANA DE CATALUNYA,03037706.DAT
Senado,1977,06,03197706_TOTA,000108,COM.TRAD.,COMUNIDAD TRADICIONALISTA,03037706.DAT
Senado,1979,03,03197903_TOTA,000006,CC-UCD,CENTRISTES DE CATALUNYA,03037903.DAT
Senado,1979,03,03197903_TOTA,000036,PCARL,PARTIDO CARLISTA,03037903.DAT
Senado,1979,03,03197903_TOTA,000053,PSC-PSOE,PARTIT DELS SOCIALISTES DE CATALUNYA,03037903.DAT
Senado,1979,03,03197903_TOTA,000096,FNC,FRONT NACIONAL DE CATALUNYA,03037903.DAT
Senado,1979,03,03197903_TOTA,000098,MCC-OEC,MOV. COMUNISTA DE CATALUNYA-ORG. D'ESQUERRA COMUN.,03037903.DAT
Senado,1982,10,03198210_TOTA,000014,CC-UCD,CENTRISTES DE CATALUNYA,03038210.DAT
Senado,1982,10,03198210_TOTA,000016,CE-FCC,COALICION ELECTORAL FRONT COMUNISTA DE CATALUNYA,03038210.DAT
Senado,1982,10,03198210_TOTA,000033,FN,ASOCIACION POLITICA FUERZA NUEVA,03038210.DAT
Senado,1982,10,03198210_TOTA,000054,PCC,PARTIT DELS COMUNISTES DE CATALUNYA,03038210.DAT
Senado,1982,10,03198210_TOTA,000073,PSC-PSOE,PARTIT DELS SOCIALISTES DE CATALUNYA,03038210.DAT
Senado,1982,10,03198210_TOTA,000079,PSUC,PARTIT SOCIALISTA UNIFICAT DE CATALUNYA,03038210.DAT
Senado,1982,10,03198210_TOTA,000098,C. SENAT,COALICION ELECTORAL CATALUNYA AL SENAT,03038210.DAT
Senado,1986,06,03198606_MESA,000025,ERC,ESQUERRA REPUBLICANA DE CATALUNYA,03038606.DAT
Senado,1986,06,03198606_MESA,000040,PCC,PARTIT DELS COMUNISTES DE CATALUNYA,03038606.DAT
Senado,1986,06,03198606_MESA,000045,PG-EU,PLATAFORMA GALEGUISTA E DE ESQUERDA UNIDA,03038606.DAT
Senado,1986,06,03198606_MESA,000054,PSC-PSOE,PARTIT DELS SOCIALISTES DE CATALUNYA,03038606.DAT
Senado,1986,06,03198606_MESA,000055,PSDC,PARTIT SOCIALDEMOCRATA DE CATALUNYA,03038606.DAT
Senado,1986,06,03198606_MUNI,000025,ERC,ESQUERRA REPUBLICANA DE CATALUNYA,03038606.DAT
Senado,1986,06,03198606_MUNI,000040,PCC,PARTIT DELS COMUNISTES DE CATALUNYA,03038606.DAT
Senado,1986,06,03198606_MUNI,000045,PG-EU,PLATAFORMA GALEGUISTA E DE ESQUERDA UNIDA,03038606.DAT
Senado,1986,06,03198606_MUNI,000054,PSC-PSOE,PARTIT DELS SOCIALISTES DE CATALUNYA,03038606.DAT
Senado,1986,06,03198606_MUNI,000055,PSDC,PARTIT SOCIALDEMOCRATA DE CATALUNYA,03038606.DAT
Senado,1986,06,03198606_TOTA,000025,ERC,ESQUERRA REPUBLICANA DE CATALUNYA,03038606.DAT
Senado,1986,06,03198606_TOTA,000040,PCC,PARTIT DELS COMUNISTES DE CATALUNYA,03038606.DAT
Senado,1986,06,03198606_TOTA,000045,PG-EU,PLATAFORMA GALEGUISTA E DE ESQUERDA UNIDA,03038606.DAT
Senado,1986,06,03198606_TOTA,000054,PSC-PSOE,PARTIT DELS SOCIALISTES DE CATALUNYA,03038606.DAT
Senado,1986,06,03198606_TOTA,000055,PSDC,PARTIT SOCIALDEMOCRATA DE CATALUNYA,03038606.DAT
Senado,1989,10,03198910_MESA,000052,PHC,PARTIT HUMANISTA DE CATALUNYA,03038910.DAT
Senado,1989,10,03198910_MESA,000053,PSC-PSOE,PARTIT DELS SOCIALISTES DE CATALUNYA,03038910.DAT
Senado,1989,10,03198910_MESA,000058,AV-MEC,ALTERNATIVA VERDA-MOVIMENT ECOLOG. DE CATALUNYA,03038910.DAT
Senado,1989,10,03198910_MESA,000059,IC,INICIATIVA PER CATALUNYA,03038910.DAT
Senado,1989,10,03198910_MESA,000061,PEC-VERDE,PARTIT ECOLOGISTA DE CATALUNYA-VERDE,03038910.DAT
Senado,1989,10,03198910_MESA,000062,ERC,ESQUERRA REPUBLICANA DE CATALUNYA,03038910.DAT
Senado,1989,10,03198910_MESA,000092,PCC.,PARTIT DELS COMUNISTES DE CATALUNYA (S),03038910.DAT
Senado,1989,10,03198910_MUNI,000052,PHC,PARTIT HUMANISTA DE CATALUNYA,03038910.DAT
Senado,1989,10,03198910_MUNI,000053,PSC-PSOE,PARTIT DELS SOCIALISTES DE CATALUNYA,03038910.DAT
Senado,1989,10,03198910_MUNI,000058,AV-MEC,ALTERNATIVA VERDA-MOVIMENT ECOLOG. DE CATALUNYA,03038910.DAT
Senado,1989,10,03198910_MUNI,000059,IC,INICIATIVA PER CATALUNYA,03038910.DAT
Senado,1989,10,03198910_MUNI,000061,PEC-VERDE,PARTIT ECOLOGISTA DE CATALUNYA-VERDE,03038910.DAT
Senado,1989,10,03198910_MUNI,000062,ERC,ESQUERRA REPUBLICANA DE CATALUNYA,03038910.DAT
Senado,1989,10,03198910_MUNI,000092,PCC.,PARTIT DELS COMUNISTES DE CATALUNYA (S),03038910.DAT
Senado,1989,10,03198910_TOTA,000052,PHC,PARTIT HUMANISTA DE CATALUNYA,03038910.DAT
Senado,1989,10,03198910_TOTA,000053,PSC-PSOE,PARTIT DELS SOCIALISTES DE CATALUNYA,03038910.DAT
Senado,1989,10,03198910_TOTA,000058,AV-MEC,ALTERNATIVA VERDA-MOVIMENT ECOLOG. DE CATALUNYA,03038910.DAT
Senado,1989,10,03198910_TOTA,000059,IC,INICIATIVA PER CATALUNYA,03038910.DAT
Senado,1989,10,03198910_TOTA,000061,PEC-VERDE,PARTIT ECOLOGISTA DE CATALUNYA-VERDE,03038910.DAT
Senado,1989,10,03198910_TOTA,000062,ERC,ESQUERRA REPUBLICANA DE CATALUNYA,03038910.DAT
Senado,1989,10,03198910_TOTA,000092,PCC.,PARTIT DELS COMUNISTES DE CATALUNYA (S),03038910.DAT
Senado,1993,06,03199306_MESA,000053,PSC-PSOE,PARTIT DELS SOCIALISTES DE CATALUNYA,03039306.DAT
Senado,1993,06,03199306_MESA,000059,IC,INICIATIVA PER CATALUNYA,03039306.DAT
Senado,1993,06,03199306_MESA,000061,PEC-VERDE,PARTIT ECOLOGISTA DE CATALUNYA,03039306.DAT
Senado,1993,06,03199306_MESA,000062,ERC,ESQUERRA REPUBLICANA DE CATALUNYA,03039306.DAT
Senado,1993,06,03199306_MESA,000123,EV-CEC,ELS VERDS-CONFEDERACIO ECOLOGISTA DE CATALUNYA,03039306.DAT
Senado,1993,06,03199306_MESA,000153,PEC-VERDE,PARTIT ECOLOGISTA DE CATALUNYA-VERDE,03039306.DAT
Senado,1993,06,03199306_MUNI,000053,PSC-PSOE,PARTIT DELS SOCIALISTES DE CATALUNYA,03039306.DAT
Senado,1993,06,03199306_MUNI,000059,IC,INICIATIVA PER CATALUNYA,03039306.DAT
Senado,1993,06,03199306_MUNI,000061,PEC-VERDE,PARTIT ECOLOGISTA DE CATALUNYA,03039306.DAT
Senado,1993,06,03199306_MUNI,000062,ERC,ESQUERRA REPUBLICANA DE CATALUNYA,03039306.DAT
Senado,1993,06,03199306_MUNI,000123,EV-CEC,ELS VERDS-CONFEDERACIO ECOLOGISTA DE CATALUNYA,03039306.DAT
Senado,1993,06,03199306_MUNI,000153,PEC-VERDE,PARTIT ECOLOGISTA DE CATALUNYA-VERDE,03039306.DAT
Senado,1993,06,03199306_TOTA,000053,PSC-PSOE,PARTIT DELS SOCIALISTES DE CATALUNYA,03039306.DAT
Senado,1993,06,03199306_TOTA,000059,IC,INICIATIVA PER CATALUNYA,03039306.DAT
Senado,1993,06,03199306_TOTA,000061,PEC-VERDE,PARTIT ECOLOGISTA DE CATALUNYA,03039306.DAT
Senado,1993,06,03199306_TOTA,000062,ERC,ESQUERRA REPUBLICANA DE CATALUNYA,03039306.DAT
Senado,1993,06,03199306_TOTA,000123,EV-CEC,ELS VERDS-CONFEDERACIO ECOLOGISTA DE CATALUNYA,03039306.DAT
Senado,1993,06,03199306_TOTA,000153,PEC-VERDE,PARTIT ECOLOGISTA DE CATALUNYA-VERDE,03039306.DAT
Senado,1996,03,03199603_MESA,000025,ERC,ESQUERRA REPUBLICANA DE CATALUNYA,03039603.DAT
Senado,1996,03,03199603_MESA,000030,EVE-AEC,ELS VERDS EUROPEUS-ALTER. ECOLOGISTA DE CATALUNYA,03039603.DAT
Senado,1996,03,03199603_MESA,000037,IC-EV,INICIATIVA PER CATALUNYA-ELS VERDS,03039603.DAT
Senado,1996,03,03199603_MESA,000080,PEC,PARTIT ECOLOGISTA DE CATALUNYA,03039603.DAT
Senado,1996,03,03199603_MESA,000082,PICC,PLATAFORMA INDEPENDENT CIUTADANA DE CATALUNYA,03039603.DAT
Senado,1996,03,03199603_MESA,000083,PICC,PLATAFORMA INDEPENDIENTE CIUDADANA DE CATALUÑA,03039603.DAT
Senado,1996,03,03199603_MESA,000104,PSC-PSOE,PARTIT DELS SOCIALISTES DE CATALUNYA,03039603.DAT
Senado,1996,03,03199603_MUNI,000025,ERC,ESQUERRA REPUBLICANA DE CATALUNYA,03039603.DAT
Senado,1996,03,03199603_MUNI,000030,EVE-AEC,ELS VERDS EUROPEUS-ALTER. ECOLOGISTA DE CATALUNYA,03039603.DAT
Senado,1996,03,03199603_MUNI,000037,IC-EV,INICIATIVA PER CATALUNYA-ELS VERDS,03039603.DAT
Senado,1996,03,03199603_MUNI,000080,PEC,PARTIT ECOLOGISTA DE CATALUNYA,03039603.DAT
Senado,1996,03,03199603_MUNI,000082,PICC,PLATAFORMA INDEPENDENT CIUTADANA DE CATALUNYA,03039603.DAT
Senado,1996,03,03199603_MUNI,000083,PICC,PLATAFORMA INDEPENDIENTE CIUDADANA DE CATALUÑA,03039603.DAT
Senado,1996,03,03199603_MUNI,000104,PSC-PSOE,PARTIT DELS SOCIALISTES DE CATALUNYA,03039603.DAT
Senado,1996,03,03199603_TOTA,000025,ERC,ESQUERRA REPUBLICANA DE CATALUNYA,03039603.DAT
Senado,1996,03,03199603_TOTA,000030,EVE-AEC,ELS VERDS EUROPEUS-ALTER. ECOLOGISTA DE CATALUNYA,03039603.DAT
Senado,1996,03,03199603_TOTA,000037,IC-EV,INICIATIVA PER CATALUNYA-ELS VERDS,03039603.DAT
Senado,1996,03,03199603_TOTA,000080,PEC,PARTIT ECOLOGISTA DE CATALUNYA,03039603.DAT
Senado,1996,03,03199603_TOTA,000082,PICC,PLATAFORMA INDEPENDENT CIUTADANA DE CATALUNYA,03039603.DAT
Senado,1996,03,03199603_TOTA,000083,PICC,PLATAFORMA INDEPENDIENTE CIUDADANA DE CATALUÑA,03039603.DAT
Senado,1996,03,03199603_TOTA,000104,PSC-PSOE,PARTIT DELS SOCIALISTES DE CATALUNYA,03039603.DAT
Senado,2000,03,03200003_MESA,000025,CTC,COMUNION TRADICIONALISTA CARLISTA,03030003.DAT
Senado,2000,03,03200003_MESA,000033,EKA,PARTIDO CARLISTA,03030003.DAT
Senado,2000,03,03200003_MESA,000036,ERC,ESQUERRA REPUBLICANA DE CATALUNYA,03030003.DAT
Senado,2000,03,03200003_MESA,000037,ES2000,PLATAFORMA ESPAÑA 2000,03030003.DAT
Senado,2000,03,03200003_MESA,000051,FN,FUERZA NUEVA,03030003.DAT
Senado,2000,03,03200003_MESA,000164,EKA-PC,PARTIDO CARLISTA,03030003.DAT
Senado,2000,03,03200003_MESA,000167,PC,PARTIDO CARLISTA,03030003.DAT
Senado,2000,03,03200003_MUNI,000025,CTC,COMUNION TRADICIONALISTA CARLISTA,03030003.DAT
Senado,2000,03,03200003_MUNI,000033,EKA,PARTIDO CARLISTA,03030003.DAT
Senado,2000,03,03200003_MUNI,000036,ERC,ESQUERRA REPUBLICANA DE CATALUNYA,03030003.DAT
Senado,2000,03,03200003_MUNI,000037,ES2000,PLATAFORMA ESPAÑA 2000,03030003.DAT
Senado,2000,03,03200003_MUNI,000051,FN,FUERZA NUEVA,03030003.DAT
Senado,2000,03,03200003_MUNI,000164,EKA-PC,PARTIDO CARLISTA,03030003.DAT
Senado,2000,03,03200003_MUNI,000167,PC,PARTIDO CARLISTA,03030003.DAT
Senado,2000,03,03200003_TOTA,000025,CTC,COMUNION TRADICIONALISTA CARLISTA,03030003.DAT
Senado,2000,03,03200003_TOTA,000033,EKA,PARTIDO CARLISTA,03030003.DAT
Senado,2000,03,03200003_TOTA,000036,ERC,ESQUERRA REPUBLICANA DE CATALUNYA,03030003.DAT
Senado,2000,03,03200003_TOTA,000037,ES2000,PLATAFORMA ESPAÑA 2000,03030003.DAT
Senado,2000,03,03200003_TOTA,000051,FN,FUERZA NUEVA,03030003.DAT
Senado,2000,03,03200003_TOTA,000164,EKA-PC,PARTIDO CARLISTA,03030003.DAT
Senado,2000,03,03200003_TOTA,000167,PC,PARTIDO CARLISTA,03030003.DAT
Senado,2004,03,03200403_MESA,000032,CTC,COMUNION TRADICIONALISTA CARLISTA,03030403.DAT
Senado,2004,03,03200403_MESA,000038,EKA,EKA-PARTIDO CARLISTA,03030403.DAT
Senado,2004,03,03200403_MESA,000056,FN,FUERZA NUEVA,03030403.DAT
Senado,2004,03,03200403_MESA,000107,PC,PARTIDO CARLISTA,03030403.DAT
Senado,2004,03,03200403_MESA,000110,PCPC,PARTIT COMUNISTA DEL POBLE DE CATALUNYA,03030403.DAT
Senado,2004,03,03200403_MESA,000113,PCDEC,PARTIT CARLI DE CATALUNYA,03030403.DAT
Senado,2004,03,03200403_MESA,000119,PHC,PARTIT HUMANISTA DE CATALUNYA,03030403.DAT
Senado,2004,03,03200403_MESA,000123,PCA,PARTIDO CARLISTA,03030403.DAT
Senado,2004,03,03200403_MUNI,000032,CTC,COMUNION TRADICIONALISTA CARLISTA,03030403.DAT
Senado,2004,03,03200403_MUNI,000038,EKA,EKA-PARTIDO CARLISTA,03030403.DAT
Senado,2004,03,03200403_MUNI,000056,FN,FUERZA NUEVA,03030403.DAT
Senado,2004,03,03200403_MUNI,000107,PC,PARTIDO CARLISTA,03030403.DAT
Senado,2004,03,03200403_MUNI,000110,PCPC,PARTIT COMUNISTA DEL POBLE DE CATALUNYA,03030403.DAT
Senado,2004,03,03200403_MUNI,000113,PCDEC,PARTIT CARLI DE CATALUNYA,03030403.DAT
Senado,2004,03,03200403_MUNI,000119,PHC,PARTIT HUMANISTA DE CATALUNYA,03030403.DAT
Senado,2004,03,03200403_MUNI,000123,PCA,PARTIDO CARLISTA,03030403.DAT
Senado,2004,03,03200403_TOTA,000032,CTC,COMUNION TRADICIONALISTA CARLISTA,03030403.DAT
Senado,2004,03,03200403_TOTA,000038,EKA,EKA-PARTIDO CARLISTA,03030403.DAT
Senado,2004,03,03200403_TOTA,000056,FN,FUERZA NUEVA,03030403.DAT
Senado,2004,03,03200403_TOTA,000107,PC,PARTIDO CARLISTA,03030403.DAT
Senado,2004,03,03200403_TOTA,000110,PCPC,PARTIT COMUNISTA DEL POBLE DE CATALUNYA,03030403.DAT
Senado,2004,03,03200403_TOTA,000113,PCDEC,PARTIT CARLI DE CATALUNYA,03030403.DAT
Senado,2004,03,03200403_TOTA,000119,PHC,PARTIT HUMANISTA DE CATALUNYA,03030403.DAT
Senado,2004,03,03200403_TOTA,000123,PCA,PARTIDO CARLISTA,03030403.DAT
Senado,2008,03,03200803_MESA,000056,C.T.C.,COMUNION TRADICIONALISTA CARLISTA,03030803.DAT
Senado,2008,03,03200803_MESA,000057,CTC,COMUNION TRADICIONALISTA CARLISTA,03030803.DAT
Senado,2008,03,03200803_MESA,000166,P.C.,PARTIDO CARLISTA,03030803.DAT
Senado,2008,03,03200803_MESA,000167,PARTIDO CARLISTA,PARTIDO CARLISTA,03030803.DAT
Senado,2008,03,03200803_MESA,000168,PC,PARTIDO CARLISTA,03030803.DAT
Senado,2008,03,03200803_MESA,000169,EKA-PC.,PARTIDO CARLISTA DE EUSKALERRIA-PARTIDO CARLISTA,03030803.DAT
Senado,2008,03,03200803_MESA,000170,PARTIDO CARLISTA-EKA,PARTIDO CARLISTA DE EUSKALHERRIA-EUSKALHERRIKO KARLISTA ALDERDIA,03030803.DAT
Senado,2008,03,03200803_MESA,000185,PCPC,PARTIDO COMUNISTA DEL PUEBLO DE CATALUNYA,03030803.DAT
Senado,2008,03,03200803_MESA,000234,P. C. de C.,PARTIT CARLI DE CATALUNYA,03030803.DAT
Senado,2008,03,03200803_MESA,000235,PCaC,PARTIT CARLI DE CATALUNYA,03030803.DAT
Senado,2008,03,03200803_MESA,000236,P.C.P.C.,PARTIT COMUNISTA DEL POBLE DE CATALUNYA,03030803.DAT
Senado,2008,03,03200803_MESA,000243,PH,PARTIT HUMANISTA DE CATALUNYA,03030803.DAT
Senado,2008,03,03200803_MESA,000247,PxCat,PARTIT PER CATALUNYA,03030803.DAT
Senado,2008,03,03200803_MUNI,000056,C.T.C.,COMUNION TRADICIONALISTA CARLISTA,03030803.DAT
Senado,2008,03,03200803_MUNI,000057,CTC,COMUNION TRADICIONALISTA CARLISTA,03030803.DAT
Senado,2008,03,03200803_MUNI,000166,P.C.,PARTIDO CARLISTA,03030803.DAT
Senado,2008,03,03200803_MUNI,000167,PARTIDO CARLISTA,PARTIDO CARLISTA,03030803.DAT
Senado,2008,03,03200803_MUNI,000168,PC,PARTIDO CARLISTA,03030803.DAT
Senado,2008,03,03200803_MUNI,000169,EKA-PC.,PARTIDO CARLISTA DE EUSKALERRIA-PARTIDO CARLISTA,03030803.DAT
Senado,2008,03,03200803_MUNI,000170,PARTIDO CARLISTA-EKA,PARTIDO CARLISTA DE EUSKALHERRIA-EUSKALHERRIKO KARLISTA ALDERDIA,03030803.DAT
Senado,2008,03,03200803_MUNI,000185,PCPC,PARTIDO COMUNISTA DEL PUEBLO DE CATALUNYA,03030803.DAT
Senado,2008,03,03200803_MUNI,000234,P. C. de C.,PARTIT CARLI DE CATALUNYA,03030803.DAT
Senado,2008,03,03200803_MUNI,000235,PCaC,PARTIT CARLI DE CATALUNYA,03030803.DAT
Senado,2008,03,03200803_MUNI,000236,P.C.P.C.,PARTIT COMUNISTA DEL POBLE DE CATALUNYA,03030803.DAT
Senado,2008,03,03200803_MUNI,000243,PH,PARTIT HUMANISTA DE CATALUNYA,03030803.DAT
Senado,2008,03,03200803_MUNI,000247,PxCat,PARTIT PER CATALUNYA,03030803.DAT
Senado,2008,03,03200803_TOTA,000056,C.T.C.,COMUNION TRADICIONALISTA CARLISTA,03030803.DAT
Senado,2008,03,03200803_TOTA,000057,CTC,COMUNION TRADICIONALISTA CARLISTA,03030803.DAT
Senado,2008,03,03200803_TOTA,000166,P.C.,PARTIDO CARLISTA,03030803.DAT
Senado,2008,03,03200803_TOTA,000167,PARTIDO CARLISTA,PARTIDO CARLISTA,03030803.DAT
Senado,2008,03,03200803_TOTA,000168,PC,PARTIDO CARLISTA,03030803.DAT
Senado,2008,03,03200803_TOTA,000169,EKA-PC.,PARTIDO CARLISTA DE EUSKALERRIA-PARTIDO CARLISTA,03030803.DAT
Senado,2008,03,03200803_TOTA,000170,PARTIDO CARLISTA-EKA,PARTIDO CARLISTA DE EUSKALHERRIA-EUSKALHERRIKO KARLISTA ALDERDIA,03030803.DAT
Senado,2008,03,03200803_TOTA,000185,PCPC,PARTIDO COMUNISTA DEL PUEBLO DE CATALUNYA,03030803.DAT
Senado,2008,03,03200803_TOTA,000234,P. C. de C.,PARTIT CARLI DE CATALUNYA,03030803.DAT
Senado,2008,03,03200803_TOTA,000235,PCaC,PARTIT CARLI DE CATALUNYA,03030803.DAT
Senado,2008,03,03200803_TOTA,000236,P.C.P.C.,PARTIT COMUNISTA DEL POBLE DE CATALUNYA,03030803.DAT
Senado,2008,03,03200803_TOTA,000243,PH,PARTIT HUMANISTA DE CATALUNYA,03030803.DAT
Senado,2008,03,03200803_TOTA,000247,PxCat,PARTIT PER CATALUNYA,03030803.DAT
Senado,2011,11,03201111_MESA,000139,PCPC,PARTIT COMUNISTA DEL POBLE DE CATALUNYA,03031111.DAT
Senado,2011,11,03201111_MESA,000148,PIRATA.CAT,PIRATES DE CATALUNYA,03031111.DAT
Senado,2011,11,03201111_MESA,000149,PxC,PLATAFORMA PER CATALUNYA,03031111.DAT
Senado,2011,11,03201111_MESA,000036,PSC (PSC-PSOE)-ICV-EUA,ENTESA PEL PROGRES DE CATALUNYA,03031111.DAT
Senado,2011,11,03201111_MESA,000046,ERC-RI.cat,Esquerra Republicana de Catalunya-Catalunya Si,03031111.DAT
Senado,2011,11,03201111_MESA,000047,ERC-RI.cat,ESQUERRA REPUBLICANA DE CATALUNYA-CATALUNYA SI,03031111.DAT
Senado,2011,11,03201111_MESA,000048,ERC - RI.cat / ESQUERRA,ESQUERRA REPUBLICANA DE CATALUNYA-CATALUNYA SI,03031111.DAT
Senado,2011,11,03201111_MUNI,000139,PCPC,PARTIT COMUNISTA DEL POBLE DE CATALUNYA,03031111.DAT
Senado,2011,11,03201111_MUNI,000148,PIRATA.CAT,PIRATES DE CATALUNYA,03031111.DAT
Senado,2011,11,03201111_MUNI,000149,PxC,PLATAFORMA PER CATALUNYA,03031111.DAT
Senado,2011,11,03201111_MUNI,000036,PSC (PSC-PSOE)-ICV-EUA,ENTESA PEL PROGRES DE CATALUNYA,03031111.DAT
Senado,2011,11,03201111_MUNI,000046,ERC-RI.cat,Esquerra Republicana de Catalunya-Catalunya Si,03031111.DAT
Senado,2011,11,03201111_MUNI,000047,ERC-RI.cat,ESQUERRA REPUBLICANA DE CATALUNYA-CATALUNYA SI,03031111.DAT
Senado,2011,11,03201111_MUNI,000048,ERC - RI.cat / ESQUERRA,ESQUERRA REPUBLICANA DE CATALUNYA-CATALUNYA SI,03031111.DAT
Senado,2011,11,03201111_TOTA,000139,PCPC,PARTIT COMUNISTA DEL POBLE DE CATALUNYA,03031111.DAT
Senado,2011,11,03201111_TOTA,000148,PIRATA.CAT,PIRATES DE CATALUNYA,03031111.DAT
Senado,2011,11,03201111_TOTA,000149,PxC,PLATAFORMA PER CATALUNYA,03031111.DAT
Senado,2011,11,03201111_TOTA,000036,PSC (PSC-PSOE)-ICV-EUA,ENTESA PEL PROGRES DE CATALUNYA,03031111.DAT
Senado,2011,11,03201111_TOTA,000046,ERC-RI.cat,Esquerra Republicana de Catalunya-Catalunya Si,03031111.DAT
Senado,2011,11,03201111_TOTA,000047,ERC-RI.cat,ESQUERRA REPUBLICANA DE CATALUNYA-CATALUNYA SI,03031111.DAT
Senado,2011,11,03201111_TOTA,000048,ERC - RI.cat / ESQUERRA,ESQUERRA REPUBLICANA DE CATALUNYA-CATALUNYA SI,03031111.DAT
Senado,2015,12,03201512_MESA,000331,PSC-PSOE,PARTIT DELS SOCIALISTES DE CATALUNYA,03031512.DAT
Senado,2015,12,03201512_MESA,000348,Unio.Cat,UNIÓ DEMOCRÀTICA DE CATALUNYA,03031512.DAT
Senado,2015,12,03201512_MESA,000365,PSC,PARTIT DELS SOCIALISTES DE CATALUNYA (PSC-PSOE),03031512.DAT
Senado,2015,12,03201512_MESA,001012,PCPC,PARTIT COMUNISTA DEL POBLE DE CATALUNYA,03031512.DAT
Senado,2015,12,03201512_MESA,001027,PSC-PSOE,PARTIT DELS SOCIALISTES DE CATALUNYA,03031512.DAT
Senado,2015,12,03201512_MESA,001094,PCPC,PARTIT COMUNISTA DEL POBLE DE CATALUNYA,03031512.DAT
Senado,2015,12,03201512_MESA,001149,PCPC,PARTIT COMUNISTA DEL POBLE DE CATALUNYA,03031512.DAT
Senado,2015,12,03201512_MESA,000567,unio.cat,UNIÓ DEMOCRÀTICA DE CATALUNYA,03031512.DAT
Senado,2015,12,03201512_MESA,000571,ERC-CATSI,ESQUERRA REPUBLICANA DE CATALUNYA-CATALUNYA SÍ,03031512.DAT
Senado,2015,12,03201512_MESA,000631,ERC-CATSÍ,ESQUERRA REPUBLICANA DE CATALUNYA-CATALUNYA SÍ,03031512.DAT
Senado,2015,12,03201512_MESA,000942,PCPC,PARTIT COMUNISTA DEL POBLE DE CATALUNYA,03031512.DAT
Senado,2015,12,03201512_MESA,000149,unio.cat,UNIÓ DEMOCRÀTICA DE CATALUNYA,03031512.DAT
Senado,2015,12,03201512_MESA,000164,UNIO.CAT,UNIÓ DEMOCRÀTICA DE CATALUNYA,03031512.DAT
Senado,2015,12,03201512_MESA,000167,ERC-CATSÍ,ESQUERRA REPUBLICANA DE CATALUNYA-CATALUNYA SÍ,03031512.DAT
Senado,2015,12,03201512_MESA,000313,PSC-PSOE,PARTIT DELS SOCIALISTES DE CATALUNYA,03031512.DAT
Senado,2015,12,03201512_MESA,001386,ERC-CATSI,ESQUERRA REPUBLICANA DE CATALUNYA-CATALUNYA SÍ,03031512.DAT
Senado,2015,12,03201512_MESA,903520,PCPC,PARTIT COMUNISTA DEL POBLE DE CATALUNYA,03031512.DAT
Senado,2015,12,03201512_MESA,903534,PSC,PARTIT DELS SOCIALISTES DE CATALUNYA (PSC-PSOE),03031512.DAT
Senado,2015,12,03201512_MESA,904223,unio.cat,UNIÓ DEMOCRÀTICA DE CATALUNYA,03031512.DAT
Senado,2015,12,03201512_MESA,905063,ERC-CATSI,ESQUERRA REPUBLICANA DE CATALUNYA-CATALUNYA SÍ,03031512.DAT
Senado,2015,12,03201512_MUNI,000331,PSC-PSOE,PARTIT DELS SOCIALISTES DE CATALUNYA,03031512.DAT
Senado,2015,12,03201512_MUNI,000348,Unio.Cat,UNIÓ DEMOCRÀTICA DE CATALUNYA,03031512.DAT
Senado,2015,12,03201512_MUNI,000365,PSC,PARTIT DELS SOCIALISTES DE CATALUNYA (PSC-PSOE),03031512.DAT
Senado,2015,12,03201512_MUNI,001012,PCPC,PARTIT COMUNISTA DEL POBLE DE CATALUNYA,03031512.DAT
Senado,2015,12,03201512_MUNI,001027,PSC-PSOE,PARTIT DELS SOCIALISTES DE CATALUNYA,03031512.DAT
Senado,2015,12,03201512_MUNI,001094,PCPC,PARTIT COMUNISTA DEL POBLE DE CATALUNYA,03031512.DAT
Senado,2015,12,03201512_MUNI,001149,PCPC,PARTIT COMUNISTA DEL POBLE DE CATALUNYA,03031512.DAT
Senado,2015,12,03201512_MUNI,000567,unio.cat,UNIÓ DEMOCRÀTICA DE CATALUNYA,03031512.DAT
Senado,2015,12,03201512_MUNI,000571,ERC-CATSI,ESQUERRA REPUBLICANA DE CATALUNYA-CATALUNYA SÍ,03031512.DAT
Senado,2015,12,03201512_MUNI,000631,ERC-CATSÍ,ESQUERRA REPUBLICANA DE CATALUNYA-CATALUNYA SÍ,03031512.DAT
Senado,2015,12,03201512_MUNI,000942,PCPC,PARTIT COMUNISTA DEL POBLE DE CATALUNYA,03031512.DAT
Senado,2015,12,03201512_MUNI,000149,unio.cat,UNIÓ DEMOCRÀTICA DE CATALUNYA,03031512.DAT
Senado,2015,12,03201512_MUNI,000164,UNIO.CAT,UNIÓ DEMOCRÀTICA DE CATALUNYA,03031512.DAT
Senado,2015,12,03201512_MUNI,000167,ERC-CATSÍ,ESQUERRA REPUBLICANA DE CATALUNYA-CATALUNYA SÍ,03031512.DAT
Senado,2015,12,03201512_MUNI,000313,PSC-PSOE,PARTIT DELS SOCIALISTES DE CATALUNYA,03031512.DAT
Senado,2015,12,03201512_MUNI,001386,ERC-CATSI,ESQUERRA REPUBLICANA DE CATALUNYA-CATALUNYA SÍ,03031512.DAT
Senado,2015,12,03201512_MUNI,903520,PCPC,PARTIT COMUNISTA DEL POBLE DE CATALUNYA,03031512.DAT
Senado,2015,12,03201512_MUNI,903534,PSC,PARTIT DELS SOCIALISTES DE CATALUNYA (PSC-PSOE),03031512.DAT
Senado,2015,12,03201512_MUNI,904223,unio.cat,UNIÓ DEMOCRÀTICA DE CATALUNYA,03031512.DAT
Senado,2015,12,03201512_MUNI,905063,ERC-CATSI,ESQUERRA REPUBLICANA DE CATALUNYA-CATALUNYA SÍ,03031512.DAT
Senado,2015,12,03201512_TOTA,000331,PSC-PSOE,PARTIT DELS SOCIALISTES DE CATALUNYA,03031512.DAT
Senado,2015,12,03201512_TOTA,000348,Unio.Cat,UNIÓ DEMOCRÀTICA DE CATALUNYA,03031512.DAT
Senado,2015,12,03201512_TOTA,000365,PSC,PARTIT DELS SOCIALISTES DE CATALUNYA (PSC-PSOE),03031512.DAT
Senado,2015,12,03201512_TOTA,001012,PCPC,PARTIT COMUNISTA DEL POBLE DE CATALUNYA,03031512.DAT
Senado,2015,12,03201512_TOTA,001027,PSC-PSOE,PARTIT DELS SOCIALISTES DE CATALUNYA,03031512.DAT
Senado,2015,12,03201512_TOTA,001094,PCPC,PARTIT COMUNISTA DEL POBLE DE CATALUNYA,03031512.DAT
Senado,2015,12,03201512_TOTA,001149,PCPC,PARTIT COMUNISTA DEL POBLE DE CATALUNYA,03031512.DAT
Senado,2015,12,03201512_TOTA,000567,unio.cat,UNIÓ DEMOCRÀTICA DE CATALUNYA,03031512.DAT
Senado,2015,12,03201512_TOTA,000571,ERC-CATSI,ESQUERRA REPUBLICANA DE CATALUNYA-CATALUNYA SÍ,03031512.DAT
Senado,2015,12,03201512_TOTA,000631,ERC-CATSÍ,ESQUERRA REPUBLICANA DE CATALUNYA-CATALUNYA SÍ,03031512.DAT
Senado,2015,12,03201512_TOTA,000942,PCPC,PARTIT COMUNISTA DEL POBLE DE CATALUNYA,03031512.DAT
Senado,2015,12,03201512_TOTA,000149,unio.cat,UNIÓ DEMOCRÀTICA DE CATALUNYA,03031512.DAT
Senado,2015,12,03201512_TOTA,000164,UNIO.CAT,UNIÓ DEMOCRÀTICA DE CATALUNYA,03031512.DAT
Senado,2015,12,03201512_TOTA,000167,ERC-CATSÍ,ESQUERRA REPUBLICANA DE CATALUNYA-CATALUNYA SÍ,03031512.DAT
Senado,2015,12,03201512_TOTA,000313,PSC-PSOE,PARTIT DELS SOCIALISTES DE CATALUNYA,03031512.DAT
Senado,2015,12,03201512_TOTA,001386,ERC-CATSI,ESQUERRA REPUBLICANA DE CATALUNYA-CATALUNYA SÍ,03031512.DAT
Senado,2015,12,03201512_TOTA,903520,PCPC,PARTIT COMUNISTA DEL POBLE DE CATALUNYA,03031512.DAT
Senado,2015,12,03201512_TOTA,903534,PSC,PARTIT DELS SOCIALISTES DE CATALUNYA (PSC-PSOE),03031512.DAT
Senado,2015,12,03201512_TOTA,904223,unio.cat,UNIÓ DEMOCRÀTICA DE CATALUNYA,03031512.DAT
Senado,2015,12,03201512_TOTA,905063,ERC-CATSI,ESQUERRA REPUBLICANA DE CATALUNYA-CATALUNYA SÍ,03031512.DAT
Senado,2016,06,03201606_MESA,000010,CDC,CONVERGÈNCIA DEMOCRÀTICA DE CATALUNYA,03031606.DAT
Senado,2016,06,03201606_MESA,000025,ERC-CATSÍ,ESQUERRA REPUBLICANA/CATALUNYA SÍ,03031606.DAT
Senado,2016,06,03201606_MESA,000046,PCPC,PARTIT COMUNISTA DEL POBLE DE CATALUNYA,03031606.DAT
Senado,2016,06,03201606_MESA,000074,PSC-PSOE,PARTIT DELS SOCIALISTES DE CATALUNYA,03031606.DAT
Senado,2016,06,03201606_MESA,000080,PxC,PLATAFORMA PER CATALUNYA,03031606.DAT
Senado,2016,06,03201606_MUNI,000010,CDC,CONVERGÈNCIA DEMOCRÀTICA DE CATALUNYA,03031606.DAT
Senado,2016,06,03201606_MUNI,000025,ERC-CATSÍ,ESQUERRA REPUBLICANA/CATALUNYA SÍ,03031606.DAT
Senado,2016,06,03201606_MUNI,000046,PCPC,PARTIT COMUNISTA DEL POBLE DE CATALUNYA,03031606.DAT
Senado,2016,06,03201606_MUNI,000074,PSC-PSOE,PARTIT DELS SOCIALISTES DE CATALUNYA,03031606.DAT
Senado,2016,06,03201606_MUNI,000080,PxC,PLATAFORMA PER CATALUNYA,03031606.DAT
Senado,2016,06,03201606_TOTA,000010,CDC,CONVERGÈNCIA DEMOCRÀTICA DE CATALUNYA,03031606.DAT
Senado,2016,06,03201606_TOTA,000025,ERC-CATSÍ,ESQUERRA REPUBLICANA/CATALUNYA SÍ,03031606.DAT
Senado,2016,06,03201606_TOTA,000046,PCPC,PARTIT COMUNISTA DEL POBLE DE CATALUNYA,03031606.DAT
Senado,2016,06,03201606_TOTA,000074,PSC-PSOE,PARTIT DELS SOCIALISTES DE CATALUNYA,03031606.DAT
Senado,2016,06,03201606_TOTA,000080,PxC,PLATAFORMA PER CATALUNYA,03031606.DAT
Senado,2019,04,03201904_MESA,000037,ERC-SOBIRAN,ESQUERRA REPUBLICANA DE CATALUNYA-SOBIRANISTES,03031904.DAT
Senado,2019,04,03201904_MESA,000049,JxCAT-JUNTS,JUNTS PER CATALUNYA-JUNTS,03031904.DAT
Senado,2019,04,03201904_MESA,000061,PCPC,PARTIT COMUNISTA DEL POBLE DE CATALUNYA,03031904.DAT
Senado,2019,04,03201904_MESA,000065,PCTC,PARTIT COMUNISTA DELS TREBALLADORS DE CATALUNYA,03031904.DAT
Senado,2019,04,03201904_MESA,000088,PPSO,PLATAFORMA DEL PUEBLO SORIANO,03031904.DAT
Senado,2019,04,03201904_MESA,000092,PSC,PARTIT DELS SOCIALISTES DE CATALUNYA (PSC-PSOE),03031904.DAT
Senado,2019,04,03201904_MUNI,000037,ERC-SOBIRAN,ESQUERRA REPUBLICANA DE CATALUNYA-SOBIRANISTES,03031904.DAT
Senado,2019,04,03201904_MUNI,000049,JxCAT-JUNTS,JUNTS PER CATALUNYA-JUNTS,03031904.DAT
Senado,2019,04,03201904_MUNI,000061,PCPC,PARTIT COMUNISTA DEL POBLE DE CATALUNYA,03031904.DAT
Senado,2019,04,03201904_MUNI,000065,PCTC,PARTIT COMUNISTA DELS TREBALLADORS DE CATALUNYA,03031904.DAT
Senado,2019,04,03201904_MUNI,000088,PPSO,PLATAFORMA DEL PUEBLO SORIANO,03031904.DAT
Senado,2019,04,03201904_MUNI,000092,PSC,PARTIT DELS SOCIALISTES DE CATALUNYA (PSC-PSOE),03031904.DAT
Senado,2019,04,03201904_TOTA,000037,ERC-SOBIRAN,ESQUERRA REPUBLICANA DE CATALUNYA-SOBIRANISTES,03031904.DAT
Senado,2019,04,03201904_TOTA,000049,JxCAT-JUNTS,JUNTS PER CATALUNYA-JUNTS,03031904.DAT
Senado,2019,04,03201904_TOTA,000061,PCPC,PARTIT COMUNISTA DEL POBLE DE CATALUNYA,03031904.DAT
Senado,2019,04,03201904_TOTA,000065,PCTC,PARTIT COMUNISTA DELS TREBALLADORS DE CATALUNYA,03031904.DAT
Senado,2019,04,03201904_TOTA,000088,PPSO,PLATAFORMA DEL PUEBLO SORIANO,03031904.DAT
Senado,2019,04,03201904_TOTA,000092,PSC,PARTIT DELS SOCIALISTES DE CATALUNYA (PSC-PSOE),03031904.DAT
Senado,2019,11,03201911_MESA,000031,ERC-SOBIRANISTES,ESQUERRA REPUBLICANA DE CATALUNYA-SOBIRANISTES,03031911.DAT
Senado,2019,11,03201911_MESA,000041,JxCAT-JUNTS,JUNTS PER CATALUNYA-JUNTS,03031911.DAT
Senado,2019,11,03201911_MESA,000060,PCPC,PARTIT COMUNISTA DEL POBLE DE CATALUNYA,03031911.DAT
Senado,2019,11,03201911_MESA,000063,PCTC,PARTIT COMUNISTA DELS TREBALLADORS DE CATALUNYA,03031911.DAT
Senado,2019,11,03201911_MESA,000087,PPSO,PLATAFORMA DEL PUEBLO SORIANO,03031911.DAT
Senado,2019,11,03201911_MESA,000090,PSC-PSOE,PARTIT DELS SOCIALISTES DE CATALUNYA,03031911.DAT
Senado,2019,11,03201911_MUNI,000031,ERC-SOBIRANISTES,ESQUERRA REPUBLICANA DE CATALUNYA-SOBIRANISTES,03031911.DAT
Senado,2019,11,03201911_MUNI,000041,JxCAT-JUNTS,JUNTS PER CATALUNYA-JUNTS,03031911.DAT
Senado,2019,11,03201911_MUNI,000060,PCPC,PARTIT COMUNISTA DEL POBLE DE CATALUNYA,03031911.DAT
Senado,2019,11,03201911_MUNI,000063,PCTC,PARTIT COMUNISTA DELS TREBALLADORS DE CATALUNYA,03031911.DAT
Senado,2019,11,03201911_MUNI,000087,PPSO,PLATAFORMA DEL PUEBLO SORIANO,03031911.DAT
Senado,2019,11,03201911_MUNI,000090,PSC-PSOE,PARTIT DELS SOCIALISTES DE CATALUNYA,03031911.DAT
Senado,2019,11,03201911_TOTA,000031,ERC-SOBIRANISTES,ESQUERRA REPUBLICANA DE CATALUNYA-SOBIRANISTES,03031911.DAT
Senado,2019,11,03201911_TOTA,000041,JxCAT-JUNTS,JUNTS PER CATALUNYA-JUNTS,03031911.DAT
Senado,2019,11,03201911_TOTA,000060,PCPC,PARTIT COMUNISTA DEL POBLE DE CATALUNYA,03031911.DAT
Senado,2019,11,03201911_TOTA,000063,PCTC,PARTIT COMUNISTA DELS TREBALLADORS DE CATALUNYA,03031911.DAT
Senado,2019,11,03201911_TOTA,000087,PPSO,PLATAFORMA DEL PUEBLO SORIANO,03031911.DAT
Senado,2019,11,03201911_TOTA,000090,PSC-PSOE,PARTIT DELS SOCIALISTES DE CATALUNYA,03031911.DAT
Senado,2023,07,03202307_TOTA,000047,PSC,PARTIT DELS SOCIALISTES DE CATALUNYA (PSC-PSOE),03032307.DAT
Senado,2023,07,03202307_TOTA,000054,PCTC,PARTIT COMUNISTA DELS TREBALLADORS DE CATALUNYA,03032307.DAT
Senado,2023,07,03202307_TOTA,000057,JxCAT - JUNTS,JUNTS PER CATALUNYA - JUNTS,03032307.DAT
Senado,2023,07,03202307_TOTA,000060,EVC,ENTRE VEÏNS CATALUNYA,03032307.DAT
Senado,2023,07,03202307_TOTA,000092,ERC,ESQUERRA REPUBLICANA DE CATALUNYA-ESQUERRES PER LA INDEPENDÈNCIA,03032307.DAT
Senado,2023,07,03202307_TOTA,000093,ERC-ESQUERRES PER LA INDEPENDÈNCIA,ESQUERRA REPUBLICANA DE CATALUNYA-ESQUERRES PER LA INDEPENDENCIA,03032307.DAT
Europeas,1987,06,07198706_MESA,000026,PSC-PSOE,PARTIT DELS SOCIALISTES DE CATALUNYA,03078706.DAT
Europeas,1987,06,07198706_MESA,000038,PH,PLATAFORMA HUMANISTA,03078706.DAT
Europeas,1987,06,07198706_MUNI,000026,PSC-PSOE,PARTIT DELS SOCIALISTES DE CATALUNYA,03078706.DAT
Europeas,1987,06,07198706_MUNI,000038,PH,PLATAFORMA HUMANISTA,03078706.DAT
Europeas,1987,06,07198706_TOTA,000026,PSC-PSOE,PARTIT DELS SOCIALISTES DE CATALUNYA,03078706.DAT
Europeas,1987,06,07198706_TOTA,000038,PH,PLATAFORMA HUMANISTA,03078706.DAT
Europeas,1989,06,07198906_MESA,000007,AV-MEC,ALTERNATIVA VERDA-MOVIMENT ECOLOGISTA DE CATALUNYA,03078906.DAT
Europeas,1989,06,07198906_MESA,000022,C.LL.,CATALUNYA LLIURE,03078906.DAT
Europeas,1989,06,07198906_MESA,000029,P.CAR.,PARTIDO CARLISTA,03078906.DAT
Europeas,1989,06,07198906_MESA,000059,PSC-PSOE,PARTIT DELS SOCIALISTES DE CATALUNYA,03078906.DAT
Europeas,1989,06,07198906_MESA,000060,PCPE.PCC,P.C.P.E.-PARTIT DELS COMUNISTES DE CATALUNYA,03078906.DAT
Europeas,1989,06,07198906_MUNI,000007,AV-MEC,ALTERNATIVA VERDA-MOVIMENT ECOLOGISTA DE CATALUNYA,03078906.DAT
Europeas,1989,06,07198906_MUNI,000022,C.LL.,CATALUNYA LLIURE,03078906.DAT
Europeas,1989,06,07198906_MUNI,000029,P.CAR.,PARTIDO CARLISTA,03078906.DAT
Europeas,1989,06,07198906_MUNI,000059,PSC-PSOE,PARTIT DELS SOCIALISTES DE CATALUNYA,03078906.DAT
Europeas,1989,06,07198906_MUNI,000060,PCPE.PCC,P.C.P.E.-PARTIT DELS COMUNISTES DE CATALUNYA,03078906.DAT
Europeas,1989,06,07198906_TOTA,000007,AV-MEC,ALTERNATIVA VERDA-MOVIMENT ECOLOGISTA DE CATALUNYA,03078906.DAT
Europeas,1989,06,07198906_TOTA,000022,C.LL.,CATALUNYA LLIURE,03078906.DAT
Europeas,1989,06,07198906_TOTA,000029,P.CAR.,PARTIDO CARLISTA,03078906.DAT
Europeas,1989,06,07198906_TOTA,000059,PSC-PSOE,PARTIT DELS SOCIALISTES DE CATALUNYA,03078906.DAT
Europeas,1989,06,07198906_TOTA,000060,PCPE.PCC,P.C.P.E.-PARTIT DELS COMUNISTES DE CATALUNYA,03078906.DAT
Europeas,1994,06,07199406_MESA,000016,CEC,ELS VERDS (CONFEDERACIO ECOLOGISTA DE CATALUNYA),03079406.DAT
Europeas,1994,06,07199406_MESA,000017,PCAR,PARTIDO CARLISTA,03079406.DAT
Europeas,1994,06,07199406_MESA,000020,CTC,COMUNION TRADICIONALISTA CARLISTA,03079406.DAT
Europeas,1994,06,07199406_MESA,000041,IU-IC,IZQUIERDA UNIDA-INICIATIVA PER CATALUNYA,03079406.DAT
Europeas,1994,06,07199406_MESA,000051,PSC-PSOE,PARTIT DELS SOCIALISTES DE CATALUNYA,03079406.DAT
Europeas,1994,06,07199406_MESA,000073,ERC-ACC,ESQUERRA REPUBLICANA DE CATALUNYA-A.CATALANA (PEP),03079406.DAT
Europeas,1994,06,07199406_MUNI,000016,CEC,ELS VERDS (CONFEDERACIO ECOLOGISTA DE CATALUNYA),03079406.DAT
Europeas,1994,06,07199406_MUNI,000017,PCAR,PARTIDO CARLISTA,03079406.DAT
Europeas,1994,06,07199406_MUNI,000020,CTC,COMUNION TRADICIONALISTA CARLISTA,03079406.DAT
Europeas,1994,06,07199406_MUNI,000041,IU-IC,IZQUIERDA UNIDA-INICIATIVA PER CATALUNYA,03079406.DAT
Europeas,1994,06,07199406_MUNI,000051,PSC-PSOE,PARTIT DELS SOCIALISTES DE CATALUNYA,03079406.DAT
Europeas,1994,06,07199406_MUNI,000073,ERC-ACC,ESQUERRA REPUBLICANA DE CATALUNYA-A.CATALANA (PEP),03079406.DAT
Europeas,1994,06,07199406_TOTA,000016,CEC,ELS VERDS (CONFEDERACIO ECOLOGISTA DE CATALUNYA),03079406.DAT
Europeas,1994,06,07199406_TOTA,000017,PCAR,PARTIDO CARLISTA,03079406.DAT
Europeas,1994,06,07199406_TOTA,000020,CTC,COMUNION TRADICIONALISTA CARLISTA,03079406.DAT
Europeas,1994,06,07199406_TOTA,000041,IU-IC,IZQUIERDA UNIDA-INICIATIVA PER CATALUNYA,03079406.DAT
Europeas,1994,06,07199406_TOTA,000051,PSC-PSOE,PARTIT DELS SOCIALISTES DE CATALUNYA,03079406.DAT
Europeas,1994,06,07199406_TOTA,000073,ERC-ACC,ESQUERRA REPUBLICANA DE CATALUNYA-A.CATALANA (PEP),03079406.DAT
Europeas,1999,06,07199906_MESA,000126,ERC-EV,ESQUERRA REPUBLICANA DE CATALUNYA - ELS VERDS,03079906.DAT
Europeas,1999,06,07199906_MESA,000141,IPC-VERDES,INICIATIVA PER CATALUNYA - VERDS (ESQ. POBLES),03079906.DAT
Europeas,1999,06,07199906_MESA,000159,PSC-PSOE,PARTIT DELS SOCIALISTES DE CATALUNYA,03079906.DAT
Europeas,1999,06,07199906_MUNI,000126,ERC-EV,ESQUERRA REPUBLICANA DE CATALUNYA - ELS VERDS,03079906.DAT
Europeas,1999,06,07199906_MUNI,000141,IPC-VERDES,INICIATIVA PER CATALUNYA - VERDS (ESQ. POBLES),03079906.DAT
Europeas,1999,06,07199906_MUNI,000159,PSC-PSOE,PARTIT DELS SOCIALISTES DE CATALUNYA,03079906.DAT
Europeas,1999,06,07199906_TOTA,000126,ERC-EV,ESQUERRA REPUBLICANA DE CATALUNYA - ELS VERDS,03079906.DAT
Europeas,1999,06,07199906_TOTA,000141,IPC-VERDES,INICIATIVA PER CATALUNYA - VERDS (ESQ. POBLES),03079906.DAT
Europeas,1999,06,07199906_TOTA,000159,PSC-PSOE,PARTIT DELS SOCIALISTES DE CATALUNYA,03079906.DAT
Europeas,2004,06,07200406_MESA,000006,ERC,ESQUERRA REPUBLICANA DE CATALUNYA,03070406.DAT
Europeas,2004,06,07200406_MESA,000029,ICV-EUIA,INICIATIVA PER CATALUNYA VERDS - ESQUERRA UNIDA I,03070406.DAT
Europeas,2004,06,07200406_MESA,000066,PSC (PSC-PS,PARTIT DELS SOCIALISTES DE CATALUNYA,03070406.DAT
Europeas,2004,06,07200406_MESA,000068,PC,PARTIDO CARLISTA,03070406.DAT
Europeas,2004,06,07200406_MESA,000078,IU-ICV-EUIA,IZQUIERDA UNIDA - INICIATIVA PER CATALUNYA VERDS -,03070406.DAT
Europeas,2004,06,07200406_MUNI,000006,ERC,ESQUERRA REPUBLICANA DE CATALUNYA,03070406.DAT
Europeas,2004,06,07200406_MUNI,000029,ICV-EUIA,INICIATIVA PER CATALUNYA VERDS - ESQUERRA UNIDA I,03070406.DAT
Europeas,2004,06,07200406_MUNI,000066,PSC (PSC-PS,PARTIT DELS SOCIALISTES DE CATALUNYA,03070406.DAT
Europeas,2004,06,07200406_MUNI,000068,PC,PARTIDO CARLISTA,03070406.DAT
Europeas,2004,06,07200406_MUNI,000078,IU-ICV-EUIA,IZQUIERDA UNIDA - INICIATIVA PER CATALUNYA VERDS -,03070406.DAT
Europeas,2004,06,07200406_TOTA,000006,ERC,ESQUERRA REPUBLICANA DE CATALUNYA,03070406.DAT
Europeas,2004,06,07200406_TOTA,000029,ICV-EUIA,INICIATIVA PER CATALUNYA VERDS - ESQUERRA UNIDA I,03070406.DAT
Europeas,2004,06,07200406_TOTA,000066,PSC (PSC-PS,PARTIT DELS SOCIALISTES DE CATALUNYA,03070406.DAT
Europeas,2004,06,07200406_TOTA,000068,PC,PARTIDO CARLISTA,03070406.DAT
Europeas,2004,06,07200406_TOTA,000078,IU-ICV-EUIA,IZQUIERDA UNIDA - INICIATIVA PER CATALUNYA VERDS -,03070406.DAT
Europeas,2009,06,07200906_MESA,000021,IU-ICV-EUiA-BA,IZQUIERDA UNIDA-INICIATIVA PER CATALUNYA VERDS-ESQUERRA UNIDA I ALTERNATIVA-BLOQUE POR ASTURIES: LA IZQUIERDA,03070906.DAT
Europeas,2009,06,07200906_MESA,000052,ERC-(Edp-V),ESQUERRA REPUBLICANA DE CATALUNYA-(EUROPA DELS POBLES-VERDS),03070906.DAT
Europeas,2009,06,07200906_MESA,000063,ICV-EUiA,INICIATIVA PER CATALUNYA VERDS-ESQUERRA UNIDA I ALTERNATIVA: L'ESQUERRA,03070906.DAT
Europeas,2009,06,07200906_MESA,000078,PSC-PSOE,PARTIT DELS SOCIALISTES DE CATALUNYA PSC,03070906.DAT
Europeas,2009,06,07200906_MUNI,000021,IU-ICV-EUiA-BA,IZQUIERDA UNIDA-INICIATIVA PER CATALUNYA VERDS-ESQUERRA UNIDA I ALTERNATIVA-BLOQUE POR ASTURIES: LA IZQUIERDA,03070906.DAT
Europeas,2009,06,07200906_MUNI,000052,ERC-(Edp-V),ESQUERRA REPUBLICANA DE CATALUNYA-(EUROPA DELS POBLES-VERDS),03070906.DAT
Europeas,2009,06,07200906_MUNI,000063,ICV-EUiA,INICIATIVA PER CATALUNYA VERDS-ESQUERRA UNIDA I ALTERNATIVA: L'ESQUERRA,03070906.DAT
Europeas,2009,06,07200906_MUNI,000078,PSC-PSOE,PARTIT DELS SOCIALISTES DE CATALUNYA PSC,03070906.DAT
Europeas,2009,06,07200906_TOTA,000021,IU-ICV-EUiA-BA,IZQUIERDA UNIDA-INICIATIVA PER CATALUNYA VERDS-ESQUERRA UNIDA I ALTERNATIVA-BLOQUE POR ASTURIES: LA IZQUIERDA,03070906.DAT
Europeas,2009,06,07200906_TOTA,000052,ERC-(Edp-V),ESQUERRA REPUBLICANA DE CATALUNYA-(EUROPA DELS POBLES-VERDS),03070906.DAT
Europeas,2009,06,07200906_TOTA,000063,ICV-EUiA,INICIATIVA PER CATALUNYA VERDS-ESQUERRA UNIDA I ALTERNATIVA: L'ESQUERRA,03070906.DAT
Europeas,2009,06,07200906_TOTA,000078,PSC-PSOE,PARTIT DELS SOCIALISTES DE CATALUNYA PSC,03070906.DAT
Europeas,2014,05,07201405_MESA,000065,PSC-PSOE,PARTIT DELS SOCIALISTES DE CATALUNYA,03071405.DAT
Europeas,2014,05,07201405_MESA,000129,ERC-NECat-EPDD,ESQUERRA REPUBLICANA - NOVA ESQUERRA CATALANA - CATALUNYA SÍ - L'ESQUERRA PEL DRET A DECIDIR,03071405.DAT
Europeas,2014,05,07201405_MESA,000196,ICV-EUiA,INICIATIVA PER CATALUNYA VERDS - ESQUERRA UNIDA I ALTERNATIVA: L'ESQUERRA PLURAL,03071405.DAT
Europeas,2014,05,07201405_MESA,000238,PIRATA.CAT,PIRATES DE CATALUNYA - CONFEDERACIÓN PIRATA - EUROPEAN PIRATES,03071405.DAT
Europeas,2014,05,07201405_MUNI,000065,PSC-PSOE,PARTIT DELS SOCIALISTES DE CATALUNYA,03071405.DAT
Europeas,2014,05,07201405_MUNI,000129,ERC-NECat-EPDD,ESQUERRA REPUBLICANA - NOVA ESQUERRA CATALANA - CATALUNYA SÍ - L'ESQUERRA PEL DRET A DECIDIR,03071405.DAT
Europeas,2014,05,07201405_MUNI,000196,ICV-EUiA,INICIATIVA PER CATALUNYA VERDS - ESQUERRA UNIDA I ALTERNATIVA: L'ESQUERRA PLURAL,03071405.DAT
Europeas,2014,05,07201405_MUNI,000238,PIRATA.CAT,PIRATES DE CATALUNYA - CONFEDERACIÓN PIRATA - EUROPEAN PIRATES,03071405.DAT
Europeas,2014,05,07201405_TOTA,000065,PSC-PSOE,PARTIT DELS SOCIALISTES DE CATALUNYA,03071405.DAT
Europeas,2014,05,07201405_TOTA,000129,ERC-NECat-EPDD,ESQUERRA REPUBLICANA - NOVA ESQUERRA CATALANA - CATALUNYA SÍ - L'ESQUERRA PEL DRET A DECIDIR,03071405.DAT
Europeas,2014,05,07201405_TOTA,000196,ICV-EUiA,INICIATIVA PER CATALUNYA VERDS - ESQUERRA UNIDA I ALTERNATIVA: L'ESQUERRA PLURAL,03071405.DAT
Europeas,2014,05,07201405_TOTA,000238,PIRATA.CAT,PIRATES DE CATALUNYA - CONFEDERACIÓN PIRATA - EUROPEAN PIRATES,03071405.DAT
Europeas,2019,05,07201905_MESA,000027,pirates.cat/ep,PIRATES DE CATALUNYA - EUROPEAN PIRATES,03071905.DAT
Europeas,2019,05,07201905_MESA,000040,PSC,PARTIT DELS SOCIALISTES DE CATALUNYA (PSC-PSOE),03071905.DAT
Europeas,2019,05,07201905_MESA,000048,ERC-ARA REPÚBLIQUES,ESQUERRA REPUBLICANA DE CATALUNYA -ARA REPÚBLIQUES,03071905.DAT
Europeas,2019,05,07201905_MESA,000050,PCTC,PARTIT COMUNISTA DELS TREBALLADORS DE CATALUNYA,03071905.DAT
Europeas,2019,05,07201905_MESA,000064,PCPE-PCPC-PCPA,PCPC-PARTIT COMUNISTA DEL POBLE DE CATALUNYA,03071905.DAT
Europeas,2019,05,07201905_MESA,000077,JxCAT-JUNTS,JUNTS PER CATALUNYA-LLIURES PER EUROPA,03071905.DAT
Europeas,2019,05,07201905_MUNI,000027,pirates.cat/ep,PIRATES DE CATALUNYA - EUROPEAN PIRATES,03071905.DAT
Europeas,2019,05,07201905_MUNI,000040,PSC,PARTIT DELS SOCIALISTES DE CATALUNYA (PSC-PSOE),03071905.DAT
Europeas,2019,05,07201905_MUNI,000048,ERC-ARA REPÚBLIQUES,ESQUERRA REPUBLICANA DE CATALUNYA -ARA REPÚBLIQUES,03071905.DAT
Europeas,2019,05,07201905_MUNI,000050,PCTC,PARTIT COMUNISTA DELS TREBALLADORS DE CATALUNYA,03071905.DAT
Europeas,2019,05,07201905_MUNI,000064,PCPE-PCPC-PCPA,PCPC-PARTIT COMUNISTA DEL POBLE DE CATALUNYA,03071905.DAT
Europeas,2019,05,07201905_MUNI,000077,JxCAT-JUNTS,JUNTS PER CATALUNYA-LLIURES PER EUROPA,03071905.DAT
Europeas,2019,05,07201905_TOTA,000027,pirates.cat/ep,PIRATES DE CATALUNYA - EUROPEAN PIRATES,03071905.DAT
Europeas,2019,05,07201905_TOTA,000040,PSC,PARTIT DELS SOCIALISTES DE CATALUNYA (PSC-PSOE),03071905.DAT
Europeas,2019,05,07201905_TOTA,000048,ERC-ARA REPÚBLIQUES,ESQUERRA REPUBLICANA DE CATALUNYA -ARA REPÚBLIQUES,03071905.DAT
Europeas,2019,05,07201905_TOTA,000050,PCTC,PARTIT COMUNISTA DELS TREBALLADORS DE CATALUNYA,03071905.DAT
Europeas,2019,05,07201905_TOTA,000064,PCPE-PCPC-PCPA,PCPC-PARTIT COMUNISTA DEL POBLE DE CATALUNYA,03071905.DAT
Europeas,2019,05,07201905_TOTA,000077,JxCAT-JUNTS,JUNTS PER CATALUNYA-LLIURES PER EUROPA,03071905.DAT
Europeas,2024,06,07202406_TOTA,000012,ERC-ARA REPÚBLIQUES,ESQUERRA REPUBLICANA DE CATALUNYA-ARA REPÚBLIQUES,03072406.DAT
Europeas,2024,06,07202406_TOTA,000028,PCTC,PARTIT COMUNISTA DELS TREBALLADORS DE CATALUNYA,03072406.DAT
Europeas,2024,06,07202406_TOTA,000029,PCPE/PCPC,COALICIÓN PARTIDO COMUNISTA DE LOS PUEBLOS DE ESPAÑA / PARTIT COMUNISTA DEL POBLE DE CATALUNYA,03072406.DAT
Europeas,2024,06,07202406_TOTA,000061,PSC,PARTIT DELS SOCIALISTES DE CATALUNYA (PSC-PSOE),03072406.DAT
Europeas,2024,06,07202406_TOTA,000068,PIRATES.CAT / REBELS,PIRATES DE CATALUNYA - EUROPEAN PIRATES - ALIANÇA REBEL,03072406.DAT
Municipales,1979,04,04197904_MUNI,001148,ERC,Esquerra Republicana de Catalunya Ame Front Nacion,03047904.DAT
Municipales,1979,04,04197904_MUNI,000938,CC,Comunistes de Catalunya,03047904.DAT
Municipales,1979,04,04197904_MUNI,002176,PSC-PSOE,Partit dels Socialistes de Catalunya,03047904.DAT
Municipales,1979,04,04197904_MUNI,002125,PCOC,Partit Comunista Obrer de Catalunya,03047904.DAT
Municipales,1979,04,04197904_MUNI,001150,ERC-FNC,Esquerra Republicana de Catalunya amb Front Nacion,03047904.DAT
Municipales,1979,04,04197904_MUNI,002179,PSC-PSOE,Socialistes de Catalunya,03047904.DAT
Municipales,1979,04,04197904_MUNI,002154,PLC,Partit Liberal de Catalunya,03047904.DAT
Municipales,1979,04,04197904_MUNI,001762,INDEP/3,"Independiente ""Per Berga y per Catalunya""",03047904.DAT
Municipales,1979,04,04197904_MUNI,000945,CC-UCD,Centristes de Catalunya - Unión de Centro Democrát,03047904.DAT
Municipales,1979,04,04197904_MUNI,001168,FN,Fuerza Nueva,03047904.DAT
Municipales,1979,04,04197904_MUNI,002177,PSC-PSOE,Partit dels Socialistes de Catalunya - PSOE,03047904.DAT
Municipales,1979,04,04197904_MUNI,002128,PC,Partido Carlista,03047904.DAT
Municipales,1979,04,04197904_MUNI,002110,P. Carlista,Partido Carlista,03047904.DAT
Municipales,1979,04,04197904_MUNI,002178,PSC-PSOE,Partit Socialista de Catalunya,03047904.DAT
Municipales,1979,04,04197904_MUNI,001149,ERC-FNC,Esquerra Republicana de Catalunya amb Front Nacion,03047904.DAT
Municipales,1979,04,04197904_MUNI,001092,COM.C.,Comunistes de Catalunya,03047904.DAT
Municipales,1979,04,04197904_MUNI,002060,MCC-OEC,Moviment Comunista de Catalunya-Organització d'Esq,03047904.DAT
Municipales,1979,04,04197904_MUNI,000944,CC-UCD,Centristes de Catalunya-UCD,03047904.DAT
Municipales,1979,04,04197904_MUNI,002175,PSC-PSOE,Partit Del Socialistes De Catalunya,03047904.DAT
Municipales,1979,04,04197904_MUNI,002202,PSUC,Partit Socialista Unificat de Catalunya,03047904.DAT
Municipales,1979,04,04197904_MUNI,001135,EKA,Partido Carlista,03047904.DAT
Municipales,1979,04,04197904_MUNI,002061,MCC-OEC,Moviment Comunista de Catalunya - Organizació Esqu,03047904.DAT
Municipales,1979,04,04197904_MUNI,002217,PTC,Partit del Treball de Catalunya ( Fed. Cataluña PT,03047904.DAT
Municipales,1979,04,04197904_MUNI,002112,PCC,Partit Carlí de Catalunya,03047904.DAT
Municipales,1979,04,04197904_MUNI,002216,PTC,Partit del Treball de Catalunya,03047904.DAT
Municipales,1979,04,04197904_MUNI,002111,P. CARL,Partido Carlista,03047904.DAT
Municipales,1979,04,04197904_MUNI,001147,ERC,Esquerra Republicana de Catalunya,03047904.DAT
Municipales,1979,04,04197904_MUNI,002218,PTC,Partit del Treball de Catalunya ( Federación de Ca,03047904.DAT
Municipales,1979,04,04197904_TOTA,001148,ERC,Esquerra Republicana de Catalunya Ame Front Nacion,03047904.DAT
Municipales,1979,04,04197904_TOTA,000938,CC,Comunistes de Catalunya,03047904.DAT
Municipales,1979,04,04197904_TOTA,002176,PSC-PSOE,Partit dels Socialistes de Catalunya,03047904.DAT
Municipales,1979,04,04197904_TOTA,002125,PCOC,Partit Comunista Obrer de Catalunya,03047904.DAT
Municipales,1979,04,04197904_TOTA,001150,ERC-FNC,Esquerra Republicana de Catalunya amb Front Nacion,03047904.DAT
Municipales,1979,04,04197904_TOTA,002179,PSC-PSOE,Socialistes de Catalunya,03047904.DAT
Municipales,1979,04,04197904_TOTA,002154,PLC,Partit Liberal de Catalunya,03047904.DAT
Municipales,1979,04,04197904_TOTA,001762,INDEP/3,"Independiente ""Per Berga y per Catalunya""",03047904.DAT
Municipales,1979,04,04197904_TOTA,000945,CC-UCD,Centristes de Catalunya - Unión de Centro Democrát,03047904.DAT
Municipales,1979,04,04197904_TOTA,001168,FN,Fuerza Nueva,03047904.DAT
Municipales,1979,04,04197904_TOTA,002177,PSC-PSOE,Partit dels Socialistes de Catalunya - PSOE,03047904.DAT
Municipales,1979,04,04197904_TOTA,002128,PC,Partido Carlista,03047904.DAT
Municipales,1979,04,04197904_TOTA,002110,P. Carlista,Partido Carlista,03047904.DAT
Municipales,1979,04,04197904_TOTA,002178,PSC-PSOE,Partit Socialista de Catalunya,03047904.DAT
Municipales,1979,04,04197904_TOTA,001149,ERC-FNC,Esquerra Republicana de Catalunya amb Front Nacion,03047904.DAT
Municipales,1979,04,04197904_TOTA,001092,COM.C.,Comunistes de Catalunya,03047904.DAT
Municipales,1979,04,04197904_TOTA,002060,MCC-OEC,Moviment Comunista de Catalunya-Organització d'Esq,03047904.DAT
Municipales,1979,04,04197904_TOTA,000944,CC-UCD,Centristes de Catalunya-UCD,03047904.DAT
Municipales,1979,04,04197904_TOTA,002175,PSC-PSOE,Partit Del Socialistes De Catalunya,03047904.DAT
Municipales,1979,04,04197904_TOTA,002202,PSUC,Partit Socialista Unificat de Catalunya,03047904.DAT
Municipales,1979,04,04197904_TOTA,001135,EKA,Partido Carlista,03047904.DAT
Municipales,1979,04,04197904_TOTA,002061,MCC-OEC,Moviment Comunista de Catalunya - Organizació Esqu,03047904.DAT
Municipales,1979,04,04197904_TOTA,002217,PTC,Partit del Treball de Catalunya ( Fed. Cataluña PT,03047904.DAT
Municipales,1979,04,04197904_TOTA,002112,PCC,Partit Carlí de Catalunya,03047904.DAT
Municipales,1979,04,04197904_TOTA,002216,PTC,Partit del Treball de Catalunya,03047904.DAT
Municipales,1979,04,04197904_TOTA,002111,P. CARL,Partido Carlista,03047904.DAT
Municipales,1979,04,04197904_TOTA,001147,ERC,Esquerra Republicana de Catalunya,03047904.DAT
Municipales,1979,04,04197904_TOTA,002218,PTC,Partit del Treball de Catalunya ( Federación de Ca,03047904.DAT
Municipales,1983,05,04198305_MUNI,000372,ERC,ESQUERRA REPUBLICANA DE CATALUNYA,03048305.DAT
Municipales,1983,05,04198305_MUNI,000535,MCC,MOVIMIENTO COMUNISTA DE CATALUNYA,03048305.DAT
Municipales,1983,05,04198305_MUNI,000562,EKA,PARTIDO CARLISTA,03048305.DAT
Municipales,1983,05,04198305_MUNI,000563,PC,PARTIDO CARLISTA,03048305.DAT
Municipales,1983,05,04198305_MUNI,000564,PCAR,PARTIDO CARLISTA,03048305.DAT
Municipales,1983,05,04198305_MUNI,000565,PCARL,PARTIDO CARLISTA,03048305.DAT
Municipales,1983,05,04198305_MUNI,000573,PCC,PARTIDO COMUNISTA DE CATALUNYA,03048305.DAT
Municipales,1983,05,04198305_MUNI,000642,PSC-PSOE,PARTIT DELS SOCIALISTES DE CATALUNYA-PARTIDO SOCIA,03048305.DAT
Municipales,1983,05,04198305_MUNI,000643,PSC-PSOEU,PARTIT DELS SOCIALISTES DE CATALUNYA-PARTIDO SOCIA,03048305.DAT
Municipales,1983,05,04198305_MUNI,000647,PSUC,PARTIT SOCIALISTA UNIFICAT DE CATALUNYA,03048305.DAT
Municipales,1983,05,04198305_MUNI,000660,PIV,PLATAFORMA INDEPENDIENTE VALVERDEJEÑA,03048305.DAT
Municipales,1983,05,04198305_TOTA,000372,ERC,ESQUERRA REPUBLICANA DE CATALUNYA,03048305.DAT
Municipales,1983,05,04198305_TOTA,000535,MCC,MOVIMIENTO COMUNISTA DE CATALUNYA,03048305.DAT
Municipales,1983,05,04198305_TOTA,000562,EKA,PARTIDO CARLISTA,03048305.DAT
Municipales,1983,05,04198305_TOTA,000563,PC,PARTIDO CARLISTA,03048305.DAT
Municipales,1983,05,04198305_TOTA,000564,PCAR,PARTIDO CARLISTA,03048305.DAT
Municipales,1983,05,04198305_TOTA,000565,PCARL,PARTIDO CARLISTA,03048305.DAT
Municipales,1983,05,04198305_TOTA,000573,PCC,PARTIDO COMUNISTA DE CATALUNYA,03048305.DAT
Municipales,1983,05,04198305_TOTA,000642,PSC-PSOE,PARTIT DELS SOCIALISTES DE CATALUNYA-PARTIDO SOCIA,03048305.DAT
Municipales,1983,05,04198305_TOTA,000643,PSC-PSOEU,PARTIT DELS SOCIALISTES DE CATALUNYA-PARTIDO SOCIA,03048305.DAT
Municipales,1983,05,04198305_TOTA,000647,PSUC,PARTIT SOCIALISTA UNIFICAT DE CATALUNYA,03048305.DAT
Municipales,1983,05,04198305_TOTA,000660,PIV,PLATAFORMA INDEPENDIENTE VALVERDEJEÑA,03048305.DAT
Municipales,1987,06,04198706_MESA,101211,IND-1 10121,PLATAFORMA PROGRESISTA INDEPENDIENTE,03048706.DAT
Municipales,1987,06,04198706_MESA,140271,IND-1 14027,PLATAFORMA DEMOCRATICA DE FERNAN-NUÑEZ,03048706.DAT
Municipales,1987,06,04198706_MESA,000135,PGIS,PLATAFORMA DE GRUPOS INDEPENDIENTES SEVILLANOS,03048706.DAT
Municipales,1987,06,04198706_MESA,000144,AV-MEC,ALTERNATIVA VERDE-MOV.ECOLOGISTA PER CATALUNYA,03048706.DAT
Municipales,1987,06,04198706_MESA,000145,PEC-V,PARTIDO ECOLOGISTA DE CATALUNYA-VERDE,03048706.DAT
Municipales,1987,06,04198706_MESA,000146,PSDC-EC,PART.SOCIALDEMOCRATA DE CATALUNYA-ESTAT CATALA,03048706.DAT
Municipales,1987,06,04198706_MESA,000147,IPC,INICIATIVA PER CATALUNYA,03048706.DAT
Municipales,1987,06,04198706_MESA,000151,PTC-UC,PARTIT DELS TREBALLADORS DE CATALUNYA-UC,03048706.DAT
Municipales,1987,06,04198706_MESA,060161,PIBP,PLATAFORMA INDEPENDIENTE BARCARROTA,03048706.DAT
Municipales,1987,06,04198706_MESA,000012,ERC,ESQUERRA REPUBLICANA DE CATALUNYA,03048706.DAT
Municipales,1987,06,04198706_MESA,000026,PSC-PSOE,PARTIT DELS SOCIALISTES DE CATALUNYA,03048706.DAT
Municipales,1987,06,04198706_MESA,000038,PH,PLATAFORMA HUMANISTA,03048706.DAT
Municipales,1987,06,04198706_MESA,260111,PAC,PLATAFORMA DE ACCION CIUDADANA,03048706.DAT
Municipales,1987,06,04198706_MESA,000088,PCA,PARTIDO CARLISTA,03048706.DAT
Municipales,1987,06,04198706_MESA,000129,PPCG,PLATAFORMA PROGRESISTA DE COMARQUES GIRONINES,03048706.DAT
Municipales,1987,06,04198706_MESA,360021,PENB,PLATAFORMA DE EZQUERDA E DOS NACIONALISTAS DE B.,03048706.DAT
Municipales,1987,06,04198706_MESA,360211,PVG,PLATAFORMA VECINAL GONDOMAR,03048706.DAT
Municipales,1987,06,04198706_MESA,390061,PIC,PLATAFORMA INDEPENDIENTE DE CANTABRIA,03048706.DAT
Municipales,1987,06,04198706_MESA,431481,PEC,PROPOSTA D'ESQUERRES PER CATALUNYA,03048706.DAT
Municipales,1987,06,04198706_MESA,461101,PLIX,PLATAFORMA INDEPENDIENTE DE XIRIVELLA,03048706.DAT
Municipales,1987,06,04198706_MUNI,101211,IND-1 10121,PLATAFORMA PROGRESISTA INDEPENDIENTE,03048706.DAT
Municipales,1987,06,04198706_MUNI,140271,IND-1 14027,PLATAFORMA DEMOCRATICA DE FERNAN-NUÑEZ,03048706.DAT
Municipales,1987,06,04198706_MUNI,000135,PGIS,PLATAFORMA DE GRUPOS INDEPENDIENTES SEVILLANOS,03048706.DAT
Municipales,1987,06,04198706_MUNI,000144,AV-MEC,ALTERNATIVA VERDE-MOV.ECOLOGISTA PER CATALUNYA,03048706.DAT
Municipales,1987,06,04198706_MUNI,000145,PEC-V,PARTIDO ECOLOGISTA DE CATALUNYA-VERDE,03048706.DAT
Municipales,1987,06,04198706_MUNI,000146,PSDC-EC,PART.SOCIALDEMOCRATA DE CATALUNYA-ESTAT CATALA,03048706.DAT
Municipales,1987,06,04198706_MUNI,000147,IPC,INICIATIVA PER CATALUNYA,03048706.DAT
Municipales,1987,06,04198706_MUNI,000151,PTC-UC,PARTIT DELS TREBALLADORS DE CATALUNYA-UC,03048706.DAT
Municipales,1987,06,04198706_MUNI,060161,PIBP,PLATAFORMA INDEPENDIENTE BARCARROTA,03048706.DAT
Municipales,1987,06,04198706_MUNI,000012,ERC,ESQUERRA REPUBLICANA DE CATALUNYA,03048706.DAT
Municipales,1987,06,04198706_MUNI,000026,PSC-PSOE,PARTIT DELS SOCIALISTES DE CATALUNYA,03048706.DAT
Municipales,1987,06,04198706_MUNI,000038,PH,PLATAFORMA HUMANISTA,03048706.DAT
Municipales,1987,06,04198706_MUNI,260111,PAC,PLATAFORMA DE ACCION CIUDADANA,03048706.DAT
Municipales,1987,06,04198706_MUNI,000088,PCA,PARTIDO CARLISTA,03048706.DAT
Municipales,1987,06,04198706_MUNI,000129,PPCG,PLATAFORMA PROGRESISTA DE COMARQUES GIRONINES,03048706.DAT
Municipales,1987,06,04198706_MUNI,360021,PENB,PLATAFORMA DE EZQUERDA E DOS NACIONALISTAS DE B.,03048706.DAT
Municipales,1987,06,04198706_MUNI,360211,PVG,PLATAFORMA VECINAL GONDOMAR,03048706.DAT
Municipales,1987,06,04198706_MUNI,390061,PIC,PLATAFORMA INDEPENDIENTE DE CANTABRIA,03048706.DAT
Municipales,1987,06,04198706_MUNI,431481,PEC,PROPOSTA D'ESQUERRES PER CATALUNYA,03048706.DAT
Municipales,1987,06,04198706_MUNI,461101,PLIX,PLATAFORMA INDEPENDIENTE DE XIRIVELLA,03048706.DAT
Municipales,1987,06,04198706_TOTA,101211,IND-1 10121,PLATAFORMA PROGRESISTA INDEPENDIENTE,03048706.DAT
Municipales,1987,06,04198706_TOTA,140271,IND-1 14027,PLATAFORMA DEMOCRATICA DE FERNAN-NUÑEZ,03048706.DAT
Municipales,1987,06,04198706_TOTA,000135,PGIS,PLATAFORMA DE GRUPOS INDEPENDIENTES SEVILLANOS,03048706.DAT
Municipales,1987,06,04198706_TOTA,000144,AV-MEC,ALTERNATIVA VERDE-MOV.ECOLOGISTA PER CATALUNYA,03048706.DAT
Municipales,1987,06,04198706_TOTA,000145,PEC-V,PARTIDO ECOLOGISTA DE CATALUNYA-VERDE,03048706.DAT
Municipales,1987,06,04198706_TOTA,000146,PSDC-EC,PART.SOCIALDEMOCRATA DE CATALUNYA-ESTAT CATALA,03048706.DAT
Municipales,1987,06,04198706_TOTA,000147,IPC,INICIATIVA PER CATALUNYA,03048706.DAT
Municipales,1987,06,04198706_TOTA,000151,PTC-UC,PARTIT DELS TREBALLADORS DE CATALUNYA-UC,03048706.DAT
Municipales,1987,06,04198706_TOTA,060161,PIBP,PLATAFORMA INDEPENDIENTE BARCARROTA,03048706.DAT
Municipales,1987,06,04198706_TOTA,000012,ERC,ESQUERRA REPUBLICANA DE CATALUNYA,03048706.DAT
Municipales,1987,06,04198706_TOTA,000026,PSC-PSOE,PARTIT DELS SOCIALISTES DE CATALUNYA,03048706.DAT
Municipales,1987,06,04198706_TOTA,000038,PH,PLATAFORMA HUMANISTA,03048706.DAT
Municipales,1987,06,04198706_TOTA,260111,PAC,PLATAFORMA DE ACCION CIUDADANA,03048706.DAT
Municipales,1987,06,04198706_TOTA,000088,PCA,PARTIDO CARLISTA,03048706.DAT
Municipales,1987,06,04198706_TOTA,000129,PPCG,PLATAFORMA PROGRESISTA DE COMARQUES GIRONINES,03048706.DAT
Municipales,1987,06,04198706_TOTA,360021,PENB,PLATAFORMA DE EZQUERDA E DOS NACIONALISTAS DE B.,03048706.DAT
Municipales,1987,06,04198706_TOTA,360211,PVG,PLATAFORMA VECINAL GONDOMAR,03048706.DAT
Municipales,1987,06,04198706_TOTA,390061,PIC,PLATAFORMA INDEPENDIENTE DE CANTABRIA,03048706.DAT
Municipales,1987,06,04198706_TOTA,431481,PEC,PROPOSTA D'ESQUERRES PER CATALUNYA,03048706.DAT
Municipales,1987,06,04198706_TOTA,461101,PLIX,PLATAFORMA INDEPENDIENTE DE XIRIVELLA,03048706.DAT
Municipales,1991,05,04199105_MESA,461101,PLIX,PLATAFORMA INDEPEND. DE XIRIVELLA,03049105.DAT
Municipales,1991,05,04199105_MESA,281131,IND/1 28113,PLATAFORMA CIUDADANA DE PINTO,03049105.DAT
Municipales,1991,05,04199105_MESA,281503,PITV,PLATAFORMA DE IZQUIERDAS DE TORREJON DE VELASCO,03049105.DAT
Municipales,1991,05,04199105_MESA,281522,PIC,PLATAFORMA DE INTEGRACION CIUDADANA,03049105.DAT
Municipales,1991,05,04199105_MESA,502971,IND/1 50297,PLATAFORMA MUNICIPAL DE IZQUIERDAS,03049105.DAT
Municipales,1991,05,04199105_MESA,140271,PD,PLATAFORMA DEMOCRATICA DE FERNAN-NUÑEZ,03049105.DAT
Municipales,1991,05,04199105_MESA,150111,IND/1 15011,PLATAFORMA VECINAL UNITARIA,03049105.DAT
Municipales,1991,05,04199105_MESA,150361,PME,COALICION ELECTORAL PLATAFORMA MUNICIPAL ESQUERDAS,03049105.DAT
Municipales,1991,05,04199105_MESA,000260,IC-AV,COALIC. INICIATIVA PER CATALUNYA-ALTERNATIVA VERDE,03049105.DAT
Municipales,1991,05,04199105_MESA,020031,P.I,PLATAFORMA DE IZQUIERDAS,03049105.DAT
Municipales,1991,05,04199105_MESA,150781,PVU,PLATAFORMA VECIÑAL UNITARIA,03049105.DAT
Municipales,1991,05,04199105_MESA,020561,PI.,PLATAFORMA DE IZQUIERDAS,03049105.DAT
Municipales,1991,05,04199105_MESA,180142,IND/2 18014,PLATAFORMA DE VECINOS,03049105.DAT
Municipales,1991,05,04199105_MESA,060162,PIB,PLATAFORMA INDEPENDIENTE BARCARROTA,03049105.DAT
Municipales,1991,05,04199105_MESA,060601,PIG,PLATAFORMA INDEPENDIENTE DE GUAREÑA,03049105.DAT
Municipales,1991,05,04199105_MESA,060791,PMM,PLATAFORMA MUNICIPAL DE MANCHITA,03049105.DAT
Municipales,1991,05,04199105_MESA,330763,PI.,COALICION PLATAFORMA DE IZQUIERDAS,03049105.DAT
Municipales,1991,05,04199105_MESA,080193,CRC,CENTRE RADICAL DE CATALUNYA,03049105.DAT
Municipales,1991,05,04199105_MESA,360011,PA,PLATAFORMA POR ARBO,03049105.DAT
Municipales,1991,05,04199105_MESA,380231,PMI,PLATAFORMA MUNICIPAL INDEPENDIENTE,03049105.DAT
Municipales,1991,05,04199105_MESA,000014,PI,PLATAFORMA DE IZQUIERDAS,03049105.DAT
Municipales,1991,05,04199105_MESA,000015,PUI,PLATAFORMA UNITARIA DE LA IZQUIERDA,03049105.DAT
Municipales,1991,05,04199105_MESA,000031,P/CARLISTA,PARTIDO CARLISTA,03049105.DAT
Municipales,1991,05,04199105_MESA,000053,PSC-PSOE,PARTIT DELS SOCIALISTES DE CATALUNYA,03049105.DAT
Municipales,1991,05,04199105_MESA,000057,PCC,PARTIT DELS COMUNISTES DE CATALUNYA,03049105.DAT
Municipales,1991,05,04199105_MESA,000058,AV-MEC,ALTERNATIVA VERDA-MOVIMENT ECOLOG. DE CATALUNYA,03049105.DAT
Municipales,1991,05,04199105_MESA,000059,IC,INICIATIVA PER CATALUNYA,03049105.DAT
Municipales,1991,05,04199105_MESA,000061,PEC-VERDE,PARTIT ECOLOGISTA DE CATALUNYA-VERDE,03049105.DAT
Municipales,1991,05,04199105_MESA,000062,ERC,ESQUERRA REPUBLICANA DE CATALUNYA,03049105.DAT
Municipales,1991,05,04199105_MESA,000115,P.I.,PLATAFORMA DE IZQUIERDAS.,03049105.DAT
Municipales,1991,05,04199105_MESA,000127,PE,PLATAFORMA D'ESQUERRES,03049105.DAT
Municipales,1991,05,04199105_MESA,000132,EKA,PARTIDO CARLISTA.,03049105.DAT
Municipales,1991,05,04199105_MESA,000151,PVE,PLATAFORMA VECINAL DE ESQUERDA,03049105.DAT
Municipales,1991,05,04199105_MESA,000156,PPCG,PLATAFORMA PROGRESSISTA DE LES COMARQUES GIRONINES,03049105.DAT
Municipales,1991,05,04199105_MESA,000178,PEC,PROPOSTA D'ESQUERRES PER CATALUNYA,03049105.DAT
Municipales,1991,05,04199105_MESA,000182,CLL,CATALUNYA LLIURE,03049105.DAT
Municipales,1991,05,04199105_MESA,000196,CPC,CONVERGENCIA PER CATALUNYA,03049105.DAT
Municipales,1991,05,04199105_MESA,000216,IC/UPM,PROGRES DEL MONTSIA-INICIATIVA PER CATALUNYA,03049105.DAT
Municipales,1991,05,04199105_MESA,000220,IC-UPM,INICIATIVA PER CATALUNYA-UNIO DE PROGRES MUNICIPAL,03049105.DAT
Municipales,1991,05,04199105_MESA,000225,PCOC,PARTIT COMUNISTA OBRERO DE CATALUNYA,03049105.DAT
Municipales,1991,05,04199105_MESA,000255,PUI.,PLATAFORMA UNITARIA DE IZQUIERDAS,03049105.DAT
Municipales,1991,05,04199105_MESA,200671,P/I,PLATAFORMA DE IZQUIERDAS,03049105.DAT
Municipales,1991,05,04199105_MESA,200691,PI,PLATAFORMA DE IZQUIERDAS,03049105.DAT
Municipales,1991,05,04199105_MESA,280071,PDI,PLATAFORMA DEMOCRATICA DE IZQUIERDAS,03049105.DAT
Municipales,1991,05,04199105_MESA,431552,PIM,PLATAFORMA INDEPENDENT MUNICIPAL,03049105.DAT
Municipales,1991,05,04199105_MESA,280921,PD X M,PARTIDO PLATAFORMA DEMOCRATICA POR MOSTOLES,03049105.DAT
Municipales,1991,05,04199105_MESA,330242,P.I,COALICION PLATAFORMA DE IZQUIERDAS,03049105.DAT
Municipales,1991,05,04199105_MESA,360331,PV POR MOS,PLATAFORMA VECINAL POR MOS,03049105.DAT
Municipales,1991,05,04199105_MUNI,461101,PLIX,PLATAFORMA INDEPEND. DE XIRIVELLA,03049105.DAT
Municipales,1991,05,04199105_MUNI,281131,IND/1 28113,PLATAFORMA CIUDADANA DE PINTO,03049105.DAT
Municipales,1991,05,04199105_MUNI,281503,PITV,PLATAFORMA DE IZQUIERDAS DE TORREJON DE VELASCO,03049105.DAT
Municipales,1991,05,04199105_MUNI,281522,PIC,PLATAFORMA DE INTEGRACION CIUDADANA,03049105.DAT
Municipales,1991,05,04199105_MUNI,502971,IND/1 50297,PLATAFORMA MUNICIPAL DE IZQUIERDAS,03049105.DAT
Municipales,1991,05,04199105_MUNI,140271,PD,PLATAFORMA DEMOCRATICA DE FERNAN-NUÑEZ,03049105.DAT
Municipales,1991,05,04199105_MUNI,150111,IND/1 15011,PLATAFORMA VECINAL UNITARIA,03049105.DAT
Municipales,1991,05,04199105_MUNI,150361,PME,COALICION ELECTORAL PLATAFORMA MUNICIPAL ESQUERDAS,03049105.DAT
Municipales,1991,05,04199105_MUNI,000260,IC-AV,COALIC. INICIATIVA PER CATALUNYA-ALTERNATIVA VERDE,03049105.DAT
Municipales,1991,05,04199105_MUNI,020031,P.I,PLATAFORMA DE IZQUIERDAS,03049105.DAT
Municipales,1991,05,04199105_MUNI,150781,PVU,PLATAFORMA VECIÑAL UNITARIA,03049105.DAT
Municipales,1991,05,04199105_MUNI,020561,PI.,PLATAFORMA DE IZQUIERDAS,03049105.DAT
Municipales,1991,05,04199105_MUNI,180142,IND/2 18014,PLATAFORMA DE VECINOS,03049105.DAT
Municipales,1991,05,04199105_MUNI,060162,PIB,PLATAFORMA INDEPENDIENTE BARCARROTA,03049105.DAT
Municipales,1991,05,04199105_MUNI,060601,PIG,PLATAFORMA INDEPENDIENTE DE GUAREÑA,03049105.DAT
Municipales,1991,05,04199105_MUNI,060791,PMM,PLATAFORMA MUNICIPAL DE MANCHITA,03049105.DAT
Municipales,1991,05,04199105_MUNI,330763,PI.,COALICION PLATAFORMA DE IZQUIERDAS,03049105.DAT
Municipales,1991,05,04199105_MUNI,080193,CRC,CENTRE RADICAL DE CATALUNYA,03049105.DAT
Municipales,1991,05,04199105_MUNI,360011,PA,PLATAFORMA POR ARBO,03049105.DAT
Municipales,1991,05,04199105_MUNI,380231,PMI,PLATAFORMA MUNICIPAL INDEPENDIENTE,03049105.DAT
Municipales,1991,05,04199105_MUNI,000014,PI,PLATAFORMA DE IZQUIERDAS,03049105.DAT
Municipales,1991,05,04199105_MUNI,000015,PUI,PLATAFORMA UNITARIA DE LA IZQUIERDA,03049105.DAT
Municipales,1991,05,04199105_MUNI,000031,P/CARLISTA,PARTIDO CARLISTA,03049105.DAT
Municipales,1991,05,04199105_MUNI,000053,PSC-PSOE,PARTIT DELS SOCIALISTES DE CATALUNYA,03049105.DAT
Municipales,1991,05,04199105_MUNI,000057,PCC,PARTIT DELS COMUNISTES DE CATALUNYA,03049105.DAT
Municipales,1991,05,04199105_MUNI,000058,AV-MEC,ALTERNATIVA VERDA-MOVIMENT ECOLOG. DE CATALUNYA,03049105.DAT
Municipales,1991,05,04199105_MUNI,000059,IC,INICIATIVA PER CATALUNYA,03049105.DAT
Municipales,1991,05,04199105_MUNI,000061,PEC-VERDE,PARTIT ECOLOGISTA DE CATALUNYA-VERDE,03049105.DAT
Municipales,1991,05,04199105_MUNI,000062,ERC,ESQUERRA REPUBLICANA DE CATALUNYA,03049105.DAT
Municipales,1991,05,04199105_MUNI,000115,P.I.,PLATAFORMA DE IZQUIERDAS.,03049105.DAT
Municipales,1991,05,04199105_MUNI,000127,PE,PLATAFORMA D'ESQUERRES,03049105.DAT
Municipales,1991,05,04199105_MUNI,000132,EKA,PARTIDO CARLISTA.,03049105.DAT
Municipales,1991,05,04199105_MUNI,000151,PVE,PLATAFORMA VECINAL DE ESQUERDA,03049105.DAT
Municipales,1991,05,04199105_MUNI,000156,PPCG,PLATAFORMA PROGRESSISTA DE LES COMARQUES GIRONINES,03049105.DAT
Municipales,1991,05,04199105_MUNI,000178,PEC,PROPOSTA D'ESQUERRES PER CATALUNYA,03049105.DAT
Municipales,1991,05,04199105_MUNI,000182,CLL,CATALUNYA LLIURE,03049105.DAT
Municipales,1991,05,04199105_MUNI,000196,CPC,CONVERGENCIA PER CATALUNYA,03049105.DAT
Municipales,1991,05,04199105_MUNI,000216,IC/UPM,PROGRES DEL MONTSIA-INICIATIVA PER CATALUNYA,03049105.DAT
Municipales,1991,05,04199105_MUNI,000220,IC-UPM,INICIATIVA PER CATALUNYA-UNIO DE PROGRES MUNICIPAL,03049105.DAT
Municipales,1991,05,04199105_MUNI,000225,PCOC,PARTIT COMUNISTA OBRERO DE CATALUNYA,03049105.DAT
Municipales,1991,05,04199105_MUNI,000255,PUI.,PLATAFORMA UNITARIA DE IZQUIERDAS,03049105.DAT
Municipales,1991,05,04199105_MUNI,200671,P/I,PLATAFORMA DE IZQUIERDAS,03049105.DAT
Municipales,1991,05,04199105_MUNI,200691,PI,PLATAFORMA DE IZQUIERDAS,03049105.DAT
Municipales,1991,05,04199105_MUNI,280071,PDI,PLATAFORMA DEMOCRATICA DE IZQUIERDAS,03049105.DAT
Municipales,1991,05,04199105_MUNI,431552,PIM,PLATAFORMA INDEPENDENT MUNICIPAL,03049105.DAT
Municipales,1991,05,04199105_MUNI,280921,PD X M,PARTIDO PLATAFORMA DEMOCRATICA POR MOSTOLES,03049105.DAT
Municipales,1991,05,04199105_MUNI,330242,P.I,COALICION PLATAFORMA DE IZQUIERDAS,03049105.DAT
Municipales,1991,05,04199105_MUNI,360331,PV POR MOS,PLATAFORMA VECINAL POR MOS,03049105.DAT
Municipales,1991,05,04199105_TOTA,461101,PLIX,PLATAFORMA INDEPEND. DE XIRIVELLA,03049105.DAT
Municipales,1991,05,04199105_TOTA,281131,IND/1 28113,PLATAFORMA CIUDADANA DE PINTO,03049105.DAT
Municipales,1991,05,04199105_TOTA,281503,PITV,PLATAFORMA DE IZQUIERDAS DE TORREJON DE VELASCO,03049105.DAT
Municipales,1991,05,04199105_TOTA,281522,PIC,PLATAFORMA DE INTEGRACION CIUDADANA,03049105.DAT
Municipales,1991,05,04199105_TOTA,502971,IND/1 50297,PLATAFORMA MUNICIPAL DE IZQUIERDAS,03049105.DAT
Municipales,1991,05,04199105_TOTA,140271,PD,PLATAFORMA DEMOCRATICA DE FERNAN-NUÑEZ,03049105.DAT
Municipales,1991,05,04199105_TOTA,150111,IND/1 15011,PLATAFORMA VECINAL UNITARIA,03049105.DAT
Municipales,1991,05,04199105_TOTA,150361,PME,COALICION ELECTORAL PLATAFORMA MUNICIPAL ESQUERDAS,03049105.DAT
Municipales,1991,05,04199105_TOTA,000260,IC-AV,COALIC. INICIATIVA PER CATALUNYA-ALTERNATIVA VERDE,03049105.DAT
Municipales,1991,05,04199105_TOTA,020031,P.I,PLATAFORMA DE IZQUIERDAS,03049105.DAT
Municipales,1991,05,04199105_TOTA,150781,PVU,PLATAFORMA VECIÑAL UNITARIA,03049105.DAT
Municipales,1991,05,04199105_TOTA,020561,PI.,PLATAFORMA DE IZQUIERDAS,03049105.DAT
Municipales,1991,05,04199105_TOTA,180142,IND/2 18014,PLATAFORMA DE VECINOS,03049105.DAT
Municipales,1991,05,04199105_TOTA,060162,PIB,PLATAFORMA INDEPENDIENTE BARCARROTA,03049105.DAT
Municipales,1991,05,04199105_TOTA,060601,PIG,PLATAFORMA INDEPENDIENTE DE GUAREÑA,03049105.DAT
Municipales,1991,05,04199105_TOTA,060791,PMM,PLATAFORMA MUNICIPAL DE MANCHITA,03049105.DAT
Municipales,1991,05,04199105_TOTA,330763,PI.,COALICION PLATAFORMA DE IZQUIERDAS,03049105.DAT
Municipales,1991,05,04199105_TOTA,080193,CRC,CENTRE RADICAL DE CATALUNYA,03049105.DAT
Municipales,1991,05,04199105_TOTA,360011,PA,PLATAFORMA POR ARBO,03049105.DAT
Municipales,1991,05,04199105_TOTA,380231,PMI,PLATAFORMA MUNICIPAL INDEPENDIENTE,03049105.DAT
Municipales,1991,05,04199105_TOTA,000014,PI,PLATAFORMA DE IZQUIERDAS,03049105.DAT
Municipales,1991,05,04199105_TOTA,000015,PUI,PLATAFORMA UNITARIA DE LA IZQUIERDA,03049105.DAT
Municipales,1991,05,04199105_TOTA,000031,P/CARLISTA,PARTIDO CARLISTA,03049105.DAT
Municipales,1991,05,04199105_TOTA,000053,PSC-PSOE,PARTIT DELS SOCIALISTES DE CATALUNYA,03049105.DAT
Municipales,1991,05,04199105_TOTA,000057,PCC,PARTIT DELS COMUNISTES DE CATALUNYA,03049105.DAT
Municipales,1991,05,04199105_TOTA,000058,AV-MEC,ALTERNATIVA VERDA-MOVIMENT ECOLOG. DE CATALUNYA,03049105.DAT
Municipales,1991,05,04199105_TOTA,000059,IC,INICIATIVA PER CATALUNYA,03049105.DAT
Municipales,1991,05,04199105_TOTA,000061,PEC-VERDE,PARTIT ECOLOGISTA DE CATALUNYA-VERDE,03049105.DAT
Municipales,1991,05,04199105_TOTA,000062,ERC,ESQUERRA REPUBLICANA DE CATALUNYA,03049105.DAT
Municipales,1991,05,04199105_TOTA,000115,P.I.,PLATAFORMA DE IZQUIERDAS.,03049105.DAT
Municipales,1991,05,04199105_TOTA,000127,PE,PLATAFORMA D'ESQUERRES,03049105.DAT
Municipales,1991,05,04199105_TOTA,000132,EKA,PARTIDO CARLISTA.,03049105.DAT
Municipales,1991,05,04199105_TOTA,000151,PVE,PLATAFORMA VECINAL DE ESQUERDA,03049105.DAT
Municipales,1991,05,04199105_TOTA,000156,PPCG,PLATAFORMA PROGRESSISTA DE LES COMARQUES GIRONINES,03049105.DAT
Municipales,1991,05,04199105_TOTA,000178,PEC,PROPOSTA D'ESQUERRES PER CATALUNYA,03049105.DAT
Municipales,1991,05,04199105_TOTA,000182,CLL,CATALUNYA LLIURE,03049105.DAT
Municipales,1991,05,04199105_TOTA,000196,CPC,CONVERGENCIA PER CATALUNYA,03049105.DAT
Municipales,1991,05,04199105_TOTA,000216,IC/UPM,PROGRES DEL MONTSIA-INICIATIVA PER CATALUNYA,03049105.DAT
Municipales,1991,05,04199105_TOTA,000220,IC-UPM,INICIATIVA PER CATALUNYA-UNIO DE PROGRES MUNICIPAL,03049105.DAT
Municipales,1991,05,04199105_TOTA,000225,PCOC,PARTIT COMUNISTA OBRERO DE CATALUNYA,03049105.DAT
Municipales,1991,05,04199105_TOTA,000255,PUI.,PLATAFORMA UNITARIA DE IZQUIERDAS,03049105.DAT
Municipales,1991,05,04199105_TOTA,200671,P/I,PLATAFORMA DE IZQUIERDAS,03049105.DAT
Municipales,1991,05,04199105_TOTA,200691,PI,PLATAFORMA DE IZQUIERDAS,03049105.DAT
Municipales,1991,05,04199105_TOTA,280071,PDI,PLATAFORMA DEMOCRATICA DE IZQUIERDAS,03049105.DAT
Municipales,1991,05,04199105_TOTA,431552,PIM,PLATAFORMA INDEPENDENT MUNICIPAL,03049105.DAT
Municipales,1991,05,04199105_TOTA,280921,PD X M,PARTIDO PLATAFORMA DEMOCRATICA POR MOSTOLES,03049105.DAT
Municipales,1991,05,04199105_TOTA,330242,P.I,COALICION PLATAFORMA DE IZQUIERDAS,03049105.DAT
Municipales,1991,05,04199105_TOTA,360331,PV POR MOS,PLATAFORMA VECINAL POR MOS,03049105.DAT
Municipales,1995,05,04199505_MESA,000013,PCN,PLATAFORMA CANARIA NACIONALISTA,03049505.DAT
Municipales,1995,05,04199505_MESA,000017,ERC,ESQUERRA REPUBLICANA DE CATALUNYA,03049505.DAT
Municipales,1995,05,04199505_MESA,000028,PC-NPS,PLATAFORMA CIVICA-NUEVO PARTIDO SOCIALISTA,03049505.DAT
Municipales,1995,05,04199505_MESA,000029,EKA,PARTIDO CARLISTA,03049505.DAT
Municipales,1995,05,04199505_MESA,000036,PIE,PLATAFORMA DE LOS INDEPENDIENTES DE ESPAÑA,03049505.DAT
Municipales,1995,05,04199505_MESA,000082,PH,PLATAFORMA HUMANISTA,03049505.DAT
Municipales,1995,05,04199505_MESA,000202,PCOC,PARTIT COMUNISTA OBRER DE CATALUNYA,03049505.DAT
Municipales,1995,05,04199505_MESA,000234,IU-PPI,IZQUIERDA UNIDA-PLATAFORMA PROGRESISTA INDEPEND.,03049505.DAT
Municipales,1995,05,04199505_MESA,000141,IC-EV,INICIATIVA PER CATALUNYA-ELS VERDS,03049505.DAT
Municipales,1995,05,04199505_MESA,000143,CLL,CATALUNYA LLIURE,03049505.DAT
Municipales,1995,05,04199505_MESA,000146,PSC-PSOE,PARTIT DELS SOCIALISTES DE CATALUNYA,03049505.DAT
Municipales,1995,05,04199505_MESA,000148,AEC-EVE,ALTERNATIVA ECOLOGISTA DE CATALUNYA,03049505.DAT
Municipales,1995,05,04199505_MESA,000151,PEPC,PROPOSTA D'ESQUERRA PER CATALUNYA,03049505.DAT
Municipales,1995,05,04199505_MESA,000408,IC-A-EV,INCIATIVA PER CATALUNYA-L'ASSEMBLEA-ELS VERDS,03049505.DAT
Municipales,1995,05,04199505_MESA,281133,PC,PLATAFORMA CIUDADANA,03049505.DAT
Municipales,1995,05,04199505_MESA,030581,PDC,PLATAFORMA DEMOCRATICA DE COX,03049505.DAT
Municipales,1995,05,04199505_MESA,380461,PIT,PLATAFORMA CIVICA DE INDEPENDIENTES DE TEGUESTE,03049505.DAT
Municipales,1995,05,04199505_MESA,410352,PIC,PLATAFORMA INDEPENDIENTE DE CORIPE,03049505.DAT
Municipales,1995,05,04199505_MESA,130871,PCISJ,PLATAFORMA CIVICA INDEPENDIENTE SEIS DE JUNIO,03049505.DAT
Municipales,1995,05,04199505_MESA,140271,PD,PLATAFORMA DEMOCRATICA DE FERNAN NUÑEZ,03049505.DAT
Municipales,1995,05,04199505_MESA,150321,PPC,PLATAFORMA POPULAR DE CURTIS,03049505.DAT
Municipales,1995,05,04199505_MESA,170151,PPCG,PLATAFORMA PROGRESSISTA DE LES COMARQUES GIRONINES,03049505.DAT
Municipales,1995,05,04199505_MESA,280651,PIG,PLATAFORMA INDEPENDIENTE DE GETAFE,03049505.DAT
Municipales,1995,05,04199505_MESA,280991,PIN,PLATAFORMA INDEPENDIENTE DE NAVAS DEL REY,03049505.DAT
Municipales,1995,05,04199505_MESA,171171,AMC,ACCIO MUNICIPAL DE CATALUNYA,03049505.DAT
Municipales,1995,05,04199505_MESA,171411,PDLC,PARTIT DEMOCRATA LIBERAL DE CATALUNYA,03049505.DAT
Municipales,1995,05,04199505_MESA,350121,PAPM,PLATAFORMA ALTERNATIVA POR MOGAN,03049505.DAT
Municipales,1995,05,04199505_MESA,192451,SPI,SACEDON PLATAFORMA INDEPENDIENTE,03049505.DAT
Municipales,1995,05,04199505_MESA,462472,PJT,PLATAFORMA JOVEN TUEJANA,03049505.DAT
Municipales,1995,05,04199505_MESA,230103,PIPPB,PLATAFORMA INDEPENDIENTE PARA PROGRESO DE BAILEN,03049505.DAT
Municipales,1995,05,04199505_MESA,080073,C PER C,CONVERGENCIA PER CATALUNYA,03049505.DAT
Municipales,1995,05,04199505_MUNI,000013,PCN,PLATAFORMA CANARIA NACIONALISTA,03049505.DAT
Municipales,1995,05,04199505_MUNI,000017,ERC,ESQUERRA REPUBLICANA DE CATALUNYA,03049505.DAT
Municipales,1995,05,04199505_MUNI,000028,PC-NPS,PLATAFORMA CIVICA-NUEVO PARTIDO SOCIALISTA,03049505.DAT
Municipales,1995,05,04199505_MUNI,000029,EKA,PARTIDO CARLISTA,03049505.DAT
Municipales,1995,05,04199505_MUNI,000036,PIE,PLATAFORMA DE LOS INDEPENDIENTES DE ESPAÑA,03049505.DAT
Municipales,1995,05,04199505_MUNI,000082,PH,PLATAFORMA HUMANISTA,03049505.DAT
Municipales,1995,05,04199505_MUNI,000202,PCOC,PARTIT COMUNISTA OBRER DE CATALUNYA,03049505.DAT
Municipales,1995,05,04199505_MUNI,000234,IU-PPI,IZQUIERDA UNIDA-PLATAFORMA PROGRESISTA INDEPEND.,03049505.DAT
Municipales,1995,05,04199505_MUNI,000141,IC-EV,INICIATIVA PER CATALUNYA-ELS VERDS,03049505.DAT
Municipales,1995,05,04199505_MUNI,000143,CLL,CATALUNYA LLIURE,03049505.DAT
Municipales,1995,05,04199505_MUNI,000146,PSC-PSOE,PARTIT DELS SOCIALISTES DE CATALUNYA,03049505.DAT
Municipales,1995,05,04199505_MUNI,000148,AEC-EVE,ALTERNATIVA ECOLOGISTA DE CATALUNYA,03049505.DAT
Municipales,1995,05,04199505_MUNI,000151,PEPC,PROPOSTA D'ESQUERRA PER CATALUNYA,03049505.DAT
Municipales,1995,05,04199505_MUNI,000408,IC-A-EV,INCIATIVA PER CATALUNYA-L'ASSEMBLEA-ELS VERDS,03049505.DAT
Municipales,1995,05,04199505_MUNI,281133,PC,PLATAFORMA CIUDADANA,03049505.DAT
Municipales,1995,05,04199505_MUNI,030581,PDC,PLATAFORMA DEMOCRATICA DE COX,03049505.DAT
Municipales,1995,05,04199505_MUNI,380461,PIT,PLATAFORMA CIVICA DE INDEPENDIENTES DE TEGUESTE,03049505.DAT
Municipales,1995,05,04199505_MUNI,410352,PIC,PLATAFORMA INDEPENDIENTE DE CORIPE,03049505.DAT
Municipales,1995,05,04199505_MUNI,130871,PCISJ,PLATAFORMA CIVICA INDEPENDIENTE SEIS DE JUNIO,03049505.DAT
Municipales,1995,05,04199505_MUNI,140271,PD,PLATAFORMA DEMOCRATICA DE FERNAN NUÑEZ,03049505.DAT
Municipales,1995,05,04199505_MUNI,150321,PPC,PLATAFORMA POPULAR DE CURTIS,03049505.DAT
Municipales,1995,05,04199505_MUNI,170151,PPCG,PLATAFORMA PROGRESSISTA DE LES COMARQUES GIRONINES,03049505.DAT
Municipales,1995,05,04199505_MUNI,280651,PIG,PLATAFORMA INDEPENDIENTE DE GETAFE,03049505.DAT
Municipales,1995,05,04199505_MUNI,280991,PIN,PLATAFORMA INDEPENDIENTE DE NAVAS DEL REY,03049505.DAT
Municipales,1995,05,04199505_MUNI,171171,AMC,ACCIO MUNICIPAL DE CATALUNYA,03049505.DAT
Municipales,1995,05,04199505_MUNI,171411,PDLC,PARTIT DEMOCRATA LIBERAL DE CATALUNYA,03049505.DAT
Municipales,1995,05,04199505_MUNI,350121,PAPM,PLATAFORMA ALTERNATIVA POR MOGAN,03049505.DAT
Municipales,1995,05,04199505_MUNI,192451,SPI,SACEDON PLATAFORMA INDEPENDIENTE,03049505.DAT
Municipales,1995,05,04199505_MUNI,462472,PJT,PLATAFORMA JOVEN TUEJANA,03049505.DAT
Municipales,1995,05,04199505_MUNI,230103,PIPPB,PLATAFORMA INDEPENDIENTE PARA PROGRESO DE BAILEN,03049505.DAT
Municipales,1995,05,04199505_MUNI,080073,C PER C,CONVERGENCIA PER CATALUNYA,03049505.DAT
Municipales,1995,05,04199505_TOTA,000013,PCN,PLATAFORMA CANARIA NACIONALISTA,03049505.DAT
Municipales,1995,05,04199505_TOTA,000017,ERC,ESQUERRA REPUBLICANA DE CATALUNYA,03049505.DAT
Municipales,1995,05,04199505_TOTA,000028,PC-NPS,PLATAFORMA CIVICA-NUEVO PARTIDO SOCIALISTA,03049505.DAT
Municipales,1995,05,04199505_TOTA,000029,EKA,PARTIDO CARLISTA,03049505.DAT
Municipales,1995,05,04199505_TOTA,000036,PIE,PLATAFORMA DE LOS INDEPENDIENTES DE ESPAÑA,03049505.DAT
Municipales,1995,05,04199505_TOTA,000082,PH,PLATAFORMA HUMANISTA,03049505.DAT
Municipales,1995,05,04199505_TOTA,000202,PCOC,PARTIT COMUNISTA OBRER DE CATALUNYA,03049505.DAT
Municipales,1995,05,04199505_TOTA,000234,IU-PPI,IZQUIERDA UNIDA-PLATAFORMA PROGRESISTA INDEPEND.,03049505.DAT
Municipales,1995,05,04199505_TOTA,000141,IC-EV,INICIATIVA PER CATALUNYA-ELS VERDS,03049505.DAT
Municipales,1995,05,04199505_TOTA,000143,CLL,CATALUNYA LLIURE,03049505.DAT
Municipales,1995,05,04199505_TOTA,000146,PSC-PSOE,PARTIT DELS SOCIALISTES DE CATALUNYA,03049505.DAT
Municipales,1995,05,04199505_TOTA,000148,AEC-EVE,ALTERNATIVA ECOLOGISTA DE CATALUNYA,03049505.DAT
Municipales,1995,05,04199505_TOTA,000151,PEPC,PROPOSTA D'ESQUERRA PER CATALUNYA,03049505.DAT
Municipales,1995,05,04199505_TOTA,000408,IC-A-EV,INCIATIVA PER CATALUNYA-L'ASSEMBLEA-ELS VERDS,03049505.DAT
Municipales,1995,05,04199505_TOTA,281133,PC,PLATAFORMA CIUDADANA,03049505.DAT
Municipales,1995,05,04199505_TOTA,030581,PDC,PLATAFORMA DEMOCRATICA DE COX,03049505.DAT
Municipales,1995,05,04199505_TOTA,380461,PIT,PLATAFORMA CIVICA DE INDEPENDIENTES DE TEGUESTE,03049505.DAT
Municipales,1995,05,04199505_TOTA,410352,PIC,PLATAFORMA INDEPENDIENTE DE CORIPE,03049505.DAT
Municipales,1995,05,04199505_TOTA,130871,PCISJ,PLATAFORMA CIVICA INDEPENDIENTE SEIS DE JUNIO,03049505.DAT
Municipales,1995,05,04199505_TOTA,140271,PD,PLATAFORMA DEMOCRATICA DE FERNAN NUÑEZ,03049505.DAT
Municipales,1995,05,04199505_TOTA,150321,PPC,PLATAFORMA POPULAR DE CURTIS,03049505.DAT
Municipales,1995,05,04199505_TOTA,170151,PPCG,PLATAFORMA PROGRESSISTA DE LES COMARQUES GIRONINES,03049505.DAT
Municipales,1995,05,04199505_TOTA,280651,PIG,PLATAFORMA INDEPENDIENTE DE GETAFE,03049505.DAT
Municipales,1995,05,04199505_TOTA,280991,PIN,PLATAFORMA INDEPENDIENTE DE NAVAS DEL REY,03049505.DAT
Municipales,1995,05,04199505_TOTA,171171,AMC,ACCIO MUNICIPAL DE CATALUNYA,03049505.DAT
Municipales,1995,05,04199505_TOTA,171411,PDLC,PARTIT DEMOCRATA LIBERAL DE CATALUNYA,03049505.DAT
Municipales,1995,05,04199505_TOTA,350121,PAPM,PLATAFORMA ALTERNATIVA POR MOGAN,03049505.DAT
Municipales,1995,05,04199505_TOTA,192451,SPI,SACEDON PLATAFORMA INDEPENDIENTE,03049505.DAT
Municipales,1995,05,04199505_TOTA,462472,PJT,PLATAFORMA JOVEN TUEJANA,03049505.DAT
Municipales,1995,05,04199505_TOTA,230103,PIPPB,PLATAFORMA INDEPENDIENTE PARA PROGRESO DE BAILEN,03049505.DAT
Municipales,1995,05,04199505_TOTA,080073,C PER C,CONVERGENCIA PER CATALUNYA,03049505.DAT
Municipales,1999,06,04199906_MESA,000095,EPPP,EMAKUMEEN PLATAFORMA POLITIKOA-PLAZANDREOK,03049906.DAT
Municipales,1999,06,04199906_MESA,000126,ERC-EV,ESQUERRA REPUBLICANA DE CATALUNYA - ELS VERDS,03049906.DAT
Municipales,1999,06,04199906_MESA,000141,IPC-VERDES,INICIATIVA PER CATALUNYA - VERDS (ESQ. POBLES),03049906.DAT
Municipales,1999,06,04199906_MESA,000210,PI,PLATAFORMA INDEPENDIENTE,03049906.DAT
Municipales,1999,06,04199906_MESA,000159,PSC-PSOE,PARTIT DELS SOCIALISTES DE CATALUNYA,03049906.DAT
Municipales,1999,06,04199906_MESA,000328,PIE,PLATAFORMA DE LOS INDEPENDIENTES DE ESPAÑA,03049906.DAT
Municipales,1999,06,04199906_MESA,000009,ERC,ESQUERRA REPUBLICANA DE CATALUNYA,03049906.DAT
Municipales,1999,06,04199906_MESA,001488,EKA,PARTIDO CARLISTA,03049906.DAT
Municipales,1999,06,04199906_MESA,001911,PCI,PLATAFORMA CIVICA DE IZQUIERDAS,03049906.DAT
Municipales,1999,06,04199906_MESA,000544,ERC-AM,ESQUERRA REPUBLICANA DE CATALUNYA-ACORD MUNICIPAL,03049906.DAT
Municipales,1999,06,04199906_MESA,000553,UPE-IC-VEPM,UNIT. POPULAR D'ESQUERRES-INIC.CATALUNYA-VERDS-EPM,03049906.DAT
Municipales,1999,06,04199906_MESA,000557,IC-V-EPM,INIC. PER CATALUNYA-VERDS-ENT. PEL PROG. MUNIC.,03049906.DAT
Municipales,1999,06,04199906_MESA,000574,FIC-PIM'99,PLT.IND.MONTGAT'99(FIC) D'IND.DE CATALUNYA(PIM'99),03049906.DAT
Municipales,1999,06,04199906_MESA,000576,EE-IC-V-EPM,ENT.PERESQ.-INIC.PERCATALUNYA-VERDS-ENT.PROG.MUNIC,03049906.DAT
Municipales,1999,06,04199906_MESA,000577,PCS-CD,PLATAFORMA PER UNA CATALUNYA SOLIDARIA-CD,03049906.DAT
Municipales,1999,06,04199906_MESA,000583,FIC-OPV,OP.PER VILASSAR(FIC)FEDERACIO D'IND.CATALUNYA(OPV),03049906.DAT
Municipales,1999,06,04199906_MESA,000584,FIC-GAMP,GR.D'ACC.MUNI.PROG.(FIC)FED.IND.CATALUNYA (GAMP),03049906.DAT
Municipales,1999,06,04199906_MESA,000588,IC-V-EA-EPM,INIC.PER CATALUNYA-VERDSESQ.ALT.ENT.PELPROG.MUNIC.,03049906.DAT
Municipales,1999,06,04199906_MESA,001007,PPG,PLATAFORMA POR GARRUCHA,03049906.DAT
Municipales,1999,06,04199906_MESA,000591,RI-ERC,UNITS LA RAPITA-RAPITENCS INDS.ESQ.REP.CATALUNYA,03049906.DAT
Municipales,1999,06,04199906_MESA,000594,ESQ-IC-VEPM,ENT. PER SANT QUIRZE INIC. PER CATALUNYA-VERDS-EPM,03049906.DAT
Municipales,1999,06,04199906_MESA,001931,PD-M,PLATAFORMA DEMOCRATICA DE MORALZARZAL,03049906.DAT
Municipales,1999,06,04199906_MESA,001766,ICVIPSEPM,INIC. PER CATALUNYA-VERDS-INDS. PER SALT-EPM,03049906.DAT
Municipales,1999,06,04199906_MESA,001958,PDM,PLATAFORMA DEMOCRATICA MUNICIPAL,03049906.DAT
Municipales,1999,06,04199906_MESA,001966,P.C.,PLATAFORMA CIUDADANA,03049906.DAT
Municipales,1999,06,04199906_MESA,000635,EPICVI-EPM,ENT.PROG.-INIC.CATALUNYA-VERDS I IND.-ENT.PROG.MUN,03049906.DAT
Municipales,1999,06,04199906_MESA,000653,PDLC,PARTIT DEMOCRATA LIBERAL DE CATALUNYA,03049906.DAT
Municipales,1999,06,04199906_MESA,001282,PINAV,PLATAFORMA INDEPENDIENTE NAVALMORAL,03049906.DAT
Municipales,1999,06,04199906_MESA,001303,ICV-CUP/EPM,INIC. CATALUNYA-V-COL.LECTIU D'UNITAT POPULAR-EPM,03049906.DAT
Municipales,1999,06,04199906_MESA,001076,PDI,PLATAFORMA DE IZQUIERDAS,03049906.DAT
Municipales,1999,06,04199906_MESA,001091,ROSA,"LA ROSA, PLATAFORMA DE PROGRES",03049906.DAT
Municipales,1999,06,04199906_MESA,000661,EO-IC-V-EPM,ENT.DELS OLESANS-INIC.PER CATALUNYA-VERDS-EPM,03049906.DAT
Municipales,1999,06,04199906_MESA,000662,UR-ERC-AM,UNITS PER RELLINARS-ESQ.REP.DE CATALUNYA-AM,03049906.DAT
Municipales,1999,06,04199906_MESA,000663,ERC-EV-AM,ESQ. REP. DE CATALUNYA-ELS VERDS-ACORD MUNICIPAL,03049906.DAT
Municipales,1999,06,04199906_MESA,000667,PVA,PLATAFORMA PER VILADECAVALLS ACTIU,03049906.DAT
Municipales,1999,06,04199906_MESA,000671,PP,PARTIT POPULAR DE CATALUNYA,03049906.DAT
Municipales,1999,06,04199906_MESA,000678,IMR-ERC-AM,IND.PER LES MASIES DE RODA-ESQ.REP.CATALUNYA-AM,03049906.DAT
Municipales,1999,06,04199906_MESA,001979,PI-NR,PLATAFORMA INDEPENDIENTE NAVAS DEL REY,03049906.DAT
Municipales,1999,06,04199906_MESA,001981,FPIE,FEDERACION DE LA PLATAFORMA DE LOS INDS. DE ESPAÑA,03049906.DAT
Municipales,1999,06,04199906_MESA,001999,PI-T,PLATAFORMA DE LOS INDEPENDIENTES DE TORRELODONES,03049906.DAT
Municipales,1999,06,04199906_MESA,001837,PI-C,PLATAFORMA DE LA IZQUIERDA DE COSLADA,03049906.DAT
Municipales,1999,06,04199906_MESA,002023,PMC-BIP,PROGRES MUNICIPAL DE CATALUNYA-BLOC INDS. PROG.,03049906.DAT
Municipales,1999,06,04199906_MESA,001859,P.I.M.,PLATAFORMA INDEPENDIENTE MUNICIPAL,03049906.DAT
Municipales,1999,06,04199906_MESA,000694,PSC,PARTIT SOCIALISTA DE CATALUNYA,03049906.DAT
Municipales,1999,06,04199906_MESA,000700,EOC,ESQUERRA OBRERA DE CATALUNYA,03049906.DAT
Municipales,1999,06,04199906_MESA,000701,IC-VPC-EPM,INIC. PER CATALUNYA-VERDS PER CANYELLES EPM,03049906.DAT
Municipales,1999,06,04199906_MESA,000706,IC-VPO-EPM,INIC. PER CATALUNYA-VERDS PER OLIVELLA EPM,03049906.DAT
Municipales,1999,06,04199906_MESA,000711,EEA-FIC,ENT.D'ELEC.D'ALMOSTER-FED.D'IND.DE CATALUNYA-FIC,03049906.DAT
Municipales,1999,06,04199906_MESA,000722,FIC,FEDERACIO D'INDEPENDENTS DE CATALUNYA,03049906.DAT
Municipales,1999,06,04199906_MESA,000728,APM-ERC-AM,ALT.PER AL MOLAR-ESQ.REP.CATALUNYA-ACORD MUNICIPAL,03049906.DAT
Municipales,1999,06,04199906_MESA,000731,UMM-ERC-AM,UNIO MONT-ROIG MIAMI-ESQ.REP.CATALUNYA-AM,03049906.DAT
Municipales,1999,06,04199906_MESA,001139,PCD,PLATAFORMA CIVICA DEMOCRATICA,03049906.DAT
Municipales,1999,06,04199906_MESA,001162,PPF,PLATAFORMA POPULAR DE FUERTEVENTURA,03049906.DAT
Municipales,1999,06,04199906_MESA,001180,PMH,PLATAFORMA DEL MUNICIPIO DE HARIA,03049906.DAT
Municipales,1999,06,04199906_MESA,001181,PCPH,PLATAFORMA CIVICA POR Y PARA PLAYA HONDA,03049906.DAT
Municipales,1999,06,04199906_MESA,001182,PCL,PLATAFORMA CIUDADANA DE LANZAROTE,03049906.DAT
Municipales,1999,06,04199906_MESA,000749,IC-V-PL-EPM,INIC.PER CATALUNYA-VERS-LA PLT.ENT.PEL PROG.MUNIC.,03049906.DAT
Municipales,1999,06,04199906_MESA,002072,PPC,PLATAFORMA POPULAR DE CURTIS,03049906.DAT
Municipales,1999,06,04199906_MESA,000782,UP-ERC-AM,UNITAT PLANENCA-ESQ.REP.DE CATALUNYA-ACORD MUNIC.,03049906.DAT
Municipales,1999,06,04199906_MESA,001418,PLCC,PLATAFORMA CIVICA POR COIN,03049906.DAT
Municipales,1999,06,04199906_MESA,001428,PSIC,PLATAFORMA SOCIAL INDEPENDIENTE POR CASARES,03049906.DAT
Municipales,1999,06,04199906_MESA,000480,PSCPMC,PSC PROGRES MUNICIPAL DE CATALUNYA,03049906.DAT
Municipales,1999,06,04199906_MESA,000482,PIC,PLATAFORMA INDEPENDENT DE CANET,03049906.DAT
Municipales,1999,06,04199906_MESA,000492,PHC,PARTIT HUMANISTA DE CATALUNYA,03049906.DAT
Municipales,1999,06,04199906_MESA,000494,EV-CEC,ELS VERDS-CONFEDERACIO ECOLOGISTA DE CATALUNYA,03049906.DAT
Municipales,1999,06,04199906_MESA,000500,PEC,PARTIT ECOLOGISTA DE CATALUNYA,03049906.DAT
Municipales,1999,06,04199906_MESA,000501,PEISAB,PLATAFORMA INDEPENDIENTE DE SANT ADRIA DE BESOS,03049906.DAT
Municipales,1999,06,04199906_MESA,000800,UP-IC-V-EPM,UN.PROGRES-INIC.CATALUNYA-VERDS-ENT.PROG.MUNIC,03049906.DAT
Municipales,1999,06,04199906_MESA,000819,PIT-ERC-AM,PLT.IND.TAGAMANENT-ESQ.REP.CATALUNYA-ACORD MUNIC.,03049906.DAT
Municipales,1999,06,04199906_MESA,000824,IC-V-IG-EPM,INIC.PER CATALUNYA-VERDS-INDS.GAVA ENT.PROG.MUNIC,03049906.DAT
Municipales,1999,06,04199906_MESA,001445,PIU,PLATAFORMA DE INDEPENDIENTES UNIDOS,03049906.DAT
Municipales,1999,06,04199906_MESA,001665,AMC,PARTIDO ACCIO MUNICIPAL DE CATALUNYA,03049906.DAT
Municipales,1999,06,04199906_MESA,001682,PP-CG,PLATAFORMA PROGRESISTA DE LES COMARQUES GIRONINES,03049906.DAT
Municipales,1999,06,04199906_MESA,001685,CMC,CONVERGENCIA MUNICIPAL DE CATALUNYA,03049906.DAT
Municipales,1999,06,04199906_MESA,001582,UV-ERC-AM,UNITS PER VILAPLANA-ESQ. REP. DE CATALUNYA-AM,03049906.DAT
Municipales,1999,06,04199906_MUNI,000095,EPPP,EMAKUMEEN PLATAFORMA POLITIKOA-PLAZANDREOK,03049906.DAT
Municipales,1999,06,04199906_MUNI,000126,ERC-EV,ESQUERRA REPUBLICANA DE CATALUNYA - ELS VERDS,03049906.DAT
Municipales,1999,06,04199906_MUNI,000141,IPC-VERDES,INICIATIVA PER CATALUNYA - VERDS (ESQ. POBLES),03049906.DAT
Municipales,1999,06,04199906_MUNI,000210,PI,PLATAFORMA INDEPENDIENTE,03049906.DAT
Municipales,1999,06,04199906_MUNI,000159,PSC-PSOE,PARTIT DELS SOCIALISTES DE CATALUNYA,03049906.DAT
Municipales,1999,06,04199906_MUNI,000328,PIE,PLATAFORMA DE LOS INDEPENDIENTES DE ESPAÑA,03049906.DAT
Municipales,1999,06,04199906_MUNI,000009,ERC,ESQUERRA REPUBLICANA DE CATALUNYA,03049906.DAT
Municipales,1999,06,04199906_MUNI,001488,EKA,PARTIDO CARLISTA,03049906.DAT
Municipales,1999,06,04199906_MUNI,001911,PCI,PLATAFORMA CIVICA DE IZQUIERDAS,03049906.DAT
Municipales,1999,06,04199906_MUNI,000544,ERC-AM,ESQUERRA REPUBLICANA DE CATALUNYA-ACORD MUNICIPAL,03049906.DAT
Municipales,1999,06,04199906_MUNI,000553,UPE-IC-VEPM,UNIT. POPULAR D'ESQUERRES-INIC.CATALUNYA-VERDS-EPM,03049906.DAT
Municipales,1999,06,04199906_MUNI,000557,IC-V-EPM,INIC. PER CATALUNYA-VERDS-ENT. PEL PROG. MUNIC.,03049906.DAT
Municipales,1999,06,04199906_MUNI,000574,FIC-PIM'99,PLT.IND.MONTGAT'99(FIC) D'IND.DE CATALUNYA(PIM'99),03049906.DAT
Municipales,1999,06,04199906_MUNI,000576,EE-IC-V-EPM,ENT.PERESQ.-INIC.PERCATALUNYA-VERDS-ENT.PROG.MUNIC,03049906.DAT
Municipales,1999,06,04199906_MUNI,000577,PCS-CD,PLATAFORMA PER UNA CATALUNYA SOLIDARIA-CD,03049906.DAT
Municipales,1999,06,04199906_MUNI,000583,FIC-OPV,OP.PER VILASSAR(FIC)FEDERACIO D'IND.CATALUNYA(OPV),03049906.DAT
Municipales,1999,06,04199906_MUNI,000584,FIC-GAMP,GR.D'ACC.MUNI.PROG.(FIC)FED.IND.CATALUNYA (GAMP),03049906.DAT
Municipales,1999,06,04199906_MUNI,000588,IC-V-EA-EPM,INIC.PER CATALUNYA-VERDSESQ.ALT.ENT.PELPROG.MUNIC.,03049906.DAT
Municipales,1999,06,04199906_MUNI,001007,PPG,PLATAFORMA POR GARRUCHA,03049906.DAT
Municipales,1999,06,04199906_MUNI,000591,RI-ERC,UNITS LA RAPITA-RAPITENCS INDS.ESQ.REP.CATALUNYA,03049906.DAT
Municipales,1999,06,04199906_MUNI,000594,ESQ-IC-VEPM,ENT. PER SANT QUIRZE INIC. PER CATALUNYA-VERDS-EPM,03049906.DAT
Municipales,1999,06,04199906_MUNI,001931,PD-M,PLATAFORMA DEMOCRATICA DE MORALZARZAL,03049906.DAT
Municipales,1999,06,04199906_MUNI,001766,ICVIPSEPM,INIC. PER CATALUNYA-VERDS-INDS. PER SALT-EPM,03049906.DAT
Municipales,1999,06,04199906_MUNI,001958,PDM,PLATAFORMA DEMOCRATICA MUNICIPAL,03049906.DAT
Municipales,1999,06,04199906_MUNI,001966,P.C.,PLATAFORMA CIUDADANA,03049906.DAT
Municipales,1999,06,04199906_MUNI,000635,EPICVI-EPM,ENT.PROG.-INIC.CATALUNYA-VERDS I IND.-ENT.PROG.MUN,03049906.DAT
Municipales,1999,06,04199906_MUNI,000653,PDLC,PARTIT DEMOCRATA LIBERAL DE CATALUNYA,03049906.DAT
Municipales,1999,06,04199906_MUNI,001282,PINAV,PLATAFORMA INDEPENDIENTE NAVALMORAL,03049906.DAT
Municipales,1999,06,04199906_MUNI,001303,ICV-CUP/EPM,INIC. CATALUNYA-V-COL.LECTIU D'UNITAT POPULAR-EPM,03049906.DAT
Municipales,1999,06,04199906_MUNI,001076,PDI,PLATAFORMA DE IZQUIERDAS,03049906.DAT
Municipales,1999,06,04199906_MUNI,001091,ROSA,"LA ROSA, PLATAFORMA DE PROGRES",03049906.DAT
Municipales,1999,06,04199906_MUNI,000661,EO-IC-V-EPM,ENT.DELS OLESANS-INIC.PER CATALUNYA-VERDS-EPM,03049906.DAT
Municipales,1999,06,04199906_MUNI,000662,UR-ERC-AM,UNITS PER RELLINARS-ESQ.REP.DE CATALUNYA-AM,03049906.DAT
Municipales,1999,06,04199906_MUNI,000663,ERC-EV-AM,ESQ. REP. DE CATALUNYA-ELS VERDS-ACORD MUNICIPAL,03049906.DAT
Municipales,1999,06,04199906_MUNI,000667,PVA,PLATAFORMA PER VILADECAVALLS ACTIU,03049906.DAT
Municipales,1999,06,04199906_MUNI,000671,PP,PARTIT POPULAR DE CATALUNYA,03049906.DAT
Municipales,1999,06,04199906_MUNI,000678,IMR-ERC-AM,IND.PER LES MASIES DE RODA-ESQ.REP.CATALUNYA-AM,03049906.DAT
Municipales,1999,06,04199906_MUNI,001979,PI-NR,PLATAFORMA INDEPENDIENTE NAVAS DEL REY,03049906.DAT
Municipales,1999,06,04199906_MUNI,001981,FPIE,FEDERACION DE LA PLATAFORMA DE LOS INDS. DE ESPAÑA,03049906.DAT
Municipales,1999,06,04199906_MUNI,001999,PI-T,PLATAFORMA DE LOS INDEPENDIENTES DE TORRELODONES,03049906.DAT
Municipales,1999,06,04199906_MUNI,001837,PI-C,PLATAFORMA DE LA IZQUIERDA DE COSLADA,03049906.DAT
Municipales,1999,06,04199906_MUNI,002023,PMC-BIP,PROGRES MUNICIPAL DE CATALUNYA-BLOC INDS. PROG.,03049906.DAT
Municipales,1999,06,04199906_MUNI,001859,P.I.M.,PLATAFORMA INDEPENDIENTE MUNICIPAL,03049906.DAT
Municipales,1999,06,04199906_MUNI,000694,PSC,PARTIT SOCIALISTA DE CATALUNYA,03049906.DAT
Municipales,1999,06,04199906_MUNI,000700,EOC,ESQUERRA OBRERA DE CATALUNYA,03049906.DAT
Municipales,1999,06,04199906_MUNI,000701,IC-VPC-EPM,INIC. PER CATALUNYA-VERDS PER CANYELLES EPM,03049906.DAT
Municipales,1999,06,04199906_MUNI,000706,IC-VPO-EPM,INIC. PER CATALUNYA-VERDS PER OLIVELLA EPM,03049906.DAT
Municipales,1999,06,04199906_MUNI,000711,EEA-FIC,ENT.D'ELEC.D'ALMOSTER-FED.D'IND.DE CATALUNYA-FIC,03049906.DAT
Municipales,1999,06,04199906_MUNI,000722,FIC,FEDERACIO D'INDEPENDENTS DE CATALUNYA,03049906.DAT
Municipales,1999,06,04199906_MUNI,000728,APM-ERC-AM,ALT.PER AL MOLAR-ESQ.REP.CATALUNYA-ACORD MUNICIPAL,03049906.DAT
Municipales,1999,06,04199906_MUNI,000731,UMM-ERC-AM,UNIO MONT-ROIG MIAMI-ESQ.REP.CATALUNYA-AM,03049906.DAT
Municipales,1999,06,04199906_MUNI,001139,PCD,PLATAFORMA CIVICA DEMOCRATICA,03049906.DAT
Municipales,1999,06,04199906_MUNI,001162,PPF,PLATAFORMA POPULAR DE FUERTEVENTURA,03049906.DAT
Municipales,1999,06,04199906_MUNI,001180,PMH,PLATAFORMA DEL MUNICIPIO DE HARIA,03049906.DAT
Municipales,1999,06,04199906_MUNI,001181,PCPH,PLATAFORMA CIVICA POR Y PARA PLAYA HONDA,03049906.DAT
Municipales,1999,06,04199906_MUNI,001182,PCL,PLATAFORMA CIUDADANA DE LANZAROTE,03049906.DAT
Municipales,1999,06,04199906_MUNI,000749,IC-V-PL-EPM,INIC.PER CATALUNYA-VERS-LA PLT.ENT.PEL PROG.MUNIC.,03049906.DAT
Municipales,1999,06,04199906_MUNI,002072,PPC,PLATAFORMA POPULAR DE CURTIS,03049906.DAT
Municipales,1999,06,04199906_MUNI,000782,UP-ERC-AM,UNITAT PLANENCA-ESQ.REP.DE CATALUNYA-ACORD MUNIC.,03049906.DAT
Municipales,1999,06,04199906_MUNI,001418,PLCC,PLATAFORMA CIVICA POR COIN,03049906.DAT
Municipales,1999,06,04199906_MUNI,001428,PSIC,PLATAFORMA SOCIAL INDEPENDIENTE POR CASARES,03049906.DAT
Municipales,1999,06,04199906_MUNI,000480,PSCPMC,PSC PROGRES MUNICIPAL DE CATALUNYA,03049906.DAT
Municipales,1999,06,04199906_MUNI,000482,PIC,PLATAFORMA INDEPENDENT DE CANET,03049906.DAT
Municipales,1999,06,04199906_MUNI,000492,PHC,PARTIT HUMANISTA DE CATALUNYA,03049906.DAT
Municipales,1999,06,04199906_MUNI,000494,EV-CEC,ELS VERDS-CONFEDERACIO ECOLOGISTA DE CATALUNYA,03049906.DAT
Municipales,1999,06,04199906_MUNI,000500,PEC,PARTIT ECOLOGISTA DE CATALUNYA,03049906.DAT
Municipales,1999,06,04199906_MUNI,000501,PEISAB,PLATAFORMA INDEPENDIENTE DE SANT ADRIA DE BESOS,03049906.DAT
Municipales,1999,06,04199906_MUNI,000800,UP-IC-V-EPM,UN.PROGRES-INIC.CATALUNYA-VERDS-ENT.PROG.MUNIC,03049906.DAT
Municipales,1999,06,04199906_MUNI,000819,PIT-ERC-AM,PLT.IND.TAGAMANENT-ESQ.REP.CATALUNYA-ACORD MUNIC.,03049906.DAT
Municipales,1999,06,04199906_MUNI,000824,IC-V-IG-EPM,INIC.PER CATALUNYA-VERDS-INDS.GAVA ENT.PROG.MUNIC,03049906.DAT
Municipales,1999,06,04199906_MUNI,001445,PIU,PLATAFORMA DE INDEPENDIENTES UNIDOS,03049906.DAT
Municipales,1999,06,04199906_MUNI,001665,AMC,PARTIDO ACCIO MUNICIPAL DE CATALUNYA,03049906.DAT
Municipales,1999,06,04199906_MUNI,001682,PP-CG,PLATAFORMA PROGRESISTA DE LES COMARQUES GIRONINES,03049906.DAT
Municipales,1999,06,04199906_MUNI,001685,CMC,CONVERGENCIA MUNICIPAL DE CATALUNYA,03049906.DAT
Municipales,1999,06,04199906_MUNI,001582,UV-ERC-AM,UNITS PER VILAPLANA-ESQ. REP. DE CATALUNYA-AM,03049906.DAT
Municipales,1999,06,04199906_TOTA,000095,EPPP,EMAKUMEEN PLATAFORMA POLITIKOA-PLAZANDREOK,03049906.DAT
Municipales,1999,06,04199906_TOTA,000126,ERC-EV,ESQUERRA REPUBLICANA DE CATALUNYA - ELS VERDS,03049906.DAT
Municipales,1999,06,04199906_TOTA,000141,IPC-VERDES,INICIATIVA PER CATALUNYA - VERDS (ESQ. POBLES),03049906.DAT
Municipales,1999,06,04199906_TOTA,000210,PI,PLATAFORMA INDEPENDIENTE,03049906.DAT
Municipales,1999,06,04199906_TOTA,000159,PSC-PSOE,PARTIT DELS SOCIALISTES DE CATALUNYA,03049906.DAT
Municipales,1999,06,04199906_TOTA,000328,PIE,PLATAFORMA DE LOS INDEPENDIENTES DE ESPAÑA,03049906.DAT
Municipales,1999,06,04199906_TOTA,000009,ERC,ESQUERRA REPUBLICANA DE CATALUNYA,03049906.DAT
Municipales,1999,06,04199906_TOTA,001488,EKA,PARTIDO CARLISTA,03049906.DAT
Municipales,1999,06,04199906_TOTA,001911,PCI,PLATAFORMA CIVICA DE IZQUIERDAS,03049906.DAT
Municipales,1999,06,04199906_TOTA,000544,ERC-AM,ESQUERRA REPUBLICANA DE CATALUNYA-ACORD MUNICIPAL,03049906.DAT
Municipales,1999,06,04199906_TOTA,000553,UPE-IC-VEPM,UNIT. POPULAR D'ESQUERRES-INIC.CATALUNYA-VERDS-EPM,03049906.DAT
Municipales,1999,06,04199906_TOTA,000557,IC-V-EPM,INIC. PER CATALUNYA-VERDS-ENT. PEL PROG. MUNIC.,03049906.DAT
Municipales,1999,06,04199906_TOTA,000574,FIC-PIM'99,PLT.IND.MONTGAT'99(FIC) D'IND.DE CATALUNYA(PIM'99),03049906.DAT
Municipales,1999,06,04199906_TOTA,000576,EE-IC-V-EPM,ENT.PERESQ.-INIC.PERCATALUNYA-VERDS-ENT.PROG.MUNIC,03049906.DAT
Municipales,1999,06,04199906_TOTA,000577,PCS-CD,PLATAFORMA PER UNA CATALUNYA SOLIDARIA-CD,03049906.DAT
Municipales,1999,06,04199906_TOTA,000583,FIC-OPV,OP.PER VILASSAR(FIC)FEDERACIO D'IND.CATALUNYA(OPV),03049906.DAT
Municipales,1999,06,04199906_TOTA,000584,FIC-GAMP,GR.D'ACC.MUNI.PROG.(FIC)FED.IND.CATALUNYA (GAMP),03049906.DAT
Municipales,1999,06,04199906_TOTA,000588,IC-V-EA-EPM,INIC.PER CATALUNYA-VERDSESQ.ALT.ENT.PELPROG.MUNIC.,03049906.DAT
Municipales,1999,06,04199906_TOTA,001007,PPG,PLATAFORMA POR GARRUCHA,03049906.DAT
Municipales,1999,06,04199906_TOTA,000591,RI-ERC,UNITS LA RAPITA-RAPITENCS INDS.ESQ.REP.CATALUNYA,03049906.DAT
Municipales,1999,06,04199906_TOTA,000594,ESQ-IC-VEPM,ENT. PER SANT QUIRZE INIC. PER CATALUNYA-VERDS-EPM,03049906.DAT
Municipales,1999,06,04199906_TOTA,001931,PD-M,PLATAFORMA DEMOCRATICA DE MORALZARZAL,03049906.DAT
Municipales,1999,06,04199906_TOTA,001766,ICVIPSEPM,INIC. PER CATALUNYA-VERDS-INDS. PER SALT-EPM,03049906.DAT
Municipales,1999,06,04199906_TOTA,001958,PDM,PLATAFORMA DEMOCRATICA MUNICIPAL,03049906.DAT
Municipales,1999,06,04199906_TOTA,001966,P.C.,PLATAFORMA CIUDADANA,03049906.DAT
Municipales,1999,06,04199906_TOTA,000635,EPICVI-EPM,ENT.PROG.-INIC.CATALUNYA-VERDS I IND.-ENT.PROG.MUN,03049906.DAT
Municipales,1999,06,04199906_TOTA,000653,PDLC,PARTIT DEMOCRATA LIBERAL DE CATALUNYA,03049906.DAT
Municipales,1999,06,04199906_TOTA,001282,PINAV,PLATAFORMA INDEPENDIENTE NAVALMORAL,03049906.DAT
Municipales,1999,06,04199906_TOTA,001303,ICV-CUP/EPM,INIC. CATALUNYA-V-COL.LECTIU D'UNITAT POPULAR-EPM,03049906.DAT
Municipales,1999,06,04199906_TOTA,001076,PDI,PLATAFORMA DE IZQUIERDAS,03049906.DAT
Municipales,1999,06,04199906_TOTA,001091,ROSA,"LA ROSA, PLATAFORMA DE PROGRES",03049906.DAT
Municipales,1999,06,04199906_TOTA,000661,EO-IC-V-EPM,ENT.DELS OLESANS-INIC.PER CATALUNYA-VERDS-EPM,03049906.DAT
Municipales,1999,06,04199906_TOTA,000662,UR-ERC-AM,UNITS PER RELLINARS-ESQ.REP.DE CATALUNYA-AM,03049906.DAT
Municipales,1999,06,04199906_TOTA,000663,ERC-EV-AM,ESQ. REP. DE CATALUNYA-ELS VERDS-ACORD MUNICIPAL,03049906.DAT
Municipales,1999,06,04199906_TOTA,000667,PVA,PLATAFORMA PER VILADECAVALLS ACTIU,03049906.DAT
Municipales,1999,06,04199906_TOTA,000671,PP,PARTIT POPULAR DE CATALUNYA,03049906.DAT
Municipales,1999,06,04199906_TOTA,000678,IMR-ERC-AM,IND.PER LES MASIES DE RODA-ESQ.REP.CATALUNYA-AM,03049906.DAT
Municipales,1999,06,04199906_TOTA,001979,PI-NR,PLATAFORMA INDEPENDIENTE NAVAS DEL REY,03049906.DAT
Municipales,1999,06,04199906_TOTA,001981,FPIE,FEDERACION DE LA PLATAFORMA DE LOS INDS. DE ESPAÑA,03049906.DAT
Municipales,1999,06,04199906_TOTA,001999,PI-T,PLATAFORMA DE LOS INDEPENDIENTES DE TORRELODONES,03049906.DAT
Municipales,1999,06,04199906_TOTA,001837,PI-C,PLATAFORMA DE LA IZQUIERDA DE COSLADA,03049906.DAT
Municipales,1999,06,04199906_TOTA,002023,PMC-BIP,PROGRES MUNICIPAL DE CATALUNYA-BLOC INDS. PROG.,03049906.DAT
Municipales,1999,06,04199906_TOTA,001859,P.I.M.,PLATAFORMA INDEPENDIENTE MUNICIPAL,03049906.DAT
Municipales,1999,06,04199906_TOTA,000694,PSC,PARTIT SOCIALISTA DE CATALUNYA,03049906.DAT
Municipales,1999,06,04199906_TOTA,000700,EOC,ESQUERRA OBRERA DE CATALUNYA,03049906.DAT
Municipales,1999,06,04199906_TOTA,000701,IC-VPC-EPM,INIC. PER CATALUNYA-VERDS PER CANYELLES EPM,03049906.DAT
Municipales,1999,06,04199906_TOTA,000706,IC-VPO-EPM,INIC. PER CATALUNYA-VERDS PER OLIVELLA EPM,03049906.DAT
Municipales,1999,06,04199906_TOTA,000711,EEA-FIC,ENT.D'ELEC.D'ALMOSTER-FED.D'IND.DE CATALUNYA-FIC,03049906.DAT
Municipales,1999,06,04199906_TOTA,000722,FIC,FEDERACIO D'INDEPENDENTS DE CATALUNYA,03049906.DAT
Municipales,1999,06,04199906_TOTA,000728,APM-ERC-AM,ALT.PER AL MOLAR-ESQ.REP.CATALUNYA-ACORD MUNICIPAL,03049906.DAT
Municipales,1999,06,04199906_TOTA,000731,UMM-ERC-AM,UNIO MONT-ROIG MIAMI-ESQ.REP.CATALUNYA-AM,03049906.DAT
Municipales,1999,06,04199906_TOTA,001139,PCD,PLATAFORMA CIVICA DEMOCRATICA,03049906.DAT
Municipales,1999,06,04199906_TOTA,001162,PPF,PLATAFORMA POPULAR DE FUERTEVENTURA,03049906.DAT
Municipales,1999,06,04199906_TOTA,001180,PMH,PLATAFORMA DEL MUNICIPIO DE HARIA,03049906.DAT
Municipales,1999,06,04199906_TOTA,001181,PCPH,PLATAFORMA CIVICA POR Y PARA PLAYA HONDA,03049906.DAT
Municipales,1999,06,04199906_TOTA,001182,PCL,PLATAFORMA CIUDADANA DE LANZAROTE,03049906.DAT
Municipales,1999,06,04199906_TOTA,000749,IC-V-PL-EPM,INIC.PER CATALUNYA-VERS-LA PLT.ENT.PEL PROG.MUNIC.,03049906.DAT
Municipales,1999,06,04199906_TOTA,002072,PPC,PLATAFORMA POPULAR DE CURTIS,03049906.DAT
Municipales,1999,06,04199906_TOTA,000782,UP-ERC-AM,UNITAT PLANENCA-ESQ.REP.DE CATALUNYA-ACORD MUNIC.,03049906.DAT
Municipales,1999,06,04199906_TOTA,001418,PLCC,PLATAFORMA CIVICA POR COIN,03049906.DAT
Municipales,1999,06,04199906_TOTA,001428,PSIC,PLATAFORMA SOCIAL INDEPENDIENTE POR CASARES,03049906.DAT
Municipales,1999,06,04199906_TOTA,000480,PSCPMC,PSC PROGRES MUNICIPAL DE CATALUNYA,03049906.DAT
Municipales,1999,06,04199906_TOTA,000482,PIC,PLATAFORMA INDEPENDENT DE CANET,03049906.DAT
Municipales,1999,06,04199906_TOTA,000492,PHC,PARTIT HUMANISTA DE CATALUNYA,03049906.DAT
Municipales,1999,06,04199906_TOTA,000494,EV-CEC,ELS VERDS-CONFEDERACIO ECOLOGISTA DE CATALUNYA,03049906.DAT
Municipales,1999,06,04199906_TOTA,000500,PEC,PARTIT ECOLOGISTA DE CATALUNYA,03049906.DAT
Municipales,1999,06,04199906_TOTA,000501,PEISAB,PLATAFORMA INDEPENDIENTE DE SANT ADRIA DE BESOS,03049906.DAT
Municipales,1999,06,04199906_TOTA,000800,UP-IC-V-EPM,UN.PROGRES-INIC.CATALUNYA-VERDS-ENT.PROG.MUNIC,03049906.DAT
Municipales,1999,06,04199906_TOTA,000819,PIT-ERC-AM,PLT.IND.TAGAMANENT-ESQ.REP.CATALUNYA-ACORD MUNIC.,03049906.DAT
Municipales,1999,06,04199906_TOTA,000824,IC-V-IG-EPM,INIC.PER CATALUNYA-VERDS-INDS.GAVA ENT.PROG.MUNIC,03049906.DAT
Municipales,1999,06,04199906_TOTA,001445,PIU,PLATAFORMA DE INDEPENDIENTES UNIDOS,03049906.DAT
Municipales,1999,06,04199906_TOTA,001665,AMC,PARTIDO ACCIO MUNICIPAL DE CATALUNYA,03049906.DAT
Municipales,1999,06,04199906_TOTA,001682,PP-CG,PLATAFORMA PROGRESISTA DE LES COMARQUES GIRONINES,03049906.DAT
Municipales,1999,06,04199906_TOTA,001685,CMC,CONVERGENCIA MUNICIPAL DE CATALUNYA,03049906.DAT
Municipales,1999,06,04199906_TOTA,001582,UV-ERC-AM,UNITS PER VILAPLANA-ESQ. REP. DE CATALUNYA-AM,03049906.DAT
Municipales,2003,05,04200305_MESA,462313,PCD,PLATAFORMA CIVICA DEMOCRATICA,03040305.DAT
Municipales,2003,05,04200305_MESA,462087,ROSA,"""LA ROSA, PLATAFORMA DE PROGRES""",03040305.DAT
Municipales,2003,05,04200305_MESA,172636,JPR-ICV-EPM,JUNTS PER RIPOLL-INICIATIVA PER CATALUNYA VERDS-PM,03040305.DAT
Municipales,2003,05,04200305_MESA,100975,PIGG,PLATAFORMA INDEPENDIENTE DE GUIJO DE GALISTEO,03040305.DAT
Municipales,2003,05,04200305_MESA,100980,PDEX,PLATAFORMA SOCIALISTA DEMOCRATICA EXTREMEÑA,03040305.DAT
Municipales,2003,05,04200305_MESA,211345,P.THARSIS,PLATAFORMA DE THARSIS,03040305.DAT
Municipales,2003,05,04200305_MESA,172650,AMC,ACCIO MUNICIPAL DE CATALUNYA,03040305.DAT
Municipales,2003,05,04200305_MESA,172651,E-ICV-EPM,ENTESA-INIC.PER CATALUNYA VERDS-EPM,03040305.DAT
Municipales,2003,05,04200305_MESA,282355,PIC,PLATAFORMA DE LA IZQUIERDA DE COSLADA,03040305.DAT
Municipales,2003,05,04200305_MESA,282365,PIE,PLATAFORMA DE LOS INDEPENDIENTES DE ESPAÑA,03040305.DAT
Municipales,2003,05,04200305_MESA,430043,ERC-AM,ESQUERRA REPUBLICANA DE CATALUNYA-ACORD MUNICIPAL,03040305.DAT
Municipales,2003,05,04200305_MESA,430070,PSC-PM,PARTIT SOCIALISTES DE CATALUNYA-PROGRES MUNICIPAL,03040305.DAT
Municipales,2003,05,04200305_MESA,331317,PLA.DE.TE.,PLATAFORMA DEFENSA TERCERA EDAD,03040305.DAT
Municipales,2003,05,04200305_MESA,282372,PNB,PLATAFORMA DE NUEVO BAZTAN,03040305.DAT
Municipales,2003,05,04200305_MESA,282381,PIM,PLATAFORMA INDEPENDIENTE MUNICIPAL,03040305.DAT
Municipales,2003,05,04200305_MESA,480060,E.K.A.-P.C.,PARTIDO CARLISTA DE EUSKAL HERRIA,03040305.DAT
Municipales,2003,05,04200305_MESA,431670,PLIC,PLATAFORMA INDEPENDENT CAMBRILENCA,03040305.DAT
Municipales,2003,05,04200305_MESA,340203,PG,AGRUPACION DE ELECTORES PLATAFORMA GUARDENSE,03040305.DAT
Municipales,2003,05,04200305_MESA,480464,U.H.P,UNTZILLAITZ HERRI PLATAFORMA,03040305.DAT
Municipales,2003,05,04200305_MESA,001198,PIE,AGRUPACION DE ELECTORES PLATAFORMA INDEPENDIENTE,03040305.DAT
Municipales,2003,05,04200305_MESA,110902,P.C.P.R,PLATAFORMA CIUDADANA POR PUERTO REAL,03040305.DAT
Municipales,2003,05,04200305_MESA,292244,APF,ACCION PLATAFORMA DE FUENGIROLA,03040305.DAT
Municipales,2003,05,04200305_MESA,282426,PCSMR,PLATAFORMA CIVICA-SOCIALISTA DE MANZANARES EL REAL,03040305.DAT
Municipales,2003,05,04200305_MESA,282430,PDM,PLATAFORMA DEMOCRATICA DE MORALZARZAL,03040305.DAT
Municipales,2003,05,04200305_MESA,431720,ICV-LP-EPM,INICIATIVA PER CATALUNYA VERDS-LA PLATAFORMA-EPM,03040305.DAT
Municipales,2003,05,04200305_MESA,431734,PSC-PSOE-PM,PARTIT DELS SOCIALISTES DE CATALUNYA PER AMPOSTA,03040305.DAT
Municipales,2003,05,04200305_MESA,431747,ICV-EPM,INICIATIVA PER CATALUNYA VERDS - EPM,03040305.DAT
Municipales,2003,05,04200305_MESA,352693,AFV-CIUCA,PLATAFORMA DE CIUDADANOS PARA EL CAMBIO,03040305.DAT
Municipales,2003,05,04200305_MESA,352697,PCDV,PLATAFORMA CIUDADANA DE VALSEQUILLO,03040305.DAT
Municipales,2003,05,04200305_MESA,241042,PCIV,PLATAFORMA Y CONTROL DE LAS I. DE VILLATURIEL,03040305.DAT
Municipales,2003,05,04200305_MESA,250043,ERC-AM,ESQUERRA REPUBLICANA DE CATALUNYA-ACORD MUNICIPAL,03040305.DAT
Municipales,2003,05,04200305_MESA,250046,PLPC,PLATAFORMA PER CATALUNYA,03040305.DAT
Municipales,2003,05,04200305_MESA,250070,PSC-PM,PARTIT SOCIALISTES DE CATALUNYA-PROGRES MUNICIPAL,03040305.DAT
Municipales,2003,05,04200305_MESA,251747,ICV-EPM,INICIATIVA PER CATALUNYA VERDS - EPM,03040305.DAT
Municipales,2003,05,04200305_MESA,251809,PSC-CPC-PM,PARTIT DELS SOCIALISTES DE CATALUNYA-CI.CAN.PRO.MU,03040305.DAT
Municipales,2003,05,04200305_MESA,251826,UPP-FIC,UNITS PEL POBLE-FEDERACIO D'INDEP. DE CATALUNYA,03040305.DAT
Municipales,2003,05,04200305_MESA,200060,E.K.A.-P.C.,PARTIDO CARLISTA DE EUSKAL HERRIA,03040305.DAT
Municipales,2003,05,04200305_MESA,200249,PHP,PAGOEDER HERRI PLATAFORMA,03040305.DAT
Municipales,2003,05,04200305_MESA,131084,P.V.I.S.C.M,PLATAFORMA VECINAL INDEP. DE SANTA CRUZ DE MUDELA,03040305.DAT
Municipales,2003,05,04200305_MESA,310060,E.K.A.-P.C.,PARTIDO CARLISTA DE EUSKAL HERRIA,03040305.DAT
Municipales,2003,05,04200305_MESA,282494,PVVP,PLATAFORMA VECINAL VIENTOS DEL PUEBLO,03040305.DAT
Municipales,2003,05,04200305_MESA,431839,EPERLA-ERC,ESQUERRA PER LA NOU-ESQUERRA REPUBLICANA CATALUNYA,03040305.DAT
Municipales,2003,05,04200305_MESA,432737,FIC,FEDERACIO DE INDEPENDENTS DE CATALUNYA,03040305.DAT
Municipales,2003,05,04200305_MESA,432738,ICV-A-EPM,INICIATIVA PER CATALUNYA VERDS-ALCANAR-EPM,03040305.DAT
Municipales,2003,05,04200305_MESA,432740,PSC-III-PM,PARTIT DELS SOCIALISTES DE CATALUNYA-INICIATIVA-PM,03040305.DAT
Municipales,2003,05,04200305_MESA,432746,PXC,PLATAFORMA PER CATALUNYA,03040305.DAT
Municipales,2003,05,04200305_MESA,282581,PIT,PLATAFORMA DE LOS INDEPENDIENTES DE TORRELODONES,03040305.DAT
Municipales,2003,05,04200305_MESA,251925,ERC-EV-AM,ESQUERRA REPUBLICANA DE CATALUNYA-ELS VERDS MES-AM,03040305.DAT
Municipales,2003,05,04200305_MESA,252119,PSC-BP,PARTIT DELS SOCIALISTES DE CATALUNYA-BAIX PALLARS,03040305.DAT
Municipales,2003,05,04200305_MESA,082299,PIM,PLATAFORMA INTEGRADORA MUNICIPAL,03040305.DAT
Municipales,2003,05,04200305_MESA,082731,UPAFIC,UNITS PER AVINYONET-FEDERACIO INDEP.DE CATALUNYA,03040305.DAT
Municipales,2003,05,04200305_MESA,082732,SUNFFIC,SUBIRATS UN NOU FUTUR-FED.D'INDEPENDENTS CATALUNYA,03040305.DAT
Municipales,2003,05,04200305_MESA,292170,PIU,PLATAFORMA DE INDEPENDIENTES UNIDOS,03040305.DAT
Municipales,2003,05,04200305_MESA,292184,PLCC,PLATAFORMA CIVICA POR COIN,03040305.DAT
Municipales,2003,05,04200305_MESA,401198,PIE,AGRUPACION DE ELECTORES PLATAFORMA INDEPENDIENTE,03040305.DAT
Municipales,2003,05,04200305_MESA,170043,ERC-AM,ESQUERRA REPUBLICANA DE CATALUNYA-ACORD MUNICIPAL,03040305.DAT
Municipales,2003,05,04200305_MESA,081659,EV-EC,ELS VERDS - ECOPACIFISTES DE CATALUNYA,03040305.DAT
Municipales,2003,05,04200305_MESA,081666,PI-SAB,PLATAFORMA INDEPENDIENTE DE SANT ADRIA DE BESOS,03040305.DAT
Municipales,2003,05,04200305_MESA,081747,ICV-EPM,INICIATIVA PER CATALUNYA VERDS - EPM,03040305.DAT
Municipales,2003,05,04200305_MESA,081751,I-ERC-AM,INDEPENDENTS-ESQUERRA REPUBLICANA DE CATALUNYA-AM,03040305.DAT
Municipales,2003,05,04200305_MESA,081809,PSC-CPC-PM,PARTIT DELS SOCIALISTES DE CATALUNYA-CI.CAN.PRO.MU,03040305.DAT
Municipales,2003,05,04200305_MESA,041363,PL.I.T.,PLATAFORMA INDEPENDIENTES DE TABERNAS,03040305.DAT
Municipales,2003,05,04200305_MESA,081830,PIT-ERC-AM,PLATAFORMA INDEPENDENTS TAGANAMENT-ERC-AM,03040305.DAT
Municipales,2003,05,04200305_MESA,002087,ROSA,"""LA ROSA, PLATAFORMA DE PROGRES""",03040305.DAT
Municipales,2003,05,04200305_MESA,002299,PIM,PLATAFORMA INTEGRADORA MUNICIPAL,03040305.DAT
Municipales,2003,05,04200305_MESA,002313,PCD,PLATAFORMA CIVICA DEMOCRATICA,03040305.DAT
Municipales,2003,05,04200305_MESA,002355,PIC,PLATAFORMA DE LA IZQUIERDA DE COSLADA,03040305.DAT
Municipales,2003,05,04200305_MESA,002365,PIE,PLATAFORMA DE LOS INDEPENDIENTES DE ESPAÑA,03040305.DAT
Municipales,2003,05,04200305_MESA,000203,PG,AGRUPACION DE ELECTORES PLATAFORMA GUARDENSE,03040305.DAT
Municipales,2003,05,04200305_MESA,000249,PHP,PAGOEDER HERRI PLATAFORMA,03040305.DAT
Municipales,2003,05,04200305_MESA,082003,RDC-CUP,RENOVACIO DEMOCRATICA CATALUNYA-C.UNITAT POPULAR,03040305.DAT
Municipales,2003,05,04200305_MESA,082017,PS-CD,PLATAFORMA SOLIDARIA-CIUTADANS DEMOCRATES,03040305.DAT
Municipales,2003,05,04200305_MESA,002207,PCU,PLATAFORMA CIVICA URBANIZACIONES CHIVA,03040305.DAT
Municipales,2003,05,04200305_MESA,002244,APF,ACCION PLATAFORMA DE FUENGIROLA,03040305.DAT
Municipales,2003,05,04200305_MESA,082062,ERC-AM,ESQUERRA REPUBLICANA DE CATALUNYA-LA GARNATXA-AM,03040305.DAT
Municipales,2003,05,04200305_MESA,082065,PCB,PLATAFORMA CIUTADANA PER BARBERA,03040305.DAT
Municipales,2003,05,04200305_MESA,001659,EV-EC,ELS VERDS - ECOPACIFISTES DE CATALUNYA,03040305.DAT
Municipales,2003,05,04200305_MESA,001666,PI-SAB,PLATAFORMA INDEPENDIENTE DE SANT ADRIA DE BESOS,03040305.DAT
Municipales,2003,05,04200305_MESA,001670,PLIC,PLATAFORMA INDEPENDENT CAMBRILENCA,03040305.DAT
Municipales,2003,05,04200305_MESA,061287,P.M.M.,PLATAFORMA MUNICIPAL DE MANCHITA,03040305.DAT
Municipales,2003,05,04200305_MESA,002372,PNB,PLATAFORMA DE NUEVO BAZTAN,03040305.DAT
Municipales,2003,05,04200305_MESA,002381,PIM,PLATAFORMA INDEPENDIENTE MUNICIPAL,03040305.DAT
Municipales,2003,05,04200305_MESA,002426,PCSMR,PLATAFORMA CIVICA-SOCIALISTA DE MANZANARES EL REAL,03040305.DAT
Municipales,2003,05,04200305_MESA,002430,PDM,PLATAFORMA DEMOCRATICA DE MORALZARZAL,03040305.DAT
Municipales,2003,05,04200305_MESA,462207,PCU,PLATAFORMA CIVICA URBANIZACIONES CHIVA,03040305.DAT
Municipales,2003,05,04200305_MESA,082073,PCS,PLATAFORMA CIUTADANA PER SABADELL,03040305.DAT
Municipales,2003,05,04200305_MESA,082074,PCCA,PLATAFORMA CIVICA CIUTADANS A L'AJUNTAMENT,03040305.DAT
Municipales,2003,05,04200305_MESA,000975,PIGG,PLATAFORMA INDEPENDIENTE DE GUIJO DE GALISTEO,03040305.DAT
Municipales,2003,05,04200305_MESA,000980,PDEX,PLATAFORMA SOCIALISTA DEMOCRATICA EXTREMEÑA,03040305.DAT
Municipales,2003,05,04200305_MESA,070009,ERC,ESQUERRA REPUBLICANA DE CATALUNYA,03040305.DAT
Municipales,2003,05,04200305_MESA,000464,U.H.P,UNTZILLAITZ HERRI PLATAFORMA,03040305.DAT
Municipales,2003,05,04200305_MESA,002581,PIT,PLATAFORMA DE LOS INDEPENDIENTES DE TORRELODONES,03040305.DAT
Municipales,2003,05,04200305_MESA,061303,P.G.,PLATAFORMA GRANJEÑA,03040305.DAT
Municipales,2003,05,04200305_MESA,001287,P.M.M.,PLATAFORMA MUNICIPAL DE MANCHITA,03040305.DAT
Municipales,2003,05,04200305_MESA,002650,AMC,ACCIO MUNICIPAL DE CATALUNYA,03040305.DAT
Municipales,2003,05,04200305_MESA,002458,P-CCV,PLATAFORMA-CIVICA CIUTADANS DE VIDRERES,03040305.DAT
Municipales,2003,05,04200305_MESA,002494,PVVP,PLATAFORMA VECINAL VIENTOS DEL PUEBLO,03040305.DAT
Municipales,2003,05,04200305_MESA,000902,P.C.P.R,PLATAFORMA CIUDADANA POR PUERTO REAL,03040305.DAT
Municipales,2003,05,04200305_MESA,000009,ERC,ESQUERRA REPUBLICANA DE CATALUNYA,03040305.DAT
Municipales,2003,05,04200305_MESA,000043,ERC-AM,ESQUERRA REPUBLICANA DE CATALUNYA-ACORD MUNICIPAL,03040305.DAT
Municipales,2003,05,04200305_MESA,000046,PLPC,PLATAFORMA PER CATALUNYA,03040305.DAT
Municipales,2003,05,04200305_MESA,000060,E.K.A.-P.C.,PARTIDO CARLISTA DE EUSKAL HERRIA,03040305.DAT
Municipales,2003,05,04200305_MESA,000070,PSC-PM,PARTIT SOCIALISTES DE CATALUNYA-PROGRES MUNICIPAL,03040305.DAT
Municipales,2003,05,04200305_MESA,001042,PCIV,PLATAFORMA Y CONTROL DE LAS I. DE VILLATURIEL,03040305.DAT
Municipales,2003,05,04200305_MESA,001303,P.G.,PLATAFORMA GRANJEÑA,03040305.DAT
Municipales,2003,05,04200305_MESA,001317,PLA.DE.TE.,PLATAFORMA DEFENSA TERCERA EDAD,03040305.DAT
Municipales,2003,05,04200305_MESA,002170,PIU,PLATAFORMA DE INDEPENDIENTES UNIDOS,03040305.DAT
Municipales,2003,05,04200305_MESA,002693,AFV-CIUCA,PLATAFORMA DE CIUDADANOS PARA EL CAMBIO,03040305.DAT
Municipales,2003,05,04200305_MESA,002697,PCDV,PLATAFORMA CIUDADANA DE VALSEQUILLO,03040305.DAT
Municipales,2003,05,04200305_MESA,002737,FIC,FEDERACIO DE INDEPENDENTS DE CATALUNYA,03040305.DAT
Municipales,2003,05,04200305_MESA,002003,RDC-CUP,RENOVACIO DEMOCRATICA CATALUNYA-C.UNITAT POPULAR,03040305.DAT
Municipales,2003,05,04200305_MESA,002017,PS-CD,PLATAFORMA SOLIDARIA-CIUTADANS DEMOCRATES,03040305.DAT
Municipales,2003,05,04200305_MESA,002184,PLCC,PLATAFORMA CIVICA POR COIN,03040305.DAT
Municipales,2003,05,04200305_MESA,080009,ERC,ESQUERRA REPUBLICANA DE CATALUNYA,03040305.DAT
Municipales,2003,05,04200305_MESA,080043,ERC-AM,ESQUERRA REPUBLICANA DE CATALUNYA-ACORD MUNICIPAL,03040305.DAT
Municipales,2003,05,04200305_MESA,080046,PLPC,PLATAFORMA PER CATALUNYA,03040305.DAT
Municipales,2003,05,04200305_MESA,080070,PSC-PM,PARTIT SOCIALISTES DE CATALUNYA-PROGRES MUNICIPAL,03040305.DAT
Municipales,2003,05,04200305_MESA,080125,FIMC,FEDERACIO D'INDEPENDENTS MUNICIPALISTAS CATALUNYA,03040305.DAT
Municipales,2003,05,04200305_MESA,081633,PIC-FIMC,PLATAFORMA INDEPENDENT DE CANET-FIC,03040305.DAT
Municipales,2003,05,04200305_MESA,002746,PXC,PLATAFORMA PER CATALUNYA,03040305.DAT
Municipales,2003,05,04200305_MESA,002065,PCB,PLATAFORMA CIUTADANA PER BARBERA,03040305.DAT
Municipales,2003,05,04200305_MESA,002073,PCS,PLATAFORMA CIUTADANA PER SABADELL,03040305.DAT
Municipales,2003,05,04200305_MESA,002074,PCCA,PLATAFORMA CIVICA CIUTADANS A L'AJUNTAMENT,03040305.DAT
Municipales,2003,05,04200305_MESA,081639,PLSE,PLATAFORMA DE SANT ESTEVE,03040305.DAT
Municipales,2003,05,04200305_MESA,081641,PSC-PM-EUSP,PARTIT DELS SOCIALISTES CATALUNYA-PM-EU SANT POL,03040305.DAT
Municipales,2003,05,04200305_MESA,001639,PLSE,PLATAFORMA DE SANT ESTEVE,03040305.DAT
Municipales,2003,05,04200305_MESA,001345,P.THARSIS,PLATAFORMA DE THARSIS,03040305.DAT
Municipales,2003,05,04200305_MESA,001363,PL.I.T.,PLATAFORMA INDEPENDIENTES DE TABERNAS,03040305.DAT
Municipales,2003,05,04200305_MESA,001084,P.V.I.S.C.M,PLATAFORMA VECINAL INDEP. DE SANTA CRUZ DE MUDELA,03040305.DAT
Municipales,2003,05,04200305_MESA,000125,FIMC,FEDERACIO D'INDEPENDENTS MUNICIPALISTAS CATALUNYA,03040305.DAT
Municipales,2003,05,04200305_MESA,172458,P-CCV,PLATAFORMA-CIVICA CIUTADANS DE VIDRERES,03040305.DAT
Municipales,2003,05,04200305_MESA,172508,PPDB-PM,PLATAFORMA PROGRESSISTA DE BANYOLES-PM,03040305.DAT
Municipales,2003,05,04200305_MESA,170070,PSC-PM,PARTIT SOCIALISTES DE CATALUNYA-PROGRES MUNICIPAL,03040305.DAT
Municipales,2003,05,04200305_MESA,171747,ICV-EPM,INICIATIVA PER CATALUNYA VERDS - EPM,03040305.DAT
Municipales,2003,05,04200305_MESA,171809,PSC-CPC-PM,PARTIT DELS SOCIALISTES DE CATALUNYA-CI.CAN.PRO.MU,03040305.DAT
Municipales,2003,05,04200305_MESA,172436,AIR-PSCP,AGR. RIUDARENES-PARTIT SOCIALISTES DE CATALUNYA,03040305.DAT
Municipales,2003,05,04200305_MESA,172450,PSC-PM-JPT,P.SOCIALISTES DE CATALUNYA P.M -JOVES PER TOSSA,03040305.DAT
Municipales,2003,05,04200305_MUNI,462313,PCD,PLATAFORMA CIVICA DEMOCRATICA,03040305.DAT
Municipales,2003,05,04200305_MUNI,462087,ROSA,"""LA ROSA, PLATAFORMA DE PROGRES""",03040305.DAT
Municipales,2003,05,04200305_MUNI,172636,JPR-ICV-EPM,JUNTS PER RIPOLL-INICIATIVA PER CATALUNYA VERDS-PM,03040305.DAT
Municipales,2003,05,04200305_MUNI,100975,PIGG,PLATAFORMA INDEPENDIENTE DE GUIJO DE GALISTEO,03040305.DAT
Municipales,2003,05,04200305_MUNI,100980,PDEX,PLATAFORMA SOCIALISTA DEMOCRATICA EXTREMEÑA,03040305.DAT
Municipales,2003,05,04200305_MUNI,211345,P.THARSIS,PLATAFORMA DE THARSIS,03040305.DAT
Municipales,2003,05,04200305_MUNI,172650,AMC,ACCIO MUNICIPAL DE CATALUNYA,03040305.DAT
Municipales,2003,05,04200305_MUNI,172651,E-ICV-EPM,ENTESA-INIC.PER CATALUNYA VERDS-EPM,03040305.DAT
Municipales,2003,05,04200305_MUNI,282355,PIC,PLATAFORMA DE LA IZQUIERDA DE COSLADA,03040305.DAT
Municipales,2003,05,04200305_MUNI,282365,PIE,PLATAFORMA DE LOS INDEPENDIENTES DE ESPAÑA,03040305.DAT
Municipales,2003,05,04200305_MUNI,430043,ERC-AM,ESQUERRA REPUBLICANA DE CATALUNYA-ACORD MUNICIPAL,03040305.DAT
Municipales,2003,05,04200305_MUNI,430070,PSC-PM,PARTIT SOCIALISTES DE CATALUNYA-PROGRES MUNICIPAL,03040305.DAT
Municipales,2003,05,04200305_MUNI,331317,PLA.DE.TE.,PLATAFORMA DEFENSA TERCERA EDAD,03040305.DAT
Municipales,2003,05,04200305_MUNI,282372,PNB,PLATAFORMA DE NUEVO BAZTAN,03040305.DAT
Municipales,2003,05,04200305_MUNI,282381,PIM,PLATAFORMA INDEPENDIENTE MUNICIPAL,03040305.DAT
Municipales,2003,05,04200305_MUNI,480060,E.K.A.-P.C.,PARTIDO CARLISTA DE EUSKAL HERRIA,03040305.DAT
Municipales,2003,05,04200305_MUNI,431670,PLIC,PLATAFORMA INDEPENDENT CAMBRILENCA,03040305.DAT
Municipales,2003,05,04200305_MUNI,340203,PG,AGRUPACION DE ELECTORES PLATAFORMA GUARDENSE,03040305.DAT
Municipales,2003,05,04200305_MUNI,480464,U.H.P,UNTZILLAITZ HERRI PLATAFORMA,03040305.DAT
Municipales,2003,05,04200305_MUNI,001198,PIE,AGRUPACION DE ELECTORES PLATAFORMA INDEPENDIENTE,03040305.DAT
Municipales,2003,05,04200305_MUNI,110902,P.C.P.R,PLATAFORMA CIUDADANA POR PUERTO REAL,03040305.DAT
Municipales,2003,05,04200305_MUNI,292244,APF,ACCION PLATAFORMA DE FUENGIROLA,03040305.DAT
Municipales,2003,05,04200305_MUNI,282426,PCSMR,PLATAFORMA CIVICA-SOCIALISTA DE MANZANARES EL REAL,03040305.DAT
Municipales,2003,05,04200305_MUNI,282430,PDM,PLATAFORMA DEMOCRATICA DE MORALZARZAL,03040305.DAT
Municipales,2003,05,04200305_MUNI,431720,ICV-LP-EPM,INICIATIVA PER CATALUNYA VERDS-LA PLATAFORMA-EPM,03040305.DAT
Municipales,2003,05,04200305_MUNI,431734,PSC-PSOE-PM,PARTIT DELS SOCIALISTES DE CATALUNYA PER AMPOSTA,03040305.DAT
Municipales,2003,05,04200305_MUNI,431747,ICV-EPM,INICIATIVA PER CATALUNYA VERDS - EPM,03040305.DAT
Municipales,2003,05,04200305_MUNI,352693,AFV-CIUCA,PLATAFORMA DE CIUDADANOS PARA EL CAMBIO,03040305.DAT
Municipales,2003,05,04200305_MUNI,352697,PCDV,PLATAFORMA CIUDADANA DE VALSEQUILLO,03040305.DAT
Municipales,2003,05,04200305_MUNI,241042,PCIV,PLATAFORMA Y CONTROL DE LAS I. DE VILLATURIEL,03040305.DAT
Municipales,2003,05,04200305_MUNI,250043,ERC-AM,ESQUERRA REPUBLICANA DE CATALUNYA-ACORD MUNICIPAL,03040305.DAT
Municipales,2003,05,04200305_MUNI,250046,PLPC,PLATAFORMA PER CATALUNYA,03040305.DAT
Municipales,2003,05,04200305_MUNI,250070,PSC-PM,PARTIT SOCIALISTES DE CATALUNYA-PROGRES MUNICIPAL,03040305.DAT
Municipales,2003,05,04200305_MUNI,251747,ICV-EPM,INICIATIVA PER CATALUNYA VERDS - EPM,03040305.DAT
Municipales,2003,05,04200305_MUNI,251809,PSC-CPC-PM,PARTIT DELS SOCIALISTES DE CATALUNYA-CI.CAN.PRO.MU,03040305.DAT
Municipales,2003,05,04200305_MUNI,251826,UPP-FIC,UNITS PEL POBLE-FEDERACIO D'INDEP. DE CATALUNYA,03040305.DAT
Municipales,2003,05,04200305_MUNI,200060,E.K.A.-P.C.,PARTIDO CARLISTA DE EUSKAL HERRIA,03040305.DAT
Municipales,2003,05,04200305_MUNI,200249,PHP,PAGOEDER HERRI PLATAFORMA,03040305.DAT
Municipales,2003,05,04200305_MUNI,131084,P.V.I.S.C.M,PLATAFORMA VECINAL INDEP. DE SANTA CRUZ DE MUDELA,03040305.DAT
Municipales,2003,05,04200305_MUNI,310060,E.K.A.-P.C.,PARTIDO CARLISTA DE EUSKAL HERRIA,03040305.DAT
Municipales,2003,05,04200305_MUNI,282494,PVVP,PLATAFORMA VECINAL VIENTOS DEL PUEBLO,03040305.DAT
Municipales,2003,05,04200305_MUNI,431839,EPERLA-ERC,ESQUERRA PER LA NOU-ESQUERRA REPUBLICANA CATALUNYA,03040305.DAT
Municipales,2003,05,04200305_MUNI,432737,FIC,FEDERACIO DE INDEPENDENTS DE CATALUNYA,03040305.DAT
Municipales,2003,05,04200305_MUNI,432738,ICV-A-EPM,INICIATIVA PER CATALUNYA VERDS-ALCANAR-EPM,03040305.DAT
Municipales,2003,05,04200305_MUNI,432740,PSC-III-PM,PARTIT DELS SOCIALISTES DE CATALUNYA-INICIATIVA-PM,03040305.DAT
Municipales,2003,05,04200305_MUNI,432746,PXC,PLATAFORMA PER CATALUNYA,03040305.DAT
Municipales,2003,05,04200305_MUNI,282581,PIT,PLATAFORMA DE LOS INDEPENDIENTES DE TORRELODONES,03040305.DAT
Municipales,2003,05,04200305_MUNI,251925,ERC-EV-AM,ESQUERRA REPUBLICANA DE CATALUNYA-ELS VERDS MES-AM,03040305.DAT
Municipales,2003,05,04200305_MUNI,252119,PSC-BP,PARTIT DELS SOCIALISTES DE CATALUNYA-BAIX PALLARS,03040305.DAT
Municipales,2003,05,04200305_MUNI,082299,PIM,PLATAFORMA INTEGRADORA MUNICIPAL,03040305.DAT
Municipales,2003,05,04200305_MUNI,082731,UPAFIC,UNITS PER AVINYONET-FEDERACIO INDEP.DE CATALUNYA,03040305.DAT
Municipales,2003,05,04200305_MUNI,082732,SUNFFIC,SUBIRATS UN NOU FUTUR-FED.D'INDEPENDENTS CATALUNYA,03040305.DAT
Municipales,2003,05,04200305_MUNI,292170,PIU,PLATAFORMA DE INDEPENDIENTES UNIDOS,03040305.DAT
Municipales,2003,05,04200305_MUNI,292184,PLCC,PLATAFORMA CIVICA POR COIN,03040305.DAT
Municipales,2003,05,04200305_MUNI,401198,PIE,AGRUPACION DE ELECTORES PLATAFORMA INDEPENDIENTE,03040305.DAT
Municipales,2003,05,04200305_MUNI,170043,ERC-AM,ESQUERRA REPUBLICANA DE CATALUNYA-ACORD MUNICIPAL,03040305.DAT
Municipales,2003,05,04200305_MUNI,081659,EV-EC,ELS VERDS - ECOPACIFISTES DE CATALUNYA,03040305.DAT
Municipales,2003,05,04200305_MUNI,081666,PI-SAB,PLATAFORMA INDEPENDIENTE DE SANT ADRIA DE BESOS,03040305.DAT
Municipales,2003,05,04200305_MUNI,081747,ICV-EPM,INICIATIVA PER CATALUNYA VERDS - EPM,03040305.DAT
Municipales,2003,05,04200305_MUNI,081751,I-ERC-AM,INDEPENDENTS-ESQUERRA REPUBLICANA DE CATALUNYA-AM,03040305.DAT
Municipales,2003,05,04200305_MUNI,081809,PSC-CPC-PM,PARTIT DELS SOCIALISTES DE CATALUNYA-CI.CAN.PRO.MU,03040305.DAT
Municipales,2003,05,04200305_MUNI,041363,PL.I.T.,PLATAFORMA INDEPENDIENTES DE TABERNAS,03040305.DAT
Municipales,2003,05,04200305_MUNI,081830,PIT-ERC-AM,PLATAFORMA INDEPENDENTS TAGANAMENT-ERC-AM,03040305.DAT
Municipales,2003,05,04200305_MUNI,002087,ROSA,"""LA ROSA, PLATAFORMA DE PROGRES""",03040305.DAT
Municipales,2003,05,04200305_MUNI,002299,PIM,PLATAFORMA INTEGRADORA MUNICIPAL,03040305.DAT
Municipales,2003,05,04200305_MUNI,002313,PCD,PLATAFORMA CIVICA DEMOCRATICA,03040305.DAT
Municipales,2003,05,04200305_MUNI,002355,PIC,PLATAFORMA DE LA IZQUIERDA DE COSLADA,03040305.DAT
Municipales,2003,05,04200305_MUNI,002365,PIE,PLATAFORMA DE LOS INDEPENDIENTES DE ESPAÑA,03040305.DAT
Municipales,2003,05,04200305_MUNI,000203,PG,AGRUPACION DE ELECTORES PLATAFORMA GUARDENSE,03040305.DAT
Municipales,2003,05,04200305_MUNI,000249,PHP,PAGOEDER HERRI PLATAFORMA,03040305.DAT
Municipales,2003,05,04200305_MUNI,082003,RDC-CUP,RENOVACIO DEMOCRATICA CATALUNYA-C.UNITAT POPULAR,03040305.DAT
Municipales,2003,05,04200305_MUNI,082017,PS-CD,PLATAFORMA SOLIDARIA-CIUTADANS DEMOCRATES,03040305.DAT
Municipales,2003,05,04200305_MUNI,002207,PCU,PLATAFORMA CIVICA URBANIZACIONES CHIVA,03040305.DAT
Municipales,2003,05,04200305_MUNI,002244,APF,ACCION PLATAFORMA DE FUENGIROLA,03040305.DAT
Municipales,2003,05,04200305_MUNI,082062,ERC-AM,ESQUERRA REPUBLICANA DE CATALUNYA-LA GARNATXA-AM,03040305.DAT
Municipales,2003,05,04200305_MUNI,082065,PCB,PLATAFORMA CIUTADANA PER BARBERA,03040305.DAT
Municipales,2003,05,04200305_MUNI,001659,EV-EC,ELS VERDS - ECOPACIFISTES DE CATALUNYA,03040305.DAT
Municipales,2003,05,04200305_MUNI,001666,PI-SAB,PLATAFORMA INDEPENDIENTE DE SANT ADRIA DE BESOS,03040305.DAT
Municipales,2003,05,04200305_MUNI,001670,PLIC,PLATAFORMA INDEPENDENT CAMBRILENCA,03040305.DAT
Municipales,2003,05,04200305_MUNI,061287,P.M.M.,PLATAFORMA MUNICIPAL DE MANCHITA,03040305.DAT
Municipales,2003,05,04200305_MUNI,002372,PNB,PLATAFORMA DE NUEVO BAZTAN,03040305.DAT
Municipales,2003,05,04200305_MUNI,002381,PIM,PLATAFORMA INDEPENDIENTE MUNICIPAL,03040305.DAT
Municipales,2003,05,04200305_MUNI,002426,PCSMR,PLATAFORMA CIVICA-SOCIALISTA DE MANZANARES EL REAL,03040305.DAT
Municipales,2003,05,04200305_MUNI,002430,PDM,PLATAFORMA DEMOCRATICA DE MORALZARZAL,03040305.DAT
Municipales,2003,05,04200305_MUNI,462207,PCU,PLATAFORMA CIVICA URBANIZACIONES CHIVA,03040305.DAT
Municipales,2003,05,04200305_MUNI,082073,PCS,PLATAFORMA CIUTADANA PER SABADELL,03040305.DAT
Municipales,2003,05,04200305_MUNI,082074,PCCA,PLATAFORMA CIVICA CIUTADANS A L'AJUNTAMENT,03040305.DAT
Municipales,2003,05,04200305_MUNI,000975,PIGG,PLATAFORMA INDEPENDIENTE DE GUIJO DE GALISTEO,03040305.DAT
Municipales,2003,05,04200305_MUNI,000980,PDEX,PLATAFORMA SOCIALISTA DEMOCRATICA EXTREMEÑA,03040305.DAT
Municipales,2003,05,04200305_MUNI,070009,ERC,ESQUERRA REPUBLICANA DE CATALUNYA,03040305.DAT
Municipales,2003,05,04200305_MUNI,000464,U.H.P,UNTZILLAITZ HERRI PLATAFORMA,03040305.DAT
Municipales,2003,05,04200305_MUNI,002581,PIT,PLATAFORMA DE LOS INDEPENDIENTES DE TORRELODONES,03040305.DAT
Municipales,2003,05,04200305_MUNI,061303,P.G.,PLATAFORMA GRANJEÑA,03040305.DAT
Municipales,2003,05,04200305_MUNI,001287,P.M.M.,PLATAFORMA MUNICIPAL DE MANCHITA,03040305.DAT
Municipales,2003,05,04200305_MUNI,002650,AMC,ACCIO MUNICIPAL DE CATALUNYA,03040305.DAT
Municipales,2003,05,04200305_MUNI,002458,P-CCV,PLATAFORMA-CIVICA CIUTADANS DE VIDRERES,03040305.DAT
Municipales,2003,05,04200305_MUNI,002494,PVVP,PLATAFORMA VECINAL VIENTOS DEL PUEBLO,03040305.DAT
Municipales,2003,05,04200305_MUNI,000902,P.C.P.R,PLATAFORMA CIUDADANA POR PUERTO REAL,03040305.DAT
Municipales,2003,05,04200305_MUNI,000009,ERC,ESQUERRA REPUBLICANA DE CATALUNYA,03040305.DAT
Municipales,2003,05,04200305_MUNI,000043,ERC-AM,ESQUERRA REPUBLICANA DE CATALUNYA-ACORD MUNICIPAL,03040305.DAT
Municipales,2003,05,04200305_MUNI,000046,PLPC,PLATAFORMA PER CATALUNYA,03040305.DAT
Municipales,2003,05,04200305_MUNI,000060,E.K.A.-P.C.,PARTIDO CARLISTA DE EUSKAL HERRIA,03040305.DAT
Municipales,2003,05,04200305_MUNI,000070,PSC-PM,PARTIT SOCIALISTES DE CATALUNYA-PROGRES MUNICIPAL,03040305.DAT
Municipales,2003,05,04200305_MUNI,001042,PCIV,PLATAFORMA Y CONTROL DE LAS I. DE VILLATURIEL,03040305.DAT
Municipales,2003,05,04200305_MUNI,001303,P.G.,PLATAFORMA GRANJEÑA,03040305.DAT
Municipales,2003,05,04200305_MUNI,001317,PLA.DE.TE.,PLATAFORMA DEFENSA TERCERA EDAD,03040305.DAT
Municipales,2003,05,04200305_MUNI,002170,PIU,PLATAFORMA DE INDEPENDIENTES UNIDOS,03040305.DAT
Municipales,2003,05,04200305_MUNI,002693,AFV-CIUCA,PLATAFORMA DE CIUDADANOS PARA EL CAMBIO,03040305.DAT
Municipales,2003,05,04200305_MUNI,002697,PCDV,PLATAFORMA CIUDADANA DE VALSEQUILLO,03040305.DAT
Municipales,2003,05,04200305_MUNI,002737,FIC,FEDERACIO DE INDEPENDENTS DE CATALUNYA,03040305.DAT
Municipales,2003,05,04200305_MUNI,002003,RDC-CUP,RENOVACIO DEMOCRATICA CATALUNYA-C.UNITAT POPULAR,03040305.DAT
Municipales,2003,05,04200305_MUNI,002017,PS-CD,PLATAFORMA SOLIDARIA-CIUTADANS DEMOCRATES,03040305.DAT
Municipales,2003,05,04200305_MUNI,002184,PLCC,PLATAFORMA CIVICA POR COIN,03040305.DAT
Municipales,2003,05,04200305_MUNI,080009,ERC,ESQUERRA REPUBLICANA DE CATALUNYA,03040305.DAT
Municipales,2003,05,04200305_MUNI,080043,ERC-AM,ESQUERRA REPUBLICANA DE CATALUNYA-ACORD MUNICIPAL,03040305.DAT
Municipales,2003,05,04200305_MUNI,080046,PLPC,PLATAFORMA PER CATALUNYA,03040305.DAT
Municipales,2003,05,04200305_MUNI,080070,PSC-PM,PARTIT SOCIALISTES DE CATALUNYA-PROGRES MUNICIPAL,03040305.DAT
Municipales,2003,05,04200305_MUNI,080125,FIMC,FEDERACIO D'INDEPENDENTS MUNICIPALISTAS CATALUNYA,03040305.DAT
Municipales,2003,05,04200305_MUNI,081633,PIC-FIMC,PLATAFORMA INDEPENDENT DE CANET-FIC,03040305.DAT
Municipales,2003,05,04200305_MUNI,002746,PXC,PLATAFORMA PER CATALUNYA,03040305.DAT
Municipales,2003,05,04200305_MUNI,002065,PCB,PLATAFORMA CIUTADANA PER BARBERA,03040305.DAT
Municipales,2003,05,04200305_MUNI,002073,PCS,PLATAFORMA CIUTADANA PER SABADELL,03040305.DAT
Municipales,2003,05,04200305_MUNI,002074,PCCA,PLATAFORMA CIVICA CIUTADANS A L'AJUNTAMENT,03040305.DAT
Municipales,2003,05,04200305_MUNI,081639,PLSE,PLATAFORMA DE SANT ESTEVE,03040305.DAT
Municipales,2003,05,04200305_MUNI,081641,PSC-PM-EUSP,PARTIT DELS SOCIALISTES CATALUNYA-PM-EU SANT POL,03040305.DAT
Municipales,2003,05,04200305_MUNI,001639,PLSE,PLATAFORMA DE SANT ESTEVE,03040305.DAT
Municipales,2003,05,04200305_MUNI,001345,P.THARSIS,PLATAFORMA DE THARSIS,03040305.DAT
Municipales,2003,05,04200305_MUNI,001363,PL.I.T.,PLATAFORMA INDEPENDIENTES DE TABERNAS,03040305.DAT
Municipales,2003,05,04200305_MUNI,001084,P.V.I.S.C.M,PLATAFORMA VECINAL INDEP. DE SANTA CRUZ DE MUDELA,03040305.DAT
Municipales,2003,05,04200305_MUNI,000125,FIMC,FEDERACIO D'INDEPENDENTS MUNICIPALISTAS CATALUNYA,03040305.DAT
Municipales,2003,05,04200305_MUNI,172458,P-CCV,PLATAFORMA-CIVICA CIUTADANS DE VIDRERES,03040305.DAT
Municipales,2003,05,04200305_MUNI,172508,PPDB-PM,PLATAFORMA PROGRESSISTA DE BANYOLES-PM,03040305.DAT
Municipales,2003,05,04200305_MUNI,170070,PSC-PM,PARTIT SOCIALISTES DE CATALUNYA-PROGRES MUNICIPAL,03040305.DAT
Municipales,2003,05,04200305_MUNI,171747,ICV-EPM,INICIATIVA PER CATALUNYA VERDS - EPM,03040305.DAT
Municipales,2003,05,04200305_MUNI,171809,PSC-CPC-PM,PARTIT DELS SOCIALISTES DE CATALUNYA-CI.CAN.PRO.MU,03040305.DAT
Municipales,2003,05,04200305_MUNI,172436,AIR-PSCP,AGR. RIUDARENES-PARTIT SOCIALISTES DE CATALUNYA,03040305.DAT
Municipales,2003,05,04200305_MUNI,172450,PSC-PM-JPT,P.SOCIALISTES DE CATALUNYA P.M -JOVES PER TOSSA,03040305.DAT
Municipales,2003,05,04200305_TOTA,462313,PCD,PLATAFORMA CIVICA DEMOCRATICA,03040305.DAT
Municipales,2003,05,04200305_TOTA,462087,ROSA,"""LA ROSA, PLATAFORMA DE PROGRES""",03040305.DAT
Municipales,2003,05,04200305_TOTA,172636,JPR-ICV-EPM,JUNTS PER RIPOLL-INICIATIVA PER CATALUNYA VERDS-PM,03040305.DAT
Municipales,2003,05,04200305_TOTA,100975,PIGG,PLATAFORMA INDEPENDIENTE DE GUIJO DE GALISTEO,03040305.DAT
Municipales,2003,05,04200305_TOTA,100980,PDEX,PLATAFORMA SOCIALISTA DEMOCRATICA EXTREMEÑA,03040305.DAT
Municipales,2003,05,04200305_TOTA,211345,P.THARSIS,PLATAFORMA DE THARSIS,03040305.DAT
Municipales,2003,05,04200305_TOTA,172650,AMC,ACCIO MUNICIPAL DE CATALUNYA,03040305.DAT
Municipales,2003,05,04200305_TOTA,172651,E-ICV-EPM,ENTESA-INIC.PER CATALUNYA VERDS-EPM,03040305.DAT
Municipales,2003,05,04200305_TOTA,282355,PIC,PLATAFORMA DE LA IZQUIERDA DE COSLADA,03040305.DAT
Municipales,2003,05,04200305_TOTA,282365,PIE,PLATAFORMA DE LOS INDEPENDIENTES DE ESPAÑA,03040305.DAT
Municipales,2003,05,04200305_TOTA,430043,ERC-AM,ESQUERRA REPUBLICANA DE CATALUNYA-ACORD MUNICIPAL,03040305.DAT
Municipales,2003,05,04200305_TOTA,430070,PSC-PM,PARTIT SOCIALISTES DE CATALUNYA-PROGRES MUNICIPAL,03040305.DAT
Municipales,2003,05,04200305_TOTA,331317,PLA.DE.TE.,PLATAFORMA DEFENSA TERCERA EDAD,03040305.DAT
Municipales,2003,05,04200305_TOTA,282372,PNB,PLATAFORMA DE NUEVO BAZTAN,03040305.DAT
Municipales,2003,05,04200305_TOTA,282381,PIM,PLATAFORMA INDEPENDIENTE MUNICIPAL,03040305.DAT
Municipales,2003,05,04200305_TOTA,480060,E.K.A.-P.C.,PARTIDO CARLISTA DE EUSKAL HERRIA,03040305.DAT
Municipales,2003,05,04200305_TOTA,431670,PLIC,PLATAFORMA INDEPENDENT CAMBRILENCA,03040305.DAT
Municipales,2003,05,04200305_TOTA,340203,PG,AGRUPACION DE ELECTORES PLATAFORMA GUARDENSE,03040305.DAT
Municipales,2003,05,04200305_TOTA,480464,U.H.P,UNTZILLAITZ HERRI PLATAFORMA,03040305.DAT
Municipales,2003,05,04200305_TOTA,001198,PIE,AGRUPACION DE ELECTORES PLATAFORMA INDEPENDIENTE,03040305.DAT
Municipales,2003,05,04200305_TOTA,110902,P.C.P.R,PLATAFORMA CIUDADANA POR PUERTO REAL,03040305.DAT
Municipales,2003,05,04200305_TOTA,292244,APF,ACCION PLATAFORMA DE FUENGIROLA,03040305.DAT
Municipales,2003,05,04200305_TOTA,282426,PCSMR,PLATAFORMA CIVICA-SOCIALISTA DE MANZANARES EL REAL,03040305.DAT
Municipales,2003,05,04200305_TOTA,282430,PDM,PLATAFORMA DEMOCRATICA DE MORALZARZAL,03040305.DAT
Municipales,2003,05,04200305_TOTA,431720,ICV-LP-EPM,INICIATIVA PER CATALUNYA VERDS-LA PLATAFORMA-EPM,03040305.DAT
Municipales,2003,05,04200305_TOTA,431734,PSC-PSOE-PM,PARTIT DELS SOCIALISTES DE CATALUNYA PER AMPOSTA,03040305.DAT
Municipales,2003,05,04200305_TOTA,431747,ICV-EPM,INICIATIVA PER CATALUNYA VERDS - EPM,03040305.DAT
Municipales,2003,05,04200305_TOTA,352693,AFV-CIUCA,PLATAFORMA DE CIUDADANOS PARA EL CAMBIO,03040305.DAT
Municipales,2003,05,04200305_TOTA,352697,PCDV,PLATAFORMA CIUDADANA DE VALSEQUILLO,03040305.DAT
Municipales,2003,05,04200305_TOTA,241042,PCIV,PLATAFORMA Y CONTROL DE LAS I. DE VILLATURIEL,03040305.DAT
Municipales,2003,05,04200305_TOTA,250043,ERC-AM,ESQUERRA REPUBLICANA DE CATALUNYA-ACORD MUNICIPAL,03040305.DAT
Municipales,2003,05,04200305_TOTA,250046,PLPC,PLATAFORMA PER CATALUNYA,03040305.DAT
Municipales,2003,05,04200305_TOTA,250070,PSC-PM,PARTIT SOCIALISTES DE CATALUNYA-PROGRES MUNICIPAL,03040305.DAT
Municipales,2003,05,04200305_TOTA,251747,ICV-EPM,INICIATIVA PER CATALUNYA VERDS - EPM,03040305.DAT
Municipales,2003,05,04200305_TOTA,251809,PSC-CPC-PM,PARTIT DELS SOCIALISTES DE CATALUNYA-CI.CAN.PRO.MU,03040305.DAT
Municipales,2003,05,04200305_TOTA,251826,UPP-FIC,UNITS PEL POBLE-FEDERACIO D'INDEP. DE CATALUNYA,03040305.DAT
Municipales,2003,05,04200305_TOTA,200060,E.K.A.-P.C.,PARTIDO CARLISTA DE EUSKAL HERRIA,03040305.DAT
Municipales,2003,05,04200305_TOTA,200249,PHP,PAGOEDER HERRI PLATAFORMA,03040305.DAT
Municipales,2003,05,04200305_TOTA,131084,P.V.I.S.C.M,PLATAFORMA VECINAL INDEP. DE SANTA CRUZ DE MUDELA,03040305.DAT
Municipales,2003,05,04200305_TOTA,310060,E.K.A.-P.C.,PARTIDO CARLISTA DE EUSKAL HERRIA,03040305.DAT
Municipales,2003,05,04200305_TOTA,282494,PVVP,PLATAFORMA VECINAL VIENTOS DEL PUEBLO,03040305.DAT
Municipales,2003,05,04200305_TOTA,431839,EPERLA-ERC,ESQUERRA PER LA NOU-ESQUERRA REPUBLICANA CATALUNYA,03040305.DAT
Municipales,2003,05,04200305_TOTA,432737,FIC,FEDERACIO DE INDEPENDENTS DE CATALUNYA,03040305.DAT
Municipales,2003,05,04200305_TOTA,432738,ICV-A-EPM,INICIATIVA PER CATALUNYA VERDS-ALCANAR-EPM,03040305.DAT
Municipales,2003,05,04200305_TOTA,432740,PSC-III-PM,PARTIT DELS SOCIALISTES DE CATALUNYA-INICIATIVA-PM,03040305.DAT
Municipales,2003,05,04200305_TOTA,432746,PXC,PLATAFORMA PER CATALUNYA,03040305.DAT
Municipales,2003,05,04200305_TOTA,282581,PIT,PLATAFORMA DE LOS INDEPENDIENTES DE TORRELODONES,03040305.DAT
Municipales,2003,05,04200305_TOTA,251925,ERC-EV-AM,ESQUERRA REPUBLICANA DE CATALUNYA-ELS VERDS MES-AM,03040305.DAT
Municipales,2003,05,04200305_TOTA,252119,PSC-BP,PARTIT DELS SOCIALISTES DE CATALUNYA-BAIX PALLARS,03040305.DAT
Municipales,2003,05,04200305_TOTA,082299,PIM,PLATAFORMA INTEGRADORA MUNICIPAL,03040305.DAT
Municipales,2003,05,04200305_TOTA,082731,UPAFIC,UNITS PER AVINYONET-FEDERACIO INDEP.DE CATALUNYA,03040305.DAT
Municipales,2003,05,04200305_TOTA,082732,SUNFFIC,SUBIRATS UN NOU FUTUR-FED.D'INDEPENDENTS CATALUNYA,03040305.DAT
Municipales,2003,05,04200305_TOTA,292170,PIU,PLATAFORMA DE INDEPENDIENTES UNIDOS,03040305.DAT
Municipales,2003,05,04200305_TOTA,292184,PLCC,PLATAFORMA CIVICA POR COIN,03040305.DAT
Municipales,2003,05,04200305_TOTA,401198,PIE,AGRUPACION DE ELECTORES PLATAFORMA INDEPENDIENTE,03040305.DAT
Municipales,2003,05,04200305_TOTA,170043,ERC-AM,ESQUERRA REPUBLICANA DE CATALUNYA-ACORD MUNICIPAL,03040305.DAT
Municipales,2003,05,04200305_TOTA,081659,EV-EC,ELS VERDS - ECOPACIFISTES DE CATALUNYA,03040305.DAT
Municipales,2003,05,04200305_TOTA,081666,PI-SAB,PLATAFORMA INDEPENDIENTE DE SANT ADRIA DE BESOS,03040305.DAT
Municipales,2003,05,04200305_TOTA,081747,ICV-EPM,INICIATIVA PER CATALUNYA VERDS - EPM,03040305.DAT
Municipales,2003,05,04200305_TOTA,081751,I-ERC-AM,INDEPENDENTS-ESQUERRA REPUBLICANA DE CATALUNYA-AM,03040305.DAT
Municipales,2003,05,04200305_TOTA,081809,PSC-CPC-PM,PARTIT DELS SOCIALISTES DE CATALUNYA-CI.CAN.PRO.MU,03040305.DAT
Municipales,2003,05,04200305_TOTA,041363,PL.I.T.,PLATAFORMA INDEPENDIENTES DE TABERNAS,03040305.DAT
Municipales,2003,05,04200305_TOTA,081830,PIT-ERC-AM,PLATAFORMA INDEPENDENTS TAGANAMENT-ERC-AM,03040305.DAT
Municipales,2003,05,04200305_TOTA,002087,ROSA,"""LA ROSA, PLATAFORMA DE PROGRES""",03040305.DAT
Municipales,2003,05,04200305_TOTA,002299,PIM,PLATAFORMA INTEGRADORA MUNICIPAL,03040305.DAT
Municipales,2003,05,04200305_TOTA,002313,PCD,PLATAFORMA CIVICA DEMOCRATICA,03040305.DAT
Municipales,2003,05,04200305_TOTA,002355,PIC,PLATAFORMA DE LA IZQUIERDA DE COSLADA,03040305.DAT
Municipales,2003,05,04200305_TOTA,002365,PIE,PLATAFORMA DE LOS INDEPENDIENTES DE ESPAÑA,03040305.DAT
Municipales,2003,05,04200305_TOTA,000203,PG,AGRUPACION DE ELECTORES PLATAFORMA GUARDENSE,03040305.DAT
Municipales,2003,05,04200305_TOTA,000249,PHP,PAGOEDER HERRI PLATAFORMA,03040305.DAT
Municipales,2003,05,04200305_TOTA,082003,RDC-CUP,RENOVACIO DEMOCRATICA CATALUNYA-C.UNITAT POPULAR,03040305.DAT
Municipales,2003,05,04200305_TOTA,082017,PS-CD,PLATAFORMA SOLIDARIA-CIUTADANS DEMOCRATES,03040305.DAT
Municipales,2003,05,04200305_TOTA,002207,PCU,PLATAFORMA CIVICA URBANIZACIONES CHIVA,03040305.DAT
Municipales,2003,05,04200305_TOTA,002244,APF,ACCION PLATAFORMA DE FUENGIROLA,03040305.DAT
Municipales,2003,05,04200305_TOTA,082062,ERC-AM,ESQUERRA REPUBLICANA DE CATALUNYA-LA GARNATXA-AM,03040305.DAT
Municipales,2003,05,04200305_TOTA,082065,PCB,PLATAFORMA CIUTADANA PER BARBERA,03040305.DAT
Municipales,2003,05,04200305_TOTA,001659,EV-EC,ELS VERDS - ECOPACIFISTES DE CATALUNYA,03040305.DAT
Municipales,2003,05,04200305_TOTA,001666,PI-SAB,PLATAFORMA INDEPENDIENTE DE SANT ADRIA DE BESOS,03040305.DAT
Municipales,2003,05,04200305_TOTA,001670,PLIC,PLATAFORMA INDEPENDENT CAMBRILENCA,03040305.DAT
Municipales,2003,05,04200305_TOTA,061287,P.M.M.,PLATAFORMA MUNICIPAL DE MANCHITA,03040305.DAT
Municipales,2003,05,04200305_TOTA,002372,PNB,PLATAFORMA DE NUEVO BAZTAN,03040305.DAT
Municipales,2003,05,04200305_TOTA,002381,PIM,PLATAFORMA INDEPENDIENTE MUNICIPAL,03040305.DAT
Municipales,2003,05,04200305_TOTA,002426,PCSMR,PLATAFORMA CIVICA-SOCIALISTA DE MANZANARES EL REAL,03040305.DAT
Municipales,2003,05,04200305_TOTA,002430,PDM,PLATAFORMA DEMOCRATICA DE MORALZARZAL,03040305.DAT
Municipales,2003,05,04200305_TOTA,462207,PCU,PLATAFORMA CIVICA URBANIZACIONES CHIVA,03040305.DAT
Municipales,2003,05,04200305_TOTA,082073,PCS,PLATAFORMA CIUTADANA PER SABADELL,03040305.DAT
Municipales,2003,05,04200305_TOTA,082074,PCCA,PLATAFORMA CIVICA CIUTADANS A L'AJUNTAMENT,03040305.DAT
Municipales,2003,05,04200305_TOTA,000975,PIGG,PLATAFORMA INDEPENDIENTE DE GUIJO DE GALISTEO,03040305.DAT
Municipales,2003,05,04200305_TOTA,000980,PDEX,PLATAFORMA SOCIALISTA DEMOCRATICA EXTREMEÑA,03040305.DAT
Municipales,2003,05,04200305_TOTA,070009,ERC,ESQUERRA REPUBLICANA DE CATALUNYA,03040305.DAT
Municipales,2003,05,04200305_TOTA,000464,U.H.P,UNTZILLAITZ HERRI PLATAFORMA,03040305.DAT
Municipales,2003,05,04200305_TOTA,002581,PIT,PLATAFORMA DE LOS INDEPENDIENTES DE TORRELODONES,03040305.DAT
Municipales,2003,05,04200305_TOTA,061303,P.G.,PLATAFORMA GRANJEÑA,03040305.DAT
Municipales,2003,05,04200305_TOTA,001287,P.M.M.,PLATAFORMA MUNICIPAL DE MANCHITA,03040305.DAT
Municipales,2003,05,04200305_TOTA,002650,AMC,ACCIO MUNICIPAL DE CATALUNYA,03040305.DAT
Municipales,2003,05,04200305_TOTA,002458,P-CCV,PLATAFORMA-CIVICA CIUTADANS DE VIDRERES,03040305.DAT
Municipales,2003,05,04200305_TOTA,002494,PVVP,PLATAFORMA VECINAL VIENTOS DEL PUEBLO,03040305.DAT
Municipales,2003,05,04200305_TOTA,000902,P.C.P.R,PLATAFORMA CIUDADANA POR PUERTO REAL,03040305.DAT
Municipales,2003,05,04200305_TOTA,000009,ERC,ESQUERRA REPUBLICANA DE CATALUNYA,03040305.DAT
Municipales,2003,05,04200305_TOTA,000043,ERC-AM,ESQUERRA REPUBLICANA DE CATALUNYA-ACORD MUNICIPAL,03040305.DAT
Municipales,2003,05,04200305_TOTA,000046,PLPC,PLATAFORMA PER CATALUNYA,03040305.DAT
Municipales,2003,05,04200305_TOTA,000060,E.K.A.-P.C.,PARTIDO CARLISTA DE EUSKAL HERRIA,03040305.DAT
Municipales,2003,05,04200305_TOTA,000070,PSC-PM,PARTIT SOCIALISTES DE CATALUNYA-PROGRES MUNICIPAL,03040305.DAT
Municipales,2003,05,04200305_TOTA,001042,PCIV,PLATAFORMA Y CONTROL DE LAS I. DE VILLATURIEL,03040305.DAT
Municipales,2003,05,04200305_TOTA,001303,P.G.,PLATAFORMA GRANJEÑA,03040305.DAT
Municipales,2003,05,04200305_TOTA,001317,PLA.DE.TE.,PLATAFORMA DEFENSA TERCERA EDAD,03040305.DAT
Municipales,2003,05,04200305_TOTA,002170,PIU,PLATAFORMA DE INDEPENDIENTES UNIDOS,03040305.DAT
Municipales,2003,05,04200305_TOTA,002693,AFV-CIUCA,PLATAFORMA DE CIUDADANOS PARA EL CAMBIO,03040305.DAT
Municipales,2003,05,04200305_TOTA,002697,PCDV,PLATAFORMA CIUDADANA DE VALSEQUILLO,03040305.DAT
Municipales,2003,05,04200305_TOTA,002737,FIC,FEDERACIO DE INDEPENDENTS DE CATALUNYA,03040305.DAT
Municipales,2003,05,04200305_TOTA,002003,RDC-CUP,RENOVACIO DEMOCRATICA CATALUNYA-C.UNITAT POPULAR,03040305.DAT
Municipales,2003,05,04200305_TOTA,002017,PS-CD,PLATAFORMA SOLIDARIA-CIUTADANS DEMOCRATES,03040305.DAT
Municipales,2003,05,04200305_TOTA,002184,PLCC,PLATAFORMA CIVICA POR COIN,03040305.DAT
Municipales,2003,05,04200305_TOTA,080009,ERC,ESQUERRA REPUBLICANA DE CATALUNYA,03040305.DAT
Municipales,2003,05,04200305_TOTA,080043,ERC-AM,ESQUERRA REPUBLICANA DE CATALUNYA-ACORD MUNICIPAL,03040305.DAT
Municipales,2003,05,04200305_TOTA,080046,PLPC,PLATAFORMA PER CATALUNYA,03040305.DAT
Municipales,2003,05,04200305_TOTA,080070,PSC-PM,PARTIT SOCIALISTES DE CATALUNYA-PROGRES MUNICIPAL,03040305.DAT
Municipales,2003,05,04200305_TOTA,080125,FIMC,FEDERACIO D'INDEPENDENTS MUNICIPALISTAS CATALUNYA,03040305.DAT
Municipales,2003,05,04200305_TOTA,081633,PIC-FIMC,PLATAFORMA INDEPENDENT DE CANET-FIC,03040305.DAT
Municipales,2003,05,04200305_TOTA,002746,PXC,PLATAFORMA PER CATALUNYA,03040305.DAT
Municipales,2003,05,04200305_TOTA,002065,PCB,PLATAFORMA CIUTADANA PER BARBERA,03040305.DAT
Municipales,2003,05,04200305_TOTA,002073,PCS,PLATAFORMA CIUTADANA PER SABADELL,03040305.DAT
Municipales,2003,05,04200305_TOTA,002074,PCCA,PLATAFORMA CIVICA CIUTADANS A L'AJUNTAMENT,03040305.DAT
Municipales,2003,05,04200305_TOTA,081639,PLSE,PLATAFORMA DE SANT ESTEVE,03040305.DAT
Municipales,2003,05,04200305_TOTA,081641,PSC-PM-EUSP,PARTIT DELS SOCIALISTES CATALUNYA-PM-EU SANT POL,03040305.DAT
Municipales,2003,05,04200305_TOTA,001639,PLSE,PLATAFORMA DE SANT ESTEVE,03040305.DAT
Municipales,2003,05,04200305_TOTA,001345,P.THARSIS,PLATAFORMA DE THARSIS,03040305.DAT
Municipales,2003,05,04200305_TOTA,001363,PL.I.T.,PLATAFORMA INDEPENDIENTES DE TABERNAS,03040305.DAT
Municipales,2003,05,04200305_TOTA,001084,P.V.I.S.C.M,PLATAFORMA VECINAL INDEP. DE SANTA CRUZ DE MUDELA,03040305.DAT
Municipales,2003,05,04200305_TOTA,000125,FIMC,FEDERACIO D'INDEPENDENTS MUNICIPALISTAS CATALUNYA,03040305.DAT
Municipales,2003,05,04200305_TOTA,172458,P-CCV,PLATAFORMA-CIVICA CIUTADANS DE VIDRERES,03040305.DAT
Municipales,2003,05,04200305_TOTA,172508,PPDB-PM,PLATAFORMA PROGRESSISTA DE BANYOLES-PM,03040305.DAT
Municipales,2003,05,04200305_TOTA,170070,PSC-PM,PARTIT SOCIALISTES DE CATALUNYA-PROGRES MUNICIPAL,03040305.DAT
Municipales,2003,05,04200305_TOTA,171747,ICV-EPM,INICIATIVA PER CATALUNYA VERDS - EPM,03040305.DAT
Municipales,2003,05,04200305_TOTA,171809,PSC-CPC-PM,PARTIT DELS SOCIALISTES DE CATALUNYA-CI.CAN.PRO.MU,03040305.DAT
Municipales,2003,05,04200305_TOTA,172436,AIR-PSCP,AGR. RIUDARENES-PARTIT SOCIALISTES DE CATALUNYA,03040305.DAT
Municipales,2003,05,04200305_TOTA,172450,PSC-PM-JPT,P.SOCIALISTES DE CATALUNYA P.M -JOVES PER TOSSA,03040305.DAT
Municipales,2007,05,04200705_MESA,171571,PSC-PM,PLATAFORMA PROGRESSISTA DE BANYOLES-PARTIT DELS SO,03040705.DAT
Municipales,2007,05,04200705_MESA,171572,ICV-IB-EPM,INICIATIVA PER CATALUNYA VERDS-INDEPENDENTS DE BAN,03040705.DAT
Municipales,2007,05,04200705_MESA,171579,GPB-ESQUERR,GENT PER BORDILS-ESQUERRA REPUBLICANA DE CATALUNYA,03040705.DAT
Municipales,2007,05,04200705_MESA,171589,PDF,PLATAFORMA DEFENSA DE FLAÇA,03040705.DAT
Municipales,2007,05,04200705_MESA,171604,IPS-ICV-EPM,INDEPENDENTS PER SALT-INICIATIVA PER CATALUNYA VER,03040705.DAT
Municipales,2007,05,04200705_MESA,191815,P.P.C.P.,PLATAFORMA CIUDADANA DE PIOZ,03040705.DAT
Municipales,2007,05,04200705_MESA,082222,ICV-EUIA-EP,INICIATIVA PER CATALUNYA VERDS-ESQUERRA UNIDAD I A,03040705.DAT
Municipales,2007,05,04200705_MESA,083514,ICV-EUIA-EP,INICIATIVA PER CATALUNYA  VERDS-ESQUERRA UNIDA I A,03040705.DAT
Municipales,2007,05,04200705_MESA,083969,PSC-PM-GIR,PARTIT DELS SOCIALISTES DE CATALUNYA-PROGRES MUNIC,03040705.DAT
Municipales,2007,05,04200705_MESA,083995,PSC-PM,PARTIT DELS SOCIALISTES DE CATALUNYA-PROGRES MUNIC,03040705.DAT
Municipales,2007,05,04200705_MESA,101207,PSDG,PLATAFORMA SOCIALISTA DEMOCRATICA GARROVILLAS,03040705.DAT
Municipales,2007,05,04200705_MESA,101221,PSDEX,PLATAFORMA SOCIALISTA DEMOCRATICA EXTREMEÑA,03040705.DAT
Municipales,2007,05,04200705_MESA,171620,GPS-ESQUERR,GENT PER SERINYA-ESQUERRA REPUBLICANA DE CATALUNYA,03040705.DAT
Municipales,2007,05,04200705_MESA,081108,ICV-EUIA-EP,INICIATIVA PER CATALUNYA-ESQUERRA UNIDA I ALTERNAT,03040705.DAT
Municipales,2007,05,04200705_MESA,081112,PSC-PM-IPR,PARTIT DELS SOCIALISTES DE CATALUNYA-PROGRES MUNIC,03040705.DAT
Municipales,2007,05,04200705_MESA,081116,PM,PARTIT DELS SOCIALISTES DE CATALUNYA-PROGRES MUNIC,03040705.DAT
Municipales,2007,05,04200705_MESA,081131,ICV-CDG-EPM,INICIATIVA PER CATALUNYA VERDS-CIUTADANS DEL GES-E,03040705.DAT
Municipales,2007,05,04200705_MESA,081132,ICV-EUIA-EM,INICIATIVA PER CATALUNYA-ESQUERRA UNIDA I ALTERNAT,03040705.DAT
Municipales,2007,05,04200705_MESA,081140,ICV-EUIA-II,INICIATIVA PER CATALUNYA VERDS-ESQUERRA UNIDA I AL,03040705.DAT
Municipales,2007,05,04200705_MESA,081141,PXC,PLATAFORMA PER CATALUNYA,03040705.DAT
Municipales,2007,05,04200705_MESA,081528,PSC-PM,PARTIT DELS SOCIALISTES DE CATALUNYA PROGRES MUNIC,03040705.DAT
Municipales,2007,05,04200705_MESA,082212,PSC-PM,PARTIT DELS SOCIALISTES DE CATALUNYA-PROGRES MUNIC,03040705.DAT
Municipales,2007,05,04200705_MESA,171661,ICV-EUIA-EP,INICIATIVA PER CATALUNYA VERDS-ESQUERRA UNIDA I AL,03040705.DAT
Municipales,2007,05,04200705_MESA,081063,ICV-EPM,INICIATIVA PER CATALUNYA VERDS-ENTESA PEL PROGRES,03040705.DAT
Municipales,2007,05,04200705_MESA,081078,PSC-PM,PARTIT DELS SOCIALISTES DE CATALUNYA-PROGRES MUNIC,03040705.DAT
Municipales,2007,05,04200705_MESA,081083,EO-ICV-EPM,ENTESA DELS OLESANS INICIATIVA PER CATALUNYA VERDS,03040705.DAT
Municipales,2007,05,04200705_MESA,081090,PSC-CPC-PM,PARTIT DELS SOCIALISTES DE CATALUNYA-CIUTADANS PEL,03040705.DAT
Municipales,2007,05,04200705_MESA,081096,PVA,PLATAFORMA PER VILADEVALLS ACTIU,03040705.DAT
Municipales,2007,05,04200705_MESA,191800,P.U.C,PLATAFORMA DE LAS URBANIZACIONES Y EL CASAR,03040705.DAT
Municipales,2007,05,04200705_MESA,001016,PXC,PLATAFORMA PER CATALUNYA,03040705.DAT
Municipales,2007,05,04200705_MESA,001028,P.C.P.B,PLATAFORMA CIUTADANA PER BARBERA,03040705.DAT
Municipales,2007,05,04200705_MESA,001030,PCCA,PLATAFORMA CIVICA CIUTADANS A L'AJUNTAMENT,03040705.DAT
Municipales,2007,05,04200705_MESA,001045,PCPS,PLATAFORMA CIUTADANA PER SABADELL,03040705.DAT
Municipales,2007,05,04200705_MESA,000574,PIAE,PLATAFORMA INDEPENDIENTE DE LA AGRUPACION DE ELECT,03040705.DAT
Municipales,2007,05,04200705_MESA,000632,P.M.M.,PLATAFORMA MUNICIPAL DE MANCHITA,03040705.DAT
Municipales,2007,05,04200705_MESA,000647,PG,PLATAFORMA GRANJEÑA,03040705.DAT
Municipales,2007,05,04200705_MESA,232009,PICAS,PLATAFORMA INDEPENDIENTE DE CASTILLO DE LOCUBIN,03040705.DAT
Municipales,2007,05,04200705_MESA,252212,PSC-PM,PARTIT DELS SOCIALISTES DE CATALUNYA-PROGRES MUNIC,03040705.DAT
Municipales,2007,05,04200705_MESA,101245,IU-PPI,IZQUIERDA UNIDA PLATAFORMA PROGRESISTA INDEPENDIEN,03040705.DAT
Municipales,2007,05,04200705_MESA,171671,PSC-PM-JP,PARTIT DELS SOCIALISTES DE CATALUNYA-PROGRES MUNIC,03040705.DAT
Municipales,2007,05,04200705_MESA,171677,ESQUERRA-AM,ESQUERRA REPUBLICANA DE CATALUNYA-ACORD MUNICIPAL,03040705.DAT
Municipales,2007,05,04200705_MESA,171681,ESQUERRA-GI,ESQUERRA REPUBLICANA DE CATALUNYA-GRUP INDEPENDENT,03040705.DAT
Municipales,2007,05,04200705_MESA,171690,EPV-ICV-EPM,ENTESA PER VIDRERES-INICIATIVA PER CATALUNYA VERDS,03040705.DAT
Municipales,2007,05,04200705_MESA,171691,ICV-EUIA-EP,INICIATIVA PER CATALUNYA-VERDS-ESQUERRA UNIDA I AL,03040705.DAT
Municipales,2007,05,04200705_MESA,171697,ICV-EUA,INICIATIVA PER CATALUNYA VERDS-ESQUERRA UNIDA I AL,03040705.DAT
Municipales,2007,05,04200705_MESA,171700,PICALDES,PLATAFORMA INDEPENDENT PER CALDES,03040705.DAT
Municipales,2007,05,04200705_MESA,171706,CB-ESQUERRA,CRIDA PER BREDA-ESQUERRA REPUBLICANA DE CATALUNYA-,03040705.DAT
Municipales,2007,05,04200705_MESA,003586,PCB,PLATAFORMA CIUDADANOS DE BURGUILLOS,03040705.DAT
Municipales,2007,05,04200705_MESA,003004,PVF,CANDIDATURA PLATAFORMA VECINAL DE LA FRESNEDA,03040705.DAT
Municipales,2007,05,04200705_MESA,003011,PAA,AGRUPACION DE ELECTORES PLATAFORMA ANTIDESMONTES E,03040705.DAT
Municipales,2007,05,04200705_MESA,003635,PDG,PLATAFORMA DE GANDIA,03040705.DAT
Municipales,2007,05,04200705_MESA,003641,PDGS,PLATAFORMA DE GUARDAMAR DE LA SAFOR,03040705.DAT
Municipales,2007,05,04200705_MESA,003295,PIE,PLATAFORMA INDEPENDIENTE DE ELECTORES,03040705.DAT
Municipales,2007,05,04200705_MESA,003297,P.C.A.S,PLATAFORMA POR EL COMPROMISO AMBIENTAL Y SOCIAL,03040705.DAT
Municipales,2007,05,04200705_MESA,003797,PC-EKA,PARTIDO CARLISTA DE EUSKALHERRIA EUSKALHERRIKO ALD,03040705.DAT
Municipales,2007,05,04200705_MESA,003839,AHP,ALDATUZ HERRI PLATAFORMA,03040705.DAT
Municipales,2007,05,04200705_MESA,001363,P.V.I.S.C.M,PLATAFORMA VECINAL INDEPENDIENTE DE SANTA CRUZ DE,03040705.DAT
Municipales,2007,05,04200705_MESA,001388,PCB,PLATAFORMA CIUDADANA DE BELALCAZAR,03040705.DAT
Municipales,2007,05,04200705_MESA,001800,P.U.C,PLATAFORMA DE LAS URBANIZACIONES Y EL CASAR,03040705.DAT
Municipales,2007,05,04200705_MESA,001815,P.P.C.P.,PLATAFORMA CIUDADANA DE PIOZ,03040705.DAT
Municipales,2007,05,04200705_MESA,002482,PVG,PLATAFORMA DE VECINOS DE GALAPAGAR,03040705.DAT
Municipales,2007,05,04200705_MESA,002486,PDG,PLATAFORMA DEMOCRATICA DE GUADARRAMA,03040705.DAT
Municipales,2007,05,04200705_MESA,002923,E.K.A,PARTIDO CARLISTA,03040705.DAT
Municipales,2007,05,04200705_MESA,002935,VIA NOVA,VIA NOVA (PLATAFORMA CIUDADANA),03040705.DAT
Municipales,2007,05,04200705_MESA,003396,ADPAU,AGRUPACIO D'ELECTORS PLATAFORMA ALTAFULLA UNIDA,03040705.DAT
Municipales,2007,05,04200705_MESA,003366,PICA-PSA,PLATAFORMA INDEPENDIENTE CABECEÑA-PARTIDO SOCIALIS,03040705.DAT
Municipales,2007,05,04200705_MESA,030449,P.D.F.E,PLATAFORMA DE FUTURO ELDENSE,03040705.DAT
Municipales,2007,05,04200705_MESA,001854,PCL-O,PLATAFORMA CIUDADANA LASARTE-ORIA,03040705.DAT
Municipales,2007,05,04200705_MESA,002548,PIU,PLATAFORMA DE INDEPENDIENTES UNIDOS,03040705.DAT
Municipales,2007,05,04200705_MESA,002330,PNB,PLATAFORMA DE NUEVO BAZTAN,03040705.DAT
Municipales,2007,05,04200705_MESA,002355,PIM,PLATAFORMA INDEPENDIENTE MUNICIPAL,03040705.DAT
Municipales,2007,05,04200705_MESA,002388,PDDM,PLATAFORMA DEMOCRATRICA DE MORALZARZAL,03040705.DAT
Municipales,2007,05,04200705_MESA,001207,PSDG,PLATAFORMA SOCIALISTA DEMOCRATICA GARROVILLAS,03040705.DAT
Municipales,2007,05,04200705_MESA,001221,PSDEX,PLATAFORMA SOCIALISTA DEMOCRATICA EXTREMEÑA,03040705.DAT
Municipales,2007,05,04200705_MESA,000449,P.D.F.E,PLATAFORMA DE FUTURO ELDENSE,03040705.DAT
Municipales,2007,05,04200705_MESA,001284,PTI,PLATAFORMA TESORILLO INDEPENDIENTE,03040705.DAT
Municipales,2007,05,04200705_MESA,001473,P.I.L.,AGRUPACION DE ELECTORES PLATAFORMA INDEPENDIENTE P,03040705.DAT
Municipales,2007,05,04200705_MESA,002009,PICAS,PLATAFORMA INDEPENDIENTE DE CASTILLO DE LOCUBIN,03040705.DAT
Municipales,2007,05,04200705_MESA,002680,EKA,PARTIDO CARLISTA,03040705.DAT
Municipales,2007,05,04200705_MESA,002319,PIC,PLATAFORMA DE LA IZQUIERDA DE COSLADA,03040705.DAT
Municipales,2007,05,04200705_MESA,000141,EKA,PARTIDO CARLISTA,03040705.DAT
Municipales,2007,05,04200705_MESA,000206,FIC,FEDERACIO D'INDEPENDENTS DE CATALUNYA,03040705.DAT
Municipales,2007,05,04200705_MESA,001504,UMDC,UNIO MUNICIPAL DE CATALUNYA,03040705.DAT
Municipales,2007,05,04200705_MESA,001506,PS-CD,PLATAFORMA SOLIDARIA-CIUDADANOS DEMOCRATAS,03040705.DAT
Municipales,2007,05,04200705_MESA,001509,AMC,ACCIO MUNICIPAL DE CATALUNYA,03040705.DAT
Municipales,2007,05,04200705_MESA,001700,PICALDES,PLATAFORMA INDEPENDENT PER CALDES,03040705.DAT
Municipales,2007,05,04200705_MESA,000787,PSC-PM,PARTIT DELS SOCIALISTES DE CATALUNYA-PROGRES MUNIC,03040705.DAT
Municipales,2007,05,04200705_MESA,000789,ICV-EUIA-EP,INICIATIVA PER CATALUNYA VERDS-ESQUERRA UNIDA I AL,03040705.DAT
Municipales,2007,05,04200705_MESA,000798,UMDC,UNIO MUNICIPAL DE CATALUNYA,03040705.DAT
Municipales,2007,05,04200705_MESA,000806,PDSE,PLATAFORMA DE SANT ESTEVE,03040705.DAT
Municipales,2007,05,04200705_MESA,000819,PCPC,PARTIT COMUNISTA DEL POBLE DE CATALUNYA,03040705.DAT
Municipales,2007,05,04200705_MESA,080829,ICV-EUIA-EP,INICIATIVA PER CATALUNYA-ESQUERRA UNIDA I ALTERNAT,03040705.DAT
Municipales,2007,05,04200705_MESA,080834,ESQUERRA-AM,ESQUERRA REPUBLICANA DE CATALUNYA-ACORD MUNICIPAL,03040705.DAT
Municipales,2007,05,04200705_MESA,080866,PSC-PM,PARTIT DEL SOCIALISTES DE CATALUNYA-PROGRES MUNICI,03040705.DAT
Municipales,2007,05,04200705_MESA,131363,P.V.I.S.C.M,PLATAFORMA VECINAL INDEPENDIENTE DE SANTA CRUZ DE,03040705.DAT
Municipales,2007,05,04200705_MESA,463635,PDG,PLATAFORMA DE GANDIA,03040705.DAT
Municipales,2007,05,04200705_MESA,463641,PDGS,PLATAFORMA DE GUARDAMAR DE LA SAFOR,03040705.DAT
Municipales,2007,05,04200705_MESA,080886,ESQUERRA-EV,ESQUERRA REPUBLICANA DE CATALUNYA-ELS VERDS-ACORD,03040705.DAT
Municipales,2007,05,04200705_MESA,080889,I-ESQUERRA-,INDEPENDENTS-ESQUERRA REPUBLICANA DE CATALUNYA-ACO,03040705.DAT
Municipales,2007,05,04200705_MESA,463664,P.C.U.,PLATAFORMA CIVICA DE URBANIZACIONES DEL TERMINO DE,03040705.DAT
Municipales,2007,05,04200705_MESA,252222,ICV-EUIA-EP,INICIATIVA PER CATALUNYA VERDS-ESQUERRA UNIDAD I A,03040705.DAT
Municipales,2007,05,04200705_MESA,252225,ERC-AM,ESQUERRA REPUBLICANA DE CATALUNYA-ACORD MUNICIPAL,03040705.DAT
Municipales,2007,05,04200705_MESA,252232,ICV-EUIA-EP,INICIATIVA PER CATALUNYA VERDS-ESQUERRA UNIDA I AL,03040705.DAT
Municipales,2007,05,04200705_MESA,282355,PIM,PLATAFORMA INDEPENDIENTE MUNICIPAL,03040705.DAT
Municipales,2007,05,04200705_MESA,282388,PDDM,PLATAFORMA DEMOCRATRICA DE MORALZARZAL,03040705.DAT
Municipales,2007,05,04200705_MESA,282396,P.S.O.E.-P.,PARTIDO SOCIALISTA OBRERO ESPAÑOL-PLATAFORMA CIVIC,03040705.DAT
Municipales,2007,05,04200705_MESA,483797,PC-EKA,PARTIDO CARLISTA DE EUSKALHERRIA EUSKALHERRIKO ALD,03040705.DAT
Municipales,2007,05,04200705_MESA,483839,AHP,ALDATUZ HERRI PLATAFORMA,03040705.DAT
Municipales,2007,05,04200705_MESA,080905,ESQUERRA-IT,ESQUERRA REPUBLICANA DE CATALUNYA-INDEPENDENTS PER,03040705.DAT
Municipales,2007,05,04200705_MESA,080911,ICV-EUIA-EP,INICIATIVA PER CATALUNYA VERDS-ESQUERRA UNIDA I AL,03040705.DAT
Municipales,2007,05,04200705_MESA,080930,ERC-AM,ESQUERRA REPUBLICANA DE CATALUNYA-ACORD MUNICIPAL,03040705.DAT
Municipales,2007,05,04200705_MESA,080931,ICV-EUIA-EP,INICIATIVA PER CATALUNYA VERDS-ESQUERRA UNIDA I AL,03040705.DAT
Municipales,2007,05,04200705_MESA,080936,PSC-PM-GIC,PARTIT DELS SOCIALISTES DE CATALUNYA-PROGRES MUNIC,03040705.DAT
Municipales,2007,05,04200705_MESA,080954,PSC-PM-IV,PARTIT DELS SOCIALISTES DE CATALUNYA-PROGRES MUNIC,03040705.DAT
Municipales,2007,05,04200705_MESA,141388,PCB,PLATAFORMA CIUDADANA DE BELALCAZAR,03040705.DAT
Municipales,2007,05,04200705_MESA,080959,ICV-EPM,INICIATIVA PER CATALUNYA VERDS-ENTESA PER PROGRES,03040705.DAT
Municipales,2007,05,04200705_MESA,001083,EO-ICV-EPM,ENTESA DELS OLESANS INICIATIVA PER CATALUNYA VERDS,03040705.DAT
Municipales,2007,05,04200705_MESA,001096,PVA,PLATAFORMA PER VILADEVALLS ACTIU,03040705.DAT
Municipales,2007,05,04200705_MESA,003060,CIUCA-AFV,PLATAFORMA DE CIUDADANOS PARA EL CAMBIO,03040705.DAT
Municipales,2007,05,04200705_MESA,003078,PPDA,PLATAFORMA POPULAR EN DEFENSA DE ANTIGUA,03040705.DAT
Municipales,2007,05,04200705_MESA,060632,P.M.M.,PLATAFORMA MUNICIPAL DE MANCHITA,03040705.DAT
Municipales,2007,05,04200705_MESA,060647,PG,PLATAFORMA GRANJEÑA,03040705.DAT
Municipales,2007,05,04200705_MESA,161473,P.I.L.,AGRUPACION DE ELECTORES PLATAFORMA INDEPENDIENTE P,03040705.DAT
Municipales,2007,05,04200705_MESA,170787,PSC-PM,PARTIT DELS SOCIALISTES DE CATALUNYA-PROGRES MUNIC,03040705.DAT
Municipales,2007,05,04200705_MESA,170789,ICV-EUIA-EP,INICIATIVA PER CATALUNYA VERDS-ESQUERRA UNIDA I AL,03040705.DAT
Municipales,2007,05,04200705_MESA,170803,ICV-EPM,INICIATIVA PER CATALUNYA VERDS-ENTESA PEL PROGRES,03040705.DAT
Municipales,2007,05,04200705_MESA,080977,PSC-PM,PARTIT DELS SOCIALISTES DE CATALUNYA-PROGRES MUNIC,03040705.DAT
Municipales,2007,05,04200705_MESA,080979,ICV-EUIA-EP,INICIATIVA PER CATALUNYA VERDS-ESQUERRA UNIDA I AL,03040705.DAT
Municipales,2007,05,04200705_MESA,080999,ESQUERRA-LA,ESQUERRA REPUBLICANA DE CATALUNYA-LAGARNATXA-ACORD,03040705.DAT
Municipales,2007,05,04200705_MESA,081001,ICV-EUIA-EP,INICIATIVA PER CATALUNYA VERDS-ESQUERRA UNIDA I AL,03040705.DAT
Municipales,2007,05,04200705_MESA,081010,ESQUERRA-CO,ESQUERRA REPUBLICANA DE CATALUNYA-CONSENS PER CABR,03040705.DAT
Municipales,2007,05,04200705_MESA,170834,ESQUERRA-AM,ESQUERRA REPUBLICANA DE CATALUNYA-ACORD MUNICIPAL,03040705.DAT
Municipales,2007,05,04200705_MESA,171016,PXC,PLATAFORMA PER CATALUNYA,03040705.DAT
Municipales,2007,05,04200705_MESA,171029,PSC-PM,PARTIT DELS SOCIALISTES DE CATALUNYA-PROGRES MUNIC,03040705.DAT
Municipales,2007,05,04200705_MESA,171030,PCCA,PLATAFORMA CIVICA CIUTADANS A L'AJUNTAMENT,03040705.DAT
Municipales,2007,05,04200705_MESA,171042,ESQUERRA-AM,ESQUERRA REPUBLICANA DE CATALUNYA-ACORD MUNICIPAL,03040705.DAT
Municipales,2007,05,04200705_MESA,171063,ICV-EPM,INICIATIVA PER CATALUNYA VERDS-ENTESA PEL PROGRES,03040705.DAT
Municipales,2007,05,04200705_MESA,081016,PXC,PLATAFORMA PER CATALUNYA,03040705.DAT
Municipales,2007,05,04200705_MESA,003087,PPF,PLATAFORMA POPULAR DE FUERTEVENTURA,03040705.DAT
Municipales,2007,05,04200705_MESA,111284,PTI,PLATAFORMA TESORILLO INDEPENDIENTE,03040705.DAT
Municipales,2007,05,04200705_MESA,003664,P.C.U.,PLATAFORMA CIVICA DE URBANIZACIONES DEL TERMINO DE,03040705.DAT
Municipales,2007,05,04200705_MESA,050574,PIAE,PLATAFORMA INDEPENDIENTE DE LA AGRUPACION DE ELECT,03040705.DAT
Municipales,2007,05,04200705_MESA,081027,ICV-EUIA-EP,INICIATIVA PER CATALUNYA VERDS-ESQUERRA UNIDA I AL,03040705.DAT
Municipales,2007,05,04200705_MESA,081028,P.C.P.B,PLATAFORMA CIUTADANA PER BARBERA,03040705.DAT
Municipales,2007,05,04200705_MESA,081029,PSC-PM,PARTIT DELS SOCIALISTES DE CATALUNYA-PROGRES MUNIC,03040705.DAT
Municipales,2007,05,04200705_MESA,081030,PCCA,PLATAFORMA CIVICA CIUTADANS A L'AJUNTAMENT,03040705.DAT
Municipales,2007,05,04200705_MESA,081042,ESQUERRA-AM,ESQUERRA REPUBLICANA DE CATALUNYA-ACORD MUNICIPAL,03040705.DAT
Municipales,2007,05,04200705_MESA,081045,PCPS,PLATAFORMA CIUTADANA PER SABADELL,03040705.DAT
Municipales,2007,05,04200705_MESA,080296,AAM-FIC,FEDERACIO D'INDEPENDENTS DE CATALUNYA-AMICS PER AR,03040705.DAT
Municipales,2007,05,04200705_MESA,080306,M-AM,ESQUERRA REPUBLICANA DE CATALUNYA-ACORD MUNICIPAL,03040705.DAT
Municipales,2007,05,04200705_MESA,080787,PSC-PM,PARTIT DELS SOCIALISTES DE CATALUNYA-PROGRES MUNIC,03040705.DAT
Municipales,2007,05,04200705_MESA,080788,ERC-AM,ESQUERRA REPUBLICANA DE CATALUNYA-ACORD MUNICIPAL,03040705.DAT
Municipales,2007,05,04200705_MESA,080789,ICV-EUIA-EP,INICIATIVA PER CATALUNYA VERDS-ESQUERRA UNIDA I AL,03040705.DAT
Municipales,2007,05,04200705_MESA,080798,UMDC,UNIO MUNICIPAL DE CATALUNYA,03040705.DAT
Municipales,2007,05,04200705_MESA,080800,PSC-PM-PMPE,PARTIT DELS SOCIALISTES DE CATALUNYA-PROGRES MUNIC,03040705.DAT
Municipales,2007,05,04200705_MESA,080803,ICV-EPM,INICIATIVA PER CATALUNYA VERDS-ENTESA PEL PROGRES,03040705.DAT
Municipales,2007,05,04200705_MESA,080806,PDSE,PLATAFORMA DE SANT ESTEVE,03040705.DAT
Municipales,2007,05,04200705_MESA,080811,ICV-EUIA-EP,INICIATIVA PER CATALUNYA VERDS-ESQUERRA UNIDA I AL,03040705.DAT
Municipales,2007,05,04200705_MESA,080819,PCPC,PARTIT COMUNISTA DEL POBLE DE CATALUNYA,03040705.DAT
Municipales,2007,05,04200705_MESA,312923,E.K.A,PARTIDO CARLISTA,03040705.DAT
Municipales,2007,05,04200705_MESA,413366,PICA-PSA,PLATAFORMA INDEPENDIENTE CABECEÑA-PARTIDO SOCIALIS,03040705.DAT
Municipales,2007,05,04200705_MESA,430787,PSC-PM,PARTIT DELS SOCIALISTES DE CATALUNYA-PROGRES MUNIC,03040705.DAT
Municipales,2007,05,04200705_MESA,430788,ERC-AM,ESQUERRA REPUBLICANA DE CATALUNYA-ACORD MUNICIPAL,03040705.DAT
Municipales,2007,05,04200705_MESA,430789,ICV-EUIA-EP,INICIATIVA PER CATALUNYA VERDS-ESQUERRA UNIDA I AL,03040705.DAT
Municipales,2007,05,04200705_MESA,322935,VIA NOVA,VIA NOVA (PLATAFORMA CIUDADANA),03040705.DAT
Municipales,2007,05,04200705_MESA,201854,PCL-O,PLATAFORMA CIUDADANA LASARTE-ORIA,03040705.DAT
Municipales,2007,05,04200705_MESA,333004,PVF,CANDIDATURA PLATAFORMA VECINAL DE LA FRESNEDA,03040705.DAT
Municipales,2007,05,04200705_MESA,312680,EKA,PARTIDO CARLISTA,03040705.DAT
Municipales,2007,05,04200705_MESA,430794,FIC,L'ENTESA-FEDERACIO D'INDEPENDENTS DE CATALUNYA,03040705.DAT
Municipales,2007,05,04200705_MESA,430803,ICV-EPM,INICIATIVA PER CATALUNYA VERDS-ENTESA PEL PROGRES,03040705.DAT
Municipales,2007,05,04200705_MESA,430834,ESQUERRA-AM,ESQUERRA REPUBLICANA DE CATALUNYA-ACORD MUNICIPAL,03040705.DAT
Municipales,2007,05,04200705_MESA,431016,PXC,PLATAFORMA PER CATALUNYA,03040705.DAT
Municipales,2007,05,04200705_MESA,431504,UMDC,UNIO MUNICIPAL DE CATALUNYA,03040705.DAT
Municipales,2007,05,04200705_MESA,432212,PSC-PM,PARTIT DELS SOCIALISTES DE CATALUNYA-PROGRES MUNIC,03040705.DAT
Municipales,2007,05,04200705_MESA,433395,PXC,PLATAFORMA PER CATALUNYA,03040705.DAT
Municipales,2007,05,04200705_MESA,433396,ADPAU,AGRUPACIO D'ELECTORS PLATAFORMA ALTAFULLA UNIDA,03040705.DAT
Municipales,2007,05,04200705_MESA,433402,PSC-PM-UPLB,PARTIT DELS SOCIALISTES DE CATALUNYA-PROGRES MUNIC,03040705.DAT
Municipales,2007,05,04200705_MESA,433404,PSC-PM-ACM,PARTIT DELS SOCIALISTES DE CATALUNYA-PROGRES MUNIC,03040705.DAT
Municipales,2007,05,04200705_MESA,433420,ICV-EA-EPM,INICIATIVA PER CATALUNYA VERDS-ESQUERRA UNIDA I AL,03040705.DAT
Municipales,2007,05,04200705_MESA,433422,PIA-FIC,PLATAFORMA INDEPENDENT DE L'ALEIXAR-FEDERACIO D'IN,03040705.DAT
Municipales,2007,05,04200705_MESA,433430,ICV-EUIA-EP,INICIATIVA PER CATALUNYA VERDS-ESQUERRA UNIDA I AL,03040705.DAT
Municipales,2007,05,04200705_MESA,433433,PLIC-FIC,PLATAFORMA INDEPENDENT CAMBRILENCA-FEDERACIO D'IND,03040705.DAT
Municipales,2007,05,04200705_MESA,433450,PLIMM-FIC,PLATAFORMA INDEPENDENT MONT-ROIG MIAMI-FEDERACIO D,03040705.DAT
Municipales,2007,05,04200705_MESA,433458,PRIM-FIC,PLATAFORMA REUSENCA INDEPENDENT MUNICIPAL-FEDERACI,03040705.DAT
Municipales,2007,05,04200705_MESA,282319,PIC,PLATAFORMA DE LA IZQUIERDA DE COSLADA,03040705.DAT
Municipales,2007,05,04200705_MESA,282330,PNB,PLATAFORMA DE NUEVO BAZTAN,03040705.DAT
Municipales,2007,05,04200705_MESA,433473,ICV-EUIA-EP,INICIATIVA PER CATALUNYA VERDS-ESQUERRA UNIDA I AL,03040705.DAT
Municipales,2007,05,04200705_MESA,433495,PSC-III-PM,PARTIT DELS SOCIALISTES DE CATALUNYA-INICIATIVA-PR,03040705.DAT
Municipales,2007,05,04200705_MESA,343011,PAA,AGRUPACION DE ELECTORES PLATAFORMA ANTIDESMONTES E,03040705.DAT
Municipales,2007,05,04200705_MESA,353060,CIUCA-AFV,PLATAFORMA DE CIUDADANOS PARA EL CAMBIO,03040705.DAT
Municipales,2007,05,04200705_MESA,403295,PIE,PLATAFORMA INDEPENDIENTE DE ELECTORES,03040705.DAT
Municipales,2007,05,04200705_MESA,403297,P.C.A.S,PLATAFORMA POR EL COMPROMISO AMBIENTAL Y SOCIAL,03040705.DAT
Municipales,2007,05,04200705_MESA,463723,PCD-ACORD,PLATAFORMA CIVICA DEMOCRATICA: ACORD MUNICIPAL D'E,03040705.DAT
Municipales,2007,05,04200705_MESA,463727,BLOC-VERDS,BLOC-VERDS-PLATAFORMA PER L'HOSPITAL,03040705.DAT
Municipales,2007,05,04200705_MESA,433504,ICV-EUIA-EP,INICIATIVA PER CATALUNYA VERDS ESQUERRA UNIDA I AL,03040705.DAT
Municipales,2007,05,04200705_MESA,433514,ICV-EUIA-EP,INICIATIVA PER CATALUNYA  VERDS-ESQUERRA UNIDA I A,03040705.DAT
Municipales,2007,05,04200705_MESA,433516,FIC,FEDERACIO D'INDEPENDENTS DE CATALUNYA,03040705.DAT
Municipales,2007,05,04200705_MESA,433502,PSC-UPTA-PM,PARTIT DELS SOCIALISTES DE CATALUNYA-UNIO PER LA T,03040705.DAT
Municipales,2007,05,04200705_MESA,433554,ERC-AM,ESQUERRA REPUBLICANA DE CATALUNYA-ACORD MUNICIPAL,03040705.DAT
Municipales,2007,05,04200705_MESA,250787,PSC-PM,PARTIT DELS SOCIALISTES DE CATALUNYA-PROGRES MUNIC,03040705.DAT
Municipales,2007,05,04200705_MESA,250788,ERC-AM,ESQUERRA REPUBLICANA DE CATALUNYA-ACORD MUNICIPAL,03040705.DAT
Municipales,2007,05,04200705_MESA,250798,UMDC,UNIO MUNICIPAL DE CATALUNYA,03040705.DAT
Municipales,2007,05,04200705_MESA,250803,ICV-EPM,INICIATIVA PER CATALUNYA VERDS-ENTESA PEL PROGRES,03040705.DAT
Municipales,2007,05,04200705_MESA,250834,ESQUERRA-AM,ESQUERRA REPUBLICANA DE CATALUNYA-ACORD MUNICIPAL,03040705.DAT
Municipales,2007,05,04200705_MESA,251016,PXC,PLATAFORMA PER CATALUNYA,03040705.DAT
Municipales,2007,05,04200705_MESA,252085,ERC-AM,ESQUERRA REPUBLICANA DE CATALUNYA-ACORD MUNICIPAL,03040705.DAT
Municipales,2007,05,04200705_MESA,252092,ICV,INICIATIVA PER CATALUNYA ELS VERDS,03040705.DAT
Municipales,2007,05,04200705_MESA,282482,PVG,PLATAFORMA DE VECINOS DE GALAPAGAR,03040705.DAT
Municipales,2007,05,04200705_MESA,282486,PDG,PLATAFORMA DEMOCRATICA DE GUADARRAMA,03040705.DAT
Municipales,2007,05,04200705_MESA,292548,PIU,PLATAFORMA DE INDEPENDIENTES UNIDOS,03040705.DAT
Municipales,2007,05,04200705_MESA,353078,PPDA,PLATAFORMA POPULAR EN DEFENSA DE ANTIGUA,03040705.DAT
Municipales,2007,05,04200705_MESA,353087,PPF,PLATAFORMA POPULAR DE FUERTEVENTURA,03040705.DAT
Municipales,2007,05,04200705_MESA,453586,PCB,PLATAFORMA CIUDADANOS DE BURGUILLOS,03040705.DAT
Municipales,2007,05,04200705_MESA,171498,ERC-AC,ESQUERRA REPUBLICANA DE CATALUNYA-ACORD MUNICIPAL,03040705.DAT
Municipales,2007,05,04200705_MESA,171504,UMDC,UNIO MUNICIPAL DE CATALUNYA,03040705.DAT
Municipales,2007,05,04200705_MESA,171505,E-ICV-EPM,ENTESA-INICIATIVA PER CATALUNYA VERDS-ENTESA PEL P,03040705.DAT
Municipales,2007,05,04200705_MESA,171506,PS-CD,PLATAFORMA SOLIDARIA-CIUDADANOS DEMOCRATAS,03040705.DAT
Municipales,2007,05,04200705_MESA,171509,AMC,ACCIO MUNICIPAL DE CATALUNYA,03040705.DAT
Municipales,2007,05,04200705_MESA,252130,ICV-EPM,INICIATIVA PER CATALUNYA VERDS-ESQUERRA UNIDA I AL,03040705.DAT
Municipales,2007,05,04200705_MESA,252140,PSC,PARTIT DELS SOCIALISTES DE CATALUNYA-PROGRES MUNIC,03040705.DAT
Municipales,2007,05,04200705_MESA,252141,PSC-PM-INCE,PARTIT DELS SOCIALISTES DE CATALUNYA-PROGRES MUNIC,03040705.DAT
Municipales,2007,05,04200705_MESA,252162,ICV-EUIA-EP,INICIATIVA PER CATALUNYA VERDS-ESQUERRA UNIDA I AL,03040705.DAT
Municipales,2007,05,04200705_MESA,171528,PSC-PM,PARTIT DELS SOCIALISTES DE CATALUNYA PROGRES MUNIC,03040705.DAT
Municipales,2007,05,04200705_MESA,171529,ERC-AM,ESQUERRA REPUBLICANA DE CATALUNYA ACORD MUNICIPAL,03040705.DAT
Municipales,2007,05,04200705_MESA,171532,IPCV-EPM,INICIATIVA PER CATALUNYA-ENTESA PER PROGRES MUNICI,03040705.DAT
Municipales,2007,05,04200705_MESA,171536,VC-IPCV-EPM,VIURE A CISTELLA-INICIATIVA PER CATALUNYA VERDS-EN,03040705.DAT
Municipales,2007,05,04200705_MESA,171540,IPCV-EPPM,INICIATIVA PER CATALUNYA VERDS-ENTESA PEL PROGRES,03040705.DAT
Municipales,2007,05,04200705_MUNI,171571,PSC-PM,PLATAFORMA PROGRESSISTA DE BANYOLES-PARTIT DELS SO,03040705.DAT
Municipales,2007,05,04200705_MUNI,171572,ICV-IB-EPM,INICIATIVA PER CATALUNYA VERDS-INDEPENDENTS DE BAN,03040705.DAT
Municipales,2007,05,04200705_MUNI,171579,GPB-ESQUERR,GENT PER BORDILS-ESQUERRA REPUBLICANA DE CATALUNYA,03040705.DAT
Municipales,2007,05,04200705_MUNI,171589,PDF,PLATAFORMA DEFENSA DE FLAÇA,03040705.DAT
Municipales,2007,05,04200705_MUNI,171604,IPS-ICV-EPM,INDEPENDENTS PER SALT-INICIATIVA PER CATALUNYA VER,03040705.DAT
Municipales,2007,05,04200705_MUNI,191815,P.P.C.P.,PLATAFORMA CIUDADANA DE PIOZ,03040705.DAT
Municipales,2007,05,04200705_MUNI,082222,ICV-EUIA-EP,INICIATIVA PER CATALUNYA VERDS-ESQUERRA UNIDAD I A,03040705.DAT
Municipales,2007,05,04200705_MUNI,083514,ICV-EUIA-EP,INICIATIVA PER CATALUNYA  VERDS-ESQUERRA UNIDA I A,03040705.DAT
Municipales,2007,05,04200705_MUNI,083969,PSC-PM-GIR,PARTIT DELS SOCIALISTES DE CATALUNYA-PROGRES MUNIC,03040705.DAT
Municipales,2007,05,04200705_MUNI,083995,PSC-PM,PARTIT DELS SOCIALISTES DE CATALUNYA-PROGRES MUNIC,03040705.DAT
Municipales,2007,05,04200705_MUNI,101207,PSDG,PLATAFORMA SOCIALISTA DEMOCRATICA GARROVILLAS,03040705.DAT
Municipales,2007,05,04200705_MUNI,101221,PSDEX,PLATAFORMA SOCIALISTA DEMOCRATICA EXTREMEÑA,03040705.DAT
Municipales,2007,05,04200705_MUNI,171620,GPS-ESQUERR,GENT PER SERINYA-ESQUERRA REPUBLICANA DE CATALUNYA,03040705.DAT
Municipales,2007,05,04200705_MUNI,081108,ICV-EUIA-EP,INICIATIVA PER CATALUNYA-ESQUERRA UNIDA I ALTERNAT,03040705.DAT
Municipales,2007,05,04200705_MUNI,081112,PSC-PM-IPR,PARTIT DELS SOCIALISTES DE CATALUNYA-PROGRES MUNIC,03040705.DAT
Municipales,2007,05,04200705_MUNI,081116,PM,PARTIT DELS SOCIALISTES DE CATALUNYA-PROGRES MUNIC,03040705.DAT
Municipales,2007,05,04200705_MUNI,081131,ICV-CDG-EPM,INICIATIVA PER CATALUNYA VERDS-CIUTADANS DEL GES-E,03040705.DAT
Municipales,2007,05,04200705_MUNI,081132,ICV-EUIA-EM,INICIATIVA PER CATALUNYA-ESQUERRA UNIDA I ALTERNAT,03040705.DAT
Municipales,2007,05,04200705_MUNI,081140,ICV-EUIA-II,INICIATIVA PER CATALUNYA VERDS-ESQUERRA UNIDA I AL,03040705.DAT
Municipales,2007,05,04200705_MUNI,081141,PXC,PLATAFORMA PER CATALUNYA,03040705.DAT
Municipales,2007,05,04200705_MUNI,081528,PSC-PM,PARTIT DELS SOCIALISTES DE CATALUNYA PROGRES MUNIC,03040705.DAT
Municipales,2007,05,04200705_MUNI,082212,PSC-PM,PARTIT DELS SOCIALISTES DE CATALUNYA-PROGRES MUNIC,03040705.DAT
Municipales,2007,05,04200705_MUNI,171661,ICV-EUIA-EP,INICIATIVA PER CATALUNYA VERDS-ESQUERRA UNIDA I AL,03040705.DAT
Municipales,2007,05,04200705_MUNI,081063,ICV-EPM,INICIATIVA PER CATALUNYA VERDS-ENTESA PEL PROGRES,03040705.DAT
Municipales,2007,05,04200705_MUNI,081078,PSC-PM,PARTIT DELS SOCIALISTES DE CATALUNYA-PROGRES MUNIC,03040705.DAT
Municipales,2007,05,04200705_MUNI,081083,EO-ICV-EPM,ENTESA DELS OLESANS INICIATIVA PER CATALUNYA VERDS,03040705.DAT
Municipales,2007,05,04200705_MUNI,081090,PSC-CPC-PM,PARTIT DELS SOCIALISTES DE CATALUNYA-CIUTADANS PEL,03040705.DAT
Municipales,2007,05,04200705_MUNI,081096,PVA,PLATAFORMA PER VILADEVALLS ACTIU,03040705.DAT
Municipales,2007,05,04200705_MUNI,191800,P.U.C,PLATAFORMA DE LAS URBANIZACIONES Y EL CASAR,03040705.DAT
Municipales,2007,05,04200705_MUNI,001016,PXC,PLATAFORMA PER CATALUNYA,03040705.DAT
Municipales,2007,05,04200705_MUNI,001028,P.C.P.B,PLATAFORMA CIUTADANA PER BARBERA,03040705.DAT
Municipales,2007,05,04200705_MUNI,001030,PCCA,PLATAFORMA CIVICA CIUTADANS A L'AJUNTAMENT,03040705.DAT
Municipales,2007,05,04200705_MUNI,001045,PCPS,PLATAFORMA CIUTADANA PER SABADELL,03040705.DAT
Municipales,2007,05,04200705_MUNI,000574,PIAE,PLATAFORMA INDEPENDIENTE DE LA AGRUPACION DE ELECT,03040705.DAT
Municipales,2007,05,04200705_MUNI,000632,P.M.M.,PLATAFORMA MUNICIPAL DE MANCHITA,03040705.DAT
Municipales,2007,05,04200705_MUNI,000647,PG,PLATAFORMA GRANJEÑA,03040705.DAT
Municipales,2007,05,04200705_MUNI,232009,PICAS,PLATAFORMA INDEPENDIENTE DE CASTILLO DE LOCUBIN,03040705.DAT
Municipales,2007,05,04200705_MUNI,252212,PSC-PM,PARTIT DELS SOCIALISTES DE CATALUNYA-PROGRES MUNIC,03040705.DAT
Municipales,2007,05,04200705_MUNI,101245,IU-PPI,IZQUIERDA UNIDA PLATAFORMA PROGRESISTA INDEPENDIEN,03040705.DAT
Municipales,2007,05,04200705_MUNI,171671,PSC-PM-JP,PARTIT DELS SOCIALISTES DE CATALUNYA-PROGRES MUNIC,03040705.DAT
Municipales,2007,05,04200705_MUNI,171677,ESQUERRA-AM,ESQUERRA REPUBLICANA DE CATALUNYA-ACORD MUNICIPAL,03040705.DAT
Municipales,2007,05,04200705_MUNI,171681,ESQUERRA-GI,ESQUERRA REPUBLICANA DE CATALUNYA-GRUP INDEPENDENT,03040705.DAT
Municipales,2007,05,04200705_MUNI,171690,EPV-ICV-EPM,ENTESA PER VIDRERES-INICIATIVA PER CATALUNYA VERDS,03040705.DAT
Municipales,2007,05,04200705_MUNI,171691,ICV-EUIA-EP,INICIATIVA PER CATALUNYA-VERDS-ESQUERRA UNIDA I AL,03040705.DAT
Municipales,2007,05,04200705_MUNI,171697,ICV-EUA,INICIATIVA PER CATALUNYA VERDS-ESQUERRA UNIDA I AL,03040705.DAT
Municipales,2007,05,04200705_MUNI,171700,PICALDES,PLATAFORMA INDEPENDENT PER CALDES,03040705.DAT
Municipales,2007,05,04200705_MUNI,171706,CB-ESQUERRA,CRIDA PER BREDA-ESQUERRA REPUBLICANA DE CATALUNYA-,03040705.DAT
Municipales,2007,05,04200705_MUNI,003586,PCB,PLATAFORMA CIUDADANOS DE BURGUILLOS,03040705.DAT
Municipales,2007,05,04200705_MUNI,003004,PVF,CANDIDATURA PLATAFORMA VECINAL DE LA FRESNEDA,03040705.DAT
Municipales,2007,05,04200705_MUNI,003011,PAA,AGRUPACION DE ELECTORES PLATAFORMA ANTIDESMONTES E,03040705.DAT
Municipales,2007,05,04200705_MUNI,003635,PDG,PLATAFORMA DE GANDIA,03040705.DAT
Municipales,2007,05,04200705_MUNI,003641,PDGS,PLATAFORMA DE GUARDAMAR DE LA SAFOR,03040705.DAT
Municipales,2007,05,04200705_MUNI,003295,PIE,PLATAFORMA INDEPENDIENTE DE ELECTORES,03040705.DAT
Municipales,2007,05,04200705_MUNI,003297,P.C.A.S,PLATAFORMA POR EL COMPROMISO AMBIENTAL Y SOCIAL,03040705.DAT
Municipales,2007,05,04200705_MUNI,003797,PC-EKA,PARTIDO CARLISTA DE EUSKALHERRIA EUSKALHERRIKO ALD,03040705.DAT
Municipales,2007,05,04200705_MUNI,003839,AHP,ALDATUZ HERRI PLATAFORMA,03040705.DAT
Municipales,2007,05,04200705_MUNI,001363,P.V.I.S.C.M,PLATAFORMA VECINAL INDEPENDIENTE DE SANTA CRUZ DE,03040705.DAT
Municipales,2007,05,04200705_MUNI,001388,PCB,PLATAFORMA CIUDADANA DE BELALCAZAR,03040705.DAT
Municipales,2007,05,04200705_MUNI,001800,P.U.C,PLATAFORMA DE LAS URBANIZACIONES Y EL CASAR,03040705.DAT
Municipales,2007,05,04200705_MUNI,001815,P.P.C.P.,PLATAFORMA CIUDADANA DE PIOZ,03040705.DAT
Municipales,2007,05,04200705_MUNI,002482,PVG,PLATAFORMA DE VECINOS DE GALAPAGAR,03040705.DAT
Municipales,2007,05,04200705_MUNI,002486,PDG,PLATAFORMA DEMOCRATICA DE GUADARRAMA,03040705.DAT
Municipales,2007,05,04200705_MUNI,002923,E.K.A,PARTIDO CARLISTA,03040705.DAT
Municipales,2007,05,04200705_MUNI,002935,VIA NOVA,VIA NOVA (PLATAFORMA CIUDADANA),03040705.DAT
Municipales,2007,05,04200705_MUNI,003396,ADPAU,AGRUPACIO D'ELECTORS PLATAFORMA ALTAFULLA UNIDA,03040705.DAT
Municipales,2007,05,04200705_MUNI,003366,PICA-PSA,PLATAFORMA INDEPENDIENTE CABECEÑA-PARTIDO SOCIALIS,03040705.DAT
Municipales,2007,05,04200705_MUNI,030449,P.D.F.E,PLATAFORMA DE FUTURO ELDENSE,03040705.DAT
Municipales,2007,05,04200705_MUNI,001854,PCL-O,PLATAFORMA CIUDADANA LASARTE-ORIA,03040705.DAT
Municipales,2007,05,04200705_MUNI,002548,PIU,PLATAFORMA DE INDEPENDIENTES UNIDOS,03040705.DAT
Municipales,2007,05,04200705_MUNI,002330,PNB,PLATAFORMA DE NUEVO BAZTAN,03040705.DAT
Municipales,2007,05,04200705_MUNI,002355,PIM,PLATAFORMA INDEPENDIENTE MUNICIPAL,03040705.DAT
Municipales,2007,05,04200705_MUNI,002388,PDDM,PLATAFORMA DEMOCRATRICA DE MORALZARZAL,03040705.DAT
Municipales,2007,05,04200705_MUNI,001207,PSDG,PLATAFORMA SOCIALISTA DEMOCRATICA GARROVILLAS,03040705.DAT
Municipales,2007,05,04200705_MUNI,001221,PSDEX,PLATAFORMA SOCIALISTA DEMOCRATICA EXTREMEÑA,03040705.DAT
Municipales,2007,05,04200705_MUNI,000449,P.D.F.E,PLATAFORMA DE FUTURO ELDENSE,03040705.DAT
Municipales,2007,05,04200705_MUNI,001284,PTI,PLATAFORMA TESORILLO INDEPENDIENTE,03040705.DAT
Municipales,2007,05,04200705_MUNI,001473,P.I.L.,AGRUPACION DE ELECTORES PLATAFORMA INDEPENDIENTE P,03040705.DAT
Municipales,2007,05,04200705_MUNI,002009,PICAS,PLATAFORMA INDEPENDIENTE DE CASTILLO DE LOCUBIN,03040705.DAT
Municipales,2007,05,04200705_MUNI,002680,EKA,PARTIDO CARLISTA,03040705.DAT
Municipales,2007,05,04200705_MUNI,002319,PIC,PLATAFORMA DE LA IZQUIERDA DE COSLADA,03040705.DAT
Municipales,2007,05,04200705_MUNI,000141,EKA,PARTIDO CARLISTA,03040705.DAT
Municipales,2007,05,04200705_MUNI,000206,FIC,FEDERACIO D'INDEPENDENTS DE CATALUNYA,03040705.DAT
Municipales,2007,05,04200705_MUNI,001504,UMDC,UNIO MUNICIPAL DE CATALUNYA,03040705.DAT
Municipales,2007,05,04200705_MUNI,001506,PS-CD,PLATAFORMA SOLIDARIA-CIUDADANOS DEMOCRATAS,03040705.DAT
Municipales,2007,05,04200705_MUNI,001509,AMC,ACCIO MUNICIPAL DE CATALUNYA,03040705.DAT
Municipales,2007,05,04200705_MUNI,001700,PICALDES,PLATAFORMA INDEPENDENT PER CALDES,03040705.DAT
Municipales,2007,05,04200705_MUNI,000787,PSC-PM,PARTIT DELS SOCIALISTES DE CATALUNYA-PROGRES MUNIC,03040705.DAT
Municipales,2007,05,04200705_MUNI,000789,ICV-EUIA-EP,INICIATIVA PER CATALUNYA VERDS-ESQUERRA UNIDA I AL,03040705.DAT
Municipales,2007,05,04200705_MUNI,000798,UMDC,UNIO MUNICIPAL DE CATALUNYA,03040705.DAT
Municipales,2007,05,04200705_MUNI,000806,PDSE,PLATAFORMA DE SANT ESTEVE,03040705.DAT
Municipales,2007,05,04200705_MUNI,000819,PCPC,PARTIT COMUNISTA DEL POBLE DE CATALUNYA,03040705.DAT
Municipales,2007,05,04200705_MUNI,080829,ICV-EUIA-EP,INICIATIVA PER CATALUNYA-ESQUERRA UNIDA I ALTERNAT,03040705.DAT
Municipales,2007,05,04200705_MUNI,080834,ESQUERRA-AM,ESQUERRA REPUBLICANA DE CATALUNYA-ACORD MUNICIPAL,03040705.DAT
Municipales,2007,05,04200705_MUNI,080866,PSC-PM,PARTIT DEL SOCIALISTES DE CATALUNYA-PROGRES MUNICI,03040705.DAT
Municipales,2007,05,04200705_MUNI,131363,P.V.I.S.C.M,PLATAFORMA VECINAL INDEPENDIENTE DE SANTA CRUZ DE,03040705.DAT
Municipales,2007,05,04200705_MUNI,463635,PDG,PLATAFORMA DE GANDIA,03040705.DAT
Municipales,2007,05,04200705_MUNI,463641,PDGS,PLATAFORMA DE GUARDAMAR DE LA SAFOR,03040705.DAT
Municipales,2007,05,04200705_MUNI,080886,ESQUERRA-EV,ESQUERRA REPUBLICANA DE CATALUNYA-ELS VERDS-ACORD,03040705.DAT
Municipales,2007,05,04200705_MUNI,080889,I-ESQUERRA-,INDEPENDENTS-ESQUERRA REPUBLICANA DE CATALUNYA-ACO,03040705.DAT
Municipales,2007,05,04200705_MUNI,463664,P.C.U.,PLATAFORMA CIVICA DE URBANIZACIONES DEL TERMINO DE,03040705.DAT
Municipales,2007,05,04200705_MUNI,252222,ICV-EUIA-EP,INICIATIVA PER CATALUNYA VERDS-ESQUERRA UNIDAD I A,03040705.DAT
Municipales,2007,05,04200705_MUNI,252225,ERC-AM,ESQUERRA REPUBLICANA DE CATALUNYA-ACORD MUNICIPAL,03040705.DAT
Municipales,2007,05,04200705_MUNI,252232,ICV-EUIA-EP,INICIATIVA PER CATALUNYA VERDS-ESQUERRA UNIDA I AL,03040705.DAT
Municipales,2007,05,04200705_MUNI,282355,PIM,PLATAFORMA INDEPENDIENTE MUNICIPAL,03040705.DAT
Municipales,2007,05,04200705_MUNI,282388,PDDM,PLATAFORMA DEMOCRATRICA DE MORALZARZAL,03040705.DAT
Municipales,2007,05,04200705_MUNI,282396,P.S.O.E.-P.,PARTIDO SOCIALISTA OBRERO ESPAÑOL-PLATAFORMA CIVIC,03040705.DAT
Municipales,2007,05,04200705_MUNI,483797,PC-EKA,PARTIDO CARLISTA DE EUSKALHERRIA EUSKALHERRIKO ALD,03040705.DAT
Municipales,2007,05,04200705_MUNI,483839,AHP,ALDATUZ HERRI PLATAFORMA,03040705.DAT
Municipales,2007,05,04200705_MUNI,080905,ESQUERRA-IT,ESQUERRA REPUBLICANA DE CATALUNYA-INDEPENDENTS PER,03040705.DAT
Municipales,2007,05,04200705_MUNI,080911,ICV-EUIA-EP,INICIATIVA PER CATALUNYA VERDS-ESQUERRA UNIDA I AL,03040705.DAT
Municipales,2007,05,04200705_MUNI,080930,ERC-AM,ESQUERRA REPUBLICANA DE CATALUNYA-ACORD MUNICIPAL,03040705.DAT
Municipales,2007,05,04200705_MUNI,080931,ICV-EUIA-EP,INICIATIVA PER CATALUNYA VERDS-ESQUERRA UNIDA I AL,03040705.DAT
Municipales,2007,05,04200705_MUNI,080936,PSC-PM-GIC,PARTIT DELS SOCIALISTES DE CATALUNYA-PROGRES MUNIC,03040705.DAT
Municipales,2007,05,04200705_MUNI,080954,PSC-PM-IV,PARTIT DELS SOCIALISTES DE CATALUNYA-PROGRES MUNIC,03040705.DAT
Municipales,2007,05,04200705_MUNI,141388,PCB,PLATAFORMA CIUDADANA DE BELALCAZAR,03040705.DAT
Municipales,2007,05,04200705_MUNI,080959,ICV-EPM,INICIATIVA PER CATALUNYA VERDS-ENTESA PER PROGRES,03040705.DAT
Municipales,2007,05,04200705_MUNI,001083,EO-ICV-EPM,ENTESA DELS OLESANS INICIATIVA PER CATALUNYA VERDS,03040705.DAT
Municipales,2007,05,04200705_MUNI,001096,PVA,PLATAFORMA PER VILADEVALLS ACTIU,03040705.DAT
Municipales,2007,05,04200705_MUNI,003060,CIUCA-AFV,PLATAFORMA DE CIUDADANOS PARA EL CAMBIO,03040705.DAT
Municipales,2007,05,04200705_MUNI,003078,PPDA,PLATAFORMA POPULAR EN DEFENSA DE ANTIGUA,03040705.DAT
Municipales,2007,05,04200705_MUNI,060632,P.M.M.,PLATAFORMA MUNICIPAL DE MANCHITA,03040705.DAT
Municipales,2007,05,04200705_MUNI,060647,PG,PLATAFORMA GRANJEÑA,03040705.DAT
Municipales,2007,05,04200705_MUNI,161473,P.I.L.,AGRUPACION DE ELECTORES PLATAFORMA INDEPENDIENTE P,03040705.DAT
Municipales,2007,05,04200705_MUNI,170787,PSC-PM,PARTIT DELS SOCIALISTES DE CATALUNYA-PROGRES MUNIC,03040705.DAT
Municipales,2007,05,04200705_MUNI,170789,ICV-EUIA-EP,INICIATIVA PER CATALUNYA VERDS-ESQUERRA UNIDA I AL,03040705.DAT
Municipales,2007,05,04200705_MUNI,170803,ICV-EPM,INICIATIVA PER CATALUNYA VERDS-ENTESA PEL PROGRES,03040705.DAT
Municipales,2007,05,04200705_MUNI,080977,PSC-PM,PARTIT DELS SOCIALISTES DE CATALUNYA-PROGRES MUNIC,03040705.DAT
Municipales,2007,05,04200705_MUNI,080979,ICV-EUIA-EP,INICIATIVA PER CATALUNYA VERDS-ESQUERRA UNIDA I AL,03040705.DAT
Municipales,2007,05,04200705_MUNI,080999,ESQUERRA-LA,ESQUERRA REPUBLICANA DE CATALUNYA-LAGARNATXA-ACORD,03040705.DAT
Municipales,2007,05,04200705_MUNI,081001,ICV-EUIA-EP,INICIATIVA PER CATALUNYA VERDS-ESQUERRA UNIDA I AL,03040705.DAT
Municipales,2007,05,04200705_MUNI,081010,ESQUERRA-CO,ESQUERRA REPUBLICANA DE CATALUNYA-CONSENS PER CABR,03040705.DAT
Municipales,2007,05,04200705_MUNI,170834,ESQUERRA-AM,ESQUERRA REPUBLICANA DE CATALUNYA-ACORD MUNICIPAL,03040705.DAT
Municipales,2007,05,04200705_MUNI,171016,PXC,PLATAFORMA PER CATALUNYA,03040705.DAT
Municipales,2007,05,04200705_MUNI,171029,PSC-PM,PARTIT DELS SOCIALISTES DE CATALUNYA-PROGRES MUNIC,03040705.DAT
Municipales,2007,05,04200705_MUNI,171030,PCCA,PLATAFORMA CIVICA CIUTADANS A L'AJUNTAMENT,03040705.DAT
Municipales,2007,05,04200705_MUNI,171042,ESQUERRA-AM,ESQUERRA REPUBLICANA DE CATALUNYA-ACORD MUNICIPAL,03040705.DAT
Municipales,2007,05,04200705_MUNI,171063,ICV-EPM,INICIATIVA PER CATALUNYA VERDS-ENTESA PEL PROGRES,03040705.DAT
Municipales,2007,05,04200705_MUNI,081016,PXC,PLATAFORMA PER CATALUNYA,03040705.DAT
Municipales,2007,05,04200705_MUNI,003087,PPF,PLATAFORMA POPULAR DE FUERTEVENTURA,03040705.DAT
Municipales,2007,05,04200705_MUNI,111284,PTI,PLATAFORMA TESORILLO INDEPENDIENTE,03040705.DAT
Municipales,2007,05,04200705_MUNI,003664,P.C.U.,PLATAFORMA CIVICA DE URBANIZACIONES DEL TERMINO DE,03040705.DAT
Municipales,2007,05,04200705_MUNI,050574,PIAE,PLATAFORMA INDEPENDIENTE DE LA AGRUPACION DE ELECT,03040705.DAT
Municipales,2007,05,04200705_MUNI,081027,ICV-EUIA-EP,INICIATIVA PER CATALUNYA VERDS-ESQUERRA UNIDA I AL,03040705.DAT
Municipales,2007,05,04200705_MUNI,081028,P.C.P.B,PLATAFORMA CIUTADANA PER BARBERA,03040705.DAT
Municipales,2007,05,04200705_MUNI,081029,PSC-PM,PARTIT DELS SOCIALISTES DE CATALUNYA-PROGRES MUNIC,03040705.DAT
Municipales,2007,05,04200705_MUNI,081030,PCCA,PLATAFORMA CIVICA CIUTADANS A L'AJUNTAMENT,03040705.DAT
Municipales,2007,05,04200705_MUNI,081042,ESQUERRA-AM,ESQUERRA REPUBLICANA DE CATALUNYA-ACORD MUNICIPAL,03040705.DAT
Municipales,2007,05,04200705_MUNI,081045,PCPS,PLATAFORMA CIUTADANA PER SABADELL,03040705.DAT
Municipales,2007,05,04200705_MUNI,080296,AAM-FIC,FEDERACIO D'INDEPENDENTS DE CATALUNYA-AMICS PER AR,03040705.DAT
Municipales,2007,05,04200705_MUNI,080306,M-AM,ESQUERRA REPUBLICANA DE CATALUNYA-ACORD MUNICIPAL,03040705.DAT
Municipales,2007,05,04200705_MUNI,080787,PSC-PM,PARTIT DELS SOCIALISTES DE CATALUNYA-PROGRES MUNIC,03040705.DAT
Municipales,2007,05,04200705_MUNI,080788,ERC-AM,ESQUERRA REPUBLICANA DE CATALUNYA-ACORD MUNICIPAL,03040705.DAT
Municipales,2007,05,04200705_MUNI,080789,ICV-EUIA-EP,INICIATIVA PER CATALUNYA VERDS-ESQUERRA UNIDA I AL,03040705.DAT
Municipales,2007,05,04200705_MUNI,080798,UMDC,UNIO MUNICIPAL DE CATALUNYA,03040705.DAT
Municipales,2007,05,04200705_MUNI,080800,PSC-PM-PMPE,PARTIT DELS SOCIALISTES DE CATALUNYA-PROGRES MUNIC,03040705.DAT
Municipales,2007,05,04200705_MUNI,080803,ICV-EPM,INICIATIVA PER CATALUNYA VERDS-ENTESA PEL PROGRES,03040705.DAT
Municipales,2007,05,04200705_MUNI,080806,PDSE,PLATAFORMA DE SANT ESTEVE,03040705.DAT
Municipales,2007,05,04200705_MUNI,080811,ICV-EUIA-EP,INICIATIVA PER CATALUNYA VERDS-ESQUERRA UNIDA I AL,03040705.DAT
Municipales,2007,05,04200705_MUNI,080819,PCPC,PARTIT COMUNISTA DEL POBLE DE CATALUNYA,03040705.DAT
Municipales,2007,05,04200705_MUNI,312923,E.K.A,PARTIDO CARLISTA,03040705.DAT
Municipales,2007,05,04200705_MUNI,413366,PICA-PSA,PLATAFORMA INDEPENDIENTE CABECEÑA-PARTIDO SOCIALIS,03040705.DAT
Municipales,2007,05,04200705_MUNI,430787,PSC-PM,PARTIT DELS SOCIALISTES DE CATALUNYA-PROGRES MUNIC,03040705.DAT
Municipales,2007,05,04200705_MUNI,430788,ERC-AM,ESQUERRA REPUBLICANA DE CATALUNYA-ACORD MUNICIPAL,03040705.DAT
Municipales,2007,05,04200705_MUNI,430789,ICV-EUIA-EP,INICIATIVA PER CATALUNYA VERDS-ESQUERRA UNIDA I AL,03040705.DAT
Municipales,2007,05,04200705_MUNI,322935,VIA NOVA,VIA NOVA (PLATAFORMA CIUDADANA),03040705.DAT
Municipales,2007,05,04200705_MUNI,201854,PCL-O,PLATAFORMA CIUDADANA LASARTE-ORIA,03040705.DAT
Municipales,2007,05,04200705_MUNI,333004,PVF,CANDIDATURA PLATAFORMA VECINAL DE LA FRESNEDA,03040705.DAT
Municipales,2007,05,04200705_MUNI,312680,EKA,PARTIDO CARLISTA,03040705.DAT
Municipales,2007,05,04200705_MUNI,430794,FIC,L'ENTESA-FEDERACIO D'INDEPENDENTS DE CATALUNYA,03040705.DAT
Municipales,2007,05,04200705_MUNI,430803,ICV-EPM,INICIATIVA PER CATALUNYA VERDS-ENTESA PEL PROGRES,03040705.DAT
Municipales,2007,05,04200705_MUNI,430834,ESQUERRA-AM,ESQUERRA REPUBLICANA DE CATALUNYA-ACORD MUNICIPAL,03040705.DAT
Municipales,2007,05,04200705_MUNI,431016,PXC,PLATAFORMA PER CATALUNYA,03040705.DAT
Municipales,2007,05,04200705_MUNI,431504,UMDC,UNIO MUNICIPAL DE CATALUNYA,03040705.DAT
Municipales,2007,05,04200705_MUNI,432212,PSC-PM,PARTIT DELS SOCIALISTES DE CATALUNYA-PROGRES MUNIC,03040705.DAT
Municipales,2007,05,04200705_MUNI,433395,PXC,PLATAFORMA PER CATALUNYA,03040705.DAT
Municipales,2007,05,04200705_MUNI,433396,ADPAU,AGRUPACIO D'ELECTORS PLATAFORMA ALTAFULLA UNIDA,03040705.DAT
Municipales,2007,05,04200705_MUNI,433402,PSC-PM-UPLB,PARTIT DELS SOCIALISTES DE CATALUNYA-PROGRES MUNIC,03040705.DAT
Municipales,2007,05,04200705_MUNI,433404,PSC-PM-ACM,PARTIT DELS SOCIALISTES DE CATALUNYA-PROGRES MUNIC,03040705.DAT
Municipales,2007,05,04200705_MUNI,433420,ICV-EA-EPM,INICIATIVA PER CATALUNYA VERDS-ESQUERRA UNIDA I AL,03040705.DAT
Municipales,2007,05,04200705_MUNI,433422,PIA-FIC,PLATAFORMA INDEPENDENT DE L'ALEIXAR-FEDERACIO D'IN,03040705.DAT
Municipales,2007,05,04200705_MUNI,433430,ICV-EUIA-EP,INICIATIVA PER CATALUNYA VERDS-ESQUERRA UNIDA I AL,03040705.DAT
Municipales,2007,05,04200705_MUNI,433433,PLIC-FIC,PLATAFORMA INDEPENDENT CAMBRILENCA-FEDERACIO D'IND,03040705.DAT
Municipales,2007,05,04200705_MUNI,433450,PLIMM-FIC,PLATAFORMA INDEPENDENT MONT-ROIG MIAMI-FEDERACIO D,03040705.DAT
Municipales,2007,05,04200705_MUNI,433458,PRIM-FIC,PLATAFORMA REUSENCA INDEPENDENT MUNICIPAL-FEDERACI,03040705.DAT
Municipales,2007,05,04200705_MUNI,282319,PIC,PLATAFORMA DE LA IZQUIERDA DE COSLADA,03040705.DAT
Municipales,2007,05,04200705_MUNI,282330,PNB,PLATAFORMA DE NUEVO BAZTAN,03040705.DAT
Municipales,2007,05,04200705_MUNI,433473,ICV-EUIA-EP,INICIATIVA PER CATALUNYA VERDS-ESQUERRA UNIDA I AL,03040705.DAT
Municipales,2007,05,04200705_MUNI,433495,PSC-III-PM,PARTIT DELS SOCIALISTES DE CATALUNYA-INICIATIVA-PR,03040705.DAT
Municipales,2007,05,04200705_MUNI,343011,PAA,AGRUPACION DE ELECTORES PLATAFORMA ANTIDESMONTES E,03040705.DAT
Municipales,2007,05,04200705_MUNI,353060,CIUCA-AFV,PLATAFORMA DE CIUDADANOS PARA EL CAMBIO,03040705.DAT
Municipales,2007,05,04200705_MUNI,403295,PIE,PLATAFORMA INDEPENDIENTE DE ELECTORES,03040705.DAT
Municipales,2007,05,04200705_MUNI,403297,P.C.A.S,PLATAFORMA POR EL COMPROMISO AMBIENTAL Y SOCIAL,03040705.DAT
Municipales,2007,05,04200705_MUNI,463723,PCD-ACORD,PLATAFORMA CIVICA DEMOCRATICA: ACORD MUNICIPAL D'E,03040705.DAT
Municipales,2007,05,04200705_MUNI,463727,BLOC-VERDS,BLOC-VERDS-PLATAFORMA PER L'HOSPITAL,03040705.DAT
Municipales,2007,05,04200705_MUNI,433504,ICV-EUIA-EP,INICIATIVA PER CATALUNYA VERDS ESQUERRA UNIDA I AL,03040705.DAT
Municipales,2007,05,04200705_MUNI,433514,ICV-EUIA-EP,INICIATIVA PER CATALUNYA  VERDS-ESQUERRA UNIDA I A,03040705.DAT
Municipales,2007,05,04200705_MUNI,433516,FIC,FEDERACIO D'INDEPENDENTS DE CATALUNYA,03040705.DAT
Municipales,2007,05,04200705_MUNI,433502,PSC-UPTA-PM,PARTIT DELS SOCIALISTES DE CATALUNYA-UNIO PER LA T,03040705.DAT
Municipales,2007,05,04200705_MUNI,433554,ERC-AM,ESQUERRA REPUBLICANA DE CATALUNYA-ACORD MUNICIPAL,03040705.DAT
Municipales,2007,05,04200705_MUNI,250787,PSC-PM,PARTIT DELS SOCIALISTES DE CATALUNYA-PROGRES MUNIC,03040705.DAT
Municipales,2007,05,04200705_MUNI,250788,ERC-AM,ESQUERRA REPUBLICANA DE CATALUNYA-ACORD MUNICIPAL,03040705.DAT
Municipales,2007,05,04200705_MUNI,250798,UMDC,UNIO MUNICIPAL DE CATALUNYA,03040705.DAT
Municipales,2007,05,04200705_MUNI,250803,ICV-EPM,INICIATIVA PER CATALUNYA VERDS-ENTESA PEL PROGRES,03040705.DAT
Municipales,2007,05,04200705_MUNI,250834,ESQUERRA-AM,ESQUERRA REPUBLICANA DE CATALUNYA-ACORD MUNICIPAL,03040705.DAT
Municipales,2007,05,04200705_MUNI,251016,PXC,PLATAFORMA PER CATALUNYA,03040705.DAT
Municipales,2007,05,04200705_MUNI,252085,ERC-AM,ESQUERRA REPUBLICANA DE CATALUNYA-ACORD MUNICIPAL,03040705.DAT
Municipales,2007,05,04200705_MUNI,252092,ICV,INICIATIVA PER CATALUNYA ELS VERDS,03040705.DAT
Municipales,2007,05,04200705_MUNI,282482,PVG,PLATAFORMA DE VECINOS DE GALAPAGAR,03040705.DAT
Municipales,2007,05,04200705_MUNI,282486,PDG,PLATAFORMA DEMOCRATICA DE GUADARRAMA,03040705.DAT
Municipales,2007,05,04200705_MUNI,292548,PIU,PLATAFORMA DE INDEPENDIENTES UNIDOS,03040705.DAT
Municipales,2007,05,04200705_MUNI,353078,PPDA,PLATAFORMA POPULAR EN DEFENSA DE ANTIGUA,03040705.DAT
Municipales,2007,05,04200705_MUNI,353087,PPF,PLATAFORMA POPULAR DE FUERTEVENTURA,03040705.DAT
Municipales,2007,05,04200705_MUNI,453586,PCB,PLATAFORMA CIUDADANOS DE BURGUILLOS,03040705.DAT
Municipales,2007,05,04200705_MUNI,171498,ERC-AC,ESQUERRA REPUBLICANA DE CATALUNYA-ACORD MUNICIPAL,03040705.DAT
Municipales,2007,05,04200705_MUNI,171504,UMDC,UNIO MUNICIPAL DE CATALUNYA,03040705.DAT
Municipales,2007,05,04200705_MUNI,171505,E-ICV-EPM,ENTESA-INICIATIVA PER CATALUNYA VERDS-ENTESA PEL P,03040705.DAT
Municipales,2007,05,04200705_MUNI,171506,PS-CD,PLATAFORMA SOLIDARIA-CIUDADANOS DEMOCRATAS,03040705.DAT
Municipales,2007,05,04200705_MUNI,171509,AMC,ACCIO MUNICIPAL DE CATALUNYA,03040705.DAT
Municipales,2007,05,04200705_MUNI,252130,ICV-EPM,INICIATIVA PER CATALUNYA VERDS-ESQUERRA UNIDA I AL,03040705.DAT
Municipales,2007,05,04200705_MUNI,252140,PSC,PARTIT DELS SOCIALISTES DE CATALUNYA-PROGRES MUNIC,03040705.DAT
Municipales,2007,05,04200705_MUNI,252141,PSC-PM-INCE,PARTIT DELS SOCIALISTES DE CATALUNYA-PROGRES MUNIC,03040705.DAT
Municipales,2007,05,04200705_MUNI,252162,ICV-EUIA-EP,INICIATIVA PER CATALUNYA VERDS-ESQUERRA UNIDA I AL,03040705.DAT
Municipales,2007,05,04200705_MUNI,171528,PSC-PM,PARTIT DELS SOCIALISTES DE CATALUNYA PROGRES MUNIC,03040705.DAT
Municipales,2007,05,04200705_MUNI,171529,ERC-AM,ESQUERRA REPUBLICANA DE CATALUNYA ACORD MUNICIPAL,03040705.DAT
Municipales,2007,05,04200705_MUNI,171532,IPCV-EPM,INICIATIVA PER CATALUNYA-ENTESA PER PROGRES MUNICI,03040705.DAT
Municipales,2007,05,04200705_MUNI,171536,VC-IPCV-EPM,VIURE A CISTELLA-INICIATIVA PER CATALUNYA VERDS-EN,03040705.DAT
Municipales,2007,05,04200705_MUNI,171540,IPCV-EPPM,INICIATIVA PER CATALUNYA VERDS-ENTESA PEL PROGRES,03040705.DAT
Municipales,2007,05,04200705_TOTA,171571,PSC-PM,PLATAFORMA PROGRESSISTA DE BANYOLES-PARTIT DELS SO,03040705.DAT
Municipales,2007,05,04200705_TOTA,171572,ICV-IB-EPM,INICIATIVA PER CATALUNYA VERDS-INDEPENDENTS DE BAN,03040705.DAT
Municipales,2007,05,04200705_TOTA,171579,GPB-ESQUERR,GENT PER BORDILS-ESQUERRA REPUBLICANA DE CATALUNYA,03040705.DAT
Municipales,2007,05,04200705_TOTA,171589,PDF,PLATAFORMA DEFENSA DE FLAÇA,03040705.DAT
Municipales,2007,05,04200705_TOTA,171604,IPS-ICV-EPM,INDEPENDENTS PER SALT-INICIATIVA PER CATALUNYA VER,03040705.DAT
Municipales,2007,05,04200705_TOTA,191815,P.P.C.P.,PLATAFORMA CIUDADANA DE PIOZ,03040705.DAT
Municipales,2007,05,04200705_TOTA,082222,ICV-EUIA-EP,INICIATIVA PER CATALUNYA VERDS-ESQUERRA UNIDAD I A,03040705.DAT
Municipales,2007,05,04200705_TOTA,083514,ICV-EUIA-EP,INICIATIVA PER CATALUNYA  VERDS-ESQUERRA UNIDA I A,03040705.DAT
Municipales,2007,05,04200705_TOTA,083969,PSC-PM-GIR,PARTIT DELS SOCIALISTES DE CATALUNYA-PROGRES MUNIC,03040705.DAT
Municipales,2007,05,04200705_TOTA,083995,PSC-PM,PARTIT DELS SOCIALISTES DE CATALUNYA-PROGRES MUNIC,03040705.DAT
Municipales,2007,05,04200705_TOTA,101207,PSDG,PLATAFORMA SOCIALISTA DEMOCRATICA GARROVILLAS,03040705.DAT
Municipales,2007,05,04200705_TOTA,101221,PSDEX,PLATAFORMA SOCIALISTA DEMOCRATICA EXTREMEÑA,03040705.DAT
Municipales,2007,05,04200705_TOTA,171620,GPS-ESQUERR,GENT PER SERINYA-ESQUERRA REPUBLICANA DE CATALUNYA,03040705.DAT
Municipales,2007,05,04200705_TOTA,081108,ICV-EUIA-EP,INICIATIVA PER CATALUNYA-ESQUERRA UNIDA I ALTERNAT,03040705.DAT
Municipales,2007,05,04200705_TOTA,081112,PSC-PM-IPR,PARTIT DELS SOCIALISTES DE CATALUNYA-PROGRES MUNIC,03040705.DAT
Municipales,2007,05,04200705_TOTA,081116,PM,PARTIT DELS SOCIALISTES DE CATALUNYA-PROGRES MUNIC,03040705.DAT
Municipales,2007,05,04200705_TOTA,081131,ICV-CDG-EPM,INICIATIVA PER CATALUNYA VERDS-CIUTADANS DEL GES-E,03040705.DAT
Municipales,2007,05,04200705_TOTA,081132,ICV-EUIA-EM,INICIATIVA PER CATALUNYA-ESQUERRA UNIDA I ALTERNAT,03040705.DAT
Municipales,2007,05,04200705_TOTA,081140,ICV-EUIA-II,INICIATIVA PER CATALUNYA VERDS-ESQUERRA UNIDA I AL,03040705.DAT
Municipales,2007,05,04200705_TOTA,081141,PXC,PLATAFORMA PER CATALUNYA,03040705.DAT
Municipales,2007,05,04200705_TOTA,081528,PSC-PM,PARTIT DELS SOCIALISTES DE CATALUNYA PROGRES MUNIC,03040705.DAT
Municipales,2007,05,04200705_TOTA,082212,PSC-PM,PARTIT DELS SOCIALISTES DE CATALUNYA-PROGRES MUNIC,03040705.DAT
Municipales,2007,05,04200705_TOTA,171661,ICV-EUIA-EP,INICIATIVA PER CATALUNYA VERDS-ESQUERRA UNIDA I AL,03040705.DAT
Municipales,2007,05,04200705_TOTA,081063,ICV-EPM,INICIATIVA PER CATALUNYA VERDS-ENTESA PEL PROGRES,03040705.DAT
Municipales,2007,05,04200705_TOTA,081078,PSC-PM,PARTIT DELS SOCIALISTES DE CATALUNYA-PROGRES MUNIC,03040705.DAT
Municipales,2007,05,04200705_TOTA,081083,EO-ICV-EPM,ENTESA DELS OLESANS INICIATIVA PER CATALUNYA VERDS,03040705.DAT
Municipales,2007,05,04200705_TOTA,081090,PSC-CPC-PM,PARTIT DELS SOCIALISTES DE CATALUNYA-CIUTADANS PEL,03040705.DAT
Municipales,2007,05,04200705_TOTA,081096,PVA,PLATAFORMA PER VILADEVALLS ACTIU,03040705.DAT
Municipales,2007,05,04200705_TOTA,191800,P.U.C,PLATAFORMA DE LAS URBANIZACIONES Y EL CASAR,03040705.DAT
Municipales,2007,05,04200705_TOTA,001016,PXC,PLATAFORMA PER CATALUNYA,03040705.DAT
Municipales,2007,05,04200705_TOTA,001028,P.C.P.B,PLATAFORMA CIUTADANA PER BARBERA,03040705.DAT
Municipales,2007,05,04200705_TOTA,001030,PCCA,PLATAFORMA CIVICA CIUTADANS A L'AJUNTAMENT,03040705.DAT
Municipales,2007,05,04200705_TOTA,001045,PCPS,PLATAFORMA CIUTADANA PER SABADELL,03040705.DAT
Municipales,2007,05,04200705_TOTA,000574,PIAE,PLATAFORMA INDEPENDIENTE DE LA AGRUPACION DE ELECT,03040705.DAT
Municipales,2007,05,04200705_TOTA,000632,P.M.M.,PLATAFORMA MUNICIPAL DE MANCHITA,03040705.DAT
Municipales,2007,05,04200705_TOTA,000647,PG,PLATAFORMA GRANJEÑA,03040705.DAT
Municipales,2007,05,04200705_TOTA,232009,PICAS,PLATAFORMA INDEPENDIENTE DE CASTILLO DE LOCUBIN,03040705.DAT
Municipales,2007,05,04200705_TOTA,252212,PSC-PM,PARTIT DELS SOCIALISTES DE CATALUNYA-PROGRES MUNIC,03040705.DAT
Municipales,2007,05,04200705_TOTA,101245,IU-PPI,IZQUIERDA UNIDA PLATAFORMA PROGRESISTA INDEPENDIEN,03040705.DAT
Municipales,2007,05,04200705_TOTA,171671,PSC-PM-JP,PARTIT DELS SOCIALISTES DE CATALUNYA-PROGRES MUNIC,03040705.DAT
Municipales,2007,05,04200705_TOTA,171677,ESQUERRA-AM,ESQUERRA REPUBLICANA DE CATALUNYA-ACORD MUNICIPAL,03040705.DAT
Municipales,2007,05,04200705_TOTA,171681,ESQUERRA-GI,ESQUERRA REPUBLICANA DE CATALUNYA-GRUP INDEPENDENT,03040705.DAT
Municipales,2007,05,04200705_TOTA,171690,EPV-ICV-EPM,ENTESA PER VIDRERES-INICIATIVA PER CATALUNYA VERDS,03040705.DAT
Municipales,2007,05,04200705_TOTA,171691,ICV-EUIA-EP,INICIATIVA PER CATALUNYA-VERDS-ESQUERRA UNIDA I AL,03040705.DAT
Municipales,2007,05,04200705_TOTA,171697,ICV-EUA,INICIATIVA PER CATALUNYA VERDS-ESQUERRA UNIDA I AL,03040705.DAT
Municipales,2007,05,04200705_TOTA,171700,PICALDES,PLATAFORMA INDEPENDENT PER CALDES,03040705.DAT
Municipales,2007,05,04200705_TOTA,171706,CB-ESQUERRA,CRIDA PER BREDA-ESQUERRA REPUBLICANA DE CATALUNYA-,03040705.DAT
Municipales,2007,05,04200705_TOTA,003586,PCB,PLATAFORMA CIUDADANOS DE BURGUILLOS,03040705.DAT
Municipales,2007,05,04200705_TOTA,003004,PVF,CANDIDATURA PLATAFORMA VECINAL DE LA FRESNEDA,03040705.DAT
Municipales,2007,05,04200705_TOTA,003011,PAA,AGRUPACION DE ELECTORES PLATAFORMA ANTIDESMONTES E,03040705.DAT
Municipales,2007,05,04200705_TOTA,003635,PDG,PLATAFORMA DE GANDIA,03040705.DAT
Municipales,2007,05,04200705_TOTA,003641,PDGS,PLATAFORMA DE GUARDAMAR DE LA SAFOR,03040705.DAT
Municipales,2007,05,04200705_TOTA,003295,PIE,PLATAFORMA INDEPENDIENTE DE ELECTORES,03040705.DAT
Municipales,2007,05,04200705_TOTA,003297,P.C.A.S,PLATAFORMA POR EL COMPROMISO AMBIENTAL Y SOCIAL,03040705.DAT
Municipales,2007,05,04200705_TOTA,003797,PC-EKA,PARTIDO CARLISTA DE EUSKALHERRIA EUSKALHERRIKO ALD,03040705.DAT
Municipales,2007,05,04200705_TOTA,003839,AHP,ALDATUZ HERRI PLATAFORMA,03040705.DAT
Municipales,2007,05,04200705_TOTA,001363,P.V.I.S.C.M,PLATAFORMA VECINAL INDEPENDIENTE DE SANTA CRUZ DE,03040705.DAT
Municipales,2007,05,04200705_TOTA,001388,PCB,PLATAFORMA CIUDADANA DE BELALCAZAR,03040705.DAT
Municipales,2007,05,04200705_TOTA,001800,P.U.C,PLATAFORMA DE LAS URBANIZACIONES Y EL CASAR,03040705.DAT
Municipales,2007,05,04200705_TOTA,001815,P.P.C.P.,PLATAFORMA CIUDADANA DE PIOZ,03040705.DAT
Municipales,2007,05,04200705_TOTA,002482,PVG,PLATAFORMA DE VECINOS DE GALAPAGAR,03040705.DAT
Municipales,2007,05,04200705_TOTA,002486,PDG,PLATAFORMA DEMOCRATICA DE GUADARRAMA,03040705.DAT
Municipales,2007,05,04200705_TOTA,002923,E.K.A,PARTIDO CARLISTA,03040705.DAT
Municipales,2007,05,04200705_TOTA,002935,VIA NOVA,VIA NOVA (PLATAFORMA CIUDADANA),03040705.DAT
Municipales,2007,05,04200705_TOTA,003396,ADPAU,AGRUPACIO D'ELECTORS PLATAFORMA ALTAFULLA UNIDA,03040705.DAT
Municipales,2007,05,04200705_TOTA,003366,PICA-PSA,PLATAFORMA INDEPENDIENTE CABECEÑA-PARTIDO SOCIALIS,03040705.DAT
Municipales,2007,05,04200705_TOTA,030449,P.D.F.E,PLATAFORMA DE FUTURO ELDENSE,03040705.DAT
Municipales,2007,05,04200705_TOTA,001854,PCL-O,PLATAFORMA CIUDADANA LASARTE-ORIA,03040705.DAT
Municipales,2007,05,04200705_TOTA,002548,PIU,PLATAFORMA DE INDEPENDIENTES UNIDOS,03040705.DAT
Municipales,2007,05,04200705_TOTA,002330,PNB,PLATAFORMA DE NUEVO BAZTAN,03040705.DAT
Municipales,2007,05,04200705_TOTA,002355,PIM,PLATAFORMA INDEPENDIENTE MUNICIPAL,03040705.DAT
Municipales,2007,05,04200705_TOTA,002388,PDDM,PLATAFORMA DEMOCRATRICA DE MORALZARZAL,03040705.DAT
Municipales,2007,05,04200705_TOTA,001207,PSDG,PLATAFORMA SOCIALISTA DEMOCRATICA GARROVILLAS,03040705.DAT
Municipales,2007,05,04200705_TOTA,001221,PSDEX,PLATAFORMA SOCIALISTA DEMOCRATICA EXTREMEÑA,03040705.DAT
Municipales,2007,05,04200705_TOTA,000449,P.D.F.E,PLATAFORMA DE FUTURO ELDENSE,03040705.DAT
Municipales,2007,05,04200705_TOTA,001284,PTI,PLATAFORMA TESORILLO INDEPENDIENTE,03040705.DAT
Municipales,2007,05,04200705_TOTA,001473,P.I.L.,AGRUPACION DE ELECTORES PLATAFORMA INDEPENDIENTE P,03040705.DAT
Municipales,2007,05,04200705_TOTA,002009,PICAS,PLATAFORMA INDEPENDIENTE DE CASTILLO DE LOCUBIN,03040705.DAT
Municipales,2007,05,04200705_TOTA,002680,EKA,PARTIDO CARLISTA,03040705.DAT
Municipales,2007,05,04200705_TOTA,002319,PIC,PLATAFORMA DE LA IZQUIERDA DE COSLADA,03040705.DAT
Municipales,2007,05,04200705_TOTA,000141,EKA,PARTIDO CARLISTA,03040705.DAT
Municipales,2007,05,04200705_TOTA,000206,FIC,FEDERACIO D'INDEPENDENTS DE CATALUNYA,03040705.DAT
Municipales,2007,05,04200705_TOTA,001504,UMDC,UNIO MUNICIPAL DE CATALUNYA,03040705.DAT
Municipales,2007,05,04200705_TOTA,001506,PS-CD,PLATAFORMA SOLIDARIA-CIUDADANOS DEMOCRATAS,03040705.DAT
Municipales,2007,05,04200705_TOTA,001509,AMC,ACCIO MUNICIPAL DE CATALUNYA,03040705.DAT
Municipales,2007,05,04200705_TOTA,001700,PICALDES,PLATAFORMA INDEPENDENT PER CALDES,03040705.DAT
Municipales,2007,05,04200705_TOTA,000787,PSC-PM,PARTIT DELS SOCIALISTES DE CATALUNYA-PROGRES MUNIC,03040705.DAT
Municipales,2007,05,04200705_TOTA,000789,ICV-EUIA-EP,INICIATIVA PER CATALUNYA VERDS-ESQUERRA UNIDA I AL,03040705.DAT
Municipales,2007,05,04200705_TOTA,000798,UMDC,UNIO MUNICIPAL DE CATALUNYA,03040705.DAT
Municipales,2007,05,04200705_TOTA,000806,PDSE,PLATAFORMA DE SANT ESTEVE,03040705.DAT
Municipales,2007,05,04200705_TOTA,000819,PCPC,PARTIT COMUNISTA DEL POBLE DE CATALUNYA,03040705.DAT
Municipales,2007,05,04200705_TOTA,080829,ICV-EUIA-EP,INICIATIVA PER CATALUNYA-ESQUERRA UNIDA I ALTERNAT,03040705.DAT
Municipales,2007,05,04200705_TOTA,080834,ESQUERRA-AM,ESQUERRA REPUBLICANA DE CATALUNYA-ACORD MUNICIPAL,03040705.DAT
Municipales,2007,05,04200705_TOTA,080866,PSC-PM,PARTIT DEL SOCIALISTES DE CATALUNYA-PROGRES MUNICI,03040705.DAT
Municipales,2007,05,04200705_TOTA,131363,P.V.I.S.C.M,PLATAFORMA VECINAL INDEPENDIENTE DE SANTA CRUZ DE,03040705.DAT
Municipales,2007,05,04200705_TOTA,463635,PDG,PLATAFORMA DE GANDIA,03040705.DAT
Municipales,2007,05,04200705_TOTA,463641,PDGS,PLATAFORMA DE GUARDAMAR DE LA SAFOR,03040705.DAT
Municipales,2007,05,04200705_TOTA,080886,ESQUERRA-EV,ESQUERRA REPUBLICANA DE CATALUNYA-ELS VERDS-ACORD,03040705.DAT
Municipales,2007,05,04200705_TOTA,080889,I-ESQUERRA-,INDEPENDENTS-ESQUERRA REPUBLICANA DE CATALUNYA-ACO,03040705.DAT
Municipales,2007,05,04200705_TOTA,463664,P.C.U.,PLATAFORMA CIVICA DE URBANIZACIONES DEL TERMINO DE,03040705.DAT
Municipales,2007,05,04200705_TOTA,252222,ICV-EUIA-EP,INICIATIVA PER CATALUNYA VERDS-ESQUERRA UNIDAD I A,03040705.DAT
Municipales,2007,05,04200705_TOTA,252225,ERC-AM,ESQUERRA REPUBLICANA DE CATALUNYA-ACORD MUNICIPAL,03040705.DAT
Municipales,2007,05,04200705_TOTA,252232,ICV-EUIA-EP,INICIATIVA PER CATALUNYA VERDS-ESQUERRA UNIDA I AL,03040705.DAT
Municipales,2007,05,04200705_TOTA,282355,PIM,PLATAFORMA INDEPENDIENTE MUNICIPAL,03040705.DAT
Municipales,2007,05,04200705_TOTA,282388,PDDM,PLATAFORMA DEMOCRATRICA DE MORALZARZAL,03040705.DAT
Municipales,2007,05,04200705_TOTA,282396,P.S.O.E.-P.,PARTIDO SOCIALISTA OBRERO ESPAÑOL-PLATAFORMA CIVIC,03040705.DAT
Municipales,2007,05,04200705_TOTA,483797,PC-EKA,PARTIDO CARLISTA DE EUSKALHERRIA EUSKALHERRIKO ALD,03040705.DAT
Municipales,2007,05,04200705_TOTA,483839,AHP,ALDATUZ HERRI PLATAFORMA,03040705.DAT
Municipales,2007,05,04200705_TOTA,080905,ESQUERRA-IT,ESQUERRA REPUBLICANA DE CATALUNYA-INDEPENDENTS PER,03040705.DAT
Municipales,2007,05,04200705_TOTA,080911,ICV-EUIA-EP,INICIATIVA PER CATALUNYA VERDS-ESQUERRA UNIDA I AL,03040705.DAT
Municipales,2007,05,04200705_TOTA,080930,ERC-AM,ESQUERRA REPUBLICANA DE CATALUNYA-ACORD MUNICIPAL,03040705.DAT
Municipales,2007,05,04200705_TOTA,080931,ICV-EUIA-EP,INICIATIVA PER CATALUNYA VERDS-ESQUERRA UNIDA I AL,03040705.DAT
Municipales,2007,05,04200705_TOTA,080936,PSC-PM-GIC,PARTIT DELS SOCIALISTES DE CATALUNYA-PROGRES MUNIC,03040705.DAT
Municipales,2007,05,04200705_TOTA,080954,PSC-PM-IV,PARTIT DELS SOCIALISTES DE CATALUNYA-PROGRES MUNIC,03040705.DAT
Municipales,2007,05,04200705_TOTA,141388,PCB,PLATAFORMA CIUDADANA DE BELALCAZAR,03040705.DAT
Municipales,2007,05,04200705_TOTA,080959,ICV-EPM,INICIATIVA PER CATALUNYA VERDS-ENTESA PER PROGRES,03040705.DAT
Municipales,2007,05,04200705_TOTA,001083,EO-ICV-EPM,ENTESA DELS OLESANS INICIATIVA PER CATALUNYA VERDS,03040705.DAT
Municipales,2007,05,04200705_TOTA,001096,PVA,PLATAFORMA PER VILADEVALLS ACTIU,03040705.DAT
Municipales,2007,05,04200705_TOTA,003060,CIUCA-AFV,PLATAFORMA DE CIUDADANOS PARA EL CAMBIO,03040705.DAT
Municipales,2007,05,04200705_TOTA,003078,PPDA,PLATAFORMA POPULAR EN DEFENSA DE ANTIGUA,03040705.DAT
Municipales,2007,05,04200705_TOTA,060632,P.M.M.,PLATAFORMA MUNICIPAL DE MANCHITA,03040705.DAT
Municipales,2007,05,04200705_TOTA,060647,PG,PLATAFORMA GRANJEÑA,03040705.DAT
Municipales,2007,05,04200705_TOTA,161473,P.I.L.,AGRUPACION DE ELECTORES PLATAFORMA INDEPENDIENTE P,03040705.DAT
Municipales,2007,05,04200705_TOTA,170787,PSC-PM,PARTIT DELS SOCIALISTES DE CATALUNYA-PROGRES MUNIC,03040705.DAT
Municipales,2007,05,04200705_TOTA,170789,ICV-EUIA-EP,INICIATIVA PER CATALUNYA VERDS-ESQUERRA UNIDA I AL,03040705.DAT
Municipales,2007,05,04200705_TOTA,170803,ICV-EPM,INICIATIVA PER CATALUNYA VERDS-ENTESA PEL PROGRES,03040705.DAT
Municipales,2007,05,04200705_TOTA,080977,PSC-PM,PARTIT DELS SOCIALISTES DE CATALUNYA-PROGRES MUNIC,03040705.DAT
Municipales,2007,05,04200705_TOTA,080979,ICV-EUIA-EP,INICIATIVA PER CATALUNYA VERDS-ESQUERRA UNIDA I AL,03040705.DAT
Municipales,2007,05,04200705_TOTA,080999,ESQUERRA-LA,ESQUERRA REPUBLICANA DE CATALUNYA-LAGARNATXA-ACORD,03040705.DAT
Municipales,2007,05,04200705_TOTA,081001,ICV-EUIA-EP,INICIATIVA PER CATALUNYA VERDS-ESQUERRA UNIDA I AL,03040705.DAT
Municipales,2007,05,04200705_TOTA,081010,ESQUERRA-CO,ESQUERRA REPUBLICANA DE CATALUNYA-CONSENS PER CABR,03040705.DAT
Municipales,2007,05,04200705_TOTA,170834,ESQUERRA-AM,ESQUERRA REPUBLICANA DE CATALUNYA-ACORD MUNICIPAL,03040705.DAT
Municipales,2007,05,04200705_TOTA,171016,PXC,PLATAFORMA PER CATALUNYA,03040705.DAT
Municipales,2007,05,04200705_TOTA,171029,PSC-PM,PARTIT DELS SOCIALISTES DE CATALUNYA-PROGRES MUNIC,03040705.DAT
Municipales,2007,05,04200705_TOTA,171030,PCCA,PLATAFORMA CIVICA CIUTADANS A L'AJUNTAMENT,03040705.DAT
Municipales,2007,05,04200705_TOTA,171042,ESQUERRA-AM,ESQUERRA REPUBLICANA DE CATALUNYA-ACORD MUNICIPAL,03040705.DAT
Municipales,2007,05,04200705_TOTA,171063,ICV-EPM,INICIATIVA PER CATALUNYA VERDS-ENTESA PEL PROGRES,03040705.DAT
Municipales,2007,05,04200705_TOTA,081016,PXC,PLATAFORMA PER CATALUNYA,03040705.DAT
Municipales,2007,05,04200705_TOTA,003087,PPF,PLATAFORMA POPULAR DE FUERTEVENTURA,03040705.DAT
Municipales,2007,05,04200705_TOTA,111284,PTI,PLATAFORMA TESORILLO INDEPENDIENTE,03040705.DAT
Municipales,2007,05,04200705_TOTA,003664,P.C.U.,PLATAFORMA CIVICA DE URBANIZACIONES DEL TERMINO DE,03040705.DAT
Municipales,2007,05,04200705_TOTA,050574,PIAE,PLATAFORMA INDEPENDIENTE DE LA AGRUPACION DE ELECT,03040705.DAT
Municipales,2007,05,04200705_TOTA,081027,ICV-EUIA-EP,INICIATIVA PER CATALUNYA VERDS-ESQUERRA UNIDA I AL,03040705.DAT
Municipales,2007,05,04200705_TOTA,081028,P.C.P.B,PLATAFORMA CIUTADANA PER BARBERA,03040705.DAT
Municipales,2007,05,04200705_TOTA,081029,PSC-PM,PARTIT DELS SOCIALISTES DE CATALUNYA-PROGRES MUNIC,03040705.DAT
Municipales,2007,05,04200705_TOTA,081030,PCCA,PLATAFORMA CIVICA CIUTADANS A L'AJUNTAMENT,03040705.DAT
Municipales,2007,05,04200705_TOTA,081042,ESQUERRA-AM,ESQUERRA REPUBLICANA DE CATALUNYA-ACORD MUNICIPAL,03040705.DAT
Municipales,2007,05,04200705_TOTA,081045,PCPS,PLATAFORMA CIUTADANA PER SABADELL,03040705.DAT
Municipales,2007,05,04200705_TOTA,080296,AAM-FIC,FEDERACIO D'INDEPENDENTS DE CATALUNYA-AMICS PER AR,03040705.DAT
Municipales,2007,05,04200705_TOTA,080306,M-AM,ESQUERRA REPUBLICANA DE CATALUNYA-ACORD MUNICIPAL,03040705.DAT
Municipales,2007,05,04200705_TOTA,080787,PSC-PM,PARTIT DELS SOCIALISTES DE CATALUNYA-PROGRES MUNIC,03040705.DAT
Municipales,2007,05,04200705_TOTA,080788,ERC-AM,ESQUERRA REPUBLICANA DE CATALUNYA-ACORD MUNICIPAL,03040705.DAT
Municipales,2007,05,04200705_TOTA,080789,ICV-EUIA-EP,INICIATIVA PER CATALUNYA VERDS-ESQUERRA UNIDA I AL,03040705.DAT
Municipales,2007,05,04200705_TOTA,080798,UMDC,UNIO MUNICIPAL DE CATALUNYA,03040705.DAT
Municipales,2007,05,04200705_TOTA,080800,PSC-PM-PMPE,PARTIT DELS SOCIALISTES DE CATALUNYA-PROGRES MUNIC,03040705.DAT
Municipales,2007,05,04200705_TOTA,080803,ICV-EPM,INICIATIVA PER CATALUNYA VERDS-ENTESA PEL PROGRES,03040705.DAT
Municipales,2007,05,04200705_TOTA,080806,PDSE,PLATAFORMA DE SANT ESTEVE,03040705.DAT
Municipales,2007,05,04200705_TOTA,080811,ICV-EUIA-EP,INICIATIVA PER CATALUNYA VERDS-ESQUERRA UNIDA I AL,03040705.DAT
Municipales,2007,05,04200705_TOTA,080819,PCPC,PARTIT COMUNISTA DEL POBLE DE CATALUNYA,03040705.DAT
Municipales,2007,05,04200705_TOTA,312923,E.K.A,PARTIDO CARLISTA,03040705.DAT
Municipales,2007,05,04200705_TOTA,413366,PICA-PSA,PLATAFORMA INDEPENDIENTE CABECEÑA-PARTIDO SOCIALIS,03040705.DAT
Municipales,2007,05,04200705_TOTA,430787,PSC-PM,PARTIT DELS SOCIALISTES DE CATALUNYA-PROGRES MUNIC,03040705.DAT
Municipales,2007,05,04200705_TOTA,430788,ERC-AM,ESQUERRA REPUBLICANA DE CATALUNYA-ACORD MUNICIPAL,03040705.DAT
Municipales,2007,05,04200705_TOTA,430789,ICV-EUIA-EP,INICIATIVA PER CATALUNYA VERDS-ESQUERRA UNIDA I AL,03040705.DAT
Municipales,2007,05,04200705_TOTA,322935,VIA NOVA,VIA NOVA (PLATAFORMA CIUDADANA),03040705.DAT
Municipales,2007,05,04200705_TOTA,201854,PCL-O,PLATAFORMA CIUDADANA LASARTE-ORIA,03040705.DAT
Municipales,2007,05,04200705_TOTA,333004,PVF,CANDIDATURA PLATAFORMA VECINAL DE LA FRESNEDA,03040705.DAT
Municipales,2007,05,04200705_TOTA,312680,EKA,PARTIDO CARLISTA,03040705.DAT
Municipales,2007,05,04200705_TOTA,430794,FIC,L'ENTESA-FEDERACIO D'INDEPENDENTS DE CATALUNYA,03040705.DAT
Municipales,2007,05,04200705_TOTA,430803,ICV-EPM,INICIATIVA PER CATALUNYA VERDS-ENTESA PEL PROGRES,03040705.DAT
Municipales,2007,05,04200705_TOTA,430834,ESQUERRA-AM,ESQUERRA REPUBLICANA DE CATALUNYA-ACORD MUNICIPAL,03040705.DAT
Municipales,2007,05,04200705_TOTA,431016,PXC,PLATAFORMA PER CATALUNYA,03040705.DAT
Municipales,2007,05,04200705_TOTA,431504,UMDC,UNIO MUNICIPAL DE CATALUNYA,03040705.DAT
Municipales,2007,05,04200705_TOTA,432212,PSC-PM,PARTIT DELS SOCIALISTES DE CATALUNYA-PROGRES MUNIC,03040705.DAT
Municipales,2007,05,04200705_TOTA,433395,PXC,PLATAFORMA PER CATALUNYA,03040705.DAT
Municipales,2007,05,04200705_TOTA,433396,ADPAU,AGRUPACIO D'ELECTORS PLATAFORMA ALTAFULLA UNIDA,03040705.DAT
Municipales,2007,05,04200705_TOTA,433402,PSC-PM-UPLB,PARTIT DELS SOCIALISTES DE CATALUNYA-PROGRES MUNIC,03040705.DAT
Municipales,2007,05,04200705_TOTA,433404,PSC-PM-ACM,PARTIT DELS SOCIALISTES DE CATALUNYA-PROGRES MUNIC,03040705.DAT
Municipales,2007,05,04200705_TOTA,433420,ICV-EA-EPM,INICIATIVA PER CATALUNYA VERDS-ESQUERRA UNIDA I AL,03040705.DAT
Municipales,2007,05,04200705_TOTA,433422,PIA-FIC,PLATAFORMA INDEPENDENT DE L'ALEIXAR-FEDERACIO D'IN,03040705.DAT
Municipales,2007,05,04200705_TOTA,433430,ICV-EUIA-EP,INICIATIVA PER CATALUNYA VERDS-ESQUERRA UNIDA I AL,03040705.DAT
Municipales,2007,05,04200705_TOTA,433433,PLIC-FIC,PLATAFORMA INDEPENDENT CAMBRILENCA-FEDERACIO D'IND,03040705.DAT
Municipales,2007,05,04200705_TOTA,433450,PLIMM-FIC,PLATAFORMA INDEPENDENT MONT-ROIG MIAMI-FEDERACIO D,03040705.DAT
Municipales,2007,05,04200705_TOTA,433458,PRIM-FIC,PLATAFORMA REUSENCA INDEPENDENT MUNICIPAL-FEDERACI,03040705.DAT
Municipales,2007,05,04200705_TOTA,282319,PIC,PLATAFORMA DE LA IZQUIERDA DE COSLADA,03040705.DAT
Municipales,2007,05,04200705_TOTA,282330,PNB,PLATAFORMA DE NUEVO BAZTAN,03040705.DAT
Municipales,2007,05,04200705_TOTA,433473,ICV-EUIA-EP,INICIATIVA PER CATALUNYA VERDS-ESQUERRA UNIDA I AL,03040705.DAT
Municipales,2007,05,04200705_TOTA,433495,PSC-III-PM,PARTIT DELS SOCIALISTES DE CATALUNYA-INICIATIVA-PR,03040705.DAT
Municipales,2007,05,04200705_TOTA,343011,PAA,AGRUPACION DE ELECTORES PLATAFORMA ANTIDESMONTES E,03040705.DAT
Municipales,2007,05,04200705_TOTA,353060,CIUCA-AFV,PLATAFORMA DE CIUDADANOS PARA EL CAMBIO,03040705.DAT
Municipales,2007,05,04200705_TOTA,403295,PIE,PLATAFORMA INDEPENDIENTE DE ELECTORES,03040705.DAT
Municipales,2007,05,04200705_TOTA,403297,P.C.A.S,PLATAFORMA POR EL COMPROMISO AMBIENTAL Y SOCIAL,03040705.DAT
Municipales,2007,05,04200705_TOTA,463723,PCD-ACORD,PLATAFORMA CIVICA DEMOCRATICA: ACORD MUNICIPAL D'E,03040705.DAT
Municipales,2007,05,04200705_TOTA,463727,BLOC-VERDS,BLOC-VERDS-PLATAFORMA PER L'HOSPITAL,03040705.DAT
Municipales,2007,05,04200705_TOTA,433504,ICV-EUIA-EP,INICIATIVA PER CATALUNYA VERDS ESQUERRA UNIDA I AL,03040705.DAT
Municipales,2007,05,04200705_TOTA,433514,ICV-EUIA-EP,INICIATIVA PER CATALUNYA  VERDS-ESQUERRA UNIDA I A,03040705.DAT
Municipales,2007,05,04200705_TOTA,433516,FIC,FEDERACIO D'INDEPENDENTS DE CATALUNYA,03040705.DAT
Municipales,2007,05,04200705_TOTA,433502,PSC-UPTA-PM,PARTIT DELS SOCIALISTES DE CATALUNYA-UNIO PER LA T,03040705.DAT
Municipales,2007,05,04200705_TOTA,433554,ERC-AM,ESQUERRA REPUBLICANA DE CATALUNYA-ACORD MUNICIPAL,03040705.DAT
Municipales,2007,05,04200705_TOTA,250787,PSC-PM,PARTIT DELS SOCIALISTES DE CATALUNYA-PROGRES MUNIC,03040705.DAT
Municipales,2007,05,04200705_TOTA,250788,ERC-AM,ESQUERRA REPUBLICANA DE CATALUNYA-ACORD MUNICIPAL,03040705.DAT
Municipales,2007,05,04200705_TOTA,250798,UMDC,UNIO MUNICIPAL DE CATALUNYA,03040705.DAT
Municipales,2007,05,04200705_TOTA,250803,ICV-EPM,INICIATIVA PER CATALUNYA VERDS-ENTESA PEL PROGRES,03040705.DAT
Municipales,2007,05,04200705_TOTA,250834,ESQUERRA-AM,ESQUERRA REPUBLICANA DE CATALUNYA-ACORD MUNICIPAL,03040705.DAT
Municipales,2007,05,04200705_TOTA,251016,PXC,PLATAFORMA PER CATALUNYA,03040705.DAT
Municipales,2007,05,04200705_TOTA,252085,ERC-AM,ESQUERRA REPUBLICANA DE CATALUNYA-ACORD MUNICIPAL,03040705.DAT
Municipales,2007,05,04200705_TOTA,252092,ICV,INICIATIVA PER CATALUNYA ELS VERDS,03040705.DAT
Municipales,2007,05,04200705_TOTA,282482,PVG,PLATAFORMA DE VECINOS DE GALAPAGAR,03040705.DAT
Municipales,2007,05,04200705_TOTA,282486,PDG,PLATAFORMA DEMOCRATICA DE GUADARRAMA,03040705.DAT
Municipales,2007,05,04200705_TOTA,292548,PIU,PLATAFORMA DE INDEPENDIENTES UNIDOS,03040705.DAT
Municipales,2007,05,04200705_TOTA,353078,PPDA,PLATAFORMA POPULAR EN DEFENSA DE ANTIGUA,03040705.DAT
Municipales,2007,05,04200705_TOTA,353087,PPF,PLATAFORMA POPULAR DE FUERTEVENTURA,03040705.DAT
Municipales,2007,05,04200705_TOTA,453586,PCB,PLATAFORMA CIUDADANOS DE BURGUILLOS,03040705.DAT
Municipales,2007,05,04200705_TOTA,171498,ERC-AC,ESQUERRA REPUBLICANA DE CATALUNYA-ACORD MUNICIPAL,03040705.DAT
Municipales,2007,05,04200705_TOTA,171504,UMDC,UNIO MUNICIPAL DE CATALUNYA,03040705.DAT
Municipales,2007,05,04200705_TOTA,171505,E-ICV-EPM,ENTESA-INICIATIVA PER CATALUNYA VERDS-ENTESA PEL P,03040705.DAT
Municipales,2007,05,04200705_TOTA,171506,PS-CD,PLATAFORMA SOLIDARIA-CIUDADANOS DEMOCRATAS,03040705.DAT
Municipales,2007,05,04200705_TOTA,171509,AMC,ACCIO MUNICIPAL DE CATALUNYA,03040705.DAT
Municipales,2007,05,04200705_TOTA,252130,ICV-EPM,INICIATIVA PER CATALUNYA VERDS-ESQUERRA UNIDA I AL,03040705.DAT
Municipales,2007,05,04200705_TOTA,252140,PSC,PARTIT DELS SOCIALISTES DE CATALUNYA-PROGRES MUNIC,03040705.DAT
Municipales,2007,05,04200705_TOTA,252141,PSC-PM-INCE,PARTIT DELS SOCIALISTES DE CATALUNYA-PROGRES MUNIC,03040705.DAT
Municipales,2007,05,04200705_TOTA,252162,ICV-EUIA-EP,INICIATIVA PER CATALUNYA VERDS-ESQUERRA UNIDA I AL,03040705.DAT
Municipales,2007,05,04200705_TOTA,171528,PSC-PM,PARTIT DELS SOCIALISTES DE CATALUNYA PROGRES MUNIC,03040705.DAT
Municipales,2007,05,04200705_TOTA,171529,ERC-AM,ESQUERRA REPUBLICANA DE CATALUNYA ACORD MUNICIPAL,03040705.DAT
Municipales,2007,05,04200705_TOTA,171532,IPCV-EPM,INICIATIVA PER CATALUNYA-ENTESA PER PROGRES MUNICI,03040705.DAT
Municipales,2007,05,04200705_TOTA,171536,VC-IPCV-EPM,VIURE A CISTELLA-INICIATIVA PER CATALUNYA VERDS-EN,03040705.DAT
Municipales,2007,05,04200705_TOTA,171540,IPCV-EPPM,INICIATIVA PER CATALUNYA VERDS-ENTESA PEL PROGRES,03040705.DAT
Municipales,2011,05,04201105_MESA,093759,UNIM-PSC-PM,UNIÓ NOU IMPULS MUNICIPAL- PARTIT DELS SOCIALISTES DE CATALUNYA-PROGRÉS MUNICIPAL,03041105.DAT
Municipales,2011,05,04201105_MESA,093264,PSC-PM,PARTIT DELS SOCIALISTES DE CATALUNYA - PROGRÉS MUNICIPAL,03041105.DAT
Municipales,2011,05,04201105_MESA,073368,P.C.d.T.,PLATAFORMA CIUDADANA DE TOBARRA,03041105.DAT
Municipales,2011,05,04201105_MESA,123408,PPL,PLATAFORMA POPULAR LIBERAL,03041105.DAT
Municipales,2011,05,04201105_MESA,092629,La PAC,LA PLATAFORMA ALTERNATIVA CIUTADANA DE DOSRIUS,03041105.DAT
Municipales,2011,05,04201105_MESA,091590,Esquerra - AM,ESQUERRA REPUBLICANA DE CATALUNYA - ACORD MUNICIPAL,03041105.DAT
Municipales,2011,05,04201105_MESA,091982,ISP-ICV-E,INDEPENDENTS DE SANT PERE-INICIATIVA PER CATALUNYA VERDS-ENTESA,03041105.DAT
Municipales,2011,05,04201105_MESA,092389,ICV-EUiA-E,INICIATIVA PER CATALUNYA VERDS - ESQUERRA UNIDA i ALTERNATIVA -ENTESA (ICV-EUiA-E),03041105.DAT
Municipales,2011,05,04201105_MESA,093261,PSC-PM,PARTIT DELS SOCIALISTES DE CATALUNYA-PROGRES MUNICIPAL,03041105.DAT
Municipales,2011,05,04201105_MESA,003388,P.I.M.P.C,PLATAFORMA INDEPENDENT MES PER CANET,03041105.DAT
Municipales,2011,05,04201105_MESA,092380,ICV-EUiA-ISF-E,INICIATIVA PER CATALUNYA VERDS-ESQUERRA UNIDA I ALTERNATIVA-INDEPENDENTS PER SANT FELIU-ENTESA,03041105.DAT
Municipales,2011,05,04201105_MESA,093302,PSC-UPTA-PM,PARTIT DELS SOCIALISTES DE CATALUNYA - UNIÓ PER LA TERRA ALTA - PROGRÉS MUNICIPAL,03041105.DAT
Municipales,2011,05,04201105_MESA,090638,AUP - FIC,AGRUPACIÓ UNITS PEL PALAU (AUP) - FEDERACIO D'INDEPENDENTS DE CATALUNYA (FIC),03041105.DAT
Municipales,2011,05,04201105_MESA,093301,PSC-PM,PARTIT DELS SOCIALISTES DE CATALUNYA (PSC-PSOE) -PROGRÉS MUNICIPAL (PSC-PM),03041105.DAT
Municipales,2011,05,04201105_MESA,091795,GV-FIC,GENT PER VENTALLÓ-FEDERACIÓ D'INDEPENDENTS DE CATALUNYA,03041105.DAT
Municipales,2011,05,04201105_MESA,091600,Esquerra-AM,ESQUERRA REPUBLICANA DE CATALUNYA-ACORD MUNICIPAL,03041105.DAT
Municipales,2011,05,04201105_MESA,093271,PSC-PM,PARTIT DELS SOCIALISTES DE CATALUNYA PROGRÉS MUNICIPAL,03041105.DAT
Municipales,2011,05,04201105_MESA,093252,PSC-Iii-PM,PARTIT DELS SOCIALISTES DE CATALUNYA - INICIATIVA - PROGRÉS MUNICIPAL,03041105.DAT
Municipales,2011,05,04201105_MESA,090939,BIS-FIC,BLOC INDEPENDENT SANT PERE DE RIUDEBITLLES (BIS)-FEDERACIÓ D'INDEPENDENTS DE CATALUNYA (FIC),03041105.DAT
Municipales,2011,05,04201105_MESA,091617,Esquerra-Els Verds-AM,ESQUERRA REPUBLICANA DE CATALUNYA-ELS VERDS-ACORD MUNICIPAL,03041105.DAT
Municipales,2011,05,04201105_MESA,093354,P.A.U.-FIC,PER ANGLES UNITS- FEDERACIO D'INDEPENDENTS DE CATALUNYA,03041105.DAT
Municipales,2011,05,04201105_MESA,093259,PSC-PM,PARTIT DELS SOCIALISTES DE CATALUNYA PROGRES MUNICIPAL,03041105.DAT
Municipales,2011,05,04201105_MESA,093348,PSC-PM,PARTIT SOCIALISTES DE CATALUNYA PROGRES MUNICIPAL,03041105.DAT
Municipales,2011,05,04201105_MESA,003416,P.V.F.,PLATAFORMA VECINAL DE LA FRESNEDA,03041105.DAT
Municipales,2011,05,04201105_MESA,092609,JpSMC-Esquerra-AM,JUNTS PER SANT MIQUEL DE CAMPMAJOR-ESQUERRA REPUBLICANA DE CATALUNYA-ACORD MUNICIPAL,03041105.DAT
Municipales,2011,05,04201105_MESA,073398,+ de 1 Ciudadano,PLATAFORMA MAS DE UN CIUDADANO DE GUADALAJARA,03041105.DAT
Municipales,2011,05,04201105_MESA,003395,PIQ,PLATAFORMA INDEPENDIENTE QUÉNTAR,03041105.DAT
Municipales,2011,05,04201105_MESA,092575,JxE-AM,JUNT PER L'ESCALA-ESQUERRA REPUBLICANA DE CATALUNYA-ACORD MUNICIPAL,03041105.DAT
Municipales,2011,05,04201105_MESA,003328,PxCat,PARTIT PER CATALUNYA,03041105.DAT
Municipales,2011,05,04201105_MESA,092392,ICV-EUIA-E,INICIATIVA PER CATALUNYA VERS-ESQUERA UNIDA I ALTERNATIVA-ENTESA,03041105.DAT
Municipales,2011,05,04201105_MESA,091325,CIET-ERC-CUP-AM,COMPROMÍS INDEPENDENTISTA I D'ESQUERRES PER TAGAMANENT ESQUERRA REP. DE CATALUNYA- CAN. D'UNITAT POPULAR-ACORD MUNICIPA,03041105.DAT
Municipales,2011,05,04201105_MESA,093303,PSC-UPCA-PM,PARTIT DELS SOCIALISTES DE CATALUNYA-UNIÓ PROGRESSISTES PER CABRERA D'ANOIA-PROGRÉS MUNICIPAL,03041105.DAT
Municipales,2011,05,04201105_MESA,090022,AxS - FIC,ACCIO PER SITGES - FEDERACIÓ D'INDEPENDENTS DE CATALUNYA,03041105.DAT
Municipales,2011,05,04201105_MESA,093371,PCCA,PLATAFORMA CIVICA CIUTADANS A L' AJUNTAMENT,03041105.DAT
Municipales,2011,05,04201105_MESA,003408,PPL,PLATAFORMA POPULAR LIBERAL,03041105.DAT
Municipales,2011,05,04201105_MESA,091992,Independents-Esquerra.AM,INDEPENDENTS-ESQUERRA REPUBLICANA DE CATALUNYA-ACORD MUNICIPAL,03041105.DAT
Municipales,2011,05,04201105_MESA,073367,PPCP,PLATAFORMA CIUDADANA DE PIOZ,03041105.DAT
Municipales,2011,05,04201105_MESA,091636,E.R.C.-S. I. DEL PALLARS-A. M.,ESQUERRA REPUBLICANA DE CATALUNYA-SOLIDARITAT INDEPENDENTISTA DEL PALLARS-ACORD MUNICIPAL,03041105.DAT
Municipales,2011,05,04201105_MESA,173374,PdBj,PLATAFORMA DE BENIARJO,03041105.DAT
Municipales,2011,05,04201105_MESA,173364,ApT,PLATAFORMA CIUDADANA ALBALAT PEL TERRITORI,03041105.DAT
Municipales,2011,05,04201105_MESA,013395,PIQ,PLATAFORMA INDEPENDIENTE QUÉNTAR,03041105.DAT
Municipales,2011,05,04201105_MESA,003242,PASalou - PxC,PARTIT AVANÇA SALOU - PLATAFORMA PER CATALUNYA,03041105.DAT
Municipales,2011,05,04201105_MESA,093337,PSC-PM,PARTITS DEL SOCIALISTES DE CATALUNYA - PROGRÉS MUNICIPAL,03041105.DAT
Municipales,2011,05,04201105_MESA,093281,PSC-PM,PARTIT DELS SOCIALISTES DE CATALUNYA PROGRÈS MUNICIPAL,03041105.DAT
Municipales,2011,05,04201105_MESA,090005,"AG-Esquerra,Reagrupament,GI-AM","ACCIÓ GRANOLLERS-ESQUERRA REPUBLICANA DE CATALUNYA,REAGRUPAMENT INDEPENDENTISTA,GRANOLLERS INDEPENDENT-ACORD MUNICIPAL",03041105.DAT
Municipales,2011,05,04201105_MESA,093265,PM,PARTIT DELS SOCIALISTES DE CATALUNYA - PROGRÉS MUNICIPAL,03041105.DAT
Municipales,2011,05,04201105_MESA,003246,PUCAT,PARTIT DE LES URBANITZACIONS DE CATALUNYA,03041105.DAT
Municipales,2011,05,04201105_MESA,093263,PSC - PM,PARTIT DELS SOCIALISTES DE CATALUNYA - PROGRÉS MUNICIPAL,03041105.DAT
Municipales,2011,05,04201105_MESA,003364,ApT,PLATAFORMA CIUDADANA ALBALAT PEL TERRITORI,03041105.DAT
Municipales,2011,05,04201105_MESA,123397,PLoC,PLATAFORMA LOCAL CIUDADANA,03041105.DAT
Municipales,2011,05,04201105_MESA,091505,ICV-EUIA-E,ENTESA PER CANET-INICIATIVA PER CATALUNYA VERDS-ESQUERA UNIDA I ALTERNATIVA-ENTESA,03041105.DAT
Municipales,2011,05,04201105_MESA,090742,ApG - FIC,ALTERNATIVA PER GANDESA - FEDERACIO D'INDEPENDENTS DE CATALUNYA,03041105.DAT
Municipales,2011,05,04201105_MESA,103384,PG,PLATAFORMA GRANJEÑA,03041105.DAT
Municipales,2011,05,04201105_MESA,093623,UASC,UN ALTRE SANT CUGAT -PLATAFORMA CIUTADANA PER A SANT CUGAT,03041105.DAT
Municipales,2011,05,04201105_MESA,093292,PSC - PM,PARTIT DELS SOCIALISTES DE CATALUNYA (PSC-PSOE) - PROGRÉS MUNICIPAL,03041105.DAT
Municipales,2011,05,04201105_MESA,090029,AM-ERC-AM,ACORD MUNICIPAL-ESQUERRA REPUBLICANA DE CATALUNYA-ACORD MUNICIPAL,03041105.DAT
Municipales,2011,05,04201105_MESA,091601,Esquera-AM,ESQUERRA REPUBLICANA DE CATALUNYA-ACORD MUNICIPAL,03041105.DAT
Municipales,2011,05,04201105_MESA,093466,PM-PSC-APM,PROGRÉS MUNICIPAL - PARTIT DELS SOCIALISTES DE CATALUNYA - AVANCEM PER MASQUEFA,03041105.DAT
Municipales,2011,05,04201105_MESA,091596,Ara Mollet - Esquerra - AM,ESQUERRA REPUBLICANA DE CATALUNYA-ACORD MUNICIPAL,03041105.DAT
Municipales,2011,05,04201105_MESA,093332,PP,PARTIT POPULAR DE CATALUNYA,03041105.DAT
Municipales,2011,05,04201105_MESA,091581,Esquerra-AM,Esquerra Republicana de Catalunya - Acord Municipal,03041105.DAT
Municipales,2011,05,04201105_MESA,091597,Equerra-AM,ESQUERRA REPUBLICANA DE CATALUNYA-ACORD MUNICIPAL,03041105.DAT
Municipales,2011,05,04201105_MESA,092133,PSC-PM,INDEPENDENTS PER MÓRA LA NOVA - PARTIT DELS SOCIALISTES DE CATALUNYA - PROGRÉS MUNICIPAL,03041105.DAT
Municipales,2011,05,04201105_MESA,091812,GIPU - FIC,GRUP D'INDEPENDENTS PER LA POBLA I URBANITZACIONS-FEDERACIO D'INDEPENDENTS DE CATALUNYA,03041105.DAT
Municipales,2011,05,04201105_MESA,003375,PdBenirredrá,PLATAFORMA DE BENIRREDRÀ,03041105.DAT
Municipales,2011,05,04201105_MESA,003378,PIC-COSLADA,PLATAFORMA DE LA IZQUIERDA DE COSLADA,03041105.DAT
Municipales,2011,05,04201105_MESA,091378,CONESA-FIC,CONESA PER CREIXELL- FEDERACIÓ D'INDEPENDENTS DE CATALUNYA,03041105.DAT
Municipales,2011,05,04201105_MESA,093304,PSC-PM,PARTIT DELS SOCIALITES DE CATALUNYA - PROGRÉS MUNICIPAL,03041105.DAT
Municipales,2011,05,04201105_MESA,093298,PSC-PM,PARTIT DELS SOCIALISTES DE CATALUNYA (PSC-PSOE)-PROGRÈS MUNICIPAL,03041105.DAT
Municipales,2011,05,04201105_MESA,091629,ESQUERRA -RI.CAT.-AM,ESQUERRA REPUBLICANA DE CATALUNYA - REAGRUPAMENT -ACORD MUNICIPAL,03041105.DAT
Municipales,2011,05,04201105_MESA,091578,Esquerra - AM,Esquerra Republicana de Catalunya- Acord Municiapal,03041105.DAT
Municipales,2011,05,04201105_MESA,091588,Esquerra-AM,ESQUERRA REPUBLICANA DE CATALUNYA - ACORD MUNICIPAL,03041105.DAT
Municipales,2011,05,04201105_MESA,091618,Esquerra-EV-IxG-AM,ESQUERRA REPUBLICANA DE CATALUNYA-ELS VERDS-INDEPENDENTS PER GAVÀ-ACORD MUNICIPAL,03041105.DAT
Municipales,2011,05,04201105_MESA,003518,SxSPC,SALOU X SALOU PLATAFORMA CIUTADANA,03041105.DAT
Municipales,2011,05,04201105_MESA,093272,PSC-PSOE,PARTIT DELS SOCIALISTES DE CATALUNYA PROGRÉS MUNICIPAL,03041105.DAT
Municipales,2011,05,04201105_MESA,091638,ERC - SxA - AM,ESQUERRA REPUBLICANA DE CATALUNYA+SUMEM PER ALELLA-ACORD MUNICIPAL,03041105.DAT
Municipales,2011,05,04201105_MESA,003387,Gent Per Salt,PLATAFORMA INDEPENDENT GENT PER SALT,03041105.DAT
Municipales,2011,05,04201105_MESA,003382,PLATAFORMA,PLATAFORMA DE VECINOS DE GALAPAGAR,03041105.DAT
Municipales,2011,05,04201105_MESA,091610,IP-AM,ESQUERRA REPUBLICANA DE CATALUNYA-ACORD MUNICIPAL,03041105.DAT
Municipales,2011,05,04201105_MESA,093481,PSC-PM,PROGRÉS PER VIDRERES - PARTIT DELS SOCIALISTES DE CATALUNYA - PROGRÉS MUNICIPAL,03041105.DAT
Municipales,2011,05,04201105_MESA,003393,PIM- Villalbilla,PLATAFORMA INDEPENDIENTE MUNICIPAL DE VILLALBILLA,03041105.DAT
Municipales,2011,05,04201105_MESA,093274,PM,PARTIT DELS SOCIALISTES DE CATALUNYA-PROGRÉS MUNICIPAL,03041105.DAT
Municipales,2011,05,04201105_MESA,090084,TU - F.I.C.,AGRUPACIO ELECTORS INDEPENDENTS TOSSA UNIDA- FEDERACIO D'INDEPENDENTS DE CATALUNYA,03041105.DAT
Municipales,2011,05,04201105_MESA,093363,PAU,PLATAFORMA ALTAFULLA UNIDA,03041105.DAT
Municipales,2011,05,04201105_MESA,093278,PSC-PSOE,PARTIT DELS SOCIALISTES DE CATALUNYA-PROGRÉS MUNICIPAL,03041105.DAT
Municipales,2011,05,04201105_MESA,093328,PxCat,PARTIT PER CATALUNYA,03041105.DAT
Municipales,2011,05,04201105_MESA,053407,PLDA-AMF,PLATAFORMA POPULAR EN DEFENSA DE ANTIGUA Y ASAMBLEAS MUNICIPALES DE FUERTEVENTURA,03041105.DAT
Municipales,2011,05,04201105_MESA,003409,PLATAFORMA,PLATAFORMA POR SAN ANTONIO DE BENAGÉBER,03041105.DAT
Municipales,2011,05,04201105_MESA,091620,ESQUERRA -GIR -AM,ESQUERRA REPUBLICANA DE CATALUNYA - GRUP D'INDEPENDENTS PER RELLINARS - ACORD MUNICIPAL,03041105.DAT
Municipales,2011,05,04201105_MESA,092385,ICV-EUiA-E,INICIATIVA PER CATALUNYA VERDS-ESQUERRA UNIDA I ALTERNATIVA ENTESA,03041105.DAT
Municipales,2011,05,04201105_MESA,140648,AHP,ALDATUZ HERRI PLATAFORMA,03041105.DAT
Municipales,2011,05,04201105_MESA,093415,PUC-PM,PLATAFORMA UNITS PER CASTELLOLÍ - PROGRÉS MUNICIPAL,03041105.DAT
Municipales,2011,05,04201105_MESA,091612,Esquerra-AM,ESQUERRA REPUBLICANA DE CATALUNYA-ACORD MUNICIPAL (Esquerra-AM),03041105.DAT
Municipales,2011,05,04201105_MESA,091703,F.I.C.,FEDERACIO D'INDEPENDENTS DE CATALUNYA,03041105.DAT
Municipales,2011,05,04201105_MESA,093289,PSC-PM,PARTIT DELS SOCIALISTES DE CATALUNYA-PROGRÉS MUNICIPAL (PSC-PM),03041105.DAT
Municipales,2011,05,04201105_MESA,003381,PNB,PLATAFORMA DE NUEVO BAZTAN,03041105.DAT
Municipales,2011,05,04201105_MESA,092589,JpC-Esquerra-AM,JUNTS PER CAMÓS-ESQUERRA REPUBLICANA DE CATALUNYA-ACORD MUNICIPAL,03041105.DAT
Municipales,2011,05,04201105_MESA,003383,amb Trellat,"PLATAFORMA DE VECINOS DE GILET ""AMB TRELLAT""",03041105.DAT
Municipales,2011,05,04201105_MESA,093280,PSC-PM,PARTIT DELS SOCIALISTES DE CATALUNYA - PROGRÈS MUNICIPAL-,03041105.DAT
Municipales,2011,05,04201105_MESA,093253,PSC-PM,PARTIT DELS SOCIALISTES DE CATALUNYA-PORGRÉS MUNICIPAL,03041105.DAT
Municipales,2011,05,04201105_MESA,092375,ICV-EUiA-E,INICIATIVA PER CATALUNYA VERDS - ESQUERA UNIDA I ALTERNATIVA ENTESA,03041105.DAT
Municipales,2011,05,04201105_MESA,003384,PG,PLATAFORMA GRANJEÑA,03041105.DAT
Municipales,2011,05,04201105_MESA,093892,VPCA-FIC,VEÏNS PER CABRERA D'ANOIA-FEDERACIO D'INDEPENDENTS DE CATALUNYA,03041105.DAT
Municipales,2011,05,04201105_MESA,003417,PVISCM,PLATAFORMA VECINAL INDEPENDIENTE DE SANTA CRUZ DE MUDELA,03041105.DAT
Municipales,2011,05,04201105_MESA,092371,ICV - E,INICIATIVA PER CATALUNYA VERDS - ENTESA,03041105.DAT
Municipales,2011,05,04201105_MESA,003397,PLoC,PLATAFORMA LOCAL CIUDADANA,03041105.DAT
Municipales,2011,05,04201105_MESA,090085,AIMAR-FIC,AGRUPACIÓ INDEPENDENT DE L'AMETLLA DE MAR - FEDERACIÓ D'INDEPENDENTS DE CATALUNYA,03041105.DAT
Municipales,2011,05,04201105_MESA,092595,JpFV-Esquerra-AM,JUNTS PER FONTCOBERTA I VILAVENUT -ESQUERRA REPUBLICANA DE CATALUNYA-ACORD MUNICIPAL,03041105.DAT
Municipales,2011,05,04201105_MESA,093267,PSC- PM,PARTIT DELS SOCIALISTES DE CATALUNYA - PROGRÉS MUNICIPAL,03041105.DAT
Municipales,2011,05,04201105_MESA,093385,I.A PLIC FIC,PLATAFORMA INDEPENDENT CAMBRILENCA - FEDERACIÓ D' INDEPENDENTS DE CATALUNYA,03041105.DAT
Municipales,2011,05,04201105_MESA,003368,P.C.d.T.,PLATAFORMA CIUDADANA DE TOBARRA,03041105.DAT
Municipales,2011,05,04201105_MESA,090089,AiR-PSC-PM,AGRUPACIO INDEPENDENT DE RIUDARENES-PARTIT DELS SOCIALISTES DE CATALUNYA-PROGRÉS MUNICIPAL,03041105.DAT
Municipales,2011,05,04201105_MESA,093282,PSC-PM,PARTIT DELS SOCIALISTES DE CATALUNYA- PROGRÈS MUNICIPAL,03041105.DAT
Municipales,2011,05,04201105_MESA,173376,PdG,PLATAFORMA DE GANDIA,03041105.DAT
Municipales,2011,05,04201105_MESA,093288,PSC-PM,PARTIT DELS SOCIALISTES DE CATALUNYA - PROGRÉS MUNICIPAL-(PSC-PM),03041105.DAT
Municipales,2011,05,04201105_MESA,093260,PSC-PM,PARTIT DELS SOCIALISTES DE CATALUNYA- PROGRES MUNICIPAL,03041105.DAT
Municipales,2011,05,04201105_MESA,173383,amb Trellat,"PLATAFORMA DE VECINOS DE GILET ""AMB TRELLAT""",03041105.DAT
Municipales,2011,05,04201105_MESA,091637,Esquerra - Som Vic - AM,ESQUERRA REPUBLICANA DE CATALUNYA-SOM VIC-ACORD MUNICIPAL,03041105.DAT
Municipales,2011,05,04201105_MESA,000022,AxS - FIC,ACCIO PER SITGES - FEDERACIÓ D'INDEPENDENTS DE CATALUNYA,03041105.DAT
Municipales,2011,05,04201105_MESA,083379,P.P.SO.,PLATAFORMA DEL PUEBLO SORIANO,03041105.DAT
Municipales,2011,05,04201105_MESA,091575,Esquerra-AM,ESQUERRA REPUBLICANA DE CATALUNYA,03041105.DAT
Municipales,2011,05,04201105_MESA,002768,NCi,NOVA CATALUNYA INDEPENDENT,03041105.DAT
Municipales,2011,05,04201105_MESA,013956,PICPA-EP-And,PLATAFORMA INDEPENDIENTE COMPROMISO POR ALMONTE - ESPACIO PLURAL ANDALUZ,03041105.DAT
Municipales,2011,05,04201105_MESA,092390,ICV-IdB-E,INICIATIVA PER CATALUNYA VERDS-INDEPENDENTS DE BANYOLES -ENTESA,03041105.DAT
Municipales,2011,05,04201105_MESA,093255,PSC-PM,PARTIT DELS SOCIALISTES DE CATALUNYA-PROGÉS MUNICIPAL,03041105.DAT
Municipales,2011,05,04201105_MESA,093275,PSC-Pm,PARTIT DELS SOCIALISTES DE CATALUNYA-PROGRÉS MUNICIPAL,03041105.DAT
Municipales,2011,05,04201105_MESA,003412,PRCRM,PLATAFORMA REPUBLICANA-COALICION REPUBLICANA REGION DE MURCIA,03041105.DAT
Municipales,2011,05,04201105_MESA,093273,PSC-PM,PARTIT DELS SOCIALISTES DE CATALUNYA- PROGRÉS MUNICIPAL,03041105.DAT
Municipales,2011,05,04201105_MESA,090815,AR-FIC,ARA RIUDECANYES - FEDERACIÓ D'INDEPENDENTS DE CATALUNYA,03041105.DAT
Municipales,2011,05,04201105_MESA,003363,PAU,PLATAFORMA ALTAFULLA UNIDA,03041105.DAT
Municipales,2011,05,04201105_MESA,092388,ICV-EUIA-E,INICIATIVA PER CATALUNYA VERDS-ESQUERRA UNIDA I ALTERNATIVA-ENTESA,03041105.DAT
Municipales,2011,05,04201105_MESA,103414,P.S.D.G.,PLATAFORMA SOCIALISTA DEMOCRATICA DE GARROVILLAS,03041105.DAT
Municipales,2011,05,04201105_MESA,123378,PIC-COSLADA,PLATAFORMA DE LA IZQUIERDA DE COSLADA,03041105.DAT
Municipales,2011,05,04201105_MESA,091622,ESQUERRA + INDEPENDENTS - AM,ESQUERRA REPUBLICANA DE CATALUNYA + INDEPENDENTS - ACORD MUNICIPAL,03041105.DAT
Municipales,2011,05,04201105_MESA,091710,FP-PSC-PM,FIGARÓ PROGRÉS - PARTIT DELS SOCIALISTES DE CATALUNYA - PROGRÉS MUNICIPAL,03041105.DAT
Municipales,2011,05,04201105_MESA,093285,PSC-PM,PARTIT DELS SOCIALISTES DE CATALUNYA-PROGRÈS MUNICIPAL-,03041105.DAT
Municipales,2011,05,04201105_MESA,091598,ERC-AM,ESQUERRA REPUBLICANA DE CATALUNYA-ACORD MUNICIPAL,03041105.DAT
Municipales,2011,05,04201105_MESA,123393,PIM- Villalbilla,PLATAFORMA INDEPENDIENTE MUNICIPAL DE VILLALBILLA,03041105.DAT
Municipales,2011,05,04201105_MESA,090092,TPB - FIC,AGRUPACIO INDEPENDENT TOTS PER BREDA-FEDERACIO D'INDEPENDENTS DE CATALUNYA,03041105.DAT
Municipales,2011,05,04201105_MESA,003373,PdBARX,PLATAFORMA DE BARX,03041105.DAT
Municipales,2011,05,04201105_MESA,092377,ICV-EUA-E,INICIATIVA PER CATALUNYA VERDS-ESQUERA UNIDA I ALTERNATIVA-ENTESA,03041105.DAT
Municipales,2011,05,04201105_MESA,091627,Esquerra - Reagrupament - AM,ESQUERRA REPUBLICANA DE CATALUNYA - REAGRUPAMENT - ACORD MUNICIPAL,03041105.DAT
Municipales,2011,05,04201105_MESA,093287,PSC-PM,PARTIT DELS SOCIALISTES DE CATALUNYA - PROGRÉS MUNICIPAL (PSC-PM),03041105.DAT
Municipales,2011,05,04201105_MESA,091635,ERC - Ri.Cat - Junts Decidim - AM,ESQUERRA REPUBLICANA DE CATALUNYA - REAGRUPAMENT - JUNTS DECIDIM - ACORD MUNICIPAL,03041105.DAT
Municipales,2011,05,04201105_MESA,132887,EKA,PARTIDO CARLISTA,03041105.DAT
Municipales,2011,05,04201105_MESA,003372,P.C.U.,PLATAFORMA CIVICA DE URBANIZACIONES DEL TERMINO DE CHIVA-ORGANIZACION INDEPENDIENTE,03041105.DAT
Municipales,2011,05,04201105_MESA,091624,Esquerra - Junts per Pineda - AM,ESQUERRA REPUBLICANA DE CATALUNYA-JUNTS PER PINEDA-ACORD MUNICIPAL,03041105.DAT
Municipales,2011,05,04201105_MESA,093291,PSC-PM-GIRiudebitlles,PARTIT DELS SOCIALISTES DE CATALUNYA - PROGRÉS MUNICPAL-GRUP INDEPENDENT RIUDEBITLLES,03041105.DAT
Municipales,2011,05,04201105_MESA,093370,P.C.P.B.,PLATAFORMA CIUTADANA PER BARBERA,03041105.DAT
Municipales,2011,05,04201105_MESA,092593,JpE -Esquerra- AM,JUNTS PER ESPONELLÀ -ESQUERRA REPUBLICANA DE CATALUNYA-ACORD MUNICIPAL,03041105.DAT
Municipales,2011,05,04201105_MESA,091619,ESQUERRA-GENT DE CERVELLÓ-AM,ESQUERRA REPUBLICANA DE CATALUNYA-GENT DE CERVELLÓ-ACORD MUNICIPAL,03041105.DAT
Municipales,2011,05,04201105_MESA,093249,PSC-PM,PARTIT DELS SOCIALICISTES DE CATALUNYA-PROGRÉS MUNICIPAL,03041105.DAT
Municipales,2011,05,04201105_MESA,091593,ESQUERRA-AM,ESQUERRA REPUBLICANA DE CATALUNYA - ACORD MUNICIPAL,03041105.DAT
Municipales,2011,05,04201105_MESA,002887,EKA,PARTIDO CARLISTA,03041105.DAT
Municipales,2011,05,04201105_MESA,091613,ERC-AM,ESQUERRA REPUBLICANA DE CATALUNYA-ACORD PEL MASNOU-ACORD MUNICIPAL,03041105.DAT
Municipales,2011,05,04201105_MESA,091594,Esquerra - AM,ESQUERRA REPUBLICANA DE CATALUNYA -ACORD MUNICIPAL,03041105.DAT
Municipales,2011,05,04201105_MESA,003369,P.C.L.O.,PLATAFORMA CIUDADANA LASARTE-ORIA,03041105.DAT
Municipales,2011,05,04201105_MESA,003401,PxC,PLATAFORMA PER CATALUNYA,03041105.DAT
Municipales,2011,05,04201105_MESA,173406,C.M.COMPROMIS,PLATAFORMA PER VILAFRANCA: COALICIÓ MUNICIPAL COMPROMÍS,03041105.DAT
Municipales,2011,05,04201105_MESA,091499,EPA-FIC,ENTESA PER ARBUCIES-FEDERACIO D'INDEPENDENTS DE CATALUNYA,03041105.DAT
Municipales,2011,05,04201105_MESA,093856,UPS-FIC,UNITS PER SILS- FEDERACIO D'INDEPENDENTS DE CATALUNYA,03041105.DAT
Municipales,2011,05,04201105_MESA,093283,PSC-PM,PARTIT DELS SOCIALISTES DE CATALUNYA-PROGRÈS MUNICIPAL,03041105.DAT
Municipales,2011,05,04201105_MESA,171009,C.M. COMPROMÍS,BLOC-VERDS-PLATAFORMA PER L'HOSPITAL: COALICIÓ MUNICIPAL COMPROMÍS,03041105.DAT
Municipales,2011,05,04201105_MESA,173372,P.C.U.,PLATAFORMA CIVICA DE URBANIZACIONES DEL TERMINO DE CHIVA-ORGANIZACION INDEPENDIENTE,03041105.DAT
Municipales,2011,05,04201105_MESA,092075,IPF-FIC,INDEPENDENTS PER FALSET - FEDERACIÓ D'INDEPENDENTS DE CATALUNYA,03041105.DAT
Municipales,2011,05,04201105_MESA,093671,UMdC,UNIO MUNICIPAL DE CATALUNYA,03041105.DAT
Municipales,2011,05,04201105_MESA,093297,PSC-PM,PARTIT DELS SOCIALISTES DE CATALUNYA(PSC-PSOE)-PROGRÉS MUNICIPAL,03041105.DAT
Municipales,2011,05,04201105_MESA,033416,P.V.F.,PLATAFORMA VECINAL DE LA FRESNEDA,03041105.DAT
Municipales,2011,05,04201105_MESA,093279,PSC-PM,PARTIT DELS SOCIALISTES DE CATALUNYA - PROGRÈS MUNICIPAL,03041105.DAT
Municipales,2011,05,04201105_MESA,093254,PSC-PM,PARTIT DELS SOCIALISTES DE CATALUNYA-PROGES MUNICIPAL,03041105.DAT
Municipales,2011,05,04201105_MESA,091602,Esquerra - AM,ESQUERRA REPUBLICANA DE CATALUNYA-ACORD MUNICIPAL,03041105.DAT
Municipales,2011,05,04201105_MESA,093840,UC - ERC - AM,UNITS PER CABRERA-ESQUERRA REPUBLICANA DE CATALUNYA-ACORD MUNICIPAL,03041105.DAT
Municipales,2011,05,04201105_MESA,171662,EUPV-PUG,ESQUERRA UNIDA DEL PAIS VALENCIÀ-PLATAFORMA DE URBANIZACIONES DE GODELLETA,03041105.DAT
Municipales,2011,05,04201105_MESA,013365,PLCV,PLATAFORMA CIUDADANA DE VILLACARRILLO,03041105.DAT
Municipales,2011,05,04201105_MESA,093405,PVA,PLATAFORMA PER VILADECAVALLS ACTIU,03041105.DAT
Municipales,2011,05,04201105_MESA,091621,Esquerra - GIR - AM,Esquerra Republicana de Catalunya - Grup Independents de Riells - Acord Municipal,03041105.DAT
Municipales,2011,05,04201105_MESA,091639,ESQUERRA -UM - AM,ESQUERRA REPUBLICANA DE CATALUNYA - UNITS PER MATADEPERA -ACORD MUNICIPAL,03041105.DAT
Municipales,2011,05,04201105_MESA,091587,Esquerra-AM,ESQUERRA REPUBLICANA DE CATALUNYA-Acord Municipal,03041105.DAT
Municipales,2011,05,04201105_MESA,092108,iBB-FIC,INDEPENDENTS PER LES BORGES BLANQUES - FEDERACIO D'INDEPENDENTS DE CATALUNYA,03041105.DAT
Municipales,2011,05,04201105_MESA,093826,UPSF-Esquerra-Reagrupament-Ind-AM,UNITAT PER SANT FELIU DE CODINES-ESQUERRA REPUBLICANA DE CATALUNYA- REAGRUPAMENT INDEPENDENTISTA-INDEPEN-ACORD MUNICIPAL,03041105.DAT
Municipales,2011,05,04201105_MESA,091625,Esquerra+Ri.Cat-AM,Esquerra Republicana de Catalunya+ Reagrupament-Acord Municipal,03041105.DAT
Municipales,2011,05,04201105_MESA,093266,PSC -PM,PARTIT DELS SOCIALISTES DE CATALUNYA - PROGRÉS MUNICIPAL,03041105.DAT
Municipales,2011,05,04201105_MESA,093518,SxSPC,SALOU X SALOU PLATAFORMA CIUTADANA,03041105.DAT
Municipales,2011,05,04201105_MESA,090749,AxQ - Esquerra - AM,Alternativa per Quart - Esquerra Republicana de Catalunya - Acord Municipal,03041105.DAT
Municipales,2011,05,04201105_MESA,093387,Gent Per Salt,PLATAFORMA INDEPENDENT GENT PER SALT,03041105.DAT
Municipales,2011,05,04201105_MESA,093300,PSC-PM,PARTIT DELS SOCIALISTES DE CATALUNYA (PSC-PSOE)-PROGRÉS MUNICIPAL(PSC-PM),03041105.DAT
Municipales,2011,05,04201105_MESA,093403,PxC,PLATAFORMA PER CATALUNYA (PxC),03041105.DAT
Municipales,2011,05,04201105_MESA,090860,AISA-FIC,ASSOCIACIÓ INDEPENDENTS SERRA D'ALMOS - FEDERACIO D'INDEPENDENTS DE CATALUNYA,03041105.DAT
Municipales,2011,05,04201105_MESA,053413,PREO,PLATAFORMA REVOLUCIONARIA DE LA OLIVA,03041105.DAT
Municipales,2011,05,04201105_MESA,091611,ERC-AM,ESQUERRA REPUBLICANA DE CATALUNYA-ACORD MUNICIPAL,03041105.DAT
Municipales,2011,05,04201105_MESA,093361,PIRATA.CAT,PIRATES DE CATALUNYA,03041105.DAT
Municipales,2011,05,04201105_MESA,173375,PdBenirredrá,PLATAFORMA DE BENIRREDRÀ,03041105.DAT
Municipales,2011,05,04201105_MESA,091776,GPC-F.I.C.,GENT PEL CANVI- FEDERACIO D'INDEPENDENTS DE CATALUNYA(FIC),03041105.DAT
Municipales,2011,05,04201105_MESA,093399,MO -PM,PLATAFORMA MATADEPERA OBERTA - PROGRÉS MUNCIPAL,03041105.DAT
Municipales,2011,05,04201105_MESA,093246,PUCAT,PARTIT DE LES URBANITZACIONS DE CATALUNYA,03041105.DAT
Municipales,2011,05,04201105_MESA,093276,PSC-PM,PARTIT DELS SOCIALISTES DE CATALUNYA-PROGRÉS MUNICIPAL,03041105.DAT
Municipales,2011,05,04201105_MESA,093269,PSC-PM,PARTIT DELS SOCIALISTES DE CATALUNYA -PROGRÉS MUNICIPAL,03041105.DAT
Municipales,2011,05,04201105_MESA,093242,PASalou - PxC,PARTIT AVANÇA SALOU - PLATAFORMA PER CATALUNYA,03041105.DAT
Municipales,2011,05,04201105_MESA,092383,ICV-EUiA-E,INICIATIVA PER CATALUNYA VERDS-ESQUERRA UNIDA i ALTERNATIVA-ENTESA,03041105.DAT
Municipales,2011,05,04201105_MESA,092378,ICV-EUiA-E,INICIATIVA PER CATALUNYA VERDS-ESQUERRA UNIDA I ALTERNATIVA-INTESA,03041105.DAT
Municipales,2011,05,04201105_MESA,091321,CPC-FIC,COLOMENCS PEL CANVI-FEDERACIO D'INDEPENDENTS DE CATALUNYA,03041105.DAT
Municipales,2011,05,04201105_MESA,093295,PSC-PM,PARTIT DELS SOCIALISTES DE CATALUNYA (PSC-PSOE) -PROGRÉS MUNICIPAL,03041105.DAT
Municipales,2011,05,04201105_MESA,093389,PICaldes,PLATAFORMA INDEPENDENT PER CALDES,03041105.DAT
Municipales,2011,05,04201105_MESA,123382,PLATAFORMA,PLATAFORMA DE VECINOS DE GALAPAGAR,03041105.DAT
Municipales,2011,05,04201105_MESA,123380,(PDM),PLATAFORMA DEMOCRATICA MUNICIPAL,03041105.DAT
Municipales,2011,05,04201105_MESA,093262,PSC-PSM,PARTIT DELS SOCIALISTES DE CATALUNYA-PROGRES MUNICIPAL,03041105.DAT
Municipales,2011,05,04201105_MESA,091614,Esquerra-AM,ESQUERRA REPUBLICANA DE CATALUNYA-ACROD MUNICIPAL,03041105.DAT
Municipales,2011,05,04201105_MESA,093290,PSC-PM,PARTIT DELS SOCIALISTES DE CATALUNYA-PROGRÉS MUNICIPAL,03041105.DAT
Municipales,2011,05,04201105_MESA,093327,PxCat,Partit per Catalunya,03041105.DAT
Municipales,2011,05,04201105_MESA,091555,EA - Esquerra - AM,ESQUERRA D'AMPOSTA - ESQUERRA REPUBLICANA DE CATALUNYA - ACORD MUNICIPAL,03041105.DAT
Municipales,2011,05,04201105_MESA,003379,P.P.SO.,PLATAFORMA DEL PUEBLO SORIANO,03041105.DAT
Municipales,2011,05,04201105_MESA,000648,AHP,ALDATUZ HERRI PLATAFORMA,03041105.DAT
Municipales,2011,05,04201105_MESA,091608,ESQUERRA-AM,ESQUERRA REPUBLICANA DE CATALUNYA-ACORD MUNICIPAL,03041105.DAT
Municipales,2011,05,04201105_MESA,153412,PRCRM,PLATAFORMA REPUBLICANA-COALICION REPUBLICANA REGION DE MURCIA,03041105.DAT
Municipales,2011,05,04201105_MESA,093401,PxC,PLATAFORMA PER CATALUNYA,03041105.DAT
Municipales,2011,05,04201105_MESA,093603,TpLL-Esquerra-AM,TOTS PER LLAMBILLES-ESQUERRA REPUBLICANA DE CATALUNYA-ACORD MUNICIPAL,03041105.DAT
Municipales,2011,05,04201105_MESA,001704,FIC,FEDERACIO D'INDEPENDENTS DE CATALUNYA,03041105.DAT
Municipales,2011,05,04201105_MESA,093352,F.I.C.,PROU PEDRERES-FEDERACIÓ D'INDEPENDENTS DE CATALUNYA,03041105.DAT
Municipales,2011,05,04201105_MESA,003367,PPCP,PLATAFORMA CIUDADANA DE PIOZ,03041105.DAT
Municipales,2011,05,04201105_MESA,091584,Esquerra-AM,Esquerra Republicana de Catalunya-Acord Municipal,03041105.DAT
Municipales,2011,05,04201105_MESA,091514,EPSJ-ICV-E,ENTESA PER PALAMOS I SANT JOAN- INICIATIVA PER CATALUNYA VERDS- ENTESA,03041105.DAT
Municipales,2011,05,04201105_MESA,093244,PCPC,PARTIT COMUNISTA DEL POBLE DE CATALUNYA,03041105.DAT
Municipales,2011,05,04201105_MESA,091582,Esquerra - AM,Esquerra Republicana de Catalunya . Acord Municipal,03041105.DAT
Municipales,2011,05,04201105_MESA,093816,UA-PM-PSC,UNITAT D'ARAN PROGRÉS MUNICIPAL-PARTIT DELS SOCIALISTES DE CATALUNYA,03041105.DAT
Municipales,2011,05,04201105_MESA,092370,ICV-E,INICIATIVA PER CATALUNYA VERDS-ENTESA,03041105.DAT
Municipales,2011,05,04201105_MESA,091585,ESQUERRA - AM,Esquerra Republicana de Catalunya-Acord Municipal,03041105.DAT
Municipales,2011,05,04201105_MESA,013366,PCB,PLATAFORMA CIUDADANA DE BELALCAZAR,03041105.DAT
Municipales,2011,05,04201105_MESA,092374,ICV-EUiA-E,INICIATIVA PER CATALUNYA VERDS - ESQUERRA UNIDA I ALTERNATIVA - ENTESA,03041105.DAT
Municipales,2011,05,04201105_MESA,092004,IPC-ICV-E,INDEPENDENTS PEL PROGRÉS DE COLOMERS - INICIATIVA PER CATALUNYA VERDS-ENTESA (IPC-ICV-E),03041105.DAT
Municipales,2011,05,04201105_MESA,003405,PVA,PLATAFORMA PER VILADECAVALLS ACTIU,03041105.DAT
Municipales,2011,05,04201105_MESA,091813,GOOB-FIC,GRUP D'OPINIÓ D'OLESA DE BONESVALLS - FEDERACIO D'INDEPENDENTS DE CATALUNYA,03041105.DAT
Municipales,2011,05,04201105_MESA,091829,GIT - FIC,GRUP INDEPENDENT PER TORREDEMBARRA- FEDERACIO D'INDEPENDENTS DE CATALUNYA,03041105.DAT
Municipales,2011,05,04201105_MESA,091589,ERC-AM,ESQUERRA REPUBLICANA DE CATALUNYA - ACORD MUNICIPAL,03041105.DAT
Municipales,2011,05,04201105_MESA,173396,PLF,PLATAFORMA LA FONT,03041105.DAT
Municipales,2011,05,04201105_MESA,091579,ESQUERRA - AM,Esquerra Republicana de Catalunya - Acord Municipal,03041105.DAT
Municipales,2011,05,04201105_MESA,093813,UA-PM-PSC,UNITAT D'ARAN-PROGRÉS MUNICIPAL-PARTIT DELS SOCIALISTES DE CATALUNYA,03041105.DAT
Municipales,2011,05,04201105_MESA,143392,PIGH,PLATAFORMA INDEPENDIENTE GURE HERRIA,03041105.DAT
Municipales,2011,05,04201105_MESA,093349,PSC-PM,PARTIT SOCIALISTES DE CATALUNYA PROGRÉS MUNICIPAL,03041105.DAT
Municipales,2011,05,04201105_MESA,090094,AMPEP-F.I.C.,AGRUPACIÓ MUNICIPAL DE PERAFORT I PUIGDELFÍ-AMPEP-FEDERACIO D'INDEPENDENTS DE CATALUNYA,03041105.DAT
Municipales,2011,05,04201105_MESA,091615,ESQUERRA-CxC-AM,ESQUERRA REPUBLICANA DE CATALUNYA-CONSENS PER CABRILS-ACORD MUNICIPAL,03041105.DAT
Municipales,2011,05,04201105_MESA,093388,P.I.M.P.C,PLATAFORMA INDEPENDENT MES PER CANET,03041105.DAT
Municipales,2011,05,04201105_MESA,091595,E.R.C.-A. M.,ESQUERRA REPUBLICANA DE CATALUNYA-ACORD MUNICIPAL,03041105.DAT
Municipales,2011,05,04201105_MESA,093418,PxC,PLATAFORMA x CATALUNYA,03041105.DAT
Municipales,2011,05,04201105_MESA,091486,EC-Esquerra-AM,ENDEVANT CASTELLVELL - ESQUERRA REPUBLICANA DE CATALUNYA-ACORD MUNICIPAL,03041105.DAT
Municipales,2011,05,04201105_MESA,093812,UA-PM-PSC,UNITAT D'ARAN-PROGRES MUNICIPAL-PARTIT DELS SOCIALISTES DE CATALUNYA,03041105.DAT
Municipales,2011,05,04201105_MESA,093293,PSC- PM,PARTIT DELS SOCIALISTES DE CATALUNYA (PSC-PSOE) - PROGRÉS MUNICIPAL,03041105.DAT
Municipales,2011,05,04201105_MESA,001593,ESQUERRA-AM,ESQUERRA REPUBLICANA DE CATALUNYA - ACORD MUNICIPAL,03041105.DAT
Municipales,2011,05,04201105_MESA,091789,GxStF+ Esquerra - AM,Gent per Sant Feliu + Esquerra Republicana de Catalunya - Acord Municipal,03041105.DAT
Municipales,2011,05,04201105_MESA,003370,P.C.P.B.,PLATAFORMA CIUTADANA PER BARBERA,03041105.DAT
Municipales,2011,05,04201105_MESA,093256,PSC-PM,PARTIT DELS SOCIALISTES DE CATALUNYA PROGRES MUNICIAPAL,03041105.DAT
Municipales,2011,05,04201105_MESA,003361,PIRATA.CAT,PIRATES DE CATALUNYA,03041105.DAT
Municipales,2011,05,04201105_MESA,093268,PSC-PSOE,PARTIT DELS SOCIALISTES DE CATALUNYA - PROGRÉS MUNICIPAL,03041105.DAT
Municipales,2011,05,04201105_MESA,003396,PLF,PLATAFORMA LA FONT,03041105.DAT
Municipales,2011,05,04201105_MESA,093815,UA-PM-PSC,UNITAT D'ARAN -PROGRÉS MUNICIPAL-PARTIT DELS SOCIALISTES DE CATALUNYA,03041105.DAT
Municipales,2011,05,04201105_MESA,142888,EKA,PARTIDO CARLISTA DE EUSKALHERRIA EUSKALHERRIKO KARLISTA ALDERDIA,03041105.DAT
Municipales,2011,05,04201105_MESA,193400,PMV,PLATAFORMA MELILLA VERDE,03041105.DAT
Municipales,2011,05,04201105_MESA,092129,F.I.C.,INDEPENDENTS PER MONTBLANC(IPM)-FEDERACIÓ D'INDEPENDENTS DE CATALUNYA,03041105.DAT
Municipales,2011,05,04201105_MESA,092384,ICV-EUiA-E,INICIATIVA PER CATALUNYA VERDS - ESQUERRA UNIDA I ALTERNATIVA - ENTESA,03041105.DAT
Municipales,2011,05,04201105_MESA,003376,PdG,PLATAFORMA DE GANDIA,03041105.DAT
Municipales,2011,05,04201105_MESA,093501,Ri.cat -ESQUERRA-AM,REAGRUPAMENT - ESQUERRA REPUBLICANA DE CATALUNYA-ACORD MUNICIPAL,03041105.DAT
Municipales,2011,05,04201105_MESA,091580,Esquerra - AM,Esquerra Republicana de Catalunya - Acord Municipal,03041105.DAT
Municipales,2011,05,04201105_MESA,003371,PCCA,PLATAFORMA CIVICA CIUTADANS A L' AJUNTAMENT,03041105.DAT
Municipales,2011,05,04201105_MESA,102548,IU -P.M.M.,IZQUIERDA UNIDA VERDES PLATAFORMA MUNICIPAL MANCHITA,03041105.DAT
Municipales,2011,05,04201105_MESA,091778,GperA-PSC-PM,GENT PER AIGUAFREDA - PARTIT DELS SOCIALISTES DE CATALUNYA - PROGRÉS MUNICIPAL,03041105.DAT
Municipales,2011,05,04201105_MESA,003390,P.I,PLATAFORMA INDEPENDIENTE,03041105.DAT
Municipales,2011,05,04201105_MESA,003374,PdBj,PLATAFORMA DE BENIARJO,03041105.DAT
Municipales,2011,05,04201105_MESA,003414,P.S.D.G.,PLATAFORMA SOCIALISTA DEMOCRATICA DE GARROVILLAS,03041105.DAT
Municipales,2011,05,04201105_MESA,091591,ESQUERRA - AM,ESQUERRA REPUBLICANA DE CATALUNYA - ACORD MUNICIPAL,03041105.DAT
Municipales,2011,05,04201105_MESA,003377,PIU,PLATAFORMA DE INDEPENDIENTES UNIDOS,03041105.DAT
Municipales,2011,05,04201105_MESA,092381,ICV-EUiA-E,INICIATIVA PER CATALUNYA VERDS - ESQUERRA UNIDA i ALTERNATIVA - ENTESA,03041105.DAT
Municipales,2011,05,04201105_MESA,091607,ESQUERRA -AM,ESQUERRA REPUBLICANA DE CATALUNYA-ACORD MUNICIPAL,03041105.DAT
Municipales,2011,05,04201105_MESA,091605,Esquerra-AM,ESQUERRA REPUBLICANA DE CATALUNYA-ACORD MUNICIPAL,03041105.DAT
Municipales,2011,05,04201105_MESA,051373,CONARUC,CON ARUCAS PLATAFORMA CIUDADANA CONARUC,03041105.DAT
Municipales,2011,05,04201105_MESA,091632,Esquerra-RI.Cat-GpE-AM,ESQUERRA REPUBLICANA DE CATALUNYA+REAGRUPAMENT+GENT D'ESPLUGUES-ACORD MUNICIPAL,03041105.DAT
Municipales,2011,05,04201105_MESA,093664,FIC,UNIO INDEPENDENTS CONCA DE BARBERA - FEDERACIÓ D'INDEPENDENTS DE CATALUNYA,03041105.DAT
Municipales,2011,05,04201105_MESA,091947,IA FIC,INDEPENDENTS D' ASCO - FEDERACIÓ D' INDEPENDENTS DE CATALUNYA,03041105.DAT
Municipales,2011,05,04201105_MESA,091576,Esquerra-Accent-Ri.Cat-AM,Esquerra Republicana de Catalunya-Accent-Reagrupament Independentista-Acord Municipal,03041105.DAT
Municipales,2011,05,04201105_MESA,123381,PNB,PLATAFORMA DE NUEVO BAZTAN,03041105.DAT
Municipales,2011,05,04201105_MESA,090075,AIPN-PSC-PM,AGRUPACIÓ D'INDEPENDENTS PROGRESSISTES I NACIONALISTES-PARTIT DELS SOCIALISTES DE CATALUNYA-PROGRÉS MUNICIPAL,03041105.DAT
Municipales,2011,05,04201105_MESA,003389,PICaldes,PLATAFORMA INDEPENDENT PER CALDES,03041105.DAT
Municipales,2011,05,04201105_MESA,093404,PxC,PLATAFORMA PER CATALUNYA (PXC),03041105.DAT
Municipales,2011,05,04201105_MESA,093916,VST - Esquerra - AM,Vidreres Som Tots - Esquerra Republicana de Catalunya - Acord Municipal,03041105.DAT
Municipales,2011,05,04201105_MESA,093270,PSC-PSOE,PARTIT DELS SOCIALISTES DE CATALUNYA -PROGRÉS MUNICIPAL,03041105.DAT
Municipales,2011,05,04201105_MESA,092376,ICV-EUIA-E,INICIATIVA PER CATALUNYA VERDS-ESQUERA UNIDA I ALTERNATIVA ENTESA,03041105.DAT
Municipales,2011,05,04201105_MESA,093811,UA-PM-PSC,UNITAT D'ARAN-PROGRÉS MUNICIPAL-PARTIT DEL SOCIALISTES DE CATALUNYA,03041105.DAT
Municipales,2011,05,04201105_MESA,003279,PSC-PM,PARTIT DELS SOCIALISTES DE CATALUNYA - PROGRÈS MUNICIPAL,03041105.DAT
Municipales,2011,05,04201105_MESA,091633,ERC-Ri.Cat-AM,ESQUERRA REPUBLICANA DE CATALUNYA - REAGRUPAMENT INDEPENDENTISTA- ACORD MUNICIPAL,03041105.DAT
Municipales,2011,05,04201105_MESA,093299,PSC-PM,PARTIT DELS SOCIALISTES DE CATALUNYA (PSC-PSOE) -PROGRÉS MUNICIPAL (PM),03041105.DAT
Municipales,2011,05,04201105_MESA,091040,+C-Esquerra-AM,+CAMPRODON -ESQUERRA REPUBLICANA DE CATALUNYA -ACORD MUNICIPAL,03041105.DAT
Municipales,2011,05,04201105_MESA,093286,PM,PARTIT DELS SOCIALISTES DE CATALUNYA - PROGRÉS MUNICIPAL INDEPENDENTS DE SANT JULIÀ DE VILATORTA,03041105.DAT
Municipales,2011,05,04201105_MESA,093859,UV-Esquerra--AM,UNITS PER VILAPLANA-ESQUERRA REPUBLICANA DE CATALUNYA-ACORD MUNICIPAL,03041105.DAT
Municipales,2011,05,04201105_MESA,091599,ERC / ESQUERRA,ESQUERRA REPUBLICANA DE CATALUNYA-ACORD MUNICIPAL,03041105.DAT
Municipales,2011,05,04201105_MESA,091631,Esquerra+Ri.Cat-AM,ESQUERRA REPUBLICANA DE CATALUNYA+REAGRUPAMENT-ACORD MUNICIPAL,03041105.DAT
Municipales,2011,05,04201105_MESA,091630,ESQUERRA -RI.CAT -AM,ESQUERRA REPUBLICANA DE CATALUNYA -REAGRUPAMENT- ACORD MUNICIPAL,03041105.DAT
Municipales,2011,05,04201105_MESA,091493,EESC-ICV-E,ENTESA D'ESQUERRES PER SANT CEBRIÀ-INICIATIVA PER CATALUNYA VERDS-ENTESA,03041105.DAT
Municipales,2011,05,04201105_MESA,093665,FIC,UNIO INDEPENDENTS CONCA DE BARBERÁ (UNIC) FEDERACIÓ D'INDEPENDENTS DE CATALUNYA,03041105.DAT
Municipales,2011,05,04201105_MESA,003365,PLCV,PLATAFORMA CIUDADANA DE VILLACARRILLO,03041105.DAT
Municipales,2011,05,04201105_MESA,090701,AISF-FIC,ALTERNATIVA INDEPENDENT PER SANTA FE AISF- FEDERACIO D'INDEPENDENTS DE CATALUNYA (FIC),03041105.DAT
Municipales,2011,05,04201105_MESA,091583,Esquerra - AM,Esquerra Republicana de Catalunya-Acord Municipal,03041105.DAT
Municipales,2011,05,04201105_MESA,091704,FIC,FEDERACIO D'INDEPENDENTS DE CATALUNYA,03041105.DAT
Municipales,2011,05,04201105_MESA,091604,Esquerra- AM,ESQUERRA REPUBLICANA DE CATALUNYA-ACORD MUNICIPAL,03041105.DAT
Municipales,2011,05,04201105_MESA,073417,PVISCM,PLATAFORMA VECINAL INDEPENDIENTE DE SANTA CRUZ DE MUDELA,03041105.DAT
Municipales,2011,05,04201105_MESA,091941,IPM-FIC,INDEPENDENT PER MURA (IPM)-FEDERACIÓ D' INDEPENDENTS DE CATALUNYA (FIC),03041105.DAT
Municipales,2011,05,04201105_MESA,092707,MxV-Esquerra-AM,MÉS PER VALLROMANES-ESQUERRA REPUBLICANA DE CATALUNYA-ACORD MUNICIPAL,03041105.DAT
Municipales,2011,05,04201105_MESA,003400,PMV,PLATAFORMA MELILLA VERDE,03041105.DAT
Municipales,2011,05,04201105_MESA,091628,ESQUERRA -RI.CAT -AM,ESQUERRA REPUBLICANA DE CATALUNYA - REAGRUPAMENT - ACORD MUNICIPAL,03041105.DAT
Municipales,2011,05,04201105_MESA,093277,PSC-PSM,PARTIT DELS SOCIALISTES DE CATALUNYA-PROGRÉS MUNICIPAL,03041105.DAT
Municipales,2011,05,04201105_MESA,093251,PM,PARTIT DELS SOCIALISTES DE CATALUNYA (PSC-PSOE)-PROGRÉS MUNICIPAL,03041105.DAT
Municipales,2011,05,04201105_MESA,091603,Esquerra -AM,ESQUERRA REPUBLICANA DE CATALUNYA-ACORD MUNICIPAL,03041105.DAT
Municipales,2011,05,04201105_MESA,091986,PSC-PM,INDEPENDENTS DE SILS-PARTIT DELS SOCIALISTES DE CATALUNYA-PROGRES MUNICIPAL,03041105.DAT
Municipales,2011,05,04201105_MESA,091577,Esquerra-AIND-AM,ESQUERRA REPUBLICANA DE CATALUNYA-ACORD INDEPENDENTISTA-ACORD MUNICIPAL,03041105.DAT
Municipales,2011,05,04201105_MESA,091592,ESQUERRA -AM,ESQUERRA REPUBLICANA DE CATALUNYA - ACORD MUNICIPAL,03041105.DAT
Municipales,2011,05,04201105_MESA,083390,P.I,PLATAFORMA INDEPENDIENTE,03041105.DAT
Municipales,2011,05,04201105_MESA,091626,Esquerra+Ri.Cat - AM,ESQUERRA REPUBLICANA DE CATALUNYA + REAGRUPAMENT - ACORD MUNICIPAL,03041105.DAT
Municipales,2011,05,04201105_MESA,093257,PSC-PM,PARTIT DELS SOCIALISTES DE CATALUNYA - PROGRES MUNICIPAL,03041105.DAT
Municipales,2011,05,04201105_MESA,092136,IpO-Esquerra-AM,Independents per Ogassa - Esquerra Republicana de Catalunya - Acord Municipal,03041105.DAT
Municipales,2011,05,04201105_MESA,092026,IPR-PM,INDEPENDENTS PER AL PROGRÉS DE RODA-PROGRÉS MUNICIPAL-PARTIT DELS SOCIALISTES DE CATALUNYA,03041105.DAT
Municipales,2011,05,04201105_MESA,092373,ICV-E,INICIATIVA PER CATALUNYA VERDS - ENTESA (ICV-E),03041105.DAT
Municipales,2011,05,04201105_MESA,173373,PdBARX,PLATAFORMA DE BARX,03041105.DAT
Municipales,2011,05,04201105_MESA,013391,PIMOG,PLATAFORMA INDEPENDIENTE DE LOS MONTES ORIENTALES DE GRANADA,03041105.DAT
Municipales,2011,05,04201105_MESA,003671,UMdC,UNIO MUNICIPAL DE CATALUNYA,03041105.DAT
Municipales,2011,05,04201105_MESA,091616,ESQUERRA-ELS VERDS-AM,ESQUERRA REPUBLICANA DE CATALUNYA - ELS VERDS - ACORD MUNICIPAL,03041105.DAT
Municipales,2011,05,04201105_MESA,003366,PCB,PLATAFORMA CIUDADANA DE BELALCAZAR,03041105.DAT
Municipales,2011,05,04201105_MESA,090035,SAV-Esquerra-Reagrupament-AM,ACORD MUNICIPAL PER SANT ANTONI DE VILAMAJOR-ESQUERRA REPUBLICANA DE CATALUNYA-REAGRUPAMENT-ACORD MUNICIPAL.,03041105.DAT
Municipales,2011,05,04201105_MESA,091586,Esquerra - AM,Esquerra Republicana DE Catalunya-Acord Municipal,03041105.DAT
Municipales,2011,05,04201105_MESA,091760,GdeP-Esquerra-AM,GENT DE PALAU INDEPENDENT-ESQUERRA REPUBLICANA DE CATALUNYA-ACORD MUNICIPAL,03041105.DAT
Municipales,2011,05,04201105_MESA,091634,Esquerra-Reagrupament-AM,ESQUERRA REPUBLICANA DE CATALUNYA- REAGRUPAMENT INDEPENDENTISTA-ACORD MUNICIPAL,03041105.DAT
Municipales,2011,05,04201105_MESA,093410,PSC-PM,PLATAFORMA PROGRESSISTA DE BANYOLES - PARTIT DELS SOCIALISTES DE CATALUNYA-PROGRÉS MUNICIPAL,03041105.DAT
Municipales,2011,05,04201105_MESA,093402,PXC,PLATAFORMA PER CATALUNYA,03041105.DAT
Municipales,2011,05,04201105_MESA,091606,ESQUERRA - AM,ESQUERRA REPUBLICANA DE CATALUNYA-ACORD MUNICIPAL,03041105.DAT
Municipales,2011,05,04201105_MESA,093479,PSC-PM,PROGRÉS PER MÓRA - PARTIT DELS SOCIALISTES DE CATALUNYA - PROGRÉS MUNICIPAL,03041105.DAT
Municipales,2011,05,04201105_MESA,092386,ICV-EUA-E,INICIATIVA PER CATALUNYA VERDS-ESQUERRA UNIDA I ALTERNATIVA-ENTESA,03041105.DAT
Municipales,2011,05,04201105_MESA,003391,PIMOG,PLATAFORMA INDEPENDIENTE DE LOS MONTES ORIENTALES DE GRANADA,03041105.DAT
Municipales,2011,05,04201105_MESA,143369,P.C.L.O.,PLATAFORMA CIUDADANA LASARTE-ORIA,03041105.DAT
Municipales,2011,05,04201105_MESA,003392,PIGH,PLATAFORMA INDEPENDIENTE GURE HERRIA,03041105.DAT
Municipales,2011,05,04201105_MESA,003380,(PDM),PLATAFORMA DEMOCRATICA MUNICIPAL,03041105.DAT
Municipales,2011,05,04201105_MESA,091967,IP -FIC,INDEPENDENTS DELS PALLARESOS (IP)-FEDERACIO D'INDEPENDENTS DE CATALUNYA (FIC),03041105.DAT
Municipales,2011,05,04201105_MESA,092391,ICV-LA SEU-E,INICIATIVA PER CATALUNYA VERDS-LA SEU D'URGELL-ENTESA,03041105.DAT
Municipales,2011,05,04201105_MESA,091623,Esquerra-Independents-AM,ESQUERRA REPUBLICANA DE CATALUNYA-INDEPENDENTS-ACORD MUNICIPAL,03041105.DAT
Municipales,2011,05,04201105_MESA,092768,NCi,NOVA CATALUNYA INDEPENDENT,03041105.DAT
Municipales,2011,05,04201105_MESA,003623,UASC,UN ALTRE SANT CUGAT -PLATAFORMA CIUTADANA PER A SANT CUGAT,03041105.DAT
Municipales,2011,05,04201105_MESA,093958,P.P.CAT.,PARTIT POPULAR DE CATALUNYA,03041105.DAT
Municipales,2011,05,04201105_MESA,093837,UPA-FIC,UNITS PER AVINYONET (U.P.A) - FEDERACIO D'INDEPENDENTS DE CATALUNYA (FIC),03041105.DAT
Municipales,2011,05,04201105_MESA,092387,ICV-EUiA-E,INICIATIVA PER CATALUNYA VERDS-ESQUERRA UNIDA I ALTERNATIVA-ENTESA,03041105.DAT
Municipales,2011,05,04201105_MESA,093333,PP,Partit Popular de Catalunya/Partido Popular de Catalunya,03041105.DAT
Municipales,2011,05,04201105_MESA,092379,ICV-EUIA-E,INICIATIVA PER CATALUNYA VERDS-ESQUERRA UNIDA I ALTERNATIVA-ENTESA,03041105.DAT
Municipales,2011,05,04201105_MESA,173409,PLATAFORMA,PLATAFORMA POR SAN ANTONIO DE BENAGÉBER,03041105.DAT
Municipales,2011,05,04201105_MESA,092382,ICV-EUiA-E,INICIATIVA PER CATALUNYA VERDS-ESQUERRA UNIDA i ALTERNATIVA ENTESA,03041105.DAT
Municipales,2011,05,04201105_MESA,093608,TSC-FIC,TOTS SOM CASERES - FEDERACIÓ D'INDEPENDENTS DE CATALUNYA,03041105.DAT
Municipales,2011,05,04201105_MESA,093294,PSC-PM,PARTIT DELS SOCIALISTES DE CATALUNYA (PSC-PSOE) - PROGRÉS MUNICIPAL,03041105.DAT
Municipales,2011,05,04201105_MESA,093822,UpB-ERC-Ri.Cat-DCat-AM,Unitat per Barcelona-ESQUERRA REPUBLICANA DE CATALUNYA-REAGRUPAMENT-DEMOCRACIA CATALANA-Acord Municipal,03041105.DAT
Municipales,2011,05,04201105_MESA,002387,ICV-EUiA-E,INICIATIVA PER CATALUNYA VERDS-ESQUERRA UNIDA I ALTERNATIVA-ENTESA,03041105.DAT
Municipales,2011,05,04201105_MESA,093248,PM,PARTIT DEL SOCIALISTES DE CATALUNYA-PROGRÉS MUNICIPAL,03041105.DAT
Municipales,2011,05,04201105_MESA,003407,PLDA-AMF,PLATAFORMA POPULAR EN DEFENSA DE ANTIGUA Y ASAMBLEAS MUNICIPALES DE FUERTEVENTURA,03041105.DAT
Municipales,2011,05,04201105_MESA,013377,PIU,PLATAFORMA DE INDEPENDIENTES UNIDOS,03041105.DAT
Municipales,2011,05,04201105_MESA,091366,FIC,COMPROMÍS PER SANTA COLOMA(CSC) - FEDERACIÓ D'INDEPENDENTS DE CATALUNYA,03041105.DAT
Municipales,2011,05,04201105_MESA,093386,PISVC-E,PLATAFORMA INDEPENDENT DE SANT VICENÇ DE CASTELLET - ENTESA,03041105.DAT
Municipales,2011,05,04201105_MESA,002629,La PAC,LA PLATAFORMA ALTERNATIVA CIUTADANA DE DOSRIUS,03041105.DAT
Municipales,2011,05,04201105_MESA,092613,JpT-Esquerra-AM,JUNTS PER TORELLÓ-ESQUERRA REPUBLICANA DE CATALUNYA-ACORD MUNICIPAL,03041105.DAT
Municipales,2011,05,04201105_MESA,093296,PSC-PM,PARTIT DELS SOCIALISTES DE CATALUNYA (PSC-PSOE)-PROGRÉS MUNICIPAL,03041105.DAT
Municipales,2011,05,04201105_MESA,003394,P.I.L.,PLATAFORMA INDEPENDIENTE POR LANDETE,03041105.DAT
Municipales,2011,05,04201105_MESA,093850,UPR-FIC,UNITS PER RODA-FEDERACIO D'INDEPENDENTS DE CATALUNYA,03041105.DAT
Municipales,2011,05,04201105_MESA,003398,+ de 1 Ciudadano,PLATAFORMA MAS DE UN CIUDADANO DE GUADALAJARA,03041105.DAT
Municipales,2011,05,04201105_MESA,073394,P.I.L.,PLATAFORMA INDEPENDIENTE POR LANDETE,03041105.DAT
Municipales,2011,05,04201105_MESA,001373,CONARUC,CON ARUCAS PLATAFORMA CIUDADANA CONARUC,03041105.DAT
Municipales,2011,05,04201105_MESA,093672,UMdC,UNIÓ MUNICIPAL DE CATALUNYA,03041105.DAT
Municipales,2011,05,04201105_MESA,091928,ICV-EUIA-E,IINICIATIVA PER CATALUNYA VERDS-ESQUERRA UNIDA I ALERNATIVA ENTESA,03041105.DAT
Municipales,2011,05,04201105_MESA,003413,PREO,PLATAFORMA REVOLUCIONARIA DE LA OLIVA,03041105.DAT
Municipales,2011,05,04201105_MESA,003244,PCPC,PARTIT COMUNISTA DEL POBLE DE CATALUNYA,03041105.DAT
Municipales,2011,05,04201105_MESA,093563,Bloc Municipal,SOLIDARITAT I REAGRUPAMENT PER LA INDEPENDÈNCIA. BLOC MUNICIPAL DE CATALUNYA,03041105.DAT
Municipales,2011,05,04201105_MESA,091757,Gent de Montornès-Esquerra-AM,GENT DE MONTORNÈS-ESQUERRA REPUBLICANA DE CATALUNYA-ACORD MUNICIPAL,03041105.DAT
Municipales,2011,05,04201105_MESA,092372,ICV-E,INICIATIVA PER CATALUNYA VERDS - ENTESA,03041105.DAT
Municipales,2011,05,04201105_MESA,091609,Esquerra - AMP,ESQUERRA REPUBLICANA DE CATALUNYA-ACORD MUNICIPAL,03041105.DAT
Municipales,2011,05,04201105_MUNI,093759,UNIM-PSC-PM,UNIÓ NOU IMPULS MUNICIPAL- PARTIT DELS SOCIALISTES DE CATALUNYA-PROGRÉS MUNICIPAL,03041105.DAT
Municipales,2011,05,04201105_MUNI,093264,PSC-PM,PARTIT DELS SOCIALISTES DE CATALUNYA - PROGRÉS MUNICIPAL,03041105.DAT
Municipales,2011,05,04201105_MUNI,073368,P.C.d.T.,PLATAFORMA CIUDADANA DE TOBARRA,03041105.DAT
Municipales,2011,05,04201105_MUNI,123408,PPL,PLATAFORMA POPULAR LIBERAL,03041105.DAT
Municipales,2011,05,04201105_MUNI,092629,La PAC,LA PLATAFORMA ALTERNATIVA CIUTADANA DE DOSRIUS,03041105.DAT
Municipales,2011,05,04201105_MUNI,091590,Esquerra - AM,ESQUERRA REPUBLICANA DE CATALUNYA - ACORD MUNICIPAL,03041105.DAT
Municipales,2011,05,04201105_MUNI,091982,ISP-ICV-E,INDEPENDENTS DE SANT PERE-INICIATIVA PER CATALUNYA VERDS-ENTESA,03041105.DAT
Municipales,2011,05,04201105_MUNI,092389,ICV-EUiA-E,INICIATIVA PER CATALUNYA VERDS - ESQUERRA UNIDA i ALTERNATIVA -ENTESA (ICV-EUiA-E),03041105.DAT
Municipales,2011,05,04201105_MUNI,093261,PSC-PM,PARTIT DELS SOCIALISTES DE CATALUNYA-PROGRES MUNICIPAL,03041105.DAT
Municipales,2011,05,04201105_MUNI,003388,P.I.M.P.C,PLATAFORMA INDEPENDENT MES PER CANET,03041105.DAT
Municipales,2011,05,04201105_MUNI,092380,ICV-EUiA-ISF-E,INICIATIVA PER CATALUNYA VERDS-ESQUERRA UNIDA I ALTERNATIVA-INDEPENDENTS PER SANT FELIU-ENTESA,03041105.DAT
Municipales,2011,05,04201105_MUNI,093302,PSC-UPTA-PM,PARTIT DELS SOCIALISTES DE CATALUNYA - UNIÓ PER LA TERRA ALTA - PROGRÉS MUNICIPAL,03041105.DAT
Municipales,2011,05,04201105_MUNI,090638,AUP - FIC,AGRUPACIÓ UNITS PEL PALAU (AUP) - FEDERACIO D'INDEPENDENTS DE CATALUNYA (FIC),03041105.DAT
Municipales,2011,05,04201105_MUNI,093301,PSC-PM,PARTIT DELS SOCIALISTES DE CATALUNYA (PSC-PSOE) -PROGRÉS MUNICIPAL (PSC-PM),03041105.DAT
Municipales,2011,05,04201105_MUNI,091795,GV-FIC,GENT PER VENTALLÓ-FEDERACIÓ D'INDEPENDENTS DE CATALUNYA,03041105.DAT
Municipales,2011,05,04201105_MUNI,091600,Esquerra-AM,ESQUERRA REPUBLICANA DE CATALUNYA-ACORD MUNICIPAL,03041105.DAT
Municipales,2011,05,04201105_MUNI,093271,PSC-PM,PARTIT DELS SOCIALISTES DE CATALUNYA PROGRÉS MUNICIPAL,03041105.DAT
Municipales,2011,05,04201105_MUNI,093252,PSC-Iii-PM,PARTIT DELS SOCIALISTES DE CATALUNYA - INICIATIVA - PROGRÉS MUNICIPAL,03041105.DAT
Municipales,2011,05,04201105_MUNI,090939,BIS-FIC,BLOC INDEPENDENT SANT PERE DE RIUDEBITLLES (BIS)-FEDERACIÓ D'INDEPENDENTS DE CATALUNYA (FIC),03041105.DAT
Municipales,2011,05,04201105_MUNI,091617,Esquerra-Els Verds-AM,ESQUERRA REPUBLICANA DE CATALUNYA-ELS VERDS-ACORD MUNICIPAL,03041105.DAT
Municipales,2011,05,04201105_MUNI,093354,P.A.U.-FIC,PER ANGLES UNITS- FEDERACIO D'INDEPENDENTS DE CATALUNYA,03041105.DAT
Municipales,2011,05,04201105_MUNI,093259,PSC-PM,PARTIT DELS SOCIALISTES DE CATALUNYA PROGRES MUNICIPAL,03041105.DAT
Municipales,2011,05,04201105_MUNI,093348,PSC-PM,PARTIT SOCIALISTES DE CATALUNYA PROGRES MUNICIPAL,03041105.DAT
Municipales,2011,05,04201105_MUNI,003416,P.V.F.,PLATAFORMA VECINAL DE LA FRESNEDA,03041105.DAT
Municipales,2011,05,04201105_MUNI,092609,JpSMC-Esquerra-AM,JUNTS PER SANT MIQUEL DE CAMPMAJOR-ESQUERRA REPUBLICANA DE CATALUNYA-ACORD MUNICIPAL,03041105.DAT
Municipales,2011,05,04201105_MUNI,073398,+ de 1 Ciudadano,PLATAFORMA MAS DE UN CIUDADANO DE GUADALAJARA,03041105.DAT
Municipales,2011,05,04201105_MUNI,003395,PIQ,PLATAFORMA INDEPENDIENTE QUÉNTAR,03041105.DAT
Municipales,2011,05,04201105_MUNI,092575,JxE-AM,JUNT PER L'ESCALA-ESQUERRA REPUBLICANA DE CATALUNYA-ACORD MUNICIPAL,03041105.DAT
Municipales,2011,05,04201105_MUNI,003328,PxCat,PARTIT PER CATALUNYA,03041105.DAT
Municipales,2011,05,04201105_MUNI,092392,ICV-EUIA-E,INICIATIVA PER CATALUNYA VERS-ESQUERA UNIDA I ALTERNATIVA-ENTESA,03041105.DAT
Municipales,2011,05,04201105_MUNI,091325,CIET-ERC-CUP-AM,COMPROMÍS INDEPENDENTISTA I D'ESQUERRES PER TAGAMANENT ESQUERRA REP. DE CATALUNYA- CAN. D'UNITAT POPULAR-ACORD MUNICIPA,03041105.DAT
Municipales,2011,05,04201105_MUNI,093303,PSC-UPCA-PM,PARTIT DELS SOCIALISTES DE CATALUNYA-UNIÓ PROGRESSISTES PER CABRERA D'ANOIA-PROGRÉS MUNICIPAL,03041105.DAT
Municipales,2011,05,04201105_MUNI,090022,AxS - FIC,ACCIO PER SITGES - FEDERACIÓ D'INDEPENDENTS DE CATALUNYA,03041105.DAT
Municipales,2011,05,04201105_MUNI,093371,PCCA,PLATAFORMA CIVICA CIUTADANS A L' AJUNTAMENT,03041105.DAT
Municipales,2011,05,04201105_MUNI,003408,PPL,PLATAFORMA POPULAR LIBERAL,03041105.DAT
Municipales,2011,05,04201105_MUNI,091992,Independents-Esquerra.AM,INDEPENDENTS-ESQUERRA REPUBLICANA DE CATALUNYA-ACORD MUNICIPAL,03041105.DAT
Municipales,2011,05,04201105_MUNI,073367,PPCP,PLATAFORMA CIUDADANA DE PIOZ,03041105.DAT
Municipales,2011,05,04201105_MUNI,091636,E.R.C.-S. I. DEL PALLARS-A. M.,ESQUERRA REPUBLICANA DE CATALUNYA-SOLIDARITAT INDEPENDENTISTA DEL PALLARS-ACORD MUNICIPAL,03041105.DAT
Municipales,2011,05,04201105_MUNI,173374,PdBj,PLATAFORMA DE BENIARJO,03041105.DAT
Municipales,2011,05,04201105_MUNI,173364,ApT,PLATAFORMA CIUDADANA ALBALAT PEL TERRITORI,03041105.DAT
Municipales,2011,05,04201105_MUNI,013395,PIQ,PLATAFORMA INDEPENDIENTE QUÉNTAR,03041105.DAT
Municipales,2011,05,04201105_MUNI,003242,PASalou - PxC,PARTIT AVANÇA SALOU - PLATAFORMA PER CATALUNYA,03041105.DAT
Municipales,2011,05,04201105_MUNI,093337,PSC-PM,PARTITS DEL SOCIALISTES DE CATALUNYA - PROGRÉS MUNICIPAL,03041105.DAT
Municipales,2011,05,04201105_MUNI,093281,PSC-PM,PARTIT DELS SOCIALISTES DE CATALUNYA PROGRÈS MUNICIPAL,03041105.DAT
Municipales,2011,05,04201105_MUNI,090005,"AG-Esquerra,Reagrupament,GI-AM","ACCIÓ GRANOLLERS-ESQUERRA REPUBLICANA DE CATALUNYA,REAGRUPAMENT INDEPENDENTISTA,GRANOLLERS INDEPENDENT-ACORD MUNICIPAL",03041105.DAT
Municipales,2011,05,04201105_MUNI,093265,PM,PARTIT DELS SOCIALISTES DE CATALUNYA - PROGRÉS MUNICIPAL,03041105.DAT
Municipales,2011,05,04201105_MUNI,003246,PUCAT,PARTIT DE LES URBANITZACIONS DE CATALUNYA,03041105.DAT
Municipales,2011,05,04201105_MUNI,093263,PSC - PM,PARTIT DELS SOCIALISTES DE CATALUNYA - PROGRÉS MUNICIPAL,03041105.DAT
Municipales,2011,05,04201105_MUNI,003364,ApT,PLATAFORMA CIUDADANA ALBALAT PEL TERRITORI,03041105.DAT
Municipales,2011,05,04201105_MUNI,123397,PLoC,PLATAFORMA LOCAL CIUDADANA,03041105.DAT
Municipales,2011,05,04201105_MUNI,091505,ICV-EUIA-E,ENTESA PER CANET-INICIATIVA PER CATALUNYA VERDS-ESQUERA UNIDA I ALTERNATIVA-ENTESA,03041105.DAT
Municipales,2011,05,04201105_MUNI,090742,ApG - FIC,ALTERNATIVA PER GANDESA - FEDERACIO D'INDEPENDENTS DE CATALUNYA,03041105.DAT
Municipales,2011,05,04201105_MUNI,103384,PG,PLATAFORMA GRANJEÑA,03041105.DAT
Municipales,2011,05,04201105_MUNI,093623,UASC,UN ALTRE SANT CUGAT -PLATAFORMA CIUTADANA PER A SANT CUGAT,03041105.DAT
Municipales,2011,05,04201105_MUNI,093292,PSC - PM,PARTIT DELS SOCIALISTES DE CATALUNYA (PSC-PSOE) - PROGRÉS MUNICIPAL,03041105.DAT
Municipales,2011,05,04201105_MUNI,090029,AM-ERC-AM,ACORD MUNICIPAL-ESQUERRA REPUBLICANA DE CATALUNYA-ACORD MUNICIPAL,03041105.DAT
Municipales,2011,05,04201105_MUNI,091601,Esquera-AM,ESQUERRA REPUBLICANA DE CATALUNYA-ACORD MUNICIPAL,03041105.DAT
Municipales,2011,05,04201105_MUNI,093466,PM-PSC-APM,PROGRÉS MUNICIPAL - PARTIT DELS SOCIALISTES DE CATALUNYA - AVANCEM PER MASQUEFA,03041105.DAT
Municipales,2011,05,04201105_MUNI,091596,Ara Mollet - Esquerra - AM,ESQUERRA REPUBLICANA DE CATALUNYA-ACORD MUNICIPAL,03041105.DAT
Municipales,2011,05,04201105_MUNI,093332,PP,PARTIT POPULAR DE CATALUNYA,03041105.DAT
Municipales,2011,05,04201105_MUNI,091581,Esquerra-AM,Esquerra Republicana de Catalunya - Acord Municipal,03041105.DAT
Municipales,2011,05,04201105_MUNI,091597,Equerra-AM,ESQUERRA REPUBLICANA DE CATALUNYA-ACORD MUNICIPAL,03041105.DAT
Municipales,2011,05,04201105_MUNI,092133,PSC-PM,INDEPENDENTS PER MÓRA LA NOVA - PARTIT DELS SOCIALISTES DE CATALUNYA - PROGRÉS MUNICIPAL,03041105.DAT
Municipales,2011,05,04201105_MUNI,091812,GIPU - FIC,GRUP D'INDEPENDENTS PER LA POBLA I URBANITZACIONS-FEDERACIO D'INDEPENDENTS DE CATALUNYA,03041105.DAT
Municipales,2011,05,04201105_MUNI,003375,PdBenirredrá,PLATAFORMA DE BENIRREDRÀ,03041105.DAT
Municipales,2011,05,04201105_MUNI,003378,PIC-COSLADA,PLATAFORMA DE LA IZQUIERDA DE COSLADA,03041105.DAT
Municipales,2011,05,04201105_MUNI,091378,CONESA-FIC,CONESA PER CREIXELL- FEDERACIÓ D'INDEPENDENTS DE CATALUNYA,03041105.DAT
Municipales,2011,05,04201105_MUNI,093304,PSC-PM,PARTIT DELS SOCIALITES DE CATALUNYA - PROGRÉS MUNICIPAL,03041105.DAT
Municipales,2011,05,04201105_MUNI,093298,PSC-PM,PARTIT DELS SOCIALISTES DE CATALUNYA (PSC-PSOE)-PROGRÈS MUNICIPAL,03041105.DAT
Municipales,2011,05,04201105_MUNI,091629,ESQUERRA -RI.CAT.-AM,ESQUERRA REPUBLICANA DE CATALUNYA - REAGRUPAMENT -ACORD MUNICIPAL,03041105.DAT
Municipales,2011,05,04201105_MUNI,091578,Esquerra - AM,Esquerra Republicana de Catalunya- Acord Municiapal,03041105.DAT
Municipales,2011,05,04201105_MUNI,091588,Esquerra-AM,ESQUERRA REPUBLICANA DE CATALUNYA - ACORD MUNICIPAL,03041105.DAT
Municipales,2011,05,04201105_MUNI,091618,Esquerra-EV-IxG-AM,ESQUERRA REPUBLICANA DE CATALUNYA-ELS VERDS-INDEPENDENTS PER GAVÀ-ACORD MUNICIPAL,03041105.DAT
Municipales,2011,05,04201105_MUNI,003518,SxSPC,SALOU X SALOU PLATAFORMA CIUTADANA,03041105.DAT
Municipales,2011,05,04201105_MUNI,093272,PSC-PSOE,PARTIT DELS SOCIALISTES DE CATALUNYA PROGRÉS MUNICIPAL,03041105.DAT
Municipales,2011,05,04201105_MUNI,091638,ERC - SxA - AM,ESQUERRA REPUBLICANA DE CATALUNYA+SUMEM PER ALELLA-ACORD MUNICIPAL,03041105.DAT
Municipales,2011,05,04201105_MUNI,003387,Gent Per Salt,PLATAFORMA INDEPENDENT GENT PER SALT,03041105.DAT
Municipales,2011,05,04201105_MUNI,003382,PLATAFORMA,PLATAFORMA DE VECINOS DE GALAPAGAR,03041105.DAT
Municipales,2011,05,04201105_MUNI,091610,IP-AM,ESQUERRA REPUBLICANA DE CATALUNYA-ACORD MUNICIPAL,03041105.DAT
Municipales,2011,05,04201105_MUNI,093481,PSC-PM,PROGRÉS PER VIDRERES - PARTIT DELS SOCIALISTES DE CATALUNYA - PROGRÉS MUNICIPAL,03041105.DAT
Municipales,2011,05,04201105_MUNI,003393,PIM- Villalbilla,PLATAFORMA INDEPENDIENTE MUNICIPAL DE VILLALBILLA,03041105.DAT
Municipales,2011,05,04201105_MUNI,093274,PM,PARTIT DELS SOCIALISTES DE CATALUNYA-PROGRÉS MUNICIPAL,03041105.DAT
Municipales,2011,05,04201105_MUNI,090084,TU - F.I.C.,AGRUPACIO ELECTORS INDEPENDENTS TOSSA UNIDA- FEDERACIO D'INDEPENDENTS DE CATALUNYA,03041105.DAT
Municipales,2011,05,04201105_MUNI,093363,PAU,PLATAFORMA ALTAFULLA UNIDA,03041105.DAT
Municipales,2011,05,04201105_MUNI,093278,PSC-PSOE,PARTIT DELS SOCIALISTES DE CATALUNYA-PROGRÉS MUNICIPAL,03041105.DAT
Municipales,2011,05,04201105_MUNI,093328,PxCat,PARTIT PER CATALUNYA,03041105.DAT
Municipales,2011,05,04201105_MUNI,053407,PLDA-AMF,PLATAFORMA POPULAR EN DEFENSA DE ANTIGUA Y ASAMBLEAS MUNICIPALES DE FUERTEVENTURA,03041105.DAT
Municipales,2011,05,04201105_MUNI,003409,PLATAFORMA,PLATAFORMA POR SAN ANTONIO DE BENAGÉBER,03041105.DAT
Municipales,2011,05,04201105_MUNI,091620,ESQUERRA -GIR -AM,ESQUERRA REPUBLICANA DE CATALUNYA - GRUP D'INDEPENDENTS PER RELLINARS - ACORD MUNICIPAL,03041105.DAT
Municipales,2011,05,04201105_MUNI,092385,ICV-EUiA-E,INICIATIVA PER CATALUNYA VERDS-ESQUERRA UNIDA I ALTERNATIVA ENTESA,03041105.DAT
Municipales,2011,05,04201105_MUNI,140648,AHP,ALDATUZ HERRI PLATAFORMA,03041105.DAT
Municipales,2011,05,04201105_MUNI,093415,PUC-PM,PLATAFORMA UNITS PER CASTELLOLÍ - PROGRÉS MUNICIPAL,03041105.DAT
Municipales,2011,05,04201105_MUNI,091612,Esquerra-AM,ESQUERRA REPUBLICANA DE CATALUNYA-ACORD MUNICIPAL (Esquerra-AM),03041105.DAT
Municipales,2011,05,04201105_MUNI,091703,F.I.C.,FEDERACIO D'INDEPENDENTS DE CATALUNYA,03041105.DAT
Municipales,2011,05,04201105_MUNI,093289,PSC-PM,PARTIT DELS SOCIALISTES DE CATALUNYA-PROGRÉS MUNICIPAL (PSC-PM),03041105.DAT
Municipales,2011,05,04201105_MUNI,003381,PNB,PLATAFORMA DE NUEVO BAZTAN,03041105.DAT
Municipales,2011,05,04201105_MUNI,092589,JpC-Esquerra-AM,JUNTS PER CAMÓS-ESQUERRA REPUBLICANA DE CATALUNYA-ACORD MUNICIPAL,03041105.DAT
Municipales,2011,05,04201105_MUNI,003383,amb Trellat,"PLATAFORMA DE VECINOS DE GILET ""AMB TRELLAT""",03041105.DAT
Municipales,2011,05,04201105_MUNI,093280,PSC-PM,PARTIT DELS SOCIALISTES DE CATALUNYA - PROGRÈS MUNICIPAL-,03041105.DAT
Municipales,2011,05,04201105_MUNI,093253,PSC-PM,PARTIT DELS SOCIALISTES DE CATALUNYA-PORGRÉS MUNICIPAL,03041105.DAT
Municipales,2011,05,04201105_MUNI,092375,ICV-EUiA-E,INICIATIVA PER CATALUNYA VERDS - ESQUERA UNIDA I ALTERNATIVA ENTESA,03041105.DAT
Municipales,2011,05,04201105_MUNI,003384,PG,PLATAFORMA GRANJEÑA,03041105.DAT
Municipales,2011,05,04201105_MUNI,093892,VPCA-FIC,VEÏNS PER CABRERA D'ANOIA-FEDERACIO D'INDEPENDENTS DE CATALUNYA,03041105.DAT
Municipales,2011,05,04201105_MUNI,003417,PVISCM,PLATAFORMA VECINAL INDEPENDIENTE DE SANTA CRUZ DE MUDELA,03041105.DAT
Municipales,2011,05,04201105_MUNI,092371,ICV - E,INICIATIVA PER CATALUNYA VERDS - ENTESA,03041105.DAT
Municipales,2011,05,04201105_MUNI,003397,PLoC,PLATAFORMA LOCAL CIUDADANA,03041105.DAT
Municipales,2011,05,04201105_MUNI,090085,AIMAR-FIC,AGRUPACIÓ INDEPENDENT DE L'AMETLLA DE MAR - FEDERACIÓ D'INDEPENDENTS DE CATALUNYA,03041105.DAT
Municipales,2011,05,04201105_MUNI,092595,JpFV-Esquerra-AM,JUNTS PER FONTCOBERTA I VILAVENUT -ESQUERRA REPUBLICANA DE CATALUNYA-ACORD MUNICIPAL,03041105.DAT
Municipales,2011,05,04201105_MUNI,093267,PSC- PM,PARTIT DELS SOCIALISTES DE CATALUNYA - PROGRÉS MUNICIPAL,03041105.DAT
Municipales,2011,05,04201105_MUNI,093385,I.A PLIC FIC,PLATAFORMA INDEPENDENT CAMBRILENCA - FEDERACIÓ D' INDEPENDENTS DE CATALUNYA,03041105.DAT
Municipales,2011,05,04201105_MUNI,003368,P.C.d.T.,PLATAFORMA CIUDADANA DE TOBARRA,03041105.DAT
Municipales,2011,05,04201105_MUNI,090089,AiR-PSC-PM,AGRUPACIO INDEPENDENT DE RIUDARENES-PARTIT DELS SOCIALISTES DE CATALUNYA-PROGRÉS MUNICIPAL,03041105.DAT
Municipales,2011,05,04201105_MUNI,093282,PSC-PM,PARTIT DELS SOCIALISTES DE CATALUNYA- PROGRÈS MUNICIPAL,03041105.DAT
Municipales,2011,05,04201105_MUNI,173376,PdG,PLATAFORMA DE GANDIA,03041105.DAT
Municipales,2011,05,04201105_MUNI,093288,PSC-PM,PARTIT DELS SOCIALISTES DE CATALUNYA - PROGRÉS MUNICIPAL-(PSC-PM),03041105.DAT
Municipales,2011,05,04201105_MUNI,093260,PSC-PM,PARTIT DELS SOCIALISTES DE CATALUNYA- PROGRES MUNICIPAL,03041105.DAT
Municipales,2011,05,04201105_MUNI,173383,amb Trellat,"PLATAFORMA DE VECINOS DE GILET ""AMB TRELLAT""",03041105.DAT
Municipales,2011,05,04201105_MUNI,091637,Esquerra - Som Vic - AM,ESQUERRA REPUBLICANA DE CATALUNYA-SOM VIC-ACORD MUNICIPAL,03041105.DAT
Municipales,2011,05,04201105_MUNI,000022,AxS - FIC,ACCIO PER SITGES - FEDERACIÓ D'INDEPENDENTS DE CATALUNYA,03041105.DAT
Municipales,2011,05,04201105_MUNI,083379,P.P.SO.,PLATAFORMA DEL PUEBLO SORIANO,03041105.DAT
Municipales,2011,05,04201105_MUNI,091575,Esquerra-AM,ESQUERRA REPUBLICANA DE CATALUNYA,03041105.DAT
Municipales,2011,05,04201105_MUNI,002768,NCi,NOVA CATALUNYA INDEPENDENT,03041105.DAT
Municipales,2011,05,04201105_MUNI,013956,PICPA-EP-And,PLATAFORMA INDEPENDIENTE COMPROMISO POR ALMONTE - ESPACIO PLURAL ANDALUZ,03041105.DAT
Municipales,2011,05,04201105_MUNI,092390,ICV-IdB-E,INICIATIVA PER CATALUNYA VERDS-INDEPENDENTS DE BANYOLES -ENTESA,03041105.DAT
Municipales,2011,05,04201105_MUNI,093255,PSC-PM,PARTIT DELS SOCIALISTES DE CATALUNYA-PROGÉS MUNICIPAL,03041105.DAT
Municipales,2011,05,04201105_MUNI,093275,PSC-Pm,PARTIT DELS SOCIALISTES DE CATALUNYA-PROGRÉS MUNICIPAL,03041105.DAT
Municipales,2011,05,04201105_MUNI,003412,PRCRM,PLATAFORMA REPUBLICANA-COALICION REPUBLICANA REGION DE MURCIA,03041105.DAT
Municipales,2011,05,04201105_MUNI,093273,PSC-PM,PARTIT DELS SOCIALISTES DE CATALUNYA- PROGRÉS MUNICIPAL,03041105.DAT
Municipales,2011,05,04201105_MUNI,090815,AR-FIC,ARA RIUDECANYES - FEDERACIÓ D'INDEPENDENTS DE CATALUNYA,03041105.DAT
Municipales,2011,05,04201105_MUNI,003363,PAU,PLATAFORMA ALTAFULLA UNIDA,03041105.DAT
Municipales,2011,05,04201105_MUNI,092388,ICV-EUIA-E,INICIATIVA PER CATALUNYA VERDS-ESQUERRA UNIDA I ALTERNATIVA-ENTESA,03041105.DAT
Municipales,2011,05,04201105_MUNI,103414,P.S.D.G.,PLATAFORMA SOCIALISTA DEMOCRATICA DE GARROVILLAS,03041105.DAT
Municipales,2011,05,04201105_MUNI,123378,PIC-COSLADA,PLATAFORMA DE LA IZQUIERDA DE COSLADA,03041105.DAT
Municipales,2011,05,04201105_MUNI,091622,ESQUERRA + INDEPENDENTS - AM,ESQUERRA REPUBLICANA DE CATALUNYA + INDEPENDENTS - ACORD MUNICIPAL,03041105.DAT
Municipales,2011,05,04201105_MUNI,091710,FP-PSC-PM,FIGARÓ PROGRÉS - PARTIT DELS SOCIALISTES DE CATALUNYA - PROGRÉS MUNICIPAL,03041105.DAT
Municipales,2011,05,04201105_MUNI,093285,PSC-PM,PARTIT DELS SOCIALISTES DE CATALUNYA-PROGRÈS MUNICIPAL-,03041105.DAT
Municipales,2011,05,04201105_MUNI,091598,ERC-AM,ESQUERRA REPUBLICANA DE CATALUNYA-ACORD MUNICIPAL,03041105.DAT
Municipales,2011,05,04201105_MUNI,123393,PIM- Villalbilla,PLATAFORMA INDEPENDIENTE MUNICIPAL DE VILLALBILLA,03041105.DAT
Municipales,2011,05,04201105_MUNI,090092,TPB - FIC,AGRUPACIO INDEPENDENT TOTS PER BREDA-FEDERACIO D'INDEPENDENTS DE CATALUNYA,03041105.DAT
Municipales,2011,05,04201105_MUNI,003373,PdBARX,PLATAFORMA DE BARX,03041105.DAT
Municipales,2011,05,04201105_MUNI,092377,ICV-EUA-E,INICIATIVA PER CATALUNYA VERDS-ESQUERA UNIDA I ALTERNATIVA-ENTESA,03041105.DAT
Municipales,2011,05,04201105_MUNI,091627,Esquerra - Reagrupament - AM,ESQUERRA REPUBLICANA DE CATALUNYA - REAGRUPAMENT - ACORD MUNICIPAL,03041105.DAT
Municipales,2011,05,04201105_MUNI,093287,PSC-PM,PARTIT DELS SOCIALISTES DE CATALUNYA - PROGRÉS MUNICIPAL (PSC-PM),03041105.DAT
Municipales,2011,05,04201105_MUNI,091635,ERC - Ri.Cat - Junts Decidim - AM,ESQUERRA REPUBLICANA DE CATALUNYA - REAGRUPAMENT - JUNTS DECIDIM - ACORD MUNICIPAL,03041105.DAT
Municipales,2011,05,04201105_MUNI,132887,EKA,PARTIDO CARLISTA,03041105.DAT
Municipales,2011,05,04201105_MUNI,003372,P.C.U.,PLATAFORMA CIVICA DE URBANIZACIONES DEL TERMINO DE CHIVA-ORGANIZACION INDEPENDIENTE,03041105.DAT
Municipales,2011,05,04201105_MUNI,091624,Esquerra - Junts per Pineda - AM,ESQUERRA REPUBLICANA DE CATALUNYA-JUNTS PER PINEDA-ACORD MUNICIPAL,03041105.DAT
Municipales,2011,05,04201105_MUNI,093291,PSC-PM-GIRiudebitlles,PARTIT DELS SOCIALISTES DE CATALUNYA - PROGRÉS MUNICPAL-GRUP INDEPENDENT RIUDEBITLLES,03041105.DAT
Municipales,2011,05,04201105_MUNI,093370,P.C.P.B.,PLATAFORMA CIUTADANA PER BARBERA,03041105.DAT
Municipales,2011,05,04201105_MUNI,092593,JpE -Esquerra- AM,JUNTS PER ESPONELLÀ -ESQUERRA REPUBLICANA DE CATALUNYA-ACORD MUNICIPAL,03041105.DAT
Municipales,2011,05,04201105_MUNI,091619,ESQUERRA-GENT DE CERVELLÓ-AM,ESQUERRA REPUBLICANA DE CATALUNYA-GENT DE CERVELLÓ-ACORD MUNICIPAL,03041105.DAT
Municipales,2011,05,04201105_MUNI,093249,PSC-PM,PARTIT DELS SOCIALICISTES DE CATALUNYA-PROGRÉS MUNICIPAL,03041105.DAT
Municipales,2011,05,04201105_MUNI,091593,ESQUERRA-AM,ESQUERRA REPUBLICANA DE CATALUNYA - ACORD MUNICIPAL,03041105.DAT
Municipales,2011,05,04201105_MUNI,002887,EKA,PARTIDO CARLISTA,03041105.DAT
Municipales,2011,05,04201105_MUNI,091613,ERC-AM,ESQUERRA REPUBLICANA DE CATALUNYA-ACORD PEL MASNOU-ACORD MUNICIPAL,03041105.DAT
Municipales,2011,05,04201105_MUNI,091594,Esquerra - AM,ESQUERRA REPUBLICANA DE CATALUNYA -ACORD MUNICIPAL,03041105.DAT
Municipales,2011,05,04201105_MUNI,003369,P.C.L.O.,PLATAFORMA CIUDADANA LASARTE-ORIA,03041105.DAT
Municipales,2011,05,04201105_MUNI,003401,PxC,PLATAFORMA PER CATALUNYA,03041105.DAT
Municipales,2011,05,04201105_MUNI,173406,C.M.COMPROMIS,PLATAFORMA PER VILAFRANCA: COALICIÓ MUNICIPAL COMPROMÍS,03041105.DAT
Municipales,2011,05,04201105_MUNI,091499,EPA-FIC,ENTESA PER ARBUCIES-FEDERACIO D'INDEPENDENTS DE CATALUNYA,03041105.DAT
Municipales,2011,05,04201105_MUNI,093856,UPS-FIC,UNITS PER SILS- FEDERACIO D'INDEPENDENTS DE CATALUNYA,03041105.DAT
Municipales,2011,05,04201105_MUNI,093283,PSC-PM,PARTIT DELS SOCIALISTES DE CATALUNYA-PROGRÈS MUNICIPAL,03041105.DAT
Municipales,2011,05,04201105_MUNI,171009,C.M. COMPROMÍS,BLOC-VERDS-PLATAFORMA PER L'HOSPITAL: COALICIÓ MUNICIPAL COMPROMÍS,03041105.DAT
Municipales,2011,05,04201105_MUNI,173372,P.C.U.,PLATAFORMA CIVICA DE URBANIZACIONES DEL TERMINO DE CHIVA-ORGANIZACION INDEPENDIENTE,03041105.DAT
Municipales,2011,05,04201105_MUNI,092075,IPF-FIC,INDEPENDENTS PER FALSET - FEDERACIÓ D'INDEPENDENTS DE CATALUNYA,03041105.DAT
Municipales,2011,05,04201105_MUNI,093671,UMdC,UNIO MUNICIPAL DE CATALUNYA,03041105.DAT
Municipales,2011,05,04201105_MUNI,093297,PSC-PM,PARTIT DELS SOCIALISTES DE CATALUNYA(PSC-PSOE)-PROGRÉS MUNICIPAL,03041105.DAT
Municipales,2011,05,04201105_MUNI,033416,P.V.F.,PLATAFORMA VECINAL DE LA FRESNEDA,03041105.DAT
Municipales,2011,05,04201105_MUNI,093279,PSC-PM,PARTIT DELS SOCIALISTES DE CATALUNYA - PROGRÈS MUNICIPAL,03041105.DAT
Municipales,2011,05,04201105_MUNI,093254,PSC-PM,PARTIT DELS SOCIALISTES DE CATALUNYA-PROGES MUNICIPAL,03041105.DAT
Municipales,2011,05,04201105_MUNI,091602,Esquerra - AM,ESQUERRA REPUBLICANA DE CATALUNYA-ACORD MUNICIPAL,03041105.DAT
Municipales,2011,05,04201105_MUNI,093840,UC - ERC - AM,UNITS PER CABRERA-ESQUERRA REPUBLICANA DE CATALUNYA-ACORD MUNICIPAL,03041105.DAT
Municipales,2011,05,04201105_MUNI,171662,EUPV-PUG,ESQUERRA UNIDA DEL PAIS VALENCIÀ-PLATAFORMA DE URBANIZACIONES DE GODELLETA,03041105.DAT
Municipales,2011,05,04201105_MUNI,013365,PLCV,PLATAFORMA CIUDADANA DE VILLACARRILLO,03041105.DAT
Municipales,2011,05,04201105_MUNI,093405,PVA,PLATAFORMA PER VILADECAVALLS ACTIU,03041105.DAT
Municipales,2011,05,04201105_MUNI,091621,Esquerra - GIR - AM,Esquerra Republicana de Catalunya - Grup Independents de Riells - Acord Municipal,03041105.DAT
Municipales,2011,05,04201105_MUNI,091639,ESQUERRA -UM - AM,ESQUERRA REPUBLICANA DE CATALUNYA - UNITS PER MATADEPERA -ACORD MUNICIPAL,03041105.DAT
Municipales,2011,05,04201105_MUNI,091587,Esquerra-AM,ESQUERRA REPUBLICANA DE CATALUNYA-Acord Municipal,03041105.DAT
Municipales,2011,05,04201105_MUNI,092108,iBB-FIC,INDEPENDENTS PER LES BORGES BLANQUES - FEDERACIO D'INDEPENDENTS DE CATALUNYA,03041105.DAT
Municipales,2011,05,04201105_MUNI,093826,UPSF-Esquerra-Reagrupament-Ind-AM,UNITAT PER SANT FELIU DE CODINES-ESQUERRA REPUBLICANA DE CATALUNYA- REAGRUPAMENT INDEPENDENTISTA-INDEPEN-ACORD MUNICIPAL,03041105.DAT
Municipales,2011,05,04201105_MUNI,091625,Esquerra+Ri.Cat-AM,Esquerra Republicana de Catalunya+ Reagrupament-Acord Municipal,03041105.DAT
Municipales,2011,05,04201105_MUNI,093266,PSC -PM,PARTIT DELS SOCIALISTES DE CATALUNYA - PROGRÉS MUNICIPAL,03041105.DAT
Municipales,2011,05,04201105_MUNI,093518,SxSPC,SALOU X SALOU PLATAFORMA CIUTADANA,03041105.DAT
Municipales,2011,05,04201105_MUNI,090749,AxQ - Esquerra - AM,Alternativa per Quart - Esquerra Republicana de Catalunya - Acord Municipal,03041105.DAT
Municipales,2011,05,04201105_MUNI,093387,Gent Per Salt,PLATAFORMA INDEPENDENT GENT PER SALT,03041105.DAT
Municipales,2011,05,04201105_MUNI,093300,PSC-PM,PARTIT DELS SOCIALISTES DE CATALUNYA (PSC-PSOE)-PROGRÉS MUNICIPAL(PSC-PM),03041105.DAT
Municipales,2011,05,04201105_MUNI,093403,PxC,PLATAFORMA PER CATALUNYA (PxC),03041105.DAT
Municipales,2011,05,04201105_MUNI,090860,AISA-FIC,ASSOCIACIÓ INDEPENDENTS SERRA D'ALMOS - FEDERACIO D'INDEPENDENTS DE CATALUNYA,03041105.DAT
Municipales,2011,05,04201105_MUNI,053413,PREO,PLATAFORMA REVOLUCIONARIA DE LA OLIVA,03041105.DAT
Municipales,2011,05,04201105_MUNI,091611,ERC-AM,ESQUERRA REPUBLICANA DE CATALUNYA-ACORD MUNICIPAL,03041105.DAT
Municipales,2011,05,04201105_MUNI,093361,PIRATA.CAT,PIRATES DE CATALUNYA,03041105.DAT
Municipales,2011,05,04201105_MUNI,173375,PdBenirredrá,PLATAFORMA DE BENIRREDRÀ,03041105.DAT
Municipales,2011,05,04201105_MUNI,091776,GPC-F.I.C.,GENT PEL CANVI- FEDERACIO D'INDEPENDENTS DE CATALUNYA(FIC),03041105.DAT
Municipales,2011,05,04201105_MUNI,093399,MO -PM,PLATAFORMA MATADEPERA OBERTA - PROGRÉS MUNCIPAL,03041105.DAT
Municipales,2011,05,04201105_MUNI,093246,PUCAT,PARTIT DE LES URBANITZACIONS DE CATALUNYA,03041105.DAT
Municipales,2011,05,04201105_MUNI,093276,PSC-PM,PARTIT DELS SOCIALISTES DE CATALUNYA-PROGRÉS MUNICIPAL,03041105.DAT
Municipales,2011,05,04201105_MUNI,093269,PSC-PM,PARTIT DELS SOCIALISTES DE CATALUNYA -PROGRÉS MUNICIPAL,03041105.DAT
Municipales,2011,05,04201105_MUNI,093242,PASalou - PxC,PARTIT AVANÇA SALOU - PLATAFORMA PER CATALUNYA,03041105.DAT
Municipales,2011,05,04201105_MUNI,092383,ICV-EUiA-E,INICIATIVA PER CATALUNYA VERDS-ESQUERRA UNIDA i ALTERNATIVA-ENTESA,03041105.DAT
Municipales,2011,05,04201105_MUNI,092378,ICV-EUiA-E,INICIATIVA PER CATALUNYA VERDS-ESQUERRA UNIDA I ALTERNATIVA-INTESA,03041105.DAT
Municipales,2011,05,04201105_MUNI,091321,CPC-FIC,COLOMENCS PEL CANVI-FEDERACIO D'INDEPENDENTS DE CATALUNYA,03041105.DAT
Municipales,2011,05,04201105_MUNI,093295,PSC-PM,PARTIT DELS SOCIALISTES DE CATALUNYA (PSC-PSOE) -PROGRÉS MUNICIPAL,03041105.DAT
Municipales,2011,05,04201105_MUNI,093389,PICaldes,PLATAFORMA INDEPENDENT PER CALDES,03041105.DAT
Municipales,2011,05,04201105_MUNI,123382,PLATAFORMA,PLATAFORMA DE VECINOS DE GALAPAGAR,03041105.DAT
Municipales,2011,05,04201105_MUNI,123380,(PDM),PLATAFORMA DEMOCRATICA MUNICIPAL,03041105.DAT
Municipales,2011,05,04201105_MUNI,093262,PSC-PSM,PARTIT DELS SOCIALISTES DE CATALUNYA-PROGRES MUNICIPAL,03041105.DAT
Municipales,2011,05,04201105_MUNI,091614,Esquerra-AM,ESQUERRA REPUBLICANA DE CATALUNYA-ACROD MUNICIPAL,03041105.DAT
Municipales,2011,05,04201105_MUNI,093290,PSC-PM,PARTIT DELS SOCIALISTES DE CATALUNYA-PROGRÉS MUNICIPAL,03041105.DAT
Municipales,2011,05,04201105_MUNI,093327,PxCat,Partit per Catalunya,03041105.DAT
Municipales,2011,05,04201105_MUNI,091555,EA - Esquerra - AM,ESQUERRA D'AMPOSTA - ESQUERRA REPUBLICANA DE CATALUNYA - ACORD MUNICIPAL,03041105.DAT
Municipales,2011,05,04201105_MUNI,003379,P.P.SO.,PLATAFORMA DEL PUEBLO SORIANO,03041105.DAT
Municipales,2011,05,04201105_MUNI,000648,AHP,ALDATUZ HERRI PLATAFORMA,03041105.DAT
Municipales,2011,05,04201105_MUNI,091608,ESQUERRA-AM,ESQUERRA REPUBLICANA DE CATALUNYA-ACORD MUNICIPAL,03041105.DAT
Municipales,2011,05,04201105_MUNI,153412,PRCRM,PLATAFORMA REPUBLICANA-COALICION REPUBLICANA REGION DE MURCIA,03041105.DAT
Municipales,2011,05,04201105_MUNI,093401,PxC,PLATAFORMA PER CATALUNYA,03041105.DAT
Municipales,2011,05,04201105_MUNI,093603,TpLL-Esquerra-AM,TOTS PER LLAMBILLES-ESQUERRA REPUBLICANA DE CATALUNYA-ACORD MUNICIPAL,03041105.DAT
Municipales,2011,05,04201105_MUNI,001704,FIC,FEDERACIO D'INDEPENDENTS DE CATALUNYA,03041105.DAT
Municipales,2011,05,04201105_MUNI,093352,F.I.C.,PROU PEDRERES-FEDERACIÓ D'INDEPENDENTS DE CATALUNYA,03041105.DAT
Municipales,2011,05,04201105_MUNI,003367,PPCP,PLATAFORMA CIUDADANA DE PIOZ,03041105.DAT
Municipales,2011,05,04201105_MUNI,091584,Esquerra-AM,Esquerra Republicana de Catalunya-Acord Municipal,03041105.DAT
Municipales,2011,05,04201105_MUNI,091514,EPSJ-ICV-E,ENTESA PER PALAMOS I SANT JOAN- INICIATIVA PER CATALUNYA VERDS- ENTESA,03041105.DAT
Municipales,2011,05,04201105_MUNI,093244,PCPC,PARTIT COMUNISTA DEL POBLE DE CATALUNYA,03041105.DAT
Municipales,2011,05,04201105_MUNI,091582,Esquerra - AM,Esquerra Republicana de Catalunya . Acord Municipal,03041105.DAT
Municipales,2011,05,04201105_MUNI,093816,UA-PM-PSC,UNITAT D'ARAN PROGRÉS MUNICIPAL-PARTIT DELS SOCIALISTES DE CATALUNYA,03041105.DAT
Municipales,2011,05,04201105_MUNI,092370,ICV-E,INICIATIVA PER CATALUNYA VERDS-ENTESA,03041105.DAT
Municipales,2011,05,04201105_MUNI,091585,ESQUERRA - AM,Esquerra Republicana de Catalunya-Acord Municipal,03041105.DAT
Municipales,2011,05,04201105_MUNI,013366,PCB,PLATAFORMA CIUDADANA DE BELALCAZAR,03041105.DAT
Municipales,2011,05,04201105_MUNI,092374,ICV-EUiA-E,INICIATIVA PER CATALUNYA VERDS - ESQUERRA UNIDA I ALTERNATIVA - ENTESA,03041105.DAT
Municipales,2011,05,04201105_MUNI,092004,IPC-ICV-E,INDEPENDENTS PEL PROGRÉS DE COLOMERS - INICIATIVA PER CATALUNYA VERDS-ENTESA (IPC-ICV-E),03041105.DAT
Municipales,2011,05,04201105_MUNI,003405,PVA,PLATAFORMA PER VILADECAVALLS ACTIU,03041105.DAT
Municipales,2011,05,04201105_MUNI,091813,GOOB-FIC,GRUP D'OPINIÓ D'OLESA DE BONESVALLS - FEDERACIO D'INDEPENDENTS DE CATALUNYA,03041105.DAT
Municipales,2011,05,04201105_MUNI,091829,GIT - FIC,GRUP INDEPENDENT PER TORREDEMBARRA- FEDERACIO D'INDEPENDENTS DE CATALUNYA,03041105.DAT
Municipales,2011,05,04201105_MUNI,091589,ERC-AM,ESQUERRA REPUBLICANA DE CATALUNYA - ACORD MUNICIPAL,03041105.DAT
Municipales,2011,05,04201105_MUNI,173396,PLF,PLATAFORMA LA FONT,03041105.DAT
Municipales,2011,05,04201105_MUNI,091579,ESQUERRA - AM,Esquerra Republicana de Catalunya - Acord Municipal,03041105.DAT
Municipales,2011,05,04201105_MUNI,093813,UA-PM-PSC,UNITAT D'ARAN-PROGRÉS MUNICIPAL-PARTIT DELS SOCIALISTES DE CATALUNYA,03041105.DAT
Municipales,2011,05,04201105_MUNI,143392,PIGH,PLATAFORMA INDEPENDIENTE GURE HERRIA,03041105.DAT
Municipales,2011,05,04201105_MUNI,093349,PSC-PM,PARTIT SOCIALISTES DE CATALUNYA PROGRÉS MUNICIPAL,03041105.DAT
Municipales,2011,05,04201105_MUNI,090094,AMPEP-F.I.C.,AGRUPACIÓ MUNICIPAL DE PERAFORT I PUIGDELFÍ-AMPEP-FEDERACIO D'INDEPENDENTS DE CATALUNYA,03041105.DAT
Municipales,2011,05,04201105_MUNI,091615,ESQUERRA-CxC-AM,ESQUERRA REPUBLICANA DE CATALUNYA-CONSENS PER CABRILS-ACORD MUNICIPAL,03041105.DAT
Municipales,2011,05,04201105_MUNI,093388,P.I.M.P.C,PLATAFORMA INDEPENDENT MES PER CANET,03041105.DAT
Municipales,2011,05,04201105_MUNI,091595,E.R.C.-A. M.,ESQUERRA REPUBLICANA DE CATALUNYA-ACORD MUNICIPAL,03041105.DAT
Municipales,2011,05,04201105_MUNI,093418,PxC,PLATAFORMA x CATALUNYA,03041105.DAT
Municipales,2011,05,04201105_MUNI,091486,EC-Esquerra-AM,ENDEVANT CASTELLVELL - ESQUERRA REPUBLICANA DE CATALUNYA-ACORD MUNICIPAL,03041105.DAT
Municipales,2011,05,04201105_MUNI,093812,UA-PM-PSC,UNITAT D'ARAN-PROGRES MUNICIPAL-PARTIT DELS SOCIALISTES DE CATALUNYA,03041105.DAT
Municipales,2011,05,04201105_MUNI,093293,PSC- PM,PARTIT DELS SOCIALISTES DE CATALUNYA (PSC-PSOE) - PROGRÉS MUNICIPAL,03041105.DAT
Municipales,2011,05,04201105_MUNI,001593,ESQUERRA-AM,ESQUERRA REPUBLICANA DE CATALUNYA - ACORD MUNICIPAL,03041105.DAT
Municipales,2011,05,04201105_MUNI,091789,GxStF+ Esquerra - AM,Gent per Sant Feliu + Esquerra Republicana de Catalunya - Acord Municipal,03041105.DAT
Municipales,2011,05,04201105_MUNI,003370,P.C.P.B.,PLATAFORMA CIUTADANA PER BARBERA,03041105.DAT
Municipales,2011,05,04201105_MUNI,093256,PSC-PM,PARTIT DELS SOCIALISTES DE CATALUNYA PROGRES MUNICIAPAL,03041105.DAT
Municipales,2011,05,04201105_MUNI,003361,PIRATA.CAT,PIRATES DE CATALUNYA,03041105.DAT
Municipales,2011,05,04201105_MUNI,093268,PSC-PSOE,PARTIT DELS SOCIALISTES DE CATALUNYA - PROGRÉS MUNICIPAL,03041105.DAT
Municipales,2011,05,04201105_MUNI,003396,PLF,PLATAFORMA LA FONT,03041105.DAT
Municipales,2011,05,04201105_MUNI,093815,UA-PM-PSC,UNITAT D'ARAN -PROGRÉS MUNICIPAL-PARTIT DELS SOCIALISTES DE CATALUNYA,03041105.DAT
Municipales,2011,05,04201105_MUNI,142888,EKA,PARTIDO CARLISTA DE EUSKALHERRIA EUSKALHERRIKO KARLISTA ALDERDIA,03041105.DAT
Municipales,2011,05,04201105_MUNI,193400,PMV,PLATAFORMA MELILLA VERDE,03041105.DAT
Municipales,2011,05,04201105_MUNI,092129,F.I.C.,INDEPENDENTS PER MONTBLANC(IPM)-FEDERACIÓ D'INDEPENDENTS DE CATALUNYA,03041105.DAT
Municipales,2011,05,04201105_MUNI,092384,ICV-EUiA-E,INICIATIVA PER CATALUNYA VERDS - ESQUERRA UNIDA I ALTERNATIVA - ENTESA,03041105.DAT
Municipales,2011,05,04201105_MUNI,003376,PdG,PLATAFORMA DE GANDIA,03041105.DAT
Municipales,2011,05,04201105_MUNI,093501,Ri.cat -ESQUERRA-AM,REAGRUPAMENT - ESQUERRA REPUBLICANA DE CATALUNYA-ACORD MUNICIPAL,03041105.DAT
Municipales,2011,05,04201105_MUNI,091580,Esquerra - AM,Esquerra Republicana de Catalunya - Acord Municipal,03041105.DAT
Municipales,2011,05,04201105_MUNI,003371,PCCA,PLATAFORMA CIVICA CIUTADANS A L' AJUNTAMENT,03041105.DAT
Municipales,2011,05,04201105_MUNI,102548,IU -P.M.M.,IZQUIERDA UNIDA VERDES PLATAFORMA MUNICIPAL MANCHITA,03041105.DAT
Municipales,2011,05,04201105_MUNI,091778,GperA-PSC-PM,GENT PER AIGUAFREDA - PARTIT DELS SOCIALISTES DE CATALUNYA - PROGRÉS MUNICIPAL,03041105.DAT
Municipales,2011,05,04201105_MUNI,003390,P.I,PLATAFORMA INDEPENDIENTE,03041105.DAT
Municipales,2011,05,04201105_MUNI,003374,PdBj,PLATAFORMA DE BENIARJO,03041105.DAT
Municipales,2011,05,04201105_MUNI,003414,P.S.D.G.,PLATAFORMA SOCIALISTA DEMOCRATICA DE GARROVILLAS,03041105.DAT
Municipales,2011,05,04201105_MUNI,091591,ESQUERRA - AM,ESQUERRA REPUBLICANA DE CATALUNYA - ACORD MUNICIPAL,03041105.DAT
Municipales,2011,05,04201105_MUNI,003377,PIU,PLATAFORMA DE INDEPENDIENTES UNIDOS,03041105.DAT
Municipales,2011,05,04201105_MUNI,092381,ICV-EUiA-E,INICIATIVA PER CATALUNYA VERDS - ESQUERRA UNIDA i ALTERNATIVA - ENTESA,03041105.DAT
Municipales,2011,05,04201105_MUNI,091607,ESQUERRA -AM,ESQUERRA REPUBLICANA DE CATALUNYA-ACORD MUNICIPAL,03041105.DAT
Municipales,2011,05,04201105_MUNI,091605,Esquerra-AM,ESQUERRA REPUBLICANA DE CATALUNYA-ACORD MUNICIPAL,03041105.DAT
Municipales,2011,05,04201105_MUNI,051373,CONARUC,CON ARUCAS PLATAFORMA CIUDADANA CONARUC,03041105.DAT
Municipales,2011,05,04201105_MUNI,091632,Esquerra-RI.Cat-GpE-AM,ESQUERRA REPUBLICANA DE CATALUNYA+REAGRUPAMENT+GENT D'ESPLUGUES-ACORD MUNICIPAL,03041105.DAT
Municipales,2011,05,04201105_MUNI,093664,FIC,UNIO INDEPENDENTS CONCA DE BARBERA - FEDERACIÓ D'INDEPENDENTS DE CATALUNYA,03041105.DAT
Municipales,2011,05,04201105_MUNI,091947,IA FIC,INDEPENDENTS D' ASCO - FEDERACIÓ D' INDEPENDENTS DE CATALUNYA,03041105.DAT
Municipales,2011,05,04201105_MUNI,091576,Esquerra-Accent-Ri.Cat-AM,Esquerra Republicana de Catalunya-Accent-Reagrupament Independentista-Acord Municipal,03041105.DAT
Municipales,2011,05,04201105_MUNI,123381,PNB,PLATAFORMA DE NUEVO BAZTAN,03041105.DAT
Municipales,2011,05,04201105_MUNI,090075,AIPN-PSC-PM,AGRUPACIÓ D'INDEPENDENTS PROGRESSISTES I NACIONALISTES-PARTIT DELS SOCIALISTES DE CATALUNYA-PROGRÉS MUNICIPAL,03041105.DAT
Municipales,2011,05,04201105_MUNI,003389,PICaldes,PLATAFORMA INDEPENDENT PER CALDES,03041105.DAT
Municipales,2011,05,04201105_MUNI,093404,PxC,PLATAFORMA PER CATALUNYA (PXC),03041105.DAT
Municipales,2011,05,04201105_MUNI,093916,VST - Esquerra - AM,Vidreres Som Tots - Esquerra Republicana de Catalunya - Acord Municipal,03041105.DAT
Municipales,2011,05,04201105_MUNI,093270,PSC-PSOE,PARTIT DELS SOCIALISTES DE CATALUNYA -PROGRÉS MUNICIPAL,03041105.DAT
Municipales,2011,05,04201105_MUNI,092376,ICV-EUIA-E,INICIATIVA PER CATALUNYA VERDS-ESQUERA UNIDA I ALTERNATIVA ENTESA,03041105.DAT
Municipales,2011,05,04201105_MUNI,093811,UA-PM-PSC,UNITAT D'ARAN-PROGRÉS MUNICIPAL-PARTIT DEL SOCIALISTES DE CATALUNYA,03041105.DAT
Municipales,2011,05,04201105_MUNI,003279,PSC-PM,PARTIT DELS SOCIALISTES DE CATALUNYA - PROGRÈS MUNICIPAL,03041105.DAT
Municipales,2011,05,04201105_MUNI,091633,ERC-Ri.Cat-AM,ESQUERRA REPUBLICANA DE CATALUNYA - REAGRUPAMENT INDEPENDENTISTA- ACORD MUNICIPAL,03041105.DAT
Municipales,2011,05,04201105_MUNI,093299,PSC-PM,PARTIT DELS SOCIALISTES DE CATALUNYA (PSC-PSOE) -PROGRÉS MUNICIPAL (PM),03041105.DAT
Municipales,2011,05,04201105_MUNI,091040,+C-Esquerra-AM,+CAMPRODON -ESQUERRA REPUBLICANA DE CATALUNYA -ACORD MUNICIPAL,03041105.DAT
Municipales,2011,05,04201105_MUNI,093286,PM,PARTIT DELS SOCIALISTES DE CATALUNYA - PROGRÉS MUNICIPAL INDEPENDENTS DE SANT JULIÀ DE VILATORTA,03041105.DAT
Municipales,2011,05,04201105_MUNI,093859,UV-Esquerra--AM,UNITS PER VILAPLANA-ESQUERRA REPUBLICANA DE CATALUNYA-ACORD MUNICIPAL,03041105.DAT
Municipales,2011,05,04201105_MUNI,091599,ERC / ESQUERRA,ESQUERRA REPUBLICANA DE CATALUNYA-ACORD MUNICIPAL,03041105.DAT
Municipales,2011,05,04201105_MUNI,091631,Esquerra+Ri.Cat-AM,ESQUERRA REPUBLICANA DE CATALUNYA+REAGRUPAMENT-ACORD MUNICIPAL,03041105.DAT
Municipales,2011,05,04201105_MUNI,091630,ESQUERRA -RI.CAT -AM,ESQUERRA REPUBLICANA DE CATALUNYA -REAGRUPAMENT- ACORD MUNICIPAL,03041105.DAT
Municipales,2011,05,04201105_MUNI,091493,EESC-ICV-E,ENTESA D'ESQUERRES PER SANT CEBRIÀ-INICIATIVA PER CATALUNYA VERDS-ENTESA,03041105.DAT
Municipales,2011,05,04201105_MUNI,093665,FIC,UNIO INDEPENDENTS CONCA DE BARBERÁ (UNIC) FEDERACIÓ D'INDEPENDENTS DE CATALUNYA,03041105.DAT
Municipales,2011,05,04201105_MUNI,003365,PLCV,PLATAFORMA CIUDADANA DE VILLACARRILLO,03041105.DAT
Municipales,2011,05,04201105_MUNI,090701,AISF-FIC,ALTERNATIVA INDEPENDENT PER SANTA FE AISF- FEDERACIO D'INDEPENDENTS DE CATALUNYA (FIC),03041105.DAT
Municipales,2011,05,04201105_MUNI,091583,Esquerra - AM,Esquerra Republicana de Catalunya-Acord Municipal,03041105.DAT
Municipales,2011,05,04201105_MUNI,091704,FIC,FEDERACIO D'INDEPENDENTS DE CATALUNYA,03041105.DAT
Municipales,2011,05,04201105_MUNI,091604,Esquerra- AM,ESQUERRA REPUBLICANA DE CATALUNYA-ACORD MUNICIPAL,03041105.DAT
Municipales,2011,05,04201105_MUNI,073417,PVISCM,PLATAFORMA VECINAL INDEPENDIENTE DE SANTA CRUZ DE MUDELA,03041105.DAT
Municipales,2011,05,04201105_MUNI,091941,IPM-FIC,INDEPENDENT PER MURA (IPM)-FEDERACIÓ D' INDEPENDENTS DE CATALUNYA (FIC),03041105.DAT
Municipales,2011,05,04201105_MUNI,092707,MxV-Esquerra-AM,MÉS PER VALLROMANES-ESQUERRA REPUBLICANA DE CATALUNYA-ACORD MUNICIPAL,03041105.DAT
Municipales,2011,05,04201105_MUNI,003400,PMV,PLATAFORMA MELILLA VERDE,03041105.DAT
Municipales,2011,05,04201105_MUNI,091628,ESQUERRA -RI.CAT -AM,ESQUERRA REPUBLICANA DE CATALUNYA - REAGRUPAMENT - ACORD MUNICIPAL,03041105.DAT
Municipales,2011,05,04201105_MUNI,093277,PSC-PSM,PARTIT DELS SOCIALISTES DE CATALUNYA-PROGRÉS MUNICIPAL,03041105.DAT
Municipales,2011,05,04201105_MUNI,093251,PM,PARTIT DELS SOCIALISTES DE CATALUNYA (PSC-PSOE)-PROGRÉS MUNICIPAL,03041105.DAT
Municipales,2011,05,04201105_MUNI,091603,Esquerra -AM,ESQUERRA REPUBLICANA DE CATALUNYA-ACORD MUNICIPAL,03041105.DAT
Municipales,2011,05,04201105_MUNI,091986,PSC-PM,INDEPENDENTS DE SILS-PARTIT DELS SOCIALISTES DE CATALUNYA-PROGRES MUNICIPAL,03041105.DAT
Municipales,2011,05,04201105_MUNI,091577,Esquerra-AIND-AM,ESQUERRA REPUBLICANA DE CATALUNYA-ACORD INDEPENDENTISTA-ACORD MUNICIPAL,03041105.DAT
Municipales,2011,05,04201105_MUNI,091592,ESQUERRA -AM,ESQUERRA REPUBLICANA DE CATALUNYA - ACORD MUNICIPAL,03041105.DAT
Municipales,2011,05,04201105_MUNI,083390,P.I,PLATAFORMA INDEPENDIENTE,03041105.DAT
Municipales,2011,05,04201105_MUNI,091626,Esquerra+Ri.Cat - AM,ESQUERRA REPUBLICANA DE CATALUNYA + REAGRUPAMENT - ACORD MUNICIPAL,03041105.DAT
Municipales,2011,05,04201105_MUNI,093257,PSC-PM,PARTIT DELS SOCIALISTES DE CATALUNYA - PROGRES MUNICIPAL,03041105.DAT
Municipales,2011,05,04201105_MUNI,092136,IpO-Esquerra-AM,Independents per Ogassa - Esquerra Republicana de Catalunya - Acord Municipal,03041105.DAT
Municipales,2011,05,04201105_MUNI,092026,IPR-PM,INDEPENDENTS PER AL PROGRÉS DE RODA-PROGRÉS MUNICIPAL-PARTIT DELS SOCIALISTES DE CATALUNYA,03041105.DAT
Municipales,2011,05,04201105_MUNI,092373,ICV-E,INICIATIVA PER CATALUNYA VERDS - ENTESA (ICV-E),03041105.DAT
Municipales,2011,05,04201105_MUNI,173373,PdBARX,PLATAFORMA DE BARX,03041105.DAT
Municipales,2011,05,04201105_MUNI,013391,PIMOG,PLATAFORMA INDEPENDIENTE DE LOS MONTES ORIENTALES DE GRANADA,03041105.DAT
Municipales,2011,05,04201105_MUNI,003671,UMdC,UNIO MUNICIPAL DE CATALUNYA,03041105.DAT
Municipales,2011,05,04201105_MUNI,091616,ESQUERRA-ELS VERDS-AM,ESQUERRA REPUBLICANA DE CATALUNYA - ELS VERDS - ACORD MUNICIPAL,03041105.DAT
Municipales,2011,05,04201105_MUNI,003366,PCB,PLATAFORMA CIUDADANA DE BELALCAZAR,03041105.DAT
Municipales,2011,05,04201105_MUNI,090035,SAV-Esquerra-Reagrupament-AM,ACORD MUNICIPAL PER SANT ANTONI DE VILAMAJOR-ESQUERRA REPUBLICANA DE CATALUNYA-REAGRUPAMENT-ACORD MUNICIPAL.,03041105.DAT
Municipales,2011,05,04201105_MUNI,091586,Esquerra - AM,Esquerra Republicana DE Catalunya-Acord Municipal,03041105.DAT
Municipales,2011,05,04201105_MUNI,091760,GdeP-Esquerra-AM,GENT DE PALAU INDEPENDENT-ESQUERRA REPUBLICANA DE CATALUNYA-ACORD MUNICIPAL,03041105.DAT
Municipales,2011,05,04201105_MUNI,091634,Esquerra-Reagrupament-AM,ESQUERRA REPUBLICANA DE CATALUNYA- REAGRUPAMENT INDEPENDENTISTA-ACORD MUNICIPAL,03041105.DAT
Municipales,2011,05,04201105_MUNI,093410,PSC-PM,PLATAFORMA PROGRESSISTA DE BANYOLES - PARTIT DELS SOCIALISTES DE CATALUNYA-PROGRÉS MUNICIPAL,03041105.DAT
Municipales,2011,05,04201105_MUNI,093402,PXC,PLATAFORMA PER CATALUNYA,03041105.DAT
Municipales,2011,05,04201105_MUNI,091606,ESQUERRA - AM,ESQUERRA REPUBLICANA DE CATALUNYA-ACORD MUNICIPAL,03041105.DAT
Municipales,2011,05,04201105_MUNI,093479,PSC-PM,PROGRÉS PER MÓRA - PARTIT DELS SOCIALISTES DE CATALUNYA - PROGRÉS MUNICIPAL,03041105.DAT
Municipales,2011,05,04201105_MUNI,092386,ICV-EUA-E,INICIATIVA PER CATALUNYA VERDS-ESQUERRA UNIDA I ALTERNATIVA-ENTESA,03041105.DAT
Municipales,2011,05,04201105_MUNI,003391,PIMOG,PLATAFORMA INDEPENDIENTE DE LOS MONTES ORIENTALES DE GRANADA,03041105.DAT
Municipales,2011,05,04201105_MUNI,143369,P.C.L.O.,PLATAFORMA CIUDADANA LASARTE-ORIA,03041105.DAT
Municipales,2011,05,04201105_MUNI,003392,PIGH,PLATAFORMA INDEPENDIENTE GURE HERRIA,03041105.DAT
Municipales,2011,05,04201105_MUNI,003380,(PDM),PLATAFORMA DEMOCRATICA MUNICIPAL,03041105.DAT
Municipales,2011,05,04201105_MUNI,091967,IP -FIC,INDEPENDENTS DELS PALLARESOS (IP)-FEDERACIO D'INDEPENDENTS DE CATALUNYA (FIC),03041105.DAT
Municipales,2011,05,04201105_MUNI,092391,ICV-LA SEU-E,INICIATIVA PER CATALUNYA VERDS-LA SEU D'URGELL-ENTESA,03041105.DAT
Municipales,2011,05,04201105_MUNI,091623,Esquerra-Independents-AM,ESQUERRA REPUBLICANA DE CATALUNYA-INDEPENDENTS-ACORD MUNICIPAL,03041105.DAT
Municipales,2011,05,04201105_MUNI,092768,NCi,NOVA CATALUNYA INDEPENDENT,03041105.DAT
Municipales,2011,05,04201105_MUNI,003623,UASC,UN ALTRE SANT CUGAT -PLATAFORMA CIUTADANA PER A SANT CUGAT,03041105.DAT
Municipales,2011,05,04201105_MUNI,093958,P.P.CAT.,PARTIT POPULAR DE CATALUNYA,03041105.DAT
Municipales,2011,05,04201105_MUNI,093837,UPA-FIC,UNITS PER AVINYONET (U.P.A) - FEDERACIO D'INDEPENDENTS DE CATALUNYA (FIC),03041105.DAT
Municipales,2011,05,04201105_MUNI,092387,ICV-EUiA-E,INICIATIVA PER CATALUNYA VERDS-ESQUERRA UNIDA I ALTERNATIVA-ENTESA,03041105.DAT
Municipales,2011,05,04201105_MUNI,093333,PP,Partit Popular de Catalunya/Partido Popular de Catalunya,03041105.DAT
Municipales,2011,05,04201105_MUNI,092379,ICV-EUIA-E,INICIATIVA PER CATALUNYA VERDS-ESQUERRA UNIDA I ALTERNATIVA-ENTESA,03041105.DAT
Municipales,2011,05,04201105_MUNI,173409,PLATAFORMA,PLATAFORMA POR SAN ANTONIO DE BENAGÉBER,03041105.DAT
Municipales,2011,05,04201105_MUNI,092382,ICV-EUiA-E,INICIATIVA PER CATALUNYA VERDS-ESQUERRA UNIDA i ALTERNATIVA ENTESA,03041105.DAT
Municipales,2011,05,04201105_MUNI,093608,TSC-FIC,TOTS SOM CASERES - FEDERACIÓ D'INDEPENDENTS DE CATALUNYA,03041105.DAT
Municipales,2011,05,04201105_MUNI,093294,PSC-PM,PARTIT DELS SOCIALISTES DE CATALUNYA (PSC-PSOE) - PROGRÉS MUNICIPAL,03041105.DAT
Municipales,2011,05,04201105_MUNI,093822,UpB-ERC-Ri.Cat-DCat-AM,Unitat per Barcelona-ESQUERRA REPUBLICANA DE CATALUNYA-REAGRUPAMENT-DEMOCRACIA CATALANA-Acord Municipal,03041105.DAT
Municipales,2011,05,04201105_MUNI,002387,ICV-EUiA-E,INICIATIVA PER CATALUNYA VERDS-ESQUERRA UNIDA I ALTERNATIVA-ENTESA,03041105.DAT
Municipales,2011,05,04201105_MUNI,093248,PM,PARTIT DEL SOCIALISTES DE CATALUNYA-PROGRÉS MUNICIPAL,03041105.DAT
Municipales,2011,05,04201105_MUNI,003407,PLDA-AMF,PLATAFORMA POPULAR EN DEFENSA DE ANTIGUA Y ASAMBLEAS MUNICIPALES DE FUERTEVENTURA,03041105.DAT
Municipales,2011,05,04201105_MUNI,013377,PIU,PLATAFORMA DE INDEPENDIENTES UNIDOS,03041105.DAT
Municipales,2011,05,04201105_MUNI,091366,FIC,COMPROMÍS PER SANTA COLOMA(CSC) - FEDERACIÓ D'INDEPENDENTS DE CATALUNYA,03041105.DAT
Municipales,2011,05,04201105_MUNI,093386,PISVC-E,PLATAFORMA INDEPENDENT DE SANT VICENÇ DE CASTELLET - ENTESA,03041105.DAT
Municipales,2011,05,04201105_MUNI,002629,La PAC,LA PLATAFORMA ALTERNATIVA CIUTADANA DE DOSRIUS,03041105.DAT
Municipales,2011,05,04201105_MUNI,092613,JpT-Esquerra-AM,JUNTS PER TORELLÓ-ESQUERRA REPUBLICANA DE CATALUNYA-ACORD MUNICIPAL,03041105.DAT
Municipales,2011,05,04201105_MUNI,093296,PSC-PM,PARTIT DELS SOCIALISTES DE CATALUNYA (PSC-PSOE)-PROGRÉS MUNICIPAL,03041105.DAT
Municipales,2011,05,04201105_MUNI,003394,P.I.L.,PLATAFORMA INDEPENDIENTE POR LANDETE,03041105.DAT
Municipales,2011,05,04201105_MUNI,093850,UPR-FIC,UNITS PER RODA-FEDERACIO D'INDEPENDENTS DE CATALUNYA,03041105.DAT
Municipales,2011,05,04201105_MUNI,003398,+ de 1 Ciudadano,PLATAFORMA MAS DE UN CIUDADANO DE GUADALAJARA,03041105.DAT
Municipales,2011,05,04201105_MUNI,073394,P.I.L.,PLATAFORMA INDEPENDIENTE POR LANDETE,03041105.DAT
Municipales,2011,05,04201105_MUNI,001373,CONARUC,CON ARUCAS PLATAFORMA CIUDADANA CONARUC,03041105.DAT
Municipales,2011,05,04201105_MUNI,093672,UMdC,UNIÓ MUNICIPAL DE CATALUNYA,03041105.DAT
Municipales,2011,05,04201105_MUNI,091928,ICV-EUIA-E,IINICIATIVA PER CATALUNYA VERDS-ESQUERRA UNIDA I ALERNATIVA ENTESA,03041105.DAT
Municipales,2011,05,04201105_MUNI,003413,PREO,PLATAFORMA REVOLUCIONARIA DE LA OLIVA,03041105.DAT
Municipales,2011,05,04201105_MUNI,003244,PCPC,PARTIT COMUNISTA DEL POBLE DE CATALUNYA,03041105.DAT
Municipales,2011,05,04201105_MUNI,093563,Bloc Municipal,SOLIDARITAT I REAGRUPAMENT PER LA INDEPENDÈNCIA. BLOC MUNICIPAL DE CATALUNYA,03041105.DAT
Municipales,2011,05,04201105_MUNI,091757,Gent de Montornès-Esquerra-AM,GENT DE MONTORNÈS-ESQUERRA REPUBLICANA DE CATALUNYA-ACORD MUNICIPAL,03041105.DAT
Municipales,2011,05,04201105_MUNI,092372,ICV-E,INICIATIVA PER CATALUNYA VERDS - ENTESA,03041105.DAT
Municipales,2011,05,04201105_MUNI,091609,Esquerra - AMP,ESQUERRA REPUBLICANA DE CATALUNYA-ACORD MUNICIPAL,03041105.DAT
Municipales,2011,05,04201105_TOTA,093759,UNIM-PSC-PM,UNIÓ NOU IMPULS MUNICIPAL- PARTIT DELS SOCIALISTES DE CATALUNYA-PROGRÉS MUNICIPAL,03041105.DAT
Municipales,2011,05,04201105_TOTA,093264,PSC-PM,PARTIT DELS SOCIALISTES DE CATALUNYA - PROGRÉS MUNICIPAL,03041105.DAT
Municipales,2011,05,04201105_TOTA,073368,P.C.d.T.,PLATAFORMA CIUDADANA DE TOBARRA,03041105.DAT
Municipales,2011,05,04201105_TOTA,123408,PPL,PLATAFORMA POPULAR LIBERAL,03041105.DAT
Municipales,2011,05,04201105_TOTA,092629,La PAC,LA PLATAFORMA ALTERNATIVA CIUTADANA DE DOSRIUS,03041105.DAT
Municipales,2011,05,04201105_TOTA,091590,Esquerra - AM,ESQUERRA REPUBLICANA DE CATALUNYA - ACORD MUNICIPAL,03041105.DAT
Municipales,2011,05,04201105_TOTA,091982,ISP-ICV-E,INDEPENDENTS DE SANT PERE-INICIATIVA PER CATALUNYA VERDS-ENTESA,03041105.DAT
Municipales,2011,05,04201105_TOTA,092389,ICV-EUiA-E,INICIATIVA PER CATALUNYA VERDS - ESQUERRA UNIDA i ALTERNATIVA -ENTESA (ICV-EUiA-E),03041105.DAT
Municipales,2011,05,04201105_TOTA,093261,PSC-PM,PARTIT DELS SOCIALISTES DE CATALUNYA-PROGRES MUNICIPAL,03041105.DAT
Municipales,2011,05,04201105_TOTA,003388,P.I.M.P.C,PLATAFORMA INDEPENDENT MES PER CANET,03041105.DAT
Municipales,2011,05,04201105_TOTA,092380,ICV-EUiA-ISF-E,INICIATIVA PER CATALUNYA VERDS-ESQUERRA UNIDA I ALTERNATIVA-INDEPENDENTS PER SANT FELIU-ENTESA,03041105.DAT
Municipales,2011,05,04201105_TOTA,093302,PSC-UPTA-PM,PARTIT DELS SOCIALISTES DE CATALUNYA - UNIÓ PER LA TERRA ALTA - PROGRÉS MUNICIPAL,03041105.DAT
Municipales,2011,05,04201105_TOTA,090638,AUP - FIC,AGRUPACIÓ UNITS PEL PALAU (AUP) - FEDERACIO D'INDEPENDENTS DE CATALUNYA (FIC),03041105.DAT
Municipales,2011,05,04201105_TOTA,093301,PSC-PM,PARTIT DELS SOCIALISTES DE CATALUNYA (PSC-PSOE) -PROGRÉS MUNICIPAL (PSC-PM),03041105.DAT
Municipales,2011,05,04201105_TOTA,091795,GV-FIC,GENT PER VENTALLÓ-FEDERACIÓ D'INDEPENDENTS DE CATALUNYA,03041105.DAT
Municipales,2011,05,04201105_TOTA,091600,Esquerra-AM,ESQUERRA REPUBLICANA DE CATALUNYA-ACORD MUNICIPAL,03041105.DAT
Municipales,2011,05,04201105_TOTA,093271,PSC-PM,PARTIT DELS SOCIALISTES DE CATALUNYA PROGRÉS MUNICIPAL,03041105.DAT
Municipales,2011,05,04201105_TOTA,093252,PSC-Iii-PM,PARTIT DELS SOCIALISTES DE CATALUNYA - INICIATIVA - PROGRÉS MUNICIPAL,03041105.DAT
Municipales,2011,05,04201105_TOTA,090939,BIS-FIC,BLOC INDEPENDENT SANT PERE DE RIUDEBITLLES (BIS)-FEDERACIÓ D'INDEPENDENTS DE CATALUNYA (FIC),03041105.DAT
Municipales,2011,05,04201105_TOTA,091617,Esquerra-Els Verds-AM,ESQUERRA REPUBLICANA DE CATALUNYA-ELS VERDS-ACORD MUNICIPAL,03041105.DAT
Municipales,2011,05,04201105_TOTA,093354,P.A.U.-FIC,PER ANGLES UNITS- FEDERACIO D'INDEPENDENTS DE CATALUNYA,03041105.DAT
Municipales,2011,05,04201105_TOTA,093259,PSC-PM,PARTIT DELS SOCIALISTES DE CATALUNYA PROGRES MUNICIPAL,03041105.DAT
Municipales,2011,05,04201105_TOTA,093348,PSC-PM,PARTIT SOCIALISTES DE CATALUNYA PROGRES MUNICIPAL,03041105.DAT
Municipales,2011,05,04201105_TOTA,003416,P.V.F.,PLATAFORMA VECINAL DE LA FRESNEDA,03041105.DAT
Municipales,2011,05,04201105_TOTA,092609,JpSMC-Esquerra-AM,JUNTS PER SANT MIQUEL DE CAMPMAJOR-ESQUERRA REPUBLICANA DE CATALUNYA-ACORD MUNICIPAL,03041105.DAT
Municipales,2011,05,04201105_TOTA,073398,+ de 1 Ciudadano,PLATAFORMA MAS DE UN CIUDADANO DE GUADALAJARA,03041105.DAT
Municipales,2011,05,04201105_TOTA,003395,PIQ,PLATAFORMA INDEPENDIENTE QUÉNTAR,03041105.DAT
Municipales,2011,05,04201105_TOTA,092575,JxE-AM,JUNT PER L'ESCALA-ESQUERRA REPUBLICANA DE CATALUNYA-ACORD MUNICIPAL,03041105.DAT
Municipales,2011,05,04201105_TOTA,003328,PxCat,PARTIT PER CATALUNYA,03041105.DAT
Municipales,2011,05,04201105_TOTA,092392,ICV-EUIA-E,INICIATIVA PER CATALUNYA VERS-ESQUERA UNIDA I ALTERNATIVA-ENTESA,03041105.DAT
Municipales,2011,05,04201105_TOTA,091325,CIET-ERC-CUP-AM,COMPROMÍS INDEPENDENTISTA I D'ESQUERRES PER TAGAMANENT ESQUERRA REP. DE CATALUNYA- CAN. D'UNITAT POPULAR-ACORD MUNICIPA,03041105.DAT
Municipales,2011,05,04201105_TOTA,093303,PSC-UPCA-PM,PARTIT DELS SOCIALISTES DE CATALUNYA-UNIÓ PROGRESSISTES PER CABRERA D'ANOIA-PROGRÉS MUNICIPAL,03041105.DAT
Municipales,2011,05,04201105_TOTA,090022,AxS - FIC,ACCIO PER SITGES - FEDERACIÓ D'INDEPENDENTS DE CATALUNYA,03041105.DAT
Municipales,2011,05,04201105_TOTA,093371,PCCA,PLATAFORMA CIVICA CIUTADANS A L' AJUNTAMENT,03041105.DAT
Municipales,2011,05,04201105_TOTA,003408,PPL,PLATAFORMA POPULAR LIBERAL,03041105.DAT
Municipales,2011,05,04201105_TOTA,091992,Independents-Esquerra.AM,INDEPENDENTS-ESQUERRA REPUBLICANA DE CATALUNYA-ACORD MUNICIPAL,03041105.DAT
Municipales,2011,05,04201105_TOTA,073367,PPCP,PLATAFORMA CIUDADANA DE PIOZ,03041105.DAT
Municipales,2011,05,04201105_TOTA,091636,E.R.C.-S. I. DEL PALLARS-A. M.,ESQUERRA REPUBLICANA DE CATALUNYA-SOLIDARITAT INDEPENDENTISTA DEL PALLARS-ACORD MUNICIPAL,03041105.DAT
Municipales,2011,05,04201105_TOTA,173374,PdBj,PLATAFORMA DE BENIARJO,03041105.DAT
Municipales,2011,05,04201105_TOTA,173364,ApT,PLATAFORMA CIUDADANA ALBALAT PEL TERRITORI,03041105.DAT
Municipales,2011,05,04201105_TOTA,013395,PIQ,PLATAFORMA INDEPENDIENTE QUÉNTAR,03041105.DAT
Municipales,2011,05,04201105_TOTA,003242,PASalou - PxC,PARTIT AVANÇA SALOU - PLATAFORMA PER CATALUNYA,03041105.DAT
Municipales,2011,05,04201105_TOTA,093337,PSC-PM,PARTITS DEL SOCIALISTES DE CATALUNYA - PROGRÉS MUNICIPAL,03041105.DAT
Municipales,2011,05,04201105_TOTA,093281,PSC-PM,PARTIT DELS SOCIALISTES DE CATALUNYA PROGRÈS MUNICIPAL,03041105.DAT
Municipales,2011,05,04201105_TOTA,090005,"AG-Esquerra,Reagrupament,GI-AM","ACCIÓ GRANOLLERS-ESQUERRA REPUBLICANA DE CATALUNYA,REAGRUPAMENT INDEPENDENTISTA,GRANOLLERS INDEPENDENT-ACORD MUNICIPAL",03041105.DAT
Municipales,2011,05,04201105_TOTA,093265,PM,PARTIT DELS SOCIALISTES DE CATALUNYA - PROGRÉS MUNICIPAL,03041105.DAT
Municipales,2011,05,04201105_TOTA,003246,PUCAT,PARTIT DE LES URBANITZACIONS DE CATALUNYA,03041105.DAT
Municipales,2011,05,04201105_TOTA,093263,PSC - PM,PARTIT DELS SOCIALISTES DE CATALUNYA - PROGRÉS MUNICIPAL,03041105.DAT
Municipales,2011,05,04201105_TOTA,003364,ApT,PLATAFORMA CIUDADANA ALBALAT PEL TERRITORI,03041105.DAT
Municipales,2011,05,04201105_TOTA,123397,PLoC,PLATAFORMA LOCAL CIUDADANA,03041105.DAT
Municipales,2011,05,04201105_TOTA,091505,ICV-EUIA-E,ENTESA PER CANET-INICIATIVA PER CATALUNYA VERDS-ESQUERA UNIDA I ALTERNATIVA-ENTESA,03041105.DAT
Municipales,2011,05,04201105_TOTA,090742,ApG - FIC,ALTERNATIVA PER GANDESA - FEDERACIO D'INDEPENDENTS DE CATALUNYA,03041105.DAT
Municipales,2011,05,04201105_TOTA,103384,PG,PLATAFORMA GRANJEÑA,03041105.DAT
Municipales,2011,05,04201105_TOTA,093623,UASC,UN ALTRE SANT CUGAT -PLATAFORMA CIUTADANA PER A SANT CUGAT,03041105.DAT
Municipales,2011,05,04201105_TOTA,093292,PSC - PM,PARTIT DELS SOCIALISTES DE CATALUNYA (PSC-PSOE) - PROGRÉS MUNICIPAL,03041105.DAT
Municipales,2011,05,04201105_TOTA,090029,AM-ERC-AM,ACORD MUNICIPAL-ESQUERRA REPUBLICANA DE CATALUNYA-ACORD MUNICIPAL,03041105.DAT
Municipales,2011,05,04201105_TOTA,091601,Esquera-AM,ESQUERRA REPUBLICANA DE CATALUNYA-ACORD MUNICIPAL,03041105.DAT
Municipales,2011,05,04201105_TOTA,093466,PM-PSC-APM,PROGRÉS MUNICIPAL - PARTIT DELS SOCIALISTES DE CATALUNYA - AVANCEM PER MASQUEFA,03041105.DAT
Municipales,2011,05,04201105_TOTA,091596,Ara Mollet - Esquerra - AM,ESQUERRA REPUBLICANA DE CATALUNYA-ACORD MUNICIPAL,03041105.DAT
Municipales,2011,05,04201105_TOTA,093332,PP,PARTIT POPULAR DE CATALUNYA,03041105.DAT
Municipales,2011,05,04201105_TOTA,091581,Esquerra-AM,Esquerra Republicana de Catalunya - Acord Municipal,03041105.DAT
Municipales,2011,05,04201105_TOTA,091597,Equerra-AM,ESQUERRA REPUBLICANA DE CATALUNYA-ACORD MUNICIPAL,03041105.DAT
Municipales,2011,05,04201105_TOTA,092133,PSC-PM,INDEPENDENTS PER MÓRA LA NOVA - PARTIT DELS SOCIALISTES DE CATALUNYA - PROGRÉS MUNICIPAL,03041105.DAT
Municipales,2011,05,04201105_TOTA,091812,GIPU - FIC,GRUP D'INDEPENDENTS PER LA POBLA I URBANITZACIONS-FEDERACIO D'INDEPENDENTS DE CATALUNYA,03041105.DAT
Municipales,2011,05,04201105_TOTA,003375,PdBenirredrá,PLATAFORMA DE BENIRREDRÀ,03041105.DAT
Municipales,2011,05,04201105_TOTA,003378,PIC-COSLADA,PLATAFORMA DE LA IZQUIERDA DE COSLADA,03041105.DAT
Municipales,2011,05,04201105_TOTA,091378,CONESA-FIC,CONESA PER CREIXELL- FEDERACIÓ D'INDEPENDENTS DE CATALUNYA,03041105.DAT
Municipales,2011,05,04201105_TOTA,093304,PSC-PM,PARTIT DELS SOCIALITES DE CATALUNYA - PROGRÉS MUNICIPAL,03041105.DAT
Municipales,2011,05,04201105_TOTA,093298,PSC-PM,PARTIT DELS SOCIALISTES DE CATALUNYA (PSC-PSOE)-PROGRÈS MUNICIPAL,03041105.DAT
Municipales,2011,05,04201105_TOTA,091629,ESQUERRA -RI.CAT.-AM,ESQUERRA REPUBLICANA DE CATALUNYA - REAGRUPAMENT -ACORD MUNICIPAL,03041105.DAT
Municipales,2011,05,04201105_TOTA,091578,Esquerra - AM,Esquerra Republicana de Catalunya- Acord Municiapal,03041105.DAT
Municipales,2011,05,04201105_TOTA,091588,Esquerra-AM,ESQUERRA REPUBLICANA DE CATALUNYA - ACORD MUNICIPAL,03041105.DAT
Municipales,2011,05,04201105_TOTA,091618,Esquerra-EV-IxG-AM,ESQUERRA REPUBLICANA DE CATALUNYA-ELS VERDS-INDEPENDENTS PER GAVÀ-ACORD MUNICIPAL,03041105.DAT
Municipales,2011,05,04201105_TOTA,003518,SxSPC,SALOU X SALOU PLATAFORMA CIUTADANA,03041105.DAT
Municipales,2011,05,04201105_TOTA,093272,PSC-PSOE,PARTIT DELS SOCIALISTES DE CATALUNYA PROGRÉS MUNICIPAL,03041105.DAT
Municipales,2011,05,04201105_TOTA,091638,ERC - SxA - AM,ESQUERRA REPUBLICANA DE CATALUNYA+SUMEM PER ALELLA-ACORD MUNICIPAL,03041105.DAT
Municipales,2011,05,04201105_TOTA,003387,Gent Per Salt,PLATAFORMA INDEPENDENT GENT PER SALT,03041105.DAT
Municipales,2011,05,04201105_TOTA,003382,PLATAFORMA,PLATAFORMA DE VECINOS DE GALAPAGAR,03041105.DAT
Municipales,2011,05,04201105_TOTA,091610,IP-AM,ESQUERRA REPUBLICANA DE CATALUNYA-ACORD MUNICIPAL,03041105.DAT
Municipales,2011,05,04201105_TOTA,093481,PSC-PM,PROGRÉS PER VIDRERES - PARTIT DELS SOCIALISTES DE CATALUNYA - PROGRÉS MUNICIPAL,03041105.DAT
Municipales,2011,05,04201105_TOTA,003393,PIM- Villalbilla,PLATAFORMA INDEPENDIENTE MUNICIPAL DE VILLALBILLA,03041105.DAT
Municipales,2011,05,04201105_TOTA,093274,PM,PARTIT DELS SOCIALISTES DE CATALUNYA-PROGRÉS MUNICIPAL,03041105.DAT
Municipales,2011,05,04201105_TOTA,090084,TU - F.I.C.,AGRUPACIO ELECTORS INDEPENDENTS TOSSA UNIDA- FEDERACIO D'INDEPENDENTS DE CATALUNYA,03041105.DAT
Municipales,2011,05,04201105_TOTA,093363,PAU,PLATAFORMA ALTAFULLA UNIDA,03041105.DAT
Municipales,2011,05,04201105_TOTA,093278,PSC-PSOE,PARTIT DELS SOCIALISTES DE CATALUNYA-PROGRÉS MUNICIPAL,03041105.DAT
Municipales,2011,05,04201105_TOTA,093328,PxCat,PARTIT PER CATALUNYA,03041105.DAT
Municipales,2011,05,04201105_TOTA,053407,PLDA-AMF,PLATAFORMA POPULAR EN DEFENSA DE ANTIGUA Y ASAMBLEAS MUNICIPALES DE FUERTEVENTURA,03041105.DAT
Municipales,2011,05,04201105_TOTA,003409,PLATAFORMA,PLATAFORMA POR SAN ANTONIO DE BENAGÉBER,03041105.DAT
Municipales,2011,05,04201105_TOTA,091620,ESQUERRA -GIR -AM,ESQUERRA REPUBLICANA DE CATALUNYA - GRUP D'INDEPENDENTS PER RELLINARS - ACORD MUNICIPAL,03041105.DAT
Municipales,2011,05,04201105_TOTA,092385,ICV-EUiA-E,INICIATIVA PER CATALUNYA VERDS-ESQUERRA UNIDA I ALTERNATIVA ENTESA,03041105.DAT
Municipales,2011,05,04201105_TOTA,140648,AHP,ALDATUZ HERRI PLATAFORMA,03041105.DAT
Municipales,2011,05,04201105_TOTA,093415,PUC-PM,PLATAFORMA UNITS PER CASTELLOLÍ - PROGRÉS MUNICIPAL,03041105.DAT
Municipales,2011,05,04201105_TOTA,091612,Esquerra-AM,ESQUERRA REPUBLICANA DE CATALUNYA-ACORD MUNICIPAL (Esquerra-AM),03041105.DAT
Municipales,2011,05,04201105_TOTA,091703,F.I.C.,FEDERACIO D'INDEPENDENTS DE CATALUNYA,03041105.DAT
Municipales,2011,05,04201105_TOTA,093289,PSC-PM,PARTIT DELS SOCIALISTES DE CATALUNYA-PROGRÉS MUNICIPAL (PSC-PM),03041105.DAT
Municipales,2011,05,04201105_TOTA,003381,PNB,PLATAFORMA DE NUEVO BAZTAN,03041105.DAT
Municipales,2011,05,04201105_TOTA,092589,JpC-Esquerra-AM,JUNTS PER CAMÓS-ESQUERRA REPUBLICANA DE CATALUNYA-ACORD MUNICIPAL,03041105.DAT
Municipales,2011,05,04201105_TOTA,003383,amb Trellat,"PLATAFORMA DE VECINOS DE GILET ""AMB TRELLAT""",03041105.DAT
Municipales,2011,05,04201105_TOTA,093280,PSC-PM,PARTIT DELS SOCIALISTES DE CATALUNYA - PROGRÈS MUNICIPAL-,03041105.DAT
Municipales,2011,05,04201105_TOTA,093253,PSC-PM,PARTIT DELS SOCIALISTES DE CATALUNYA-PORGRÉS MUNICIPAL,03041105.DAT
Municipales,2011,05,04201105_TOTA,092375,ICV-EUiA-E,INICIATIVA PER CATALUNYA VERDS - ESQUERA UNIDA I ALTERNATIVA ENTESA,03041105.DAT
Municipales,2011,05,04201105_TOTA,003384,PG,PLATAFORMA GRANJEÑA,03041105.DAT
Municipales,2011,05,04201105_TOTA,093892,VPCA-FIC,VEÏNS PER CABRERA D'ANOIA-FEDERACIO D'INDEPENDENTS DE CATALUNYA,03041105.DAT
Municipales,2011,05,04201105_TOTA,003417,PVISCM,PLATAFORMA VECINAL INDEPENDIENTE DE SANTA CRUZ DE MUDELA,03041105.DAT
Municipales,2011,05,04201105_TOTA,092371,ICV - E,INICIATIVA PER CATALUNYA VERDS - ENTESA,03041105.DAT
Municipales,2011,05,04201105_TOTA,003397,PLoC,PLATAFORMA LOCAL CIUDADANA,03041105.DAT
Municipales,2011,05,04201105_TOTA,090085,AIMAR-FIC,AGRUPACIÓ INDEPENDENT DE L'AMETLLA DE MAR - FEDERACIÓ D'INDEPENDENTS DE CATALUNYA,03041105.DAT
Municipales,2011,05,04201105_TOTA,092595,JpFV-Esquerra-AM,JUNTS PER FONTCOBERTA I VILAVENUT -ESQUERRA REPUBLICANA DE CATALUNYA-ACORD MUNICIPAL,03041105.DAT
Municipales,2011,05,04201105_TOTA,093267,PSC- PM,PARTIT DELS SOCIALISTES DE CATALUNYA - PROGRÉS MUNICIPAL,03041105.DAT
Municipales,2011,05,04201105_TOTA,093385,I.A PLIC FIC,PLATAFORMA INDEPENDENT CAMBRILENCA - FEDERACIÓ D' INDEPENDENTS DE CATALUNYA,03041105.DAT
Municipales,2011,05,04201105_TOTA,003368,P.C.d.T.,PLATAFORMA CIUDADANA DE TOBARRA,03041105.DAT
Municipales,2011,05,04201105_TOTA,090089,AiR-PSC-PM,AGRUPACIO INDEPENDENT DE RIUDARENES-PARTIT DELS SOCIALISTES DE CATALUNYA-PROGRÉS MUNICIPAL,03041105.DAT
Municipales,2011,05,04201105_TOTA,093282,PSC-PM,PARTIT DELS SOCIALISTES DE CATALUNYA- PROGRÈS MUNICIPAL,03041105.DAT
Municipales,2011,05,04201105_TOTA,173376,PdG,PLATAFORMA DE GANDIA,03041105.DAT
Municipales,2011,05,04201105_TOTA,093288,PSC-PM,PARTIT DELS SOCIALISTES DE CATALUNYA - PROGRÉS MUNICIPAL-(PSC-PM),03041105.DAT
Municipales,2011,05,04201105_TOTA,093260,PSC-PM,PARTIT DELS SOCIALISTES DE CATALUNYA- PROGRES MUNICIPAL,03041105.DAT
Municipales,2011,05,04201105_TOTA,173383,amb Trellat,"PLATAFORMA DE VECINOS DE GILET ""AMB TRELLAT""",03041105.DAT
Municipales,2011,05,04201105_TOTA,091637,Esquerra - Som Vic - AM,ESQUERRA REPUBLICANA DE CATALUNYA-SOM VIC-ACORD MUNICIPAL,03041105.DAT
Municipales,2011,05,04201105_TOTA,000022,AxS - FIC,ACCIO PER SITGES - FEDERACIÓ D'INDEPENDENTS DE CATALUNYA,03041105.DAT
Municipales,2011,05,04201105_TOTA,083379,P.P.SO.,PLATAFORMA DEL PUEBLO SORIANO,03041105.DAT
Municipales,2011,05,04201105_TOTA,091575,Esquerra-AM,ESQUERRA REPUBLICANA DE CATALUNYA,03041105.DAT
Municipales,2011,05,04201105_TOTA,002768,NCi,NOVA CATALUNYA INDEPENDENT,03041105.DAT
Municipales,2011,05,04201105_TOTA,013956,PICPA-EP-And,PLATAFORMA INDEPENDIENTE COMPROMISO POR ALMONTE - ESPACIO PLURAL ANDALUZ,03041105.DAT
Municipales,2011,05,04201105_TOTA,092390,ICV-IdB-E,INICIATIVA PER CATALUNYA VERDS-INDEPENDENTS DE BANYOLES -ENTESA,03041105.DAT
Municipales,2011,05,04201105_TOTA,093255,PSC-PM,PARTIT DELS SOCIALISTES DE CATALUNYA-PROGÉS MUNICIPAL,03041105.DAT
Municipales,2011,05,04201105_TOTA,093275,PSC-Pm,PARTIT DELS SOCIALISTES DE CATALUNYA-PROGRÉS MUNICIPAL,03041105.DAT
Municipales,2011,05,04201105_TOTA,003412,PRCRM,PLATAFORMA REPUBLICANA-COALICION REPUBLICANA REGION DE MURCIA,03041105.DAT
Municipales,2011,05,04201105_TOTA,093273,PSC-PM,PARTIT DELS SOCIALISTES DE CATALUNYA- PROGRÉS MUNICIPAL,03041105.DAT
Municipales,2011,05,04201105_TOTA,090815,AR-FIC,ARA RIUDECANYES - FEDERACIÓ D'INDEPENDENTS DE CATALUNYA,03041105.DAT
Municipales,2011,05,04201105_TOTA,003363,PAU,PLATAFORMA ALTAFULLA UNIDA,03041105.DAT
Municipales,2011,05,04201105_TOTA,092388,ICV-EUIA-E,INICIATIVA PER CATALUNYA VERDS-ESQUERRA UNIDA I ALTERNATIVA-ENTESA,03041105.DAT
Municipales,2011,05,04201105_TOTA,103414,P.S.D.G.,PLATAFORMA SOCIALISTA DEMOCRATICA DE GARROVILLAS,03041105.DAT
Municipales,2011,05,04201105_TOTA,123378,PIC-COSLADA,PLATAFORMA DE LA IZQUIERDA DE COSLADA,03041105.DAT
Municipales,2011,05,04201105_TOTA,091622,ESQUERRA + INDEPENDENTS - AM,ESQUERRA REPUBLICANA DE CATALUNYA + INDEPENDENTS - ACORD MUNICIPAL,03041105.DAT
Municipales,2011,05,04201105_TOTA,091710,FP-PSC-PM,FIGARÓ PROGRÉS - PARTIT DELS SOCIALISTES DE CATALUNYA - PROGRÉS MUNICIPAL,03041105.DAT
Municipales,2011,05,04201105_TOTA,093285,PSC-PM,PARTIT DELS SOCIALISTES DE CATALUNYA-PROGRÈS MUNICIPAL-,03041105.DAT
Municipales,2011,05,04201105_TOTA,091598,ERC-AM,ESQUERRA REPUBLICANA DE CATALUNYA-ACORD MUNICIPAL,03041105.DAT
Municipales,2011,05,04201105_TOTA,123393,PIM- Villalbilla,PLATAFORMA INDEPENDIENTE MUNICIPAL DE VILLALBILLA,03041105.DAT
Municipales,2011,05,04201105_TOTA,090092,TPB - FIC,AGRUPACIO INDEPENDENT TOTS PER BREDA-FEDERACIO D'INDEPENDENTS DE CATALUNYA,03041105.DAT
Municipales,2011,05,04201105_TOTA,003373,PdBARX,PLATAFORMA DE BARX,03041105.DAT
Municipales,2011,05,04201105_TOTA,092377,ICV-EUA-E,INICIATIVA PER CATALUNYA VERDS-ESQUERA UNIDA I ALTERNATIVA-ENTESA,03041105.DAT
Municipales,2011,05,04201105_TOTA,091627,Esquerra - Reagrupament - AM,ESQUERRA REPUBLICANA DE CATALUNYA - REAGRUPAMENT - ACORD MUNICIPAL,03041105.DAT
Municipales,2011,05,04201105_TOTA,093287,PSC-PM,PARTIT DELS SOCIALISTES DE CATALUNYA - PROGRÉS MUNICIPAL (PSC-PM),03041105.DAT
Municipales,2011,05,04201105_TOTA,091635,ERC - Ri.Cat - Junts Decidim - AM,ESQUERRA REPUBLICANA DE CATALUNYA - REAGRUPAMENT - JUNTS DECIDIM - ACORD MUNICIPAL,03041105.DAT
Municipales,2011,05,04201105_TOTA,132887,EKA,PARTIDO CARLISTA,03041105.DAT
Municipales,2011,05,04201105_TOTA,003372,P.C.U.,PLATAFORMA CIVICA DE URBANIZACIONES DEL TERMINO DE CHIVA-ORGANIZACION INDEPENDIENTE,03041105.DAT
Municipales,2011,05,04201105_TOTA,091624,Esquerra - Junts per Pineda - AM,ESQUERRA REPUBLICANA DE CATALUNYA-JUNTS PER PINEDA-ACORD MUNICIPAL,03041105.DAT
Municipales,2011,05,04201105_TOTA,093291,PSC-PM-GIRiudebitlles,PARTIT DELS SOCIALISTES DE CATALUNYA - PROGRÉS MUNICPAL-GRUP INDEPENDENT RIUDEBITLLES,03041105.DAT
Municipales,2011,05,04201105_TOTA,093370,P.C.P.B.,PLATAFORMA CIUTADANA PER BARBERA,03041105.DAT
Municipales,2011,05,04201105_TOTA,092593,JpE -Esquerra- AM,JUNTS PER ESPONELLÀ -ESQUERRA REPUBLICANA DE CATALUNYA-ACORD MUNICIPAL,03041105.DAT
Municipales,2011,05,04201105_TOTA,091619,ESQUERRA-GENT DE CERVELLÓ-AM,ESQUERRA REPUBLICANA DE CATALUNYA-GENT DE CERVELLÓ-ACORD MUNICIPAL,03041105.DAT
Municipales,2011,05,04201105_TOTA,093249,PSC-PM,PARTIT DELS SOCIALICISTES DE CATALUNYA-PROGRÉS MUNICIPAL,03041105.DAT
Municipales,2011,05,04201105_TOTA,091593,ESQUERRA-AM,ESQUERRA REPUBLICANA DE CATALUNYA - ACORD MUNICIPAL,03041105.DAT
Municipales,2011,05,04201105_TOTA,002887,EKA,PARTIDO CARLISTA,03041105.DAT
Municipales,2011,05,04201105_TOTA,091613,ERC-AM,ESQUERRA REPUBLICANA DE CATALUNYA-ACORD PEL MASNOU-ACORD MUNICIPAL,03041105.DAT
Municipales,2011,05,04201105_TOTA,091594,Esquerra - AM,ESQUERRA REPUBLICANA DE CATALUNYA -ACORD MUNICIPAL,03041105.DAT
Municipales,2011,05,04201105_TOTA,003369,P.C.L.O.,PLATAFORMA CIUDADANA LASARTE-ORIA,03041105.DAT
Municipales,2011,05,04201105_TOTA,003401,PxC,PLATAFORMA PER CATALUNYA,03041105.DAT
Municipales,2011,05,04201105_TOTA,173406,C.M.COMPROMIS,PLATAFORMA PER VILAFRANCA: COALICIÓ MUNICIPAL COMPROMÍS,03041105.DAT
Municipales,2011,05,04201105_TOTA,091499,EPA-FIC,ENTESA PER ARBUCIES-FEDERACIO D'INDEPENDENTS DE CATALUNYA,03041105.DAT
Municipales,2011,05,04201105_TOTA,093856,UPS-FIC,UNITS PER SILS- FEDERACIO D'INDEPENDENTS DE CATALUNYA,03041105.DAT
Municipales,2011,05,04201105_TOTA,093283,PSC-PM,PARTIT DELS SOCIALISTES DE CATALUNYA-PROGRÈS MUNICIPAL,03041105.DAT
Municipales,2011,05,04201105_TOTA,171009,C.M. COMPROMÍS,BLOC-VERDS-PLATAFORMA PER L'HOSPITAL: COALICIÓ MUNICIPAL COMPROMÍS,03041105.DAT
Municipales,2011,05,04201105_TOTA,173372,P.C.U.,PLATAFORMA CIVICA DE URBANIZACIONES DEL TERMINO DE CHIVA-ORGANIZACION INDEPENDIENTE,03041105.DAT
Municipales,2011,05,04201105_TOTA,092075,IPF-FIC,INDEPENDENTS PER FALSET - FEDERACIÓ D'INDEPENDENTS DE CATALUNYA,03041105.DAT
Municipales,2011,05,04201105_TOTA,093671,UMdC,UNIO MUNICIPAL DE CATALUNYA,03041105.DAT
Municipales,2011,05,04201105_TOTA,093297,PSC-PM,PARTIT DELS SOCIALISTES DE CATALUNYA(PSC-PSOE)-PROGRÉS MUNICIPAL,03041105.DAT
Municipales,2011,05,04201105_TOTA,033416,P.V.F.,PLATAFORMA VECINAL DE LA FRESNEDA,03041105.DAT
Municipales,2011,05,04201105_TOTA,093279,PSC-PM,PARTIT DELS SOCIALISTES DE CATALUNYA - PROGRÈS MUNICIPAL,03041105.DAT
Municipales,2011,05,04201105_TOTA,093254,PSC-PM,PARTIT DELS SOCIALISTES DE CATALUNYA-PROGES MUNICIPAL,03041105.DAT
Municipales,2011,05,04201105_TOTA,091602,Esquerra - AM,ESQUERRA REPUBLICANA DE CATALUNYA-ACORD MUNICIPAL,03041105.DAT
Municipales,2011,05,04201105_TOTA,093840,UC - ERC - AM,UNITS PER CABRERA-ESQUERRA REPUBLICANA DE CATALUNYA-ACORD MUNICIPAL,03041105.DAT
Municipales,2011,05,04201105_TOTA,171662,EUPV-PUG,ESQUERRA UNIDA DEL PAIS VALENCIÀ-PLATAFORMA DE URBANIZACIONES DE GODELLETA,03041105.DAT
Municipales,2011,05,04201105_TOTA,013365,PLCV,PLATAFORMA CIUDADANA DE VILLACARRILLO,03041105.DAT
Municipales,2011,05,04201105_TOTA,093405,PVA,PLATAFORMA PER VILADECAVALLS ACTIU,03041105.DAT
Municipales,2011,05,04201105_TOTA,091621,Esquerra - GIR - AM,Esquerra Republicana de Catalunya - Grup Independents de Riells - Acord Municipal,03041105.DAT
Municipales,2011,05,04201105_TOTA,091639,ESQUERRA -UM - AM,ESQUERRA REPUBLICANA DE CATALUNYA - UNITS PER MATADEPERA -ACORD MUNICIPAL,03041105.DAT
Municipales,2011,05,04201105_TOTA,091587,Esquerra-AM,ESQUERRA REPUBLICANA DE CATALUNYA-Acord Municipal,03041105.DAT
Municipales,2011,05,04201105_TOTA,092108,iBB-FIC,INDEPENDENTS PER LES BORGES BLANQUES - FEDERACIO D'INDEPENDENTS DE CATALUNYA,03041105.DAT
Municipales,2011,05,04201105_TOTA,093826,UPSF-Esquerra-Reagrupament-Ind-AM,UNITAT PER SANT FELIU DE CODINES-ESQUERRA REPUBLICANA DE CATALUNYA- REAGRUPAMENT INDEPENDENTISTA-INDEPEN-ACORD MUNICIPAL,03041105.DAT
Municipales,2011,05,04201105_TOTA,091625,Esquerra+Ri.Cat-AM,Esquerra Republicana de Catalunya+ Reagrupament-Acord Municipal,03041105.DAT
Municipales,2011,05,04201105_TOTA,093266,PSC -PM,PARTIT DELS SOCIALISTES DE CATALUNYA - PROGRÉS MUNICIPAL,03041105.DAT
Municipales,2011,05,04201105_TOTA,093518,SxSPC,SALOU X SALOU PLATAFORMA CIUTADANA,03041105.DAT
Municipales,2011,05,04201105_TOTA,090749,AxQ - Esquerra - AM,Alternativa per Quart - Esquerra Republicana de Catalunya - Acord Municipal,03041105.DAT
Municipales,2011,05,04201105_TOTA,093387,Gent Per Salt,PLATAFORMA INDEPENDENT GENT PER SALT,03041105.DAT
Municipales,2011,05,04201105_TOTA,093300,PSC-PM,PARTIT DELS SOCIALISTES DE CATALUNYA (PSC-PSOE)-PROGRÉS MUNICIPAL(PSC-PM),03041105.DAT
Municipales,2011,05,04201105_TOTA,093403,PxC,PLATAFORMA PER CATALUNYA (PxC),03041105.DAT
Municipales,2011,05,04201105_TOTA,090860,AISA-FIC,ASSOCIACIÓ INDEPENDENTS SERRA D'ALMOS - FEDERACIO D'INDEPENDENTS DE CATALUNYA,03041105.DAT
Municipales,2011,05,04201105_TOTA,053413,PREO,PLATAFORMA REVOLUCIONARIA DE LA OLIVA,03041105.DAT
Municipales,2011,05,04201105_TOTA,091611,ERC-AM,ESQUERRA REPUBLICANA DE CATALUNYA-ACORD MUNICIPAL,03041105.DAT
Municipales,2011,05,04201105_TOTA,093361,PIRATA.CAT,PIRATES DE CATALUNYA,03041105.DAT
Municipales,2011,05,04201105_TOTA,173375,PdBenirredrá,PLATAFORMA DE BENIRREDRÀ,03041105.DAT
Municipales,2011,05,04201105_TOTA,091776,GPC-F.I.C.,GENT PEL CANVI- FEDERACIO D'INDEPENDENTS DE CATALUNYA(FIC),03041105.DAT
Municipales,2011,05,04201105_TOTA,093399,MO -PM,PLATAFORMA MATADEPERA OBERTA - PROGRÉS MUNCIPAL,03041105.DAT
Municipales,2011,05,04201105_TOTA,093246,PUCAT,PARTIT DE LES URBANITZACIONS DE CATALUNYA,03041105.DAT
Municipales,2011,05,04201105_TOTA,093276,PSC-PM,PARTIT DELS SOCIALISTES DE CATALUNYA-PROGRÉS MUNICIPAL,03041105.DAT
Municipales,2011,05,04201105_TOTA,093269,PSC-PM,PARTIT DELS SOCIALISTES DE CATALUNYA -PROGRÉS MUNICIPAL,03041105.DAT
Municipales,2011,05,04201105_TOTA,093242,PASalou - PxC,PARTIT AVANÇA SALOU - PLATAFORMA PER CATALUNYA,03041105.DAT
Municipales,2011,05,04201105_TOTA,092383,ICV-EUiA-E,INICIATIVA PER CATALUNYA VERDS-ESQUERRA UNIDA i ALTERNATIVA-ENTESA,03041105.DAT
Municipales,2011,05,04201105_TOTA,092378,ICV-EUiA-E,INICIATIVA PER CATALUNYA VERDS-ESQUERRA UNIDA I ALTERNATIVA-INTESA,03041105.DAT
Municipales,2011,05,04201105_TOTA,091321,CPC-FIC,COLOMENCS PEL CANVI-FEDERACIO D'INDEPENDENTS DE CATALUNYA,03041105.DAT
Municipales,2011,05,04201105_TOTA,093295,PSC-PM,PARTIT DELS SOCIALISTES DE CATALUNYA (PSC-PSOE) -PROGRÉS MUNICIPAL,03041105.DAT
Municipales,2011,05,04201105_TOTA,093389,PICaldes,PLATAFORMA INDEPENDENT PER CALDES,03041105.DAT
Municipales,2011,05,04201105_TOTA,123382,PLATAFORMA,PLATAFORMA DE VECINOS DE GALAPAGAR,03041105.DAT
Municipales,2011,05,04201105_TOTA,123380,(PDM),PLATAFORMA DEMOCRATICA MUNICIPAL,03041105.DAT
Municipales,2011,05,04201105_TOTA,093262,PSC-PSM,PARTIT DELS SOCIALISTES DE CATALUNYA-PROGRES MUNICIPAL,03041105.DAT
Municipales,2011,05,04201105_TOTA,091614,Esquerra-AM,ESQUERRA REPUBLICANA DE CATALUNYA-ACROD MUNICIPAL,03041105.DAT
Municipales,2011,05,04201105_TOTA,093290,PSC-PM,PARTIT DELS SOCIALISTES DE CATALUNYA-PROGRÉS MUNICIPAL,03041105.DAT
Municipales,2011,05,04201105_TOTA,093327,PxCat,Partit per Catalunya,03041105.DAT
Municipales,2011,05,04201105_TOTA,091555,EA - Esquerra - AM,ESQUERRA D'AMPOSTA - ESQUERRA REPUBLICANA DE CATALUNYA - ACORD MUNICIPAL,03041105.DAT
Municipales,2011,05,04201105_TOTA,003379,P.P.SO.,PLATAFORMA DEL PUEBLO SORIANO,03041105.DAT
Municipales,2011,05,04201105_TOTA,000648,AHP,ALDATUZ HERRI PLATAFORMA,03041105.DAT
Municipales,2011,05,04201105_TOTA,091608,ESQUERRA-AM,ESQUERRA REPUBLICANA DE CATALUNYA-ACORD MUNICIPAL,03041105.DAT
Municipales,2011,05,04201105_TOTA,153412,PRCRM,PLATAFORMA REPUBLICANA-COALICION REPUBLICANA REGION DE MURCIA,03041105.DAT
Municipales,2011,05,04201105_TOTA,093401,PxC,PLATAFORMA PER CATALUNYA,03041105.DAT
Municipales,2011,05,04201105_TOTA,093603,TpLL-Esquerra-AM,TOTS PER LLAMBILLES-ESQUERRA REPUBLICANA DE CATALUNYA-ACORD MUNICIPAL,03041105.DAT
Municipales,2011,05,04201105_TOTA,001704,FIC,FEDERACIO D'INDEPENDENTS DE CATALUNYA,03041105.DAT
Municipales,2011,05,04201105_TOTA,093352,F.I.C.,PROU PEDRERES-FEDERACIÓ D'INDEPENDENTS DE CATALUNYA,03041105.DAT
Municipales,2011,05,04201105_TOTA,003367,PPCP,PLATAFORMA CIUDADANA DE PIOZ,03041105.DAT
Municipales,2011,05,04201105_TOTA,091584,Esquerra-AM,Esquerra Republicana de Catalunya-Acord Municipal,03041105.DAT
Municipales,2011,05,04201105_TOTA,091514,EPSJ-ICV-E,ENTESA PER PALAMOS I SANT JOAN- INICIATIVA PER CATALUNYA VERDS- ENTESA,03041105.DAT
Municipales,2011,05,04201105_TOTA,093244,PCPC,PARTIT COMUNISTA DEL POBLE DE CATALUNYA,03041105.DAT
Municipales,2011,05,04201105_TOTA,091582,Esquerra - AM,Esquerra Republicana de Catalunya . Acord Municipal,03041105.DAT
Municipales,2011,05,04201105_TOTA,093816,UA-PM-PSC,UNITAT D'ARAN PROGRÉS MUNICIPAL-PARTIT DELS SOCIALISTES DE CATALUNYA,03041105.DAT
Municipales,2011,05,04201105_TOTA,092370,ICV-E,INICIATIVA PER CATALUNYA VERDS-ENTESA,03041105.DAT
Municipales,2011,05,04201105_TOTA,091585,ESQUERRA - AM,Esquerra Republicana de Catalunya-Acord Municipal,03041105.DAT
Municipales,2011,05,04201105_TOTA,013366,PCB,PLATAFORMA CIUDADANA DE BELALCAZAR,03041105.DAT
Municipales,2011,05,04201105_TOTA,092374,ICV-EUiA-E,INICIATIVA PER CATALUNYA VERDS - ESQUERRA UNIDA I ALTERNATIVA - ENTESA,03041105.DAT
Municipales,2011,05,04201105_TOTA,092004,IPC-ICV-E,INDEPENDENTS PEL PROGRÉS DE COLOMERS - INICIATIVA PER CATALUNYA VERDS-ENTESA (IPC-ICV-E),03041105.DAT
Municipales,2011,05,04201105_TOTA,003405,PVA,PLATAFORMA PER VILADECAVALLS ACTIU,03041105.DAT
Municipales,2011,05,04201105_TOTA,091813,GOOB-FIC,GRUP D'OPINIÓ D'OLESA DE BONESVALLS - FEDERACIO D'INDEPENDENTS DE CATALUNYA,03041105.DAT
Municipales,2011,05,04201105_TOTA,091829,GIT - FIC,GRUP INDEPENDENT PER TORREDEMBARRA- FEDERACIO D'INDEPENDENTS DE CATALUNYA,03041105.DAT
Municipales,2011,05,04201105_TOTA,091589,ERC-AM,ESQUERRA REPUBLICANA DE CATALUNYA - ACORD MUNICIPAL,03041105.DAT
Municipales,2011,05,04201105_TOTA,173396,PLF,PLATAFORMA LA FONT,03041105.DAT
Municipales,2011,05,04201105_TOTA,091579,ESQUERRA - AM,Esquerra Republicana de Catalunya - Acord Municipal,03041105.DAT
Municipales,2011,05,04201105_TOTA,093813,UA-PM-PSC,UNITAT D'ARAN-PROGRÉS MUNICIPAL-PARTIT DELS SOCIALISTES DE CATALUNYA,03041105.DAT
Municipales,2011,05,04201105_TOTA,143392,PIGH,PLATAFORMA INDEPENDIENTE GURE HERRIA,03041105.DAT
Municipales,2011,05,04201105_TOTA,093349,PSC-PM,PARTIT SOCIALISTES DE CATALUNYA PROGRÉS MUNICIPAL,03041105.DAT
Municipales,2011,05,04201105_TOTA,090094,AMPEP-F.I.C.,AGRUPACIÓ MUNICIPAL DE PERAFORT I PUIGDELFÍ-AMPEP-FEDERACIO D'INDEPENDENTS DE CATALUNYA,03041105.DAT
Municipales,2011,05,04201105_TOTA,091615,ESQUERRA-CxC-AM,ESQUERRA REPUBLICANA DE CATALUNYA-CONSENS PER CABRILS-ACORD MUNICIPAL,03041105.DAT
Municipales,2011,05,04201105_TOTA,093388,P.I.M.P.C,PLATAFORMA INDEPENDENT MES PER CANET,03041105.DAT
Municipales,2011,05,04201105_TOTA,091595,E.R.C.-A. M.,ESQUERRA REPUBLICANA DE CATALUNYA-ACORD MUNICIPAL,03041105.DAT
Municipales,2011,05,04201105_TOTA,093418,PxC,PLATAFORMA x CATALUNYA,03041105.DAT
Municipales,2011,05,04201105_TOTA,091486,EC-Esquerra-AM,ENDEVANT CASTELLVELL - ESQUERRA REPUBLICANA DE CATALUNYA-ACORD MUNICIPAL,03041105.DAT
Municipales,2011,05,04201105_TOTA,093812,UA-PM-PSC,UNITAT D'ARAN-PROGRES MUNICIPAL-PARTIT DELS SOCIALISTES DE CATALUNYA,03041105.DAT
Municipales,2011,05,04201105_TOTA,093293,PSC- PM,PARTIT DELS SOCIALISTES DE CATALUNYA (PSC-PSOE) - PROGRÉS MUNICIPAL,03041105.DAT
Municipales,2011,05,04201105_TOTA,001593,ESQUERRA-AM,ESQUERRA REPUBLICANA DE CATALUNYA - ACORD MUNICIPAL,03041105.DAT
Municipales,2011,05,04201105_TOTA,091789,GxStF+ Esquerra - AM,Gent per Sant Feliu + Esquerra Republicana de Catalunya - Acord Municipal,03041105.DAT
Municipales,2011,05,04201105_TOTA,003370,P.C.P.B.,PLATAFORMA CIUTADANA PER BARBERA,03041105.DAT
Municipales,2011,05,04201105_TOTA,093256,PSC-PM,PARTIT DELS SOCIALISTES DE CATALUNYA PROGRES MUNICIAPAL,03041105.DAT
Municipales,2011,05,04201105_TOTA,003361,PIRATA.CAT,PIRATES DE CATALUNYA,03041105.DAT
Municipales,2011,05,04201105_TOTA,093268,PSC-PSOE,PARTIT DELS SOCIALISTES DE CATALUNYA - PROGRÉS MUNICIPAL,03041105.DAT
Municipales,2011,05,04201105_TOTA,003396,PLF,PLATAFORMA LA FONT,03041105.DAT
Municipales,2011,05,04201105_TOTA,093815,UA-PM-PSC,UNITAT D'ARAN -PROGRÉS MUNICIPAL-PARTIT DELS SOCIALISTES DE CATALUNYA,03041105.DAT
Municipales,2011,05,04201105_TOTA,142888,EKA,PARTIDO CARLISTA DE EUSKALHERRIA EUSKALHERRIKO KARLISTA ALDERDIA,03041105.DAT
Municipales,2011,05,04201105_TOTA,193400,PMV,PLATAFORMA MELILLA VERDE,03041105.DAT
Municipales,2011,05,04201105_TOTA,092129,F.I.C.,INDEPENDENTS PER MONTBLANC(IPM)-FEDERACIÓ D'INDEPENDENTS DE CATALUNYA,03041105.DAT
Municipales,2011,05,04201105_TOTA,092384,ICV-EUiA-E,INICIATIVA PER CATALUNYA VERDS - ESQUERRA UNIDA I ALTERNATIVA - ENTESA,03041105.DAT
Municipales,2011,05,04201105_TOTA,003376,PdG,PLATAFORMA DE GANDIA,03041105.DAT
Municipales,2011,05,04201105_TOTA,093501,Ri.cat -ESQUERRA-AM,REAGRUPAMENT - ESQUERRA REPUBLICANA DE CATALUNYA-ACORD MUNICIPAL,03041105.DAT
Municipales,2011,05,04201105_TOTA,091580,Esquerra - AM,Esquerra Republicana de Catalunya - Acord Municipal,03041105.DAT
Municipales,2011,05,04201105_TOTA,003371,PCCA,PLATAFORMA CIVICA CIUTADANS A L' AJUNTAMENT,03041105.DAT
Municipales,2011,05,04201105_TOTA,102548,IU -P.M.M.,IZQUIERDA UNIDA VERDES PLATAFORMA MUNICIPAL MANCHITA,03041105.DAT
Municipales,2011,05,04201105_TOTA,091778,GperA-PSC-PM,GENT PER AIGUAFREDA - PARTIT DELS SOCIALISTES DE CATALUNYA - PROGRÉS MUNICIPAL,03041105.DAT
Municipales,2011,05,04201105_TOTA,003390,P.I,PLATAFORMA INDEPENDIENTE,03041105.DAT
Municipales,2011,05,04201105_TOTA,003374,PdBj,PLATAFORMA DE BENIARJO,03041105.DAT
Municipales,2011,05,04201105_TOTA,003414,P.S.D.G.,PLATAFORMA SOCIALISTA DEMOCRATICA DE GARROVILLAS,03041105.DAT
Municipales,2011,05,04201105_TOTA,091591,ESQUERRA - AM,ESQUERRA REPUBLICANA DE CATALUNYA - ACORD MUNICIPAL,03041105.DAT
Municipales,2011,05,04201105_TOTA,003377,PIU,PLATAFORMA DE INDEPENDIENTES UNIDOS,03041105.DAT
Municipales,2011,05,04201105_TOTA,092381,ICV-EUiA-E,INICIATIVA PER CATALUNYA VERDS - ESQUERRA UNIDA i ALTERNATIVA - ENTESA,03041105.DAT
Municipales,2011,05,04201105_TOTA,091607,ESQUERRA -AM,ESQUERRA REPUBLICANA DE CATALUNYA-ACORD MUNICIPAL,03041105.DAT
Municipales,2011,05,04201105_TOTA,091605,Esquerra-AM,ESQUERRA REPUBLICANA DE CATALUNYA-ACORD MUNICIPAL,03041105.DAT
Municipales,2011,05,04201105_TOTA,051373,CONARUC,CON ARUCAS PLATAFORMA CIUDADANA CONARUC,03041105.DAT
Municipales,2011,05,04201105_TOTA,091632,Esquerra-RI.Cat-GpE-AM,ESQUERRA REPUBLICANA DE CATALUNYA+REAGRUPAMENT+GENT D'ESPLUGUES-ACORD MUNICIPAL,03041105.DAT
Municipales,2011,05,04201105_TOTA,093664,FIC,UNIO INDEPENDENTS CONCA DE BARBERA - FEDERACIÓ D'INDEPENDENTS DE CATALUNYA,03041105.DAT
Municipales,2011,05,04201105_TOTA,091947,IA FIC,INDEPENDENTS D' ASCO - FEDERACIÓ D' INDEPENDENTS DE CATALUNYA,03041105.DAT
Municipales,2011,05,04201105_TOTA,091576,Esquerra-Accent-Ri.Cat-AM,Esquerra Republicana de Catalunya-Accent-Reagrupament Independentista-Acord Municipal,03041105.DAT
Municipales,2011,05,04201105_TOTA,123381,PNB,PLATAFORMA DE NUEVO BAZTAN,03041105.DAT
Municipales,2011,05,04201105_TOTA,090075,AIPN-PSC-PM,AGRUPACIÓ D'INDEPENDENTS PROGRESSISTES I NACIONALISTES-PARTIT DELS SOCIALISTES DE CATALUNYA-PROGRÉS MUNICIPAL,03041105.DAT
Municipales,2011,05,04201105_TOTA,003389,PICaldes,PLATAFORMA INDEPENDENT PER CALDES,03041105.DAT
Municipales,2011,05,04201105_TOTA,093404,PxC,PLATAFORMA PER CATALUNYA (PXC),03041105.DAT
Municipales,2011,05,04201105_TOTA,093916,VST - Esquerra - AM,Vidreres Som Tots - Esquerra Republicana de Catalunya - Acord Municipal,03041105.DAT
Municipales,2011,05,04201105_TOTA,093270,PSC-PSOE,PARTIT DELS SOCIALISTES DE CATALUNYA -PROGRÉS MUNICIPAL,03041105.DAT
Municipales,2011,05,04201105_TOTA,092376,ICV-EUIA-E,INICIATIVA PER CATALUNYA VERDS-ESQUERA UNIDA I ALTERNATIVA ENTESA,03041105.DAT
Municipales,2011,05,04201105_TOTA,093811,UA-PM-PSC,UNITAT D'ARAN-PROGRÉS MUNICIPAL-PARTIT DEL SOCIALISTES DE CATALUNYA,03041105.DAT
Municipales,2011,05,04201105_TOTA,003279,PSC-PM,PARTIT DELS SOCIALISTES DE CATALUNYA - PROGRÈS MUNICIPAL,03041105.DAT
Municipales,2011,05,04201105_TOTA,091633,ERC-Ri.Cat-AM,ESQUERRA REPUBLICANA DE CATALUNYA - REAGRUPAMENT INDEPENDENTISTA- ACORD MUNICIPAL,03041105.DAT
Municipales,2011,05,04201105_TOTA,093299,PSC-PM,PARTIT DELS SOCIALISTES DE CATALUNYA (PSC-PSOE) -PROGRÉS MUNICIPAL (PM),03041105.DAT
Municipales,2011,05,04201105_TOTA,091040,+C-Esquerra-AM,+CAMPRODON -ESQUERRA REPUBLICANA DE CATALUNYA -ACORD MUNICIPAL,03041105.DAT
Municipales,2011,05,04201105_TOTA,093286,PM,PARTIT DELS SOCIALISTES DE CATALUNYA - PROGRÉS MUNICIPAL INDEPENDENTS DE SANT JULIÀ DE VILATORTA,03041105.DAT
Municipales,2011,05,04201105_TOTA,093859,UV-Esquerra--AM,UNITS PER VILAPLANA-ESQUERRA REPUBLICANA DE CATALUNYA-ACORD MUNICIPAL,03041105.DAT
Municipales,2011,05,04201105_TOTA,091599,ERC / ESQUERRA,ESQUERRA REPUBLICANA DE CATALUNYA-ACORD MUNICIPAL,03041105.DAT
Municipales,2011,05,04201105_TOTA,091631,Esquerra+Ri.Cat-AM,ESQUERRA REPUBLICANA DE CATALUNYA+REAGRUPAMENT-ACORD MUNICIPAL,03041105.DAT
Municipales,2011,05,04201105_TOTA,091630,ESQUERRA -RI.CAT -AM,ESQUERRA REPUBLICANA DE CATALUNYA -REAGRUPAMENT- ACORD MUNICIPAL,03041105.DAT
Municipales,2011,05,04201105_TOTA,091493,EESC-ICV-E,ENTESA D'ESQUERRES PER SANT CEBRIÀ-INICIATIVA PER CATALUNYA VERDS-ENTESA,03041105.DAT
Municipales,2011,05,04201105_TOTA,093665,FIC,UNIO INDEPENDENTS CONCA DE BARBERÁ (UNIC) FEDERACIÓ D'INDEPENDENTS DE CATALUNYA,03041105.DAT
Municipales,2011,05,04201105_TOTA,003365,PLCV,PLATAFORMA CIUDADANA DE VILLACARRILLO,03041105.DAT
Municipales,2011,05,04201105_TOTA,090701,AISF-FIC,ALTERNATIVA INDEPENDENT PER SANTA FE AISF- FEDERACIO D'INDEPENDENTS DE CATALUNYA (FIC),03041105.DAT
Municipales,2011,05,04201105_TOTA,091583,Esquerra - AM,Esquerra Republicana de Catalunya-Acord Municipal,03041105.DAT
Municipales,2011,05,04201105_TOTA,091704,FIC,FEDERACIO D'INDEPENDENTS DE CATALUNYA,03041105.DAT
Municipales,2011,05,04201105_TOTA,091604,Esquerra- AM,ESQUERRA REPUBLICANA DE CATALUNYA-ACORD MUNICIPAL,03041105.DAT
Municipales,2011,05,04201105_TOTA,073417,PVISCM,PLATAFORMA VECINAL INDEPENDIENTE DE SANTA CRUZ DE MUDELA,03041105.DAT
Municipales,2011,05,04201105_TOTA,091941,IPM-FIC,INDEPENDENT PER MURA (IPM)-FEDERACIÓ D' INDEPENDENTS DE CATALUNYA (FIC),03041105.DAT
Municipales,2011,05,04201105_TOTA,092707,MxV-Esquerra-AM,MÉS PER VALLROMANES-ESQUERRA REPUBLICANA DE CATALUNYA-ACORD MUNICIPAL,03041105.DAT
Municipales,2011,05,04201105_TOTA,003400,PMV,PLATAFORMA MELILLA VERDE,03041105.DAT
Municipales,2011,05,04201105_TOTA,091628,ESQUERRA -RI.CAT -AM,ESQUERRA REPUBLICANA DE CATALUNYA - REAGRUPAMENT - ACORD MUNICIPAL,03041105.DAT
Municipales,2011,05,04201105_TOTA,093277,PSC-PSM,PARTIT DELS SOCIALISTES DE CATALUNYA-PROGRÉS MUNICIPAL,03041105.DAT
Municipales,2011,05,04201105_TOTA,093251,PM,PARTIT DELS SOCIALISTES DE CATALUNYA (PSC-PSOE)-PROGRÉS MUNICIPAL,03041105.DAT
Municipales,2011,05,04201105_TOTA,091603,Esquerra -AM,ESQUERRA REPUBLICANA DE CATALUNYA-ACORD MUNICIPAL,03041105.DAT
Municipales,2011,05,04201105_TOTA,091986,PSC-PM,INDEPENDENTS DE SILS-PARTIT DELS SOCIALISTES DE CATALUNYA-PROGRES MUNICIPAL,03041105.DAT
Municipales,2011,05,04201105_TOTA,091577,Esquerra-AIND-AM,ESQUERRA REPUBLICANA DE CATALUNYA-ACORD INDEPENDENTISTA-ACORD MUNICIPAL,03041105.DAT
Municipales,2011,05,04201105_TOTA,091592,ESQUERRA -AM,ESQUERRA REPUBLICANA DE CATALUNYA - ACORD MUNICIPAL,03041105.DAT
Municipales,2011,05,04201105_TOTA,083390,P.I,PLATAFORMA INDEPENDIENTE,03041105.DAT
Municipales,2011,05,04201105_TOTA,091626,Esquerra+Ri.Cat - AM,ESQUERRA REPUBLICANA DE CATALUNYA + REAGRUPAMENT - ACORD MUNICIPAL,03041105.DAT
Municipales,2011,05,04201105_TOTA,093257,PSC-PM,PARTIT DELS SOCIALISTES DE CATALUNYA - PROGRES MUNICIPAL,03041105.DAT
Municipales,2011,05,04201105_TOTA,092136,IpO-Esquerra-AM,Independents per Ogassa - Esquerra Republicana de Catalunya - Acord Municipal,03041105.DAT
Municipales,2011,05,04201105_TOTA,092026,IPR-PM,INDEPENDENTS PER AL PROGRÉS DE RODA-PROGRÉS MUNICIPAL-PARTIT DELS SOCIALISTES DE CATALUNYA,03041105.DAT
Municipales,2011,05,04201105_TOTA,092373,ICV-E,INICIATIVA PER CATALUNYA VERDS - ENTESA (ICV-E),03041105.DAT
Municipales,2011,05,04201105_TOTA,173373,PdBARX,PLATAFORMA DE BARX,03041105.DAT
Municipales,2011,05,04201105_TOTA,013391,PIMOG,PLATAFORMA INDEPENDIENTE DE LOS MONTES ORIENTALES DE GRANADA,03041105.DAT
Municipales,2011,05,04201105_TOTA,003671,UMdC,UNIO MUNICIPAL DE CATALUNYA,03041105.DAT
Municipales,2011,05,04201105_TOTA,091616,ESQUERRA-ELS VERDS-AM,ESQUERRA REPUBLICANA DE CATALUNYA - ELS VERDS - ACORD MUNICIPAL,03041105.DAT
Municipales,2011,05,04201105_TOTA,003366,PCB,PLATAFORMA CIUDADANA DE BELALCAZAR,03041105.DAT
Municipales,2011,05,04201105_TOTA,090035,SAV-Esquerra-Reagrupament-AM,ACORD MUNICIPAL PER SANT ANTONI DE VILAMAJOR-ESQUERRA REPUBLICANA DE CATALUNYA-REAGRUPAMENT-ACORD MUNICIPAL.,03041105.DAT
Municipales,2011,05,04201105_TOTA,091586,Esquerra - AM,Esquerra Republicana DE Catalunya-Acord Municipal,03041105.DAT
Municipales,2011,05,04201105_TOTA,091760,GdeP-Esquerra-AM,GENT DE PALAU INDEPENDENT-ESQUERRA REPUBLICANA DE CATALUNYA-ACORD MUNICIPAL,03041105.DAT
Municipales,2011,05,04201105_TOTA,091634,Esquerra-Reagrupament-AM,ESQUERRA REPUBLICANA DE CATALUNYA- REAGRUPAMENT INDEPENDENTISTA-ACORD MUNICIPAL,03041105.DAT
Municipales,2011,05,04201105_TOTA,093410,PSC-PM,PLATAFORMA PROGRESSISTA DE BANYOLES - PARTIT DELS SOCIALISTES DE CATALUNYA-PROGRÉS MUNICIPAL,03041105.DAT
Municipales,2011,05,04201105_TOTA,093402,PXC,PLATAFORMA PER CATALUNYA,03041105.DAT
Municipales,2011,05,04201105_TOTA,091606,ESQUERRA - AM,ESQUERRA REPUBLICANA DE CATALUNYA-ACORD MUNICIPAL,03041105.DAT
Municipales,2011,05,04201105_TOTA,093479,PSC-PM,PROGRÉS PER MÓRA - PARTIT DELS SOCIALISTES DE CATALUNYA - PROGRÉS MUNICIPAL,03041105.DAT
Municipales,2011,05,04201105_TOTA,092386,ICV-EUA-E,INICIATIVA PER CATALUNYA VERDS-ESQUERRA UNIDA I ALTERNATIVA-ENTESA,03041105.DAT
Municipales,2011,05,04201105_TOTA,003391,PIMOG,PLATAFORMA INDEPENDIENTE DE LOS MONTES ORIENTALES DE GRANADA,03041105.DAT
Municipales,2011,05,04201105_TOTA,143369,P.C.L.O.,PLATAFORMA CIUDADANA LASARTE-ORIA,03041105.DAT
Municipales,2011,05,04201105_TOTA,003392,PIGH,PLATAFORMA INDEPENDIENTE GURE HERRIA,03041105.DAT
Municipales,2011,05,04201105_TOTA,003380,(PDM),PLATAFORMA DEMOCRATICA MUNICIPAL,03041105.DAT
Municipales,2011,05,04201105_TOTA,091967,IP -FIC,INDEPENDENTS DELS PALLARESOS (IP)-FEDERACIO D'INDEPENDENTS DE CATALUNYA (FIC),03041105.DAT
Municipales,2011,05,04201105_TOTA,092391,ICV-LA SEU-E,INICIATIVA PER CATALUNYA VERDS-LA SEU D'URGELL-ENTESA,03041105.DAT
Municipales,2011,05,04201105_TOTA,091623,Esquerra-Independents-AM,ESQUERRA REPUBLICANA DE CATALUNYA-INDEPENDENTS-ACORD MUNICIPAL,03041105.DAT
Municipales,2011,05,04201105_TOTA,092768,NCi,NOVA CATALUNYA INDEPENDENT,03041105.DAT
Municipales,2011,05,04201105_TOTA,003623,UASC,UN ALTRE SANT CUGAT -PLATAFORMA CIUTADANA PER A SANT CUGAT,03041105.DAT
Municipales,2011,05,04201105_TOTA,093958,P.P.CAT.,PARTIT POPULAR DE CATALUNYA,03041105.DAT
Municipales,2011,05,04201105_TOTA,093837,UPA-FIC,UNITS PER AVINYONET (U.P.A) - FEDERACIO D'INDEPENDENTS DE CATALUNYA (FIC),03041105.DAT
Municipales,2011,05,04201105_TOTA,092387,ICV-EUiA-E,INICIATIVA PER CATALUNYA VERDS-ESQUERRA UNIDA I ALTERNATIVA-ENTESA,03041105.DAT
Municipales,2011,05,04201105_TOTA,093333,PP,Partit Popular de Catalunya/Partido Popular de Catalunya,03041105.DAT
Municipales,2011,05,04201105_TOTA,092379,ICV-EUIA-E,INICIATIVA PER CATALUNYA VERDS-ESQUERRA UNIDA I ALTERNATIVA-ENTESA,03041105.DAT
Municipales,2011,05,04201105_TOTA,173409,PLATAFORMA,PLATAFORMA POR SAN ANTONIO DE BENAGÉBER,03041105.DAT
Municipales,2011,05,04201105_TOTA,092382,ICV-EUiA-E,INICIATIVA PER CATALUNYA VERDS-ESQUERRA UNIDA i ALTERNATIVA ENTESA,03041105.DAT
Municipales,2011,05,04201105_TOTA,093608,TSC-FIC,TOTS SOM CASERES - FEDERACIÓ D'INDEPENDENTS DE CATALUNYA,03041105.DAT
Municipales,2011,05,04201105_TOTA,093294,PSC-PM,PARTIT DELS SOCIALISTES DE CATALUNYA (PSC-PSOE) - PROGRÉS MUNICIPAL,03041105.DAT
Municipales,2011,05,04201105_TOTA,093822,UpB-ERC-Ri.Cat-DCat-AM,Unitat per Barcelona-ESQUERRA REPUBLICANA DE CATALUNYA-REAGRUPAMENT-DEMOCRACIA CATALANA-Acord Municipal,03041105.DAT
Municipales,2011,05,04201105_TOTA,002387,ICV-EUiA-E,INICIATIVA PER CATALUNYA VERDS-ESQUERRA UNIDA I ALTERNATIVA-ENTESA,03041105.DAT
Municipales,2011,05,04201105_TOTA,093248,PM,PARTIT DEL SOCIALISTES DE CATALUNYA-PROGRÉS MUNICIPAL,03041105.DAT
Municipales,2011,05,04201105_TOTA,003407,PLDA-AMF,PLATAFORMA POPULAR EN DEFENSA DE ANTIGUA Y ASAMBLEAS MUNICIPALES DE FUERTEVENTURA,03041105.DAT
Municipales,2011,05,04201105_TOTA,013377,PIU,PLATAFORMA DE INDEPENDIENTES UNIDOS,03041105.DAT
Municipales,2011,05,04201105_TOTA,091366,FIC,COMPROMÍS PER SANTA COLOMA(CSC) - FEDERACIÓ D'INDEPENDENTS DE CATALUNYA,03041105.DAT
Municipales,2011,05,04201105_TOTA,093386,PISVC-E,PLATAFORMA INDEPENDENT DE SANT VICENÇ DE CASTELLET - ENTESA,03041105.DAT
Municipales,2011,05,04201105_TOTA,002629,La PAC,LA PLATAFORMA ALTERNATIVA CIUTADANA DE DOSRIUS,03041105.DAT
Municipales,2011,05,04201105_TOTA,092613,JpT-Esquerra-AM,JUNTS PER TORELLÓ-ESQUERRA REPUBLICANA DE CATALUNYA-ACORD MUNICIPAL,03041105.DAT
Municipales,2011,05,04201105_TOTA,093296,PSC-PM,PARTIT DELS SOCIALISTES DE CATALUNYA (PSC-PSOE)-PROGRÉS MUNICIPAL,03041105.DAT
Municipales,2011,05,04201105_TOTA,003394,P.I.L.,PLATAFORMA INDEPENDIENTE POR LANDETE,03041105.DAT
Municipales,2011,05,04201105_TOTA,093850,UPR-FIC,UNITS PER RODA-FEDERACIO D'INDEPENDENTS DE CATALUNYA,03041105.DAT
Municipales,2011,05,04201105_TOTA,003398,+ de 1 Ciudadano,PLATAFORMA MAS DE UN CIUDADANO DE GUADALAJARA,03041105.DAT
Municipales,2011,05,04201105_TOTA,073394,P.I.L.,PLATAFORMA INDEPENDIENTE POR LANDETE,03041105.DAT
Municipales,2011,05,04201105_TOTA,001373,CONARUC,CON ARUCAS PLATAFORMA CIUDADANA CONARUC,03041105.DAT
Municipales,2011,05,04201105_TOTA,093672,UMdC,UNIÓ MUNICIPAL DE CATALUNYA,03041105.DAT
Municipales,2011,05,04201105_TOTA,091928,ICV-EUIA-E,IINICIATIVA PER CATALUNYA VERDS-ESQUERRA UNIDA I ALERNATIVA ENTESA,03041105.DAT
Municipales,2011,05,04201105_TOTA,003413,PREO,PLATAFORMA REVOLUCIONARIA DE LA OLIVA,03041105.DAT
Municipales,2011,05,04201105_TOTA,003244,PCPC,PARTIT COMUNISTA DEL POBLE DE CATALUNYA,03041105.DAT
Municipales,2011,05,04201105_TOTA,093563,Bloc Municipal,SOLIDARITAT I REAGRUPAMENT PER LA INDEPENDÈNCIA. BLOC MUNICIPAL DE CATALUNYA,03041105.DAT
Municipales,2011,05,04201105_TOTA,091757,Gent de Montornès-Esquerra-AM,GENT DE MONTORNÈS-ESQUERRA REPUBLICANA DE CATALUNYA-ACORD MUNICIPAL,03041105.DAT
Municipales,2011,05,04201105_TOTA,092372,ICV-E,INICIATIVA PER CATALUNYA VERDS - ENTESA,03041105.DAT
Municipales,2011,05,04201105_TOTA,091609,Esquerra - AMP,ESQUERRA REPUBLICANA DE CATALUNYA-ACORD MUNICIPAL,03041105.DAT
Municipales,2015,05,04201505_MESA,000070,Plataforma,AGRUPACIÓ D'ELECTORS PLATAFORMA CALERA,03041505.DAT
Municipales,2015,05,04201505_MESA,084498,P.C.P.,PLATAFORMA CIUDADANA POR PARADINAS DE SAN JUAN,03041505.DAT
Municipales,2015,05,04201505_MESA,094418,P.P.,PARTIT POPULAR DE CATALUNYA,03041505.DAT
Municipales,2015,05,04201505_MESA,094419,P.P.,Partit Popular de Catalunya / Partido Popular de C,03041505.DAT
Municipales,2015,05,04201505_MESA,094420,P.P.,Partit Popular de Catalunya/ Partido Popular de Ca,03041505.DAT
Municipales,2015,05,04201505_MESA,094421,PP,Partit Popular de Catalunya/ Partido Popular de Ca,03041505.DAT
Municipales,2015,05,04201505_MESA,094422,P.P.,Partit Popular de Catalunya/Partido Popular de Cat,03041505.DAT
Municipales,2015,05,04201505_MESA,094423,PP,Partit Popular de Catalunya/Partido Popular de Cat,03041505.DAT
Municipales,2015,05,04201505_MESA,094424,P.P.,PARTIT POPULAR DE CATALUNYA - PARTIDO POPULAR DE C,03041505.DAT
Municipales,2015,05,04201505_MESA,094425,PP,PARTIT POPULAR DE CATALUNYA - PARTIDO POPULAR DE C,03041505.DAT
Municipales,2015,05,04201505_MESA,094426,pp,PARTIT POPULAR DE CATALUNYA / PARTIDO POPULAR DE C,03041505.DAT
Municipales,2015,05,04201505_MESA,094427,P.P.,PARTIT POPULAR DE CATALUNYA / PARTIDO POPULAR DE C,03041505.DAT
Municipales,2015,05,04201505_MESA,094428,PP,PARTIT POPULAR DE CATALUNYA / PARTIDO POPULAR DE C,03041505.DAT
Municipales,2015,05,04201505_MESA,094429,PP,PARTIT POPULAR DE CATALUNYA / PARTIDO POPULAR DE C,03041505.DAT
Municipales,2015,05,04201505_MESA,094430,P.P.,PARTIT POPULAR DE CATALUNYA- PARTIDO POPULAR DE CA,03041505.DAT
Municipales,2015,05,04201505_MESA,094431,P.P.,PARTIT POPULAR DE CATALUNYA-PARTIDO POPULAR DE CAT,03041505.DAT
Municipales,2015,05,04201505_MESA,094432,PP,PARTIT POPULAR DE CATALUNYA-PARTIDO POPULAR DE CAT,03041505.DAT
Municipales,2015,05,04201505_MESA,094433,PP,PARTIT POPULAR DE CATALUNYA-PARTIDO POPULAR DE CAT,03041505.DAT
Municipales,2015,05,04201505_MESA,094434,PP,PARTIT POPULAR DE CATALUNYA/ PARTIDO POPULAR DE CA,03041505.DAT
Municipales,2015,05,04201505_MESA,094435,P.P.,PARTIT POPULAR DE CATALUNYA/PARTIDO POPULAR DE CAT,03041505.DAT
Municipales,2015,05,04201505_MESA,094436,PP,PARTIT POPULAR DE CATALUNYA/PARTIDO POPULAR DE CAT,03041505.DAT
Municipales,2015,05,04201505_MESA,094437,P.P.,PARTIT POPULAR DE CATALUNYA / PARTIDO POPULAR DE C,03041505.DAT
Municipales,2015,05,04201505_MESA,094438,P.P.,Partit Popular de Catalunya/Partido Popular de Cat,03041505.DAT
Municipales,2015,05,04201505_MESA,094439,P.P.,PARTIT POPULAR DE CATALUNYA / PARTIDO POPULAR DE C,03041505.DAT
Municipales,2015,05,04201505_MESA,094440,PP,PARTIT POPULAR DE CATALUNYA / PARTIDO POPULAR DE C,03041505.DAT
Municipales,2015,05,04201505_MESA,094441,P.P.,PARTIT POPULAR DE CATALUNYA /PARTIDO POPULAR DE CA,03041505.DAT
Municipales,2015,05,04201505_MESA,094442,PP,PARTIT POPULAR DE CATALUNYA/PARTIDO POPULAR DE CAT,03041505.DAT
Municipales,2015,05,04201505_MESA,094443,P.P.,Partit Popular de Catalunya/ Partido Pupular de Ca,03041505.DAT
Municipales,2015,05,04201505_MESA,094444,PP,PARTIT POPULAR DE CATALUNYA / PATIDO POPULAR DE CA,03041505.DAT
Municipales,2015,05,04201505_MESA,094462,PSC-CP,PARTIT SOCIALISTES DE CATALUNYA- CANDIDATURA DE PR,03041505.DAT
Municipales,2015,05,04201505_MESA,094471,PC-PSC-CP,PER CERVERA-PARTIT DELS SOCIALISTES DE CATALUNYA-C,03041505.DAT
Municipales,2015,05,04201505_MESA,094500,P.C.P.B.,PLATAFORMA CIUTADANA PER BARBERA,03041505.DAT
Municipales,2015,05,04201505_MESA,094501,PCDR,PLATAFORMA CIVICA DE CASTELLÓ I EMPURIABRAVA,03041505.DAT
Municipales,2015,05,04201505_MESA,094502,PCDR,PLATAFORMA CIVICA DE ROSES,03041505.DAT
Municipales,2015,05,04201505_MESA,094503,PCCA,PLATAFORMA CIVICA SANTA PERPETUA,03041505.DAT
Municipales,2015,05,04201505_MESA,094504,PCCA,PLATAFORMA CÍVICA SILS,03041505.DAT
Municipales,2015,05,04201505_MESA,094507,PDxC,PLATAFORMA DEMOCRÀTICA PER CATALUNYA,03041505.DAT
Municipales,2015,05,04201505_MESA,094510,PLAMIMO,PLATAFORMA IMPULSO MIAMI-MONT ROIG,03041505.DAT
Municipales,2015,05,04201505_MESA,094511,GENT PER SA,PLATAFORMA INDEPENDENT GENT PER SALT,03041505.DAT
Municipales,2015,05,04201505_MESA,094512,PICaldes,PLATAFORMA INDEPENDENT PER CALDES,03041505.DAT
Municipales,2015,05,04201505_MESA,094519,PxC,PLATAFORMA PER CATALUNYA,03041505.DAT
Municipales,2015,05,04201505_MESA,094520,PXC&VECINOS,PLATAFORMA PER CATALUNYA&VECINOS DE SANTA COLOMA,03041505.DAT
Municipales,2015,05,04201505_MESA,094523,PUC-AM,PLATAFORMA UNITS PER CASTELLOLÍ-ACORD MUNICIPAL,03041505.DAT
Municipales,2015,05,04201505_MESA,094527,PLVI,PLATAFORMA VIGATANA,03041505.DAT
Municipales,2015,05,04201505_MESA,094900,SOM TONA -,SOM TONA - INICIATIVA PER CATALUNYA VERDS - ESQUER,03041505.DAT
Municipales,2015,05,04201505_MESA,095022,UASC,UN ALTRE SANT CUGAT - PLATAFORMA CIUTADANA PER A S,03041505.DAT
Municipales,2015,05,04201505_MESA,074494,P.C.d.T.,PLATAFORMA CIUDADANA DE TOBARRA,03041505.DAT
Municipales,2015,05,04201505_MESA,074525,PVISCM,PLATAFORMA VECINAL INDEPENDIENTE DE SANTA CRUZ DE,03041505.DAT
Municipales,2015,05,04201505_MESA,090070,Plataforma,AGRUPACIÓ D'ELECTORS PLATAFORMA CALERA,03041505.DAT
Municipales,2015,05,04201505_MESA,095086,UMdC,UNIO MUNICIPAL DE CATALUNYA,03041505.DAT
Municipales,2015,05,04201505_MESA,095087,UMdC,UNIÓ MUNICIPAL DE CATALUNYA,03041505.DAT
Municipales,2015,05,04201505_MESA,095182,UA-PSC-CP,UNITAT D'ARAN-PARTIT DELS SOCIALISTES DE CATALUNYA,03041505.DAT
Municipales,2015,05,04201505_MESA,095183,UA-PSC-CP,UNITAT D'ARAN-PARTIT DELS SOCIALISTES DE CATALUNYA,03041505.DAT
Municipales,2015,05,04201505_MESA,095184,UA-PSC-CP,UNITAT D'ARAN-PARTIT DELS SOCIALISTES DE CATALUNYA,03041505.DAT
Municipales,2015,05,04201505_MESA,090984,Ametlla't -,AMETLLA'T -ESQUERRA REPUBLICANA DE CATALUNYA-ACORD,03041505.DAT
Municipales,2015,05,04201505_MESA,093068,ICV-EUiA-E,INICIATIVA PER CATALUNYA ELS VERDS - ESQUERRA UNID,03041505.DAT
Municipales,2015,05,04201505_MESA,093069,ICV-IdB-E,INICIATIVA PER CATALUNYA ELS VERDS - INDEPENDENTS,03041505.DAT
Municipales,2015,05,04201505_MESA,172228,EUPV-PUG:AC,ESQUERRA UNIDA PAIS VALENCIA-PLATAFORMA DE URBANIZ,03041505.DAT
Municipales,2015,05,04201505_MESA,091010,ARA TARRAGO,ARACATALUNYA,03041505.DAT
Municipales,2015,05,04201505_MESA,091023,Ara Mollet,ARA MOLLET - ESQUERRA REPUBLICANA DE CATALUNYA - M,03041505.DAT
Municipales,2015,05,04201505_MESA,091026,Ara Parets-,ARA PARETS - ESQUERRA REPUBLICANA DE CATALUNYA - A,03041505.DAT
Municipales,2015,05,04201505_MESA,091171,Bloc Munici,BLOC MUNICIPAL DE CATALUNYA,03041505.DAT
Municipales,2015,05,04201505_MESA,091172,BLOC MUNICI,BLOC MUNICIPAL DE CATALUNYA,03041505.DAT
Municipales,2015,05,04201505_MESA,091173,BLOC MUNICI,BLOC MUNICIPAL DE CATALUNYA - INDEPENDENTS PER SAN,03041505.DAT
Municipales,2015,05,04201505_MESA,091189,BV - ERC -,BRUC VIU - ESQUERRA REPUBLICANA DE CATALUNYA - ACO,03041505.DAT
Municipales,2015,05,04201505_MESA,091246,+C-ERC-AM,+ CAMPRODON-ESQUERRA REPUBLICANA DE CATALUNYA-ACOR,03041505.DAT
Municipales,2015,05,04201505_MESA,093070,ICV-EUiA-E,INICIATIVA PER CATALUNYA VERDA-ESQUERRA UNIDA I AL,03041505.DAT
Municipales,2015,05,04201505_MESA,093071,IC-V,INICIATIVA PER CATALUNYA VERDS,03041505.DAT
Municipales,2015,05,04201505_MESA,093072,E,INICIATIVA PER CATALUNYA VERDS - ENTESA,03041505.DAT
Municipales,2015,05,04201505_MESA,093073,ICV - E,INICIATIVA PER CATALUNYA VERDS - ENTESA,03041505.DAT
Municipales,2015,05,04201505_MESA,093074,ICV-E,INICIATIVA PER CATALUNYA VERDS - ENTESA,03041505.DAT
Municipales,2015,05,04201505_MESA,093075,ICV-E,INICIATIVA PER CATALUNYA VERDS-ENTESA,03041505.DAT
Municipales,2015,05,04201505_MESA,093076,ICV-EUiA-E,INICIATIVA PER CATALUNYA VERDS-ESQUERRA UNIDA ALTE,03041505.DAT
Municipales,2015,05,04201505_MESA,093077,ICV-EUiA- E,INICIATIVA PER CATALUNYA VERDS-ESQUERRA UNIDA i AL,03041505.DAT
Municipales,2015,05,04201505_MESA,093078,ICV-EUiA-E,INICIATIVA PER CATALUNYA VERDS-ESQUERRA UNIDA i AL,03041505.DAT
Municipales,2015,05,04201505_MESA,093079,ICV -EUiA-E,INICIATIVA PER CATALUNYA VERDS - ESQUERRA UNIDA I,03041505.DAT
Municipales,2015,05,04201505_MESA,093080,ICV-EUiA- E,INICIATIVA PER CATALUNYA VERDS - ESQUERRA UNIDA I,03041505.DAT
Municipales,2015,05,04201505_MESA,093081,ICV-EUiA-E,INICIATIVA PER CATALUNYA VERDS - ESQUERRA UNIDA I,03041505.DAT
Municipales,2015,05,04201505_MESA,093082,ICV - EUIA,INICIATIVA PER CATALUNYA VERDS - ESQUERRA UNIDA I,03041505.DAT
Municipales,2015,05,04201505_MESA,093083,ICV-EUIA-E,INICIATIVA PER CATALUNYA VERDS - ESQUERRA UNIDA I,03041505.DAT
Municipales,2015,05,04201505_MESA,093084,ICV-EUIA-E,INICIATIVA PER CATALUNYA VERDS - ESQUERRA UNIDA I,03041505.DAT
Municipales,2015,05,04201505_MESA,093085,ICV-EUiA-E,INICIATIVA PER CATALUNYA VERDS -ESQUERRA UNIDA I A,03041505.DAT
Municipales,2015,05,04201505_MESA,093086,ICV-EUIA-E,INICIATIVA PER CATALUNYA VERDS- ESQUERRA UNIDA I A,03041505.DAT
Municipales,2015,05,04201505_MESA,093087,ICV-EUiA-E,INICIATIVA PER CATALUNYA VERDS- ESQUERRA UNIDA I A,03041505.DAT
Municipales,2015,05,04201505_MESA,093088,ICV-EUA-E,INICIATIVA PER CATALUNYA VERDS-ESQUERRA UNIDA I AL,03041505.DAT
Municipales,2015,05,04201505_MESA,093089,ICV-EUiA-E,INICIATIVA PER CATALUNYA VERDS-ESQUERRA UNIDA I AL,03041505.DAT
Municipales,2015,05,04201505_MESA,093090,ICV-EUiA.E,INICIATIVA PER CATALUNYA VERDS-ESQUERRA UNIDA I AL,03041505.DAT
Municipales,2015,05,04201505_MESA,093091,ICV-EUIA-E,INICIATIVA PER CATALUNYA VERDS-ESQUERRA UNIDA I AL,03041505.DAT
Municipales,2015,05,04201505_MESA,093092,ICV-EUIA-E,INICIATIVA PER CATALUNYA VERDS-ESQUERRA UNIDA I AL,03041505.DAT
Municipales,2015,05,04201505_MESA,093093,ICV-EUA-EP-,INICIATIVA PER CATALUNYA VERDS-ESQUERRA UNIDA I AL,03041505.DAT
Municipales,2015,05,04201505_MESA,093094,ICV-EUiA-E,INICIATIVA PER CATALUNYA VERDS-ESQUERRA UNIDA I AL,03041505.DAT
Municipales,2015,05,04201505_MESA,093095,ICV-EUiA-EP,INICIATIVA PER CATALUNYA VERDS-ESQUERRA UNIDA I AL,03041505.DAT
Municipales,2015,05,04201505_MESA,093096,ICV-EUiA-ME,INICIATIVA PER CATALUNYA VERDS-ESQUERRA UNIDA I AL,03041505.DAT
Municipales,2015,05,04201505_MESA,093097,ICV-EUiA-ME,INICIATIVA PER CATALUNYA VERDS-ESQUERRA UNIDA I AL,03041505.DAT
Municipales,2015,05,04201505_MESA,093098,IC-V-EUiA-P,INICIATIVA PER CATALUNYA VERDS-ESQUERRA UNIDA I AL,03041505.DAT
Municipales,2015,05,04201505_MESA,093099,ICV-EUiA-Pi,INICIATIVA PER CATALUNYA VERDS-ESQUERRA UNIDA i AL,03041505.DAT
Municipales,2015,05,04201505_MESA,093100,ICV - EUIA,INICIATIVA PER CATALUNYA VERDS - ESQUERRA UNIDA I,03041505.DAT
Municipales,2015,05,04201505_MESA,093101,ICV-EUiA-E,INICIATIVA PER CATALUNYA VERDS-ESQUERRA UNIDA I AL,03041505.DAT
Municipales,2015,05,04201505_MESA,093102,ICV-ME-AS C,INICIATIVA PER CATALUNYA VERDS-MOVIMENT D'ESQUERRE,03041505.DAT
Municipales,2015,05,04201505_MESA,124515,PIM-VILLALB,PLATAFORMA INDEPENDIENTE MUNICIPAL DE VILLALBILLA,03041505.DAT
Municipales,2015,05,04201505_MESA,124517,PLAN,PLATAFORMA LIBERAL DE ACTITUDES NUEVAS,03041505.DAT
Municipales,2015,05,04201505_MESA,124518,PLoC,PLATAFORMA LOCAL CIUDADANA,03041505.DAT
Municipales,2015,05,04201505_MESA,091498,ICV-EUiA-E,COALICIO ELECTORAL INICIATIVA PER CATALUNYA VERDS-,03041505.DAT
Municipales,2015,05,04201505_MESA,091499,ICV-EUiA-E,COALICIO INICIATIVA PER CATALUNYA VERDS-ESQUERRA U,03041505.DAT
Municipales,2015,05,04201505_MESA,091555,CSJ-ICV-ME-,COMPROMÍS AMB SANT JOAN-INICIATIVA PER CATALUNYA V,03041505.DAT
Municipales,2015,05,04201505_MESA,134505,PDL,PLATAFORMA DE LERIN,03041505.DAT
Municipales,2015,05,04201505_MESA,174509,PLATAFORMA-,PLATAFORMA-GUANYEM SAB PER ALS VEÏNS: COMPROMÍS,03041505.DAT
Municipales,2015,05,04201505_MESA,092011,EB-ICV-E,ENTESA BEGUES-INICIATIVA PER CATALUNYA VERDS-ENTES,03041505.DAT
Municipales,2015,05,04201505_MESA,140849,AHP,ALDATUZ HERRI PLATAFORMA,03041505.DAT
Municipales,2015,05,04201505_MESA,092099,ERC-AM,ESQUERRA REPUBLICANA CATALUNYA ACORD MUNICIPAL,03041505.DAT
Municipales,2015,05,04201505_MESA,092100,ERC - AM,ESQUERRA REPUBLICANA DE CATALUNYA,03041505.DAT
Municipales,2015,05,04201505_MESA,092101,ERC- AG - A,ESQUERRA REPUBLICANA DE CATALUNYA-ACCIO GRANOLLERS,03041505.DAT
Municipales,2015,05,04201505_MESA,092102,ERC - AM,Esquerra Republicana de Catalunya - Acord Municipa,03041505.DAT
Municipales,2015,05,04201505_MESA,092103,ERC-AM,Esquerra Republicana de Catalunya - Acord Municipa,03041505.DAT
Municipales,2015,05,04201505_MESA,092104,ERC - AM,Esquerra Republicana de Catalunya- Acord Municipal,03041505.DAT
Municipales,2015,05,04201505_MESA,092105,ERC- AM,Esquerra Republicana de Catalunya- Acord Municipal,03041505.DAT
Municipales,2015,05,04201505_MESA,092106,ERC - AM,Esquerra Republicana de Catalunya-Acord Municipal,03041505.DAT
Municipales,2015,05,04201505_MESA,092107,ERC-AM,Esquerra Republicana de Catalunya-Acord Municipal,03041505.DAT
Municipales,2015,05,04201505_MESA,092108,ERC-AM,ESQUERRA REPUBLICANA DE CATALUNYA- ACORD MUNICIPAL,03041505.DAT
Municipales,2015,05,04201505_MESA,092109,AM-ERC-AM,ESQUERRA REPUBLICANA DE CATALUNYA-ACORD MUNICIPAL,03041505.DAT
Municipales,2015,05,04201505_MESA,092110,ERC - AM,ESQUERRA REPUBLICANA DE CATALUNYA-ACORD MUNICIPAL,03041505.DAT
Municipales,2015,05,04201505_MESA,092111,ERC -AM,ESQUERRA REPUBLICANA DE CATALUNYA-ACORD MUNICIPAL,03041505.DAT
Municipales,2015,05,04201505_MESA,092112,ERC / AM,ESQUERRA REPUBLICANA DE CATALUNYA-ACORD MUNICIPAL,03041505.DAT
Municipales,2015,05,04201505_MESA,092113,ERC AM,ESQUERRA REPUBLICANA DE CATALUNYA-ACORD MUNICIPAL,03041505.DAT
Municipales,2015,05,04201505_MESA,092114,ERC- AM,ESQUERRA REPUBLICANA DE CATALUNYA-ACORD MUNICIPAL,03041505.DAT
Municipales,2015,05,04201505_MESA,092115,ERC-AM,ESQUERRA REPUBLICANA DE CATALUNYA-ACORD MUNICIPAL,03041505.DAT
Municipales,2015,05,04201505_MESA,092116,ERC / ESQUE,ESQUERRA REPUBLICANA DE CATALUNYA-ACORD MUNICIPAL,03041505.DAT
Municipales,2015,05,04201505_MESA,092117,ERC-AM,ESQUERRA REPUBLICANA DE CATALUNYA-ACORD MUNICIPAL.,03041505.DAT
Municipales,2015,05,04201505_MESA,092118,ERC / ESQUE,ESQUERRA REPUBLICANA DECATALUNYA-ACORD MUNICIPAL,03041505.DAT
Municipales,2015,05,04201505_MESA,092119,ERC - AM,Esquerra Repúblicana de Catalunya - Acord Municipa,03041505.DAT
Municipales,2015,05,04201505_MESA,092120,ERC-AM,ESQUERRA REPUBLICANA DE CATALUNYA-ACORD MUNICPAL,03041505.DAT
Municipales,2015,05,04201505_MESA,092121,ERC - AM -,ESQUERRA REPUBLICANA DE CATALUNYA-ACORD PEL MASNOU,03041505.DAT
Municipales,2015,05,04201505_MESA,092122,ERC - Avanc,ESQUERRA REPUBLICANA DE CATALUNYA-AVANCEM-ACORD MU,03041505.DAT
Municipales,2015,05,04201505_MESA,092123,ERC - AVANC,ESQUERRA REPUBLICANA DE CATALUNYA-AVANCEM-ACORD MU,03041505.DAT
Municipales,2015,05,04201505_MESA,092124,ERC / AVANC,ESQUERRA REPUBLICANA DE CATALUNYA-AVANCEM-ACORD MU,03041505.DAT
Municipales,2015,05,04201505_MESA,092125,ERC-AVANCEM,ESQUERRA REPUBLICANA DE CATALUNYA-AVANCEM-ACORD MU,03041505.DAT
Municipales,2015,05,04201505_MESA,092126,ERC-AVANCEM,ESQUERRA REPUBLICANA DE CATALUNYA-AVANCEM-MOVIMENT,03041505.DAT
Municipales,2015,05,04201505_MESA,092127,ERC-EV-DG-A,ESQUERRA REPUBLICANA DE CATALUNYA-ELS VERDS-DECIDI,03041505.DAT
Municipales,2015,05,04201505_MESA,092128,ERC - GdT -,ESQUERRA REPUBLICANA DE CATALUNYA-GENT DE TORDERA-,03041505.DAT
Municipales,2015,05,04201505_MESA,092129,ERC-GxE-Ava,ESQUERRA REPUBLICANA DE CATALUNYA-GENT PER ESPLUGU,03041505.DAT
Municipales,2015,05,04201505_MESA,092130,ERC-Gramene,ESQUERRA REPUBLICANA DE CATALUNYA-GRAMENET SI-ACOR,03041505.DAT
Municipales,2015,05,04201505_MESA,092131,ERC - GIR -,ESQUERRA REPUBLICANA DE CATALUNYA-GRUP INDEPENDENT,03041505.DAT
Municipales,2015,05,04201505_MESA,092132,ERC - GIR -,ESQUERRA REPUBLICANA DE CATALUNYA-GRUP INDEPENDENT,03041505.DAT
Municipales,2015,05,04201505_MESA,092133,ERC- Indepe,ESQUERRA REPUBLICANA DE CATALUNYA-Independents-ACO,03041505.DAT
Municipales,2015,05,04201505_MESA,092134,ERC - IxStE,ESQUERRA REPUBLICANA DE CATALUNYA-INDEPENDENTS PER,03041505.DAT
Municipales,2015,05,04201505_MESA,092135,ERC-JUNTS@T,ESQUERRA REPUBLICANA DE CATALUNYA-JUNTS A TORROELL,03041505.DAT
Municipales,2015,05,04201505_MESA,092136,ERC - JFM -,ESQUERRA REPUBLICANA DE CATALUNYA-JUNTS FEM MANLLE,03041505.DAT
Municipales,2015,05,04201505_MESA,092137,ERC - JxE -,ESQUERRA REPUBLICANA DE CATALUNYA-JUNTS PER L'ESCA,03041505.DAT
Municipales,2015,05,04201505_MESA,092138,ERC - Junts,ESQUERRA REPUBLICANA DE CATALUNYA-JUNTS PER LLIÇÀ,03041505.DAT
Municipales,2015,05,04201505_MESA,092139,ERC - Junts,ESQUERRA REPUBLICANA DE CATALUNYA-JUNTS PER PINEDA,03041505.DAT
Municipales,2015,05,04201505_MESA,092140,ERC-JpR-AM,ESQUERRA REPUBLICANA DE CATALUNYA-JUNTS PER RIPOLL,03041505.DAT
Municipales,2015,05,04201505_MESA,092141,ERC -JpT-AM,ESQUERRA REPUBLICANA DE CATALUNYA-JUNTS PER TORELL,03041505.DAT
Municipales,2015,05,04201505_MESA,092142,ERC - JxP -,ESQUERRA REPUBLICANA DE CATALUNYA-JUNTS X PREMIÀ-A,03041505.DAT
Municipales,2015,05,04201505_MESA,092143,ERC-MES- AM,ESQUERRA REPUBLICANA DE CATALUNYA-Moviment d'Esque,03041505.DAT
Municipales,2015,05,04201505_MESA,092144,ERC - MES -,Esquerra Republicana de Catalunya - Moviment d'Esq,03041505.DAT
Municipales,2015,05,04201505_MESA,092145,ERC-MES-AM,Esquerra Republicana de Catalunya-Moviment d'Esque,03041505.DAT
Municipales,2015,05,04201505_MESA,092146,ERC-MES-AM,ESQUERRA REPUBLICANA DE CATALUNYA-MOVIMENT D'ESQUE,03041505.DAT
Municipales,2015,05,04201505_MESA,092147,ERC - MES -,ESQUERRA REPUBLICANA DE CATALUNYA-MOVIMENT D'ESQUE,03041505.DAT
Municipales,2015,05,04201505_MESA,092148,ERC-MES -AM,ESQUERRA REPUBLICANA DE CATALUNYA-MOVIMENT D'ESQUE,03041505.DAT
Municipales,2015,05,04201505_MESA,092149,ERC - MES -,ESQUERRA REPUBLICANA DE CATALUNYA-MOVIMENT D'ESQUE,03041505.DAT
Municipales,2015,05,04201505_MESA,092150,ERC-MES-Bcn,ESQUERRA REPUBLICANA DE CATALUNYA-MOVIMENT D'ESQUE,03041505.DAT
Municipales,2015,05,04201505_MESA,092151,ERC-MES-MDC,ESQUERRA REPUBLICANA DE CATALUNYA-MOVIMENT D'ESQUE,03041505.DAT
Municipales,2015,05,04201505_MESA,092152,ERC - MESxB,ESQUERRA REPUBLICANA DE CATALUNYA-MOVIMENT D'ESQUE,03041505.DAT
Municipales,2015,05,04201505_MESA,092153,ERC - MES p,ESQUERRA REPUBLICANA DE CATALUNYA-MOVIMENT D' ESQU,03041505.DAT
Municipales,2015,05,04201505_MESA,092154,ERC - MESxF,ESQUERRA REPUBLICANA DE CATALUNYA-MOVIMENT D'ESQUE,03041505.DAT
Municipales,2015,05,04201505_MESA,092155,ERC - MES x,ESQUERRA REPUBLICANA DE CATALUNYA-MOVIMENT D'ESQUE,03041505.DAT
Municipales,2015,05,04201505_MESA,092156,ERC - MESxV,ESQUERRA REPUBLICANA DE CATALUNYA-MOVIMENT D'ESQUE,03041505.DAT
Municipales,2015,05,04201505_MESA,092157,ERC-SSE-AM,ESQUERRA REPUBLICANA DE CATALUNYA-SANTA SUSANNA EN,03041505.DAT
Municipales,2015,05,04201505_MESA,092158,ERC- SOM VI,ESQUERRA REPUBLICANA DE CATALUNYA-SOM VIC-ACORD MU,03041505.DAT
Municipales,2015,05,04201505_MESA,092159,ERC- SV- AM,ESQUERRA REPUBLICANA DE CATALUNYA-SOM VILANOVA-ACO,03041505.DAT
Municipales,2015,05,04201505_MESA,092160,ERC + SxA -,ESQUERRA REPUBLICANA DE CATALUNYA + SUMEM PER ALEL,03041505.DAT
Municipales,2015,05,04201505_MESA,092161,ERC-GURB-AM,ESQUERRA REPUBLICANA DE CATALUNYA-UNITS PER GURB-A,03041505.DAT
Municipales,2015,05,04201505_MESA,092162,ERC - VdMdS,ESQUERRA REPUBLICANA DE CATALUNYA-VILASSAR DE MAR,03041505.DAT
Municipales,2015,05,04201505_MESA,092233,ERC-AM,ESQUERRRA REPUBLICANA DE CATALUNYA-ACORD MUNICIPAL,03041505.DAT
Municipales,2015,05,04201505_MESA,092270,F.I.C.,FEDERACIO D'INDEPENDENTS DE CATALUNYA,03041505.DAT
Municipales,2015,05,04201505_MESA,092271,FIC,FEDERACIO D'INDEPENDENTS DE CATALUNYA,03041505.DAT
Municipales,2015,05,04201505_MESA,092272,FIC,FEDERACIO D'INDEPENDENTS DE CATALUNYA - FIC,03041505.DAT
Municipales,2015,05,04201505_MESA,092290,FV - ICV -,FEM VILADECAVALLS -INICIATIVA PER CATALUNYA VERDS,03041505.DAT
Municipales,2015,05,04201505_MESA,092296,FLIX TEU- F,FLIXTEU - FEDERACIO D'INDEPENDENTS DE CATALUNYA FI,03041505.DAT
Municipales,2015,05,04201505_MESA,092517,GE-ICV-EUiA,GENT D'ESQUERRES-INICIATIVA PER CATALUNYA VERDS-ES,03041505.DAT
Municipales,2015,05,04201505_MESA,095337,VIC PER A T,VIC PER A TOTS - INICIATIVA PER CATALUNYA VERDS -,03041505.DAT
Municipales,2015,05,04201505_MESA,144496,GVG,PLATAFORMA CIUDADANA GASTORIA VG,03041505.DAT
Municipales,2015,05,04201505_MESA,144514,PIGH,PLATAFORMA INDEPENDIENTE GURE HERRIA,03041505.DAT
Municipales,2015,05,04201505_MESA,092724,I Celrà - E,I CELRÀ - ESQUERRA REPUBLICANA DE CATALUNYA - ACOR,03041505.DAT
Municipales,2015,05,04201505_MESA,092739,ICV-E,INCIATIVA PER CATALUNYA VERDS - ENTESA,03041505.DAT
Municipales,2015,05,04201505_MESA,092740,ICV-EUiA-E,INCIATIVA PER CATALUNYA VERDS-ESQUERRA UNIDA I ALT,03041505.DAT
Municipales,2015,05,04201505_MESA,092795,Independent,INDEPENDENTS - ESQUERRA REPUBLICANA DE CATALUNYA -,03041505.DAT
Municipales,2015,05,04201505_MESA,104497,P.C.G.,PLATAFORMA CIUDADANA POR GUAREÑA,03041505.DAT
Municipales,2015,05,04201505_MESA,104521,P.S.D.G.,PLATAFORMA SOCIALISTA DEMOCRATICA DE GARROVILLAS,03041505.DAT
Municipales,2015,05,04201505_MESA,104526,PLATAFORMA,PLATAFORMA VECINAL VALVIENSE,03041505.DAT
Municipales,2015,05,04201505_MESA,110285,APAC,AGRUPACION DE ELECTORES PLATAFORMA ABERTA CIDADA D,03041505.DAT
Municipales,2015,05,04201505_MESA,093790,La PAC,LA PLATAFORMA ALTERNATIVA CIUTADANA DE DOSRIUS,03041505.DAT
Municipales,2015,05,04201505_MESA,093954,MOVEM-E,MOVEM CASTELLDEFELS-INICIATIVA PER CATALUNYA VERDS,03041505.DAT
Municipales,2015,05,04201505_MESA,093968,MV - E,MOVEM VACARISSES - INICIATIVA PER CATALUNYA VERDS,03041505.DAT
Municipales,2015,05,04201505_MESA,112311,F.P.F.,"FOZ, PLATAFORMA DE FUTURO",03041505.DAT
Municipales,2015,05,04201505_MESA,094060,OLÓ SOM TOT,OLÓ SOM TOTS-ESQUERRA REPUBLICANA DE CATALUNYA-ACO,03041505.DAT
Municipales,2015,05,04201505_MESA,094257,PP,PARTIDO POPULAR DE CATALUNYA,03041505.DAT
Municipales,2015,05,04201505_MESA,094258,P.P.,Partido Popular de Catalunya / Partido Popular de,03041505.DAT
Municipales,2015,05,04201505_MESA,094259,PP,PARTIDO POPULAR DE CATALUNYA / PARTIDO POPULAR DE,03041505.DAT
Municipales,2015,05,04201505_MESA,094260,PP,PARTIDO POPULAR DE CATALUNYA/PARTIDO POPULAR DE CA,03041505.DAT
Municipales,2015,05,04201505_MESA,094365,PCPC,PARTIT COMUNISTA DEL POBLE DE CATALUNYA,03041505.DAT
Municipales,2015,05,04201505_MESA,094366,PCPC,PARTIT COMUNISTA DEL POBLE DE CATALUNYA (PCPC),03041505.DAT
Municipales,2015,05,04201505_MESA,094369,PSC-CP,PARTIT DEL SOCIALISTES DE CATALUNYA-CANDIDATURA DE,03041505.DAT
Municipales,2015,05,04201505_MESA,094370,PSC-CP,PARTIT DELS SOCIALISTES DE CATALUNYA-CANDIDATURA D,03041505.DAT
Municipales,2015,05,04201505_MESA,094371,PSC-CP,PARTIT DELS SOCIALISTES DE CATALUNYA -CANDIDATURA,03041505.DAT
Municipales,2015,05,04201505_MESA,094372,PSC-CP,PARTIT DELS SOCIALISTES DE CATALUNYA -CANDIDATURA,03041505.DAT
Municipales,2015,05,04201505_MESA,094373,PSC-CP,PARTIT DELS SOCIALISTES DE CATALUNYA -CANDIDATURA,03041505.DAT
Municipales,2015,05,04201505_MESA,094374,PSC-CP,PARTIT DELS SOCIALISTES DE CATALUNYA-CANDIDATURA D,03041505.DAT
Municipales,2015,05,04201505_MESA,094375,PSC-CP,Partit dels Socialistes de Catalunya- Candidatura,03041505.DAT
Municipales,2015,05,04201505_MESA,094376,CP,PARTIT DELS SOCIALISTES DE CATALUNYA - CANDIDATURA,03041505.DAT
Municipales,2015,05,04201505_MESA,094377,PSC - CP,PARTIT DELS SOCIALISTES DE CATALUNYA - CANDIDATURA,03041505.DAT
Municipales,2015,05,04201505_MESA,094378,PSC- CP,PARTIT DELS SOCIALISTES DE CATALUNYA - CANDIDATURA,03041505.DAT
Municipales,2015,05,04201505_MESA,094379,PSC-CP,PARTIT DELS SOCIALISTES DE CATALUNYA - CANDIDATURA,03041505.DAT
Municipales,2015,05,04201505_MESA,094380,PSC-CP,PARTIT DELS SOCIALISTES DE CATALUNYA -CANDIDATURA,03041505.DAT
Municipales,2015,05,04201505_MESA,094381,PSC-CP,PARTIT DELS SOCIALISTES DE CATALUNYA- CANDIDATURA,03041505.DAT
Municipales,2015,05,04201505_MESA,094382,PSC,PARTIT DELS SOCIALISTES DE CATALUNYA-CANDIDATURA D,03041505.DAT
Municipales,2015,05,04201505_MESA,094383,PSC - CP,PARTIT DELS SOCIALISTES DE CATALUNYA-CANDIDATURA D,03041505.DAT
Municipales,2015,05,04201505_MESA,094384,PSC-CP,PARTIT DELS SOCIALISTES DE CATALUNYA-CANDIDATURA D,03041505.DAT
Municipales,2015,05,04201505_MESA,094385,PSC-PMC,PARTIT DELS SOCIALISTES DE CATALUNYA-CANDIDATURA D,03041505.DAT
Municipales,2015,05,04201505_MESA,094386,PSC - CP,PARTIT DELS SOCIALISTES DE CATALUNYA - CANDIDATURA,03041505.DAT
Municipales,2015,05,04201505_MESA,094387,PSC-CP,PARTIT DELS SOCIALISTES DE CATALUNYA - CANDIDATURA,03041505.DAT
Municipales,2015,05,04201505_MESA,094388,PSC- PM,PARTIT DELS SOCIALISTES DE CATALUNYA - CANDIDATURA,03041505.DAT
Municipales,2015,05,04201505_MESA,094389,PSC-CP,PARTIT DELS SOCIALISTES DE CATALUNYA -CANDIDATURA,03041505.DAT
Municipales,2015,05,04201505_MESA,094390,PSC-CP,PARTIT DELS SOCIALISTES DE CATALUNYA- CANDIDATURA,03041505.DAT
Municipales,2015,05,04201505_MESA,094391,PSC- CP,PARTIT DELS SOCIALISTES DE CATALUNYA-CANDIDATURA D,03041505.DAT
Municipales,2015,05,04201505_MESA,094392,PSC-CP,PARTIT DELS SOCIALISTES DE CATALUNYA-CANDIDATURA D,03041505.DAT
Municipales,2015,05,04201505_MESA,094393,PSC-CP,PARTIT DELS SOCIALISTES DE CATALUNYA-CANDIDATURA D,03041505.DAT
Municipales,2015,05,04201505_MESA,094394,PSC-CP,PARTIT DELS SOCIALISTES DE CATALUNYA-GELIDA-CANDID,03041505.DAT
Municipales,2015,05,04201505_MESA,094395,PSC-CP,PARTIT DELS SOCIALISTES DE CATALUNYA-INDEPENDENTS,03041505.DAT
Municipales,2015,05,04201505_MESA,094396,PSC-JpS-CP,PARTIT DELS SOCIALISTES DE CATALUNYA-JUNTS PER LA,03041505.DAT
Municipales,2015,05,04201505_MESA,094397,PSC-CP,PARTIT DELS SOCIALISTES DE CATALUNYA (PSC-PSOE)-CA,03041505.DAT
Municipales,2015,05,04201505_MESA,094398,PSC-SpA-CP,PARTIT DELS SOCIALISTES DE CATALUNYA -SUMEM PER L',03041505.DAT
Municipales,2015,05,04201505_MESA,000285,APAC,AGRUPACION DE ELECTORES PLATAFORMA ABERTA CIDADA D,03041505.DAT
Municipales,2015,05,04201505_MESA,005022,UASC,UN ALTRE SANT CUGAT - PLATAFORMA CIUTADANA PER A S,03041505.DAT
Municipales,2015,05,04201505_MESA,034524,PVF,Plataforma Vecinal de la Fresneda,03041505.DAT
Municipales,2015,05,04201505_MESA,005087,UMdC,UNIÓ MUNICIPAL DE CATALUNYA,03041505.DAT
Municipales,2015,05,04201505_MESA,001171,Bloc Munici,BLOC MUNICIPAL DE CATALUNYA,03041505.DAT
Municipales,2015,05,04201505_MESA,051860,CONARUC,CON ARUCAS PLATAFORMA CIUDADANA CONARUC,03041505.DAT
Municipales,2015,05,04201505_MESA,003790,La PAC,LA PLATAFORMA ALTERNATIVA CIUTADANA DE DOSRIUS,03041505.DAT
Municipales,2015,05,04201505_MESA,054506,PMH,PLATAFORMA DEL MUNICIPIO DE HARIA,03041505.DAT
Municipales,2015,05,04201505_MESA,054528,PxSL,PLATAFORMA X SANTA LUCÍA,03041505.DAT
Municipales,2015,05,04201505_MESA,001860,CONARUC,CON ARUCAS PLATAFORMA CIUDADANA CONARUC,03041505.DAT
Municipales,2015,05,04201505_MESA,002115,ERC-AM,ESQUERRA REPUBLICANA DE CATALUNYA-ACORD MUNICIPAL,03041505.DAT
Municipales,2015,05,04201505_MESA,002271,FIC,FEDERACIO D'INDEPENDENTS DE CATALUNYA,03041505.DAT
Municipales,2015,05,04201505_MESA,002311,F.P.F.,"FOZ, PLATAFORMA DE FUTURO",03041505.DAT
Municipales,2015,05,04201505_MESA,014491,PLATAFORMA,PLATAFORMA 3R,03041505.DAT
Municipales,2015,05,04201505_MESA,014492,PARA LA GEN,PLATAFORMA CIUDADANA ABDERITANA- PARA LA GENTE,03041505.DAT
Municipales,2015,05,04201505_MESA,014495,PLCV,PLATAFORMA CIUDADANA DE VILLACARRILLO,03041505.DAT
Municipales,2015,05,04201505_MESA,014499,PARA LA GEN,PLATAFORMA CIUDADANA VERA - PARA LA GENTE,03041505.DAT
Municipales,2015,05,04201505_MESA,014513,PIMOG,PLATAFORMA INDEPENDIENTE DE LOS MONTES ORIENTALES,03041505.DAT
Municipales,2015,05,04201505_MESA,014516,PIQ,PLATAFORMA INDEPENDIENTE QUENTAR,03041505.DAT
Municipales,2015,05,04201505_MESA,014522,PLATAFORMA,PLATAFORMA SOCIAL Y CIUDADANA POR ARMILLA,03041505.DAT
Municipales,2015,05,04201505_MESA,004365,PCPC,PARTIT COMUNISTA DEL POBLE DE CATALUNYA,03041505.DAT
Municipales,2015,05,04201505_MESA,004370,PSC-CP,PARTIT DELS SOCIALISTES DE CATALUNYA-CANDIDATURA D,03041505.DAT
Municipales,2015,05,04201505_MESA,004428,PP,PARTIT POPULAR DE CATALUNYA / PARTIDO POPULAR DE C,03041505.DAT
Municipales,2015,05,04201505_MESA,000849,AHP,ALDATUZ HERRI PLATAFORMA,03041505.DAT
Municipales,2015,05,04201505_MESA,004491,PLATAFORMA,PLATAFORMA 3R,03041505.DAT
Municipales,2015,05,04201505_MESA,004494,P.C.d.T.,PLATAFORMA CIUDADANA DE TOBARRA,03041505.DAT
Municipales,2015,05,04201505_MESA,004495,PLCV,PLATAFORMA CIUDADANA DE VILLACARRILLO,03041505.DAT
Municipales,2015,05,04201505_MESA,004496,GVG,PLATAFORMA CIUDADANA GASTORIA VG,03041505.DAT
Municipales,2015,05,04201505_MESA,004497,P.C.G.,PLATAFORMA CIUDADANA POR GUAREÑA,03041505.DAT
Municipales,2015,05,04201505_MESA,004498,P.C.P.,PLATAFORMA CIUDADANA POR PARADINAS DE SAN JUAN,03041505.DAT
Municipales,2015,05,04201505_MESA,004500,P.C.P.B.,PLATAFORMA CIUTADANA PER BARBERA,03041505.DAT
Municipales,2015,05,04201505_MESA,004501,PCDR,PLATAFORMA CIVICA DE CASTELLÓ I EMPURIABRAVA,03041505.DAT
Municipales,2015,05,04201505_MESA,004502,PCDR,PLATAFORMA CIVICA DE ROSES,03041505.DAT
Municipales,2015,05,04201505_MESA,004503,PCCA,PLATAFORMA CIVICA SANTA PERPETUA,03041505.DAT
Municipales,2015,05,04201505_MESA,004504,PCCA,PLATAFORMA CÍVICA SILS,03041505.DAT
Municipales,2015,05,04201505_MESA,004505,PDL,PLATAFORMA DE LERIN,03041505.DAT
Municipales,2015,05,04201505_MESA,004506,PMH,PLATAFORMA DEL MUNICIPIO DE HARIA,03041505.DAT
Municipales,2015,05,04201505_MESA,004507,PDxC,PLATAFORMA DEMOCRÀTICA PER CATALUNYA,03041505.DAT
Municipales,2015,05,04201505_MESA,004510,PLAMIMO,PLATAFORMA IMPULSO MIAMI-MONT ROIG,03041505.DAT
Municipales,2015,05,04201505_MESA,004511,GENT PER SA,PLATAFORMA INDEPENDENT GENT PER SALT,03041505.DAT
Municipales,2015,05,04201505_MESA,004512,PICaldes,PLATAFORMA INDEPENDENT PER CALDES,03041505.DAT
Municipales,2015,05,04201505_MESA,004513,PIMOG,PLATAFORMA INDEPENDIENTE DE LOS MONTES ORIENTALES,03041505.DAT
Municipales,2015,05,04201505_MESA,004514,PIGH,PLATAFORMA INDEPENDIENTE GURE HERRIA,03041505.DAT
Municipales,2015,05,04201505_MESA,004515,PIM-VILLALB,PLATAFORMA INDEPENDIENTE MUNICIPAL DE VILLALBILLA,03041505.DAT
Municipales,2015,05,04201505_MESA,004516,PIQ,PLATAFORMA INDEPENDIENTE QUENTAR,03041505.DAT
Municipales,2015,05,04201505_MESA,004517,PLAN,PLATAFORMA LIBERAL DE ACTITUDES NUEVAS,03041505.DAT
Municipales,2015,05,04201505_MESA,004518,PLoC,PLATAFORMA LOCAL CIUDADANA,03041505.DAT
Municipales,2015,05,04201505_MESA,004519,PxC,PLATAFORMA PER CATALUNYA,03041505.DAT
Municipales,2015,05,04201505_MESA,004520,PXC&VECINOS,PLATAFORMA PER CATALUNYA&VECINOS DE SANTA COLOMA,03041505.DAT
Municipales,2015,05,04201505_MESA,004521,P.S.D.G.,PLATAFORMA SOCIALISTA DEMOCRATICA DE GARROVILLAS,03041505.DAT
Municipales,2015,05,04201505_MESA,004522,PLATAFORMA,PLATAFORMA SOCIAL Y CIUDADANA POR ARMILLA,03041505.DAT
Municipales,2015,05,04201505_MESA,004524,PVF,Plataforma Vecinal de la Fresneda,03041505.DAT
Municipales,2015,05,04201505_MESA,004525,PVISCM,PLATAFORMA VECINAL INDEPENDIENTE DE SANTA CRUZ DE,03041505.DAT
Municipales,2015,05,04201505_MESA,004526,PLATAFORMA,PLATAFORMA VECINAL VALVIENSE,03041505.DAT
Municipales,2015,05,04201505_MESA,004527,PLVI,PLATAFORMA VIGATANA,03041505.DAT
Municipales,2015,05,04201505_MESA,004528,PxSL,PLATAFORMA X SANTA LUCÍA,03041505.DAT
Municipales,2015,05,04201505_MESA,001010,ARA TARRAGO,ARACATALUNYA,03041505.DAT
Municipales,2015,05,04201505_MUNI,000070,Plataforma,AGRUPACIÓ D'ELECTORS PLATAFORMA CALERA,03041505.DAT
Municipales,2015,05,04201505_MUNI,084498,P.C.P.,PLATAFORMA CIUDADANA POR PARADINAS DE SAN JUAN,03041505.DAT
Municipales,2015,05,04201505_MUNI,094418,P.P.,PARTIT POPULAR DE CATALUNYA,03041505.DAT
Municipales,2015,05,04201505_MUNI,094419,P.P.,Partit Popular de Catalunya / Partido Popular de C,03041505.DAT
Municipales,2015,05,04201505_MUNI,094420,P.P.,Partit Popular de Catalunya/ Partido Popular de Ca,03041505.DAT
Municipales,2015,05,04201505_MUNI,094421,PP,Partit Popular de Catalunya/ Partido Popular de Ca,03041505.DAT
Municipales,2015,05,04201505_MUNI,094422,P.P.,Partit Popular de Catalunya/Partido Popular de Cat,03041505.DAT
Municipales,2015,05,04201505_MUNI,094423,PP,Partit Popular de Catalunya/Partido Popular de Cat,03041505.DAT
Municipales,2015,05,04201505_MUNI,094424,P.P.,PARTIT POPULAR DE CATALUNYA - PARTIDO POPULAR DE C,03041505.DAT
Municipales,2015,05,04201505_MUNI,094425,PP,PARTIT POPULAR DE CATALUNYA - PARTIDO POPULAR DE C,03041505.DAT
Municipales,2015,05,04201505_MUNI,094426,pp,PARTIT POPULAR DE CATALUNYA / PARTIDO POPULAR DE C,03041505.DAT
Municipales,2015,05,04201505_MUNI,094427,P.P.,PARTIT POPULAR DE CATALUNYA / PARTIDO POPULAR DE C,03041505.DAT
Municipales,2015,05,04201505_MUNI,094428,PP,PARTIT POPULAR DE CATALUNYA / PARTIDO POPULAR DE C,03041505.DAT
Municipales,2015,05,04201505_MUNI,094429,PP,PARTIT POPULAR DE CATALUNYA / PARTIDO POPULAR DE C,03041505.DAT
Municipales,2015,05,04201505_MUNI,094430,P.P.,PARTIT POPULAR DE CATALUNYA- PARTIDO POPULAR DE CA,03041505.DAT
Municipales,2015,05,04201505_MUNI,094431,P.P.,PARTIT POPULAR DE CATALUNYA-PARTIDO POPULAR DE CAT,03041505.DAT
Municipales,2015,05,04201505_MUNI,094432,PP,PARTIT POPULAR DE CATALUNYA-PARTIDO POPULAR DE CAT,03041505.DAT
Municipales,2015,05,04201505_MUNI,094433,PP,PARTIT POPULAR DE CATALUNYA-PARTIDO POPULAR DE CAT,03041505.DAT
Municipales,2015,05,04201505_MUNI,094434,PP,PARTIT POPULAR DE CATALUNYA/ PARTIDO POPULAR DE CA,03041505.DAT
Municipales,2015,05,04201505_MUNI,094435,P.P.,PARTIT POPULAR DE CATALUNYA/PARTIDO POPULAR DE CAT,03041505.DAT
Municipales,2015,05,04201505_MUNI,094436,PP,PARTIT POPULAR DE CATALUNYA/PARTIDO POPULAR DE CAT,03041505.DAT
Municipales,2015,05,04201505_MUNI,094437,P.P.,PARTIT POPULAR DE CATALUNYA / PARTIDO POPULAR DE C,03041505.DAT
Municipales,2015,05,04201505_MUNI,094438,P.P.,Partit Popular de Catalunya/Partido Popular de Cat,03041505.DAT
Municipales,2015,05,04201505_MUNI,094439,P.P.,PARTIT POPULAR DE CATALUNYA / PARTIDO POPULAR DE C,03041505.DAT
Municipales,2015,05,04201505_MUNI,094440,PP,PARTIT POPULAR DE CATALUNYA / PARTIDO POPULAR DE C,03041505.DAT
Municipales,2015,05,04201505_MUNI,094441,P.P.,PARTIT POPULAR DE CATALUNYA /PARTIDO POPULAR DE CA,03041505.DAT
Municipales,2015,05,04201505_MUNI,094442,PP,PARTIT POPULAR DE CATALUNYA/PARTIDO POPULAR DE CAT,03041505.DAT
Municipales,2015,05,04201505_MUNI,094443,P.P.,Partit Popular de Catalunya/ Partido Pupular de Ca,03041505.DAT
Municipales,2015,05,04201505_MUNI,094444,PP,PARTIT POPULAR DE CATALUNYA / PATIDO POPULAR DE CA,03041505.DAT
Municipales,2015,05,04201505_MUNI,094462,PSC-CP,PARTIT SOCIALISTES DE CATALUNYA- CANDIDATURA DE PR,03041505.DAT
Municipales,2015,05,04201505_MUNI,094471,PC-PSC-CP,PER CERVERA-PARTIT DELS SOCIALISTES DE CATALUNYA-C,03041505.DAT
Municipales,2015,05,04201505_MUNI,094500,P.C.P.B.,PLATAFORMA CIUTADANA PER BARBERA,03041505.DAT
Municipales,2015,05,04201505_MUNI,094501,PCDR,PLATAFORMA CIVICA DE CASTELLÓ I EMPURIABRAVA,03041505.DAT
Municipales,2015,05,04201505_MUNI,094502,PCDR,PLATAFORMA CIVICA DE ROSES,03041505.DAT
Municipales,2015,05,04201505_MUNI,094503,PCCA,PLATAFORMA CIVICA SANTA PERPETUA,03041505.DAT
Municipales,2015,05,04201505_MUNI,094504,PCCA,PLATAFORMA CÍVICA SILS,03041505.DAT
Municipales,2015,05,04201505_MUNI,094507,PDxC,PLATAFORMA DEMOCRÀTICA PER CATALUNYA,03041505.DAT
Municipales,2015,05,04201505_MUNI,094510,PLAMIMO,PLATAFORMA IMPULSO MIAMI-MONT ROIG,03041505.DAT
Municipales,2015,05,04201505_MUNI,094511,GENT PER SA,PLATAFORMA INDEPENDENT GENT PER SALT,03041505.DAT
Municipales,2015,05,04201505_MUNI,094512,PICaldes,PLATAFORMA INDEPENDENT PER CALDES,03041505.DAT
Municipales,2015,05,04201505_MUNI,094519,PxC,PLATAFORMA PER CATALUNYA,03041505.DAT
Municipales,2015,05,04201505_MUNI,094520,PXC&VECINOS,PLATAFORMA PER CATALUNYA&VECINOS DE SANTA COLOMA,03041505.DAT
Municipales,2015,05,04201505_MUNI,094523,PUC-AM,PLATAFORMA UNITS PER CASTELLOLÍ-ACORD MUNICIPAL,03041505.DAT
Municipales,2015,05,04201505_MUNI,094527,PLVI,PLATAFORMA VIGATANA,03041505.DAT
Municipales,2015,05,04201505_MUNI,094900,SOM TONA -,SOM TONA - INICIATIVA PER CATALUNYA VERDS - ESQUER,03041505.DAT
Municipales,2015,05,04201505_MUNI,095022,UASC,UN ALTRE SANT CUGAT - PLATAFORMA CIUTADANA PER A S,03041505.DAT
Municipales,2015,05,04201505_MUNI,074494,P.C.d.T.,PLATAFORMA CIUDADANA DE TOBARRA,03041505.DAT
Municipales,2015,05,04201505_MUNI,074525,PVISCM,PLATAFORMA VECINAL INDEPENDIENTE DE SANTA CRUZ DE,03041505.DAT
Municipales,2015,05,04201505_MUNI,090070,Plataforma,AGRUPACIÓ D'ELECTORS PLATAFORMA CALERA,03041505.DAT
Municipales,2015,05,04201505_MUNI,095086,UMdC,UNIO MUNICIPAL DE CATALUNYA,03041505.DAT
Municipales,2015,05,04201505_MUNI,095087,UMdC,UNIÓ MUNICIPAL DE CATALUNYA,03041505.DAT
Municipales,2015,05,04201505_MUNI,095182,UA-PSC-CP,UNITAT D'ARAN-PARTIT DELS SOCIALISTES DE CATALUNYA,03041505.DAT
Municipales,2015,05,04201505_MUNI,095183,UA-PSC-CP,UNITAT D'ARAN-PARTIT DELS SOCIALISTES DE CATALUNYA,03041505.DAT
Municipales,2015,05,04201505_MUNI,095184,UA-PSC-CP,UNITAT D'ARAN-PARTIT DELS SOCIALISTES DE CATALUNYA,03041505.DAT
Municipales,2015,05,04201505_MUNI,090984,Ametlla't -,AMETLLA'T -ESQUERRA REPUBLICANA DE CATALUNYA-ACORD,03041505.DAT
Municipales,2015,05,04201505_MUNI,093068,ICV-EUiA-E,INICIATIVA PER CATALUNYA ELS VERDS - ESQUERRA UNID,03041505.DAT
Municipales,2015,05,04201505_MUNI,093069,ICV-IdB-E,INICIATIVA PER CATALUNYA ELS VERDS - INDEPENDENTS,03041505.DAT
Municipales,2015,05,04201505_MUNI,172228,EUPV-PUG:AC,ESQUERRA UNIDA PAIS VALENCIA-PLATAFORMA DE URBANIZ,03041505.DAT
Municipales,2015,05,04201505_MUNI,091010,ARA TARRAGO,ARACATALUNYA,03041505.DAT
Municipales,2015,05,04201505_MUNI,091023,Ara Mollet,ARA MOLLET - ESQUERRA REPUBLICANA DE CATALUNYA - M,03041505.DAT
Municipales,2015,05,04201505_MUNI,091026,Ara Parets-,ARA PARETS - ESQUERRA REPUBLICANA DE CATALUNYA - A,03041505.DAT
Municipales,2015,05,04201505_MUNI,091171,Bloc Munici,BLOC MUNICIPAL DE CATALUNYA,03041505.DAT
Municipales,2015,05,04201505_MUNI,091172,BLOC MUNICI,BLOC MUNICIPAL DE CATALUNYA,03041505.DAT
Municipales,2015,05,04201505_MUNI,091173,BLOC MUNICI,BLOC MUNICIPAL DE CATALUNYA - INDEPENDENTS PER SAN,03041505.DAT
Municipales,2015,05,04201505_MUNI,091189,BV - ERC -,BRUC VIU - ESQUERRA REPUBLICANA DE CATALUNYA - ACO,03041505.DAT
Municipales,2015,05,04201505_MUNI,091246,+C-ERC-AM,+ CAMPRODON-ESQUERRA REPUBLICANA DE CATALUNYA-ACOR,03041505.DAT
Municipales,2015,05,04201505_MUNI,093070,ICV-EUiA-E,INICIATIVA PER CATALUNYA VERDA-ESQUERRA UNIDA I AL,03041505.DAT
Municipales,2015,05,04201505_MUNI,093071,IC-V,INICIATIVA PER CATALUNYA VERDS,03041505.DAT
Municipales,2015,05,04201505_MUNI,093072,E,INICIATIVA PER CATALUNYA VERDS - ENTESA,03041505.DAT
Municipales,2015,05,04201505_MUNI,093073,ICV - E,INICIATIVA PER CATALUNYA VERDS - ENTESA,03041505.DAT
Municipales,2015,05,04201505_MUNI,093074,ICV-E,INICIATIVA PER CATALUNYA VERDS - ENTESA,03041505.DAT
Municipales,2015,05,04201505_MUNI,093075,ICV-E,INICIATIVA PER CATALUNYA VERDS-ENTESA,03041505.DAT
Municipales,2015,05,04201505_MUNI,093076,ICV-EUiA-E,INICIATIVA PER CATALUNYA VERDS-ESQUERRA UNIDA ALTE,03041505.DAT
Municipales,2015,05,04201505_MUNI,093077,ICV-EUiA- E,INICIATIVA PER CATALUNYA VERDS-ESQUERRA UNIDA i AL,03041505.DAT
Municipales,2015,05,04201505_MUNI,093078,ICV-EUiA-E,INICIATIVA PER CATALUNYA VERDS-ESQUERRA UNIDA i AL,03041505.DAT
Municipales,2015,05,04201505_MUNI,093079,ICV -EUiA-E,INICIATIVA PER CATALUNYA VERDS - ESQUERRA UNIDA I,03041505.DAT
Municipales,2015,05,04201505_MUNI,093080,ICV-EUiA- E,INICIATIVA PER CATALUNYA VERDS - ESQUERRA UNIDA I,03041505.DAT
Municipales,2015,05,04201505_MUNI,093081,ICV-EUiA-E,INICIATIVA PER CATALUNYA VERDS - ESQUERRA UNIDA I,03041505.DAT
Municipales,2015,05,04201505_MUNI,093082,ICV - EUIA,INICIATIVA PER CATALUNYA VERDS - ESQUERRA UNIDA I,03041505.DAT
Municipales,2015,05,04201505_MUNI,093083,ICV-EUIA-E,INICIATIVA PER CATALUNYA VERDS - ESQUERRA UNIDA I,03041505.DAT
Municipales,2015,05,04201505_MUNI,093084,ICV-EUIA-E,INICIATIVA PER CATALUNYA VERDS - ESQUERRA UNIDA I,03041505.DAT
Municipales,2015,05,04201505_MUNI,093085,ICV-EUiA-E,INICIATIVA PER CATALUNYA VERDS -ESQUERRA UNIDA I A,03041505.DAT
Municipales,2015,05,04201505_MUNI,093086,ICV-EUIA-E,INICIATIVA PER CATALUNYA VERDS- ESQUERRA UNIDA I A,03041505.DAT
Municipales,2015,05,04201505_MUNI,093087,ICV-EUiA-E,INICIATIVA PER CATALUNYA VERDS- ESQUERRA UNIDA I A,03041505.DAT
Municipales,2015,05,04201505_MUNI,093088,ICV-EUA-E,INICIATIVA PER CATALUNYA VERDS-ESQUERRA UNIDA I AL,03041505.DAT
Municipales,2015,05,04201505_MUNI,093089,ICV-EUiA-E,INICIATIVA PER CATALUNYA VERDS-ESQUERRA UNIDA I AL,03041505.DAT
Municipales,2015,05,04201505_MUNI,093090,ICV-EUiA.E,INICIATIVA PER CATALUNYA VERDS-ESQUERRA UNIDA I AL,03041505.DAT
Municipales,2015,05,04201505_MUNI,093091,ICV-EUIA-E,INICIATIVA PER CATALUNYA VERDS-ESQUERRA UNIDA I AL,03041505.DAT
Municipales,2015,05,04201505_MUNI,093092,ICV-EUIA-E,INICIATIVA PER CATALUNYA VERDS-ESQUERRA UNIDA I AL,03041505.DAT
Municipales,2015,05,04201505_MUNI,093093,ICV-EUA-EP-,INICIATIVA PER CATALUNYA VERDS-ESQUERRA UNIDA I AL,03041505.DAT
Municipales,2015,05,04201505_MUNI,093094,ICV-EUiA-E,INICIATIVA PER CATALUNYA VERDS-ESQUERRA UNIDA I AL,03041505.DAT
Municipales,2015,05,04201505_MUNI,093095,ICV-EUiA-EP,INICIATIVA PER CATALUNYA VERDS-ESQUERRA UNIDA I AL,03041505.DAT
Municipales,2015,05,04201505_MUNI,093096,ICV-EUiA-ME,INICIATIVA PER CATALUNYA VERDS-ESQUERRA UNIDA I AL,03041505.DAT
Municipales,2015,05,04201505_MUNI,093097,ICV-EUiA-ME,INICIATIVA PER CATALUNYA VERDS-ESQUERRA UNIDA I AL,03041505.DAT
Municipales,2015,05,04201505_MUNI,093098,IC-V-EUiA-P,INICIATIVA PER CATALUNYA VERDS-ESQUERRA UNIDA I AL,03041505.DAT
Municipales,2015,05,04201505_MUNI,093099,ICV-EUiA-Pi,INICIATIVA PER CATALUNYA VERDS-ESQUERRA UNIDA i AL,03041505.DAT
Municipales,2015,05,04201505_MUNI,093100,ICV - EUIA,INICIATIVA PER CATALUNYA VERDS - ESQUERRA UNIDA I,03041505.DAT
Municipales,2015,05,04201505_MUNI,093101,ICV-EUiA-E,INICIATIVA PER CATALUNYA VERDS-ESQUERRA UNIDA I AL,03041505.DAT
Municipales,2015,05,04201505_MUNI,093102,ICV-ME-AS C,INICIATIVA PER CATALUNYA VERDS-MOVIMENT D'ESQUERRE,03041505.DAT
Municipales,2015,05,04201505_MUNI,124515,PIM-VILLALB,PLATAFORMA INDEPENDIENTE MUNICIPAL DE VILLALBILLA,03041505.DAT
Municipales,2015,05,04201505_MUNI,124517,PLAN,PLATAFORMA LIBERAL DE ACTITUDES NUEVAS,03041505.DAT
Municipales,2015,05,04201505_MUNI,124518,PLoC,PLATAFORMA LOCAL CIUDADANA,03041505.DAT
Municipales,2015,05,04201505_MUNI,091498,ICV-EUiA-E,COALICIO ELECTORAL INICIATIVA PER CATALUNYA VERDS-,03041505.DAT
Municipales,2015,05,04201505_MUNI,091499,ICV-EUiA-E,COALICIO INICIATIVA PER CATALUNYA VERDS-ESQUERRA U,03041505.DAT
Municipales,2015,05,04201505_MUNI,091555,CSJ-ICV-ME-,COMPROMÍS AMB SANT JOAN-INICIATIVA PER CATALUNYA V,03041505.DAT
Municipales,2015,05,04201505_MUNI,134505,PDL,PLATAFORMA DE LERIN,03041505.DAT
Municipales,2015,05,04201505_MUNI,174509,PLATAFORMA-,PLATAFORMA-GUANYEM SAB PER ALS VEÏNS: COMPROMÍS,03041505.DAT
Municipales,2015,05,04201505_MUNI,092011,EB-ICV-E,ENTESA BEGUES-INICIATIVA PER CATALUNYA VERDS-ENTES,03041505.DAT
Municipales,2015,05,04201505_MUNI,140849,AHP,ALDATUZ HERRI PLATAFORMA,03041505.DAT
Municipales,2015,05,04201505_MUNI,092099,ERC-AM,ESQUERRA REPUBLICANA CATALUNYA ACORD MUNICIPAL,03041505.DAT
Municipales,2015,05,04201505_MUNI,092100,ERC - AM,ESQUERRA REPUBLICANA DE CATALUNYA,03041505.DAT
Municipales,2015,05,04201505_MUNI,092101,ERC- AG - A,ESQUERRA REPUBLICANA DE CATALUNYA-ACCIO GRANOLLERS,03041505.DAT
Municipales,2015,05,04201505_MUNI,092102,ERC - AM,Esquerra Republicana de Catalunya - Acord Municipa,03041505.DAT
Municipales,2015,05,04201505_MUNI,092103,ERC-AM,Esquerra Republicana de Catalunya - Acord Municipa,03041505.DAT
Municipales,2015,05,04201505_MUNI,092104,ERC - AM,Esquerra Republicana de Catalunya- Acord Municipal,03041505.DAT
Municipales,2015,05,04201505_MUNI,092105,ERC- AM,Esquerra Republicana de Catalunya- Acord Municipal,03041505.DAT
Municipales,2015,05,04201505_MUNI,092106,ERC - AM,Esquerra Republicana de Catalunya-Acord Municipal,03041505.DAT
Municipales,2015,05,04201505_MUNI,092107,ERC-AM,Esquerra Republicana de Catalunya-Acord Municipal,03041505.DAT
Municipales,2015,05,04201505_MUNI,092108,ERC-AM,ESQUERRA REPUBLICANA DE CATALUNYA- ACORD MUNICIPAL,03041505.DAT
Municipales,2015,05,04201505_MUNI,092109,AM-ERC-AM,ESQUERRA REPUBLICANA DE CATALUNYA-ACORD MUNICIPAL,03041505.DAT
Municipales,2015,05,04201505_MUNI,092110,ERC - AM,ESQUERRA REPUBLICANA DE CATALUNYA-ACORD MUNICIPAL,03041505.DAT
Municipales,2015,05,04201505_MUNI,092111,ERC -AM,ESQUERRA REPUBLICANA DE CATALUNYA-ACORD MUNICIPAL,03041505.DAT
Municipales,2015,05,04201505_MUNI,092112,ERC / AM,ESQUERRA REPUBLICANA DE CATALUNYA-ACORD MUNICIPAL,03041505.DAT
Municipales,2015,05,04201505_MUNI,092113,ERC AM,ESQUERRA REPUBLICANA DE CATALUNYA-ACORD MUNICIPAL,03041505.DAT
Municipales,2015,05,04201505_MUNI,092114,ERC- AM,ESQUERRA REPUBLICANA DE CATALUNYA-ACORD MUNICIPAL,03041505.DAT
Municipales,2015,05,04201505_MUNI,092115,ERC-AM,ESQUERRA REPUBLICANA DE CATALUNYA-ACORD MUNICIPAL,03041505.DAT
Municipales,2015,05,04201505_MUNI,092116,ERC / ESQUE,ESQUERRA REPUBLICANA DE CATALUNYA-ACORD MUNICIPAL,03041505.DAT
Municipales,2015,05,04201505_MUNI,092117,ERC-AM,ESQUERRA REPUBLICANA DE CATALUNYA-ACORD MUNICIPAL.,03041505.DAT
Municipales,2015,05,04201505_MUNI,092118,ERC / ESQUE,ESQUERRA REPUBLICANA DECATALUNYA-ACORD MUNICIPAL,03041505.DAT
Municipales,2015,05,04201505_MUNI,092119,ERC - AM,Esquerra Repúblicana de Catalunya - Acord Municipa,03041505.DAT
Municipales,2015,05,04201505_MUNI,092120,ERC-AM,ESQUERRA REPUBLICANA DE CATALUNYA-ACORD MUNICPAL,03041505.DAT
Municipales,2015,05,04201505_MUNI,092121,ERC - AM -,ESQUERRA REPUBLICANA DE CATALUNYA-ACORD PEL MASNOU,03041505.DAT
Municipales,2015,05,04201505_MUNI,092122,ERC - Avanc,ESQUERRA REPUBLICANA DE CATALUNYA-AVANCEM-ACORD MU,03041505.DAT
Municipales,2015,05,04201505_MUNI,092123,ERC - AVANC,ESQUERRA REPUBLICANA DE CATALUNYA-AVANCEM-ACORD MU,03041505.DAT
Municipales,2015,05,04201505_MUNI,092124,ERC / AVANC,ESQUERRA REPUBLICANA DE CATALUNYA-AVANCEM-ACORD MU,03041505.DAT
Municipales,2015,05,04201505_MUNI,092125,ERC-AVANCEM,ESQUERRA REPUBLICANA DE CATALUNYA-AVANCEM-ACORD MU,03041505.DAT
Municipales,2015,05,04201505_MUNI,092126,ERC-AVANCEM,ESQUERRA REPUBLICANA DE CATALUNYA-AVANCEM-MOVIMENT,03041505.DAT
Municipales,2015,05,04201505_MUNI,092127,ERC-EV-DG-A,ESQUERRA REPUBLICANA DE CATALUNYA-ELS VERDS-DECIDI,03041505.DAT
Municipales,2015,05,04201505_MUNI,092128,ERC - GdT -,ESQUERRA REPUBLICANA DE CATALUNYA-GENT DE TORDERA-,03041505.DAT
Municipales,2015,05,04201505_MUNI,092129,ERC-GxE-Ava,ESQUERRA REPUBLICANA DE CATALUNYA-GENT PER ESPLUGU,03041505.DAT
Municipales,2015,05,04201505_MUNI,092130,ERC-Gramene,ESQUERRA REPUBLICANA DE CATALUNYA-GRAMENET SI-ACOR,03041505.DAT
Municipales,2015,05,04201505_MUNI,092131,ERC - GIR -,ESQUERRA REPUBLICANA DE CATALUNYA-GRUP INDEPENDENT,03041505.DAT
Municipales,2015,05,04201505_MUNI,092132,ERC - GIR -,ESQUERRA REPUBLICANA DE CATALUNYA-GRUP INDEPENDENT,03041505.DAT
Municipales,2015,05,04201505_MUNI,092133,ERC- Indepe,ESQUERRA REPUBLICANA DE CATALUNYA-Independents-ACO,03041505.DAT
Municipales,2015,05,04201505_MUNI,092134,ERC - IxStE,ESQUERRA REPUBLICANA DE CATALUNYA-INDEPENDENTS PER,03041505.DAT
Municipales,2015,05,04201505_MUNI,092135,ERC-JUNTS@T,ESQUERRA REPUBLICANA DE CATALUNYA-JUNTS A TORROELL,03041505.DAT
Municipales,2015,05,04201505_MUNI,092136,ERC - JFM -,ESQUERRA REPUBLICANA DE CATALUNYA-JUNTS FEM MANLLE,03041505.DAT
Municipales,2015,05,04201505_MUNI,092137,ERC - JxE -,ESQUERRA REPUBLICANA DE CATALUNYA-JUNTS PER L'ESCA,03041505.DAT
Municipales,2015,05,04201505_MUNI,092138,ERC - Junts,ESQUERRA REPUBLICANA DE CATALUNYA-JUNTS PER LLIÇÀ,03041505.DAT
Municipales,2015,05,04201505_MUNI,092139,ERC - Junts,ESQUERRA REPUBLICANA DE CATALUNYA-JUNTS PER PINEDA,03041505.DAT
Municipales,2015,05,04201505_MUNI,092140,ERC-JpR-AM,ESQUERRA REPUBLICANA DE CATALUNYA-JUNTS PER RIPOLL,03041505.DAT
Municipales,2015,05,04201505_MUNI,092141,ERC -JpT-AM,ESQUERRA REPUBLICANA DE CATALUNYA-JUNTS PER TORELL,03041505.DAT
Municipales,2015,05,04201505_MUNI,092142,ERC - JxP -,ESQUERRA REPUBLICANA DE CATALUNYA-JUNTS X PREMIÀ-A,03041505.DAT
Municipales,2015,05,04201505_MUNI,092143,ERC-MES- AM,ESQUERRA REPUBLICANA DE CATALUNYA-Moviment d'Esque,03041505.DAT
Municipales,2015,05,04201505_MUNI,092144,ERC - MES -,Esquerra Republicana de Catalunya - Moviment d'Esq,03041505.DAT
Municipales,2015,05,04201505_MUNI,092145,ERC-MES-AM,Esquerra Republicana de Catalunya-Moviment d'Esque,03041505.DAT
Municipales,2015,05,04201505_MUNI,092146,ERC-MES-AM,ESQUERRA REPUBLICANA DE CATALUNYA-MOVIMENT D'ESQUE,03041505.DAT
Municipales,2015,05,04201505_MUNI,092147,ERC - MES -,ESQUERRA REPUBLICANA DE CATALUNYA-MOVIMENT D'ESQUE,03041505.DAT
Municipales,2015,05,04201505_MUNI,092148,ERC-MES -AM,ESQUERRA REPUBLICANA DE CATALUNYA-MOVIMENT D'ESQUE,03041505.DAT
Municipales,2015,05,04201505_MUNI,092149,ERC - MES -,ESQUERRA REPUBLICANA DE CATALUNYA-MOVIMENT D'ESQUE,03041505.DAT
Municipales,2015,05,04201505_MUNI,092150,ERC-MES-Bcn,ESQUERRA REPUBLICANA DE CATALUNYA-MOVIMENT D'ESQUE,03041505.DAT
Municipales,2015,05,04201505_MUNI,092151,ERC-MES-MDC,ESQUERRA REPUBLICANA DE CATALUNYA-MOVIMENT D'ESQUE,03041505.DAT
Municipales,2015,05,04201505_MUNI,092152,ERC - MESxB,ESQUERRA REPUBLICANA DE CATALUNYA-MOVIMENT D'ESQUE,03041505.DAT
Municipales,2015,05,04201505_MUNI,092153,ERC - MES p,ESQUERRA REPUBLICANA DE CATALUNYA-MOVIMENT D' ESQU,03041505.DAT
Municipales,2015,05,04201505_MUNI,092154,ERC - MESxF,ESQUERRA REPUBLICANA DE CATALUNYA-MOVIMENT D'ESQUE,03041505.DAT
Municipales,2015,05,04201505_MUNI,092155,ERC - MES x,ESQUERRA REPUBLICANA DE CATALUNYA-MOVIMENT D'ESQUE,03041505.DAT
Municipales,2015,05,04201505_MUNI,092156,ERC - MESxV,ESQUERRA REPUBLICANA DE CATALUNYA-MOVIMENT D'ESQUE,03041505.DAT
Municipales,2015,05,04201505_MUNI,092157,ERC-SSE-AM,ESQUERRA REPUBLICANA DE CATALUNYA-SANTA SUSANNA EN,03041505.DAT
Municipales,2015,05,04201505_MUNI,092158,ERC- SOM VI,ESQUERRA REPUBLICANA DE CATALUNYA-SOM VIC-ACORD MU,03041505.DAT
Municipales,2015,05,04201505_MUNI,092159,ERC- SV- AM,ESQUERRA REPUBLICANA DE CATALUNYA-SOM VILANOVA-ACO,03041505.DAT
Municipales,2015,05,04201505_MUNI,092160,ERC + SxA -,ESQUERRA REPUBLICANA DE CATALUNYA + SUMEM PER ALEL,03041505.DAT
Municipales,2015,05,04201505_MUNI,092161,ERC-GURB-AM,ESQUERRA REPUBLICANA DE CATALUNYA-UNITS PER GURB-A,03041505.DAT
Municipales,2015,05,04201505_MUNI,092162,ERC - VdMdS,ESQUERRA REPUBLICANA DE CATALUNYA-VILASSAR DE MAR,03041505.DAT
Municipales,2015,05,04201505_MUNI,092233,ERC-AM,ESQUERRRA REPUBLICANA DE CATALUNYA-ACORD MUNICIPAL,03041505.DAT
Municipales,2015,05,04201505_MUNI,092270,F.I.C.,FEDERACIO D'INDEPENDENTS DE CATALUNYA,03041505.DAT
Municipales,2015,05,04201505_MUNI,092271,FIC,FEDERACIO D'INDEPENDENTS DE CATALUNYA,03041505.DAT
Municipales,2015,05,04201505_MUNI,092272,FIC,FEDERACIO D'INDEPENDENTS DE CATALUNYA - FIC,03041505.DAT
Municipales,2015,05,04201505_MUNI,092290,FV - ICV -,FEM VILADECAVALLS -INICIATIVA PER CATALUNYA VERDS,03041505.DAT
Municipales,2015,05,04201505_MUNI,092296,FLIX TEU- F,FLIXTEU - FEDERACIO D'INDEPENDENTS DE CATALUNYA FI,03041505.DAT
Municipales,2015,05,04201505_MUNI,092517,GE-ICV-EUiA,GENT D'ESQUERRES-INICIATIVA PER CATALUNYA VERDS-ES,03041505.DAT
Municipales,2015,05,04201505_MUNI,095337,VIC PER A T,VIC PER A TOTS - INICIATIVA PER CATALUNYA VERDS -,03041505.DAT
Municipales,2015,05,04201505_MUNI,144496,GVG,PLATAFORMA CIUDADANA GASTORIA VG,03041505.DAT
Municipales,2015,05,04201505_MUNI,144514,PIGH,PLATAFORMA INDEPENDIENTE GURE HERRIA,03041505.DAT
Municipales,2015,05,04201505_MUNI,092724,I Celrà - E,I CELRÀ - ESQUERRA REPUBLICANA DE CATALUNYA - ACOR,03041505.DAT
Municipales,2015,05,04201505_MUNI,092739,ICV-E,INCIATIVA PER CATALUNYA VERDS - ENTESA,03041505.DAT
Municipales,2015,05,04201505_MUNI,092740,ICV-EUiA-E,INCIATIVA PER CATALUNYA VERDS-ESQUERRA UNIDA I ALT,03041505.DAT
Municipales,2015,05,04201505_MUNI,092795,Independent,INDEPENDENTS - ESQUERRA REPUBLICANA DE CATALUNYA -,03041505.DAT
Municipales,2015,05,04201505_MUNI,104497,P.C.G.,PLATAFORMA CIUDADANA POR GUAREÑA,03041505.DAT
Municipales,2015,05,04201505_MUNI,104521,P.S.D.G.,PLATAFORMA SOCIALISTA DEMOCRATICA DE GARROVILLAS,03041505.DAT
Municipales,2015,05,04201505_MUNI,104526,PLATAFORMA,PLATAFORMA VECINAL VALVIENSE,03041505.DAT
Municipales,2015,05,04201505_MUNI,110285,APAC,AGRUPACION DE ELECTORES PLATAFORMA ABERTA CIDADA D,03041505.DAT
Municipales,2015,05,04201505_MUNI,093790,La PAC,LA PLATAFORMA ALTERNATIVA CIUTADANA DE DOSRIUS,03041505.DAT
Municipales,2015,05,04201505_MUNI,093954,MOVEM-E,MOVEM CASTELLDEFELS-INICIATIVA PER CATALUNYA VERDS,03041505.DAT
Municipales,2015,05,04201505_MUNI,093968,MV - E,MOVEM VACARISSES - INICIATIVA PER CATALUNYA VERDS,03041505.DAT
Municipales,2015,05,04201505_MUNI,112311,F.P.F.,"FOZ, PLATAFORMA DE FUTURO",03041505.DAT
Municipales,2015,05,04201505_MUNI,094060,OLÓ SOM TOT,OLÓ SOM TOTS-ESQUERRA REPUBLICANA DE CATALUNYA-ACO,03041505.DAT
Municipales,2015,05,04201505_MUNI,094257,PP,PARTIDO POPULAR DE CATALUNYA,03041505.DAT
Municipales,2015,05,04201505_MUNI,094258,P.P.,Partido Popular de Catalunya / Partido Popular de,03041505.DAT
Municipales,2015,05,04201505_MUNI,094259,PP,PARTIDO POPULAR DE CATALUNYA / PARTIDO POPULAR DE,03041505.DAT
Municipales,2015,05,04201505_MUNI,094260,PP,PARTIDO POPULAR DE CATALUNYA/PARTIDO POPULAR DE CA,03041505.DAT
Municipales,2015,05,04201505_MUNI,094365,PCPC,PARTIT COMUNISTA DEL POBLE DE CATALUNYA,03041505.DAT
Municipales,2015,05,04201505_MUNI,094366,PCPC,PARTIT COMUNISTA DEL POBLE DE CATALUNYA (PCPC),03041505.DAT
Municipales,2015,05,04201505_MUNI,094369,PSC-CP,PARTIT DEL SOCIALISTES DE CATALUNYA-CANDIDATURA DE,03041505.DAT
Municipales,2015,05,04201505_MUNI,094370,PSC-CP,PARTIT DELS SOCIALISTES DE CATALUNYA-CANDIDATURA D,03041505.DAT
Municipales,2015,05,04201505_MUNI,094371,PSC-CP,PARTIT DELS SOCIALISTES DE CATALUNYA -CANDIDATURA,03041505.DAT
Municipales,2015,05,04201505_MUNI,094372,PSC-CP,PARTIT DELS SOCIALISTES DE CATALUNYA -CANDIDATURA,03041505.DAT
Municipales,2015,05,04201505_MUNI,094373,PSC-CP,PARTIT DELS SOCIALISTES DE CATALUNYA -CANDIDATURA,03041505.DAT
Municipales,2015,05,04201505_MUNI,094374,PSC-CP,PARTIT DELS SOCIALISTES DE CATALUNYA-CANDIDATURA D,03041505.DAT
Municipales,2015,05,04201505_MUNI,094375,PSC-CP,Partit dels Socialistes de Catalunya- Candidatura,03041505.DAT
Municipales,2015,05,04201505_MUNI,094376,CP,PARTIT DELS SOCIALISTES DE CATALUNYA - CANDIDATURA,03041505.DAT
Municipales,2015,05,04201505_MUNI,094377,PSC - CP,PARTIT DELS SOCIALISTES DE CATALUNYA - CANDIDATURA,03041505.DAT
Municipales,2015,05,04201505_MUNI,094378,PSC- CP,PARTIT DELS SOCIALISTES DE CATALUNYA - CANDIDATURA,03041505.DAT
Municipales,2015,05,04201505_MUNI,094379,PSC-CP,PARTIT DELS SOCIALISTES DE CATALUNYA - CANDIDATURA,03041505.DAT
Municipales,2015,05,04201505_MUNI,094380,PSC-CP,PARTIT DELS SOCIALISTES DE CATALUNYA -CANDIDATURA,03041505.DAT
Municipales,2015,05,04201505_MUNI,094381,PSC-CP,PARTIT DELS SOCIALISTES DE CATALUNYA- CANDIDATURA,03041505.DAT
Municipales,2015,05,04201505_MUNI,094382,PSC,PARTIT DELS SOCIALISTES DE CATALUNYA-CANDIDATURA D,03041505.DAT
Municipales,2015,05,04201505_MUNI,094383,PSC - CP,PARTIT DELS SOCIALISTES DE CATALUNYA-CANDIDATURA D,03041505.DAT
Municipales,2015,05,04201505_MUNI,094384,PSC-CP,PARTIT DELS SOCIALISTES DE CATALUNYA-CANDIDATURA D,03041505.DAT
Municipales,2015,05,04201505_MUNI,094385,PSC-PMC,PARTIT DELS SOCIALISTES DE CATALUNYA-CANDIDATURA D,03041505.DAT
Municipales,2015,05,04201505_MUNI,094386,PSC - CP,PARTIT DELS SOCIALISTES DE CATALUNYA - CANDIDATURA,03041505.DAT
Municipales,2015,05,04201505_MUNI,094387,PSC-CP,PARTIT DELS SOCIALISTES DE CATALUNYA - CANDIDATURA,03041505.DAT
Municipales,2015,05,04201505_MUNI,094388,PSC- PM,PARTIT DELS SOCIALISTES DE CATALUNYA - CANDIDATURA,03041505.DAT
Municipales,2015,05,04201505_MUNI,094389,PSC-CP,PARTIT DELS SOCIALISTES DE CATALUNYA -CANDIDATURA,03041505.DAT
Municipales,2015,05,04201505_MUNI,094390,PSC-CP,PARTIT DELS SOCIALISTES DE CATALUNYA- CANDIDATURA,03041505.DAT
Municipales,2015,05,04201505_MUNI,094391,PSC- CP,PARTIT DELS SOCIALISTES DE CATALUNYA-CANDIDATURA D,03041505.DAT
Municipales,2015,05,04201505_MUNI,094392,PSC-CP,PARTIT DELS SOCIALISTES DE CATALUNYA-CANDIDATURA D,03041505.DAT
Municipales,2015,05,04201505_MUNI,094393,PSC-CP,PARTIT DELS SOCIALISTES DE CATALUNYA-CANDIDATURA D,03041505.DAT
Municipales,2015,05,04201505_MUNI,094394,PSC-CP,PARTIT DELS SOCIALISTES DE CATALUNYA-GELIDA-CANDID,03041505.DAT
Municipales,2015,05,04201505_MUNI,094395,PSC-CP,PARTIT DELS SOCIALISTES DE CATALUNYA-INDEPENDENTS,03041505.DAT
Municipales,2015,05,04201505_MUNI,094396,PSC-JpS-CP,PARTIT DELS SOCIALISTES DE CATALUNYA-JUNTS PER LA,03041505.DAT
Municipales,2015,05,04201505_MUNI,094397,PSC-CP,PARTIT DELS SOCIALISTES DE CATALUNYA (PSC-PSOE)-CA,03041505.DAT
Municipales,2015,05,04201505_MUNI,094398,PSC-SpA-CP,PARTIT DELS SOCIALISTES DE CATALUNYA -SUMEM PER L',03041505.DAT
Municipales,2015,05,04201505_MUNI,000285,APAC,AGRUPACION DE ELECTORES PLATAFORMA ABERTA CIDADA D,03041505.DAT
Municipales,2015,05,04201505_MUNI,005022,UASC,UN ALTRE SANT CUGAT - PLATAFORMA CIUTADANA PER A S,03041505.DAT
Municipales,2015,05,04201505_MUNI,034524,PVF,Plataforma Vecinal de la Fresneda,03041505.DAT
Municipales,2015,05,04201505_MUNI,005087,UMdC,UNIÓ MUNICIPAL DE CATALUNYA,03041505.DAT
Municipales,2015,05,04201505_MUNI,001171,Bloc Munici,BLOC MUNICIPAL DE CATALUNYA,03041505.DAT
Municipales,2015,05,04201505_MUNI,051860,CONARUC,CON ARUCAS PLATAFORMA CIUDADANA CONARUC,03041505.DAT
Municipales,2015,05,04201505_MUNI,003790,La PAC,LA PLATAFORMA ALTERNATIVA CIUTADANA DE DOSRIUS,03041505.DAT
Municipales,2015,05,04201505_MUNI,054506,PMH,PLATAFORMA DEL MUNICIPIO DE HARIA,03041505.DAT
Municipales,2015,05,04201505_MUNI,054528,PxSL,PLATAFORMA X SANTA LUCÍA,03041505.DAT
Municipales,2015,05,04201505_MUNI,001860,CONARUC,CON ARUCAS PLATAFORMA CIUDADANA CONARUC,03041505.DAT
Municipales,2015,05,04201505_MUNI,002115,ERC-AM,ESQUERRA REPUBLICANA DE CATALUNYA-ACORD MUNICIPAL,03041505.DAT
Municipales,2015,05,04201505_MUNI,002271,FIC,FEDERACIO D'INDEPENDENTS DE CATALUNYA,03041505.DAT
Municipales,2015,05,04201505_MUNI,002311,F.P.F.,"FOZ, PLATAFORMA DE FUTURO",03041505.DAT
Municipales,2015,05,04201505_MUNI,014491,PLATAFORMA,PLATAFORMA 3R,03041505.DAT
Municipales,2015,05,04201505_MUNI,014492,PARA LA GEN,PLATAFORMA CIUDADANA ABDERITANA- PARA LA GENTE,03041505.DAT
Municipales,2015,05,04201505_MUNI,014495,PLCV,PLATAFORMA CIUDADANA DE VILLACARRILLO,03041505.DAT
Municipales,2015,05,04201505_MUNI,014499,PARA LA GEN,PLATAFORMA CIUDADANA VERA - PARA LA GENTE,03041505.DAT
Municipales,2015,05,04201505_MUNI,014513,PIMOG,PLATAFORMA INDEPENDIENTE DE LOS MONTES ORIENTALES,03041505.DAT
Municipales,2015,05,04201505_MUNI,014516,PIQ,PLATAFORMA INDEPENDIENTE QUENTAR,03041505.DAT
Municipales,2015,05,04201505_MUNI,014522,PLATAFORMA,PLATAFORMA SOCIAL Y CIUDADANA POR ARMILLA,03041505.DAT
Municipales,2015,05,04201505_MUNI,004365,PCPC,PARTIT COMUNISTA DEL POBLE DE CATALUNYA,03041505.DAT
Municipales,2015,05,04201505_MUNI,004370,PSC-CP,PARTIT DELS SOCIALISTES DE CATALUNYA-CANDIDATURA D,03041505.DAT
Municipales,2015,05,04201505_MUNI,004428,PP,PARTIT POPULAR DE CATALUNYA / PARTIDO POPULAR DE C,03041505.DAT
Municipales,2015,05,04201505_MUNI,000849,AHP,ALDATUZ HERRI PLATAFORMA,03041505.DAT
Municipales,2015,05,04201505_MUNI,004491,PLATAFORMA,PLATAFORMA 3R,03041505.DAT
Municipales,2015,05,04201505_MUNI,004494,P.C.d.T.,PLATAFORMA CIUDADANA DE TOBARRA,03041505.DAT
Municipales,2015,05,04201505_MUNI,004495,PLCV,PLATAFORMA CIUDADANA DE VILLACARRILLO,03041505.DAT
Municipales,2015,05,04201505_MUNI,004496,GVG,PLATAFORMA CIUDADANA GASTORIA VG,03041505.DAT
Municipales,2015,05,04201505_MUNI,004497,P.C.G.,PLATAFORMA CIUDADANA POR GUAREÑA,03041505.DAT
Municipales,2015,05,04201505_MUNI,004498,P.C.P.,PLATAFORMA CIUDADANA POR PARADINAS DE SAN JUAN,03041505.DAT
Municipales,2015,05,04201505_MUNI,004500,P.C.P.B.,PLATAFORMA CIUTADANA PER BARBERA,03041505.DAT
Municipales,2015,05,04201505_MUNI,004501,PCDR,PLATAFORMA CIVICA DE CASTELLÓ I EMPURIABRAVA,03041505.DAT
Municipales,2015,05,04201505_MUNI,004502,PCDR,PLATAFORMA CIVICA DE ROSES,03041505.DAT
Municipales,2015,05,04201505_MUNI,004503,PCCA,PLATAFORMA CIVICA SANTA PERPETUA,03041505.DAT
Municipales,2015,05,04201505_MUNI,004504,PCCA,PLATAFORMA CÍVICA SILS,03041505.DAT
Municipales,2015,05,04201505_MUNI,004505,PDL,PLATAFORMA DE LERIN,03041505.DAT
Municipales,2015,05,04201505_MUNI,004506,PMH,PLATAFORMA DEL MUNICIPIO DE HARIA,03041505.DAT
Municipales,2015,05,04201505_MUNI,004507,PDxC,PLATAFORMA DEMOCRÀTICA PER CATALUNYA,03041505.DAT
Municipales,2015,05,04201505_MUNI,004510,PLAMIMO,PLATAFORMA IMPULSO MIAMI-MONT ROIG,03041505.DAT
Municipales,2015,05,04201505_MUNI,004511,GENT PER SA,PLATAFORMA INDEPENDENT GENT PER SALT,03041505.DAT
Municipales,2015,05,04201505_MUNI,004512,PICaldes,PLATAFORMA INDEPENDENT PER CALDES,03041505.DAT
Municipales,2015,05,04201505_MUNI,004513,PIMOG,PLATAFORMA INDEPENDIENTE DE LOS MONTES ORIENTALES,03041505.DAT
Municipales,2015,05,04201505_MUNI,004514,PIGH,PLATAFORMA INDEPENDIENTE GURE HERRIA,03041505.DAT
Municipales,2015,05,04201505_MUNI,004515,PIM-VILLALB,PLATAFORMA INDEPENDIENTE MUNICIPAL DE VILLALBILLA,03041505.DAT
Municipales,2015,05,04201505_MUNI,004516,PIQ,PLATAFORMA INDEPENDIENTE QUENTAR,03041505.DAT
Municipales,2015,05,04201505_MUNI,004517,PLAN,PLATAFORMA LIBERAL DE ACTITUDES NUEVAS,03041505.DAT
Municipales,2015,05,04201505_MUNI,004518,PLoC,PLATAFORMA LOCAL CIUDADANA,03041505.DAT
Municipales,2015,05,04201505_MUNI,004519,PxC,PLATAFORMA PER CATALUNYA,03041505.DAT
Municipales,2015,05,04201505_MUNI,004520,PXC&VECINOS,PLATAFORMA PER CATALUNYA&VECINOS DE SANTA COLOMA,03041505.DAT
Municipales,2015,05,04201505_MUNI,004521,P.S.D.G.,PLATAFORMA SOCIALISTA DEMOCRATICA DE GARROVILLAS,03041505.DAT
Municipales,2015,05,04201505_MUNI,004522,PLATAFORMA,PLATAFORMA SOCIAL Y CIUDADANA POR ARMILLA,03041505.DAT
Municipales,2015,05,04201505_MUNI,004524,PVF,Plataforma Vecinal de la Fresneda,03041505.DAT
Municipales,2015,05,04201505_MUNI,004525,PVISCM,PLATAFORMA VECINAL INDEPENDIENTE DE SANTA CRUZ DE,03041505.DAT
Municipales,2015,05,04201505_MUNI,004526,PLATAFORMA,PLATAFORMA VECINAL VALVIENSE,03041505.DAT
Municipales,2015,05,04201505_MUNI,004527,PLVI,PLATAFORMA VIGATANA,03041505.DAT
Municipales,2015,05,04201505_MUNI,004528,PxSL,PLATAFORMA X SANTA LUCÍA,03041505.DAT
Municipales,2015,05,04201505_MUNI,001010,ARA TARRAGO,ARACATALUNYA,03041505.DAT
Municipales,2015,05,04201505_TOTA,000070,Plataforma,AGRUPACIÓ D'ELECTORS PLATAFORMA CALERA,03041505.DAT
Municipales,2015,05,04201505_TOTA,084498,P.C.P.,PLATAFORMA CIUDADANA POR PARADINAS DE SAN JUAN,03041505.DAT
Municipales,2015,05,04201505_TOTA,094418,P.P.,PARTIT POPULAR DE CATALUNYA,03041505.DAT
Municipales,2015,05,04201505_TOTA,094419,P.P.,Partit Popular de Catalunya / Partido Popular de C,03041505.DAT
Municipales,2015,05,04201505_TOTA,094420,P.P.,Partit Popular de Catalunya/ Partido Popular de Ca,03041505.DAT
Municipales,2015,05,04201505_TOTA,094421,PP,Partit Popular de Catalunya/ Partido Popular de Ca,03041505.DAT
Municipales,2015,05,04201505_TOTA,094422,P.P.,Partit Popular de Catalunya/Partido Popular de Cat,03041505.DAT
Municipales,2015,05,04201505_TOTA,094423,PP,Partit Popular de Catalunya/Partido Popular de Cat,03041505.DAT
Municipales,2015,05,04201505_TOTA,094424,P.P.,PARTIT POPULAR DE CATALUNYA - PARTIDO POPULAR DE C,03041505.DAT
Municipales,2015,05,04201505_TOTA,094425,PP,PARTIT POPULAR DE CATALUNYA - PARTIDO POPULAR DE C,03041505.DAT
Municipales,2015,05,04201505_TOTA,094426,pp,PARTIT POPULAR DE CATALUNYA / PARTIDO POPULAR DE C,03041505.DAT
Municipales,2015,05,04201505_TOTA,094427,P.P.,PARTIT POPULAR DE CATALUNYA / PARTIDO POPULAR DE C,03041505.DAT
Municipales,2015,05,04201505_TOTA,094428,PP,PARTIT POPULAR DE CATALUNYA / PARTIDO POPULAR DE C,03041505.DAT
Municipales,2015,05,04201505_TOTA,094429,PP,PARTIT POPULAR DE CATALUNYA / PARTIDO POPULAR DE C,03041505.DAT
Municipales,2015,05,04201505_TOTA,094430,P.P.,PARTIT POPULAR DE CATALUNYA- PARTIDO POPULAR DE CA,03041505.DAT
Municipales,2015,05,04201505_TOTA,094431,P.P.,PARTIT POPULAR DE CATALUNYA-PARTIDO POPULAR DE CAT,03041505.DAT
Municipales,2015,05,04201505_TOTA,094432,PP,PARTIT POPULAR DE CATALUNYA-PARTIDO POPULAR DE CAT,03041505.DAT
Municipales,2015,05,04201505_TOTA,094433,PP,PARTIT POPULAR DE CATALUNYA-PARTIDO POPULAR DE CAT,03041505.DAT
Municipales,2015,05,04201505_TOTA,094434,PP,PARTIT POPULAR DE CATALUNYA/ PARTIDO POPULAR DE CA,03041505.DAT
Municipales,2015,05,04201505_TOTA,094435,P.P.,PARTIT POPULAR DE CATALUNYA/PARTIDO POPULAR DE CAT,03041505.DAT
Municipales,2015,05,04201505_TOTA,094436,PP,PARTIT POPULAR DE CATALUNYA/PARTIDO POPULAR DE CAT,03041505.DAT
Municipales,2015,05,04201505_TOTA,094437,P.P.,PARTIT POPULAR DE CATALUNYA / PARTIDO POPULAR DE C,03041505.DAT
Municipales,2015,05,04201505_TOTA,094438,P.P.,Partit Popular de Catalunya/Partido Popular de Cat,03041505.DAT
Municipales,2015,05,04201505_TOTA,094439,P.P.,PARTIT POPULAR DE CATALUNYA / PARTIDO POPULAR DE C,03041505.DAT
Municipales,2015,05,04201505_TOTA,094440,PP,PARTIT POPULAR DE CATALUNYA / PARTIDO POPULAR DE C,03041505.DAT
Municipales,2015,05,04201505_TOTA,094441,P.P.,PARTIT POPULAR DE CATALUNYA /PARTIDO POPULAR DE CA,03041505.DAT
Municipales,2015,05,04201505_TOTA,094442,PP,PARTIT POPULAR DE CATALUNYA/PARTIDO POPULAR DE CAT,03041505.DAT
Municipales,2015,05,04201505_TOTA,094443,P.P.,Partit Popular de Catalunya/ Partido Pupular de Ca,03041505.DAT
Municipales,2015,05,04201505_TOTA,094444,PP,PARTIT POPULAR DE CATALUNYA / PATIDO POPULAR DE CA,03041505.DAT
Municipales,2015,05,04201505_TOTA,094462,PSC-CP,PARTIT SOCIALISTES DE CATALUNYA- CANDIDATURA DE PR,03041505.DAT
Municipales,2015,05,04201505_TOTA,094471,PC-PSC-CP,PER CERVERA-PARTIT DELS SOCIALISTES DE CATALUNYA-C,03041505.DAT
Municipales,2015,05,04201505_TOTA,094500,P.C.P.B.,PLATAFORMA CIUTADANA PER BARBERA,03041505.DAT
Municipales,2015,05,04201505_TOTA,094501,PCDR,PLATAFORMA CIVICA DE CASTELLÓ I EMPURIABRAVA,03041505.DAT
Municipales,2015,05,04201505_TOTA,094502,PCDR,PLATAFORMA CIVICA DE ROSES,03041505.DAT
Municipales,2015,05,04201505_TOTA,094503,PCCA,PLATAFORMA CIVICA SANTA PERPETUA,03041505.DAT
Municipales,2015,05,04201505_TOTA,094504,PCCA,PLATAFORMA CÍVICA SILS,03041505.DAT
Municipales,2015,05,04201505_TOTA,094507,PDxC,PLATAFORMA DEMOCRÀTICA PER CATALUNYA,03041505.DAT
Municipales,2015,05,04201505_TOTA,094510,PLAMIMO,PLATAFORMA IMPULSO MIAMI-MONT ROIG,03041505.DAT
Municipales,2015,05,04201505_TOTA,094511,GENT PER SA,PLATAFORMA INDEPENDENT GENT PER SALT,03041505.DAT
Municipales,2015,05,04201505_TOTA,094512,PICaldes,PLATAFORMA INDEPENDENT PER CALDES,03041505.DAT
Municipales,2015,05,04201505_TOTA,094519,PxC,PLATAFORMA PER CATALUNYA,03041505.DAT
Municipales,2015,05,04201505_TOTA,094520,PXC&VECINOS,PLATAFORMA PER CATALUNYA&VECINOS DE SANTA COLOMA,03041505.DAT
Municipales,2015,05,04201505_TOTA,094523,PUC-AM,PLATAFORMA UNITS PER CASTELLOLÍ-ACORD MUNICIPAL,03041505.DAT
Municipales,2015,05,04201505_TOTA,094527,PLVI,PLATAFORMA VIGATANA,03041505.DAT
Municipales,2015,05,04201505_TOTA,094900,SOM TONA -,SOM TONA - INICIATIVA PER CATALUNYA VERDS - ESQUER,03041505.DAT
Municipales,2015,05,04201505_TOTA,095022,UASC,UN ALTRE SANT CUGAT - PLATAFORMA CIUTADANA PER A S,03041505.DAT
Municipales,2015,05,04201505_TOTA,074494,P.C.d.T.,PLATAFORMA CIUDADANA DE TOBARRA,03041505.DAT
Municipales,2015,05,04201505_TOTA,074525,PVISCM,PLATAFORMA VECINAL INDEPENDIENTE DE SANTA CRUZ DE,03041505.DAT
Municipales,2015,05,04201505_TOTA,090070,Plataforma,AGRUPACIÓ D'ELECTORS PLATAFORMA CALERA,03041505.DAT
Municipales,2015,05,04201505_TOTA,095086,UMdC,UNIO MUNICIPAL DE CATALUNYA,03041505.DAT
Municipales,2015,05,04201505_TOTA,095087,UMdC,UNIÓ MUNICIPAL DE CATALUNYA,03041505.DAT
Municipales,2015,05,04201505_TOTA,095182,UA-PSC-CP,UNITAT D'ARAN-PARTIT DELS SOCIALISTES DE CATALUNYA,03041505.DAT
Municipales,2015,05,04201505_TOTA,095183,UA-PSC-CP,UNITAT D'ARAN-PARTIT DELS SOCIALISTES DE CATALUNYA,03041505.DAT
Municipales,2015,05,04201505_TOTA,095184,UA-PSC-CP,UNITAT D'ARAN-PARTIT DELS SOCIALISTES DE CATALUNYA,03041505.DAT
Municipales,2015,05,04201505_TOTA,090984,Ametlla't -,AMETLLA'T -ESQUERRA REPUBLICANA DE CATALUNYA-ACORD,03041505.DAT
Municipales,2015,05,04201505_TOTA,093068,ICV-EUiA-E,INICIATIVA PER CATALUNYA ELS VERDS - ESQUERRA UNID,03041505.DAT
Municipales,2015,05,04201505_TOTA,093069,ICV-IdB-E,INICIATIVA PER CATALUNYA ELS VERDS - INDEPENDENTS,03041505.DAT
Municipales,2015,05,04201505_TOTA,172228,EUPV-PUG:AC,ESQUERRA UNIDA PAIS VALENCIA-PLATAFORMA DE URBANIZ,03041505.DAT
Municipales,2015,05,04201505_TOTA,091010,ARA TARRAGO,ARACATALUNYA,03041505.DAT
Municipales,2015,05,04201505_TOTA,091023,Ara Mollet,ARA MOLLET - ESQUERRA REPUBLICANA DE CATALUNYA - M,03041505.DAT
Municipales,2015,05,04201505_TOTA,091026,Ara Parets-,ARA PARETS - ESQUERRA REPUBLICANA DE CATALUNYA - A,03041505.DAT
Municipales,2015,05,04201505_TOTA,091171,Bloc Munici,BLOC MUNICIPAL DE CATALUNYA,03041505.DAT
Municipales,2015,05,04201505_TOTA,091172,BLOC MUNICI,BLOC MUNICIPAL DE CATALUNYA,03041505.DAT
Municipales,2015,05,04201505_TOTA,091173,BLOC MUNICI,BLOC MUNICIPAL DE CATALUNYA - INDEPENDENTS PER SAN,03041505.DAT
Municipales,2015,05,04201505_TOTA,091189,BV - ERC -,BRUC VIU - ESQUERRA REPUBLICANA DE CATALUNYA - ACO,03041505.DAT
Municipales,2015,05,04201505_TOTA,091246,+C-ERC-AM,+ CAMPRODON-ESQUERRA REPUBLICANA DE CATALUNYA-ACOR,03041505.DAT
Municipales,2015,05,04201505_TOTA,093070,ICV-EUiA-E,INICIATIVA PER CATALUNYA VERDA-ESQUERRA UNIDA I AL,03041505.DAT
Municipales,2015,05,04201505_TOTA,093071,IC-V,INICIATIVA PER CATALUNYA VERDS,03041505.DAT
Municipales,2015,05,04201505_TOTA,093072,E,INICIATIVA PER CATALUNYA VERDS - ENTESA,03041505.DAT
Municipales,2015,05,04201505_TOTA,093073,ICV - E,INICIATIVA PER CATALUNYA VERDS - ENTESA,03041505.DAT
Municipales,2015,05,04201505_TOTA,093074,ICV-E,INICIATIVA PER CATALUNYA VERDS - ENTESA,03041505.DAT
Municipales,2015,05,04201505_TOTA,093075,ICV-E,INICIATIVA PER CATALUNYA VERDS-ENTESA,03041505.DAT
Municipales,2015,05,04201505_TOTA,093076,ICV-EUiA-E,INICIATIVA PER CATALUNYA VERDS-ESQUERRA UNIDA ALTE,03041505.DAT
Municipales,2015,05,04201505_TOTA,093077,ICV-EUiA- E,INICIATIVA PER CATALUNYA VERDS-ESQUERRA UNIDA i AL,03041505.DAT
Municipales,2015,05,04201505_TOTA,093078,ICV-EUiA-E,INICIATIVA PER CATALUNYA VERDS-ESQUERRA UNIDA i AL,03041505.DAT
Municipales,2015,05,04201505_TOTA,093079,ICV -EUiA-E,INICIATIVA PER CATALUNYA VERDS - ESQUERRA UNIDA I,03041505.DAT
Municipales,2015,05,04201505_TOTA,093080,ICV-EUiA- E,INICIATIVA PER CATALUNYA VERDS - ESQUERRA UNIDA I,03041505.DAT
Municipales,2015,05,04201505_TOTA,093081,ICV-EUiA-E,INICIATIVA PER CATALUNYA VERDS - ESQUERRA UNIDA I,03041505.DAT
Municipales,2015,05,04201505_TOTA,093082,ICV - EUIA,INICIATIVA PER CATALUNYA VERDS - ESQUERRA UNIDA I,03041505.DAT
Municipales,2015,05,04201505_TOTA,093083,ICV-EUIA-E,INICIATIVA PER CATALUNYA VERDS - ESQUERRA UNIDA I,03041505.DAT
Municipales,2015,05,04201505_TOTA,093084,ICV-EUIA-E,INICIATIVA PER CATALUNYA VERDS - ESQUERRA UNIDA I,03041505.DAT
Municipales,2015,05,04201505_TOTA,093085,ICV-EUiA-E,INICIATIVA PER CATALUNYA VERDS -ESQUERRA UNIDA I A,03041505.DAT
Municipales,2015,05,04201505_TOTA,093086,ICV-EUIA-E,INICIATIVA PER CATALUNYA VERDS- ESQUERRA UNIDA I A,03041505.DAT
Municipales,2015,05,04201505_TOTA,093087,ICV-EUiA-E,INICIATIVA PER CATALUNYA VERDS- ESQUERRA UNIDA I A,03041505.DAT
Municipales,2015,05,04201505_TOTA,093088,ICV-EUA-E,INICIATIVA PER CATALUNYA VERDS-ESQUERRA UNIDA I AL,03041505.DAT
Municipales,2015,05,04201505_TOTA,093089,ICV-EUiA-E,INICIATIVA PER CATALUNYA VERDS-ESQUERRA UNIDA I AL,03041505.DAT
Municipales,2015,05,04201505_TOTA,093090,ICV-EUiA.E,INICIATIVA PER CATALUNYA VERDS-ESQUERRA UNIDA I AL,03041505.DAT
Municipales,2015,05,04201505_TOTA,093091,ICV-EUIA-E,INICIATIVA PER CATALUNYA VERDS-ESQUERRA UNIDA I AL,03041505.DAT
Municipales,2015,05,04201505_TOTA,093092,ICV-EUIA-E,INICIATIVA PER CATALUNYA VERDS-ESQUERRA UNIDA I AL,03041505.DAT
Municipales,2015,05,04201505_TOTA,093093,ICV-EUA-EP-,INICIATIVA PER CATALUNYA VERDS-ESQUERRA UNIDA I AL,03041505.DAT
Municipales,2015,05,04201505_TOTA,093094,ICV-EUiA-E,INICIATIVA PER CATALUNYA VERDS-ESQUERRA UNIDA I AL,03041505.DAT
Municipales,2015,05,04201505_TOTA,093095,ICV-EUiA-EP,INICIATIVA PER CATALUNYA VERDS-ESQUERRA UNIDA I AL,03041505.DAT
Municipales,2015,05,04201505_TOTA,093096,ICV-EUiA-ME,INICIATIVA PER CATALUNYA VERDS-ESQUERRA UNIDA I AL,03041505.DAT
Municipales,2015,05,04201505_TOTA,093097,ICV-EUiA-ME,INICIATIVA PER CATALUNYA VERDS-ESQUERRA UNIDA I AL,03041505.DAT
Municipales,2015,05,04201505_TOTA,093098,IC-V-EUiA-P,INICIATIVA PER CATALUNYA VERDS-ESQUERRA UNIDA I AL,03041505.DAT
Municipales,2015,05,04201505_TOTA,093099,ICV-EUiA-Pi,INICIATIVA PER CATALUNYA VERDS-ESQUERRA UNIDA i AL,03041505.DAT
Municipales,2015,05,04201505_TOTA,093100,ICV - EUIA,INICIATIVA PER CATALUNYA VERDS - ESQUERRA UNIDA I,03041505.DAT
Municipales,2015,05,04201505_TOTA,093101,ICV-EUiA-E,INICIATIVA PER CATALUNYA VERDS-ESQUERRA UNIDA I AL,03041505.DAT
Municipales,2015,05,04201505_TOTA,093102,ICV-ME-AS C,INICIATIVA PER CATALUNYA VERDS-MOVIMENT D'ESQUERRE,03041505.DAT
Municipales,2015,05,04201505_TOTA,124515,PIM-VILLALB,PLATAFORMA INDEPENDIENTE MUNICIPAL DE VILLALBILLA,03041505.DAT
Municipales,2015,05,04201505_TOTA,124517,PLAN,PLATAFORMA LIBERAL DE ACTITUDES NUEVAS,03041505.DAT
Municipales,2015,05,04201505_TOTA,124518,PLoC,PLATAFORMA LOCAL CIUDADANA,03041505.DAT
Municipales,2015,05,04201505_TOTA,091498,ICV-EUiA-E,COALICIO ELECTORAL INICIATIVA PER CATALUNYA VERDS-,03041505.DAT
Municipales,2015,05,04201505_TOTA,091499,ICV-EUiA-E,COALICIO INICIATIVA PER CATALUNYA VERDS-ESQUERRA U,03041505.DAT
Municipales,2015,05,04201505_TOTA,091555,CSJ-ICV-ME-,COMPROMÍS AMB SANT JOAN-INICIATIVA PER CATALUNYA V,03041505.DAT
Municipales,2015,05,04201505_TOTA,134505,PDL,PLATAFORMA DE LERIN,03041505.DAT
Municipales,2015,05,04201505_TOTA,174509,PLATAFORMA-,PLATAFORMA-GUANYEM SAB PER ALS VEÏNS: COMPROMÍS,03041505.DAT
Municipales,2015,05,04201505_TOTA,092011,EB-ICV-E,ENTESA BEGUES-INICIATIVA PER CATALUNYA VERDS-ENTES,03041505.DAT
Municipales,2015,05,04201505_TOTA,140849,AHP,ALDATUZ HERRI PLATAFORMA,03041505.DAT
Municipales,2015,05,04201505_TOTA,092099,ERC-AM,ESQUERRA REPUBLICANA CATALUNYA ACORD MUNICIPAL,03041505.DAT
Municipales,2015,05,04201505_TOTA,092100,ERC - AM,ESQUERRA REPUBLICANA DE CATALUNYA,03041505.DAT
Municipales,2015,05,04201505_TOTA,092101,ERC- AG - A,ESQUERRA REPUBLICANA DE CATALUNYA-ACCIO GRANOLLERS,03041505.DAT
Municipales,2015,05,04201505_TOTA,092102,ERC - AM,Esquerra Republicana de Catalunya - Acord Municipa,03041505.DAT
Municipales,2015,05,04201505_TOTA,092103,ERC-AM,Esquerra Republicana de Catalunya - Acord Municipa,03041505.DAT
Municipales,2015,05,04201505_TOTA,092104,ERC - AM,Esquerra Republicana de Catalunya- Acord Municipal,03041505.DAT
Municipales,2015,05,04201505_TOTA,092105,ERC- AM,Esquerra Republicana de Catalunya- Acord Municipal,03041505.DAT
Municipales,2015,05,04201505_TOTA,092106,ERC - AM,Esquerra Republicana de Catalunya-Acord Municipal,03041505.DAT
Municipales,2015,05,04201505_TOTA,092107,ERC-AM,Esquerra Republicana de Catalunya-Acord Municipal,03041505.DAT
Municipales,2015,05,04201505_TOTA,092108,ERC-AM,ESQUERRA REPUBLICANA DE CATALUNYA- ACORD MUNICIPAL,03041505.DAT
Municipales,2015,05,04201505_TOTA,092109,AM-ERC-AM,ESQUERRA REPUBLICANA DE CATALUNYA-ACORD MUNICIPAL,03041505.DAT
Municipales,2015,05,04201505_TOTA,092110,ERC - AM,ESQUERRA REPUBLICANA DE CATALUNYA-ACORD MUNICIPAL,03041505.DAT
Municipales,2015,05,04201505_TOTA,092111,ERC -AM,ESQUERRA REPUBLICANA DE CATALUNYA-ACORD MUNICIPAL,03041505.DAT
Municipales,2015,05,04201505_TOTA,092112,ERC / AM,ESQUERRA REPUBLICANA DE CATALUNYA-ACORD MUNICIPAL,03041505.DAT
Municipales,2015,05,04201505_TOTA,092113,ERC AM,ESQUERRA REPUBLICANA DE CATALUNYA-ACORD MUNICIPAL,03041505.DAT
Municipales,2015,05,04201505_TOTA,092114,ERC- AM,ESQUERRA REPUBLICANA DE CATALUNYA-ACORD MUNICIPAL,03041505.DAT
Municipales,2015,05,04201505_TOTA,092115,ERC-AM,ESQUERRA REPUBLICANA DE CATALUNYA-ACORD MUNICIPAL,03041505.DAT
Municipales,2015,05,04201505_TOTA,092116,ERC / ESQUE,ESQUERRA REPUBLICANA DE CATALUNYA-ACORD MUNICIPAL,03041505.DAT
Municipales,2015,05,04201505_TOTA,092117,ERC-AM,ESQUERRA REPUBLICANA DE CATALUNYA-ACORD MUNICIPAL.,03041505.DAT
Municipales,2015,05,04201505_TOTA,092118,ERC / ESQUE,ESQUERRA REPUBLICANA DECATALUNYA-ACORD MUNICIPAL,03041505.DAT
Municipales,2015,05,04201505_TOTA,092119,ERC - AM,Esquerra Repúblicana de Catalunya - Acord Municipa,03041505.DAT
Municipales,2015,05,04201505_TOTA,092120,ERC-AM,ESQUERRA REPUBLICANA DE CATALUNYA-ACORD MUNICPAL,03041505.DAT
Municipales,2015,05,04201505_TOTA,092121,ERC - AM -,ESQUERRA REPUBLICANA DE CATALUNYA-ACORD PEL MASNOU,03041505.DAT
Municipales,2015,05,04201505_TOTA,092122,ERC - Avanc,ESQUERRA REPUBLICANA DE CATALUNYA-AVANCEM-ACORD MU,03041505.DAT
Municipales,2015,05,04201505_TOTA,092123,ERC - AVANC,ESQUERRA REPUBLICANA DE CATALUNYA-AVANCEM-ACORD MU,03041505.DAT
Municipales,2015,05,04201505_TOTA,092124,ERC / AVANC,ESQUERRA REPUBLICANA DE CATALUNYA-AVANCEM-ACORD MU,03041505.DAT
Municipales,2015,05,04201505_TOTA,092125,ERC-AVANCEM,ESQUERRA REPUBLICANA DE CATALUNYA-AVANCEM-ACORD MU,03041505.DAT
Municipales,2015,05,04201505_TOTA,092126,ERC-AVANCEM,ESQUERRA REPUBLICANA DE CATALUNYA-AVANCEM-MOVIMENT,03041505.DAT
Municipales,2015,05,04201505_TOTA,092127,ERC-EV-DG-A,ESQUERRA REPUBLICANA DE CATALUNYA-ELS VERDS-DECIDI,03041505.DAT
Municipales,2015,05,04201505_TOTA,092128,ERC - GdT -,ESQUERRA REPUBLICANA DE CATALUNYA-GENT DE TORDERA-,03041505.DAT
Municipales,2015,05,04201505_TOTA,092129,ERC-GxE-Ava,ESQUERRA REPUBLICANA DE CATALUNYA-GENT PER ESPLUGU,03041505.DAT
Municipales,2015,05,04201505_TOTA,092130,ERC-Gramene,ESQUERRA REPUBLICANA DE CATALUNYA-GRAMENET SI-ACOR,03041505.DAT
Municipales,2015,05,04201505_TOTA,092131,ERC - GIR -,ESQUERRA REPUBLICANA DE CATALUNYA-GRUP INDEPENDENT,03041505.DAT
Municipales,2015,05,04201505_TOTA,092132,ERC - GIR -,ESQUERRA REPUBLICANA DE CATALUNYA-GRUP INDEPENDENT,03041505.DAT
Municipales,2015,05,04201505_TOTA,092133,ERC- Indepe,ESQUERRA REPUBLICANA DE CATALUNYA-Independents-ACO,03041505.DAT
Municipales,2015,05,04201505_TOTA,092134,ERC - IxStE,ESQUERRA REPUBLICANA DE CATALUNYA-INDEPENDENTS PER,03041505.DAT
Municipales,2015,05,04201505_TOTA,092135,ERC-JUNTS@T,ESQUERRA REPUBLICANA DE CATALUNYA-JUNTS A TORROELL,03041505.DAT
Municipales,2015,05,04201505_TOTA,092136,ERC - JFM -,ESQUERRA REPUBLICANA DE CATALUNYA-JUNTS FEM MANLLE,03041505.DAT
Municipales,2015,05,04201505_TOTA,092137,ERC - JxE -,ESQUERRA REPUBLICANA DE CATALUNYA-JUNTS PER L'ESCA,03041505.DAT
Municipales,2015,05,04201505_TOTA,092138,ERC - Junts,ESQUERRA REPUBLICANA DE CATALUNYA-JUNTS PER LLIÇÀ,03041505.DAT
Municipales,2015,05,04201505_TOTA,092139,ERC - Junts,ESQUERRA REPUBLICANA DE CATALUNYA-JUNTS PER PINEDA,03041505.DAT
Municipales,2015,05,04201505_TOTA,092140,ERC-JpR-AM,ESQUERRA REPUBLICANA DE CATALUNYA-JUNTS PER RIPOLL,03041505.DAT
Municipales,2015,05,04201505_TOTA,092141,ERC -JpT-AM,ESQUERRA REPUBLICANA DE CATALUNYA-JUNTS PER TORELL,03041505.DAT
Municipales,2015,05,04201505_TOTA,092142,ERC - JxP -,ESQUERRA REPUBLICANA DE CATALUNYA-JUNTS X PREMIÀ-A,03041505.DAT
Municipales,2015,05,04201505_TOTA,092143,ERC-MES- AM,ESQUERRA REPUBLICANA DE CATALUNYA-Moviment d'Esque,03041505.DAT
Municipales,2015,05,04201505_TOTA,092144,ERC - MES -,Esquerra Republicana de Catalunya - Moviment d'Esq,03041505.DAT
Municipales,2015,05,04201505_TOTA,092145,ERC-MES-AM,Esquerra Republicana de Catalunya-Moviment d'Esque,03041505.DAT
Municipales,2015,05,04201505_TOTA,092146,ERC-MES-AM,ESQUERRA REPUBLICANA DE CATALUNYA-MOVIMENT D'ESQUE,03041505.DAT
Municipales,2015,05,04201505_TOTA,092147,ERC - MES -,ESQUERRA REPUBLICANA DE CATALUNYA-MOVIMENT D'ESQUE,03041505.DAT
Municipales,2015,05,04201505_TOTA,092148,ERC-MES -AM,ESQUERRA REPUBLICANA DE CATALUNYA-MOVIMENT D'ESQUE,03041505.DAT
Municipales,2015,05,04201505_TOTA,092149,ERC - MES -,ESQUERRA REPUBLICANA DE CATALUNYA-MOVIMENT D'ESQUE,03041505.DAT
Municipales,2015,05,04201505_TOTA,092150,ERC-MES-Bcn,ESQUERRA REPUBLICANA DE CATALUNYA-MOVIMENT D'ESQUE,03041505.DAT
Municipales,2015,05,04201505_TOTA,092151,ERC-MES-MDC,ESQUERRA REPUBLICANA DE CATALUNYA-MOVIMENT D'ESQUE,03041505.DAT
Municipales,2015,05,04201505_TOTA,092152,ERC - MESxB,ESQUERRA REPUBLICANA DE CATALUNYA-MOVIMENT D'ESQUE,03041505.DAT
Municipales,2015,05,04201505_TOTA,092153,ERC - MES p,ESQUERRA REPUBLICANA DE CATALUNYA-MOVIMENT D' ESQU,03041505.DAT
Municipales,2015,05,04201505_TOTA,092154,ERC - MESxF,ESQUERRA REPUBLICANA DE CATALUNYA-MOVIMENT D'ESQUE,03041505.DAT
Municipales,2015,05,04201505_TOTA,092155,ERC - MES x,ESQUERRA REPUBLICANA DE CATALUNYA-MOVIMENT D'ESQUE,03041505.DAT
Municipales,2015,05,04201505_TOTA,092156,ERC - MESxV,ESQUERRA REPUBLICANA DE CATALUNYA-MOVIMENT D'ESQUE,03041505.DAT
Municipales,2015,05,04201505_TOTA,092157,ERC-SSE-AM,ESQUERRA REPUBLICANA DE CATALUNYA-SANTA SUSANNA EN,03041505.DAT
Municipales,2015,05,04201505_TOTA,092158,ERC- SOM VI,ESQUERRA REPUBLICANA DE CATALUNYA-SOM VIC-ACORD MU,03041505.DAT
Municipales,2015,05,04201505_TOTA,092159,ERC- SV- AM,ESQUERRA REPUBLICANA DE CATALUNYA-SOM VILANOVA-ACO,03041505.DAT
Municipales,2015,05,04201505_TOTA,092160,ERC + SxA -,ESQUERRA REPUBLICANA DE CATALUNYA + SUMEM PER ALEL,03041505.DAT
Municipales,2015,05,04201505_TOTA,092161,ERC-GURB-AM,ESQUERRA REPUBLICANA DE CATALUNYA-UNITS PER GURB-A,03041505.DAT
Municipales,2015,05,04201505_TOTA,092162,ERC - VdMdS,ESQUERRA REPUBLICANA DE CATALUNYA-VILASSAR DE MAR,03041505.DAT
Municipales,2015,05,04201505_TOTA,092233,ERC-AM,ESQUERRRA REPUBLICANA DE CATALUNYA-ACORD MUNICIPAL,03041505.DAT
Municipales,2015,05,04201505_TOTA,092270,F.I.C.,FEDERACIO D'INDEPENDENTS DE CATALUNYA,03041505.DAT
Municipales,2015,05,04201505_TOTA,092271,FIC,FEDERACIO D'INDEPENDENTS DE CATALUNYA,03041505.DAT
Municipales,2015,05,04201505_TOTA,092272,FIC,FEDERACIO D'INDEPENDENTS DE CATALUNYA - FIC,03041505.DAT
Municipales,2015,05,04201505_TOTA,092290,FV - ICV -,FEM VILADECAVALLS -INICIATIVA PER CATALUNYA VERDS,03041505.DAT
Municipales,2015,05,04201505_TOTA,092296,FLIX TEU- F,FLIXTEU - FEDERACIO D'INDEPENDENTS DE CATALUNYA FI,03041505.DAT
Municipales,2015,05,04201505_TOTA,092517,GE-ICV-EUiA,GENT D'ESQUERRES-INICIATIVA PER CATALUNYA VERDS-ES,03041505.DAT
Municipales,2015,05,04201505_TOTA,095337,VIC PER A T,VIC PER A TOTS - INICIATIVA PER CATALUNYA VERDS -,03041505.DAT
Municipales,2015,05,04201505_TOTA,144496,GVG,PLATAFORMA CIUDADANA GASTORIA VG,03041505.DAT
Municipales,2015,05,04201505_TOTA,144514,PIGH,PLATAFORMA INDEPENDIENTE GURE HERRIA,03041505.DAT
Municipales,2015,05,04201505_TOTA,092724,I Celrà - E,I CELRÀ - ESQUERRA REPUBLICANA DE CATALUNYA - ACOR,03041505.DAT
Municipales,2015,05,04201505_TOTA,092739,ICV-E,INCIATIVA PER CATALUNYA VERDS - ENTESA,03041505.DAT
Municipales,2015,05,04201505_TOTA,092740,ICV-EUiA-E,INCIATIVA PER CATALUNYA VERDS-ESQUERRA UNIDA I ALT,03041505.DAT
Municipales,2015,05,04201505_TOTA,092795,Independent,INDEPENDENTS - ESQUERRA REPUBLICANA DE CATALUNYA -,03041505.DAT
Municipales,2015,05,04201505_TOTA,104497,P.C.G.,PLATAFORMA CIUDADANA POR GUAREÑA,03041505.DAT
Municipales,2015,05,04201505_TOTA,104521,P.S.D.G.,PLATAFORMA SOCIALISTA DEMOCRATICA DE GARROVILLAS,03041505.DAT
Municipales,2015,05,04201505_TOTA,104526,PLATAFORMA,PLATAFORMA VECINAL VALVIENSE,03041505.DAT
Municipales,2015,05,04201505_TOTA,110285,APAC,AGRUPACION DE ELECTORES PLATAFORMA ABERTA CIDADA D,03041505.DAT
Municipales,2015,05,04201505_TOTA,093790,La PAC,LA PLATAFORMA ALTERNATIVA CIUTADANA DE DOSRIUS,03041505.DAT
Municipales,2015,05,04201505_TOTA,093954,MOVEM-E,MOVEM CASTELLDEFELS-INICIATIVA PER CATALUNYA VERDS,03041505.DAT
Municipales,2015,05,04201505_TOTA,093968,MV - E,MOVEM VACARISSES - INICIATIVA PER CATALUNYA VERDS,03041505.DAT
Municipales,2015,05,04201505_TOTA,112311,F.P.F.,"FOZ, PLATAFORMA DE FUTURO",03041505.DAT
Municipales,2015,05,04201505_TOTA,094060,OLÓ SOM TOT,OLÓ SOM TOTS-ESQUERRA REPUBLICANA DE CATALUNYA-ACO,03041505.DAT
Municipales,2015,05,04201505_TOTA,094257,PP,PARTIDO POPULAR DE CATALUNYA,03041505.DAT
Municipales,2015,05,04201505_TOTA,094258,P.P.,Partido Popular de Catalunya / Partido Popular de,03041505.DAT
Municipales,2015,05,04201505_TOTA,094259,PP,PARTIDO POPULAR DE CATALUNYA / PARTIDO POPULAR DE,03041505.DAT
Municipales,2015,05,04201505_TOTA,094260,PP,PARTIDO POPULAR DE CATALUNYA/PARTIDO POPULAR DE CA,03041505.DAT
Municipales,2015,05,04201505_TOTA,094365,PCPC,PARTIT COMUNISTA DEL POBLE DE CATALUNYA,03041505.DAT
Municipales,2015,05,04201505_TOTA,094366,PCPC,PARTIT COMUNISTA DEL POBLE DE CATALUNYA (PCPC),03041505.DAT
Municipales,2015,05,04201505_TOTA,094369,PSC-CP,PARTIT DEL SOCIALISTES DE CATALUNYA-CANDIDATURA DE,03041505.DAT
Municipales,2015,05,04201505_TOTA,094370,PSC-CP,PARTIT DELS SOCIALISTES DE CATALUNYA-CANDIDATURA D,03041505.DAT
Municipales,2015,05,04201505_TOTA,094371,PSC-CP,PARTIT DELS SOCIALISTES DE CATALUNYA -CANDIDATURA,03041505.DAT
Municipales,2015,05,04201505_TOTA,094372,PSC-CP,PARTIT DELS SOCIALISTES DE CATALUNYA -CANDIDATURA,03041505.DAT
Municipales,2015,05,04201505_TOTA,094373,PSC-CP,PARTIT DELS SOCIALISTES DE CATALUNYA -CANDIDATURA,03041505.DAT
Municipales,2015,05,04201505_TOTA,094374,PSC-CP,PARTIT DELS SOCIALISTES DE CATALUNYA-CANDIDATURA D,03041505.DAT
Municipales,2015,05,04201505_TOTA,094375,PSC-CP,Partit dels Socialistes de Catalunya- Candidatura,03041505.DAT
Municipales,2015,05,04201505_TOTA,094376,CP,PARTIT DELS SOCIALISTES DE CATALUNYA - CANDIDATURA,03041505.DAT
Municipales,2015,05,04201505_TOTA,094377,PSC - CP,PARTIT DELS SOCIALISTES DE CATALUNYA - CANDIDATURA,03041505.DAT
Municipales,2015,05,04201505_TOTA,094378,PSC- CP,PARTIT DELS SOCIALISTES DE CATALUNYA - CANDIDATURA,03041505.DAT
Municipales,2015,05,04201505_TOTA,094379,PSC-CP,PARTIT DELS SOCIALISTES DE CATALUNYA - CANDIDATURA,03041505.DAT
Municipales,2015,05,04201505_TOTA,094380,PSC-CP,PARTIT DELS SOCIALISTES DE CATALUNYA -CANDIDATURA,03041505.DAT
Municipales,2015,05,04201505_TOTA,094381,PSC-CP,PARTIT DELS SOCIALISTES DE CATALUNYA- CANDIDATURA,03041505.DAT
Municipales,2015,05,04201505_TOTA,094382,PSC,PARTIT DELS SOCIALISTES DE CATALUNYA-CANDIDATURA D,03041505.DAT
Municipales,2015,05,04201505_TOTA,094383,PSC - CP,PARTIT DELS SOCIALISTES DE CATALUNYA-CANDIDATURA D,03041505.DAT
Municipales,2015,05,04201505_TOTA,094384,PSC-CP,PARTIT DELS SOCIALISTES DE CATALUNYA-CANDIDATURA D,03041505.DAT
Municipales,2015,05,04201505_TOTA,094385,PSC-PMC,PARTIT DELS SOCIALISTES DE CATALUNYA-CANDIDATURA D,03041505.DAT
Municipales,2015,05,04201505_TOTA,094386,PSC - CP,PARTIT DELS SOCIALISTES DE CATALUNYA - CANDIDATURA,03041505.DAT
Municipales,2015,05,04201505_TOTA,094387,PSC-CP,PARTIT DELS SOCIALISTES DE CATALUNYA - CANDIDATURA,03041505.DAT
Municipales,2015,05,04201505_TOTA,094388,PSC- PM,PARTIT DELS SOCIALISTES DE CATALUNYA - CANDIDATURA,03041505.DAT
Municipales,2015,05,04201505_TOTA,094389,PSC-CP,PARTIT DELS SOCIALISTES DE CATALUNYA -CANDIDATURA,03041505.DAT
Municipales,2015,05,04201505_TOTA,094390,PSC-CP,PARTIT DELS SOCIALISTES DE CATALUNYA- CANDIDATURA,03041505.DAT
Municipales,2015,05,04201505_TOTA,094391,PSC- CP,PARTIT DELS SOCIALISTES DE CATALUNYA-CANDIDATURA D,03041505.DAT
Municipales,2015,05,04201505_TOTA,094392,PSC-CP,PARTIT DELS SOCIALISTES DE CATALUNYA-CANDIDATURA D,03041505.DAT
Municipales,2015,05,04201505_TOTA,094393,PSC-CP,PARTIT DELS SOCIALISTES DE CATALUNYA-CANDIDATURA D,03041505.DAT
Municipales,2015,05,04201505_TOTA,094394,PSC-CP,PARTIT DELS SOCIALISTES DE CATALUNYA-GELIDA-CANDID,03041505.DAT
Municipales,2015,05,04201505_TOTA,094395,PSC-CP,PARTIT DELS SOCIALISTES DE CATALUNYA-INDEPENDENTS,03041505.DAT
Municipales,2015,05,04201505_TOTA,094396,PSC-JpS-CP,PARTIT DELS SOCIALISTES DE CATALUNYA-JUNTS PER LA,03041505.DAT
Municipales,2015,05,04201505_TOTA,094397,PSC-CP,PARTIT DELS SOCIALISTES DE CATALUNYA (PSC-PSOE)-CA,03041505.DAT
Municipales,2015,05,04201505_TOTA,094398,PSC-SpA-CP,PARTIT DELS SOCIALISTES DE CATALUNYA -SUMEM PER L',03041505.DAT
Municipales,2015,05,04201505_TOTA,000285,APAC,AGRUPACION DE ELECTORES PLATAFORMA ABERTA CIDADA D,03041505.DAT
Municipales,2015,05,04201505_TOTA,005022,UASC,UN ALTRE SANT CUGAT - PLATAFORMA CIUTADANA PER A S,03041505.DAT
Municipales,2015,05,04201505_TOTA,034524,PVF,Plataforma Vecinal de la Fresneda,03041505.DAT
Municipales,2015,05,04201505_TOTA,005087,UMdC,UNIÓ MUNICIPAL DE CATALUNYA,03041505.DAT
Municipales,2015,05,04201505_TOTA,001171,Bloc Munici,BLOC MUNICIPAL DE CATALUNYA,03041505.DAT
Municipales,2015,05,04201505_TOTA,051860,CONARUC,CON ARUCAS PLATAFORMA CIUDADANA CONARUC,03041505.DAT
Municipales,2015,05,04201505_TOTA,003790,La PAC,LA PLATAFORMA ALTERNATIVA CIUTADANA DE DOSRIUS,03041505.DAT
Municipales,2015,05,04201505_TOTA,054506,PMH,PLATAFORMA DEL MUNICIPIO DE HARIA,03041505.DAT
Municipales,2015,05,04201505_TOTA,054528,PxSL,PLATAFORMA X SANTA LUCÍA,03041505.DAT
Municipales,2015,05,04201505_TOTA,001860,CONARUC,CON ARUCAS PLATAFORMA CIUDADANA CONARUC,03041505.DAT
Municipales,2015,05,04201505_TOTA,002115,ERC-AM,ESQUERRA REPUBLICANA DE CATALUNYA-ACORD MUNICIPAL,03041505.DAT
Municipales,2015,05,04201505_TOTA,002271,FIC,FEDERACIO D'INDEPENDENTS DE CATALUNYA,03041505.DAT
Municipales,2015,05,04201505_TOTA,002311,F.P.F.,"FOZ, PLATAFORMA DE FUTURO",03041505.DAT
Municipales,2015,05,04201505_TOTA,014491,PLATAFORMA,PLATAFORMA 3R,03041505.DAT
Municipales,2015,05,04201505_TOTA,014492,PARA LA GEN,PLATAFORMA CIUDADANA ABDERITANA- PARA LA GENTE,03041505.DAT
Municipales,2015,05,04201505_TOTA,014495,PLCV,PLATAFORMA CIUDADANA DE VILLACARRILLO,03041505.DAT
Municipales,2015,05,04201505_TOTA,014499,PARA LA GEN,PLATAFORMA CIUDADANA VERA - PARA LA GENTE,03041505.DAT
Municipales,2015,05,04201505_TOTA,014513,PIMOG,PLATAFORMA INDEPENDIENTE DE LOS MONTES ORIENTALES,03041505.DAT
Municipales,2015,05,04201505_TOTA,014516,PIQ,PLATAFORMA INDEPENDIENTE QUENTAR,03041505.DAT
Municipales,2015,05,04201505_TOTA,014522,PLATAFORMA,PLATAFORMA SOCIAL Y CIUDADANA POR ARMILLA,03041505.DAT
Municipales,2015,05,04201505_TOTA,004365,PCPC,PARTIT COMUNISTA DEL POBLE DE CATALUNYA,03041505.DAT
Municipales,2015,05,04201505_TOTA,004370,PSC-CP,PARTIT DELS SOCIALISTES DE CATALUNYA-CANDIDATURA D,03041505.DAT
Municipales,2015,05,04201505_TOTA,004428,PP,PARTIT POPULAR DE CATALUNYA / PARTIDO POPULAR DE C,03041505.DAT
Municipales,2015,05,04201505_TOTA,000849,AHP,ALDATUZ HERRI PLATAFORMA,03041505.DAT
Municipales,2015,05,04201505_TOTA,004491,PLATAFORMA,PLATAFORMA 3R,03041505.DAT
Municipales,2015,05,04201505_TOTA,004494,P.C.d.T.,PLATAFORMA CIUDADANA DE TOBARRA,03041505.DAT
Municipales,2015,05,04201505_TOTA,004495,PLCV,PLATAFORMA CIUDADANA DE VILLACARRILLO,03041505.DAT
Municipales,2015,05,04201505_TOTA,004496,GVG,PLATAFORMA CIUDADANA GASTORIA VG,03041505.DAT
Municipales,2015,05,04201505_TOTA,004497,P.C.G.,PLATAFORMA CIUDADANA POR GUAREÑA,03041505.DAT
Municipales,2015,05,04201505_TOTA,004498,P.C.P.,PLATAFORMA CIUDADANA POR PARADINAS DE SAN JUAN,03041505.DAT
Municipales,2015,05,04201505_TOTA,004500,P.C.P.B.,PLATAFORMA CIUTADANA PER BARBERA,03041505.DAT
Municipales,2015,05,04201505_TOTA,004501,PCDR,PLATAFORMA CIVICA DE CASTELLÓ I EMPURIABRAVA,03041505.DAT
Municipales,2015,05,04201505_TOTA,004502,PCDR,PLATAFORMA CIVICA DE ROSES,03041505.DAT
Municipales,2015,05,04201505_TOTA,004503,PCCA,PLATAFORMA CIVICA SANTA PERPETUA,03041505.DAT
Municipales,2015,05,04201505_TOTA,004504,PCCA,PLATAFORMA CÍVICA SILS,03041505.DAT
Municipales,2015,05,04201505_TOTA,004505,PDL,PLATAFORMA DE LERIN,03041505.DAT
Municipales,2015,05,04201505_TOTA,004506,PMH,PLATAFORMA DEL MUNICIPIO DE HARIA,03041505.DAT
Municipales,2015,05,04201505_TOTA,004507,PDxC,PLATAFORMA DEMOCRÀTICA PER CATALUNYA,03041505.DAT
Municipales,2015,05,04201505_TOTA,004510,PLAMIMO,PLATAFORMA IMPULSO MIAMI-MONT ROIG,03041505.DAT
Municipales,2015,05,04201505_TOTA,004511,GENT PER SA,PLATAFORMA INDEPENDENT GENT PER SALT,03041505.DAT
Municipales,2015,05,04201505_TOTA,004512,PICaldes,PLATAFORMA INDEPENDENT PER CALDES,03041505.DAT
Municipales,2015,05,04201505_TOTA,004513,PIMOG,PLATAFORMA INDEPENDIENTE DE LOS MONTES ORIENTALES,03041505.DAT
Municipales,2015,05,04201505_TOTA,004514,PIGH,PLATAFORMA INDEPENDIENTE GURE HERRIA,03041505.DAT
Municipales,2015,05,04201505_TOTA,004515,PIM-VILLALB,PLATAFORMA INDEPENDIENTE MUNICIPAL DE VILLALBILLA,03041505.DAT
Municipales,2015,05,04201505_TOTA,004516,PIQ,PLATAFORMA INDEPENDIENTE QUENTAR,03041505.DAT
Municipales,2015,05,04201505_TOTA,004517,PLAN,PLATAFORMA LIBERAL DE ACTITUDES NUEVAS,03041505.DAT
Municipales,2015,05,04201505_TOTA,004518,PLoC,PLATAFORMA LOCAL CIUDADANA,03041505.DAT
Municipales,2015,05,04201505_TOTA,004519,PxC,PLATAFORMA PER CATALUNYA,03041505.DAT
Municipales,2015,05,04201505_TOTA,004520,PXC&VECINOS,PLATAFORMA PER CATALUNYA&VECINOS DE SANTA COLOMA,03041505.DAT
Municipales,2015,05,04201505_TOTA,004521,P.S.D.G.,PLATAFORMA SOCIALISTA DEMOCRATICA DE GARROVILLAS,03041505.DAT
Municipales,2015,05,04201505_TOTA,004522,PLATAFORMA,PLATAFORMA SOCIAL Y CIUDADANA POR ARMILLA,03041505.DAT
Municipales,2015,05,04201505_TOTA,004524,PVF,Plataforma Vecinal de la Fresneda,03041505.DAT
Municipales,2015,05,04201505_TOTA,004525,PVISCM,PLATAFORMA VECINAL INDEPENDIENTE DE SANTA CRUZ DE,03041505.DAT
Municipales,2015,05,04201505_TOTA,004526,PLATAFORMA,PLATAFORMA VECINAL VALVIENSE,03041505.DAT
Municipales,2015,05,04201505_TOTA,004527,PLVI,PLATAFORMA VIGATANA,03041505.DAT
Municipales,2015,05,04201505_TOTA,004528,PxSL,PLATAFORMA X SANTA LUCÍA,03041505.DAT
Municipales,2015,05,04201505_TOTA,001010,ARA TARRAGO,ARACATALUNYA,03041505.DAT
Municipales,2019,05,04201905_MESA,003405,JxCAT-JUNTS,JUNTS PER CATALUNYA CASTELLBISBAL,03041905.DAT
Municipales,2019,05,04201905_MESA,006983,PUC-AM,PLATAFORMA UNITS PER CASTELLOLÍ - ACORD MUNICIPAL,03041905.DAT
Municipales,2019,05,04201905_MESA,001019,ERC-AM,ESQUERRA REPUBLICANA DE CATALUNYA -ACORD MUNICIAL,03041905.DAT
Municipales,2019,05,04201905_MESA,006921,JxCAT-JUNTS,JUNTS PER CATALUNYA-SERINYÀ,03041905.DAT
Municipales,2019,05,04201905_MESA,002595,ERC - CxV - AM,ESQUERRA REPUBLICANA DE CATALUNYA- COMPROMÍS PER VALLS-ACORD MUNICIPAL,03041905.DAT
Municipales,2019,05,04201905_MESA,007348,ERC-PD-AM,ESQUERRA REPUBLICANA DE CATALUNYA-PALAU DECIDEIX-ACORD MUNICIPAL,03041905.DAT
Municipales,2019,05,04201905_MESA,002223,PRIMÀRIES,VILASSAR DE MAR PER LA REPÚBLICA - PRIMÀRIES CATALUNYA,03041905.DAT
Municipales,2019,05,04201905_MESA,002944,MRI-ERC-AM,MASIES DE RODA INDEPENDENT-ESQUERRA REPUBLICANA DE CATALUNYA-ACORD MUNICIPAL,03041905.DAT
Municipales,2019,05,04201905_MESA,005545,PVNM,PLATAFORMA VECINAL NAVALAFUENTE MEJOR,03041905.DAT
Municipales,2019,05,04201905_MESA,006900,JxCAT ? JUNTS,JUNTS PER CATALUNYA-L?ESCALA,03041905.DAT
Municipales,2019,05,04201905_MESA,006507,JxCat - JUNTS,JUNTS PER CATALUNYA - SANT VICENÇ DELS HORTS,03041905.DAT
Municipales,2019,05,04201905_MESA,001514,IFP - ERC - AM,Implicats fem poble - ESQUERRA REPUBLICANA DE CATALUNYA - Acord Municipal,03041905.DAT
Municipales,2019,05,04201905_MESA,005797,JUNTS,JUNTS PER CATALUNYA - SANT QUIRZE,03041905.DAT
Municipales,2019,05,04201905_MESA,005489,ERC  - AM,ESQUERRA REPUBLICANA DE CATALUNYA -ACORD MUNICIPAL,03041905.DAT
Municipales,2019,05,04201905_MESA,006935,ERC-AM,ESQUERRA REPUBLICANA DE CATALUNYA-JUNTS PER VILADEMULS-ACORD MUNICIPAL,03041905.DAT
Municipales,2019,05,04201905_MESA,006374,ERC-AM,ESQUERRA REPUBLICANA DE CATALUNYA-ACORD MUNICIPAL (ERC-AM),03041905.DAT
Municipales,2019,05,04201905_MESA,003665,ST-ERC-AM,SOM TORTELLÀ - ESQUERRA REPUBLICANA DE CATALUNYA - ACORD MUNICIPAL,03041905.DAT
Municipales,2019,05,04201905_MESA,002781,JxCAT-JUNTS,JUNTS PER CATALUNYA-ABRERA,03041905.DAT
Municipales,2019,05,04201905_MESA,006301,JxCAT-JUNTS,JUNTS PER CATALUNYA-TORREDEMBARRA-Jxcat-junts,03041905.DAT
Municipales,2019,05,04201905_MESA,002509,PSC - CP,PARTIT DELS SOCIALISTES DE CATALUNYA - CANDIDATURA DE PROGRÉS,03041905.DAT
Municipales,2019,05,04201905_MESA,001976,PRIMÀRIES,PRIMÀRIES PREMIÀ DE MAR-PRIMÀRIES CATALUNYA,03041905.DAT
Municipales,2019,05,04201905_MESA,002965,F.I.C.,ENDAVANT TOSSA-FEDERACIO D'INDEPENDENTS DE CATALUNYA,03041905.DAT
Municipales,2019,05,04201905_MESA,004823,UA-PSC-CP,UNITAT D'ARAN-PARTIT DELS SOCIALISTES-DE CATALUNYA-CANDIDATURA DE PROGRÉS,03041905.DAT
Municipales,2019,05,04201905_MESA,002446,JxCat - JUNTS,JUNTS PER CATALUNYA-CASTELLTERÇOL,03041905.DAT
Municipales,2019,05,04201905_MESA,006707,PSC-CP,PARTIT DELS SOCIALISTES DE CATALUNYA- CANDIDATURA DE PROGRÉS,03041905.DAT
Municipales,2019,05,04201905_MESA,002382,ERC - SUMEN- MES- AM,ESQUERRA REPUBLICANA DE CATALUNYA -SUMEM MOVIMENT D'ESQUERRES- ACORD MUNICIPAL,03041905.DAT
Municipales,2019,05,04201905_MESA,002935,ERC - AM,ESQUERRA REPUBLICANA DE CATALUNYA-ACORD MUNICIPAL,03041905.DAT
Municipales,2019,05,04201905_MESA,005164,PSC-CP,PARTIT DEL SOCIALISTES DE CATALUNYA-CANDIDATURA DE PROGRÉS,03041905.DAT
Municipales,2019,05,04201905_MESA,003033,JxCAT-JUNTS,JUNTS PER CATALUNYA - VILANOVA DE SAU,03041905.DAT
Municipales,2019,05,04201905_MESA,003231,CAT EN COMU-SAB-ECG,CATALUNYA EN COMÚ SANT ANDREU DE LA BARCA- EN COMÚ GUANYEM,03041905.DAT
Municipales,2019,05,04201905_MESA,001481,PSC - CP,PARTIT DELS SOCIALISTES DE CATALUNYA - CANDIDATURA DE PROGRÉS,03041905.DAT
Municipales,2019,05,04201905_MESA,002443,ERC - MES - AM,ESQUERRA REPUBLICANA DE CATALUNYA - MOVIMENT D'ESQUERRES - ACORD MUNICIPAL,03041905.DAT
Municipales,2019,05,04201905_MESA,006597,IQ-FIC,INDEPENDENTS PER QUEROL- FEDERACIÓ D'INDEPENDENTS DE CATALUNYA,03041905.DAT
Municipales,2019,05,04201905_MESA,004796,SOM-HI - FIC,SOM-HI L'ALEIXAR - FEDERACIO D'INDEPENDENTS DE CATALUNYA,03041905.DAT
Municipales,2019,05,04201905_MESA,001857,PRIMÀRIES,PRIMÀRIES LLEIDA - PRIMÀRIES CATALUNYA,03041905.DAT
Municipales,2019,05,04201905_MESA,003394,VIT-FIC,71-VEÏNS INDEPENDENTS DE TORRELAVIT - FEDERACIO D'INDEPENDENTS DE CATALUNYA-FIC,03041905.DAT
Municipales,2019,05,04201905_MESA,002349,IxS - ERC - AM,INDEPENDENTS PER SANAÜJA - ESQUERRA REPUBLICANA DE CATALUNYA - ACORD MUNICIPAL,03041905.DAT
Municipales,2019,05,04201905_MESA,004394,AUP-FIC,AGRUPACIÓ UNITS pel PALAU-FEDERACIÓ D'INDEPENDENTS DE CATALUNYA,03041905.DAT
Municipales,2019,05,04201905_MESA,002556,#MotrilDICE,#MotrilDICE (Plataforma Ciudadana #MotrilDICE),03041905.DAT
Municipales,2019,05,04201905_MESA,003162,JxCat - JUNTS,JUNTS PER CATALUNYA - SANTA COLOMA,03041905.DAT
Municipales,2019,05,04201905_MESA,001787,MxV-ERC-AM,MES PER VALLROMANES-ESQUERRA REPUBLICANA DE CATALUNYA-ACORD MUNICIPAL,03041905.DAT
Municipales,2019,05,04201905_MESA,001826,ERC -AM,Esquerra Republicana de Catalunya - Acord Municipal,03041905.DAT
Municipales,2019,05,04201905_MESA,001351,PSC-CP,PARTIT DELS SOCIALISTES DE CATALUNYA-CANDIDATURA DE PROGRÉS (PSC-PSOE),03041905.DAT
Municipales,2019,05,04201905_MESA,003793,JxCAT-JUNTS,JUNTS PER CATALUNYA - LA VALL D´ EN BAS,03041905.DAT
Municipales,2019,05,04201905_MESA,006649,ERC-AM,ESQUERRA REPUBLICANA DE CATALUNYA-ACORD MUNICIPAL,03041905.DAT
Municipales,2019,05,04201905_MESA,001331,PSC-CP,PARTIT DELS SOCIALISTES DE CATALUNYA- CANDIDATURA DE PROGRÉS,03041905.DAT
Municipales,2019,05,04201905_MESA,004745,FIC,FEDERACIO D'INDEPENDENTS DE CATALUNYA,03041905.DAT
Municipales,2019,05,04201905_MESA,006814,ERC-AM,ESQUERRA REPUBLICANA DE CATALUNYA ? ACORD MUNICIPAL,03041905.DAT
Municipales,2019,05,04201905_MESA,006728,ERC-AM,ESQUERRA REPUBLICANA DE CATALUNYA - ACORD MUNICIPAL,03041905.DAT
Municipales,2019,05,04201905_MESA,004626,JxCAT-JUNTS,JUNTS PER CATALUNYA,03041905.DAT
Municipales,2019,05,04201905_MESA,002886,ERC-AM,15-ESQUERRA REPUBLICANA DE CATALUNYA-ACORD MUNICIPAL,03041905.DAT
Municipales,2019,05,04201905_MESA,001813,CaT - ERC - AM,COMPROMÍS AMB TEIÀ - ESQUERRA REPUBLICANA DE CATALUNYA - ACORD MUNICIPAL,03041905.DAT
Municipales,2019,05,04201905_MESA,001251,PSC-CP,PARTIT  DELS SOCIALISTES DE CATALUNYA - CANDIDATURA DE PROGRÉS,03041905.DAT
Municipales,2019,05,04201905_MESA,004287,ERC-JuntsxPineda-AM,ESQUERRA REPUBLICANA DE CATALUNYA-JUNTS PER PINEDA-ACORD MUNICIPAL,03041905.DAT
Municipales,2019,05,04201905_MESA,004696,VST-ERC-AM,VIDRERES SOM TOTS-ESQUERRA REPUBLICANA DE CATALUNYA-ACORD MUNICIPAL,03041905.DAT
Municipales,2019,05,04201905_MESA,005642,ERC-SEE-AM,ESQUERRA REPUBLICANA DE CATALUNYA-SANTA SUSANNA ENDAVANT- ACORD MUNICIPAL,03041905.DAT
Municipales,2019,05,04201905_MESA,002068,PSC - CP,PARTIT DELS SOCIALISTES DE CATALUNYA (PSC-PSOE) - CANIDATURA DE PROGRÉS,03041905.DAT
Municipales,2019,05,04201905_MESA,005151,JxCat - JUNTS,JUNTS PER CATALUNYA - REGENCÓS,03041905.DAT
Municipales,2019,05,04201905_MESA,005736,PRIMÀRIES,FRONT L'H-PRIMÀRIES CATALUNYA,03041905.DAT
Municipales,2019,05,04201905_MESA,002557,PSC - CP,PARTIT DELS SOCIALISTES DE CATALUNYA - CANDIDATURA DE PROGÉS,03041905.DAT
Municipales,2019,05,04201905_MESA,005708,JxP - ERC - AM,JUNTS X PALS -ESQUERRA REPUBLICANA DE CATALUNYA - ACORD MUNICIPAL,03041905.DAT
Municipales,2019,05,04201905_MESA,006703,JUNTS,JUNTS PER CATALUNYA-FEM COPONS,03041905.DAT
Municipales,2019,05,04201905_MESA,006916,JxCAT-JUNTS,JUNTS PER CATALUNYA-SANT JULIÀ DE RAMÍS MEDINYÀ,03041905.DAT
Municipales,2019,05,04201905_MESA,007412,ERC - AM,ESQUERRA REPUBLICANA DE CATALUNYA ? ACORD MUNICIPAL,03041905.DAT
Municipales,2019,05,04201905_MESA,006949,ERC-AM,ESQUERRA REPUBLICANA DE CATALUNYA-ACORD MUNICIPAL,03041905.DAT
Municipales,2019,05,04201905_MESA,001770,ERC-AM,INDEPENDENTS-ESQUERRA REPUBLICANA DE CATALUNYA - ACORD MUNICIPAL,03041905.DAT
Municipales,2019,05,04201905_MESA,005458,PSC-CP,PARTIT DELS SOCIALISTES DE CATALUNYA-CANDIDATURA DE PROGRÉS (PSC-CP),03041905.DAT
Municipales,2019,05,04201905_MESA,006726,ERC-AM,ESQUERRA REPUBLICANA DE CATALUNYA.ACORD MUNICIPAL,03041905.DAT
Municipales,2019,05,04201905_MESA,003214,JxCat - JUNTS,JUNTS PER CATALUNYA - SANT ADRIÀ,03041905.DAT
Municipales,2019,05,04201905_MESA,001546,PIQ,PLATAFORMA INDEPENDIENTE DE QUENTAR,03041905.DAT
Municipales,2019,05,04201905_MESA,001328,JUNTS-ERC-AM,"JUNTS PER CANET, FALS, CAMPS I FONOLLOSA - ESQUERRA REPUBLICANA DE CATALUNYA - ACORD MUNICIPAL",03041905.DAT
Municipales,2019,05,04201905_MESA,005900,Junts - ERC - AM,JUNTS PER SANT QUIRZE-ESQUERRA REPUBLICANA DE CATALUNYA-ACORD MUNICIPAL,03041905.DAT
Municipales,2019,05,04201905_MESA,007045,ERC / ESQUERRA,ESQUERRA REPUBLICANA DE CATALUNYA-ACORD MUNICIPAL,03041905.DAT
Municipales,2019,05,04201905_MESA,007452,IpO-ERC - AM,INDEPENDENTS PER OGASSA-ESQUERRA REPUBLICANA DE CATALUNYA - ACORD MUNICIPAL,03041905.DAT
Municipales,2019,05,04201905_MESA,005038,PSC-CP,PARTIT DELS SOCIALISTES DE CATALUNYA-CANDIDATURA DE PROGRÉS,03041905.DAT
Municipales,2019,05,04201905_MESA,001510,MD - ERC - AM,MÉS DELTEBRE - ESQUERRA REPUBLICANA DE CATALUNYA - ACORD MUNICIPAL,03041905.DAT
Municipales,2019,05,04201905_MESA,005671,ERC-INDEPENDENTS-AM,ESQUERRA REPUBLICANA DE CATALUNYA-INDEPENDENTS-ACORD MUNICIPAL,03041905.DAT
Municipales,2019,05,04201905_MESA,002358,JxCAT-JUNTS,JUNTS PER CATALUNYA VILANOVA I LA  GELTRÚ,03041905.DAT
Municipales,2019,05,04201905_MESA,001979,ERC -AM,Esquerra Republicana de Catalunya - Acord Municipal,03041905.DAT
Municipales,2019,05,04201905_MESA,002979,PSC-CP,PARTIT DELS SOCIALISTES DE CATALUNYA - UNITS PER PREMIÀ DE MAR - CANDIDATURA DE PROGRÉS,03041905.DAT
Municipales,2019,05,04201905_MESA,004352,ERC-AM,ESQUERRA REPUBLICANA DE CATALUNYA-ACORD MUNICIPAL,03041905.DAT
Municipales,2019,05,04201905_MESA,005702,ERC-AM,ESQUERRA REPUBLICANA DE CATALUNYA,03041905.DAT
Municipales,2019,05,04201905_MESA,004946,PSC-CP,PARTIT DELS SOCIALISTES DE CATALUNYA-CANDIODATURA DE PROGRÉS,03041905.DAT
Municipales,2019,05,04201905_MESA,002138,PSC-EPR-CP,PARTIT DELS SOCIALISTES DE CATALUNYA-ESQUERRA PER ROQUETES-CANDIDATURA DE PROGRÉS,03041905.DAT
Municipales,2019,05,04201905_MESA,001108,ERC -AM,ESQUERRA REPUBLICANA DE CATALUNYA-ACORD MUNICIPAL,03041905.DAT
Municipales,2019,05,04201905_MESA,003629,CPF - ERC - AM,CALLDETENES PRESENT I FUTUR-ESQUERRA REPUBLICANA DE CATALUNYA-ACORD MUNICIPAL,03041905.DAT
Municipales,2019,05,04201905_MESA,006943,PSC- CP,PARTIT DELS SOCIALISTES DE CATALUNYA ? CANDIDATURES DEL PROGRÉS,03041905.DAT
Municipales,2019,05,04201905_MESA,007374,FEM-VIU-ERC-AM,FEM MUNICIPI-VIU RIALP-ESQUERRA REPUBLICANA DE CATALUNYA- ACORD MUNICI,03041905.DAT
Municipales,2019,05,04201905_MESA,008006,IDC,INDEPENDENTS DE CATALUNYA (Gerona),03041905.DAT
Municipales,2019,05,04201905_MESA,006616,MXC-FIC,MILANENCS PEL CANVI - FEDERACIÓ D'INDEPENDENTS DE CATALUNYA,03041905.DAT
Municipales,2019,05,04201905_MESA,001457,ERC - AM,Esquerra Republicana de Catalunya - Acord Municipal,03041905.DAT
Municipales,2019,05,04201905_MESA,003031,PSC -CP,PARTIT DELS SOCIALISTES DE CATALUNYA - CANDIDATURA DE PROGRÉS,03041905.DAT
Municipales,2019,05,04201905_MESA,002857,ERC-AM,13-ESQUERRA REPUBLICANA DE CATALUNYA-ACORD MUNICIPAL,03041905.DAT
Municipales,2019,05,04201905_MESA,003412,PSC-CP,PARTIT DELS SOCIALISTES DE CATALUNYA - CANDIDATURA DE PROGRES,03041905.DAT
Municipales,2019,05,04201905_MESA,006192,ERC - AM,ESQUERRA REPUBLICANA DE CATALUNYA,03041905.DAT
Municipales,2019,05,04201905_MESA,006430,ERC - AM,ESQUERRA REPUBLICANA DE CATALUNYA-ACORD MUNICIPAL (ERC-AM),03041905.DAT
Municipales,2019,05,04201905_MESA,006821,CpC ? ERC ? AM,COMPROMÍS PER CORNELLÀ-ESQUERRA REPUBLICANA DE CATALUNYA ? ACORD MUNICIPAL,03041905.DAT
Municipales,2019,05,04201905_MESA,005389,P.P.SO.,PLATAFORMA DEL PUEBLO SORIANO,03041905.DAT
Municipales,2019,05,04201905_MESA,003883,ERC-AM,ESQUERRA REPUBLICANA DE CATALUNYA-ACORD MUNICIPAL,03041905.DAT
Municipales,2019,05,04201905_MESA,002914,JxCAT-JUNTS,JUNTS PER CATALUNYA-TORELLÓ,03041905.DAT
Municipales,2019,05,04201905_MESA,006095,PRIMÀRIES,PALAU-SOLITÀ I PLEGAMANS PER LA REPÚBLICA - PRIMÀRIES CATALUNYA,03041905.DAT
Municipales,2019,05,04201905_MESA,002719,PRIMÀRIES,AIXEQUEM FIGUERES - PRIMÀRIES CATALUNYA,03041905.DAT
Municipales,2019,05,04201905_MESA,006307,AVP-FIC,FEDERACIO D'INDEPENDENTS DE CATALUNYA- AGRUPACIO VEINAL PLATGES (AVP),03041905.DAT
Municipales,2019,05,04201905_MESA,006942,ERC? AM,ESQUERRA REPUBLICANA DE CATALUNYA ? ACORD MUNICIPAL,03041905.DAT
Municipales,2019,05,04201905_MESA,001234,PSC-BIRSÍP-CP,PARTIT DELS SOCALISTES DE CATALUNYA-BIGUES I RIELLS SI PUEDE- CANDIDATURA DE PROGRÉS,03041905.DAT
Municipales,2019,05,04201905_MESA,006816,FC ? ERC ? AM,FEM CELRÀ-ESQUERRA REPUBLICANA DE CATALUNYA-ACORD MUNICIPAL,03041905.DAT
Municipales,2019,05,04201905_MESA,001549,PSC-CP,PARTIT DELS SOCIALISTES DE CATALUNYA -CANDIDATURA DE PROGRÉS,03041905.DAT
Municipales,2019,05,04201905_MESA,004030,ERC -AM,Esquerra Republicana de Catalunya - Acord Municipal,03041905.DAT
Municipales,2019,05,04201905_MESA,005291,PCPC,PARTIT COMUNISTA DEL POBLE DE CATALUNYA (PCPC),03041905.DAT
Municipales,2019,05,04201905_MESA,001981,DEMÒCRATES,DEMÒCRATES DE CATALUNYA,03041905.DAT
Municipales,2019,05,04201905_MESA,007206,P.D.L.,PLATAFORMA DE LERÍN,03041905.DAT
Municipales,2019,05,04201905_MESA,003197,ERC-AM,ESQUERRA REPUBLICANA DE CATALUNYA LA POBLA DE LILLET-ACORD MUNICIPAL,03041905.DAT
Municipales,2019,05,04201905_MESA,004926,JxCAT-JUNTS,JUNTS PER CATALUNYA-VIDRERES,03041905.DAT
Municipales,2019,05,04201905_MESA,005762,ERC -AM,ESQUERRA REPUBLICANA DE CATALUNYA-ACORD MUNICIPAL,03041905.DAT
Municipales,2019,05,04201905_MESA,002896,PSC-CP,28-PARTIT DELS SOCIALISTES DE CATALUNYA-CANDIDATURA DE PROGRÉS,03041905.DAT
Municipales,2019,05,04201905_MESA,007006,ERC -AM,: ESQUERRA REPUBLICANA DE CATALUNYA -  ACORD MUNICIPAL,03041905.DAT
Municipales,2019,05,04201905_MESA,003169,ERC - AM,Esquerra Republicana de Catalunya - Acord Municipal,03041905.DAT
Municipales,2019,05,04201905_MESA,006340,PSC-CP,PARTIT DELS SOCIALISTES DE CATALUNYA- CANDIDATURA DE PROGRÉS (PSC-CP),03041905.DAT
Municipales,2019,05,04201905_MESA,005777,PSC-CP,PARTIT DELS SOCIALISTES DE CATALUNYA - CANDIDATURA DE PROGRÈS,03041905.DAT
Municipales,2019,05,04201905_MESA,001871,ERC - AM,Esquerra Republicana de Catalunya - Acord Municipal,03041905.DAT
Municipales,2019,05,04201905_MESA,002276,M'estimo Cervelló - PSC-CP,"M'ESTIMO CERVELLÓ, PARTIT DELS SOCIALISTES DE CATALUNYA - CANDIDATURA DE PROGRÈS",03041905.DAT
Municipales,2019,05,04201905_MESA,001483,MxM - ERC - AM,Més per Maçanet - Esquerra Republicana de Catalunya - Acord Municipal,03041905.DAT
Municipales,2019,05,04201905_MESA,004313,PSC-CP,PARTIT DELS SOCIALISTES DE CATALUNYA- CANDIDATURA DE PROGRÉS,03041905.DAT
Municipales,2019,05,04201905_MESA,002387,ERC - GxE -  AM,ESQUERRA REPUBLICANA DE CATALUNYA ? GENT PER ESPLUGUES ? ACORD MUNICIPAL,03041905.DAT
Municipales,2019,05,04201905_MESA,001711,PLATAFORMA ELECTORES ASEMBLEA DE CARRAL,PLATAFORMA ELECTORES ASEMBLEA DE CARRAL,03041905.DAT
Municipales,2019,05,04201905_MESA,004025,PRIMÀRIES CATALUNYA,PRIMÀRIES MANRESA - PRIMÀRIES CATALUNYA,03041905.DAT
Municipales,2019,05,04201905_MESA,002742,PRIMÀRIES,MOLINS DE REI PER LA REPUBLICA- PRIMÀRIES CATALUNYA,03041905.DAT
Municipales,2019,05,04201905_MESA,003273,PSC-CP,PARTIT DELS SOCIALISTES DE CATALUNYA - UNITS - CANDIDATURA DE PROGRÉS,03041905.DAT
Municipales,2019,05,04201905_MESA,005104,PNB,PLATAFORMA DE NUEVO BAZTAN,03041905.DAT
Municipales,2019,05,04201905_MESA,003729,ERC-AM,ESQUERRA REPUBLICANA DE CATALUNYA ? ACORD MUNICIPAL,03041905.DAT
Municipales,2019,05,04201905_MESA,004847,ERC-AM,ESQUERRA REPUBLICANA DE CATALUNYA-ACORD MUNICIPAL,03041905.DAT
Municipales,2019,05,04201905_MESA,004447,SV-ERC-AM,SOM VILADRAU-ESQUERRA REPUBLICANA DE CATALUNYA-ACORD MUNICIPAL,03041905.DAT
Municipales,2019,05,04201905_MESA,003452,ERC-MES-AM,ESQUERRA REPUBLICANA DE CATALUNYA-MOVIMENT D'ESQUERRES-ACORD MUNICIPAL,03041905.DAT
Municipales,2019,05,04201905_MESA,004215,JxCAT-JUNTS,JUNTS PER CATALUNYA- RIUDAURA,03041905.DAT
Municipales,2019,05,04201905_MESA,002841,ERC-AM,12-ESQUERRA REPUBLICANA DE CATALUNYA-ACORD MUNICIPAL,03041905.DAT
Municipales,2019,05,04201905_MESA,003097,PSC-CP,29-PARTIT DELS SOCIALISTES DE CATALUNYA-CANDIDATURA DE PROGRÉS,03041905.DAT
Municipales,2019,05,04201905_MESA,002639,FEP - JxCat - JUNTS,FEM EL PAPIOL - JUNTS PER CATALUNYA,03041905.DAT
Municipales,2019,05,04201905_MESA,002178,JUNTS,JUNTS PER CATALUNYA-CALDES DE MONTBUI,03041905.DAT
Municipales,2019,05,04201905_MESA,006886,JxCAT-JUNTS,JUNTS PER CATALUNYA,03041905.DAT
Municipales,2019,05,04201905_MESA,001777,ERC -AM,ESQUERRA REPUBLICANA DE CATALUNYA- ACORD MUNICIPAL,03041905.DAT
Municipales,2019,05,04201905_MESA,006823,ERC? JpE ? AM,ESQUERRA REPUBLICANA DE CATALUNYA - JUNTS PER ESPONELLÀ - ACORD MUNICIPAL,03041905.DAT
Municipales,2019,05,04201905_MESA,006766,JxCAT-JUNTS,JUNTS PER CATALUNYA ? AIGUAVIVA,03041905.DAT
Municipales,2019,05,04201905_MESA,001763,AraSí - ERC - AM,ARA SÍ SANTA EUGÈNIA-ESQUERRA REPUBLICANA DE CATALUNYA-ACORD MUNICIPAL,03041905.DAT
Municipales,2019,05,04201905_MESA,006958,PSC-CP,PARTIT DELS SOCIALISTES DE CATALUNYA ? CANDIDATURA DE PROGRÉS,03041905.DAT
Municipales,2019,05,04201905_MESA,003529,JxCat - JUNTS,JUNTS PER CATALUNYA - ARBECA,03041905.DAT
Municipales,2019,05,04201905_MESA,005075,MEMxJxCAT-JUNTS,JUNTS PER CATALUNYA-MALGRAT ENS MOU,03041905.DAT
Municipales,2019,05,04201905_MESA,001437,SOM-ERC-AM,SOM-ESQUERRA REPUBLICANA DE CATALUNYA-ACORD MUNICIPAL,03041905.DAT
Municipales,2019,05,04201905_MESA,003145,PlataformADRA,PLATAFORMA POR ADRA,03041905.DAT
Municipales,2019,05,04201905_MESA,002758,JxCAT-JUNTS,JUNTS PER CATALUNYA-TAVERTET,03041905.DAT
Municipales,2019,05,04201905_MESA,002009,ERC - AM,Esquerra Republicana de Catalunya - Acord Municipal,03041905.DAT
Municipales,2019,05,04201905_MESA,001760,Ara Mollet ERC-MES-AM,ARA MOLLET ESQUERRA REPUBLICANA DE CATALUNYA-MOVIMENT D'ESQUERRES-ACORD MUNICIPAL,03041905.DAT
Municipales,2019,05,04201905_MESA,006159,PCdT,PLATAFORMA CIUDADANA DE TOBARRA,03041905.DAT
Municipales,2019,05,04201905_MESA,006486,F.P.F.,"FOZ, PLATAFORMA DE FUTURO",03041905.DAT
Municipales,2019,05,04201905_MESA,004793,UA-PSC-CP,UNITAT D'ARAN-PARTIT DELS SOCIALISTES DE CATALUNYA- CANDIDATURA DE PROGRÉS,03041905.DAT
Municipales,2019,05,04201905_MESA,003429,ERC - MES - AM,Esquerra Republicana de Catalunya-Moviment d'Esquerres - Acord Municipal,03041905.DAT
Municipales,2019,05,04201905_MESA,002287,ERC - AM,ESQUERRA REPUBLICANA DE CATALUNYA-ACORD MUNICIPAL,03041905.DAT
Municipales,2019,05,04201905_MESA,007368,FM-VIU-ERC-AM,FEM MUNICIPI-VIU LLAVORSÍ-ESQUERRA REPUBLICANA DE CATALUNYA-ACORD MUNICIPAL,03041905.DAT
Municipales,2019,05,04201905_MESA,006397,JUNTS,JUNTS PER CATALUNYA-MASLLORENÇ,03041905.DAT
Municipales,2019,05,04201905_MESA,003558,AMPEP-FIC,FEDERACIO D'INDEPENDENTS DE CATALUNYA-FIC,03041905.DAT
Municipales,2019,05,04201905_MESA,001686,ERC -ACORD-AM,ESQUERRA REPUBLICANA DE CATALUNYA-ACORD PEL FIGARÓ-ACORD MUNICIPAL,03041905.DAT
Municipales,2019,05,04201905_MESA,002279,PSC-CP,PARTIT DEL SOCIALITES DE  CATALUNYA-CANDIDATURA DE PROGRÉS,03041905.DAT
Municipales,2019,05,04201905_MESA,005751,JxCAT-JUNTS,JUNTS PER CATALUNYA VILANOVA SANTA MARIA I GARZOLA,03041905.DAT
Municipales,2019,05,04201905_MESA,001742,ERC - JxP - AM,ESQUERRA REPUBLICANA DE CATALUNYA - JUNTS PER PREMIÀ - ACORD MUNICIPAL,03041905.DAT
Municipales,2019,05,04201905_MESA,002428,ERC -AM,ESQUERRA REPUBLICANA DE CATALUNYA -ACORD MUNICIPAL,03041905.DAT
Municipales,2019,05,04201905_MESA,001408,PSC-CP,PARTIT DELS SOCIALISTES DE CATALUNYA-CANDIDATURA DE PROGRES,03041905.DAT
Municipales,2019,05,04201905_MESA,001444,PRIMÀRIES,ARENYS DE MUNT PER LA REPUBLICA-PRIMÀRIES CATALUNYA,03041905.DAT
Municipales,2019,05,04201905_MESA,002480,A H P,ALDATUZ HERRI PLATAFORMA,03041905.DAT
Municipales,2019,05,04201905_MESA,003138,JUNTS,JUNTS PER CATALUNYA - CABRILS,03041905.DAT
Municipales,2019,05,04201905_MESA,003645,PVF,PLATAFORMA VECINAL DE LA FRESNEDA,03041905.DAT
Municipales,2019,05,04201905_MESA,002997,PSC-CP,PARTIT DELS SOCIALISTES DE CATALUNYA - UNITS PER SANT VICENÇ - CANDIDATURA DE PROGRÉS,03041905.DAT
Municipales,2019,05,04201905_MESA,005121,CP,PARTIT DELS SOCIALISTES DE CATALUNYA-CANDIDATURA DE PROGRÉS,03041905.DAT
Municipales,2019,05,04201905_MESA,007391,FEM-VIU-ERC-AM,FEM MUNICIPI-VIU VALL DE CARDÓS-ESQUERRA REPUBLICANA DE CATALUNYA-ACOR,03041905.DAT
Municipales,2019,05,04201905_MESA,003059,JxCat - JUNTS,JUNTS PER CATALUNYA - BREDA,03041905.DAT
Municipales,2019,05,04201905_MESA,002473,JxCAT-JUNTS,JUNTS PER CATALUNYA,03041905.DAT
Municipales,2019,05,04201905_MESA,004314,CTU-PSC-CP,CONTINUEM TREBALLANT PER ULLÁ- PARTIT DELS SOCIALISTES DE CATALUNYA- CANDIDATURA DE PROGRÉS,03041905.DAT
Municipales,2019,05,04201905_MESA,003857,"PLEAMAR, C.I.","PLATAFORMA ELECTORAL AMIGOS DEL MAR MENOR, CANDIDATURA INDEPENDIENTE",03041905.DAT
Municipales,2019,05,04201905_MESA,006704,JUNTS,JUNTS PER HOSTALETS-JUNTS PER CATALUNYA,03041905.DAT
Municipales,2019,05,04201905_MESA,006887,ERC? JpB ? AM,ESQUERRA REPUBLICANA DE CATALUNYA-JUNTS PER BANYOLES-ACORD MUNICIPAL,03041905.DAT
Municipales,2019,05,04201905_MESA,002298,PRIMÀRIES,SOM-HI SANT VICENÇ - PRIMARIES CATALUNYA,03041905.DAT
Municipales,2019,05,04201905_MESA,006093,PRIMÀRIES,INDEPENDÈNCIA I REPÚBLICA-PRIMÀRIES CATALUNYA,03041905.DAT
Municipales,2019,05,04201905_MESA,005199,JxCat,JUNTS PER CATALUNYA - SANTA PAU (JxCAT-JUNTS),03041905.DAT
Municipales,2019,05,04201905_MESA,002051,PSC - CP,PARTIT DELS SOCIALISTES DE CATALUNYA - CANDIDATURA DE PROGRÉS,03041905.DAT
Municipales,2019,05,04201905_MESA,003276,PSC - CP,PARTIT DELS SOCIALISTES DE CATALUNYA - CANDIDATURA DE PROGRÉS,03041905.DAT
Municipales,2019,05,04201905_MESA,003861,JxCAT-JUNTS,JUNTS PER CATALUNYA,03041905.DAT
Municipales,2019,05,04201905_MESA,002507,La PAC CUP-AMUNT,LA PLATAFORMA ALTERNATIVA CIUTADANA DE DOSRIUS - CANDIDATURA D'UNITAT POPULAR - ALTERNATIVA MUNICIPA,03041905.DAT
Municipales,2019,05,04201905_MESA,002400,Entesa - ERC - AM,Entesa per Sant Llorenç d'Hortons - ESQUERRA REPUBLICANA DE CATALUNYA - Acord Municipal,03041905.DAT
Municipales,2019,05,04201905_MESA,006247,PSC,PARTIT DELS SOCIALISTES DE CATALUNYA (PSC-PSOE)-CANDIDATURA DE PROGRÈS,03041905.DAT
Municipales,2019,05,04201905_MESA,002970,PSC-CP,PARTIT DELS SOCIALISTES DE CATALUNYA - CANDIDATURA DE PROGÉS,03041905.DAT
Municipales,2019,05,04201905_MESA,002256,PSC - CP,PARTIT DELS SOCIALISTES DE CATALUNYA - CANDIDATURA DE PROGÉS,03041905.DAT
Municipales,2019,05,04201905_MESA,006429,ERC - AM,ESQUERRA REPUBLICANA DE CATALUNYA- ACORD MUNICIPAL (ERC-AM),03041905.DAT
Municipales,2019,05,04201905_MESA,004475,PLCV,PLATAFORMA CIUDADANA DE VILLACARRILLO,03041905.DAT
Municipales,2019,05,04201905_MESA,005334,JxCat,JUNTS PER CATALUNYA,03041905.DAT
Municipales,2019,05,04201905_MESA,002055,ERC  -AM,ESQUERRA REPUBLICANA DE CATALUNYA-ACORD MUNICIPAL,03041905.DAT
Municipales,2019,05,04201905_MESA,004411,JxCAT-JUNTS,JUNTS PER CATALUNYA-RIUDARENES,03041905.DAT
Municipales,2019,05,04201905_MESA,006830,JxCAT-JUNTS,JUNTS PER CATALUNYA,03041905.DAT
Municipales,2019,05,04201905_MESA,004361,P.P.SO.,PLATAFORMA DEL PUEBLO SORIANO,03041905.DAT
Municipales,2019,05,04201905_MESA,006504,PSC-CP,PARTIT DELS SOCIALISTES DE CATALUNYA-CANDIDATURA DEL PROGRES (PSC-CP),03041905.DAT
Municipales,2019,05,04201905_MESA,003181,PSC-CP,PARTIT DELS SOCIALISTES DE CATALUNYA-CANDIDATURA DE PROGRÉS,03041905.DAT
Municipales,2019,05,04201905_MESA,001795,ERC-AM,2-ESQUERRA REPUBLICANA DE CATALUNYA-ACORD MUNICIPAL,03041905.DAT
Municipales,2019,05,04201905_MESA,002260,PSC CP,PARTIT DELS SOCIALISTES DE CATALUNYA - CANDIDATURA DEL PROGRÈS,03041905.DAT
Municipales,2019,05,04201905_MESA,005381,JUNTS,JUNTS PER CATALUNYA-PALAFOLLS,03041905.DAT
Municipales,2019,05,04201905_MESA,003848,JXP-JxCAT-JUNTS,JUNTS PER PUIGVERD - JUNTS PER CATALUNYA,03041905.DAT
Municipales,2019,05,04201905_MESA,005421,PSC-IND-CP,PARTIT DELS SOCIALISTES DE CATALUNYA - INDEPENDENTS-CANDIDATURA DE PROGRÉS,03041905.DAT
Municipales,2019,05,04201905_MESA,006434,PRIMÀRIES,PRIMÀRIES CALAFELL - PRIMÀRIES CATALUNYA,03041905.DAT
Municipales,2019,05,04201905_MESA,004697,JxCAT-JUNTS,JUNTS PER CATALUNYA SANT FELIU DE PALLEROLS,03041905.DAT
Municipales,2019,05,04201905_MESA,003488,IVV-ERC-AM,INDEPENDENTS DE LES VALLS DE VALIRA-ESQUERRA REPUBLICANA DE CATALUNYA-ACORD MUNICIPAL,03041905.DAT
Municipales,2019,05,04201905_MESA,006391,SOM POBLE-ERC-AM,SOM POBLE-ESQUERRA REPUBLICANA DE CATALUNYA-ACORD MUNICIPAL (SOM POBLE-ERC-AM),03041905.DAT
Municipales,2019,05,04201905_MESA,001507,Primaries,VALLROMANES PER LA REPUBLICA-PRIMARIES CATALUNYA,03041905.DAT
Municipales,2019,05,04201905_MESA,002659,PSC-CP,PARTIT DELS SOCIALISTES DE CATALUNYA -CANDIDATURA DE PROGRES,03041905.DAT
Municipales,2019,05,04201905_MESA,002318,ERC-fA-AM,ESQUERRA REPUBLICANA DE CATALUNYA-FEM AVIÀ-ACORD MUNICIPAL,03041905.DAT
Municipales,2019,05,04201905_MESA,002717,PLATAFORMA - COMPROMÍS MUNICIPAL,GUANYEMSAB PLATAFORMA PODEM SANT ANTONI: COMPROMÍS MUNICIPAL,03041905.DAT
Municipales,2019,05,04201905_MESA,002190,JxCat - JUNTS,JUNTS PER CATALUNYA-LLEIDA,03041905.DAT
Municipales,2019,05,04201905_MESA,007005,ERC / AM,: ESQUERRA REPUBLICANA DE CATALUNYA- ACORD MUNICIPAL,03041905.DAT
Municipales,2019,05,04201905_MESA,003390,DEMÒCRATES,DEMÒCRATES DE CATALUNYA,03041905.DAT
Municipales,2019,05,04201905_MESA,002536,ERC - JFM - AM,ESQUERRA REPUBLICANA DE CATALUNYA- JUNTS FEM MANLLEU - ACORD MUNICIPAL,03041905.DAT
Municipales,2019,05,04201905_MESA,005409,JxC-JxCAT-JUNTS,JUNTS PER CORNELLA-JUNTS PER CATALUNYA,03041905.DAT
Municipales,2019,05,04201905_MESA,002773,ERC-AM,9-ESQUERRA REPUBLICANA DE CATALUNYA-ACORD MUNICIPAL,03041905.DAT
Municipales,2019,05,04201905_MESA,006593,CxB-JxCAT-JUNTS,CONNECTATS PER BRÀFIM- JUNTS PER CATALUNYA,03041905.DAT
Municipales,2019,05,04201905_MESA,003381,JpC-ERC-AM,JUNTS PER CALDERS- ESQUERRA REPUBLICANA DE CATALUNYA-ACORD MUNICIPAL,03041905.DAT
Municipales,2019,05,04201905_MESA,005940,PRIMÀRIES,SANTA CRISTINA PER LA REPÚBLICA - PRIMARIES CATALUNYA,03041905.DAT
Municipales,2019,05,04201905_MESA,003689,JxCAT-JUNTS,JUNTS PER CATALUNYA-LA VALL DE BIANYA,03041905.DAT
Municipales,2019,05,04201905_MESA,003852,PCPC,PARTIT COMUNISTA DEL POBLE DE CATALUNYA,03041905.DAT
Municipales,2019,05,04201905_MESA,005529,JxCAT-JUNTS,JUNTS PER CATALUNYA-SANTA CRISTINA D'ARO,03041905.DAT
Municipales,2019,05,04201905_MESA,003242,CUBELLENCS-FIC,CUBELLENCS-FEDERACIÓ D'INDEPENDENTS DE CATALUNYA (FIC),03041905.DAT
Municipales,2019,05,04201905_MESA,006952,PSC-CP,PARTIT DELS SOCIALISTES DE CATALUNYA PER LLAGOSTERA ? CANDIDATURA DE PROGRÉS,03041905.DAT
Municipales,2019,05,04201905_MESA,006321,AVP - FIC,FEDERACIO D'INDEPENDENTS DE CATALUNYA-AGRUPACIO VEINAL PLATGES (AVP),03041905.DAT
Municipales,2019,05,04201905_MESA,004315,JUNTS,JUNTS PER CATALUNYA-GELIDA,03041905.DAT
Municipales,2019,05,04201905_MESA,002180,JxCAT-JUNTS,JUNTS PER CATALUNYA-JUNTS PER CANOVELLES,03041905.DAT
Municipales,2019,05,04201905_MESA,004788,JxCat - JUNTS,JUNTS PER CATALUNYA TORROELLA DE MONTGRI L'ESTARTIT,03041905.DAT
Municipales,2019,05,04201905_MESA,003927,Primaries,GAVA PER LA REPUBLICA - PRIMARIES CATALUNYA,03041905.DAT
Municipales,2019,05,04201905_MESA,005848,PSC - CP,PARTIT DELS SOCIALISTES DE CATALUNYA-CANDIDATURA DE PROGRÉS,03041905.DAT
Municipales,2019,05,04201905_MESA,007383,FEM-ERC-AM,FEM MUNICIPI-ESQUERRA REPUBLICANA DE CATALUNYA-ACORD MUNICIPAL,03041905.DAT
Municipales,2019,05,04201905_MESA,001873,PRIMÀRIES,Republiquem Rosselló - Primàries Catalunya,03041905.DAT
Municipales,2019,05,04201905_MESA,006411,ERC / AM,ESQUERRA REPUBLICANA DE CATALUNYA-ACORD MUNICIPAL (ERC-AM),03041905.DAT
Municipales,2019,05,04201905_MESA,006959,SiC-IDC,SENY I COHERÈNCIA-INDEPENDENTS DE CATALUNYA,03041905.DAT
Municipales,2019,05,04201905_MESA,001854,PIGH,PLATAFORMA INDEPENDIENTE GURE HERRIA,03041905.DAT
Municipales,2019,05,04201905_MESA,004731,PL@CE,PLATAFORMA CIVIL ENGUERINA,03041905.DAT
Municipales,2019,05,04201905_MESA,005451,UPMcat,UNIÓ DE PARTITS MUNICIPALISTES DE CATALUNYA,03041905.DAT
Municipales,2019,05,04201905_MESA,003230,JxCAT-JUNTS,JUNTS PER CATALUNYA-PUIG-REIG,03041905.DAT
Municipales,2019,05,04201905_MESA,004210,COALICIÓ UP,COALICIÓ UDEM - PLATAFORMA,03041905.DAT
Municipales,2019,05,04201905_MESA,006905,JxCAT-JUNTS,JUNTS PER CATALUNYA-FONTCOBERTA I VILAVENUT,03041905.DAT
Municipales,2019,05,04201905_MESA,003305,IMM,PLATAFORMA IMPULSO MIAMI-MONT ROIG,03041905.DAT
Municipales,2019,05,04201905_MESA,001879,PRIMÀRIES,UNIDES I UNITS PER ALCOLETGE - PRIMÀRIES CATALUNYA,03041905.DAT
Municipales,2019,05,04201905_MESA,006845,(JxCAT-JUNTS,JUNTS PER CATALUNYA,03041905.DAT
Municipales,2019,05,04201905_MESA,002244,ERC / ESQUERRA,ESQUERRA REPUBLICANA DE CATALUNYA -  ACORD MUNICIPAL,03041905.DAT
Municipales,2019,05,04201905_MESA,006655,UNICAT?ERC-AM,UNITS PEL CATLLAR-ESQUERRA REPUBLICANA DE CATALUNYA - ACORD MUNICIPAL,03041905.DAT
Municipales,2019,05,04201905_MESA,001527,PRIMÀRIES CATALUNYA,LLIÇA PER LA REPÚBLICA -PRIMÀRIES CATALUNYA,03041905.DAT
Municipales,2019,05,04201905_MESA,001892,JUNTS,JUNTS PER CATALUNYA - EL PORT DE LA SELVA,03041905.DAT
Municipales,2019,05,04201905_MESA,001476,ERC+SxA - AM,ESQUERRA REPUBLICANA DE CATALUNYA + SUMEM PER ALELLA - ACORD MUNICIPAL,03041905.DAT
Municipales,2019,05,04201905_MESA,002147,PRIMÀRIES,TORTOSA PER LA REPÚBLICA. PRIMÀRIES CATALUNYA,03041905.DAT
Municipales,2019,05,04201905_MESA,003451,PRIMÀRIES,PRIMÀRIES CAMBRILS-PRIMÀRIES CATALUNYA,03041905.DAT
Municipales,2019,05,04201905_MESA,002411,FEM - ERC - VxC - AM,FEM Sant Andreu- Esquerra Republicana de Catalunya - Vecinos por el Cambio - Acord Municipal,03041905.DAT
Municipales,2019,05,04201905_MESA,005880,JxCAT-JUNTS,JUNTS PER CATALUNYA A SANTA PERPÈTUA,03041905.DAT
Municipales,2019,05,04201905_MESA,006929,ERC-AM,ESQUERRA REPUBLICANA DE CATALUNYA- ACORD MUNICIPAL,03041905.DAT
Municipales,2019,05,04201905_MESA,003682,JxCAT-JUNTS,JUNTS PER CATALUNYA-OLOT,03041905.DAT
Municipales,2019,05,04201905_MESA,001676,ERC -AM,ESQUERRA REPUBLICANA DE CATALUNYA-ACORD MUNICIPAL,03041905.DAT
Municipales,2019,05,04201905_MESA,002596,PSC-CP,PARTIT DELS SOCIALISTES DE CATALUNYA - CANDIDATURA DE PROGRÉS,03041905.DAT
Municipales,2019,05,04201905_MESA,004026,PSC-PC,PARTIT DELS SOCIALISTES DE CATALUNYA - CANDIDATURA DE PROGRÉS,03041905.DAT
Municipales,2019,05,04201905_MESA,004899,PSC-CP,PARTIT DELS SOCIALISTES DE CATALUNYA-CANDIDATURA DEL PROGRES,03041905.DAT
Municipales,2019,05,04201905_MESA,003030,JxCAT-JUNTS,JUNTS PER CATALUNYA-LES MASIES DE VOLTREGÀ,03041905.DAT
Municipales,2019,05,04201905_MESA,001859,EA - ERC - AM,ESQUERRA D'AMPOSTA - ESQUERRA REPUBLICANA DE CATALUNYA - ACORD MUNICIPAL,03041905.DAT
Municipales,2019,05,04201905_MESA,006783,ERC? AM,ESQUERRA REPUBLICANA DE CATALUNYA-ACORD MUNICIPAL,03041905.DAT
Municipales,2019,05,04201905_MESA,001649,ERC / AM,ESQUERRA REPUBLICANA DE CATALUNYA-ACORD MUNICIPAL,03041905.DAT
Municipales,2019,05,04201905_MESA,004757,JxCat - JUNTS,JUNTS PER CATALUNYA - DOSRIUS,03041905.DAT
Municipales,2019,05,04201905_MESA,002131,PSC-G-CP,PARTIT DELS SOCIALISTES DE CATALUNYA -GODALL - CANDIDATURA DE PROGRÉS,03041905.DAT
Municipales,2019,05,04201905_MESA,005420,ERC - AM,ESQUERRA REPUBLICANA DE CATALUNYA,03041905.DAT
Municipales,2019,05,04201905_MESA,003186,ERC-EV-PU-AM,ESQUERRA REPUBLICANA DE CATALUNYA-ELS VERDS-POBLE UNIT-ACORD MUNICIPAL,03041905.DAT
Municipales,2019,05,04201905_MESA,005095,ERC -AM,ESQUERRA REPUBLICANA DE CATALUNYA - ACORD MUNICIPAL,03041905.DAT
Municipales,2019,05,04201905_MESA,003371,PONTS X CATALUNYA,PONTS X CATALUNYA,03041905.DAT
Municipales,2019,05,04201905_MESA,001853,ERC - AM,ESQUERRA  REPUBLICANA DE  CATALUNYA - ACORD  MUNICPAL,03041905.DAT
Municipales,2019,05,04201905_MESA,002357,ERC - AM,ESQUERRA REPUBLICANA DE CATALUNYA- ACORD MUNICIPAL,03041905.DAT
Municipales,2019,05,04201905_MESA,006907,JxCAT-JUNTS,JUNTS PER CATALUNYA ? GIRONA,03041905.DAT
Municipales,2019,05,04201905_MESA,003988,JxCAT-JUNTS,JUNTS PER CATALUNYA,03041905.DAT
Municipales,2019,05,04201905_MESA,006788,P.M.H.,PLATAFORMA DEL MUNICIPIO DE HARIA,03041905.DAT
Municipales,2019,05,04201905_MESA,003816,ERC-EpF-AM,ESQUERRA REPUBLICANA DE CATALUNYA-ENTESA PER FLIX-ACORD MUNICIPAL,03041905.DAT
Municipales,2019,05,04201905_MESA,001799,ERC - AM,ESQUERRA REPUBLICANA DE CATALUNYA-ACORD MUNICIPAL,03041905.DAT
Municipales,2019,05,04201905_MESA,003497,PRIMÀRIES,SANT CUGAT PER LA INDEPENDÈNCIA-PRIMÀRIES CATALUNYA,03041905.DAT
Municipales,2019,05,04201905_MESA,006953,TxLL-ERC-AM,TOTS PER LLAMBILLES-ESQUERRA REPUBLICANA DE CATALUNYAACORD MUNICIPAL,03041905.DAT
Municipales,2019,05,04201905_MESA,003307,PER XATIVA,PLATAFORMA PER XATIVA,03041905.DAT
Municipales,2019,05,04201905_MESA,002251,ERC-AM,ESQUERRA REPUBLICANA DE CATALUNYA- ACORD MUNICIPAL,03041905.DAT
Municipales,2019,05,04201905_MESA,001747,ERC -AM,ESQUERRA REPUBLICANA DE CATALUNYA- ACORD MUNICIPAL,03041905.DAT
Municipales,2019,05,04201905_MESA,003185,PSC-CP,PARTIT DELS SOCIALISTES DE CATALUNYA -CANDIDATURA DE PROGRÉS,03041905.DAT
Municipales,2019,05,04201905_MESA,005667,PRIMÀRIES,CASTELLDEFELS PER LA REPÚBLICA - PRIMÀRIES CATALUNYA,03041905.DAT
Municipales,2019,05,04201905_MESA,004254,PSC-CP,PARTIT DELS SOCIALISTES DE CATALUNYA-CANDIDATURA DE PROGRÉS,03041905.DAT
Municipales,2019,05,04201905_MESA,006408,ERC / AM,ESQUERRA REPUBLICANA DE CATALUNYA-ACORD MUNICIPAL (ERC-AM),03041905.DAT
Municipales,2019,05,04201905_MESA,002438,GOOB - FIC,GRUP D' OPINIÓ D' OLESA DE BONESVALLS  G.O.O.B-FEDERACIO D'INDEPENDENTS DE CATALUNYA FIC,03041905.DAT
Municipales,2019,05,04201905_MESA,004750,Acord per Gualba-ERC-AM,ACORD PER GUALBA-ESQUERRA REPUBLICANA DE CATALUNYA-ACORD MUNICIPAL,03041905.DAT
Municipales,2019,05,04201905_MESA,007394,PSC,PARTIT DELS SOCIALISTES DE CATALUNYA?CANDIDATURA DE PROGRÉS,03041905.DAT
Municipales,2019,05,04201905_MESA,003125,PSC-CP,PARTIT DELS SOCIALISTES DE CATALUNYA - UNITS PER ARGENTONA - CANDIDATURA DE PROGRÉS,03041905.DAT
Municipales,2019,05,04201905_MESA,001466,PRIMÀRIES,MONTORNÈS PER LA REPÚBLICA-PRIMÀRIES CATALUNYA,03041905.DAT
Municipales,2019,05,04201905_MESA,002175,PSC-CP,PARTIT DELS SOCIALISTES DE CATALUNYA-CANDIDATURA DE PROGRÉS,03041905.DAT
Municipales,2019,05,04201905_MESA,001345,PSC-CP,PARTIT DELS SOCIALISTES DE CATALUNYA-CANDIDATURA DE PROGRÉS (PSC-CP),03041905.DAT
Municipales,2019,05,04201905_MESA,002167,ERC-MES-AM,ESQUERRA REPUBLICANA DE CATALUNYA-MOVIMENT D'ESQUERRES-ACORD MUNICIPAL,03041905.DAT
Municipales,2019,05,04201905_MESA,004886,F.I.C.,FEDERACIÓ D'INDEPENDENTS DE CATALUNYA-PEL MUNICIPI DE MONTBLANC,03041905.DAT
Municipales,2019,05,04201905_MESA,003240,JxCAT-JUNTS,63-JUNTS PER CATALUNYA STA. MARGARIDA I ELS MONJOS,03041905.DAT
Municipales,2019,05,04201905_MESA,003222,PSC-CP,PARTIT DELS SOCIALISTES DE CATALUNYA-CANDIDATURA DE PROGRÉS,03041905.DAT
Municipales,2019,05,04201905_MESA,005946,PUG,PLATAFORMA DE URBANIZACIONES DE GODELLETA,03041905.DAT
Municipales,2019,05,04201905_MESA,002206,JxCat - JUNTS,JUNTS PER CATALUNYA,03041905.DAT
Municipales,2019,05,04201905_MESA,006770,JxCAT-JUNTS,JUNTS PER CATALUNYA-ALBONS,03041905.DAT
Municipales,2019,05,04201905_MESA,006901,JxCAT-JUNTS,JUNTS PER CATALUNYA-FLAÇÀ,03041905.DAT
Municipales,2019,05,04201905_MESA,006923,JxCAT-JUNTS,JUNTS PER CATALUNYA- VILABLAREIX,03041905.DAT
Municipales,2019,05,04201905_MESA,002388,ERC - AM,Esquerra Republicana de Catalunya - Acord Municipal,03041905.DAT
Municipales,2019,05,04201905_MESA,004892,IU-PPI-Podemos,Unidas por Miajadas Izquierda Unida Plataforma Progresista Independiente Podemos,03041905.DAT
Municipales,2019,05,04201905_MESA,001759,ERC -AM,ESQUERRA REPUBLICANA DE CATALUNYA-ACORD MUNICIPAL,03041905.DAT
Municipales,2019,05,04201905_MESA,005046,JxCat - JUNTS,JUNTS PER CATALUNYA - PALAFRUGELL,03041905.DAT
Municipales,2019,05,04201905_MESA,002530,D't - FIC,DESPERTA'T (D't) - FEDERACIO INDEPENDENTS DE CATALUNYA (FIC),03041905.DAT
Municipales,2019,05,04201905_MESA,003388,VP - FIC,LA VEU DEL POBLE (VP) - FEDERACIO D'INDEPENDENTS DE CATALUNYA (FIC),03041905.DAT
Municipales,2019,05,04201905_MESA,002640,JxCat - JUNTS,JUNTS PER CATALUNYA - BADALONA,03041905.DAT
Municipales,2019,05,04201905_MESA,005623,ERC-GdT-JOVENT-AM,ESQUERRA REPUBLICANA DE CATALUNYA-GENT DE TORDERA-JOVENT REPUBLICÀ-ACORD MUNICIPAL,03041905.DAT
Municipales,2019,05,04201905_MESA,006701,ERC-GIC-AM,ESQUERRA REPUBLICANA DE CATALUNYA - GRUP D'INDEPENDENTS DE COLLBATÓ - ACORD MUNICIPAL,03041905.DAT
Municipales,2019,05,04201905_MESA,004936,PSC-CP,PARTIT SOCIAL DEMOCRATA DE CATALUNYA-CANDIDATURA DEL PROGRES,03041905.DAT
Municipales,2019,05,04201905_MESA,003167,ApG - ERC - AM,ALTERNATIVA PER GANDESA - ESQUERRA REPUBLICANA DE CATALUNYA - ACORD MUNICIPAL,03041905.DAT
Municipales,2019,05,04201905_MESA,001153,PSC-CP,PARTIT DELS SOCIALISTES DE CATALUNYA (PSC-PSOE),03041905.DAT
Municipales,2019,05,04201905_MESA,003581,CECP-Els Pallaresos-ECG,CATALUNYA EN COMÚ PODEM ELS PALLARESOS-EN COMÚ GUANYEM,03041905.DAT
Municipales,2019,05,04201905_MESA,002992,JxCAT-JUNTS,JUNTS PER CATALUNYA-ALELLA,03041905.DAT
Municipales,2019,05,04201905_MESA,002265,UV - ERC - AM,Units per Vilaplana - Esquerra Republicana de Catalunya - Acord Municipal,03041905.DAT
Municipales,2019,05,04201905_MESA,003192,JxCAT-JUNTS,TOTS SOM SANT FELIU-JUNTS PER CATALUNYA,03041905.DAT
Municipales,2019,05,04201905_MESA,001835,PSC-CP,PARTIT DELS SOCIALISTES DE CATALUNYA - CANDIDATURA DE PROGRÈS,03041905.DAT
Municipales,2019,05,04201905_MESA,004234,FIC,MÉS RIBA-ROJA - FEDERACIÓ D'INDEPENDENTS DE CATALUNYA,03041905.DAT
Municipales,2019,05,04201905_MESA,004736,PSC-CP,PARTIT DELS SOCIALISTES DE CATALUNYA-CANDIDATURA DE PROGRES,03041905.DAT
Municipales,2019,05,04201905_MESA,002558,JxCat - JUNTS,JUNTS PER CATALUNYA- CIUTADILLA,03041905.DAT
Municipales,2019,05,04201905_MESA,003826,JxCAT-JUNTS,JUNTS PER CATALUNYA- SANT FERRIOL,03041905.DAT
Municipales,2019,05,04201905_MESA,001800,PSC-CP,PARTIT DELS SOCIALISTES DE CATALUNYA- CANDIDATURA DE PROGRÈS,03041905.DAT
Municipales,2019,05,04201905_MESA,006778,JxCAT-JUNTS,JUNTS PER CATALUNYA ? BANYOLES,03041905.DAT
Municipales,2019,05,04201905_MESA,003066,ERC-AR-AM,ESQUERRA REPUBLICANA DE CATALUNYA-ACORD REPUBLICÀ-ACORD MUNICIPAL,03041905.DAT
Municipales,2019,05,04201905_MESA,005060,PSC-CP,PARTIT DELS SOCIALISTES DE CATALUNYA - CANDIDATURA DE PROGRÉS,03041905.DAT
Municipales,2019,05,04201905_MESA,002764,PSC-CP,PARTIT DELS SOCIALISTES DE CATALUNYA -CANDIDATURA DE PROGRÉS,03041905.DAT
Municipales,2019,05,04201905_MESA,002887,ERC-TS-AM,ESQUERRA REPUBLICANA DE CATALUNYA-TORTOSA SI-ACORD MUNICIPAL,03041905.DAT
Municipales,2019,05,04201905_MESA,003203,ERC-AM,16-ESQUERRA REPUBLICANA DE CATALUNYA-ACORD MUNICIPAL,03041905.DAT
Municipales,2019,05,04201905_MESA,006403,PSC-CP,PARTIT DELS SOCIALISTES DE CATALUNYA-CANDIDATURA DE PROGRES,03041905.DAT
Municipales,2019,05,04201905_MESA,001735,AT,Plataforma Civil AHORA TOTANA,03041905.DAT
Municipales,2019,05,04201905_MESA,002516,PSC - CP,PARTIT DELS SOCIALISTES DE CATALUNYA - CANDIDATURA DE PROGRÉS,03041905.DAT
Municipales,2019,05,04201905_MESA,004266,PSC-CP,PARTIT DELS SOCIALISTES DE CATALUNYA - CANDIDATURA DE PROGRÉS,03041905.DAT
Municipales,2019,05,04201905_MESA,004749,JxCat - JUNTS,JUNTS PER CATALUNYA - UNITS PEL MASNOU,03041905.DAT
Municipales,2019,05,04201905_MESA,001653,ERC - AM,1-ESQUERRA REPUBLICANA DE CATALUNYA - ACORD MUNICIPAL,03041905.DAT
Municipales,2019,05,04201905_MESA,006706,ERC - AM,ESQUERRA REPUBLICANA DE CATALUNYA -  ACORD MUNCIPAL,03041905.DAT
Municipales,2019,05,04201905_MESA,005173,FM-FIC,FEM MASROIG-FEDERACIO D'INDEPENDENTS DE CATALUNYA,03041905.DAT
Municipales,2019,05,04201905_MESA,001764,GP,PLATAFORMA CIUDADANA: GANEMOS PALENCIA,03041905.DAT
Municipales,2019,05,04201905_MESA,003096,ERC-AM,ESQUERRA REPUBLICANA DE CATALUNYA-ACORD MUNICIPAL,03041905.DAT
Municipales,2019,05,04201905_MESA,003822,DEMÒCRATES,DEMÒCRATES DE CATALUNYA,03041905.DAT
Municipales,2019,05,04201905_MESA,002320,ERC - AM,ESQUERRA REPUBLICANA DE CATALUNYA -  ACORD MUNICPAL,03041905.DAT
Municipales,2019,05,04201905_MESA,003331,JxCAT-JUNTS,JUNTS PER CATALUNYA-SANT SADURNÍ D'OSORMORT,03041905.DAT
Municipales,2019,05,04201905_MESA,006592,ERM - AM,Esquerra Republicana de Catalunya - Acord Municipal,03041905.DAT
Municipales,2019,05,04201905_MESA,004042,ERC / ESQUERRA,ESQUERRA REPUBLICANA DE CATALUNYA-ACORD MUNICIPAL,03041905.DAT
Municipales,2019,05,04201905_MESA,001779,PSC - CP,PARTIT DELS SOCIALISTES DE CATALUNYA - CANDIDATURA DE PROGRÈS,03041905.DAT
Municipales,2019,05,04201905_MESA,001743,ERC - AM,ESQUERRA REPUBLICANA DE CATALUNYA-ACORD MUNICIPAL,03041905.DAT
Municipales,2019,05,04201905_MESA,006324,UPLBP - FIC,FEDERACIO D'INDEPENDENTS DE CATALUNYA-UNITS PER LA BISBAL DEL PENEDES (UPLBP),03041905.DAT
Municipales,2019,05,04201905_MESA,006654,PSC-CP,EL MORELL POT MES-PARTIT DELS SOCIALISTES DE CATALUNYA-CANDIDATURA DE PROGRÉS,03041905.DAT
Municipales,2019,05,04201905_MESA,007417,ERC ? AM,ESQUERRA REPUBLICANA DE CATALUNYA ? ACORD MUNICIPAL,03041905.DAT
Municipales,2019,05,04201905_MESA,006400,PSC-CP,PARTIT DELS SOCIALISTES DE CATALUNYA - CANDIDATURA DE PROGRÈS,03041905.DAT
Municipales,2019,05,04201905_MESA,003195,ERC - AM,ESQUERRA REPUBLICANA DE CATALUNYA - ACORD MUNICIAPAL,03041905.DAT
Municipales,2019,05,04201905_MESA,002034,PRIMÀRIES,PRIMÀRIES GUISSONA-PRIMÀRIES CATALUNYA (PRIMÀRIES),03041905.DAT
Municipales,2019,05,04201905_MESA,005863,ERC - ARA - AM,ESQUERRA REPUBLICANA DE CATALUNYA-ARA RIPOLLET-ACORD MUNICIPAL,03041905.DAT
Municipales,2019,05,04201905_MESA,005528,JxCat,JUNTS PER CATALUNYA-SANT POL DE MAR,03041905.DAT
Municipales,2019,05,04201905_MESA,001043,PIM-Villalbilla,PLATAFORMA INDEPENDIENTE MUNICIPAL DE VILLALBILLA,03041905.DAT
Municipales,2019,05,04201905_MESA,004492,JxCAT-JUNTS,JUNTS PER CATALUNYA-SANTA COLOMA,03041905.DAT
Municipales,2019,05,04201905_MESA,006498,PRIMÀRIES,PEL VENDRELL-PRIMÀRIES CATALUNYA,03041905.DAT
Municipales,2019,05,04201905_MESA,002247,IR-IDC,INDEPENDENTS PER RIUMORS - INDEPENDENTS DE CATALUNYA,03041905.DAT
Municipales,2019,05,04201905_MESA,005803,JxB-E-ERC-AM,JuntsxBegur-Esclanyà - Esquerra Republicana de Catalunya-Acord Municipal,03041905.DAT
Municipales,2019,05,04201905_MESA,007430,LLF ? AM,ENDAVANT CERDANYA-ESQUERRA REPUBLICANA DE CATALUNYALLÍVIA FUTUR ? ACORD MUNICIPAL,03041905.DAT
Municipales,2019,05,04201905_MESA,002170,PSC-UxA-CP,PARTIT DELS SOCIALISTES DE CATALUNYA-UNITS X ALMENAR-CANDIDATURA DE PROGRÉS,03041905.DAT
Municipales,2019,05,04201905_MESA,004109,JxCat -JUNTS,JUNTS PER CATALUNYA NAVARCLES,03041905.DAT
Municipales,2019,05,04201905_MESA,006781,JxCat,JUNTS PER CATALUNYA,03041905.DAT
Municipales,2019,05,04201905_MESA,003285,JxP-R-ERC-AM,JUNTS PER PUIG-REIG ESQUERRA REPUBLICANA DE CATALUNYA-ACORD MUNICIPAL,03041905.DAT
Municipales,2019,05,04201905_MESA,006421,L'EINA-ERC-AM,L'ESQUERRA INDEPENDENTISTA D'ALTAFULLA-ESQUERRA REPUBLICANA DE CATALUNYA-ACORD MUNICIPAL (L'EINA-ERC,03041905.DAT
Municipales,2019,05,04201905_MESA,004321,JxCat - JUNTS,JUNTS PER CATALUNYA - PALAMÓS I SANT JOAN,03041905.DAT
Municipales,2019,05,04201905_MESA,001970,JxCat - JUNTS,JUNTS PER CATALUNYA-LA RÀPITA,03041905.DAT
Municipales,2019,05,04201905_MESA,002827,ERC-AM,11-ESQUERRA REPUBLICANA DE CATALUNYA-ACORD MUNICIPAL,03041905.DAT
Municipales,2019,05,04201905_MESA,002181,ERC - MES - AM,Esquerra Republicana de Catalunya-Moviment d'Esquerres - Acord Municipal,03041905.DAT
Municipales,2019,05,04201905_MESA,001271,ERC - AVANCEM - AM,ESQUERRA REPUBLICANA DE CATALUNYA - AVANCEM - ACORD MUNICIPAL,03041905.DAT
Municipales,2019,05,04201905_MESA,006708,PSC-ÒDENA PROGRÉS-CP,PARTIT DELS SOCIALISTES DE CATALUNYA- PSX-ÒDENA ÒDENA PROGRÉS - CANDIDATURA DE PROGRÉS,03041905.DAT
Municipales,2019,05,04201905_MESA,007381,VIU-ERC-AM,VIU SORIGUERA-ESQUERRA REPUBLICANA DE CATALUNYA-ACORD MUNICIPAL,03041905.DAT
Municipales,2019,05,04201905_MESA,006774,F.N.C.,FRONT NACIONAL DE CATALUNYA,03041905.DAT
Municipales,2019,05,04201905_MESA,004283,JxCAT-JUNTS,75-JUNTS PER CATALUNYA-AVINYONET,03041905.DAT
Municipales,2019,05,04201905_MESA,003114,PSC-CP,32-PARTIT DELS SOCIALISTES DE CATALUNYA-CANDIDATURA DE PROGRÉS,03041905.DAT
Municipales,2019,05,04201905_MESA,005737,ERC / ESQUERRA,ESQUERRA REPUBLICANA DE CATALUNYA,03041905.DAT
Municipales,2019,05,04201905_MESA,006960,PSC-CP,PARTIT DELS SOCIALISTES DE CATALUNYA ? CANDIDATURA DE PROGRÉS,03041905.DAT
Municipales,2019,05,04201905_MESA,001655,ERC / AM,ESQUERRA REPUBLICANA DE CATALUNYA,03041905.DAT
Municipales,2019,05,04201905_MESA,001691,JxCAT-JUNTS,JUNTS PER CATALUNYA-EL CABRERÈS,03041905.DAT
Municipales,2019,05,04201905_MESA,003079,ERC - AM,ESQUERRA REPUBLICANA DE CATALUNYA-ACORD MUNICIPAL,03041905.DAT
Municipales,2019,05,04201905_MESA,002901,JxCat -JUNTS,JUNTS PER SANT HILARI-JUNTS PER CATALUNYA,03041905.DAT
Municipales,2019,05,04201905_MESA,003304,JxCat - JUNTS,JUNTS PER CATALUNYA -,03041905.DAT
Municipales,2019,05,04201905_MESA,006904,ERC? JpC ? AM,ESQUERRA REPUBLICANA DE CATALUNYA- JUNTS PER CAMÓS - ACORD MUNICIPAL,03041905.DAT
Municipales,2019,05,04201905_MESA,001473,ERC-AM,ESQUERRA REPUBLICANA DE CATALUNYA-ACORD MUNICIPAL,03041905.DAT
Municipales,2019,05,04201905_MESA,001343,AxRd'O-ERC-AM,ACORD PER RIBERA D'ONDARA -ESQUERRA REPUBLICANA DE CATALUNYA-ACORD MUNICIPAL,03041905.DAT
Municipales,2019,05,04201905_MESA,001405,P.V.S.B.,PLATAFORMA VECINAL POR SANTA BRÍGIDA,03041905.DAT
Municipales,2019,05,04201905_MESA,002029,PRIMÀRIES,PRIMÀRIES MATARÓ - PRIMÀRIES CATALUNYA,03041905.DAT
Municipales,2019,05,04201905_MESA,006955,PSC-CP,PARTIT DELS SOCIALISTES DE CATALUNYA ? CANDIDATURA DEL PROGRÉS,03041905.DAT
Municipales,2019,05,04201905_MESA,002968,PSC-CP,PARTIT DELS SOCIALISTES DE CATALUNYA (PSC-PSOE) - CANDIDATURA DE PROGRÉS,03041905.DAT
Municipales,2019,05,04201905_MESA,003321,JxCAT-JUNTS,JUNTS PER CATALUNYA-CENTELLES,03041905.DAT
Municipales,2019,05,04201905_MESA,004986,PSC-CP,PARTIT DELS SOCIALISTES DE CATALUNYA (PSC-PSOE)CANDIDATURA DE PROGRÉS,03041905.DAT
Municipales,2019,05,04201905_MESA,001783,ADT-ERC-AM,ASSEMBLEA DE TAGAMANENT-ESQUERRA REPUBLICANA DE CATALUNYA-ACORD MUNICIPAL,03041905.DAT
Municipales,2019,05,04201905_MESA,005504,ERC-AM,ESQUERRA REPUBLICANA DE CATALUNYA- ACORD MUNICIPAL,03041905.DAT
Municipales,2019,05,04201905_MESA,005415,ERC - AM,ESQUERRA REPUBLICANA DE CATALUNYA-ACORD MUNICIPAL,03041905.DAT
Municipales,2019,05,04201905_MESA,002642,JxCAT-JUNTS,JUNTS PER LA PALMA-JUNTS PER CATALUNYA,03041905.DAT
Municipales,2019,05,04201905_MESA,003635,JxA-JxCAT-JUNTS,JUNTS PER ARENYS-JUNTS PER CATALUNYA,03041905.DAT
Municipales,2019,05,04201905_MESA,006878,ERC-AM,ESQUERRA REPUBLICANA DE CATALUNYA ? ACORD MUNICIPA,03041905.DAT
Municipales,2019,05,04201905_MESA,001011,AxM - ERC - AM,ACORD PER MONTOLIU-ESQUERRA REPUBLICANA DE CATALUNYA-ACORD MUNICIPAL,03041905.DAT
Municipales,2019,05,04201905_MESA,001509,PSC - CxLL -CP,PARTIT DELS SOCIALISTES DE CATALUNYA - COMPROMÍS X LLEIDA - CANDIDATURA DE PROGRÉS,03041905.DAT
Municipales,2019,05,04201905_MESA,001622,AUD-ERC-AM,UNITS PER DECIDIR-ESQUERRA REPUBLICANA DE CATALUNYA-ACORD MUNICIPAL,03041905.DAT
Municipales,2019,05,04201905_MESA,002728,ERC-AM,6-ESQUERRA REPUBLICANA DE CATALUNYA-ACORD MUNICIPAL,03041905.DAT
Municipales,2019,05,04201905_MESA,006791,UxVI-IDC,UNITS PER VILABLAREIX-INDEPENDENTS DE CATALUNYA,03041905.DAT
Municipales,2019,05,04201905_MESA,003288,JxCAT-JUNTS,68-JUNTS PER CATALUNYA FONT-RUBÍ,03041905.DAT
Municipales,2019,05,04201905_MESA,006910,JxCAT-JUNTS,LLAMBILLES-JUNTS PER CATALUNYA,03041905.DAT
Municipales,2019,05,04201905_MESA,002687,ERC-AM,5-ESQUERRA REPUBLICANA DE CATALUNYA-ACORD MUNICIPAL,03041905.DAT
Municipales,2019,05,04201905_MESA,005552,CxLB-JxCAT-JUNTS,COMPROMÍS PER LA BISBAL -JUNTS PER CATALUNYA,03041905.DAT
Municipales,2019,05,04201905_MESA,004370,JxCAT-JUNTS,JUNTS PER CATALUNYA-GUARDIOLA DE BERGUEDÀ,03041905.DAT
Municipales,2019,05,04201905_MESA,004636,JUNTS,JUNTS PER CATALUNYA - ÓRRIUS,03041905.DAT
Municipales,2019,05,04201905_MESA,002420,JUNTS x SVH - ERC - AM,JUNTS x SANT VICENÇ = Vicentins pel canvi + Esquerra Republicana de Catalunya - Acord Municipal,03041905.DAT
Municipales,2019,05,04201905_MESA,001782,Fem CDQ-IDC,FEM CADAQUÉS - INDEPENDENTS DE CATALUNYA,03041905.DAT
Municipales,2019,05,04201905_MESA,002689,JUNTS,JUNTS PER CATALUNYA-ELS PLANS  DE SIÓ,03041905.DAT
Municipales,2019,05,04201905_MESA,001421,MT-IDC,MÉS TORDERA-INDEPENDENTS DE CATALUNYA,03041905.DAT
Municipales,2019,05,04201905_MESA,003060,Primaries,RUBI REPUBLICANA - PRIMARIES CATALUNYA,03041905.DAT
Municipales,2019,05,04201905_MESA,002954,PSC-CP,PARTIT DELS SOCIALISTES DE CATALUNYA-UNITS PER CABRERA-CANDIDATURA DE PROGRÈS,03041905.DAT
Municipales,2019,05,04201905_MESA,004761,AISA - FIC,AGRUPACIÓ INDEPENDENT DE LA SERRA D'ALMOS - FEDERACIO D'INDEPENDENTS DE CATALUNYA,03041905.DAT
Municipales,2019,05,04201905_MESA,007369,PSC - CP,PARTIT DELS SOCIALISTES DE CATALUNYA-CANDIDATURA DE PROGRÉS,03041905.DAT
Municipales,2019,05,04201905_MESA,003545,UNIM-PSC-CP,UNIÓ NOU IMPULS MUNICIPAL-PARTIT DELS SOCIALISTES DE CATALUNYA-CANDIDATURA DE PROGRÉS,03041905.DAT
Municipales,2019,05,04201905_MESA,001523,PSC - CP,PARTIT DELS SOCIALISTES DE CATALUNYA - CANDIDATURA DE PROGRÉS,03041905.DAT
Municipales,2019,05,04201905_MESA,003226,ERC-AM,18-ESQUERRA REPUBLICANA DE CATALUNYA-ACORD MUNICIPAL,03041905.DAT
Municipales,2019,05,04201905_MESA,003341,JxCAT-JUNTS,JUNTS PER CATALUNYA SANT JOAN DE VILATORRADA,03041905.DAT
Municipales,2019,05,04201905_MESA,002315,PSC-GELIDA-CP,PARTIT DELS SOCIALISTES DE CATALUNYA-GELIDA-CANDIDATURA DEL PROGRÉS,03041905.DAT
Municipales,2019,05,04201905_MESA,008016,PRIMÀRIES,PRIMÀRIES CATALUNYA,03041905.DAT
Municipales,2019,05,04201905_MESA,003599,PRIMÀRIES,PRIMARIES CANET DE MAR-PRIMARIES CATALUNYA,03041905.DAT
Municipales,2019,05,04201905_MESA,006169,PLIM,PLATAFORMA INDEPENDIENTE DE MENGIBAR,03041905.DAT
Municipales,2019,05,04201905_MESA,006627,IPV-JxCAT-JUNTS,INDEPENDENTS PER VALLFOGONA - JUNTS PER CATALUNYA,03041905.DAT
Municipales,2019,05,04201905_MESA,002831,PSC-UNITS-CP,25-PARTIT DELS SOCIALISTES DE CATALUNYA-UNITS PER OLÈRDOLA-CANDIDATURA DE PROGRÉS,03041905.DAT
Municipales,2019,05,04201905_MESA,002322,PSC- CP,PARTIT DELS SOCIALISTES DE CATALUNYA - CANDIDATURA DEL PROGRÈS,03041905.DAT
Municipales,2019,05,04201905_MESA,002445,ERC-AM,ESQUERRA REPUBLICANA DE CATALUNYA BERGA-ACORD MUNICIPAL,03041905.DAT
Municipales,2019,05,04201905_MESA,003977,P.AC,PLATAFORMA ABERTA CIDADÁ DE LALÍN,03041905.DAT
Municipales,2019,05,04201905_MESA,003687,JxCAT-JUNTS,JUNTS PER CATALUNYA-BEUDA,03041905.DAT
Municipales,2019,05,04201905_MESA,003108,PSC-CP,31-PARTIT DELS SOCIALISTES DE CATALUNYA-CANDIDATURA DE PROGRÉS,03041905.DAT
Municipales,2019,05,04201905_MESA,007396,ERC-AM,SOM MONTBUI- ESQUERRA REPUBLICANA DE CATALUNYA -ACORD MUNICIPAL,03041905.DAT
Municipales,2019,05,04201905_MESA,002335,CFi,CANVIEM FIGUERES - PLATAFORMA DE VEÏNS PEL CANVI,03041905.DAT
Municipales,2019,05,04201905_MESA,003690,JxCAT-JUNTS,JUNTS PER CATALUNYA-SANT JAUME DE LLIERCA,03041905.DAT
Municipales,2019,05,04201905_MESA,002587,PRIMÀRIES,La Ràpita per la República - Primàries Catalunya,03041905.DAT
Municipales,2019,05,04201905_MESA,001865,JxCat - JUNTS,JUNTS PER CATALUNYA,03041905.DAT
Municipales,2019,05,04201905_MESA,007373,JxCAT-JUNTS,JUNTS PER CATALUNYA-RIALP,03041905.DAT
Municipales,2019,05,04201905_MESA,003818,ERC - AM,ESQUERRA REPUBLICANA DE CATALUNYA- ACORD MUNICIPAL,03041905.DAT
Municipales,2019,05,04201905_MESA,006818,ERC?AM,ESQUERRA REPUBLICANA DE CATALUNYA-ACORD MUNICIPAL,03041905.DAT
Municipales,2019,05,04201905_MESA,006833,ERC? JpFV - AM,ESQUERRA REPUBLICANA DE CATALUNYA-JUNTS PER FONTCOBERTA I VILAVENUT-ACORD MUNICIPAL,03041905.DAT
Municipales,2019,05,04201905_MESA,001762,ERC -AM,ESQUERRA REPUBLICANA DE CATALUNYA,03041905.DAT
Municipales,2019,05,04201905_MESA,003332,JxCat - JUNTS,JUNTS PER CATALUNYA - BENAVENT DE SEGRIÀ,03041905.DAT
Municipales,2019,05,04201905_MESA,004271,PSC-CP,PARTIT DELS SOCIALISTES DE CATALUNYA- CANDIDATURA DE PROGRÉS,03041905.DAT
Municipales,2019,05,04201905_MESA,003658,UxSF-ERC-AM,UNITS PER SANT FELIU - ESQUERRA REPUBLICANA DE CATALUNYA - ACORD MUNICIPAL,03041905.DAT
Municipales,2019,05,04201905_MESA,002046,ERC - RodaRep - AM,ESQUERRA REPUBLICANA DE CATALUNYA-RODA REPUBLICANA - ACORD MUNICIPAL,03041905.DAT
Municipales,2019,05,04201905_MESA,006402,PSC-CP,PARTIT DELS SOCIALISTES DE CATALUNYA-CANDIDATURA DE PROGRÈS,03041905.DAT
Municipales,2019,05,04201905_MESA,002310,PSC-CP,PARTIT DELS SOCIALISTES DE CATALUNYA - CANDIDATURA DE PROGRÉS,03041905.DAT
Municipales,2019,05,04201905_MESA,006945,ERC  -  AM,Esquerra Republicana de Catalunya - Acord Municipal,03041905.DAT
Municipales,2019,05,04201905_MESA,004117,ERC-GIR-AM,ESQUERRA REPUBLICANA DE CATALUNYA-GRUP INDEPENDENT DE RIELLS I VIABREA-ACORD MUNICIPAL,03041905.DAT
Municipales,2019,05,04201905_MESA,007422,ERC - AM,ESQUERRA REPUBLICANA DE CATALUNYA -  ACORD MUNICIPAL,03041905.DAT
Municipales,2019,05,04201905_MESA,004866,JxCat - JUNTS,JUNTS PER CATALUNYA,03041905.DAT
Municipales,2019,05,04201905_MESA,002636,PSC-CP,PARTIT DELS SOCIALISTES DE CATALUNYA -CANDIDATURA DE PROGRES,03041905.DAT
Municipales,2019,05,04201905_MESA,003434,ERC-MES-AM,ESQUERRA REPUBLICANA DE CATALUNYA-MOVIMENT D'ESQUERRES-ACORD MUNICIPAL,03041905.DAT
Municipales,2019,05,04201905_MESA,005626,JxCAT-JUNTS,JUNTS PER CATALUNYA-SANT FELIU DE GUÍXOLS,03041905.DAT
Municipales,2019,05,04201905_MESA,006393,PSC-CP,PARTIT DELS SOCIALISTES DE CATALUNYA - CANDIDATURA DE PROGRES,03041905.DAT
Municipales,2019,05,04201905_MESA,001449,GBeC - ERC - Avancem - MES - AM,GUANYEM BADALONA EN COMÚ - ESQUERRA REPUBLICANA DE CATALUNYA- AVANCEM- MES- ACORD MUNICIPAL,03041905.DAT
Municipales,2019,05,04201905_MESA,001525,PRIMÀRIES,CANOVELLES PER LA INDEPENDÈNCIA-PRIMÀRIES CATALUNYA,03041905.DAT
Municipales,2019,05,04201905_MESA,007424,C-ERC - AM,Camprodon-Esquerra Republicana de Catalunya - Acord Municipal,03041905.DAT
Municipales,2019,05,04201905_MESA,006591,PV - VILLAR DE RENA,PLATAFORMA VECINAL. P.V.,03041905.DAT
Municipales,2019,05,04201905_MESA,007050,ERC-FM-AM,ESQUERRA REPUBLICANA DE CATALUNYA-FEM MUNICIPI ? ACORD MUNICIPAL,03041905.DAT
Municipales,2019,05,04201905_MESA,003457,JxCAT-JUNTS,JUNTS PER CATALUNYA-ELS PALLARESOS,03041905.DAT
Municipales,2019,05,04201905_MESA,007426,ERC- AM,ESQUERRA REPUBLICANA DE CATALUNYA - ACORD MUNICIPAL,03041905.DAT
Municipales,2019,05,04201905_MESA,003588,PRIMÀRIES ARENYS DE MAR-PRIMÀRIES CATALUNYA,PRIMÀRIES ARENYS DE MAR-PRIMÀRIES CATALUNYA,03041905.DAT
Municipales,2019,05,04201905_MESA,001780,ERC -JxSF-AM,ESQUERRA REPUBLICANA DE CATALUNYA-JUNTS PER SANT FOST-ACORD MUNICIPAL,03041905.DAT
Municipales,2019,05,04201905_MESA,003505,ERC - AM,ESQUERRA REPUBLICANA DE CATALUNYA- ACORD MUNICIPAL,03041905.DAT
Municipales,2019,05,04201905_MESA,005398,TSF-ERC-AM,ESQUERRA REPUBLICANA DE CATALUNYA,03041905.DAT
Municipales,2019,05,04201905_MESA,004908,PSC-CP,PARTIT DELS SOCIALISTES DE CATALUNYA-CANDIDATURA DE PROGRÉS,03041905.DAT
Municipales,2019,05,04201905_MESA,001790,JxCat - JUNTS,JUNTS PER CATALUNYA - BALENYÀ - ELS HOSTALETS,03041905.DAT
Municipales,2019,05,04201905_MESA,001333,PSC-MAPM-CP,PARTIT DELS SOCIALISTES DE CATALUNYA-MÉS ACCIÓ PER MARTORELLES-CANDIDATURA DE PROGRÉS,03041905.DAT
Municipales,2019,05,04201905_MESA,002748,PRIMÀRIES,GELIDA PER LA REPUBLICA - PRIMARIES CATALUNYA,03041905.DAT
Municipales,2019,05,04201905_MESA,002688,CANIT-IDC,CANET I TU-INDEPENDENTS DE CATALUNYA,03041905.DAT
Municipales,2019,05,04201905_MESA,002820,COL·LABOREM-ERC-AM,COL·LABOREM-ESQUERRA REPUBLICANA DE CATALUNYA-ACORD MUNICIPAL,03041905.DAT
Municipales,2019,05,04201905_MESA,001461,PRIMÀRIES,GRANOLLERS PER LA INDENPENDÈNCIA-PRIMÀRIES CATALUNYA,03041905.DAT
Municipales,2019,05,04201905_MESA,002235,PSC-CP,PARTIT DELS SOCIALISTES DE CATALUNYA - CANDIDATURA PROGRÉS,03041905.DAT
Municipales,2019,05,04201905_MESA,003686,JxCAT-JUNTS,JUNTS PER CATALUNYA - SANT JOAN LES FONTS,03041905.DAT
Municipales,2019,05,04201905_MESA,004893,JxCat,JUNTS PER CATALUNYA - TIANA,03041905.DAT
Municipales,2019,05,04201905_MESA,003668,ERC-+B-AM,ESQUERRA REPUBLICANA DE CATALUNYA - + BESALÚ - ACORD MUNICIPAL,03041905.DAT
Municipales,2019,05,04201905_MESA,002789,PRIMÀRIES,ENDAVANT TORÀ - PRIMÀRIES CATALUNYA,03041905.DAT
Municipales,2019,05,04201905_MESA,003891,ERC-AM,ESQUERRA REPUBLICANA DE CATALUNYA-ACORD MUNICIPAL,03041905.DAT
Municipales,2019,05,04201905_MESA,003544,PSC-MpSC-CP,PARTIT DELS SOCIALISTES DE CATALUNYA-MILLOR PER SANT CUGAT-CANDIDATURA,03041905.DAT
Municipales,2019,05,04201905_MESA,006882,JUNTS,JUNTS PER CATALUNYA,03041905.DAT
Municipales,2019,05,04201905_MESA,003106,PSC-CP,30-PARTIT DELS SOCIALISTES DE CATALUNYA-CANDIDATURA DE PROGRÉS,03041905.DAT
Municipales,2019,05,04201905_MESA,005831,JxCAT-JUNTS,JUNTS PER CATALUNYA-LES PRESES,03041905.DAT
Municipales,2019,05,04201905_MESA,003163,PRIMÀRIES,ENTESA PER RASQUERA - PRIMÀRIES CATALUNYA,03041905.DAT
Municipales,2019,05,04201905_MESA,005876,ERC-ARA-AM,ESQUERRA REPUBLICANA DE CATALUNYA-ARA-ACORD MUNICIPAL,03041905.DAT
Municipales,2019,05,04201905_MESA,005792,JxCat - JUNTS,JUNTS PER CATALUNYA,03041905.DAT
Municipales,2019,05,04201905_MESA,001672,ERC - AM - AM,ESQUERRA REPUBLICANA DE CATALUNYA-ACORD PEL MASNOU-ACORD MUNICIPAL,03041905.DAT
Municipales,2019,05,04201905_MESA,002753,ERC-AM,8-ESQUERRA REPUBLICANA DE CATALUNYA-ACORD MUNICIPAL,03041905.DAT
Municipales,2019,05,04201905_MESA,005246,ERC - AM,ESQUERRA REPUBLICANA DE CATALUNYA- ACORD MUNICIPAL,03041905.DAT
Municipales,2019,05,04201905_MESA,005277,JxCAT-JUNTS,JUNTS PER CATALUNYA A BARBERÀ DEL VALLÈS,03041905.DAT
Municipales,2019,05,04201905_MESA,002059,ERC - AM,ESQUERRA REPUBLICANA DE CATALUNYA-ACORD MUNICIPAL,03041905.DAT
Municipales,2019,05,04201905_MESA,002864,JxCAT-JUNTS,TOT PER CALDERS - JUNTS PER CATALUNYA,03041905.DAT
Municipales,2019,05,04201905_MESA,007468,JxCAT-JUNTS,JUNTS PER CATALUNYA - MANLLEU,03041905.DAT
Municipales,2019,05,04201905_MESA,006437,ERC -AM,ESQUERRA REPUBLICANA DE CATALUNYA-ACORD MUNICIPAL (ERC-AM),03041905.DAT
Municipales,2019,05,04201905_MESA,006305,JxCAT-JUNTS,JUNTS PER CATALUNYA-SALOMÓ,03041905.DAT
Municipales,2019,05,04201905_MESA,004291,JxCAT-JUNTS,JUNTS PER CATALUNYA-CERVELLO,03041905.DAT
Municipales,2019,05,04201905_MESA,006619,UNIC-FIC,UNIÓ D'INDEPENDENTS PER LA CONCA - FEDERACIÓ D'INDEPENDENTS DE CATALUNYA,03041905.DAT
Municipales,2019,05,04201905_MESA,003211,ERC-AM,17-ESQUERRA REPUBLICANA DE CATALUNYA-ACORD MUNICIPAL,03041905.DAT
Municipales,2019,05,04201905_MESA,004317,JxCAT-JUNTS,JUNTS PER CATALUNYA-BESALÚ,03041905.DAT
Municipales,2019,05,04201905_MESA,003101,IpM - ERC-AM,INDEPENDENTS PER MUNTANYOLA-ESQUERRA REPUBLICANA DE CATALUNYA - ACORD MUNICIPAL,03041905.DAT
Municipales,2019,05,04201905_MESA,001470,PCPC,PARTIT COMUNISTA DEL POBLE DE CATALUNYA,03041905.DAT
Municipales,2019,05,04201905_MESA,001840,PSC- CP,PARTIT DELS SOCIALISTES DE CATALUNYA - CANDIDATURA DE PROGRÈS,03041905.DAT
Municipales,2019,05,04201905_MESA,006614,EF-FIC,ENTESA PER FIGUEROLA - FEDERACIÓ D'INDEPENDENTS DE CATALUNYA,03041905.DAT
Municipales,2019,05,04201905_MESA,003914,PSC-CP,PARTIT DELS SOCIALISTES DE CATALUNYA-CANDIDATURA DE PROGRÉS,03041905.DAT
Municipales,2019,05,04201905_MESA,004700,JxCAT-JUNTS,JUNTS PER CATALUNYA - TEIÀ,03041905.DAT
Municipales,2019,05,04201905_MESA,003441,PRIMÀRIES,TERRASSA PER LA REPÚBLICA - PRIMÀRIES CATALUNYA,03041905.DAT
Municipales,2019,05,04201905_MESA,002290,JPMM - JUNTS,JUNTS PER CATALUNYA - MONTORNÉS I MAS DE BONDIA,03041905.DAT
Municipales,2019,05,04201905_MESA,001268,ERC-AM,Esquerra Republicana de Catalunya - Acord Municipal,03041905.DAT
Municipales,2019,05,04201905_MESA,004929,SOM-BND,SOMOS BENIDORM plataforma vecinal,03041905.DAT
Municipales,2019,05,04201905_MESA,001702,ERC - MES - AM,ESQUERRA REPUBLICANA DE CATALUNYA - MOVIMENT D'ESQUERRES - ACORD MUNICIPAL,03041905.DAT
Municipales,2019,05,04201905_MESA,006772,ERC-AM,ESQUERRA REPUBLICANA DE CATALUNYA ? ACORD MUNICIPAL,03041905.DAT
Municipales,2019,05,04201905_MESA,002418,ERC- AM,Esquerra Republicana de Catalunya - Acord Municipal,03041905.DAT
Municipales,2019,05,04201905_MESA,002285,PSC - CP,PARTIT DELS SOCIALISTES DE CATALUNYA-CANDIDATURA DEL PROGRÈS,03041905.DAT
Municipales,2019,05,04201905_MESA,002188,ERC-AM,Esquerra Republicana de Catalunya - Acord Municipal,03041905.DAT
Municipales,2019,05,04201905_MESA,002547,ERC-AM,7-ESQUERRA REPUBLICANA DE CATALUNYA-ACORD MUNICIPAL,03041905.DAT
Municipales,2019,05,04201905_MESA,002984,PSC,PARTIT DELS SOCIALISTES DE CATALUNYA (PSC-PSOE) - CANDIDATURA DE PROGRÉS,03041905.DAT
Municipales,2019,05,04201905_MESA,003825,JxCAT-JUNTS,JUNTS PER CATALUNYA - LES PLANES D ´HOSTOLES,03041905.DAT
Municipales,2019,05,04201905_MESA,004041,PSC-CP,PARTIT DELS SOCIALISTES DE CATALUNYA - CANDIDATURA DE POGRÉS,03041905.DAT
Municipales,2019,05,04201905_MESA,005243,PSC-CP,PARTIT DELS SOCIALISTES DE CATALUNYA (PSC-PSOE),03041905.DAT
Municipales,2019,05,04201905_MESA,006617,UPS-FIC,UNITS PER SARRAL - FEDERACIÓ D'INDEPENDENTS DE CATALUNYA (FIC),03041905.DAT
Municipales,2019,05,04201905_MESA,005865,JxCat - JUNTS,JUNTS PER CATALUNYA-RIPOLLET,03041905.DAT
Municipales,2019,05,04201905_MESA,006618,CSC-FIC,COMPROMIS PER SANTA COLOMA - FEDERACIÓ D'INDEPENDENTS DE CATALUNYA,03041905.DAT
Municipales,2019,05,04201905_MESA,001404,ERC-MES-AM,ESQUERRA REPUBLICANA DE CATALUNYA-MOVIMENT D'ESQUERRES-ACORD MUNICIPAL,03041905.DAT
Municipales,2019,05,04201905_MESA,002488,PRIMÀRIES,CENTELLES PER LA REPÚBLICA - PRIMÀRIES CATALUNYA,03041905.DAT
Municipales,2019,05,04201905_MESA,003472,JxCAT-JUNTS,JUNTS PER CATALUNYA- SANT JUST DESVERN ALCALDIA REPUBLICANA,03041905.DAT
Municipales,2019,05,04201905_MESA,004082,PSC - CP,PARTIT DELS SOCIALISTES DE CATALUNYA  - CANDIDATURA DE PROGRÉS,03041905.DAT
Municipales,2019,05,04201905_MESA,006436,ERC - AM,ESQUERRA REPUBLICANA DE CATALUNYA-ACORD MUNICIPAL (ERC-AM),03041905.DAT
Municipales,2019,05,04201905_MESA,003669,ERC-AM,Esquerra Republicana de Catalunya - Acord Municipal,03041905.DAT
Municipales,2019,05,04201905_MESA,006330,PSC-CP,PARTIT DELS SOCIALISTES DE CATALUNYA-CANDIDATURA DE PROGRÉS,03041905.DAT
Municipales,2019,05,04201905_MESA,004567,EN MARXA-JXCAT-JUNTS,EN MARXA-JUNTS PER CATALUNYA,03041905.DAT
Municipales,2019,05,04201905_MESA,004925,ERC / AM,ESQUERRA REPUBLICANA DE CATALUNYA-ACORD MUNICIPAL,03041905.DAT
Municipales,2019,05,04201905_MESA,003568,JxCAT-JUNTS,JUNTS PER CATALUNYA-SANT MARTÍ D'ALBARS,03041905.DAT
Municipales,2019,05,04201905_MESA,002292,PSC-SVH en + - CP,PARTIT DELS SOCIALISTES DE CATALUNYA - SANT VICENÇ EN POSITIU - CANDIDATURA DEL PROGRÉS,03041905.DAT
Municipales,2019,05,04201905_MESA,001758,ERC-AM,ARA PARETS ESQUERRA REPUBLICANA DE CATALUNYA-ACORD MUNICIPAL,03041905.DAT
Municipales,2019,05,04201905_MESA,005362,JxCAT-JUNTS,JUNTS PER CATALUNYA SANT CELONI I LA BATLLÒRIA,03041905.DAT
Municipales,2019,05,04201905_MESA,004201,IA - FIC,INDEPENDENTS ASCÓ (IA) - FEDERACIO D'INDEPENDENTS DE CATALUNYA (FIC),03041905.DAT
Municipales,2019,05,04201905_MESA,001736,ERC -ACORD- AM,ESQUERRA REPUBLICANA DE CATALUNYA-ACORD  INDEPENDENTISTA PER LA GARRIGA -ACORD MUNICIPAL,03041905.DAT
Municipales,2019,05,04201905_MESA,008005,IDC,INDEPENDENTS DE CATALUNYA (Barcelona),03041905.DAT
Municipales,2019,05,04201905_MESA,002797,JxCAT-JUNTS,JUNTS PER CATALUNYA ULLASTRELL,03041905.DAT
Municipales,2019,05,04201905_MESA,002348,FP - ERC - AM,FEM POBLE- ESQUERRA REPUBLICANA DE CATALUNYA - ACORD MUNICIPAL,03041905.DAT
Municipales,2019,05,04201905_MESA,001454,ERC + BCN - NOVA - AM,ESQUERRA REPUBLICANA DE CATALUNYA - ERNEST MARAGALL ALCALDE + BCN - NOVA - ACORD MUNICIPAL,03041905.DAT
Municipales,2019,05,04201905_MESA,001880,ERC - GxVdM - AM,ESQUERRA REPUBLICANA DE CATALUNYA-GENT PER VILASSAR DE MAR-ACORD MUNICIPAL,03041905.DAT
Municipales,2019,05,04201905_MESA,006903,ERC? AM,ESQUERRA REPUBLICANA DE CATALUNYA ? ACORD MUNICIPAL,03041905.DAT
Municipales,2019,05,04201905_MESA,006885,PSC-CP,PARTIT DELS SOCIALISTES DE CATALUNYA ? CANDIDATURA DE PROGRÉS,03041905.DAT
Municipales,2019,05,04201905_MESA,006993,JLL-ERC-AM,JUNTAS  PER  LA LLACUNA -ESQUERRA REPUBLICANA DE CATALUNYA -ACORD MUNICIPAL,03041905.DAT
Municipales,2019,05,04201905_MESA,001289,OLÓ SOM TOTS-ERC-AM,OLÓ SOM TOTS-ESQUERRA REPUBLICANA DE CATALUNYA-ACORD MUNICIPAL,03041905.DAT
Municipales,2019,05,04201905_MESA,005071,PSC-JpS-CP,PARTIT DEL SOCIALISTES DE CATALUNYA-JUNTS PER LA SELVA-CANDIDATURA DE PROGRÉS,03041905.DAT
Municipales,2019,05,04201905_MESA,006768,JXAIGUAVIVA-IDC,JUNTS PER AIGUAVIVA - INDEPENDENTS DE CATALUNYA,03041905.DAT
Municipales,2019,05,04201905_MESA,002959,AP-PSC-CP,ALELLA PRIMER-PARTIT DELS SOCIALISTES DE CATALUNYA-CANDIDATURA DE PROGRÈS,03041905.DAT
Municipales,2019,05,04201905_MESA,005625,PSC - CP,PARTIT DELS SOCIALISTES DE CATALUNYA - CANDIDATURA DE PROGRÉS,03041905.DAT
Municipales,2019,05,04201905_MESA,002869,ERC-AM,14-ESQUERRA REPUBLICANA DE CATALUNYA-ACORD MUNICIPAL,03041905.DAT
Municipales,2019,05,04201905_MESA,007416,ERC ? AM,ESQUERRA REPUBLICANA DE CATALUNYA ? ACORD MUNICIPAL,03041905.DAT
Municipales,2019,05,04201905_MESA,005810,JxCat - JUNTS,SEMPRE PER BEGUR I ESCLANYA - JUNTS PER CATALUNYA,03041905.DAT
Municipales,2019,05,04201905_MESA,001698,PSC-CP,PARTIT DELS SOCIALISTES DE CATALUNYA -CANDIDATURA DE PROGRÉS,03041905.DAT
Municipales,2019,05,04201905_MESA,002739,PSC-CP,23-PARTIT DELS SOCIALISTES DE CATALUNYA-CANDIDATURA DE PROGRÉS,03041905.DAT
Municipales,2019,05,04201905_MESA,002808,ERC-AM,10-ESQUERRA REPUBLICANA DE CATALUNYA-ACORD MUNICIPAL,03041905.DAT
Municipales,2019,05,04201905_MESA,004821,PSC-CP,PARTIT DELS SOCIALISTES DE CATALUNYA-CANDIDATURA DE PROGRÈS,03041905.DAT
Municipales,2019,05,04201905_MESA,005172,JUNTS,JUNTS PER CATALUNYA-SANT CEBRIÀ,03041905.DAT
Municipales,2019,05,04201905_MESA,002655,SOM DE CASTELLAR-PSC-CP,SOM DE CASTELLAR-PARTIT DELS SOCIALISTES DE CATALUNYA-CANDIDATURA DE PROGRÉS,03041905.DAT
Municipales,2019,05,04201905_MESA,006965,FU-ERC-AM,FLAÇÀ VIU-ESQUERRA REPUBLICANA DE CATALUNYA-ACORD MUNICIPAL,03041905.DAT
Municipales,2019,05,04201905_MESA,001663,ERC - AM,ESQUERRA  REPUBLICANA DE  CATALUNYA ACORD - ACORD MUNICPAL,03041905.DAT
Municipales,2019,05,04201905_MESA,001024,IXT-ERC-AM,INDEPENDENTS PER TARROJA-ESQUERRA REPUBLICANA DE CATALUNYA-ACORD MUNICIPAL,03041905.DAT
Municipales,2019,05,04201905_MESA,001772,ERC-AC,ESQUERRA REPUBLICANA DE CATALUNYA-ACORD MUNICIPAL,03041905.DAT
Municipales,2019,05,04201905_MESA,001220,PAÑ,PLATAFORMA Ñ,03041905.DAT
Municipales,2019,05,04201905_MESA,002895,ERC - JpT - AM,ESQUERRA REPUBLICANA DE CATALUNYA-JUNTS PER TORELLÓ-ACORD MUNICIPAL,03041905.DAT
Municipales,2019,05,04201905_MESA,001503,P.C.P.B.,PLATAFORMA CIUTADANA PER BARBERA,03041905.DAT
Municipales,2019,05,04201905_MESA,006615,EV-FIC,ESQUERRA DE VILABELLA - FEDERACIÓ D'INDEPENDENTS DE CATALUNYA,03041905.DAT
Municipales,2019,05,04201905_MESA,005774,JxCat - JUNTS,JUNTS PER CATALUNYA - FOIXÀ LA SALA I SANT LLORENÇ D'ARENES,03041905.DAT
Municipales,2019,05,04201905_MESA,002281,GPC-FIC,GENT PEL CANVI -FEDERACIÓ D'INDEPENDENTS DE CATALUNYA,03041905.DAT
Municipales,2019,05,04201905_MESA,006876,GENT de L?Escala-IDC,GENT DE L?ESCALA-INDEPENDENTS DE CATALUNYA,03041905.DAT
Municipales,2019,05,04201905_MESA,001487,AeP - ERC - AM,L'ALDEA EN POSITIU - ESQUERRA REPUBLICANA DE CATALUNYA - ACORD MUNICIPAL,03041905.DAT
Municipales,2019,05,04201905_MESA,005073,PSC-CP,PARTIT DELS SOCIALISTES DE CATALUNYA -CANDIDATURA DE PROGRÉS,03041905.DAT
Municipales,2019,05,04201905_MESA,006771,JUNTS,JUNTS PER CATALUNYA,03041905.DAT
Municipales,2019,05,04201905_MESA,001894,P.I.N.,PLATAFORMA INDEPENDIENTE POR LOS NAVALUCILLOS,03041905.DAT
Municipales,2019,05,04201905_MESA,004870,UA-PSC-CP,UNITAT D'ARAN-PARTIT DELS SOCIALISTES DE CATALUNYA-CANDIDATURA DE PROGRÉS,03041905.DAT
Municipales,2019,05,04201905_MESA,002584,SOM MEDIONA-ERC-AM,4-SOM MEDIONA-ESQUERRA REPUBLICANA DE CATALUNYA-ACORD MUNICIPAL,03041905.DAT
Municipales,2019,05,04201905_MUNI,003405,JxCAT-JUNTS,JUNTS PER CATALUNYA CASTELLBISBAL,03041905.DAT
Municipales,2019,05,04201905_MUNI,006983,PUC-AM,PLATAFORMA UNITS PER CASTELLOLÍ - ACORD MUNICIPAL,03041905.DAT
Municipales,2019,05,04201905_MUNI,001019,ERC-AM,ESQUERRA REPUBLICANA DE CATALUNYA -ACORD MUNICIAL,03041905.DAT
Municipales,2019,05,04201905_MUNI,006921,JxCAT-JUNTS,JUNTS PER CATALUNYA-SERINYÀ,03041905.DAT
Municipales,2019,05,04201905_MUNI,002595,ERC - CxV - AM,ESQUERRA REPUBLICANA DE CATALUNYA- COMPROMÍS PER VALLS-ACORD MUNICIPAL,03041905.DAT
Municipales,2019,05,04201905_MUNI,007348,ERC-PD-AM,ESQUERRA REPUBLICANA DE CATALUNYA-PALAU DECIDEIX-ACORD MUNICIPAL,03041905.DAT
Municipales,2019,05,04201905_MUNI,002223,PRIMÀRIES,VILASSAR DE MAR PER LA REPÚBLICA - PRIMÀRIES CATALUNYA,03041905.DAT
Municipales,2019,05,04201905_MUNI,002944,MRI-ERC-AM,MASIES DE RODA INDEPENDENT-ESQUERRA REPUBLICANA DE CATALUNYA-ACORD MUNICIPAL,03041905.DAT
Municipales,2019,05,04201905_MUNI,005545,PVNM,PLATAFORMA VECINAL NAVALAFUENTE MEJOR,03041905.DAT
Municipales,2019,05,04201905_MUNI,006900,JxCAT ? JUNTS,JUNTS PER CATALUNYA-L?ESCALA,03041905.DAT
Municipales,2019,05,04201905_MUNI,006507,JxCat - JUNTS,JUNTS PER CATALUNYA - SANT VICENÇ DELS HORTS,03041905.DAT
Municipales,2019,05,04201905_MUNI,001514,IFP - ERC - AM,Implicats fem poble - ESQUERRA REPUBLICANA DE CATALUNYA - Acord Municipal,03041905.DAT
Municipales,2019,05,04201905_MUNI,005797,JUNTS,JUNTS PER CATALUNYA - SANT QUIRZE,03041905.DAT
Municipales,2019,05,04201905_MUNI,005489,ERC  - AM,ESQUERRA REPUBLICANA DE CATALUNYA -ACORD MUNICIPAL,03041905.DAT
Municipales,2019,05,04201905_MUNI,006935,ERC-AM,ESQUERRA REPUBLICANA DE CATALUNYA-JUNTS PER VILADEMULS-ACORD MUNICIPAL,03041905.DAT
Municipales,2019,05,04201905_MUNI,006374,ERC-AM,ESQUERRA REPUBLICANA DE CATALUNYA-ACORD MUNICIPAL (ERC-AM),03041905.DAT
Municipales,2019,05,04201905_MUNI,003665,ST-ERC-AM,SOM TORTELLÀ - ESQUERRA REPUBLICANA DE CATALUNYA - ACORD MUNICIPAL,03041905.DAT
Municipales,2019,05,04201905_MUNI,002781,JxCAT-JUNTS,JUNTS PER CATALUNYA-ABRERA,03041905.DAT
Municipales,2019,05,04201905_MUNI,006301,JxCAT-JUNTS,JUNTS PER CATALUNYA-TORREDEMBARRA-Jxcat-junts,03041905.DAT
Municipales,2019,05,04201905_MUNI,002509,PSC - CP,PARTIT DELS SOCIALISTES DE CATALUNYA - CANDIDATURA DE PROGRÉS,03041905.DAT
Municipales,2019,05,04201905_MUNI,001976,PRIMÀRIES,PRIMÀRIES PREMIÀ DE MAR-PRIMÀRIES CATALUNYA,03041905.DAT
Municipales,2019,05,04201905_MUNI,002965,F.I.C.,ENDAVANT TOSSA-FEDERACIO D'INDEPENDENTS DE CATALUNYA,03041905.DAT
Municipales,2019,05,04201905_MUNI,004823,UA-PSC-CP,UNITAT D'ARAN-PARTIT DELS SOCIALISTES-DE CATALUNYA-CANDIDATURA DE PROGRÉS,03041905.DAT
Municipales,2019,05,04201905_MUNI,002446,JxCat - JUNTS,JUNTS PER CATALUNYA-CASTELLTERÇOL,03041905.DAT
Municipales,2019,05,04201905_MUNI,006707,PSC-CP,PARTIT DELS SOCIALISTES DE CATALUNYA- CANDIDATURA DE PROGRÉS,03041905.DAT
Municipales,2019,05,04201905_MUNI,002382,ERC - SUMEN- MES- AM,ESQUERRA REPUBLICANA DE CATALUNYA -SUMEM MOVIMENT D'ESQUERRES- ACORD MUNICIPAL,03041905.DAT
Municipales,2019,05,04201905_MUNI,002935,ERC - AM,ESQUERRA REPUBLICANA DE CATALUNYA-ACORD MUNICIPAL,03041905.DAT
Municipales,2019,05,04201905_MUNI,005164,PSC-CP,PARTIT DEL SOCIALISTES DE CATALUNYA-CANDIDATURA DE PROGRÉS,03041905.DAT
Municipales,2019,05,04201905_MUNI,003033,JxCAT-JUNTS,JUNTS PER CATALUNYA - VILANOVA DE SAU,03041905.DAT
Municipales,2019,05,04201905_MUNI,003231,CAT EN COMU-SAB-ECG,CATALUNYA EN COMÚ SANT ANDREU DE LA BARCA- EN COMÚ GUANYEM,03041905.DAT
Municipales,2019,05,04201905_MUNI,001481,PSC - CP,PARTIT DELS SOCIALISTES DE CATALUNYA - CANDIDATURA DE PROGRÉS,03041905.DAT
Municipales,2019,05,04201905_MUNI,002443,ERC - MES - AM,ESQUERRA REPUBLICANA DE CATALUNYA - MOVIMENT D'ESQUERRES - ACORD MUNICIPAL,03041905.DAT
Municipales,2019,05,04201905_MUNI,006597,IQ-FIC,INDEPENDENTS PER QUEROL- FEDERACIÓ D'INDEPENDENTS DE CATALUNYA,03041905.DAT
Municipales,2019,05,04201905_MUNI,004796,SOM-HI - FIC,SOM-HI L'ALEIXAR - FEDERACIO D'INDEPENDENTS DE CATALUNYA,03041905.DAT
Municipales,2019,05,04201905_MUNI,001857,PRIMÀRIES,PRIMÀRIES LLEIDA - PRIMÀRIES CATALUNYA,03041905.DAT
Municipales,2019,05,04201905_MUNI,003394,VIT-FIC,71-VEÏNS INDEPENDENTS DE TORRELAVIT - FEDERACIO D'INDEPENDENTS DE CATALUNYA-FIC,03041905.DAT
Municipales,2019,05,04201905_MUNI,002349,IxS - ERC - AM,INDEPENDENTS PER SANAÜJA - ESQUERRA REPUBLICANA DE CATALUNYA - ACORD MUNICIPAL,03041905.DAT
Municipales,2019,05,04201905_MUNI,004394,AUP-FIC,AGRUPACIÓ UNITS pel PALAU-FEDERACIÓ D'INDEPENDENTS DE CATALUNYA,03041905.DAT
Municipales,2019,05,04201905_MUNI,002556,#MotrilDICE,#MotrilDICE (Plataforma Ciudadana #MotrilDICE),03041905.DAT
Municipales,2019,05,04201905_MUNI,003162,JxCat - JUNTS,JUNTS PER CATALUNYA - SANTA COLOMA,03041905.DAT
Municipales,2019,05,04201905_MUNI,001787,MxV-ERC-AM,MES PER VALLROMANES-ESQUERRA REPUBLICANA DE CATALUNYA-ACORD MUNICIPAL,03041905.DAT
Municipales,2019,05,04201905_MUNI,001826,ERC -AM,Esquerra Republicana de Catalunya - Acord Municipal,03041905.DAT
Municipales,2019,05,04201905_MUNI,001351,PSC-CP,PARTIT DELS SOCIALISTES DE CATALUNYA-CANDIDATURA DE PROGRÉS (PSC-PSOE),03041905.DAT
Municipales,2019,05,04201905_MUNI,003793,JxCAT-JUNTS,JUNTS PER CATALUNYA - LA VALL D´ EN BAS,03041905.DAT
Municipales,2019,05,04201905_MUNI,006649,ERC-AM,ESQUERRA REPUBLICANA DE CATALUNYA-ACORD MUNICIPAL,03041905.DAT
Municipales,2019,05,04201905_MUNI,001331,PSC-CP,PARTIT DELS SOCIALISTES DE CATALUNYA- CANDIDATURA DE PROGRÉS,03041905.DAT
Municipales,2019,05,04201905_MUNI,004745,FIC,FEDERACIO D'INDEPENDENTS DE CATALUNYA,03041905.DAT
Municipales,2019,05,04201905_MUNI,006814,ERC-AM,ESQUERRA REPUBLICANA DE CATALUNYA ? ACORD MUNICIPAL,03041905.DAT
Municipales,2019,05,04201905_MUNI,006728,ERC-AM,ESQUERRA REPUBLICANA DE CATALUNYA - ACORD MUNICIPAL,03041905.DAT
Municipales,2019,05,04201905_MUNI,004626,JxCAT-JUNTS,JUNTS PER CATALUNYA,03041905.DAT
Municipales,2019,05,04201905_MUNI,002886,ERC-AM,15-ESQUERRA REPUBLICANA DE CATALUNYA-ACORD MUNICIPAL,03041905.DAT
Municipales,2019,05,04201905_MUNI,001813,CaT - ERC - AM,COMPROMÍS AMB TEIÀ - ESQUERRA REPUBLICANA DE CATALUNYA - ACORD MUNICIPAL,03041905.DAT
Municipales,2019,05,04201905_MUNI,001251,PSC-CP,PARTIT  DELS SOCIALISTES DE CATALUNYA - CANDIDATURA DE PROGRÉS,03041905.DAT
Municipales,2019,05,04201905_MUNI,004287,ERC-JuntsxPineda-AM,ESQUERRA REPUBLICANA DE CATALUNYA-JUNTS PER PINEDA-ACORD MUNICIPAL,03041905.DAT
Municipales,2019,05,04201905_MUNI,004696,VST-ERC-AM,VIDRERES SOM TOTS-ESQUERRA REPUBLICANA DE CATALUNYA-ACORD MUNICIPAL,03041905.DAT
Municipales,2019,05,04201905_MUNI,005642,ERC-SEE-AM,ESQUERRA REPUBLICANA DE CATALUNYA-SANTA SUSANNA ENDAVANT- ACORD MUNICIPAL,03041905.DAT
Municipales,2019,05,04201905_MUNI,002068,PSC - CP,PARTIT DELS SOCIALISTES DE CATALUNYA (PSC-PSOE) - CANIDATURA DE PROGRÉS,03041905.DAT
Municipales,2019,05,04201905_MUNI,005151,JxCat - JUNTS,JUNTS PER CATALUNYA - REGENCÓS,03041905.DAT
Municipales,2019,05,04201905_MUNI,005736,PRIMÀRIES,FRONT L'H-PRIMÀRIES CATALUNYA,03041905.DAT
Municipales,2019,05,04201905_MUNI,002557,PSC - CP,PARTIT DELS SOCIALISTES DE CATALUNYA - CANDIDATURA DE PROGÉS,03041905.DAT
Municipales,2019,05,04201905_MUNI,005708,JxP - ERC - AM,JUNTS X PALS -ESQUERRA REPUBLICANA DE CATALUNYA - ACORD MUNICIPAL,03041905.DAT
Municipales,2019,05,04201905_MUNI,006703,JUNTS,JUNTS PER CATALUNYA-FEM COPONS,03041905.DAT
Municipales,2019,05,04201905_MUNI,006916,JxCAT-JUNTS,JUNTS PER CATALUNYA-SANT JULIÀ DE RAMÍS MEDINYÀ,03041905.DAT
Municipales,2019,05,04201905_MUNI,007412,ERC - AM,ESQUERRA REPUBLICANA DE CATALUNYA ? ACORD MUNICIPAL,03041905.DAT
Municipales,2019,05,04201905_MUNI,006949,ERC-AM,ESQUERRA REPUBLICANA DE CATALUNYA-ACORD MUNICIPAL,03041905.DAT
Municipales,2019,05,04201905_MUNI,001770,ERC-AM,INDEPENDENTS-ESQUERRA REPUBLICANA DE CATALUNYA - ACORD MUNICIPAL,03041905.DAT
Municipales,2019,05,04201905_MUNI,005458,PSC-CP,PARTIT DELS SOCIALISTES DE CATALUNYA-CANDIDATURA DE PROGRÉS (PSC-CP),03041905.DAT
Municipales,2019,05,04201905_MUNI,006726,ERC-AM,ESQUERRA REPUBLICANA DE CATALUNYA.ACORD MUNICIPAL,03041905.DAT
Municipales,2019,05,04201905_MUNI,003214,JxCat - JUNTS,JUNTS PER CATALUNYA - SANT ADRIÀ,03041905.DAT
Municipales,2019,05,04201905_MUNI,001546,PIQ,PLATAFORMA INDEPENDIENTE DE QUENTAR,03041905.DAT
Municipales,2019,05,04201905_MUNI,001328,JUNTS-ERC-AM,"JUNTS PER CANET, FALS, CAMPS I FONOLLOSA - ESQUERRA REPUBLICANA DE CATALUNYA - ACORD MUNICIPAL",03041905.DAT
Municipales,2019,05,04201905_MUNI,005900,Junts - ERC - AM,JUNTS PER SANT QUIRZE-ESQUERRA REPUBLICANA DE CATALUNYA-ACORD MUNICIPAL,03041905.DAT
Municipales,2019,05,04201905_MUNI,007045,ERC / ESQUERRA,ESQUERRA REPUBLICANA DE CATALUNYA-ACORD MUNICIPAL,03041905.DAT
Municipales,2019,05,04201905_MUNI,007452,IpO-ERC - AM,INDEPENDENTS PER OGASSA-ESQUERRA REPUBLICANA DE CATALUNYA - ACORD MUNICIPAL,03041905.DAT
Municipales,2019,05,04201905_MUNI,005038,PSC-CP,PARTIT DELS SOCIALISTES DE CATALUNYA-CANDIDATURA DE PROGRÉS,03041905.DAT
Municipales,2019,05,04201905_MUNI,001510,MD - ERC - AM,MÉS DELTEBRE - ESQUERRA REPUBLICANA DE CATALUNYA - ACORD MUNICIPAL,03041905.DAT
Municipales,2019,05,04201905_MUNI,005671,ERC-INDEPENDENTS-AM,ESQUERRA REPUBLICANA DE CATALUNYA-INDEPENDENTS-ACORD MUNICIPAL,03041905.DAT
Municipales,2019,05,04201905_MUNI,002358,JxCAT-JUNTS,JUNTS PER CATALUNYA VILANOVA I LA  GELTRÚ,03041905.DAT
Municipales,2019,05,04201905_MUNI,001979,ERC -AM,Esquerra Republicana de Catalunya - Acord Municipal,03041905.DAT
Municipales,2019,05,04201905_MUNI,002979,PSC-CP,PARTIT DELS SOCIALISTES DE CATALUNYA - UNITS PER PREMIÀ DE MAR - CANDIDATURA DE PROGRÉS,03041905.DAT
Municipales,2019,05,04201905_MUNI,004352,ERC-AM,ESQUERRA REPUBLICANA DE CATALUNYA-ACORD MUNICIPAL,03041905.DAT
Municipales,2019,05,04201905_MUNI,005702,ERC-AM,ESQUERRA REPUBLICANA DE CATALUNYA,03041905.DAT
Municipales,2019,05,04201905_MUNI,004946,PSC-CP,PARTIT DELS SOCIALISTES DE CATALUNYA-CANDIODATURA DE PROGRÉS,03041905.DAT
Municipales,2019,05,04201905_MUNI,002138,PSC-EPR-CP,PARTIT DELS SOCIALISTES DE CATALUNYA-ESQUERRA PER ROQUETES-CANDIDATURA DE PROGRÉS,03041905.DAT
Municipales,2019,05,04201905_MUNI,001108,ERC -AM,ESQUERRA REPUBLICANA DE CATALUNYA-ACORD MUNICIPAL,03041905.DAT
Municipales,2019,05,04201905_MUNI,003629,CPF - ERC - AM,CALLDETENES PRESENT I FUTUR-ESQUERRA REPUBLICANA DE CATALUNYA-ACORD MUNICIPAL,03041905.DAT
Municipales,2019,05,04201905_MUNI,006943,PSC- CP,PARTIT DELS SOCIALISTES DE CATALUNYA ? CANDIDATURES DEL PROGRÉS,03041905.DAT
Municipales,2019,05,04201905_MUNI,007374,FEM-VIU-ERC-AM,FEM MUNICIPI-VIU RIALP-ESQUERRA REPUBLICANA DE CATALUNYA- ACORD MUNICI,03041905.DAT
Municipales,2019,05,04201905_MUNI,008006,IDC,INDEPENDENTS DE CATALUNYA (Gerona),03041905.DAT
Municipales,2019,05,04201905_MUNI,006616,MXC-FIC,MILANENCS PEL CANVI - FEDERACIÓ D'INDEPENDENTS DE CATALUNYA,03041905.DAT
Municipales,2019,05,04201905_MUNI,001457,ERC - AM,Esquerra Republicana de Catalunya - Acord Municipal,03041905.DAT
Municipales,2019,05,04201905_MUNI,003031,PSC -CP,PARTIT DELS SOCIALISTES DE CATALUNYA - CANDIDATURA DE PROGRÉS,03041905.DAT
Municipales,2019,05,04201905_MUNI,002857,ERC-AM,13-ESQUERRA REPUBLICANA DE CATALUNYA-ACORD MUNICIPAL,03041905.DAT
Municipales,2019,05,04201905_MUNI,003412,PSC-CP,PARTIT DELS SOCIALISTES DE CATALUNYA - CANDIDATURA DE PROGRES,03041905.DAT
Municipales,2019,05,04201905_MUNI,006192,ERC - AM,ESQUERRA REPUBLICANA DE CATALUNYA,03041905.DAT
Municipales,2019,05,04201905_MUNI,006430,ERC - AM,ESQUERRA REPUBLICANA DE CATALUNYA-ACORD MUNICIPAL (ERC-AM),03041905.DAT
Municipales,2019,05,04201905_MUNI,006821,CpC ? ERC ? AM,COMPROMÍS PER CORNELLÀ-ESQUERRA REPUBLICANA DE CATALUNYA ? ACORD MUNICIPAL,03041905.DAT
Municipales,2019,05,04201905_MUNI,005389,P.P.SO.,PLATAFORMA DEL PUEBLO SORIANO,03041905.DAT
Municipales,2019,05,04201905_MUNI,003883,ERC-AM,ESQUERRA REPUBLICANA DE CATALUNYA-ACORD MUNICIPAL,03041905.DAT
Municipales,2019,05,04201905_MUNI,002914,JxCAT-JUNTS,JUNTS PER CATALUNYA-TORELLÓ,03041905.DAT
Municipales,2019,05,04201905_MUNI,006095,PRIMÀRIES,PALAU-SOLITÀ I PLEGAMANS PER LA REPÚBLICA - PRIMÀRIES CATALUNYA,03041905.DAT
Municipales,2019,05,04201905_MUNI,002719,PRIMÀRIES,AIXEQUEM FIGUERES - PRIMÀRIES CATALUNYA,03041905.DAT
Municipales,2019,05,04201905_MUNI,006307,AVP-FIC,FEDERACIO D'INDEPENDENTS DE CATALUNYA- AGRUPACIO VEINAL PLATGES (AVP),03041905.DAT
Municipales,2019,05,04201905_MUNI,006942,ERC? AM,ESQUERRA REPUBLICANA DE CATALUNYA ? ACORD MUNICIPAL,03041905.DAT
Municipales,2019,05,04201905_MUNI,001234,PSC-BIRSÍP-CP,PARTIT DELS SOCALISTES DE CATALUNYA-BIGUES I RIELLS SI PUEDE- CANDIDATURA DE PROGRÉS,03041905.DAT
Municipales,2019,05,04201905_MUNI,006816,FC ? ERC ? AM,FEM CELRÀ-ESQUERRA REPUBLICANA DE CATALUNYA-ACORD MUNICIPAL,03041905.DAT
Municipales,2019,05,04201905_MUNI,001549,PSC-CP,PARTIT DELS SOCIALISTES DE CATALUNYA -CANDIDATURA DE PROGRÉS,03041905.DAT
Municipales,2019,05,04201905_MUNI,004030,ERC -AM,Esquerra Republicana de Catalunya - Acord Municipal,03041905.DAT
Municipales,2019,05,04201905_MUNI,005291,PCPC,PARTIT COMUNISTA DEL POBLE DE CATALUNYA (PCPC),03041905.DAT
Municipales,2019,05,04201905_MUNI,001981,DEMÒCRATES,DEMÒCRATES DE CATALUNYA,03041905.DAT
Municipales,2019,05,04201905_MUNI,007206,P.D.L.,PLATAFORMA DE LERÍN,03041905.DAT
Municipales,2019,05,04201905_MUNI,003197,ERC-AM,ESQUERRA REPUBLICANA DE CATALUNYA LA POBLA DE LILLET-ACORD MUNICIPAL,03041905.DAT
Municipales,2019,05,04201905_MUNI,004926,JxCAT-JUNTS,JUNTS PER CATALUNYA-VIDRERES,03041905.DAT
Municipales,2019,05,04201905_MUNI,005762,ERC -AM,ESQUERRA REPUBLICANA DE CATALUNYA-ACORD MUNICIPAL,03041905.DAT
Municipales,2019,05,04201905_MUNI,002896,PSC-CP,28-PARTIT DELS SOCIALISTES DE CATALUNYA-CANDIDATURA DE PROGRÉS,03041905.DAT
Municipales,2019,05,04201905_MUNI,007006,ERC -AM,: ESQUERRA REPUBLICANA DE CATALUNYA -  ACORD MUNICIPAL,03041905.DAT
Municipales,2019,05,04201905_MUNI,003169,ERC - AM,Esquerra Republicana de Catalunya - Acord Municipal,03041905.DAT
Municipales,2019,05,04201905_MUNI,006340,PSC-CP,PARTIT DELS SOCIALISTES DE CATALUNYA- CANDIDATURA DE PROGRÉS (PSC-CP),03041905.DAT
Municipales,2019,05,04201905_MUNI,005777,PSC-CP,PARTIT DELS SOCIALISTES DE CATALUNYA - CANDIDATURA DE PROGRÈS,03041905.DAT
Municipales,2019,05,04201905_MUNI,001871,ERC - AM,Esquerra Republicana de Catalunya - Acord Municipal,03041905.DAT
Municipales,2019,05,04201905_MUNI,002276,M'estimo Cervelló - PSC-CP,"M'ESTIMO CERVELLÓ, PARTIT DELS SOCIALISTES DE CATALUNYA - CANDIDATURA DE PROGRÈS",03041905.DAT
Municipales,2019,05,04201905_MUNI,001483,MxM - ERC - AM,Més per Maçanet - Esquerra Republicana de Catalunya - Acord Municipal,03041905.DAT
Municipales,2019,05,04201905_MUNI,004313,PSC-CP,PARTIT DELS SOCIALISTES DE CATALUNYA- CANDIDATURA DE PROGRÉS,03041905.DAT
Municipales,2019,05,04201905_MUNI,002387,ERC - GxE -  AM,ESQUERRA REPUBLICANA DE CATALUNYA ? GENT PER ESPLUGUES ? ACORD MUNICIPAL,03041905.DAT
Municipales,2019,05,04201905_MUNI,001711,PLATAFORMA ELECTORES ASEMBLEA DE CARRAL,PLATAFORMA ELECTORES ASEMBLEA DE CARRAL,03041905.DAT
Municipales,2019,05,04201905_MUNI,004025,PRIMÀRIES CATALUNYA,PRIMÀRIES MANRESA - PRIMÀRIES CATALUNYA,03041905.DAT
Municipales,2019,05,04201905_MUNI,002742,PRIMÀRIES,MOLINS DE REI PER LA REPUBLICA- PRIMÀRIES CATALUNYA,03041905.DAT
Municipales,2019,05,04201905_MUNI,003273,PSC-CP,PARTIT DELS SOCIALISTES DE CATALUNYA - UNITS - CANDIDATURA DE PROGRÉS,03041905.DAT
Municipales,2019,05,04201905_MUNI,005104,PNB,PLATAFORMA DE NUEVO BAZTAN,03041905.DAT
Municipales,2019,05,04201905_MUNI,003729,ERC-AM,ESQUERRA REPUBLICANA DE CATALUNYA ? ACORD MUNICIPAL,03041905.DAT
Municipales,2019,05,04201905_MUNI,004847,ERC-AM,ESQUERRA REPUBLICANA DE CATALUNYA-ACORD MUNICIPAL,03041905.DAT
Municipales,2019,05,04201905_MUNI,004447,SV-ERC-AM,SOM VILADRAU-ESQUERRA REPUBLICANA DE CATALUNYA-ACORD MUNICIPAL,03041905.DAT
Municipales,2019,05,04201905_MUNI,003452,ERC-MES-AM,ESQUERRA REPUBLICANA DE CATALUNYA-MOVIMENT D'ESQUERRES-ACORD MUNICIPAL,03041905.DAT
Municipales,2019,05,04201905_MUNI,004215,JxCAT-JUNTS,JUNTS PER CATALUNYA- RIUDAURA,03041905.DAT
Municipales,2019,05,04201905_MUNI,002841,ERC-AM,12-ESQUERRA REPUBLICANA DE CATALUNYA-ACORD MUNICIPAL,03041905.DAT
Municipales,2019,05,04201905_MUNI,003097,PSC-CP,29-PARTIT DELS SOCIALISTES DE CATALUNYA-CANDIDATURA DE PROGRÉS,03041905.DAT
Municipales,2019,05,04201905_MUNI,002639,FEP - JxCat - JUNTS,FEM EL PAPIOL - JUNTS PER CATALUNYA,03041905.DAT
Municipales,2019,05,04201905_MUNI,002178,JUNTS,JUNTS PER CATALUNYA-CALDES DE MONTBUI,03041905.DAT
Municipales,2019,05,04201905_MUNI,006886,JxCAT-JUNTS,JUNTS PER CATALUNYA,03041905.DAT
Municipales,2019,05,04201905_MUNI,001777,ERC -AM,ESQUERRA REPUBLICANA DE CATALUNYA- ACORD MUNICIPAL,03041905.DAT
Municipales,2019,05,04201905_MUNI,006823,ERC? JpE ? AM,ESQUERRA REPUBLICANA DE CATALUNYA - JUNTS PER ESPONELLÀ - ACORD MUNICIPAL,03041905.DAT
Municipales,2019,05,04201905_MUNI,006766,JxCAT-JUNTS,JUNTS PER CATALUNYA ? AIGUAVIVA,03041905.DAT
Municipales,2019,05,04201905_MUNI,001763,AraSí - ERC - AM,ARA SÍ SANTA EUGÈNIA-ESQUERRA REPUBLICANA DE CATALUNYA-ACORD MUNICIPAL,03041905.DAT
Municipales,2019,05,04201905_MUNI,006958,PSC-CP,PARTIT DELS SOCIALISTES DE CATALUNYA ? CANDIDATURA DE PROGRÉS,03041905.DAT
Municipales,2019,05,04201905_MUNI,003529,JxCat - JUNTS,JUNTS PER CATALUNYA - ARBECA,03041905.DAT
Municipales,2019,05,04201905_MUNI,005075,MEMxJxCAT-JUNTS,JUNTS PER CATALUNYA-MALGRAT ENS MOU,03041905.DAT
Municipales,2019,05,04201905_MUNI,001437,SOM-ERC-AM,SOM-ESQUERRA REPUBLICANA DE CATALUNYA-ACORD MUNICIPAL,03041905.DAT
Municipales,2019,05,04201905_MUNI,003145,PlataformADRA,PLATAFORMA POR ADRA,03041905.DAT
Municipales,2019,05,04201905_MUNI,002758,JxCAT-JUNTS,JUNTS PER CATALUNYA-TAVERTET,03041905.DAT
Municipales,2019,05,04201905_MUNI,002009,ERC - AM,Esquerra Republicana de Catalunya - Acord Municipal,03041905.DAT
Municipales,2019,05,04201905_MUNI,001760,Ara Mollet ERC-MES-AM,ARA MOLLET ESQUERRA REPUBLICANA DE CATALUNYA-MOVIMENT D'ESQUERRES-ACORD MUNICIPAL,03041905.DAT
Municipales,2019,05,04201905_MUNI,006159,PCdT,PLATAFORMA CIUDADANA DE TOBARRA,03041905.DAT
Municipales,2019,05,04201905_MUNI,006486,F.P.F.,"FOZ, PLATAFORMA DE FUTURO",03041905.DAT
Municipales,2019,05,04201905_MUNI,004793,UA-PSC-CP,UNITAT D'ARAN-PARTIT DELS SOCIALISTES DE CATALUNYA- CANDIDATURA DE PROGRÉS,03041905.DAT
Municipales,2019,05,04201905_MUNI,003429,ERC - MES - AM,Esquerra Republicana de Catalunya-Moviment d'Esquerres - Acord Municipal,03041905.DAT
Municipales,2019,05,04201905_MUNI,002287,ERC - AM,ESQUERRA REPUBLICANA DE CATALUNYA-ACORD MUNICIPAL,03041905.DAT
Municipales,2019,05,04201905_MUNI,007368,FM-VIU-ERC-AM,FEM MUNICIPI-VIU LLAVORSÍ-ESQUERRA REPUBLICANA DE CATALUNYA-ACORD MUNICIPAL,03041905.DAT
Municipales,2019,05,04201905_MUNI,006397,JUNTS,JUNTS PER CATALUNYA-MASLLORENÇ,03041905.DAT
Municipales,2019,05,04201905_MUNI,003558,AMPEP-FIC,FEDERACIO D'INDEPENDENTS DE CATALUNYA-FIC,03041905.DAT
Municipales,2019,05,04201905_MUNI,001686,ERC -ACORD-AM,ESQUERRA REPUBLICANA DE CATALUNYA-ACORD PEL FIGARÓ-ACORD MUNICIPAL,03041905.DAT
Municipales,2019,05,04201905_MUNI,002279,PSC-CP,PARTIT DEL SOCIALITES DE  CATALUNYA-CANDIDATURA DE PROGRÉS,03041905.DAT
Municipales,2019,05,04201905_MUNI,005751,JxCAT-JUNTS,JUNTS PER CATALUNYA VILANOVA SANTA MARIA I GARZOLA,03041905.DAT
Municipales,2019,05,04201905_MUNI,001742,ERC - JxP - AM,ESQUERRA REPUBLICANA DE CATALUNYA - JUNTS PER PREMIÀ - ACORD MUNICIPAL,03041905.DAT
Municipales,2019,05,04201905_MUNI,002428,ERC -AM,ESQUERRA REPUBLICANA DE CATALUNYA -ACORD MUNICIPAL,03041905.DAT
Municipales,2019,05,04201905_MUNI,001408,PSC-CP,PARTIT DELS SOCIALISTES DE CATALUNYA-CANDIDATURA DE PROGRES,03041905.DAT
Municipales,2019,05,04201905_MUNI,001444,PRIMÀRIES,ARENYS DE MUNT PER LA REPUBLICA-PRIMÀRIES CATALUNYA,03041905.DAT
Municipales,2019,05,04201905_MUNI,002480,A H P,ALDATUZ HERRI PLATAFORMA,03041905.DAT
Municipales,2019,05,04201905_MUNI,003138,JUNTS,JUNTS PER CATALUNYA - CABRILS,03041905.DAT
Municipales,2019,05,04201905_MUNI,003645,PVF,PLATAFORMA VECINAL DE LA FRESNEDA,03041905.DAT
Municipales,2019,05,04201905_MUNI,002997,PSC-CP,PARTIT DELS SOCIALISTES DE CATALUNYA - UNITS PER SANT VICENÇ - CANDIDATURA DE PROGRÉS,03041905.DAT
Municipales,2019,05,04201905_MUNI,005121,CP,PARTIT DELS SOCIALISTES DE CATALUNYA-CANDIDATURA DE PROGRÉS,03041905.DAT
Municipales,2019,05,04201905_MUNI,007391,FEM-VIU-ERC-AM,FEM MUNICIPI-VIU VALL DE CARDÓS-ESQUERRA REPUBLICANA DE CATALUNYA-ACOR,03041905.DAT
Municipales,2019,05,04201905_MUNI,003059,JxCat - JUNTS,JUNTS PER CATALUNYA - BREDA,03041905.DAT
Municipales,2019,05,04201905_MUNI,002473,JxCAT-JUNTS,JUNTS PER CATALUNYA,03041905.DAT
Municipales,2019,05,04201905_MUNI,004314,CTU-PSC-CP,CONTINUEM TREBALLANT PER ULLÁ- PARTIT DELS SOCIALISTES DE CATALUNYA- CANDIDATURA DE PROGRÉS,03041905.DAT
Municipales,2019,05,04201905_MUNI,003857,"PLEAMAR, C.I.","PLATAFORMA ELECTORAL AMIGOS DEL MAR MENOR, CANDIDATURA INDEPENDIENTE",03041905.DAT
Municipales,2019,05,04201905_MUNI,006704,JUNTS,JUNTS PER HOSTALETS-JUNTS PER CATALUNYA,03041905.DAT
Municipales,2019,05,04201905_MUNI,006887,ERC? JpB ? AM,ESQUERRA REPUBLICANA DE CATALUNYA-JUNTS PER BANYOLES-ACORD MUNICIPAL,03041905.DAT
Municipales,2019,05,04201905_MUNI,002298,PRIMÀRIES,SOM-HI SANT VICENÇ - PRIMARIES CATALUNYA,03041905.DAT
Municipales,2019,05,04201905_MUNI,006093,PRIMÀRIES,INDEPENDÈNCIA I REPÚBLICA-PRIMÀRIES CATALUNYA,03041905.DAT
Municipales,2019,05,04201905_MUNI,005199,JxCat,JUNTS PER CATALUNYA - SANTA PAU (JxCAT-JUNTS),03041905.DAT
Municipales,2019,05,04201905_MUNI,002051,PSC - CP,PARTIT DELS SOCIALISTES DE CATALUNYA - CANDIDATURA DE PROGRÉS,03041905.DAT
Municipales,2019,05,04201905_MUNI,003276,PSC - CP,PARTIT DELS SOCIALISTES DE CATALUNYA - CANDIDATURA DE PROGRÉS,03041905.DAT
Municipales,2019,05,04201905_MUNI,003861,JxCAT-JUNTS,JUNTS PER CATALUNYA,03041905.DAT
Municipales,2019,05,04201905_MUNI,002507,La PAC CUP-AMUNT,LA PLATAFORMA ALTERNATIVA CIUTADANA DE DOSRIUS - CANDIDATURA D'UNITAT POPULAR - ALTERNATIVA MUNICIPA,03041905.DAT
Municipales,2019,05,04201905_MUNI,002400,Entesa - ERC - AM,Entesa per Sant Llorenç d'Hortons - ESQUERRA REPUBLICANA DE CATALUNYA - Acord Municipal,03041905.DAT
Municipales,2019,05,04201905_MUNI,006247,PSC,PARTIT DELS SOCIALISTES DE CATALUNYA (PSC-PSOE)-CANDIDATURA DE PROGRÈS,03041905.DAT
Municipales,2019,05,04201905_MUNI,002970,PSC-CP,PARTIT DELS SOCIALISTES DE CATALUNYA - CANDIDATURA DE PROGÉS,03041905.DAT
Municipales,2019,05,04201905_MUNI,002256,PSC - CP,PARTIT DELS SOCIALISTES DE CATALUNYA - CANDIDATURA DE PROGÉS,03041905.DAT
Municipales,2019,05,04201905_MUNI,006429,ERC - AM,ESQUERRA REPUBLICANA DE CATALUNYA- ACORD MUNICIPAL (ERC-AM),03041905.DAT
Municipales,2019,05,04201905_MUNI,004475,PLCV,PLATAFORMA CIUDADANA DE VILLACARRILLO,03041905.DAT
Municipales,2019,05,04201905_MUNI,005334,JxCat,JUNTS PER CATALUNYA,03041905.DAT
Municipales,2019,05,04201905_MUNI,002055,ERC  -AM,ESQUERRA REPUBLICANA DE CATALUNYA-ACORD MUNICIPAL,03041905.DAT
Municipales,2019,05,04201905_MUNI,004411,JxCAT-JUNTS,JUNTS PER CATALUNYA-RIUDARENES,03041905.DAT
Municipales,2019,05,04201905_MUNI,006830,JxCAT-JUNTS,JUNTS PER CATALUNYA,03041905.DAT
Municipales,2019,05,04201905_MUNI,004361,P.P.SO.,PLATAFORMA DEL PUEBLO SORIANO,03041905.DAT
Municipales,2019,05,04201905_MUNI,006504,PSC-CP,PARTIT DELS SOCIALISTES DE CATALUNYA-CANDIDATURA DEL PROGRES (PSC-CP),03041905.DAT
Municipales,2019,05,04201905_MUNI,003181,PSC-CP,PARTIT DELS SOCIALISTES DE CATALUNYA-CANDIDATURA DE PROGRÉS,03041905.DAT
Municipales,2019,05,04201905_MUNI,001795,ERC-AM,2-ESQUERRA REPUBLICANA DE CATALUNYA-ACORD MUNICIPAL,03041905.DAT
Municipales,2019,05,04201905_MUNI,002260,PSC CP,PARTIT DELS SOCIALISTES DE CATALUNYA - CANDIDATURA DEL PROGRÈS,03041905.DAT
Municipales,2019,05,04201905_MUNI,005381,JUNTS,JUNTS PER CATALUNYA-PALAFOLLS,03041905.DAT
Municipales,2019,05,04201905_MUNI,003848,JXP-JxCAT-JUNTS,JUNTS PER PUIGVERD - JUNTS PER CATALUNYA,03041905.DAT
Municipales,2019,05,04201905_MUNI,005421,PSC-IND-CP,PARTIT DELS SOCIALISTES DE CATALUNYA - INDEPENDENTS-CANDIDATURA DE PROGRÉS,03041905.DAT
Municipales,2019,05,04201905_MUNI,006434,PRIMÀRIES,PRIMÀRIES CALAFELL - PRIMÀRIES CATALUNYA,03041905.DAT
Municipales,2019,05,04201905_MUNI,004697,JxCAT-JUNTS,JUNTS PER CATALUNYA SANT FELIU DE PALLEROLS,03041905.DAT
Municipales,2019,05,04201905_MUNI,003488,IVV-ERC-AM,INDEPENDENTS DE LES VALLS DE VALIRA-ESQUERRA REPUBLICANA DE CATALUNYA-ACORD MUNICIPAL,03041905.DAT
Municipales,2019,05,04201905_MUNI,006391,SOM POBLE-ERC-AM,SOM POBLE-ESQUERRA REPUBLICANA DE CATALUNYA-ACORD MUNICIPAL (SOM POBLE-ERC-AM),03041905.DAT
Municipales,2019,05,04201905_MUNI,001507,Primaries,VALLROMANES PER LA REPUBLICA-PRIMARIES CATALUNYA,03041905.DAT
Municipales,2019,05,04201905_MUNI,002659,PSC-CP,PARTIT DELS SOCIALISTES DE CATALUNYA -CANDIDATURA DE PROGRES,03041905.DAT
Municipales,2019,05,04201905_MUNI,002318,ERC-fA-AM,ESQUERRA REPUBLICANA DE CATALUNYA-FEM AVIÀ-ACORD MUNICIPAL,03041905.DAT
Municipales,2019,05,04201905_MUNI,002717,PLATAFORMA - COMPROMÍS MUNICIPAL,GUANYEMSAB PLATAFORMA PODEM SANT ANTONI: COMPROMÍS MUNICIPAL,03041905.DAT
Municipales,2019,05,04201905_MUNI,002190,JxCat - JUNTS,JUNTS PER CATALUNYA-LLEIDA,03041905.DAT
Municipales,2019,05,04201905_MUNI,007005,ERC / AM,: ESQUERRA REPUBLICANA DE CATALUNYA- ACORD MUNICIPAL,03041905.DAT
Municipales,2019,05,04201905_MUNI,003390,DEMÒCRATES,DEMÒCRATES DE CATALUNYA,03041905.DAT
Municipales,2019,05,04201905_MUNI,002536,ERC - JFM - AM,ESQUERRA REPUBLICANA DE CATALUNYA- JUNTS FEM MANLLEU - ACORD MUNICIPAL,03041905.DAT
Municipales,2019,05,04201905_MUNI,005409,JxC-JxCAT-JUNTS,JUNTS PER CORNELLA-JUNTS PER CATALUNYA,03041905.DAT
Municipales,2019,05,04201905_MUNI,002773,ERC-AM,9-ESQUERRA REPUBLICANA DE CATALUNYA-ACORD MUNICIPAL,03041905.DAT
Municipales,2019,05,04201905_MUNI,006593,CxB-JxCAT-JUNTS,CONNECTATS PER BRÀFIM- JUNTS PER CATALUNYA,03041905.DAT
Municipales,2019,05,04201905_MUNI,003381,JpC-ERC-AM,JUNTS PER CALDERS- ESQUERRA REPUBLICANA DE CATALUNYA-ACORD MUNICIPAL,03041905.DAT
Municipales,2019,05,04201905_MUNI,005940,PRIMÀRIES,SANTA CRISTINA PER LA REPÚBLICA - PRIMARIES CATALUNYA,03041905.DAT
Municipales,2019,05,04201905_MUNI,003689,JxCAT-JUNTS,JUNTS PER CATALUNYA-LA VALL DE BIANYA,03041905.DAT
Municipales,2019,05,04201905_MUNI,003852,PCPC,PARTIT COMUNISTA DEL POBLE DE CATALUNYA,03041905.DAT
Municipales,2019,05,04201905_MUNI,005529,JxCAT-JUNTS,JUNTS PER CATALUNYA-SANTA CRISTINA D'ARO,03041905.DAT
Municipales,2019,05,04201905_MUNI,003242,CUBELLENCS-FIC,CUBELLENCS-FEDERACIÓ D'INDEPENDENTS DE CATALUNYA (FIC),03041905.DAT
Municipales,2019,05,04201905_MUNI,006952,PSC-CP,PARTIT DELS SOCIALISTES DE CATALUNYA PER LLAGOSTERA ? CANDIDATURA DE PROGRÉS,03041905.DAT
Municipales,2019,05,04201905_MUNI,006321,AVP - FIC,FEDERACIO D'INDEPENDENTS DE CATALUNYA-AGRUPACIO VEINAL PLATGES (AVP),03041905.DAT
Municipales,2019,05,04201905_MUNI,004315,JUNTS,JUNTS PER CATALUNYA-GELIDA,03041905.DAT
Municipales,2019,05,04201905_MUNI,002180,JxCAT-JUNTS,JUNTS PER CATALUNYA-JUNTS PER CANOVELLES,03041905.DAT
Municipales,2019,05,04201905_MUNI,004788,JxCat - JUNTS,JUNTS PER CATALUNYA TORROELLA DE MONTGRI L'ESTARTIT,03041905.DAT
Municipales,2019,05,04201905_MUNI,003927,Primaries,GAVA PER LA REPUBLICA - PRIMARIES CATALUNYA,03041905.DAT
Municipales,2019,05,04201905_MUNI,005848,PSC - CP,PARTIT DELS SOCIALISTES DE CATALUNYA-CANDIDATURA DE PROGRÉS,03041905.DAT
Municipales,2019,05,04201905_MUNI,007383,FEM-ERC-AM,FEM MUNICIPI-ESQUERRA REPUBLICANA DE CATALUNYA-ACORD MUNICIPAL,03041905.DAT
Municipales,2019,05,04201905_MUNI,001873,PRIMÀRIES,Republiquem Rosselló - Primàries Catalunya,03041905.DAT
Municipales,2019,05,04201905_MUNI,006411,ERC / AM,ESQUERRA REPUBLICANA DE CATALUNYA-ACORD MUNICIPAL (ERC-AM),03041905.DAT
Municipales,2019,05,04201905_MUNI,006959,SiC-IDC,SENY I COHERÈNCIA-INDEPENDENTS DE CATALUNYA,03041905.DAT
Municipales,2019,05,04201905_MUNI,001854,PIGH,PLATAFORMA INDEPENDIENTE GURE HERRIA,03041905.DAT
Municipales,2019,05,04201905_MUNI,004731,PL@CE,PLATAFORMA CIVIL ENGUERINA,03041905.DAT
Municipales,2019,05,04201905_MUNI,005451,UPMcat,UNIÓ DE PARTITS MUNICIPALISTES DE CATALUNYA,03041905.DAT
Municipales,2019,05,04201905_MUNI,003230,JxCAT-JUNTS,JUNTS PER CATALUNYA-PUIG-REIG,03041905.DAT
Municipales,2019,05,04201905_MUNI,004210,COALICIÓ UP,COALICIÓ UDEM - PLATAFORMA,03041905.DAT
Municipales,2019,05,04201905_MUNI,006905,JxCAT-JUNTS,JUNTS PER CATALUNYA-FONTCOBERTA I VILAVENUT,03041905.DAT
Municipales,2019,05,04201905_MUNI,003305,IMM,PLATAFORMA IMPULSO MIAMI-MONT ROIG,03041905.DAT
Municipales,2019,05,04201905_MUNI,001879,PRIMÀRIES,UNIDES I UNITS PER ALCOLETGE - PRIMÀRIES CATALUNYA,03041905.DAT
Municipales,2019,05,04201905_MUNI,006845,(JxCAT-JUNTS,JUNTS PER CATALUNYA,03041905.DAT
Municipales,2019,05,04201905_MUNI,002244,ERC / ESQUERRA,ESQUERRA REPUBLICANA DE CATALUNYA -  ACORD MUNICIPAL,03041905.DAT
Municipales,2019,05,04201905_MUNI,006655,UNICAT?ERC-AM,UNITS PEL CATLLAR-ESQUERRA REPUBLICANA DE CATALUNYA - ACORD MUNICIPAL,03041905.DAT
Municipales,2019,05,04201905_MUNI,001527,PRIMÀRIES CATALUNYA,LLIÇA PER LA REPÚBLICA -PRIMÀRIES CATALUNYA,03041905.DAT
Municipales,2019,05,04201905_MUNI,001892,JUNTS,JUNTS PER CATALUNYA - EL PORT DE LA SELVA,03041905.DAT
Municipales,2019,05,04201905_MUNI,001476,ERC+SxA - AM,ESQUERRA REPUBLICANA DE CATALUNYA + SUMEM PER ALELLA - ACORD MUNICIPAL,03041905.DAT
Municipales,2019,05,04201905_MUNI,002147,PRIMÀRIES,TORTOSA PER LA REPÚBLICA. PRIMÀRIES CATALUNYA,03041905.DAT
Municipales,2019,05,04201905_MUNI,003451,PRIMÀRIES,PRIMÀRIES CAMBRILS-PRIMÀRIES CATALUNYA,03041905.DAT
Municipales,2019,05,04201905_MUNI,002411,FEM - ERC - VxC - AM,FEM Sant Andreu- Esquerra Republicana de Catalunya - Vecinos por el Cambio - Acord Municipal,03041905.DAT
Municipales,2019,05,04201905_MUNI,005880,JxCAT-JUNTS,JUNTS PER CATALUNYA A SANTA PERPÈTUA,03041905.DAT
Municipales,2019,05,04201905_MUNI,006929,ERC-AM,ESQUERRA REPUBLICANA DE CATALUNYA- ACORD MUNICIPAL,03041905.DAT
Municipales,2019,05,04201905_MUNI,003682,JxCAT-JUNTS,JUNTS PER CATALUNYA-OLOT,03041905.DAT
Municipales,2019,05,04201905_MUNI,001676,ERC -AM,ESQUERRA REPUBLICANA DE CATALUNYA-ACORD MUNICIPAL,03041905.DAT
Municipales,2019,05,04201905_MUNI,002596,PSC-CP,PARTIT DELS SOCIALISTES DE CATALUNYA - CANDIDATURA DE PROGRÉS,03041905.DAT
Municipales,2019,05,04201905_MUNI,004026,PSC-PC,PARTIT DELS SOCIALISTES DE CATALUNYA - CANDIDATURA DE PROGRÉS,03041905.DAT
Municipales,2019,05,04201905_MUNI,004899,PSC-CP,PARTIT DELS SOCIALISTES DE CATALUNYA-CANDIDATURA DEL PROGRES,03041905.DAT
Municipales,2019,05,04201905_MUNI,003030,JxCAT-JUNTS,JUNTS PER CATALUNYA-LES MASIES DE VOLTREGÀ,03041905.DAT
Municipales,2019,05,04201905_MUNI,001859,EA - ERC - AM,ESQUERRA D'AMPOSTA - ESQUERRA REPUBLICANA DE CATALUNYA - ACORD MUNICIPAL,03041905.DAT
Municipales,2019,05,04201905_MUNI,006783,ERC? AM,ESQUERRA REPUBLICANA DE CATALUNYA-ACORD MUNICIPAL,03041905.DAT
Municipales,2019,05,04201905_MUNI,001649,ERC / AM,ESQUERRA REPUBLICANA DE CATALUNYA-ACORD MUNICIPAL,03041905.DAT
Municipales,2019,05,04201905_MUNI,004757,JxCat - JUNTS,JUNTS PER CATALUNYA - DOSRIUS,03041905.DAT
Municipales,2019,05,04201905_MUNI,002131,PSC-G-CP,PARTIT DELS SOCIALISTES DE CATALUNYA -GODALL - CANDIDATURA DE PROGRÉS,03041905.DAT
Municipales,2019,05,04201905_MUNI,005420,ERC - AM,ESQUERRA REPUBLICANA DE CATALUNYA,03041905.DAT
Municipales,2019,05,04201905_MUNI,003186,ERC-EV-PU-AM,ESQUERRA REPUBLICANA DE CATALUNYA-ELS VERDS-POBLE UNIT-ACORD MUNICIPAL,03041905.DAT
Municipales,2019,05,04201905_MUNI,005095,ERC -AM,ESQUERRA REPUBLICANA DE CATALUNYA - ACORD MUNICIPAL,03041905.DAT
Municipales,2019,05,04201905_MUNI,003371,PONTS X CATALUNYA,PONTS X CATALUNYA,03041905.DAT
Municipales,2019,05,04201905_MUNI,001853,ERC - AM,ESQUERRA  REPUBLICANA DE  CATALUNYA - ACORD  MUNICPAL,03041905.DAT
Municipales,2019,05,04201905_MUNI,002357,ERC - AM,ESQUERRA REPUBLICANA DE CATALUNYA- ACORD MUNICIPAL,03041905.DAT
Municipales,2019,05,04201905_MUNI,006907,JxCAT-JUNTS,JUNTS PER CATALUNYA ? GIRONA,03041905.DAT
Municipales,2019,05,04201905_MUNI,003988,JxCAT-JUNTS,JUNTS PER CATALUNYA,03041905.DAT
Municipales,2019,05,04201905_MUNI,006788,P.M.H.,PLATAFORMA DEL MUNICIPIO DE HARIA,03041905.DAT
Municipales,2019,05,04201905_MUNI,003816,ERC-EpF-AM,ESQUERRA REPUBLICANA DE CATALUNYA-ENTESA PER FLIX-ACORD MUNICIPAL,03041905.DAT
Municipales,2019,05,04201905_MUNI,001799,ERC - AM,ESQUERRA REPUBLICANA DE CATALUNYA-ACORD MUNICIPAL,03041905.DAT
Municipales,2019,05,04201905_MUNI,003497,PRIMÀRIES,SANT CUGAT PER LA INDEPENDÈNCIA-PRIMÀRIES CATALUNYA,03041905.DAT
Municipales,2019,05,04201905_MUNI,006953,TxLL-ERC-AM,TOTS PER LLAMBILLES-ESQUERRA REPUBLICANA DE CATALUNYAACORD MUNICIPAL,03041905.DAT
Municipales,2019,05,04201905_MUNI,003307,PER XATIVA,PLATAFORMA PER XATIVA,03041905.DAT
Municipales,2019,05,04201905_MUNI,002251,ERC-AM,ESQUERRA REPUBLICANA DE CATALUNYA- ACORD MUNICIPAL,03041905.DAT
Municipales,2019,05,04201905_MUNI,001747,ERC -AM,ESQUERRA REPUBLICANA DE CATALUNYA- ACORD MUNICIPAL,03041905.DAT
Municipales,2019,05,04201905_MUNI,003185,PSC-CP,PARTIT DELS SOCIALISTES DE CATALUNYA -CANDIDATURA DE PROGRÉS,03041905.DAT
Municipales,2019,05,04201905_MUNI,005667,PRIMÀRIES,CASTELLDEFELS PER LA REPÚBLICA - PRIMÀRIES CATALUNYA,03041905.DAT
Municipales,2019,05,04201905_MUNI,004254,PSC-CP,PARTIT DELS SOCIALISTES DE CATALUNYA-CANDIDATURA DE PROGRÉS,03041905.DAT
Municipales,2019,05,04201905_MUNI,006408,ERC / AM,ESQUERRA REPUBLICANA DE CATALUNYA-ACORD MUNICIPAL (ERC-AM),03041905.DAT
Municipales,2019,05,04201905_MUNI,002438,GOOB - FIC,GRUP D' OPINIÓ D' OLESA DE BONESVALLS  G.O.O.B-FEDERACIO D'INDEPENDENTS DE CATALUNYA FIC,03041905.DAT
Municipales,2019,05,04201905_MUNI,004750,Acord per Gualba-ERC-AM,ACORD PER GUALBA-ESQUERRA REPUBLICANA DE CATALUNYA-ACORD MUNICIPAL,03041905.DAT
Municipales,2019,05,04201905_MUNI,007394,PSC,PARTIT DELS SOCIALISTES DE CATALUNYA?CANDIDATURA DE PROGRÉS,03041905.DAT
Municipales,2019,05,04201905_MUNI,003125,PSC-CP,PARTIT DELS SOCIALISTES DE CATALUNYA - UNITS PER ARGENTONA - CANDIDATURA DE PROGRÉS,03041905.DAT
Municipales,2019,05,04201905_MUNI,001466,PRIMÀRIES,MONTORNÈS PER LA REPÚBLICA-PRIMÀRIES CATALUNYA,03041905.DAT
Municipales,2019,05,04201905_MUNI,002175,PSC-CP,PARTIT DELS SOCIALISTES DE CATALUNYA-CANDIDATURA DE PROGRÉS,03041905.DAT
Municipales,2019,05,04201905_MUNI,001345,PSC-CP,PARTIT DELS SOCIALISTES DE CATALUNYA-CANDIDATURA DE PROGRÉS (PSC-CP),03041905.DAT
Municipales,2019,05,04201905_MUNI,002167,ERC-MES-AM,ESQUERRA REPUBLICANA DE CATALUNYA-MOVIMENT D'ESQUERRES-ACORD MUNICIPAL,03041905.DAT
Municipales,2019,05,04201905_MUNI,004886,F.I.C.,FEDERACIÓ D'INDEPENDENTS DE CATALUNYA-PEL MUNICIPI DE MONTBLANC,03041905.DAT
Municipales,2019,05,04201905_MUNI,003240,JxCAT-JUNTS,63-JUNTS PER CATALUNYA STA. MARGARIDA I ELS MONJOS,03041905.DAT
Municipales,2019,05,04201905_MUNI,003222,PSC-CP,PARTIT DELS SOCIALISTES DE CATALUNYA-CANDIDATURA DE PROGRÉS,03041905.DAT
Municipales,2019,05,04201905_MUNI,005946,PUG,PLATAFORMA DE URBANIZACIONES DE GODELLETA,03041905.DAT
Municipales,2019,05,04201905_MUNI,002206,JxCat - JUNTS,JUNTS PER CATALUNYA,03041905.DAT
Municipales,2019,05,04201905_MUNI,006770,JxCAT-JUNTS,JUNTS PER CATALUNYA-ALBONS,03041905.DAT
Municipales,2019,05,04201905_MUNI,006901,JxCAT-JUNTS,JUNTS PER CATALUNYA-FLAÇÀ,03041905.DAT
Municipales,2019,05,04201905_MUNI,006923,JxCAT-JUNTS,JUNTS PER CATALUNYA- VILABLAREIX,03041905.DAT
Municipales,2019,05,04201905_MUNI,002388,ERC - AM,Esquerra Republicana de Catalunya - Acord Municipal,03041905.DAT
Municipales,2019,05,04201905_MUNI,004892,IU-PPI-Podemos,Unidas por Miajadas Izquierda Unida Plataforma Progresista Independiente Podemos,03041905.DAT
Municipales,2019,05,04201905_MUNI,001759,ERC -AM,ESQUERRA REPUBLICANA DE CATALUNYA-ACORD MUNICIPAL,03041905.DAT
Municipales,2019,05,04201905_MUNI,005046,JxCat - JUNTS,JUNTS PER CATALUNYA - PALAFRUGELL,03041905.DAT
Municipales,2019,05,04201905_MUNI,002530,D't - FIC,DESPERTA'T (D't) - FEDERACIO INDEPENDENTS DE CATALUNYA (FIC),03041905.DAT
Municipales,2019,05,04201905_MUNI,003388,VP - FIC,LA VEU DEL POBLE (VP) - FEDERACIO D'INDEPENDENTS DE CATALUNYA (FIC),03041905.DAT
Municipales,2019,05,04201905_MUNI,002640,JxCat - JUNTS,JUNTS PER CATALUNYA - BADALONA,03041905.DAT
Municipales,2019,05,04201905_MUNI,005623,ERC-GdT-JOVENT-AM,ESQUERRA REPUBLICANA DE CATALUNYA-GENT DE TORDERA-JOVENT REPUBLICÀ-ACORD MUNICIPAL,03041905.DAT
Municipales,2019,05,04201905_MUNI,006701,ERC-GIC-AM,ESQUERRA REPUBLICANA DE CATALUNYA - GRUP D'INDEPENDENTS DE COLLBATÓ - ACORD MUNICIPAL,03041905.DAT
Municipales,2019,05,04201905_MUNI,004936,PSC-CP,PARTIT SOCIAL DEMOCRATA DE CATALUNYA-CANDIDATURA DEL PROGRES,03041905.DAT
Municipales,2019,05,04201905_MUNI,003167,ApG - ERC - AM,ALTERNATIVA PER GANDESA - ESQUERRA REPUBLICANA DE CATALUNYA - ACORD MUNICIPAL,03041905.DAT
Municipales,2019,05,04201905_MUNI,001153,PSC-CP,PARTIT DELS SOCIALISTES DE CATALUNYA (PSC-PSOE),03041905.DAT
Municipales,2019,05,04201905_MUNI,003581,CECP-Els Pallaresos-ECG,CATALUNYA EN COMÚ PODEM ELS PALLARESOS-EN COMÚ GUANYEM,03041905.DAT
Municipales,2019,05,04201905_MUNI,002992,JxCAT-JUNTS,JUNTS PER CATALUNYA-ALELLA,03041905.DAT
Municipales,2019,05,04201905_MUNI,002265,UV - ERC - AM,Units per Vilaplana - Esquerra Republicana de Catalunya - Acord Municipal,03041905.DAT
Municipales,2019,05,04201905_MUNI,003192,JxCAT-JUNTS,TOTS SOM SANT FELIU-JUNTS PER CATALUNYA,03041905.DAT
Municipales,2019,05,04201905_MUNI,001835,PSC-CP,PARTIT DELS SOCIALISTES DE CATALUNYA - CANDIDATURA DE PROGRÈS,03041905.DAT
Municipales,2019,05,04201905_MUNI,004234,FIC,MÉS RIBA-ROJA - FEDERACIÓ D'INDEPENDENTS DE CATALUNYA,03041905.DAT
Municipales,2019,05,04201905_MUNI,004736,PSC-CP,PARTIT DELS SOCIALISTES DE CATALUNYA-CANDIDATURA DE PROGRES,03041905.DAT
Municipales,2019,05,04201905_MUNI,002558,JxCat - JUNTS,JUNTS PER CATALUNYA- CIUTADILLA,03041905.DAT
Municipales,2019,05,04201905_MUNI,003826,JxCAT-JUNTS,JUNTS PER CATALUNYA- SANT FERRIOL,03041905.DAT
Municipales,2019,05,04201905_MUNI,001800,PSC-CP,PARTIT DELS SOCIALISTES DE CATALUNYA- CANDIDATURA DE PROGRÈS,03041905.DAT
Municipales,2019,05,04201905_MUNI,006778,JxCAT-JUNTS,JUNTS PER CATALUNYA ? BANYOLES,03041905.DAT
Municipales,2019,05,04201905_MUNI,003066,ERC-AR-AM,ESQUERRA REPUBLICANA DE CATALUNYA-ACORD REPUBLICÀ-ACORD MUNICIPAL,03041905.DAT
Municipales,2019,05,04201905_MUNI,005060,PSC-CP,PARTIT DELS SOCIALISTES DE CATALUNYA - CANDIDATURA DE PROGRÉS,03041905.DAT
Municipales,2019,05,04201905_MUNI,002764,PSC-CP,PARTIT DELS SOCIALISTES DE CATALUNYA -CANDIDATURA DE PROGRÉS,03041905.DAT
Municipales,2019,05,04201905_MUNI,002887,ERC-TS-AM,ESQUERRA REPUBLICANA DE CATALUNYA-TORTOSA SI-ACORD MUNICIPAL,03041905.DAT
Municipales,2019,05,04201905_MUNI,003203,ERC-AM,16-ESQUERRA REPUBLICANA DE CATALUNYA-ACORD MUNICIPAL,03041905.DAT
Municipales,2019,05,04201905_MUNI,006403,PSC-CP,PARTIT DELS SOCIALISTES DE CATALUNYA-CANDIDATURA DE PROGRES,03041905.DAT
Municipales,2019,05,04201905_MUNI,001735,AT,Plataforma Civil AHORA TOTANA,03041905.DAT
Municipales,2019,05,04201905_MUNI,002516,PSC - CP,PARTIT DELS SOCIALISTES DE CATALUNYA - CANDIDATURA DE PROGRÉS,03041905.DAT
Municipales,2019,05,04201905_MUNI,004266,PSC-CP,PARTIT DELS SOCIALISTES DE CATALUNYA - CANDIDATURA DE PROGRÉS,03041905.DAT
Municipales,2019,05,04201905_MUNI,004749,JxCat - JUNTS,JUNTS PER CATALUNYA - UNITS PEL MASNOU,03041905.DAT
Municipales,2019,05,04201905_MUNI,001653,ERC - AM,1-ESQUERRA REPUBLICANA DE CATALUNYA - ACORD MUNICIPAL,03041905.DAT
Municipales,2019,05,04201905_MUNI,006706,ERC - AM,ESQUERRA REPUBLICANA DE CATALUNYA -  ACORD MUNCIPAL,03041905.DAT
Municipales,2019,05,04201905_MUNI,005173,FM-FIC,FEM MASROIG-FEDERACIO D'INDEPENDENTS DE CATALUNYA,03041905.DAT
Municipales,2019,05,04201905_MUNI,001764,GP,PLATAFORMA CIUDADANA: GANEMOS PALENCIA,03041905.DAT
Municipales,2019,05,04201905_MUNI,003096,ERC-AM,ESQUERRA REPUBLICANA DE CATALUNYA-ACORD MUNICIPAL,03041905.DAT
Municipales,2019,05,04201905_MUNI,003822,DEMÒCRATES,DEMÒCRATES DE CATALUNYA,03041905.DAT
Municipales,2019,05,04201905_MUNI,002320,ERC - AM,ESQUERRA REPUBLICANA DE CATALUNYA -  ACORD MUNICPAL,03041905.DAT
Municipales,2019,05,04201905_MUNI,003331,JxCAT-JUNTS,JUNTS PER CATALUNYA-SANT SADURNÍ D'OSORMORT,03041905.DAT
Municipales,2019,05,04201905_MUNI,006592,ERM - AM,Esquerra Republicana de Catalunya - Acord Municipal,03041905.DAT
Municipales,2019,05,04201905_MUNI,004042,ERC / ESQUERRA,ESQUERRA REPUBLICANA DE CATALUNYA-ACORD MUNICIPAL,03041905.DAT
Municipales,2019,05,04201905_MUNI,001779,PSC - CP,PARTIT DELS SOCIALISTES DE CATALUNYA - CANDIDATURA DE PROGRÈS,03041905.DAT
Municipales,2019,05,04201905_MUNI,001743,ERC - AM,ESQUERRA REPUBLICANA DE CATALUNYA-ACORD MUNICIPAL,03041905.DAT
Municipales,2019,05,04201905_MUNI,006324,UPLBP - FIC,FEDERACIO D'INDEPENDENTS DE CATALUNYA-UNITS PER LA BISBAL DEL PENEDES (UPLBP),03041905.DAT
Municipales,2019,05,04201905_MUNI,006654,PSC-CP,EL MORELL POT MES-PARTIT DELS SOCIALISTES DE CATALUNYA-CANDIDATURA DE PROGRÉS,03041905.DAT
Municipales,2019,05,04201905_MUNI,007417,ERC ? AM,ESQUERRA REPUBLICANA DE CATALUNYA ? ACORD MUNICIPAL,03041905.DAT
Municipales,2019,05,04201905_MUNI,006400,PSC-CP,PARTIT DELS SOCIALISTES DE CATALUNYA - CANDIDATURA DE PROGRÈS,03041905.DAT
Municipales,2019,05,04201905_MUNI,003195,ERC - AM,ESQUERRA REPUBLICANA DE CATALUNYA - ACORD MUNICIAPAL,03041905.DAT
Municipales,2019,05,04201905_MUNI,002034,PRIMÀRIES,PRIMÀRIES GUISSONA-PRIMÀRIES CATALUNYA (PRIMÀRIES),03041905.DAT
Municipales,2019,05,04201905_MUNI,005863,ERC - ARA - AM,ESQUERRA REPUBLICANA DE CATALUNYA-ARA RIPOLLET-ACORD MUNICIPAL,03041905.DAT
Municipales,2019,05,04201905_MUNI,005528,JxCat,JUNTS PER CATALUNYA-SANT POL DE MAR,03041905.DAT
Municipales,2019,05,04201905_MUNI,001043,PIM-Villalbilla,PLATAFORMA INDEPENDIENTE MUNICIPAL DE VILLALBILLA,03041905.DAT
Municipales,2019,05,04201905_MUNI,004492,JxCAT-JUNTS,JUNTS PER CATALUNYA-SANTA COLOMA,03041905.DAT
Municipales,2019,05,04201905_MUNI,006498,PRIMÀRIES,PEL VENDRELL-PRIMÀRIES CATALUNYA,03041905.DAT
Municipales,2019,05,04201905_MUNI,002247,IR-IDC,INDEPENDENTS PER RIUMORS - INDEPENDENTS DE CATALUNYA,03041905.DAT
Municipales,2019,05,04201905_MUNI,005803,JxB-E-ERC-AM,JuntsxBegur-Esclanyà - Esquerra Republicana de Catalunya-Acord Municipal,03041905.DAT
Municipales,2019,05,04201905_MUNI,007430,LLF ? AM,ENDAVANT CERDANYA-ESQUERRA REPUBLICANA DE CATALUNYALLÍVIA FUTUR ? ACORD MUNICIPAL,03041905.DAT
Municipales,2019,05,04201905_MUNI,002170,PSC-UxA-CP,PARTIT DELS SOCIALISTES DE CATALUNYA-UNITS X ALMENAR-CANDIDATURA DE PROGRÉS,03041905.DAT
Municipales,2019,05,04201905_MUNI,004109,JxCat -JUNTS,JUNTS PER CATALUNYA NAVARCLES,03041905.DAT
Municipales,2019,05,04201905_MUNI,006781,JxCat,JUNTS PER CATALUNYA,03041905.DAT
Municipales,2019,05,04201905_MUNI,003285,JxP-R-ERC-AM,JUNTS PER PUIG-REIG ESQUERRA REPUBLICANA DE CATALUNYA-ACORD MUNICIPAL,03041905.DAT
Municipales,2019,05,04201905_MUNI,006421,L'EINA-ERC-AM,L'ESQUERRA INDEPENDENTISTA D'ALTAFULLA-ESQUERRA REPUBLICANA DE CATALUNYA-ACORD MUNICIPAL (L'EINA-ERC,03041905.DAT
Municipales,2019,05,04201905_MUNI,004321,JxCat - JUNTS,JUNTS PER CATALUNYA - PALAMÓS I SANT JOAN,03041905.DAT
Municipales,2019,05,04201905_MUNI,001970,JxCat - JUNTS,JUNTS PER CATALUNYA-LA RÀPITA,03041905.DAT
Municipales,2019,05,04201905_MUNI,002827,ERC-AM,11-ESQUERRA REPUBLICANA DE CATALUNYA-ACORD MUNICIPAL,03041905.DAT
Municipales,2019,05,04201905_MUNI,002181,ERC - MES - AM,Esquerra Republicana de Catalunya-Moviment d'Esquerres - Acord Municipal,03041905.DAT
Municipales,2019,05,04201905_MUNI,001271,ERC - AVANCEM - AM,ESQUERRA REPUBLICANA DE CATALUNYA - AVANCEM - ACORD MUNICIPAL,03041905.DAT
Municipales,2019,05,04201905_MUNI,006708,PSC-ÒDENA PROGRÉS-CP,PARTIT DELS SOCIALISTES DE CATALUNYA- PSX-ÒDENA ÒDENA PROGRÉS - CANDIDATURA DE PROGRÉS,03041905.DAT
Municipales,2019,05,04201905_MUNI,007381,VIU-ERC-AM,VIU SORIGUERA-ESQUERRA REPUBLICANA DE CATALUNYA-ACORD MUNICIPAL,03041905.DAT
Municipales,2019,05,04201905_MUNI,006774,F.N.C.,FRONT NACIONAL DE CATALUNYA,03041905.DAT
Municipales,2019,05,04201905_MUNI,004283,JxCAT-JUNTS,75-JUNTS PER CATALUNYA-AVINYONET,03041905.DAT
Municipales,2019,05,04201905_MUNI,003114,PSC-CP,32-PARTIT DELS SOCIALISTES DE CATALUNYA-CANDIDATURA DE PROGRÉS,03041905.DAT
Municipales,2019,05,04201905_MUNI,005737,ERC / ESQUERRA,ESQUERRA REPUBLICANA DE CATALUNYA,03041905.DAT
Municipales,2019,05,04201905_MUNI,006960,PSC-CP,PARTIT DELS SOCIALISTES DE CATALUNYA ? CANDIDATURA DE PROGRÉS,03041905.DAT
Municipales,2019,05,04201905_MUNI,001655,ERC / AM,ESQUERRA REPUBLICANA DE CATALUNYA,03041905.DAT
Municipales,2019,05,04201905_MUNI,001691,JxCAT-JUNTS,JUNTS PER CATALUNYA-EL CABRERÈS,03041905.DAT
Municipales,2019,05,04201905_MUNI,003079,ERC - AM,ESQUERRA REPUBLICANA DE CATALUNYA-ACORD MUNICIPAL,03041905.DAT
Municipales,2019,05,04201905_MUNI,002901,JxCat -JUNTS,JUNTS PER SANT HILARI-JUNTS PER CATALUNYA,03041905.DAT
Municipales,2019,05,04201905_MUNI,003304,JxCat - JUNTS,JUNTS PER CATALUNYA -,03041905.DAT
Municipales,2019,05,04201905_MUNI,006904,ERC? JpC ? AM,ESQUERRA REPUBLICANA DE CATALUNYA- JUNTS PER CAMÓS - ACORD MUNICIPAL,03041905.DAT
Municipales,2019,05,04201905_MUNI,001473,ERC-AM,ESQUERRA REPUBLICANA DE CATALUNYA-ACORD MUNICIPAL,03041905.DAT
Municipales,2019,05,04201905_MUNI,001343,AxRd'O-ERC-AM,ACORD PER RIBERA D'ONDARA -ESQUERRA REPUBLICANA DE CATALUNYA-ACORD MUNICIPAL,03041905.DAT
Municipales,2019,05,04201905_MUNI,001405,P.V.S.B.,PLATAFORMA VECINAL POR SANTA BRÍGIDA,03041905.DAT
Municipales,2019,05,04201905_MUNI,002029,PRIMÀRIES,PRIMÀRIES MATARÓ - PRIMÀRIES CATALUNYA,03041905.DAT
Municipales,2019,05,04201905_MUNI,006955,PSC-CP,PARTIT DELS SOCIALISTES DE CATALUNYA ? CANDIDATURA DEL PROGRÉS,03041905.DAT
Municipales,2019,05,04201905_MUNI,002968,PSC-CP,PARTIT DELS SOCIALISTES DE CATALUNYA (PSC-PSOE) - CANDIDATURA DE PROGRÉS,03041905.DAT
Municipales,2019,05,04201905_MUNI,003321,JxCAT-JUNTS,JUNTS PER CATALUNYA-CENTELLES,03041905.DAT
Municipales,2019,05,04201905_MUNI,004986,PSC-CP,PARTIT DELS SOCIALISTES DE CATALUNYA (PSC-PSOE)CANDIDATURA DE PROGRÉS,03041905.DAT
Municipales,2019,05,04201905_MUNI,001783,ADT-ERC-AM,ASSEMBLEA DE TAGAMANENT-ESQUERRA REPUBLICANA DE CATALUNYA-ACORD MUNICIPAL,03041905.DAT
Municipales,2019,05,04201905_MUNI,005504,ERC-AM,ESQUERRA REPUBLICANA DE CATALUNYA- ACORD MUNICIPAL,03041905.DAT
Municipales,2019,05,04201905_MUNI,005415,ERC - AM,ESQUERRA REPUBLICANA DE CATALUNYA-ACORD MUNICIPAL,03041905.DAT
Municipales,2019,05,04201905_MUNI,002642,JxCAT-JUNTS,JUNTS PER LA PALMA-JUNTS PER CATALUNYA,03041905.DAT
Municipales,2019,05,04201905_MUNI,003635,JxA-JxCAT-JUNTS,JUNTS PER ARENYS-JUNTS PER CATALUNYA,03041905.DAT
Municipales,2019,05,04201905_MUNI,006878,ERC-AM,ESQUERRA REPUBLICANA DE CATALUNYA ? ACORD MUNICIPA,03041905.DAT
Municipales,2019,05,04201905_MUNI,001011,AxM - ERC - AM,ACORD PER MONTOLIU-ESQUERRA REPUBLICANA DE CATALUNYA-ACORD MUNICIPAL,03041905.DAT
Municipales,2019,05,04201905_MUNI,001509,PSC - CxLL -CP,PARTIT DELS SOCIALISTES DE CATALUNYA - COMPROMÍS X LLEIDA - CANDIDATURA DE PROGRÉS,03041905.DAT
Municipales,2019,05,04201905_MUNI,001622,AUD-ERC-AM,UNITS PER DECIDIR-ESQUERRA REPUBLICANA DE CATALUNYA-ACORD MUNICIPAL,03041905.DAT
Municipales,2019,05,04201905_MUNI,002728,ERC-AM,6-ESQUERRA REPUBLICANA DE CATALUNYA-ACORD MUNICIPAL,03041905.DAT
Municipales,2019,05,04201905_MUNI,006791,UxVI-IDC,UNITS PER VILABLAREIX-INDEPENDENTS DE CATALUNYA,03041905.DAT
Municipales,2019,05,04201905_MUNI,003288,JxCAT-JUNTS,68-JUNTS PER CATALUNYA FONT-RUBÍ,03041905.DAT
Municipales,2019,05,04201905_MUNI,006910,JxCAT-JUNTS,LLAMBILLES-JUNTS PER CATALUNYA,03041905.DAT
Municipales,2019,05,04201905_MUNI,002687,ERC-AM,5-ESQUERRA REPUBLICANA DE CATALUNYA-ACORD MUNICIPAL,03041905.DAT
Municipales,2019,05,04201905_MUNI,005552,CxLB-JxCAT-JUNTS,COMPROMÍS PER LA BISBAL -JUNTS PER CATALUNYA,03041905.DAT
Municipales,2019,05,04201905_MUNI,004370,JxCAT-JUNTS,JUNTS PER CATALUNYA-GUARDIOLA DE BERGUEDÀ,03041905.DAT
Municipales,2019,05,04201905_MUNI,004636,JUNTS,JUNTS PER CATALUNYA - ÓRRIUS,03041905.DAT
Municipales,2019,05,04201905_MUNI,002420,JUNTS x SVH - ERC - AM,JUNTS x SANT VICENÇ = Vicentins pel canvi + Esquerra Republicana de Catalunya - Acord Municipal,03041905.DAT
Municipales,2019,05,04201905_MUNI,001782,Fem CDQ-IDC,FEM CADAQUÉS - INDEPENDENTS DE CATALUNYA,03041905.DAT
Municipales,2019,05,04201905_MUNI,002689,JUNTS,JUNTS PER CATALUNYA-ELS PLANS  DE SIÓ,03041905.DAT
Municipales,2019,05,04201905_MUNI,001421,MT-IDC,MÉS TORDERA-INDEPENDENTS DE CATALUNYA,03041905.DAT
Municipales,2019,05,04201905_MUNI,003060,Primaries,RUBI REPUBLICANA - PRIMARIES CATALUNYA,03041905.DAT
Municipales,2019,05,04201905_MUNI,002954,PSC-CP,PARTIT DELS SOCIALISTES DE CATALUNYA-UNITS PER CABRERA-CANDIDATURA DE PROGRÈS,03041905.DAT
Municipales,2019,05,04201905_MUNI,004761,AISA - FIC,AGRUPACIÓ INDEPENDENT DE LA SERRA D'ALMOS - FEDERACIO D'INDEPENDENTS DE CATALUNYA,03041905.DAT
Municipales,2019,05,04201905_MUNI,007369,PSC - CP,PARTIT DELS SOCIALISTES DE CATALUNYA-CANDIDATURA DE PROGRÉS,03041905.DAT
Municipales,2019,05,04201905_MUNI,003545,UNIM-PSC-CP,UNIÓ NOU IMPULS MUNICIPAL-PARTIT DELS SOCIALISTES DE CATALUNYA-CANDIDATURA DE PROGRÉS,03041905.DAT
Municipales,2019,05,04201905_MUNI,001523,PSC - CP,PARTIT DELS SOCIALISTES DE CATALUNYA - CANDIDATURA DE PROGRÉS,03041905.DAT
Municipales,2019,05,04201905_MUNI,003226,ERC-AM,18-ESQUERRA REPUBLICANA DE CATALUNYA-ACORD MUNICIPAL,03041905.DAT
Municipales,2019,05,04201905_MUNI,003341,JxCAT-JUNTS,JUNTS PER CATALUNYA SANT JOAN DE VILATORRADA,03041905.DAT
Municipales,2019,05,04201905_MUNI,002315,PSC-GELIDA-CP,PARTIT DELS SOCIALISTES DE CATALUNYA-GELIDA-CANDIDATURA DEL PROGRÉS,03041905.DAT
Municipales,2019,05,04201905_MUNI,008016,PRIMÀRIES,PRIMÀRIES CATALUNYA,03041905.DAT
Municipales,2019,05,04201905_MUNI,003599,PRIMÀRIES,PRIMARIES CANET DE MAR-PRIMARIES CATALUNYA,03041905.DAT
Municipales,2019,05,04201905_MUNI,006169,PLIM,PLATAFORMA INDEPENDIENTE DE MENGIBAR,03041905.DAT
Municipales,2019,05,04201905_MUNI,006627,IPV-JxCAT-JUNTS,INDEPENDENTS PER VALLFOGONA - JUNTS PER CATALUNYA,03041905.DAT
Municipales,2019,05,04201905_MUNI,002831,PSC-UNITS-CP,25-PARTIT DELS SOCIALISTES DE CATALUNYA-UNITS PER OLÈRDOLA-CANDIDATURA DE PROGRÉS,03041905.DAT
Municipales,2019,05,04201905_MUNI,002322,PSC- CP,PARTIT DELS SOCIALISTES DE CATALUNYA - CANDIDATURA DEL PROGRÈS,03041905.DAT
Municipales,2019,05,04201905_MUNI,002445,ERC-AM,ESQUERRA REPUBLICANA DE CATALUNYA BERGA-ACORD MUNICIPAL,03041905.DAT
Municipales,2019,05,04201905_MUNI,003977,P.AC,PLATAFORMA ABERTA CIDADÁ DE LALÍN,03041905.DAT
Municipales,2019,05,04201905_MUNI,003687,JxCAT-JUNTS,JUNTS PER CATALUNYA-BEUDA,03041905.DAT
Municipales,2019,05,04201905_MUNI,003108,PSC-CP,31-PARTIT DELS SOCIALISTES DE CATALUNYA-CANDIDATURA DE PROGRÉS,03041905.DAT
Municipales,2019,05,04201905_MUNI,007396,ERC-AM,SOM MONTBUI- ESQUERRA REPUBLICANA DE CATALUNYA -ACORD MUNICIPAL,03041905.DAT
Municipales,2019,05,04201905_MUNI,002335,CFi,CANVIEM FIGUERES - PLATAFORMA DE VEÏNS PEL CANVI,03041905.DAT
Municipales,2019,05,04201905_MUNI,003690,JxCAT-JUNTS,JUNTS PER CATALUNYA-SANT JAUME DE LLIERCA,03041905.DAT
Municipales,2019,05,04201905_MUNI,002587,PRIMÀRIES,La Ràpita per la República - Primàries Catalunya,03041905.DAT
Municipales,2019,05,04201905_MUNI,001865,JxCat - JUNTS,JUNTS PER CATALUNYA,03041905.DAT
Municipales,2019,05,04201905_MUNI,007373,JxCAT-JUNTS,JUNTS PER CATALUNYA-RIALP,03041905.DAT
Municipales,2019,05,04201905_MUNI,003818,ERC - AM,ESQUERRA REPUBLICANA DE CATALUNYA- ACORD MUNICIPAL,03041905.DAT
Municipales,2019,05,04201905_MUNI,006818,ERC?AM,ESQUERRA REPUBLICANA DE CATALUNYA-ACORD MUNICIPAL,03041905.DAT
Municipales,2019,05,04201905_MUNI,006833,ERC? JpFV - AM,ESQUERRA REPUBLICANA DE CATALUNYA-JUNTS PER FONTCOBERTA I VILAVENUT-ACORD MUNICIPAL,03041905.DAT
Municipales,2019,05,04201905_MUNI,001762,ERC -AM,ESQUERRA REPUBLICANA DE CATALUNYA,03041905.DAT
Municipales,2019,05,04201905_MUNI,003332,JxCat - JUNTS,JUNTS PER CATALUNYA - BENAVENT DE SEGRIÀ,03041905.DAT
Municipales,2019,05,04201905_MUNI,004271,PSC-CP,PARTIT DELS SOCIALISTES DE CATALUNYA- CANDIDATURA DE PROGRÉS,03041905.DAT
Municipales,2019,05,04201905_MUNI,003658,UxSF-ERC-AM,UNITS PER SANT FELIU - ESQUERRA REPUBLICANA DE CATALUNYA - ACORD MUNICIPAL,03041905.DAT
Municipales,2019,05,04201905_MUNI,002046,ERC - RodaRep - AM,ESQUERRA REPUBLICANA DE CATALUNYA-RODA REPUBLICANA - ACORD MUNICIPAL,03041905.DAT
Municipales,2019,05,04201905_MUNI,006402,PSC-CP,PARTIT DELS SOCIALISTES DE CATALUNYA-CANDIDATURA DE PROGRÈS,03041905.DAT
Municipales,2019,05,04201905_MUNI,002310,PSC-CP,PARTIT DELS SOCIALISTES DE CATALUNYA - CANDIDATURA DE PROGRÉS,03041905.DAT
Municipales,2019,05,04201905_MUNI,006945,ERC  -  AM,Esquerra Republicana de Catalunya - Acord Municipal,03041905.DAT
Municipales,2019,05,04201905_MUNI,004117,ERC-GIR-AM,ESQUERRA REPUBLICANA DE CATALUNYA-GRUP INDEPENDENT DE RIELLS I VIABREA-ACORD MUNICIPAL,03041905.DAT
Municipales,2019,05,04201905_MUNI,007422,ERC - AM,ESQUERRA REPUBLICANA DE CATALUNYA -  ACORD MUNICIPAL,03041905.DAT
Municipales,2019,05,04201905_MUNI,004866,JxCat - JUNTS,JUNTS PER CATALUNYA,03041905.DAT
Municipales,2019,05,04201905_MUNI,002636,PSC-CP,PARTIT DELS SOCIALISTES DE CATALUNYA -CANDIDATURA DE PROGRES,03041905.DAT
Municipales,2019,05,04201905_MUNI,003434,ERC-MES-AM,ESQUERRA REPUBLICANA DE CATALUNYA-MOVIMENT D'ESQUERRES-ACORD MUNICIPAL,03041905.DAT
Municipales,2019,05,04201905_MUNI,005626,JxCAT-JUNTS,JUNTS PER CATALUNYA-SANT FELIU DE GUÍXOLS,03041905.DAT
Municipales,2019,05,04201905_MUNI,006393,PSC-CP,PARTIT DELS SOCIALISTES DE CATALUNYA - CANDIDATURA DE PROGRES,03041905.DAT
Municipales,2019,05,04201905_MUNI,001449,GBeC - ERC - Avancem - MES - AM,GUANYEM BADALONA EN COMÚ - ESQUERRA REPUBLICANA DE CATALUNYA- AVANCEM- MES- ACORD MUNICIPAL,03041905.DAT
Municipales,2019,05,04201905_MUNI,001525,PRIMÀRIES,CANOVELLES PER LA INDEPENDÈNCIA-PRIMÀRIES CATALUNYA,03041905.DAT
Municipales,2019,05,04201905_MUNI,007424,C-ERC - AM,Camprodon-Esquerra Republicana de Catalunya - Acord Municipal,03041905.DAT
Municipales,2019,05,04201905_MUNI,006591,PV - VILLAR DE RENA,PLATAFORMA VECINAL. P.V.,03041905.DAT
Municipales,2019,05,04201905_MUNI,007050,ERC-FM-AM,ESQUERRA REPUBLICANA DE CATALUNYA-FEM MUNICIPI ? ACORD MUNICIPAL,03041905.DAT
Municipales,2019,05,04201905_MUNI,003457,JxCAT-JUNTS,JUNTS PER CATALUNYA-ELS PALLARESOS,03041905.DAT
Municipales,2019,05,04201905_MUNI,007426,ERC- AM,ESQUERRA REPUBLICANA DE CATALUNYA - ACORD MUNICIPAL,03041905.DAT
Municipales,2019,05,04201905_MUNI,003588,PRIMÀRIES ARENYS DE MAR-PRIMÀRIES CATALUNYA,PRIMÀRIES ARENYS DE MAR-PRIMÀRIES CATALUNYA,03041905.DAT
Municipales,2019,05,04201905_MUNI,001780,ERC -JxSF-AM,ESQUERRA REPUBLICANA DE CATALUNYA-JUNTS PER SANT FOST-ACORD MUNICIPAL,03041905.DAT
Municipales,2019,05,04201905_MUNI,003505,ERC - AM,ESQUERRA REPUBLICANA DE CATALUNYA- ACORD MUNICIPAL,03041905.DAT
Municipales,2019,05,04201905_MUNI,005398,TSF-ERC-AM,ESQUERRA REPUBLICANA DE CATALUNYA,03041905.DAT
Municipales,2019,05,04201905_MUNI,004908,PSC-CP,PARTIT DELS SOCIALISTES DE CATALUNYA-CANDIDATURA DE PROGRÉS,03041905.DAT
Municipales,2019,05,04201905_MUNI,001790,JxCat - JUNTS,JUNTS PER CATALUNYA - BALENYÀ - ELS HOSTALETS,03041905.DAT
Municipales,2019,05,04201905_MUNI,001333,PSC-MAPM-CP,PARTIT DELS SOCIALISTES DE CATALUNYA-MÉS ACCIÓ PER MARTORELLES-CANDIDATURA DE PROGRÉS,03041905.DAT
Municipales,2019,05,04201905_MUNI,002748,PRIMÀRIES,GELIDA PER LA REPUBLICA - PRIMARIES CATALUNYA,03041905.DAT
Municipales,2019,05,04201905_MUNI,002688,CANIT-IDC,CANET I TU-INDEPENDENTS DE CATALUNYA,03041905.DAT
Municipales,2019,05,04201905_MUNI,002820,COL·LABOREM-ERC-AM,COL·LABOREM-ESQUERRA REPUBLICANA DE CATALUNYA-ACORD MUNICIPAL,03041905.DAT
Municipales,2019,05,04201905_MUNI,001461,PRIMÀRIES,GRANOLLERS PER LA INDENPENDÈNCIA-PRIMÀRIES CATALUNYA,03041905.DAT
Municipales,2019,05,04201905_MUNI,002235,PSC-CP,PARTIT DELS SOCIALISTES DE CATALUNYA - CANDIDATURA PROGRÉS,03041905.DAT
Municipales,2019,05,04201905_MUNI,003686,JxCAT-JUNTS,JUNTS PER CATALUNYA - SANT JOAN LES FONTS,03041905.DAT
Municipales,2019,05,04201905_MUNI,004893,JxCat,JUNTS PER CATALUNYA - TIANA,03041905.DAT
Municipales,2019,05,04201905_MUNI,003668,ERC-+B-AM,ESQUERRA REPUBLICANA DE CATALUNYA - + BESALÚ - ACORD MUNICIPAL,03041905.DAT
Municipales,2019,05,04201905_MUNI,002789,PRIMÀRIES,ENDAVANT TORÀ - PRIMÀRIES CATALUNYA,03041905.DAT
Municipales,2019,05,04201905_MUNI,003891,ERC-AM,ESQUERRA REPUBLICANA DE CATALUNYA-ACORD MUNICIPAL,03041905.DAT
Municipales,2019,05,04201905_MUNI,003544,PSC-MpSC-CP,PARTIT DELS SOCIALISTES DE CATALUNYA-MILLOR PER SANT CUGAT-CANDIDATURA,03041905.DAT
Municipales,2019,05,04201905_MUNI,006882,JUNTS,JUNTS PER CATALUNYA,03041905.DAT
Municipales,2019,05,04201905_MUNI,003106,PSC-CP,30-PARTIT DELS SOCIALISTES DE CATALUNYA-CANDIDATURA DE PROGRÉS,03041905.DAT
Municipales,2019,05,04201905_MUNI,005831,JxCAT-JUNTS,JUNTS PER CATALUNYA-LES PRESES,03041905.DAT
Municipales,2019,05,04201905_MUNI,003163,PRIMÀRIES,ENTESA PER RASQUERA - PRIMÀRIES CATALUNYA,03041905.DAT
Municipales,2019,05,04201905_MUNI,005876,ERC-ARA-AM,ESQUERRA REPUBLICANA DE CATALUNYA-ARA-ACORD MUNICIPAL,03041905.DAT
Municipales,2019,05,04201905_MUNI,005792,JxCat - JUNTS,JUNTS PER CATALUNYA,03041905.DAT
Municipales,2019,05,04201905_MUNI,001672,ERC - AM - AM,ESQUERRA REPUBLICANA DE CATALUNYA-ACORD PEL MASNOU-ACORD MUNICIPAL,03041905.DAT
Municipales,2019,05,04201905_MUNI,002753,ERC-AM,8-ESQUERRA REPUBLICANA DE CATALUNYA-ACORD MUNICIPAL,03041905.DAT
Municipales,2019,05,04201905_MUNI,005246,ERC - AM,ESQUERRA REPUBLICANA DE CATALUNYA- ACORD MUNICIPAL,03041905.DAT
Municipales,2019,05,04201905_MUNI,005277,JxCAT-JUNTS,JUNTS PER CATALUNYA A BARBERÀ DEL VALLÈS,03041905.DAT
Municipales,2019,05,04201905_MUNI,002059,ERC - AM,ESQUERRA REPUBLICANA DE CATALUNYA-ACORD MUNICIPAL,03041905.DAT
Municipales,2019,05,04201905_MUNI,002864,JxCAT-JUNTS,TOT PER CALDERS - JUNTS PER CATALUNYA,03041905.DAT
Municipales,2019,05,04201905_MUNI,007468,JxCAT-JUNTS,JUNTS PER CATALUNYA - MANLLEU,03041905.DAT
Municipales,2019,05,04201905_MUNI,006437,ERC -AM,ESQUERRA REPUBLICANA DE CATALUNYA-ACORD MUNICIPAL (ERC-AM),03041905.DAT
Municipales,2019,05,04201905_MUNI,006305,JxCAT-JUNTS,JUNTS PER CATALUNYA-SALOMÓ,03041905.DAT
Municipales,2019,05,04201905_MUNI,004291,JxCAT-JUNTS,JUNTS PER CATALUNYA-CERVELLO,03041905.DAT
Municipales,2019,05,04201905_MUNI,006619,UNIC-FIC,UNIÓ D'INDEPENDENTS PER LA CONCA - FEDERACIÓ D'INDEPENDENTS DE CATALUNYA,03041905.DAT
Municipales,2019,05,04201905_MUNI,003211,ERC-AM,17-ESQUERRA REPUBLICANA DE CATALUNYA-ACORD MUNICIPAL,03041905.DAT
Municipales,2019,05,04201905_MUNI,004317,JxCAT-JUNTS,JUNTS PER CATALUNYA-BESALÚ,03041905.DAT
Municipales,2019,05,04201905_MUNI,003101,IpM - ERC-AM,INDEPENDENTS PER MUNTANYOLA-ESQUERRA REPUBLICANA DE CATALUNYA - ACORD MUNICIPAL,03041905.DAT
Municipales,2019,05,04201905_MUNI,001470,PCPC,PARTIT COMUNISTA DEL POBLE DE CATALUNYA,03041905.DAT
Municipales,2019,05,04201905_MUNI,001840,PSC- CP,PARTIT DELS SOCIALISTES DE CATALUNYA - CANDIDATURA DE PROGRÈS,03041905.DAT
Municipales,2019,05,04201905_MUNI,006614,EF-FIC,ENTESA PER FIGUEROLA - FEDERACIÓ D'INDEPENDENTS DE CATALUNYA,03041905.DAT
Municipales,2019,05,04201905_MUNI,003914,PSC-CP,PARTIT DELS SOCIALISTES DE CATALUNYA-CANDIDATURA DE PROGRÉS,03041905.DAT
Municipales,2019,05,04201905_MUNI,004700,JxCAT-JUNTS,JUNTS PER CATALUNYA - TEIÀ,03041905.DAT
Municipales,2019,05,04201905_MUNI,003441,PRIMÀRIES,TERRASSA PER LA REPÚBLICA - PRIMÀRIES CATALUNYA,03041905.DAT
Municipales,2019,05,04201905_MUNI,002290,JPMM - JUNTS,JUNTS PER CATALUNYA - MONTORNÉS I MAS DE BONDIA,03041905.DAT
Municipales,2019,05,04201905_MUNI,001268,ERC-AM,Esquerra Republicana de Catalunya - Acord Municipal,03041905.DAT
Municipales,2019,05,04201905_MUNI,004929,SOM-BND,SOMOS BENIDORM plataforma vecinal,03041905.DAT
Municipales,2019,05,04201905_MUNI,001702,ERC - MES - AM,ESQUERRA REPUBLICANA DE CATALUNYA - MOVIMENT D'ESQUERRES - ACORD MUNICIPAL,03041905.DAT
Municipales,2019,05,04201905_MUNI,006772,ERC-AM,ESQUERRA REPUBLICANA DE CATALUNYA ? ACORD MUNICIPAL,03041905.DAT
Municipales,2019,05,04201905_MUNI,002418,ERC- AM,Esquerra Republicana de Catalunya - Acord Municipal,03041905.DAT
Municipales,2019,05,04201905_MUNI,002285,PSC - CP,PARTIT DELS SOCIALISTES DE CATALUNYA-CANDIDATURA DEL PROGRÈS,03041905.DAT
Municipales,2019,05,04201905_MUNI,002188,ERC-AM,Esquerra Republicana de Catalunya - Acord Municipal,03041905.DAT
Municipales,2019,05,04201905_MUNI,002547,ERC-AM,7-ESQUERRA REPUBLICANA DE CATALUNYA-ACORD MUNICIPAL,03041905.DAT
Municipales,2019,05,04201905_MUNI,002984,PSC,PARTIT DELS SOCIALISTES DE CATALUNYA (PSC-PSOE) - CANDIDATURA DE PROGRÉS,03041905.DAT
Municipales,2019,05,04201905_MUNI,003825,JxCAT-JUNTS,JUNTS PER CATALUNYA - LES PLANES D ´HOSTOLES,03041905.DAT
Municipales,2019,05,04201905_MUNI,004041,PSC-CP,PARTIT DELS SOCIALISTES DE CATALUNYA - CANDIDATURA DE POGRÉS,03041905.DAT
Municipales,2019,05,04201905_MUNI,005243,PSC-CP,PARTIT DELS SOCIALISTES DE CATALUNYA (PSC-PSOE),03041905.DAT
Municipales,2019,05,04201905_MUNI,006617,UPS-FIC,UNITS PER SARRAL - FEDERACIÓ D'INDEPENDENTS DE CATALUNYA (FIC),03041905.DAT
Municipales,2019,05,04201905_MUNI,005865,JxCat - JUNTS,JUNTS PER CATALUNYA-RIPOLLET,03041905.DAT
Municipales,2019,05,04201905_MUNI,006618,CSC-FIC,COMPROMIS PER SANTA COLOMA - FEDERACIÓ D'INDEPENDENTS DE CATALUNYA,03041905.DAT
Municipales,2019,05,04201905_MUNI,001404,ERC-MES-AM,ESQUERRA REPUBLICANA DE CATALUNYA-MOVIMENT D'ESQUERRES-ACORD MUNICIPAL,03041905.DAT
Municipales,2019,05,04201905_MUNI,002488,PRIMÀRIES,CENTELLES PER LA REPÚBLICA - PRIMÀRIES CATALUNYA,03041905.DAT
Municipales,2019,05,04201905_MUNI,003472,JxCAT-JUNTS,JUNTS PER CATALUNYA- SANT JUST DESVERN ALCALDIA REPUBLICANA,03041905.DAT
Municipales,2019,05,04201905_MUNI,004082,PSC - CP,PARTIT DELS SOCIALISTES DE CATALUNYA  - CANDIDATURA DE PROGRÉS,03041905.DAT
Municipales,2019,05,04201905_MUNI,006436,ERC - AM,ESQUERRA REPUBLICANA DE CATALUNYA-ACORD MUNICIPAL (ERC-AM),03041905.DAT
Municipales,2019,05,04201905_MUNI,003669,ERC-AM,Esquerra Republicana de Catalunya - Acord Municipal,03041905.DAT
Municipales,2019,05,04201905_MUNI,006330,PSC-CP,PARTIT DELS SOCIALISTES DE CATALUNYA-CANDIDATURA DE PROGRÉS,03041905.DAT
Municipales,2019,05,04201905_MUNI,004567,EN MARXA-JXCAT-JUNTS,EN MARXA-JUNTS PER CATALUNYA,03041905.DAT
Municipales,2019,05,04201905_MUNI,004925,ERC / AM,ESQUERRA REPUBLICANA DE CATALUNYA-ACORD MUNICIPAL,03041905.DAT
Municipales,2019,05,04201905_MUNI,003568,JxCAT-JUNTS,JUNTS PER CATALUNYA-SANT MARTÍ D'ALBARS,03041905.DAT
Municipales,2019,05,04201905_MUNI,002292,PSC-SVH en + - CP,PARTIT DELS SOCIALISTES DE CATALUNYA - SANT VICENÇ EN POSITIU - CANDIDATURA DEL PROGRÉS,03041905.DAT
Municipales,2019,05,04201905_MUNI,001758,ERC-AM,ARA PARETS ESQUERRA REPUBLICANA DE CATALUNYA-ACORD MUNICIPAL,03041905.DAT
Municipales,2019,05,04201905_MUNI,005362,JxCAT-JUNTS,JUNTS PER CATALUNYA SANT CELONI I LA BATLLÒRIA,03041905.DAT
Municipales,2019,05,04201905_MUNI,004201,IA - FIC,INDEPENDENTS ASCÓ (IA) - FEDERACIO D'INDEPENDENTS DE CATALUNYA (FIC),03041905.DAT
Municipales,2019,05,04201905_MUNI,001736,ERC -ACORD- AM,ESQUERRA REPUBLICANA DE CATALUNYA-ACORD  INDEPENDENTISTA PER LA GARRIGA -ACORD MUNICIPAL,03041905.DAT
Municipales,2019,05,04201905_MUNI,008005,IDC,INDEPENDENTS DE CATALUNYA (Barcelona),03041905.DAT
Municipales,2019,05,04201905_MUNI,002797,JxCAT-JUNTS,JUNTS PER CATALUNYA ULLASTRELL,03041905.DAT
Municipales,2019,05,04201905_MUNI,002348,FP - ERC - AM,FEM POBLE- ESQUERRA REPUBLICANA DE CATALUNYA - ACORD MUNICIPAL,03041905.DAT
Municipales,2019,05,04201905_MUNI,001454,ERC + BCN - NOVA - AM,ESQUERRA REPUBLICANA DE CATALUNYA - ERNEST MARAGALL ALCALDE + BCN - NOVA - ACORD MUNICIPAL,03041905.DAT
Municipales,2019,05,04201905_MUNI,001880,ERC - GxVdM - AM,ESQUERRA REPUBLICANA DE CATALUNYA-GENT PER VILASSAR DE MAR-ACORD MUNICIPAL,03041905.DAT
Municipales,2019,05,04201905_MUNI,006903,ERC? AM,ESQUERRA REPUBLICANA DE CATALUNYA ? ACORD MUNICIPAL,03041905.DAT
Municipales,2019,05,04201905_MUNI,006885,PSC-CP,PARTIT DELS SOCIALISTES DE CATALUNYA ? CANDIDATURA DE PROGRÉS,03041905.DAT
Municipales,2019,05,04201905_MUNI,006993,JLL-ERC-AM,JUNTAS  PER  LA LLACUNA -ESQUERRA REPUBLICANA DE CATALUNYA -ACORD MUNICIPAL,03041905.DAT
Municipales,2019,05,04201905_MUNI,001289,OLÓ SOM TOTS-ERC-AM,OLÓ SOM TOTS-ESQUERRA REPUBLICANA DE CATALUNYA-ACORD MUNICIPAL,03041905.DAT
Municipales,2019,05,04201905_MUNI,005071,PSC-JpS-CP,PARTIT DEL SOCIALISTES DE CATALUNYA-JUNTS PER LA SELVA-CANDIDATURA DE PROGRÉS,03041905.DAT
Municipales,2019,05,04201905_MUNI,006768,JXAIGUAVIVA-IDC,JUNTS PER AIGUAVIVA - INDEPENDENTS DE CATALUNYA,03041905.DAT
Municipales,2019,05,04201905_MUNI,002959,AP-PSC-CP,ALELLA PRIMER-PARTIT DELS SOCIALISTES DE CATALUNYA-CANDIDATURA DE PROGRÈS,03041905.DAT
Municipales,2019,05,04201905_MUNI,005625,PSC - CP,PARTIT DELS SOCIALISTES DE CATALUNYA - CANDIDATURA DE PROGRÉS,03041905.DAT
Municipales,2019,05,04201905_MUNI,002869,ERC-AM,14-ESQUERRA REPUBLICANA DE CATALUNYA-ACORD MUNICIPAL,03041905.DAT
Municipales,2019,05,04201905_MUNI,007416,ERC ? AM,ESQUERRA REPUBLICANA DE CATALUNYA ? ACORD MUNICIPAL,03041905.DAT
Municipales,2019,05,04201905_MUNI,005810,JxCat - JUNTS,SEMPRE PER BEGUR I ESCLANYA - JUNTS PER CATALUNYA,03041905.DAT
Municipales,2019,05,04201905_MUNI,001698,PSC-CP,PARTIT DELS SOCIALISTES DE CATALUNYA -CANDIDATURA DE PROGRÉS,03041905.DAT
Municipales,2019,05,04201905_MUNI,002739,PSC-CP,23-PARTIT DELS SOCIALISTES DE CATALUNYA-CANDIDATURA DE PROGRÉS,03041905.DAT
Municipales,2019,05,04201905_MUNI,002808,ERC-AM,10-ESQUERRA REPUBLICANA DE CATALUNYA-ACORD MUNICIPAL,03041905.DAT
Municipales,2019,05,04201905_MUNI,004821,PSC-CP,PARTIT DELS SOCIALISTES DE CATALUNYA-CANDIDATURA DE PROGRÈS,03041905.DAT
Municipales,2019,05,04201905_MUNI,005172,JUNTS,JUNTS PER CATALUNYA-SANT CEBRIÀ,03041905.DAT
Municipales,2019,05,04201905_MUNI,002655,SOM DE CASTELLAR-PSC-CP,SOM DE CASTELLAR-PARTIT DELS SOCIALISTES DE CATALUNYA-CANDIDATURA DE PROGRÉS,03041905.DAT
Municipales,2019,05,04201905_MUNI,006965,FU-ERC-AM,FLAÇÀ VIU-ESQUERRA REPUBLICANA DE CATALUNYA-ACORD MUNICIPAL,03041905.DAT
Municipales,2019,05,04201905_MUNI,001663,ERC - AM,ESQUERRA  REPUBLICANA DE  CATALUNYA ACORD - ACORD MUNICPAL,03041905.DAT
Municipales,2019,05,04201905_MUNI,001024,IXT-ERC-AM,INDEPENDENTS PER TARROJA-ESQUERRA REPUBLICANA DE CATALUNYA-ACORD MUNICIPAL,03041905.DAT
Municipales,2019,05,04201905_MUNI,001772,ERC-AC,ESQUERRA REPUBLICANA DE CATALUNYA-ACORD MUNICIPAL,03041905.DAT
Municipales,2019,05,04201905_MUNI,001220,PAÑ,PLATAFORMA Ñ,03041905.DAT
Municipales,2019,05,04201905_MUNI,002895,ERC - JpT - AM,ESQUERRA REPUBLICANA DE CATALUNYA-JUNTS PER TORELLÓ-ACORD MUNICIPAL,03041905.DAT
Municipales,2019,05,04201905_MUNI,001503,P.C.P.B.,PLATAFORMA CIUTADANA PER BARBERA,03041905.DAT
Municipales,2019,05,04201905_MUNI,006615,EV-FIC,ESQUERRA DE VILABELLA - FEDERACIÓ D'INDEPENDENTS DE CATALUNYA,03041905.DAT
Municipales,2019,05,04201905_MUNI,005774,JxCat - JUNTS,JUNTS PER CATALUNYA - FOIXÀ LA SALA I SANT LLORENÇ D'ARENES,03041905.DAT
Municipales,2019,05,04201905_MUNI,002281,GPC-FIC,GENT PEL CANVI -FEDERACIÓ D'INDEPENDENTS DE CATALUNYA,03041905.DAT
Municipales,2019,05,04201905_MUNI,006876,GENT de L?Escala-IDC,GENT DE L?ESCALA-INDEPENDENTS DE CATALUNYA,03041905.DAT
Municipales,2019,05,04201905_MUNI,001487,AeP - ERC - AM,L'ALDEA EN POSITIU - ESQUERRA REPUBLICANA DE CATALUNYA - ACORD MUNICIPAL,03041905.DAT
Municipales,2019,05,04201905_MUNI,005073,PSC-CP,PARTIT DELS SOCIALISTES DE CATALUNYA -CANDIDATURA DE PROGRÉS,03041905.DAT
Municipales,2019,05,04201905_MUNI,006771,JUNTS,JUNTS PER CATALUNYA,03041905.DAT
Municipales,2019,05,04201905_MUNI,001894,P.I.N.,PLATAFORMA INDEPENDIENTE POR LOS NAVALUCILLOS,03041905.DAT
Municipales,2019,05,04201905_MUNI,004870,UA-PSC-CP,UNITAT D'ARAN-PARTIT DELS SOCIALISTES DE CATALUNYA-CANDIDATURA DE PROGRÉS,03041905.DAT
Municipales,2019,05,04201905_MUNI,002584,SOM MEDIONA-ERC-AM,4-SOM MEDIONA-ESQUERRA REPUBLICANA DE CATALUNYA-ACORD MUNICIPAL,03041905.DAT
Municipales,2019,05,04201905_TOTA,003405,JxCAT-JUNTS,JUNTS PER CATALUNYA CASTELLBISBAL,03041905.DAT
Municipales,2019,05,04201905_TOTA,006983,PUC-AM,PLATAFORMA UNITS PER CASTELLOLÍ - ACORD MUNICIPAL,03041905.DAT
Municipales,2019,05,04201905_TOTA,001019,ERC-AM,ESQUERRA REPUBLICANA DE CATALUNYA -ACORD MUNICIAL,03041905.DAT
Municipales,2019,05,04201905_TOTA,006921,JxCAT-JUNTS,JUNTS PER CATALUNYA-SERINYÀ,03041905.DAT
Municipales,2019,05,04201905_TOTA,002595,ERC - CxV - AM,ESQUERRA REPUBLICANA DE CATALUNYA- COMPROMÍS PER VALLS-ACORD MUNICIPAL,03041905.DAT
Municipales,2019,05,04201905_TOTA,007348,ERC-PD-AM,ESQUERRA REPUBLICANA DE CATALUNYA-PALAU DECIDEIX-ACORD MUNICIPAL,03041905.DAT
Municipales,2019,05,04201905_TOTA,002223,PRIMÀRIES,VILASSAR DE MAR PER LA REPÚBLICA - PRIMÀRIES CATALUNYA,03041905.DAT
Municipales,2019,05,04201905_TOTA,002944,MRI-ERC-AM,MASIES DE RODA INDEPENDENT-ESQUERRA REPUBLICANA DE CATALUNYA-ACORD MUNICIPAL,03041905.DAT
Municipales,2019,05,04201905_TOTA,005545,PVNM,PLATAFORMA VECINAL NAVALAFUENTE MEJOR,03041905.DAT
Municipales,2019,05,04201905_TOTA,006900,JxCAT ? JUNTS,JUNTS PER CATALUNYA-L?ESCALA,03041905.DAT
Municipales,2019,05,04201905_TOTA,006507,JxCat - JUNTS,JUNTS PER CATALUNYA - SANT VICENÇ DELS HORTS,03041905.DAT
Municipales,2019,05,04201905_TOTA,001514,IFP - ERC - AM,Implicats fem poble - ESQUERRA REPUBLICANA DE CATALUNYA - Acord Municipal,03041905.DAT
Municipales,2019,05,04201905_TOTA,005797,JUNTS,JUNTS PER CATALUNYA - SANT QUIRZE,03041905.DAT
Municipales,2019,05,04201905_TOTA,005489,ERC  - AM,ESQUERRA REPUBLICANA DE CATALUNYA -ACORD MUNICIPAL,03041905.DAT
Municipales,2019,05,04201905_TOTA,006935,ERC-AM,ESQUERRA REPUBLICANA DE CATALUNYA-JUNTS PER VILADEMULS-ACORD MUNICIPAL,03041905.DAT
Municipales,2019,05,04201905_TOTA,006374,ERC-AM,ESQUERRA REPUBLICANA DE CATALUNYA-ACORD MUNICIPAL (ERC-AM),03041905.DAT
Municipales,2019,05,04201905_TOTA,003665,ST-ERC-AM,SOM TORTELLÀ - ESQUERRA REPUBLICANA DE CATALUNYA - ACORD MUNICIPAL,03041905.DAT
Municipales,2019,05,04201905_TOTA,002781,JxCAT-JUNTS,JUNTS PER CATALUNYA-ABRERA,03041905.DAT
Municipales,2019,05,04201905_TOTA,006301,JxCAT-JUNTS,JUNTS PER CATALUNYA-TORREDEMBARRA-Jxcat-junts,03041905.DAT
Municipales,2019,05,04201905_TOTA,002509,PSC - CP,PARTIT DELS SOCIALISTES DE CATALUNYA - CANDIDATURA DE PROGRÉS,03041905.DAT
Municipales,2019,05,04201905_TOTA,001976,PRIMÀRIES,PRIMÀRIES PREMIÀ DE MAR-PRIMÀRIES CATALUNYA,03041905.DAT
Municipales,2019,05,04201905_TOTA,002965,F.I.C.,ENDAVANT TOSSA-FEDERACIO D'INDEPENDENTS DE CATALUNYA,03041905.DAT
Municipales,2019,05,04201905_TOTA,004823,UA-PSC-CP,UNITAT D'ARAN-PARTIT DELS SOCIALISTES-DE CATALUNYA-CANDIDATURA DE PROGRÉS,03041905.DAT
Municipales,2019,05,04201905_TOTA,002446,JxCat - JUNTS,JUNTS PER CATALUNYA-CASTELLTERÇOL,03041905.DAT
Municipales,2019,05,04201905_TOTA,006707,PSC-CP,PARTIT DELS SOCIALISTES DE CATALUNYA- CANDIDATURA DE PROGRÉS,03041905.DAT
Municipales,2019,05,04201905_TOTA,002382,ERC - SUMEN- MES- AM,ESQUERRA REPUBLICANA DE CATALUNYA -SUMEM MOVIMENT D'ESQUERRES- ACORD MUNICIPAL,03041905.DAT
Municipales,2019,05,04201905_TOTA,002935,ERC - AM,ESQUERRA REPUBLICANA DE CATALUNYA-ACORD MUNICIPAL,03041905.DAT
Municipales,2019,05,04201905_TOTA,005164,PSC-CP,PARTIT DEL SOCIALISTES DE CATALUNYA-CANDIDATURA DE PROGRÉS,03041905.DAT
Municipales,2019,05,04201905_TOTA,003033,JxCAT-JUNTS,JUNTS PER CATALUNYA - VILANOVA DE SAU,03041905.DAT
Municipales,2019,05,04201905_TOTA,003231,CAT EN COMU-SAB-ECG,CATALUNYA EN COMÚ SANT ANDREU DE LA BARCA- EN COMÚ GUANYEM,03041905.DAT
Municipales,2019,05,04201905_TOTA,001481,PSC - CP,PARTIT DELS SOCIALISTES DE CATALUNYA - CANDIDATURA DE PROGRÉS,03041905.DAT
Municipales,2019,05,04201905_TOTA,002443,ERC - MES - AM,ESQUERRA REPUBLICANA DE CATALUNYA - MOVIMENT D'ESQUERRES - ACORD MUNICIPAL,03041905.DAT
Municipales,2019,05,04201905_TOTA,006597,IQ-FIC,INDEPENDENTS PER QUEROL- FEDERACIÓ D'INDEPENDENTS DE CATALUNYA,03041905.DAT
Municipales,2019,05,04201905_TOTA,004796,SOM-HI - FIC,SOM-HI L'ALEIXAR - FEDERACIO D'INDEPENDENTS DE CATALUNYA,03041905.DAT
Municipales,2019,05,04201905_TOTA,001857,PRIMÀRIES,PRIMÀRIES LLEIDA - PRIMÀRIES CATALUNYA,03041905.DAT
Municipales,2019,05,04201905_TOTA,003394,VIT-FIC,71-VEÏNS INDEPENDENTS DE TORRELAVIT - FEDERACIO D'INDEPENDENTS DE CATALUNYA-FIC,03041905.DAT
Municipales,2019,05,04201905_TOTA,002349,IxS - ERC - AM,INDEPENDENTS PER SANAÜJA - ESQUERRA REPUBLICANA DE CATALUNYA - ACORD MUNICIPAL,03041905.DAT
Municipales,2019,05,04201905_TOTA,004394,AUP-FIC,AGRUPACIÓ UNITS pel PALAU-FEDERACIÓ D'INDEPENDENTS DE CATALUNYA,03041905.DAT
Municipales,2019,05,04201905_TOTA,002556,#MotrilDICE,#MotrilDICE (Plataforma Ciudadana #MotrilDICE),03041905.DAT
Municipales,2019,05,04201905_TOTA,003162,JxCat - JUNTS,JUNTS PER CATALUNYA - SANTA COLOMA,03041905.DAT
Municipales,2019,05,04201905_TOTA,001787,MxV-ERC-AM,MES PER VALLROMANES-ESQUERRA REPUBLICANA DE CATALUNYA-ACORD MUNICIPAL,03041905.DAT
Municipales,2019,05,04201905_TOTA,001826,ERC -AM,Esquerra Republicana de Catalunya - Acord Municipal,03041905.DAT
Municipales,2019,05,04201905_TOTA,001351,PSC-CP,PARTIT DELS SOCIALISTES DE CATALUNYA-CANDIDATURA DE PROGRÉS (PSC-PSOE),03041905.DAT
Municipales,2019,05,04201905_TOTA,003793,JxCAT-JUNTS,JUNTS PER CATALUNYA - LA VALL D´ EN BAS,03041905.DAT
Municipales,2019,05,04201905_TOTA,006649,ERC-AM,ESQUERRA REPUBLICANA DE CATALUNYA-ACORD MUNICIPAL,03041905.DAT
Municipales,2019,05,04201905_TOTA,001331,PSC-CP,PARTIT DELS SOCIALISTES DE CATALUNYA- CANDIDATURA DE PROGRÉS,03041905.DAT
Municipales,2019,05,04201905_TOTA,004745,FIC,FEDERACIO D'INDEPENDENTS DE CATALUNYA,03041905.DAT
Municipales,2019,05,04201905_TOTA,006814,ERC-AM,ESQUERRA REPUBLICANA DE CATALUNYA ? ACORD MUNICIPAL,03041905.DAT
Municipales,2019,05,04201905_TOTA,006728,ERC-AM,ESQUERRA REPUBLICANA DE CATALUNYA - ACORD MUNICIPAL,03041905.DAT
Municipales,2019,05,04201905_TOTA,004626,JxCAT-JUNTS,JUNTS PER CATALUNYA,03041905.DAT
Municipales,2019,05,04201905_TOTA,002886,ERC-AM,15-ESQUERRA REPUBLICANA DE CATALUNYA-ACORD MUNICIPAL,03041905.DAT
Municipales,2019,05,04201905_TOTA,001813,CaT - ERC - AM,COMPROMÍS AMB TEIÀ - ESQUERRA REPUBLICANA DE CATALUNYA - ACORD MUNICIPAL,03041905.DAT
Municipales,2019,05,04201905_TOTA,001251,PSC-CP,PARTIT  DELS SOCIALISTES DE CATALUNYA - CANDIDATURA DE PROGRÉS,03041905.DAT
Municipales,2019,05,04201905_TOTA,004287,ERC-JuntsxPineda-AM,ESQUERRA REPUBLICANA DE CATALUNYA-JUNTS PER PINEDA-ACORD MUNICIPAL,03041905.DAT
Municipales,2019,05,04201905_TOTA,004696,VST-ERC-AM,VIDRERES SOM TOTS-ESQUERRA REPUBLICANA DE CATALUNYA-ACORD MUNICIPAL,03041905.DAT
Municipales,2019,05,04201905_TOTA,005642,ERC-SEE-AM,ESQUERRA REPUBLICANA DE CATALUNYA-SANTA SUSANNA ENDAVANT- ACORD MUNICIPAL,03041905.DAT
Municipales,2019,05,04201905_TOTA,002068,PSC - CP,PARTIT DELS SOCIALISTES DE CATALUNYA (PSC-PSOE) - CANIDATURA DE PROGRÉS,03041905.DAT
Municipales,2019,05,04201905_TOTA,005151,JxCat - JUNTS,JUNTS PER CATALUNYA - REGENCÓS,03041905.DAT
Municipales,2019,05,04201905_TOTA,005736,PRIMÀRIES,FRONT L'H-PRIMÀRIES CATALUNYA,03041905.DAT
Municipales,2019,05,04201905_TOTA,002557,PSC - CP,PARTIT DELS SOCIALISTES DE CATALUNYA - CANDIDATURA DE PROGÉS,03041905.DAT
Municipales,2019,05,04201905_TOTA,005708,JxP - ERC - AM,JUNTS X PALS -ESQUERRA REPUBLICANA DE CATALUNYA - ACORD MUNICIPAL,03041905.DAT
Municipales,2019,05,04201905_TOTA,006703,JUNTS,JUNTS PER CATALUNYA-FEM COPONS,03041905.DAT
Municipales,2019,05,04201905_TOTA,006916,JxCAT-JUNTS,JUNTS PER CATALUNYA-SANT JULIÀ DE RAMÍS MEDINYÀ,03041905.DAT
Municipales,2019,05,04201905_TOTA,007412,ERC - AM,ESQUERRA REPUBLICANA DE CATALUNYA ? ACORD MUNICIPAL,03041905.DAT
Municipales,2019,05,04201905_TOTA,006949,ERC-AM,ESQUERRA REPUBLICANA DE CATALUNYA-ACORD MUNICIPAL,03041905.DAT
Municipales,2019,05,04201905_TOTA,001770,ERC-AM,INDEPENDENTS-ESQUERRA REPUBLICANA DE CATALUNYA - ACORD MUNICIPAL,03041905.DAT
Municipales,2019,05,04201905_TOTA,005458,PSC-CP,PARTIT DELS SOCIALISTES DE CATALUNYA-CANDIDATURA DE PROGRÉS (PSC-CP),03041905.DAT
Municipales,2019,05,04201905_TOTA,006726,ERC-AM,ESQUERRA REPUBLICANA DE CATALUNYA.ACORD MUNICIPAL,03041905.DAT
Municipales,2019,05,04201905_TOTA,003214,JxCat - JUNTS,JUNTS PER CATALUNYA - SANT ADRIÀ,03041905.DAT
Municipales,2019,05,04201905_TOTA,001546,PIQ,PLATAFORMA INDEPENDIENTE DE QUENTAR,03041905.DAT
Municipales,2019,05,04201905_TOTA,001328,JUNTS-ERC-AM,"JUNTS PER CANET, FALS, CAMPS I FONOLLOSA - ESQUERRA REPUBLICANA DE CATALUNYA - ACORD MUNICIPAL",03041905.DAT
Municipales,2019,05,04201905_TOTA,005900,Junts - ERC - AM,JUNTS PER SANT QUIRZE-ESQUERRA REPUBLICANA DE CATALUNYA-ACORD MUNICIPAL,03041905.DAT
Municipales,2019,05,04201905_TOTA,007045,ERC / ESQUERRA,ESQUERRA REPUBLICANA DE CATALUNYA-ACORD MUNICIPAL,03041905.DAT
Municipales,2019,05,04201905_TOTA,007452,IpO-ERC - AM,INDEPENDENTS PER OGASSA-ESQUERRA REPUBLICANA DE CATALUNYA - ACORD MUNICIPAL,03041905.DAT
Municipales,2019,05,04201905_TOTA,005038,PSC-CP,PARTIT DELS SOCIALISTES DE CATALUNYA-CANDIDATURA DE PROGRÉS,03041905.DAT
Municipales,2019,05,04201905_TOTA,001510,MD - ERC - AM,MÉS DELTEBRE - ESQUERRA REPUBLICANA DE CATALUNYA - ACORD MUNICIPAL,03041905.DAT
Municipales,2019,05,04201905_TOTA,005671,ERC-INDEPENDENTS-AM,ESQUERRA REPUBLICANA DE CATALUNYA-INDEPENDENTS-ACORD MUNICIPAL,03041905.DAT
Municipales,2019,05,04201905_TOTA,002358,JxCAT-JUNTS,JUNTS PER CATALUNYA VILANOVA I LA  GELTRÚ,03041905.DAT
Municipales,2019,05,04201905_TOTA,001979,ERC -AM,Esquerra Republicana de Catalunya - Acord Municipal,03041905.DAT
Municipales,2019,05,04201905_TOTA,002979,PSC-CP,PARTIT DELS SOCIALISTES DE CATALUNYA - UNITS PER PREMIÀ DE MAR - CANDIDATURA DE PROGRÉS,03041905.DAT
Municipales,2019,05,04201905_TOTA,004352,ERC-AM,ESQUERRA REPUBLICANA DE CATALUNYA-ACORD MUNICIPAL,03041905.DAT
Municipales,2019,05,04201905_TOTA,005702,ERC-AM,ESQUERRA REPUBLICANA DE CATALUNYA,03041905.DAT
Municipales,2019,05,04201905_TOTA,004946,PSC-CP,PARTIT DELS SOCIALISTES DE CATALUNYA-CANDIODATURA DE PROGRÉS,03041905.DAT
Municipales,2019,05,04201905_TOTA,002138,PSC-EPR-CP,PARTIT DELS SOCIALISTES DE CATALUNYA-ESQUERRA PER ROQUETES-CANDIDATURA DE PROGRÉS,03041905.DAT
Municipales,2019,05,04201905_TOTA,001108,ERC -AM,ESQUERRA REPUBLICANA DE CATALUNYA-ACORD MUNICIPAL,03041905.DAT
Municipales,2019,05,04201905_TOTA,003629,CPF - ERC - AM,CALLDETENES PRESENT I FUTUR-ESQUERRA REPUBLICANA DE CATALUNYA-ACORD MUNICIPAL,03041905.DAT
Municipales,2019,05,04201905_TOTA,006943,PSC- CP,PARTIT DELS SOCIALISTES DE CATALUNYA ? CANDIDATURES DEL PROGRÉS,03041905.DAT
Municipales,2019,05,04201905_TOTA,007374,FEM-VIU-ERC-AM,FEM MUNICIPI-VIU RIALP-ESQUERRA REPUBLICANA DE CATALUNYA- ACORD MUNICI,03041905.DAT
Municipales,2019,05,04201905_TOTA,008006,IDC,INDEPENDENTS DE CATALUNYA (Gerona),03041905.DAT
Municipales,2019,05,04201905_TOTA,006616,MXC-FIC,MILANENCS PEL CANVI - FEDERACIÓ D'INDEPENDENTS DE CATALUNYA,03041905.DAT
Municipales,2019,05,04201905_TOTA,001457,ERC - AM,Esquerra Republicana de Catalunya - Acord Municipal,03041905.DAT
Municipales,2019,05,04201905_TOTA,003031,PSC -CP,PARTIT DELS SOCIALISTES DE CATALUNYA - CANDIDATURA DE PROGRÉS,03041905.DAT
Municipales,2019,05,04201905_TOTA,002857,ERC-AM,13-ESQUERRA REPUBLICANA DE CATALUNYA-ACORD MUNICIPAL,03041905.DAT
Municipales,2019,05,04201905_TOTA,003412,PSC-CP,PARTIT DELS SOCIALISTES DE CATALUNYA - CANDIDATURA DE PROGRES,03041905.DAT
Municipales,2019,05,04201905_TOTA,006192,ERC - AM,ESQUERRA REPUBLICANA DE CATALUNYA,03041905.DAT
Municipales,2019,05,04201905_TOTA,006430,ERC - AM,ESQUERRA REPUBLICANA DE CATALUNYA-ACORD MUNICIPAL (ERC-AM),03041905.DAT
Municipales,2019,05,04201905_TOTA,006821,CpC ? ERC ? AM,COMPROMÍS PER CORNELLÀ-ESQUERRA REPUBLICANA DE CATALUNYA ? ACORD MUNICIPAL,03041905.DAT
Municipales,2019,05,04201905_TOTA,005389,P.P.SO.,PLATAFORMA DEL PUEBLO SORIANO,03041905.DAT
Municipales,2019,05,04201905_TOTA,003883,ERC-AM,ESQUERRA REPUBLICANA DE CATALUNYA-ACORD MUNICIPAL,03041905.DAT
Municipales,2019,05,04201905_TOTA,002914,JxCAT-JUNTS,JUNTS PER CATALUNYA-TORELLÓ,03041905.DAT
Municipales,2019,05,04201905_TOTA,006095,PRIMÀRIES,PALAU-SOLITÀ I PLEGAMANS PER LA REPÚBLICA - PRIMÀRIES CATALUNYA,03041905.DAT
Municipales,2019,05,04201905_TOTA,002719,PRIMÀRIES,AIXEQUEM FIGUERES - PRIMÀRIES CATALUNYA,03041905.DAT
Municipales,2019,05,04201905_TOTA,006307,AVP-FIC,FEDERACIO D'INDEPENDENTS DE CATALUNYA- AGRUPACIO VEINAL PLATGES (AVP),03041905.DAT
Municipales,2019,05,04201905_TOTA,006942,ERC? AM,ESQUERRA REPUBLICANA DE CATALUNYA ? ACORD MUNICIPAL,03041905.DAT
Municipales,2019,05,04201905_TOTA,001234,PSC-BIRSÍP-CP,PARTIT DELS SOCALISTES DE CATALUNYA-BIGUES I RIELLS SI PUEDE- CANDIDATURA DE PROGRÉS,03041905.DAT
Municipales,2019,05,04201905_TOTA,006816,FC ? ERC ? AM,FEM CELRÀ-ESQUERRA REPUBLICANA DE CATALUNYA-ACORD MUNICIPAL,03041905.DAT
Municipales,2019,05,04201905_TOTA,001549,PSC-CP,PARTIT DELS SOCIALISTES DE CATALUNYA -CANDIDATURA DE PROGRÉS,03041905.DAT
Municipales,2019,05,04201905_TOTA,004030,ERC -AM,Esquerra Republicana de Catalunya - Acord Municipal,03041905.DAT
Municipales,2019,05,04201905_TOTA,005291,PCPC,PARTIT COMUNISTA DEL POBLE DE CATALUNYA (PCPC),03041905.DAT
Municipales,2019,05,04201905_TOTA,001981,DEMÒCRATES,DEMÒCRATES DE CATALUNYA,03041905.DAT
Municipales,2019,05,04201905_TOTA,007206,P.D.L.,PLATAFORMA DE LERÍN,03041905.DAT
Municipales,2019,05,04201905_TOTA,003197,ERC-AM,ESQUERRA REPUBLICANA DE CATALUNYA LA POBLA DE LILLET-ACORD MUNICIPAL,03041905.DAT
Municipales,2019,05,04201905_TOTA,004926,JxCAT-JUNTS,JUNTS PER CATALUNYA-VIDRERES,03041905.DAT
Municipales,2019,05,04201905_TOTA,005762,ERC -AM,ESQUERRA REPUBLICANA DE CATALUNYA-ACORD MUNICIPAL,03041905.DAT
Municipales,2019,05,04201905_TOTA,002896,PSC-CP,28-PARTIT DELS SOCIALISTES DE CATALUNYA-CANDIDATURA DE PROGRÉS,03041905.DAT
Municipales,2019,05,04201905_TOTA,007006,ERC -AM,: ESQUERRA REPUBLICANA DE CATALUNYA -  ACORD MUNICIPAL,03041905.DAT
Municipales,2019,05,04201905_TOTA,003169,ERC - AM,Esquerra Republicana de Catalunya - Acord Municipal,03041905.DAT
Municipales,2019,05,04201905_TOTA,006340,PSC-CP,PARTIT DELS SOCIALISTES DE CATALUNYA- CANDIDATURA DE PROGRÉS (PSC-CP),03041905.DAT
Municipales,2019,05,04201905_TOTA,005777,PSC-CP,PARTIT DELS SOCIALISTES DE CATALUNYA - CANDIDATURA DE PROGRÈS,03041905.DAT
Municipales,2019,05,04201905_TOTA,001871,ERC - AM,Esquerra Republicana de Catalunya - Acord Municipal,03041905.DAT
Municipales,2019,05,04201905_TOTA,002276,M'estimo Cervelló - PSC-CP,"M'ESTIMO CERVELLÓ, PARTIT DELS SOCIALISTES DE CATALUNYA - CANDIDATURA DE PROGRÈS",03041905.DAT
Municipales,2019,05,04201905_TOTA,001483,MxM - ERC - AM,Més per Maçanet - Esquerra Republicana de Catalunya - Acord Municipal,03041905.DAT
Municipales,2019,05,04201905_TOTA,004313,PSC-CP,PARTIT DELS SOCIALISTES DE CATALUNYA- CANDIDATURA DE PROGRÉS,03041905.DAT
Municipales,2019,05,04201905_TOTA,002387,ERC - GxE -  AM,ESQUERRA REPUBLICANA DE CATALUNYA ? GENT PER ESPLUGUES ? ACORD MUNICIPAL,03041905.DAT
Municipales,2019,05,04201905_TOTA,001711,PLATAFORMA ELECTORES ASEMBLEA DE CARRAL,PLATAFORMA ELECTORES ASEMBLEA DE CARRAL,03041905.DAT
Municipales,2019,05,04201905_TOTA,004025,PRIMÀRIES CATALUNYA,PRIMÀRIES MANRESA - PRIMÀRIES CATALUNYA,03041905.DAT
Municipales,2019,05,04201905_TOTA,002742,PRIMÀRIES,MOLINS DE REI PER LA REPUBLICA- PRIMÀRIES CATALUNYA,03041905.DAT
Municipales,2019,05,04201905_TOTA,003273,PSC-CP,PARTIT DELS SOCIALISTES DE CATALUNYA - UNITS - CANDIDATURA DE PROGRÉS,03041905.DAT
Municipales,2019,05,04201905_TOTA,005104,PNB,PLATAFORMA DE NUEVO BAZTAN,03041905.DAT
Municipales,2019,05,04201905_TOTA,003729,ERC-AM,ESQUERRA REPUBLICANA DE CATALUNYA ? ACORD MUNICIPAL,03041905.DAT
Municipales,2019,05,04201905_TOTA,004847,ERC-AM,ESQUERRA REPUBLICANA DE CATALUNYA-ACORD MUNICIPAL,03041905.DAT
Municipales,2019,05,04201905_TOTA,004447,SV-ERC-AM,SOM VILADRAU-ESQUERRA REPUBLICANA DE CATALUNYA-ACORD MUNICIPAL,03041905.DAT
Municipales,2019,05,04201905_TOTA,003452,ERC-MES-AM,ESQUERRA REPUBLICANA DE CATALUNYA-MOVIMENT D'ESQUERRES-ACORD MUNICIPAL,03041905.DAT
Municipales,2019,05,04201905_TOTA,004215,JxCAT-JUNTS,JUNTS PER CATALUNYA- RIUDAURA,03041905.DAT
Municipales,2019,05,04201905_TOTA,002841,ERC-AM,12-ESQUERRA REPUBLICANA DE CATALUNYA-ACORD MUNICIPAL,03041905.DAT
Municipales,2019,05,04201905_TOTA,003097,PSC-CP,29-PARTIT DELS SOCIALISTES DE CATALUNYA-CANDIDATURA DE PROGRÉS,03041905.DAT
Municipales,2019,05,04201905_TOTA,002639,FEP - JxCat - JUNTS,FEM EL PAPIOL - JUNTS PER CATALUNYA,03041905.DAT
Municipales,2019,05,04201905_TOTA,002178,JUNTS,JUNTS PER CATALUNYA-CALDES DE MONTBUI,03041905.DAT
Municipales,2019,05,04201905_TOTA,006886,JxCAT-JUNTS,JUNTS PER CATALUNYA,03041905.DAT
Municipales,2019,05,04201905_TOTA,001777,ERC -AM,ESQUERRA REPUBLICANA DE CATALUNYA- ACORD MUNICIPAL,03041905.DAT
Municipales,2019,05,04201905_TOTA,006823,ERC? JpE ? AM,ESQUERRA REPUBLICANA DE CATALUNYA - JUNTS PER ESPONELLÀ - ACORD MUNICIPAL,03041905.DAT
Municipales,2019,05,04201905_TOTA,006766,JxCAT-JUNTS,JUNTS PER CATALUNYA ? AIGUAVIVA,03041905.DAT
Municipales,2019,05,04201905_TOTA,001763,AraSí - ERC - AM,ARA SÍ SANTA EUGÈNIA-ESQUERRA REPUBLICANA DE CATALUNYA-ACORD MUNICIPAL,03041905.DAT
Municipales,2019,05,04201905_TOTA,006958,PSC-CP,PARTIT DELS SOCIALISTES DE CATALUNYA ? CANDIDATURA DE PROGRÉS,03041905.DAT
Municipales,2019,05,04201905_TOTA,003529,JxCat - JUNTS,JUNTS PER CATALUNYA - ARBECA,03041905.DAT
Municipales,2019,05,04201905_TOTA,005075,MEMxJxCAT-JUNTS,JUNTS PER CATALUNYA-MALGRAT ENS MOU,03041905.DAT
Municipales,2019,05,04201905_TOTA,001437,SOM-ERC-AM,SOM-ESQUERRA REPUBLICANA DE CATALUNYA-ACORD MUNICIPAL,03041905.DAT
Municipales,2019,05,04201905_TOTA,003145,PlataformADRA,PLATAFORMA POR ADRA,03041905.DAT
Municipales,2019,05,04201905_TOTA,002758,JxCAT-JUNTS,JUNTS PER CATALUNYA-TAVERTET,03041905.DAT
Municipales,2019,05,04201905_TOTA,002009,ERC - AM,Esquerra Republicana de Catalunya - Acord Municipal,03041905.DAT
Municipales,2019,05,04201905_TOTA,001760,Ara Mollet ERC-MES-AM,ARA MOLLET ESQUERRA REPUBLICANA DE CATALUNYA-MOVIMENT D'ESQUERRES-ACORD MUNICIPAL,03041905.DAT
Municipales,2019,05,04201905_TOTA,006159,PCdT,PLATAFORMA CIUDADANA DE TOBARRA,03041905.DAT
Municipales,2019,05,04201905_TOTA,006486,F.P.F.,"FOZ, PLATAFORMA DE FUTURO",03041905.DAT
Municipales,2019,05,04201905_TOTA,004793,UA-PSC-CP,UNITAT D'ARAN-PARTIT DELS SOCIALISTES DE CATALUNYA- CANDIDATURA DE PROGRÉS,03041905.DAT
Municipales,2019,05,04201905_TOTA,003429,ERC - MES - AM,Esquerra Republicana de Catalunya-Moviment d'Esquerres - Acord Municipal,03041905.DAT
Municipales,2019,05,04201905_TOTA,002287,ERC - AM,ESQUERRA REPUBLICANA DE CATALUNYA-ACORD MUNICIPAL,03041905.DAT
Municipales,2019,05,04201905_TOTA,007368,FM-VIU-ERC-AM,FEM MUNICIPI-VIU LLAVORSÍ-ESQUERRA REPUBLICANA DE CATALUNYA-ACORD MUNICIPAL,03041905.DAT
Municipales,2019,05,04201905_TOTA,006397,JUNTS,JUNTS PER CATALUNYA-MASLLORENÇ,03041905.DAT
Municipales,2019,05,04201905_TOTA,003558,AMPEP-FIC,FEDERACIO D'INDEPENDENTS DE CATALUNYA-FIC,03041905.DAT
Municipales,2019,05,04201905_TOTA,001686,ERC -ACORD-AM,ESQUERRA REPUBLICANA DE CATALUNYA-ACORD PEL FIGARÓ-ACORD MUNICIPAL,03041905.DAT
Municipales,2019,05,04201905_TOTA,002279,PSC-CP,PARTIT DEL SOCIALITES DE  CATALUNYA-CANDIDATURA DE PROGRÉS,03041905.DAT
Municipales,2019,05,04201905_TOTA,005751,JxCAT-JUNTS,JUNTS PER CATALUNYA VILANOVA SANTA MARIA I GARZOLA,03041905.DAT
Municipales,2019,05,04201905_TOTA,001742,ERC - JxP - AM,ESQUERRA REPUBLICANA DE CATALUNYA - JUNTS PER PREMIÀ - ACORD MUNICIPAL,03041905.DAT
Municipales,2019,05,04201905_TOTA,002428,ERC -AM,ESQUERRA REPUBLICANA DE CATALUNYA -ACORD MUNICIPAL,03041905.DAT
Municipales,2019,05,04201905_TOTA,001408,PSC-CP,PARTIT DELS SOCIALISTES DE CATALUNYA-CANDIDATURA DE PROGRES,03041905.DAT
Municipales,2019,05,04201905_TOTA,001444,PRIMÀRIES,ARENYS DE MUNT PER LA REPUBLICA-PRIMÀRIES CATALUNYA,03041905.DAT
Municipales,2019,05,04201905_TOTA,002480,A H P,ALDATUZ HERRI PLATAFORMA,03041905.DAT
Municipales,2019,05,04201905_TOTA,003138,JUNTS,JUNTS PER CATALUNYA - CABRILS,03041905.DAT
Municipales,2019,05,04201905_TOTA,003645,PVF,PLATAFORMA VECINAL DE LA FRESNEDA,03041905.DAT
Municipales,2019,05,04201905_TOTA,002997,PSC-CP,PARTIT DELS SOCIALISTES DE CATALUNYA - UNITS PER SANT VICENÇ - CANDIDATURA DE PROGRÉS,03041905.DAT
Municipales,2019,05,04201905_TOTA,005121,CP,PARTIT DELS SOCIALISTES DE CATALUNYA-CANDIDATURA DE PROGRÉS,03041905.DAT
Municipales,2019,05,04201905_TOTA,007391,FEM-VIU-ERC-AM,FEM MUNICIPI-VIU VALL DE CARDÓS-ESQUERRA REPUBLICANA DE CATALUNYA-ACOR,03041905.DAT
Municipales,2019,05,04201905_TOTA,003059,JxCat - JUNTS,JUNTS PER CATALUNYA - BREDA,03041905.DAT
Municipales,2019,05,04201905_TOTA,002473,JxCAT-JUNTS,JUNTS PER CATALUNYA,03041905.DAT
Municipales,2019,05,04201905_TOTA,004314,CTU-PSC-CP,CONTINUEM TREBALLANT PER ULLÁ- PARTIT DELS SOCIALISTES DE CATALUNYA- CANDIDATURA DE PROGRÉS,03041905.DAT
Municipales,2019,05,04201905_TOTA,003857,"PLEAMAR, C.I.","PLATAFORMA ELECTORAL AMIGOS DEL MAR MENOR, CANDIDATURA INDEPENDIENTE",03041905.DAT
Municipales,2019,05,04201905_TOTA,006704,JUNTS,JUNTS PER HOSTALETS-JUNTS PER CATALUNYA,03041905.DAT
Municipales,2019,05,04201905_TOTA,006887,ERC? JpB ? AM,ESQUERRA REPUBLICANA DE CATALUNYA-JUNTS PER BANYOLES-ACORD MUNICIPAL,03041905.DAT
Municipales,2019,05,04201905_TOTA,002298,PRIMÀRIES,SOM-HI SANT VICENÇ - PRIMARIES CATALUNYA,03041905.DAT
Municipales,2019,05,04201905_TOTA,006093,PRIMÀRIES,INDEPENDÈNCIA I REPÚBLICA-PRIMÀRIES CATALUNYA,03041905.DAT
Municipales,2019,05,04201905_TOTA,005199,JxCat,JUNTS PER CATALUNYA - SANTA PAU (JxCAT-JUNTS),03041905.DAT
Municipales,2019,05,04201905_TOTA,002051,PSC - CP,PARTIT DELS SOCIALISTES DE CATALUNYA - CANDIDATURA DE PROGRÉS,03041905.DAT
Municipales,2019,05,04201905_TOTA,003276,PSC - CP,PARTIT DELS SOCIALISTES DE CATALUNYA - CANDIDATURA DE PROGRÉS,03041905.DAT
Municipales,2019,05,04201905_TOTA,003861,JxCAT-JUNTS,JUNTS PER CATALUNYA,03041905.DAT
Municipales,2019,05,04201905_TOTA,002507,La PAC CUP-AMUNT,LA PLATAFORMA ALTERNATIVA CIUTADANA DE DOSRIUS - CANDIDATURA D'UNITAT POPULAR - ALTERNATIVA MUNICIPA,03041905.DAT
Municipales,2019,05,04201905_TOTA,002400,Entesa - ERC - AM,Entesa per Sant Llorenç d'Hortons - ESQUERRA REPUBLICANA DE CATALUNYA - Acord Municipal,03041905.DAT
Municipales,2019,05,04201905_TOTA,006247,PSC,PARTIT DELS SOCIALISTES DE CATALUNYA (PSC-PSOE)-CANDIDATURA DE PROGRÈS,03041905.DAT
Municipales,2019,05,04201905_TOTA,002970,PSC-CP,PARTIT DELS SOCIALISTES DE CATALUNYA - CANDIDATURA DE PROGÉS,03041905.DAT
Municipales,2019,05,04201905_TOTA,002256,PSC - CP,PARTIT DELS SOCIALISTES DE CATALUNYA - CANDIDATURA DE PROGÉS,03041905.DAT
Municipales,2019,05,04201905_TOTA,006429,ERC - AM,ESQUERRA REPUBLICANA DE CATALUNYA- ACORD MUNICIPAL (ERC-AM),03041905.DAT
Municipales,2019,05,04201905_TOTA,004475,PLCV,PLATAFORMA CIUDADANA DE VILLACARRILLO,03041905.DAT
Municipales,2019,05,04201905_TOTA,005334,JxCat,JUNTS PER CATALUNYA,03041905.DAT
Municipales,2019,05,04201905_TOTA,002055,ERC  -AM,ESQUERRA REPUBLICANA DE CATALUNYA-ACORD MUNICIPAL,03041905.DAT
Municipales,2019,05,04201905_TOTA,004411,JxCAT-JUNTS,JUNTS PER CATALUNYA-RIUDARENES,03041905.DAT
Municipales,2019,05,04201905_TOTA,006830,JxCAT-JUNTS,JUNTS PER CATALUNYA,03041905.DAT
Municipales,2019,05,04201905_TOTA,004361,P.P.SO.,PLATAFORMA DEL PUEBLO SORIANO,03041905.DAT
Municipales,2019,05,04201905_TOTA,006504,PSC-CP,PARTIT DELS SOCIALISTES DE CATALUNYA-CANDIDATURA DEL PROGRES (PSC-CP),03041905.DAT
Municipales,2019,05,04201905_TOTA,003181,PSC-CP,PARTIT DELS SOCIALISTES DE CATALUNYA-CANDIDATURA DE PROGRÉS,03041905.DAT
Municipales,2019,05,04201905_TOTA,001795,ERC-AM,2-ESQUERRA REPUBLICANA DE CATALUNYA-ACORD MUNICIPAL,03041905.DAT
Municipales,2019,05,04201905_TOTA,002260,PSC CP,PARTIT DELS SOCIALISTES DE CATALUNYA - CANDIDATURA DEL PROGRÈS,03041905.DAT
Municipales,2019,05,04201905_TOTA,005381,JUNTS,JUNTS PER CATALUNYA-PALAFOLLS,03041905.DAT
Municipales,2019,05,04201905_TOTA,003848,JXP-JxCAT-JUNTS,JUNTS PER PUIGVERD - JUNTS PER CATALUNYA,03041905.DAT
Municipales,2019,05,04201905_TOTA,005421,PSC-IND-CP,PARTIT DELS SOCIALISTES DE CATALUNYA - INDEPENDENTS-CANDIDATURA DE PROGRÉS,03041905.DAT
Municipales,2019,05,04201905_TOTA,006434,PRIMÀRIES,PRIMÀRIES CALAFELL - PRIMÀRIES CATALUNYA,03041905.DAT
Municipales,2019,05,04201905_TOTA,004697,JxCAT-JUNTS,JUNTS PER CATALUNYA SANT FELIU DE PALLEROLS,03041905.DAT
Municipales,2019,05,04201905_TOTA,003488,IVV-ERC-AM,INDEPENDENTS DE LES VALLS DE VALIRA-ESQUERRA REPUBLICANA DE CATALUNYA-ACORD MUNICIPAL,03041905.DAT
Municipales,2019,05,04201905_TOTA,006391,SOM POBLE-ERC-AM,SOM POBLE-ESQUERRA REPUBLICANA DE CATALUNYA-ACORD MUNICIPAL (SOM POBLE-ERC-AM),03041905.DAT
Municipales,2019,05,04201905_TOTA,001507,Primaries,VALLROMANES PER LA REPUBLICA-PRIMARIES CATALUNYA,03041905.DAT
Municipales,2019,05,04201905_TOTA,002659,PSC-CP,PARTIT DELS SOCIALISTES DE CATALUNYA -CANDIDATURA DE PROGRES,03041905.DAT
Municipales,2019,05,04201905_TOTA,002318,ERC-fA-AM,ESQUERRA REPUBLICANA DE CATALUNYA-FEM AVIÀ-ACORD MUNICIPAL,03041905.DAT
Municipales,2019,05,04201905_TOTA,002717,PLATAFORMA - COMPROMÍS MUNICIPAL,GUANYEMSAB PLATAFORMA PODEM SANT ANTONI: COMPROMÍS MUNICIPAL,03041905.DAT
Municipales,2019,05,04201905_TOTA,002190,JxCat - JUNTS,JUNTS PER CATALUNYA-LLEIDA,03041905.DAT
Municipales,2019,05,04201905_TOTA,007005,ERC / AM,: ESQUERRA REPUBLICANA DE CATALUNYA- ACORD MUNICIPAL,03041905.DAT
Municipales,2019,05,04201905_TOTA,003390,DEMÒCRATES,DEMÒCRATES DE CATALUNYA,03041905.DAT
Municipales,2019,05,04201905_TOTA,002536,ERC - JFM - AM,ESQUERRA REPUBLICANA DE CATALUNYA- JUNTS FEM MANLLEU - ACORD MUNICIPAL,03041905.DAT
Municipales,2019,05,04201905_TOTA,005409,JxC-JxCAT-JUNTS,JUNTS PER CORNELLA-JUNTS PER CATALUNYA,03041905.DAT
Municipales,2019,05,04201905_TOTA,002773,ERC-AM,9-ESQUERRA REPUBLICANA DE CATALUNYA-ACORD MUNICIPAL,03041905.DAT
Municipales,2019,05,04201905_TOTA,006593,CxB-JxCAT-JUNTS,CONNECTATS PER BRÀFIM- JUNTS PER CATALUNYA,03041905.DAT
Municipales,2019,05,04201905_TOTA,003381,JpC-ERC-AM,JUNTS PER CALDERS- ESQUERRA REPUBLICANA DE CATALUNYA-ACORD MUNICIPAL,03041905.DAT
Municipales,2019,05,04201905_TOTA,005940,PRIMÀRIES,SANTA CRISTINA PER LA REPÚBLICA - PRIMARIES CATALUNYA,03041905.DAT
Municipales,2019,05,04201905_TOTA,003689,JxCAT-JUNTS,JUNTS PER CATALUNYA-LA VALL DE BIANYA,03041905.DAT
Municipales,2019,05,04201905_TOTA,003852,PCPC,PARTIT COMUNISTA DEL POBLE DE CATALUNYA,03041905.DAT
Municipales,2019,05,04201905_TOTA,005529,JxCAT-JUNTS,JUNTS PER CATALUNYA-SANTA CRISTINA D'ARO,03041905.DAT
Municipales,2019,05,04201905_TOTA,003242,CUBELLENCS-FIC,CUBELLENCS-FEDERACIÓ D'INDEPENDENTS DE CATALUNYA (FIC),03041905.DAT
Municipales,2019,05,04201905_TOTA,006952,PSC-CP,PARTIT DELS SOCIALISTES DE CATALUNYA PER LLAGOSTERA ? CANDIDATURA DE PROGRÉS,03041905.DAT
Municipales,2019,05,04201905_TOTA,006321,AVP - FIC,FEDERACIO D'INDEPENDENTS DE CATALUNYA-AGRUPACIO VEINAL PLATGES (AVP),03041905.DAT
Municipales,2019,05,04201905_TOTA,004315,JUNTS,JUNTS PER CATALUNYA-GELIDA,03041905.DAT
Municipales,2019,05,04201905_TOTA,002180,JxCAT-JUNTS,JUNTS PER CATALUNYA-JUNTS PER CANOVELLES,03041905.DAT
Municipales,2019,05,04201905_TOTA,004788,JxCat - JUNTS,JUNTS PER CATALUNYA TORROELLA DE MONTGRI L'ESTARTIT,03041905.DAT
Municipales,2019,05,04201905_TOTA,003927,Primaries,GAVA PER LA REPUBLICA - PRIMARIES CATALUNYA,03041905.DAT
Municipales,2019,05,04201905_TOTA,005848,PSC - CP,PARTIT DELS SOCIALISTES DE CATALUNYA-CANDIDATURA DE PROGRÉS,03041905.DAT
Municipales,2019,05,04201905_TOTA,007383,FEM-ERC-AM,FEM MUNICIPI-ESQUERRA REPUBLICANA DE CATALUNYA-ACORD MUNICIPAL,03041905.DAT
Municipales,2019,05,04201905_TOTA,001873,PRIMÀRIES,Republiquem Rosselló - Primàries Catalunya,03041905.DAT
Municipales,2019,05,04201905_TOTA,006411,ERC / AM,ESQUERRA REPUBLICANA DE CATALUNYA-ACORD MUNICIPAL (ERC-AM),03041905.DAT
Municipales,2019,05,04201905_TOTA,006959,SiC-IDC,SENY I COHERÈNCIA-INDEPENDENTS DE CATALUNYA,03041905.DAT
Municipales,2019,05,04201905_TOTA,001854,PIGH,PLATAFORMA INDEPENDIENTE GURE HERRIA,03041905.DAT
Municipales,2019,05,04201905_TOTA,004731,PL@CE,PLATAFORMA CIVIL ENGUERINA,03041905.DAT
Municipales,2019,05,04201905_TOTA,005451,UPMcat,UNIÓ DE PARTITS MUNICIPALISTES DE CATALUNYA,03041905.DAT
Municipales,2019,05,04201905_TOTA,003230,JxCAT-JUNTS,JUNTS PER CATALUNYA-PUIG-REIG,03041905.DAT
Municipales,2019,05,04201905_TOTA,004210,COALICIÓ UP,COALICIÓ UDEM - PLATAFORMA,03041905.DAT
Municipales,2019,05,04201905_TOTA,006905,JxCAT-JUNTS,JUNTS PER CATALUNYA-FONTCOBERTA I VILAVENUT,03041905.DAT
Municipales,2019,05,04201905_TOTA,003305,IMM,PLATAFORMA IMPULSO MIAMI-MONT ROIG,03041905.DAT
Municipales,2019,05,04201905_TOTA,001879,PRIMÀRIES,UNIDES I UNITS PER ALCOLETGE - PRIMÀRIES CATALUNYA,03041905.DAT
Municipales,2019,05,04201905_TOTA,006845,(JxCAT-JUNTS,JUNTS PER CATALUNYA,03041905.DAT
Municipales,2019,05,04201905_TOTA,002244,ERC / ESQUERRA,ESQUERRA REPUBLICANA DE CATALUNYA -  ACORD MUNICIPAL,03041905.DAT
Municipales,2019,05,04201905_TOTA,006655,UNICAT?ERC-AM,UNITS PEL CATLLAR-ESQUERRA REPUBLICANA DE CATALUNYA - ACORD MUNICIPAL,03041905.DAT
Municipales,2019,05,04201905_TOTA,001527,PRIMÀRIES CATALUNYA,LLIÇA PER LA REPÚBLICA -PRIMÀRIES CATALUNYA,03041905.DAT
Municipales,2019,05,04201905_TOTA,001892,JUNTS,JUNTS PER CATALUNYA - EL PORT DE LA SELVA,03041905.DAT
Municipales,2019,05,04201905_TOTA,001476,ERC+SxA - AM,ESQUERRA REPUBLICANA DE CATALUNYA + SUMEM PER ALELLA - ACORD MUNICIPAL,03041905.DAT
Municipales,2019,05,04201905_TOTA,002147,PRIMÀRIES,TORTOSA PER LA REPÚBLICA. PRIMÀRIES CATALUNYA,03041905.DAT
Municipales,2019,05,04201905_TOTA,003451,PRIMÀRIES,PRIMÀRIES CAMBRILS-PRIMÀRIES CATALUNYA,03041905.DAT
Municipales,2019,05,04201905_TOTA,002411,FEM - ERC - VxC - AM,FEM Sant Andreu- Esquerra Republicana de Catalunya - Vecinos por el Cambio - Acord Municipal,03041905.DAT
Municipales,2019,05,04201905_TOTA,005880,JxCAT-JUNTS,JUNTS PER CATALUNYA A SANTA PERPÈTUA,03041905.DAT
Municipales,2019,05,04201905_TOTA,006929,ERC-AM,ESQUERRA REPUBLICANA DE CATALUNYA- ACORD MUNICIPAL,03041905.DAT
Municipales,2019,05,04201905_TOTA,003682,JxCAT-JUNTS,JUNTS PER CATALUNYA-OLOT,03041905.DAT
Municipales,2019,05,04201905_TOTA,001676,ERC -AM,ESQUERRA REPUBLICANA DE CATALUNYA-ACORD MUNICIPAL,03041905.DAT
Municipales,2019,05,04201905_TOTA,002596,PSC-CP,PARTIT DELS SOCIALISTES DE CATALUNYA - CANDIDATURA DE PROGRÉS,03041905.DAT
Municipales,2019,05,04201905_TOTA,004026,PSC-PC,PARTIT DELS SOCIALISTES DE CATALUNYA - CANDIDATURA DE PROGRÉS,03041905.DAT
Municipales,2019,05,04201905_TOTA,004899,PSC-CP,PARTIT DELS SOCIALISTES DE CATALUNYA-CANDIDATURA DEL PROGRES,03041905.DAT
Municipales,2019,05,04201905_TOTA,003030,JxCAT-JUNTS,JUNTS PER CATALUNYA-LES MASIES DE VOLTREGÀ,03041905.DAT
Municipales,2019,05,04201905_TOTA,001859,EA - ERC - AM,ESQUERRA D'AMPOSTA - ESQUERRA REPUBLICANA DE CATALUNYA - ACORD MUNICIPAL,03041905.DAT
Municipales,2019,05,04201905_TOTA,006783,ERC? AM,ESQUERRA REPUBLICANA DE CATALUNYA-ACORD MUNICIPAL,03041905.DAT
Municipales,2019,05,04201905_TOTA,001649,ERC / AM,ESQUERRA REPUBLICANA DE CATALUNYA-ACORD MUNICIPAL,03041905.DAT
Municipales,2019,05,04201905_TOTA,004757,JxCat - JUNTS,JUNTS PER CATALUNYA - DOSRIUS,03041905.DAT
Municipales,2019,05,04201905_TOTA,002131,PSC-G-CP,PARTIT DELS SOCIALISTES DE CATALUNYA -GODALL - CANDIDATURA DE PROGRÉS,03041905.DAT
Municipales,2019,05,04201905_TOTA,005420,ERC - AM,ESQUERRA REPUBLICANA DE CATALUNYA,03041905.DAT
Municipales,2019,05,04201905_TOTA,003186,ERC-EV-PU-AM,ESQUERRA REPUBLICANA DE CATALUNYA-ELS VERDS-POBLE UNIT-ACORD MUNICIPAL,03041905.DAT
Municipales,2019,05,04201905_TOTA,005095,ERC -AM,ESQUERRA REPUBLICANA DE CATALUNYA - ACORD MUNICIPAL,03041905.DAT
Municipales,2019,05,04201905_TOTA,003371,PONTS X CATALUNYA,PONTS X CATALUNYA,03041905.DAT
Municipales,2019,05,04201905_TOTA,001853,ERC - AM,ESQUERRA  REPUBLICANA DE  CATALUNYA - ACORD  MUNICPAL,03041905.DAT
Municipales,2019,05,04201905_TOTA,002357,ERC - AM,ESQUERRA REPUBLICANA DE CATALUNYA- ACORD MUNICIPAL,03041905.DAT
Municipales,2019,05,04201905_TOTA,006907,JxCAT-JUNTS,JUNTS PER CATALUNYA ? GIRONA,03041905.DAT
Municipales,2019,05,04201905_TOTA,003988,JxCAT-JUNTS,JUNTS PER CATALUNYA,03041905.DAT
Municipales,2019,05,04201905_TOTA,006788,P.M.H.,PLATAFORMA DEL MUNICIPIO DE HARIA,03041905.DAT
Municipales,2019,05,04201905_TOTA,003816,ERC-EpF-AM,ESQUERRA REPUBLICANA DE CATALUNYA-ENTESA PER FLIX-ACORD MUNICIPAL,03041905.DAT
Municipales,2019,05,04201905_TOTA,001799,ERC - AM,ESQUERRA REPUBLICANA DE CATALUNYA-ACORD MUNICIPAL,03041905.DAT
Municipales,2019,05,04201905_TOTA,003497,PRIMÀRIES,SANT CUGAT PER LA INDEPENDÈNCIA-PRIMÀRIES CATALUNYA,03041905.DAT
Municipales,2019,05,04201905_TOTA,006953,TxLL-ERC-AM,TOTS PER LLAMBILLES-ESQUERRA REPUBLICANA DE CATALUNYAACORD MUNICIPAL,03041905.DAT
Municipales,2019,05,04201905_TOTA,003307,PER XATIVA,PLATAFORMA PER XATIVA,03041905.DAT
Municipales,2019,05,04201905_TOTA,002251,ERC-AM,ESQUERRA REPUBLICANA DE CATALUNYA- ACORD MUNICIPAL,03041905.DAT
Municipales,2019,05,04201905_TOTA,001747,ERC -AM,ESQUERRA REPUBLICANA DE CATALUNYA- ACORD MUNICIPAL,03041905.DAT
Municipales,2019,05,04201905_TOTA,003185,PSC-CP,PARTIT DELS SOCIALISTES DE CATALUNYA -CANDIDATURA DE PROGRÉS,03041905.DAT
Municipales,2019,05,04201905_TOTA,005667,PRIMÀRIES,CASTELLDEFELS PER LA REPÚBLICA - PRIMÀRIES CATALUNYA,03041905.DAT
Municipales,2019,05,04201905_TOTA,004254,PSC-CP,PARTIT DELS SOCIALISTES DE CATALUNYA-CANDIDATURA DE PROGRÉS,03041905.DAT
Municipales,2019,05,04201905_TOTA,006408,ERC / AM,ESQUERRA REPUBLICANA DE CATALUNYA-ACORD MUNICIPAL (ERC-AM),03041905.DAT
Municipales,2019,05,04201905_TOTA,002438,GOOB - FIC,GRUP D' OPINIÓ D' OLESA DE BONESVALLS  G.O.O.B-FEDERACIO D'INDEPENDENTS DE CATALUNYA FIC,03041905.DAT
Municipales,2019,05,04201905_TOTA,004750,Acord per Gualba-ERC-AM,ACORD PER GUALBA-ESQUERRA REPUBLICANA DE CATALUNYA-ACORD MUNICIPAL,03041905.DAT
Municipales,2019,05,04201905_TOTA,007394,PSC,PARTIT DELS SOCIALISTES DE CATALUNYA?CANDIDATURA DE PROGRÉS,03041905.DAT
Municipales,2019,05,04201905_TOTA,003125,PSC-CP,PARTIT DELS SOCIALISTES DE CATALUNYA - UNITS PER ARGENTONA - CANDIDATURA DE PROGRÉS,03041905.DAT
Municipales,2019,05,04201905_TOTA,001466,PRIMÀRIES,MONTORNÈS PER LA REPÚBLICA-PRIMÀRIES CATALUNYA,03041905.DAT
Municipales,2019,05,04201905_TOTA,002175,PSC-CP,PARTIT DELS SOCIALISTES DE CATALUNYA-CANDIDATURA DE PROGRÉS,03041905.DAT
Municipales,2019,05,04201905_TOTA,001345,PSC-CP,PARTIT DELS SOCIALISTES DE CATALUNYA-CANDIDATURA DE PROGRÉS (PSC-CP),03041905.DAT
Municipales,2019,05,04201905_TOTA,002167,ERC-MES-AM,ESQUERRA REPUBLICANA DE CATALUNYA-MOVIMENT D'ESQUERRES-ACORD MUNICIPAL,03041905.DAT
Municipales,2019,05,04201905_TOTA,004886,F.I.C.,FEDERACIÓ D'INDEPENDENTS DE CATALUNYA-PEL MUNICIPI DE MONTBLANC,03041905.DAT
Municipales,2019,05,04201905_TOTA,003240,JxCAT-JUNTS,63-JUNTS PER CATALUNYA STA. MARGARIDA I ELS MONJOS,03041905.DAT
Municipales,2019,05,04201905_TOTA,003222,PSC-CP,PARTIT DELS SOCIALISTES DE CATALUNYA-CANDIDATURA DE PROGRÉS,03041905.DAT
Municipales,2019,05,04201905_TOTA,005946,PUG,PLATAFORMA DE URBANIZACIONES DE GODELLETA,03041905.DAT
Municipales,2019,05,04201905_TOTA,002206,JxCat - JUNTS,JUNTS PER CATALUNYA,03041905.DAT
Municipales,2019,05,04201905_TOTA,006770,JxCAT-JUNTS,JUNTS PER CATALUNYA-ALBONS,03041905.DAT
Municipales,2019,05,04201905_TOTA,006901,JxCAT-JUNTS,JUNTS PER CATALUNYA-FLAÇÀ,03041905.DAT
Municipales,2019,05,04201905_TOTA,006923,JxCAT-JUNTS,JUNTS PER CATALUNYA- VILABLAREIX,03041905.DAT
Municipales,2019,05,04201905_TOTA,002388,ERC - AM,Esquerra Republicana de Catalunya - Acord Municipal,03041905.DAT
Municipales,2019,05,04201905_TOTA,004892,IU-PPI-Podemos,Unidas por Miajadas Izquierda Unida Plataforma Progresista Independiente Podemos,03041905.DAT
Municipales,2019,05,04201905_TOTA,001759,ERC -AM,ESQUERRA REPUBLICANA DE CATALUNYA-ACORD MUNICIPAL,03041905.DAT
Municipales,2019,05,04201905_TOTA,005046,JxCat - JUNTS,JUNTS PER CATALUNYA - PALAFRUGELL,03041905.DAT
Municipales,2019,05,04201905_TOTA,002530,D't - FIC,DESPERTA'T (D't) - FEDERACIO INDEPENDENTS DE CATALUNYA (FIC),03041905.DAT
Municipales,2019,05,04201905_TOTA,003388,VP - FIC,LA VEU DEL POBLE (VP) - FEDERACIO D'INDEPENDENTS DE CATALUNYA (FIC),03041905.DAT
Municipales,2019,05,04201905_TOTA,002640,JxCat - JUNTS,JUNTS PER CATALUNYA - BADALONA,03041905.DAT
Municipales,2019,05,04201905_TOTA,005623,ERC-GdT-JOVENT-AM,ESQUERRA REPUBLICANA DE CATALUNYA-GENT DE TORDERA-JOVENT REPUBLICÀ-ACORD MUNICIPAL,03041905.DAT
Municipales,2019,05,04201905_TOTA,006701,ERC-GIC-AM,ESQUERRA REPUBLICANA DE CATALUNYA - GRUP D'INDEPENDENTS DE COLLBATÓ - ACORD MUNICIPAL,03041905.DAT
Municipales,2019,05,04201905_TOTA,004936,PSC-CP,PARTIT SOCIAL DEMOCRATA DE CATALUNYA-CANDIDATURA DEL PROGRES,03041905.DAT
Municipales,2019,05,04201905_TOTA,003167,ApG - ERC - AM,ALTERNATIVA PER GANDESA - ESQUERRA REPUBLICANA DE CATALUNYA - ACORD MUNICIPAL,03041905.DAT
Municipales,2019,05,04201905_TOTA,001153,PSC-CP,PARTIT DELS SOCIALISTES DE CATALUNYA (PSC-PSOE),03041905.DAT
Municipales,2019,05,04201905_TOTA,003581,CECP-Els Pallaresos-ECG,CATALUNYA EN COMÚ PODEM ELS PALLARESOS-EN COMÚ GUANYEM,03041905.DAT
Municipales,2019,05,04201905_TOTA,002992,JxCAT-JUNTS,JUNTS PER CATALUNYA-ALELLA,03041905.DAT
Municipales,2019,05,04201905_TOTA,002265,UV - ERC - AM,Units per Vilaplana - Esquerra Republicana de Catalunya - Acord Municipal,03041905.DAT
Municipales,2019,05,04201905_TOTA,003192,JxCAT-JUNTS,TOTS SOM SANT FELIU-JUNTS PER CATALUNYA,03041905.DAT
Municipales,2019,05,04201905_TOTA,001835,PSC-CP,PARTIT DELS SOCIALISTES DE CATALUNYA - CANDIDATURA DE PROGRÈS,03041905.DAT
Municipales,2019,05,04201905_TOTA,004234,FIC,MÉS RIBA-ROJA - FEDERACIÓ D'INDEPENDENTS DE CATALUNYA,03041905.DAT
Municipales,2019,05,04201905_TOTA,004736,PSC-CP,PARTIT DELS SOCIALISTES DE CATALUNYA-CANDIDATURA DE PROGRES,03041905.DAT
Municipales,2019,05,04201905_TOTA,002558,JxCat - JUNTS,JUNTS PER CATALUNYA- CIUTADILLA,03041905.DAT
Municipales,2019,05,04201905_TOTA,003826,JxCAT-JUNTS,JUNTS PER CATALUNYA- SANT FERRIOL,03041905.DAT
Municipales,2019,05,04201905_TOTA,001800,PSC-CP,PARTIT DELS SOCIALISTES DE CATALUNYA- CANDIDATURA DE PROGRÈS,03041905.DAT
Municipales,2019,05,04201905_TOTA,006778,JxCAT-JUNTS,JUNTS PER CATALUNYA ? BANYOLES,03041905.DAT
Municipales,2019,05,04201905_TOTA,003066,ERC-AR-AM,ESQUERRA REPUBLICANA DE CATALUNYA-ACORD REPUBLICÀ-ACORD MUNICIPAL,03041905.DAT
Municipales,2019,05,04201905_TOTA,005060,PSC-CP,PARTIT DELS SOCIALISTES DE CATALUNYA - CANDIDATURA DE PROGRÉS,03041905.DAT
Municipales,2019,05,04201905_TOTA,002764,PSC-CP,PARTIT DELS SOCIALISTES DE CATALUNYA -CANDIDATURA DE PROGRÉS,03041905.DAT
Municipales,2019,05,04201905_TOTA,002887,ERC-TS-AM,ESQUERRA REPUBLICANA DE CATALUNYA-TORTOSA SI-ACORD MUNICIPAL,03041905.DAT
Municipales,2019,05,04201905_TOTA,003203,ERC-AM,16-ESQUERRA REPUBLICANA DE CATALUNYA-ACORD MUNICIPAL,03041905.DAT
Municipales,2019,05,04201905_TOTA,006403,PSC-CP,PARTIT DELS SOCIALISTES DE CATALUNYA-CANDIDATURA DE PROGRES,03041905.DAT
Municipales,2019,05,04201905_TOTA,001735,AT,Plataforma Civil AHORA TOTANA,03041905.DAT
Municipales,2019,05,04201905_TOTA,002516,PSC - CP,PARTIT DELS SOCIALISTES DE CATALUNYA - CANDIDATURA DE PROGRÉS,03041905.DAT
Municipales,2019,05,04201905_TOTA,004266,PSC-CP,PARTIT DELS SOCIALISTES DE CATALUNYA - CANDIDATURA DE PROGRÉS,03041905.DAT
Municipales,2019,05,04201905_TOTA,004749,JxCat - JUNTS,JUNTS PER CATALUNYA - UNITS PEL MASNOU,03041905.DAT
Municipales,2019,05,04201905_TOTA,001653,ERC - AM,1-ESQUERRA REPUBLICANA DE CATALUNYA - ACORD MUNICIPAL,03041905.DAT
Municipales,2019,05,04201905_TOTA,006706,ERC - AM,ESQUERRA REPUBLICANA DE CATALUNYA -  ACORD MUNCIPAL,03041905.DAT
Municipales,2019,05,04201905_TOTA,005173,FM-FIC,FEM MASROIG-FEDERACIO D'INDEPENDENTS DE CATALUNYA,03041905.DAT
Municipales,2019,05,04201905_TOTA,001764,GP,PLATAFORMA CIUDADANA: GANEMOS PALENCIA,03041905.DAT
Municipales,2019,05,04201905_TOTA,003096,ERC-AM,ESQUERRA REPUBLICANA DE CATALUNYA-ACORD MUNICIPAL,03041905.DAT
Municipales,2019,05,04201905_TOTA,003822,DEMÒCRATES,DEMÒCRATES DE CATALUNYA,03041905.DAT
Municipales,2019,05,04201905_TOTA,002320,ERC - AM,ESQUERRA REPUBLICANA DE CATALUNYA -  ACORD MUNICPAL,03041905.DAT
Municipales,2019,05,04201905_TOTA,003331,JxCAT-JUNTS,JUNTS PER CATALUNYA-SANT SADURNÍ D'OSORMORT,03041905.DAT
Municipales,2019,05,04201905_TOTA,006592,ERM - AM,Esquerra Republicana de Catalunya - Acord Municipal,03041905.DAT
Municipales,2019,05,04201905_TOTA,004042,ERC / ESQUERRA,ESQUERRA REPUBLICANA DE CATALUNYA-ACORD MUNICIPAL,03041905.DAT
Municipales,2019,05,04201905_TOTA,001779,PSC - CP,PARTIT DELS SOCIALISTES DE CATALUNYA - CANDIDATURA DE PROGRÈS,03041905.DAT
Municipales,2019,05,04201905_TOTA,001743,ERC - AM,ESQUERRA REPUBLICANA DE CATALUNYA-ACORD MUNICIPAL,03041905.DAT
Municipales,2019,05,04201905_TOTA,006324,UPLBP - FIC,FEDERACIO D'INDEPENDENTS DE CATALUNYA-UNITS PER LA BISBAL DEL PENEDES (UPLBP),03041905.DAT
Municipales,2019,05,04201905_TOTA,006654,PSC-CP,EL MORELL POT MES-PARTIT DELS SOCIALISTES DE CATALUNYA-CANDIDATURA DE PROGRÉS,03041905.DAT
Municipales,2019,05,04201905_TOTA,007417,ERC ? AM,ESQUERRA REPUBLICANA DE CATALUNYA ? ACORD MUNICIPAL,03041905.DAT
Municipales,2019,05,04201905_TOTA,006400,PSC-CP,PARTIT DELS SOCIALISTES DE CATALUNYA - CANDIDATURA DE PROGRÈS,03041905.DAT
Municipales,2019,05,04201905_TOTA,003195,ERC - AM,ESQUERRA REPUBLICANA DE CATALUNYA - ACORD MUNICIAPAL,03041905.DAT
Municipales,2019,05,04201905_TOTA,002034,PRIMÀRIES,PRIMÀRIES GUISSONA-PRIMÀRIES CATALUNYA (PRIMÀRIES),03041905.DAT
Municipales,2019,05,04201905_TOTA,005863,ERC - ARA - AM,ESQUERRA REPUBLICANA DE CATALUNYA-ARA RIPOLLET-ACORD MUNICIPAL,03041905.DAT
Municipales,2019,05,04201905_TOTA,005528,JxCat,JUNTS PER CATALUNYA-SANT POL DE MAR,03041905.DAT
Municipales,2019,05,04201905_TOTA,001043,PIM-Villalbilla,PLATAFORMA INDEPENDIENTE MUNICIPAL DE VILLALBILLA,03041905.DAT
Municipales,2019,05,04201905_TOTA,004492,JxCAT-JUNTS,JUNTS PER CATALUNYA-SANTA COLOMA,03041905.DAT
Municipales,2019,05,04201905_TOTA,006498,PRIMÀRIES,PEL VENDRELL-PRIMÀRIES CATALUNYA,03041905.DAT
Municipales,2019,05,04201905_TOTA,002247,IR-IDC,INDEPENDENTS PER RIUMORS - INDEPENDENTS DE CATALUNYA,03041905.DAT
Municipales,2019,05,04201905_TOTA,005803,JxB-E-ERC-AM,JuntsxBegur-Esclanyà - Esquerra Republicana de Catalunya-Acord Municipal,03041905.DAT
Municipales,2019,05,04201905_TOTA,007430,LLF ? AM,ENDAVANT CERDANYA-ESQUERRA REPUBLICANA DE CATALUNYALLÍVIA FUTUR ? ACORD MUNICIPAL,03041905.DAT
Municipales,2019,05,04201905_TOTA,002170,PSC-UxA-CP,PARTIT DELS SOCIALISTES DE CATALUNYA-UNITS X ALMENAR-CANDIDATURA DE PROGRÉS,03041905.DAT
Municipales,2019,05,04201905_TOTA,004109,JxCat -JUNTS,JUNTS PER CATALUNYA NAVARCLES,03041905.DAT
Municipales,2019,05,04201905_TOTA,006781,JxCat,JUNTS PER CATALUNYA,03041905.DAT
Municipales,2019,05,04201905_TOTA,003285,JxP-R-ERC-AM,JUNTS PER PUIG-REIG ESQUERRA REPUBLICANA DE CATALUNYA-ACORD MUNICIPAL,03041905.DAT
Municipales,2019,05,04201905_TOTA,006421,L'EINA-ERC-AM,L'ESQUERRA INDEPENDENTISTA D'ALTAFULLA-ESQUERRA REPUBLICANA DE CATALUNYA-ACORD MUNICIPAL (L'EINA-ERC,03041905.DAT
Municipales,2019,05,04201905_TOTA,004321,JxCat - JUNTS,JUNTS PER CATALUNYA - PALAMÓS I SANT JOAN,03041905.DAT
Municipales,2019,05,04201905_TOTA,001970,JxCat - JUNTS,JUNTS PER CATALUNYA-LA RÀPITA,03041905.DAT
Municipales,2019,05,04201905_TOTA,002827,ERC-AM,11-ESQUERRA REPUBLICANA DE CATALUNYA-ACORD MUNICIPAL,03041905.DAT
Municipales,2019,05,04201905_TOTA,002181,ERC - MES - AM,Esquerra Republicana de Catalunya-Moviment d'Esquerres - Acord Municipal,03041905.DAT
Municipales,2019,05,04201905_TOTA,001271,ERC - AVANCEM - AM,ESQUERRA REPUBLICANA DE CATALUNYA - AVANCEM - ACORD MUNICIPAL,03041905.DAT
Municipales,2019,05,04201905_TOTA,006708,PSC-ÒDENA PROGRÉS-CP,PARTIT DELS SOCIALISTES DE CATALUNYA- PSX-ÒDENA ÒDENA PROGRÉS - CANDIDATURA DE PROGRÉS,03041905.DAT
Municipales,2019,05,04201905_TOTA,007381,VIU-ERC-AM,VIU SORIGUERA-ESQUERRA REPUBLICANA DE CATALUNYA-ACORD MUNICIPAL,03041905.DAT
Municipales,2019,05,04201905_TOTA,006774,F.N.C.,FRONT NACIONAL DE CATALUNYA,03041905.DAT
Municipales,2019,05,04201905_TOTA,004283,JxCAT-JUNTS,75-JUNTS PER CATALUNYA-AVINYONET,03041905.DAT
Municipales,2019,05,04201905_TOTA,003114,PSC-CP,32-PARTIT DELS SOCIALISTES DE CATALUNYA-CANDIDATURA DE PROGRÉS,03041905.DAT
Municipales,2019,05,04201905_TOTA,005737,ERC / ESQUERRA,ESQUERRA REPUBLICANA DE CATALUNYA,03041905.DAT
Municipales,2019,05,04201905_TOTA,006960,PSC-CP,PARTIT DELS SOCIALISTES DE CATALUNYA ? CANDIDATURA DE PROGRÉS,03041905.DAT
Municipales,2019,05,04201905_TOTA,001655,ERC / AM,ESQUERRA REPUBLICANA DE CATALUNYA,03041905.DAT
Municipales,2019,05,04201905_TOTA,001691,JxCAT-JUNTS,JUNTS PER CATALUNYA-EL CABRERÈS,03041905.DAT
Municipales,2019,05,04201905_TOTA,003079,ERC - AM,ESQUERRA REPUBLICANA DE CATALUNYA-ACORD MUNICIPAL,03041905.DAT
Municipales,2019,05,04201905_TOTA,002901,JxCat -JUNTS,JUNTS PER SANT HILARI-JUNTS PER CATALUNYA,03041905.DAT
Municipales,2019,05,04201905_TOTA,003304,JxCat - JUNTS,JUNTS PER CATALUNYA -,03041905.DAT
Municipales,2019,05,04201905_TOTA,006904,ERC? JpC ? AM,ESQUERRA REPUBLICANA DE CATALUNYA- JUNTS PER CAMÓS - ACORD MUNICIPAL,03041905.DAT
Municipales,2019,05,04201905_TOTA,001473,ERC-AM,ESQUERRA REPUBLICANA DE CATALUNYA-ACORD MUNICIPAL,03041905.DAT
Municipales,2019,05,04201905_TOTA,001343,AxRd'O-ERC-AM,ACORD PER RIBERA D'ONDARA -ESQUERRA REPUBLICANA DE CATALUNYA-ACORD MUNICIPAL,03041905.DAT
Municipales,2019,05,04201905_TOTA,001405,P.V.S.B.,PLATAFORMA VECINAL POR SANTA BRÍGIDA,03041905.DAT
Municipales,2019,05,04201905_TOTA,002029,PRIMÀRIES,PRIMÀRIES MATARÓ - PRIMÀRIES CATALUNYA,03041905.DAT
Municipales,2019,05,04201905_TOTA,006955,PSC-CP,PARTIT DELS SOCIALISTES DE CATALUNYA ? CANDIDATURA DEL PROGRÉS,03041905.DAT
Municipales,2019,05,04201905_TOTA,002968,PSC-CP,PARTIT DELS SOCIALISTES DE CATALUNYA (PSC-PSOE) - CANDIDATURA DE PROGRÉS,03041905.DAT
Municipales,2019,05,04201905_TOTA,003321,JxCAT-JUNTS,JUNTS PER CATALUNYA-CENTELLES,03041905.DAT
Municipales,2019,05,04201905_TOTA,004986,PSC-CP,PARTIT DELS SOCIALISTES DE CATALUNYA (PSC-PSOE)CANDIDATURA DE PROGRÉS,03041905.DAT
Municipales,2019,05,04201905_TOTA,001783,ADT-ERC-AM,ASSEMBLEA DE TAGAMANENT-ESQUERRA REPUBLICANA DE CATALUNYA-ACORD MUNICIPAL,03041905.DAT
Municipales,2019,05,04201905_TOTA,005504,ERC-AM,ESQUERRA REPUBLICANA DE CATALUNYA- ACORD MUNICIPAL,03041905.DAT
Municipales,2019,05,04201905_TOTA,005415,ERC - AM,ESQUERRA REPUBLICANA DE CATALUNYA-ACORD MUNICIPAL,03041905.DAT
Municipales,2019,05,04201905_TOTA,002642,JxCAT-JUNTS,JUNTS PER LA PALMA-JUNTS PER CATALUNYA,03041905.DAT
Municipales,2019,05,04201905_TOTA,003635,JxA-JxCAT-JUNTS,JUNTS PER ARENYS-JUNTS PER CATALUNYA,03041905.DAT
Municipales,2019,05,04201905_TOTA,006878,ERC-AM,ESQUERRA REPUBLICANA DE CATALUNYA ? ACORD MUNICIPA,03041905.DAT
Municipales,2019,05,04201905_TOTA,001011,AxM - ERC - AM,ACORD PER MONTOLIU-ESQUERRA REPUBLICANA DE CATALUNYA-ACORD MUNICIPAL,03041905.DAT
Municipales,2019,05,04201905_TOTA,001509,PSC - CxLL -CP,PARTIT DELS SOCIALISTES DE CATALUNYA - COMPROMÍS X LLEIDA - CANDIDATURA DE PROGRÉS,03041905.DAT
Municipales,2019,05,04201905_TOTA,001622,AUD-ERC-AM,UNITS PER DECIDIR-ESQUERRA REPUBLICANA DE CATALUNYA-ACORD MUNICIPAL,03041905.DAT
Municipales,2019,05,04201905_TOTA,002728,ERC-AM,6-ESQUERRA REPUBLICANA DE CATALUNYA-ACORD MUNICIPAL,03041905.DAT
Municipales,2019,05,04201905_TOTA,006791,UxVI-IDC,UNITS PER VILABLAREIX-INDEPENDENTS DE CATALUNYA,03041905.DAT
Municipales,2019,05,04201905_TOTA,003288,JxCAT-JUNTS,68-JUNTS PER CATALUNYA FONT-RUBÍ,03041905.DAT
Municipales,2019,05,04201905_TOTA,006910,JxCAT-JUNTS,LLAMBILLES-JUNTS PER CATALUNYA,03041905.DAT
Municipales,2019,05,04201905_TOTA,002687,ERC-AM,5-ESQUERRA REPUBLICANA DE CATALUNYA-ACORD MUNICIPAL,03041905.DAT
Municipales,2019,05,04201905_TOTA,005552,CxLB-JxCAT-JUNTS,COMPROMÍS PER LA BISBAL -JUNTS PER CATALUNYA,03041905.DAT
Municipales,2019,05,04201905_TOTA,004370,JxCAT-JUNTS,JUNTS PER CATALUNYA-GUARDIOLA DE BERGUEDÀ,03041905.DAT
Municipales,2019,05,04201905_TOTA,004636,JUNTS,JUNTS PER CATALUNYA - ÓRRIUS,03041905.DAT
Municipales,2019,05,04201905_TOTA,002420,JUNTS x SVH - ERC - AM,JUNTS x SANT VICENÇ = Vicentins pel canvi + Esquerra Republicana de Catalunya - Acord Municipal,03041905.DAT
Municipales,2019,05,04201905_TOTA,001782,Fem CDQ-IDC,FEM CADAQUÉS - INDEPENDENTS DE CATALUNYA,03041905.DAT
Municipales,2019,05,04201905_TOTA,002689,JUNTS,JUNTS PER CATALUNYA-ELS PLANS  DE SIÓ,03041905.DAT
Municipales,2019,05,04201905_TOTA,001421,MT-IDC,MÉS TORDERA-INDEPENDENTS DE CATALUNYA,03041905.DAT
Municipales,2019,05,04201905_TOTA,003060,Primaries,RUBI REPUBLICANA - PRIMARIES CATALUNYA,03041905.DAT
Municipales,2019,05,04201905_TOTA,002954,PSC-CP,PARTIT DELS SOCIALISTES DE CATALUNYA-UNITS PER CABRERA-CANDIDATURA DE PROGRÈS,03041905.DAT
Municipales,2019,05,04201905_TOTA,004761,AISA - FIC,AGRUPACIÓ INDEPENDENT DE LA SERRA D'ALMOS - FEDERACIO D'INDEPENDENTS DE CATALUNYA,03041905.DAT
Municipales,2019,05,04201905_TOTA,007369,PSC - CP,PARTIT DELS SOCIALISTES DE CATALUNYA-CANDIDATURA DE PROGRÉS,03041905.DAT
Municipales,2019,05,04201905_TOTA,003545,UNIM-PSC-CP,UNIÓ NOU IMPULS MUNICIPAL-PARTIT DELS SOCIALISTES DE CATALUNYA-CANDIDATURA DE PROGRÉS,03041905.DAT
Municipales,2019,05,04201905_TOTA,001523,PSC - CP,PARTIT DELS SOCIALISTES DE CATALUNYA - CANDIDATURA DE PROGRÉS,03041905.DAT
Municipales,2019,05,04201905_TOTA,003226,ERC-AM,18-ESQUERRA REPUBLICANA DE CATALUNYA-ACORD MUNICIPAL,03041905.DAT
Municipales,2019,05,04201905_TOTA,003341,JxCAT-JUNTS,JUNTS PER CATALUNYA SANT JOAN DE VILATORRADA,03041905.DAT
Municipales,2019,05,04201905_TOTA,002315,PSC-GELIDA-CP,PARTIT DELS SOCIALISTES DE CATALUNYA-GELIDA-CANDIDATURA DEL PROGRÉS,03041905.DAT
Municipales,2019,05,04201905_TOTA,008016,PRIMÀRIES,PRIMÀRIES CATALUNYA,03041905.DAT
Municipales,2019,05,04201905_TOTA,003599,PRIMÀRIES,PRIMARIES CANET DE MAR-PRIMARIES CATALUNYA,03041905.DAT
Municipales,2019,05,04201905_TOTA,006169,PLIM,PLATAFORMA INDEPENDIENTE DE MENGIBAR,03041905.DAT
Municipales,2019,05,04201905_TOTA,006627,IPV-JxCAT-JUNTS,INDEPENDENTS PER VALLFOGONA - JUNTS PER CATALUNYA,03041905.DAT
Municipales,2019,05,04201905_TOTA,002831,PSC-UNITS-CP,25-PARTIT DELS SOCIALISTES DE CATALUNYA-UNITS PER OLÈRDOLA-CANDIDATURA DE PROGRÉS,03041905.DAT
Municipales,2019,05,04201905_TOTA,002322,PSC- CP,PARTIT DELS SOCIALISTES DE CATALUNYA - CANDIDATURA DEL PROGRÈS,03041905.DAT
Municipales,2019,05,04201905_TOTA,002445,ERC-AM,ESQUERRA REPUBLICANA DE CATALUNYA BERGA-ACORD MUNICIPAL,03041905.DAT
Municipales,2019,05,04201905_TOTA,003977,P.AC,PLATAFORMA ABERTA CIDADÁ DE LALÍN,03041905.DAT
Municipales,2019,05,04201905_TOTA,003687,JxCAT-JUNTS,JUNTS PER CATALUNYA-BEUDA,03041905.DAT
Municipales,2019,05,04201905_TOTA,003108,PSC-CP,31-PARTIT DELS SOCIALISTES DE CATALUNYA-CANDIDATURA DE PROGRÉS,03041905.DAT
Municipales,2019,05,04201905_TOTA,007396,ERC-AM,SOM MONTBUI- ESQUERRA REPUBLICANA DE CATALUNYA -ACORD MUNICIPAL,03041905.DAT
Municipales,2019,05,04201905_TOTA,002335,CFi,CANVIEM FIGUERES - PLATAFORMA DE VEÏNS PEL CANVI,03041905.DAT
Municipales,2019,05,04201905_TOTA,003690,JxCAT-JUNTS,JUNTS PER CATALUNYA-SANT JAUME DE LLIERCA,03041905.DAT
Municipales,2019,05,04201905_TOTA,002587,PRIMÀRIES,La Ràpita per la República - Primàries Catalunya,03041905.DAT
Municipales,2019,05,04201905_TOTA,001865,JxCat - JUNTS,JUNTS PER CATALUNYA,03041905.DAT
Municipales,2019,05,04201905_TOTA,007373,JxCAT-JUNTS,JUNTS PER CATALUNYA-RIALP,03041905.DAT
Municipales,2019,05,04201905_TOTA,003818,ERC - AM,ESQUERRA REPUBLICANA DE CATALUNYA- ACORD MUNICIPAL,03041905.DAT
Municipales,2019,05,04201905_TOTA,006818,ERC?AM,ESQUERRA REPUBLICANA DE CATALUNYA-ACORD MUNICIPAL,03041905.DAT
Municipales,2019,05,04201905_TOTA,006833,ERC? JpFV - AM,ESQUERRA REPUBLICANA DE CATALUNYA-JUNTS PER FONTCOBERTA I VILAVENUT-ACORD MUNICIPAL,03041905.DAT
Municipales,2019,05,04201905_TOTA,001762,ERC -AM,ESQUERRA REPUBLICANA DE CATALUNYA,03041905.DAT
Municipales,2019,05,04201905_TOTA,003332,JxCat - JUNTS,JUNTS PER CATALUNYA - BENAVENT DE SEGRIÀ,03041905.DAT
Municipales,2019,05,04201905_TOTA,004271,PSC-CP,PARTIT DELS SOCIALISTES DE CATALUNYA- CANDIDATURA DE PROGRÉS,03041905.DAT
Municipales,2019,05,04201905_TOTA,003658,UxSF-ERC-AM,UNITS PER SANT FELIU - ESQUERRA REPUBLICANA DE CATALUNYA - ACORD MUNICIPAL,03041905.DAT
Municipales,2019,05,04201905_TOTA,002046,ERC - RodaRep - AM,ESQUERRA REPUBLICANA DE CATALUNYA-RODA REPUBLICANA - ACORD MUNICIPAL,03041905.DAT
Municipales,2019,05,04201905_TOTA,006402,PSC-CP,PARTIT DELS SOCIALISTES DE CATALUNYA-CANDIDATURA DE PROGRÈS,03041905.DAT
Municipales,2019,05,04201905_TOTA,002310,PSC-CP,PARTIT DELS SOCIALISTES DE CATALUNYA - CANDIDATURA DE PROGRÉS,03041905.DAT
Municipales,2019,05,04201905_TOTA,006945,ERC  -  AM,Esquerra Republicana de Catalunya - Acord Municipal,03041905.DAT
Municipales,2019,05,04201905_TOTA,004117,ERC-GIR-AM,ESQUERRA REPUBLICANA DE CATALUNYA-GRUP INDEPENDENT DE RIELLS I VIABREA-ACORD MUNICIPAL,03041905.DAT
Municipales,2019,05,04201905_TOTA,007422,ERC - AM,ESQUERRA REPUBLICANA DE CATALUNYA -  ACORD MUNICIPAL,03041905.DAT
Municipales,2019,05,04201905_TOTA,004866,JxCat - JUNTS,JUNTS PER CATALUNYA,03041905.DAT
Municipales,2019,05,04201905_TOTA,002636,PSC-CP,PARTIT DELS SOCIALISTES DE CATALUNYA -CANDIDATURA DE PROGRES,03041905.DAT
Municipales,2019,05,04201905_TOTA,003434,ERC-MES-AM,ESQUERRA REPUBLICANA DE CATALUNYA-MOVIMENT D'ESQUERRES-ACORD MUNICIPAL,03041905.DAT
Municipales,2019,05,04201905_TOTA,005626,JxCAT-JUNTS,JUNTS PER CATALUNYA-SANT FELIU DE GUÍXOLS,03041905.DAT
Municipales,2019,05,04201905_TOTA,006393,PSC-CP,PARTIT DELS SOCIALISTES DE CATALUNYA - CANDIDATURA DE PROGRES,03041905.DAT
Municipales,2019,05,04201905_TOTA,001449,GBeC - ERC - Avancem - MES - AM,GUANYEM BADALONA EN COMÚ - ESQUERRA REPUBLICANA DE CATALUNYA- AVANCEM- MES- ACORD MUNICIPAL,03041905.DAT
Municipales,2019,05,04201905_TOTA,001525,PRIMÀRIES,CANOVELLES PER LA INDEPENDÈNCIA-PRIMÀRIES CATALUNYA,03041905.DAT
Municipales,2019,05,04201905_TOTA,007424,C-ERC - AM,Camprodon-Esquerra Republicana de Catalunya - Acord Municipal,03041905.DAT
Municipales,2019,05,04201905_TOTA,006591,PV - VILLAR DE RENA,PLATAFORMA VECINAL. P.V.,03041905.DAT
Municipales,2019,05,04201905_TOTA,007050,ERC-FM-AM,ESQUERRA REPUBLICANA DE CATALUNYA-FEM MUNICIPI ? ACORD MUNICIPAL,03041905.DAT
Municipales,2019,05,04201905_TOTA,003457,JxCAT-JUNTS,JUNTS PER CATALUNYA-ELS PALLARESOS,03041905.DAT
Municipales,2019,05,04201905_TOTA,007426,ERC- AM,ESQUERRA REPUBLICANA DE CATALUNYA - ACORD MUNICIPAL,03041905.DAT
Municipales,2019,05,04201905_TOTA,003588,PRIMÀRIES ARENYS DE MAR-PRIMÀRIES CATALUNYA,PRIMÀRIES ARENYS DE MAR-PRIMÀRIES CATALUNYA,03041905.DAT
Municipales,2019,05,04201905_TOTA,001780,ERC -JxSF-AM,ESQUERRA REPUBLICANA DE CATALUNYA-JUNTS PER SANT FOST-ACORD MUNICIPAL,03041905.DAT
Municipales,2019,05,04201905_TOTA,003505,ERC - AM,ESQUERRA REPUBLICANA DE CATALUNYA- ACORD MUNICIPAL,03041905.DAT
Municipales,2019,05,04201905_TOTA,005398,TSF-ERC-AM,ESQUERRA REPUBLICANA DE CATALUNYA,03041905.DAT
Municipales,2019,05,04201905_TOTA,004908,PSC-CP,PARTIT DELS SOCIALISTES DE CATALUNYA-CANDIDATURA DE PROGRÉS,03041905.DAT
Municipales,2019,05,04201905_TOTA,001790,JxCat - JUNTS,JUNTS PER CATALUNYA - BALENYÀ - ELS HOSTALETS,03041905.DAT
Municipales,2019,05,04201905_TOTA,001333,PSC-MAPM-CP,PARTIT DELS SOCIALISTES DE CATALUNYA-MÉS ACCIÓ PER MARTORELLES-CANDIDATURA DE PROGRÉS,03041905.DAT
Municipales,2019,05,04201905_TOTA,002748,PRIMÀRIES,GELIDA PER LA REPUBLICA - PRIMARIES CATALUNYA,03041905.DAT
Municipales,2019,05,04201905_TOTA,002688,CANIT-IDC,CANET I TU-INDEPENDENTS DE CATALUNYA,03041905.DAT
Municipales,2019,05,04201905_TOTA,002820,COL·LABOREM-ERC-AM,COL·LABOREM-ESQUERRA REPUBLICANA DE CATALUNYA-ACORD MUNICIPAL,03041905.DAT
Municipales,2019,05,04201905_TOTA,001461,PRIMÀRIES,GRANOLLERS PER LA INDENPENDÈNCIA-PRIMÀRIES CATALUNYA,03041905.DAT
Municipales,2019,05,04201905_TOTA,002235,PSC-CP,PARTIT DELS SOCIALISTES DE CATALUNYA - CANDIDATURA PROGRÉS,03041905.DAT
Municipales,2019,05,04201905_TOTA,003686,JxCAT-JUNTS,JUNTS PER CATALUNYA - SANT JOAN LES FONTS,03041905.DAT
Municipales,2019,05,04201905_TOTA,004893,JxCat,JUNTS PER CATALUNYA - TIANA,03041905.DAT
Municipales,2019,05,04201905_TOTA,003668,ERC-+B-AM,ESQUERRA REPUBLICANA DE CATALUNYA - + BESALÚ - ACORD MUNICIPAL,03041905.DAT
Municipales,2019,05,04201905_TOTA,002789,PRIMÀRIES,ENDAVANT TORÀ - PRIMÀRIES CATALUNYA,03041905.DAT
Municipales,2019,05,04201905_TOTA,003891,ERC-AM,ESQUERRA REPUBLICANA DE CATALUNYA-ACORD MUNICIPAL,03041905.DAT
Municipales,2019,05,04201905_TOTA,003544,PSC-MpSC-CP,PARTIT DELS SOCIALISTES DE CATALUNYA-MILLOR PER SANT CUGAT-CANDIDATURA,03041905.DAT
Municipales,2019,05,04201905_TOTA,006882,JUNTS,JUNTS PER CATALUNYA,03041905.DAT
Municipales,2019,05,04201905_TOTA,003106,PSC-CP,30-PARTIT DELS SOCIALISTES DE CATALUNYA-CANDIDATURA DE PROGRÉS,03041905.DAT
Municipales,2019,05,04201905_TOTA,005831,JxCAT-JUNTS,JUNTS PER CATALUNYA-LES PRESES,03041905.DAT
Municipales,2019,05,04201905_TOTA,003163,PRIMÀRIES,ENTESA PER RASQUERA - PRIMÀRIES CATALUNYA,03041905.DAT
Municipales,2019,05,04201905_TOTA,005876,ERC-ARA-AM,ESQUERRA REPUBLICANA DE CATALUNYA-ARA-ACORD MUNICIPAL,03041905.DAT
Municipales,2019,05,04201905_TOTA,005792,JxCat - JUNTS,JUNTS PER CATALUNYA,03041905.DAT
Municipales,2019,05,04201905_TOTA,001672,ERC - AM - AM,ESQUERRA REPUBLICANA DE CATALUNYA-ACORD PEL MASNOU-ACORD MUNICIPAL,03041905.DAT
Municipales,2019,05,04201905_TOTA,002753,ERC-AM,8-ESQUERRA REPUBLICANA DE CATALUNYA-ACORD MUNICIPAL,03041905.DAT
Municipales,2019,05,04201905_TOTA,005246,ERC - AM,ESQUERRA REPUBLICANA DE CATALUNYA- ACORD MUNICIPAL,03041905.DAT
Municipales,2019,05,04201905_TOTA,005277,JxCAT-JUNTS,JUNTS PER CATALUNYA A BARBERÀ DEL VALLÈS,03041905.DAT
Municipales,2019,05,04201905_TOTA,002059,ERC - AM,ESQUERRA REPUBLICANA DE CATALUNYA-ACORD MUNICIPAL,03041905.DAT
Municipales,2019,05,04201905_TOTA,002864,JxCAT-JUNTS,TOT PER CALDERS - JUNTS PER CATALUNYA,03041905.DAT
Municipales,2019,05,04201905_TOTA,007468,JxCAT-JUNTS,JUNTS PER CATALUNYA - MANLLEU,03041905.DAT
Municipales,2019,05,04201905_TOTA,006437,ERC -AM,ESQUERRA REPUBLICANA DE CATALUNYA-ACORD MUNICIPAL (ERC-AM),03041905.DAT
Municipales,2019,05,04201905_TOTA,006305,JxCAT-JUNTS,JUNTS PER CATALUNYA-SALOMÓ,03041905.DAT
Municipales,2019,05,04201905_TOTA,004291,JxCAT-JUNTS,JUNTS PER CATALUNYA-CERVELLO,03041905.DAT
Municipales,2019,05,04201905_TOTA,006619,UNIC-FIC,UNIÓ D'INDEPENDENTS PER LA CONCA - FEDERACIÓ D'INDEPENDENTS DE CATALUNYA,03041905.DAT
Municipales,2019,05,04201905_TOTA,003211,ERC-AM,17-ESQUERRA REPUBLICANA DE CATALUNYA-ACORD MUNICIPAL,03041905.DAT
Municipales,2019,05,04201905_TOTA,004317,JxCAT-JUNTS,JUNTS PER CATALUNYA-BESALÚ,03041905.DAT
Municipales,2019,05,04201905_TOTA,003101,IpM - ERC-AM,INDEPENDENTS PER MUNTANYOLA-ESQUERRA REPUBLICANA DE CATALUNYA - ACORD MUNICIPAL,03041905.DAT
Municipales,2019,05,04201905_TOTA,001470,PCPC,PARTIT COMUNISTA DEL POBLE DE CATALUNYA,03041905.DAT
Municipales,2019,05,04201905_TOTA,001840,PSC- CP,PARTIT DELS SOCIALISTES DE CATALUNYA - CANDIDATURA DE PROGRÈS,03041905.DAT
Municipales,2019,05,04201905_TOTA,006614,EF-FIC,ENTESA PER FIGUEROLA - FEDERACIÓ D'INDEPENDENTS DE CATALUNYA,03041905.DAT
Municipales,2019,05,04201905_TOTA,003914,PSC-CP,PARTIT DELS SOCIALISTES DE CATALUNYA-CANDIDATURA DE PROGRÉS,03041905.DAT
Municipales,2019,05,04201905_TOTA,004700,JxCAT-JUNTS,JUNTS PER CATALUNYA - TEIÀ,03041905.DAT
Municipales,2019,05,04201905_TOTA,003441,PRIMÀRIES,TERRASSA PER LA REPÚBLICA - PRIMÀRIES CATALUNYA,03041905.DAT
Municipales,2019,05,04201905_TOTA,002290,JPMM - JUNTS,JUNTS PER CATALUNYA - MONTORNÉS I MAS DE BONDIA,03041905.DAT
Municipales,2019,05,04201905_TOTA,001268,ERC-AM,Esquerra Republicana de Catalunya - Acord Municipal,03041905.DAT
Municipales,2019,05,04201905_TOTA,004929,SOM-BND,SOMOS BENIDORM plataforma vecinal,03041905.DAT
Municipales,2019,05,04201905_TOTA,001702,ERC - MES - AM,ESQUERRA REPUBLICANA DE CATALUNYA - MOVIMENT D'ESQUERRES - ACORD MUNICIPAL,03041905.DAT
Municipales,2019,05,04201905_TOTA,006772,ERC-AM,ESQUERRA REPUBLICANA DE CATALUNYA ? ACORD MUNICIPAL,03041905.DAT
Municipales,2019,05,04201905_TOTA,002418,ERC- AM,Esquerra Republicana de Catalunya - Acord Municipal,03041905.DAT
Municipales,2019,05,04201905_TOTA,002285,PSC - CP,PARTIT DELS SOCIALISTES DE CATALUNYA-CANDIDATURA DEL PROGRÈS,03041905.DAT
Municipales,2019,05,04201905_TOTA,002188,ERC-AM,Esquerra Republicana de Catalunya - Acord Municipal,03041905.DAT
Municipales,2019,05,04201905_TOTA,002547,ERC-AM,7-ESQUERRA REPUBLICANA DE CATALUNYA-ACORD MUNICIPAL,03041905.DAT
Municipales,2019,05,04201905_TOTA,002984,PSC,PARTIT DELS SOCIALISTES DE CATALUNYA (PSC-PSOE) - CANDIDATURA DE PROGRÉS,03041905.DAT
Municipales,2019,05,04201905_TOTA,003825,JxCAT-JUNTS,JUNTS PER CATALUNYA - LES PLANES D ´HOSTOLES,03041905.DAT
Municipales,2019,05,04201905_TOTA,004041,PSC-CP,PARTIT DELS SOCIALISTES DE CATALUNYA - CANDIDATURA DE POGRÉS,03041905.DAT
Municipales,2019,05,04201905_TOTA,005243,PSC-CP,PARTIT DELS SOCIALISTES DE CATALUNYA (PSC-PSOE),03041905.DAT
Municipales,2019,05,04201905_TOTA,006617,UPS-FIC,UNITS PER SARRAL - FEDERACIÓ D'INDEPENDENTS DE CATALUNYA (FIC),03041905.DAT
Municipales,2019,05,04201905_TOTA,005865,JxCat - JUNTS,JUNTS PER CATALUNYA-RIPOLLET,03041905.DAT
Municipales,2019,05,04201905_TOTA,006618,CSC-FIC,COMPROMIS PER SANTA COLOMA - FEDERACIÓ D'INDEPENDENTS DE CATALUNYA,03041905.DAT
Municipales,2019,05,04201905_TOTA,001404,ERC-MES-AM,ESQUERRA REPUBLICANA DE CATALUNYA-MOVIMENT D'ESQUERRES-ACORD MUNICIPAL,03041905.DAT
Municipales,2019,05,04201905_TOTA,002488,PRIMÀRIES,CENTELLES PER LA REPÚBLICA - PRIMÀRIES CATALUNYA,03041905.DAT
Municipales,2019,05,04201905_TOTA,003472,JxCAT-JUNTS,JUNTS PER CATALUNYA- SANT JUST DESVERN ALCALDIA REPUBLICANA,03041905.DAT
Municipales,2019,05,04201905_TOTA,004082,PSC - CP,PARTIT DELS SOCIALISTES DE CATALUNYA  - CANDIDATURA DE PROGRÉS,03041905.DAT
Municipales,2019,05,04201905_TOTA,006436,ERC - AM,ESQUERRA REPUBLICANA DE CATALUNYA-ACORD MUNICIPAL (ERC-AM),03041905.DAT
Municipales,2019,05,04201905_TOTA,003669,ERC-AM,Esquerra Republicana de Catalunya - Acord Municipal,03041905.DAT
Municipales,2019,05,04201905_TOTA,006330,PSC-CP,PARTIT DELS SOCIALISTES DE CATALUNYA-CANDIDATURA DE PROGRÉS,03041905.DAT
Municipales,2019,05,04201905_TOTA,004567,EN MARXA-JXCAT-JUNTS,EN MARXA-JUNTS PER CATALUNYA,03041905.DAT
Municipales,2019,05,04201905_TOTA,004925,ERC / AM,ESQUERRA REPUBLICANA DE CATALUNYA-ACORD MUNICIPAL,03041905.DAT
Municipales,2019,05,04201905_TOTA,003568,JxCAT-JUNTS,JUNTS PER CATALUNYA-SANT MARTÍ D'ALBARS,03041905.DAT
Municipales,2019,05,04201905_TOTA,002292,PSC-SVH en + - CP,PARTIT DELS SOCIALISTES DE CATALUNYA - SANT VICENÇ EN POSITIU - CANDIDATURA DEL PROGRÉS,03041905.DAT
Municipales,2019,05,04201905_TOTA,001758,ERC-AM,ARA PARETS ESQUERRA REPUBLICANA DE CATALUNYA-ACORD MUNICIPAL,03041905.DAT
Municipales,2019,05,04201905_TOTA,005362,JxCAT-JUNTS,JUNTS PER CATALUNYA SANT CELONI I LA BATLLÒRIA,03041905.DAT
Municipales,2019,05,04201905_TOTA,004201,IA - FIC,INDEPENDENTS ASCÓ (IA) - FEDERACIO D'INDEPENDENTS DE CATALUNYA (FIC),03041905.DAT
Municipales,2019,05,04201905_TOTA,001736,ERC -ACORD- AM,ESQUERRA REPUBLICANA DE CATALUNYA-ACORD  INDEPENDENTISTA PER LA GARRIGA -ACORD MUNICIPAL,03041905.DAT
Municipales,2019,05,04201905_TOTA,008005,IDC,INDEPENDENTS DE CATALUNYA (Barcelona),03041905.DAT
Municipales,2019,05,04201905_TOTA,002797,JxCAT-JUNTS,JUNTS PER CATALUNYA ULLASTRELL,03041905.DAT
Municipales,2019,05,04201905_TOTA,002348,FP - ERC - AM,FEM POBLE- ESQUERRA REPUBLICANA DE CATALUNYA - ACORD MUNICIPAL,03041905.DAT
Municipales,2019,05,04201905_TOTA,001454,ERC + BCN - NOVA - AM,ESQUERRA REPUBLICANA DE CATALUNYA - ERNEST MARAGALL ALCALDE + BCN - NOVA - ACORD MUNICIPAL,03041905.DAT
Municipales,2019,05,04201905_TOTA,001880,ERC - GxVdM - AM,ESQUERRA REPUBLICANA DE CATALUNYA-GENT PER VILASSAR DE MAR-ACORD MUNICIPAL,03041905.DAT
Municipales,2019,05,04201905_TOTA,006903,ERC? AM,ESQUERRA REPUBLICANA DE CATALUNYA ? ACORD MUNICIPAL,03041905.DAT
Municipales,2019,05,04201905_TOTA,006885,PSC-CP,PARTIT DELS SOCIALISTES DE CATALUNYA ? CANDIDATURA DE PROGRÉS,03041905.DAT
Municipales,2019,05,04201905_TOTA,006993,JLL-ERC-AM,JUNTAS  PER  LA LLACUNA -ESQUERRA REPUBLICANA DE CATALUNYA -ACORD MUNICIPAL,03041905.DAT
Municipales,2019,05,04201905_TOTA,001289,OLÓ SOM TOTS-ERC-AM,OLÓ SOM TOTS-ESQUERRA REPUBLICANA DE CATALUNYA-ACORD MUNICIPAL,03041905.DAT
Municipales,2019,05,04201905_TOTA,005071,PSC-JpS-CP,PARTIT DEL SOCIALISTES DE CATALUNYA-JUNTS PER LA SELVA-CANDIDATURA DE PROGRÉS,03041905.DAT
Municipales,2019,05,04201905_TOTA,006768,JXAIGUAVIVA-IDC,JUNTS PER AIGUAVIVA - INDEPENDENTS DE CATALUNYA,03041905.DAT
Municipales,2019,05,04201905_TOTA,002959,AP-PSC-CP,ALELLA PRIMER-PARTIT DELS SOCIALISTES DE CATALUNYA-CANDIDATURA DE PROGRÈS,03041905.DAT
Municipales,2019,05,04201905_TOTA,005625,PSC - CP,PARTIT DELS SOCIALISTES DE CATALUNYA - CANDIDATURA DE PROGRÉS,03041905.DAT
Municipales,2019,05,04201905_TOTA,002869,ERC-AM,14-ESQUERRA REPUBLICANA DE CATALUNYA-ACORD MUNICIPAL,03041905.DAT
Municipales,2019,05,04201905_TOTA,007416,ERC ? AM,ESQUERRA REPUBLICANA DE CATALUNYA ? ACORD MUNICIPAL,03041905.DAT
Municipales,2019,05,04201905_TOTA,005810,JxCat - JUNTS,SEMPRE PER BEGUR I ESCLANYA - JUNTS PER CATALUNYA,03041905.DAT
Municipales,2019,05,04201905_TOTA,001698,PSC-CP,PARTIT DELS SOCIALISTES DE CATALUNYA -CANDIDATURA DE PROGRÉS,03041905.DAT
Municipales,2019,05,04201905_TOTA,002739,PSC-CP,23-PARTIT DELS SOCIALISTES DE CATALUNYA-CANDIDATURA DE PROGRÉS,03041905.DAT
Municipales,2019,05,04201905_TOTA,002808,ERC-AM,10-ESQUERRA REPUBLICANA DE CATALUNYA-ACORD MUNICIPAL,03041905.DAT
Municipales,2019,05,04201905_TOTA,004821,PSC-CP,PARTIT DELS SOCIALISTES DE CATALUNYA-CANDIDATURA DE PROGRÈS,03041905.DAT
Municipales,2019,05,04201905_TOTA,005172,JUNTS,JUNTS PER CATALUNYA-SANT CEBRIÀ,03041905.DAT
Municipales,2019,05,04201905_TOTA,002655,SOM DE CASTELLAR-PSC-CP,SOM DE CASTELLAR-PARTIT DELS SOCIALISTES DE CATALUNYA-CANDIDATURA DE PROGRÉS,03041905.DAT
Municipales,2019,05,04201905_TOTA,006965,FU-ERC-AM,FLAÇÀ VIU-ESQUERRA REPUBLICANA DE CATALUNYA-ACORD MUNICIPAL,03041905.DAT
Municipales,2019,05,04201905_TOTA,001663,ERC - AM,ESQUERRA  REPUBLICANA DE  CATALUNYA ACORD - ACORD MUNICPAL,03041905.DAT
Municipales,2019,05,04201905_TOTA,001024,IXT-ERC-AM,INDEPENDENTS PER TARROJA-ESQUERRA REPUBLICANA DE CATALUNYA-ACORD MUNICIPAL,03041905.DAT
Municipales,2019,05,04201905_TOTA,001772,ERC-AC,ESQUERRA REPUBLICANA DE CATALUNYA-ACORD MUNICIPAL,03041905.DAT
Municipales,2019,05,04201905_TOTA,001220,PAÑ,PLATAFORMA Ñ,03041905.DAT
Municipales,2019,05,04201905_TOTA,002895,ERC - JpT - AM,ESQUERRA REPUBLICANA DE CATALUNYA-JUNTS PER TORELLÓ-ACORD MUNICIPAL,03041905.DAT
Municipales,2019,05,04201905_TOTA,001503,P.C.P.B.,PLATAFORMA CIUTADANA PER BARBERA,03041905.DAT
Municipales,2019,05,04201905_TOTA,006615,EV-FIC,ESQUERRA DE VILABELLA - FEDERACIÓ D'INDEPENDENTS DE CATALUNYA,03041905.DAT
Municipales,2019,05,04201905_TOTA,005774,JxCat - JUNTS,JUNTS PER CATALUNYA - FOIXÀ LA SALA I SANT LLORENÇ D'ARENES,03041905.DAT
Municipales,2019,05,04201905_TOTA,002281,GPC-FIC,GENT PEL CANVI -FEDERACIÓ D'INDEPENDENTS DE CATALUNYA,03041905.DAT
Municipales,2019,05,04201905_TOTA,006876,GENT de L?Escala-IDC,GENT DE L?ESCALA-INDEPENDENTS DE CATALUNYA,03041905.DAT
Municipales,2019,05,04201905_TOTA,001487,AeP - ERC - AM,L'ALDEA EN POSITIU - ESQUERRA REPUBLICANA DE CATALUNYA - ACORD MUNICIPAL,03041905.DAT
Municipales,2019,05,04201905_TOTA,005073,PSC-CP,PARTIT DELS SOCIALISTES DE CATALUNYA -CANDIDATURA DE PROGRÉS,03041905.DAT
Municipales,2019,05,04201905_TOTA,006771,JUNTS,JUNTS PER CATALUNYA,03041905.DAT
Municipales,2019,05,04201905_TOTA,001894,P.I.N.,PLATAFORMA INDEPENDIENTE POR LOS NAVALUCILLOS,03041905.DAT
Municipales,2019,05,04201905_TOTA,004870,UA-PSC-CP,UNITAT D'ARAN-PARTIT DELS SOCIALISTES DE CATALUNYA-CANDIDATURA DE PROGRÉS,03041905.DAT
Municipales,2019,05,04201905_TOTA,002584,SOM MEDIONA-ERC-AM,4-SOM MEDIONA-ESQUERRA REPUBLICANA DE CATALUNYA-ACORD MUNICIPAL,03041905.DAT
Cabildos,1987,06,06198706_MESA,000038,PH,PLATAFORMA HUMANISTA,03068706.DAT
Cabildos,1987,06,06198706_MUNI,000038,PH,PLATAFORMA HUMANISTA,03068706.DAT
Cabildos,1987,06,06198706_TOTA,000038,PH,PLATAFORMA HUMANISTA,03068706.DAT
Cabildos,1991,05,06199105_MESA,000115,P.I.,PLATAFORMA DE IZQUIERDAS.,03069105.DAT
Cabildos,1991,05,06199105_MESA,000132,EKA,PARTIDO CARLISTA.,03069105.DAT
Cabildos,1991,05,06199105_MUNI,000115,P.I.,PLATAFORMA DE IZQUIERDAS.,03069105.DAT
Cabildos,1991,05,06199105_MUNI,000132,EKA,PARTIDO CARLISTA.,03069105.DAT
Cabildos,1991,05,06199105_TOTA,000115,P.I.,PLATAFORMA DE IZQUIERDAS.,03069105.DAT
Cabildos,1991,05,06199105_TOTA,000132,EKA,PARTIDO CARLISTA.,03069105.DAT
Cabildos,1995,05,06199505_MESA,000013,PCN,PLATAFORMA CANARIA NACIONALISTA,03069505.DAT
Cabildos,1995,05,06199505_MESA,000029,EKA,PARTIDO CARLISTA,03069505.DAT
Cabildos,1995,05,06199505_MESA,000036,PIE,PLATAFORMA DE LOS INDEPENDIENTES DE ESPAÑA,03069505.DAT
Cabildos,1995,05,06199505_MESA,000082,PH,PLATAFORMA HUMANISTA,03069505.DAT
Cabildos,1995,05,06199505_MUNI,000013,PCN,PLATAFORMA CANARIA NACIONALISTA,03069505.DAT
Cabildos,1995,05,06199505_MUNI,000029,EKA,PARTIDO CARLISTA,03069505.DAT
Cabildos,1995,05,06199505_MUNI,000036,PIE,PLATAFORMA DE LOS INDEPENDIENTES DE ESPAÑA,03069505.DAT
Cabildos,1995,05,06199505_MUNI,000082,PH,PLATAFORMA HUMANISTA,03069505.DAT
Cabildos,1995,05,06199505_TOTA,000013,PCN,PLATAFORMA CANARIA NACIONALISTA,03069505.DAT
Cabildos,1995,05,06199505_TOTA,000029,EKA,PARTIDO CARLISTA,03069505.DAT
Cabildos,1995,05,06199505_TOTA,000036,PIE,PLATAFORMA DE LOS INDEPENDIENTES DE ESPAÑA,03069505.DAT
Cabildos,1995,05,06199505_TOTA,000082,PH,PLATAFORMA HUMANISTA,03069505.DAT
Cabildos,1999,06,06199906_MESA,000095,EPPP,EMAKUMEEN PLATAFORMA POLITIKOA-PLAZANDREOK,03069906.DAT
Cabildos,1999,06,06199906_MESA,001162,PPF,PLATAFORMA POPULAR DE FUERTEVENTURA,03069906.DAT
Cabildos,1999,06,06199906_MUNI,000095,EPPP,EMAKUMEEN PLATAFORMA POLITIKOA-PLAZANDREOK,03069906.DAT
Cabildos,1999,06,06199906_MUNI,001162,PPF,PLATAFORMA POPULAR DE FUERTEVENTURA,03069906.DAT
Cabildos,1999,06,06199906_TOTA,000095,EPPP,EMAKUMEEN PLATAFORMA POLITIKOA-PLAZANDREOK,03069906.DAT
Cabildos,1999,06,06199906_TOTA,001162,PPF,PLATAFORMA POPULAR DE FUERTEVENTURA,03069906.DAT
Cabildos,2003,05,06200305_MESA,000060,E.K.A.-P.C.,PARTIDO CARLISTA DE EUSKAL HERRIA,03060305.DAT
Cabildos,2003,05,06200305_MUNI,000060,E.K.A.-P.C.,PARTIDO CARLISTA DE EUSKAL HERRIA,03060305.DAT
Cabildos,2003,05,06200305_TOTA,000060,E.K.A.-P.C.,PARTIDO CARLISTA DE EUSKAL HERRIA,03060305.DAT
